trip_id,arrival_time,departure_time,stop_id,stop_sequence,pickup_type,drop_off_type
1288551,04:58:00,04:58:00,7066,1,0,1
1288551,05:00:00,05:00:00,7067,2,0,0
1288551,05:01:00,05:01:00,7068,3,0,0
1288551,05:05:00,05:05:00,7069,4,0,0
1288551,05:09:00,05:09:00,7070,5,0,0
1288551,05:10:00,05:10:00,7071,6,0,0
1288551,05:11:00,05:11:00,7072,7,0,0
1288551,05:14:00,05:14:00,7073,8,0,0
1288551,05:16:00,05:16:00,7074,9,0,0
1288551,05:18:00,05:18:00,7075,10,0,0
1288551,05:21:00,05:21:00,7076,11,0,0
1288551,05:22:00,05:22:00,7077,12,0,0
1288551,05:24:00,05:24:00,7078,13,0,0
1288551,05:26:00,05:26:00,7079,14,0,0
1288551,05:29:00,05:29:00,7080,15,0,0
1288551,05:30:00,05:30:00,7081,16,0,0
1288551,05:32:00,05:32:00,7032,17,0,0
1288551,05:33:00,05:33:00,7033,18,0,0
1288551,05:35:00,05:35:00,7034,19,0,0
1288551,05:39:00,05:39:00,7036,20,0,0
1288551,05:40:00,05:40:00,7091,21,0,0
1288551,05:41:00,05:41:00,7095,22,0,0
1288551,05:44:00,05:44:00,7092,23,1,0
1288552,05:28:00,05:28:00,7066,1,0,1
1288552,05:30:00,05:30:00,7067,2,0,0
1288552,05:31:00,05:31:00,7068,3,0,0
1288552,05:35:00,05:35:00,7069,4,0,0
1288552,05:39:00,05:39:00,7070,5,0,0
1288552,05:40:00,05:40:00,7071,6,0,0
1288552,05:41:00,05:41:00,7072,7,0,0
1288552,05:44:00,05:44:00,7073,8,0,0
1288552,05:46:00,05:46:00,7074,9,0,0
1288552,05:48:00,05:48:00,7075,10,0,0
1288552,05:51:00,05:51:00,7076,11,0,0
1288552,05:52:00,05:52:00,7077,12,0,0
1288552,05:54:00,05:54:00,7078,13,0,0
1288552,05:56:00,05:56:00,7079,14,0,0
1288552,05:59:00,05:59:00,7080,15,0,0
1288552,06:00:00,06:00:00,7081,16,0,0
1288552,06:02:00,06:02:00,7032,17,0,0
1288552,06:03:00,06:03:00,7033,18,0,0
1288552,06:05:00,06:05:00,7034,19,0,0
1288552,06:09:00,06:09:00,7036,20,0,0
1288552,06:10:00,06:10:00,7091,21,0,0
1288552,06:11:00,06:11:00,7095,22,0,0
1288552,06:14:00,06:14:00,7092,23,1,0
1288553,05:58:00,05:58:00,7066,1,0,1
1288553,06:00:00,06:00:00,7067,2,0,0
1288553,06:01:00,06:01:00,7068,3,0,0
1288553,06:05:00,06:05:00,7069,4,0,0
1288553,06:09:00,06:09:00,7070,5,0,0
1288553,06:10:00,06:10:00,7071,6,0,0
1288553,06:11:00,06:11:00,7072,7,0,0
1288553,06:14:00,06:14:00,7073,8,0,0
1288553,06:16:00,06:16:00,7074,9,0,0
1288553,06:18:00,06:18:00,7075,10,0,0
1288553,06:21:00,06:21:00,7076,11,0,0
1288553,06:22:00,06:22:00,7077,12,0,0
1288553,06:24:00,06:24:00,7078,13,0,0
1288553,06:26:00,06:26:00,7079,14,0,0
1288553,06:29:00,06:29:00,7080,15,0,0
1288553,06:30:00,06:30:00,7081,16,0,0
1288553,06:32:00,06:32:00,7032,17,0,0
1288553,06:33:00,06:33:00,7033,18,0,0
1288553,06:35:00,06:35:00,7034,19,0,0
1288553,06:39:00,06:39:00,7036,20,0,0
1288553,06:40:00,06:40:00,7091,21,0,0
1288553,06:41:00,06:41:00,7095,22,0,0
1288553,06:44:00,06:44:00,7092,23,1,0
1288554,04:59:00,04:59:00,7086,1,0,1
1288554,05:02:00,05:02:00,7087,2,0,0
1288554,05:04:00,05:04:00,7088,3,0,0
1288554,05:07:00,05:07:00,7089,4,0,0
1288554,05:13:00,05:13:00,7066,5,0,0
1288554,05:15:00,05:15:00,7067,6,0,0
1288554,05:16:00,05:16:00,7068,7,0,0
1288554,05:20:00,05:20:00,7069,8,0,0
1288554,05:24:00,05:24:00,7070,9,0,0
1288554,05:25:00,05:25:00,7071,10,0,0
1288554,05:26:00,05:26:00,7072,11,0,0
1288554,05:29:00,05:29:00,7073,12,0,0
1288554,05:31:00,05:31:00,7074,13,0,0
1288554,05:33:00,05:33:00,7075,14,0,0
1288554,05:36:00,05:36:00,7076,15,0,0
1288554,05:37:00,05:37:00,7077,16,0,0
1288554,05:39:00,05:39:00,7078,17,0,0
1288554,05:41:00,05:41:00,7079,18,0,0
1288554,05:44:00,05:44:00,7080,19,0,0
1288554,05:45:00,05:45:00,7081,20,0,0
1288554,05:47:00,05:47:00,7032,21,0,0
1288554,05:48:00,05:48:00,7033,22,0,0
1288554,05:50:00,05:50:00,7034,23,0,0
1288554,05:54:00,05:54:00,7036,24,0,0
1288554,05:55:00,05:55:00,7091,25,0,0
1288554,05:56:00,05:56:00,7095,26,0,0
1288554,05:59:00,05:59:00,7092,27,1,0
1288555,05:29:00,05:29:00,7086,1,0,1
1288555,05:32:00,05:32:00,7087,2,0,0
1288555,05:34:00,05:34:00,7088,3,0,0
1288555,05:37:00,05:37:00,7089,4,0,0
1288555,05:43:00,05:43:00,7066,5,0,0
1288555,05:45:00,05:45:00,7067,6,0,0
1288555,05:46:00,05:46:00,7068,7,0,0
1288555,05:50:00,05:50:00,7069,8,0,0
1288555,05:54:00,05:54:00,7070,9,0,0
1288555,05:55:00,05:55:00,7071,10,0,0
1288555,05:56:00,05:56:00,7072,11,0,0
1288555,05:59:00,05:59:00,7073,12,0,0
1288555,06:01:00,06:01:00,7074,13,0,0
1288555,06:03:00,06:03:00,7075,14,0,0
1288555,06:06:00,06:06:00,7076,15,0,0
1288555,06:07:00,06:07:00,7077,16,0,0
1288555,06:09:00,06:09:00,7078,17,0,0
1288555,06:11:00,06:11:00,7079,18,0,0
1288555,06:14:00,06:14:00,7080,19,0,0
1288555,06:15:00,06:15:00,7081,20,0,0
1288555,06:17:00,06:17:00,7032,21,0,0
1288555,06:18:00,06:18:00,7033,22,0,0
1288555,06:20:00,06:20:00,7034,23,0,0
1288555,06:24:00,06:24:00,7036,24,0,0
1288555,06:25:00,06:25:00,7091,25,0,0
1288555,06:26:00,06:26:00,7095,26,0,0
1288555,06:29:00,06:29:00,7092,27,1,0
1288556,05:59:00,05:59:00,7086,1,0,1
1288556,06:02:00,06:02:00,7087,2,0,0
1288556,06:04:00,06:04:00,7088,3,0,0
1288556,06:07:00,06:07:00,7089,4,0,0
1288556,06:13:00,06:13:00,7066,5,0,0
1288556,06:15:00,06:15:00,7067,6,0,0
1288556,06:16:00,06:16:00,7068,7,0,0
1288556,06:20:00,06:20:00,7069,8,0,0
1288556,06:24:00,06:24:00,7070,9,0,0
1288556,06:25:00,06:25:00,7071,10,0,0
1288556,06:26:00,06:26:00,7072,11,0,0
1288556,06:29:00,06:29:00,7073,12,0,0
1288556,06:31:00,06:31:00,7074,13,0,0
1288556,06:33:00,06:33:00,7075,14,0,0
1288556,06:36:00,06:36:00,7076,15,0,0
1288556,06:37:00,06:37:00,7077,16,0,0
1288556,06:39:00,06:39:00,7078,17,0,0
1288556,06:41:00,06:41:00,7079,18,0,0
1288556,06:44:00,06:44:00,7080,19,0,0
1288556,06:45:00,06:45:00,7081,20,0,0
1288556,06:47:00,06:47:00,7032,21,0,0
1288556,06:48:00,06:48:00,7033,22,0,0
1288556,06:50:00,06:50:00,7034,23,0,0
1288556,06:54:00,06:54:00,7036,24,0,0
1288556,06:55:00,06:55:00,7091,25,0,0
1288556,06:56:00,06:56:00,7095,26,0,0
1288556,06:59:00,06:59:00,7092,27,1,0
1288557,06:14:00,06:14:00,7086,1,0,1
1288557,06:17:00,06:17:00,7087,2,0,0
1288557,06:19:00,06:19:00,7088,3,0,0
1288557,06:22:00,06:22:00,7089,4,0,0
1288557,06:28:00,06:28:00,7066,5,0,0
1288557,06:30:00,06:30:00,7067,6,0,0
1288557,06:31:00,06:31:00,7068,7,0,0
1288557,06:35:00,06:35:00,7069,8,0,0
1288557,06:39:00,06:39:00,7070,9,0,0
1288557,06:40:00,06:40:00,7071,10,0,0
1288557,06:41:00,06:41:00,7072,11,0,0
1288557,06:44:00,06:44:00,7073,12,0,0
1288557,06:46:00,06:46:00,7074,13,0,0
1288557,06:48:00,06:48:00,7075,14,0,0
1288557,06:51:00,06:51:00,7076,15,0,0
1288557,06:52:00,06:52:00,7077,16,0,0
1288557,06:54:00,06:54:00,7078,17,0,0
1288557,06:56:00,06:56:00,7079,18,0,0
1288557,06:59:00,06:59:00,7080,19,0,0
1288557,07:00:00,07:00:00,7081,20,0,0
1288557,07:02:00,07:02:00,7032,21,0,0
1288557,07:03:00,07:03:00,7033,22,0,0
1288557,07:05:00,07:05:00,7034,23,0,0
1288557,07:09:00,07:09:00,7036,24,0,0
1288557,07:10:00,07:10:00,7091,25,0,0
1288557,07:11:00,07:11:00,7095,26,0,0
1288557,07:14:00,07:14:00,7092,27,1,0
1288558,06:29:00,06:29:00,7086,1,0,1
1288558,06:32:00,06:32:00,7087,2,0,0
1288558,06:34:00,06:34:00,7088,3,0,0
1288558,06:37:00,06:37:00,7089,4,0,0
1288558,06:43:00,06:43:00,7066,5,0,0
1288558,06:45:00,06:45:00,7067,6,0,0
1288558,06:46:00,06:46:00,7068,7,0,0
1288558,06:50:00,06:50:00,7069,8,0,0
1288558,06:54:00,06:54:00,7070,9,0,0
1288558,06:55:00,06:55:00,7071,10,0,0
1288558,06:56:00,06:56:00,7072,11,0,0
1288558,06:59:00,06:59:00,7073,12,0,0
1288558,07:01:00,07:01:00,7074,13,0,0
1288558,07:03:00,07:03:00,7075,14,0,0
1288558,07:06:00,07:06:00,7076,15,0,0
1288558,07:07:00,07:07:00,7077,16,0,0
1288558,07:09:00,07:09:00,7078,17,0,0
1288558,07:11:00,07:11:00,7079,18,0,0
1288558,07:14:00,07:14:00,7080,19,0,0
1288558,07:15:00,07:15:00,7081,20,0,0
1288558,07:17:00,07:17:00,7032,21,0,0
1288558,07:18:00,07:18:00,7033,22,0,0
1288558,07:20:00,07:20:00,7034,23,0,0
1288558,07:24:00,07:24:00,7036,24,0,0
1288558,07:25:00,07:25:00,7091,25,0,0
1288558,07:26:00,07:26:00,7095,26,0,0
1288558,07:29:00,07:29:00,7092,27,1,0
1288559,06:58:00,06:58:00,7066,1,0,1
1288559,07:00:00,07:00:00,7067,2,0,0
1288559,07:01:00,07:01:00,7068,3,0,0
1288559,07:05:00,07:05:00,7069,4,0,0
1288559,07:09:00,07:09:00,7070,5,0,0
1288559,07:10:00,07:10:00,7071,6,0,0
1288559,07:11:00,07:11:00,7072,7,0,0
1288559,07:14:00,07:14:00,7073,8,0,0
1288559,07:16:00,07:16:00,7074,9,0,0
1288559,07:18:00,07:18:00,7075,10,0,0
1288559,07:21:00,07:21:00,7076,11,0,0
1288559,07:22:00,07:22:00,7077,12,0,0
1288559,07:24:00,07:24:00,7078,13,0,0
1288559,07:26:00,07:26:00,7079,14,0,0
1288559,07:29:00,07:29:00,7080,15,0,0
1288559,07:30:00,07:30:00,7081,16,0,0
1288559,07:32:00,07:32:00,7032,17,0,0
1288559,07:33:00,07:33:00,7033,18,0,0
1288559,07:35:00,07:35:00,7034,19,0,0
1288559,07:39:00,07:39:00,7036,20,0,0
1288559,07:40:00,07:40:00,7091,21,0,0
1288559,07:41:00,07:41:00,7095,22,0,0
1288559,07:44:00,07:44:00,7092,23,1,0
1288560,06:59:00,06:59:00,7086,1,0,1
1288560,07:02:00,07:02:00,7087,2,0,0
1288560,07:04:00,07:04:00,7088,3,0,0
1288560,07:07:00,07:07:00,7089,4,0,0
1288560,07:13:00,07:13:00,7066,5,0,0
1288560,07:15:00,07:15:00,7067,6,0,0
1288560,07:16:00,07:16:00,7068,7,0,0
1288560,07:20:00,07:20:00,7069,8,0,0
1288560,07:24:00,07:24:00,7070,9,0,0
1288560,07:25:00,07:25:00,7071,10,0,0
1288560,07:26:00,07:26:00,7072,11,0,0
1288560,07:29:00,07:29:00,7073,12,0,0
1288560,07:31:00,07:31:00,7074,13,0,0
1288560,07:33:00,07:33:00,7075,14,0,0
1288560,07:36:00,07:36:00,7076,15,0,0
1288560,07:37:00,07:37:00,7077,16,0,0
1288560,07:39:00,07:39:00,7078,17,0,0
1288560,07:41:00,07:41:00,7079,18,0,0
1288560,07:44:00,07:44:00,7080,19,0,0
1288560,07:45:00,07:45:00,7081,20,0,0
1288560,07:47:00,07:47:00,7032,21,0,0
1288560,07:48:00,07:48:00,7033,22,0,0
1288560,07:50:00,07:50:00,7034,23,0,0
1288560,07:54:00,07:54:00,7036,24,0,0
1288560,07:55:00,07:55:00,7091,25,0,0
1288560,07:56:00,07:56:00,7095,26,0,0
1288560,07:59:00,07:59:00,7092,27,1,0
1288561,07:14:00,07:14:00,7086,1,0,1
1288561,07:17:00,07:17:00,7087,2,0,0
1288561,07:19:00,07:19:00,7088,3,0,0
1288561,07:22:00,07:22:00,7089,4,0,0
1288561,07:28:00,07:28:00,7066,5,0,0
1288561,07:30:00,07:30:00,7067,6,0,0
1288561,07:31:00,07:31:00,7068,7,0,0
1288561,07:35:00,07:35:00,7069,8,0,0
1288561,07:39:00,07:39:00,7070,9,0,0
1288561,07:40:00,07:40:00,7071,10,0,0
1288561,07:41:00,07:41:00,7072,11,0,0
1288561,07:44:00,07:44:00,7073,12,0,0
1288561,07:46:00,07:46:00,7074,13,0,0
1288561,07:48:00,07:48:00,7075,14,0,0
1288561,07:51:00,07:51:00,7076,15,0,0
1288561,07:52:00,07:52:00,7077,16,0,0
1288561,07:54:00,07:54:00,7078,17,0,0
1288561,07:56:00,07:56:00,7079,18,0,0
1288561,07:59:00,07:59:00,7080,19,0,0
1288561,08:00:00,08:00:00,7081,20,0,0
1288561,08:02:00,08:02:00,7032,21,0,0
1288561,08:03:00,08:03:00,7033,22,0,0
1288561,08:05:00,08:05:00,7034,23,0,0
1288561,08:09:00,08:09:00,7036,24,0,0
1288561,08:10:00,08:10:00,7091,25,0,0
1288561,08:11:00,08:11:00,7095,26,0,0
1288561,08:14:00,08:14:00,7092,27,1,0
1288562,07:29:00,07:29:00,7086,1,0,1
1288562,07:32:00,07:32:00,7087,2,0,0
1288562,07:34:00,07:34:00,7088,3,0,0
1288562,07:37:00,07:37:00,7089,4,0,0
1288562,07:43:00,07:43:00,7066,5,0,0
1288562,07:45:00,07:45:00,7067,6,0,0
1288562,07:46:00,07:46:00,7068,7,0,0
1288562,07:50:00,07:50:00,7069,8,0,0
1288562,07:54:00,07:54:00,7070,9,0,0
1288562,07:55:00,07:55:00,7071,10,0,0
1288562,07:56:00,07:56:00,7072,11,0,0
1288562,07:59:00,07:59:00,7073,12,0,0
1288562,08:01:00,08:01:00,7074,13,0,0
1288562,08:03:00,08:03:00,7075,14,0,0
1288562,08:06:00,08:06:00,7076,15,0,0
1288562,08:07:00,08:07:00,7077,16,0,0
1288562,08:09:00,08:09:00,7078,17,0,0
1288562,08:11:00,08:11:00,7079,18,0,0
1288562,08:14:00,08:14:00,7080,19,0,0
1288562,08:15:00,08:15:00,7081,20,0,0
1288562,08:17:00,08:17:00,7032,21,0,0
1288562,08:18:00,08:18:00,7033,22,0,0
1288562,08:20:00,08:20:00,7034,23,0,0
1288562,08:24:00,08:24:00,7036,24,0,0
1288562,08:25:00,08:25:00,7091,25,0,0
1288562,08:26:00,08:26:00,7095,26,0,0
1288562,08:29:00,08:29:00,7092,27,1,0
1288563,07:58:00,07:58:00,7066,1,0,1
1288563,08:00:00,08:00:00,7067,2,0,0
1288563,08:01:00,08:01:00,7068,3,0,0
1288563,08:05:00,08:05:00,7069,4,0,0
1288563,08:09:00,08:09:00,7070,5,0,0
1288563,08:10:00,08:10:00,7071,6,0,0
1288563,08:11:00,08:11:00,7072,7,0,0
1288563,08:14:00,08:14:00,7073,8,0,0
1288563,08:16:00,08:16:00,7074,9,0,0
1288563,08:18:00,08:18:00,7075,10,0,0
1288563,08:21:00,08:21:00,7076,11,0,0
1288563,08:22:00,08:22:00,7077,12,0,0
1288563,08:24:00,08:24:00,7078,13,0,0
1288563,08:26:00,08:26:00,7079,14,0,0
1288563,08:29:00,08:29:00,7080,15,0,0
1288563,08:30:00,08:30:00,7081,16,0,0
1288563,08:32:00,08:32:00,7032,17,0,0
1288563,08:33:00,08:33:00,7033,18,0,0
1288563,08:35:00,08:35:00,7034,19,0,0
1288563,08:39:00,08:39:00,7036,20,0,0
1288563,08:40:00,08:40:00,7091,21,0,0
1288563,08:41:00,08:41:00,7095,22,0,0
1288563,08:44:00,08:44:00,7092,23,1,0
1288564,07:59:00,07:59:00,7086,1,0,1
1288564,08:02:00,08:02:00,7087,2,0,0
1288564,08:04:00,08:04:00,7088,3,0,0
1288564,08:07:00,08:07:00,7089,4,0,0
1288564,08:13:00,08:13:00,7066,5,0,0
1288564,08:15:00,08:15:00,7067,6,0,0
1288564,08:16:00,08:16:00,7068,7,0,0
1288564,08:20:00,08:20:00,7069,8,0,0
1288564,08:24:00,08:24:00,7070,9,0,0
1288564,08:25:00,08:25:00,7071,10,0,0
1288564,08:26:00,08:26:00,7072,11,0,0
1288564,08:29:00,08:29:00,7073,12,0,0
1288564,08:31:00,08:31:00,7074,13,0,0
1288564,08:33:00,08:33:00,7075,14,0,0
1288564,08:36:00,08:36:00,7076,15,0,0
1288564,08:37:00,08:37:00,7077,16,0,0
1288564,08:39:00,08:39:00,7078,17,0,0
1288564,08:41:00,08:41:00,7079,18,0,0
1288564,08:44:00,08:44:00,7080,19,0,0
1288564,08:45:00,08:45:00,7081,20,0,0
1288564,08:47:00,08:47:00,7032,21,0,0
1288564,08:48:00,08:48:00,7033,22,0,0
1288564,08:50:00,08:50:00,7034,23,0,0
1288564,08:54:00,08:54:00,7036,24,0,0
1288564,08:55:00,08:55:00,7091,25,0,0
1288564,08:56:00,08:56:00,7095,26,0,0
1288564,08:59:00,08:59:00,7092,27,1,0
1288565,08:14:00,08:14:00,7086,1,0,1
1288565,08:17:00,08:17:00,7087,2,0,0
1288565,08:19:00,08:19:00,7088,3,0,0
1288565,08:22:00,08:22:00,7089,4,0,0
1288565,08:28:00,08:28:00,7066,5,0,0
1288565,08:30:00,08:30:00,7067,6,0,0
1288565,08:31:00,08:31:00,7068,7,0,0
1288565,08:35:00,08:35:00,7069,8,0,0
1288565,08:39:00,08:39:00,7070,9,0,0
1288565,08:40:00,08:40:00,7071,10,0,0
1288565,08:41:00,08:41:00,7072,11,0,0
1288565,08:44:00,08:44:00,7073,12,0,0
1288565,08:46:00,08:46:00,7074,13,0,0
1288565,08:48:00,08:48:00,7075,14,0,0
1288565,08:51:00,08:51:00,7076,15,0,0
1288565,08:52:00,08:52:00,7077,16,0,0
1288565,08:54:00,08:54:00,7078,17,0,0
1288565,08:56:00,08:56:00,7079,18,0,0
1288565,08:59:00,08:59:00,7080,19,0,0
1288565,09:00:00,09:00:00,7081,20,0,0
1288565,09:02:00,09:02:00,7032,21,0,0
1288565,09:03:00,09:03:00,7033,22,0,0
1288565,09:05:00,09:05:00,7034,23,0,0
1288565,09:09:00,09:09:00,7036,24,0,0
1288565,09:10:00,09:10:00,7091,25,0,0
1288565,09:11:00,09:11:00,7095,26,0,0
1288565,09:14:00,09:14:00,7092,27,1,0
1288566,08:29:00,08:29:00,7086,1,0,1
1288566,08:32:00,08:32:00,7087,2,0,0
1288566,08:34:00,08:34:00,7088,3,0,0
1288566,08:37:00,08:37:00,7089,4,0,0
1288566,08:43:00,08:43:00,7066,5,0,0
1288566,08:45:00,08:45:00,7067,6,0,0
1288566,08:46:00,08:46:00,7068,7,0,0
1288566,08:50:00,08:50:00,7069,8,0,0
1288566,08:54:00,08:54:00,7070,9,0,0
1288566,08:55:00,08:55:00,7071,10,0,0
1288566,08:56:00,08:56:00,7072,11,0,0
1288566,08:59:00,08:59:00,7073,12,0,0
1288566,09:01:00,09:01:00,7074,13,0,0
1288566,09:03:00,09:03:00,7075,14,0,0
1288566,09:06:00,09:06:00,7076,15,0,0
1288566,09:07:00,09:07:00,7077,16,0,0
1288566,09:09:00,09:09:00,7078,17,0,0
1288566,09:11:00,09:11:00,7079,18,0,0
1288566,09:14:00,09:14:00,7080,19,0,0
1288566,09:15:00,09:15:00,7081,20,0,0
1288566,09:17:00,09:17:00,7032,21,0,0
1288566,09:18:00,09:18:00,7033,22,0,0
1288566,09:20:00,09:20:00,7034,23,0,0
1288566,09:24:00,09:24:00,7036,24,0,0
1288566,09:25:00,09:25:00,7091,25,0,0
1288566,09:26:00,09:26:00,7095,26,0,0
1288566,09:29:00,09:29:00,7092,27,1,0
1288567,08:58:00,08:58:00,7066,1,0,1
1288567,09:00:00,09:00:00,7067,2,0,0
1288567,09:01:00,09:01:00,7068,3,0,0
1288567,09:05:00,09:05:00,7069,4,0,0
1288567,09:09:00,09:09:00,7070,5,0,0
1288567,09:10:00,09:10:00,7071,6,0,0
1288567,09:11:00,09:11:00,7072,7,0,0
1288567,09:14:00,09:14:00,7073,8,0,0
1288567,09:16:00,09:16:00,7074,9,0,0
1288567,09:18:00,09:18:00,7075,10,0,0
1288567,09:21:00,09:21:00,7076,11,0,0
1288567,09:22:00,09:22:00,7077,12,0,0
1288567,09:24:00,09:24:00,7078,13,0,0
1288567,09:26:00,09:26:00,7079,14,0,0
1288567,09:29:00,09:29:00,7080,15,0,0
1288567,09:30:00,09:30:00,7081,16,0,0
1288567,09:32:00,09:32:00,7032,17,0,0
1288567,09:33:00,09:33:00,7033,18,0,0
1288567,09:35:00,09:35:00,7034,19,0,0
1288567,09:39:00,09:39:00,7036,20,0,0
1288567,09:40:00,09:40:00,7091,21,0,0
1288567,09:41:00,09:41:00,7095,22,0,0
1288567,09:44:00,09:44:00,7092,23,1,0
1288568,08:59:00,08:59:00,7086,1,0,1
1288568,09:02:00,09:02:00,7087,2,0,0
1288568,09:04:00,09:04:00,7088,3,0,0
1288568,09:07:00,09:07:00,7089,4,0,0
1288568,09:13:00,09:13:00,7066,5,0,0
1288568,09:15:00,09:15:00,7067,6,0,0
1288568,09:16:00,09:16:00,7068,7,0,0
1288568,09:20:00,09:20:00,7069,8,0,0
1288568,09:24:00,09:24:00,7070,9,0,0
1288568,09:25:00,09:25:00,7071,10,0,0
1288568,09:26:00,09:26:00,7072,11,0,0
1288568,09:29:00,09:29:00,7073,12,0,0
1288568,09:31:00,09:31:00,7074,13,0,0
1288568,09:33:00,09:33:00,7075,14,0,0
1288568,09:36:00,09:36:00,7076,15,0,0
1288568,09:37:00,09:37:00,7077,16,0,0
1288568,09:39:00,09:39:00,7078,17,0,0
1288568,09:41:00,09:41:00,7079,18,0,0
1288568,09:44:00,09:44:00,7080,19,0,0
1288568,09:45:00,09:45:00,7081,20,0,0
1288568,09:47:00,09:47:00,7032,21,0,0
1288568,09:48:00,09:48:00,7033,22,0,0
1288568,09:50:00,09:50:00,7034,23,0,0
1288568,09:54:00,09:54:00,7036,24,0,0
1288568,09:55:00,09:55:00,7091,25,0,0
1288568,09:56:00,09:56:00,7095,26,0,0
1288568,09:59:00,09:59:00,7092,27,1,0
1288569,09:14:00,09:14:00,7086,1,0,1
1288569,09:17:00,09:17:00,7087,2,0,0
1288569,09:19:00,09:19:00,7088,3,0,0
1288569,09:22:00,09:22:00,7089,4,0,0
1288569,09:28:00,09:28:00,7066,5,0,0
1288569,09:30:00,09:30:00,7067,6,0,0
1288569,09:31:00,09:31:00,7068,7,0,0
1288569,09:35:00,09:35:00,7069,8,0,0
1288569,09:39:00,09:39:00,7070,9,0,0
1288569,09:40:00,09:40:00,7071,10,0,0
1288569,09:41:00,09:41:00,7072,11,0,0
1288569,09:44:00,09:44:00,7073,12,0,0
1288569,09:46:00,09:46:00,7074,13,0,0
1288569,09:48:00,09:48:00,7075,14,0,0
1288569,09:51:00,09:51:00,7076,15,0,0
1288569,09:52:00,09:52:00,7077,16,0,0
1288569,09:54:00,09:54:00,7078,17,0,0
1288569,09:56:00,09:56:00,7079,18,0,0
1288569,09:59:00,09:59:00,7080,19,0,0
1288569,10:00:00,10:00:00,7081,20,0,0
1288569,10:02:00,10:02:00,7032,21,0,0
1288569,10:03:00,10:03:00,7033,22,0,0
1288569,10:05:00,10:05:00,7034,23,0,0
1288569,10:09:00,10:09:00,7036,24,0,0
1288569,10:10:00,10:10:00,7091,25,0,0
1288569,10:11:00,10:11:00,7095,26,0,0
1288569,10:14:00,10:14:00,7092,27,1,0
1288570,09:29:00,09:29:00,7086,1,0,1
1288570,09:32:00,09:32:00,7087,2,0,0
1288570,09:34:00,09:34:00,7088,3,0,0
1288570,09:37:00,09:37:00,7089,4,0,0
1288570,09:43:00,09:43:00,7066,5,0,0
1288570,09:45:00,09:45:00,7067,6,0,0
1288570,09:46:00,09:46:00,7068,7,0,0
1288570,09:50:00,09:50:00,7069,8,0,0
1288570,09:54:00,09:54:00,7070,9,0,0
1288570,09:55:00,09:55:00,7071,10,0,0
1288570,09:56:00,09:56:00,7072,11,0,0
1288570,09:59:00,09:59:00,7073,12,0,0
1288570,10:01:00,10:01:00,7074,13,0,0
1288570,10:03:00,10:03:00,7075,14,0,0
1288570,10:06:00,10:06:00,7076,15,0,0
1288570,10:07:00,10:07:00,7077,16,0,0
1288570,10:09:00,10:09:00,7078,17,0,0
1288570,10:11:00,10:11:00,7079,18,0,0
1288570,10:14:00,10:14:00,7080,19,0,0
1288570,10:15:00,10:15:00,7081,20,0,0
1288570,10:17:00,10:17:00,7032,21,0,0
1288570,10:18:00,10:18:00,7033,22,0,0
1288570,10:20:00,10:20:00,7034,23,0,0
1288570,10:24:00,10:24:00,7036,24,0,0
1288570,10:25:00,10:25:00,7091,25,0,0
1288570,10:26:00,10:26:00,7095,26,0,0
1288570,10:29:00,10:29:00,7092,27,1,0
1288571,09:58:00,09:58:00,7066,1,0,1
1288571,10:00:00,10:00:00,7067,2,0,0
1288571,10:01:00,10:01:00,7068,3,0,0
1288571,10:05:00,10:05:00,7069,4,0,0
1288571,10:09:00,10:09:00,7070,5,0,0
1288571,10:10:00,10:10:00,7071,6,0,0
1288571,10:11:00,10:11:00,7072,7,0,0
1288571,10:14:00,10:14:00,7073,8,0,0
1288571,10:16:00,10:16:00,7074,9,0,0
1288571,10:18:00,10:18:00,7075,10,0,0
1288571,10:21:00,10:21:00,7076,11,0,0
1288571,10:22:00,10:22:00,7077,12,0,0
1288571,10:24:00,10:24:00,7078,13,0,0
1288571,10:26:00,10:26:00,7079,14,0,0
1288571,10:29:00,10:29:00,7080,15,0,0
1288571,10:30:00,10:30:00,7081,16,0,0
1288571,10:32:00,10:32:00,7032,17,0,0
1288571,10:33:00,10:33:00,7033,18,0,0
1288571,10:35:00,10:35:00,7034,19,0,0
1288571,10:39:00,10:39:00,7036,20,0,0
1288571,10:40:00,10:40:00,7091,21,0,0
1288571,10:41:00,10:41:00,7095,22,0,0
1288571,10:44:00,10:44:00,7092,23,1,0
1288572,09:59:00,09:59:00,7086,1,0,1
1288572,10:02:00,10:02:00,7087,2,0,0
1288572,10:04:00,10:04:00,7088,3,0,0
1288572,10:07:00,10:07:00,7089,4,0,0
1288572,10:13:00,10:13:00,7066,5,0,0
1288572,10:15:00,10:15:00,7067,6,0,0
1288572,10:16:00,10:16:00,7068,7,0,0
1288572,10:20:00,10:20:00,7069,8,0,0
1288572,10:24:00,10:24:00,7070,9,0,0
1288572,10:25:00,10:25:00,7071,10,0,0
1288572,10:26:00,10:26:00,7072,11,0,0
1288572,10:29:00,10:29:00,7073,12,0,0
1288572,10:31:00,10:31:00,7074,13,0,0
1288572,10:33:00,10:33:00,7075,14,0,0
1288572,10:36:00,10:36:00,7076,15,0,0
1288572,10:37:00,10:37:00,7077,16,0,0
1288572,10:39:00,10:39:00,7078,17,0,0
1288572,10:41:00,10:41:00,7079,18,0,0
1288572,10:44:00,10:44:00,7080,19,0,0
1288572,10:45:00,10:45:00,7081,20,0,0
1288572,10:47:00,10:47:00,7032,21,0,0
1288572,10:48:00,10:48:00,7033,22,0,0
1288572,10:50:00,10:50:00,7034,23,0,0
1288572,10:54:00,10:54:00,7036,24,0,0
1288572,10:55:00,10:55:00,7091,25,0,0
1288572,10:56:00,10:56:00,7095,26,0,0
1288572,10:59:00,10:59:00,7092,27,1,0
1288573,10:14:00,10:14:00,7086,1,0,1
1288573,10:17:00,10:17:00,7087,2,0,0
1288573,10:19:00,10:19:00,7088,3,0,0
1288573,10:22:00,10:22:00,7089,4,0,0
1288573,10:28:00,10:28:00,7066,5,0,0
1288573,10:30:00,10:30:00,7067,6,0,0
1288573,10:31:00,10:31:00,7068,7,0,0
1288573,10:35:00,10:35:00,7069,8,0,0
1288573,10:39:00,10:39:00,7070,9,0,0
1288573,10:40:00,10:40:00,7071,10,0,0
1288573,10:41:00,10:41:00,7072,11,0,0
1288573,10:44:00,10:44:00,7073,12,0,0
1288573,10:46:00,10:46:00,7074,13,0,0
1288573,10:48:00,10:48:00,7075,14,0,0
1288573,10:51:00,10:51:00,7076,15,0,0
1288573,10:52:00,10:52:00,7077,16,0,0
1288573,10:54:00,10:54:00,7078,17,0,0
1288573,10:56:00,10:56:00,7079,18,0,0
1288573,10:59:00,10:59:00,7080,19,0,0
1288573,11:00:00,11:00:00,7081,20,0,0
1288573,11:02:00,11:02:00,7032,21,0,0
1288573,11:03:00,11:03:00,7033,22,0,0
1288573,11:05:00,11:05:00,7034,23,0,0
1288573,11:09:00,11:09:00,7036,24,0,0
1288573,11:10:00,11:10:00,7091,25,0,0
1288573,11:11:00,11:11:00,7095,26,0,0
1288573,11:14:00,11:14:00,7092,27,1,0
1288574,10:29:00,10:29:00,7086,1,0,1
1288574,10:32:00,10:32:00,7087,2,0,0
1288574,10:34:00,10:34:00,7088,3,0,0
1288574,10:37:00,10:37:00,7089,4,0,0
1288574,10:43:00,10:43:00,7066,5,0,0
1288574,10:45:00,10:45:00,7067,6,0,0
1288574,10:46:00,10:46:00,7068,7,0,0
1288574,10:50:00,10:50:00,7069,8,0,0
1288574,10:54:00,10:54:00,7070,9,0,0
1288574,10:55:00,10:55:00,7071,10,0,0
1288574,10:56:00,10:56:00,7072,11,0,0
1288574,10:59:00,10:59:00,7073,12,0,0
1288574,11:01:00,11:01:00,7074,13,0,0
1288574,11:03:00,11:03:00,7075,14,0,0
1288574,11:06:00,11:06:00,7076,15,0,0
1288574,11:07:00,11:07:00,7077,16,0,0
1288574,11:09:00,11:09:00,7078,17,0,0
1288574,11:11:00,11:11:00,7079,18,0,0
1288574,11:14:00,11:14:00,7080,19,0,0
1288574,11:15:00,11:15:00,7081,20,0,0
1288574,11:17:00,11:17:00,7032,21,0,0
1288574,11:18:00,11:18:00,7033,22,0,0
1288574,11:20:00,11:20:00,7034,23,0,0
1288574,11:24:00,11:24:00,7036,24,0,0
1288574,11:25:00,11:25:00,7091,25,0,0
1288574,11:26:00,11:26:00,7095,26,0,0
1288574,11:29:00,11:29:00,7092,27,1,0
1288575,10:58:00,10:58:00,7066,1,0,1
1288575,11:00:00,11:00:00,7067,2,0,0
1288575,11:01:00,11:01:00,7068,3,0,0
1288575,11:05:00,11:05:00,7069,4,0,0
1288575,11:09:00,11:09:00,7070,5,0,0
1288575,11:10:00,11:10:00,7071,6,0,0
1288575,11:11:00,11:11:00,7072,7,0,0
1288575,11:14:00,11:14:00,7073,8,0,0
1288575,11:16:00,11:16:00,7074,9,0,0
1288575,11:18:00,11:18:00,7075,10,0,0
1288575,11:21:00,11:21:00,7076,11,0,0
1288575,11:22:00,11:22:00,7077,12,0,0
1288575,11:24:00,11:24:00,7078,13,0,0
1288575,11:26:00,11:26:00,7079,14,0,0
1288575,11:29:00,11:29:00,7080,15,0,0
1288575,11:30:00,11:30:00,7081,16,0,0
1288575,11:32:00,11:32:00,7032,17,0,0
1288575,11:33:00,11:33:00,7033,18,0,0
1288575,11:35:00,11:35:00,7034,19,0,0
1288575,11:39:00,11:39:00,7036,20,0,0
1288575,11:40:00,11:40:00,7091,21,0,0
1288575,11:41:00,11:41:00,7095,22,0,0
1288575,11:44:00,11:44:00,7092,23,1,0
1288576,10:59:00,10:59:00,7086,1,0,1
1288576,11:02:00,11:02:00,7087,2,0,0
1288576,11:04:00,11:04:00,7088,3,0,0
1288576,11:07:00,11:07:00,7089,4,0,0
1288576,11:13:00,11:13:00,7066,5,0,0
1288576,11:15:00,11:15:00,7067,6,0,0
1288576,11:16:00,11:16:00,7068,7,0,0
1288576,11:20:00,11:20:00,7069,8,0,0
1288576,11:24:00,11:24:00,7070,9,0,0
1288576,11:25:00,11:25:00,7071,10,0,0
1288576,11:26:00,11:26:00,7072,11,0,0
1288576,11:29:00,11:29:00,7073,12,0,0
1288576,11:31:00,11:31:00,7074,13,0,0
1288576,11:33:00,11:33:00,7075,14,0,0
1288576,11:36:00,11:36:00,7076,15,0,0
1288576,11:37:00,11:37:00,7077,16,0,0
1288576,11:39:00,11:39:00,7078,17,0,0
1288576,11:41:00,11:41:00,7079,18,0,0
1288576,11:44:00,11:44:00,7080,19,0,0
1288576,11:45:00,11:45:00,7081,20,0,0
1288576,11:47:00,11:47:00,7032,21,0,0
1288576,11:48:00,11:48:00,7033,22,0,0
1288576,11:50:00,11:50:00,7034,23,0,0
1288576,11:54:00,11:54:00,7036,24,0,0
1288576,11:55:00,11:55:00,7091,25,0,0
1288576,11:56:00,11:56:00,7095,26,0,0
1288576,11:59:00,11:59:00,7092,27,1,0
1288577,11:14:00,11:14:00,7086,1,0,1
1288577,11:17:00,11:17:00,7087,2,0,0
1288577,11:19:00,11:19:00,7088,3,0,0
1288577,11:22:00,11:22:00,7089,4,0,0
1288577,11:28:00,11:28:00,7066,5,0,0
1288577,11:30:00,11:30:00,7067,6,0,0
1288577,11:31:00,11:31:00,7068,7,0,0
1288577,11:35:00,11:35:00,7069,8,0,0
1288577,11:39:00,11:39:00,7070,9,0,0
1288577,11:40:00,11:40:00,7071,10,0,0
1288577,11:41:00,11:41:00,7072,11,0,0
1288577,11:44:00,11:44:00,7073,12,0,0
1288577,11:46:00,11:46:00,7074,13,0,0
1288577,11:48:00,11:48:00,7075,14,0,0
1288577,11:51:00,11:51:00,7076,15,0,0
1288577,11:52:00,11:52:00,7077,16,0,0
1288577,11:54:00,11:54:00,7078,17,0,0
1288577,11:56:00,11:56:00,7079,18,0,0
1288577,11:59:00,11:59:00,7080,19,0,0
1288577,12:00:00,12:00:00,7081,20,0,0
1288577,12:02:00,12:02:00,7032,21,0,0
1288577,12:03:00,12:03:00,7033,22,0,0
1288577,12:05:00,12:05:00,7034,23,0,0
1288577,12:09:00,12:09:00,7036,24,0,0
1288577,12:10:00,12:10:00,7091,25,0,0
1288577,12:11:00,12:11:00,7095,26,0,0
1288577,12:14:00,12:14:00,7092,27,1,0
1288578,11:29:00,11:29:00,7086,1,0,1
1288578,11:32:00,11:32:00,7087,2,0,0
1288578,11:34:00,11:34:00,7088,3,0,0
1288578,11:37:00,11:37:00,7089,4,0,0
1288578,11:43:00,11:43:00,7066,5,0,0
1288578,11:45:00,11:45:00,7067,6,0,0
1288578,11:46:00,11:46:00,7068,7,0,0
1288578,11:50:00,11:50:00,7069,8,0,0
1288578,11:54:00,11:54:00,7070,9,0,0
1288578,11:55:00,11:55:00,7071,10,0,0
1288578,11:56:00,11:56:00,7072,11,0,0
1288578,11:59:00,11:59:00,7073,12,0,0
1288578,12:01:00,12:01:00,7074,13,0,0
1288578,12:03:00,12:03:00,7075,14,0,0
1288578,12:06:00,12:06:00,7076,15,0,0
1288578,12:07:00,12:07:00,7077,16,0,0
1288578,12:09:00,12:09:00,7078,17,0,0
1288578,12:11:00,12:11:00,7079,18,0,0
1288578,12:14:00,12:14:00,7080,19,0,0
1288578,12:15:00,12:15:00,7081,20,0,0
1288578,12:17:00,12:17:00,7032,21,0,0
1288578,12:18:00,12:18:00,7033,22,0,0
1288578,12:20:00,12:20:00,7034,23,0,0
1288578,12:24:00,12:24:00,7036,24,0,0
1288578,12:25:00,12:25:00,7091,25,0,0
1288578,12:26:00,12:26:00,7095,26,0,0
1288578,12:29:00,12:29:00,7092,27,1,0
1288579,11:58:00,11:58:00,7066,1,0,1
1288579,12:00:00,12:00:00,7067,2,0,0
1288579,12:01:00,12:01:00,7068,3,0,0
1288579,12:05:00,12:05:00,7069,4,0,0
1288579,12:09:00,12:09:00,7070,5,0,0
1288579,12:10:00,12:10:00,7071,6,0,0
1288579,12:11:00,12:11:00,7072,7,0,0
1288579,12:14:00,12:14:00,7073,8,0,0
1288579,12:16:00,12:16:00,7074,9,0,0
1288579,12:18:00,12:18:00,7075,10,0,0
1288579,12:21:00,12:21:00,7076,11,0,0
1288579,12:22:00,12:22:00,7077,12,0,0
1288579,12:24:00,12:24:00,7078,13,0,0
1288579,12:26:00,12:26:00,7079,14,0,0
1288579,12:29:00,12:29:00,7080,15,0,0
1288579,12:30:00,12:30:00,7081,16,0,0
1288579,12:32:00,12:32:00,7032,17,0,0
1288579,12:33:00,12:33:00,7033,18,0,0
1288579,12:35:00,12:35:00,7034,19,0,0
1288579,12:39:00,12:39:00,7036,20,0,0
1288579,12:40:00,12:40:00,7091,21,0,0
1288579,12:41:00,12:41:00,7095,22,0,0
1288579,12:44:00,12:44:00,7092,23,1,0
1288580,11:59:00,11:59:00,7086,1,0,1
1288580,12:02:00,12:02:00,7087,2,0,0
1288580,12:04:00,12:04:00,7088,3,0,0
1288580,12:07:00,12:07:00,7089,4,0,0
1288580,12:13:00,12:13:00,7066,5,0,0
1288580,12:15:00,12:15:00,7067,6,0,0
1288580,12:16:00,12:16:00,7068,7,0,0
1288580,12:20:00,12:20:00,7069,8,0,0
1288580,12:24:00,12:24:00,7070,9,0,0
1288580,12:25:00,12:25:00,7071,10,0,0
1288580,12:26:00,12:26:00,7072,11,0,0
1288580,12:29:00,12:29:00,7073,12,0,0
1288580,12:31:00,12:31:00,7074,13,0,0
1288580,12:33:00,12:33:00,7075,14,0,0
1288580,12:36:00,12:36:00,7076,15,0,0
1288580,12:37:00,12:37:00,7077,16,0,0
1288580,12:39:00,12:39:00,7078,17,0,0
1288580,12:41:00,12:41:00,7079,18,0,0
1288580,12:44:00,12:44:00,7080,19,0,0
1288580,12:45:00,12:45:00,7081,20,0,0
1288580,12:47:00,12:47:00,7032,21,0,0
1288580,12:48:00,12:48:00,7033,22,0,0
1288580,12:50:00,12:50:00,7034,23,0,0
1288580,12:54:00,12:54:00,7036,24,0,0
1288580,12:55:00,12:55:00,7091,25,0,0
1288580,12:56:00,12:56:00,7095,26,0,0
1288580,12:59:00,12:59:00,7092,27,1,0
1288581,12:14:00,12:14:00,7086,1,0,1
1288581,12:17:00,12:17:00,7087,2,0,0
1288581,12:19:00,12:19:00,7088,3,0,0
1288581,12:22:00,12:22:00,7089,4,0,0
1288581,12:28:00,12:28:00,7066,5,0,0
1288581,12:30:00,12:30:00,7067,6,0,0
1288581,12:31:00,12:31:00,7068,7,0,0
1288581,12:35:00,12:35:00,7069,8,0,0
1288581,12:39:00,12:39:00,7070,9,0,0
1288581,12:40:00,12:40:00,7071,10,0,0
1288581,12:41:00,12:41:00,7072,11,0,0
1288581,12:44:00,12:44:00,7073,12,0,0
1288581,12:46:00,12:46:00,7074,13,0,0
1288581,12:48:00,12:48:00,7075,14,0,0
1288581,12:51:00,12:51:00,7076,15,0,0
1288581,12:52:00,12:52:00,7077,16,0,0
1288581,12:54:00,12:54:00,7078,17,0,0
1288581,12:56:00,12:56:00,7079,18,0,0
1288581,12:59:00,12:59:00,7080,19,0,0
1288581,13:00:00,13:00:00,7081,20,0,0
1288581,13:02:00,13:02:00,7032,21,0,0
1288581,13:03:00,13:03:00,7033,22,0,0
1288581,13:05:00,13:05:00,7034,23,0,0
1288581,13:09:00,13:09:00,7036,24,0,0
1288581,13:10:00,13:10:00,7091,25,0,0
1288581,13:11:00,13:11:00,7095,26,0,0
1288581,13:14:00,13:14:00,7092,27,1,0
1288582,12:29:00,12:29:00,7086,1,0,1
1288582,12:32:00,12:32:00,7087,2,0,0
1288582,12:34:00,12:34:00,7088,3,0,0
1288582,12:37:00,12:37:00,7089,4,0,0
1288582,12:43:00,12:43:00,7066,5,0,0
1288582,12:45:00,12:45:00,7067,6,0,0
1288582,12:46:00,12:46:00,7068,7,0,0
1288582,12:50:00,12:50:00,7069,8,0,0
1288582,12:54:00,12:54:00,7070,9,0,0
1288582,12:55:00,12:55:00,7071,10,0,0
1288582,12:56:00,12:56:00,7072,11,0,0
1288582,12:59:00,12:59:00,7073,12,0,0
1288582,13:01:00,13:01:00,7074,13,0,0
1288582,13:03:00,13:03:00,7075,14,0,0
1288582,13:06:00,13:06:00,7076,15,0,0
1288582,13:07:00,13:07:00,7077,16,0,0
1288582,13:09:00,13:09:00,7078,17,0,0
1288582,13:11:00,13:11:00,7079,18,0,0
1288582,13:14:00,13:14:00,7080,19,0,0
1288582,13:15:00,13:15:00,7081,20,0,0
1288582,13:17:00,13:17:00,7032,21,0,0
1288582,13:18:00,13:18:00,7033,22,0,0
1288582,13:20:00,13:20:00,7034,23,0,0
1288582,13:24:00,13:24:00,7036,24,0,0
1288582,13:25:00,13:25:00,7091,25,0,0
1288582,13:26:00,13:26:00,7095,26,0,0
1288582,13:29:00,13:29:00,7092,27,1,0
1288583,12:58:00,12:58:00,7066,1,0,1
1288583,13:00:00,13:00:00,7067,2,0,0
1288583,13:01:00,13:01:00,7068,3,0,0
1288583,13:05:00,13:05:00,7069,4,0,0
1288583,13:09:00,13:09:00,7070,5,0,0
1288583,13:10:00,13:10:00,7071,6,0,0
1288583,13:11:00,13:11:00,7072,7,0,0
1288583,13:14:00,13:14:00,7073,8,0,0
1288583,13:16:00,13:16:00,7074,9,0,0
1288583,13:18:00,13:18:00,7075,10,0,0
1288583,13:21:00,13:21:00,7076,11,0,0
1288583,13:22:00,13:22:00,7077,12,0,0
1288583,13:24:00,13:24:00,7078,13,0,0
1288583,13:26:00,13:26:00,7079,14,0,0
1288583,13:29:00,13:29:00,7080,15,0,0
1288583,13:30:00,13:30:00,7081,16,0,0
1288583,13:32:00,13:32:00,7032,17,0,0
1288583,13:33:00,13:33:00,7033,18,0,0
1288583,13:35:00,13:35:00,7034,19,0,0
1288583,13:39:00,13:39:00,7036,20,0,0
1288583,13:40:00,13:40:00,7091,21,0,0
1288583,13:41:00,13:41:00,7095,22,0,0
1288583,13:44:00,13:44:00,7092,23,1,0
1288584,12:59:00,12:59:00,7086,1,0,1
1288584,13:02:00,13:02:00,7087,2,0,0
1288584,13:04:00,13:04:00,7088,3,0,0
1288584,13:07:00,13:07:00,7089,4,0,0
1288584,13:13:00,13:13:00,7066,5,0,0
1288584,13:15:00,13:15:00,7067,6,0,0
1288584,13:16:00,13:16:00,7068,7,0,0
1288584,13:20:00,13:20:00,7069,8,0,0
1288584,13:24:00,13:24:00,7070,9,0,0
1288584,13:25:00,13:25:00,7071,10,0,0
1288584,13:26:00,13:26:00,7072,11,0,0
1288584,13:29:00,13:29:00,7073,12,0,0
1288584,13:31:00,13:31:00,7074,13,0,0
1288584,13:33:00,13:33:00,7075,14,0,0
1288584,13:36:00,13:36:00,7076,15,0,0
1288584,13:37:00,13:37:00,7077,16,0,0
1288584,13:39:00,13:39:00,7078,17,0,0
1288584,13:41:00,13:41:00,7079,18,0,0
1288584,13:44:00,13:44:00,7080,19,0,0
1288584,13:45:00,13:45:00,7081,20,0,0
1288584,13:47:00,13:47:00,7032,21,0,0
1288584,13:48:00,13:48:00,7033,22,0,0
1288584,13:50:00,13:50:00,7034,23,0,0
1288584,13:54:00,13:54:00,7036,24,0,0
1288584,13:55:00,13:55:00,7091,25,0,0
1288584,13:56:00,13:56:00,7095,26,0,0
1288584,13:59:00,13:59:00,7092,27,1,0
1288585,13:14:00,13:14:00,7086,1,0,1
1288585,13:17:00,13:17:00,7087,2,0,0
1288585,13:19:00,13:19:00,7088,3,0,0
1288585,13:22:00,13:22:00,7089,4,0,0
1288585,13:28:00,13:28:00,7066,5,0,0
1288585,13:30:00,13:30:00,7067,6,0,0
1288585,13:31:00,13:31:00,7068,7,0,0
1288585,13:35:00,13:35:00,7069,8,0,0
1288585,13:39:00,13:39:00,7070,9,0,0
1288585,13:40:00,13:40:00,7071,10,0,0
1288585,13:41:00,13:41:00,7072,11,0,0
1288585,13:44:00,13:44:00,7073,12,0,0
1288585,13:46:00,13:46:00,7074,13,0,0
1288585,13:48:00,13:48:00,7075,14,0,0
1288585,13:51:00,13:51:00,7076,15,0,0
1288585,13:52:00,13:52:00,7077,16,0,0
1288585,13:54:00,13:54:00,7078,17,0,0
1288585,13:56:00,13:56:00,7079,18,0,0
1288585,13:59:00,13:59:00,7080,19,0,0
1288585,14:00:00,14:00:00,7081,20,0,0
1288585,14:02:00,14:02:00,7032,21,0,0
1288585,14:03:00,14:03:00,7033,22,0,0
1288585,14:05:00,14:05:00,7034,23,0,0
1288585,14:09:00,14:09:00,7036,24,0,0
1288585,14:10:00,14:10:00,7091,25,0,0
1288585,14:11:00,14:11:00,7095,26,0,0
1288585,14:14:00,14:14:00,7092,27,1,0
1288586,13:29:00,13:29:00,7086,1,0,1
1288586,13:32:00,13:32:00,7087,2,0,0
1288586,13:34:00,13:34:00,7088,3,0,0
1288586,13:37:00,13:37:00,7089,4,0,0
1288586,13:43:00,13:43:00,7066,5,0,0
1288586,13:45:00,13:45:00,7067,6,0,0
1288586,13:46:00,13:46:00,7068,7,0,0
1288586,13:50:00,13:50:00,7069,8,0,0
1288586,13:54:00,13:54:00,7070,9,0,0
1288586,13:55:00,13:55:00,7071,10,0,0
1288586,13:56:00,13:56:00,7072,11,0,0
1288586,13:59:00,13:59:00,7073,12,0,0
1288586,14:01:00,14:01:00,7074,13,0,0
1288586,14:03:00,14:03:00,7075,14,0,0
1288586,14:06:00,14:06:00,7076,15,0,0
1288586,14:07:00,14:07:00,7077,16,0,0
1288586,14:09:00,14:09:00,7078,17,0,0
1288586,14:11:00,14:11:00,7079,18,0,0
1288586,14:14:00,14:14:00,7080,19,0,0
1288586,14:15:00,14:15:00,7081,20,0,0
1288586,14:17:00,14:17:00,7032,21,0,0
1288586,14:18:00,14:18:00,7033,22,0,0
1288586,14:20:00,14:20:00,7034,23,0,0
1288586,14:24:00,14:24:00,7036,24,0,0
1288586,14:25:00,14:25:00,7091,25,0,0
1288586,14:26:00,14:26:00,7095,26,0,0
1288586,14:29:00,14:29:00,7092,27,1,0
1288587,13:58:00,13:58:00,7066,1,0,1
1288587,14:00:00,14:00:00,7067,2,0,0
1288587,14:01:00,14:01:00,7068,3,0,0
1288587,14:05:00,14:05:00,7069,4,0,0
1288587,14:09:00,14:09:00,7070,5,0,0
1288587,14:10:00,14:10:00,7071,6,0,0
1288587,14:11:00,14:11:00,7072,7,0,0
1288587,14:14:00,14:14:00,7073,8,0,0
1288587,14:16:00,14:16:00,7074,9,0,0
1288587,14:18:00,14:18:00,7075,10,0,0
1288587,14:21:00,14:21:00,7076,11,0,0
1288587,14:22:00,14:22:00,7077,12,0,0
1288587,14:24:00,14:24:00,7078,13,0,0
1288587,14:26:00,14:26:00,7079,14,0,0
1288587,14:29:00,14:29:00,7080,15,0,0
1288587,14:30:00,14:30:00,7081,16,0,0
1288587,14:32:00,14:32:00,7032,17,0,0
1288587,14:33:00,14:33:00,7033,18,0,0
1288587,14:35:00,14:35:00,7034,19,0,0
1288587,14:39:00,14:39:00,7036,20,0,0
1288587,14:40:00,14:40:00,7091,21,0,0
1288587,14:41:00,14:41:00,7095,22,0,0
1288587,14:44:00,14:44:00,7092,23,1,0
1288588,13:59:00,13:59:00,7086,1,0,1
1288588,14:02:00,14:02:00,7087,2,0,0
1288588,14:04:00,14:04:00,7088,3,0,0
1288588,14:07:00,14:07:00,7089,4,0,0
1288588,14:13:00,14:13:00,7066,5,0,0
1288588,14:15:00,14:15:00,7067,6,0,0
1288588,14:16:00,14:16:00,7068,7,0,0
1288588,14:20:00,14:20:00,7069,8,0,0
1288588,14:24:00,14:24:00,7070,9,0,0
1288588,14:25:00,14:25:00,7071,10,0,0
1288588,14:26:00,14:26:00,7072,11,0,0
1288588,14:29:00,14:29:00,7073,12,0,0
1288588,14:31:00,14:31:00,7074,13,0,0
1288588,14:33:00,14:33:00,7075,14,0,0
1288588,14:36:00,14:36:00,7076,15,0,0
1288588,14:37:00,14:37:00,7077,16,0,0
1288588,14:39:00,14:39:00,7078,17,0,0
1288588,14:41:00,14:41:00,7079,18,0,0
1288588,14:44:00,14:44:00,7080,19,0,0
1288588,14:45:00,14:45:00,7081,20,0,0
1288588,14:47:00,14:47:00,7032,21,0,0
1288588,14:48:00,14:48:00,7033,22,0,0
1288588,14:50:00,14:50:00,7034,23,0,0
1288588,14:54:00,14:54:00,7036,24,0,0
1288588,14:55:00,14:55:00,7091,25,0,0
1288588,14:56:00,14:56:00,7095,26,0,0
1288588,14:59:00,14:59:00,7092,27,1,0
1288589,14:14:00,14:14:00,7086,1,0,1
1288589,14:17:00,14:17:00,7087,2,0,0
1288589,14:19:00,14:19:00,7088,3,0,0
1288589,14:22:00,14:22:00,7089,4,0,0
1288589,14:28:00,14:28:00,7066,5,0,0
1288589,14:30:00,14:30:00,7067,6,0,0
1288589,14:31:00,14:31:00,7068,7,0,0
1288589,14:35:00,14:35:00,7069,8,0,0
1288589,14:39:00,14:39:00,7070,9,0,0
1288589,14:40:00,14:40:00,7071,10,0,0
1288589,14:41:00,14:41:00,7072,11,0,0
1288589,14:44:00,14:44:00,7073,12,0,0
1288589,14:46:00,14:46:00,7074,13,0,0
1288589,14:48:00,14:48:00,7075,14,0,0
1288589,14:51:00,14:51:00,7076,15,0,0
1288589,14:52:00,14:52:00,7077,16,0,0
1288589,14:54:00,14:54:00,7078,17,0,0
1288589,14:56:00,14:56:00,7079,18,0,0
1288589,14:59:00,14:59:00,7080,19,0,0
1288589,15:00:00,15:00:00,7081,20,0,0
1288589,15:02:00,15:02:00,7032,21,0,0
1288589,15:03:00,15:03:00,7033,22,0,0
1288589,15:05:00,15:05:00,7034,23,0,0
1288589,15:09:00,15:09:00,7036,24,0,0
1288589,15:10:00,15:10:00,7091,25,0,0
1288589,15:11:00,15:11:00,7095,26,0,0
1288589,15:14:00,15:14:00,7092,27,1,0
1288590,14:29:00,14:29:00,7086,1,0,1
1288590,14:32:00,14:32:00,7087,2,0,0
1288590,14:34:00,14:34:00,7088,3,0,0
1288590,14:37:00,14:37:00,7089,4,0,0
1288590,14:43:00,14:43:00,7066,5,0,0
1288590,14:45:00,14:45:00,7067,6,0,0
1288590,14:46:00,14:46:00,7068,7,0,0
1288590,14:50:00,14:50:00,7069,8,0,0
1288590,14:54:00,14:54:00,7070,9,0,0
1288590,14:55:00,14:55:00,7071,10,0,0
1288590,14:56:00,14:56:00,7072,11,0,0
1288590,14:59:00,14:59:00,7073,12,0,0
1288590,15:01:00,15:01:00,7074,13,0,0
1288590,15:03:00,15:03:00,7075,14,0,0
1288590,15:06:00,15:06:00,7076,15,0,0
1288590,15:07:00,15:07:00,7077,16,0,0
1288590,15:09:00,15:09:00,7078,17,0,0
1288590,15:11:00,15:11:00,7079,18,0,0
1288590,15:14:00,15:14:00,7080,19,0,0
1288590,15:15:00,15:15:00,7081,20,0,0
1288590,15:17:00,15:17:00,7032,21,0,0
1288590,15:18:00,15:18:00,7033,22,0,0
1288590,15:20:00,15:20:00,7034,23,0,0
1288590,15:24:00,15:24:00,7036,24,0,0
1288590,15:25:00,15:25:00,7091,25,0,0
1288590,15:26:00,15:26:00,7095,26,0,0
1288590,15:29:00,15:29:00,7092,27,1,0
1288591,14:58:00,14:58:00,7066,1,0,1
1288591,15:00:00,15:00:00,7067,2,0,0
1288591,15:01:00,15:01:00,7068,3,0,0
1288591,15:05:00,15:05:00,7069,4,0,0
1288591,15:09:00,15:09:00,7070,5,0,0
1288591,15:10:00,15:10:00,7071,6,0,0
1288591,15:11:00,15:11:00,7072,7,0,0
1288591,15:14:00,15:14:00,7073,8,0,0
1288591,15:16:00,15:16:00,7074,9,0,0
1288591,15:18:00,15:18:00,7075,10,0,0
1288591,15:21:00,15:21:00,7076,11,0,0
1288591,15:22:00,15:22:00,7077,12,0,0
1288591,15:24:00,15:24:00,7078,13,0,0
1288591,15:26:00,15:26:00,7079,14,0,0
1288591,15:29:00,15:29:00,7080,15,0,0
1288591,15:30:00,15:30:00,7081,16,0,0
1288591,15:32:00,15:32:00,7032,17,0,0
1288591,15:33:00,15:33:00,7033,18,0,0
1288591,15:35:00,15:35:00,7034,19,0,0
1288591,15:39:00,15:39:00,7036,20,0,0
1288591,15:40:00,15:40:00,7091,21,0,0
1288591,15:41:00,15:41:00,7095,22,0,0
1288591,15:44:00,15:44:00,7092,23,1,0
1288592,14:59:00,14:59:00,7086,1,0,1
1288592,15:02:00,15:02:00,7087,2,0,0
1288592,15:04:00,15:04:00,7088,3,0,0
1288592,15:07:00,15:07:00,7089,4,0,0
1288592,15:13:00,15:13:00,7066,5,0,0
1288592,15:15:00,15:15:00,7067,6,0,0
1288592,15:16:00,15:16:00,7068,7,0,0
1288592,15:20:00,15:20:00,7069,8,0,0
1288592,15:24:00,15:24:00,7070,9,0,0
1288592,15:25:00,15:25:00,7071,10,0,0
1288592,15:26:00,15:26:00,7072,11,0,0
1288592,15:29:00,15:29:00,7073,12,0,0
1288592,15:31:00,15:31:00,7074,13,0,0
1288592,15:33:00,15:33:00,7075,14,0,0
1288592,15:36:00,15:36:00,7076,15,0,0
1288592,15:37:00,15:37:00,7077,16,0,0
1288592,15:39:00,15:39:00,7078,17,0,0
1288592,15:41:00,15:41:00,7079,18,0,0
1288592,15:44:00,15:44:00,7080,19,0,0
1288592,15:45:00,15:45:00,7081,20,0,0
1288592,15:47:00,15:47:00,7032,21,0,0
1288592,15:48:00,15:48:00,7033,22,0,0
1288592,15:50:00,15:50:00,7034,23,0,0
1288592,15:54:00,15:54:00,7036,24,0,0
1288592,15:55:00,15:55:00,7091,25,0,0
1288592,15:56:00,15:56:00,7095,26,0,0
1288592,15:59:00,15:59:00,7092,27,1,0
1288593,15:14:00,15:14:00,7086,1,0,1
1288593,15:17:00,15:17:00,7087,2,0,0
1288593,15:19:00,15:19:00,7088,3,0,0
1288593,15:22:00,15:22:00,7089,4,0,0
1288593,15:28:00,15:28:00,7066,5,0,0
1288593,15:30:00,15:30:00,7067,6,0,0
1288593,15:31:00,15:31:00,7068,7,0,0
1288593,15:35:00,15:35:00,7069,8,0,0
1288593,15:39:00,15:39:00,7070,9,0,0
1288593,15:40:00,15:40:00,7071,10,0,0
1288593,15:41:00,15:41:00,7072,11,0,0
1288593,15:44:00,15:44:00,7073,12,0,0
1288593,15:46:00,15:46:00,7074,13,0,0
1288593,15:48:00,15:48:00,7075,14,0,0
1288593,15:51:00,15:51:00,7076,15,0,0
1288593,15:52:00,15:52:00,7077,16,0,0
1288593,15:54:00,15:54:00,7078,17,0,0
1288593,15:56:00,15:56:00,7079,18,0,0
1288593,15:59:00,15:59:00,7080,19,0,0
1288593,16:00:00,16:00:00,7081,20,0,0
1288593,16:02:00,16:02:00,7032,21,0,0
1288593,16:03:00,16:03:00,7033,22,0,0
1288593,16:05:00,16:05:00,7034,23,0,0
1288593,16:09:00,16:09:00,7036,24,0,0
1288593,16:10:00,16:10:00,7091,25,0,0
1288593,16:11:00,16:11:00,7095,26,0,0
1288593,16:14:00,16:14:00,7092,27,1,0
1288594,15:29:00,15:29:00,7086,1,0,1
1288594,15:32:00,15:32:00,7087,2,0,0
1288594,15:34:00,15:34:00,7088,3,0,0
1288594,15:37:00,15:37:00,7089,4,0,0
1288594,15:43:00,15:43:00,7066,5,0,0
1288594,15:45:00,15:45:00,7067,6,0,0
1288594,15:46:00,15:46:00,7068,7,0,0
1288594,15:50:00,15:50:00,7069,8,0,0
1288594,15:54:00,15:54:00,7070,9,0,0
1288594,15:55:00,15:55:00,7071,10,0,0
1288594,15:56:00,15:56:00,7072,11,0,0
1288594,15:59:00,15:59:00,7073,12,0,0
1288594,16:01:00,16:01:00,7074,13,0,0
1288594,16:03:00,16:03:00,7075,14,0,0
1288594,16:06:00,16:06:00,7076,15,0,0
1288594,16:07:00,16:07:00,7077,16,0,0
1288594,16:09:00,16:09:00,7078,17,0,0
1288594,16:11:00,16:11:00,7079,18,0,0
1288594,16:14:00,16:14:00,7080,19,0,0
1288594,16:15:00,16:15:00,7081,20,0,0
1288594,16:17:00,16:17:00,7032,21,0,0
1288594,16:18:00,16:18:00,7033,22,0,0
1288594,16:20:00,16:20:00,7034,23,0,0
1288594,16:24:00,16:24:00,7036,24,0,0
1288594,16:25:00,16:25:00,7091,25,0,0
1288594,16:26:00,16:26:00,7095,26,0,0
1288594,16:29:00,16:29:00,7092,27,1,0
1288595,15:58:00,15:58:00,7066,1,0,1
1288595,16:00:00,16:00:00,7067,2,0,0
1288595,16:01:00,16:01:00,7068,3,0,0
1288595,16:05:00,16:05:00,7069,4,0,0
1288595,16:09:00,16:09:00,7070,5,0,0
1288595,16:10:00,16:10:00,7071,6,0,0
1288595,16:11:00,16:11:00,7072,7,0,0
1288595,16:14:00,16:14:00,7073,8,0,0
1288595,16:16:00,16:16:00,7074,9,0,0
1288595,16:18:00,16:18:00,7075,10,0,0
1288595,16:21:00,16:21:00,7076,11,0,0
1288595,16:22:00,16:22:00,7077,12,0,0
1288595,16:24:00,16:24:00,7078,13,0,0
1288595,16:26:00,16:26:00,7079,14,0,0
1288595,16:29:00,16:29:00,7080,15,0,0
1288595,16:30:00,16:30:00,7081,16,0,0
1288595,16:32:00,16:32:00,7032,17,0,0
1288595,16:33:00,16:33:00,7033,18,0,0
1288595,16:35:00,16:35:00,7034,19,0,0
1288595,16:39:00,16:39:00,7036,20,0,0
1288595,16:40:00,16:40:00,7091,21,0,0
1288595,16:41:00,16:41:00,7095,22,0,0
1288595,16:44:00,16:44:00,7092,23,1,0
1288596,15:59:00,15:59:00,7086,1,0,1
1288596,16:02:00,16:02:00,7087,2,0,0
1288596,16:04:00,16:04:00,7088,3,0,0
1288596,16:07:00,16:07:00,7089,4,0,0
1288596,16:13:00,16:13:00,7066,5,0,0
1288596,16:15:00,16:15:00,7067,6,0,0
1288596,16:16:00,16:16:00,7068,7,0,0
1288596,16:20:00,16:20:00,7069,8,0,0
1288596,16:24:00,16:24:00,7070,9,0,0
1288596,16:25:00,16:25:00,7071,10,0,0
1288596,16:26:00,16:26:00,7072,11,0,0
1288596,16:29:00,16:29:00,7073,12,0,0
1288596,16:31:00,16:31:00,7074,13,0,0
1288596,16:33:00,16:33:00,7075,14,0,0
1288596,16:36:00,16:36:00,7076,15,0,0
1288596,16:37:00,16:37:00,7077,16,0,0
1288596,16:39:00,16:39:00,7078,17,0,0
1288596,16:41:00,16:41:00,7079,18,0,0
1288596,16:44:00,16:44:00,7080,19,0,0
1288596,16:45:00,16:45:00,7081,20,0,0
1288596,16:47:00,16:47:00,7032,21,0,0
1288596,16:48:00,16:48:00,7033,22,0,0
1288596,16:50:00,16:50:00,7034,23,0,0
1288596,16:54:00,16:54:00,7036,24,0,0
1288596,16:55:00,16:55:00,7091,25,0,0
1288596,16:56:00,16:56:00,7095,26,0,0
1288596,16:59:00,16:59:00,7092,27,1,0
1288597,16:14:00,16:14:00,7086,1,0,1
1288597,16:17:00,16:17:00,7087,2,0,0
1288597,16:19:00,16:19:00,7088,3,0,0
1288597,16:22:00,16:22:00,7089,4,0,0
1288597,16:28:00,16:28:00,7066,5,0,0
1288597,16:30:00,16:30:00,7067,6,0,0
1288597,16:31:00,16:31:00,7068,7,0,0
1288597,16:35:00,16:35:00,7069,8,0,0
1288597,16:39:00,16:39:00,7070,9,0,0
1288597,16:40:00,16:40:00,7071,10,0,0
1288597,16:41:00,16:41:00,7072,11,0,0
1288597,16:44:00,16:44:00,7073,12,0,0
1288597,16:46:00,16:46:00,7074,13,0,0
1288597,16:48:00,16:48:00,7075,14,0,0
1288597,16:51:00,16:51:00,7076,15,0,0
1288597,16:52:00,16:52:00,7077,16,0,0
1288597,16:54:00,16:54:00,7078,17,0,0
1288597,16:56:00,16:56:00,7079,18,0,0
1288597,16:59:00,16:59:00,7080,19,0,0
1288597,17:00:00,17:00:00,7081,20,0,0
1288597,17:02:00,17:02:00,7032,21,0,0
1288597,17:03:00,17:03:00,7033,22,0,0
1288597,17:05:00,17:05:00,7034,23,0,0
1288597,17:09:00,17:09:00,7036,24,0,0
1288597,17:10:00,17:10:00,7091,25,0,0
1288597,17:11:00,17:11:00,7095,26,0,0
1288597,17:14:00,17:14:00,7092,27,1,0
1288598,16:29:00,16:29:00,7086,1,0,1
1288598,16:32:00,16:32:00,7087,2,0,0
1288598,16:34:00,16:34:00,7088,3,0,0
1288598,16:37:00,16:37:00,7089,4,0,0
1288598,16:43:00,16:43:00,7066,5,0,0
1288598,16:45:00,16:45:00,7067,6,0,0
1288598,16:46:00,16:46:00,7068,7,0,0
1288598,16:50:00,16:50:00,7069,8,0,0
1288598,16:54:00,16:54:00,7070,9,0,0
1288598,16:55:00,16:55:00,7071,10,0,0
1288598,16:56:00,16:56:00,7072,11,0,0
1288598,16:59:00,16:59:00,7073,12,0,0
1288598,17:01:00,17:01:00,7074,13,0,0
1288598,17:03:00,17:03:00,7075,14,0,0
1288598,17:06:00,17:06:00,7076,15,0,0
1288598,17:07:00,17:07:00,7077,16,0,0
1288598,17:09:00,17:09:00,7078,17,0,0
1288598,17:11:00,17:11:00,7079,18,0,0
1288598,17:14:00,17:14:00,7080,19,0,0
1288598,17:15:00,17:15:00,7081,20,0,0
1288598,17:17:00,17:17:00,7032,21,0,0
1288598,17:18:00,17:18:00,7033,22,0,0
1288598,17:20:00,17:20:00,7034,23,0,0
1288598,17:24:00,17:24:00,7036,24,0,0
1288598,17:25:00,17:25:00,7091,25,0,0
1288598,17:26:00,17:26:00,7095,26,0,0
1288598,17:29:00,17:29:00,7092,27,1,0
1288599,16:58:00,16:58:00,7066,1,0,1
1288599,17:00:00,17:00:00,7067,2,0,0
1288599,17:01:00,17:01:00,7068,3,0,0
1288599,17:05:00,17:05:00,7069,4,0,0
1288599,17:09:00,17:09:00,7070,5,0,0
1288599,17:10:00,17:10:00,7071,6,0,0
1288599,17:11:00,17:11:00,7072,7,0,0
1288599,17:14:00,17:14:00,7073,8,0,0
1288599,17:16:00,17:16:00,7074,9,0,0
1288599,17:18:00,17:18:00,7075,10,0,0
1288599,17:21:00,17:21:00,7076,11,0,0
1288599,17:22:00,17:22:00,7077,12,0,0
1288599,17:24:00,17:24:00,7078,13,0,0
1288599,17:26:00,17:26:00,7079,14,0,0
1288599,17:29:00,17:29:00,7080,15,0,0
1288599,17:30:00,17:30:00,7081,16,0,0
1288599,17:32:00,17:32:00,7032,17,0,0
1288599,17:33:00,17:33:00,7033,18,0,0
1288599,17:35:00,17:35:00,7034,19,0,0
1288599,17:39:00,17:39:00,7036,20,0,0
1288599,17:40:00,17:40:00,7091,21,0,0
1288599,17:41:00,17:41:00,7095,22,0,0
1288599,17:44:00,17:44:00,7092,23,1,0
1288600,16:59:00,16:59:00,7086,1,0,1
1288600,17:02:00,17:02:00,7087,2,0,0
1288600,17:04:00,17:04:00,7088,3,0,0
1288600,17:07:00,17:07:00,7089,4,0,0
1288600,17:13:00,17:13:00,7066,5,0,0
1288600,17:15:00,17:15:00,7067,6,0,0
1288600,17:16:00,17:16:00,7068,7,0,0
1288600,17:20:00,17:20:00,7069,8,0,0
1288600,17:24:00,17:24:00,7070,9,0,0
1288600,17:25:00,17:25:00,7071,10,0,0
1288600,17:26:00,17:26:00,7072,11,0,0
1288600,17:29:00,17:29:00,7073,12,0,0
1288600,17:31:00,17:31:00,7074,13,0,0
1288600,17:33:00,17:33:00,7075,14,0,0
1288600,17:36:00,17:36:00,7076,15,0,0
1288600,17:37:00,17:37:00,7077,16,0,0
1288600,17:39:00,17:39:00,7078,17,0,0
1288600,17:41:00,17:41:00,7079,18,0,0
1288600,17:44:00,17:44:00,7080,19,0,0
1288600,17:45:00,17:45:00,7081,20,0,0
1288600,17:47:00,17:47:00,7032,21,0,0
1288600,17:48:00,17:48:00,7033,22,0,0
1288600,17:50:00,17:50:00,7034,23,0,0
1288600,17:54:00,17:54:00,7036,24,0,0
1288600,17:55:00,17:55:00,7091,25,0,0
1288600,17:56:00,17:56:00,7095,26,0,0
1288600,17:59:00,17:59:00,7092,27,1,0
1288601,17:14:00,17:14:00,7086,1,0,1
1288601,17:17:00,17:17:00,7087,2,0,0
1288601,17:19:00,17:19:00,7088,3,0,0
1288601,17:22:00,17:22:00,7089,4,0,0
1288601,17:28:00,17:28:00,7066,5,0,0
1288601,17:30:00,17:30:00,7067,6,0,0
1288601,17:31:00,17:31:00,7068,7,0,0
1288601,17:35:00,17:35:00,7069,8,0,0
1288601,17:39:00,17:39:00,7070,9,0,0
1288601,17:40:00,17:40:00,7071,10,0,0
1288601,17:41:00,17:41:00,7072,11,0,0
1288601,17:44:00,17:44:00,7073,12,0,0
1288601,17:46:00,17:46:00,7074,13,0,0
1288601,17:48:00,17:48:00,7075,14,0,0
1288601,17:51:00,17:51:00,7076,15,0,0
1288601,17:52:00,17:52:00,7077,16,0,0
1288601,17:54:00,17:54:00,7078,17,0,0
1288601,17:56:00,17:56:00,7079,18,0,0
1288601,17:59:00,17:59:00,7080,19,0,0
1288601,18:00:00,18:00:00,7081,20,0,0
1288601,18:02:00,18:02:00,7032,21,0,0
1288601,18:03:00,18:03:00,7033,22,0,0
1288601,18:05:00,18:05:00,7034,23,0,0
1288601,18:09:00,18:09:00,7036,24,0,0
1288601,18:10:00,18:10:00,7091,25,0,0
1288601,18:11:00,18:11:00,7095,26,0,0
1288601,18:14:00,18:14:00,7092,27,1,0
1288602,17:29:00,17:29:00,7086,1,0,1
1288602,17:32:00,17:32:00,7087,2,0,0
1288602,17:34:00,17:34:00,7088,3,0,0
1288602,17:37:00,17:37:00,7089,4,0,0
1288602,17:43:00,17:43:00,7066,5,0,0
1288602,17:45:00,17:45:00,7067,6,0,0
1288602,17:46:00,17:46:00,7068,7,0,0
1288602,17:50:00,17:50:00,7069,8,0,0
1288602,17:54:00,17:54:00,7070,9,0,0
1288602,17:55:00,17:55:00,7071,10,0,0
1288602,17:56:00,17:56:00,7072,11,0,0
1288602,17:59:00,17:59:00,7073,12,0,0
1288602,18:01:00,18:01:00,7074,13,0,0
1288602,18:03:00,18:03:00,7075,14,0,0
1288602,18:06:00,18:06:00,7076,15,0,0
1288602,18:07:00,18:07:00,7077,16,0,0
1288602,18:09:00,18:09:00,7078,17,0,0
1288602,18:11:00,18:11:00,7079,18,0,0
1288602,18:14:00,18:14:00,7080,19,0,0
1288602,18:15:00,18:15:00,7081,20,0,0
1288602,18:17:00,18:17:00,7032,21,0,0
1288602,18:18:00,18:18:00,7033,22,0,0
1288602,18:20:00,18:20:00,7034,23,0,0
1288602,18:24:00,18:24:00,7036,24,0,0
1288602,18:25:00,18:25:00,7091,25,0,0
1288602,18:26:00,18:26:00,7095,26,0,0
1288602,18:29:00,18:29:00,7092,27,1,0
1288603,17:58:00,17:58:00,7066,1,0,1
1288603,18:00:00,18:00:00,7067,2,0,0
1288603,18:01:00,18:01:00,7068,3,0,0
1288603,18:05:00,18:05:00,7069,4,0,0
1288603,18:09:00,18:09:00,7070,5,0,0
1288603,18:10:00,18:10:00,7071,6,0,0
1288603,18:11:00,18:11:00,7072,7,0,0
1288603,18:14:00,18:14:00,7073,8,0,0
1288603,18:16:00,18:16:00,7074,9,0,0
1288603,18:18:00,18:18:00,7075,10,0,0
1288603,18:21:00,18:21:00,7076,11,0,0
1288603,18:22:00,18:22:00,7077,12,0,0
1288603,18:24:00,18:24:00,7078,13,0,0
1288603,18:26:00,18:26:00,7079,14,0,0
1288603,18:29:00,18:29:00,7080,15,0,0
1288603,18:30:00,18:30:00,7081,16,0,0
1288603,18:32:00,18:32:00,7032,17,0,0
1288603,18:33:00,18:33:00,7033,18,0,0
1288603,18:35:00,18:35:00,7034,19,0,0
1288603,18:39:00,18:39:00,7036,20,0,0
1288603,18:40:00,18:40:00,7091,21,0,0
1288603,18:41:00,18:41:00,7095,22,0,0
1288603,18:44:00,18:44:00,7092,23,1,0
1288604,17:59:00,17:59:00,7086,1,0,1
1288604,18:02:00,18:02:00,7087,2,0,0
1288604,18:04:00,18:04:00,7088,3,0,0
1288604,18:07:00,18:07:00,7089,4,0,0
1288604,18:13:00,18:13:00,7066,5,0,0
1288604,18:15:00,18:15:00,7067,6,0,0
1288604,18:16:00,18:16:00,7068,7,0,0
1288604,18:20:00,18:20:00,7069,8,0,0
1288604,18:24:00,18:24:00,7070,9,0,0
1288604,18:25:00,18:25:00,7071,10,0,0
1288604,18:26:00,18:26:00,7072,11,0,0
1288604,18:29:00,18:29:00,7073,12,0,0
1288604,18:31:00,18:31:00,7074,13,0,0
1288604,18:33:00,18:33:00,7075,14,0,0
1288604,18:36:00,18:36:00,7076,15,0,0
1288604,18:37:00,18:37:00,7077,16,0,0
1288604,18:39:00,18:39:00,7078,17,0,0
1288604,18:41:00,18:41:00,7079,18,0,0
1288604,18:44:00,18:44:00,7080,19,0,0
1288604,18:45:00,18:45:00,7081,20,0,0
1288604,18:47:00,18:47:00,7032,21,0,0
1288604,18:48:00,18:48:00,7033,22,0,0
1288604,18:50:00,18:50:00,7034,23,0,0
1288604,18:54:00,18:54:00,7036,24,0,0
1288604,18:55:00,18:55:00,7091,25,0,0
1288604,18:56:00,18:56:00,7095,26,0,0
1288604,18:59:00,18:59:00,7092,27,1,0
1288605,18:14:00,18:14:00,7086,1,0,1
1288605,18:17:00,18:17:00,7087,2,0,0
1288605,18:19:00,18:19:00,7088,3,0,0
1288605,18:22:00,18:22:00,7089,4,0,0
1288605,18:28:00,18:28:00,7066,5,0,0
1288605,18:30:00,18:30:00,7067,6,0,0
1288605,18:31:00,18:31:00,7068,7,0,0
1288605,18:35:00,18:35:00,7069,8,0,0
1288605,18:39:00,18:39:00,7070,9,0,0
1288605,18:40:00,18:40:00,7071,10,0,0
1288605,18:41:00,18:41:00,7072,11,0,0
1288605,18:44:00,18:44:00,7073,12,0,0
1288605,18:46:00,18:46:00,7074,13,0,0
1288605,18:48:00,18:48:00,7075,14,0,0
1288605,18:51:00,18:51:00,7076,15,0,0
1288605,18:52:00,18:52:00,7077,16,0,0
1288605,18:54:00,18:54:00,7078,17,0,0
1288605,18:56:00,18:56:00,7079,18,0,0
1288605,18:59:00,18:59:00,7080,19,0,0
1288605,19:00:00,19:00:00,7081,20,0,0
1288605,19:02:00,19:02:00,7032,21,0,0
1288605,19:03:00,19:03:00,7033,22,0,0
1288605,19:05:00,19:05:00,7034,23,0,0
1288605,19:09:00,19:09:00,7036,24,0,0
1288605,19:10:00,19:10:00,7091,25,1,0
1288606,18:58:00,18:58:00,7066,1,0,1
1288606,19:00:00,19:00:00,7067,2,0,0
1288606,19:01:00,19:01:00,7068,3,0,0
1288606,19:05:00,19:05:00,7069,4,0,0
1288606,19:09:00,19:09:00,7070,5,0,0
1288606,19:10:00,19:10:00,7071,6,0,0
1288606,19:11:00,19:11:00,7072,7,0,0
1288606,19:14:00,19:14:00,7073,8,0,0
1288606,19:16:00,19:16:00,7074,9,0,0
1288606,19:18:00,19:18:00,7075,10,0,0
1288606,19:21:00,19:21:00,7076,11,0,0
1288606,19:22:00,19:22:00,7077,12,0,0
1288606,19:24:00,19:24:00,7078,13,0,0
1288606,19:26:00,19:26:00,7079,14,0,0
1288606,19:29:00,19:29:00,7080,15,0,0
1288606,19:30:00,19:30:00,7081,16,0,0
1288606,19:32:00,19:32:00,7032,17,0,0
1288606,19:33:00,19:33:00,7033,18,0,0
1288606,19:35:00,19:35:00,7034,19,0,0
1288606,19:39:00,19:39:00,7036,20,0,0
1288606,19:40:00,19:40:00,7091,21,1,0
1288607,19:14:00,19:14:00,7086,1,0,1
1288607,19:17:00,19:17:00,7087,2,0,0
1288607,19:19:00,19:19:00,7088,3,0,0
1288607,19:22:00,19:22:00,7089,4,0,0
1288607,19:28:00,19:28:00,7066,5,0,0
1288607,19:30:00,19:30:00,7067,6,0,0
1288607,19:31:00,19:31:00,7068,7,0,0
1288607,19:35:00,19:35:00,7069,8,0,0
1288607,19:39:00,19:39:00,7070,9,0,0
1288607,19:40:00,19:40:00,7071,10,0,0
1288607,19:41:00,19:41:00,7072,11,0,0
1288607,19:44:00,19:44:00,7073,12,0,0
1288607,19:46:00,19:46:00,7074,13,0,0
1288607,19:48:00,19:48:00,7075,14,0,0
1288607,19:51:00,19:51:00,7076,15,0,0
1288607,19:52:00,19:52:00,7077,16,0,0
1288607,19:54:00,19:54:00,7078,17,0,0
1288607,19:56:00,19:56:00,7079,18,0,0
1288607,19:59:00,19:59:00,7080,19,0,0
1288607,20:00:00,20:00:00,7081,20,0,0
1288607,20:02:00,20:02:00,7032,21,0,0
1288607,20:03:00,20:03:00,7033,22,0,0
1288607,20:05:00,20:05:00,7034,23,0,0
1288607,20:09:00,20:09:00,7036,24,0,0
1288607,20:10:00,20:10:00,7091,25,1,0
1288608,21:59:00,21:59:00,7086,1,0,1
1288608,22:02:00,22:02:00,7087,2,0,0
1288608,22:04:00,22:04:00,7088,3,0,0
1288608,22:07:00,22:07:00,7089,4,0,0
1288608,22:13:00,22:13:00,7066,5,0,0
1288608,22:15:00,22:15:00,7067,6,0,0
1288608,22:16:00,22:16:00,7068,7,0,0
1288608,22:20:00,22:20:00,7069,8,0,0
1288608,22:24:00,22:24:00,7070,9,0,0
1288608,22:25:00,22:25:00,7071,10,0,0
1288608,22:26:00,22:26:00,7072,11,0,0
1288608,22:29:00,22:29:00,7073,12,0,0
1288608,22:31:00,22:31:00,7074,13,0,0
1288608,22:33:00,22:33:00,7075,14,0,0
1288608,22:36:00,22:36:00,7076,15,0,0
1288608,22:37:00,22:37:00,7077,16,0,0
1288608,22:39:00,22:39:00,7078,17,0,0
1288608,22:41:00,22:41:00,7079,18,0,0
1288608,22:44:00,22:44:00,7080,19,0,0
1288608,22:45:00,22:45:00,7081,20,0,0
1288608,22:47:00,22:47:00,7032,21,0,0
1288608,22:48:00,22:48:00,7033,22,0,0
1288608,22:50:00,22:50:00,7034,23,0,0
1288608,22:54:00,22:54:00,7036,24,0,0
1288608,22:55:00,22:55:00,7091,25,1,0
1288609,22:29:00,22:29:00,7086,1,0,1
1288609,22:32:00,22:32:00,7087,2,0,0
1288609,22:34:00,22:34:00,7088,3,0,0
1288609,22:37:00,22:37:00,7089,4,0,0
1288609,22:43:00,22:43:00,7066,5,0,0
1288609,22:45:00,22:45:00,7067,6,0,0
1288609,22:46:00,22:46:00,7068,7,0,0
1288609,22:50:00,22:50:00,7069,8,0,0
1288609,22:54:00,22:54:00,7070,9,0,0
1288609,22:55:00,22:55:00,7071,10,0,0
1288609,22:56:00,22:56:00,7072,11,0,0
1288609,22:59:00,22:59:00,7073,12,0,0
1288609,23:01:00,23:01:00,7074,13,0,0
1288609,23:03:00,23:03:00,7075,14,0,0
1288609,23:06:00,23:06:00,7076,15,0,0
1288609,23:07:00,23:07:00,7077,16,0,0
1288609,23:09:00,23:09:00,7078,17,0,0
1288609,23:11:00,23:11:00,7079,18,0,0
1288609,23:14:00,23:14:00,7080,19,0,0
1288609,23:15:00,23:15:00,7081,20,0,0
1288609,23:17:00,23:17:00,7032,21,0,0
1288609,23:18:00,23:18:00,7033,22,0,0
1288609,23:20:00,23:20:00,7034,23,0,0
1288609,23:24:00,23:24:00,7036,24,0,0
1288609,23:25:00,23:25:00,7091,25,1,0
1288610,22:59:00,22:59:00,7086,1,0,1
1288610,23:02:00,23:02:00,7087,2,0,0
1288610,23:04:00,23:04:00,7088,3,0,0
1288610,23:07:00,23:07:00,7089,4,0,0
1288610,23:13:00,23:13:00,7066,5,0,0
1288610,23:15:00,23:15:00,7067,6,0,0
1288610,23:16:00,23:16:00,7068,7,0,0
1288610,23:20:00,23:20:00,7069,8,0,0
1288610,23:24:00,23:24:00,7070,9,0,0
1288610,23:25:00,23:25:00,7071,10,0,0
1288610,23:26:00,23:26:00,7072,11,0,0
1288610,23:29:00,23:29:00,7073,12,0,0
1288610,23:31:00,23:31:00,7074,13,0,0
1288610,23:33:00,23:33:00,7075,14,0,0
1288610,23:36:00,23:36:00,7076,15,0,0
1288610,23:37:00,23:37:00,7077,16,0,0
1288610,23:39:00,23:39:00,7078,17,0,0
1288610,23:41:00,23:41:00,7079,18,0,0
1288610,23:44:00,23:44:00,7080,19,0,0
1288610,23:45:00,23:45:00,7081,20,0,0
1288610,23:47:00,23:47:00,7032,21,0,0
1288610,23:48:00,23:48:00,7033,22,0,0
1288610,23:50:00,23:50:00,7034,23,0,0
1288610,23:54:00,23:54:00,7036,24,0,0
1288610,23:55:00,23:55:00,7091,25,1,0
1288611,23:29:00,23:29:00,7086,1,0,1
1288611,23:32:00,23:32:00,7087,2,0,0
1288611,23:34:00,23:34:00,7088,3,0,0
1288611,23:37:00,23:37:00,7089,4,0,0
1288611,23:43:00,23:43:00,7066,5,0,0
1288611,23:45:00,23:45:00,7067,6,0,0
1288611,23:46:00,23:46:00,7068,7,0,0
1288611,23:50:00,23:50:00,7069,8,0,0
1288611,23:54:00,23:54:00,7070,9,0,0
1288611,23:55:00,23:55:00,7071,10,0,0
1288611,23:56:00,23:56:00,7072,11,0,0
1288611,23:59:00,23:59:00,7073,12,0,0
1288611,24:01:00,24:01:00,7074,13,0,0
1288611,24:03:00,24:03:00,7075,14,0,0
1288611,24:06:00,24:06:00,7076,15,0,0
1288611,24:07:00,24:07:00,7077,16,0,0
1288611,24:09:00,24:09:00,7078,17,0,0
1288611,24:11:00,24:11:00,7079,18,0,0
1288611,24:14:00,24:14:00,7080,19,0,0
1288611,24:15:00,24:15:00,7081,20,0,0
1288611,24:17:00,24:17:00,7032,21,0,0
1288611,24:18:00,24:18:00,7033,22,0,0
1288611,24:20:00,24:20:00,7034,23,0,0
1288611,24:24:00,24:24:00,7036,24,0,0
1288611,24:25:00,24:25:00,7091,25,1,0
1288612,18:29:00,18:29:00,7086,1,0,1
1288612,18:32:00,18:32:00,7087,2,0,0
1288612,18:34:00,18:34:00,7088,3,0,0
1288612,18:37:00,18:37:00,7089,4,0,0
1288612,18:43:00,18:43:00,7066,5,0,0
1288612,18:45:00,18:45:00,7067,6,0,0
1288612,18:46:00,18:46:00,7068,7,0,0
1288612,18:50:00,18:50:00,7069,8,0,0
1288612,18:54:00,18:54:00,7070,9,0,0
1288612,18:55:00,18:55:00,7071,10,0,0
1288612,18:56:00,18:56:00,7072,11,0,0
1288612,18:59:00,18:59:00,7073,12,0,0
1288612,19:01:00,19:01:00,7074,13,0,0
1288612,19:03:00,19:03:00,7075,14,0,0
1288612,19:06:00,19:06:00,7076,15,0,0
1288612,19:07:00,19:07:00,7077,16,0,0
1288612,19:09:00,19:09:00,7078,17,0,0
1288612,19:11:00,19:11:00,7079,18,0,0
1288612,19:14:00,19:14:00,7080,19,0,0
1288612,19:15:00,19:15:00,7081,20,0,0
1288612,19:17:00,19:17:00,7032,21,0,0
1288612,19:18:00,19:18:00,7033,22,0,0
1288612,19:20:00,19:20:00,7034,23,0,0
1288612,19:24:00,19:24:00,7036,24,0,0
1288612,19:25:00,19:25:00,7091,25,0,0
1288612,19:26:00,19:26:00,7095,26,0,0
1288612,19:29:00,19:29:00,7092,27,1,0
1288613,18:59:00,18:59:00,7086,1,0,1
1288613,19:02:00,19:02:00,7087,2,0,0
1288613,19:04:00,19:04:00,7088,3,0,0
1288613,19:07:00,19:07:00,7089,4,0,0
1288613,19:13:00,19:13:00,7066,5,0,0
1288613,19:15:00,19:15:00,7067,6,0,0
1288613,19:16:00,19:16:00,7068,7,0,0
1288613,19:20:00,19:20:00,7069,8,0,0
1288613,19:24:00,19:24:00,7070,9,0,0
1288613,19:25:00,19:25:00,7071,10,0,0
1288613,19:26:00,19:26:00,7072,11,0,0
1288613,19:29:00,19:29:00,7073,12,0,0
1288613,19:31:00,19:31:00,7074,13,0,0
1288613,19:33:00,19:33:00,7075,14,0,0
1288613,19:36:00,19:36:00,7076,15,0,0
1288613,19:37:00,19:37:00,7077,16,0,0
1288613,19:39:00,19:39:00,7078,17,0,0
1288613,19:41:00,19:41:00,7079,18,0,0
1288613,19:44:00,19:44:00,7080,19,0,0
1288613,19:45:00,19:45:00,7081,20,0,0
1288613,19:47:00,19:47:00,7032,21,0,0
1288613,19:48:00,19:48:00,7033,22,0,0
1288613,19:50:00,19:50:00,7034,23,0,0
1288613,19:54:00,19:54:00,7036,24,0,0
1288613,19:55:00,19:55:00,7091,25,0,0
1288613,19:56:00,19:56:00,7095,26,0,0
1288613,19:59:00,19:59:00,7092,27,1,0
1288614,19:29:00,19:29:00,7086,1,0,1
1288614,19:32:00,19:32:00,7087,2,0,0
1288614,19:34:00,19:34:00,7088,3,0,0
1288614,19:37:00,19:37:00,7089,4,0,0
1288614,19:43:00,19:43:00,7066,5,0,0
1288614,19:45:00,19:45:00,7067,6,0,0
1288614,19:46:00,19:46:00,7068,7,0,0
1288614,19:50:00,19:50:00,7069,8,0,0
1288614,19:54:00,19:54:00,7070,9,0,0
1288614,19:55:00,19:55:00,7071,10,0,0
1288614,19:56:00,19:56:00,7072,11,0,0
1288614,19:59:00,19:59:00,7073,12,0,0
1288614,20:01:00,20:01:00,7074,13,0,0
1288614,20:03:00,20:03:00,7075,14,0,0
1288614,20:06:00,20:06:00,7076,15,0,0
1288614,20:07:00,20:07:00,7077,16,0,0
1288614,20:09:00,20:09:00,7078,17,0,0
1288614,20:11:00,20:11:00,7079,18,0,0
1288614,20:14:00,20:14:00,7080,19,0,0
1288614,20:15:00,20:15:00,7081,20,0,0
1288614,20:17:00,20:17:00,7032,21,0,0
1288614,20:18:00,20:18:00,7033,22,0,0
1288614,20:20:00,20:20:00,7034,23,0,0
1288614,20:24:00,20:24:00,7036,24,0,0
1288614,20:25:00,20:25:00,7091,25,0,0
1288614,20:26:00,20:26:00,7095,26,0,0
1288614,20:29:00,20:29:00,7092,27,1,0
1288615,19:59:00,19:59:00,7086,1,0,1
1288615,20:02:00,20:02:00,7087,2,0,0
1288615,20:04:00,20:04:00,7088,3,0,0
1288615,20:07:00,20:07:00,7089,4,0,0
1288615,20:13:00,20:13:00,7066,5,0,0
1288615,20:15:00,20:15:00,7067,6,0,0
1288615,20:16:00,20:16:00,7068,7,0,0
1288615,20:20:00,20:20:00,7069,8,0,0
1288615,20:24:00,20:24:00,7070,9,0,0
1288615,20:25:00,20:25:00,7071,10,0,0
1288615,20:26:00,20:26:00,7072,11,0,0
1288615,20:29:00,20:29:00,7073,12,0,0
1288615,20:31:00,20:31:00,7074,13,0,0
1288615,20:33:00,20:33:00,7075,14,0,0
1288615,20:36:00,20:36:00,7076,15,0,0
1288615,20:37:00,20:37:00,7077,16,0,0
1288615,20:39:00,20:39:00,7078,17,0,0
1288615,20:41:00,20:41:00,7079,18,0,0
1288615,20:44:00,20:44:00,7080,19,0,0
1288615,20:45:00,20:45:00,7081,20,0,0
1288615,20:47:00,20:47:00,7032,21,0,0
1288615,20:48:00,20:48:00,7033,22,0,0
1288615,20:50:00,20:50:00,7034,23,0,0
1288615,20:54:00,20:54:00,7036,24,0,0
1288615,20:55:00,20:55:00,7091,25,0,0
1288615,20:56:00,20:56:00,7095,26,0,0
1288615,20:59:00,20:59:00,7092,27,1,0
1288616,20:29:00,20:29:00,7086,1,0,1
1288616,20:32:00,20:32:00,7087,2,0,0
1288616,20:34:00,20:34:00,7088,3,0,0
1288616,20:37:00,20:37:00,7089,4,0,0
1288616,20:43:00,20:43:00,7066,5,0,0
1288616,20:45:00,20:45:00,7067,6,0,0
1288616,20:46:00,20:46:00,7068,7,0,0
1288616,20:50:00,20:50:00,7069,8,0,0
1288616,20:54:00,20:54:00,7070,9,0,0
1288616,20:55:00,20:55:00,7071,10,0,0
1288616,20:56:00,20:56:00,7072,11,0,0
1288616,20:59:00,20:59:00,7073,12,0,0
1288616,21:01:00,21:01:00,7074,13,0,0
1288616,21:03:00,21:03:00,7075,14,0,0
1288616,21:06:00,21:06:00,7076,15,0,0
1288616,21:07:00,21:07:00,7077,16,0,0
1288616,21:09:00,21:09:00,7078,17,0,0
1288616,21:11:00,21:11:00,7079,18,0,0
1288616,21:14:00,21:14:00,7080,19,0,0
1288616,21:15:00,21:15:00,7081,20,0,0
1288616,21:17:00,21:17:00,7032,21,0,0
1288616,21:18:00,21:18:00,7033,22,0,0
1288616,21:20:00,21:20:00,7034,23,0,0
1288616,21:24:00,21:24:00,7036,24,0,0
1288616,21:25:00,21:25:00,7091,25,0,0
1288616,21:26:00,21:26:00,7095,26,0,0
1288616,21:29:00,21:29:00,7092,27,1,0
1288617,20:59:00,20:59:00,7086,1,0,1
1288617,21:02:00,21:02:00,7087,2,0,0
1288617,21:04:00,21:04:00,7088,3,0,0
1288617,21:07:00,21:07:00,7089,4,0,0
1288617,21:13:00,21:13:00,7066,5,0,0
1288617,21:15:00,21:15:00,7067,6,0,0
1288617,21:16:00,21:16:00,7068,7,0,0
1288617,21:20:00,21:20:00,7069,8,0,0
1288617,21:24:00,21:24:00,7070,9,0,0
1288617,21:25:00,21:25:00,7071,10,0,0
1288617,21:26:00,21:26:00,7072,11,0,0
1288617,21:29:00,21:29:00,7073,12,0,0
1288617,21:31:00,21:31:00,7074,13,0,0
1288617,21:33:00,21:33:00,7075,14,0,0
1288617,21:36:00,21:36:00,7076,15,0,0
1288617,21:37:00,21:37:00,7077,16,0,0
1288617,21:39:00,21:39:00,7078,17,0,0
1288617,21:41:00,21:41:00,7079,18,0,0
1288617,21:44:00,21:44:00,7080,19,0,0
1288617,21:45:00,21:45:00,7081,20,0,0
1288617,21:47:00,21:47:00,7032,21,0,0
1288617,21:48:00,21:48:00,7033,22,0,0
1288617,21:50:00,21:50:00,7034,23,0,0
1288617,21:54:00,21:54:00,7036,24,0,0
1288617,21:55:00,21:55:00,7091,25,0,0
1288617,21:56:00,21:56:00,7095,26,0,0
1288617,21:59:00,21:59:00,7092,27,1,0
1288618,21:29:00,21:29:00,7086,1,0,1
1288618,21:32:00,21:32:00,7087,2,0,0
1288618,21:34:00,21:34:00,7088,3,0,0
1288618,21:37:00,21:37:00,7089,4,0,0
1288618,21:43:00,21:43:00,7066,5,0,0
1288618,21:45:00,21:45:00,7067,6,0,0
1288618,21:46:00,21:46:00,7068,7,0,0
1288618,21:50:00,21:50:00,7069,8,0,0
1288618,21:54:00,21:54:00,7070,9,0,0
1288618,21:55:00,21:55:00,7071,10,0,0
1288618,21:56:00,21:56:00,7072,11,0,0
1288618,21:59:00,21:59:00,7073,12,0,0
1288618,22:01:00,22:01:00,7074,13,0,0
1288618,22:03:00,22:03:00,7075,14,0,0
1288618,22:06:00,22:06:00,7076,15,0,0
1288618,22:07:00,22:07:00,7077,16,0,0
1288618,22:09:00,22:09:00,7078,17,0,0
1288618,22:11:00,22:11:00,7079,18,0,0
1288618,22:14:00,22:14:00,7080,19,0,0
1288618,22:15:00,22:15:00,7081,20,0,0
1288618,22:17:00,22:17:00,7032,21,0,0
1288618,22:18:00,22:18:00,7033,22,0,0
1288618,22:20:00,22:20:00,7034,23,0,0
1288618,22:24:00,22:24:00,7036,24,0,0
1288618,22:25:00,22:25:00,7091,25,0,0
1288618,22:26:00,22:26:00,7095,26,0,0
1288618,22:29:00,22:29:00,7092,27,1,0
1288619,03:49:00,03:49:00,7093,1,0,1
1288619,03:51:00,03:51:00,7090,2,0,0
1288619,03:54:00,03:54:00,7013,3,0,0
1288619,03:55:00,03:55:00,7014,4,0,0
1288619,03:56:00,03:56:00,7015,5,0,0
1288619,03:59:00,03:59:00,7016,6,0,0
1288619,04:01:00,04:01:00,7017,7,0,0
1288619,04:03:00,04:03:00,7050,8,0,0
1288619,04:05:00,04:05:00,7051,9,0,0
1288619,04:07:00,04:07:00,7052,10,0,0
1288619,04:08:00,04:08:00,7053,11,0,0
1288619,04:10:00,04:10:00,7054,12,0,0
1288619,04:12:00,04:12:00,7055,13,0,0
1288619,04:14:00,04:14:00,7056,14,0,0
1288619,04:16:00,04:16:00,7057,15,0,0
1288619,04:19:00,04:19:00,7058,16,0,0
1288619,04:20:00,04:20:00,7059,17,0,0
1288619,04:22:00,04:22:00,7060,18,0,0
1288619,04:23:00,04:23:00,7061,19,0,0
1288619,04:28:00,04:28:00,7062,20,0,0
1288619,04:31:00,04:31:00,7063,21,0,0
1288619,04:32:00,04:32:00,7064,22,0,0
1288619,04:35:00,04:35:00,7065,23,0,0
1288619,04:41:00,04:41:00,7082,24,0,0
1288619,04:43:00,04:43:00,7083,25,0,0
1288619,04:46:00,04:46:00,7084,26,0,0
1288619,04:49:00,04:49:00,7085,27,1,0
1288620,04:19:00,04:19:00,7093,1,0,1
1288620,04:21:00,04:21:00,7090,2,0,0
1288620,04:24:00,04:24:00,7013,3,0,0
1288620,04:25:00,04:25:00,7014,4,0,0
1288620,04:26:00,04:26:00,7015,5,0,0
1288620,04:29:00,04:29:00,7016,6,0,0
1288620,04:31:00,04:31:00,7017,7,0,0
1288620,04:33:00,04:33:00,7050,8,0,0
1288620,04:35:00,04:35:00,7051,9,0,0
1288620,04:37:00,04:37:00,7052,10,0,0
1288620,04:38:00,04:38:00,7053,11,0,0
1288620,04:40:00,04:40:00,7054,12,0,0
1288620,04:42:00,04:42:00,7055,13,0,0
1288620,04:44:00,04:44:00,7056,14,0,0
1288620,04:46:00,04:46:00,7057,15,0,0
1288620,04:49:00,04:49:00,7058,16,0,0
1288620,04:50:00,04:50:00,7059,17,0,0
1288620,04:52:00,04:52:00,7060,18,0,0
1288620,04:53:00,04:53:00,7061,19,0,0
1288620,04:58:00,04:58:00,7062,20,0,0
1288620,05:01:00,05:01:00,7063,21,0,0
1288620,05:02:00,05:02:00,7064,22,0,0
1288620,05:05:00,05:05:00,7065,23,0,0
1288620,05:11:00,05:11:00,7082,24,0,0
1288620,05:13:00,05:13:00,7083,25,0,0
1288620,05:16:00,05:16:00,7084,26,0,0
1288620,05:19:00,05:19:00,7085,27,1,0
1288621,04:49:00,04:49:00,7093,1,0,1
1288621,04:51:00,04:51:00,7090,2,0,0
1288621,04:54:00,04:54:00,7013,3,0,0
1288621,04:55:00,04:55:00,7014,4,0,0
1288621,04:56:00,04:56:00,7015,5,0,0
1288621,04:59:00,04:59:00,7016,6,0,0
1288621,05:01:00,05:01:00,7017,7,0,0
1288621,05:03:00,05:03:00,7050,8,0,0
1288621,05:05:00,05:05:00,7051,9,0,0
1288621,05:07:00,05:07:00,7052,10,0,0
1288621,05:08:00,05:08:00,7053,11,0,0
1288621,05:10:00,05:10:00,7054,12,0,0
1288621,05:12:00,05:12:00,7055,13,0,0
1288621,05:14:00,05:14:00,7056,14,0,0
1288621,05:16:00,05:16:00,7057,15,0,0
1288621,05:19:00,05:19:00,7058,16,0,0
1288621,05:20:00,05:20:00,7059,17,0,0
1288621,05:22:00,05:22:00,7060,18,0,0
1288621,05:23:00,05:23:00,7061,19,0,0
1288621,05:28:00,05:28:00,7062,20,0,0
1288621,05:31:00,05:31:00,7063,21,0,0
1288621,05:32:00,05:32:00,7064,22,0,0
1288621,05:35:00,05:35:00,7065,23,0,0
1288621,05:41:00,05:41:00,7082,24,0,0
1288621,05:43:00,05:43:00,7083,25,0,0
1288621,05:46:00,05:46:00,7084,26,0,0
1288621,05:49:00,05:49:00,7085,27,1,0
1288622,05:19:00,05:19:00,7093,1,0,1
1288622,05:21:00,05:21:00,7090,2,0,0
1288622,05:24:00,05:24:00,7013,3,0,0
1288622,05:25:00,05:25:00,7014,4,0,0
1288622,05:26:00,05:26:00,7015,5,0,0
1288622,05:29:00,05:29:00,7016,6,0,0
1288622,05:31:00,05:31:00,7017,7,0,0
1288622,05:33:00,05:33:00,7050,8,0,0
1288622,05:35:00,05:35:00,7051,9,0,0
1288622,05:37:00,05:37:00,7052,10,0,0
1288622,05:38:00,05:38:00,7053,11,0,0
1288622,05:40:00,05:40:00,7054,12,0,0
1288622,05:42:00,05:42:00,7055,13,0,0
1288622,05:44:00,05:44:00,7056,14,0,0
1288622,05:46:00,05:46:00,7057,15,0,0
1288622,05:49:00,05:49:00,7058,16,0,0
1288622,05:50:00,05:50:00,7059,17,0,0
1288622,05:52:00,05:52:00,7060,18,0,0
1288622,05:53:00,05:53:00,7061,19,0,0
1288622,05:58:00,05:58:00,7062,20,0,0
1288622,06:01:00,06:01:00,7063,21,0,0
1288622,06:02:00,06:02:00,7064,22,0,0
1288622,06:05:00,06:05:00,7065,23,0,0
1288622,06:11:00,06:11:00,7082,24,0,0
1288622,06:13:00,06:13:00,7083,25,0,0
1288622,06:16:00,06:16:00,7084,26,0,0
1288622,06:19:00,06:19:00,7085,27,1,0
1288623,05:49:00,05:49:00,7093,1,0,1
1288623,05:51:00,05:51:00,7090,2,0,0
1288623,05:54:00,05:54:00,7013,3,0,0
1288623,05:55:00,05:55:00,7014,4,0,0
1288623,05:56:00,05:56:00,7015,5,0,0
1288623,05:59:00,05:59:00,7016,6,0,0
1288623,06:01:00,06:01:00,7017,7,0,0
1288623,06:03:00,06:03:00,7050,8,0,0
1288623,06:05:00,06:05:00,7051,9,0,0
1288623,06:07:00,06:07:00,7052,10,0,0
1288623,06:08:00,06:08:00,7053,11,0,0
1288623,06:10:00,06:10:00,7054,12,0,0
1288623,06:12:00,06:12:00,7055,13,0,0
1288623,06:14:00,06:14:00,7056,14,0,0
1288623,06:16:00,06:16:00,7057,15,0,0
1288623,06:19:00,06:19:00,7058,16,0,0
1288623,06:20:00,06:20:00,7059,17,0,0
1288623,06:22:00,06:22:00,7060,18,0,0
1288623,06:23:00,06:23:00,7061,19,0,0
1288623,06:28:00,06:28:00,7062,20,0,0
1288623,06:31:00,06:31:00,7063,21,0,0
1288623,06:32:00,06:32:00,7064,22,0,0
1288623,06:35:00,06:35:00,7065,23,0,0
1288623,06:41:00,06:41:00,7082,24,0,0
1288623,06:43:00,06:43:00,7083,25,0,0
1288623,06:46:00,06:46:00,7084,26,0,0
1288623,06:49:00,06:49:00,7085,27,1,0
1288624,06:19:00,06:19:00,7093,1,0,1
1288624,06:21:00,06:21:00,7090,2,0,0
1288624,06:24:00,06:24:00,7013,3,0,0
1288624,06:25:00,06:25:00,7014,4,0,0
1288624,06:26:00,06:26:00,7015,5,0,0
1288624,06:29:00,06:29:00,7016,6,0,0
1288624,06:31:00,06:31:00,7017,7,0,0
1288624,06:33:00,06:33:00,7050,8,0,0
1288624,06:35:00,06:35:00,7051,9,0,0
1288624,06:37:00,06:37:00,7052,10,0,0
1288624,06:38:00,06:38:00,7053,11,0,0
1288624,06:40:00,06:40:00,7054,12,0,0
1288624,06:42:00,06:42:00,7055,13,0,0
1288624,06:44:00,06:44:00,7056,14,0,0
1288624,06:46:00,06:46:00,7057,15,0,0
1288624,06:49:00,06:49:00,7058,16,0,0
1288624,06:50:00,06:50:00,7059,17,0,0
1288624,06:52:00,06:52:00,7060,18,0,0
1288624,06:53:00,06:53:00,7061,19,0,0
1288624,06:58:00,06:58:00,7062,20,0,0
1288624,07:01:00,07:01:00,7063,21,0,0
1288624,07:02:00,07:02:00,7064,22,0,0
1288624,07:05:00,07:05:00,7065,23,0,0
1288624,07:11:00,07:11:00,7082,24,0,0
1288624,07:13:00,07:13:00,7083,25,0,0
1288624,07:16:00,07:16:00,7084,26,0,0
1288624,07:19:00,07:19:00,7085,27,1,0
1288625,06:49:00,06:49:00,7093,1,0,1
1288625,06:51:00,06:51:00,7090,2,0,0
1288625,06:54:00,06:54:00,7013,3,0,0
1288625,06:55:00,06:55:00,7014,4,0,0
1288625,06:56:00,06:56:00,7015,5,0,0
1288625,06:59:00,06:59:00,7016,6,0,0
1288625,07:01:00,07:01:00,7017,7,0,0
1288625,07:03:00,07:03:00,7050,8,0,0
1288625,07:05:00,07:05:00,7051,9,0,0
1288625,07:07:00,07:07:00,7052,10,0,0
1288625,07:08:00,07:08:00,7053,11,0,0
1288625,07:10:00,07:10:00,7054,12,0,0
1288625,07:12:00,07:12:00,7055,13,0,0
1288625,07:14:00,07:14:00,7056,14,0,0
1288625,07:16:00,07:16:00,7057,15,0,0
1288625,07:19:00,07:19:00,7058,16,0,0
1288625,07:20:00,07:20:00,7059,17,0,0
1288625,07:22:00,07:22:00,7060,18,0,0
1288625,07:23:00,07:23:00,7061,19,0,0
1288625,07:28:00,07:28:00,7062,20,0,0
1288625,07:31:00,07:31:00,7063,21,0,0
1288625,07:32:00,07:32:00,7064,22,0,0
1288625,07:35:00,07:35:00,7065,23,0,0
1288625,07:41:00,07:41:00,7082,24,0,0
1288625,07:43:00,07:43:00,7083,25,0,0
1288625,07:46:00,07:46:00,7084,26,0,0
1288625,07:49:00,07:49:00,7085,27,1,0
1288626,07:19:00,07:19:00,7093,1,0,1
1288626,07:21:00,07:21:00,7090,2,0,0
1288626,07:24:00,07:24:00,7013,3,0,0
1288626,07:25:00,07:25:00,7014,4,0,0
1288626,07:26:00,07:26:00,7015,5,0,0
1288626,07:29:00,07:29:00,7016,6,0,0
1288626,07:31:00,07:31:00,7017,7,0,0
1288626,07:33:00,07:33:00,7050,8,0,0
1288626,07:35:00,07:35:00,7051,9,0,0
1288626,07:37:00,07:37:00,7052,10,0,0
1288626,07:38:00,07:38:00,7053,11,0,0
1288626,07:40:00,07:40:00,7054,12,0,0
1288626,07:42:00,07:42:00,7055,13,0,0
1288626,07:44:00,07:44:00,7056,14,0,0
1288626,07:46:00,07:46:00,7057,15,0,0
1288626,07:49:00,07:49:00,7058,16,0,0
1288626,07:50:00,07:50:00,7059,17,0,0
1288626,07:52:00,07:52:00,7060,18,0,0
1288626,07:53:00,07:53:00,7061,19,0,0
1288626,07:58:00,07:58:00,7062,20,0,0
1288626,08:01:00,08:01:00,7063,21,0,0
1288626,08:02:00,08:02:00,7064,22,0,0
1288626,08:05:00,08:05:00,7065,23,0,0
1288626,08:11:00,08:11:00,7082,24,0,0
1288626,08:13:00,08:13:00,7083,25,0,0
1288626,08:16:00,08:16:00,7084,26,0,0
1288626,08:19:00,08:19:00,7085,27,1,0
1288627,07:49:00,07:49:00,7093,1,0,1
1288627,07:51:00,07:51:00,7090,2,0,0
1288627,07:54:00,07:54:00,7013,3,0,0
1288627,07:55:00,07:55:00,7014,4,0,0
1288627,07:56:00,07:56:00,7015,5,0,0
1288627,07:59:00,07:59:00,7016,6,0,0
1288627,08:01:00,08:01:00,7017,7,0,0
1288627,08:03:00,08:03:00,7050,8,0,0
1288627,08:05:00,08:05:00,7051,9,0,0
1288627,08:07:00,08:07:00,7052,10,0,0
1288627,08:08:00,08:08:00,7053,11,0,0
1288627,08:10:00,08:10:00,7054,12,0,0
1288627,08:12:00,08:12:00,7055,13,0,0
1288627,08:14:00,08:14:00,7056,14,0,0
1288627,08:16:00,08:16:00,7057,15,0,0
1288627,08:19:00,08:19:00,7058,16,0,0
1288627,08:20:00,08:20:00,7059,17,0,0
1288627,08:22:00,08:22:00,7060,18,0,0
1288627,08:23:00,08:23:00,7061,19,0,0
1288627,08:28:00,08:28:00,7062,20,0,0
1288627,08:31:00,08:31:00,7063,21,0,0
1288627,08:32:00,08:32:00,7064,22,0,0
1288627,08:35:00,08:35:00,7065,23,0,0
1288627,08:41:00,08:41:00,7082,24,0,0
1288627,08:43:00,08:43:00,7083,25,0,0
1288627,08:46:00,08:46:00,7084,26,0,0
1288627,08:49:00,08:49:00,7085,27,1,0
1288628,08:19:00,08:19:00,7093,1,0,1
1288628,08:21:00,08:21:00,7090,2,0,0
1288628,08:24:00,08:24:00,7013,3,0,0
1288628,08:25:00,08:25:00,7014,4,0,0
1288628,08:26:00,08:26:00,7015,5,0,0
1288628,08:29:00,08:29:00,7016,6,0,0
1288628,08:31:00,08:31:00,7017,7,0,0
1288628,08:33:00,08:33:00,7050,8,0,0
1288628,08:35:00,08:35:00,7051,9,0,0
1288628,08:37:00,08:37:00,7052,10,0,0
1288628,08:38:00,08:38:00,7053,11,0,0
1288628,08:40:00,08:40:00,7054,12,0,0
1288628,08:42:00,08:42:00,7055,13,0,0
1288628,08:44:00,08:44:00,7056,14,0,0
1288628,08:46:00,08:46:00,7057,15,0,0
1288628,08:49:00,08:49:00,7058,16,0,0
1288628,08:50:00,08:50:00,7059,17,0,0
1288628,08:52:00,08:52:00,7060,18,0,0
1288628,08:53:00,08:53:00,7061,19,0,0
1288628,08:58:00,08:58:00,7062,20,0,0
1288628,09:01:00,09:01:00,7063,21,0,0
1288628,09:02:00,09:02:00,7064,22,0,0
1288628,09:05:00,09:05:00,7065,23,0,0
1288628,09:11:00,09:11:00,7082,24,0,0
1288628,09:13:00,09:13:00,7083,25,0,0
1288628,09:16:00,09:16:00,7084,26,0,0
1288628,09:19:00,09:19:00,7085,27,1,0
1288629,08:49:00,08:49:00,7093,1,0,1
1288629,08:51:00,08:51:00,7090,2,0,0
1288629,08:54:00,08:54:00,7013,3,0,0
1288629,08:55:00,08:55:00,7014,4,0,0
1288629,08:56:00,08:56:00,7015,5,0,0
1288629,08:59:00,08:59:00,7016,6,0,0
1288629,09:01:00,09:01:00,7017,7,0,0
1288629,09:03:00,09:03:00,7050,8,0,0
1288629,09:05:00,09:05:00,7051,9,0,0
1288629,09:07:00,09:07:00,7052,10,0,0
1288629,09:08:00,09:08:00,7053,11,0,0
1288629,09:10:00,09:10:00,7054,12,0,0
1288629,09:12:00,09:12:00,7055,13,0,0
1288629,09:14:00,09:14:00,7056,14,0,0
1288629,09:16:00,09:16:00,7057,15,0,0
1288629,09:19:00,09:19:00,7058,16,0,0
1288629,09:20:00,09:20:00,7059,17,0,0
1288629,09:22:00,09:22:00,7060,18,0,0
1288629,09:23:00,09:23:00,7061,19,0,0
1288629,09:28:00,09:28:00,7062,20,0,0
1288629,09:31:00,09:31:00,7063,21,0,0
1288629,09:32:00,09:32:00,7064,22,0,0
1288629,09:35:00,09:35:00,7065,23,0,0
1288629,09:41:00,09:41:00,7082,24,0,0
1288629,09:43:00,09:43:00,7083,25,0,0
1288629,09:46:00,09:46:00,7084,26,0,0
1288629,09:49:00,09:49:00,7085,27,1,0
1288630,09:19:00,09:19:00,7093,1,0,1
1288630,09:21:00,09:21:00,7090,2,0,0
1288630,09:24:00,09:24:00,7013,3,0,0
1288630,09:25:00,09:25:00,7014,4,0,0
1288630,09:26:00,09:26:00,7015,5,0,0
1288630,09:29:00,09:29:00,7016,6,0,0
1288630,09:31:00,09:31:00,7017,7,0,0
1288630,09:33:00,09:33:00,7050,8,0,0
1288630,09:35:00,09:35:00,7051,9,0,0
1288630,09:37:00,09:37:00,7052,10,0,0
1288630,09:38:00,09:38:00,7053,11,0,0
1288630,09:40:00,09:40:00,7054,12,0,0
1288630,09:42:00,09:42:00,7055,13,0,0
1288630,09:44:00,09:44:00,7056,14,0,0
1288630,09:46:00,09:46:00,7057,15,0,0
1288630,09:49:00,09:49:00,7058,16,0,0
1288630,09:50:00,09:50:00,7059,17,0,0
1288630,09:52:00,09:52:00,7060,18,0,0
1288630,09:53:00,09:53:00,7061,19,0,0
1288630,09:58:00,09:58:00,7062,20,0,0
1288630,10:01:00,10:01:00,7063,21,0,0
1288630,10:02:00,10:02:00,7064,22,0,0
1288630,10:05:00,10:05:00,7065,23,0,0
1288630,10:11:00,10:11:00,7082,24,0,0
1288630,10:13:00,10:13:00,7083,25,0,0
1288630,10:16:00,10:16:00,7084,26,0,0
1288630,10:19:00,10:19:00,7085,27,1,0
1288631,09:49:00,09:49:00,7093,1,0,1
1288631,09:51:00,09:51:00,7090,2,0,0
1288631,09:54:00,09:54:00,7013,3,0,0
1288631,09:55:00,09:55:00,7014,4,0,0
1288631,09:56:00,09:56:00,7015,5,0,0
1288631,09:59:00,09:59:00,7016,6,0,0
1288631,10:01:00,10:01:00,7017,7,0,0
1288631,10:03:00,10:03:00,7050,8,0,0
1288631,10:05:00,10:05:00,7051,9,0,0
1288631,10:07:00,10:07:00,7052,10,0,0
1288631,10:08:00,10:08:00,7053,11,0,0
1288631,10:10:00,10:10:00,7054,12,0,0
1288631,10:12:00,10:12:00,7055,13,0,0
1288631,10:14:00,10:14:00,7056,14,0,0
1288631,10:16:00,10:16:00,7057,15,0,0
1288631,10:19:00,10:19:00,7058,16,0,0
1288631,10:20:00,10:20:00,7059,17,0,0
1288631,10:22:00,10:22:00,7060,18,0,0
1288631,10:23:00,10:23:00,7061,19,0,0
1288631,10:28:00,10:28:00,7062,20,0,0
1288631,10:31:00,10:31:00,7063,21,0,0
1288631,10:32:00,10:32:00,7064,22,0,0
1288631,10:35:00,10:35:00,7065,23,0,0
1288631,10:41:00,10:41:00,7082,24,0,0
1288631,10:43:00,10:43:00,7083,25,0,0
1288631,10:46:00,10:46:00,7084,26,0,0
1288631,10:49:00,10:49:00,7085,27,1,0
1288632,10:19:00,10:19:00,7093,1,0,1
1288632,10:21:00,10:21:00,7090,2,0,0
1288632,10:24:00,10:24:00,7013,3,0,0
1288632,10:25:00,10:25:00,7014,4,0,0
1288632,10:26:00,10:26:00,7015,5,0,0
1288632,10:29:00,10:29:00,7016,6,0,0
1288632,10:31:00,10:31:00,7017,7,0,0
1288632,10:33:00,10:33:00,7050,8,0,0
1288632,10:35:00,10:35:00,7051,9,0,0
1288632,10:37:00,10:37:00,7052,10,0,0
1288632,10:38:00,10:38:00,7053,11,0,0
1288632,10:40:00,10:40:00,7054,12,0,0
1288632,10:42:00,10:42:00,7055,13,0,0
1288632,10:44:00,10:44:00,7056,14,0,0
1288632,10:46:00,10:46:00,7057,15,0,0
1288632,10:49:00,10:49:00,7058,16,0,0
1288632,10:50:00,10:50:00,7059,17,0,0
1288632,10:52:00,10:52:00,7060,18,0,0
1288632,10:53:00,10:53:00,7061,19,0,0
1288632,10:58:00,10:58:00,7062,20,0,0
1288632,11:01:00,11:01:00,7063,21,0,0
1288632,11:02:00,11:02:00,7064,22,0,0
1288632,11:05:00,11:05:00,7065,23,0,0
1288632,11:11:00,11:11:00,7082,24,0,0
1288632,11:13:00,11:13:00,7083,25,0,0
1288632,11:16:00,11:16:00,7084,26,0,0
1288632,11:19:00,11:19:00,7085,27,1,0
1288633,10:49:00,10:49:00,7093,1,0,1
1288633,10:51:00,10:51:00,7090,2,0,0
1288633,10:54:00,10:54:00,7013,3,0,0
1288633,10:55:00,10:55:00,7014,4,0,0
1288633,10:56:00,10:56:00,7015,5,0,0
1288633,10:59:00,10:59:00,7016,6,0,0
1288633,11:01:00,11:01:00,7017,7,0,0
1288633,11:03:00,11:03:00,7050,8,0,0
1288633,11:05:00,11:05:00,7051,9,0,0
1288633,11:07:00,11:07:00,7052,10,0,0
1288633,11:08:00,11:08:00,7053,11,0,0
1288633,11:10:00,11:10:00,7054,12,0,0
1288633,11:12:00,11:12:00,7055,13,0,0
1288633,11:14:00,11:14:00,7056,14,0,0
1288633,11:16:00,11:16:00,7057,15,0,0
1288633,11:19:00,11:19:00,7058,16,0,0
1288633,11:20:00,11:20:00,7059,17,0,0
1288633,11:22:00,11:22:00,7060,18,0,0
1288633,11:23:00,11:23:00,7061,19,0,0
1288633,11:28:00,11:28:00,7062,20,0,0
1288633,11:31:00,11:31:00,7063,21,0,0
1288633,11:32:00,11:32:00,7064,22,0,0
1288633,11:35:00,11:35:00,7065,23,0,0
1288633,11:41:00,11:41:00,7082,24,0,0
1288633,11:43:00,11:43:00,7083,25,0,0
1288633,11:46:00,11:46:00,7084,26,0,0
1288633,11:49:00,11:49:00,7085,27,1,0
1288634,11:19:00,11:19:00,7093,1,0,1
1288634,11:21:00,11:21:00,7090,2,0,0
1288634,11:24:00,11:24:00,7013,3,0,0
1288634,11:25:00,11:25:00,7014,4,0,0
1288634,11:26:00,11:26:00,7015,5,0,0
1288634,11:29:00,11:29:00,7016,6,0,0
1288634,11:31:00,11:31:00,7017,7,0,0
1288634,11:33:00,11:33:00,7050,8,0,0
1288634,11:35:00,11:35:00,7051,9,0,0
1288634,11:37:00,11:37:00,7052,10,0,0
1288634,11:38:00,11:38:00,7053,11,0,0
1288634,11:40:00,11:40:00,7054,12,0,0
1288634,11:42:00,11:42:00,7055,13,0,0
1288634,11:44:00,11:44:00,7056,14,0,0
1288634,11:46:00,11:46:00,7057,15,0,0
1288634,11:49:00,11:49:00,7058,16,0,0
1288634,11:50:00,11:50:00,7059,17,0,0
1288634,11:52:00,11:52:00,7060,18,0,0
1288634,11:53:00,11:53:00,7061,19,0,0
1288634,11:58:00,11:58:00,7062,20,0,0
1288634,12:01:00,12:01:00,7063,21,0,0
1288634,12:02:00,12:02:00,7064,22,0,0
1288634,12:05:00,12:05:00,7065,23,0,0
1288634,12:11:00,12:11:00,7082,24,0,0
1288634,12:13:00,12:13:00,7083,25,0,0
1288634,12:16:00,12:16:00,7084,26,0,0
1288634,12:19:00,12:19:00,7085,27,1,0
1288635,11:49:00,11:49:00,7093,1,0,1
1288635,11:51:00,11:51:00,7090,2,0,0
1288635,11:54:00,11:54:00,7013,3,0,0
1288635,11:55:00,11:55:00,7014,4,0,0
1288635,11:56:00,11:56:00,7015,5,0,0
1288635,11:59:00,11:59:00,7016,6,0,0
1288635,12:01:00,12:01:00,7017,7,0,0
1288635,12:03:00,12:03:00,7050,8,0,0
1288635,12:05:00,12:05:00,7051,9,0,0
1288635,12:07:00,12:07:00,7052,10,0,0
1288635,12:08:00,12:08:00,7053,11,0,0
1288635,12:10:00,12:10:00,7054,12,0,0
1288635,12:12:00,12:12:00,7055,13,0,0
1288635,12:14:00,12:14:00,7056,14,0,0
1288635,12:16:00,12:16:00,7057,15,0,0
1288635,12:19:00,12:19:00,7058,16,0,0
1288635,12:20:00,12:20:00,7059,17,0,0
1288635,12:22:00,12:22:00,7060,18,0,0
1288635,12:23:00,12:23:00,7061,19,0,0
1288635,12:28:00,12:28:00,7062,20,0,0
1288635,12:31:00,12:31:00,7063,21,0,0
1288635,12:32:00,12:32:00,7064,22,0,0
1288635,12:35:00,12:35:00,7065,23,0,0
1288635,12:41:00,12:41:00,7082,24,0,0
1288635,12:43:00,12:43:00,7083,25,0,0
1288635,12:46:00,12:46:00,7084,26,0,0
1288635,12:49:00,12:49:00,7085,27,1,0
1288636,12:19:00,12:19:00,7093,1,0,1
1288636,12:21:00,12:21:00,7090,2,0,0
1288636,12:24:00,12:24:00,7013,3,0,0
1288636,12:25:00,12:25:00,7014,4,0,0
1288636,12:26:00,12:26:00,7015,5,0,0
1288636,12:29:00,12:29:00,7016,6,0,0
1288636,12:31:00,12:31:00,7017,7,0,0
1288636,12:33:00,12:33:00,7050,8,0,0
1288636,12:35:00,12:35:00,7051,9,0,0
1288636,12:37:00,12:37:00,7052,10,0,0
1288636,12:38:00,12:38:00,7053,11,0,0
1288636,12:40:00,12:40:00,7054,12,0,0
1288636,12:42:00,12:42:00,7055,13,0,0
1288636,12:44:00,12:44:00,7056,14,0,0
1288636,12:46:00,12:46:00,7057,15,0,0
1288636,12:49:00,12:49:00,7058,16,0,0
1288636,12:50:00,12:50:00,7059,17,0,0
1288636,12:52:00,12:52:00,7060,18,0,0
1288636,12:53:00,12:53:00,7061,19,0,0
1288636,12:58:00,12:58:00,7062,20,0,0
1288636,13:01:00,13:01:00,7063,21,0,0
1288636,13:02:00,13:02:00,7064,22,0,0
1288636,13:05:00,13:05:00,7065,23,0,0
1288636,13:11:00,13:11:00,7082,24,0,0
1288636,13:13:00,13:13:00,7083,25,0,0
1288636,13:16:00,13:16:00,7084,26,0,0
1288636,13:19:00,13:19:00,7085,27,1,0
1288637,12:49:00,12:49:00,7093,1,0,1
1288637,12:51:00,12:51:00,7090,2,0,0
1288637,12:54:00,12:54:00,7013,3,0,0
1288637,12:55:00,12:55:00,7014,4,0,0
1288637,12:56:00,12:56:00,7015,5,0,0
1288637,12:59:00,12:59:00,7016,6,0,0
1288637,13:01:00,13:01:00,7017,7,0,0
1288637,13:03:00,13:03:00,7050,8,0,0
1288637,13:05:00,13:05:00,7051,9,0,0
1288637,13:07:00,13:07:00,7052,10,0,0
1288637,13:08:00,13:08:00,7053,11,0,0
1288637,13:10:00,13:10:00,7054,12,0,0
1288637,13:12:00,13:12:00,7055,13,0,0
1288637,13:14:00,13:14:00,7056,14,0,0
1288637,13:16:00,13:16:00,7057,15,0,0
1288637,13:19:00,13:19:00,7058,16,0,0
1288637,13:20:00,13:20:00,7059,17,0,0
1288637,13:22:00,13:22:00,7060,18,0,0
1288637,13:23:00,13:23:00,7061,19,0,0
1288637,13:28:00,13:28:00,7062,20,0,0
1288637,13:31:00,13:31:00,7063,21,0,0
1288637,13:32:00,13:32:00,7064,22,0,0
1288637,13:35:00,13:35:00,7065,23,0,0
1288637,13:41:00,13:41:00,7082,24,0,0
1288637,13:43:00,13:43:00,7083,25,0,0
1288637,13:46:00,13:46:00,7084,26,0,0
1288637,13:49:00,13:49:00,7085,27,1,0
1288638,13:19:00,13:19:00,7093,1,0,1
1288638,13:21:00,13:21:00,7090,2,0,0
1288638,13:24:00,13:24:00,7013,3,0,0
1288638,13:25:00,13:25:00,7014,4,0,0
1288638,13:26:00,13:26:00,7015,5,0,0
1288638,13:29:00,13:29:00,7016,6,0,0
1288638,13:31:00,13:31:00,7017,7,0,0
1288638,13:33:00,13:33:00,7050,8,0,0
1288638,13:35:00,13:35:00,7051,9,0,0
1288638,13:37:00,13:37:00,7052,10,0,0
1288638,13:38:00,13:38:00,7053,11,0,0
1288638,13:40:00,13:40:00,7054,12,0,0
1288638,13:42:00,13:42:00,7055,13,0,0
1288638,13:44:00,13:44:00,7056,14,0,0
1288638,13:46:00,13:46:00,7057,15,0,0
1288638,13:49:00,13:49:00,7058,16,0,0
1288638,13:50:00,13:50:00,7059,17,0,0
1288638,13:52:00,13:52:00,7060,18,0,0
1288638,13:53:00,13:53:00,7061,19,0,0
1288638,13:58:00,13:58:00,7062,20,0,0
1288638,14:01:00,14:01:00,7063,21,0,0
1288638,14:02:00,14:02:00,7064,22,0,0
1288638,14:05:00,14:05:00,7065,23,0,0
1288638,14:11:00,14:11:00,7082,24,0,0
1288638,14:13:00,14:13:00,7083,25,0,0
1288638,14:16:00,14:16:00,7084,26,0,0
1288638,14:19:00,14:19:00,7085,27,1,0
1288639,13:49:00,13:49:00,7093,1,0,1
1288639,13:51:00,13:51:00,7090,2,0,0
1288639,13:54:00,13:54:00,7013,3,0,0
1288639,13:55:00,13:55:00,7014,4,0,0
1288639,13:56:00,13:56:00,7015,5,0,0
1288639,13:59:00,13:59:00,7016,6,0,0
1288639,14:01:00,14:01:00,7017,7,0,0
1288639,14:03:00,14:03:00,7050,8,0,0
1288639,14:05:00,14:05:00,7051,9,0,0
1288639,14:07:00,14:07:00,7052,10,0,0
1288639,14:08:00,14:08:00,7053,11,0,0
1288639,14:10:00,14:10:00,7054,12,0,0
1288639,14:12:00,14:12:00,7055,13,0,0
1288639,14:14:00,14:14:00,7056,14,0,0
1288639,14:16:00,14:16:00,7057,15,0,0
1288639,14:19:00,14:19:00,7058,16,0,0
1288639,14:20:00,14:20:00,7059,17,0,0
1288639,14:22:00,14:22:00,7060,18,0,0
1288639,14:23:00,14:23:00,7061,19,0,0
1288639,14:28:00,14:28:00,7062,20,0,0
1288639,14:31:00,14:31:00,7063,21,0,0
1288639,14:32:00,14:32:00,7064,22,0,0
1288639,14:35:00,14:35:00,7065,23,0,0
1288639,14:41:00,14:41:00,7082,24,0,0
1288639,14:43:00,14:43:00,7083,25,0,0
1288639,14:46:00,14:46:00,7084,26,0,0
1288639,14:49:00,14:49:00,7085,27,1,0
1288640,14:19:00,14:19:00,7093,1,0,1
1288640,14:21:00,14:21:00,7090,2,0,0
1288640,14:24:00,14:24:00,7013,3,0,0
1288640,14:25:00,14:25:00,7014,4,0,0
1288640,14:26:00,14:26:00,7015,5,0,0
1288640,14:29:00,14:29:00,7016,6,0,0
1288640,14:31:00,14:31:00,7017,7,0,0
1288640,14:33:00,14:33:00,7050,8,0,0
1288640,14:35:00,14:35:00,7051,9,0,0
1288640,14:37:00,14:37:00,7052,10,0,0
1288640,14:38:00,14:38:00,7053,11,0,0
1288640,14:40:00,14:40:00,7054,12,0,0
1288640,14:42:00,14:42:00,7055,13,0,0
1288640,14:44:00,14:44:00,7056,14,0,0
1288640,14:46:00,14:46:00,7057,15,0,0
1288640,14:49:00,14:49:00,7058,16,0,0
1288640,14:50:00,14:50:00,7059,17,0,0
1288640,14:52:00,14:52:00,7060,18,0,0
1288640,14:53:00,14:53:00,7061,19,0,0
1288640,14:58:00,14:58:00,7062,20,0,0
1288640,15:01:00,15:01:00,7063,21,0,0
1288640,15:02:00,15:02:00,7064,22,0,0
1288640,15:05:00,15:05:00,7065,23,0,0
1288640,15:11:00,15:11:00,7082,24,0,0
1288640,15:13:00,15:13:00,7083,25,0,0
1288640,15:16:00,15:16:00,7084,26,0,0
1288640,15:19:00,15:19:00,7085,27,1,0
1288641,14:49:00,14:49:00,7093,1,0,1
1288641,14:51:00,14:51:00,7090,2,0,0
1288641,14:54:00,14:54:00,7013,3,0,0
1288641,14:55:00,14:55:00,7014,4,0,0
1288641,14:56:00,14:56:00,7015,5,0,0
1288641,14:59:00,14:59:00,7016,6,0,0
1288641,15:01:00,15:01:00,7017,7,0,0
1288641,15:03:00,15:03:00,7050,8,0,0
1288641,15:05:00,15:05:00,7051,9,0,0
1288641,15:07:00,15:07:00,7052,10,0,0
1288641,15:08:00,15:08:00,7053,11,0,0
1288641,15:10:00,15:10:00,7054,12,0,0
1288641,15:12:00,15:12:00,7055,13,0,0
1288641,15:14:00,15:14:00,7056,14,0,0
1288641,15:16:00,15:16:00,7057,15,0,0
1288641,15:19:00,15:19:00,7058,16,0,0
1288641,15:20:00,15:20:00,7059,17,0,0
1288641,15:22:00,15:22:00,7060,18,0,0
1288641,15:23:00,15:23:00,7061,19,0,0
1288641,15:28:00,15:28:00,7062,20,0,0
1288641,15:31:00,15:31:00,7063,21,0,0
1288641,15:32:00,15:32:00,7064,22,0,0
1288641,15:35:00,15:35:00,7065,23,0,0
1288641,15:41:00,15:41:00,7082,24,0,0
1288641,15:43:00,15:43:00,7083,25,0,0
1288641,15:46:00,15:46:00,7084,26,0,0
1288641,15:49:00,15:49:00,7085,27,1,0
1288642,15:04:00,15:04:00,7093,1,0,1
1288642,15:06:00,15:06:00,7090,2,0,0
1288642,15:09:00,15:09:00,7013,3,0,0
1288642,15:10:00,15:10:00,7014,4,0,0
1288642,15:11:00,15:11:00,7015,5,0,0
1288642,15:14:00,15:14:00,7016,6,0,0
1288642,15:16:00,15:16:00,7017,7,0,0
1288642,15:18:00,15:18:00,7050,8,0,0
1288642,15:20:00,15:20:00,7051,9,0,0
1288642,15:22:00,15:22:00,7052,10,0,0
1288642,15:23:00,15:23:00,7053,11,0,0
1288642,15:25:00,15:25:00,7054,12,0,0
1288642,15:27:00,15:27:00,7055,13,0,0
1288642,15:29:00,15:29:00,7056,14,0,0
1288642,15:31:00,15:31:00,7057,15,0,0
1288642,15:34:00,15:34:00,7058,16,0,0
1288642,15:35:00,15:35:00,7059,17,0,0
1288642,15:37:00,15:37:00,7060,18,0,0
1288642,15:38:00,15:38:00,7061,19,0,0
1288642,15:43:00,15:43:00,7062,20,0,0
1288642,15:46:00,15:46:00,7063,21,0,0
1288642,15:47:00,15:47:00,7064,22,0,0
1288642,15:50:00,15:50:00,7065,23,0,0
1288642,15:56:00,15:56:00,7082,24,0,0
1288642,15:58:00,15:58:00,7083,25,0,0
1288642,16:01:00,16:01:00,7084,26,0,0
1288642,16:04:00,16:04:00,7085,27,1,0
1288643,15:19:00,15:19:00,7093,1,0,1
1288643,15:21:00,15:21:00,7090,2,0,0
1288643,15:24:00,15:24:00,7013,3,0,0
1288643,15:25:00,15:25:00,7014,4,0,0
1288643,15:26:00,15:26:00,7015,5,0,0
1288643,15:29:00,15:29:00,7016,6,0,0
1288643,15:31:00,15:31:00,7017,7,0,0
1288643,15:33:00,15:33:00,7050,8,0,0
1288643,15:35:00,15:35:00,7051,9,0,0
1288643,15:37:00,15:37:00,7052,10,0,0
1288643,15:38:00,15:38:00,7053,11,0,0
1288643,15:40:00,15:40:00,7054,12,0,0
1288643,15:42:00,15:42:00,7055,13,0,0
1288643,15:44:00,15:44:00,7056,14,0,0
1288643,15:46:00,15:46:00,7057,15,0,0
1288643,15:49:00,15:49:00,7058,16,0,0
1288643,15:50:00,15:50:00,7059,17,0,0
1288643,15:52:00,15:52:00,7060,18,0,0
1288643,15:53:00,15:53:00,7061,19,0,0
1288643,15:58:00,15:58:00,7062,20,0,0
1288643,16:01:00,16:01:00,7063,21,0,0
1288643,16:02:00,16:02:00,7064,22,0,0
1288643,16:05:00,16:05:00,7065,23,0,0
1288643,16:11:00,16:11:00,7082,24,0,0
1288643,16:13:00,16:13:00,7083,25,0,0
1288643,16:16:00,16:16:00,7084,26,0,0
1288643,16:19:00,16:19:00,7085,27,1,0
1288644,15:34:00,15:34:00,7093,1,0,1
1288644,15:36:00,15:36:00,7090,2,0,0
1288644,15:39:00,15:39:00,7013,3,0,0
1288644,15:40:00,15:40:00,7014,4,0,0
1288644,15:41:00,15:41:00,7015,5,0,0
1288644,15:44:00,15:44:00,7016,6,0,0
1288644,15:46:00,15:46:00,7017,7,0,0
1288644,15:48:00,15:48:00,7050,8,0,0
1288644,15:50:00,15:50:00,7051,9,0,0
1288644,15:52:00,15:52:00,7052,10,0,0
1288644,15:53:00,15:53:00,7053,11,0,0
1288644,15:55:00,15:55:00,7054,12,0,0
1288644,15:57:00,15:57:00,7055,13,0,0
1288644,15:59:00,15:59:00,7056,14,0,0
1288644,16:01:00,16:01:00,7057,15,0,0
1288644,16:04:00,16:04:00,7058,16,0,0
1288644,16:05:00,16:05:00,7059,17,0,0
1288644,16:07:00,16:07:00,7060,18,0,0
1288644,16:08:00,16:08:00,7061,19,0,0
1288644,16:13:00,16:13:00,7062,20,0,0
1288644,16:16:00,16:16:00,7063,21,0,0
1288644,16:17:00,16:17:00,7064,22,0,0
1288644,16:20:00,16:20:00,7065,23,1,0
1288645,15:49:00,15:49:00,7093,1,0,1
1288645,15:51:00,15:51:00,7090,2,0,0
1288645,15:54:00,15:54:00,7013,3,0,0
1288645,15:55:00,15:55:00,7014,4,0,0
1288645,15:56:00,15:56:00,7015,5,0,0
1288645,15:59:00,15:59:00,7016,6,0,0
1288645,16:01:00,16:01:00,7017,7,0,0
1288645,16:03:00,16:03:00,7050,8,0,0
1288645,16:05:00,16:05:00,7051,9,0,0
1288645,16:07:00,16:07:00,7052,10,0,0
1288645,16:08:00,16:08:00,7053,11,0,0
1288645,16:10:00,16:10:00,7054,12,0,0
1288645,16:12:00,16:12:00,7055,13,0,0
1288645,16:14:00,16:14:00,7056,14,0,0
1288645,16:16:00,16:16:00,7057,15,0,0
1288645,16:19:00,16:19:00,7058,16,0,0
1288645,16:20:00,16:20:00,7059,17,0,0
1288645,16:22:00,16:22:00,7060,18,0,0
1288645,16:23:00,16:23:00,7061,19,0,0
1288645,16:28:00,16:28:00,7062,20,0,0
1288645,16:31:00,16:31:00,7063,21,0,0
1288645,16:32:00,16:32:00,7064,22,0,0
1288645,16:35:00,16:35:00,7065,23,0,0
1288645,16:41:00,16:41:00,7082,24,0,0
1288645,16:43:00,16:43:00,7083,25,0,0
1288645,16:46:00,16:46:00,7084,26,0,0
1288645,16:49:00,16:49:00,7085,27,1,0
1288646,16:04:00,16:04:00,7093,1,0,1
1288646,16:06:00,16:06:00,7090,2,0,0
1288646,16:09:00,16:09:00,7013,3,0,0
1288646,16:10:00,16:10:00,7014,4,0,0
1288646,16:11:00,16:11:00,7015,5,0,0
1288646,16:14:00,16:14:00,7016,6,0,0
1288646,16:16:00,16:16:00,7017,7,0,0
1288646,16:18:00,16:18:00,7050,8,0,0
1288646,16:20:00,16:20:00,7051,9,0,0
1288646,16:22:00,16:22:00,7052,10,0,0
1288646,16:23:00,16:23:00,7053,11,0,0
1288646,16:25:00,16:25:00,7054,12,0,0
1288646,16:27:00,16:27:00,7055,13,0,0
1288646,16:29:00,16:29:00,7056,14,0,0
1288646,16:31:00,16:31:00,7057,15,0,0
1288646,16:34:00,16:34:00,7058,16,0,0
1288646,16:35:00,16:35:00,7059,17,0,0
1288646,16:37:00,16:37:00,7060,18,0,0
1288646,16:38:00,16:38:00,7061,19,0,0
1288646,16:43:00,16:43:00,7062,20,0,0
1288646,16:46:00,16:46:00,7063,21,0,0
1288646,16:47:00,16:47:00,7064,22,0,0
1288646,16:50:00,16:50:00,7065,23,0,0
1288646,16:56:00,16:56:00,7082,24,0,0
1288646,16:58:00,16:58:00,7083,25,0,0
1288646,17:01:00,17:01:00,7084,26,0,0
1288646,17:04:00,17:04:00,7085,27,1,0
1288647,16:19:00,16:19:00,7093,1,0,1
1288647,16:21:00,16:21:00,7090,2,0,0
1288647,16:24:00,16:24:00,7013,3,0,0
1288647,16:25:00,16:25:00,7014,4,0,0
1288647,16:26:00,16:26:00,7015,5,0,0
1288647,16:29:00,16:29:00,7016,6,0,0
1288647,16:31:00,16:31:00,7017,7,0,0
1288647,16:33:00,16:33:00,7050,8,0,0
1288647,16:35:00,16:35:00,7051,9,0,0
1288647,16:37:00,16:37:00,7052,10,0,0
1288647,16:38:00,16:38:00,7053,11,0,0
1288647,16:40:00,16:40:00,7054,12,0,0
1288647,16:42:00,16:42:00,7055,13,0,0
1288647,16:44:00,16:44:00,7056,14,0,0
1288647,16:46:00,16:46:00,7057,15,0,0
1288647,16:49:00,16:49:00,7058,16,0,0
1288647,16:50:00,16:50:00,7059,17,0,0
1288647,16:52:00,16:52:00,7060,18,0,0
1288647,16:53:00,16:53:00,7061,19,0,0
1288647,16:58:00,16:58:00,7062,20,0,0
1288647,17:01:00,17:01:00,7063,21,0,0
1288647,17:02:00,17:02:00,7064,22,0,0
1288647,17:05:00,17:05:00,7065,23,0,0
1288647,17:11:00,17:11:00,7082,24,0,0
1288647,17:13:00,17:13:00,7083,25,0,0
1288647,17:16:00,17:16:00,7084,26,0,0
1288647,17:19:00,17:19:00,7085,27,1,0
1288648,16:34:00,16:34:00,7093,1,0,1
1288648,16:36:00,16:36:00,7090,2,0,0
1288648,16:39:00,16:39:00,7013,3,0,0
1288648,16:40:00,16:40:00,7014,4,0,0
1288648,16:41:00,16:41:00,7015,5,0,0
1288648,16:44:00,16:44:00,7016,6,0,0
1288648,16:46:00,16:46:00,7017,7,0,0
1288648,16:48:00,16:48:00,7050,8,0,0
1288648,16:50:00,16:50:00,7051,9,0,0
1288648,16:52:00,16:52:00,7052,10,0,0
1288648,16:53:00,16:53:00,7053,11,0,0
1288648,16:55:00,16:55:00,7054,12,0,0
1288648,16:57:00,16:57:00,7055,13,0,0
1288648,16:59:00,16:59:00,7056,14,0,0
1288648,17:01:00,17:01:00,7057,15,0,0
1288648,17:04:00,17:04:00,7058,16,0,0
1288648,17:05:00,17:05:00,7059,17,0,0
1288648,17:07:00,17:07:00,7060,18,0,0
1288648,17:08:00,17:08:00,7061,19,0,0
1288648,17:13:00,17:13:00,7062,20,0,0
1288648,17:16:00,17:16:00,7063,21,0,0
1288648,17:17:00,17:17:00,7064,22,0,0
1288648,17:20:00,17:20:00,7065,23,1,0
1288649,16:49:00,16:49:00,7093,1,0,1
1288649,16:51:00,16:51:00,7090,2,0,0
1288649,16:54:00,16:54:00,7013,3,0,0
1288649,16:55:00,16:55:00,7014,4,0,0
1288649,16:56:00,16:56:00,7015,5,0,0
1288649,16:59:00,16:59:00,7016,6,0,0
1288649,17:01:00,17:01:00,7017,7,0,0
1288649,17:03:00,17:03:00,7050,8,0,0
1288649,17:05:00,17:05:00,7051,9,0,0
1288649,17:07:00,17:07:00,7052,10,0,0
1288649,17:08:00,17:08:00,7053,11,0,0
1288649,17:10:00,17:10:00,7054,12,0,0
1288649,17:12:00,17:12:00,7055,13,0,0
1288649,17:14:00,17:14:00,7056,14,0,0
1288649,17:16:00,17:16:00,7057,15,0,0
1288649,17:19:00,17:19:00,7058,16,0,0
1288649,17:20:00,17:20:00,7059,17,0,0
1288649,17:22:00,17:22:00,7060,18,0,0
1288649,17:23:00,17:23:00,7061,19,0,0
1288649,17:28:00,17:28:00,7062,20,0,0
1288649,17:31:00,17:31:00,7063,21,0,0
1288649,17:32:00,17:32:00,7064,22,0,0
1288649,17:35:00,17:35:00,7065,23,0,0
1288649,17:41:00,17:41:00,7082,24,0,0
1288649,17:43:00,17:43:00,7083,25,0,0
1288649,17:46:00,17:46:00,7084,26,0,0
1288649,17:49:00,17:49:00,7085,27,1,0
1288650,17:04:00,17:04:00,7093,1,0,1
1288650,17:06:00,17:06:00,7090,2,0,0
1288650,17:09:00,17:09:00,7013,3,0,0
1288650,17:10:00,17:10:00,7014,4,0,0
1288650,17:11:00,17:11:00,7015,5,0,0
1288650,17:14:00,17:14:00,7016,6,0,0
1288650,17:16:00,17:16:00,7017,7,0,0
1288650,17:18:00,17:18:00,7050,8,0,0
1288650,17:20:00,17:20:00,7051,9,0,0
1288650,17:22:00,17:22:00,7052,10,0,0
1288650,17:23:00,17:23:00,7053,11,0,0
1288650,17:25:00,17:25:00,7054,12,0,0
1288650,17:27:00,17:27:00,7055,13,0,0
1288650,17:29:00,17:29:00,7056,14,0,0
1288650,17:31:00,17:31:00,7057,15,0,0
1288650,17:34:00,17:34:00,7058,16,0,0
1288650,17:35:00,17:35:00,7059,17,0,0
1288650,17:37:00,17:37:00,7060,18,0,0
1288650,17:38:00,17:38:00,7061,19,0,0
1288650,17:43:00,17:43:00,7062,20,0,0
1288650,17:46:00,17:46:00,7063,21,0,0
1288650,17:47:00,17:47:00,7064,22,0,0
1288650,17:50:00,17:50:00,7065,23,0,0
1288650,17:56:00,17:56:00,7082,24,0,0
1288650,17:58:00,17:58:00,7083,25,0,0
1288650,18:01:00,18:01:00,7084,26,0,0
1288650,18:04:00,18:04:00,7085,27,1,0
1288651,17:19:00,17:19:00,7093,1,0,1
1288651,17:21:00,17:21:00,7090,2,0,0
1288651,17:24:00,17:24:00,7013,3,0,0
1288651,17:25:00,17:25:00,7014,4,0,0
1288651,17:26:00,17:26:00,7015,5,0,0
1288651,17:29:00,17:29:00,7016,6,0,0
1288651,17:31:00,17:31:00,7017,7,0,0
1288651,17:33:00,17:33:00,7050,8,0,0
1288651,17:35:00,17:35:00,7051,9,0,0
1288651,17:37:00,17:37:00,7052,10,0,0
1288651,17:38:00,17:38:00,7053,11,0,0
1288651,17:40:00,17:40:00,7054,12,0,0
1288651,17:42:00,17:42:00,7055,13,0,0
1288651,17:44:00,17:44:00,7056,14,0,0
1288651,17:46:00,17:46:00,7057,15,0,0
1288651,17:49:00,17:49:00,7058,16,0,0
1288651,17:50:00,17:50:00,7059,17,0,0
1288651,17:52:00,17:52:00,7060,18,0,0
1288651,17:53:00,17:53:00,7061,19,0,0
1288651,17:58:00,17:58:00,7062,20,0,0
1288651,18:01:00,18:01:00,7063,21,0,0
1288651,18:02:00,18:02:00,7064,22,0,0
1288651,18:05:00,18:05:00,7065,23,0,0
1288651,18:11:00,18:11:00,7082,24,0,0
1288651,18:13:00,18:13:00,7083,25,0,0
1288651,18:16:00,18:16:00,7084,26,0,0
1288651,18:19:00,18:19:00,7085,27,1,0
1288652,17:34:00,17:34:00,7093,1,0,1
1288652,17:36:00,17:36:00,7090,2,0,0
1288652,17:39:00,17:39:00,7013,3,0,0
1288652,17:40:00,17:40:00,7014,4,0,0
1288652,17:41:00,17:41:00,7015,5,0,0
1288652,17:44:00,17:44:00,7016,6,0,0
1288652,17:46:00,17:46:00,7017,7,0,0
1288652,17:48:00,17:48:00,7050,8,0,0
1288652,17:50:00,17:50:00,7051,9,0,0
1288652,17:52:00,17:52:00,7052,10,0,0
1288652,17:53:00,17:53:00,7053,11,0,0
1288652,17:55:00,17:55:00,7054,12,0,0
1288652,17:57:00,17:57:00,7055,13,0,0
1288652,17:59:00,17:59:00,7056,14,0,0
1288652,18:01:00,18:01:00,7057,15,0,0
1288652,18:04:00,18:04:00,7058,16,0,0
1288652,18:05:00,18:05:00,7059,17,0,0
1288652,18:07:00,18:07:00,7060,18,0,0
1288652,18:08:00,18:08:00,7061,19,0,0
1288652,18:13:00,18:13:00,7062,20,0,0
1288652,18:16:00,18:16:00,7063,21,0,0
1288652,18:17:00,18:17:00,7064,22,0,0
1288652,18:20:00,18:20:00,7065,23,1,0
1288653,17:49:00,17:49:00,7093,1,0,1
1288653,17:51:00,17:51:00,7090,2,0,0
1288653,17:54:00,17:54:00,7013,3,0,0
1288653,17:55:00,17:55:00,7014,4,0,0
1288653,17:56:00,17:56:00,7015,5,0,0
1288653,17:59:00,17:59:00,7016,6,0,0
1288653,18:01:00,18:01:00,7017,7,0,0
1288653,18:03:00,18:03:00,7050,8,0,0
1288653,18:05:00,18:05:00,7051,9,0,0
1288653,18:07:00,18:07:00,7052,10,0,0
1288653,18:08:00,18:08:00,7053,11,0,0
1288653,18:10:00,18:10:00,7054,12,0,0
1288653,18:12:00,18:12:00,7055,13,0,0
1288653,18:14:00,18:14:00,7056,14,0,0
1288653,18:16:00,18:16:00,7057,15,0,0
1288653,18:19:00,18:19:00,7058,16,0,0
1288653,18:20:00,18:20:00,7059,17,0,0
1288653,18:22:00,18:22:00,7060,18,0,0
1288653,18:23:00,18:23:00,7061,19,0,0
1288653,18:28:00,18:28:00,7062,20,0,0
1288653,18:31:00,18:31:00,7063,21,0,0
1288653,18:32:00,18:32:00,7064,22,0,0
1288653,18:35:00,18:35:00,7065,23,0,0
1288653,18:41:00,18:41:00,7082,24,0,0
1288653,18:43:00,18:43:00,7083,25,0,0
1288653,18:46:00,18:46:00,7084,26,0,0
1288653,18:49:00,18:49:00,7085,27,1,0
1288654,18:04:00,18:04:00,7093,1,0,1
1288654,18:06:00,18:06:00,7090,2,0,0
1288654,18:09:00,18:09:00,7013,3,0,0
1288654,18:10:00,18:10:00,7014,4,0,0
1288654,18:11:00,18:11:00,7015,5,0,0
1288654,18:14:00,18:14:00,7016,6,0,0
1288654,18:16:00,18:16:00,7017,7,0,0
1288654,18:18:00,18:18:00,7050,8,0,0
1288654,18:20:00,18:20:00,7051,9,0,0
1288654,18:22:00,18:22:00,7052,10,0,0
1288654,18:23:00,18:23:00,7053,11,0,0
1288654,18:25:00,18:25:00,7054,12,0,0
1288654,18:27:00,18:27:00,7055,13,0,0
1288654,18:29:00,18:29:00,7056,14,0,0
1288654,18:31:00,18:31:00,7057,15,0,0
1288654,18:34:00,18:34:00,7058,16,0,0
1288654,18:35:00,18:35:00,7059,17,0,0
1288654,18:37:00,18:37:00,7060,18,0,0
1288654,18:38:00,18:38:00,7061,19,0,0
1288654,18:43:00,18:43:00,7062,20,0,0
1288654,18:46:00,18:46:00,7063,21,0,0
1288654,18:47:00,18:47:00,7064,22,0,0
1288654,18:50:00,18:50:00,7065,23,0,0
1288654,18:56:00,18:56:00,7082,24,0,0
1288654,18:58:00,18:58:00,7083,25,0,0
1288654,19:01:00,19:01:00,7084,26,0,0
1288654,19:04:00,19:04:00,7085,27,1,0
1288655,18:19:00,18:19:00,7093,1,0,1
1288655,18:21:00,18:21:00,7090,2,0,0
1288655,18:24:00,18:24:00,7013,3,0,0
1288655,18:25:00,18:25:00,7014,4,0,0
1288655,18:26:00,18:26:00,7015,5,0,0
1288655,18:29:00,18:29:00,7016,6,0,0
1288655,18:31:00,18:31:00,7017,7,0,0
1288655,18:33:00,18:33:00,7050,8,0,0
1288655,18:35:00,18:35:00,7051,9,0,0
1288655,18:37:00,18:37:00,7052,10,0,0
1288655,18:38:00,18:38:00,7053,11,0,0
1288655,18:40:00,18:40:00,7054,12,0,0
1288655,18:42:00,18:42:00,7055,13,0,0
1288655,18:44:00,18:44:00,7056,14,0,0
1288655,18:46:00,18:46:00,7057,15,0,0
1288655,18:49:00,18:49:00,7058,16,0,0
1288655,18:50:00,18:50:00,7059,17,0,0
1288655,18:52:00,18:52:00,7060,18,0,0
1288655,18:53:00,18:53:00,7061,19,0,0
1288655,18:58:00,18:58:00,7062,20,0,0
1288655,19:01:00,19:01:00,7063,21,0,0
1288655,19:02:00,19:02:00,7064,22,0,0
1288655,19:05:00,19:05:00,7065,23,0,0
1288655,19:11:00,19:11:00,7082,24,0,0
1288655,19:13:00,19:13:00,7083,25,0,0
1288655,19:16:00,19:16:00,7084,26,0,0
1288655,19:19:00,19:19:00,7085,27,1,0
1288656,18:49:00,18:49:00,7093,1,0,1
1288656,18:51:00,18:51:00,7090,2,0,0
1288656,18:54:00,18:54:00,7013,3,0,0
1288656,18:55:00,18:55:00,7014,4,0,0
1288656,18:56:00,18:56:00,7015,5,0,0
1288656,18:59:00,18:59:00,7016,6,0,0
1288656,19:01:00,19:01:00,7017,7,0,0
1288656,19:03:00,19:03:00,7050,8,0,0
1288656,19:05:00,19:05:00,7051,9,0,0
1288656,19:07:00,19:07:00,7052,10,0,0
1288656,19:08:00,19:08:00,7053,11,0,0
1288656,19:10:00,19:10:00,7054,12,0,0
1288656,19:12:00,19:12:00,7055,13,0,0
1288656,19:14:00,19:14:00,7056,14,0,0
1288656,19:16:00,19:16:00,7057,15,0,0
1288656,19:19:00,19:19:00,7058,16,0,0
1288656,19:20:00,19:20:00,7059,17,0,0
1288656,19:22:00,19:22:00,7060,18,0,0
1288656,19:23:00,19:23:00,7061,19,0,0
1288656,19:28:00,19:28:00,7062,20,0,0
1288656,19:31:00,19:31:00,7063,21,0,0
1288656,19:32:00,19:32:00,7064,22,0,0
1288656,19:35:00,19:35:00,7065,23,0,0
1288656,19:41:00,19:41:00,7082,24,0,0
1288656,19:43:00,19:43:00,7083,25,0,0
1288656,19:46:00,19:46:00,7084,26,0,0
1288656,19:49:00,19:49:00,7085,27,1,0
1288657,19:19:00,19:19:00,7093,1,0,1
1288657,19:21:00,19:21:00,7090,2,0,0
1288657,19:24:00,19:24:00,7013,3,0,0
1288657,19:25:00,19:25:00,7014,4,0,0
1288657,19:26:00,19:26:00,7015,5,0,0
1288657,19:29:00,19:29:00,7016,6,0,0
1288657,19:31:00,19:31:00,7017,7,0,0
1288657,19:33:00,19:33:00,7050,8,0,0
1288657,19:35:00,19:35:00,7051,9,0,0
1288657,19:37:00,19:37:00,7052,10,0,0
1288657,19:38:00,19:38:00,7053,11,0,0
1288657,19:40:00,19:40:00,7054,12,0,0
1288657,19:42:00,19:42:00,7055,13,0,0
1288657,19:44:00,19:44:00,7056,14,0,0
1288657,19:46:00,19:46:00,7057,15,0,0
1288657,19:49:00,19:49:00,7058,16,0,0
1288657,19:50:00,19:50:00,7059,17,0,0
1288657,19:52:00,19:52:00,7060,18,0,0
1288657,19:53:00,19:53:00,7061,19,0,0
1288657,19:58:00,19:58:00,7062,20,0,0
1288657,20:01:00,20:01:00,7063,21,0,0
1288657,20:02:00,20:02:00,7064,22,0,0
1288657,20:05:00,20:05:00,7065,23,0,0
1288657,20:11:00,20:11:00,7082,24,0,0
1288657,20:13:00,20:13:00,7083,25,0,0
1288657,20:16:00,20:16:00,7084,26,0,0
1288657,20:19:00,20:19:00,7085,27,1,0
1288658,19:49:00,19:49:00,7093,1,0,1
1288658,19:51:00,19:51:00,7090,2,0,0
1288658,19:54:00,19:54:00,7013,3,0,0
1288658,19:55:00,19:55:00,7014,4,0,0
1288658,19:56:00,19:56:00,7015,5,0,0
1288658,19:59:00,19:59:00,7016,6,0,0
1288658,20:01:00,20:01:00,7017,7,0,0
1288658,20:03:00,20:03:00,7050,8,0,0
1288658,20:05:00,20:05:00,7051,9,0,0
1288658,20:07:00,20:07:00,7052,10,0,0
1288658,20:08:00,20:08:00,7053,11,0,0
1288658,20:10:00,20:10:00,7054,12,0,0
1288658,20:12:00,20:12:00,7055,13,0,0
1288658,20:14:00,20:14:00,7056,14,0,0
1288658,20:16:00,20:16:00,7057,15,0,0
1288658,20:19:00,20:19:00,7058,16,0,0
1288658,20:20:00,20:20:00,7059,17,0,0
1288658,20:22:00,20:22:00,7060,18,0,0
1288658,20:23:00,20:23:00,7061,19,0,0
1288658,20:28:00,20:28:00,7062,20,0,0
1288658,20:31:00,20:31:00,7063,21,0,0
1288658,20:32:00,20:32:00,7064,22,0,0
1288658,20:35:00,20:35:00,7065,23,0,0
1288658,20:41:00,20:41:00,7082,24,0,0
1288658,20:43:00,20:43:00,7083,25,0,0
1288658,20:46:00,20:46:00,7084,26,0,0
1288658,20:49:00,20:49:00,7085,27,1,0
1288659,20:19:00,20:19:00,7093,1,0,1
1288659,20:21:00,20:21:00,7090,2,0,0
1288659,20:24:00,20:24:00,7013,3,0,0
1288659,20:25:00,20:25:00,7014,4,0,0
1288659,20:26:00,20:26:00,7015,5,0,0
1288659,20:29:00,20:29:00,7016,6,0,0
1288659,20:31:00,20:31:00,7017,7,0,0
1288659,20:33:00,20:33:00,7050,8,0,0
1288659,20:35:00,20:35:00,7051,9,0,0
1288659,20:37:00,20:37:00,7052,10,0,0
1288659,20:38:00,20:38:00,7053,11,0,0
1288659,20:40:00,20:40:00,7054,12,0,0
1288659,20:42:00,20:42:00,7055,13,0,0
1288659,20:44:00,20:44:00,7056,14,0,0
1288659,20:46:00,20:46:00,7057,15,0,0
1288659,20:49:00,20:49:00,7058,16,0,0
1288659,20:50:00,20:50:00,7059,17,0,0
1288659,20:52:00,20:52:00,7060,18,0,0
1288659,20:53:00,20:53:00,7061,19,0,0
1288659,20:58:00,20:58:00,7062,20,0,0
1288659,21:01:00,21:01:00,7063,21,0,0
1288659,21:02:00,21:02:00,7064,22,0,0
1288659,21:05:00,21:05:00,7065,23,0,0
1288659,21:11:00,21:11:00,7082,24,0,0
1288659,21:13:00,21:13:00,7083,25,0,0
1288659,21:16:00,21:16:00,7084,26,0,0
1288659,21:19:00,21:19:00,7085,27,1,0
1288660,20:49:00,20:49:00,7093,1,0,1
1288660,20:51:00,20:51:00,7090,2,0,0
1288660,20:54:00,20:54:00,7013,3,0,0
1288660,20:55:00,20:55:00,7014,4,0,0
1288660,20:56:00,20:56:00,7015,5,0,0
1288660,20:59:00,20:59:00,7016,6,0,0
1288660,21:01:00,21:01:00,7017,7,0,0
1288660,21:03:00,21:03:00,7050,8,0,0
1288660,21:05:00,21:05:00,7051,9,0,0
1288660,21:07:00,21:07:00,7052,10,0,0
1288660,21:08:00,21:08:00,7053,11,0,0
1288660,21:10:00,21:10:00,7054,12,0,0
1288660,21:12:00,21:12:00,7055,13,0,0
1288660,21:14:00,21:14:00,7056,14,0,0
1288660,21:16:00,21:16:00,7057,15,0,0
1288660,21:19:00,21:19:00,7058,16,0,0
1288660,21:20:00,21:20:00,7059,17,0,0
1288660,21:22:00,21:22:00,7060,18,0,0
1288660,21:23:00,21:23:00,7061,19,0,0
1288660,21:28:00,21:28:00,7062,20,0,0
1288660,21:31:00,21:31:00,7063,21,0,0
1288660,21:32:00,21:32:00,7064,22,0,0
1288660,21:35:00,21:35:00,7065,23,0,0
1288660,21:41:00,21:41:00,7082,24,0,0
1288660,21:43:00,21:43:00,7083,25,0,0
1288660,21:46:00,21:46:00,7084,26,0,0
1288660,21:49:00,21:49:00,7085,27,1,0
1288661,21:19:00,21:19:00,7093,1,0,1
1288661,21:21:00,21:21:00,7090,2,0,0
1288661,21:24:00,21:24:00,7013,3,0,0
1288661,21:25:00,21:25:00,7014,4,0,0
1288661,21:26:00,21:26:00,7015,5,0,0
1288661,21:29:00,21:29:00,7016,6,0,0
1288661,21:31:00,21:31:00,7017,7,0,0
1288661,21:33:00,21:33:00,7050,8,0,0
1288661,21:35:00,21:35:00,7051,9,0,0
1288661,21:37:00,21:37:00,7052,10,0,0
1288661,21:38:00,21:38:00,7053,11,0,0
1288661,21:40:00,21:40:00,7054,12,0,0
1288661,21:42:00,21:42:00,7055,13,0,0
1288661,21:44:00,21:44:00,7056,14,0,0
1288661,21:46:00,21:46:00,7057,15,0,0
1288661,21:49:00,21:49:00,7058,16,0,0
1288661,21:50:00,21:50:00,7059,17,0,0
1288661,21:52:00,21:52:00,7060,18,0,0
1288661,21:53:00,21:53:00,7061,19,0,0
1288661,21:58:00,21:58:00,7062,20,0,0
1288661,22:01:00,22:01:00,7063,21,0,0
1288661,22:02:00,22:02:00,7064,22,0,0
1288661,22:05:00,22:05:00,7065,23,0,0
1288661,22:11:00,22:11:00,7082,24,0,0
1288661,22:13:00,22:13:00,7083,25,0,0
1288661,22:16:00,22:16:00,7084,26,0,0
1288661,22:19:00,22:19:00,7085,27,1,0
1288662,21:49:00,21:49:00,7093,1,0,1
1288662,21:51:00,21:51:00,7090,2,0,0
1288662,21:54:00,21:54:00,7013,3,0,0
1288662,21:55:00,21:55:00,7014,4,0,0
1288662,21:56:00,21:56:00,7015,5,0,0
1288662,21:59:00,21:59:00,7016,6,0,0
1288662,22:01:00,22:01:00,7017,7,0,0
1288662,22:03:00,22:03:00,7050,8,0,0
1288662,22:05:00,22:05:00,7051,9,0,0
1288662,22:07:00,22:07:00,7052,10,0,0
1288662,22:08:00,22:08:00,7053,11,0,0
1288662,22:10:00,22:10:00,7054,12,0,0
1288662,22:12:00,22:12:00,7055,13,0,0
1288662,22:14:00,22:14:00,7056,14,0,0
1288662,22:16:00,22:16:00,7057,15,0,0
1288662,22:19:00,22:19:00,7058,16,0,0
1288662,22:20:00,22:20:00,7059,17,0,0
1288662,22:22:00,22:22:00,7060,18,0,0
1288662,22:23:00,22:23:00,7061,19,0,0
1288662,22:28:00,22:28:00,7062,20,0,0
1288662,22:31:00,22:31:00,7063,21,0,0
1288662,22:32:00,22:32:00,7064,22,0,0
1288662,22:35:00,22:35:00,7065,23,0,0
1288662,22:41:00,22:41:00,7082,24,0,0
1288662,22:43:00,22:43:00,7083,25,0,0
1288662,22:46:00,22:46:00,7084,26,0,0
1288662,22:49:00,22:49:00,7085,27,1,0
1288663,22:19:00,22:19:00,7093,1,0,1
1288663,22:21:00,22:21:00,7090,2,0,0
1288663,22:24:00,22:24:00,7013,3,0,0
1288663,22:25:00,22:25:00,7014,4,0,0
1288663,22:26:00,22:26:00,7015,5,0,0
1288663,22:29:00,22:29:00,7016,6,0,0
1288663,22:31:00,22:31:00,7017,7,0,0
1288663,22:33:00,22:33:00,7050,8,0,0
1288663,22:35:00,22:35:00,7051,9,0,0
1288663,22:37:00,22:37:00,7052,10,0,0
1288663,22:38:00,22:38:00,7053,11,0,0
1288663,22:40:00,22:40:00,7054,12,0,0
1288663,22:42:00,22:42:00,7055,13,0,0
1288663,22:44:00,22:44:00,7056,14,0,0
1288663,22:46:00,22:46:00,7057,15,0,0
1288663,22:49:00,22:49:00,7058,16,0,0
1288663,22:50:00,22:50:00,7059,17,0,0
1288663,22:52:00,22:52:00,7060,18,0,0
1288663,22:53:00,22:53:00,7061,19,0,0
1288663,22:58:00,22:58:00,7062,20,0,0
1288663,23:01:00,23:01:00,7063,21,0,0
1288663,23:02:00,23:02:00,7064,22,0,0
1288663,23:05:00,23:05:00,7065,23,0,0
1288663,23:11:00,23:11:00,7082,24,0,0
1288663,23:13:00,23:13:00,7083,25,0,0
1288663,23:16:00,23:16:00,7084,26,0,0
1288663,23:19:00,23:19:00,7085,27,1,0
1288664,22:49:00,22:49:00,7093,1,0,1
1288664,22:51:00,22:51:00,7090,2,0,0
1288664,22:54:00,22:54:00,7013,3,0,0
1288664,22:55:00,22:55:00,7014,4,0,0
1288664,22:56:00,22:56:00,7015,5,0,0
1288664,22:59:00,22:59:00,7016,6,0,0
1288664,23:01:00,23:01:00,7017,7,0,0
1288664,23:03:00,23:03:00,7050,8,0,0
1288664,23:05:00,23:05:00,7051,9,0,0
1288664,23:07:00,23:07:00,7052,10,0,0
1288664,23:08:00,23:08:00,7053,11,0,0
1288664,23:10:00,23:10:00,7054,12,0,0
1288664,23:12:00,23:12:00,7055,13,0,0
1288664,23:14:00,23:14:00,7056,14,0,0
1288664,23:16:00,23:16:00,7057,15,0,0
1288664,23:19:00,23:19:00,7058,16,0,0
1288664,23:20:00,23:20:00,7059,17,0,0
1288664,23:22:00,23:22:00,7060,18,0,0
1288664,23:23:00,23:23:00,7061,19,0,0
1288664,23:28:00,23:28:00,7062,20,0,0
1288664,23:31:00,23:31:00,7063,21,0,0
1288664,23:32:00,23:32:00,7064,22,0,0
1288664,23:35:00,23:35:00,7065,23,1,0
1288665,04:04:00,04:04:00,7093,1,0,1
1288665,04:06:00,04:06:00,7090,2,0,0
1288665,04:09:00,04:09:00,7013,3,0,0
1288665,04:10:00,04:10:00,7014,4,0,0
1288665,04:11:00,04:11:00,7015,5,0,0
1288665,04:14:00,04:14:00,7016,6,0,0
1288665,04:16:00,04:16:00,7017,7,0,0
1288665,04:18:00,04:18:00,7050,8,0,0
1288665,04:20:00,04:20:00,7051,9,0,0
1288665,04:22:00,04:22:00,7052,10,0,0
1288665,04:23:00,04:23:00,7053,11,0,0
1288665,04:25:00,04:25:00,7054,12,0,0
1288665,04:27:00,04:27:00,7055,13,0,0
1288665,04:29:00,04:29:00,7056,14,0,0
1288665,04:31:00,04:31:00,7057,15,0,0
1288665,04:34:00,04:34:00,7058,16,0,0
1288665,04:35:00,04:35:00,7059,17,0,0
1288665,04:37:00,04:37:00,7060,18,0,0
1288665,04:38:00,04:38:00,7061,19,0,0
1288665,04:43:00,04:43:00,7062,20,0,0
1288665,04:46:00,04:46:00,7063,21,0,0
1288665,04:47:00,04:47:00,7064,22,0,0
1288665,04:50:00,04:50:00,7065,23,1,0
1288666,04:34:00,04:34:00,7093,1,0,1
1288666,04:36:00,04:36:00,7090,2,0,0
1288666,04:39:00,04:39:00,7013,3,0,0
1288666,04:40:00,04:40:00,7014,4,0,0
1288666,04:41:00,04:41:00,7015,5,0,0
1288666,04:44:00,04:44:00,7016,6,0,0
1288666,04:46:00,04:46:00,7017,7,0,0
1288666,04:48:00,04:48:00,7050,8,0,0
1288666,04:50:00,04:50:00,7051,9,0,0
1288666,04:52:00,04:52:00,7052,10,0,0
1288666,04:53:00,04:53:00,7053,11,0,0
1288666,04:55:00,04:55:00,7054,12,0,0
1288666,04:57:00,04:57:00,7055,13,0,0
1288666,04:59:00,04:59:00,7056,14,0,0
1288666,05:01:00,05:01:00,7057,15,0,0
1288666,05:04:00,05:04:00,7058,16,0,0
1288666,05:05:00,05:05:00,7059,17,0,0
1288666,05:07:00,05:07:00,7060,18,0,0
1288666,05:08:00,05:08:00,7061,19,0,0
1288666,05:13:00,05:13:00,7062,20,0,0
1288666,05:16:00,05:16:00,7063,21,0,0
1288666,05:17:00,05:17:00,7064,22,0,0
1288666,05:20:00,05:20:00,7065,23,1,0
1288667,05:04:00,05:04:00,7093,1,0,1
1288667,05:06:00,05:06:00,7090,2,0,0
1288667,05:09:00,05:09:00,7013,3,0,0
1288667,05:10:00,05:10:00,7014,4,0,0
1288667,05:11:00,05:11:00,7015,5,0,0
1288667,05:14:00,05:14:00,7016,6,0,0
1288667,05:16:00,05:16:00,7017,7,0,0
1288667,05:18:00,05:18:00,7050,8,0,0
1288667,05:20:00,05:20:00,7051,9,0,0
1288667,05:22:00,05:22:00,7052,10,0,0
1288667,05:23:00,05:23:00,7053,11,0,0
1288667,05:25:00,05:25:00,7054,12,0,0
1288667,05:27:00,05:27:00,7055,13,0,0
1288667,05:29:00,05:29:00,7056,14,0,0
1288667,05:31:00,05:31:00,7057,15,0,0
1288667,05:34:00,05:34:00,7058,16,0,0
1288667,05:35:00,05:35:00,7059,17,0,0
1288667,05:37:00,05:37:00,7060,18,0,0
1288667,05:38:00,05:38:00,7061,19,0,0
1288667,05:43:00,05:43:00,7062,20,0,0
1288667,05:46:00,05:46:00,7063,21,0,0
1288667,05:47:00,05:47:00,7064,22,0,0
1288667,05:50:00,05:50:00,7065,23,0,0
1288667,05:56:00,05:56:00,7082,24,0,0
1288667,05:58:00,05:58:00,7083,25,0,0
1288667,06:01:00,06:01:00,7084,26,0,0
1288667,06:04:00,06:04:00,7085,27,1,0
1288668,05:34:00,05:34:00,7093,1,0,1
1288668,05:36:00,05:36:00,7090,2,0,0
1288668,05:39:00,05:39:00,7013,3,0,0
1288668,05:40:00,05:40:00,7014,4,0,0
1288668,05:41:00,05:41:00,7015,5,0,0
1288668,05:44:00,05:44:00,7016,6,0,0
1288668,05:46:00,05:46:00,7017,7,0,0
1288668,05:48:00,05:48:00,7050,8,0,0
1288668,05:50:00,05:50:00,7051,9,0,0
1288668,05:52:00,05:52:00,7052,10,0,0
1288668,05:53:00,05:53:00,7053,11,0,0
1288668,05:55:00,05:55:00,7054,12,0,0
1288668,05:57:00,05:57:00,7055,13,0,0
1288668,05:59:00,05:59:00,7056,14,0,0
1288668,06:01:00,06:01:00,7057,15,0,0
1288668,06:04:00,06:04:00,7058,16,0,0
1288668,06:05:00,06:05:00,7059,17,0,0
1288668,06:07:00,06:07:00,7060,18,0,0
1288668,06:08:00,06:08:00,7061,19,0,0
1288668,06:13:00,06:13:00,7062,20,0,0
1288668,06:16:00,06:16:00,7063,21,0,0
1288668,06:17:00,06:17:00,7064,22,0,0
1288668,06:20:00,06:20:00,7065,23,1,0
1288669,06:04:00,06:04:00,7093,1,0,1
1288669,06:06:00,06:06:00,7090,2,0,0
1288669,06:09:00,06:09:00,7013,3,0,0
1288669,06:10:00,06:10:00,7014,4,0,0
1288669,06:11:00,06:11:00,7015,5,0,0
1288669,06:14:00,06:14:00,7016,6,0,0
1288669,06:16:00,06:16:00,7017,7,0,0
1288669,06:18:00,06:18:00,7050,8,0,0
1288669,06:20:00,06:20:00,7051,9,0,0
1288669,06:22:00,06:22:00,7052,10,0,0
1288669,06:23:00,06:23:00,7053,11,0,0
1288669,06:25:00,06:25:00,7054,12,0,0
1288669,06:27:00,06:27:00,7055,13,0,0
1288669,06:29:00,06:29:00,7056,14,0,0
1288669,06:31:00,06:31:00,7057,15,0,0
1288669,06:34:00,06:34:00,7058,16,0,0
1288669,06:35:00,06:35:00,7059,17,0,0
1288669,06:37:00,06:37:00,7060,18,0,0
1288669,06:38:00,06:38:00,7061,19,0,0
1288669,06:43:00,06:43:00,7062,20,0,0
1288669,06:46:00,06:46:00,7063,21,0,0
1288669,06:47:00,06:47:00,7064,22,0,0
1288669,06:50:00,06:50:00,7065,23,0,0
1288669,06:56:00,06:56:00,7082,24,0,0
1288669,06:58:00,06:58:00,7083,25,0,0
1288669,07:01:00,07:01:00,7084,26,0,0
1288669,07:04:00,07:04:00,7085,27,1,0
1288670,06:34:00,06:34:00,7093,1,0,1
1288670,06:36:00,06:36:00,7090,2,0,0
1288670,06:39:00,06:39:00,7013,3,0,0
1288670,06:40:00,06:40:00,7014,4,0,0
1288670,06:41:00,06:41:00,7015,5,0,0
1288670,06:44:00,06:44:00,7016,6,0,0
1288670,06:46:00,06:46:00,7017,7,0,0
1288670,06:48:00,06:48:00,7050,8,0,0
1288670,06:50:00,06:50:00,7051,9,0,0
1288670,06:52:00,06:52:00,7052,10,0,0
1288670,06:53:00,06:53:00,7053,11,0,0
1288670,06:55:00,06:55:00,7054,12,0,0
1288670,06:57:00,06:57:00,7055,13,0,0
1288670,06:59:00,06:59:00,7056,14,0,0
1288670,07:01:00,07:01:00,7057,15,0,0
1288670,07:04:00,07:04:00,7058,16,0,0
1288670,07:05:00,07:05:00,7059,17,0,0
1288670,07:07:00,07:07:00,7060,18,0,0
1288670,07:08:00,07:08:00,7061,19,0,0
1288670,07:13:00,07:13:00,7062,20,0,0
1288670,07:16:00,07:16:00,7063,21,0,0
1288670,07:17:00,07:17:00,7064,22,0,0
1288670,07:20:00,07:20:00,7065,23,1,0
1288671,07:04:00,07:04:00,7093,1,0,1
1288671,07:06:00,07:06:00,7090,2,0,0
1288671,07:09:00,07:09:00,7013,3,0,0
1288671,07:10:00,07:10:00,7014,4,0,0
1288671,07:11:00,07:11:00,7015,5,0,0
1288671,07:14:00,07:14:00,7016,6,0,0
1288671,07:16:00,07:16:00,7017,7,0,0
1288671,07:18:00,07:18:00,7050,8,0,0
1288671,07:20:00,07:20:00,7051,9,0,0
1288671,07:22:00,07:22:00,7052,10,0,0
1288671,07:23:00,07:23:00,7053,11,0,0
1288671,07:25:00,07:25:00,7054,12,0,0
1288671,07:27:00,07:27:00,7055,13,0,0
1288671,07:29:00,07:29:00,7056,14,0,0
1288671,07:31:00,07:31:00,7057,15,0,0
1288671,07:34:00,07:34:00,7058,16,0,0
1288671,07:35:00,07:35:00,7059,17,0,0
1288671,07:37:00,07:37:00,7060,18,0,0
1288671,07:38:00,07:38:00,7061,19,0,0
1288671,07:43:00,07:43:00,7062,20,0,0
1288671,07:46:00,07:46:00,7063,21,0,0
1288671,07:47:00,07:47:00,7064,22,0,0
1288671,07:50:00,07:50:00,7065,23,0,0
1288671,07:56:00,07:56:00,7082,24,0,0
1288671,07:58:00,07:58:00,7083,25,0,0
1288671,08:01:00,08:01:00,7084,26,0,0
1288671,08:04:00,08:04:00,7085,27,1,0
1288672,07:34:00,07:34:00,7093,1,0,1
1288672,07:36:00,07:36:00,7090,2,0,0
1288672,07:39:00,07:39:00,7013,3,0,0
1288672,07:40:00,07:40:00,7014,4,0,0
1288672,07:41:00,07:41:00,7015,5,0,0
1288672,07:44:00,07:44:00,7016,6,0,0
1288672,07:46:00,07:46:00,7017,7,0,0
1288672,07:48:00,07:48:00,7050,8,0,0
1288672,07:50:00,07:50:00,7051,9,0,0
1288672,07:52:00,07:52:00,7052,10,0,0
1288672,07:53:00,07:53:00,7053,11,0,0
1288672,07:55:00,07:55:00,7054,12,0,0
1288672,07:57:00,07:57:00,7055,13,0,0
1288672,07:59:00,07:59:00,7056,14,0,0
1288672,08:01:00,08:01:00,7057,15,0,0
1288672,08:04:00,08:04:00,7058,16,0,0
1288672,08:05:00,08:05:00,7059,17,0,0
1288672,08:07:00,08:07:00,7060,18,0,0
1288672,08:08:00,08:08:00,7061,19,0,0
1288672,08:13:00,08:13:00,7062,20,0,0
1288672,08:16:00,08:16:00,7063,21,0,0
1288672,08:17:00,08:17:00,7064,22,0,0
1288672,08:20:00,08:20:00,7065,23,1,0
1288673,08:04:00,08:04:00,7093,1,0,1
1288673,08:06:00,08:06:00,7090,2,0,0
1288673,08:09:00,08:09:00,7013,3,0,0
1288673,08:10:00,08:10:00,7014,4,0,0
1288673,08:11:00,08:11:00,7015,5,0,0
1288673,08:14:00,08:14:00,7016,6,0,0
1288673,08:16:00,08:16:00,7017,7,0,0
1288673,08:18:00,08:18:00,7050,8,0,0
1288673,08:20:00,08:20:00,7051,9,0,0
1288673,08:22:00,08:22:00,7052,10,0,0
1288673,08:23:00,08:23:00,7053,11,0,0
1288673,08:25:00,08:25:00,7054,12,0,0
1288673,08:27:00,08:27:00,7055,13,0,0
1288673,08:29:00,08:29:00,7056,14,0,0
1288673,08:31:00,08:31:00,7057,15,0,0
1288673,08:34:00,08:34:00,7058,16,0,0
1288673,08:35:00,08:35:00,7059,17,0,0
1288673,08:37:00,08:37:00,7060,18,0,0
1288673,08:38:00,08:38:00,7061,19,0,0
1288673,08:43:00,08:43:00,7062,20,0,0
1288673,08:46:00,08:46:00,7063,21,0,0
1288673,08:47:00,08:47:00,7064,22,0,0
1288673,08:50:00,08:50:00,7065,23,0,0
1288673,08:56:00,08:56:00,7082,24,0,0
1288673,08:58:00,08:58:00,7083,25,0,0
1288673,09:01:00,09:01:00,7084,26,0,0
1288673,09:04:00,09:04:00,7085,27,1,0
1288674,08:34:00,08:34:00,7093,1,0,1
1288674,08:36:00,08:36:00,7090,2,0,0
1288674,08:39:00,08:39:00,7013,3,0,0
1288674,08:40:00,08:40:00,7014,4,0,0
1288674,08:41:00,08:41:00,7015,5,0,0
1288674,08:44:00,08:44:00,7016,6,0,0
1288674,08:46:00,08:46:00,7017,7,0,0
1288674,08:48:00,08:48:00,7050,8,0,0
1288674,08:50:00,08:50:00,7051,9,0,0
1288674,08:52:00,08:52:00,7052,10,0,0
1288674,08:53:00,08:53:00,7053,11,0,0
1288674,08:55:00,08:55:00,7054,12,0,0
1288674,08:57:00,08:57:00,7055,13,0,0
1288674,08:59:00,08:59:00,7056,14,0,0
1288674,09:01:00,09:01:00,7057,15,0,0
1288674,09:04:00,09:04:00,7058,16,0,0
1288674,09:05:00,09:05:00,7059,17,0,0
1288674,09:07:00,09:07:00,7060,18,0,0
1288674,09:08:00,09:08:00,7061,19,0,0
1288674,09:13:00,09:13:00,7062,20,0,0
1288674,09:16:00,09:16:00,7063,21,0,0
1288674,09:17:00,09:17:00,7064,22,0,0
1288674,09:20:00,09:20:00,7065,23,1,0
1288675,09:04:00,09:04:00,7093,1,0,1
1288675,09:06:00,09:06:00,7090,2,0,0
1288675,09:09:00,09:09:00,7013,3,0,0
1288675,09:10:00,09:10:00,7014,4,0,0
1288675,09:11:00,09:11:00,7015,5,0,0
1288675,09:14:00,09:14:00,7016,6,0,0
1288675,09:16:00,09:16:00,7017,7,0,0
1288675,09:18:00,09:18:00,7050,8,0,0
1288675,09:20:00,09:20:00,7051,9,0,0
1288675,09:22:00,09:22:00,7052,10,0,0
1288675,09:23:00,09:23:00,7053,11,0,0
1288675,09:25:00,09:25:00,7054,12,0,0
1288675,09:27:00,09:27:00,7055,13,0,0
1288675,09:29:00,09:29:00,7056,14,0,0
1288675,09:31:00,09:31:00,7057,15,0,0
1288675,09:34:00,09:34:00,7058,16,0,0
1288675,09:35:00,09:35:00,7059,17,0,0
1288675,09:37:00,09:37:00,7060,18,0,0
1288675,09:38:00,09:38:00,7061,19,0,0
1288675,09:43:00,09:43:00,7062,20,0,0
1288675,09:46:00,09:46:00,7063,21,0,0
1288675,09:47:00,09:47:00,7064,22,0,0
1288675,09:50:00,09:50:00,7065,23,0,0
1288675,09:56:00,09:56:00,7082,24,0,0
1288675,09:58:00,09:58:00,7083,25,0,0
1288675,10:01:00,10:01:00,7084,26,0,0
1288675,10:04:00,10:04:00,7085,27,1,0
1288676,09:34:00,09:34:00,7093,1,0,1
1288676,09:36:00,09:36:00,7090,2,0,0
1288676,09:39:00,09:39:00,7013,3,0,0
1288676,09:40:00,09:40:00,7014,4,0,0
1288676,09:41:00,09:41:00,7015,5,0,0
1288676,09:44:00,09:44:00,7016,6,0,0
1288676,09:46:00,09:46:00,7017,7,0,0
1288676,09:48:00,09:48:00,7050,8,0,0
1288676,09:50:00,09:50:00,7051,9,0,0
1288676,09:52:00,09:52:00,7052,10,0,0
1288676,09:53:00,09:53:00,7053,11,0,0
1288676,09:55:00,09:55:00,7054,12,0,0
1288676,09:57:00,09:57:00,7055,13,0,0
1288676,09:59:00,09:59:00,7056,14,0,0
1288676,10:01:00,10:01:00,7057,15,0,0
1288676,10:04:00,10:04:00,7058,16,0,0
1288676,10:05:00,10:05:00,7059,17,0,0
1288676,10:07:00,10:07:00,7060,18,0,0
1288676,10:08:00,10:08:00,7061,19,0,0
1288676,10:13:00,10:13:00,7062,20,0,0
1288676,10:16:00,10:16:00,7063,21,0,0
1288676,10:17:00,10:17:00,7064,22,0,0
1288676,10:20:00,10:20:00,7065,23,1,0
1288677,10:04:00,10:04:00,7093,1,0,1
1288677,10:06:00,10:06:00,7090,2,0,0
1288677,10:09:00,10:09:00,7013,3,0,0
1288677,10:10:00,10:10:00,7014,4,0,0
1288677,10:11:00,10:11:00,7015,5,0,0
1288677,10:14:00,10:14:00,7016,6,0,0
1288677,10:16:00,10:16:00,7017,7,0,0
1288677,10:18:00,10:18:00,7050,8,0,0
1288677,10:20:00,10:20:00,7051,9,0,0
1288677,10:22:00,10:22:00,7052,10,0,0
1288677,10:23:00,10:23:00,7053,11,0,0
1288677,10:25:00,10:25:00,7054,12,0,0
1288677,10:27:00,10:27:00,7055,13,0,0
1288677,10:29:00,10:29:00,7056,14,0,0
1288677,10:31:00,10:31:00,7057,15,0,0
1288677,10:34:00,10:34:00,7058,16,0,0
1288677,10:35:00,10:35:00,7059,17,0,0
1288677,10:37:00,10:37:00,7060,18,0,0
1288677,10:38:00,10:38:00,7061,19,0,0
1288677,10:43:00,10:43:00,7062,20,0,0
1288677,10:46:00,10:46:00,7063,21,0,0
1288677,10:47:00,10:47:00,7064,22,0,0
1288677,10:50:00,10:50:00,7065,23,0,0
1288677,10:56:00,10:56:00,7082,24,0,0
1288677,10:58:00,10:58:00,7083,25,0,0
1288677,11:01:00,11:01:00,7084,26,0,0
1288677,11:04:00,11:04:00,7085,27,1,0
1288678,10:34:00,10:34:00,7093,1,0,1
1288678,10:36:00,10:36:00,7090,2,0,0
1288678,10:39:00,10:39:00,7013,3,0,0
1288678,10:40:00,10:40:00,7014,4,0,0
1288678,10:41:00,10:41:00,7015,5,0,0
1288678,10:44:00,10:44:00,7016,6,0,0
1288678,10:46:00,10:46:00,7017,7,0,0
1288678,10:48:00,10:48:00,7050,8,0,0
1288678,10:50:00,10:50:00,7051,9,0,0
1288678,10:52:00,10:52:00,7052,10,0,0
1288678,10:53:00,10:53:00,7053,11,0,0
1288678,10:55:00,10:55:00,7054,12,0,0
1288678,10:57:00,10:57:00,7055,13,0,0
1288678,10:59:00,10:59:00,7056,14,0,0
1288678,11:01:00,11:01:00,7057,15,0,0
1288678,11:04:00,11:04:00,7058,16,0,0
1288678,11:05:00,11:05:00,7059,17,0,0
1288678,11:07:00,11:07:00,7060,18,0,0
1288678,11:08:00,11:08:00,7061,19,0,0
1288678,11:13:00,11:13:00,7062,20,0,0
1288678,11:16:00,11:16:00,7063,21,0,0
1288678,11:17:00,11:17:00,7064,22,0,0
1288678,11:20:00,11:20:00,7065,23,1,0
1288679,11:04:00,11:04:00,7093,1,0,1
1288679,11:06:00,11:06:00,7090,2,0,0
1288679,11:09:00,11:09:00,7013,3,0,0
1288679,11:10:00,11:10:00,7014,4,0,0
1288679,11:11:00,11:11:00,7015,5,0,0
1288679,11:14:00,11:14:00,7016,6,0,0
1288679,11:16:00,11:16:00,7017,7,0,0
1288679,11:18:00,11:18:00,7050,8,0,0
1288679,11:20:00,11:20:00,7051,9,0,0
1288679,11:22:00,11:22:00,7052,10,0,0
1288679,11:23:00,11:23:00,7053,11,0,0
1288679,11:25:00,11:25:00,7054,12,0,0
1288679,11:27:00,11:27:00,7055,13,0,0
1288679,11:29:00,11:29:00,7056,14,0,0
1288679,11:31:00,11:31:00,7057,15,0,0
1288679,11:34:00,11:34:00,7058,16,0,0
1288679,11:35:00,11:35:00,7059,17,0,0
1288679,11:37:00,11:37:00,7060,18,0,0
1288679,11:38:00,11:38:00,7061,19,0,0
1288679,11:43:00,11:43:00,7062,20,0,0
1288679,11:46:00,11:46:00,7063,21,0,0
1288679,11:47:00,11:47:00,7064,22,0,0
1288679,11:50:00,11:50:00,7065,23,0,0
1288679,11:56:00,11:56:00,7082,24,0,0
1288679,11:58:00,11:58:00,7083,25,0,0
1288679,12:01:00,12:01:00,7084,26,0,0
1288679,12:04:00,12:04:00,7085,27,1,0
1288680,11:34:00,11:34:00,7093,1,0,1
1288680,11:36:00,11:36:00,7090,2,0,0
1288680,11:39:00,11:39:00,7013,3,0,0
1288680,11:40:00,11:40:00,7014,4,0,0
1288680,11:41:00,11:41:00,7015,5,0,0
1288680,11:44:00,11:44:00,7016,6,0,0
1288680,11:46:00,11:46:00,7017,7,0,0
1288680,11:48:00,11:48:00,7050,8,0,0
1288680,11:50:00,11:50:00,7051,9,0,0
1288680,11:52:00,11:52:00,7052,10,0,0
1288680,11:53:00,11:53:00,7053,11,0,0
1288680,11:55:00,11:55:00,7054,12,0,0
1288680,11:57:00,11:57:00,7055,13,0,0
1288680,11:59:00,11:59:00,7056,14,0,0
1288680,12:01:00,12:01:00,7057,15,0,0
1288680,12:04:00,12:04:00,7058,16,0,0
1288680,12:05:00,12:05:00,7059,17,0,0
1288680,12:07:00,12:07:00,7060,18,0,0
1288680,12:08:00,12:08:00,7061,19,0,0
1288680,12:13:00,12:13:00,7062,20,0,0
1288680,12:16:00,12:16:00,7063,21,0,0
1288680,12:17:00,12:17:00,7064,22,0,0
1288680,12:20:00,12:20:00,7065,23,1,0
1288681,12:04:00,12:04:00,7093,1,0,1
1288681,12:06:00,12:06:00,7090,2,0,0
1288681,12:09:00,12:09:00,7013,3,0,0
1288681,12:10:00,12:10:00,7014,4,0,0
1288681,12:11:00,12:11:00,7015,5,0,0
1288681,12:14:00,12:14:00,7016,6,0,0
1288681,12:16:00,12:16:00,7017,7,0,0
1288681,12:18:00,12:18:00,7050,8,0,0
1288681,12:20:00,12:20:00,7051,9,0,0
1288681,12:22:00,12:22:00,7052,10,0,0
1288681,12:23:00,12:23:00,7053,11,0,0
1288681,12:25:00,12:25:00,7054,12,0,0
1288681,12:27:00,12:27:00,7055,13,0,0
1288681,12:29:00,12:29:00,7056,14,0,0
1288681,12:31:00,12:31:00,7057,15,0,0
1288681,12:34:00,12:34:00,7058,16,0,0
1288681,12:35:00,12:35:00,7059,17,0,0
1288681,12:37:00,12:37:00,7060,18,0,0
1288681,12:38:00,12:38:00,7061,19,0,0
1288681,12:43:00,12:43:00,7062,20,0,0
1288681,12:46:00,12:46:00,7063,21,0,0
1288681,12:47:00,12:47:00,7064,22,0,0
1288681,12:50:00,12:50:00,7065,23,0,0
1288681,12:56:00,12:56:00,7082,24,0,0
1288681,12:58:00,12:58:00,7083,25,0,0
1288681,13:01:00,13:01:00,7084,26,0,0
1288681,13:04:00,13:04:00,7085,27,1,0
1288682,12:34:00,12:34:00,7093,1,0,1
1288682,12:36:00,12:36:00,7090,2,0,0
1288682,12:39:00,12:39:00,7013,3,0,0
1288682,12:40:00,12:40:00,7014,4,0,0
1288682,12:41:00,12:41:00,7015,5,0,0
1288682,12:44:00,12:44:00,7016,6,0,0
1288682,12:46:00,12:46:00,7017,7,0,0
1288682,12:48:00,12:48:00,7050,8,0,0
1288682,12:50:00,12:50:00,7051,9,0,0
1288682,12:52:00,12:52:00,7052,10,0,0
1288682,12:53:00,12:53:00,7053,11,0,0
1288682,12:55:00,12:55:00,7054,12,0,0
1288682,12:57:00,12:57:00,7055,13,0,0
1288682,12:59:00,12:59:00,7056,14,0,0
1288682,13:01:00,13:01:00,7057,15,0,0
1288682,13:04:00,13:04:00,7058,16,0,0
1288682,13:05:00,13:05:00,7059,17,0,0
1288682,13:07:00,13:07:00,7060,18,0,0
1288682,13:08:00,13:08:00,7061,19,0,0
1288682,13:13:00,13:13:00,7062,20,0,0
1288682,13:16:00,13:16:00,7063,21,0,0
1288682,13:17:00,13:17:00,7064,22,0,0
1288682,13:20:00,13:20:00,7065,23,1,0
1288683,13:04:00,13:04:00,7093,1,0,1
1288683,13:06:00,13:06:00,7090,2,0,0
1288683,13:09:00,13:09:00,7013,3,0,0
1288683,13:10:00,13:10:00,7014,4,0,0
1288683,13:11:00,13:11:00,7015,5,0,0
1288683,13:14:00,13:14:00,7016,6,0,0
1288683,13:16:00,13:16:00,7017,7,0,0
1288683,13:18:00,13:18:00,7050,8,0,0
1288683,13:20:00,13:20:00,7051,9,0,0
1288683,13:22:00,13:22:00,7052,10,0,0
1288683,13:23:00,13:23:00,7053,11,0,0
1288683,13:25:00,13:25:00,7054,12,0,0
1288683,13:27:00,13:27:00,7055,13,0,0
1288683,13:29:00,13:29:00,7056,14,0,0
1288683,13:31:00,13:31:00,7057,15,0,0
1288683,13:34:00,13:34:00,7058,16,0,0
1288683,13:35:00,13:35:00,7059,17,0,0
1288683,13:37:00,13:37:00,7060,18,0,0
1288683,13:38:00,13:38:00,7061,19,0,0
1288683,13:43:00,13:43:00,7062,20,0,0
1288683,13:46:00,13:46:00,7063,21,0,0
1288683,13:47:00,13:47:00,7064,22,0,0
1288683,13:50:00,13:50:00,7065,23,0,0
1288683,13:56:00,13:56:00,7082,24,0,0
1288683,13:58:00,13:58:00,7083,25,0,0
1288683,14:01:00,14:01:00,7084,26,0,0
1288683,14:04:00,14:04:00,7085,27,1,0
1288684,13:34:00,13:34:00,7093,1,0,1
1288684,13:36:00,13:36:00,7090,2,0,0
1288684,13:39:00,13:39:00,7013,3,0,0
1288684,13:40:00,13:40:00,7014,4,0,0
1288684,13:41:00,13:41:00,7015,5,0,0
1288684,13:44:00,13:44:00,7016,6,0,0
1288684,13:46:00,13:46:00,7017,7,0,0
1288684,13:48:00,13:48:00,7050,8,0,0
1288684,13:50:00,13:50:00,7051,9,0,0
1288684,13:52:00,13:52:00,7052,10,0,0
1288684,13:53:00,13:53:00,7053,11,0,0
1288684,13:55:00,13:55:00,7054,12,0,0
1288684,13:57:00,13:57:00,7055,13,0,0
1288684,13:59:00,13:59:00,7056,14,0,0
1288684,14:01:00,14:01:00,7057,15,0,0
1288684,14:04:00,14:04:00,7058,16,0,0
1288684,14:05:00,14:05:00,7059,17,0,0
1288684,14:07:00,14:07:00,7060,18,0,0
1288684,14:08:00,14:08:00,7061,19,0,0
1288684,14:13:00,14:13:00,7062,20,0,0
1288684,14:16:00,14:16:00,7063,21,0,0
1288684,14:17:00,14:17:00,7064,22,0,0
1288684,14:20:00,14:20:00,7065,23,1,0
1288685,14:04:00,14:04:00,7093,1,0,1
1288685,14:06:00,14:06:00,7090,2,0,0
1288685,14:09:00,14:09:00,7013,3,0,0
1288685,14:10:00,14:10:00,7014,4,0,0
1288685,14:11:00,14:11:00,7015,5,0,0
1288685,14:14:00,14:14:00,7016,6,0,0
1288685,14:16:00,14:16:00,7017,7,0,0
1288685,14:18:00,14:18:00,7050,8,0,0
1288685,14:20:00,14:20:00,7051,9,0,0
1288685,14:22:00,14:22:00,7052,10,0,0
1288685,14:23:00,14:23:00,7053,11,0,0
1288685,14:25:00,14:25:00,7054,12,0,0
1288685,14:27:00,14:27:00,7055,13,0,0
1288685,14:29:00,14:29:00,7056,14,0,0
1288685,14:31:00,14:31:00,7057,15,0,0
1288685,14:34:00,14:34:00,7058,16,0,0
1288685,14:35:00,14:35:00,7059,17,0,0
1288685,14:37:00,14:37:00,7060,18,0,0
1288685,14:38:00,14:38:00,7061,19,0,0
1288685,14:43:00,14:43:00,7062,20,0,0
1288685,14:46:00,14:46:00,7063,21,0,0
1288685,14:47:00,14:47:00,7064,22,0,0
1288685,14:50:00,14:50:00,7065,23,0,0
1288685,14:56:00,14:56:00,7082,24,0,0
1288685,14:58:00,14:58:00,7083,25,0,0
1288685,15:01:00,15:01:00,7084,26,0,0
1288685,15:04:00,15:04:00,7085,27,1,0
1288686,14:34:00,14:34:00,7093,1,0,1
1288686,14:36:00,14:36:00,7090,2,0,0
1288686,14:39:00,14:39:00,7013,3,0,0
1288686,14:40:00,14:40:00,7014,4,0,0
1288686,14:41:00,14:41:00,7015,5,0,0
1288686,14:44:00,14:44:00,7016,6,0,0
1288686,14:46:00,14:46:00,7017,7,0,0
1288686,14:48:00,14:48:00,7050,8,0,0
1288686,14:50:00,14:50:00,7051,9,0,0
1288686,14:52:00,14:52:00,7052,10,0,0
1288686,14:53:00,14:53:00,7053,11,0,0
1288686,14:55:00,14:55:00,7054,12,0,0
1288686,14:57:00,14:57:00,7055,13,0,0
1288686,14:59:00,14:59:00,7056,14,0,0
1288686,15:01:00,15:01:00,7057,15,0,0
1288686,15:04:00,15:04:00,7058,16,0,0
1288686,15:05:00,15:05:00,7059,17,0,0
1288686,15:07:00,15:07:00,7060,18,0,0
1288686,15:08:00,15:08:00,7061,19,0,0
1288686,15:13:00,15:13:00,7062,20,0,0
1288686,15:16:00,15:16:00,7063,21,0,0
1288686,15:17:00,15:17:00,7064,22,0,0
1288686,15:20:00,15:20:00,7065,23,1,0
1288687,18:34:00,18:34:00,7093,1,0,1
1288687,18:36:00,18:36:00,7090,2,0,0
1288687,18:39:00,18:39:00,7013,3,0,0
1288687,18:40:00,18:40:00,7014,4,0,0
1288687,18:41:00,18:41:00,7015,5,0,0
1288687,18:44:00,18:44:00,7016,6,0,0
1288687,18:46:00,18:46:00,7017,7,0,0
1288687,18:48:00,18:48:00,7050,8,0,0
1288687,18:50:00,18:50:00,7051,9,0,0
1288687,18:52:00,18:52:00,7052,10,0,0
1288687,18:53:00,18:53:00,7053,11,0,0
1288687,18:55:00,18:55:00,7054,12,0,0
1288687,18:57:00,18:57:00,7055,13,0,0
1288687,18:59:00,18:59:00,7056,14,0,0
1288687,19:01:00,19:01:00,7057,15,0,0
1288687,19:04:00,19:04:00,7058,16,0,0
1288687,19:05:00,19:05:00,7059,17,0,0
1288687,19:07:00,19:07:00,7060,18,0,0
1288687,19:08:00,19:08:00,7061,19,0,0
1288687,19:13:00,19:13:00,7062,20,0,0
1288687,19:16:00,19:16:00,7063,21,0,0
1288687,19:17:00,19:17:00,7064,22,0,0
1288687,19:20:00,19:20:00,7065,23,1,0
1288688,05:43:00,05:43:00,7066,1,0,1
1288688,05:45:00,05:45:00,7067,2,0,0
1288688,05:46:00,05:46:00,7068,3,0,0
1288688,05:50:00,05:50:00,7069,4,0,0
1288688,05:54:00,05:54:00,7070,5,0,0
1288688,05:55:00,05:55:00,7071,6,0,0
1288688,05:56:00,05:56:00,7072,7,0,0
1288688,05:59:00,05:59:00,7073,8,0,0
1288688,06:01:00,06:01:00,7074,9,0,0
1288688,06:03:00,06:03:00,7075,10,0,0
1288688,06:06:00,06:06:00,7076,11,0,0
1288688,06:07:00,06:07:00,7077,12,0,0
1288688,06:09:00,06:09:00,7078,13,0,0
1288688,06:11:00,06:11:00,7079,14,0,0
1288688,06:14:00,06:14:00,7080,15,0,0
1288688,06:15:00,06:15:00,7081,16,0,0
1288688,06:17:00,06:17:00,7032,17,0,0
1288688,06:18:00,06:18:00,7033,18,0,0
1288688,06:20:00,06:20:00,7034,19,0,0
1288688,06:24:00,06:24:00,7036,20,0,0
1288688,06:25:00,06:25:00,7091,21,0,0
1288688,06:26:00,06:26:00,7095,22,0,0
1288688,06:29:00,06:29:00,7092,23,1,0
1288689,06:13:00,06:13:00,7066,1,0,1
1288689,06:15:00,06:15:00,7067,2,0,0
1288689,06:16:00,06:16:00,7068,3,0,0
1288689,06:20:00,06:20:00,7069,4,0,0
1288689,06:24:00,06:24:00,7070,5,0,0
1288689,06:25:00,06:25:00,7071,6,0,0
1288689,06:26:00,06:26:00,7072,7,0,0
1288689,06:29:00,06:29:00,7073,8,0,0
1288689,06:31:00,06:31:00,7074,9,0,0
1288689,06:33:00,06:33:00,7075,10,0,0
1288689,06:36:00,06:36:00,7076,11,0,0
1288689,06:37:00,06:37:00,7077,12,0,0
1288689,06:39:00,06:39:00,7078,13,0,0
1288689,06:41:00,06:41:00,7079,14,0,0
1288689,06:44:00,06:44:00,7080,15,0,0
1288689,06:45:00,06:45:00,7081,16,0,0
1288689,06:47:00,06:47:00,7032,17,0,0
1288689,06:48:00,06:48:00,7033,18,0,0
1288689,06:50:00,06:50:00,7034,19,0,0
1288689,06:54:00,06:54:00,7036,20,0,0
1288689,06:55:00,06:55:00,7091,21,0,0
1288689,06:56:00,06:56:00,7095,22,0,0
1288689,06:59:00,06:59:00,7092,23,1,0
1288690,06:43:00,06:43:00,7066,1,0,1
1288690,06:45:00,06:45:00,7067,2,0,0
1288690,06:46:00,06:46:00,7068,3,0,0
1288690,06:50:00,06:50:00,7069,4,0,0
1288690,06:54:00,06:54:00,7070,5,0,0
1288690,06:55:00,06:55:00,7071,6,0,0
1288690,06:56:00,06:56:00,7072,7,0,0
1288690,06:59:00,06:59:00,7073,8,0,0
1288690,07:01:00,07:01:00,7074,9,0,0
1288690,07:03:00,07:03:00,7075,10,0,0
1288690,07:06:00,07:06:00,7076,11,0,0
1288690,07:07:00,07:07:00,7077,12,0,0
1288690,07:09:00,07:09:00,7078,13,0,0
1288690,07:11:00,07:11:00,7079,14,0,0
1288690,07:14:00,07:14:00,7080,15,0,0
1288690,07:15:00,07:15:00,7081,16,0,0
1288690,07:17:00,07:17:00,7032,17,0,0
1288690,07:18:00,07:18:00,7033,18,0,0
1288690,07:20:00,07:20:00,7034,19,0,0
1288690,07:24:00,07:24:00,7036,20,0,0
1288690,07:25:00,07:25:00,7091,21,0,0
1288690,07:26:00,07:26:00,7095,22,0,0
1288690,07:29:00,07:29:00,7092,23,1,0
1288691,09:58:00,09:58:00,7066,1,0,1
1288691,10:00:00,10:00:00,7067,2,0,0
1288691,10:01:00,10:01:00,7068,3,0,0
1288691,10:05:00,10:05:00,7069,4,0,0
1288691,10:09:00,10:09:00,7070,5,0,0
1288691,10:10:00,10:10:00,7071,6,0,0
1288691,10:11:00,10:11:00,7072,7,0,0
1288691,10:14:00,10:14:00,7073,8,0,0
1288691,10:16:00,10:16:00,7074,9,0,0
1288691,10:18:00,10:18:00,7075,10,0,0
1288691,10:21:00,10:21:00,7076,11,0,0
1288691,10:22:00,10:22:00,7077,12,0,0
1288691,10:24:00,10:24:00,7078,13,0,0
1288691,10:26:00,10:26:00,7079,14,0,0
1288691,10:29:00,10:29:00,7080,15,0,0
1288691,10:30:00,10:30:00,7081,16,0,0
1288691,10:32:00,10:32:00,7032,17,0,0
1288691,10:33:00,10:33:00,7033,18,0,0
1288691,10:35:00,10:35:00,7034,19,0,0
1288691,10:39:00,10:39:00,7036,20,0,0
1288691,10:40:00,10:40:00,7091,21,0,0
1288691,10:41:00,10:41:00,7095,22,0,0
1288691,10:44:00,10:44:00,7092,23,1,0
1288692,10:28:00,10:28:00,7066,1,0,1
1288692,10:30:00,10:30:00,7067,2,0,0
1288692,10:31:00,10:31:00,7068,3,0,0
1288692,10:35:00,10:35:00,7069,4,0,0
1288692,10:39:00,10:39:00,7070,5,0,0
1288692,10:40:00,10:40:00,7071,6,0,0
1288692,10:41:00,10:41:00,7072,7,0,0
1288692,10:44:00,10:44:00,7073,8,0,0
1288692,10:46:00,10:46:00,7074,9,0,0
1288692,10:48:00,10:48:00,7075,10,0,0
1288692,10:51:00,10:51:00,7076,11,0,0
1288692,10:52:00,10:52:00,7077,12,0,0
1288692,10:54:00,10:54:00,7078,13,0,0
1288692,10:56:00,10:56:00,7079,14,0,0
1288692,10:59:00,10:59:00,7080,15,0,0
1288692,11:00:00,11:00:00,7081,16,0,0
1288692,11:02:00,11:02:00,7032,17,0,0
1288692,11:03:00,11:03:00,7033,18,0,0
1288692,11:05:00,11:05:00,7034,19,0,0
1288692,11:09:00,11:09:00,7036,20,0,0
1288692,11:10:00,11:10:00,7091,21,0,0
1288692,11:11:00,11:11:00,7095,22,0,0
1288692,11:14:00,11:14:00,7092,23,1,0
1288693,10:58:00,10:58:00,7066,1,0,1
1288693,11:00:00,11:00:00,7067,2,0,0
1288693,11:01:00,11:01:00,7068,3,0,0
1288693,11:05:00,11:05:00,7069,4,0,0
1288693,11:09:00,11:09:00,7070,5,0,0
1288693,11:10:00,11:10:00,7071,6,0,0
1288693,11:11:00,11:11:00,7072,7,0,0
1288693,11:14:00,11:14:00,7073,8,0,0
1288693,11:16:00,11:16:00,7074,9,0,0
1288693,11:18:00,11:18:00,7075,10,0,0
1288693,11:21:00,11:21:00,7076,11,0,0
1288693,11:22:00,11:22:00,7077,12,0,0
1288693,11:24:00,11:24:00,7078,13,0,0
1288693,11:26:00,11:26:00,7079,14,0,0
1288693,11:29:00,11:29:00,7080,15,0,0
1288693,11:30:00,11:30:00,7081,16,0,0
1288693,11:32:00,11:32:00,7032,17,0,0
1288693,11:33:00,11:33:00,7033,18,0,0
1288693,11:35:00,11:35:00,7034,19,0,0
1288693,11:39:00,11:39:00,7036,20,0,0
1288693,11:40:00,11:40:00,7091,21,0,0
1288693,11:41:00,11:41:00,7095,22,0,0
1288693,11:44:00,11:44:00,7092,23,1,0
1288694,11:28:00,11:28:00,7066,1,0,1
1288694,11:30:00,11:30:00,7067,2,0,0
1288694,11:31:00,11:31:00,7068,3,0,0
1288694,11:35:00,11:35:00,7069,4,0,0
1288694,11:39:00,11:39:00,7070,5,0,0
1288694,11:40:00,11:40:00,7071,6,0,0
1288694,11:41:00,11:41:00,7072,7,0,0
1288694,11:44:00,11:44:00,7073,8,0,0
1288694,11:46:00,11:46:00,7074,9,0,0
1288694,11:48:00,11:48:00,7075,10,0,0
1288694,11:51:00,11:51:00,7076,11,0,0
1288694,11:52:00,11:52:00,7077,12,0,0
1288694,11:54:00,11:54:00,7078,13,0,0
1288694,11:56:00,11:56:00,7079,14,0,0
1288694,11:59:00,11:59:00,7080,15,0,0
1288694,12:00:00,12:00:00,7081,16,0,0
1288694,12:02:00,12:02:00,7032,17,0,0
1288694,12:03:00,12:03:00,7033,18,0,0
1288694,12:05:00,12:05:00,7034,19,0,0
1288694,12:09:00,12:09:00,7036,20,0,0
1288694,12:10:00,12:10:00,7091,21,0,0
1288694,12:11:00,12:11:00,7095,22,0,0
1288694,12:14:00,12:14:00,7092,23,1,0
1288695,11:58:00,11:58:00,7066,1,0,1
1288695,12:00:00,12:00:00,7067,2,0,0
1288695,12:01:00,12:01:00,7068,3,0,0
1288695,12:05:00,12:05:00,7069,4,0,0
1288695,12:09:00,12:09:00,7070,5,0,0
1288695,12:10:00,12:10:00,7071,6,0,0
1288695,12:11:00,12:11:00,7072,7,0,0
1288695,12:14:00,12:14:00,7073,8,0,0
1288695,12:16:00,12:16:00,7074,9,0,0
1288695,12:18:00,12:18:00,7075,10,0,0
1288695,12:21:00,12:21:00,7076,11,0,0
1288695,12:22:00,12:22:00,7077,12,0,0
1288695,12:24:00,12:24:00,7078,13,0,0
1288695,12:26:00,12:26:00,7079,14,0,0
1288695,12:29:00,12:29:00,7080,15,0,0
1288695,12:30:00,12:30:00,7081,16,0,0
1288695,12:32:00,12:32:00,7032,17,0,0
1288695,12:33:00,12:33:00,7033,18,0,0
1288695,12:35:00,12:35:00,7034,19,0,0
1288695,12:39:00,12:39:00,7036,20,0,0
1288695,12:40:00,12:40:00,7091,21,0,0
1288695,12:41:00,12:41:00,7095,22,0,0
1288695,12:44:00,12:44:00,7092,23,1,0
1288696,12:28:00,12:28:00,7066,1,0,1
1288696,12:30:00,12:30:00,7067,2,0,0
1288696,12:31:00,12:31:00,7068,3,0,0
1288696,12:35:00,12:35:00,7069,4,0,0
1288696,12:39:00,12:39:00,7070,5,0,0
1288696,12:40:00,12:40:00,7071,6,0,0
1288696,12:41:00,12:41:00,7072,7,0,0
1288696,12:44:00,12:44:00,7073,8,0,0
1288696,12:46:00,12:46:00,7074,9,0,0
1288696,12:48:00,12:48:00,7075,10,0,0
1288696,12:51:00,12:51:00,7076,11,0,0
1288696,12:52:00,12:52:00,7077,12,0,0
1288696,12:54:00,12:54:00,7078,13,0,0
1288696,12:56:00,12:56:00,7079,14,0,0
1288696,12:59:00,12:59:00,7080,15,0,0
1288696,13:00:00,13:00:00,7081,16,0,0
1288696,13:02:00,13:02:00,7032,17,0,0
1288696,13:03:00,13:03:00,7033,18,0,0
1288696,13:05:00,13:05:00,7034,19,0,0
1288696,13:09:00,13:09:00,7036,20,0,0
1288696,13:10:00,13:10:00,7091,21,0,0
1288696,13:11:00,13:11:00,7095,22,0,0
1288696,13:14:00,13:14:00,7092,23,1,0
1288697,12:58:00,12:58:00,7066,1,0,1
1288697,13:00:00,13:00:00,7067,2,0,0
1288697,13:01:00,13:01:00,7068,3,0,0
1288697,13:05:00,13:05:00,7069,4,0,0
1288697,13:09:00,13:09:00,7070,5,0,0
1288697,13:10:00,13:10:00,7071,6,0,0
1288697,13:11:00,13:11:00,7072,7,0,0
1288697,13:14:00,13:14:00,7073,8,0,0
1288697,13:16:00,13:16:00,7074,9,0,0
1288697,13:18:00,13:18:00,7075,10,0,0
1288697,13:21:00,13:21:00,7076,11,0,0
1288697,13:22:00,13:22:00,7077,12,0,0
1288697,13:24:00,13:24:00,7078,13,0,0
1288697,13:26:00,13:26:00,7079,14,0,0
1288697,13:29:00,13:29:00,7080,15,0,0
1288697,13:30:00,13:30:00,7081,16,0,0
1288697,13:32:00,13:32:00,7032,17,0,0
1288697,13:33:00,13:33:00,7033,18,0,0
1288697,13:35:00,13:35:00,7034,19,0,0
1288697,13:39:00,13:39:00,7036,20,0,0
1288697,13:40:00,13:40:00,7091,21,0,0
1288697,13:41:00,13:41:00,7095,22,0,0
1288697,13:44:00,13:44:00,7092,23,1,0
1288698,13:28:00,13:28:00,7066,1,0,1
1288698,13:30:00,13:30:00,7067,2,0,0
1288698,13:31:00,13:31:00,7068,3,0,0
1288698,13:35:00,13:35:00,7069,4,0,0
1288698,13:39:00,13:39:00,7070,5,0,0
1288698,13:40:00,13:40:00,7071,6,0,0
1288698,13:41:00,13:41:00,7072,7,0,0
1288698,13:44:00,13:44:00,7073,8,0,0
1288698,13:46:00,13:46:00,7074,9,0,0
1288698,13:48:00,13:48:00,7075,10,0,0
1288698,13:51:00,13:51:00,7076,11,0,0
1288698,13:52:00,13:52:00,7077,12,0,0
1288698,13:54:00,13:54:00,7078,13,0,0
1288698,13:56:00,13:56:00,7079,14,0,0
1288698,13:59:00,13:59:00,7080,15,0,0
1288698,14:00:00,14:00:00,7081,16,0,0
1288698,14:02:00,14:02:00,7032,17,0,0
1288698,14:03:00,14:03:00,7033,18,0,0
1288698,14:05:00,14:05:00,7034,19,0,0
1288698,14:09:00,14:09:00,7036,20,0,0
1288698,14:10:00,14:10:00,7091,21,0,0
1288698,14:11:00,14:11:00,7095,22,0,0
1288698,14:14:00,14:14:00,7092,23,1,0
1288699,13:58:00,13:58:00,7066,1,0,1
1288699,14:00:00,14:00:00,7067,2,0,0
1288699,14:01:00,14:01:00,7068,3,0,0
1288699,14:05:00,14:05:00,7069,4,0,0
1288699,14:09:00,14:09:00,7070,5,0,0
1288699,14:10:00,14:10:00,7071,6,0,0
1288699,14:11:00,14:11:00,7072,7,0,0
1288699,14:14:00,14:14:00,7073,8,0,0
1288699,14:16:00,14:16:00,7074,9,0,0
1288699,14:18:00,14:18:00,7075,10,0,0
1288699,14:21:00,14:21:00,7076,11,0,0
1288699,14:22:00,14:22:00,7077,12,0,0
1288699,14:24:00,14:24:00,7078,13,0,0
1288699,14:26:00,14:26:00,7079,14,0,0
1288699,14:29:00,14:29:00,7080,15,0,0
1288699,14:30:00,14:30:00,7081,16,0,0
1288699,14:32:00,14:32:00,7032,17,0,0
1288699,14:33:00,14:33:00,7033,18,0,0
1288699,14:35:00,14:35:00,7034,19,0,0
1288699,14:39:00,14:39:00,7036,20,0,0
1288699,14:40:00,14:40:00,7091,21,0,0
1288699,14:41:00,14:41:00,7095,22,0,0
1288699,14:44:00,14:44:00,7092,23,1,0
1288700,14:28:00,14:28:00,7066,1,0,1
1288700,14:30:00,14:30:00,7067,2,0,0
1288700,14:31:00,14:31:00,7068,3,0,0
1288700,14:35:00,14:35:00,7069,4,0,0
1288700,14:39:00,14:39:00,7070,5,0,0
1288700,14:40:00,14:40:00,7071,6,0,0
1288700,14:41:00,14:41:00,7072,7,0,0
1288700,14:44:00,14:44:00,7073,8,0,0
1288700,14:46:00,14:46:00,7074,9,0,0
1288700,14:48:00,14:48:00,7075,10,0,0
1288700,14:51:00,14:51:00,7076,11,0,0
1288700,14:52:00,14:52:00,7077,12,0,0
1288700,14:54:00,14:54:00,7078,13,0,0
1288700,14:56:00,14:56:00,7079,14,0,0
1288700,14:59:00,14:59:00,7080,15,0,0
1288700,15:00:00,15:00:00,7081,16,0,0
1288700,15:02:00,15:02:00,7032,17,0,0
1288700,15:03:00,15:03:00,7033,18,0,0
1288700,15:05:00,15:05:00,7034,19,0,0
1288700,15:09:00,15:09:00,7036,20,0,0
1288700,15:10:00,15:10:00,7091,21,0,0
1288700,15:11:00,15:11:00,7095,22,0,0
1288700,15:14:00,15:14:00,7092,23,1,0
1288701,14:58:00,14:58:00,7066,1,0,1
1288701,15:00:00,15:00:00,7067,2,0,0
1288701,15:01:00,15:01:00,7068,3,0,0
1288701,15:05:00,15:05:00,7069,4,0,0
1288701,15:09:00,15:09:00,7070,5,0,0
1288701,15:10:00,15:10:00,7071,6,0,0
1288701,15:11:00,15:11:00,7072,7,0,0
1288701,15:14:00,15:14:00,7073,8,0,0
1288701,15:16:00,15:16:00,7074,9,0,0
1288701,15:18:00,15:18:00,7075,10,0,0
1288701,15:21:00,15:21:00,7076,11,0,0
1288701,15:22:00,15:22:00,7077,12,0,0
1288701,15:24:00,15:24:00,7078,13,0,0
1288701,15:26:00,15:26:00,7079,14,0,0
1288701,15:29:00,15:29:00,7080,15,0,0
1288701,15:30:00,15:30:00,7081,16,0,0
1288701,15:32:00,15:32:00,7032,17,0,0
1288701,15:33:00,15:33:00,7033,18,0,0
1288701,15:35:00,15:35:00,7034,19,0,0
1288701,15:39:00,15:39:00,7036,20,0,0
1288701,15:40:00,15:40:00,7091,21,0,0
1288701,15:41:00,15:41:00,7095,22,0,0
1288701,15:44:00,15:44:00,7092,23,1,0
1288702,15:28:00,15:28:00,7066,1,0,1
1288702,15:30:00,15:30:00,7067,2,0,0
1288702,15:31:00,15:31:00,7068,3,0,0
1288702,15:35:00,15:35:00,7069,4,0,0
1288702,15:39:00,15:39:00,7070,5,0,0
1288702,15:40:00,15:40:00,7071,6,0,0
1288702,15:41:00,15:41:00,7072,7,0,0
1288702,15:44:00,15:44:00,7073,8,0,0
1288702,15:46:00,15:46:00,7074,9,0,0
1288702,15:48:00,15:48:00,7075,10,0,0
1288702,15:51:00,15:51:00,7076,11,0,0
1288702,15:52:00,15:52:00,7077,12,0,0
1288702,15:54:00,15:54:00,7078,13,0,0
1288702,15:56:00,15:56:00,7079,14,0,0
1288702,15:59:00,15:59:00,7080,15,0,0
1288702,16:00:00,16:00:00,7081,16,0,0
1288702,16:02:00,16:02:00,7032,17,0,0
1288702,16:03:00,16:03:00,7033,18,0,0
1288702,16:05:00,16:05:00,7034,19,0,0
1288702,16:09:00,16:09:00,7036,20,0,0
1288702,16:10:00,16:10:00,7091,21,0,0
1288702,16:11:00,16:11:00,7095,22,0,0
1288702,16:14:00,16:14:00,7092,23,1,0
1288703,15:58:00,15:58:00,7066,1,0,1
1288703,16:00:00,16:00:00,7067,2,0,0
1288703,16:01:00,16:01:00,7068,3,0,0
1288703,16:05:00,16:05:00,7069,4,0,0
1288703,16:09:00,16:09:00,7070,5,0,0
1288703,16:10:00,16:10:00,7071,6,0,0
1288703,16:11:00,16:11:00,7072,7,0,0
1288703,16:14:00,16:14:00,7073,8,0,0
1288703,16:16:00,16:16:00,7074,9,0,0
1288703,16:18:00,16:18:00,7075,10,0,0
1288703,16:21:00,16:21:00,7076,11,0,0
1288703,16:22:00,16:22:00,7077,12,0,0
1288703,16:24:00,16:24:00,7078,13,0,0
1288703,16:26:00,16:26:00,7079,14,0,0
1288703,16:29:00,16:29:00,7080,15,0,0
1288703,16:30:00,16:30:00,7081,16,0,0
1288703,16:32:00,16:32:00,7032,17,0,0
1288703,16:33:00,16:33:00,7033,18,0,0
1288703,16:35:00,16:35:00,7034,19,0,0
1288703,16:39:00,16:39:00,7036,20,0,0
1288703,16:40:00,16:40:00,7091,21,0,0
1288703,16:41:00,16:41:00,7095,22,0,0
1288703,16:44:00,16:44:00,7092,23,1,0
1288704,16:28:00,16:28:00,7066,1,0,1
1288704,16:30:00,16:30:00,7067,2,0,0
1288704,16:31:00,16:31:00,7068,3,0,0
1288704,16:35:00,16:35:00,7069,4,0,0
1288704,16:39:00,16:39:00,7070,5,0,0
1288704,16:40:00,16:40:00,7071,6,0,0
1288704,16:41:00,16:41:00,7072,7,0,0
1288704,16:44:00,16:44:00,7073,8,0,0
1288704,16:46:00,16:46:00,7074,9,0,0
1288704,16:48:00,16:48:00,7075,10,0,0
1288704,16:51:00,16:51:00,7076,11,0,0
1288704,16:52:00,16:52:00,7077,12,0,0
1288704,16:54:00,16:54:00,7078,13,0,0
1288704,16:56:00,16:56:00,7079,14,0,0
1288704,16:59:00,16:59:00,7080,15,0,0
1288704,17:00:00,17:00:00,7081,16,0,0
1288704,17:02:00,17:02:00,7032,17,0,0
1288704,17:03:00,17:03:00,7033,18,0,0
1288704,17:05:00,17:05:00,7034,19,0,0
1288704,17:09:00,17:09:00,7036,20,0,0
1288704,17:10:00,17:10:00,7091,21,0,0
1288704,17:11:00,17:11:00,7095,22,0,0
1288704,17:14:00,17:14:00,7092,23,1,0
1288705,16:58:00,16:58:00,7066,1,0,1
1288705,17:00:00,17:00:00,7067,2,0,0
1288705,17:01:00,17:01:00,7068,3,0,0
1288705,17:05:00,17:05:00,7069,4,0,0
1288705,17:09:00,17:09:00,7070,5,0,0
1288705,17:10:00,17:10:00,7071,6,0,0
1288705,17:11:00,17:11:00,7072,7,0,0
1288705,17:14:00,17:14:00,7073,8,0,0
1288705,17:16:00,17:16:00,7074,9,0,0
1288705,17:18:00,17:18:00,7075,10,0,0
1288705,17:21:00,17:21:00,7076,11,0,0
1288705,17:22:00,17:22:00,7077,12,0,0
1288705,17:24:00,17:24:00,7078,13,0,0
1288705,17:26:00,17:26:00,7079,14,0,0
1288705,17:29:00,17:29:00,7080,15,0,0
1288705,17:30:00,17:30:00,7081,16,0,0
1288705,17:32:00,17:32:00,7032,17,0,0
1288705,17:33:00,17:33:00,7033,18,0,0
1288705,17:35:00,17:35:00,7034,19,0,0
1288705,17:39:00,17:39:00,7036,20,0,0
1288705,17:40:00,17:40:00,7091,21,0,0
1288705,17:41:00,17:41:00,7095,22,0,0
1288705,17:44:00,17:44:00,7092,23,1,0
1288706,17:28:00,17:28:00,7066,1,0,1
1288706,17:30:00,17:30:00,7067,2,0,0
1288706,17:31:00,17:31:00,7068,3,0,0
1288706,17:35:00,17:35:00,7069,4,0,0
1288706,17:39:00,17:39:00,7070,5,0,0
1288706,17:40:00,17:40:00,7071,6,0,0
1288706,17:41:00,17:41:00,7072,7,0,0
1288706,17:44:00,17:44:00,7073,8,0,0
1288706,17:46:00,17:46:00,7074,9,0,0
1288706,17:48:00,17:48:00,7075,10,0,0
1288706,17:51:00,17:51:00,7076,11,0,0
1288706,17:52:00,17:52:00,7077,12,0,0
1288706,17:54:00,17:54:00,7078,13,0,0
1288706,17:56:00,17:56:00,7079,14,0,0
1288706,17:59:00,17:59:00,7080,15,0,0
1288706,18:00:00,18:00:00,7081,16,0,0
1288706,18:02:00,18:02:00,7032,17,0,0
1288706,18:03:00,18:03:00,7033,18,0,0
1288706,18:05:00,18:05:00,7034,19,0,0
1288706,18:09:00,18:09:00,7036,20,0,0
1288706,18:10:00,18:10:00,7091,21,0,0
1288706,18:11:00,18:11:00,7095,22,0,0
1288706,18:14:00,18:14:00,7092,23,1,0
1288707,17:58:00,17:58:00,7066,1,0,1
1288707,18:00:00,18:00:00,7067,2,0,0
1288707,18:01:00,18:01:00,7068,3,0,0
1288707,18:05:00,18:05:00,7069,4,0,0
1288707,18:09:00,18:09:00,7070,5,0,0
1288707,18:10:00,18:10:00,7071,6,0,0
1288707,18:11:00,18:11:00,7072,7,0,0
1288707,18:14:00,18:14:00,7073,8,0,0
1288707,18:16:00,18:16:00,7074,9,0,0
1288707,18:18:00,18:18:00,7075,10,0,0
1288707,18:21:00,18:21:00,7076,11,0,0
1288707,18:22:00,18:22:00,7077,12,0,0
1288707,18:24:00,18:24:00,7078,13,0,0
1288707,18:26:00,18:26:00,7079,14,0,0
1288707,18:29:00,18:29:00,7080,15,0,0
1288707,18:30:00,18:30:00,7081,16,0,0
1288707,18:32:00,18:32:00,7032,17,0,0
1288707,18:33:00,18:33:00,7033,18,0,0
1288707,18:35:00,18:35:00,7034,19,0,0
1288707,18:39:00,18:39:00,7036,20,0,0
1288707,18:40:00,18:40:00,7091,21,0,0
1288707,18:41:00,18:41:00,7095,22,0,0
1288707,18:44:00,18:44:00,7092,23,1,0
1288708,18:28:00,18:28:00,7066,1,0,1
1288708,18:30:00,18:30:00,7067,2,0,0
1288708,18:31:00,18:31:00,7068,3,0,0
1288708,18:35:00,18:35:00,7069,4,0,0
1288708,18:39:00,18:39:00,7070,5,0,0
1288708,18:40:00,18:40:00,7071,6,0,0
1288708,18:41:00,18:41:00,7072,7,0,0
1288708,18:44:00,18:44:00,7073,8,0,0
1288708,18:46:00,18:46:00,7074,9,0,0
1288708,18:48:00,18:48:00,7075,10,0,0
1288708,18:51:00,18:51:00,7076,11,0,0
1288708,18:52:00,18:52:00,7077,12,0,0
1288708,18:54:00,18:54:00,7078,13,0,0
1288708,18:56:00,18:56:00,7079,14,0,0
1288708,18:59:00,18:59:00,7080,15,0,0
1288708,19:00:00,19:00:00,7081,16,0,0
1288708,19:02:00,19:02:00,7032,17,0,0
1288708,19:03:00,19:03:00,7033,18,0,0
1288708,19:05:00,19:05:00,7034,19,0,0
1288708,19:09:00,19:09:00,7036,20,0,0
1288708,19:10:00,19:10:00,7091,21,0,0
1288708,19:11:00,19:11:00,7095,22,0,0
1288708,19:14:00,19:14:00,7092,23,1,0
1288709,19:58:00,19:58:00,7066,1,0,1
1288709,20:00:00,20:00:00,7067,2,0,0
1288709,20:01:00,20:01:00,7068,3,0,0
1288709,20:05:00,20:05:00,7069,4,0,0
1288709,20:09:00,20:09:00,7070,5,0,0
1288709,20:10:00,20:10:00,7071,6,0,0
1288709,20:11:00,20:11:00,7072,7,0,0
1288709,20:14:00,20:14:00,7073,8,0,0
1288709,20:16:00,20:16:00,7074,9,0,0
1288709,20:18:00,20:18:00,7075,10,0,0
1288709,20:21:00,20:21:00,7076,11,0,0
1288709,20:22:00,20:22:00,7077,12,0,0
1288709,20:24:00,20:24:00,7078,13,0,0
1288709,20:26:00,20:26:00,7079,14,0,0
1288709,20:29:00,20:29:00,7080,15,0,0
1288709,20:30:00,20:30:00,7081,16,0,0
1288709,20:32:00,20:32:00,7032,17,0,0
1288709,20:33:00,20:33:00,7033,18,0,0
1288709,20:35:00,20:35:00,7034,19,0,0
1288709,20:39:00,20:39:00,7036,20,0,0
1288709,20:40:00,20:40:00,7091,21,1,0
1288710,21:59:00,21:59:00,7086,1,0,1
1288710,22:02:00,22:02:00,7087,2,0,0
1288710,22:04:00,22:04:00,7088,3,0,0
1288710,22:07:00,22:07:00,7089,4,0,0
1288710,22:13:00,22:13:00,7066,5,0,0
1288710,22:15:00,22:15:00,7067,6,0,0
1288710,22:16:00,22:16:00,7068,7,0,0
1288710,22:20:00,22:20:00,7069,8,0,0
1288710,22:24:00,22:24:00,7070,9,0,0
1288710,22:25:00,22:25:00,7071,10,0,0
1288710,22:26:00,22:26:00,7072,11,0,0
1288710,22:29:00,22:29:00,7073,12,0,0
1288710,22:31:00,22:31:00,7074,13,0,0
1288710,22:33:00,22:33:00,7075,14,0,0
1288710,22:36:00,22:36:00,7076,15,0,0
1288710,22:37:00,22:37:00,7077,16,0,0
1288710,22:39:00,22:39:00,7078,17,0,0
1288710,22:41:00,22:41:00,7079,18,0,0
1288710,22:44:00,22:44:00,7080,19,0,0
1288710,22:45:00,22:45:00,7081,20,0,0
1288710,22:47:00,22:47:00,7032,21,0,0
1288710,22:48:00,22:48:00,7033,22,0,0
1288710,22:50:00,22:50:00,7034,23,0,0
1288710,22:54:00,22:54:00,7036,24,0,0
1288710,22:55:00,22:55:00,7091,25,1,0
1288711,22:29:00,22:29:00,7086,1,0,1
1288711,22:32:00,22:32:00,7087,2,0,0
1288711,22:34:00,22:34:00,7088,3,0,0
1288711,22:37:00,22:37:00,7089,4,0,0
1288711,22:43:00,22:43:00,7066,5,0,0
1288711,22:45:00,22:45:00,7067,6,0,0
1288711,22:46:00,22:46:00,7068,7,0,0
1288711,22:50:00,22:50:00,7069,8,0,0
1288711,22:54:00,22:54:00,7070,9,0,0
1288711,22:55:00,22:55:00,7071,10,0,0
1288711,22:56:00,22:56:00,7072,11,0,0
1288711,22:59:00,22:59:00,7073,12,0,0
1288711,23:01:00,23:01:00,7074,13,0,0
1288711,23:03:00,23:03:00,7075,14,0,0
1288711,23:06:00,23:06:00,7076,15,0,0
1288711,23:07:00,23:07:00,7077,16,0,0
1288711,23:09:00,23:09:00,7078,17,0,0
1288711,23:11:00,23:11:00,7079,18,0,0
1288711,23:14:00,23:14:00,7080,19,0,0
1288711,23:15:00,23:15:00,7081,20,0,0
1288711,23:17:00,23:17:00,7032,21,0,0
1288711,23:18:00,23:18:00,7033,22,0,0
1288711,23:20:00,23:20:00,7034,23,0,0
1288711,23:24:00,23:24:00,7036,24,0,0
1288711,23:25:00,23:25:00,7091,25,1,0
1288712,22:59:00,22:59:00,7086,1,0,1
1288712,23:02:00,23:02:00,7087,2,0,0
1288712,23:04:00,23:04:00,7088,3,0,0
1288712,23:07:00,23:07:00,7089,4,0,0
1288712,23:13:00,23:13:00,7066,5,0,0
1288712,23:15:00,23:15:00,7067,6,0,0
1288712,23:16:00,23:16:00,7068,7,0,0
1288712,23:20:00,23:20:00,7069,8,0,0
1288712,23:24:00,23:24:00,7070,9,0,0
1288712,23:25:00,23:25:00,7071,10,0,0
1288712,23:26:00,23:26:00,7072,11,0,0
1288712,23:29:00,23:29:00,7073,12,0,0
1288712,23:31:00,23:31:00,7074,13,0,0
1288712,23:33:00,23:33:00,7075,14,0,0
1288712,23:36:00,23:36:00,7076,15,0,0
1288712,23:37:00,23:37:00,7077,16,0,0
1288712,23:39:00,23:39:00,7078,17,0,0
1288712,23:41:00,23:41:00,7079,18,0,0
1288712,23:44:00,23:44:00,7080,19,0,0
1288712,23:45:00,23:45:00,7081,20,0,0
1288712,23:47:00,23:47:00,7032,21,0,0
1288712,23:48:00,23:48:00,7033,22,0,0
1288712,23:50:00,23:50:00,7034,23,0,0
1288712,23:54:00,23:54:00,7036,24,0,0
1288712,23:55:00,23:55:00,7091,25,1,0
1288713,23:29:00,23:29:00,7086,1,0,1
1288713,23:32:00,23:32:00,7087,2,0,0
1288713,23:34:00,23:34:00,7088,3,0,0
1288713,23:37:00,23:37:00,7089,4,0,0
1288713,23:43:00,23:43:00,7066,5,0,0
1288713,23:45:00,23:45:00,7067,6,0,0
1288713,23:46:00,23:46:00,7068,7,0,0
1288713,23:50:00,23:50:00,7069,8,0,0
1288713,23:54:00,23:54:00,7070,9,0,0
1288713,23:55:00,23:55:00,7071,10,0,0
1288713,23:56:00,23:56:00,7072,11,0,0
1288713,23:59:00,23:59:00,7073,12,0,0
1288713,24:01:00,24:01:00,7074,13,0,0
1288713,24:03:00,24:03:00,7075,14,0,0
1288713,24:06:00,24:06:00,7076,15,0,0
1288713,24:07:00,24:07:00,7077,16,0,0
1288713,24:09:00,24:09:00,7078,17,0,0
1288713,24:11:00,24:11:00,7079,18,0,0
1288713,24:14:00,24:14:00,7080,19,0,0
1288713,24:15:00,24:15:00,7081,20,0,0
1288713,24:17:00,24:17:00,7032,21,0,0
1288713,24:18:00,24:18:00,7033,22,0,0
1288713,24:20:00,24:20:00,7034,23,0,0
1288713,24:24:00,24:24:00,7036,24,0,0
1288713,24:25:00,24:25:00,7091,25,1,0
1288714,07:13:00,07:13:00,7066,1,0,1
1288714,07:15:00,07:15:00,7067,2,0,0
1288714,07:16:00,07:16:00,7068,3,0,0
1288714,07:20:00,07:20:00,7069,4,0,0
1288714,07:24:00,07:24:00,7070,5,0,0
1288714,07:25:00,07:25:00,7071,6,0,0
1288714,07:26:00,07:26:00,7072,7,0,0
1288714,07:29:00,07:29:00,7073,8,0,0
1288714,07:31:00,07:31:00,7074,9,0,0
1288714,07:33:00,07:33:00,7075,10,0,0
1288714,07:36:00,07:36:00,7076,11,0,0
1288714,07:37:00,07:37:00,7077,12,0,0
1288714,07:39:00,07:39:00,7078,13,0,0
1288714,07:41:00,07:41:00,7079,14,0,0
1288714,07:44:00,07:44:00,7080,15,0,0
1288714,07:45:00,07:45:00,7081,16,0,0
1288714,07:47:00,07:47:00,7032,17,0,0
1288714,07:48:00,07:48:00,7033,18,0,0
1288714,07:50:00,07:50:00,7034,19,0,0
1288714,07:54:00,07:54:00,7036,20,0,0
1288714,07:55:00,07:55:00,7091,21,0,0
1288714,07:56:00,07:56:00,7095,22,0,0
1288714,07:59:00,07:59:00,7092,23,1,0
1288715,07:29:00,07:29:00,7086,1,0,1
1288715,07:32:00,07:32:00,7087,2,0,0
1288715,07:34:00,07:34:00,7088,3,0,0
1288715,07:37:00,07:37:00,7089,4,0,0
1288715,07:43:00,07:43:00,7066,5,0,0
1288715,07:45:00,07:45:00,7067,6,0,0
1288715,07:46:00,07:46:00,7068,7,0,0
1288715,07:50:00,07:50:00,7069,8,0,0
1288715,07:54:00,07:54:00,7070,9,0,0
1288715,07:55:00,07:55:00,7071,10,0,0
1288715,07:56:00,07:56:00,7072,11,0,0
1288715,07:59:00,07:59:00,7073,12,0,0
1288715,08:01:00,08:01:00,7074,13,0,0
1288715,08:03:00,08:03:00,7075,14,0,0
1288715,08:06:00,08:06:00,7076,15,0,0
1288715,08:07:00,08:07:00,7077,16,0,0
1288715,08:09:00,08:09:00,7078,17,0,0
1288715,08:11:00,08:11:00,7079,18,0,0
1288715,08:14:00,08:14:00,7080,19,0,0
1288715,08:15:00,08:15:00,7081,20,0,0
1288715,08:17:00,08:17:00,7032,21,0,0
1288715,08:18:00,08:18:00,7033,22,0,0
1288715,08:20:00,08:20:00,7034,23,0,0
1288715,08:24:00,08:24:00,7036,24,0,0
1288715,08:25:00,08:25:00,7091,25,0,0
1288715,08:26:00,08:26:00,7095,26,0,0
1288715,08:29:00,08:29:00,7092,27,1,0
1288716,07:59:00,07:59:00,7086,1,0,1
1288716,08:02:00,08:02:00,7087,2,0,0
1288716,08:04:00,08:04:00,7088,3,0,0
1288716,08:07:00,08:07:00,7089,4,0,0
1288716,08:13:00,08:13:00,7066,5,0,0
1288716,08:15:00,08:15:00,7067,6,0,0
1288716,08:16:00,08:16:00,7068,7,0,0
1288716,08:20:00,08:20:00,7069,8,0,0
1288716,08:24:00,08:24:00,7070,9,0,0
1288716,08:25:00,08:25:00,7071,10,0,0
1288716,08:26:00,08:26:00,7072,11,0,0
1288716,08:29:00,08:29:00,7073,12,0,0
1288716,08:31:00,08:31:00,7074,13,0,0
1288716,08:33:00,08:33:00,7075,14,0,0
1288716,08:36:00,08:36:00,7076,15,0,0
1288716,08:37:00,08:37:00,7077,16,0,0
1288716,08:39:00,08:39:00,7078,17,0,0
1288716,08:41:00,08:41:00,7079,18,0,0
1288716,08:44:00,08:44:00,7080,19,0,0
1288716,08:45:00,08:45:00,7081,20,0,0
1288716,08:47:00,08:47:00,7032,21,0,0
1288716,08:48:00,08:48:00,7033,22,0,0
1288716,08:50:00,08:50:00,7034,23,0,0
1288716,08:54:00,08:54:00,7036,24,0,0
1288716,08:55:00,08:55:00,7091,25,0,0
1288716,08:56:00,08:56:00,7095,26,0,0
1288716,08:59:00,08:59:00,7092,27,1,0
1288717,08:29:00,08:29:00,7086,1,0,1
1288717,08:32:00,08:32:00,7087,2,0,0
1288717,08:34:00,08:34:00,7088,3,0,0
1288717,08:37:00,08:37:00,7089,4,0,0
1288717,08:43:00,08:43:00,7066,5,0,0
1288717,08:45:00,08:45:00,7067,6,0,0
1288717,08:46:00,08:46:00,7068,7,0,0
1288717,08:50:00,08:50:00,7069,8,0,0
1288717,08:54:00,08:54:00,7070,9,0,0
1288717,08:55:00,08:55:00,7071,10,0,0
1288717,08:56:00,08:56:00,7072,11,0,0
1288717,08:59:00,08:59:00,7073,12,0,0
1288717,09:01:00,09:01:00,7074,13,0,0
1288717,09:03:00,09:03:00,7075,14,0,0
1288717,09:06:00,09:06:00,7076,15,0,0
1288717,09:07:00,09:07:00,7077,16,0,0
1288717,09:09:00,09:09:00,7078,17,0,0
1288717,09:11:00,09:11:00,7079,18,0,0
1288717,09:14:00,09:14:00,7080,19,0,0
1288717,09:15:00,09:15:00,7081,20,0,0
1288717,09:17:00,09:17:00,7032,21,0,0
1288717,09:18:00,09:18:00,7033,22,0,0
1288717,09:20:00,09:20:00,7034,23,0,0
1288717,09:24:00,09:24:00,7036,24,0,0
1288717,09:25:00,09:25:00,7091,25,0,0
1288717,09:26:00,09:26:00,7095,26,0,0
1288717,09:29:00,09:29:00,7092,27,1,0
1288718,08:59:00,08:59:00,7086,1,0,1
1288718,09:02:00,09:02:00,7087,2,0,0
1288718,09:04:00,09:04:00,7088,3,0,0
1288718,09:07:00,09:07:00,7089,4,0,0
1288718,09:13:00,09:13:00,7066,5,0,0
1288718,09:15:00,09:15:00,7067,6,0,0
1288718,09:16:00,09:16:00,7068,7,0,0
1288718,09:20:00,09:20:00,7069,8,0,0
1288718,09:24:00,09:24:00,7070,9,0,0
1288718,09:25:00,09:25:00,7071,10,0,0
1288718,09:26:00,09:26:00,7072,11,0,0
1288718,09:29:00,09:29:00,7073,12,0,0
1288718,09:31:00,09:31:00,7074,13,0,0
1288718,09:33:00,09:33:00,7075,14,0,0
1288718,09:36:00,09:36:00,7076,15,0,0
1288718,09:37:00,09:37:00,7077,16,0,0
1288718,09:39:00,09:39:00,7078,17,0,0
1288718,09:41:00,09:41:00,7079,18,0,0
1288718,09:44:00,09:44:00,7080,19,0,0
1288718,09:45:00,09:45:00,7081,20,0,0
1288718,09:47:00,09:47:00,7032,21,0,0
1288718,09:48:00,09:48:00,7033,22,0,0
1288718,09:50:00,09:50:00,7034,23,0,0
1288718,09:54:00,09:54:00,7036,24,0,0
1288718,09:55:00,09:55:00,7091,25,0,0
1288718,09:56:00,09:56:00,7095,26,0,0
1288718,09:59:00,09:59:00,7092,27,1,0
1288719,09:29:00,09:29:00,7086,1,0,1
1288719,09:32:00,09:32:00,7087,2,0,0
1288719,09:34:00,09:34:00,7088,3,0,0
1288719,09:37:00,09:37:00,7089,4,0,0
1288719,09:43:00,09:43:00,7066,5,0,0
1288719,09:45:00,09:45:00,7067,6,0,0
1288719,09:46:00,09:46:00,7068,7,0,0
1288719,09:50:00,09:50:00,7069,8,0,0
1288719,09:54:00,09:54:00,7070,9,0,0
1288719,09:55:00,09:55:00,7071,10,0,0
1288719,09:56:00,09:56:00,7072,11,0,0
1288719,09:59:00,09:59:00,7073,12,0,0
1288719,10:01:00,10:01:00,7074,13,0,0
1288719,10:03:00,10:03:00,7075,14,0,0
1288719,10:06:00,10:06:00,7076,15,0,0
1288719,10:07:00,10:07:00,7077,16,0,0
1288719,10:09:00,10:09:00,7078,17,0,0
1288719,10:11:00,10:11:00,7079,18,0,0
1288719,10:14:00,10:14:00,7080,19,0,0
1288719,10:15:00,10:15:00,7081,20,0,0
1288719,10:17:00,10:17:00,7032,21,0,0
1288719,10:18:00,10:18:00,7033,22,0,0
1288719,10:20:00,10:20:00,7034,23,0,0
1288719,10:24:00,10:24:00,7036,24,0,0
1288719,10:25:00,10:25:00,7091,25,0,0
1288719,10:26:00,10:26:00,7095,26,0,0
1288719,10:29:00,10:29:00,7092,27,1,0
1288720,09:59:00,09:59:00,7086,1,0,1
1288720,10:02:00,10:02:00,7087,2,0,0
1288720,10:04:00,10:04:00,7088,3,0,0
1288720,10:07:00,10:07:00,7089,4,0,0
1288720,10:13:00,10:13:00,7066,5,0,0
1288720,10:15:00,10:15:00,7067,6,0,0
1288720,10:16:00,10:16:00,7068,7,0,0
1288720,10:20:00,10:20:00,7069,8,0,0
1288720,10:24:00,10:24:00,7070,9,0,0
1288720,10:25:00,10:25:00,7071,10,0,0
1288720,10:26:00,10:26:00,7072,11,0,0
1288720,10:29:00,10:29:00,7073,12,0,0
1288720,10:31:00,10:31:00,7074,13,0,0
1288720,10:33:00,10:33:00,7075,14,0,0
1288720,10:36:00,10:36:00,7076,15,0,0
1288720,10:37:00,10:37:00,7077,16,0,0
1288720,10:39:00,10:39:00,7078,17,0,0
1288720,10:41:00,10:41:00,7079,18,0,0
1288720,10:44:00,10:44:00,7080,19,0,0
1288720,10:45:00,10:45:00,7081,20,0,0
1288720,10:47:00,10:47:00,7032,21,0,0
1288720,10:48:00,10:48:00,7033,22,0,0
1288720,10:50:00,10:50:00,7034,23,0,0
1288720,10:54:00,10:54:00,7036,24,0,0
1288720,10:55:00,10:55:00,7091,25,0,0
1288720,10:56:00,10:56:00,7095,26,0,0
1288720,10:59:00,10:59:00,7092,27,1,0
1288721,10:29:00,10:29:00,7086,1,0,1
1288721,10:32:00,10:32:00,7087,2,0,0
1288721,10:34:00,10:34:00,7088,3,0,0
1288721,10:37:00,10:37:00,7089,4,0,0
1288721,10:43:00,10:43:00,7066,5,0,0
1288721,10:45:00,10:45:00,7067,6,0,0
1288721,10:46:00,10:46:00,7068,7,0,0
1288721,10:50:00,10:50:00,7069,8,0,0
1288721,10:54:00,10:54:00,7070,9,0,0
1288721,10:55:00,10:55:00,7071,10,0,0
1288721,10:56:00,10:56:00,7072,11,0,0
1288721,10:59:00,10:59:00,7073,12,0,0
1288721,11:01:00,11:01:00,7074,13,0,0
1288721,11:03:00,11:03:00,7075,14,0,0
1288721,11:06:00,11:06:00,7076,15,0,0
1288721,11:07:00,11:07:00,7077,16,0,0
1288721,11:09:00,11:09:00,7078,17,0,0
1288721,11:11:00,11:11:00,7079,18,0,0
1288721,11:14:00,11:14:00,7080,19,0,0
1288721,11:15:00,11:15:00,7081,20,0,0
1288721,11:17:00,11:17:00,7032,21,0,0
1288721,11:18:00,11:18:00,7033,22,0,0
1288721,11:20:00,11:20:00,7034,23,0,0
1288721,11:24:00,11:24:00,7036,24,0,0
1288721,11:25:00,11:25:00,7091,25,0,0
1288721,11:26:00,11:26:00,7095,26,0,0
1288721,11:29:00,11:29:00,7092,27,1,0
1288722,10:59:00,10:59:00,7086,1,0,1
1288722,11:02:00,11:02:00,7087,2,0,0
1288722,11:04:00,11:04:00,7088,3,0,0
1288722,11:07:00,11:07:00,7089,4,0,0
1288722,11:13:00,11:13:00,7066,5,0,0
1288722,11:15:00,11:15:00,7067,6,0,0
1288722,11:16:00,11:16:00,7068,7,0,0
1288722,11:20:00,11:20:00,7069,8,0,0
1288722,11:24:00,11:24:00,7070,9,0,0
1288722,11:25:00,11:25:00,7071,10,0,0
1288722,11:26:00,11:26:00,7072,11,0,0
1288722,11:29:00,11:29:00,7073,12,0,0
1288722,11:31:00,11:31:00,7074,13,0,0
1288722,11:33:00,11:33:00,7075,14,0,0
1288722,11:36:00,11:36:00,7076,15,0,0
1288722,11:37:00,11:37:00,7077,16,0,0
1288722,11:39:00,11:39:00,7078,17,0,0
1288722,11:41:00,11:41:00,7079,18,0,0
1288722,11:44:00,11:44:00,7080,19,0,0
1288722,11:45:00,11:45:00,7081,20,0,0
1288722,11:47:00,11:47:00,7032,21,0,0
1288722,11:48:00,11:48:00,7033,22,0,0
1288722,11:50:00,11:50:00,7034,23,0,0
1288722,11:54:00,11:54:00,7036,24,0,0
1288722,11:55:00,11:55:00,7091,25,0,0
1288722,11:56:00,11:56:00,7095,26,0,0
1288722,11:59:00,11:59:00,7092,27,1,0
1288723,11:29:00,11:29:00,7086,1,0,1
1288723,11:32:00,11:32:00,7087,2,0,0
1288723,11:34:00,11:34:00,7088,3,0,0
1288723,11:37:00,11:37:00,7089,4,0,0
1288723,11:43:00,11:43:00,7066,5,0,0
1288723,11:45:00,11:45:00,7067,6,0,0
1288723,11:46:00,11:46:00,7068,7,0,0
1288723,11:50:00,11:50:00,7069,8,0,0
1288723,11:54:00,11:54:00,7070,9,0,0
1288723,11:55:00,11:55:00,7071,10,0,0
1288723,11:56:00,11:56:00,7072,11,0,0
1288723,11:59:00,11:59:00,7073,12,0,0
1288723,12:01:00,12:01:00,7074,13,0,0
1288723,12:03:00,12:03:00,7075,14,0,0
1288723,12:06:00,12:06:00,7076,15,0,0
1288723,12:07:00,12:07:00,7077,16,0,0
1288723,12:09:00,12:09:00,7078,17,0,0
1288723,12:11:00,12:11:00,7079,18,0,0
1288723,12:14:00,12:14:00,7080,19,0,0
1288723,12:15:00,12:15:00,7081,20,0,0
1288723,12:17:00,12:17:00,7032,21,0,0
1288723,12:18:00,12:18:00,7033,22,0,0
1288723,12:20:00,12:20:00,7034,23,0,0
1288723,12:24:00,12:24:00,7036,24,0,0
1288723,12:25:00,12:25:00,7091,25,0,0
1288723,12:26:00,12:26:00,7095,26,0,0
1288723,12:29:00,12:29:00,7092,27,1,0
1288724,11:59:00,11:59:00,7086,1,0,1
1288724,12:02:00,12:02:00,7087,2,0,0
1288724,12:04:00,12:04:00,7088,3,0,0
1288724,12:07:00,12:07:00,7089,4,0,0
1288724,12:13:00,12:13:00,7066,5,0,0
1288724,12:15:00,12:15:00,7067,6,0,0
1288724,12:16:00,12:16:00,7068,7,0,0
1288724,12:20:00,12:20:00,7069,8,0,0
1288724,12:24:00,12:24:00,7070,9,0,0
1288724,12:25:00,12:25:00,7071,10,0,0
1288724,12:26:00,12:26:00,7072,11,0,0
1288724,12:29:00,12:29:00,7073,12,0,0
1288724,12:31:00,12:31:00,7074,13,0,0
1288724,12:33:00,12:33:00,7075,14,0,0
1288724,12:36:00,12:36:00,7076,15,0,0
1288724,12:37:00,12:37:00,7077,16,0,0
1288724,12:39:00,12:39:00,7078,17,0,0
1288724,12:41:00,12:41:00,7079,18,0,0
1288724,12:44:00,12:44:00,7080,19,0,0
1288724,12:45:00,12:45:00,7081,20,0,0
1288724,12:47:00,12:47:00,7032,21,0,0
1288724,12:48:00,12:48:00,7033,22,0,0
1288724,12:50:00,12:50:00,7034,23,0,0
1288724,12:54:00,12:54:00,7036,24,0,0
1288724,12:55:00,12:55:00,7091,25,0,0
1288724,12:56:00,12:56:00,7095,26,0,0
1288724,12:59:00,12:59:00,7092,27,1,0
1288725,12:29:00,12:29:00,7086,1,0,1
1288725,12:32:00,12:32:00,7087,2,0,0
1288725,12:34:00,12:34:00,7088,3,0,0
1288725,12:37:00,12:37:00,7089,4,0,0
1288725,12:43:00,12:43:00,7066,5,0,0
1288725,12:45:00,12:45:00,7067,6,0,0
1288725,12:46:00,12:46:00,7068,7,0,0
1288725,12:50:00,12:50:00,7069,8,0,0
1288725,12:54:00,12:54:00,7070,9,0,0
1288725,12:55:00,12:55:00,7071,10,0,0
1288725,12:56:00,12:56:00,7072,11,0,0
1288725,12:59:00,12:59:00,7073,12,0,0
1288725,13:01:00,13:01:00,7074,13,0,0
1288725,13:03:00,13:03:00,7075,14,0,0
1288725,13:06:00,13:06:00,7076,15,0,0
1288725,13:07:00,13:07:00,7077,16,0,0
1288725,13:09:00,13:09:00,7078,17,0,0
1288725,13:11:00,13:11:00,7079,18,0,0
1288725,13:14:00,13:14:00,7080,19,0,0
1288725,13:15:00,13:15:00,7081,20,0,0
1288725,13:17:00,13:17:00,7032,21,0,0
1288725,13:18:00,13:18:00,7033,22,0,0
1288725,13:20:00,13:20:00,7034,23,0,0
1288725,13:24:00,13:24:00,7036,24,0,0
1288725,13:25:00,13:25:00,7091,25,0,0
1288725,13:26:00,13:26:00,7095,26,0,0
1288725,13:29:00,13:29:00,7092,27,1,0
1288726,12:59:00,12:59:00,7086,1,0,1
1288726,13:02:00,13:02:00,7087,2,0,0
1288726,13:04:00,13:04:00,7088,3,0,0
1288726,13:07:00,13:07:00,7089,4,0,0
1288726,13:13:00,13:13:00,7066,5,0,0
1288726,13:15:00,13:15:00,7067,6,0,0
1288726,13:16:00,13:16:00,7068,7,0,0
1288726,13:20:00,13:20:00,7069,8,0,0
1288726,13:24:00,13:24:00,7070,9,0,0
1288726,13:25:00,13:25:00,7071,10,0,0
1288726,13:26:00,13:26:00,7072,11,0,0
1288726,13:29:00,13:29:00,7073,12,0,0
1288726,13:31:00,13:31:00,7074,13,0,0
1288726,13:33:00,13:33:00,7075,14,0,0
1288726,13:36:00,13:36:00,7076,15,0,0
1288726,13:37:00,13:37:00,7077,16,0,0
1288726,13:39:00,13:39:00,7078,17,0,0
1288726,13:41:00,13:41:00,7079,18,0,0
1288726,13:44:00,13:44:00,7080,19,0,0
1288726,13:45:00,13:45:00,7081,20,0,0
1288726,13:47:00,13:47:00,7032,21,0,0
1288726,13:48:00,13:48:00,7033,22,0,0
1288726,13:50:00,13:50:00,7034,23,0,0
1288726,13:54:00,13:54:00,7036,24,0,0
1288726,13:55:00,13:55:00,7091,25,0,0
1288726,13:56:00,13:56:00,7095,26,0,0
1288726,13:59:00,13:59:00,7092,27,1,0
1288727,13:29:00,13:29:00,7086,1,0,1
1288727,13:32:00,13:32:00,7087,2,0,0
1288727,13:34:00,13:34:00,7088,3,0,0
1288727,13:37:00,13:37:00,7089,4,0,0
1288727,13:43:00,13:43:00,7066,5,0,0
1288727,13:45:00,13:45:00,7067,6,0,0
1288727,13:46:00,13:46:00,7068,7,0,0
1288727,13:50:00,13:50:00,7069,8,0,0
1288727,13:54:00,13:54:00,7070,9,0,0
1288727,13:55:00,13:55:00,7071,10,0,0
1288727,13:56:00,13:56:00,7072,11,0,0
1288727,13:59:00,13:59:00,7073,12,0,0
1288727,14:01:00,14:01:00,7074,13,0,0
1288727,14:03:00,14:03:00,7075,14,0,0
1288727,14:06:00,14:06:00,7076,15,0,0
1288727,14:07:00,14:07:00,7077,16,0,0
1288727,14:09:00,14:09:00,7078,17,0,0
1288727,14:11:00,14:11:00,7079,18,0,0
1288727,14:14:00,14:14:00,7080,19,0,0
1288727,14:15:00,14:15:00,7081,20,0,0
1288727,14:17:00,14:17:00,7032,21,0,0
1288727,14:18:00,14:18:00,7033,22,0,0
1288727,14:20:00,14:20:00,7034,23,0,0
1288727,14:24:00,14:24:00,7036,24,0,0
1288727,14:25:00,14:25:00,7091,25,0,0
1288727,14:26:00,14:26:00,7095,26,0,0
1288727,14:29:00,14:29:00,7092,27,1,0
1288728,13:59:00,13:59:00,7086,1,0,1
1288728,14:02:00,14:02:00,7087,2,0,0
1288728,14:04:00,14:04:00,7088,3,0,0
1288728,14:07:00,14:07:00,7089,4,0,0
1288728,14:13:00,14:13:00,7066,5,0,0
1288728,14:15:00,14:15:00,7067,6,0,0
1288728,14:16:00,14:16:00,7068,7,0,0
1288728,14:20:00,14:20:00,7069,8,0,0
1288728,14:24:00,14:24:00,7070,9,0,0
1288728,14:25:00,14:25:00,7071,10,0,0
1288728,14:26:00,14:26:00,7072,11,0,0
1288728,14:29:00,14:29:00,7073,12,0,0
1288728,14:31:00,14:31:00,7074,13,0,0
1288728,14:33:00,14:33:00,7075,14,0,0
1288728,14:36:00,14:36:00,7076,15,0,0
1288728,14:37:00,14:37:00,7077,16,0,0
1288728,14:39:00,14:39:00,7078,17,0,0
1288728,14:41:00,14:41:00,7079,18,0,0
1288728,14:44:00,14:44:00,7080,19,0,0
1288728,14:45:00,14:45:00,7081,20,0,0
1288728,14:47:00,14:47:00,7032,21,0,0
1288728,14:48:00,14:48:00,7033,22,0,0
1288728,14:50:00,14:50:00,7034,23,0,0
1288728,14:54:00,14:54:00,7036,24,0,0
1288728,14:55:00,14:55:00,7091,25,0,0
1288728,14:56:00,14:56:00,7095,26,0,0
1288728,14:59:00,14:59:00,7092,27,1,0
1288729,14:29:00,14:29:00,7086,1,0,1
1288729,14:32:00,14:32:00,7087,2,0,0
1288729,14:34:00,14:34:00,7088,3,0,0
1288729,14:37:00,14:37:00,7089,4,0,0
1288729,14:43:00,14:43:00,7066,5,0,0
1288729,14:45:00,14:45:00,7067,6,0,0
1288729,14:46:00,14:46:00,7068,7,0,0
1288729,14:50:00,14:50:00,7069,8,0,0
1288729,14:54:00,14:54:00,7070,9,0,0
1288729,14:55:00,14:55:00,7071,10,0,0
1288729,14:56:00,14:56:00,7072,11,0,0
1288729,14:59:00,14:59:00,7073,12,0,0
1288729,15:01:00,15:01:00,7074,13,0,0
1288729,15:03:00,15:03:00,7075,14,0,0
1288729,15:06:00,15:06:00,7076,15,0,0
1288729,15:07:00,15:07:00,7077,16,0,0
1288729,15:09:00,15:09:00,7078,17,0,0
1288729,15:11:00,15:11:00,7079,18,0,0
1288729,15:14:00,15:14:00,7080,19,0,0
1288729,15:15:00,15:15:00,7081,20,0,0
1288729,15:17:00,15:17:00,7032,21,0,0
1288729,15:18:00,15:18:00,7033,22,0,0
1288729,15:20:00,15:20:00,7034,23,0,0
1288729,15:24:00,15:24:00,7036,24,0,0
1288729,15:25:00,15:25:00,7091,25,0,0
1288729,15:26:00,15:26:00,7095,26,0,0
1288729,15:29:00,15:29:00,7092,27,1,0
1288730,14:59:00,14:59:00,7086,1,0,1
1288730,15:02:00,15:02:00,7087,2,0,0
1288730,15:04:00,15:04:00,7088,3,0,0
1288730,15:07:00,15:07:00,7089,4,0,0
1288730,15:13:00,15:13:00,7066,5,0,0
1288730,15:15:00,15:15:00,7067,6,0,0
1288730,15:16:00,15:16:00,7068,7,0,0
1288730,15:20:00,15:20:00,7069,8,0,0
1288730,15:24:00,15:24:00,7070,9,0,0
1288730,15:25:00,15:25:00,7071,10,0,0
1288730,15:26:00,15:26:00,7072,11,0,0
1288730,15:29:00,15:29:00,7073,12,0,0
1288730,15:31:00,15:31:00,7074,13,0,0
1288730,15:33:00,15:33:00,7075,14,0,0
1288730,15:36:00,15:36:00,7076,15,0,0
1288730,15:37:00,15:37:00,7077,16,0,0
1288730,15:39:00,15:39:00,7078,17,0,0
1288730,15:41:00,15:41:00,7079,18,0,0
1288730,15:44:00,15:44:00,7080,19,0,0
1288730,15:45:00,15:45:00,7081,20,0,0
1288730,15:47:00,15:47:00,7032,21,0,0
1288730,15:48:00,15:48:00,7033,22,0,0
1288730,15:50:00,15:50:00,7034,23,0,0
1288730,15:54:00,15:54:00,7036,24,0,0
1288730,15:55:00,15:55:00,7091,25,0,0
1288730,15:56:00,15:56:00,7095,26,0,0
1288730,15:59:00,15:59:00,7092,27,1,0
1288731,15:29:00,15:29:00,7086,1,0,1
1288731,15:32:00,15:32:00,7087,2,0,0
1288731,15:34:00,15:34:00,7088,3,0,0
1288731,15:37:00,15:37:00,7089,4,0,0
1288731,15:43:00,15:43:00,7066,5,0,0
1288731,15:45:00,15:45:00,7067,6,0,0
1288731,15:46:00,15:46:00,7068,7,0,0
1288731,15:50:00,15:50:00,7069,8,0,0
1288731,15:54:00,15:54:00,7070,9,0,0
1288731,15:55:00,15:55:00,7071,10,0,0
1288731,15:56:00,15:56:00,7072,11,0,0
1288731,15:59:00,15:59:00,7073,12,0,0
1288731,16:01:00,16:01:00,7074,13,0,0
1288731,16:03:00,16:03:00,7075,14,0,0
1288731,16:06:00,16:06:00,7076,15,0,0
1288731,16:07:00,16:07:00,7077,16,0,0
1288731,16:09:00,16:09:00,7078,17,0,0
1288731,16:11:00,16:11:00,7079,18,0,0
1288731,16:14:00,16:14:00,7080,19,0,0
1288731,16:15:00,16:15:00,7081,20,0,0
1288731,16:17:00,16:17:00,7032,21,0,0
1288731,16:18:00,16:18:00,7033,22,0,0
1288731,16:20:00,16:20:00,7034,23,0,0
1288731,16:24:00,16:24:00,7036,24,0,0
1288731,16:25:00,16:25:00,7091,25,0,0
1288731,16:26:00,16:26:00,7095,26,0,0
1288731,16:29:00,16:29:00,7092,27,1,0
1288732,15:59:00,15:59:00,7086,1,0,1
1288732,16:02:00,16:02:00,7087,2,0,0
1288732,16:04:00,16:04:00,7088,3,0,0
1288732,16:07:00,16:07:00,7089,4,0,0
1288732,16:13:00,16:13:00,7066,5,0,0
1288732,16:15:00,16:15:00,7067,6,0,0
1288732,16:16:00,16:16:00,7068,7,0,0
1288732,16:20:00,16:20:00,7069,8,0,0
1288732,16:24:00,16:24:00,7070,9,0,0
1288732,16:25:00,16:25:00,7071,10,0,0
1288732,16:26:00,16:26:00,7072,11,0,0
1288732,16:29:00,16:29:00,7073,12,0,0
1288732,16:31:00,16:31:00,7074,13,0,0
1288732,16:33:00,16:33:00,7075,14,0,0
1288732,16:36:00,16:36:00,7076,15,0,0
1288732,16:37:00,16:37:00,7077,16,0,0
1288732,16:39:00,16:39:00,7078,17,0,0
1288732,16:41:00,16:41:00,7079,18,0,0
1288732,16:44:00,16:44:00,7080,19,0,0
1288732,16:45:00,16:45:00,7081,20,0,0
1288732,16:47:00,16:47:00,7032,21,0,0
1288732,16:48:00,16:48:00,7033,22,0,0
1288732,16:50:00,16:50:00,7034,23,0,0
1288732,16:54:00,16:54:00,7036,24,0,0
1288732,16:55:00,16:55:00,7091,25,0,0
1288732,16:56:00,16:56:00,7095,26,0,0
1288732,16:59:00,16:59:00,7092,27,1,0
1288733,16:29:00,16:29:00,7086,1,0,1
1288733,16:32:00,16:32:00,7087,2,0,0
1288733,16:34:00,16:34:00,7088,3,0,0
1288733,16:37:00,16:37:00,7089,4,0,0
1288733,16:43:00,16:43:00,7066,5,0,0
1288733,16:45:00,16:45:00,7067,6,0,0
1288733,16:46:00,16:46:00,7068,7,0,0
1288733,16:50:00,16:50:00,7069,8,0,0
1288733,16:54:00,16:54:00,7070,9,0,0
1288733,16:55:00,16:55:00,7071,10,0,0
1288733,16:56:00,16:56:00,7072,11,0,0
1288733,16:59:00,16:59:00,7073,12,0,0
1288733,17:01:00,17:01:00,7074,13,0,0
1288733,17:03:00,17:03:00,7075,14,0,0
1288733,17:06:00,17:06:00,7076,15,0,0
1288733,17:07:00,17:07:00,7077,16,0,0
1288733,17:09:00,17:09:00,7078,17,0,0
1288733,17:11:00,17:11:00,7079,18,0,0
1288733,17:14:00,17:14:00,7080,19,0,0
1288733,17:15:00,17:15:00,7081,20,0,0
1288733,17:17:00,17:17:00,7032,21,0,0
1288733,17:18:00,17:18:00,7033,22,0,0
1288733,17:20:00,17:20:00,7034,23,0,0
1288733,17:24:00,17:24:00,7036,24,0,0
1288733,17:25:00,17:25:00,7091,25,0,0
1288733,17:26:00,17:26:00,7095,26,0,0
1288733,17:29:00,17:29:00,7092,27,1,0
1288734,16:59:00,16:59:00,7086,1,0,1
1288734,17:02:00,17:02:00,7087,2,0,0
1288734,17:04:00,17:04:00,7088,3,0,0
1288734,17:07:00,17:07:00,7089,4,0,0
1288734,17:13:00,17:13:00,7066,5,0,0
1288734,17:15:00,17:15:00,7067,6,0,0
1288734,17:16:00,17:16:00,7068,7,0,0
1288734,17:20:00,17:20:00,7069,8,0,0
1288734,17:24:00,17:24:00,7070,9,0,0
1288734,17:25:00,17:25:00,7071,10,0,0
1288734,17:26:00,17:26:00,7072,11,0,0
1288734,17:29:00,17:29:00,7073,12,0,0
1288734,17:31:00,17:31:00,7074,13,0,0
1288734,17:33:00,17:33:00,7075,14,0,0
1288734,17:36:00,17:36:00,7076,15,0,0
1288734,17:37:00,17:37:00,7077,16,0,0
1288734,17:39:00,17:39:00,7078,17,0,0
1288734,17:41:00,17:41:00,7079,18,0,0
1288734,17:44:00,17:44:00,7080,19,0,0
1288734,17:45:00,17:45:00,7081,20,0,0
1288734,17:47:00,17:47:00,7032,21,0,0
1288734,17:48:00,17:48:00,7033,22,0,0
1288734,17:50:00,17:50:00,7034,23,0,0
1288734,17:54:00,17:54:00,7036,24,0,0
1288734,17:55:00,17:55:00,7091,25,0,0
1288734,17:56:00,17:56:00,7095,26,0,0
1288734,17:59:00,17:59:00,7092,27,1,0
1288735,17:29:00,17:29:00,7086,1,0,1
1288735,17:32:00,17:32:00,7087,2,0,0
1288735,17:34:00,17:34:00,7088,3,0,0
1288735,17:37:00,17:37:00,7089,4,0,0
1288735,17:43:00,17:43:00,7066,5,0,0
1288735,17:45:00,17:45:00,7067,6,0,0
1288735,17:46:00,17:46:00,7068,7,0,0
1288735,17:50:00,17:50:00,7069,8,0,0
1288735,17:54:00,17:54:00,7070,9,0,0
1288735,17:55:00,17:55:00,7071,10,0,0
1288735,17:56:00,17:56:00,7072,11,0,0
1288735,17:59:00,17:59:00,7073,12,0,0
1288735,18:01:00,18:01:00,7074,13,0,0
1288735,18:03:00,18:03:00,7075,14,0,0
1288735,18:06:00,18:06:00,7076,15,0,0
1288735,18:07:00,18:07:00,7077,16,0,0
1288735,18:09:00,18:09:00,7078,17,0,0
1288735,18:11:00,18:11:00,7079,18,0,0
1288735,18:14:00,18:14:00,7080,19,0,0
1288735,18:15:00,18:15:00,7081,20,0,0
1288735,18:17:00,18:17:00,7032,21,0,0
1288735,18:18:00,18:18:00,7033,22,0,0
1288735,18:20:00,18:20:00,7034,23,0,0
1288735,18:24:00,18:24:00,7036,24,0,0
1288735,18:25:00,18:25:00,7091,25,0,0
1288735,18:26:00,18:26:00,7095,26,0,0
1288735,18:29:00,18:29:00,7092,27,1,0
1288736,17:59:00,17:59:00,7086,1,0,1
1288736,18:02:00,18:02:00,7087,2,0,0
1288736,18:04:00,18:04:00,7088,3,0,0
1288736,18:07:00,18:07:00,7089,4,0,0
1288736,18:13:00,18:13:00,7066,5,0,0
1288736,18:15:00,18:15:00,7067,6,0,0
1288736,18:16:00,18:16:00,7068,7,0,0
1288736,18:20:00,18:20:00,7069,8,0,0
1288736,18:24:00,18:24:00,7070,9,0,0
1288736,18:25:00,18:25:00,7071,10,0,0
1288736,18:26:00,18:26:00,7072,11,0,0
1288736,18:29:00,18:29:00,7073,12,0,0
1288736,18:31:00,18:31:00,7074,13,0,0
1288736,18:33:00,18:33:00,7075,14,0,0
1288736,18:36:00,18:36:00,7076,15,0,0
1288736,18:37:00,18:37:00,7077,16,0,0
1288736,18:39:00,18:39:00,7078,17,0,0
1288736,18:41:00,18:41:00,7079,18,0,0
1288736,18:44:00,18:44:00,7080,19,0,0
1288736,18:45:00,18:45:00,7081,20,0,0
1288736,18:47:00,18:47:00,7032,21,0,0
1288736,18:48:00,18:48:00,7033,22,0,0
1288736,18:50:00,18:50:00,7034,23,0,0
1288736,18:54:00,18:54:00,7036,24,0,0
1288736,18:55:00,18:55:00,7091,25,0,0
1288736,18:56:00,18:56:00,7095,26,0,0
1288736,18:59:00,18:59:00,7092,27,1,0
1288737,18:29:00,18:29:00,7086,1,0,1
1288737,18:32:00,18:32:00,7087,2,0,0
1288737,18:34:00,18:34:00,7088,3,0,0
1288737,18:37:00,18:37:00,7089,4,0,0
1288737,18:43:00,18:43:00,7066,5,0,0
1288737,18:45:00,18:45:00,7067,6,0,0
1288737,18:46:00,18:46:00,7068,7,0,0
1288737,18:50:00,18:50:00,7069,8,0,0
1288737,18:54:00,18:54:00,7070,9,0,0
1288737,18:55:00,18:55:00,7071,10,0,0
1288737,18:56:00,18:56:00,7072,11,0,0
1288737,18:59:00,18:59:00,7073,12,0,0
1288737,19:01:00,19:01:00,7074,13,0,0
1288737,19:03:00,19:03:00,7075,14,0,0
1288737,19:06:00,19:06:00,7076,15,0,0
1288737,19:07:00,19:07:00,7077,16,0,0
1288737,19:09:00,19:09:00,7078,17,0,0
1288737,19:11:00,19:11:00,7079,18,0,0
1288737,19:14:00,19:14:00,7080,19,0,0
1288737,19:15:00,19:15:00,7081,20,0,0
1288737,19:17:00,19:17:00,7032,21,0,0
1288737,19:18:00,19:18:00,7033,22,0,0
1288737,19:20:00,19:20:00,7034,23,0,0
1288737,19:24:00,19:24:00,7036,24,0,0
1288737,19:25:00,19:25:00,7091,25,0,0
1288737,19:26:00,19:26:00,7095,26,0,0
1288737,19:29:00,19:29:00,7092,27,1,0
1288738,18:59:00,18:59:00,7086,1,0,1
1288738,19:02:00,19:02:00,7087,2,0,0
1288738,19:04:00,19:04:00,7088,3,0,0
1288738,19:07:00,19:07:00,7089,4,0,0
1288738,19:13:00,19:13:00,7066,5,0,0
1288738,19:15:00,19:15:00,7067,6,0,0
1288738,19:16:00,19:16:00,7068,7,0,0
1288738,19:20:00,19:20:00,7069,8,0,0
1288738,19:24:00,19:24:00,7070,9,0,0
1288738,19:25:00,19:25:00,7071,10,0,0
1288738,19:26:00,19:26:00,7072,11,0,0
1288738,19:29:00,19:29:00,7073,12,0,0
1288738,19:31:00,19:31:00,7074,13,0,0
1288738,19:33:00,19:33:00,7075,14,0,0
1288738,19:36:00,19:36:00,7076,15,0,0
1288738,19:37:00,19:37:00,7077,16,0,0
1288738,19:39:00,19:39:00,7078,17,0,0
1288738,19:41:00,19:41:00,7079,18,0,0
1288738,19:44:00,19:44:00,7080,19,0,0
1288738,19:45:00,19:45:00,7081,20,0,0
1288738,19:47:00,19:47:00,7032,21,0,0
1288738,19:48:00,19:48:00,7033,22,0,0
1288738,19:50:00,19:50:00,7034,23,0,0
1288738,19:54:00,19:54:00,7036,24,0,0
1288738,19:55:00,19:55:00,7091,25,0,0
1288738,19:56:00,19:56:00,7095,26,0,0
1288738,19:59:00,19:59:00,7092,27,1,0
1288739,19:29:00,19:29:00,7086,1,0,1
1288739,19:32:00,19:32:00,7087,2,0,0
1288739,19:34:00,19:34:00,7088,3,0,0
1288739,19:37:00,19:37:00,7089,4,0,0
1288739,19:43:00,19:43:00,7066,5,0,0
1288739,19:45:00,19:45:00,7067,6,0,0
1288739,19:46:00,19:46:00,7068,7,0,0
1288739,19:50:00,19:50:00,7069,8,0,0
1288739,19:54:00,19:54:00,7070,9,0,0
1288739,19:55:00,19:55:00,7071,10,0,0
1288739,19:56:00,19:56:00,7072,11,0,0
1288739,19:59:00,19:59:00,7073,12,0,0
1288739,20:01:00,20:01:00,7074,13,0,0
1288739,20:03:00,20:03:00,7075,14,0,0
1288739,20:06:00,20:06:00,7076,15,0,0
1288739,20:07:00,20:07:00,7077,16,0,0
1288739,20:09:00,20:09:00,7078,17,0,0
1288739,20:11:00,20:11:00,7079,18,0,0
1288739,20:14:00,20:14:00,7080,19,0,0
1288739,20:15:00,20:15:00,7081,20,0,0
1288739,20:17:00,20:17:00,7032,21,0,0
1288739,20:18:00,20:18:00,7033,22,0,0
1288739,20:20:00,20:20:00,7034,23,0,0
1288739,20:24:00,20:24:00,7036,24,0,0
1288739,20:25:00,20:25:00,7091,25,0,0
1288739,20:26:00,20:26:00,7095,26,0,0
1288739,20:29:00,20:29:00,7092,27,1,0
1288740,19:59:00,19:59:00,7086,1,0,1
1288740,20:02:00,20:02:00,7087,2,0,0
1288740,20:04:00,20:04:00,7088,3,0,0
1288740,20:07:00,20:07:00,7089,4,0,0
1288740,20:13:00,20:13:00,7066,5,0,0
1288740,20:15:00,20:15:00,7067,6,0,0
1288740,20:16:00,20:16:00,7068,7,0,0
1288740,20:20:00,20:20:00,7069,8,0,0
1288740,20:24:00,20:24:00,7070,9,0,0
1288740,20:25:00,20:25:00,7071,10,0,0
1288740,20:26:00,20:26:00,7072,11,0,0
1288740,20:29:00,20:29:00,7073,12,0,0
1288740,20:31:00,20:31:00,7074,13,0,0
1288740,20:33:00,20:33:00,7075,14,0,0
1288740,20:36:00,20:36:00,7076,15,0,0
1288740,20:37:00,20:37:00,7077,16,0,0
1288740,20:39:00,20:39:00,7078,17,0,0
1288740,20:41:00,20:41:00,7079,18,0,0
1288740,20:44:00,20:44:00,7080,19,0,0
1288740,20:45:00,20:45:00,7081,20,0,0
1288740,20:47:00,20:47:00,7032,21,0,0
1288740,20:48:00,20:48:00,7033,22,0,0
1288740,20:50:00,20:50:00,7034,23,0,0
1288740,20:54:00,20:54:00,7036,24,0,0
1288740,20:55:00,20:55:00,7091,25,0,0
1288740,20:56:00,20:56:00,7095,26,0,0
1288740,20:59:00,20:59:00,7092,27,1,0
1288741,20:29:00,20:29:00,7086,1,0,1
1288741,20:32:00,20:32:00,7087,2,0,0
1288741,20:34:00,20:34:00,7088,3,0,0
1288741,20:37:00,20:37:00,7089,4,0,0
1288741,20:43:00,20:43:00,7066,5,0,0
1288741,20:45:00,20:45:00,7067,6,0,0
1288741,20:46:00,20:46:00,7068,7,0,0
1288741,20:50:00,20:50:00,7069,8,0,0
1288741,20:54:00,20:54:00,7070,9,0,0
1288741,20:55:00,20:55:00,7071,10,0,0
1288741,20:56:00,20:56:00,7072,11,0,0
1288741,20:59:00,20:59:00,7073,12,0,0
1288741,21:01:00,21:01:00,7074,13,0,0
1288741,21:03:00,21:03:00,7075,14,0,0
1288741,21:06:00,21:06:00,7076,15,0,0
1288741,21:07:00,21:07:00,7077,16,0,0
1288741,21:09:00,21:09:00,7078,17,0,0
1288741,21:11:00,21:11:00,7079,18,0,0
1288741,21:14:00,21:14:00,7080,19,0,0
1288741,21:15:00,21:15:00,7081,20,0,0
1288741,21:17:00,21:17:00,7032,21,0,0
1288741,21:18:00,21:18:00,7033,22,0,0
1288741,21:20:00,21:20:00,7034,23,0,0
1288741,21:24:00,21:24:00,7036,24,0,0
1288741,21:25:00,21:25:00,7091,25,0,0
1288741,21:26:00,21:26:00,7095,26,0,0
1288741,21:29:00,21:29:00,7092,27,1,0
1288742,20:59:00,20:59:00,7086,1,0,1
1288742,21:02:00,21:02:00,7087,2,0,0
1288742,21:04:00,21:04:00,7088,3,0,0
1288742,21:07:00,21:07:00,7089,4,0,0
1288742,21:13:00,21:13:00,7066,5,0,0
1288742,21:15:00,21:15:00,7067,6,0,0
1288742,21:16:00,21:16:00,7068,7,0,0
1288742,21:20:00,21:20:00,7069,8,0,0
1288742,21:24:00,21:24:00,7070,9,0,0
1288742,21:25:00,21:25:00,7071,10,0,0
1288742,21:26:00,21:26:00,7072,11,0,0
1288742,21:29:00,21:29:00,7073,12,0,0
1288742,21:31:00,21:31:00,7074,13,0,0
1288742,21:33:00,21:33:00,7075,14,0,0
1288742,21:36:00,21:36:00,7076,15,0,0
1288742,21:37:00,21:37:00,7077,16,0,0
1288742,21:39:00,21:39:00,7078,17,0,0
1288742,21:41:00,21:41:00,7079,18,0,0
1288742,21:44:00,21:44:00,7080,19,0,0
1288742,21:45:00,21:45:00,7081,20,0,0
1288742,21:47:00,21:47:00,7032,21,0,0
1288742,21:48:00,21:48:00,7033,22,0,0
1288742,21:50:00,21:50:00,7034,23,0,0
1288742,21:54:00,21:54:00,7036,24,0,0
1288742,21:55:00,21:55:00,7091,25,0,0
1288742,21:56:00,21:56:00,7095,26,0,0
1288742,21:59:00,21:59:00,7092,27,1,0
1288743,21:29:00,21:29:00,7086,1,0,1
1288743,21:32:00,21:32:00,7087,2,0,0
1288743,21:34:00,21:34:00,7088,3,0,0
1288743,21:37:00,21:37:00,7089,4,0,0
1288743,21:43:00,21:43:00,7066,5,0,0
1288743,21:45:00,21:45:00,7067,6,0,0
1288743,21:46:00,21:46:00,7068,7,0,0
1288743,21:50:00,21:50:00,7069,8,0,0
1288743,21:54:00,21:54:00,7070,9,0,0
1288743,21:55:00,21:55:00,7071,10,0,0
1288743,21:56:00,21:56:00,7072,11,0,0
1288743,21:59:00,21:59:00,7073,12,0,0
1288743,22:01:00,22:01:00,7074,13,0,0
1288743,22:03:00,22:03:00,7075,14,0,0
1288743,22:06:00,22:06:00,7076,15,0,0
1288743,22:07:00,22:07:00,7077,16,0,0
1288743,22:09:00,22:09:00,7078,17,0,0
1288743,22:11:00,22:11:00,7079,18,0,0
1288743,22:14:00,22:14:00,7080,19,0,0
1288743,22:15:00,22:15:00,7081,20,0,0
1288743,22:17:00,22:17:00,7032,21,0,0
1288743,22:18:00,22:18:00,7033,22,0,0
1288743,22:20:00,22:20:00,7034,23,0,0
1288743,22:24:00,22:24:00,7036,24,0,0
1288743,22:25:00,22:25:00,7091,25,0,0
1288743,22:26:00,22:26:00,7095,26,0,0
1288743,22:29:00,22:29:00,7092,27,1,0
1288744,18:58:00,18:58:00,7066,1,0,1
1288744,19:00:00,19:00:00,7067,2,0,0
1288744,19:01:00,19:01:00,7068,3,0,0
1288744,19:05:00,19:05:00,7069,4,0,0
1288744,19:09:00,19:09:00,7070,5,0,0
1288744,19:10:00,19:10:00,7071,6,0,0
1288744,19:11:00,19:11:00,7072,7,0,0
1288744,19:14:00,19:14:00,7073,8,0,0
1288744,19:16:00,19:16:00,7074,9,0,0
1288744,19:18:00,19:18:00,7075,10,0,0
1288744,19:21:00,19:21:00,7076,11,0,0
1288744,19:22:00,19:22:00,7077,12,0,0
1288744,19:24:00,19:24:00,7078,13,0,0
1288744,19:26:00,19:26:00,7079,14,0,0
1288744,19:29:00,19:29:00,7080,15,0,0
1288744,19:30:00,19:30:00,7081,16,0,0
1288744,19:32:00,19:32:00,7032,17,0,0
1288744,19:33:00,19:33:00,7033,18,0,0
1288744,19:35:00,19:35:00,7034,19,0,0
1288744,19:39:00,19:39:00,7036,20,0,0
1288744,19:40:00,19:40:00,7091,21,1,0
1288745,19:28:00,19:28:00,7066,1,0,1
1288745,19:30:00,19:30:00,7067,2,0,0
1288745,19:31:00,19:31:00,7068,3,0,0
1288745,19:35:00,19:35:00,7069,4,0,0
1288745,19:39:00,19:39:00,7070,5,0,0
1288745,19:40:00,19:40:00,7071,6,0,0
1288745,19:41:00,19:41:00,7072,7,0,0
1288745,19:44:00,19:44:00,7073,8,0,0
1288745,19:46:00,19:46:00,7074,9,0,0
1288745,19:48:00,19:48:00,7075,10,0,0
1288745,19:51:00,19:51:00,7076,11,0,0
1288745,19:52:00,19:52:00,7077,12,0,0
1288745,19:54:00,19:54:00,7078,13,0,0
1288745,19:56:00,19:56:00,7079,14,0,0
1288745,19:59:00,19:59:00,7080,15,0,0
1288745,20:00:00,20:00:00,7081,16,0,0
1288745,20:02:00,20:02:00,7032,17,0,0
1288745,20:03:00,20:03:00,7033,18,0,0
1288745,20:05:00,20:05:00,7034,19,0,0
1288745,20:09:00,20:09:00,7036,20,0,0
1288745,20:10:00,20:10:00,7091,21,1,0
1288746,04:49:00,04:49:00,7093,1,0,1
1288746,04:51:00,04:51:00,7090,2,0,0
1288746,04:54:00,04:54:00,7013,3,0,0
1288746,04:55:00,04:55:00,7014,4,0,0
1288746,04:56:00,04:56:00,7015,5,0,0
1288746,04:59:00,04:59:00,7016,6,0,0
1288746,05:01:00,05:01:00,7017,7,0,0
1288746,05:03:00,05:03:00,7050,8,0,0
1288746,05:05:00,05:05:00,7051,9,0,0
1288746,05:07:00,05:07:00,7052,10,0,0
1288746,05:08:00,05:08:00,7053,11,0,0
1288746,05:10:00,05:10:00,7054,12,0,0
1288746,05:12:00,05:12:00,7055,13,0,0
1288746,05:14:00,05:14:00,7056,14,0,0
1288746,05:16:00,05:16:00,7057,15,0,0
1288746,05:19:00,05:19:00,7058,16,0,0
1288746,05:20:00,05:20:00,7059,17,0,0
1288746,05:22:00,05:22:00,7060,18,0,0
1288746,05:23:00,05:23:00,7061,19,0,0
1288746,05:28:00,05:28:00,7062,20,0,0
1288746,05:31:00,05:31:00,7063,21,0,0
1288746,05:32:00,05:32:00,7064,22,0,0
1288746,05:35:00,05:35:00,7065,23,1,0
1288747,05:19:00,05:19:00,7093,1,0,1
1288747,05:21:00,05:21:00,7090,2,0,0
1288747,05:24:00,05:24:00,7013,3,0,0
1288747,05:25:00,05:25:00,7014,4,0,0
1288747,05:26:00,05:26:00,7015,5,0,0
1288747,05:29:00,05:29:00,7016,6,0,0
1288747,05:31:00,05:31:00,7017,7,0,0
1288747,05:33:00,05:33:00,7050,8,0,0
1288747,05:35:00,05:35:00,7051,9,0,0
1288747,05:37:00,05:37:00,7052,10,0,0
1288747,05:38:00,05:38:00,7053,11,0,0
1288747,05:40:00,05:40:00,7054,12,0,0
1288747,05:42:00,05:42:00,7055,13,0,0
1288747,05:44:00,05:44:00,7056,14,0,0
1288747,05:46:00,05:46:00,7057,15,0,0
1288747,05:49:00,05:49:00,7058,16,0,0
1288747,05:50:00,05:50:00,7059,17,0,0
1288747,05:52:00,05:52:00,7060,18,0,0
1288747,05:53:00,05:53:00,7061,19,0,0
1288747,05:58:00,05:58:00,7062,20,0,0
1288747,06:01:00,06:01:00,7063,21,0,0
1288747,06:02:00,06:02:00,7064,22,0,0
1288747,06:05:00,06:05:00,7065,23,1,0
1288748,09:04:00,09:04:00,7093,1,0,1
1288748,09:06:00,09:06:00,7090,2,0,0
1288748,09:09:00,09:09:00,7013,3,0,0
1288748,09:10:00,09:10:00,7014,4,0,0
1288748,09:11:00,09:11:00,7015,5,0,0
1288748,09:14:00,09:14:00,7016,6,0,0
1288748,09:16:00,09:16:00,7017,7,0,0
1288748,09:18:00,09:18:00,7050,8,0,0
1288748,09:20:00,09:20:00,7051,9,0,0
1288748,09:22:00,09:22:00,7052,10,0,0
1288748,09:23:00,09:23:00,7053,11,0,0
1288748,09:25:00,09:25:00,7054,12,0,0
1288748,09:27:00,09:27:00,7055,13,0,0
1288748,09:29:00,09:29:00,7056,14,0,0
1288748,09:31:00,09:31:00,7057,15,0,0
1288748,09:34:00,09:34:00,7058,16,0,0
1288748,09:35:00,09:35:00,7059,17,0,0
1288748,09:37:00,09:37:00,7060,18,0,0
1288748,09:38:00,09:38:00,7061,19,0,0
1288748,09:43:00,09:43:00,7062,20,0,0
1288748,09:46:00,09:46:00,7063,21,0,0
1288748,09:47:00,09:47:00,7064,22,0,0
1288748,09:50:00,09:50:00,7065,23,1,0
1288749,09:34:00,09:34:00,7093,1,0,1
1288749,09:36:00,09:36:00,7090,2,0,0
1288749,09:39:00,09:39:00,7013,3,0,0
1288749,09:40:00,09:40:00,7014,4,0,0
1288749,09:41:00,09:41:00,7015,5,0,0
1288749,09:44:00,09:44:00,7016,6,0,0
1288749,09:46:00,09:46:00,7017,7,0,0
1288749,09:48:00,09:48:00,7050,8,0,0
1288749,09:50:00,09:50:00,7051,9,0,0
1288749,09:52:00,09:52:00,7052,10,0,0
1288749,09:53:00,09:53:00,7053,11,0,0
1288749,09:55:00,09:55:00,7054,12,0,0
1288749,09:57:00,09:57:00,7055,13,0,0
1288749,09:59:00,09:59:00,7056,14,0,0
1288749,10:01:00,10:01:00,7057,15,0,0
1288749,10:04:00,10:04:00,7058,16,0,0
1288749,10:05:00,10:05:00,7059,17,0,0
1288749,10:07:00,10:07:00,7060,18,0,0
1288749,10:08:00,10:08:00,7061,19,0,0
1288749,10:13:00,10:13:00,7062,20,0,0
1288749,10:16:00,10:16:00,7063,21,0,0
1288749,10:17:00,10:17:00,7064,22,0,0
1288749,10:20:00,10:20:00,7065,23,1,0
1288750,10:04:00,10:04:00,7093,1,0,1
1288750,10:06:00,10:06:00,7090,2,0,0
1288750,10:09:00,10:09:00,7013,3,0,0
1288750,10:10:00,10:10:00,7014,4,0,0
1288750,10:11:00,10:11:00,7015,5,0,0
1288750,10:14:00,10:14:00,7016,6,0,0
1288750,10:16:00,10:16:00,7017,7,0,0
1288750,10:18:00,10:18:00,7050,8,0,0
1288750,10:20:00,10:20:00,7051,9,0,0
1288750,10:22:00,10:22:00,7052,10,0,0
1288750,10:23:00,10:23:00,7053,11,0,0
1288750,10:25:00,10:25:00,7054,12,0,0
1288750,10:27:00,10:27:00,7055,13,0,0
1288750,10:29:00,10:29:00,7056,14,0,0
1288750,10:31:00,10:31:00,7057,15,0,0
1288750,10:34:00,10:34:00,7058,16,0,0
1288750,10:35:00,10:35:00,7059,17,0,0
1288750,10:37:00,10:37:00,7060,18,0,0
1288750,10:38:00,10:38:00,7061,19,0,0
1288750,10:43:00,10:43:00,7062,20,0,0
1288750,10:46:00,10:46:00,7063,21,0,0
1288750,10:47:00,10:47:00,7064,22,0,0
1288750,10:50:00,10:50:00,7065,23,1,0
1288751,10:34:00,10:34:00,7093,1,0,1
1288751,10:36:00,10:36:00,7090,2,0,0
1288751,10:39:00,10:39:00,7013,3,0,0
1288751,10:40:00,10:40:00,7014,4,0,0
1288751,10:41:00,10:41:00,7015,5,0,0
1288751,10:44:00,10:44:00,7016,6,0,0
1288751,10:46:00,10:46:00,7017,7,0,0
1288751,10:48:00,10:48:00,7050,8,0,0
1288751,10:50:00,10:50:00,7051,9,0,0
1288751,10:52:00,10:52:00,7052,10,0,0
1288751,10:53:00,10:53:00,7053,11,0,0
1288751,10:55:00,10:55:00,7054,12,0,0
1288751,10:57:00,10:57:00,7055,13,0,0
1288751,10:59:00,10:59:00,7056,14,0,0
1288751,11:01:00,11:01:00,7057,15,0,0
1288751,11:04:00,11:04:00,7058,16,0,0
1288751,11:05:00,11:05:00,7059,17,0,0
1288751,11:07:00,11:07:00,7060,18,0,0
1288751,11:08:00,11:08:00,7061,19,0,0
1288751,11:13:00,11:13:00,7062,20,0,0
1288751,11:16:00,11:16:00,7063,21,0,0
1288751,11:17:00,11:17:00,7064,22,0,0
1288751,11:20:00,11:20:00,7065,23,1,0
1288752,11:04:00,11:04:00,7093,1,0,1
1288752,11:06:00,11:06:00,7090,2,0,0
1288752,11:09:00,11:09:00,7013,3,0,0
1288752,11:10:00,11:10:00,7014,4,0,0
1288752,11:11:00,11:11:00,7015,5,0,0
1288752,11:14:00,11:14:00,7016,6,0,0
1288752,11:16:00,11:16:00,7017,7,0,0
1288752,11:18:00,11:18:00,7050,8,0,0
1288752,11:20:00,11:20:00,7051,9,0,0
1288752,11:22:00,11:22:00,7052,10,0,0
1288752,11:23:00,11:23:00,7053,11,0,0
1288752,11:25:00,11:25:00,7054,12,0,0
1288752,11:27:00,11:27:00,7055,13,0,0
1288752,11:29:00,11:29:00,7056,14,0,0
1288752,11:31:00,11:31:00,7057,15,0,0
1288752,11:34:00,11:34:00,7058,16,0,0
1288752,11:35:00,11:35:00,7059,17,0,0
1288752,11:37:00,11:37:00,7060,18,0,0
1288752,11:38:00,11:38:00,7061,19,0,0
1288752,11:43:00,11:43:00,7062,20,0,0
1288752,11:46:00,11:46:00,7063,21,0,0
1288752,11:47:00,11:47:00,7064,22,0,0
1288752,11:50:00,11:50:00,7065,23,1,0
1288753,11:34:00,11:34:00,7093,1,0,1
1288753,11:36:00,11:36:00,7090,2,0,0
1288753,11:39:00,11:39:00,7013,3,0,0
1288753,11:40:00,11:40:00,7014,4,0,0
1288753,11:41:00,11:41:00,7015,5,0,0
1288753,11:44:00,11:44:00,7016,6,0,0
1288753,11:46:00,11:46:00,7017,7,0,0
1288753,11:48:00,11:48:00,7050,8,0,0
1288753,11:50:00,11:50:00,7051,9,0,0
1288753,11:52:00,11:52:00,7052,10,0,0
1288753,11:53:00,11:53:00,7053,11,0,0
1288753,11:55:00,11:55:00,7054,12,0,0
1288753,11:57:00,11:57:00,7055,13,0,0
1288753,11:59:00,11:59:00,7056,14,0,0
1288753,12:01:00,12:01:00,7057,15,0,0
1288753,12:04:00,12:04:00,7058,16,0,0
1288753,12:05:00,12:05:00,7059,17,0,0
1288753,12:07:00,12:07:00,7060,18,0,0
1288753,12:08:00,12:08:00,7061,19,0,0
1288753,12:13:00,12:13:00,7062,20,0,0
1288753,12:16:00,12:16:00,7063,21,0,0
1288753,12:17:00,12:17:00,7064,22,0,0
1288753,12:20:00,12:20:00,7065,23,1,0
1288754,12:04:00,12:04:00,7093,1,0,1
1288754,12:06:00,12:06:00,7090,2,0,0
1288754,12:09:00,12:09:00,7013,3,0,0
1288754,12:10:00,12:10:00,7014,4,0,0
1288754,12:11:00,12:11:00,7015,5,0,0
1288754,12:14:00,12:14:00,7016,6,0,0
1288754,12:16:00,12:16:00,7017,7,0,0
1288754,12:18:00,12:18:00,7050,8,0,0
1288754,12:20:00,12:20:00,7051,9,0,0
1288754,12:22:00,12:22:00,7052,10,0,0
1288754,12:23:00,12:23:00,7053,11,0,0
1288754,12:25:00,12:25:00,7054,12,0,0
1288754,12:27:00,12:27:00,7055,13,0,0
1288754,12:29:00,12:29:00,7056,14,0,0
1288754,12:31:00,12:31:00,7057,15,0,0
1288754,12:34:00,12:34:00,7058,16,0,0
1288754,12:35:00,12:35:00,7059,17,0,0
1288754,12:37:00,12:37:00,7060,18,0,0
1288754,12:38:00,12:38:00,7061,19,0,0
1288754,12:43:00,12:43:00,7062,20,0,0
1288754,12:46:00,12:46:00,7063,21,0,0
1288754,12:47:00,12:47:00,7064,22,0,0
1288754,12:50:00,12:50:00,7065,23,1,0
1288755,12:34:00,12:34:00,7093,1,0,1
1288755,12:36:00,12:36:00,7090,2,0,0
1288755,12:39:00,12:39:00,7013,3,0,0
1288755,12:40:00,12:40:00,7014,4,0,0
1288755,12:41:00,12:41:00,7015,5,0,0
1288755,12:44:00,12:44:00,7016,6,0,0
1288755,12:46:00,12:46:00,7017,7,0,0
1288755,12:48:00,12:48:00,7050,8,0,0
1288755,12:50:00,12:50:00,7051,9,0,0
1288755,12:52:00,12:52:00,7052,10,0,0
1288755,12:53:00,12:53:00,7053,11,0,0
1288755,12:55:00,12:55:00,7054,12,0,0
1288755,12:57:00,12:57:00,7055,13,0,0
1288755,12:59:00,12:59:00,7056,14,0,0
1288755,13:01:00,13:01:00,7057,15,0,0
1288755,13:04:00,13:04:00,7058,16,0,0
1288755,13:05:00,13:05:00,7059,17,0,0
1288755,13:07:00,13:07:00,7060,18,0,0
1288755,13:08:00,13:08:00,7061,19,0,0
1288755,13:13:00,13:13:00,7062,20,0,0
1288755,13:16:00,13:16:00,7063,21,0,0
1288755,13:17:00,13:17:00,7064,22,0,0
1288755,13:20:00,13:20:00,7065,23,1,0
1288756,13:04:00,13:04:00,7093,1,0,1
1288756,13:06:00,13:06:00,7090,2,0,0
1288756,13:09:00,13:09:00,7013,3,0,0
1288756,13:10:00,13:10:00,7014,4,0,0
1288756,13:11:00,13:11:00,7015,5,0,0
1288756,13:14:00,13:14:00,7016,6,0,0
1288756,13:16:00,13:16:00,7017,7,0,0
1288756,13:18:00,13:18:00,7050,8,0,0
1288756,13:20:00,13:20:00,7051,9,0,0
1288756,13:22:00,13:22:00,7052,10,0,0
1288756,13:23:00,13:23:00,7053,11,0,0
1288756,13:25:00,13:25:00,7054,12,0,0
1288756,13:27:00,13:27:00,7055,13,0,0
1288756,13:29:00,13:29:00,7056,14,0,0
1288756,13:31:00,13:31:00,7057,15,0,0
1288756,13:34:00,13:34:00,7058,16,0,0
1288756,13:35:00,13:35:00,7059,17,0,0
1288756,13:37:00,13:37:00,7060,18,0,0
1288756,13:38:00,13:38:00,7061,19,0,0
1288756,13:43:00,13:43:00,7062,20,0,0
1288756,13:46:00,13:46:00,7063,21,0,0
1288756,13:47:00,13:47:00,7064,22,0,0
1288756,13:50:00,13:50:00,7065,23,1,0
1288757,13:34:00,13:34:00,7093,1,0,1
1288757,13:36:00,13:36:00,7090,2,0,0
1288757,13:39:00,13:39:00,7013,3,0,0
1288757,13:40:00,13:40:00,7014,4,0,0
1288757,13:41:00,13:41:00,7015,5,0,0
1288757,13:44:00,13:44:00,7016,6,0,0
1288757,13:46:00,13:46:00,7017,7,0,0
1288757,13:48:00,13:48:00,7050,8,0,0
1288757,13:50:00,13:50:00,7051,9,0,0
1288757,13:52:00,13:52:00,7052,10,0,0
1288757,13:53:00,13:53:00,7053,11,0,0
1288757,13:55:00,13:55:00,7054,12,0,0
1288757,13:57:00,13:57:00,7055,13,0,0
1288757,13:59:00,13:59:00,7056,14,0,0
1288757,14:01:00,14:01:00,7057,15,0,0
1288757,14:04:00,14:04:00,7058,16,0,0
1288757,14:05:00,14:05:00,7059,17,0,0
1288757,14:07:00,14:07:00,7060,18,0,0
1288757,14:08:00,14:08:00,7061,19,0,0
1288757,14:13:00,14:13:00,7062,20,0,0
1288757,14:16:00,14:16:00,7063,21,0,0
1288757,14:17:00,14:17:00,7064,22,0,0
1288757,14:20:00,14:20:00,7065,23,1,0
1288758,14:04:00,14:04:00,7093,1,0,1
1288758,14:06:00,14:06:00,7090,2,0,0
1288758,14:09:00,14:09:00,7013,3,0,0
1288758,14:10:00,14:10:00,7014,4,0,0
1288758,14:11:00,14:11:00,7015,5,0,0
1288758,14:14:00,14:14:00,7016,6,0,0
1288758,14:16:00,14:16:00,7017,7,0,0
1288758,14:18:00,14:18:00,7050,8,0,0
1288758,14:20:00,14:20:00,7051,9,0,0
1288758,14:22:00,14:22:00,7052,10,0,0
1288758,14:23:00,14:23:00,7053,11,0,0
1288758,14:25:00,14:25:00,7054,12,0,0
1288758,14:27:00,14:27:00,7055,13,0,0
1288758,14:29:00,14:29:00,7056,14,0,0
1288758,14:31:00,14:31:00,7057,15,0,0
1288758,14:34:00,14:34:00,7058,16,0,0
1288758,14:35:00,14:35:00,7059,17,0,0
1288758,14:37:00,14:37:00,7060,18,0,0
1288758,14:38:00,14:38:00,7061,19,0,0
1288758,14:43:00,14:43:00,7062,20,0,0
1288758,14:46:00,14:46:00,7063,21,0,0
1288758,14:47:00,14:47:00,7064,22,0,0
1288758,14:50:00,14:50:00,7065,23,1,0
1288759,14:34:00,14:34:00,7093,1,0,1
1288759,14:36:00,14:36:00,7090,2,0,0
1288759,14:39:00,14:39:00,7013,3,0,0
1288759,14:40:00,14:40:00,7014,4,0,0
1288759,14:41:00,14:41:00,7015,5,0,0
1288759,14:44:00,14:44:00,7016,6,0,0
1288759,14:46:00,14:46:00,7017,7,0,0
1288759,14:48:00,14:48:00,7050,8,0,0
1288759,14:50:00,14:50:00,7051,9,0,0
1288759,14:52:00,14:52:00,7052,10,0,0
1288759,14:53:00,14:53:00,7053,11,0,0
1288759,14:55:00,14:55:00,7054,12,0,0
1288759,14:57:00,14:57:00,7055,13,0,0
1288759,14:59:00,14:59:00,7056,14,0,0
1288759,15:01:00,15:01:00,7057,15,0,0
1288759,15:04:00,15:04:00,7058,16,0,0
1288759,15:05:00,15:05:00,7059,17,0,0
1288759,15:07:00,15:07:00,7060,18,0,0
1288759,15:08:00,15:08:00,7061,19,0,0
1288759,15:13:00,15:13:00,7062,20,0,0
1288759,15:16:00,15:16:00,7063,21,0,0
1288759,15:17:00,15:17:00,7064,22,0,0
1288759,15:20:00,15:20:00,7065,23,1,0
1288760,15:04:00,15:04:00,7093,1,0,1
1288760,15:06:00,15:06:00,7090,2,0,0
1288760,15:09:00,15:09:00,7013,3,0,0
1288760,15:10:00,15:10:00,7014,4,0,0
1288760,15:11:00,15:11:00,7015,5,0,0
1288760,15:14:00,15:14:00,7016,6,0,0
1288760,15:16:00,15:16:00,7017,7,0,0
1288760,15:18:00,15:18:00,7050,8,0,0
1288760,15:20:00,15:20:00,7051,9,0,0
1288760,15:22:00,15:22:00,7052,10,0,0
1288760,15:23:00,15:23:00,7053,11,0,0
1288760,15:25:00,15:25:00,7054,12,0,0
1288760,15:27:00,15:27:00,7055,13,0,0
1288760,15:29:00,15:29:00,7056,14,0,0
1288760,15:31:00,15:31:00,7057,15,0,0
1288760,15:34:00,15:34:00,7058,16,0,0
1288760,15:35:00,15:35:00,7059,17,0,0
1288760,15:37:00,15:37:00,7060,18,0,0
1288760,15:38:00,15:38:00,7061,19,0,0
1288760,15:43:00,15:43:00,7062,20,0,0
1288760,15:46:00,15:46:00,7063,21,0,0
1288760,15:47:00,15:47:00,7064,22,0,0
1288760,15:50:00,15:50:00,7065,23,1,0
1288761,15:34:00,15:34:00,7093,1,0,1
1288761,15:36:00,15:36:00,7090,2,0,0
1288761,15:39:00,15:39:00,7013,3,0,0
1288761,15:40:00,15:40:00,7014,4,0,0
1288761,15:41:00,15:41:00,7015,5,0,0
1288761,15:44:00,15:44:00,7016,6,0,0
1288761,15:46:00,15:46:00,7017,7,0,0
1288761,15:48:00,15:48:00,7050,8,0,0
1288761,15:50:00,15:50:00,7051,9,0,0
1288761,15:52:00,15:52:00,7052,10,0,0
1288761,15:53:00,15:53:00,7053,11,0,0
1288761,15:55:00,15:55:00,7054,12,0,0
1288761,15:57:00,15:57:00,7055,13,0,0
1288761,15:59:00,15:59:00,7056,14,0,0
1288761,16:01:00,16:01:00,7057,15,0,0
1288761,16:04:00,16:04:00,7058,16,0,0
1288761,16:05:00,16:05:00,7059,17,0,0
1288761,16:07:00,16:07:00,7060,18,0,0
1288761,16:08:00,16:08:00,7061,19,0,0
1288761,16:13:00,16:13:00,7062,20,0,0
1288761,16:16:00,16:16:00,7063,21,0,0
1288761,16:17:00,16:17:00,7064,22,0,0
1288761,16:20:00,16:20:00,7065,23,1,0
1288762,16:04:00,16:04:00,7093,1,0,1
1288762,16:06:00,16:06:00,7090,2,0,0
1288762,16:09:00,16:09:00,7013,3,0,0
1288762,16:10:00,16:10:00,7014,4,0,0
1288762,16:11:00,16:11:00,7015,5,0,0
1288762,16:14:00,16:14:00,7016,6,0,0
1288762,16:16:00,16:16:00,7017,7,0,0
1288762,16:18:00,16:18:00,7050,8,0,0
1288762,16:20:00,16:20:00,7051,9,0,0
1288762,16:22:00,16:22:00,7052,10,0,0
1288762,16:23:00,16:23:00,7053,11,0,0
1288762,16:25:00,16:25:00,7054,12,0,0
1288762,16:27:00,16:27:00,7055,13,0,0
1288762,16:29:00,16:29:00,7056,14,0,0
1288762,16:31:00,16:31:00,7057,15,0,0
1288762,16:34:00,16:34:00,7058,16,0,0
1288762,16:35:00,16:35:00,7059,17,0,0
1288762,16:37:00,16:37:00,7060,18,0,0
1288762,16:38:00,16:38:00,7061,19,0,0
1288762,16:43:00,16:43:00,7062,20,0,0
1288762,16:46:00,16:46:00,7063,21,0,0
1288762,16:47:00,16:47:00,7064,22,0,0
1288762,16:50:00,16:50:00,7065,23,1,0
1288763,16:34:00,16:34:00,7093,1,0,1
1288763,16:36:00,16:36:00,7090,2,0,0
1288763,16:39:00,16:39:00,7013,3,0,0
1288763,16:40:00,16:40:00,7014,4,0,0
1288763,16:41:00,16:41:00,7015,5,0,0
1288763,16:44:00,16:44:00,7016,6,0,0
1288763,16:46:00,16:46:00,7017,7,0,0
1288763,16:48:00,16:48:00,7050,8,0,0
1288763,16:50:00,16:50:00,7051,9,0,0
1288763,16:52:00,16:52:00,7052,10,0,0
1288763,16:53:00,16:53:00,7053,11,0,0
1288763,16:55:00,16:55:00,7054,12,0,0
1288763,16:57:00,16:57:00,7055,13,0,0
1288763,16:59:00,16:59:00,7056,14,0,0
1288763,17:01:00,17:01:00,7057,15,0,0
1288763,17:04:00,17:04:00,7058,16,0,0
1288763,17:05:00,17:05:00,7059,17,0,0
1288763,17:07:00,17:07:00,7060,18,0,0
1288763,17:08:00,17:08:00,7061,19,0,0
1288763,17:13:00,17:13:00,7062,20,0,0
1288763,17:16:00,17:16:00,7063,21,0,0
1288763,17:17:00,17:17:00,7064,22,0,0
1288763,17:20:00,17:20:00,7065,23,1,0
1288764,17:04:00,17:04:00,7093,1,0,1
1288764,17:06:00,17:06:00,7090,2,0,0
1288764,17:09:00,17:09:00,7013,3,0,0
1288764,17:10:00,17:10:00,7014,4,0,0
1288764,17:11:00,17:11:00,7015,5,0,0
1288764,17:14:00,17:14:00,7016,6,0,0
1288764,17:16:00,17:16:00,7017,7,0,0
1288764,17:18:00,17:18:00,7050,8,0,0
1288764,17:20:00,17:20:00,7051,9,0,0
1288764,17:22:00,17:22:00,7052,10,0,0
1288764,17:23:00,17:23:00,7053,11,0,0
1288764,17:25:00,17:25:00,7054,12,0,0
1288764,17:27:00,17:27:00,7055,13,0,0
1288764,17:29:00,17:29:00,7056,14,0,0
1288764,17:31:00,17:31:00,7057,15,0,0
1288764,17:34:00,17:34:00,7058,16,0,0
1288764,17:35:00,17:35:00,7059,17,0,0
1288764,17:37:00,17:37:00,7060,18,0,0
1288764,17:38:00,17:38:00,7061,19,0,0
1288764,17:43:00,17:43:00,7062,20,0,0
1288764,17:46:00,17:46:00,7063,21,0,0
1288764,17:47:00,17:47:00,7064,22,0,0
1288764,17:50:00,17:50:00,7065,23,1,0
1288765,17:34:00,17:34:00,7093,1,0,1
1288765,17:36:00,17:36:00,7090,2,0,0
1288765,17:39:00,17:39:00,7013,3,0,0
1288765,17:40:00,17:40:00,7014,4,0,0
1288765,17:41:00,17:41:00,7015,5,0,0
1288765,17:44:00,17:44:00,7016,6,0,0
1288765,17:46:00,17:46:00,7017,7,0,0
1288765,17:48:00,17:48:00,7050,8,0,0
1288765,17:50:00,17:50:00,7051,9,0,0
1288765,17:52:00,17:52:00,7052,10,0,0
1288765,17:53:00,17:53:00,7053,11,0,0
1288765,17:55:00,17:55:00,7054,12,0,0
1288765,17:57:00,17:57:00,7055,13,0,0
1288765,17:59:00,17:59:00,7056,14,0,0
1288765,18:01:00,18:01:00,7057,15,0,0
1288765,18:04:00,18:04:00,7058,16,0,0
1288765,18:05:00,18:05:00,7059,17,0,0
1288765,18:07:00,18:07:00,7060,18,0,0
1288765,18:08:00,18:08:00,7061,19,0,0
1288765,18:13:00,18:13:00,7062,20,0,0
1288765,18:16:00,18:16:00,7063,21,0,0
1288765,18:17:00,18:17:00,7064,22,0,0
1288765,18:20:00,18:20:00,7065,23,1,0
1288766,18:04:00,18:04:00,7093,1,0,1
1288766,18:06:00,18:06:00,7090,2,0,0
1288766,18:09:00,18:09:00,7013,3,0,0
1288766,18:10:00,18:10:00,7014,4,0,0
1288766,18:11:00,18:11:00,7015,5,0,0
1288766,18:14:00,18:14:00,7016,6,0,0
1288766,18:16:00,18:16:00,7017,7,0,0
1288766,18:18:00,18:18:00,7050,8,0,0
1288766,18:20:00,18:20:00,7051,9,0,0
1288766,18:22:00,18:22:00,7052,10,0,0
1288766,18:23:00,18:23:00,7053,11,0,0
1288766,18:25:00,18:25:00,7054,12,0,0
1288766,18:27:00,18:27:00,7055,13,0,0
1288766,18:29:00,18:29:00,7056,14,0,0
1288766,18:31:00,18:31:00,7057,15,0,0
1288766,18:34:00,18:34:00,7058,16,0,0
1288766,18:35:00,18:35:00,7059,17,0,0
1288766,18:37:00,18:37:00,7060,18,0,0
1288766,18:38:00,18:38:00,7061,19,0,0
1288766,18:43:00,18:43:00,7062,20,0,0
1288766,18:46:00,18:46:00,7063,21,0,0
1288766,18:47:00,18:47:00,7064,22,0,0
1288766,18:50:00,18:50:00,7065,23,1,0
1288767,18:34:00,18:34:00,7093,1,0,1
1288767,18:36:00,18:36:00,7090,2,0,0
1288767,18:39:00,18:39:00,7013,3,0,0
1288767,18:40:00,18:40:00,7014,4,0,0
1288767,18:41:00,18:41:00,7015,5,0,0
1288767,18:44:00,18:44:00,7016,6,0,0
1288767,18:46:00,18:46:00,7017,7,0,0
1288767,18:48:00,18:48:00,7050,8,0,0
1288767,18:50:00,18:50:00,7051,9,0,0
1288767,18:52:00,18:52:00,7052,10,0,0
1288767,18:53:00,18:53:00,7053,11,0,0
1288767,18:55:00,18:55:00,7054,12,0,0
1288767,18:57:00,18:57:00,7055,13,0,0
1288767,18:59:00,18:59:00,7056,14,0,0
1288767,19:01:00,19:01:00,7057,15,0,0
1288767,19:04:00,19:04:00,7058,16,0,0
1288767,19:05:00,19:05:00,7059,17,0,0
1288767,19:07:00,19:07:00,7060,18,0,0
1288767,19:08:00,19:08:00,7061,19,0,0
1288767,19:13:00,19:13:00,7062,20,0,0
1288767,19:16:00,19:16:00,7063,21,0,0
1288767,19:17:00,19:17:00,7064,22,0,0
1288767,19:20:00,19:20:00,7065,23,1,0
1288768,19:04:00,19:04:00,7093,1,0,1
1288768,19:06:00,19:06:00,7090,2,0,0
1288768,19:09:00,19:09:00,7013,3,0,0
1288768,19:10:00,19:10:00,7014,4,0,0
1288768,19:11:00,19:11:00,7015,5,0,0
1288768,19:14:00,19:14:00,7016,6,0,0
1288768,19:16:00,19:16:00,7017,7,0,0
1288768,19:18:00,19:18:00,7050,8,0,0
1288768,19:20:00,19:20:00,7051,9,0,0
1288768,19:22:00,19:22:00,7052,10,0,0
1288768,19:23:00,19:23:00,7053,11,0,0
1288768,19:25:00,19:25:00,7054,12,0,0
1288768,19:27:00,19:27:00,7055,13,0,0
1288768,19:29:00,19:29:00,7056,14,0,0
1288768,19:31:00,19:31:00,7057,15,0,0
1288768,19:34:00,19:34:00,7058,16,0,0
1288768,19:35:00,19:35:00,7059,17,0,0
1288768,19:37:00,19:37:00,7060,18,0,0
1288768,19:38:00,19:38:00,7061,19,0,0
1288768,19:43:00,19:43:00,7062,20,0,0
1288768,19:46:00,19:46:00,7063,21,0,0
1288768,19:47:00,19:47:00,7064,22,0,0
1288768,19:50:00,19:50:00,7065,23,1,0
1288769,22:49:00,22:49:00,7093,1,0,1
1288769,22:51:00,22:51:00,7090,2,0,0
1288769,22:54:00,22:54:00,7013,3,0,0
1288769,22:55:00,22:55:00,7014,4,0,0
1288769,22:56:00,22:56:00,7015,5,0,0
1288769,22:59:00,22:59:00,7016,6,0,0
1288769,23:01:00,23:01:00,7017,7,0,0
1288769,23:03:00,23:03:00,7050,8,0,0
1288769,23:05:00,23:05:00,7051,9,0,0
1288769,23:07:00,23:07:00,7052,10,0,0
1288769,23:08:00,23:08:00,7053,11,0,0
1288769,23:10:00,23:10:00,7054,12,0,0
1288769,23:12:00,23:12:00,7055,13,0,0
1288769,23:14:00,23:14:00,7056,14,0,0
1288769,23:16:00,23:16:00,7057,15,0,0
1288769,23:19:00,23:19:00,7058,16,0,0
1288769,23:20:00,23:20:00,7059,17,0,0
1288769,23:22:00,23:22:00,7060,18,0,0
1288769,23:23:00,23:23:00,7061,19,0,0
1288769,23:28:00,23:28:00,7062,20,0,0
1288769,23:31:00,23:31:00,7063,21,0,0
1288769,23:32:00,23:32:00,7064,22,0,0
1288769,23:35:00,23:35:00,7065,23,1,0
1288770,05:49:00,05:49:00,7093,1,0,1
1288770,05:51:00,05:51:00,7090,2,0,0
1288770,05:54:00,05:54:00,7013,3,0,0
1288770,05:55:00,05:55:00,7014,4,0,0
1288770,05:56:00,05:56:00,7015,5,0,0
1288770,05:59:00,05:59:00,7016,6,0,0
1288770,06:01:00,06:01:00,7017,7,0,0
1288770,06:03:00,06:03:00,7050,8,0,0
1288770,06:05:00,06:05:00,7051,9,0,0
1288770,06:07:00,06:07:00,7052,10,0,0
1288770,06:08:00,06:08:00,7053,11,0,0
1288770,06:10:00,06:10:00,7054,12,0,0
1288770,06:12:00,06:12:00,7055,13,0,0
1288770,06:14:00,06:14:00,7056,14,0,0
1288770,06:16:00,06:16:00,7057,15,0,0
1288770,06:19:00,06:19:00,7058,16,0,0
1288770,06:20:00,06:20:00,7059,17,0,0
1288770,06:22:00,06:22:00,7060,18,0,0
1288770,06:23:00,06:23:00,7061,19,0,0
1288770,06:28:00,06:28:00,7062,20,0,0
1288770,06:31:00,06:31:00,7063,21,0,0
1288770,06:32:00,06:32:00,7064,22,0,0
1288770,06:35:00,06:35:00,7065,23,1,0
1288771,06:19:00,06:19:00,7093,1,0,1
1288771,06:21:00,06:21:00,7090,2,0,0
1288771,06:24:00,06:24:00,7013,3,0,0
1288771,06:25:00,06:25:00,7014,4,0,0
1288771,06:26:00,06:26:00,7015,5,0,0
1288771,06:29:00,06:29:00,7016,6,0,0
1288771,06:31:00,06:31:00,7017,7,0,0
1288771,06:33:00,06:33:00,7050,8,0,0
1288771,06:35:00,06:35:00,7051,9,0,0
1288771,06:37:00,06:37:00,7052,10,0,0
1288771,06:38:00,06:38:00,7053,11,0,0
1288771,06:40:00,06:40:00,7054,12,0,0
1288771,06:42:00,06:42:00,7055,13,0,0
1288771,06:44:00,06:44:00,7056,14,0,0
1288771,06:46:00,06:46:00,7057,15,0,0
1288771,06:49:00,06:49:00,7058,16,0,0
1288771,06:50:00,06:50:00,7059,17,0,0
1288771,06:52:00,06:52:00,7060,18,0,0
1288771,06:53:00,06:53:00,7061,19,0,0
1288771,06:58:00,06:58:00,7062,20,0,0
1288771,07:01:00,07:01:00,7063,21,0,0
1288771,07:02:00,07:02:00,7064,22,0,0
1288771,07:05:00,07:05:00,7065,23,0,0
1288771,07:11:00,07:11:00,7082,24,0,0
1288771,07:13:00,07:13:00,7083,25,0,0
1288771,07:16:00,07:16:00,7084,26,0,0
1288771,07:19:00,07:19:00,7085,27,1,0
1288772,06:49:00,06:49:00,7093,1,0,1
1288772,06:51:00,06:51:00,7090,2,0,0
1288772,06:54:00,06:54:00,7013,3,0,0
1288772,06:55:00,06:55:00,7014,4,0,0
1288772,06:56:00,06:56:00,7015,5,0,0
1288772,06:59:00,06:59:00,7016,6,0,0
1288772,07:01:00,07:01:00,7017,7,0,0
1288772,07:03:00,07:03:00,7050,8,0,0
1288772,07:05:00,07:05:00,7051,9,0,0
1288772,07:07:00,07:07:00,7052,10,0,0
1288772,07:08:00,07:08:00,7053,11,0,0
1288772,07:10:00,07:10:00,7054,12,0,0
1288772,07:12:00,07:12:00,7055,13,0,0
1288772,07:14:00,07:14:00,7056,14,0,0
1288772,07:16:00,07:16:00,7057,15,0,0
1288772,07:19:00,07:19:00,7058,16,0,0
1288772,07:20:00,07:20:00,7059,17,0,0
1288772,07:22:00,07:22:00,7060,18,0,0
1288772,07:23:00,07:23:00,7061,19,0,0
1288772,07:28:00,07:28:00,7062,20,0,0
1288772,07:31:00,07:31:00,7063,21,0,0
1288772,07:32:00,07:32:00,7064,22,0,0
1288772,07:35:00,07:35:00,7065,23,0,0
1288772,07:41:00,07:41:00,7082,24,0,0
1288772,07:43:00,07:43:00,7083,25,0,0
1288772,07:46:00,07:46:00,7084,26,0,0
1288772,07:49:00,07:49:00,7085,27,1,0
1288773,07:19:00,07:19:00,7093,1,0,1
1288773,07:21:00,07:21:00,7090,2,0,0
1288773,07:24:00,07:24:00,7013,3,0,0
1288773,07:25:00,07:25:00,7014,4,0,0
1288773,07:26:00,07:26:00,7015,5,0,0
1288773,07:29:00,07:29:00,7016,6,0,0
1288773,07:31:00,07:31:00,7017,7,0,0
1288773,07:33:00,07:33:00,7050,8,0,0
1288773,07:35:00,07:35:00,7051,9,0,0
1288773,07:37:00,07:37:00,7052,10,0,0
1288773,07:38:00,07:38:00,7053,11,0,0
1288773,07:40:00,07:40:00,7054,12,0,0
1288773,07:42:00,07:42:00,7055,13,0,0
1288773,07:44:00,07:44:00,7056,14,0,0
1288773,07:46:00,07:46:00,7057,15,0,0
1288773,07:49:00,07:49:00,7058,16,0,0
1288773,07:50:00,07:50:00,7059,17,0,0
1288773,07:52:00,07:52:00,7060,18,0,0
1288773,07:53:00,07:53:00,7061,19,0,0
1288773,07:58:00,07:58:00,7062,20,0,0
1288773,08:01:00,08:01:00,7063,21,0,0
1288773,08:02:00,08:02:00,7064,22,0,0
1288773,08:05:00,08:05:00,7065,23,0,0
1288773,08:11:00,08:11:00,7082,24,0,0
1288773,08:13:00,08:13:00,7083,25,0,0
1288773,08:16:00,08:16:00,7084,26,0,0
1288773,08:19:00,08:19:00,7085,27,1,0
1288774,07:49:00,07:49:00,7093,1,0,1
1288774,07:51:00,07:51:00,7090,2,0,0
1288774,07:54:00,07:54:00,7013,3,0,0
1288774,07:55:00,07:55:00,7014,4,0,0
1288774,07:56:00,07:56:00,7015,5,0,0
1288774,07:59:00,07:59:00,7016,6,0,0
1288774,08:01:00,08:01:00,7017,7,0,0
1288774,08:03:00,08:03:00,7050,8,0,0
1288774,08:05:00,08:05:00,7051,9,0,0
1288774,08:07:00,08:07:00,7052,10,0,0
1288774,08:08:00,08:08:00,7053,11,0,0
1288774,08:10:00,08:10:00,7054,12,0,0
1288774,08:12:00,08:12:00,7055,13,0,0
1288774,08:14:00,08:14:00,7056,14,0,0
1288774,08:16:00,08:16:00,7057,15,0,0
1288774,08:19:00,08:19:00,7058,16,0,0
1288774,08:20:00,08:20:00,7059,17,0,0
1288774,08:22:00,08:22:00,7060,18,0,0
1288774,08:23:00,08:23:00,7061,19,0,0
1288774,08:28:00,08:28:00,7062,20,0,0
1288774,08:31:00,08:31:00,7063,21,0,0
1288774,08:32:00,08:32:00,7064,22,0,0
1288774,08:35:00,08:35:00,7065,23,0,0
1288774,08:41:00,08:41:00,7082,24,0,0
1288774,08:43:00,08:43:00,7083,25,0,0
1288774,08:46:00,08:46:00,7084,26,0,0
1288774,08:49:00,08:49:00,7085,27,1,0
1288775,08:19:00,08:19:00,7093,1,0,1
1288775,08:21:00,08:21:00,7090,2,0,0
1288775,08:24:00,08:24:00,7013,3,0,0
1288775,08:25:00,08:25:00,7014,4,0,0
1288775,08:26:00,08:26:00,7015,5,0,0
1288775,08:29:00,08:29:00,7016,6,0,0
1288775,08:31:00,08:31:00,7017,7,0,0
1288775,08:33:00,08:33:00,7050,8,0,0
1288775,08:35:00,08:35:00,7051,9,0,0
1288775,08:37:00,08:37:00,7052,10,0,0
1288775,08:38:00,08:38:00,7053,11,0,0
1288775,08:40:00,08:40:00,7054,12,0,0
1288775,08:42:00,08:42:00,7055,13,0,0
1288775,08:44:00,08:44:00,7056,14,0,0
1288775,08:46:00,08:46:00,7057,15,0,0
1288775,08:49:00,08:49:00,7058,16,0,0
1288775,08:50:00,08:50:00,7059,17,0,0
1288775,08:52:00,08:52:00,7060,18,0,0
1288775,08:53:00,08:53:00,7061,19,0,0
1288775,08:58:00,08:58:00,7062,20,0,0
1288775,09:01:00,09:01:00,7063,21,0,0
1288775,09:02:00,09:02:00,7064,22,0,0
1288775,09:05:00,09:05:00,7065,23,0,0
1288775,09:11:00,09:11:00,7082,24,0,0
1288775,09:13:00,09:13:00,7083,25,0,0
1288775,09:16:00,09:16:00,7084,26,0,0
1288775,09:19:00,09:19:00,7085,27,1,0
1288776,08:49:00,08:49:00,7093,1,0,1
1288776,08:51:00,08:51:00,7090,2,0,0
1288776,08:54:00,08:54:00,7013,3,0,0
1288776,08:55:00,08:55:00,7014,4,0,0
1288776,08:56:00,08:56:00,7015,5,0,0
1288776,08:59:00,08:59:00,7016,6,0,0
1288776,09:01:00,09:01:00,7017,7,0,0
1288776,09:03:00,09:03:00,7050,8,0,0
1288776,09:05:00,09:05:00,7051,9,0,0
1288776,09:07:00,09:07:00,7052,10,0,0
1288776,09:08:00,09:08:00,7053,11,0,0
1288776,09:10:00,09:10:00,7054,12,0,0
1288776,09:12:00,09:12:00,7055,13,0,0
1288776,09:14:00,09:14:00,7056,14,0,0
1288776,09:16:00,09:16:00,7057,15,0,0
1288776,09:19:00,09:19:00,7058,16,0,0
1288776,09:20:00,09:20:00,7059,17,0,0
1288776,09:22:00,09:22:00,7060,18,0,0
1288776,09:23:00,09:23:00,7061,19,0,0
1288776,09:28:00,09:28:00,7062,20,0,0
1288776,09:31:00,09:31:00,7063,21,0,0
1288776,09:32:00,09:32:00,7064,22,0,0
1288776,09:35:00,09:35:00,7065,23,0,0
1288776,09:41:00,09:41:00,7082,24,0,0
1288776,09:43:00,09:43:00,7083,25,0,0
1288776,09:46:00,09:46:00,7084,26,0,0
1288776,09:49:00,09:49:00,7085,27,1,0
1288777,09:19:00,09:19:00,7093,1,0,1
1288777,09:21:00,09:21:00,7090,2,0,0
1288777,09:24:00,09:24:00,7013,3,0,0
1288777,09:25:00,09:25:00,7014,4,0,0
1288777,09:26:00,09:26:00,7015,5,0,0
1288777,09:29:00,09:29:00,7016,6,0,0
1288777,09:31:00,09:31:00,7017,7,0,0
1288777,09:33:00,09:33:00,7050,8,0,0
1288777,09:35:00,09:35:00,7051,9,0,0
1288777,09:37:00,09:37:00,7052,10,0,0
1288777,09:38:00,09:38:00,7053,11,0,0
1288777,09:40:00,09:40:00,7054,12,0,0
1288777,09:42:00,09:42:00,7055,13,0,0
1288777,09:44:00,09:44:00,7056,14,0,0
1288777,09:46:00,09:46:00,7057,15,0,0
1288777,09:49:00,09:49:00,7058,16,0,0
1288777,09:50:00,09:50:00,7059,17,0,0
1288777,09:52:00,09:52:00,7060,18,0,0
1288777,09:53:00,09:53:00,7061,19,0,0
1288777,09:58:00,09:58:00,7062,20,0,0
1288777,10:01:00,10:01:00,7063,21,0,0
1288777,10:02:00,10:02:00,7064,22,0,0
1288777,10:05:00,10:05:00,7065,23,0,0
1288777,10:11:00,10:11:00,7082,24,0,0
1288777,10:13:00,10:13:00,7083,25,0,0
1288777,10:16:00,10:16:00,7084,26,0,0
1288777,10:19:00,10:19:00,7085,27,1,0
1288778,09:49:00,09:49:00,7093,1,0,1
1288778,09:51:00,09:51:00,7090,2,0,0
1288778,09:54:00,09:54:00,7013,3,0,0
1288778,09:55:00,09:55:00,7014,4,0,0
1288778,09:56:00,09:56:00,7015,5,0,0
1288778,09:59:00,09:59:00,7016,6,0,0
1288778,10:01:00,10:01:00,7017,7,0,0
1288778,10:03:00,10:03:00,7050,8,0,0
1288778,10:05:00,10:05:00,7051,9,0,0
1288778,10:07:00,10:07:00,7052,10,0,0
1288778,10:08:00,10:08:00,7053,11,0,0
1288778,10:10:00,10:10:00,7054,12,0,0
1288778,10:12:00,10:12:00,7055,13,0,0
1288778,10:14:00,10:14:00,7056,14,0,0
1288778,10:16:00,10:16:00,7057,15,0,0
1288778,10:19:00,10:19:00,7058,16,0,0
1288778,10:20:00,10:20:00,7059,17,0,0
1288778,10:22:00,10:22:00,7060,18,0,0
1288778,10:23:00,10:23:00,7061,19,0,0
1288778,10:28:00,10:28:00,7062,20,0,0
1288778,10:31:00,10:31:00,7063,21,0,0
1288778,10:32:00,10:32:00,7064,22,0,0
1288778,10:35:00,10:35:00,7065,23,0,0
1288778,10:41:00,10:41:00,7082,24,0,0
1288778,10:43:00,10:43:00,7083,25,0,0
1288778,10:46:00,10:46:00,7084,26,0,0
1288778,10:49:00,10:49:00,7085,27,1,0
1288779,10:19:00,10:19:00,7093,1,0,1
1288779,10:21:00,10:21:00,7090,2,0,0
1288779,10:24:00,10:24:00,7013,3,0,0
1288779,10:25:00,10:25:00,7014,4,0,0
1288779,10:26:00,10:26:00,7015,5,0,0
1288779,10:29:00,10:29:00,7016,6,0,0
1288779,10:31:00,10:31:00,7017,7,0,0
1288779,10:33:00,10:33:00,7050,8,0,0
1288779,10:35:00,10:35:00,7051,9,0,0
1288779,10:37:00,10:37:00,7052,10,0,0
1288779,10:38:00,10:38:00,7053,11,0,0
1288779,10:40:00,10:40:00,7054,12,0,0
1288779,10:42:00,10:42:00,7055,13,0,0
1288779,10:44:00,10:44:00,7056,14,0,0
1288779,10:46:00,10:46:00,7057,15,0,0
1288779,10:49:00,10:49:00,7058,16,0,0
1288779,10:50:00,10:50:00,7059,17,0,0
1288779,10:52:00,10:52:00,7060,18,0,0
1288779,10:53:00,10:53:00,7061,19,0,0
1288779,10:58:00,10:58:00,7062,20,0,0
1288779,11:01:00,11:01:00,7063,21,0,0
1288779,11:02:00,11:02:00,7064,22,0,0
1288779,11:05:00,11:05:00,7065,23,0,0
1288779,11:11:00,11:11:00,7082,24,0,0
1288779,11:13:00,11:13:00,7083,25,0,0
1288779,11:16:00,11:16:00,7084,26,0,0
1288779,11:19:00,11:19:00,7085,27,1,0
1288780,10:49:00,10:49:00,7093,1,0,1
1288780,10:51:00,10:51:00,7090,2,0,0
1288780,10:54:00,10:54:00,7013,3,0,0
1288780,10:55:00,10:55:00,7014,4,0,0
1288780,10:56:00,10:56:00,7015,5,0,0
1288780,10:59:00,10:59:00,7016,6,0,0
1288780,11:01:00,11:01:00,7017,7,0,0
1288780,11:03:00,11:03:00,7050,8,0,0
1288780,11:05:00,11:05:00,7051,9,0,0
1288780,11:07:00,11:07:00,7052,10,0,0
1288780,11:08:00,11:08:00,7053,11,0,0
1288780,11:10:00,11:10:00,7054,12,0,0
1288780,11:12:00,11:12:00,7055,13,0,0
1288780,11:14:00,11:14:00,7056,14,0,0
1288780,11:16:00,11:16:00,7057,15,0,0
1288780,11:19:00,11:19:00,7058,16,0,0
1288780,11:20:00,11:20:00,7059,17,0,0
1288780,11:22:00,11:22:00,7060,18,0,0
1288780,11:23:00,11:23:00,7061,19,0,0
1288780,11:28:00,11:28:00,7062,20,0,0
1288780,11:31:00,11:31:00,7063,21,0,0
1288780,11:32:00,11:32:00,7064,22,0,0
1288780,11:35:00,11:35:00,7065,23,0,0
1288780,11:41:00,11:41:00,7082,24,0,0
1288780,11:43:00,11:43:00,7083,25,0,0
1288780,11:46:00,11:46:00,7084,26,0,0
1288780,11:49:00,11:49:00,7085,27,1,0
1288781,11:19:00,11:19:00,7093,1,0,1
1288781,11:21:00,11:21:00,7090,2,0,0
1288781,11:24:00,11:24:00,7013,3,0,0
1288781,11:25:00,11:25:00,7014,4,0,0
1288781,11:26:00,11:26:00,7015,5,0,0
1288781,11:29:00,11:29:00,7016,6,0,0
1288781,11:31:00,11:31:00,7017,7,0,0
1288781,11:33:00,11:33:00,7050,8,0,0
1288781,11:35:00,11:35:00,7051,9,0,0
1288781,11:37:00,11:37:00,7052,10,0,0
1288781,11:38:00,11:38:00,7053,11,0,0
1288781,11:40:00,11:40:00,7054,12,0,0
1288781,11:42:00,11:42:00,7055,13,0,0
1288781,11:44:00,11:44:00,7056,14,0,0
1288781,11:46:00,11:46:00,7057,15,0,0
1288781,11:49:00,11:49:00,7058,16,0,0
1288781,11:50:00,11:50:00,7059,17,0,0
1288781,11:52:00,11:52:00,7060,18,0,0
1288781,11:53:00,11:53:00,7061,19,0,0
1288781,11:58:00,11:58:00,7062,20,0,0
1288781,12:01:00,12:01:00,7063,21,0,0
1288781,12:02:00,12:02:00,7064,22,0,0
1288781,12:05:00,12:05:00,7065,23,0,0
1288781,12:11:00,12:11:00,7082,24,0,0
1288781,12:13:00,12:13:00,7083,25,0,0
1288781,12:16:00,12:16:00,7084,26,0,0
1288781,12:19:00,12:19:00,7085,27,1,0
1288782,11:49:00,11:49:00,7093,1,0,1
1288782,11:51:00,11:51:00,7090,2,0,0
1288782,11:54:00,11:54:00,7013,3,0,0
1288782,11:55:00,11:55:00,7014,4,0,0
1288782,11:56:00,11:56:00,7015,5,0,0
1288782,11:59:00,11:59:00,7016,6,0,0
1288782,12:01:00,12:01:00,7017,7,0,0
1288782,12:03:00,12:03:00,7050,8,0,0
1288782,12:05:00,12:05:00,7051,9,0,0
1288782,12:07:00,12:07:00,7052,10,0,0
1288782,12:08:00,12:08:00,7053,11,0,0
1288782,12:10:00,12:10:00,7054,12,0,0
1288782,12:12:00,12:12:00,7055,13,0,0
1288782,12:14:00,12:14:00,7056,14,0,0
1288782,12:16:00,12:16:00,7057,15,0,0
1288782,12:19:00,12:19:00,7058,16,0,0
1288782,12:20:00,12:20:00,7059,17,0,0
1288782,12:22:00,12:22:00,7060,18,0,0
1288782,12:23:00,12:23:00,7061,19,0,0
1288782,12:28:00,12:28:00,7062,20,0,0
1288782,12:31:00,12:31:00,7063,21,0,0
1288782,12:32:00,12:32:00,7064,22,0,0
1288782,12:35:00,12:35:00,7065,23,0,0
1288782,12:41:00,12:41:00,7082,24,0,0
1288782,12:43:00,12:43:00,7083,25,0,0
1288782,12:46:00,12:46:00,7084,26,0,0
1288782,12:49:00,12:49:00,7085,27,1,0
1288783,12:19:00,12:19:00,7093,1,0,1
1288783,12:21:00,12:21:00,7090,2,0,0
1288783,12:24:00,12:24:00,7013,3,0,0
1288783,12:25:00,12:25:00,7014,4,0,0
1288783,12:26:00,12:26:00,7015,5,0,0
1288783,12:29:00,12:29:00,7016,6,0,0
1288783,12:31:00,12:31:00,7017,7,0,0
1288783,12:33:00,12:33:00,7050,8,0,0
1288783,12:35:00,12:35:00,7051,9,0,0
1288783,12:37:00,12:37:00,7052,10,0,0
1288783,12:38:00,12:38:00,7053,11,0,0
1288783,12:40:00,12:40:00,7054,12,0,0
1288783,12:42:00,12:42:00,7055,13,0,0
1288783,12:44:00,12:44:00,7056,14,0,0
1288783,12:46:00,12:46:00,7057,15,0,0
1288783,12:49:00,12:49:00,7058,16,0,0
1288783,12:50:00,12:50:00,7059,17,0,0
1288783,12:52:00,12:52:00,7060,18,0,0
1288783,12:53:00,12:53:00,7061,19,0,0
1288783,12:58:00,12:58:00,7062,20,0,0
1288783,13:01:00,13:01:00,7063,21,0,0
1288783,13:02:00,13:02:00,7064,22,0,0
1288783,13:05:00,13:05:00,7065,23,0,0
1288783,13:11:00,13:11:00,7082,24,0,0
1288783,13:13:00,13:13:00,7083,25,0,0
1288783,13:16:00,13:16:00,7084,26,0,0
1288783,13:19:00,13:19:00,7085,27,1,0
1288784,12:49:00,12:49:00,7093,1,0,1
1288784,12:51:00,12:51:00,7090,2,0,0
1288784,12:54:00,12:54:00,7013,3,0,0
1288784,12:55:00,12:55:00,7014,4,0,0
1288784,12:56:00,12:56:00,7015,5,0,0
1288784,12:59:00,12:59:00,7016,6,0,0
1288784,13:01:00,13:01:00,7017,7,0,0
1288784,13:03:00,13:03:00,7050,8,0,0
1288784,13:05:00,13:05:00,7051,9,0,0
1288784,13:07:00,13:07:00,7052,10,0,0
1288784,13:08:00,13:08:00,7053,11,0,0
1288784,13:10:00,13:10:00,7054,12,0,0
1288784,13:12:00,13:12:00,7055,13,0,0
1288784,13:14:00,13:14:00,7056,14,0,0
1288784,13:16:00,13:16:00,7057,15,0,0
1288784,13:19:00,13:19:00,7058,16,0,0
1288784,13:20:00,13:20:00,7059,17,0,0
1288784,13:22:00,13:22:00,7060,18,0,0
1288784,13:23:00,13:23:00,7061,19,0,0
1288784,13:28:00,13:28:00,7062,20,0,0
1288784,13:31:00,13:31:00,7063,21,0,0
1288784,13:32:00,13:32:00,7064,22,0,0
1288784,13:35:00,13:35:00,7065,23,0,0
1288784,13:41:00,13:41:00,7082,24,0,0
1288784,13:43:00,13:43:00,7083,25,0,0
1288784,13:46:00,13:46:00,7084,26,0,0
1288784,13:49:00,13:49:00,7085,27,1,0
1288785,13:19:00,13:19:00,7093,1,0,1
1288785,13:21:00,13:21:00,7090,2,0,0
1288785,13:24:00,13:24:00,7013,3,0,0
1288785,13:25:00,13:25:00,7014,4,0,0
1288785,13:26:00,13:26:00,7015,5,0,0
1288785,13:29:00,13:29:00,7016,6,0,0
1288785,13:31:00,13:31:00,7017,7,0,0
1288785,13:33:00,13:33:00,7050,8,0,0
1288785,13:35:00,13:35:00,7051,9,0,0
1288785,13:37:00,13:37:00,7052,10,0,0
1288785,13:38:00,13:38:00,7053,11,0,0
1288785,13:40:00,13:40:00,7054,12,0,0
1288785,13:42:00,13:42:00,7055,13,0,0
1288785,13:44:00,13:44:00,7056,14,0,0
1288785,13:46:00,13:46:00,7057,15,0,0
1288785,13:49:00,13:49:00,7058,16,0,0
1288785,13:50:00,13:50:00,7059,17,0,0
1288785,13:52:00,13:52:00,7060,18,0,0
1288785,13:53:00,13:53:00,7061,19,0,0
1288785,13:58:00,13:58:00,7062,20,0,0
1288785,14:01:00,14:01:00,7063,21,0,0
1288785,14:02:00,14:02:00,7064,22,0,0
1288785,14:05:00,14:05:00,7065,23,0,0
1288785,14:11:00,14:11:00,7082,24,0,0
1288785,14:13:00,14:13:00,7083,25,0,0
1288785,14:16:00,14:16:00,7084,26,0,0
1288785,14:19:00,14:19:00,7085,27,1,0
1288786,13:49:00,13:49:00,7093,1,0,1
1288786,13:51:00,13:51:00,7090,2,0,0
1288786,13:54:00,13:54:00,7013,3,0,0
1288786,13:55:00,13:55:00,7014,4,0,0
1288786,13:56:00,13:56:00,7015,5,0,0
1288786,13:59:00,13:59:00,7016,6,0,0
1288786,14:01:00,14:01:00,7017,7,0,0
1288786,14:03:00,14:03:00,7050,8,0,0
1288786,14:05:00,14:05:00,7051,9,0,0
1288786,14:07:00,14:07:00,7052,10,0,0
1288786,14:08:00,14:08:00,7053,11,0,0
1288786,14:10:00,14:10:00,7054,12,0,0
1288786,14:12:00,14:12:00,7055,13,0,0
1288786,14:14:00,14:14:00,7056,14,0,0
1288786,14:16:00,14:16:00,7057,15,0,0
1288786,14:19:00,14:19:00,7058,16,0,0
1288786,14:20:00,14:20:00,7059,17,0,0
1288786,14:22:00,14:22:00,7060,18,0,0
1288786,14:23:00,14:23:00,7061,19,0,0
1288786,14:28:00,14:28:00,7062,20,0,0
1288786,14:31:00,14:31:00,7063,21,0,0
1288786,14:32:00,14:32:00,7064,22,0,0
1288786,14:35:00,14:35:00,7065,23,0,0
1288786,14:41:00,14:41:00,7082,24,0,0
1288786,14:43:00,14:43:00,7083,25,0,0
1288786,14:46:00,14:46:00,7084,26,0,0
1288786,14:49:00,14:49:00,7085,27,1,0
1288787,14:19:00,14:19:00,7093,1,0,1
1288787,14:21:00,14:21:00,7090,2,0,0
1288787,14:24:00,14:24:00,7013,3,0,0
1288787,14:25:00,14:25:00,7014,4,0,0
1288787,14:26:00,14:26:00,7015,5,0,0
1288787,14:29:00,14:29:00,7016,6,0,0
1288787,14:31:00,14:31:00,7017,7,0,0
1288787,14:33:00,14:33:00,7050,8,0,0
1288787,14:35:00,14:35:00,7051,9,0,0
1288787,14:37:00,14:37:00,7052,10,0,0
1288787,14:38:00,14:38:00,7053,11,0,0
1288787,14:40:00,14:40:00,7054,12,0,0
1288787,14:42:00,14:42:00,7055,13,0,0
1288787,14:44:00,14:44:00,7056,14,0,0
1288787,14:46:00,14:46:00,7057,15,0,0
1288787,14:49:00,14:49:00,7058,16,0,0
1288787,14:50:00,14:50:00,7059,17,0,0
1288787,14:52:00,14:52:00,7060,18,0,0
1288787,14:53:00,14:53:00,7061,19,0,0
1288787,14:58:00,14:58:00,7062,20,0,0
1288787,15:01:00,15:01:00,7063,21,0,0
1288787,15:02:00,15:02:00,7064,22,0,0
1288787,15:05:00,15:05:00,7065,23,0,0
1288787,15:11:00,15:11:00,7082,24,0,0
1288787,15:13:00,15:13:00,7083,25,0,0
1288787,15:16:00,15:16:00,7084,26,0,0
1288787,15:19:00,15:19:00,7085,27,1,0
1288788,14:49:00,14:49:00,7093,1,0,1
1288788,14:51:00,14:51:00,7090,2,0,0
1288788,14:54:00,14:54:00,7013,3,0,0
1288788,14:55:00,14:55:00,7014,4,0,0
1288788,14:56:00,14:56:00,7015,5,0,0
1288788,14:59:00,14:59:00,7016,6,0,0
1288788,15:01:00,15:01:00,7017,7,0,0
1288788,15:03:00,15:03:00,7050,8,0,0
1288788,15:05:00,15:05:00,7051,9,0,0
1288788,15:07:00,15:07:00,7052,10,0,0
1288788,15:08:00,15:08:00,7053,11,0,0
1288788,15:10:00,15:10:00,7054,12,0,0
1288788,15:12:00,15:12:00,7055,13,0,0
1288788,15:14:00,15:14:00,7056,14,0,0
1288788,15:16:00,15:16:00,7057,15,0,0
1288788,15:19:00,15:19:00,7058,16,0,0
1288788,15:20:00,15:20:00,7059,17,0,0
1288788,15:22:00,15:22:00,7060,18,0,0
1288788,15:23:00,15:23:00,7061,19,0,0
1288788,15:28:00,15:28:00,7062,20,0,0
1288788,15:31:00,15:31:00,7063,21,0,0
1288788,15:32:00,15:32:00,7064,22,0,0
1288788,15:35:00,15:35:00,7065,23,0,0
1288788,15:41:00,15:41:00,7082,24,0,0
1288788,15:43:00,15:43:00,7083,25,0,0
1288788,15:46:00,15:46:00,7084,26,0,0
1288788,15:49:00,15:49:00,7085,27,1,0
1288789,15:19:00,15:19:00,7093,1,0,1
1288789,15:21:00,15:21:00,7090,2,0,0
1288789,15:24:00,15:24:00,7013,3,0,0
1288789,15:25:00,15:25:00,7014,4,0,0
1288789,15:26:00,15:26:00,7015,5,0,0
1288789,15:29:00,15:29:00,7016,6,0,0
1288789,15:31:00,15:31:00,7017,7,0,0
1288789,15:33:00,15:33:00,7050,8,0,0
1288789,15:35:00,15:35:00,7051,9,0,0
1288789,15:37:00,15:37:00,7052,10,0,0
1288789,15:38:00,15:38:00,7053,11,0,0
1288789,15:40:00,15:40:00,7054,12,0,0
1288789,15:42:00,15:42:00,7055,13,0,0
1288789,15:44:00,15:44:00,7056,14,0,0
1288789,15:46:00,15:46:00,7057,15,0,0
1288789,15:49:00,15:49:00,7058,16,0,0
1288789,15:50:00,15:50:00,7059,17,0,0
1288789,15:52:00,15:52:00,7060,18,0,0
1288789,15:53:00,15:53:00,7061,19,0,0
1288789,15:58:00,15:58:00,7062,20,0,0
1288789,16:01:00,16:01:00,7063,21,0,0
1288789,16:02:00,16:02:00,7064,22,0,0
1288789,16:05:00,16:05:00,7065,23,0,0
1288789,16:11:00,16:11:00,7082,24,0,0
1288789,16:13:00,16:13:00,7083,25,0,0
1288789,16:16:00,16:16:00,7084,26,0,0
1288789,16:19:00,16:19:00,7085,27,1,0
1288790,15:49:00,15:49:00,7093,1,0,1
1288790,15:51:00,15:51:00,7090,2,0,0
1288790,15:54:00,15:54:00,7013,3,0,0
1288790,15:55:00,15:55:00,7014,4,0,0
1288790,15:56:00,15:56:00,7015,5,0,0
1288790,15:59:00,15:59:00,7016,6,0,0
1288790,16:01:00,16:01:00,7017,7,0,0
1288790,16:03:00,16:03:00,7050,8,0,0
1288790,16:05:00,16:05:00,7051,9,0,0
1288790,16:07:00,16:07:00,7052,10,0,0
1288790,16:08:00,16:08:00,7053,11,0,0
1288790,16:10:00,16:10:00,7054,12,0,0
1288790,16:12:00,16:12:00,7055,13,0,0
1288790,16:14:00,16:14:00,7056,14,0,0
1288790,16:16:00,16:16:00,7057,15,0,0
1288790,16:19:00,16:19:00,7058,16,0,0
1288790,16:20:00,16:20:00,7059,17,0,0
1288790,16:22:00,16:22:00,7060,18,0,0
1288790,16:23:00,16:23:00,7061,19,0,0
1288790,16:28:00,16:28:00,7062,20,0,0
1288790,16:31:00,16:31:00,7063,21,0,0
1288790,16:32:00,16:32:00,7064,22,0,0
1288790,16:35:00,16:35:00,7065,23,0,0
1288790,16:41:00,16:41:00,7082,24,0,0
1288790,16:43:00,16:43:00,7083,25,0,0
1288790,16:46:00,16:46:00,7084,26,0,0
1288790,16:49:00,16:49:00,7085,27,1,0
1288791,16:19:00,16:19:00,7093,1,0,1
1288791,16:21:00,16:21:00,7090,2,0,0
1288791,16:24:00,16:24:00,7013,3,0,0
1288791,16:25:00,16:25:00,7014,4,0,0
1288791,16:26:00,16:26:00,7015,5,0,0
1288791,16:29:00,16:29:00,7016,6,0,0
1288791,16:31:00,16:31:00,7017,7,0,0
1288791,16:33:00,16:33:00,7050,8,0,0
1288791,16:35:00,16:35:00,7051,9,0,0
1288791,16:37:00,16:37:00,7052,10,0,0
1288791,16:38:00,16:38:00,7053,11,0,0
1288791,16:40:00,16:40:00,7054,12,0,0
1288791,16:42:00,16:42:00,7055,13,0,0
1288791,16:44:00,16:44:00,7056,14,0,0
1288791,16:46:00,16:46:00,7057,15,0,0
1288791,16:49:00,16:49:00,7058,16,0,0
1288791,16:50:00,16:50:00,7059,17,0,0
1288791,16:52:00,16:52:00,7060,18,0,0
1288791,16:53:00,16:53:00,7061,19,0,0
1288791,16:58:00,16:58:00,7062,20,0,0
1288791,17:01:00,17:01:00,7063,21,0,0
1288791,17:02:00,17:02:00,7064,22,0,0
1288791,17:05:00,17:05:00,7065,23,0,0
1288791,17:11:00,17:11:00,7082,24,0,0
1288791,17:13:00,17:13:00,7083,25,0,0
1288791,17:16:00,17:16:00,7084,26,0,0
1288791,17:19:00,17:19:00,7085,27,1,0
1288792,16:49:00,16:49:00,7093,1,0,1
1288792,16:51:00,16:51:00,7090,2,0,0
1288792,16:54:00,16:54:00,7013,3,0,0
1288792,16:55:00,16:55:00,7014,4,0,0
1288792,16:56:00,16:56:00,7015,5,0,0
1288792,16:59:00,16:59:00,7016,6,0,0
1288792,17:01:00,17:01:00,7017,7,0,0
1288792,17:03:00,17:03:00,7050,8,0,0
1288792,17:05:00,17:05:00,7051,9,0,0
1288792,17:07:00,17:07:00,7052,10,0,0
1288792,17:08:00,17:08:00,7053,11,0,0
1288792,17:10:00,17:10:00,7054,12,0,0
1288792,17:12:00,17:12:00,7055,13,0,0
1288792,17:14:00,17:14:00,7056,14,0,0
1288792,17:16:00,17:16:00,7057,15,0,0
1288792,17:19:00,17:19:00,7058,16,0,0
1288792,17:20:00,17:20:00,7059,17,0,0
1288792,17:22:00,17:22:00,7060,18,0,0
1288792,17:23:00,17:23:00,7061,19,0,0
1288792,17:28:00,17:28:00,7062,20,0,0
1288792,17:31:00,17:31:00,7063,21,0,0
1288792,17:32:00,17:32:00,7064,22,0,0
1288792,17:35:00,17:35:00,7065,23,0,0
1288792,17:41:00,17:41:00,7082,24,0,0
1288792,17:43:00,17:43:00,7083,25,0,0
1288792,17:46:00,17:46:00,7084,26,0,0
1288792,17:49:00,17:49:00,7085,27,1,0
1288793,17:19:00,17:19:00,7093,1,0,1
1288793,17:21:00,17:21:00,7090,2,0,0
1288793,17:24:00,17:24:00,7013,3,0,0
1288793,17:25:00,17:25:00,7014,4,0,0
1288793,17:26:00,17:26:00,7015,5,0,0
1288793,17:29:00,17:29:00,7016,6,0,0
1288793,17:31:00,17:31:00,7017,7,0,0
1288793,17:33:00,17:33:00,7050,8,0,0
1288793,17:35:00,17:35:00,7051,9,0,0
1288793,17:37:00,17:37:00,7052,10,0,0
1288793,17:38:00,17:38:00,7053,11,0,0
1288793,17:40:00,17:40:00,7054,12,0,0
1288793,17:42:00,17:42:00,7055,13,0,0
1288793,17:44:00,17:44:00,7056,14,0,0
1288793,17:46:00,17:46:00,7057,15,0,0
1288793,17:49:00,17:49:00,7058,16,0,0
1288793,17:50:00,17:50:00,7059,17,0,0
1288793,17:52:00,17:52:00,7060,18,0,0
1288793,17:53:00,17:53:00,7061,19,0,0
1288793,17:58:00,17:58:00,7062,20,0,0
1288793,18:01:00,18:01:00,7063,21,0,0
1288793,18:02:00,18:02:00,7064,22,0,0
1288793,18:05:00,18:05:00,7065,23,0,0
1288793,18:11:00,18:11:00,7082,24,0,0
1288793,18:13:00,18:13:00,7083,25,0,0
1288793,18:16:00,18:16:00,7084,26,0,0
1288793,18:19:00,18:19:00,7085,27,1,0
1288794,17:49:00,17:49:00,7093,1,0,1
1288794,17:51:00,17:51:00,7090,2,0,0
1288794,17:54:00,17:54:00,7013,3,0,0
1288794,17:55:00,17:55:00,7014,4,0,0
1288794,17:56:00,17:56:00,7015,5,0,0
1288794,17:59:00,17:59:00,7016,6,0,0
1288794,18:01:00,18:01:00,7017,7,0,0
1288794,18:03:00,18:03:00,7050,8,0,0
1288794,18:05:00,18:05:00,7051,9,0,0
1288794,18:07:00,18:07:00,7052,10,0,0
1288794,18:08:00,18:08:00,7053,11,0,0
1288794,18:10:00,18:10:00,7054,12,0,0
1288794,18:12:00,18:12:00,7055,13,0,0
1288794,18:14:00,18:14:00,7056,14,0,0
1288794,18:16:00,18:16:00,7057,15,0,0
1288794,18:19:00,18:19:00,7058,16,0,0
1288794,18:20:00,18:20:00,7059,17,0,0
1288794,18:22:00,18:22:00,7060,18,0,0
1288794,18:23:00,18:23:00,7061,19,0,0
1288794,18:28:00,18:28:00,7062,20,0,0
1288794,18:31:00,18:31:00,7063,21,0,0
1288794,18:32:00,18:32:00,7064,22,0,0
1288794,18:35:00,18:35:00,7065,23,0,0
1288794,18:41:00,18:41:00,7082,24,0,0
1288794,18:43:00,18:43:00,7083,25,0,0
1288794,18:46:00,18:46:00,7084,26,0,0
1288794,18:49:00,18:49:00,7085,27,1,0
1288795,18:19:00,18:19:00,7093,1,0,1
1288795,18:21:00,18:21:00,7090,2,0,0
1288795,18:24:00,18:24:00,7013,3,0,0
1288795,18:25:00,18:25:00,7014,4,0,0
1288795,18:26:00,18:26:00,7015,5,0,0
1288795,18:29:00,18:29:00,7016,6,0,0
1288795,18:31:00,18:31:00,7017,7,0,0
1288795,18:33:00,18:33:00,7050,8,0,0
1288795,18:35:00,18:35:00,7051,9,0,0
1288795,18:37:00,18:37:00,7052,10,0,0
1288795,18:38:00,18:38:00,7053,11,0,0
1288795,18:40:00,18:40:00,7054,12,0,0
1288795,18:42:00,18:42:00,7055,13,0,0
1288795,18:44:00,18:44:00,7056,14,0,0
1288795,18:46:00,18:46:00,7057,15,0,0
1288795,18:49:00,18:49:00,7058,16,0,0
1288795,18:50:00,18:50:00,7059,17,0,0
1288795,18:52:00,18:52:00,7060,18,0,0
1288795,18:53:00,18:53:00,7061,19,0,0
1288795,18:58:00,18:58:00,7062,20,0,0
1288795,19:01:00,19:01:00,7063,21,0,0
1288795,19:02:00,19:02:00,7064,22,0,0
1288795,19:05:00,19:05:00,7065,23,0,0
1288795,19:11:00,19:11:00,7082,24,0,0
1288795,19:13:00,19:13:00,7083,25,0,0
1288795,19:16:00,19:16:00,7084,26,0,0
1288795,19:19:00,19:19:00,7085,27,1,0
1288796,18:49:00,18:49:00,7093,1,0,1
1288796,18:51:00,18:51:00,7090,2,0,0
1288796,18:54:00,18:54:00,7013,3,0,0
1288796,18:55:00,18:55:00,7014,4,0,0
1288796,18:56:00,18:56:00,7015,5,0,0
1288796,18:59:00,18:59:00,7016,6,0,0
1288796,19:01:00,19:01:00,7017,7,0,0
1288796,19:03:00,19:03:00,7050,8,0,0
1288796,19:05:00,19:05:00,7051,9,0,0
1288796,19:07:00,19:07:00,7052,10,0,0
1288796,19:08:00,19:08:00,7053,11,0,0
1288796,19:10:00,19:10:00,7054,12,0,0
1288796,19:12:00,19:12:00,7055,13,0,0
1288796,19:14:00,19:14:00,7056,14,0,0
1288796,19:16:00,19:16:00,7057,15,0,0
1288796,19:19:00,19:19:00,7058,16,0,0
1288796,19:20:00,19:20:00,7059,17,0,0
1288796,19:22:00,19:22:00,7060,18,0,0
1288796,19:23:00,19:23:00,7061,19,0,0
1288796,19:28:00,19:28:00,7062,20,0,0
1288796,19:31:00,19:31:00,7063,21,0,0
1288796,19:32:00,19:32:00,7064,22,0,0
1288796,19:35:00,19:35:00,7065,23,0,0
1288796,19:41:00,19:41:00,7082,24,0,0
1288796,19:43:00,19:43:00,7083,25,0,0
1288796,19:46:00,19:46:00,7084,26,0,0
1288796,19:49:00,19:49:00,7085,27,1,0
1288797,19:19:00,19:19:00,7093,1,0,1
1288797,19:21:00,19:21:00,7090,2,0,0
1288797,19:24:00,19:24:00,7013,3,0,0
1288797,19:25:00,19:25:00,7014,4,0,0
1288797,19:26:00,19:26:00,7015,5,0,0
1288797,19:29:00,19:29:00,7016,6,0,0
1288797,19:31:00,19:31:00,7017,7,0,0
1288797,19:33:00,19:33:00,7050,8,0,0
1288797,19:35:00,19:35:00,7051,9,0,0
1288797,19:37:00,19:37:00,7052,10,0,0
1288797,19:38:00,19:38:00,7053,11,0,0
1288797,19:40:00,19:40:00,7054,12,0,0
1288797,19:42:00,19:42:00,7055,13,0,0
1288797,19:44:00,19:44:00,7056,14,0,0
1288797,19:46:00,19:46:00,7057,15,0,0
1288797,19:49:00,19:49:00,7058,16,0,0
1288797,19:50:00,19:50:00,7059,17,0,0
1288797,19:52:00,19:52:00,7060,18,0,0
1288797,19:53:00,19:53:00,7061,19,0,0
1288797,19:58:00,19:58:00,7062,20,0,0
1288797,20:01:00,20:01:00,7063,21,0,0
1288797,20:02:00,20:02:00,7064,22,0,0
1288797,20:05:00,20:05:00,7065,23,0,0
1288797,20:11:00,20:11:00,7082,24,0,0
1288797,20:13:00,20:13:00,7083,25,0,0
1288797,20:16:00,20:16:00,7084,26,0,0
1288797,20:19:00,20:19:00,7085,27,1,0
1288798,19:49:00,19:49:00,7093,1,0,1
1288798,19:51:00,19:51:00,7090,2,0,0
1288798,19:54:00,19:54:00,7013,3,0,0
1288798,19:55:00,19:55:00,7014,4,0,0
1288798,19:56:00,19:56:00,7015,5,0,0
1288798,19:59:00,19:59:00,7016,6,0,0
1288798,20:01:00,20:01:00,7017,7,0,0
1288798,20:03:00,20:03:00,7050,8,0,0
1288798,20:05:00,20:05:00,7051,9,0,0
1288798,20:07:00,20:07:00,7052,10,0,0
1288798,20:08:00,20:08:00,7053,11,0,0
1288798,20:10:00,20:10:00,7054,12,0,0
1288798,20:12:00,20:12:00,7055,13,0,0
1288798,20:14:00,20:14:00,7056,14,0,0
1288798,20:16:00,20:16:00,7057,15,0,0
1288798,20:19:00,20:19:00,7058,16,0,0
1288798,20:20:00,20:20:00,7059,17,0,0
1288798,20:22:00,20:22:00,7060,18,0,0
1288798,20:23:00,20:23:00,7061,19,0,0
1288798,20:28:00,20:28:00,7062,20,0,0
1288798,20:31:00,20:31:00,7063,21,0,0
1288798,20:32:00,20:32:00,7064,22,0,0
1288798,20:35:00,20:35:00,7065,23,0,0
1288798,20:41:00,20:41:00,7082,24,0,0
1288798,20:43:00,20:43:00,7083,25,0,0
1288798,20:46:00,20:46:00,7084,26,0,0
1288798,20:49:00,20:49:00,7085,27,1,0
1288799,20:19:00,20:19:00,7093,1,0,1
1288799,20:21:00,20:21:00,7090,2,0,0
1288799,20:24:00,20:24:00,7013,3,0,0
1288799,20:25:00,20:25:00,7014,4,0,0
1288799,20:26:00,20:26:00,7015,5,0,0
1288799,20:29:00,20:29:00,7016,6,0,0
1288799,20:31:00,20:31:00,7017,7,0,0
1288799,20:33:00,20:33:00,7050,8,0,0
1288799,20:35:00,20:35:00,7051,9,0,0
1288799,20:37:00,20:37:00,7052,10,0,0
1288799,20:38:00,20:38:00,7053,11,0,0
1288799,20:40:00,20:40:00,7054,12,0,0
1288799,20:42:00,20:42:00,7055,13,0,0
1288799,20:44:00,20:44:00,7056,14,0,0
1288799,20:46:00,20:46:00,7057,15,0,0
1288799,20:49:00,20:49:00,7058,16,0,0
1288799,20:50:00,20:50:00,7059,17,0,0
1288799,20:52:00,20:52:00,7060,18,0,0
1288799,20:53:00,20:53:00,7061,19,0,0
1288799,20:58:00,20:58:00,7062,20,0,0
1288799,21:01:00,21:01:00,7063,21,0,0
1288799,21:02:00,21:02:00,7064,22,0,0
1288799,21:05:00,21:05:00,7065,23,0,0
1288799,21:11:00,21:11:00,7082,24,0,0
1288799,21:13:00,21:13:00,7083,25,0,0
1288799,21:16:00,21:16:00,7084,26,0,0
1288799,21:19:00,21:19:00,7085,27,1,0
1288800,20:49:00,20:49:00,7093,1,0,1
1288800,20:51:00,20:51:00,7090,2,0,0
1288800,20:54:00,20:54:00,7013,3,0,0
1288800,20:55:00,20:55:00,7014,4,0,0
1288800,20:56:00,20:56:00,7015,5,0,0
1288800,20:59:00,20:59:00,7016,6,0,0
1288800,21:01:00,21:01:00,7017,7,0,0
1288800,21:03:00,21:03:00,7050,8,0,0
1288800,21:05:00,21:05:00,7051,9,0,0
1288800,21:07:00,21:07:00,7052,10,0,0
1288800,21:08:00,21:08:00,7053,11,0,0
1288800,21:10:00,21:10:00,7054,12,0,0
1288800,21:12:00,21:12:00,7055,13,0,0
1288800,21:14:00,21:14:00,7056,14,0,0
1288800,21:16:00,21:16:00,7057,15,0,0
1288800,21:19:00,21:19:00,7058,16,0,0
1288800,21:20:00,21:20:00,7059,17,0,0
1288800,21:22:00,21:22:00,7060,18,0,0
1288800,21:23:00,21:23:00,7061,19,0,0
1288800,21:28:00,21:28:00,7062,20,0,0
1288800,21:31:00,21:31:00,7063,21,0,0
1288800,21:32:00,21:32:00,7064,22,0,0
1288800,21:35:00,21:35:00,7065,23,0,0
1288800,21:41:00,21:41:00,7082,24,0,0
1288800,21:43:00,21:43:00,7083,25,0,0
1288800,21:46:00,21:46:00,7084,26,0,0
1288800,21:49:00,21:49:00,7085,27,1,0
1288801,21:19:00,21:19:00,7093,1,0,1
1288801,21:21:00,21:21:00,7090,2,0,0
1288801,21:24:00,21:24:00,7013,3,0,0
1288801,21:25:00,21:25:00,7014,4,0,0
1288801,21:26:00,21:26:00,7015,5,0,0
1288801,21:29:00,21:29:00,7016,6,0,0
1288801,21:31:00,21:31:00,7017,7,0,0
1288801,21:33:00,21:33:00,7050,8,0,0
1288801,21:35:00,21:35:00,7051,9,0,0
1288801,21:37:00,21:37:00,7052,10,0,0
1288801,21:38:00,21:38:00,7053,11,0,0
1288801,21:40:00,21:40:00,7054,12,0,0
1288801,21:42:00,21:42:00,7055,13,0,0
1288801,21:44:00,21:44:00,7056,14,0,0
1288801,21:46:00,21:46:00,7057,15,0,0
1288801,21:49:00,21:49:00,7058,16,0,0
1288801,21:50:00,21:50:00,7059,17,0,0
1288801,21:52:00,21:52:00,7060,18,0,0
1288801,21:53:00,21:53:00,7061,19,0,0
1288801,21:58:00,21:58:00,7062,20,0,0
1288801,22:01:00,22:01:00,7063,21,0,0
1288801,22:02:00,22:02:00,7064,22,0,0
1288801,22:05:00,22:05:00,7065,23,0,0
1288801,22:11:00,22:11:00,7082,24,0,0
1288801,22:13:00,22:13:00,7083,25,0,0
1288801,22:16:00,22:16:00,7084,26,0,0
1288801,22:19:00,22:19:00,7085,27,1,0
1288802,21:49:00,21:49:00,7093,1,0,1
1288802,21:51:00,21:51:00,7090,2,0,0
1288802,21:54:00,21:54:00,7013,3,0,0
1288802,21:55:00,21:55:00,7014,4,0,0
1288802,21:56:00,21:56:00,7015,5,0,0
1288802,21:59:00,21:59:00,7016,6,0,0
1288802,22:01:00,22:01:00,7017,7,0,0
1288802,22:03:00,22:03:00,7050,8,0,0
1288802,22:05:00,22:05:00,7051,9,0,0
1288802,22:07:00,22:07:00,7052,10,0,0
1288802,22:08:00,22:08:00,7053,11,0,0
1288802,22:10:00,22:10:00,7054,12,0,0
1288802,22:12:00,22:12:00,7055,13,0,0
1288802,22:14:00,22:14:00,7056,14,0,0
1288802,22:16:00,22:16:00,7057,15,0,0
1288802,22:19:00,22:19:00,7058,16,0,0
1288802,22:20:00,22:20:00,7059,17,0,0
1288802,22:22:00,22:22:00,7060,18,0,0
1288802,22:23:00,22:23:00,7061,19,0,0
1288802,22:28:00,22:28:00,7062,20,0,0
1288802,22:31:00,22:31:00,7063,21,0,0
1288802,22:32:00,22:32:00,7064,22,0,0
1288802,22:35:00,22:35:00,7065,23,0,0
1288802,22:41:00,22:41:00,7082,24,0,0
1288802,22:43:00,22:43:00,7083,25,0,0
1288802,22:46:00,22:46:00,7084,26,0,0
1288802,22:49:00,22:49:00,7085,27,1,0
1288803,22:19:00,22:19:00,7093,1,0,1
1288803,22:21:00,22:21:00,7090,2,0,0
1288803,22:24:00,22:24:00,7013,3,0,0
1288803,22:25:00,22:25:00,7014,4,0,0
1288803,22:26:00,22:26:00,7015,5,0,0
1288803,22:29:00,22:29:00,7016,6,0,0
1288803,22:31:00,22:31:00,7017,7,0,0
1288803,22:33:00,22:33:00,7050,8,0,0
1288803,22:35:00,22:35:00,7051,9,0,0
1288803,22:37:00,22:37:00,7052,10,0,0
1288803,22:38:00,22:38:00,7053,11,0,0
1288803,22:40:00,22:40:00,7054,12,0,0
1288803,22:42:00,22:42:00,7055,13,0,0
1288803,22:44:00,22:44:00,7056,14,0,0
1288803,22:46:00,22:46:00,7057,15,0,0
1288803,22:49:00,22:49:00,7058,16,0,0
1288803,22:50:00,22:50:00,7059,17,0,0
1288803,22:52:00,22:52:00,7060,18,0,0
1288803,22:53:00,22:53:00,7061,19,0,0
1288803,22:58:00,22:58:00,7062,20,0,0
1288803,23:01:00,23:01:00,7063,21,0,0
1288803,23:02:00,23:02:00,7064,22,0,0
1288803,23:05:00,23:05:00,7065,23,0,0
1288803,23:11:00,23:11:00,7082,24,0,0
1288803,23:13:00,23:13:00,7083,25,0,0
1288803,23:16:00,23:16:00,7084,26,0,0
1288803,23:19:00,23:19:00,7085,27,1,0
1288804,05:43:00,05:43:00,7066,1,0,1
1288804,05:45:00,05:45:00,7067,2,0,0
1288804,05:46:00,05:46:00,7068,3,0,0
1288804,05:50:00,05:50:00,7069,4,0,0
1288804,05:54:00,05:54:00,7070,5,0,0
1288804,05:55:00,05:55:00,7071,6,0,0
1288804,05:56:00,05:56:00,7072,7,0,0
1288804,05:59:00,05:59:00,7073,8,0,0
1288804,06:01:00,06:01:00,7074,9,0,0
1288804,06:03:00,06:03:00,7075,10,0,0
1288804,06:06:00,06:06:00,7076,11,0,0
1288804,06:07:00,06:07:00,7077,12,0,0
1288804,06:09:00,06:09:00,7078,13,0,0
1288804,06:11:00,06:11:00,7079,14,0,0
1288804,06:14:00,06:14:00,7080,15,0,0
1288804,06:15:00,06:15:00,7081,16,0,0
1288804,06:17:00,06:17:00,7032,17,0,0
1288804,06:18:00,06:18:00,7033,18,0,0
1288804,06:20:00,06:20:00,7034,19,0,0
1288804,06:24:00,06:24:00,7036,20,0,0
1288804,06:25:00,06:25:00,7091,21,0,0
1288804,06:26:00,06:26:00,7095,22,0,0
1288804,06:29:00,06:29:00,7092,23,1,0
1288805,06:13:00,06:13:00,7066,1,0,1
1288805,06:15:00,06:15:00,7067,2,0,0
1288805,06:16:00,06:16:00,7068,3,0,0
1288805,06:20:00,06:20:00,7069,4,0,0
1288805,06:24:00,06:24:00,7070,5,0,0
1288805,06:25:00,06:25:00,7071,6,0,0
1288805,06:26:00,06:26:00,7072,7,0,0
1288805,06:29:00,06:29:00,7073,8,0,0
1288805,06:31:00,06:31:00,7074,9,0,0
1288805,06:33:00,06:33:00,7075,10,0,0
1288805,06:36:00,06:36:00,7076,11,0,0
1288805,06:37:00,06:37:00,7077,12,0,0
1288805,06:39:00,06:39:00,7078,13,0,0
1288805,06:41:00,06:41:00,7079,14,0,0
1288805,06:44:00,06:44:00,7080,15,0,0
1288805,06:45:00,06:45:00,7081,16,0,0
1288805,06:47:00,06:47:00,7032,17,0,0
1288805,06:48:00,06:48:00,7033,18,0,0
1288805,06:50:00,06:50:00,7034,19,0,0
1288805,06:54:00,06:54:00,7036,20,0,0
1288805,06:55:00,06:55:00,7091,21,0,0
1288805,06:56:00,06:56:00,7095,22,0,0
1288805,06:59:00,06:59:00,7092,23,1,0
1288806,06:43:00,06:43:00,7066,1,0,1
1288806,06:45:00,06:45:00,7067,2,0,0
1288806,06:46:00,06:46:00,7068,3,0,0
1288806,06:50:00,06:50:00,7069,4,0,0
1288806,06:54:00,06:54:00,7070,5,0,0
1288806,06:55:00,06:55:00,7071,6,0,0
1288806,06:56:00,06:56:00,7072,7,0,0
1288806,06:59:00,06:59:00,7073,8,0,0
1288806,07:01:00,07:01:00,7074,9,0,0
1288806,07:03:00,07:03:00,7075,10,0,0
1288806,07:06:00,07:06:00,7076,11,0,0
1288806,07:07:00,07:07:00,7077,12,0,0
1288806,07:09:00,07:09:00,7078,13,0,0
1288806,07:11:00,07:11:00,7079,14,0,0
1288806,07:14:00,07:14:00,7080,15,0,0
1288806,07:15:00,07:15:00,7081,16,0,0
1288806,07:17:00,07:17:00,7032,17,0,0
1288806,07:18:00,07:18:00,7033,18,0,0
1288806,07:20:00,07:20:00,7034,19,0,0
1288806,07:24:00,07:24:00,7036,20,0,0
1288806,07:25:00,07:25:00,7091,21,0,0
1288806,07:26:00,07:26:00,7095,22,0,0
1288806,07:29:00,07:29:00,7092,23,1,0
1288807,10:58:00,10:58:00,7066,1,0,1
1288807,11:00:00,11:00:00,7067,2,0,0
1288807,11:01:00,11:01:00,7068,3,0,0
1288807,11:05:00,11:05:00,7069,4,0,0
1288807,11:09:00,11:09:00,7070,5,0,0
1288807,11:10:00,11:10:00,7071,6,0,0
1288807,11:11:00,11:11:00,7072,7,0,0
1288807,11:14:00,11:14:00,7073,8,0,0
1288807,11:16:00,11:16:00,7074,9,0,0
1288807,11:18:00,11:18:00,7075,10,0,0
1288807,11:21:00,11:21:00,7076,11,0,0
1288807,11:22:00,11:22:00,7077,12,0,0
1288807,11:24:00,11:24:00,7078,13,0,0
1288807,11:26:00,11:26:00,7079,14,0,0
1288807,11:29:00,11:29:00,7080,15,0,0
1288807,11:30:00,11:30:00,7081,16,0,0
1288807,11:32:00,11:32:00,7032,17,0,0
1288807,11:33:00,11:33:00,7033,18,0,0
1288807,11:35:00,11:35:00,7034,19,0,0
1288807,11:39:00,11:39:00,7036,20,0,0
1288807,11:40:00,11:40:00,7091,21,0,0
1288807,11:41:00,11:41:00,7095,22,0,0
1288807,11:44:00,11:44:00,7092,23,1,0
1288808,11:28:00,11:28:00,7066,1,0,1
1288808,11:30:00,11:30:00,7067,2,0,0
1288808,11:31:00,11:31:00,7068,3,0,0
1288808,11:35:00,11:35:00,7069,4,0,0
1288808,11:39:00,11:39:00,7070,5,0,0
1288808,11:40:00,11:40:00,7071,6,0,0
1288808,11:41:00,11:41:00,7072,7,0,0
1288808,11:44:00,11:44:00,7073,8,0,0
1288808,11:46:00,11:46:00,7074,9,0,0
1288808,11:48:00,11:48:00,7075,10,0,0
1288808,11:51:00,11:51:00,7076,11,0,0
1288808,11:52:00,11:52:00,7077,12,0,0
1288808,11:54:00,11:54:00,7078,13,0,0
1288808,11:56:00,11:56:00,7079,14,0,0
1288808,11:59:00,11:59:00,7080,15,0,0
1288808,12:00:00,12:00:00,7081,16,0,0
1288808,12:02:00,12:02:00,7032,17,0,0
1288808,12:03:00,12:03:00,7033,18,0,0
1288808,12:05:00,12:05:00,7034,19,0,0
1288808,12:09:00,12:09:00,7036,20,0,0
1288808,12:10:00,12:10:00,7091,21,0,0
1288808,12:11:00,12:11:00,7095,22,0,0
1288808,12:14:00,12:14:00,7092,23,1,0
1288809,11:58:00,11:58:00,7066,1,0,1
1288809,12:00:00,12:00:00,7067,2,0,0
1288809,12:01:00,12:01:00,7068,3,0,0
1288809,12:05:00,12:05:00,7069,4,0,0
1288809,12:09:00,12:09:00,7070,5,0,0
1288809,12:10:00,12:10:00,7071,6,0,0
1288809,12:11:00,12:11:00,7072,7,0,0
1288809,12:14:00,12:14:00,7073,8,0,0
1288809,12:16:00,12:16:00,7074,9,0,0
1288809,12:18:00,12:18:00,7075,10,0,0
1288809,12:21:00,12:21:00,7076,11,0,0
1288809,12:22:00,12:22:00,7077,12,0,0
1288809,12:24:00,12:24:00,7078,13,0,0
1288809,12:26:00,12:26:00,7079,14,0,0
1288809,12:29:00,12:29:00,7080,15,0,0
1288809,12:30:00,12:30:00,7081,16,0,0
1288809,12:32:00,12:32:00,7032,17,0,0
1288809,12:33:00,12:33:00,7033,18,0,0
1288809,12:35:00,12:35:00,7034,19,0,0
1288809,12:39:00,12:39:00,7036,20,0,0
1288809,12:40:00,12:40:00,7091,21,0,0
1288809,12:41:00,12:41:00,7095,22,0,0
1288809,12:44:00,12:44:00,7092,23,1,0
1288810,12:28:00,12:28:00,7066,1,0,1
1288810,12:30:00,12:30:00,7067,2,0,0
1288810,12:31:00,12:31:00,7068,3,0,0
1288810,12:35:00,12:35:00,7069,4,0,0
1288810,12:39:00,12:39:00,7070,5,0,0
1288810,12:40:00,12:40:00,7071,6,0,0
1288810,12:41:00,12:41:00,7072,7,0,0
1288810,12:44:00,12:44:00,7073,8,0,0
1288810,12:46:00,12:46:00,7074,9,0,0
1288810,12:48:00,12:48:00,7075,10,0,0
1288810,12:51:00,12:51:00,7076,11,0,0
1288810,12:52:00,12:52:00,7077,12,0,0
1288810,12:54:00,12:54:00,7078,13,0,0
1288810,12:56:00,12:56:00,7079,14,0,0
1288810,12:59:00,12:59:00,7080,15,0,0
1288810,13:00:00,13:00:00,7081,16,0,0
1288810,13:02:00,13:02:00,7032,17,0,0
1288810,13:03:00,13:03:00,7033,18,0,0
1288810,13:05:00,13:05:00,7034,19,0,0
1288810,13:09:00,13:09:00,7036,20,0,0
1288810,13:10:00,13:10:00,7091,21,0,0
1288810,13:11:00,13:11:00,7095,22,0,0
1288810,13:14:00,13:14:00,7092,23,1,0
1288811,12:58:00,12:58:00,7066,1,0,1
1288811,13:00:00,13:00:00,7067,2,0,0
1288811,13:01:00,13:01:00,7068,3,0,0
1288811,13:05:00,13:05:00,7069,4,0,0
1288811,13:09:00,13:09:00,7070,5,0,0
1288811,13:10:00,13:10:00,7071,6,0,0
1288811,13:11:00,13:11:00,7072,7,0,0
1288811,13:14:00,13:14:00,7073,8,0,0
1288811,13:16:00,13:16:00,7074,9,0,0
1288811,13:18:00,13:18:00,7075,10,0,0
1288811,13:21:00,13:21:00,7076,11,0,0
1288811,13:22:00,13:22:00,7077,12,0,0
1288811,13:24:00,13:24:00,7078,13,0,0
1288811,13:26:00,13:26:00,7079,14,0,0
1288811,13:29:00,13:29:00,7080,15,0,0
1288811,13:30:00,13:30:00,7081,16,0,0
1288811,13:32:00,13:32:00,7032,17,0,0
1288811,13:33:00,13:33:00,7033,18,0,0
1288811,13:35:00,13:35:00,7034,19,0,0
1288811,13:39:00,13:39:00,7036,20,0,0
1288811,13:40:00,13:40:00,7091,21,0,0
1288811,13:41:00,13:41:00,7095,22,0,0
1288811,13:44:00,13:44:00,7092,23,1,0
1288812,13:28:00,13:28:00,7066,1,0,1
1288812,13:30:00,13:30:00,7067,2,0,0
1288812,13:31:00,13:31:00,7068,3,0,0
1288812,13:35:00,13:35:00,7069,4,0,0
1288812,13:39:00,13:39:00,7070,5,0,0
1288812,13:40:00,13:40:00,7071,6,0,0
1288812,13:41:00,13:41:00,7072,7,0,0
1288812,13:44:00,13:44:00,7073,8,0,0
1288812,13:46:00,13:46:00,7074,9,0,0
1288812,13:48:00,13:48:00,7075,10,0,0
1288812,13:51:00,13:51:00,7076,11,0,0
1288812,13:52:00,13:52:00,7077,12,0,0
1288812,13:54:00,13:54:00,7078,13,0,0
1288812,13:56:00,13:56:00,7079,14,0,0
1288812,13:59:00,13:59:00,7080,15,0,0
1288812,14:00:00,14:00:00,7081,16,0,0
1288812,14:02:00,14:02:00,7032,17,0,0
1288812,14:03:00,14:03:00,7033,18,0,0
1288812,14:05:00,14:05:00,7034,19,0,0
1288812,14:09:00,14:09:00,7036,20,0,0
1288812,14:10:00,14:10:00,7091,21,0,0
1288812,14:11:00,14:11:00,7095,22,0,0
1288812,14:14:00,14:14:00,7092,23,1,0
1288813,13:58:00,13:58:00,7066,1,0,1
1288813,14:00:00,14:00:00,7067,2,0,0
1288813,14:01:00,14:01:00,7068,3,0,0
1288813,14:05:00,14:05:00,7069,4,0,0
1288813,14:09:00,14:09:00,7070,5,0,0
1288813,14:10:00,14:10:00,7071,6,0,0
1288813,14:11:00,14:11:00,7072,7,0,0
1288813,14:14:00,14:14:00,7073,8,0,0
1288813,14:16:00,14:16:00,7074,9,0,0
1288813,14:18:00,14:18:00,7075,10,0,0
1288813,14:21:00,14:21:00,7076,11,0,0
1288813,14:22:00,14:22:00,7077,12,0,0
1288813,14:24:00,14:24:00,7078,13,0,0
1288813,14:26:00,14:26:00,7079,14,0,0
1288813,14:29:00,14:29:00,7080,15,0,0
1288813,14:30:00,14:30:00,7081,16,0,0
1288813,14:32:00,14:32:00,7032,17,0,0
1288813,14:33:00,14:33:00,7033,18,0,0
1288813,14:35:00,14:35:00,7034,19,0,0
1288813,14:39:00,14:39:00,7036,20,0,0
1288813,14:40:00,14:40:00,7091,21,0,0
1288813,14:41:00,14:41:00,7095,22,0,0
1288813,14:44:00,14:44:00,7092,23,1,0
1288814,14:28:00,14:28:00,7066,1,0,1
1288814,14:30:00,14:30:00,7067,2,0,0
1288814,14:31:00,14:31:00,7068,3,0,0
1288814,14:35:00,14:35:00,7069,4,0,0
1288814,14:39:00,14:39:00,7070,5,0,0
1288814,14:40:00,14:40:00,7071,6,0,0
1288814,14:41:00,14:41:00,7072,7,0,0
1288814,14:44:00,14:44:00,7073,8,0,0
1288814,14:46:00,14:46:00,7074,9,0,0
1288814,14:48:00,14:48:00,7075,10,0,0
1288814,14:51:00,14:51:00,7076,11,0,0
1288814,14:52:00,14:52:00,7077,12,0,0
1288814,14:54:00,14:54:00,7078,13,0,0
1288814,14:56:00,14:56:00,7079,14,0,0
1288814,14:59:00,14:59:00,7080,15,0,0
1288814,15:00:00,15:00:00,7081,16,0,0
1288814,15:02:00,15:02:00,7032,17,0,0
1288814,15:03:00,15:03:00,7033,18,0,0
1288814,15:05:00,15:05:00,7034,19,0,0
1288814,15:09:00,15:09:00,7036,20,0,0
1288814,15:10:00,15:10:00,7091,21,0,0
1288814,15:11:00,15:11:00,7095,22,0,0
1288814,15:14:00,15:14:00,7092,23,1,0
1288815,14:58:00,14:58:00,7066,1,0,1
1288815,15:00:00,15:00:00,7067,2,0,0
1288815,15:01:00,15:01:00,7068,3,0,0
1288815,15:05:00,15:05:00,7069,4,0,0
1288815,15:09:00,15:09:00,7070,5,0,0
1288815,15:10:00,15:10:00,7071,6,0,0
1288815,15:11:00,15:11:00,7072,7,0,0
1288815,15:14:00,15:14:00,7073,8,0,0
1288815,15:16:00,15:16:00,7074,9,0,0
1288815,15:18:00,15:18:00,7075,10,0,0
1288815,15:21:00,15:21:00,7076,11,0,0
1288815,15:22:00,15:22:00,7077,12,0,0
1288815,15:24:00,15:24:00,7078,13,0,0
1288815,15:26:00,15:26:00,7079,14,0,0
1288815,15:29:00,15:29:00,7080,15,0,0
1288815,15:30:00,15:30:00,7081,16,0,0
1288815,15:32:00,15:32:00,7032,17,0,0
1288815,15:33:00,15:33:00,7033,18,0,0
1288815,15:35:00,15:35:00,7034,19,0,0
1288815,15:39:00,15:39:00,7036,20,0,0
1288815,15:40:00,15:40:00,7091,21,0,0
1288815,15:41:00,15:41:00,7095,22,0,0
1288815,15:44:00,15:44:00,7092,23,1,0
1288816,15:28:00,15:28:00,7066,1,0,1
1288816,15:30:00,15:30:00,7067,2,0,0
1288816,15:31:00,15:31:00,7068,3,0,0
1288816,15:35:00,15:35:00,7069,4,0,0
1288816,15:39:00,15:39:00,7070,5,0,0
1288816,15:40:00,15:40:00,7071,6,0,0
1288816,15:41:00,15:41:00,7072,7,0,0
1288816,15:44:00,15:44:00,7073,8,0,0
1288816,15:46:00,15:46:00,7074,9,0,0
1288816,15:48:00,15:48:00,7075,10,0,0
1288816,15:51:00,15:51:00,7076,11,0,0
1288816,15:52:00,15:52:00,7077,12,0,0
1288816,15:54:00,15:54:00,7078,13,0,0
1288816,15:56:00,15:56:00,7079,14,0,0
1288816,15:59:00,15:59:00,7080,15,0,0
1288816,16:00:00,16:00:00,7081,16,0,0
1288816,16:02:00,16:02:00,7032,17,0,0
1288816,16:03:00,16:03:00,7033,18,0,0
1288816,16:05:00,16:05:00,7034,19,0,0
1288816,16:09:00,16:09:00,7036,20,0,0
1288816,16:10:00,16:10:00,7091,21,0,0
1288816,16:11:00,16:11:00,7095,22,0,0
1288816,16:14:00,16:14:00,7092,23,1,0
1288817,15:58:00,15:58:00,7066,1,0,1
1288817,16:00:00,16:00:00,7067,2,0,0
1288817,16:01:00,16:01:00,7068,3,0,0
1288817,16:05:00,16:05:00,7069,4,0,0
1288817,16:09:00,16:09:00,7070,5,0,0
1288817,16:10:00,16:10:00,7071,6,0,0
1288817,16:11:00,16:11:00,7072,7,0,0
1288817,16:14:00,16:14:00,7073,8,0,0
1288817,16:16:00,16:16:00,7074,9,0,0
1288817,16:18:00,16:18:00,7075,10,0,0
1288817,16:21:00,16:21:00,7076,11,0,0
1288817,16:22:00,16:22:00,7077,12,0,0
1288817,16:24:00,16:24:00,7078,13,0,0
1288817,16:26:00,16:26:00,7079,14,0,0
1288817,16:29:00,16:29:00,7080,15,0,0
1288817,16:30:00,16:30:00,7081,16,0,0
1288817,16:32:00,16:32:00,7032,17,0,0
1288817,16:33:00,16:33:00,7033,18,0,0
1288817,16:35:00,16:35:00,7034,19,0,0
1288817,16:39:00,16:39:00,7036,20,0,0
1288817,16:40:00,16:40:00,7091,21,0,0
1288817,16:41:00,16:41:00,7095,22,0,0
1288817,16:44:00,16:44:00,7092,23,1,0
1288818,07:13:00,07:13:00,7066,1,0,1
1288818,07:15:00,07:15:00,7067,2,0,0
1288818,07:16:00,07:16:00,7068,3,0,0
1288818,07:20:00,07:20:00,7069,4,0,0
1288818,07:24:00,07:24:00,7070,5,0,0
1288818,07:25:00,07:25:00,7071,6,0,0
1288818,07:26:00,07:26:00,7072,7,0,0
1288818,07:29:00,07:29:00,7073,8,0,0
1288818,07:31:00,07:31:00,7074,9,0,0
1288818,07:33:00,07:33:00,7075,10,0,0
1288818,07:36:00,07:36:00,7076,11,0,0
1288818,07:37:00,07:37:00,7077,12,0,0
1288818,07:39:00,07:39:00,7078,13,0,0
1288818,07:41:00,07:41:00,7079,14,0,0
1288818,07:44:00,07:44:00,7080,15,0,0
1288818,07:45:00,07:45:00,7081,16,0,0
1288818,07:47:00,07:47:00,7032,17,0,0
1288818,07:48:00,07:48:00,7033,18,0,0
1288818,07:50:00,07:50:00,7034,19,0,0
1288818,07:54:00,07:54:00,7036,20,0,0
1288818,07:55:00,07:55:00,7091,21,0,0
1288818,07:56:00,07:56:00,7095,22,0,0
1288818,07:59:00,07:59:00,7092,23,1,0
1288819,07:43:00,07:43:00,7066,1,0,1
1288819,07:45:00,07:45:00,7067,2,0,0
1288819,07:46:00,07:46:00,7068,3,0,0
1288819,07:50:00,07:50:00,7069,4,0,0
1288819,07:54:00,07:54:00,7070,5,0,0
1288819,07:55:00,07:55:00,7071,6,0,0
1288819,07:56:00,07:56:00,7072,7,0,0
1288819,07:59:00,07:59:00,7073,8,0,0
1288819,08:01:00,08:01:00,7074,9,0,0
1288819,08:03:00,08:03:00,7075,10,0,0
1288819,08:06:00,08:06:00,7076,11,0,0
1288819,08:07:00,08:07:00,7077,12,0,0
1288819,08:09:00,08:09:00,7078,13,0,0
1288819,08:11:00,08:11:00,7079,14,0,0
1288819,08:14:00,08:14:00,7080,15,0,0
1288819,08:15:00,08:15:00,7081,16,0,0
1288819,08:17:00,08:17:00,7032,17,0,0
1288819,08:18:00,08:18:00,7033,18,0,0
1288819,08:20:00,08:20:00,7034,19,0,0
1288819,08:24:00,08:24:00,7036,20,0,0
1288819,08:25:00,08:25:00,7091,21,0,0
1288819,08:26:00,08:26:00,7095,22,0,0
1288819,08:29:00,08:29:00,7092,23,1,0
1288820,08:13:00,08:13:00,7066,1,0,1
1288820,08:15:00,08:15:00,7067,2,0,0
1288820,08:16:00,08:16:00,7068,3,0,0
1288820,08:20:00,08:20:00,7069,4,0,0
1288820,08:24:00,08:24:00,7070,5,0,0
1288820,08:25:00,08:25:00,7071,6,0,0
1288820,08:26:00,08:26:00,7072,7,0,0
1288820,08:29:00,08:29:00,7073,8,0,0
1288820,08:31:00,08:31:00,7074,9,0,0
1288820,08:33:00,08:33:00,7075,10,0,0
1288820,08:36:00,08:36:00,7076,11,0,0
1288820,08:37:00,08:37:00,7077,12,0,0
1288820,08:39:00,08:39:00,7078,13,0,0
1288820,08:41:00,08:41:00,7079,14,0,0
1288820,08:44:00,08:44:00,7080,15,0,0
1288820,08:45:00,08:45:00,7081,16,0,0
1288820,08:47:00,08:47:00,7032,17,0,0
1288820,08:48:00,08:48:00,7033,18,0,0
1288820,08:50:00,08:50:00,7034,19,0,0
1288820,08:54:00,08:54:00,7036,20,0,0
1288820,08:55:00,08:55:00,7091,21,0,0
1288820,08:56:00,08:56:00,7095,22,0,0
1288820,08:59:00,08:59:00,7092,23,1,0
1288821,08:43:00,08:43:00,7066,1,0,1
1288821,08:45:00,08:45:00,7067,2,0,0
1288821,08:46:00,08:46:00,7068,3,0,0
1288821,08:50:00,08:50:00,7069,4,0,0
1288821,08:54:00,08:54:00,7070,5,0,0
1288821,08:55:00,08:55:00,7071,6,0,0
1288821,08:56:00,08:56:00,7072,7,0,0
1288821,08:59:00,08:59:00,7073,8,0,0
1288821,09:01:00,09:01:00,7074,9,0,0
1288821,09:03:00,09:03:00,7075,10,0,0
1288821,09:06:00,09:06:00,7076,11,0,0
1288821,09:07:00,09:07:00,7077,12,0,0
1288821,09:09:00,09:09:00,7078,13,0,0
1288821,09:11:00,09:11:00,7079,14,0,0
1288821,09:14:00,09:14:00,7080,15,0,0
1288821,09:15:00,09:15:00,7081,16,0,0
1288821,09:17:00,09:17:00,7032,17,0,0
1288821,09:18:00,09:18:00,7033,18,0,0
1288821,09:20:00,09:20:00,7034,19,0,0
1288821,09:24:00,09:24:00,7036,20,0,0
1288821,09:25:00,09:25:00,7091,21,0,0
1288821,09:26:00,09:26:00,7095,22,0,0
1288821,09:29:00,09:29:00,7092,23,1,0
1288822,09:13:00,09:13:00,7066,1,0,1
1288822,09:15:00,09:15:00,7067,2,0,0
1288822,09:16:00,09:16:00,7068,3,0,0
1288822,09:20:00,09:20:00,7069,4,0,0
1288822,09:24:00,09:24:00,7070,5,0,0
1288822,09:25:00,09:25:00,7071,6,0,0
1288822,09:26:00,09:26:00,7072,7,0,0
1288822,09:29:00,09:29:00,7073,8,0,0
1288822,09:31:00,09:31:00,7074,9,0,0
1288822,09:33:00,09:33:00,7075,10,0,0
1288822,09:36:00,09:36:00,7076,11,0,0
1288822,09:37:00,09:37:00,7077,12,0,0
1288822,09:39:00,09:39:00,7078,13,0,0
1288822,09:41:00,09:41:00,7079,14,0,0
1288822,09:44:00,09:44:00,7080,15,0,0
1288822,09:45:00,09:45:00,7081,16,0,0
1288822,09:47:00,09:47:00,7032,17,0,0
1288822,09:48:00,09:48:00,7033,18,0,0
1288822,09:50:00,09:50:00,7034,19,0,0
1288822,09:54:00,09:54:00,7036,20,0,0
1288822,09:55:00,09:55:00,7091,21,0,0
1288822,09:56:00,09:56:00,7095,22,0,0
1288822,09:59:00,09:59:00,7092,23,1,0
1288823,09:43:00,09:43:00,7066,1,0,1
1288823,09:45:00,09:45:00,7067,2,0,0
1288823,09:46:00,09:46:00,7068,3,0,0
1288823,09:50:00,09:50:00,7069,4,0,0
1288823,09:54:00,09:54:00,7070,5,0,0
1288823,09:55:00,09:55:00,7071,6,0,0
1288823,09:56:00,09:56:00,7072,7,0,0
1288823,09:59:00,09:59:00,7073,8,0,0
1288823,10:01:00,10:01:00,7074,9,0,0
1288823,10:03:00,10:03:00,7075,10,0,0
1288823,10:06:00,10:06:00,7076,11,0,0
1288823,10:07:00,10:07:00,7077,12,0,0
1288823,10:09:00,10:09:00,7078,13,0,0
1288823,10:11:00,10:11:00,7079,14,0,0
1288823,10:14:00,10:14:00,7080,15,0,0
1288823,10:15:00,10:15:00,7081,16,0,0
1288823,10:17:00,10:17:00,7032,17,0,0
1288823,10:18:00,10:18:00,7033,18,0,0
1288823,10:20:00,10:20:00,7034,19,0,0
1288823,10:24:00,10:24:00,7036,20,0,0
1288823,10:25:00,10:25:00,7091,21,0,0
1288823,10:26:00,10:26:00,7095,22,0,0
1288823,10:29:00,10:29:00,7092,23,1,0
1288824,09:59:00,09:59:00,7086,1,0,1
1288824,10:02:00,10:02:00,7087,2,0,0
1288824,10:04:00,10:04:00,7088,3,0,0
1288824,10:07:00,10:07:00,7089,4,0,0
1288824,10:13:00,10:13:00,7066,5,0,0
1288824,10:15:00,10:15:00,7067,6,0,0
1288824,10:16:00,10:16:00,7068,7,0,0
1288824,10:20:00,10:20:00,7069,8,0,0
1288824,10:24:00,10:24:00,7070,9,0,0
1288824,10:25:00,10:25:00,7071,10,0,0
1288824,10:26:00,10:26:00,7072,11,0,0
1288824,10:29:00,10:29:00,7073,12,0,0
1288824,10:31:00,10:31:00,7074,13,0,0
1288824,10:33:00,10:33:00,7075,14,0,0
1288824,10:36:00,10:36:00,7076,15,0,0
1288824,10:37:00,10:37:00,7077,16,0,0
1288824,10:39:00,10:39:00,7078,17,0,0
1288824,10:41:00,10:41:00,7079,18,0,0
1288824,10:44:00,10:44:00,7080,19,0,0
1288824,10:45:00,10:45:00,7081,20,0,0
1288824,10:47:00,10:47:00,7032,21,0,0
1288824,10:48:00,10:48:00,7033,22,0,0
1288824,10:50:00,10:50:00,7034,23,0,0
1288824,10:54:00,10:54:00,7036,24,0,0
1288824,10:55:00,10:55:00,7091,25,0,0
1288824,10:56:00,10:56:00,7095,26,0,0
1288824,10:59:00,10:59:00,7092,27,1,0
1288825,10:29:00,10:29:00,7086,1,0,1
1288825,10:32:00,10:32:00,7087,2,0,0
1288825,10:34:00,10:34:00,7088,3,0,0
1288825,10:37:00,10:37:00,7089,4,0,0
1288825,10:43:00,10:43:00,7066,5,0,0
1288825,10:45:00,10:45:00,7067,6,0,0
1288825,10:46:00,10:46:00,7068,7,0,0
1288825,10:50:00,10:50:00,7069,8,0,0
1288825,10:54:00,10:54:00,7070,9,0,0
1288825,10:55:00,10:55:00,7071,10,0,0
1288825,10:56:00,10:56:00,7072,11,0,0
1288825,10:59:00,10:59:00,7073,12,0,0
1288825,11:01:00,11:01:00,7074,13,0,0
1288825,11:03:00,11:03:00,7075,14,0,0
1288825,11:06:00,11:06:00,7076,15,0,0
1288825,11:07:00,11:07:00,7077,16,0,0
1288825,11:09:00,11:09:00,7078,17,0,0
1288825,11:11:00,11:11:00,7079,18,0,0
1288825,11:14:00,11:14:00,7080,19,0,0
1288825,11:15:00,11:15:00,7081,20,0,0
1288825,11:17:00,11:17:00,7032,21,0,0
1288825,11:18:00,11:18:00,7033,22,0,0
1288825,11:20:00,11:20:00,7034,23,0,0
1288825,11:24:00,11:24:00,7036,24,0,0
1288825,11:25:00,11:25:00,7091,25,0,0
1288825,11:26:00,11:26:00,7095,26,0,0
1288825,11:29:00,11:29:00,7092,27,1,0
1288826,10:59:00,10:59:00,7086,1,0,1
1288826,11:02:00,11:02:00,7087,2,0,0
1288826,11:04:00,11:04:00,7088,3,0,0
1288826,11:07:00,11:07:00,7089,4,0,0
1288826,11:13:00,11:13:00,7066,5,0,0
1288826,11:15:00,11:15:00,7067,6,0,0
1288826,11:16:00,11:16:00,7068,7,0,0
1288826,11:20:00,11:20:00,7069,8,0,0
1288826,11:24:00,11:24:00,7070,9,0,0
1288826,11:25:00,11:25:00,7071,10,0,0
1288826,11:26:00,11:26:00,7072,11,0,0
1288826,11:29:00,11:29:00,7073,12,0,0
1288826,11:31:00,11:31:00,7074,13,0,0
1288826,11:33:00,11:33:00,7075,14,0,0
1288826,11:36:00,11:36:00,7076,15,0,0
1288826,11:37:00,11:37:00,7077,16,0,0
1288826,11:39:00,11:39:00,7078,17,0,0
1288826,11:41:00,11:41:00,7079,18,0,0
1288826,11:44:00,11:44:00,7080,19,0,0
1288826,11:45:00,11:45:00,7081,20,0,0
1288826,11:47:00,11:47:00,7032,21,0,0
1288826,11:48:00,11:48:00,7033,22,0,0
1288826,11:50:00,11:50:00,7034,23,0,0
1288826,11:54:00,11:54:00,7036,24,0,0
1288826,11:55:00,11:55:00,7091,25,0,0
1288826,11:56:00,11:56:00,7095,26,0,0
1288826,11:59:00,11:59:00,7092,27,1,0
1288827,11:29:00,11:29:00,7086,1,0,1
1288827,11:32:00,11:32:00,7087,2,0,0
1288827,11:34:00,11:34:00,7088,3,0,0
1288827,11:37:00,11:37:00,7089,4,0,0
1288827,11:43:00,11:43:00,7066,5,0,0
1288827,11:45:00,11:45:00,7067,6,0,0
1288827,11:46:00,11:46:00,7068,7,0,0
1288827,11:50:00,11:50:00,7069,8,0,0
1288827,11:54:00,11:54:00,7070,9,0,0
1288827,11:55:00,11:55:00,7071,10,0,0
1288827,11:56:00,11:56:00,7072,11,0,0
1288827,11:59:00,11:59:00,7073,12,0,0
1288827,12:01:00,12:01:00,7074,13,0,0
1288827,12:03:00,12:03:00,7075,14,0,0
1288827,12:06:00,12:06:00,7076,15,0,0
1288827,12:07:00,12:07:00,7077,16,0,0
1288827,12:09:00,12:09:00,7078,17,0,0
1288827,12:11:00,12:11:00,7079,18,0,0
1288827,12:14:00,12:14:00,7080,19,0,0
1288827,12:15:00,12:15:00,7081,20,0,0
1288827,12:17:00,12:17:00,7032,21,0,0
1288827,12:18:00,12:18:00,7033,22,0,0
1288827,12:20:00,12:20:00,7034,23,0,0
1288827,12:24:00,12:24:00,7036,24,0,0
1288827,12:25:00,12:25:00,7091,25,0,0
1288827,12:26:00,12:26:00,7095,26,0,0
1288827,12:29:00,12:29:00,7092,27,1,0
1288828,11:59:00,11:59:00,7086,1,0,1
1288828,12:02:00,12:02:00,7087,2,0,0
1288828,12:04:00,12:04:00,7088,3,0,0
1288828,12:07:00,12:07:00,7089,4,0,0
1288828,12:13:00,12:13:00,7066,5,0,0
1288828,12:15:00,12:15:00,7067,6,0,0
1288828,12:16:00,12:16:00,7068,7,0,0
1288828,12:20:00,12:20:00,7069,8,0,0
1288828,12:24:00,12:24:00,7070,9,0,0
1288828,12:25:00,12:25:00,7071,10,0,0
1288828,12:26:00,12:26:00,7072,11,0,0
1288828,12:29:00,12:29:00,7073,12,0,0
1288828,12:31:00,12:31:00,7074,13,0,0
1288828,12:33:00,12:33:00,7075,14,0,0
1288828,12:36:00,12:36:00,7076,15,0,0
1288828,12:37:00,12:37:00,7077,16,0,0
1288828,12:39:00,12:39:00,7078,17,0,0
1288828,12:41:00,12:41:00,7079,18,0,0
1288828,12:44:00,12:44:00,7080,19,0,0
1288828,12:45:00,12:45:00,7081,20,0,0
1288828,12:47:00,12:47:00,7032,21,0,0
1288828,12:48:00,12:48:00,7033,22,0,0
1288828,12:50:00,12:50:00,7034,23,0,0
1288828,12:54:00,12:54:00,7036,24,0,0
1288828,12:55:00,12:55:00,7091,25,0,0
1288828,12:56:00,12:56:00,7095,26,0,0
1288828,12:59:00,12:59:00,7092,27,1,0
1288829,12:29:00,12:29:00,7086,1,0,1
1288829,12:32:00,12:32:00,7087,2,0,0
1288829,12:34:00,12:34:00,7088,3,0,0
1288829,12:37:00,12:37:00,7089,4,0,0
1288829,12:43:00,12:43:00,7066,5,0,0
1288829,12:45:00,12:45:00,7067,6,0,0
1288829,12:46:00,12:46:00,7068,7,0,0
1288829,12:50:00,12:50:00,7069,8,0,0
1288829,12:54:00,12:54:00,7070,9,0,0
1288829,12:55:00,12:55:00,7071,10,0,0
1288829,12:56:00,12:56:00,7072,11,0,0
1288829,12:59:00,12:59:00,7073,12,0,0
1288829,13:01:00,13:01:00,7074,13,0,0
1288829,13:03:00,13:03:00,7075,14,0,0
1288829,13:06:00,13:06:00,7076,15,0,0
1288829,13:07:00,13:07:00,7077,16,0,0
1288829,13:09:00,13:09:00,7078,17,0,0
1288829,13:11:00,13:11:00,7079,18,0,0
1288829,13:14:00,13:14:00,7080,19,0,0
1288829,13:15:00,13:15:00,7081,20,0,0
1288829,13:17:00,13:17:00,7032,21,0,0
1288829,13:18:00,13:18:00,7033,22,0,0
1288829,13:20:00,13:20:00,7034,23,0,0
1288829,13:24:00,13:24:00,7036,24,0,0
1288829,13:25:00,13:25:00,7091,25,0,0
1288829,13:26:00,13:26:00,7095,26,0,0
1288829,13:29:00,13:29:00,7092,27,1,0
1288830,12:59:00,12:59:00,7086,1,0,1
1288830,13:02:00,13:02:00,7087,2,0,0
1288830,13:04:00,13:04:00,7088,3,0,0
1288830,13:07:00,13:07:00,7089,4,0,0
1288830,13:13:00,13:13:00,7066,5,0,0
1288830,13:15:00,13:15:00,7067,6,0,0
1288830,13:16:00,13:16:00,7068,7,0,0
1288830,13:20:00,13:20:00,7069,8,0,0
1288830,13:24:00,13:24:00,7070,9,0,0
1288830,13:25:00,13:25:00,7071,10,0,0
1288830,13:26:00,13:26:00,7072,11,0,0
1288830,13:29:00,13:29:00,7073,12,0,0
1288830,13:31:00,13:31:00,7074,13,0,0
1288830,13:33:00,13:33:00,7075,14,0,0
1288830,13:36:00,13:36:00,7076,15,0,0
1288830,13:37:00,13:37:00,7077,16,0,0
1288830,13:39:00,13:39:00,7078,17,0,0
1288830,13:41:00,13:41:00,7079,18,0,0
1288830,13:44:00,13:44:00,7080,19,0,0
1288830,13:45:00,13:45:00,7081,20,0,0
1288830,13:47:00,13:47:00,7032,21,0,0
1288830,13:48:00,13:48:00,7033,22,0,0
1288830,13:50:00,13:50:00,7034,23,0,0
1288830,13:54:00,13:54:00,7036,24,0,0
1288830,13:55:00,13:55:00,7091,25,0,0
1288830,13:56:00,13:56:00,7095,26,0,0
1288830,13:59:00,13:59:00,7092,27,1,0
1288831,13:29:00,13:29:00,7086,1,0,1
1288831,13:32:00,13:32:00,7087,2,0,0
1288831,13:34:00,13:34:00,7088,3,0,0
1288831,13:37:00,13:37:00,7089,4,0,0
1288831,13:43:00,13:43:00,7066,5,0,0
1288831,13:45:00,13:45:00,7067,6,0,0
1288831,13:46:00,13:46:00,7068,7,0,0
1288831,13:50:00,13:50:00,7069,8,0,0
1288831,13:54:00,13:54:00,7070,9,0,0
1288831,13:55:00,13:55:00,7071,10,0,0
1288831,13:56:00,13:56:00,7072,11,0,0
1288831,13:59:00,13:59:00,7073,12,0,0
1288831,14:01:00,14:01:00,7074,13,0,0
1288831,14:03:00,14:03:00,7075,14,0,0
1288831,14:06:00,14:06:00,7076,15,0,0
1288831,14:07:00,14:07:00,7077,16,0,0
1288831,14:09:00,14:09:00,7078,17,0,0
1288831,14:11:00,14:11:00,7079,18,0,0
1288831,14:14:00,14:14:00,7080,19,0,0
1288831,14:15:00,14:15:00,7081,20,0,0
1288831,14:17:00,14:17:00,7032,21,0,0
1288831,14:18:00,14:18:00,7033,22,0,0
1288831,14:20:00,14:20:00,7034,23,0,0
1288831,14:24:00,14:24:00,7036,24,0,0
1288831,14:25:00,14:25:00,7091,25,0,0
1288831,14:26:00,14:26:00,7095,26,0,0
1288831,14:29:00,14:29:00,7092,27,1,0
1288832,13:59:00,13:59:00,7086,1,0,1
1288832,14:02:00,14:02:00,7087,2,0,0
1288832,14:04:00,14:04:00,7088,3,0,0
1288832,14:07:00,14:07:00,7089,4,0,0
1288832,14:13:00,14:13:00,7066,5,0,0
1288832,14:15:00,14:15:00,7067,6,0,0
1288832,14:16:00,14:16:00,7068,7,0,0
1288832,14:20:00,14:20:00,7069,8,0,0
1288832,14:24:00,14:24:00,7070,9,0,0
1288832,14:25:00,14:25:00,7071,10,0,0
1288832,14:26:00,14:26:00,7072,11,0,0
1288832,14:29:00,14:29:00,7073,12,0,0
1288832,14:31:00,14:31:00,7074,13,0,0
1288832,14:33:00,14:33:00,7075,14,0,0
1288832,14:36:00,14:36:00,7076,15,0,0
1288832,14:37:00,14:37:00,7077,16,0,0
1288832,14:39:00,14:39:00,7078,17,0,0
1288832,14:41:00,14:41:00,7079,18,0,0
1288832,14:44:00,14:44:00,7080,19,0,0
1288832,14:45:00,14:45:00,7081,20,0,0
1288832,14:47:00,14:47:00,7032,21,0,0
1288832,14:48:00,14:48:00,7033,22,0,0
1288832,14:50:00,14:50:00,7034,23,0,0
1288832,14:54:00,14:54:00,7036,24,0,0
1288832,14:55:00,14:55:00,7091,25,0,0
1288832,14:56:00,14:56:00,7095,26,0,0
1288832,14:59:00,14:59:00,7092,27,1,0
1288833,14:29:00,14:29:00,7086,1,0,1
1288833,14:32:00,14:32:00,7087,2,0,0
1288833,14:34:00,14:34:00,7088,3,0,0
1288833,14:37:00,14:37:00,7089,4,0,0
1288833,14:43:00,14:43:00,7066,5,0,0
1288833,14:45:00,14:45:00,7067,6,0,0
1288833,14:46:00,14:46:00,7068,7,0,0
1288833,14:50:00,14:50:00,7069,8,0,0
1288833,14:54:00,14:54:00,7070,9,0,0
1288833,14:55:00,14:55:00,7071,10,0,0
1288833,14:56:00,14:56:00,7072,11,0,0
1288833,14:59:00,14:59:00,7073,12,0,0
1288833,15:01:00,15:01:00,7074,13,0,0
1288833,15:03:00,15:03:00,7075,14,0,0
1288833,15:06:00,15:06:00,7076,15,0,0
1288833,15:07:00,15:07:00,7077,16,0,0
1288833,15:09:00,15:09:00,7078,17,0,0
1288833,15:11:00,15:11:00,7079,18,0,0
1288833,15:14:00,15:14:00,7080,19,0,0
1288833,15:15:00,15:15:00,7081,20,0,0
1288833,15:17:00,15:17:00,7032,21,0,0
1288833,15:18:00,15:18:00,7033,22,0,0
1288833,15:20:00,15:20:00,7034,23,0,0
1288833,15:24:00,15:24:00,7036,24,0,0
1288833,15:25:00,15:25:00,7091,25,0,0
1288833,15:26:00,15:26:00,7095,26,0,0
1288833,15:29:00,15:29:00,7092,27,1,0
1288834,14:59:00,14:59:00,7086,1,0,1
1288834,15:02:00,15:02:00,7087,2,0,0
1288834,15:04:00,15:04:00,7088,3,0,0
1288834,15:07:00,15:07:00,7089,4,0,0
1288834,15:13:00,15:13:00,7066,5,0,0
1288834,15:15:00,15:15:00,7067,6,0,0
1288834,15:16:00,15:16:00,7068,7,0,0
1288834,15:20:00,15:20:00,7069,8,0,0
1288834,15:24:00,15:24:00,7070,9,0,0
1288834,15:25:00,15:25:00,7071,10,0,0
1288834,15:26:00,15:26:00,7072,11,0,0
1288834,15:29:00,15:29:00,7073,12,0,0
1288834,15:31:00,15:31:00,7074,13,0,0
1288834,15:33:00,15:33:00,7075,14,0,0
1288834,15:36:00,15:36:00,7076,15,0,0
1288834,15:37:00,15:37:00,7077,16,0,0
1288834,15:39:00,15:39:00,7078,17,0,0
1288834,15:41:00,15:41:00,7079,18,0,0
1288834,15:44:00,15:44:00,7080,19,0,0
1288834,15:45:00,15:45:00,7081,20,0,0
1288834,15:47:00,15:47:00,7032,21,0,0
1288834,15:48:00,15:48:00,7033,22,0,0
1288834,15:50:00,15:50:00,7034,23,0,0
1288834,15:54:00,15:54:00,7036,24,0,0
1288834,15:55:00,15:55:00,7091,25,0,0
1288834,15:56:00,15:56:00,7095,26,0,0
1288834,15:59:00,15:59:00,7092,27,1,0
1288835,15:29:00,15:29:00,7086,1,0,1
1288835,15:32:00,15:32:00,7087,2,0,0
1288835,15:34:00,15:34:00,7088,3,0,0
1288835,15:37:00,15:37:00,7089,4,0,0
1288835,15:43:00,15:43:00,7066,5,0,0
1288835,15:45:00,15:45:00,7067,6,0,0
1288835,15:46:00,15:46:00,7068,7,0,0
1288835,15:50:00,15:50:00,7069,8,0,0
1288835,15:54:00,15:54:00,7070,9,0,0
1288835,15:55:00,15:55:00,7071,10,0,0
1288835,15:56:00,15:56:00,7072,11,0,0
1288835,15:59:00,15:59:00,7073,12,0,0
1288835,16:01:00,16:01:00,7074,13,0,0
1288835,16:03:00,16:03:00,7075,14,0,0
1288835,16:06:00,16:06:00,7076,15,0,0
1288835,16:07:00,16:07:00,7077,16,0,0
1288835,16:09:00,16:09:00,7078,17,0,0
1288835,16:11:00,16:11:00,7079,18,0,0
1288835,16:14:00,16:14:00,7080,19,0,0
1288835,16:15:00,16:15:00,7081,20,0,0
1288835,16:17:00,16:17:00,7032,21,0,0
1288835,16:18:00,16:18:00,7033,22,0,0
1288835,16:20:00,16:20:00,7034,23,0,0
1288835,16:24:00,16:24:00,7036,24,0,0
1288835,16:25:00,16:25:00,7091,25,0,0
1288835,16:26:00,16:26:00,7095,26,0,0
1288835,16:29:00,16:29:00,7092,27,1,0
1288836,15:59:00,15:59:00,7086,1,0,1
1288836,16:02:00,16:02:00,7087,2,0,0
1288836,16:04:00,16:04:00,7088,3,0,0
1288836,16:07:00,16:07:00,7089,4,0,0
1288836,16:13:00,16:13:00,7066,5,0,0
1288836,16:15:00,16:15:00,7067,6,0,0
1288836,16:16:00,16:16:00,7068,7,0,0
1288836,16:20:00,16:20:00,7069,8,0,0
1288836,16:24:00,16:24:00,7070,9,0,0
1288836,16:25:00,16:25:00,7071,10,0,0
1288836,16:26:00,16:26:00,7072,11,0,0
1288836,16:29:00,16:29:00,7073,12,0,0
1288836,16:31:00,16:31:00,7074,13,0,0
1288836,16:33:00,16:33:00,7075,14,0,0
1288836,16:36:00,16:36:00,7076,15,0,0
1288836,16:37:00,16:37:00,7077,16,0,0
1288836,16:39:00,16:39:00,7078,17,0,0
1288836,16:41:00,16:41:00,7079,18,0,0
1288836,16:44:00,16:44:00,7080,19,0,0
1288836,16:45:00,16:45:00,7081,20,0,0
1288836,16:47:00,16:47:00,7032,21,0,0
1288836,16:48:00,16:48:00,7033,22,0,0
1288836,16:50:00,16:50:00,7034,23,0,0
1288836,16:54:00,16:54:00,7036,24,0,0
1288836,16:55:00,16:55:00,7091,25,0,0
1288836,16:56:00,16:56:00,7095,26,0,0
1288836,16:59:00,16:59:00,7092,27,1,0
1288837,16:29:00,16:29:00,7086,1,0,1
1288837,16:32:00,16:32:00,7087,2,0,0
1288837,16:34:00,16:34:00,7088,3,0,0
1288837,16:37:00,16:37:00,7089,4,0,0
1288837,16:43:00,16:43:00,7066,5,0,0
1288837,16:45:00,16:45:00,7067,6,0,0
1288837,16:46:00,16:46:00,7068,7,0,0
1288837,16:50:00,16:50:00,7069,8,0,0
1288837,16:54:00,16:54:00,7070,9,0,0
1288837,16:55:00,16:55:00,7071,10,0,0
1288837,16:56:00,16:56:00,7072,11,0,0
1288837,16:59:00,16:59:00,7073,12,0,0
1288837,17:01:00,17:01:00,7074,13,0,0
1288837,17:03:00,17:03:00,7075,14,0,0
1288837,17:06:00,17:06:00,7076,15,0,0
1288837,17:07:00,17:07:00,7077,16,0,0
1288837,17:09:00,17:09:00,7078,17,0,0
1288837,17:11:00,17:11:00,7079,18,0,0
1288837,17:14:00,17:14:00,7080,19,0,0
1288837,17:15:00,17:15:00,7081,20,0,0
1288837,17:17:00,17:17:00,7032,21,0,0
1288837,17:18:00,17:18:00,7033,22,0,0
1288837,17:20:00,17:20:00,7034,23,0,0
1288837,17:24:00,17:24:00,7036,24,0,0
1288837,17:25:00,17:25:00,7091,25,0,0
1288837,17:26:00,17:26:00,7095,26,0,0
1288837,17:29:00,17:29:00,7092,27,1,0
1288838,16:59:00,16:59:00,7086,1,0,1
1288838,17:02:00,17:02:00,7087,2,0,0
1288838,17:04:00,17:04:00,7088,3,0,0
1288838,17:07:00,17:07:00,7089,4,0,0
1288838,17:13:00,17:13:00,7066,5,0,0
1288838,17:15:00,17:15:00,7067,6,0,0
1288838,17:16:00,17:16:00,7068,7,0,0
1288838,17:20:00,17:20:00,7069,8,0,0
1288838,17:24:00,17:24:00,7070,9,0,0
1288838,17:25:00,17:25:00,7071,10,0,0
1288838,17:26:00,17:26:00,7072,11,0,0
1288838,17:29:00,17:29:00,7073,12,0,0
1288838,17:31:00,17:31:00,7074,13,0,0
1288838,17:33:00,17:33:00,7075,14,0,0
1288838,17:36:00,17:36:00,7076,15,0,0
1288838,17:37:00,17:37:00,7077,16,0,0
1288838,17:39:00,17:39:00,7078,17,0,0
1288838,17:41:00,17:41:00,7079,18,0,0
1288838,17:44:00,17:44:00,7080,19,0,0
1288838,17:45:00,17:45:00,7081,20,0,0
1288838,17:47:00,17:47:00,7032,21,0,0
1288838,17:48:00,17:48:00,7033,22,0,0
1288838,17:50:00,17:50:00,7034,23,0,0
1288838,17:54:00,17:54:00,7036,24,0,0
1288838,17:55:00,17:55:00,7091,25,0,0
1288838,17:56:00,17:56:00,7095,26,0,0
1288838,17:59:00,17:59:00,7092,27,1,0
1288839,17:29:00,17:29:00,7086,1,0,1
1288839,17:32:00,17:32:00,7087,2,0,0
1288839,17:34:00,17:34:00,7088,3,0,0
1288839,17:37:00,17:37:00,7089,4,0,0
1288839,17:43:00,17:43:00,7066,5,0,0
1288839,17:45:00,17:45:00,7067,6,0,0
1288839,17:46:00,17:46:00,7068,7,0,0
1288839,17:50:00,17:50:00,7069,8,0,0
1288839,17:54:00,17:54:00,7070,9,0,0
1288839,17:55:00,17:55:00,7071,10,0,0
1288839,17:56:00,17:56:00,7072,11,0,0
1288839,17:59:00,17:59:00,7073,12,0,0
1288839,18:01:00,18:01:00,7074,13,0,0
1288839,18:03:00,18:03:00,7075,14,0,0
1288839,18:06:00,18:06:00,7076,15,0,0
1288839,18:07:00,18:07:00,7077,16,0,0
1288839,18:09:00,18:09:00,7078,17,0,0
1288839,18:11:00,18:11:00,7079,18,0,0
1288839,18:14:00,18:14:00,7080,19,0,0
1288839,18:15:00,18:15:00,7081,20,0,0
1288839,18:17:00,18:17:00,7032,21,0,0
1288839,18:18:00,18:18:00,7033,22,0,0
1288839,18:20:00,18:20:00,7034,23,0,0
1288839,18:24:00,18:24:00,7036,24,0,0
1288839,18:25:00,18:25:00,7091,25,0,0
1288839,18:26:00,18:26:00,7095,26,0,0
1288839,18:29:00,18:29:00,7092,27,1,0
1288840,17:59:00,17:59:00,7086,1,0,1
1288840,18:02:00,18:02:00,7087,2,0,0
1288840,18:04:00,18:04:00,7088,3,0,0
1288840,18:07:00,18:07:00,7089,4,0,0
1288840,18:13:00,18:13:00,7066,5,0,0
1288840,18:15:00,18:15:00,7067,6,0,0
1288840,18:16:00,18:16:00,7068,7,0,0
1288840,18:20:00,18:20:00,7069,8,0,0
1288840,18:24:00,18:24:00,7070,9,0,0
1288840,18:25:00,18:25:00,7071,10,0,0
1288840,18:26:00,18:26:00,7072,11,0,0
1288840,18:29:00,18:29:00,7073,12,0,0
1288840,18:31:00,18:31:00,7074,13,0,0
1288840,18:33:00,18:33:00,7075,14,0,0
1288840,18:36:00,18:36:00,7076,15,0,0
1288840,18:37:00,18:37:00,7077,16,0,0
1288840,18:39:00,18:39:00,7078,17,0,0
1288840,18:41:00,18:41:00,7079,18,0,0
1288840,18:44:00,18:44:00,7080,19,0,0
1288840,18:45:00,18:45:00,7081,20,0,0
1288840,18:47:00,18:47:00,7032,21,0,0
1288840,18:48:00,18:48:00,7033,22,0,0
1288840,18:50:00,18:50:00,7034,23,0,0
1288840,18:54:00,18:54:00,7036,24,0,0
1288840,18:55:00,18:55:00,7091,25,0,0
1288840,18:56:00,18:56:00,7095,26,0,0
1288840,18:59:00,18:59:00,7092,27,1,0
1288841,18:29:00,18:29:00,7086,1,0,1
1288841,18:32:00,18:32:00,7087,2,0,0
1288841,18:34:00,18:34:00,7088,3,0,0
1288841,18:37:00,18:37:00,7089,4,0,0
1288841,18:43:00,18:43:00,7066,5,0,0
1288841,18:45:00,18:45:00,7067,6,0,0
1288841,18:46:00,18:46:00,7068,7,0,0
1288841,18:50:00,18:50:00,7069,8,0,0
1288841,18:54:00,18:54:00,7070,9,0,0
1288841,18:55:00,18:55:00,7071,10,0,0
1288841,18:56:00,18:56:00,7072,11,0,0
1288841,18:59:00,18:59:00,7073,12,0,0
1288841,19:01:00,19:01:00,7074,13,0,0
1288841,19:03:00,19:03:00,7075,14,0,0
1288841,19:06:00,19:06:00,7076,15,0,0
1288841,19:07:00,19:07:00,7077,16,0,0
1288841,19:09:00,19:09:00,7078,17,0,0
1288841,19:11:00,19:11:00,7079,18,0,0
1288841,19:14:00,19:14:00,7080,19,0,0
1288841,19:15:00,19:15:00,7081,20,0,0
1288841,19:17:00,19:17:00,7032,21,0,0
1288841,19:18:00,19:18:00,7033,22,0,0
1288841,19:20:00,19:20:00,7034,23,0,0
1288841,19:24:00,19:24:00,7036,24,0,0
1288841,19:25:00,19:25:00,7091,25,0,0
1288841,19:26:00,19:26:00,7095,26,0,0
1288841,19:29:00,19:29:00,7092,27,1,0
1288842,18:59:00,18:59:00,7086,1,0,1
1288842,19:02:00,19:02:00,7087,2,0,0
1288842,19:04:00,19:04:00,7088,3,0,0
1288842,19:07:00,19:07:00,7089,4,0,0
1288842,19:13:00,19:13:00,7066,5,0,0
1288842,19:15:00,19:15:00,7067,6,0,0
1288842,19:16:00,19:16:00,7068,7,0,0
1288842,19:20:00,19:20:00,7069,8,0,0
1288842,19:24:00,19:24:00,7070,9,0,0
1288842,19:25:00,19:25:00,7071,10,0,0
1288842,19:26:00,19:26:00,7072,11,0,0
1288842,19:29:00,19:29:00,7073,12,0,0
1288842,19:31:00,19:31:00,7074,13,0,0
1288842,19:33:00,19:33:00,7075,14,0,0
1288842,19:36:00,19:36:00,7076,15,0,0
1288842,19:37:00,19:37:00,7077,16,0,0
1288842,19:39:00,19:39:00,7078,17,0,0
1288842,19:41:00,19:41:00,7079,18,0,0
1288842,19:44:00,19:44:00,7080,19,0,0
1288842,19:45:00,19:45:00,7081,20,0,0
1288842,19:47:00,19:47:00,7032,21,0,0
1288842,19:48:00,19:48:00,7033,22,0,0
1288842,19:50:00,19:50:00,7034,23,0,0
1288842,19:54:00,19:54:00,7036,24,0,0
1288842,19:55:00,19:55:00,7091,25,0,0
1288842,19:56:00,19:56:00,7095,26,0,0
1288842,19:59:00,19:59:00,7092,27,1,0
1288843,19:29:00,19:29:00,7086,1,0,1
1288843,19:32:00,19:32:00,7087,2,0,0
1288843,19:34:00,19:34:00,7088,3,0,0
1288843,19:37:00,19:37:00,7089,4,0,0
1288843,19:43:00,19:43:00,7066,5,0,0
1288843,19:45:00,19:45:00,7067,6,0,0
1288843,19:46:00,19:46:00,7068,7,0,0
1288843,19:50:00,19:50:00,7069,8,0,0
1288843,19:54:00,19:54:00,7070,9,0,0
1288843,19:55:00,19:55:00,7071,10,0,0
1288843,19:56:00,19:56:00,7072,11,0,0
1288843,19:59:00,19:59:00,7073,12,0,0
1288843,20:01:00,20:01:00,7074,13,0,0
1288843,20:03:00,20:03:00,7075,14,0,0
1288843,20:06:00,20:06:00,7076,15,0,0
1288843,20:07:00,20:07:00,7077,16,0,0
1288843,20:09:00,20:09:00,7078,17,0,0
1288843,20:11:00,20:11:00,7079,18,0,0
1288843,20:14:00,20:14:00,7080,19,0,0
1288843,20:15:00,20:15:00,7081,20,0,0
1288843,20:17:00,20:17:00,7032,21,0,0
1288843,20:18:00,20:18:00,7033,22,0,0
1288843,20:20:00,20:20:00,7034,23,0,0
1288843,20:24:00,20:24:00,7036,24,0,0
1288843,20:25:00,20:25:00,7091,25,0,0
1288843,20:26:00,20:26:00,7095,26,0,0
1288843,20:29:00,20:29:00,7092,27,1,0
1288844,19:59:00,19:59:00,7086,1,0,1
1288844,20:02:00,20:02:00,7087,2,0,0
1288844,20:04:00,20:04:00,7088,3,0,0
1288844,20:07:00,20:07:00,7089,4,0,0
1288844,20:13:00,20:13:00,7066,5,0,0
1288844,20:15:00,20:15:00,7067,6,0,0
1288844,20:16:00,20:16:00,7068,7,0,0
1288844,20:20:00,20:20:00,7069,8,0,0
1288844,20:24:00,20:24:00,7070,9,0,0
1288844,20:25:00,20:25:00,7071,10,0,0
1288844,20:26:00,20:26:00,7072,11,0,0
1288844,20:29:00,20:29:00,7073,12,0,0
1288844,20:31:00,20:31:00,7074,13,0,0
1288844,20:33:00,20:33:00,7075,14,0,0
1288844,20:36:00,20:36:00,7076,15,0,0
1288844,20:37:00,20:37:00,7077,16,0,0
1288844,20:39:00,20:39:00,7078,17,0,0
1288844,20:41:00,20:41:00,7079,18,0,0
1288844,20:44:00,20:44:00,7080,19,0,0
1288844,20:45:00,20:45:00,7081,20,0,0
1288844,20:47:00,20:47:00,7032,21,0,0
1288844,20:48:00,20:48:00,7033,22,0,0
1288844,20:50:00,20:50:00,7034,23,0,0
1288844,20:54:00,20:54:00,7036,24,0,0
1288844,20:55:00,20:55:00,7091,25,1,0
1288845,20:29:00,20:29:00,7086,1,0,1
1288845,20:32:00,20:32:00,7087,2,0,0
1288845,20:34:00,20:34:00,7088,3,0,0
1288845,20:37:00,20:37:00,7089,4,0,0
1288845,20:43:00,20:43:00,7066,5,0,0
1288845,20:45:00,20:45:00,7067,6,0,0
1288845,20:46:00,20:46:00,7068,7,0,0
1288845,20:50:00,20:50:00,7069,8,0,0
1288845,20:54:00,20:54:00,7070,9,0,0
1288845,20:55:00,20:55:00,7071,10,0,0
1288845,20:56:00,20:56:00,7072,11,0,0
1288845,20:59:00,20:59:00,7073,12,0,0
1288845,21:01:00,21:01:00,7074,13,0,0
1288845,21:03:00,21:03:00,7075,14,0,0
1288845,21:06:00,21:06:00,7076,15,0,0
1288845,21:07:00,21:07:00,7077,16,0,0
1288845,21:09:00,21:09:00,7078,17,0,0
1288845,21:11:00,21:11:00,7079,18,0,0
1288845,21:14:00,21:14:00,7080,19,0,0
1288845,21:15:00,21:15:00,7081,20,0,0
1288845,21:17:00,21:17:00,7032,21,0,0
1288845,21:18:00,21:18:00,7033,22,0,0
1288845,21:20:00,21:20:00,7034,23,0,0
1288845,21:24:00,21:24:00,7036,24,0,0
1288845,21:25:00,21:25:00,7091,25,1,0
1288846,16:28:00,16:28:00,7066,1,0,1
1288846,16:30:00,16:30:00,7067,2,0,0
1288846,16:31:00,16:31:00,7068,3,0,0
1288846,16:35:00,16:35:00,7069,4,0,0
1288846,16:39:00,16:39:00,7070,5,0,0
1288846,16:40:00,16:40:00,7071,6,0,0
1288846,16:41:00,16:41:00,7072,7,0,0
1288846,16:44:00,16:44:00,7073,8,0,0
1288846,16:46:00,16:46:00,7074,9,0,0
1288846,16:48:00,16:48:00,7075,10,0,0
1288846,16:51:00,16:51:00,7076,11,0,0
1288846,16:52:00,16:52:00,7077,12,0,0
1288846,16:54:00,16:54:00,7078,13,0,0
1288846,16:56:00,16:56:00,7079,14,0,0
1288846,16:59:00,16:59:00,7080,15,0,0
1288846,17:00:00,17:00:00,7081,16,0,0
1288846,17:02:00,17:02:00,7032,17,0,0
1288846,17:03:00,17:03:00,7033,18,0,0
1288846,17:05:00,17:05:00,7034,19,0,0
1288846,17:09:00,17:09:00,7036,20,0,0
1288846,17:10:00,17:10:00,7091,21,1,0
1288847,16:58:00,16:58:00,7066,1,0,1
1288847,17:00:00,17:00:00,7067,2,0,0
1288847,17:01:00,17:01:00,7068,3,0,0
1288847,17:05:00,17:05:00,7069,4,0,0
1288847,17:09:00,17:09:00,7070,5,0,0
1288847,17:10:00,17:10:00,7071,6,0,0
1288847,17:11:00,17:11:00,7072,7,0,0
1288847,17:14:00,17:14:00,7073,8,0,0
1288847,17:16:00,17:16:00,7074,9,0,0
1288847,17:18:00,17:18:00,7075,10,0,0
1288847,17:21:00,17:21:00,7076,11,0,0
1288847,17:22:00,17:22:00,7077,12,0,0
1288847,17:24:00,17:24:00,7078,13,0,0
1288847,17:26:00,17:26:00,7079,14,0,0
1288847,17:29:00,17:29:00,7080,15,0,0
1288847,17:30:00,17:30:00,7081,16,0,0
1288847,17:32:00,17:32:00,7032,17,0,0
1288847,17:33:00,17:33:00,7033,18,0,0
1288847,17:35:00,17:35:00,7034,19,0,0
1288847,17:39:00,17:39:00,7036,20,0,0
1288847,17:40:00,17:40:00,7091,21,1,0
1288848,17:28:00,17:28:00,7066,1,0,1
1288848,17:30:00,17:30:00,7067,2,0,0
1288848,17:31:00,17:31:00,7068,3,0,0
1288848,17:35:00,17:35:00,7069,4,0,0
1288848,17:39:00,17:39:00,7070,5,0,0
1288848,17:40:00,17:40:00,7071,6,0,0
1288848,17:41:00,17:41:00,7072,7,0,0
1288848,17:44:00,17:44:00,7073,8,0,0
1288848,17:46:00,17:46:00,7074,9,0,0
1288848,17:48:00,17:48:00,7075,10,0,0
1288848,17:51:00,17:51:00,7076,11,0,0
1288848,17:52:00,17:52:00,7077,12,0,0
1288848,17:54:00,17:54:00,7078,13,0,0
1288848,17:56:00,17:56:00,7079,14,0,0
1288848,17:59:00,17:59:00,7080,15,0,0
1288848,18:00:00,18:00:00,7081,16,0,0
1288848,18:02:00,18:02:00,7032,17,0,0
1288848,18:03:00,18:03:00,7033,18,0,0
1288848,18:05:00,18:05:00,7034,19,0,0
1288848,18:09:00,18:09:00,7036,20,0,0
1288848,18:10:00,18:10:00,7091,21,1,0
1288849,20:59:00,20:59:00,7086,1,0,1
1288849,21:02:00,21:02:00,7087,2,0,0
1288849,21:04:00,21:04:00,7088,3,0,0
1288849,21:07:00,21:07:00,7089,4,0,0
1288849,21:13:00,21:13:00,7066,5,0,0
1288849,21:15:00,21:15:00,7067,6,0,0
1288849,21:16:00,21:16:00,7068,7,0,0
1288849,21:20:00,21:20:00,7069,8,0,0
1288849,21:24:00,21:24:00,7070,9,0,0
1288849,21:25:00,21:25:00,7071,10,0,0
1288849,21:26:00,21:26:00,7072,11,0,0
1288849,21:29:00,21:29:00,7073,12,0,0
1288849,21:31:00,21:31:00,7074,13,0,0
1288849,21:33:00,21:33:00,7075,14,0,0
1288849,21:36:00,21:36:00,7076,15,0,0
1288849,21:37:00,21:37:00,7077,16,0,0
1288849,21:39:00,21:39:00,7078,17,0,0
1288849,21:41:00,21:41:00,7079,18,0,0
1288849,21:44:00,21:44:00,7080,19,0,0
1288849,21:45:00,21:45:00,7081,20,0,0
1288849,21:47:00,21:47:00,7032,21,0,0
1288849,21:48:00,21:48:00,7033,22,0,0
1288849,21:50:00,21:50:00,7034,23,0,0
1288849,21:54:00,21:54:00,7036,24,0,0
1288849,21:55:00,21:55:00,7091,25,1,0
1288850,21:29:00,21:29:00,7086,1,0,1
1288850,21:32:00,21:32:00,7087,2,0,0
1288850,21:34:00,21:34:00,7088,3,0,0
1288850,21:37:00,21:37:00,7089,4,0,0
1288850,21:43:00,21:43:00,7066,5,0,0
1288850,21:45:00,21:45:00,7067,6,0,0
1288850,21:46:00,21:46:00,7068,7,0,0
1288850,21:50:00,21:50:00,7069,8,0,0
1288850,21:54:00,21:54:00,7070,9,0,0
1288850,21:55:00,21:55:00,7071,10,0,0
1288850,21:56:00,21:56:00,7072,11,0,0
1288850,21:59:00,21:59:00,7073,12,0,0
1288850,22:01:00,22:01:00,7074,13,0,0
1288850,22:03:00,22:03:00,7075,14,0,0
1288850,22:06:00,22:06:00,7076,15,0,0
1288850,22:07:00,22:07:00,7077,16,0,0
1288850,22:09:00,22:09:00,7078,17,0,0
1288850,22:11:00,22:11:00,7079,18,0,0
1288850,22:14:00,22:14:00,7080,19,0,0
1288850,22:15:00,22:15:00,7081,20,0,0
1288850,22:17:00,22:17:00,7032,21,0,0
1288850,22:18:00,22:18:00,7033,22,0,0
1288850,22:20:00,22:20:00,7034,23,0,0
1288850,22:24:00,22:24:00,7036,24,0,0
1288850,22:25:00,22:25:00,7091,25,1,0
1288851,04:49:00,04:49:00,7093,1,0,1
1288851,04:51:00,04:51:00,7090,2,0,0
1288851,04:54:00,04:54:00,7013,3,0,0
1288851,04:55:00,04:55:00,7014,4,0,0
1288851,04:56:00,04:56:00,7015,5,0,0
1288851,04:59:00,04:59:00,7016,6,0,0
1288851,05:01:00,05:01:00,7017,7,0,0
1288851,05:03:00,05:03:00,7050,8,0,0
1288851,05:05:00,05:05:00,7051,9,0,0
1288851,05:07:00,05:07:00,7052,10,0,0
1288851,05:08:00,05:08:00,7053,11,0,0
1288851,05:10:00,05:10:00,7054,12,0,0
1288851,05:12:00,05:12:00,7055,13,0,0
1288851,05:14:00,05:14:00,7056,14,0,0
1288851,05:16:00,05:16:00,7057,15,0,0
1288851,05:19:00,05:19:00,7058,16,0,0
1288851,05:20:00,05:20:00,7059,17,0,0
1288851,05:22:00,05:22:00,7060,18,0,0
1288851,05:23:00,05:23:00,7061,19,0,0
1288851,05:28:00,05:28:00,7062,20,0,0
1288851,05:31:00,05:31:00,7063,21,0,0
1288851,05:32:00,05:32:00,7064,22,0,0
1288851,05:35:00,05:35:00,7065,23,1,0
1288852,05:19:00,05:19:00,7093,1,0,1
1288852,05:21:00,05:21:00,7090,2,0,0
1288852,05:24:00,05:24:00,7013,3,0,0
1288852,05:25:00,05:25:00,7014,4,0,0
1288852,05:26:00,05:26:00,7015,5,0,0
1288852,05:29:00,05:29:00,7016,6,0,0
1288852,05:31:00,05:31:00,7017,7,0,0
1288852,05:33:00,05:33:00,7050,8,0,0
1288852,05:35:00,05:35:00,7051,9,0,0
1288852,05:37:00,05:37:00,7052,10,0,0
1288852,05:38:00,05:38:00,7053,11,0,0
1288852,05:40:00,05:40:00,7054,12,0,0
1288852,05:42:00,05:42:00,7055,13,0,0
1288852,05:44:00,05:44:00,7056,14,0,0
1288852,05:46:00,05:46:00,7057,15,0,0
1288852,05:49:00,05:49:00,7058,16,0,0
1288852,05:50:00,05:50:00,7059,17,0,0
1288852,05:52:00,05:52:00,7060,18,0,0
1288852,05:53:00,05:53:00,7061,19,0,0
1288852,05:58:00,05:58:00,7062,20,0,0
1288852,06:01:00,06:01:00,7063,21,0,0
1288852,06:02:00,06:02:00,7064,22,0,0
1288852,06:05:00,06:05:00,7065,23,1,0
1288853,10:04:00,10:04:00,7093,1,0,1
1288853,10:06:00,10:06:00,7090,2,0,0
1288853,10:09:00,10:09:00,7013,3,0,0
1288853,10:10:00,10:10:00,7014,4,0,0
1288853,10:11:00,10:11:00,7015,5,0,0
1288853,10:14:00,10:14:00,7016,6,0,0
1288853,10:16:00,10:16:00,7017,7,0,0
1288853,10:18:00,10:18:00,7050,8,0,0
1288853,10:20:00,10:20:00,7051,9,0,0
1288853,10:22:00,10:22:00,7052,10,0,0
1288853,10:23:00,10:23:00,7053,11,0,0
1288853,10:25:00,10:25:00,7054,12,0,0
1288853,10:27:00,10:27:00,7055,13,0,0
1288853,10:29:00,10:29:00,7056,14,0,0
1288853,10:31:00,10:31:00,7057,15,0,0
1288853,10:34:00,10:34:00,7058,16,0,0
1288853,10:35:00,10:35:00,7059,17,0,0
1288853,10:37:00,10:37:00,7060,18,0,0
1288853,10:38:00,10:38:00,7061,19,0,0
1288853,10:43:00,10:43:00,7062,20,0,0
1288853,10:46:00,10:46:00,7063,21,0,0
1288853,10:47:00,10:47:00,7064,22,0,0
1288853,10:50:00,10:50:00,7065,23,1,0
1288854,10:34:00,10:34:00,7093,1,0,1
1288854,10:36:00,10:36:00,7090,2,0,0
1288854,10:39:00,10:39:00,7013,3,0,0
1288854,10:40:00,10:40:00,7014,4,0,0
1288854,10:41:00,10:41:00,7015,5,0,0
1288854,10:44:00,10:44:00,7016,6,0,0
1288854,10:46:00,10:46:00,7017,7,0,0
1288854,10:48:00,10:48:00,7050,8,0,0
1288854,10:50:00,10:50:00,7051,9,0,0
1288854,10:52:00,10:52:00,7052,10,0,0
1288854,10:53:00,10:53:00,7053,11,0,0
1288854,10:55:00,10:55:00,7054,12,0,0
1288854,10:57:00,10:57:00,7055,13,0,0
1288854,10:59:00,10:59:00,7056,14,0,0
1288854,11:01:00,11:01:00,7057,15,0,0
1288854,11:04:00,11:04:00,7058,16,0,0
1288854,11:05:00,11:05:00,7059,17,0,0
1288854,11:07:00,11:07:00,7060,18,0,0
1288854,11:08:00,11:08:00,7061,19,0,0
1288854,11:13:00,11:13:00,7062,20,0,0
1288854,11:16:00,11:16:00,7063,21,0,0
1288854,11:17:00,11:17:00,7064,22,0,0
1288854,11:20:00,11:20:00,7065,23,1,0
1288855,11:04:00,11:04:00,7093,1,0,1
1288855,11:06:00,11:06:00,7090,2,0,0
1288855,11:09:00,11:09:00,7013,3,0,0
1288855,11:10:00,11:10:00,7014,4,0,0
1288855,11:11:00,11:11:00,7015,5,0,0
1288855,11:14:00,11:14:00,7016,6,0,0
1288855,11:16:00,11:16:00,7017,7,0,0
1288855,11:18:00,11:18:00,7050,8,0,0
1288855,11:20:00,11:20:00,7051,9,0,0
1288855,11:22:00,11:22:00,7052,10,0,0
1288855,11:23:00,11:23:00,7053,11,0,0
1288855,11:25:00,11:25:00,7054,12,0,0
1288855,11:27:00,11:27:00,7055,13,0,0
1288855,11:29:00,11:29:00,7056,14,0,0
1288855,11:31:00,11:31:00,7057,15,0,0
1288855,11:34:00,11:34:00,7058,16,0,0
1288855,11:35:00,11:35:00,7059,17,0,0
1288855,11:37:00,11:37:00,7060,18,0,0
1288855,11:38:00,11:38:00,7061,19,0,0
1288855,11:43:00,11:43:00,7062,20,0,0
1288855,11:46:00,11:46:00,7063,21,0,0
1288855,11:47:00,11:47:00,7064,22,0,0
1288855,11:50:00,11:50:00,7065,23,1,0
1288856,11:34:00,11:34:00,7093,1,0,1
1288856,11:36:00,11:36:00,7090,2,0,0
1288856,11:39:00,11:39:00,7013,3,0,0
1288856,11:40:00,11:40:00,7014,4,0,0
1288856,11:41:00,11:41:00,7015,5,0,0
1288856,11:44:00,11:44:00,7016,6,0,0
1288856,11:46:00,11:46:00,7017,7,0,0
1288856,11:48:00,11:48:00,7050,8,0,0
1288856,11:50:00,11:50:00,7051,9,0,0
1288856,11:52:00,11:52:00,7052,10,0,0
1288856,11:53:00,11:53:00,7053,11,0,0
1288856,11:55:00,11:55:00,7054,12,0,0
1288856,11:57:00,11:57:00,7055,13,0,0
1288856,11:59:00,11:59:00,7056,14,0,0
1288856,12:01:00,12:01:00,7057,15,0,0
1288856,12:04:00,12:04:00,7058,16,0,0
1288856,12:05:00,12:05:00,7059,17,0,0
1288856,12:07:00,12:07:00,7060,18,0,0
1288856,12:08:00,12:08:00,7061,19,0,0
1288856,12:13:00,12:13:00,7062,20,0,0
1288856,12:16:00,12:16:00,7063,21,0,0
1288856,12:17:00,12:17:00,7064,22,0,0
1288856,12:20:00,12:20:00,7065,23,1,0
1288857,12:04:00,12:04:00,7093,1,0,1
1288857,12:06:00,12:06:00,7090,2,0,0
1288857,12:09:00,12:09:00,7013,3,0,0
1288857,12:10:00,12:10:00,7014,4,0,0
1288857,12:11:00,12:11:00,7015,5,0,0
1288857,12:14:00,12:14:00,7016,6,0,0
1288857,12:16:00,12:16:00,7017,7,0,0
1288857,12:18:00,12:18:00,7050,8,0,0
1288857,12:20:00,12:20:00,7051,9,0,0
1288857,12:22:00,12:22:00,7052,10,0,0
1288857,12:23:00,12:23:00,7053,11,0,0
1288857,12:25:00,12:25:00,7054,12,0,0
1288857,12:27:00,12:27:00,7055,13,0,0
1288857,12:29:00,12:29:00,7056,14,0,0
1288857,12:31:00,12:31:00,7057,15,0,0
1288857,12:34:00,12:34:00,7058,16,0,0
1288857,12:35:00,12:35:00,7059,17,0,0
1288857,12:37:00,12:37:00,7060,18,0,0
1288857,12:38:00,12:38:00,7061,19,0,0
1288857,12:43:00,12:43:00,7062,20,0,0
1288857,12:46:00,12:46:00,7063,21,0,0
1288857,12:47:00,12:47:00,7064,22,0,0
1288857,12:50:00,12:50:00,7065,23,1,0
1288858,12:34:00,12:34:00,7093,1,0,1
1288858,12:36:00,12:36:00,7090,2,0,0
1288858,12:39:00,12:39:00,7013,3,0,0
1288858,12:40:00,12:40:00,7014,4,0,0
1288858,12:41:00,12:41:00,7015,5,0,0
1288858,12:44:00,12:44:00,7016,6,0,0
1288858,12:46:00,12:46:00,7017,7,0,0
1288858,12:48:00,12:48:00,7050,8,0,0
1288858,12:50:00,12:50:00,7051,9,0,0
1288858,12:52:00,12:52:00,7052,10,0,0
1288858,12:53:00,12:53:00,7053,11,0,0
1288858,12:55:00,12:55:00,7054,12,0,0
1288858,12:57:00,12:57:00,7055,13,0,0
1288858,12:59:00,12:59:00,7056,14,0,0
1288858,13:01:00,13:01:00,7057,15,0,0
1288858,13:04:00,13:04:00,7058,16,0,0
1288858,13:05:00,13:05:00,7059,17,0,0
1288858,13:07:00,13:07:00,7060,18,0,0
1288858,13:08:00,13:08:00,7061,19,0,0
1288858,13:13:00,13:13:00,7062,20,0,0
1288858,13:16:00,13:16:00,7063,21,0,0
1288858,13:17:00,13:17:00,7064,22,0,0
1288858,13:20:00,13:20:00,7065,23,1,0
1288859,13:04:00,13:04:00,7093,1,0,1
1288859,13:06:00,13:06:00,7090,2,0,0
1288859,13:09:00,13:09:00,7013,3,0,0
1288859,13:10:00,13:10:00,7014,4,0,0
1288859,13:11:00,13:11:00,7015,5,0,0
1288859,13:14:00,13:14:00,7016,6,0,0
1288859,13:16:00,13:16:00,7017,7,0,0
1288859,13:18:00,13:18:00,7050,8,0,0
1288859,13:20:00,13:20:00,7051,9,0,0
1288859,13:22:00,13:22:00,7052,10,0,0
1288859,13:23:00,13:23:00,7053,11,0,0
1288859,13:25:00,13:25:00,7054,12,0,0
1288859,13:27:00,13:27:00,7055,13,0,0
1288859,13:29:00,13:29:00,7056,14,0,0
1288859,13:31:00,13:31:00,7057,15,0,0
1288859,13:34:00,13:34:00,7058,16,0,0
1288859,13:35:00,13:35:00,7059,17,0,0
1288859,13:37:00,13:37:00,7060,18,0,0
1288859,13:38:00,13:38:00,7061,19,0,0
1288859,13:43:00,13:43:00,7062,20,0,0
1288859,13:46:00,13:46:00,7063,21,0,0
1288859,13:47:00,13:47:00,7064,22,0,0
1288859,13:50:00,13:50:00,7065,23,1,0
1288860,13:34:00,13:34:00,7093,1,0,1
1288860,13:36:00,13:36:00,7090,2,0,0
1288860,13:39:00,13:39:00,7013,3,0,0
1288860,13:40:00,13:40:00,7014,4,0,0
1288860,13:41:00,13:41:00,7015,5,0,0
1288860,13:44:00,13:44:00,7016,6,0,0
1288860,13:46:00,13:46:00,7017,7,0,0
1288860,13:48:00,13:48:00,7050,8,0,0
1288860,13:50:00,13:50:00,7051,9,0,0
1288860,13:52:00,13:52:00,7052,10,0,0
1288860,13:53:00,13:53:00,7053,11,0,0
1288860,13:55:00,13:55:00,7054,12,0,0
1288860,13:57:00,13:57:00,7055,13,0,0
1288860,13:59:00,13:59:00,7056,14,0,0
1288860,14:01:00,14:01:00,7057,15,0,0
1288860,14:04:00,14:04:00,7058,16,0,0
1288860,14:05:00,14:05:00,7059,17,0,0
1288860,14:07:00,14:07:00,7060,18,0,0
1288860,14:08:00,14:08:00,7061,19,0,0
1288860,14:13:00,14:13:00,7062,20,0,0
1288860,14:16:00,14:16:00,7063,21,0,0
1288860,14:17:00,14:17:00,7064,22,0,0
1288860,14:20:00,14:20:00,7065,23,1,0
1288861,14:04:00,14:04:00,7093,1,0,1
1288861,14:06:00,14:06:00,7090,2,0,0
1288861,14:09:00,14:09:00,7013,3,0,0
1288861,14:10:00,14:10:00,7014,4,0,0
1288861,14:11:00,14:11:00,7015,5,0,0
1288861,14:14:00,14:14:00,7016,6,0,0
1288861,14:16:00,14:16:00,7017,7,0,0
1288861,14:18:00,14:18:00,7050,8,0,0
1288861,14:20:00,14:20:00,7051,9,0,0
1288861,14:22:00,14:22:00,7052,10,0,0
1288861,14:23:00,14:23:00,7053,11,0,0
1288861,14:25:00,14:25:00,7054,12,0,0
1288861,14:27:00,14:27:00,7055,13,0,0
1288861,14:29:00,14:29:00,7056,14,0,0
1288861,14:31:00,14:31:00,7057,15,0,0
1288861,14:34:00,14:34:00,7058,16,0,0
1288861,14:35:00,14:35:00,7059,17,0,0
1288861,14:37:00,14:37:00,7060,18,0,0
1288861,14:38:00,14:38:00,7061,19,0,0
1288861,14:43:00,14:43:00,7062,20,0,0
1288861,14:46:00,14:46:00,7063,21,0,0
1288861,14:47:00,14:47:00,7064,22,0,0
1288861,14:50:00,14:50:00,7065,23,1,0
1288862,14:34:00,14:34:00,7093,1,0,1
1288862,14:36:00,14:36:00,7090,2,0,0
1288862,14:39:00,14:39:00,7013,3,0,0
1288862,14:40:00,14:40:00,7014,4,0,0
1288862,14:41:00,14:41:00,7015,5,0,0
1288862,14:44:00,14:44:00,7016,6,0,0
1288862,14:46:00,14:46:00,7017,7,0,0
1288862,14:48:00,14:48:00,7050,8,0,0
1288862,14:50:00,14:50:00,7051,9,0,0
1288862,14:52:00,14:52:00,7052,10,0,0
1288862,14:53:00,14:53:00,7053,11,0,0
1288862,14:55:00,14:55:00,7054,12,0,0
1288862,14:57:00,14:57:00,7055,13,0,0
1288862,14:59:00,14:59:00,7056,14,0,0
1288862,15:01:00,15:01:00,7057,15,0,0
1288862,15:04:00,15:04:00,7058,16,0,0
1288862,15:05:00,15:05:00,7059,17,0,0
1288862,15:07:00,15:07:00,7060,18,0,0
1288862,15:08:00,15:08:00,7061,19,0,0
1288862,15:13:00,15:13:00,7062,20,0,0
1288862,15:16:00,15:16:00,7063,21,0,0
1288862,15:17:00,15:17:00,7064,22,0,0
1288862,15:20:00,15:20:00,7065,23,1,0
1288863,15:04:00,15:04:00,7093,1,0,1
1288863,15:06:00,15:06:00,7090,2,0,0
1288863,15:09:00,15:09:00,7013,3,0,0
1288863,15:10:00,15:10:00,7014,4,0,0
1288863,15:11:00,15:11:00,7015,5,0,0
1288863,15:14:00,15:14:00,7016,6,0,0
1288863,15:16:00,15:16:00,7017,7,0,0
1288863,15:18:00,15:18:00,7050,8,0,0
1288863,15:20:00,15:20:00,7051,9,0,0
1288863,15:22:00,15:22:00,7052,10,0,0
1288863,15:23:00,15:23:00,7053,11,0,0
1288863,15:25:00,15:25:00,7054,12,0,0
1288863,15:27:00,15:27:00,7055,13,0,0
1288863,15:29:00,15:29:00,7056,14,0,0
1288863,15:31:00,15:31:00,7057,15,0,0
1288863,15:34:00,15:34:00,7058,16,0,0
1288863,15:35:00,15:35:00,7059,17,0,0
1288863,15:37:00,15:37:00,7060,18,0,0
1288863,15:38:00,15:38:00,7061,19,0,0
1288863,15:43:00,15:43:00,7062,20,0,0
1288863,15:46:00,15:46:00,7063,21,0,0
1288863,15:47:00,15:47:00,7064,22,0,0
1288863,15:50:00,15:50:00,7065,23,1,0
1288864,15:34:00,15:34:00,7093,1,0,1
1288864,15:36:00,15:36:00,7090,2,0,0
1288864,15:39:00,15:39:00,7013,3,0,0
1288864,15:40:00,15:40:00,7014,4,0,0
1288864,15:41:00,15:41:00,7015,5,0,0
1288864,15:44:00,15:44:00,7016,6,0,0
1288864,15:46:00,15:46:00,7017,7,0,0
1288864,15:48:00,15:48:00,7050,8,0,0
1288864,15:50:00,15:50:00,7051,9,0,0
1288864,15:52:00,15:52:00,7052,10,0,0
1288864,15:53:00,15:53:00,7053,11,0,0
1288864,15:55:00,15:55:00,7054,12,0,0
1288864,15:57:00,15:57:00,7055,13,0,0
1288864,15:59:00,15:59:00,7056,14,0,0
1288864,16:01:00,16:01:00,7057,15,0,0
1288864,16:04:00,16:04:00,7058,16,0,0
1288864,16:05:00,16:05:00,7059,17,0,0
1288864,16:07:00,16:07:00,7060,18,0,0
1288864,16:08:00,16:08:00,7061,19,0,0
1288864,16:13:00,16:13:00,7062,20,0,0
1288864,16:16:00,16:16:00,7063,21,0,0
1288864,16:17:00,16:17:00,7064,22,0,0
1288864,16:20:00,16:20:00,7065,23,1,0
1288865,16:04:00,16:04:00,7093,1,0,1
1288865,16:06:00,16:06:00,7090,2,0,0
1288865,16:09:00,16:09:00,7013,3,0,0
1288865,16:10:00,16:10:00,7014,4,0,0
1288865,16:11:00,16:11:00,7015,5,0,0
1288865,16:14:00,16:14:00,7016,6,0,0
1288865,16:16:00,16:16:00,7017,7,0,0
1288865,16:18:00,16:18:00,7050,8,0,0
1288865,16:20:00,16:20:00,7051,9,0,0
1288865,16:22:00,16:22:00,7052,10,0,0
1288865,16:23:00,16:23:00,7053,11,0,0
1288865,16:25:00,16:25:00,7054,12,0,0
1288865,16:27:00,16:27:00,7055,13,0,0
1288865,16:29:00,16:29:00,7056,14,0,0
1288865,16:31:00,16:31:00,7057,15,0,0
1288865,16:34:00,16:34:00,7058,16,0,0
1288865,16:35:00,16:35:00,7059,17,0,0
1288865,16:37:00,16:37:00,7060,18,0,0
1288865,16:38:00,16:38:00,7061,19,0,0
1288865,16:43:00,16:43:00,7062,20,0,0
1288865,16:46:00,16:46:00,7063,21,0,0
1288865,16:47:00,16:47:00,7064,22,0,0
1288865,16:50:00,16:50:00,7065,23,1,0
1288866,16:34:00,16:34:00,7093,1,0,1
1288866,16:36:00,16:36:00,7090,2,0,0
1288866,16:39:00,16:39:00,7013,3,0,0
1288866,16:40:00,16:40:00,7014,4,0,0
1288866,16:41:00,16:41:00,7015,5,0,0
1288866,16:44:00,16:44:00,7016,6,0,0
1288866,16:46:00,16:46:00,7017,7,0,0
1288866,16:48:00,16:48:00,7050,8,0,0
1288866,16:50:00,16:50:00,7051,9,0,0
1288866,16:52:00,16:52:00,7052,10,0,0
1288866,16:53:00,16:53:00,7053,11,0,0
1288866,16:55:00,16:55:00,7054,12,0,0
1288866,16:57:00,16:57:00,7055,13,0,0
1288866,16:59:00,16:59:00,7056,14,0,0
1288866,17:01:00,17:01:00,7057,15,0,0
1288866,17:04:00,17:04:00,7058,16,0,0
1288866,17:05:00,17:05:00,7059,17,0,0
1288866,17:07:00,17:07:00,7060,18,0,0
1288866,17:08:00,17:08:00,7061,19,0,0
1288866,17:13:00,17:13:00,7062,20,0,0
1288866,17:16:00,17:16:00,7063,21,0,0
1288866,17:17:00,17:17:00,7064,22,0,0
1288866,17:20:00,17:20:00,7065,23,1,0
1288867,05:49:00,05:49:00,7093,1,0,1
1288867,05:51:00,05:51:00,7090,2,0,0
1288867,05:54:00,05:54:00,7013,3,0,0
1288867,05:55:00,05:55:00,7014,4,0,0
1288867,05:56:00,05:56:00,7015,5,0,0
1288867,05:59:00,05:59:00,7016,6,0,0
1288867,06:01:00,06:01:00,7017,7,0,0
1288867,06:03:00,06:03:00,7050,8,0,0
1288867,06:05:00,06:05:00,7051,9,0,0
1288867,06:07:00,06:07:00,7052,10,0,0
1288867,06:08:00,06:08:00,7053,11,0,0
1288867,06:10:00,06:10:00,7054,12,0,0
1288867,06:12:00,06:12:00,7055,13,0,0
1288867,06:14:00,06:14:00,7056,14,0,0
1288867,06:16:00,06:16:00,7057,15,0,0
1288867,06:19:00,06:19:00,7058,16,0,0
1288867,06:20:00,06:20:00,7059,17,0,0
1288867,06:22:00,06:22:00,7060,18,0,0
1288867,06:23:00,06:23:00,7061,19,0,0
1288867,06:28:00,06:28:00,7062,20,0,0
1288867,06:31:00,06:31:00,7063,21,0,0
1288867,06:32:00,06:32:00,7064,22,0,0
1288867,06:35:00,06:35:00,7065,23,1,0
1288868,06:19:00,06:19:00,7093,1,0,1
1288868,06:21:00,06:21:00,7090,2,0,0
1288868,06:24:00,06:24:00,7013,3,0,0
1288868,06:25:00,06:25:00,7014,4,0,0
1288868,06:26:00,06:26:00,7015,5,0,0
1288868,06:29:00,06:29:00,7016,6,0,0
1288868,06:31:00,06:31:00,7017,7,0,0
1288868,06:33:00,06:33:00,7050,8,0,0
1288868,06:35:00,06:35:00,7051,9,0,0
1288868,06:37:00,06:37:00,7052,10,0,0
1288868,06:38:00,06:38:00,7053,11,0,0
1288868,06:40:00,06:40:00,7054,12,0,0
1288868,06:42:00,06:42:00,7055,13,0,0
1288868,06:44:00,06:44:00,7056,14,0,0
1288868,06:46:00,06:46:00,7057,15,0,0
1288868,06:49:00,06:49:00,7058,16,0,0
1288868,06:50:00,06:50:00,7059,17,0,0
1288868,06:52:00,06:52:00,7060,18,0,0
1288868,06:53:00,06:53:00,7061,19,0,0
1288868,06:58:00,06:58:00,7062,20,0,0
1288868,07:01:00,07:01:00,7063,21,0,0
1288868,07:02:00,07:02:00,7064,22,0,0
1288868,07:05:00,07:05:00,7065,23,1,0
1288869,06:49:00,06:49:00,7093,1,0,1
1288869,06:51:00,06:51:00,7090,2,0,0
1288869,06:54:00,06:54:00,7013,3,0,0
1288869,06:55:00,06:55:00,7014,4,0,0
1288869,06:56:00,06:56:00,7015,5,0,0
1288869,06:59:00,06:59:00,7016,6,0,0
1288869,07:01:00,07:01:00,7017,7,0,0
1288869,07:03:00,07:03:00,7050,8,0,0
1288869,07:05:00,07:05:00,7051,9,0,0
1288869,07:07:00,07:07:00,7052,10,0,0
1288869,07:08:00,07:08:00,7053,11,0,0
1288869,07:10:00,07:10:00,7054,12,0,0
1288869,07:12:00,07:12:00,7055,13,0,0
1288869,07:14:00,07:14:00,7056,14,0,0
1288869,07:16:00,07:16:00,7057,15,0,0
1288869,07:19:00,07:19:00,7058,16,0,0
1288869,07:20:00,07:20:00,7059,17,0,0
1288869,07:22:00,07:22:00,7060,18,0,0
1288869,07:23:00,07:23:00,7061,19,0,0
1288869,07:28:00,07:28:00,7062,20,0,0
1288869,07:31:00,07:31:00,7063,21,0,0
1288869,07:32:00,07:32:00,7064,22,0,0
1288869,07:35:00,07:35:00,7065,23,1,0
1288870,07:19:00,07:19:00,7093,1,0,1
1288870,07:21:00,07:21:00,7090,2,0,0
1288870,07:24:00,07:24:00,7013,3,0,0
1288870,07:25:00,07:25:00,7014,4,0,0
1288870,07:26:00,07:26:00,7015,5,0,0
1288870,07:29:00,07:29:00,7016,6,0,0
1288870,07:31:00,07:31:00,7017,7,0,0
1288870,07:33:00,07:33:00,7050,8,0,0
1288870,07:35:00,07:35:00,7051,9,0,0
1288870,07:37:00,07:37:00,7052,10,0,0
1288870,07:38:00,07:38:00,7053,11,0,0
1288870,07:40:00,07:40:00,7054,12,0,0
1288870,07:42:00,07:42:00,7055,13,0,0
1288870,07:44:00,07:44:00,7056,14,0,0
1288870,07:46:00,07:46:00,7057,15,0,0
1288870,07:49:00,07:49:00,7058,16,0,0
1288870,07:50:00,07:50:00,7059,17,0,0
1288870,07:52:00,07:52:00,7060,18,0,0
1288870,07:53:00,07:53:00,7061,19,0,0
1288870,07:58:00,07:58:00,7062,20,0,0
1288870,08:01:00,08:01:00,7063,21,0,0
1288870,08:02:00,08:02:00,7064,22,0,0
1288870,08:05:00,08:05:00,7065,23,1,0
1288871,07:49:00,07:49:00,7093,1,0,1
1288871,07:51:00,07:51:00,7090,2,0,0
1288871,07:54:00,07:54:00,7013,3,0,0
1288871,07:55:00,07:55:00,7014,4,0,0
1288871,07:56:00,07:56:00,7015,5,0,0
1288871,07:59:00,07:59:00,7016,6,0,0
1288871,08:01:00,08:01:00,7017,7,0,0
1288871,08:03:00,08:03:00,7050,8,0,0
1288871,08:05:00,08:05:00,7051,9,0,0
1288871,08:07:00,08:07:00,7052,10,0,0
1288871,08:08:00,08:08:00,7053,11,0,0
1288871,08:10:00,08:10:00,7054,12,0,0
1288871,08:12:00,08:12:00,7055,13,0,0
1288871,08:14:00,08:14:00,7056,14,0,0
1288871,08:16:00,08:16:00,7057,15,0,0
1288871,08:19:00,08:19:00,7058,16,0,0
1288871,08:20:00,08:20:00,7059,17,0,0
1288871,08:22:00,08:22:00,7060,18,0,0
1288871,08:23:00,08:23:00,7061,19,0,0
1288871,08:28:00,08:28:00,7062,20,0,0
1288871,08:31:00,08:31:00,7063,21,0,0
1288871,08:32:00,08:32:00,7064,22,0,0
1288871,08:35:00,08:35:00,7065,23,1,0
1288872,08:19:00,08:19:00,7093,1,0,1
1288872,08:21:00,08:21:00,7090,2,0,0
1288872,08:24:00,08:24:00,7013,3,0,0
1288872,08:25:00,08:25:00,7014,4,0,0
1288872,08:26:00,08:26:00,7015,5,0,0
1288872,08:29:00,08:29:00,7016,6,0,0
1288872,08:31:00,08:31:00,7017,7,0,0
1288872,08:33:00,08:33:00,7050,8,0,0
1288872,08:35:00,08:35:00,7051,9,0,0
1288872,08:37:00,08:37:00,7052,10,0,0
1288872,08:38:00,08:38:00,7053,11,0,0
1288872,08:40:00,08:40:00,7054,12,0,0
1288872,08:42:00,08:42:00,7055,13,0,0
1288872,08:44:00,08:44:00,7056,14,0,0
1288872,08:46:00,08:46:00,7057,15,0,0
1288872,08:49:00,08:49:00,7058,16,0,0
1288872,08:50:00,08:50:00,7059,17,0,0
1288872,08:52:00,08:52:00,7060,18,0,0
1288872,08:53:00,08:53:00,7061,19,0,0
1288872,08:58:00,08:58:00,7062,20,0,0
1288872,09:01:00,09:01:00,7063,21,0,0
1288872,09:02:00,09:02:00,7064,22,0,0
1288872,09:05:00,09:05:00,7065,23,1,0
1288873,08:49:00,08:49:00,7093,1,0,1
1288873,08:51:00,08:51:00,7090,2,0,0
1288873,08:54:00,08:54:00,7013,3,0,0
1288873,08:55:00,08:55:00,7014,4,0,0
1288873,08:56:00,08:56:00,7015,5,0,0
1288873,08:59:00,08:59:00,7016,6,0,0
1288873,09:01:00,09:01:00,7017,7,0,0
1288873,09:03:00,09:03:00,7050,8,0,0
1288873,09:05:00,09:05:00,7051,9,0,0
1288873,09:07:00,09:07:00,7052,10,0,0
1288873,09:08:00,09:08:00,7053,11,0,0
1288873,09:10:00,09:10:00,7054,12,0,0
1288873,09:12:00,09:12:00,7055,13,0,0
1288873,09:14:00,09:14:00,7056,14,0,0
1288873,09:16:00,09:16:00,7057,15,0,0
1288873,09:19:00,09:19:00,7058,16,0,0
1288873,09:20:00,09:20:00,7059,17,0,0
1288873,09:22:00,09:22:00,7060,18,0,0
1288873,09:23:00,09:23:00,7061,19,0,0
1288873,09:28:00,09:28:00,7062,20,0,0
1288873,09:31:00,09:31:00,7063,21,0,0
1288873,09:32:00,09:32:00,7064,22,0,0
1288873,09:35:00,09:35:00,7065,23,0,0
1288873,09:41:00,09:41:00,7082,24,0,0
1288873,09:43:00,09:43:00,7083,25,0,0
1288873,09:46:00,09:46:00,7084,26,0,0
1288873,09:49:00,09:49:00,7085,27,1,0
1288874,09:19:00,09:19:00,7093,1,0,1
1288874,09:21:00,09:21:00,7090,2,0,0
1288874,09:24:00,09:24:00,7013,3,0,0
1288874,09:25:00,09:25:00,7014,4,0,0
1288874,09:26:00,09:26:00,7015,5,0,0
1288874,09:29:00,09:29:00,7016,6,0,0
1288874,09:31:00,09:31:00,7017,7,0,0
1288874,09:33:00,09:33:00,7050,8,0,0
1288874,09:35:00,09:35:00,7051,9,0,0
1288874,09:37:00,09:37:00,7052,10,0,0
1288874,09:38:00,09:38:00,7053,11,0,0
1288874,09:40:00,09:40:00,7054,12,0,0
1288874,09:42:00,09:42:00,7055,13,0,0
1288874,09:44:00,09:44:00,7056,14,0,0
1288874,09:46:00,09:46:00,7057,15,0,0
1288874,09:49:00,09:49:00,7058,16,0,0
1288874,09:50:00,09:50:00,7059,17,0,0
1288874,09:52:00,09:52:00,7060,18,0,0
1288874,09:53:00,09:53:00,7061,19,0,0
1288874,09:58:00,09:58:00,7062,20,0,0
1288874,10:01:00,10:01:00,7063,21,0,0
1288874,10:02:00,10:02:00,7064,22,0,0
1288874,10:05:00,10:05:00,7065,23,0,0
1288874,10:11:00,10:11:00,7082,24,0,0
1288874,10:13:00,10:13:00,7083,25,0,0
1288874,10:16:00,10:16:00,7084,26,0,0
1288874,10:19:00,10:19:00,7085,27,1,0
1288875,09:49:00,09:49:00,7093,1,0,1
1288875,09:51:00,09:51:00,7090,2,0,0
1288875,09:54:00,09:54:00,7013,3,0,0
1288875,09:55:00,09:55:00,7014,4,0,0
1288875,09:56:00,09:56:00,7015,5,0,0
1288875,09:59:00,09:59:00,7016,6,0,0
1288875,10:01:00,10:01:00,7017,7,0,0
1288875,10:03:00,10:03:00,7050,8,0,0
1288875,10:05:00,10:05:00,7051,9,0,0
1288875,10:07:00,10:07:00,7052,10,0,0
1288875,10:08:00,10:08:00,7053,11,0,0
1288875,10:10:00,10:10:00,7054,12,0,0
1288875,10:12:00,10:12:00,7055,13,0,0
1288875,10:14:00,10:14:00,7056,14,0,0
1288875,10:16:00,10:16:00,7057,15,0,0
1288875,10:19:00,10:19:00,7058,16,0,0
1288875,10:20:00,10:20:00,7059,17,0,0
1288875,10:22:00,10:22:00,7060,18,0,0
1288875,10:23:00,10:23:00,7061,19,0,0
1288875,10:28:00,10:28:00,7062,20,0,0
1288875,10:31:00,10:31:00,7063,21,0,0
1288875,10:32:00,10:32:00,7064,22,0,0
1288875,10:35:00,10:35:00,7065,23,0,0
1288875,10:41:00,10:41:00,7082,24,0,0
1288875,10:43:00,10:43:00,7083,25,0,0
1288875,10:46:00,10:46:00,7084,26,0,0
1288875,10:49:00,10:49:00,7085,27,1,0
1288876,10:19:00,10:19:00,7093,1,0,1
1288876,10:21:00,10:21:00,7090,2,0,0
1288876,10:24:00,10:24:00,7013,3,0,0
1288876,10:25:00,10:25:00,7014,4,0,0
1288876,10:26:00,10:26:00,7015,5,0,0
1288876,10:29:00,10:29:00,7016,6,0,0
1288876,10:31:00,10:31:00,7017,7,0,0
1288876,10:33:00,10:33:00,7050,8,0,0
1288876,10:35:00,10:35:00,7051,9,0,0
1288876,10:37:00,10:37:00,7052,10,0,0
1288876,10:38:00,10:38:00,7053,11,0,0
1288876,10:40:00,10:40:00,7054,12,0,0
1288876,10:42:00,10:42:00,7055,13,0,0
1288876,10:44:00,10:44:00,7056,14,0,0
1288876,10:46:00,10:46:00,7057,15,0,0
1288876,10:49:00,10:49:00,7058,16,0,0
1288876,10:50:00,10:50:00,7059,17,0,0
1288876,10:52:00,10:52:00,7060,18,0,0
1288876,10:53:00,10:53:00,7061,19,0,0
1288876,10:58:00,10:58:00,7062,20,0,0
1288876,11:01:00,11:01:00,7063,21,0,0
1288876,11:02:00,11:02:00,7064,22,0,0
1288876,11:05:00,11:05:00,7065,23,0,0
1288876,11:11:00,11:11:00,7082,24,0,0
1288876,11:13:00,11:13:00,7083,25,0,0
1288876,11:16:00,11:16:00,7084,26,0,0
1288876,11:19:00,11:19:00,7085,27,1,0
1288877,10:49:00,10:49:00,7093,1,0,1
1288877,10:51:00,10:51:00,7090,2,0,0
1288877,10:54:00,10:54:00,7013,3,0,0
1288877,10:55:00,10:55:00,7014,4,0,0
1288877,10:56:00,10:56:00,7015,5,0,0
1288877,10:59:00,10:59:00,7016,6,0,0
1288877,11:01:00,11:01:00,7017,7,0,0
1288877,11:03:00,11:03:00,7050,8,0,0
1288877,11:05:00,11:05:00,7051,9,0,0
1288877,11:07:00,11:07:00,7052,10,0,0
1288877,11:08:00,11:08:00,7053,11,0,0
1288877,11:10:00,11:10:00,7054,12,0,0
1288877,11:12:00,11:12:00,7055,13,0,0
1288877,11:14:00,11:14:00,7056,14,0,0
1288877,11:16:00,11:16:00,7057,15,0,0
1288877,11:19:00,11:19:00,7058,16,0,0
1288877,11:20:00,11:20:00,7059,17,0,0
1288877,11:22:00,11:22:00,7060,18,0,0
1288877,11:23:00,11:23:00,7061,19,0,0
1288877,11:28:00,11:28:00,7062,20,0,0
1288877,11:31:00,11:31:00,7063,21,0,0
1288877,11:32:00,11:32:00,7064,22,0,0
1288877,11:35:00,11:35:00,7065,23,0,0
1288877,11:41:00,11:41:00,7082,24,0,0
1288877,11:43:00,11:43:00,7083,25,0,0
1288877,11:46:00,11:46:00,7084,26,0,0
1288877,11:49:00,11:49:00,7085,27,1,0
1288878,11:19:00,11:19:00,7093,1,0,1
1288878,11:21:00,11:21:00,7090,2,0,0
1288878,11:24:00,11:24:00,7013,3,0,0
1288878,11:25:00,11:25:00,7014,4,0,0
1288878,11:26:00,11:26:00,7015,5,0,0
1288878,11:29:00,11:29:00,7016,6,0,0
1288878,11:31:00,11:31:00,7017,7,0,0
1288878,11:33:00,11:33:00,7050,8,0,0
1288878,11:35:00,11:35:00,7051,9,0,0
1288878,11:37:00,11:37:00,7052,10,0,0
1288878,11:38:00,11:38:00,7053,11,0,0
1288878,11:40:00,11:40:00,7054,12,0,0
1288878,11:42:00,11:42:00,7055,13,0,0
1288878,11:44:00,11:44:00,7056,14,0,0
1288878,11:46:00,11:46:00,7057,15,0,0
1288878,11:49:00,11:49:00,7058,16,0,0
1288878,11:50:00,11:50:00,7059,17,0,0
1288878,11:52:00,11:52:00,7060,18,0,0
1288878,11:53:00,11:53:00,7061,19,0,0
1288878,11:58:00,11:58:00,7062,20,0,0
1288878,12:01:00,12:01:00,7063,21,0,0
1288878,12:02:00,12:02:00,7064,22,0,0
1288878,12:05:00,12:05:00,7065,23,0,0
1288878,12:11:00,12:11:00,7082,24,0,0
1288878,12:13:00,12:13:00,7083,25,0,0
1288878,12:16:00,12:16:00,7084,26,0,0
1288878,12:19:00,12:19:00,7085,27,1,0
1288879,11:49:00,11:49:00,7093,1,0,1
1288879,11:51:00,11:51:00,7090,2,0,0
1288879,11:54:00,11:54:00,7013,3,0,0
1288879,11:55:00,11:55:00,7014,4,0,0
1288879,11:56:00,11:56:00,7015,5,0,0
1288879,11:59:00,11:59:00,7016,6,0,0
1288879,12:01:00,12:01:00,7017,7,0,0
1288879,12:03:00,12:03:00,7050,8,0,0
1288879,12:05:00,12:05:00,7051,9,0,0
1288879,12:07:00,12:07:00,7052,10,0,0
1288879,12:08:00,12:08:00,7053,11,0,0
1288879,12:10:00,12:10:00,7054,12,0,0
1288879,12:12:00,12:12:00,7055,13,0,0
1288879,12:14:00,12:14:00,7056,14,0,0
1288879,12:16:00,12:16:00,7057,15,0,0
1288879,12:19:00,12:19:00,7058,16,0,0
1288879,12:20:00,12:20:00,7059,17,0,0
1288879,12:22:00,12:22:00,7060,18,0,0
1288879,12:23:00,12:23:00,7061,19,0,0
1288879,12:28:00,12:28:00,7062,20,0,0
1288879,12:31:00,12:31:00,7063,21,0,0
1288879,12:32:00,12:32:00,7064,22,0,0
1288879,12:35:00,12:35:00,7065,23,0,0
1288879,12:41:00,12:41:00,7082,24,0,0
1288879,12:43:00,12:43:00,7083,25,0,0
1288879,12:46:00,12:46:00,7084,26,0,0
1288879,12:49:00,12:49:00,7085,27,1,0
1288880,12:19:00,12:19:00,7093,1,0,1
1288880,12:21:00,12:21:00,7090,2,0,0
1288880,12:24:00,12:24:00,7013,3,0,0
1288880,12:25:00,12:25:00,7014,4,0,0
1288880,12:26:00,12:26:00,7015,5,0,0
1288880,12:29:00,12:29:00,7016,6,0,0
1288880,12:31:00,12:31:00,7017,7,0,0
1288880,12:33:00,12:33:00,7050,8,0,0
1288880,12:35:00,12:35:00,7051,9,0,0
1288880,12:37:00,12:37:00,7052,10,0,0
1288880,12:38:00,12:38:00,7053,11,0,0
1288880,12:40:00,12:40:00,7054,12,0,0
1288880,12:42:00,12:42:00,7055,13,0,0
1288880,12:44:00,12:44:00,7056,14,0,0
1288880,12:46:00,12:46:00,7057,15,0,0
1288880,12:49:00,12:49:00,7058,16,0,0
1288880,12:50:00,12:50:00,7059,17,0,0
1288880,12:52:00,12:52:00,7060,18,0,0
1288880,12:53:00,12:53:00,7061,19,0,0
1288880,12:58:00,12:58:00,7062,20,0,0
1288880,13:01:00,13:01:00,7063,21,0,0
1288880,13:02:00,13:02:00,7064,22,0,0
1288880,13:05:00,13:05:00,7065,23,0,0
1288880,13:11:00,13:11:00,7082,24,0,0
1288880,13:13:00,13:13:00,7083,25,0,0
1288880,13:16:00,13:16:00,7084,26,0,0
1288880,13:19:00,13:19:00,7085,27,1,0
1288881,12:49:00,12:49:00,7093,1,0,1
1288881,12:51:00,12:51:00,7090,2,0,0
1288881,12:54:00,12:54:00,7013,3,0,0
1288881,12:55:00,12:55:00,7014,4,0,0
1288881,12:56:00,12:56:00,7015,5,0,0
1288881,12:59:00,12:59:00,7016,6,0,0
1288881,13:01:00,13:01:00,7017,7,0,0
1288881,13:03:00,13:03:00,7050,8,0,0
1288881,13:05:00,13:05:00,7051,9,0,0
1288881,13:07:00,13:07:00,7052,10,0,0
1288881,13:08:00,13:08:00,7053,11,0,0
1288881,13:10:00,13:10:00,7054,12,0,0
1288881,13:12:00,13:12:00,7055,13,0,0
1288881,13:14:00,13:14:00,7056,14,0,0
1288881,13:16:00,13:16:00,7057,15,0,0
1288881,13:19:00,13:19:00,7058,16,0,0
1288881,13:20:00,13:20:00,7059,17,0,0
1288881,13:22:00,13:22:00,7060,18,0,0
1288881,13:23:00,13:23:00,7061,19,0,0
1288881,13:28:00,13:28:00,7062,20,0,0
1288881,13:31:00,13:31:00,7063,21,0,0
1288881,13:32:00,13:32:00,7064,22,0,0
1288881,13:35:00,13:35:00,7065,23,0,0
1288881,13:41:00,13:41:00,7082,24,0,0
1288881,13:43:00,13:43:00,7083,25,0,0
1288881,13:46:00,13:46:00,7084,26,0,0
1288881,13:49:00,13:49:00,7085,27,1,0
1288882,13:19:00,13:19:00,7093,1,0,1
1288882,13:21:00,13:21:00,7090,2,0,0
1288882,13:24:00,13:24:00,7013,3,0,0
1288882,13:25:00,13:25:00,7014,4,0,0
1288882,13:26:00,13:26:00,7015,5,0,0
1288882,13:29:00,13:29:00,7016,6,0,0
1288882,13:31:00,13:31:00,7017,7,0,0
1288882,13:33:00,13:33:00,7050,8,0,0
1288882,13:35:00,13:35:00,7051,9,0,0
1288882,13:37:00,13:37:00,7052,10,0,0
1288882,13:38:00,13:38:00,7053,11,0,0
1288882,13:40:00,13:40:00,7054,12,0,0
1288882,13:42:00,13:42:00,7055,13,0,0
1288882,13:44:00,13:44:00,7056,14,0,0
1288882,13:46:00,13:46:00,7057,15,0,0
1288882,13:49:00,13:49:00,7058,16,0,0
1288882,13:50:00,13:50:00,7059,17,0,0
1288882,13:52:00,13:52:00,7060,18,0,0
1288882,13:53:00,13:53:00,7061,19,0,0
1288882,13:58:00,13:58:00,7062,20,0,0
1288882,14:01:00,14:01:00,7063,21,0,0
1288882,14:02:00,14:02:00,7064,22,0,0
1288882,14:05:00,14:05:00,7065,23,0,0
1288882,14:11:00,14:11:00,7082,24,0,0
1288882,14:13:00,14:13:00,7083,25,0,0
1288882,14:16:00,14:16:00,7084,26,0,0
1288882,14:19:00,14:19:00,7085,27,1,0
1288883,13:49:00,13:49:00,7093,1,0,1
1288883,13:51:00,13:51:00,7090,2,0,0
1288883,13:54:00,13:54:00,7013,3,0,0
1288883,13:55:00,13:55:00,7014,4,0,0
1288883,13:56:00,13:56:00,7015,5,0,0
1288883,13:59:00,13:59:00,7016,6,0,0
1288883,14:01:00,14:01:00,7017,7,0,0
1288883,14:03:00,14:03:00,7050,8,0,0
1288883,14:05:00,14:05:00,7051,9,0,0
1288883,14:07:00,14:07:00,7052,10,0,0
1288883,14:08:00,14:08:00,7053,11,0,0
1288883,14:10:00,14:10:00,7054,12,0,0
1288883,14:12:00,14:12:00,7055,13,0,0
1288883,14:14:00,14:14:00,7056,14,0,0
1288883,14:16:00,14:16:00,7057,15,0,0
1288883,14:19:00,14:19:00,7058,16,0,0
1288883,14:20:00,14:20:00,7059,17,0,0
1288883,14:22:00,14:22:00,7060,18,0,0
1288883,14:23:00,14:23:00,7061,19,0,0
1288883,14:28:00,14:28:00,7062,20,0,0
1288883,14:31:00,14:31:00,7063,21,0,0
1288883,14:32:00,14:32:00,7064,22,0,0
1288883,14:35:00,14:35:00,7065,23,0,0
1288883,14:41:00,14:41:00,7082,24,0,0
1288883,14:43:00,14:43:00,7083,25,0,0
1288883,14:46:00,14:46:00,7084,26,0,0
1288883,14:49:00,14:49:00,7085,27,1,0
1288884,14:19:00,14:19:00,7093,1,0,1
1288884,14:21:00,14:21:00,7090,2,0,0
1288884,14:24:00,14:24:00,7013,3,0,0
1288884,14:25:00,14:25:00,7014,4,0,0
1288884,14:26:00,14:26:00,7015,5,0,0
1288884,14:29:00,14:29:00,7016,6,0,0
1288884,14:31:00,14:31:00,7017,7,0,0
1288884,14:33:00,14:33:00,7050,8,0,0
1288884,14:35:00,14:35:00,7051,9,0,0
1288884,14:37:00,14:37:00,7052,10,0,0
1288884,14:38:00,14:38:00,7053,11,0,0
1288884,14:40:00,14:40:00,7054,12,0,0
1288884,14:42:00,14:42:00,7055,13,0,0
1288884,14:44:00,14:44:00,7056,14,0,0
1288884,14:46:00,14:46:00,7057,15,0,0
1288884,14:49:00,14:49:00,7058,16,0,0
1288884,14:50:00,14:50:00,7059,17,0,0
1288884,14:52:00,14:52:00,7060,18,0,0
1288884,14:53:00,14:53:00,7061,19,0,0
1288884,14:58:00,14:58:00,7062,20,0,0
1288884,15:01:00,15:01:00,7063,21,0,0
1288884,15:02:00,15:02:00,7064,22,0,0
1288884,15:05:00,15:05:00,7065,23,0,0
1288884,15:11:00,15:11:00,7082,24,0,0
1288884,15:13:00,15:13:00,7083,25,0,0
1288884,15:16:00,15:16:00,7084,26,0,0
1288884,15:19:00,15:19:00,7085,27,1,0
1288885,14:49:00,14:49:00,7093,1,0,1
1288885,14:51:00,14:51:00,7090,2,0,0
1288885,14:54:00,14:54:00,7013,3,0,0
1288885,14:55:00,14:55:00,7014,4,0,0
1288885,14:56:00,14:56:00,7015,5,0,0
1288885,14:59:00,14:59:00,7016,6,0,0
1288885,15:01:00,15:01:00,7017,7,0,0
1288885,15:03:00,15:03:00,7050,8,0,0
1288885,15:05:00,15:05:00,7051,9,0,0
1288885,15:07:00,15:07:00,7052,10,0,0
1288885,15:08:00,15:08:00,7053,11,0,0
1288885,15:10:00,15:10:00,7054,12,0,0
1288885,15:12:00,15:12:00,7055,13,0,0
1288885,15:14:00,15:14:00,7056,14,0,0
1288885,15:16:00,15:16:00,7057,15,0,0
1288885,15:19:00,15:19:00,7058,16,0,0
1288885,15:20:00,15:20:00,7059,17,0,0
1288885,15:22:00,15:22:00,7060,18,0,0
1288885,15:23:00,15:23:00,7061,19,0,0
1288885,15:28:00,15:28:00,7062,20,0,0
1288885,15:31:00,15:31:00,7063,21,0,0
1288885,15:32:00,15:32:00,7064,22,0,0
1288885,15:35:00,15:35:00,7065,23,0,0
1288885,15:41:00,15:41:00,7082,24,0,0
1288885,15:43:00,15:43:00,7083,25,0,0
1288885,15:46:00,15:46:00,7084,26,0,0
1288885,15:49:00,15:49:00,7085,27,1,0
1288886,15:19:00,15:19:00,7093,1,0,1
1288886,15:21:00,15:21:00,7090,2,0,0
1288886,15:24:00,15:24:00,7013,3,0,0
1288886,15:25:00,15:25:00,7014,4,0,0
1288886,15:26:00,15:26:00,7015,5,0,0
1288886,15:29:00,15:29:00,7016,6,0,0
1288886,15:31:00,15:31:00,7017,7,0,0
1288886,15:33:00,15:33:00,7050,8,0,0
1288886,15:35:00,15:35:00,7051,9,0,0
1288886,15:37:00,15:37:00,7052,10,0,0
1288886,15:38:00,15:38:00,7053,11,0,0
1288886,15:40:00,15:40:00,7054,12,0,0
1288886,15:42:00,15:42:00,7055,13,0,0
1288886,15:44:00,15:44:00,7056,14,0,0
1288886,15:46:00,15:46:00,7057,15,0,0
1288886,15:49:00,15:49:00,7058,16,0,0
1288886,15:50:00,15:50:00,7059,17,0,0
1288886,15:52:00,15:52:00,7060,18,0,0
1288886,15:53:00,15:53:00,7061,19,0,0
1288886,15:58:00,15:58:00,7062,20,0,0
1288886,16:01:00,16:01:00,7063,21,0,0
1288886,16:02:00,16:02:00,7064,22,0,0
1288886,16:05:00,16:05:00,7065,23,0,0
1288886,16:11:00,16:11:00,7082,24,0,0
1288886,16:13:00,16:13:00,7083,25,0,0
1288886,16:16:00,16:16:00,7084,26,0,0
1288886,16:19:00,16:19:00,7085,27,1,0
1288887,15:49:00,15:49:00,7093,1,0,1
1288887,15:51:00,15:51:00,7090,2,0,0
1288887,15:54:00,15:54:00,7013,3,0,0
1288887,15:55:00,15:55:00,7014,4,0,0
1288887,15:56:00,15:56:00,7015,5,0,0
1288887,15:59:00,15:59:00,7016,6,0,0
1288887,16:01:00,16:01:00,7017,7,0,0
1288887,16:03:00,16:03:00,7050,8,0,0
1288887,16:05:00,16:05:00,7051,9,0,0
1288887,16:07:00,16:07:00,7052,10,0,0
1288887,16:08:00,16:08:00,7053,11,0,0
1288887,16:10:00,16:10:00,7054,12,0,0
1288887,16:12:00,16:12:00,7055,13,0,0
1288887,16:14:00,16:14:00,7056,14,0,0
1288887,16:16:00,16:16:00,7057,15,0,0
1288887,16:19:00,16:19:00,7058,16,0,0
1288887,16:20:00,16:20:00,7059,17,0,0
1288887,16:22:00,16:22:00,7060,18,0,0
1288887,16:23:00,16:23:00,7061,19,0,0
1288887,16:28:00,16:28:00,7062,20,0,0
1288887,16:31:00,16:31:00,7063,21,0,0
1288887,16:32:00,16:32:00,7064,22,0,0
1288887,16:35:00,16:35:00,7065,23,0,0
1288887,16:41:00,16:41:00,7082,24,0,0
1288887,16:43:00,16:43:00,7083,25,0,0
1288887,16:46:00,16:46:00,7084,26,0,0
1288887,16:49:00,16:49:00,7085,27,1,0
1288888,16:19:00,16:19:00,7093,1,0,1
1288888,16:21:00,16:21:00,7090,2,0,0
1288888,16:24:00,16:24:00,7013,3,0,0
1288888,16:25:00,16:25:00,7014,4,0,0
1288888,16:26:00,16:26:00,7015,5,0,0
1288888,16:29:00,16:29:00,7016,6,0,0
1288888,16:31:00,16:31:00,7017,7,0,0
1288888,16:33:00,16:33:00,7050,8,0,0
1288888,16:35:00,16:35:00,7051,9,0,0
1288888,16:37:00,16:37:00,7052,10,0,0
1288888,16:38:00,16:38:00,7053,11,0,0
1288888,16:40:00,16:40:00,7054,12,0,0
1288888,16:42:00,16:42:00,7055,13,0,0
1288888,16:44:00,16:44:00,7056,14,0,0
1288888,16:46:00,16:46:00,7057,15,0,0
1288888,16:49:00,16:49:00,7058,16,0,0
1288888,16:50:00,16:50:00,7059,17,0,0
1288888,16:52:00,16:52:00,7060,18,0,0
1288888,16:53:00,16:53:00,7061,19,0,0
1288888,16:58:00,16:58:00,7062,20,0,0
1288888,17:01:00,17:01:00,7063,21,0,0
1288888,17:02:00,17:02:00,7064,22,0,0
1288888,17:05:00,17:05:00,7065,23,0,0
1288888,17:11:00,17:11:00,7082,24,0,0
1288888,17:13:00,17:13:00,7083,25,0,0
1288888,17:16:00,17:16:00,7084,26,0,0
1288888,17:19:00,17:19:00,7085,27,1,0
1288889,16:49:00,16:49:00,7093,1,0,1
1288889,16:51:00,16:51:00,7090,2,0,0
1288889,16:54:00,16:54:00,7013,3,0,0
1288889,16:55:00,16:55:00,7014,4,0,0
1288889,16:56:00,16:56:00,7015,5,0,0
1288889,16:59:00,16:59:00,7016,6,0,0
1288889,17:01:00,17:01:00,7017,7,0,0
1288889,17:03:00,17:03:00,7050,8,0,0
1288889,17:05:00,17:05:00,7051,9,0,0
1288889,17:07:00,17:07:00,7052,10,0,0
1288889,17:08:00,17:08:00,7053,11,0,0
1288889,17:10:00,17:10:00,7054,12,0,0
1288889,17:12:00,17:12:00,7055,13,0,0
1288889,17:14:00,17:14:00,7056,14,0,0
1288889,17:16:00,17:16:00,7057,15,0,0
1288889,17:19:00,17:19:00,7058,16,0,0
1288889,17:20:00,17:20:00,7059,17,0,0
1288889,17:22:00,17:22:00,7060,18,0,0
1288889,17:23:00,17:23:00,7061,19,0,0
1288889,17:28:00,17:28:00,7062,20,0,0
1288889,17:31:00,17:31:00,7063,21,0,0
1288889,17:32:00,17:32:00,7064,22,0,0
1288889,17:35:00,17:35:00,7065,23,0,0
1288889,17:41:00,17:41:00,7082,24,0,0
1288889,17:43:00,17:43:00,7083,25,0,0
1288889,17:46:00,17:46:00,7084,26,0,0
1288889,17:49:00,17:49:00,7085,27,1,0
1288890,17:19:00,17:19:00,7093,1,0,1
1288890,17:21:00,17:21:00,7090,2,0,0
1288890,17:24:00,17:24:00,7013,3,0,0
1288890,17:25:00,17:25:00,7014,4,0,0
1288890,17:26:00,17:26:00,7015,5,0,0
1288890,17:29:00,17:29:00,7016,6,0,0
1288890,17:31:00,17:31:00,7017,7,0,0
1288890,17:33:00,17:33:00,7050,8,0,0
1288890,17:35:00,17:35:00,7051,9,0,0
1288890,17:37:00,17:37:00,7052,10,0,0
1288890,17:38:00,17:38:00,7053,11,0,0
1288890,17:40:00,17:40:00,7054,12,0,0
1288890,17:42:00,17:42:00,7055,13,0,0
1288890,17:44:00,17:44:00,7056,14,0,0
1288890,17:46:00,17:46:00,7057,15,0,0
1288890,17:49:00,17:49:00,7058,16,0,0
1288890,17:50:00,17:50:00,7059,17,0,0
1288890,17:52:00,17:52:00,7060,18,0,0
1288890,17:53:00,17:53:00,7061,19,0,0
1288890,17:58:00,17:58:00,7062,20,0,0
1288890,18:01:00,18:01:00,7063,21,0,0
1288890,18:02:00,18:02:00,7064,22,0,0
1288890,18:05:00,18:05:00,7065,23,0,0
1288890,18:11:00,18:11:00,7082,24,0,0
1288890,18:13:00,18:13:00,7083,25,0,0
1288890,18:16:00,18:16:00,7084,26,0,0
1288890,18:19:00,18:19:00,7085,27,1,0
1288891,17:49:00,17:49:00,7093,1,0,1
1288891,17:51:00,17:51:00,7090,2,0,0
1288891,17:54:00,17:54:00,7013,3,0,0
1288891,17:55:00,17:55:00,7014,4,0,0
1288891,17:56:00,17:56:00,7015,5,0,0
1288891,17:59:00,17:59:00,7016,6,0,0
1288891,18:01:00,18:01:00,7017,7,0,0
1288891,18:03:00,18:03:00,7050,8,0,0
1288891,18:05:00,18:05:00,7051,9,0,0
1288891,18:07:00,18:07:00,7052,10,0,0
1288891,18:08:00,18:08:00,7053,11,0,0
1288891,18:10:00,18:10:00,7054,12,0,0
1288891,18:12:00,18:12:00,7055,13,0,0
1288891,18:14:00,18:14:00,7056,14,0,0
1288891,18:16:00,18:16:00,7057,15,0,0
1288891,18:19:00,18:19:00,7058,16,0,0
1288891,18:20:00,18:20:00,7059,17,0,0
1288891,18:22:00,18:22:00,7060,18,0,0
1288891,18:23:00,18:23:00,7061,19,0,0
1288891,18:28:00,18:28:00,7062,20,0,0
1288891,18:31:00,18:31:00,7063,21,0,0
1288891,18:32:00,18:32:00,7064,22,0,0
1288891,18:35:00,18:35:00,7065,23,0,0
1288891,18:41:00,18:41:00,7082,24,0,0
1288891,18:43:00,18:43:00,7083,25,0,0
1288891,18:46:00,18:46:00,7084,26,0,0
1288891,18:49:00,18:49:00,7085,27,1,0
1288892,18:19:00,18:19:00,7093,1,0,1
1288892,18:21:00,18:21:00,7090,2,0,0
1288892,18:24:00,18:24:00,7013,3,0,0
1288892,18:25:00,18:25:00,7014,4,0,0
1288892,18:26:00,18:26:00,7015,5,0,0
1288892,18:29:00,18:29:00,7016,6,0,0
1288892,18:31:00,18:31:00,7017,7,0,0
1288892,18:33:00,18:33:00,7050,8,0,0
1288892,18:35:00,18:35:00,7051,9,0,0
1288892,18:37:00,18:37:00,7052,10,0,0
1288892,18:38:00,18:38:00,7053,11,0,0
1288892,18:40:00,18:40:00,7054,12,0,0
1288892,18:42:00,18:42:00,7055,13,0,0
1288892,18:44:00,18:44:00,7056,14,0,0
1288892,18:46:00,18:46:00,7057,15,0,0
1288892,18:49:00,18:49:00,7058,16,0,0
1288892,18:50:00,18:50:00,7059,17,0,0
1288892,18:52:00,18:52:00,7060,18,0,0
1288892,18:53:00,18:53:00,7061,19,0,0
1288892,18:58:00,18:58:00,7062,20,0,0
1288892,19:01:00,19:01:00,7063,21,0,0
1288892,19:02:00,19:02:00,7064,22,0,0
1288892,19:05:00,19:05:00,7065,23,0,0
1288892,19:11:00,19:11:00,7082,24,0,0
1288892,19:13:00,19:13:00,7083,25,0,0
1288892,19:16:00,19:16:00,7084,26,0,0
1288892,19:19:00,19:19:00,7085,27,1,0
1288893,18:49:00,18:49:00,7093,1,0,1
1288893,18:51:00,18:51:00,7090,2,0,0
1288893,18:54:00,18:54:00,7013,3,0,0
1288893,18:55:00,18:55:00,7014,4,0,0
1288893,18:56:00,18:56:00,7015,5,0,0
1288893,18:59:00,18:59:00,7016,6,0,0
1288893,19:01:00,19:01:00,7017,7,0,0
1288893,19:03:00,19:03:00,7050,8,0,0
1288893,19:05:00,19:05:00,7051,9,0,0
1288893,19:07:00,19:07:00,7052,10,0,0
1288893,19:08:00,19:08:00,7053,11,0,0
1288893,19:10:00,19:10:00,7054,12,0,0
1288893,19:12:00,19:12:00,7055,13,0,0
1288893,19:14:00,19:14:00,7056,14,0,0
1288893,19:16:00,19:16:00,7057,15,0,0
1288893,19:19:00,19:19:00,7058,16,0,0
1288893,19:20:00,19:20:00,7059,17,0,0
1288893,19:22:00,19:22:00,7060,18,0,0
1288893,19:23:00,19:23:00,7061,19,0,0
1288893,19:28:00,19:28:00,7062,20,0,0
1288893,19:31:00,19:31:00,7063,21,0,0
1288893,19:32:00,19:32:00,7064,22,0,0
1288893,19:35:00,19:35:00,7065,23,0,0
1288893,19:41:00,19:41:00,7082,24,0,0
1288893,19:43:00,19:43:00,7083,25,0,0
1288893,19:46:00,19:46:00,7084,26,0,0
1288893,19:49:00,19:49:00,7085,27,1,0
1288894,19:19:00,19:19:00,7093,1,0,1
1288894,19:21:00,19:21:00,7090,2,0,0
1288894,19:24:00,19:24:00,7013,3,0,0
1288894,19:25:00,19:25:00,7014,4,0,0
1288894,19:26:00,19:26:00,7015,5,0,0
1288894,19:29:00,19:29:00,7016,6,0,0
1288894,19:31:00,19:31:00,7017,7,0,0
1288894,19:33:00,19:33:00,7050,8,0,0
1288894,19:35:00,19:35:00,7051,9,0,0
1288894,19:37:00,19:37:00,7052,10,0,0
1288894,19:38:00,19:38:00,7053,11,0,0
1288894,19:40:00,19:40:00,7054,12,0,0
1288894,19:42:00,19:42:00,7055,13,0,0
1288894,19:44:00,19:44:00,7056,14,0,0
1288894,19:46:00,19:46:00,7057,15,0,0
1288894,19:49:00,19:49:00,7058,16,0,0
1288894,19:50:00,19:50:00,7059,17,0,0
1288894,19:52:00,19:52:00,7060,18,0,0
1288894,19:53:00,19:53:00,7061,19,0,0
1288894,19:58:00,19:58:00,7062,20,0,0
1288894,20:01:00,20:01:00,7063,21,0,0
1288894,20:02:00,20:02:00,7064,22,0,0
1288894,20:05:00,20:05:00,7065,23,0,0
1288894,20:11:00,20:11:00,7082,24,0,0
1288894,20:13:00,20:13:00,7083,25,0,0
1288894,20:16:00,20:16:00,7084,26,0,0
1288894,20:19:00,20:19:00,7085,27,1,0
1288895,19:49:00,19:49:00,7093,1,0,1
1288895,19:51:00,19:51:00,7090,2,0,0
1288895,19:54:00,19:54:00,7013,3,0,0
1288895,19:55:00,19:55:00,7014,4,0,0
1288895,19:56:00,19:56:00,7015,5,0,0
1288895,19:59:00,19:59:00,7016,6,0,0
1288895,20:01:00,20:01:00,7017,7,0,0
1288895,20:03:00,20:03:00,7050,8,0,0
1288895,20:05:00,20:05:00,7051,9,0,0
1288895,20:07:00,20:07:00,7052,10,0,0
1288895,20:08:00,20:08:00,7053,11,0,0
1288895,20:10:00,20:10:00,7054,12,0,0
1288895,20:12:00,20:12:00,7055,13,0,0
1288895,20:14:00,20:14:00,7056,14,0,0
1288895,20:16:00,20:16:00,7057,15,0,0
1288895,20:19:00,20:19:00,7058,16,0,0
1288895,20:20:00,20:20:00,7059,17,0,0
1288895,20:22:00,20:22:00,7060,18,0,0
1288895,20:23:00,20:23:00,7061,19,0,0
1288895,20:28:00,20:28:00,7062,20,0,0
1288895,20:31:00,20:31:00,7063,21,0,0
1288895,20:32:00,20:32:00,7064,22,0,0
1288895,20:35:00,20:35:00,7065,23,0,0
1288895,20:41:00,20:41:00,7082,24,0,0
1288895,20:43:00,20:43:00,7083,25,0,0
1288895,20:46:00,20:46:00,7084,26,0,0
1288895,20:49:00,20:49:00,7085,27,1,0
1288896,20:19:00,20:19:00,7093,1,0,1
1288896,20:21:00,20:21:00,7090,2,0,0
1288896,20:24:00,20:24:00,7013,3,0,0
1288896,20:25:00,20:25:00,7014,4,0,0
1288896,20:26:00,20:26:00,7015,5,0,0
1288896,20:29:00,20:29:00,7016,6,0,0
1288896,20:31:00,20:31:00,7017,7,0,0
1288896,20:33:00,20:33:00,7050,8,0,0
1288896,20:35:00,20:35:00,7051,9,0,0
1288896,20:37:00,20:37:00,7052,10,0,0
1288896,20:38:00,20:38:00,7053,11,0,0
1288896,20:40:00,20:40:00,7054,12,0,0
1288896,20:42:00,20:42:00,7055,13,0,0
1288896,20:44:00,20:44:00,7056,14,0,0
1288896,20:46:00,20:46:00,7057,15,0,0
1288896,20:49:00,20:49:00,7058,16,0,0
1288896,20:50:00,20:50:00,7059,17,0,0
1288896,20:52:00,20:52:00,7060,18,0,0
1288896,20:53:00,20:53:00,7061,19,0,0
1288896,20:58:00,20:58:00,7062,20,0,0
1288896,21:01:00,21:01:00,7063,21,0,0
1288896,21:02:00,21:02:00,7064,22,0,0
1288896,21:05:00,21:05:00,7065,23,0,0
1288896,21:11:00,21:11:00,7082,24,0,0
1288896,21:13:00,21:13:00,7083,25,0,0
1288896,21:16:00,21:16:00,7084,26,0,0
1288896,21:19:00,21:19:00,7085,27,1,0
1288897,20:49:00,20:49:00,7093,1,0,1
1288897,20:51:00,20:51:00,7090,2,0,0
1288897,20:54:00,20:54:00,7013,3,0,0
1288897,20:55:00,20:55:00,7014,4,0,0
1288897,20:56:00,20:56:00,7015,5,0,0
1288897,20:59:00,20:59:00,7016,6,0,0
1288897,21:01:00,21:01:00,7017,7,0,0
1288897,21:03:00,21:03:00,7050,8,0,0
1288897,21:05:00,21:05:00,7051,9,0,0
1288897,21:07:00,21:07:00,7052,10,0,0
1288897,21:08:00,21:08:00,7053,11,0,0
1288897,21:10:00,21:10:00,7054,12,0,0
1288897,21:12:00,21:12:00,7055,13,0,0
1288897,21:14:00,21:14:00,7056,14,0,0
1288897,21:16:00,21:16:00,7057,15,0,0
1288897,21:19:00,21:19:00,7058,16,0,0
1288897,21:20:00,21:20:00,7059,17,0,0
1288897,21:22:00,21:22:00,7060,18,0,0
1288897,21:23:00,21:23:00,7061,19,0,0
1288897,21:28:00,21:28:00,7062,20,0,0
1288897,21:31:00,21:31:00,7063,21,0,0
1288897,21:32:00,21:32:00,7064,22,0,0
1288897,21:35:00,21:35:00,7065,23,1,0
1289431,07:48:00,07:48:00,7000,1,0,0
1289431,07:49:00,07:49:00,7001,2,0,0
1289431,07:50:00,07:50:00,7002,3,0,0
1289431,07:54:00,07:54:00,7003,4,0,0
1289431,07:55:00,07:55:00,7004,5,1,1
1289431,07:57:00,07:57:00,7005,6,0,0
1289431,07:59:00,07:59:00,7006,7,0,0
1289431,08:01:00,08:01:00,7007,8,0,0
1289431,08:02:00,08:02:00,7008,9,0,0
1289431,08:06:00,08:06:00,7107,10,0,0
1289431,08:09:00,08:09:00,7009,11,0,0
1289431,08:11:00,08:11:00,7010,12,0,0
1289431,08:13:00,08:13:00,7011,13,0,0
1289431,08:16:00,08:16:00,7013,14,0,0
1289431,08:18:00,08:18:00,7014,15,0,0
1289431,08:19:00,08:19:00,7015,16,0,0
1289431,08:22:00,08:22:00,7016,17,0,0
1289431,08:23:00,08:23:00,7017,18,0,0
1289431,08:26:00,08:26:00,7018,19,0,0
1289431,08:28:00,08:28:00,7019,20,0,0
1289431,08:31:00,08:31:00,7020,21,0,0
1289431,08:33:00,08:33:00,7021,22,0,0
1289431,08:35:00,08:35:00,7022,23,0,0
1289431,08:38:00,08:38:00,7023,24,0,0
1289431,08:40:00,08:40:00,7024,25,0,0
1289431,08:43:00,08:43:00,7099,26,0,0
1289431,08:46:00,08:46:00,7101,27,0,0
1289431,08:48:00,08:48:00,7103,28,0,0
1289431,08:51:00,08:51:00,7097,29,1,0
1289432,08:18:00,08:18:00,7000,1,0,0
1289432,08:19:00,08:19:00,7001,2,0,0
1289432,08:20:00,08:20:00,7002,3,0,0
1289432,08:24:00,08:24:00,7003,4,0,0
1289432,08:25:00,08:25:00,7004,5,1,1
1289432,08:27:00,08:27:00,7005,6,0,0
1289432,08:29:00,08:29:00,7006,7,0,0
1289432,08:31:00,08:31:00,7007,8,0,0
1289432,08:32:00,08:32:00,7008,9,0,0
1289432,08:36:00,08:36:00,7107,10,0,0
1289432,08:39:00,08:39:00,7009,11,0,0
1289432,08:41:00,08:41:00,7010,12,0,0
1289432,08:43:00,08:43:00,7011,13,0,0
1289432,08:46:00,08:46:00,7013,14,0,0
1289432,08:48:00,08:48:00,7014,15,0,0
1289432,08:49:00,08:49:00,7015,16,0,0
1289432,08:52:00,08:52:00,7016,17,0,0
1289432,08:53:00,08:53:00,7017,18,0,0
1289432,08:56:00,08:56:00,7018,19,0,0
1289432,08:58:00,08:58:00,7019,20,0,0
1289432,09:01:00,09:01:00,7020,21,0,0
1289432,09:03:00,09:03:00,7021,22,0,0
1289432,09:05:00,09:05:00,7022,23,0,0
1289432,09:08:00,09:08:00,7023,24,0,0
1289432,09:10:00,09:10:00,7024,25,0,0
1289432,09:13:00,09:13:00,7099,26,0,0
1289432,09:16:00,09:16:00,7101,27,0,0
1289432,09:18:00,09:18:00,7103,28,0,0
1289432,09:21:00,09:21:00,7097,29,1,0
1289433,08:48:00,08:48:00,7000,1,0,0
1289433,08:49:00,08:49:00,7001,2,0,0
1289433,08:50:00,08:50:00,7002,3,0,0
1289433,08:54:00,08:54:00,7003,4,0,0
1289433,08:55:00,08:55:00,7004,5,1,1
1289433,08:57:00,08:57:00,7005,6,0,0
1289433,08:59:00,08:59:00,7006,7,0,0
1289433,09:01:00,09:01:00,7007,8,0,0
1289433,09:02:00,09:02:00,7008,9,0,0
1289433,09:06:00,09:06:00,7107,10,0,0
1289433,09:09:00,09:09:00,7009,11,0,0
1289433,09:11:00,09:11:00,7010,12,0,0
1289433,09:13:00,09:13:00,7011,13,0,0
1289433,09:16:00,09:16:00,7013,14,0,0
1289433,09:18:00,09:18:00,7014,15,0,0
1289433,09:19:00,09:19:00,7015,16,0,0
1289433,09:22:00,09:22:00,7016,17,0,0
1289433,09:23:00,09:23:00,7017,18,0,0
1289433,09:26:00,09:26:00,7018,19,0,0
1289433,09:28:00,09:28:00,7019,20,0,0
1289433,09:31:00,09:31:00,7020,21,0,0
1289433,09:33:00,09:33:00,7021,22,0,0
1289433,09:35:00,09:35:00,7022,23,0,0
1289433,09:38:00,09:38:00,7023,24,0,0
1289433,09:40:00,09:40:00,7024,25,0,0
1289433,09:43:00,09:43:00,7099,26,0,0
1289433,09:46:00,09:46:00,7101,27,0,0
1289433,09:48:00,09:48:00,7103,28,0,0
1289433,09:51:00,09:51:00,7097,29,1,0
1289434,06:18:00,06:18:00,7000,1,0,0
1289434,06:19:00,06:19:00,7001,2,0,0
1289434,06:20:00,06:20:00,7002,3,0,0
1289434,06:24:00,06:24:00,7003,4,0,0
1289434,06:25:00,06:25:00,7004,5,1,1
1289434,06:27:00,06:27:00,7005,6,0,0
1289434,06:29:00,06:29:00,7006,7,0,0
1289434,06:31:00,06:31:00,7007,8,0,0
1289434,06:32:00,06:32:00,7008,9,0,0
1289434,06:36:00,06:36:00,7107,10,0,0
1289434,06:39:00,06:39:00,7009,11,0,0
1289434,06:41:00,06:41:00,7010,12,0,0
1289434,06:43:00,06:43:00,7011,13,0,0
1289434,06:46:00,06:46:00,7013,14,0,0
1289434,06:48:00,06:48:00,7014,15,0,0
1289434,06:49:00,06:49:00,7015,16,0,0
1289434,06:52:00,06:52:00,7016,17,0,0
1289434,06:53:00,06:53:00,7017,18,0,0
1289434,06:56:00,06:56:00,7018,19,0,0
1289434,06:58:00,06:58:00,7019,20,0,0
1289434,07:01:00,07:01:00,7020,21,0,0
1289434,07:03:00,07:03:00,7021,22,0,0
1289434,07:05:00,07:05:00,7022,23,0,0
1289434,07:08:00,07:08:00,7023,24,0,0
1289434,07:10:00,07:10:00,7024,25,0,0
1289434,07:13:00,07:13:00,7099,26,0,0
1289434,07:16:00,07:16:00,7101,27,0,0
1289434,07:18:00,07:18:00,7103,28,0,0
1289434,07:21:00,07:21:00,7097,29,1,0
1289435,06:48:00,06:48:00,7000,1,0,0
1289435,06:49:00,06:49:00,7001,2,0,0
1289435,06:50:00,06:50:00,7002,3,0,0
1289435,06:54:00,06:54:00,7003,4,0,0
1289435,06:55:00,06:55:00,7004,5,1,1
1289435,06:57:00,06:57:00,7005,6,0,0
1289435,06:59:00,06:59:00,7006,7,0,0
1289435,07:01:00,07:01:00,7007,8,0,0
1289435,07:02:00,07:02:00,7008,9,0,0
1289435,07:06:00,07:06:00,7107,10,0,0
1289435,07:09:00,07:09:00,7009,11,0,0
1289435,07:11:00,07:11:00,7010,12,0,0
1289435,07:13:00,07:13:00,7011,13,0,0
1289435,07:16:00,07:16:00,7013,14,0,0
1289435,07:18:00,07:18:00,7014,15,0,0
1289435,07:19:00,07:19:00,7015,16,0,0
1289435,07:22:00,07:22:00,7016,17,0,0
1289435,07:23:00,07:23:00,7017,18,0,0
1289435,07:26:00,07:26:00,7018,19,0,0
1289435,07:28:00,07:28:00,7019,20,0,0
1289435,07:31:00,07:31:00,7020,21,0,0
1289435,07:33:00,07:33:00,7021,22,0,0
1289435,07:35:00,07:35:00,7022,23,0,0
1289435,07:38:00,07:38:00,7023,24,0,0
1289435,07:40:00,07:40:00,7024,25,0,0
1289435,07:43:00,07:43:00,7099,26,0,0
1289435,07:46:00,07:46:00,7101,27,0,0
1289435,07:48:00,07:48:00,7103,28,0,0
1289435,07:51:00,07:51:00,7097,29,1,0
1289436,07:18:00,07:18:00,7000,1,0,0
1289436,07:19:00,07:19:00,7001,2,0,0
1289436,07:20:00,07:20:00,7002,3,0,0
1289436,07:24:00,07:24:00,7003,4,0,0
1289436,07:25:00,07:25:00,7004,5,1,1
1289436,07:27:00,07:27:00,7005,6,0,0
1289436,07:29:00,07:29:00,7006,7,0,0
1289436,07:31:00,07:31:00,7007,8,0,0
1289436,07:32:00,07:32:00,7008,9,0,0
1289436,07:36:00,07:36:00,7107,10,0,0
1289436,07:39:00,07:39:00,7009,11,0,0
1289436,07:41:00,07:41:00,7010,12,0,0
1289436,07:43:00,07:43:00,7011,13,0,0
1289436,07:46:00,07:46:00,7013,14,0,0
1289436,07:48:00,07:48:00,7014,15,0,0
1289436,07:49:00,07:49:00,7015,16,0,0
1289436,07:52:00,07:52:00,7016,17,0,0
1289436,07:53:00,07:53:00,7017,18,0,0
1289436,07:56:00,07:56:00,7018,19,0,0
1289436,07:58:00,07:58:00,7019,20,0,0
1289436,08:01:00,08:01:00,7020,21,0,0
1289436,08:03:00,08:03:00,7021,22,0,0
1289436,08:05:00,08:05:00,7022,23,0,0
1289436,08:08:00,08:08:00,7023,24,0,0
1289436,08:10:00,08:10:00,7024,25,0,0
1289436,08:13:00,08:13:00,7099,26,0,0
1289436,08:16:00,08:16:00,7101,27,0,0
1289436,08:18:00,08:18:00,7103,28,0,0
1289436,08:21:00,08:21:00,7097,29,1,0
1289437,14:03:00,14:03:00,7000,1,0,0
1289437,14:04:00,14:04:00,7001,2,0,0
1289437,14:05:00,14:05:00,7002,3,0,0
1289437,14:09:00,14:09:00,7003,4,0,0
1289437,14:10:00,14:10:00,7004,5,1,1
1289437,14:12:00,14:12:00,7005,6,0,0
1289437,14:14:00,14:14:00,7006,7,0,0
1289437,14:16:00,14:16:00,7007,8,0,0
1289437,14:17:00,14:17:00,7008,9,0,0
1289437,14:21:00,14:21:00,7107,10,0,0
1289437,14:24:00,14:24:00,7009,11,0,0
1289437,14:26:00,14:26:00,7010,12,0,0
1289437,14:28:00,14:28:00,7011,13,0,0
1289437,14:31:00,14:31:00,7013,14,0,0
1289437,14:33:00,14:33:00,7014,15,0,0
1289437,14:34:00,14:34:00,7015,16,0,0
1289437,14:37:00,14:37:00,7016,17,0,0
1289437,14:38:00,14:38:00,7017,18,0,0
1289437,14:41:00,14:41:00,7018,19,0,0
1289437,14:43:00,14:43:00,7019,20,0,0
1289437,14:46:00,14:46:00,7020,21,0,0
1289437,14:48:00,14:48:00,7021,22,0,0
1289437,14:50:00,14:50:00,7022,23,0,0
1289437,14:53:00,14:53:00,7023,24,0,0
1289437,14:55:00,14:55:00,7024,25,0,0
1289437,14:58:00,14:58:00,7099,26,0,0
1289437,15:01:00,15:01:00,7101,27,0,0
1289437,15:03:00,15:03:00,7103,28,0,0
1289437,15:06:00,15:06:00,7097,29,1,0
1289438,14:33:00,14:33:00,7000,1,0,0
1289438,14:34:00,14:34:00,7001,2,0,0
1289438,14:35:00,14:35:00,7002,3,0,0
1289438,14:39:00,14:39:00,7003,4,0,0
1289438,14:40:00,14:40:00,7004,5,1,1
1289438,14:42:00,14:42:00,7005,6,0,0
1289438,14:44:00,14:44:00,7006,7,0,0
1289438,14:46:00,14:46:00,7007,8,0,0
1289438,14:47:00,14:47:00,7008,9,0,0
1289438,14:51:00,14:51:00,7107,10,0,0
1289438,14:54:00,14:54:00,7009,11,0,0
1289438,14:56:00,14:56:00,7010,12,0,0
1289438,14:58:00,14:58:00,7011,13,0,0
1289438,15:01:00,15:01:00,7013,14,0,0
1289438,15:03:00,15:03:00,7014,15,0,0
1289438,15:04:00,15:04:00,7015,16,0,0
1289438,15:07:00,15:07:00,7016,17,0,0
1289438,15:08:00,15:08:00,7017,18,0,0
1289438,15:11:00,15:11:00,7018,19,0,0
1289438,15:13:00,15:13:00,7019,20,0,0
1289438,15:16:00,15:16:00,7020,21,0,0
1289438,15:18:00,15:18:00,7021,22,0,0
1289438,15:20:00,15:20:00,7022,23,0,0
1289438,15:23:00,15:23:00,7023,24,0,0
1289438,15:25:00,15:25:00,7024,25,0,0
1289438,15:28:00,15:28:00,7099,26,0,0
1289438,15:31:00,15:31:00,7101,27,0,0
1289438,15:33:00,15:33:00,7103,28,0,0
1289438,15:36:00,15:36:00,7097,29,1,0
1289439,15:03:00,15:03:00,7000,1,0,0
1289439,15:04:00,15:04:00,7001,2,0,0
1289439,15:05:00,15:05:00,7002,3,0,0
1289439,15:09:00,15:09:00,7003,4,0,0
1289439,15:10:00,15:10:00,7004,5,1,1
1289439,15:12:00,15:12:00,7005,6,0,0
1289439,15:14:00,15:14:00,7006,7,0,0
1289439,15:16:00,15:16:00,7007,8,0,0
1289439,15:17:00,15:17:00,7008,9,0,0
1289439,15:21:00,15:21:00,7107,10,0,0
1289439,15:24:00,15:24:00,7009,11,0,0
1289439,15:26:00,15:26:00,7010,12,0,0
1289439,15:28:00,15:28:00,7011,13,0,0
1289439,15:31:00,15:31:00,7013,14,0,0
1289439,15:33:00,15:33:00,7014,15,0,0
1289439,15:34:00,15:34:00,7015,16,0,0
1289439,15:37:00,15:37:00,7016,17,0,0
1289439,15:38:00,15:38:00,7017,18,0,0
1289439,15:41:00,15:41:00,7018,19,0,0
1289439,15:43:00,15:43:00,7019,20,0,0
1289439,15:46:00,15:46:00,7020,21,0,0
1289439,15:48:00,15:48:00,7021,22,0,0
1289439,15:50:00,15:50:00,7022,23,0,0
1289439,15:53:00,15:53:00,7023,24,0,0
1289439,15:55:00,15:55:00,7024,25,0,0
1289439,15:58:00,15:58:00,7099,26,0,0
1289439,16:01:00,16:01:00,7101,27,0,0
1289439,16:03:00,16:03:00,7103,28,0,0
1289439,16:06:00,16:06:00,7097,29,1,0
1289440,03:53:00,03:53:00,7005,1,0,0
1289440,03:55:00,03:55:00,7006,2,0,0
1289440,03:57:00,03:57:00,7007,3,0,0
1289440,03:58:00,03:58:00,7008,4,0,0
1289440,04:02:00,04:02:00,7107,5,0,0
1289440,04:05:00,04:05:00,7009,6,0,0
1289440,04:07:00,04:07:00,7010,7,0,0
1289440,04:09:00,04:09:00,7011,8,0,0
1289440,04:12:00,04:12:00,7013,9,0,0
1289440,04:14:00,04:14:00,7014,10,0,0
1289440,04:15:00,04:15:00,7015,11,0,0
1289440,04:18:00,04:18:00,7016,12,0,0
1289440,04:19:00,04:19:00,7017,13,0,0
1289440,04:22:00,04:22:00,7018,14,0,0
1289440,04:24:00,04:24:00,7019,15,0,0
1289440,04:27:00,04:27:00,7020,16,0,0
1289440,04:28:00,04:28:00,7021,17,0,0
1289440,04:30:00,04:30:00,7022,18,0,0
1289440,04:34:00,04:34:00,7023,19,0,0
1289440,04:36:00,04:36:00,7024,20,0,0
1289440,04:39:00,04:39:00,7099,21,0,0
1289440,04:42:00,04:42:00,7101,22,0,0
1289440,04:44:00,04:44:00,7103,23,0,0
1289440,04:47:00,04:47:00,7097,24,1,0
1289441,05:48:00,05:48:00,7000,1,0,0
1289441,05:49:00,05:49:00,7001,2,0,0
1289441,05:50:00,05:50:00,7002,3,0,0
1289441,05:54:00,05:54:00,7003,4,0,0
1289441,05:55:00,05:55:00,7004,5,1,1
1289441,05:57:00,05:57:00,7005,6,0,0
1289441,05:59:00,05:59:00,7006,7,0,0
1289441,06:01:00,06:01:00,7007,8,0,0
1289441,06:02:00,06:02:00,7008,9,0,0
1289441,06:06:00,06:06:00,7107,10,0,0
1289441,06:09:00,06:09:00,7009,11,0,0
1289441,06:11:00,06:11:00,7010,12,0,0
1289441,06:13:00,06:13:00,7011,13,0,0
1289441,06:16:00,06:16:00,7013,14,0,0
1289441,06:18:00,06:18:00,7014,15,0,0
1289441,06:19:00,06:19:00,7015,16,0,0
1289441,06:22:00,06:22:00,7016,17,0,0
1289441,06:23:00,06:23:00,7017,18,0,0
1289441,06:26:00,06:26:00,7018,19,0,0
1289441,06:28:00,06:28:00,7019,20,0,0
1289441,06:31:00,06:31:00,7020,21,0,0
1289441,06:33:00,06:33:00,7021,22,0,0
1289441,06:35:00,06:35:00,7022,23,0,0
1289441,06:38:00,06:38:00,7023,24,0,0
1289441,06:40:00,06:40:00,7024,25,0,0
1289441,06:43:00,06:43:00,7099,26,0,0
1289441,06:46:00,06:46:00,7101,27,0,0
1289441,06:48:00,06:48:00,7103,28,0,0
1289441,06:51:00,06:51:00,7097,29,1,0
1289442,05:18:00,05:18:00,7000,1,0,0
1289442,05:19:00,05:19:00,7001,2,0,0
1289442,05:20:00,05:20:00,7002,3,0,0
1289442,05:24:00,05:24:00,7003,4,0,0
1289442,05:25:00,05:25:00,7004,5,1,1
1289442,05:27:00,05:27:00,7005,6,0,0
1289442,05:29:00,05:29:00,7006,7,0,0
1289442,05:31:00,05:31:00,7007,8,0,0
1289442,05:32:00,05:32:00,7008,9,0,0
1289442,05:36:00,05:36:00,7107,10,0,0
1289442,05:39:00,05:39:00,7009,11,0,0
1289442,05:41:00,05:41:00,7010,12,0,0
1289442,05:43:00,05:43:00,7011,13,0,0
1289442,05:46:00,05:46:00,7013,14,0,0
1289442,05:48:00,05:48:00,7014,15,0,0
1289442,05:49:00,05:49:00,7015,16,0,0
1289442,05:52:00,05:52:00,7016,17,0,0
1289442,05:53:00,05:53:00,7017,18,0,0
1289442,05:56:00,05:56:00,7018,19,0,0
1289442,05:58:00,05:58:00,7019,20,0,0
1289442,06:01:00,06:01:00,7020,21,0,0
1289442,06:03:00,06:03:00,7021,22,0,0
1289442,06:05:00,06:05:00,7022,23,0,0
1289442,06:08:00,06:08:00,7023,24,0,0
1289442,06:10:00,06:10:00,7024,25,0,0
1289442,06:13:00,06:13:00,7099,26,0,0
1289442,06:16:00,06:16:00,7101,27,0,0
1289442,06:18:00,06:18:00,7103,28,0,0
1289442,06:21:00,06:21:00,7097,29,1,0
1289443,04:42:00,04:42:00,7005,1,0,0
1289443,04:44:00,04:44:00,7006,2,0,0
1289443,04:46:00,04:46:00,7007,3,0,0
1289443,04:47:00,04:47:00,7008,4,0,0
1289443,04:51:00,04:51:00,7107,5,0,0
1289443,04:54:00,04:54:00,7009,6,0,0
1289443,04:56:00,04:56:00,7010,7,0,0
1289443,04:58:00,04:58:00,7011,8,0,0
1289443,05:01:00,05:01:00,7013,9,0,0
1289443,05:03:00,05:03:00,7014,10,0,0
1289443,05:04:00,05:04:00,7015,11,0,0
1289443,05:07:00,05:07:00,7016,12,0,0
1289443,05:08:00,05:08:00,7017,13,0,0
1289443,05:11:00,05:11:00,7018,14,0,0
1289443,05:13:00,05:13:00,7019,15,0,0
1289443,05:16:00,05:16:00,7020,16,0,0
1289443,05:17:00,05:17:00,7021,17,0,0
1289443,05:19:00,05:19:00,7022,18,0,0
1289443,05:23:00,05:23:00,7023,19,0,0
1289443,05:25:00,05:25:00,7024,20,0,0
1289443,05:28:00,05:28:00,7099,21,0,0
1289443,05:31:00,05:31:00,7101,22,0,0
1289443,05:33:00,05:33:00,7103,23,0,0
1289443,05:36:00,05:36:00,7097,24,1,0
1289444,04:57:00,04:57:00,7005,1,0,0
1289444,04:59:00,04:59:00,7006,2,0,0
1289444,05:01:00,05:01:00,7007,3,0,0
1289444,05:02:00,05:02:00,7008,4,0,0
1289444,05:06:00,05:06:00,7107,5,0,0
1289444,05:09:00,05:09:00,7009,6,0,0
1289444,05:11:00,05:11:00,7010,7,0,0
1289444,05:13:00,05:13:00,7011,8,0,0
1289444,05:16:00,05:16:00,7013,9,0,0
1289444,05:18:00,05:18:00,7014,10,0,0
1289444,05:19:00,05:19:00,7015,11,0,0
1289444,05:22:00,05:22:00,7016,12,0,0
1289444,05:23:00,05:23:00,7017,13,0,0
1289444,05:26:00,05:26:00,7018,14,0,0
1289444,05:28:00,05:28:00,7019,15,0,0
1289444,05:31:00,05:31:00,7020,16,0,0
1289444,05:32:00,05:32:00,7021,17,0,0
1289444,05:34:00,05:34:00,7022,18,0,0
1289444,05:38:00,05:38:00,7023,19,0,0
1289444,05:40:00,05:40:00,7024,20,0,0
1289444,05:43:00,05:43:00,7099,21,0,0
1289444,05:46:00,05:46:00,7101,22,0,0
1289444,05:48:00,05:48:00,7103,23,0,0
1289444,05:51:00,05:51:00,7097,24,1,0
1289445,04:12:00,04:12:00,7005,1,0,0
1289445,04:14:00,04:14:00,7006,2,0,0
1289445,04:16:00,04:16:00,7007,3,0,0
1289445,04:17:00,04:17:00,7008,4,0,0
1289445,04:21:00,04:21:00,7107,5,0,0
1289445,04:24:00,04:24:00,7009,6,0,0
1289445,04:26:00,04:26:00,7010,7,0,0
1289445,04:28:00,04:28:00,7011,8,0,0
1289445,04:31:00,04:31:00,7013,9,0,0
1289445,04:33:00,04:33:00,7014,10,0,0
1289445,04:34:00,04:34:00,7015,11,0,0
1289445,04:37:00,04:37:00,7016,12,0,0
1289445,04:38:00,04:38:00,7017,13,0,0
1289445,04:41:00,04:41:00,7018,14,0,0
1289445,04:43:00,04:43:00,7019,15,0,0
1289445,04:46:00,04:46:00,7020,16,0,0
1289445,04:47:00,04:47:00,7021,17,0,0
1289445,04:49:00,04:49:00,7022,18,0,0
1289445,04:53:00,04:53:00,7023,19,0,0
1289445,04:55:00,04:55:00,7024,20,0,0
1289445,04:58:00,04:58:00,7099,21,0,0
1289445,05:01:00,05:01:00,7101,22,0,0
1289445,05:03:00,05:03:00,7103,23,0,0
1289445,05:06:00,05:06:00,7097,24,1,0
1289446,19:48:00,19:48:00,7000,1,0,0
1289446,19:49:00,19:49:00,7001,2,0,0
1289446,19:50:00,19:50:00,7002,3,0,0
1289446,19:54:00,19:54:00,7003,4,0,0
1289446,19:55:00,19:55:00,7004,5,1,1
1289446,19:57:00,19:57:00,7005,6,0,0
1289446,19:59:00,19:59:00,7006,7,0,0
1289446,20:01:00,20:01:00,7007,8,0,0
1289446,20:02:00,20:02:00,7008,9,0,0
1289446,20:06:00,20:06:00,7107,10,0,0
1289446,20:09:00,20:09:00,7009,11,0,0
1289446,20:11:00,20:11:00,7010,12,0,0
1289446,20:13:00,20:13:00,7011,13,0,0
1289446,20:16:00,20:16:00,7013,14,0,0
1289446,20:18:00,20:18:00,7014,15,0,0
1289446,20:19:00,20:19:00,7015,16,0,0
1289446,20:22:00,20:22:00,7016,17,0,0
1289446,20:23:00,20:23:00,7017,18,0,0
1289446,20:26:00,20:26:00,7018,19,0,0
1289446,20:28:00,20:28:00,7019,20,0,0
1289446,20:31:00,20:31:00,7020,21,0,0
1289446,20:33:00,20:33:00,7021,22,0,0
1289446,20:35:00,20:35:00,7022,23,0,0
1289446,20:38:00,20:38:00,7023,24,0,0
1289446,20:40:00,20:40:00,7024,25,0,0
1289446,20:43:00,20:43:00,7099,26,0,0
1289446,20:46:00,20:46:00,7101,27,0,0
1289446,20:48:00,20:48:00,7103,28,0,0
1289446,20:51:00,20:51:00,7097,29,1,0
1289447,19:18:00,19:18:00,7000,1,0,0
1289447,19:19:00,19:19:00,7001,2,0,0
1289447,19:20:00,19:20:00,7002,3,0,0
1289447,19:24:00,19:24:00,7003,4,0,0
1289447,19:25:00,19:25:00,7004,5,1,1
1289447,19:27:00,19:27:00,7005,6,0,0
1289447,19:29:00,19:29:00,7006,7,0,0
1289447,19:31:00,19:31:00,7007,8,0,0
1289447,19:32:00,19:32:00,7008,9,0,0
1289447,19:36:00,19:36:00,7107,10,0,0
1289447,19:39:00,19:39:00,7009,11,0,0
1289447,19:41:00,19:41:00,7010,12,0,0
1289447,19:43:00,19:43:00,7011,13,0,0
1289447,19:46:00,19:46:00,7013,14,0,0
1289447,19:48:00,19:48:00,7014,15,0,0
1289447,19:49:00,19:49:00,7015,16,0,0
1289447,19:52:00,19:52:00,7016,17,0,0
1289447,19:53:00,19:53:00,7017,18,0,0
1289447,19:56:00,19:56:00,7018,19,0,0
1289447,19:58:00,19:58:00,7019,20,0,0
1289447,20:01:00,20:01:00,7020,21,0,0
1289447,20:03:00,20:03:00,7021,22,0,0
1289447,20:05:00,20:05:00,7022,23,0,0
1289447,20:08:00,20:08:00,7023,24,0,0
1289447,20:10:00,20:10:00,7024,25,0,0
1289447,20:13:00,20:13:00,7099,26,0,0
1289447,20:16:00,20:16:00,7101,27,0,0
1289447,20:18:00,20:18:00,7103,28,0,0
1289447,20:21:00,20:21:00,7097,29,1,0
1289448,18:48:00,18:48:00,7000,1,0,0
1289448,18:49:00,18:49:00,7001,2,0,0
1289448,18:50:00,18:50:00,7002,3,0,0
1289448,18:54:00,18:54:00,7003,4,0,0
1289448,18:55:00,18:55:00,7004,5,1,1
1289448,18:57:00,18:57:00,7005,6,0,0
1289448,18:59:00,18:59:00,7006,7,0,0
1289448,19:01:00,19:01:00,7007,8,0,0
1289448,19:02:00,19:02:00,7008,9,0,0
1289448,19:06:00,19:06:00,7107,10,0,0
1289448,19:09:00,19:09:00,7009,11,0,0
1289448,19:11:00,19:11:00,7010,12,0,0
1289448,19:13:00,19:13:00,7011,13,0,0
1289448,19:16:00,19:16:00,7013,14,0,0
1289448,19:18:00,19:18:00,7014,15,0,0
1289448,19:19:00,19:19:00,7015,16,0,0
1289448,19:22:00,19:22:00,7016,17,0,0
1289448,19:23:00,19:23:00,7017,18,0,0
1289448,19:26:00,19:26:00,7018,19,0,0
1289448,19:28:00,19:28:00,7019,20,0,0
1289448,19:31:00,19:31:00,7020,21,0,0
1289448,19:33:00,19:33:00,7021,22,0,0
1289448,19:35:00,19:35:00,7022,23,0,0
1289448,19:38:00,19:38:00,7023,24,0,0
1289448,19:40:00,19:40:00,7024,25,0,0
1289448,19:43:00,19:43:00,7099,26,0,0
1289448,19:46:00,19:46:00,7101,27,0,0
1289448,19:48:00,19:48:00,7103,28,0,0
1289448,19:51:00,19:51:00,7097,29,1,0
1289449,18:18:00,18:18:00,7000,1,0,0
1289449,18:19:00,18:19:00,7001,2,0,0
1289449,18:20:00,18:20:00,7002,3,0,0
1289449,18:24:00,18:24:00,7003,4,0,0
1289449,18:25:00,18:25:00,7004,5,1,1
1289449,18:27:00,18:27:00,7005,6,0,0
1289449,18:29:00,18:29:00,7006,7,0,0
1289449,18:31:00,18:31:00,7007,8,0,0
1289449,18:32:00,18:32:00,7008,9,0,0
1289449,18:36:00,18:36:00,7107,10,0,0
1289449,18:39:00,18:39:00,7009,11,0,0
1289449,18:41:00,18:41:00,7010,12,0,0
1289449,18:43:00,18:43:00,7011,13,0,0
1289449,18:46:00,18:46:00,7013,14,0,0
1289449,18:48:00,18:48:00,7014,15,0,0
1289449,18:49:00,18:49:00,7015,16,0,0
1289449,18:52:00,18:52:00,7016,17,0,0
1289449,18:53:00,18:53:00,7017,18,0,0
1289449,18:56:00,18:56:00,7018,19,0,0
1289449,18:58:00,18:58:00,7019,20,0,0
1289449,19:01:00,19:01:00,7020,21,0,0
1289449,19:03:00,19:03:00,7021,22,0,0
1289449,19:05:00,19:05:00,7022,23,0,0
1289449,19:08:00,19:08:00,7023,24,0,0
1289449,19:10:00,19:10:00,7024,25,0,0
1289449,19:13:00,19:13:00,7099,26,0,0
1289449,19:16:00,19:16:00,7101,27,0,0
1289449,19:18:00,19:18:00,7103,28,0,0
1289449,19:21:00,19:21:00,7097,29,1,0
1289450,17:48:00,17:48:00,7000,1,0,0
1289450,17:49:00,17:49:00,7001,2,0,0
1289450,17:50:00,17:50:00,7002,3,0,0
1289450,17:54:00,17:54:00,7003,4,0,0
1289450,17:55:00,17:55:00,7004,5,1,1
1289450,17:57:00,17:57:00,7005,6,0,0
1289450,17:59:00,17:59:00,7006,7,0,0
1289450,18:01:00,18:01:00,7007,8,0,0
1289450,18:02:00,18:02:00,7008,9,0,0
1289450,18:06:00,18:06:00,7107,10,0,0
1289450,18:09:00,18:09:00,7009,11,0,0
1289450,18:11:00,18:11:00,7010,12,0,0
1289450,18:13:00,18:13:00,7011,13,0,0
1289450,18:16:00,18:16:00,7013,14,0,0
1289450,18:18:00,18:18:00,7014,15,0,0
1289450,18:19:00,18:19:00,7015,16,0,0
1289450,18:22:00,18:22:00,7016,17,0,0
1289450,18:23:00,18:23:00,7017,18,0,0
1289450,18:26:00,18:26:00,7018,19,0,0
1289450,18:28:00,18:28:00,7019,20,0,0
1289450,18:31:00,18:31:00,7020,21,0,0
1289450,18:33:00,18:33:00,7021,22,0,0
1289450,18:35:00,18:35:00,7022,23,0,0
1289450,18:38:00,18:38:00,7023,24,0,0
1289450,18:40:00,18:40:00,7024,25,0,0
1289450,18:43:00,18:43:00,7099,26,0,0
1289450,18:46:00,18:46:00,7101,27,0,0
1289450,18:48:00,18:48:00,7103,28,0,0
1289450,18:51:00,18:51:00,7097,29,1,0
1289451,10:33:00,10:33:00,7000,1,0,0
1289451,10:34:00,10:34:00,7001,2,0,0
1289451,10:35:00,10:35:00,7002,3,0,0
1289451,10:39:00,10:39:00,7003,4,0,0
1289451,10:40:00,10:40:00,7004,5,1,1
1289451,10:42:00,10:42:00,7005,6,0,0
1289451,10:44:00,10:44:00,7006,7,0,0
1289451,10:46:00,10:46:00,7007,8,0,0
1289451,10:47:00,10:47:00,7008,9,0,0
1289451,10:51:00,10:51:00,7107,10,0,0
1289451,10:54:00,10:54:00,7009,11,0,0
1289451,10:56:00,10:56:00,7010,12,0,0
1289451,10:58:00,10:58:00,7011,13,0,0
1289451,11:01:00,11:01:00,7013,14,0,0
1289451,11:03:00,11:03:00,7014,15,0,0
1289451,11:04:00,11:04:00,7015,16,0,0
1289451,11:07:00,11:07:00,7016,17,0,0
1289451,11:08:00,11:08:00,7017,18,0,0
1289451,11:11:00,11:11:00,7018,19,0,0
1289451,11:13:00,11:13:00,7019,20,0,0
1289451,11:16:00,11:16:00,7020,21,0,0
1289451,11:18:00,11:18:00,7021,22,0,0
1289451,11:20:00,11:20:00,7022,23,0,0
1289451,11:23:00,11:23:00,7023,24,0,0
1289451,11:25:00,11:25:00,7024,25,0,0
1289451,11:28:00,11:28:00,7099,26,0,0
1289451,11:31:00,11:31:00,7101,27,0,0
1289451,11:33:00,11:33:00,7103,28,0,0
1289451,11:36:00,11:36:00,7097,29,1,0
1289452,16:33:00,16:33:00,7000,1,0,0
1289452,16:34:00,16:34:00,7001,2,0,0
1289452,16:35:00,16:35:00,7002,3,0,0
1289452,16:39:00,16:39:00,7003,4,0,0
1289452,16:40:00,16:40:00,7004,5,1,1
1289452,16:42:00,16:42:00,7005,6,0,0
1289452,16:44:00,16:44:00,7006,7,0,0
1289452,16:46:00,16:46:00,7007,8,0,0
1289452,16:47:00,16:47:00,7008,9,0,0
1289452,16:51:00,16:51:00,7107,10,0,0
1289452,16:54:00,16:54:00,7009,11,0,0
1289452,16:56:00,16:56:00,7010,12,0,0
1289452,16:58:00,16:58:00,7011,13,0,0
1289452,17:01:00,17:01:00,7013,14,0,0
1289452,17:03:00,17:03:00,7014,15,0,0
1289452,17:04:00,17:04:00,7015,16,0,0
1289452,17:07:00,17:07:00,7016,17,0,0
1289452,17:08:00,17:08:00,7017,18,0,0
1289452,17:11:00,17:11:00,7018,19,0,0
1289452,17:13:00,17:13:00,7019,20,0,0
1289452,17:16:00,17:16:00,7020,21,0,0
1289452,17:18:00,17:18:00,7021,22,0,0
1289452,17:20:00,17:20:00,7022,23,0,0
1289452,17:23:00,17:23:00,7023,24,0,0
1289452,17:25:00,17:25:00,7024,25,0,0
1289452,17:28:00,17:28:00,7099,26,0,0
1289452,17:31:00,17:31:00,7101,27,0,0
1289452,17:33:00,17:33:00,7103,28,0,0
1289452,17:36:00,17:36:00,7097,29,1,0
1289453,09:33:00,09:33:00,7000,1,0,0
1289453,09:34:00,09:34:00,7001,2,0,0
1289453,09:35:00,09:35:00,7002,3,0,0
1289453,09:39:00,09:39:00,7003,4,0,0
1289453,09:40:00,09:40:00,7004,5,1,1
1289453,09:42:00,09:42:00,7005,6,0,0
1289453,09:44:00,09:44:00,7006,7,0,0
1289453,09:46:00,09:46:00,7007,8,0,0
1289453,09:47:00,09:47:00,7008,9,0,0
1289453,09:51:00,09:51:00,7107,10,0,0
1289453,09:54:00,09:54:00,7009,11,0,0
1289453,09:56:00,09:56:00,7010,12,0,0
1289453,09:58:00,09:58:00,7011,13,0,0
1289453,10:01:00,10:01:00,7013,14,0,0
1289453,10:03:00,10:03:00,7014,15,0,0
1289453,10:04:00,10:04:00,7015,16,0,0
1289453,10:07:00,10:07:00,7016,17,0,0
1289453,10:08:00,10:08:00,7017,18,0,0
1289453,10:11:00,10:11:00,7018,19,0,0
1289453,10:13:00,10:13:00,7019,20,0,0
1289453,10:16:00,10:16:00,7020,21,0,0
1289453,10:18:00,10:18:00,7021,22,0,0
1289453,10:20:00,10:20:00,7022,23,0,0
1289453,10:23:00,10:23:00,7023,24,0,0
1289453,10:25:00,10:25:00,7024,25,0,0
1289453,10:28:00,10:28:00,7099,26,0,0
1289453,10:31:00,10:31:00,7101,27,0,0
1289453,10:33:00,10:33:00,7103,28,0,0
1289453,10:36:00,10:36:00,7097,29,1,0
1289454,06:03:00,06:03:00,7000,1,0,0
1289454,06:04:00,06:04:00,7001,2,0,0
1289454,06:05:00,06:05:00,7002,3,0,0
1289454,06:09:00,06:09:00,7003,4,0,0
1289454,06:10:00,06:10:00,7004,5,1,1
1289454,06:12:00,06:12:00,7005,6,0,0
1289454,06:14:00,06:14:00,7006,7,0,0
1289454,06:16:00,06:16:00,7007,8,0,0
1289454,06:17:00,06:17:00,7008,9,0,0
1289454,06:21:00,06:21:00,7107,10,0,0
1289454,06:24:00,06:24:00,7009,11,0,0
1289454,06:26:00,06:26:00,7010,12,0,0
1289454,06:28:00,06:28:00,7011,13,0,0
1289454,06:31:00,06:31:00,7013,14,0,0
1289454,06:33:00,06:33:00,7014,15,0,0
1289454,06:34:00,06:34:00,7015,16,0,0
1289454,06:37:00,06:37:00,7016,17,0,0
1289454,06:38:00,06:38:00,7017,18,0,0
1289454,06:41:00,06:41:00,7018,19,0,0
1289454,06:43:00,06:43:00,7019,20,0,0
1289454,06:46:00,06:46:00,7020,21,0,0
1289454,06:48:00,06:48:00,7021,22,0,0
1289454,06:50:00,06:50:00,7022,23,0,0
1289454,06:53:00,06:53:00,7023,24,0,0
1289454,06:55:00,06:55:00,7024,25,0,0
1289454,06:58:00,06:58:00,7099,26,0,0
1289454,07:01:00,07:01:00,7101,27,0,0
1289454,07:03:00,07:03:00,7103,28,0,0
1289454,07:06:00,07:06:00,7097,29,1,0
1289455,05:33:00,05:33:00,7000,1,0,0
1289455,05:34:00,05:34:00,7001,2,0,0
1289455,05:35:00,05:35:00,7002,3,0,0
1289455,05:39:00,05:39:00,7003,4,0,0
1289455,05:40:00,05:40:00,7004,5,1,1
1289455,05:42:00,05:42:00,7005,6,0,0
1289455,05:44:00,05:44:00,7006,7,0,0
1289455,05:46:00,05:46:00,7007,8,0,0
1289455,05:47:00,05:47:00,7008,9,0,0
1289455,05:51:00,05:51:00,7107,10,0,0
1289455,05:54:00,05:54:00,7009,11,0,0
1289455,05:56:00,05:56:00,7010,12,0,0
1289455,05:58:00,05:58:00,7011,13,0,0
1289455,06:01:00,06:01:00,7013,14,0,0
1289455,06:03:00,06:03:00,7014,15,0,0
1289455,06:04:00,06:04:00,7015,16,0,0
1289455,06:07:00,06:07:00,7016,17,0,0
1289455,06:08:00,06:08:00,7017,18,0,0
1289455,06:11:00,06:11:00,7018,19,0,0
1289455,06:13:00,06:13:00,7019,20,0,0
1289455,06:16:00,06:16:00,7020,21,0,0
1289455,06:18:00,06:18:00,7021,22,0,0
1289455,06:20:00,06:20:00,7022,23,0,0
1289455,06:23:00,06:23:00,7023,24,0,0
1289455,06:25:00,06:25:00,7024,25,0,0
1289455,06:28:00,06:28:00,7099,26,0,0
1289455,06:31:00,06:31:00,7101,27,0,0
1289455,06:33:00,06:33:00,7103,28,0,0
1289455,06:36:00,06:36:00,7097,29,1,0
1289456,05:03:00,05:03:00,7000,1,0,0
1289456,05:04:00,05:04:00,7001,2,0,0
1289456,05:05:00,05:05:00,7002,3,0,0
1289456,05:09:00,05:09:00,7003,4,0,0
1289456,05:10:00,05:10:00,7004,5,1,1
1289456,05:12:00,05:12:00,7005,6,0,0
1289456,05:14:00,05:14:00,7006,7,0,0
1289456,05:16:00,05:16:00,7007,8,0,0
1289456,05:17:00,05:17:00,7008,9,0,0
1289456,05:21:00,05:21:00,7107,10,0,0
1289456,05:24:00,05:24:00,7009,11,0,0
1289456,05:26:00,05:26:00,7010,12,0,0
1289456,05:28:00,05:28:00,7011,13,0,0
1289456,05:31:00,05:31:00,7013,14,0,0
1289456,05:33:00,05:33:00,7014,15,0,0
1289456,05:34:00,05:34:00,7015,16,0,0
1289456,05:37:00,05:37:00,7016,17,0,0
1289456,05:38:00,05:38:00,7017,18,0,0
1289456,05:41:00,05:41:00,7018,19,0,0
1289456,05:43:00,05:43:00,7019,20,0,0
1289456,05:46:00,05:46:00,7020,21,0,0
1289456,05:48:00,05:48:00,7021,22,0,0
1289456,05:50:00,05:50:00,7022,23,0,0
1289456,05:53:00,05:53:00,7023,24,0,0
1289456,05:55:00,05:55:00,7024,25,0,0
1289456,05:58:00,05:58:00,7099,26,0,0
1289456,06:01:00,06:01:00,7101,27,0,0
1289456,06:03:00,06:03:00,7103,28,0,0
1289456,06:06:00,06:06:00,7097,29,1,0
1289457,04:27:00,04:27:00,7005,1,0,0
1289457,04:29:00,04:29:00,7006,2,0,0
1289457,04:31:00,04:31:00,7007,3,0,0
1289457,04:32:00,04:32:00,7008,4,0,0
1289457,04:36:00,04:36:00,7107,5,0,0
1289457,04:39:00,04:39:00,7009,6,0,0
1289457,04:41:00,04:41:00,7010,7,0,0
1289457,04:43:00,04:43:00,7011,8,0,0
1289457,04:46:00,04:46:00,7013,9,0,0
1289457,04:48:00,04:48:00,7014,10,0,0
1289457,04:49:00,04:49:00,7015,11,0,0
1289457,04:52:00,04:52:00,7016,12,0,0
1289457,04:53:00,04:53:00,7017,13,0,0
1289457,04:56:00,04:56:00,7018,14,0,0
1289457,04:58:00,04:58:00,7019,15,0,0
1289457,05:01:00,05:01:00,7020,16,0,0
1289457,05:02:00,05:02:00,7021,17,0,0
1289457,05:04:00,05:04:00,7022,18,0,0
1289457,05:08:00,05:08:00,7023,19,0,0
1289457,05:10:00,05:10:00,7024,20,0,0
1289457,05:13:00,05:13:00,7099,21,0,0
1289457,05:16:00,05:16:00,7101,22,0,0
1289457,05:18:00,05:18:00,7103,23,0,0
1289457,05:21:00,05:21:00,7097,24,1,0
1289458,16:03:00,16:03:00,7000,1,0,0
1289458,16:04:00,16:04:00,7001,2,0,0
1289458,16:05:00,16:05:00,7002,3,0,0
1289458,16:09:00,16:09:00,7003,4,0,0
1289458,16:10:00,16:10:00,7004,5,1,1
1289458,16:12:00,16:12:00,7005,6,0,0
1289458,16:14:00,16:14:00,7006,7,0,0
1289458,16:16:00,16:16:00,7007,8,0,0
1289458,16:17:00,16:17:00,7008,9,0,0
1289458,16:21:00,16:21:00,7107,10,0,0
1289458,16:24:00,16:24:00,7009,11,0,0
1289458,16:26:00,16:26:00,7010,12,0,0
1289458,16:28:00,16:28:00,7011,13,0,0
1289458,16:31:00,16:31:00,7013,14,0,0
1289458,16:33:00,16:33:00,7014,15,0,0
1289458,16:34:00,16:34:00,7015,16,0,0
1289458,16:37:00,16:37:00,7016,17,0,0
1289458,16:38:00,16:38:00,7017,18,0,0
1289458,16:41:00,16:41:00,7018,19,0,0
1289458,16:43:00,16:43:00,7019,20,0,0
1289458,16:46:00,16:46:00,7020,21,0,0
1289458,16:48:00,16:48:00,7021,22,0,0
1289458,16:50:00,16:50:00,7022,23,0,0
1289458,16:53:00,16:53:00,7023,24,0,0
1289458,16:55:00,16:55:00,7024,25,0,0
1289458,16:58:00,16:58:00,7099,26,0,0
1289458,17:01:00,17:01:00,7101,27,0,0
1289458,17:03:00,17:03:00,7103,28,0,0
1289458,17:06:00,17:06:00,7097,29,1,0
1289459,07:33:00,07:33:00,7000,1,0,0
1289459,07:34:00,07:34:00,7001,2,0,0
1289459,07:35:00,07:35:00,7002,3,0,0
1289459,07:39:00,07:39:00,7003,4,0,0
1289459,07:40:00,07:40:00,7004,5,1,1
1289459,07:42:00,07:42:00,7005,6,0,0
1289459,07:44:00,07:44:00,7006,7,0,0
1289459,07:46:00,07:46:00,7007,8,0,0
1289459,07:47:00,07:47:00,7008,9,0,0
1289459,07:51:00,07:51:00,7107,10,0,0
1289459,07:54:00,07:54:00,7009,11,0,0
1289459,07:56:00,07:56:00,7010,12,0,0
1289459,07:58:00,07:58:00,7011,13,0,0
1289459,08:01:00,08:01:00,7013,14,0,0
1289459,08:03:00,08:03:00,7014,15,0,0
1289459,08:04:00,08:04:00,7015,16,0,0
1289459,08:07:00,08:07:00,7016,17,0,0
1289459,08:08:00,08:08:00,7017,18,0,0
1289459,08:11:00,08:11:00,7018,19,0,0
1289459,08:13:00,08:13:00,7019,20,0,0
1289459,08:16:00,08:16:00,7020,21,0,0
1289459,08:18:00,08:18:00,7021,22,0,0
1289459,08:20:00,08:20:00,7022,23,0,0
1289459,08:23:00,08:23:00,7023,24,0,0
1289459,08:25:00,08:25:00,7024,25,0,0
1289459,08:28:00,08:28:00,7099,26,0,0
1289459,08:31:00,08:31:00,7101,27,0,0
1289459,08:33:00,08:33:00,7103,28,0,0
1289459,08:36:00,08:36:00,7097,29,1,0
1289460,07:03:00,07:03:00,7000,1,0,0
1289460,07:04:00,07:04:00,7001,2,0,0
1289460,07:05:00,07:05:00,7002,3,0,0
1289460,07:09:00,07:09:00,7003,4,0,0
1289460,07:10:00,07:10:00,7004,5,1,1
1289460,07:12:00,07:12:00,7005,6,0,0
1289460,07:14:00,07:14:00,7006,7,0,0
1289460,07:16:00,07:16:00,7007,8,0,0
1289460,07:17:00,07:17:00,7008,9,0,0
1289460,07:21:00,07:21:00,7107,10,0,0
1289460,07:24:00,07:24:00,7009,11,0,0
1289460,07:26:00,07:26:00,7010,12,0,0
1289460,07:28:00,07:28:00,7011,13,0,0
1289460,07:31:00,07:31:00,7013,14,0,0
1289460,07:33:00,07:33:00,7014,15,0,0
1289460,07:34:00,07:34:00,7015,16,0,0
1289460,07:37:00,07:37:00,7016,17,0,0
1289460,07:38:00,07:38:00,7017,18,0,0
1289460,07:41:00,07:41:00,7018,19,0,0
1289460,07:43:00,07:43:00,7019,20,0,0
1289460,07:46:00,07:46:00,7020,21,0,0
1289460,07:48:00,07:48:00,7021,22,0,0
1289460,07:50:00,07:50:00,7022,23,0,0
1289460,07:53:00,07:53:00,7023,24,0,0
1289460,07:55:00,07:55:00,7024,25,0,0
1289460,07:58:00,07:58:00,7099,26,0,0
1289460,08:01:00,08:01:00,7101,27,0,0
1289460,08:03:00,08:03:00,7103,28,0,0
1289460,08:06:00,08:06:00,7097,29,1,0
1289461,06:33:00,06:33:00,7000,1,0,0
1289461,06:34:00,06:34:00,7001,2,0,0
1289461,06:35:00,06:35:00,7002,3,0,0
1289461,06:39:00,06:39:00,7003,4,0,0
1289461,06:40:00,06:40:00,7004,5,1,1
1289461,06:42:00,06:42:00,7005,6,0,0
1289461,06:44:00,06:44:00,7006,7,0,0
1289461,06:46:00,06:46:00,7007,8,0,0
1289461,06:47:00,06:47:00,7008,9,0,0
1289461,06:51:00,06:51:00,7107,10,0,0
1289461,06:54:00,06:54:00,7009,11,0,0
1289461,06:56:00,06:56:00,7010,12,0,0
1289461,06:58:00,06:58:00,7011,13,0,0
1289461,07:01:00,07:01:00,7013,14,0,0
1289461,07:03:00,07:03:00,7014,15,0,0
1289461,07:04:00,07:04:00,7015,16,0,0
1289461,07:07:00,07:07:00,7016,17,0,0
1289461,07:08:00,07:08:00,7017,18,0,0
1289461,07:11:00,07:11:00,7018,19,0,0
1289461,07:13:00,07:13:00,7019,20,0,0
1289461,07:16:00,07:16:00,7020,21,0,0
1289461,07:18:00,07:18:00,7021,22,0,0
1289461,07:20:00,07:20:00,7022,23,0,0
1289461,07:23:00,07:23:00,7023,24,0,0
1289461,07:25:00,07:25:00,7024,25,0,0
1289461,07:28:00,07:28:00,7099,26,0,0
1289461,07:31:00,07:31:00,7101,27,0,0
1289461,07:33:00,07:33:00,7103,28,0,0
1289461,07:36:00,07:36:00,7097,29,1,0
1289462,12:03:00,12:03:00,7000,1,0,0
1289462,12:04:00,12:04:00,7001,2,0,0
1289462,12:05:00,12:05:00,7002,3,0,0
1289462,12:09:00,12:09:00,7003,4,0,0
1289462,12:10:00,12:10:00,7004,5,1,1
1289462,12:12:00,12:12:00,7005,6,0,0
1289462,12:14:00,12:14:00,7006,7,0,0
1289462,12:16:00,12:16:00,7007,8,0,0
1289462,12:17:00,12:17:00,7008,9,0,0
1289462,12:21:00,12:21:00,7107,10,0,0
1289462,12:24:00,12:24:00,7009,11,0,0
1289462,12:26:00,12:26:00,7010,12,0,0
1289462,12:28:00,12:28:00,7011,13,0,0
1289462,12:31:00,12:31:00,7013,14,0,0
1289462,12:33:00,12:33:00,7014,15,0,0
1289462,12:34:00,12:34:00,7015,16,0,0
1289462,12:37:00,12:37:00,7016,17,0,0
1289462,12:38:00,12:38:00,7017,18,0,0
1289462,12:41:00,12:41:00,7018,19,0,0
1289462,12:43:00,12:43:00,7019,20,0,0
1289462,12:46:00,12:46:00,7020,21,0,0
1289462,12:48:00,12:48:00,7021,22,0,0
1289462,12:50:00,12:50:00,7022,23,0,0
1289462,12:53:00,12:53:00,7023,24,0,0
1289462,12:55:00,12:55:00,7024,25,0,0
1289462,12:58:00,12:58:00,7099,26,0,0
1289462,13:01:00,13:01:00,7101,27,0,0
1289462,13:03:00,13:03:00,7103,28,0,0
1289462,13:06:00,13:06:00,7097,29,1,0
1289463,11:33:00,11:33:00,7000,1,0,0
1289463,11:34:00,11:34:00,7001,2,0,0
1289463,11:35:00,11:35:00,7002,3,0,0
1289463,11:39:00,11:39:00,7003,4,0,0
1289463,11:40:00,11:40:00,7004,5,1,1
1289463,11:42:00,11:42:00,7005,6,0,0
1289463,11:44:00,11:44:00,7006,7,0,0
1289463,11:46:00,11:46:00,7007,8,0,0
1289463,11:47:00,11:47:00,7008,9,0,0
1289463,11:51:00,11:51:00,7107,10,0,0
1289463,11:54:00,11:54:00,7009,11,0,0
1289463,11:56:00,11:56:00,7010,12,0,0
1289463,11:58:00,11:58:00,7011,13,0,0
1289463,12:01:00,12:01:00,7013,14,0,0
1289463,12:03:00,12:03:00,7014,15,0,0
1289463,12:04:00,12:04:00,7015,16,0,0
1289463,12:07:00,12:07:00,7016,17,0,0
1289463,12:08:00,12:08:00,7017,18,0,0
1289463,12:11:00,12:11:00,7018,19,0,0
1289463,12:13:00,12:13:00,7019,20,0,0
1289463,12:16:00,12:16:00,7020,21,0,0
1289463,12:18:00,12:18:00,7021,22,0,0
1289463,12:20:00,12:20:00,7022,23,0,0
1289463,12:23:00,12:23:00,7023,24,0,0
1289463,12:25:00,12:25:00,7024,25,0,0
1289463,12:28:00,12:28:00,7099,26,0,0
1289463,12:31:00,12:31:00,7101,27,0,0
1289463,12:33:00,12:33:00,7103,28,0,0
1289463,12:36:00,12:36:00,7097,29,1,0
1289464,11:03:00,11:03:00,7000,1,0,0
1289464,11:04:00,11:04:00,7001,2,0,0
1289464,11:05:00,11:05:00,7002,3,0,0
1289464,11:09:00,11:09:00,7003,4,0,0
1289464,11:10:00,11:10:00,7004,5,1,1
1289464,11:12:00,11:12:00,7005,6,0,0
1289464,11:14:00,11:14:00,7006,7,0,0
1289464,11:16:00,11:16:00,7007,8,0,0
1289464,11:17:00,11:17:00,7008,9,0,0
1289464,11:21:00,11:21:00,7107,10,0,0
1289464,11:24:00,11:24:00,7009,11,0,0
1289464,11:26:00,11:26:00,7010,12,0,0
1289464,11:28:00,11:28:00,7011,13,0,0
1289464,11:31:00,11:31:00,7013,14,0,0
1289464,11:33:00,11:33:00,7014,15,0,0
1289464,11:34:00,11:34:00,7015,16,0,0
1289464,11:37:00,11:37:00,7016,17,0,0
1289464,11:38:00,11:38:00,7017,18,0,0
1289464,11:41:00,11:41:00,7018,19,0,0
1289464,11:43:00,11:43:00,7019,20,0,0
1289464,11:46:00,11:46:00,7020,21,0,0
1289464,11:48:00,11:48:00,7021,22,0,0
1289464,11:50:00,11:50:00,7022,23,0,0
1289464,11:53:00,11:53:00,7023,24,0,0
1289464,11:55:00,11:55:00,7024,25,0,0
1289464,11:58:00,11:58:00,7099,26,0,0
1289464,12:01:00,12:01:00,7101,27,0,0
1289464,12:03:00,12:03:00,7103,28,0,0
1289464,12:06:00,12:06:00,7097,29,1,0
1289465,09:03:00,09:03:00,7000,1,0,0
1289465,09:04:00,09:04:00,7001,2,0,0
1289465,09:05:00,09:05:00,7002,3,0,0
1289465,09:09:00,09:09:00,7003,4,0,0
1289465,09:10:00,09:10:00,7004,5,1,1
1289465,09:12:00,09:12:00,7005,6,0,0
1289465,09:14:00,09:14:00,7006,7,0,0
1289465,09:16:00,09:16:00,7007,8,0,0
1289465,09:17:00,09:17:00,7008,9,0,0
1289465,09:21:00,09:21:00,7107,10,0,0
1289465,09:24:00,09:24:00,7009,11,0,0
1289465,09:26:00,09:26:00,7010,12,0,0
1289465,09:28:00,09:28:00,7011,13,0,0
1289465,09:31:00,09:31:00,7013,14,0,0
1289465,09:33:00,09:33:00,7014,15,0,0
1289465,09:34:00,09:34:00,7015,16,0,0
1289465,09:37:00,09:37:00,7016,17,0,0
1289465,09:38:00,09:38:00,7017,18,0,0
1289465,09:41:00,09:41:00,7018,19,0,0
1289465,09:43:00,09:43:00,7019,20,0,0
1289465,09:46:00,09:46:00,7020,21,0,0
1289465,09:48:00,09:48:00,7021,22,0,0
1289465,09:50:00,09:50:00,7022,23,0,0
1289465,09:53:00,09:53:00,7023,24,0,0
1289465,09:55:00,09:55:00,7024,25,0,0
1289465,09:58:00,09:58:00,7099,26,0,0
1289465,10:01:00,10:01:00,7101,27,0,0
1289465,10:03:00,10:03:00,7103,28,0,0
1289465,10:06:00,10:06:00,7097,29,1,0
1289466,08:33:00,08:33:00,7000,1,0,0
1289466,08:34:00,08:34:00,7001,2,0,0
1289466,08:35:00,08:35:00,7002,3,0,0
1289466,08:39:00,08:39:00,7003,4,0,0
1289466,08:40:00,08:40:00,7004,5,1,1
1289466,08:42:00,08:42:00,7005,6,0,0
1289466,08:44:00,08:44:00,7006,7,0,0
1289466,08:46:00,08:46:00,7007,8,0,0
1289466,08:47:00,08:47:00,7008,9,0,0
1289466,08:51:00,08:51:00,7107,10,0,0
1289466,08:54:00,08:54:00,7009,11,0,0
1289466,08:56:00,08:56:00,7010,12,0,0
1289466,08:58:00,08:58:00,7011,13,0,0
1289466,09:01:00,09:01:00,7013,14,0,0
1289466,09:03:00,09:03:00,7014,15,0,0
1289466,09:04:00,09:04:00,7015,16,0,0
1289466,09:07:00,09:07:00,7016,17,0,0
1289466,09:08:00,09:08:00,7017,18,0,0
1289466,09:11:00,09:11:00,7018,19,0,0
1289466,09:13:00,09:13:00,7019,20,0,0
1289466,09:16:00,09:16:00,7020,21,0,0
1289466,09:18:00,09:18:00,7021,22,0,0
1289466,09:20:00,09:20:00,7022,23,0,0
1289466,09:23:00,09:23:00,7023,24,0,0
1289466,09:25:00,09:25:00,7024,25,0,0
1289466,09:28:00,09:28:00,7099,26,0,0
1289466,09:31:00,09:31:00,7101,27,0,0
1289466,09:33:00,09:33:00,7103,28,0,0
1289466,09:36:00,09:36:00,7097,29,1,0
1289467,08:03:00,08:03:00,7000,1,0,0
1289467,08:04:00,08:04:00,7001,2,0,0
1289467,08:05:00,08:05:00,7002,3,0,0
1289467,08:09:00,08:09:00,7003,4,0,0
1289467,08:10:00,08:10:00,7004,5,1,1
1289467,08:12:00,08:12:00,7005,6,0,0
1289467,08:14:00,08:14:00,7006,7,0,0
1289467,08:16:00,08:16:00,7007,8,0,0
1289467,08:17:00,08:17:00,7008,9,0,0
1289467,08:21:00,08:21:00,7107,10,0,0
1289467,08:24:00,08:24:00,7009,11,0,0
1289467,08:26:00,08:26:00,7010,12,0,0
1289467,08:28:00,08:28:00,7011,13,0,0
1289467,08:31:00,08:31:00,7013,14,0,0
1289467,08:33:00,08:33:00,7014,15,0,0
1289467,08:34:00,08:34:00,7015,16,0,0
1289467,08:37:00,08:37:00,7016,17,0,0
1289467,08:38:00,08:38:00,7017,18,0,0
1289467,08:41:00,08:41:00,7018,19,0,0
1289467,08:43:00,08:43:00,7019,20,0,0
1289467,08:46:00,08:46:00,7020,21,0,0
1289467,08:48:00,08:48:00,7021,22,0,0
1289467,08:50:00,08:50:00,7022,23,0,0
1289467,08:53:00,08:53:00,7023,24,0,0
1289467,08:55:00,08:55:00,7024,25,0,0
1289467,08:58:00,08:58:00,7099,26,0,0
1289467,09:01:00,09:01:00,7101,27,0,0
1289467,09:03:00,09:03:00,7103,28,0,0
1289467,09:06:00,09:06:00,7097,29,1,0
1289468,17:33:00,17:33:00,7000,1,0,0
1289468,17:34:00,17:34:00,7001,2,0,0
1289468,17:35:00,17:35:00,7002,3,0,0
1289468,17:39:00,17:39:00,7003,4,0,0
1289468,17:40:00,17:40:00,7004,5,1,1
1289468,17:42:00,17:42:00,7005,6,0,0
1289468,17:44:00,17:44:00,7006,7,0,0
1289468,17:46:00,17:46:00,7007,8,0,0
1289468,17:47:00,17:47:00,7008,9,0,0
1289468,17:51:00,17:51:00,7107,10,0,0
1289468,17:54:00,17:54:00,7009,11,0,0
1289468,17:56:00,17:56:00,7010,12,0,0
1289468,17:58:00,17:58:00,7011,13,0,0
1289468,18:01:00,18:01:00,7013,14,0,0
1289468,18:03:00,18:03:00,7014,15,0,0
1289468,18:04:00,18:04:00,7015,16,0,0
1289468,18:07:00,18:07:00,7016,17,0,0
1289468,18:08:00,18:08:00,7017,18,0,0
1289468,18:11:00,18:11:00,7018,19,0,0
1289468,18:13:00,18:13:00,7019,20,0,0
1289468,18:16:00,18:16:00,7020,21,0,0
1289468,18:18:00,18:18:00,7021,22,0,0
1289468,18:20:00,18:20:00,7022,23,0,0
1289468,18:23:00,18:23:00,7023,24,0,0
1289468,18:25:00,18:25:00,7024,25,0,0
1289468,18:28:00,18:28:00,7099,26,0,0
1289468,18:31:00,18:31:00,7101,27,0,0
1289468,18:33:00,18:33:00,7103,28,0,0
1289468,18:36:00,18:36:00,7097,29,1,0
1289469,17:03:00,17:03:00,7000,1,0,0
1289469,17:04:00,17:04:00,7001,2,0,0
1289469,17:05:00,17:05:00,7002,3,0,0
1289469,17:09:00,17:09:00,7003,4,0,0
1289469,17:10:00,17:10:00,7004,5,1,1
1289469,17:12:00,17:12:00,7005,6,0,0
1289469,17:14:00,17:14:00,7006,7,0,0
1289469,17:16:00,17:16:00,7007,8,0,0
1289469,17:17:00,17:17:00,7008,9,0,0
1289469,17:21:00,17:21:00,7107,10,0,0
1289469,17:24:00,17:24:00,7009,11,0,0
1289469,17:26:00,17:26:00,7010,12,0,0
1289469,17:28:00,17:28:00,7011,13,0,0
1289469,17:31:00,17:31:00,7013,14,0,0
1289469,17:33:00,17:33:00,7014,15,0,0
1289469,17:34:00,17:34:00,7015,16,0,0
1289469,17:37:00,17:37:00,7016,17,0,0
1289469,17:38:00,17:38:00,7017,18,0,0
1289469,17:41:00,17:41:00,7018,19,0,0
1289469,17:43:00,17:43:00,7019,20,0,0
1289469,17:46:00,17:46:00,7020,21,0,0
1289469,17:48:00,17:48:00,7021,22,0,0
1289469,17:50:00,17:50:00,7022,23,0,0
1289469,17:53:00,17:53:00,7023,24,0,0
1289469,17:55:00,17:55:00,7024,25,0,0
1289469,17:58:00,17:58:00,7099,26,0,0
1289469,18:01:00,18:01:00,7101,27,0,0
1289469,18:03:00,18:03:00,7103,28,0,0
1289469,18:06:00,18:06:00,7097,29,1,0
1289470,12:33:00,12:33:00,7000,1,0,0
1289470,12:34:00,12:34:00,7001,2,0,0
1289470,12:35:00,12:35:00,7002,3,0,0
1289470,12:39:00,12:39:00,7003,4,0,0
1289470,12:40:00,12:40:00,7004,5,1,1
1289470,12:42:00,12:42:00,7005,6,0,0
1289470,12:44:00,12:44:00,7006,7,0,0
1289470,12:46:00,12:46:00,7007,8,0,0
1289470,12:47:00,12:47:00,7008,9,0,0
1289470,12:51:00,12:51:00,7107,10,0,0
1289470,12:54:00,12:54:00,7009,11,0,0
1289470,12:56:00,12:56:00,7010,12,0,0
1289470,12:58:00,12:58:00,7011,13,0,0
1289470,13:01:00,13:01:00,7013,14,0,0
1289470,13:03:00,13:03:00,7014,15,0,0
1289470,13:04:00,13:04:00,7015,16,0,0
1289470,13:07:00,13:07:00,7016,17,0,0
1289470,13:08:00,13:08:00,7017,18,0,0
1289470,13:11:00,13:11:00,7018,19,0,0
1289470,13:13:00,13:13:00,7019,20,0,0
1289470,13:16:00,13:16:00,7020,21,0,0
1289470,13:18:00,13:18:00,7021,22,0,0
1289470,13:20:00,13:20:00,7022,23,0,0
1289470,13:23:00,13:23:00,7023,24,0,0
1289470,13:25:00,13:25:00,7024,25,0,0
1289470,13:28:00,13:28:00,7099,26,0,0
1289470,13:31:00,13:31:00,7101,27,0,0
1289470,13:33:00,13:33:00,7103,28,0,0
1289470,13:36:00,13:36:00,7097,29,1,0
1289471,10:03:00,10:03:00,7000,1,0,0
1289471,10:04:00,10:04:00,7001,2,0,0
1289471,10:05:00,10:05:00,7002,3,0,0
1289471,10:09:00,10:09:00,7003,4,0,0
1289471,10:10:00,10:10:00,7004,5,1,1
1289471,10:12:00,10:12:00,7005,6,0,0
1289471,10:14:00,10:14:00,7006,7,0,0
1289471,10:16:00,10:16:00,7007,8,0,0
1289471,10:17:00,10:17:00,7008,9,0,0
1289471,10:21:00,10:21:00,7107,10,0,0
1289471,10:24:00,10:24:00,7009,11,0,0
1289471,10:26:00,10:26:00,7010,12,0,0
1289471,10:28:00,10:28:00,7011,13,0,0
1289471,10:31:00,10:31:00,7013,14,0,0
1289471,10:33:00,10:33:00,7014,15,0,0
1289471,10:34:00,10:34:00,7015,16,0,0
1289471,10:37:00,10:37:00,7016,17,0,0
1289471,10:38:00,10:38:00,7017,18,0,0
1289471,10:41:00,10:41:00,7018,19,0,0
1289471,10:43:00,10:43:00,7019,20,0,0
1289471,10:46:00,10:46:00,7020,21,0,0
1289471,10:48:00,10:48:00,7021,22,0,0
1289471,10:50:00,10:50:00,7022,23,0,0
1289471,10:53:00,10:53:00,7023,24,0,0
1289471,10:55:00,10:55:00,7024,25,0,0
1289471,10:58:00,10:58:00,7099,26,0,0
1289471,11:01:00,11:01:00,7101,27,0,0
1289471,11:03:00,11:03:00,7103,28,0,0
1289471,11:06:00,11:06:00,7097,29,1,0
1289472,15:33:00,15:33:00,7000,1,0,0
1289472,15:34:00,15:34:00,7001,2,0,0
1289472,15:35:00,15:35:00,7002,3,0,0
1289472,15:39:00,15:39:00,7003,4,0,0
1289472,15:40:00,15:40:00,7004,5,1,1
1289472,15:42:00,15:42:00,7005,6,0,0
1289472,15:44:00,15:44:00,7006,7,0,0
1289472,15:46:00,15:46:00,7007,8,0,0
1289472,15:47:00,15:47:00,7008,9,0,0
1289472,15:51:00,15:51:00,7107,10,0,0
1289472,15:54:00,15:54:00,7009,11,0,0
1289472,15:56:00,15:56:00,7010,12,0,0
1289472,15:58:00,15:58:00,7011,13,0,0
1289472,16:01:00,16:01:00,7013,14,0,0
1289472,16:03:00,16:03:00,7014,15,0,0
1289472,16:04:00,16:04:00,7015,16,0,0
1289472,16:07:00,16:07:00,7016,17,0,0
1289472,16:08:00,16:08:00,7017,18,0,0
1289472,16:11:00,16:11:00,7018,19,0,0
1289472,16:13:00,16:13:00,7019,20,0,0
1289472,16:16:00,16:16:00,7020,21,0,0
1289472,16:18:00,16:18:00,7021,22,0,0
1289472,16:20:00,16:20:00,7022,23,0,0
1289472,16:23:00,16:23:00,7023,24,0,0
1289472,16:25:00,16:25:00,7024,25,0,0
1289472,16:28:00,16:28:00,7099,26,0,0
1289472,16:31:00,16:31:00,7101,27,0,0
1289472,16:33:00,16:33:00,7103,28,0,0
1289472,16:36:00,16:36:00,7097,29,1,0
1289473,13:03:00,13:03:00,7000,1,0,0
1289473,13:04:00,13:04:00,7001,2,0,0
1289473,13:05:00,13:05:00,7002,3,0,0
1289473,13:09:00,13:09:00,7003,4,0,0
1289473,13:10:00,13:10:00,7004,5,1,1
1289473,13:12:00,13:12:00,7005,6,0,0
1289473,13:14:00,13:14:00,7006,7,0,0
1289473,13:16:00,13:16:00,7007,8,0,0
1289473,13:17:00,13:17:00,7008,9,0,0
1289473,13:21:00,13:21:00,7107,10,0,0
1289473,13:24:00,13:24:00,7009,11,0,0
1289473,13:26:00,13:26:00,7010,12,0,0
1289473,13:28:00,13:28:00,7011,13,0,0
1289473,13:31:00,13:31:00,7013,14,0,0
1289473,13:33:00,13:33:00,7014,15,0,0
1289473,13:34:00,13:34:00,7015,16,0,0
1289473,13:37:00,13:37:00,7016,17,0,0
1289473,13:38:00,13:38:00,7017,18,0,0
1289473,13:41:00,13:41:00,7018,19,0,0
1289473,13:43:00,13:43:00,7019,20,0,0
1289473,13:46:00,13:46:00,7020,21,0,0
1289473,13:48:00,13:48:00,7021,22,0,0
1289473,13:50:00,13:50:00,7022,23,0,0
1289473,13:53:00,13:53:00,7023,24,0,0
1289473,13:55:00,13:55:00,7024,25,0,0
1289473,13:58:00,13:58:00,7099,26,0,0
1289473,14:01:00,14:01:00,7101,27,0,0
1289473,14:03:00,14:03:00,7103,28,0,0
1289473,14:06:00,14:06:00,7097,29,1,0
1289474,13:33:00,13:33:00,7000,1,0,0
1289474,13:34:00,13:34:00,7001,2,0,0
1289474,13:35:00,13:35:00,7002,3,0,0
1289474,13:39:00,13:39:00,7003,4,0,0
1289474,13:40:00,13:40:00,7004,5,1,1
1289474,13:42:00,13:42:00,7005,6,0,0
1289474,13:44:00,13:44:00,7006,7,0,0
1289474,13:46:00,13:46:00,7007,8,0,0
1289474,13:47:00,13:47:00,7008,9,0,0
1289474,13:51:00,13:51:00,7107,10,0,0
1289474,13:54:00,13:54:00,7009,11,0,0
1289474,13:56:00,13:56:00,7010,12,0,0
1289474,13:58:00,13:58:00,7011,13,0,0
1289474,14:01:00,14:01:00,7013,14,0,0
1289474,14:03:00,14:03:00,7014,15,0,0
1289474,14:04:00,14:04:00,7015,16,0,0
1289474,14:07:00,14:07:00,7016,17,0,0
1289474,14:08:00,14:08:00,7017,18,0,0
1289474,14:11:00,14:11:00,7018,19,0,0
1289474,14:13:00,14:13:00,7019,20,0,0
1289474,14:16:00,14:16:00,7020,21,0,0
1289474,14:18:00,14:18:00,7021,22,0,0
1289474,14:20:00,14:20:00,7022,23,0,0
1289474,14:23:00,14:23:00,7023,24,0,0
1289474,14:25:00,14:25:00,7024,25,0,0
1289474,14:28:00,14:28:00,7099,26,0,0
1289474,14:31:00,14:31:00,7101,27,0,0
1289474,14:33:00,14:33:00,7103,28,0,0
1289474,14:36:00,14:36:00,7097,29,1,0
1289475,22:48:00,22:48:00,7000,1,0,0
1289475,22:49:00,22:49:00,7001,2,0,0
1289475,22:50:00,22:50:00,7002,3,0,0
1289475,22:54:00,22:54:00,7003,4,0,0
1289475,22:55:00,22:55:00,7004,5,1,1
1289475,22:57:00,22:57:00,7005,6,0,0
1289475,22:59:00,22:59:00,7006,7,0,0
1289475,23:01:00,23:01:00,7007,8,0,0
1289475,23:02:00,23:02:00,7008,9,0,0
1289475,23:06:00,23:06:00,7107,10,0,0
1289475,23:09:00,23:09:00,7009,11,0,0
1289475,23:11:00,23:11:00,7010,12,0,0
1289475,23:13:00,23:13:00,7011,13,0,0
1289475,23:16:00,23:16:00,7013,14,0,0
1289475,23:18:00,23:18:00,7014,15,0,0
1289475,23:19:00,23:19:00,7015,16,0,0
1289475,23:22:00,23:22:00,7016,17,0,0
1289475,23:23:00,23:23:00,7017,18,0,0
1289475,23:26:00,23:26:00,7018,19,0,0
1289475,23:28:00,23:28:00,7019,20,0,0
1289475,23:31:00,23:31:00,7020,21,0,0
1289475,23:33:00,23:33:00,7021,22,0,0
1289475,23:35:00,23:35:00,7022,23,0,0
1289475,23:38:00,23:38:00,7023,24,0,0
1289475,23:40:00,23:40:00,7024,25,0,0
1289475,23:43:00,23:43:00,7099,26,0,0
1289475,23:46:00,23:46:00,7101,27,0,0
1289475,23:48:00,23:48:00,7103,28,0,0
1289475,23:51:00,23:51:00,7097,29,1,0
1289476,22:18:00,22:18:00,7000,1,0,0
1289476,22:19:00,22:19:00,7001,2,0,0
1289476,22:20:00,22:20:00,7002,3,0,0
1289476,22:24:00,22:24:00,7003,4,0,0
1289476,22:25:00,22:25:00,7004,5,1,1
1289476,22:27:00,22:27:00,7005,6,0,0
1289476,22:29:00,22:29:00,7006,7,0,0
1289476,22:31:00,22:31:00,7007,8,0,0
1289476,22:32:00,22:32:00,7008,9,0,0
1289476,22:36:00,22:36:00,7107,10,0,0
1289476,22:39:00,22:39:00,7009,11,0,0
1289476,22:41:00,22:41:00,7010,12,0,0
1289476,22:43:00,22:43:00,7011,13,0,0
1289476,22:46:00,22:46:00,7013,14,0,0
1289476,22:48:00,22:48:00,7014,15,0,0
1289476,22:49:00,22:49:00,7015,16,0,0
1289476,22:52:00,22:52:00,7016,17,0,0
1289476,22:53:00,22:53:00,7017,18,0,0
1289476,22:56:00,22:56:00,7018,19,0,0
1289476,22:58:00,22:58:00,7019,20,0,0
1289476,23:01:00,23:01:00,7020,21,0,0
1289476,23:03:00,23:03:00,7021,22,0,0
1289476,23:05:00,23:05:00,7022,23,0,0
1289476,23:08:00,23:08:00,7023,24,0,0
1289476,23:10:00,23:10:00,7024,25,0,0
1289476,23:13:00,23:13:00,7099,26,0,0
1289476,23:16:00,23:16:00,7101,27,0,0
1289476,23:18:00,23:18:00,7103,28,0,0
1289476,23:21:00,23:21:00,7097,29,1,0
1289477,21:48:00,21:48:00,7000,1,0,0
1289477,21:49:00,21:49:00,7001,2,0,0
1289477,21:50:00,21:50:00,7002,3,0,0
1289477,21:54:00,21:54:00,7003,4,0,0
1289477,21:55:00,21:55:00,7004,5,1,1
1289477,21:57:00,21:57:00,7005,6,0,0
1289477,21:59:00,21:59:00,7006,7,0,0
1289477,22:01:00,22:01:00,7007,8,0,0
1289477,22:02:00,22:02:00,7008,9,0,0
1289477,22:06:00,22:06:00,7107,10,0,0
1289477,22:09:00,22:09:00,7009,11,0,0
1289477,22:11:00,22:11:00,7010,12,0,0
1289477,22:13:00,22:13:00,7011,13,0,0
1289477,22:16:00,22:16:00,7013,14,0,0
1289477,22:18:00,22:18:00,7014,15,0,0
1289477,22:19:00,22:19:00,7015,16,0,0
1289477,22:22:00,22:22:00,7016,17,0,0
1289477,22:23:00,22:23:00,7017,18,0,0
1289477,22:26:00,22:26:00,7018,19,0,0
1289477,22:28:00,22:28:00,7019,20,0,0
1289477,22:31:00,22:31:00,7020,21,0,0
1289477,22:33:00,22:33:00,7021,22,0,0
1289477,22:35:00,22:35:00,7022,23,0,0
1289477,22:38:00,22:38:00,7023,24,0,0
1289477,22:40:00,22:40:00,7024,25,0,0
1289477,22:43:00,22:43:00,7099,26,0,0
1289477,22:46:00,22:46:00,7101,27,0,0
1289477,22:48:00,22:48:00,7103,28,0,0
1289477,22:51:00,22:51:00,7097,29,1,0
1289478,21:18:00,21:18:00,7000,1,0,0
1289478,21:19:00,21:19:00,7001,2,0,0
1289478,21:20:00,21:20:00,7002,3,0,0
1289478,21:24:00,21:24:00,7003,4,0,0
1289478,21:25:00,21:25:00,7004,5,1,1
1289478,21:27:00,21:27:00,7005,6,0,0
1289478,21:29:00,21:29:00,7006,7,0,0
1289478,21:31:00,21:31:00,7007,8,0,0
1289478,21:32:00,21:32:00,7008,9,0,0
1289478,21:36:00,21:36:00,7107,10,0,0
1289478,21:39:00,21:39:00,7009,11,0,0
1289478,21:41:00,21:41:00,7010,12,0,0
1289478,21:43:00,21:43:00,7011,13,0,0
1289478,21:46:00,21:46:00,7013,14,0,0
1289478,21:48:00,21:48:00,7014,15,0,0
1289478,21:49:00,21:49:00,7015,16,0,0
1289478,21:52:00,21:52:00,7016,17,0,0
1289478,21:53:00,21:53:00,7017,18,0,0
1289478,21:56:00,21:56:00,7018,19,0,0
1289478,21:58:00,21:58:00,7019,20,0,0
1289478,22:01:00,22:01:00,7020,21,0,0
1289478,22:03:00,22:03:00,7021,22,0,0
1289478,22:05:00,22:05:00,7022,23,0,0
1289478,22:08:00,22:08:00,7023,24,0,0
1289478,22:10:00,22:10:00,7024,25,0,0
1289478,22:13:00,22:13:00,7099,26,0,0
1289478,22:16:00,22:16:00,7101,27,0,0
1289478,22:18:00,22:18:00,7103,28,0,0
1289478,22:21:00,22:21:00,7097,29,1,0
1289479,20:48:00,20:48:00,7000,1,0,0
1289479,20:49:00,20:49:00,7001,2,0,0
1289479,20:50:00,20:50:00,7002,3,0,0
1289479,20:54:00,20:54:00,7003,4,0,0
1289479,20:55:00,20:55:00,7004,5,1,1
1289479,20:57:00,20:57:00,7005,6,0,0
1289479,20:59:00,20:59:00,7006,7,0,0
1289479,21:01:00,21:01:00,7007,8,0,0
1289479,21:02:00,21:02:00,7008,9,0,0
1289479,21:06:00,21:06:00,7107,10,0,0
1289479,21:09:00,21:09:00,7009,11,0,0
1289479,21:11:00,21:11:00,7010,12,0,0
1289479,21:13:00,21:13:00,7011,13,0,0
1289479,21:16:00,21:16:00,7013,14,0,0
1289479,21:18:00,21:18:00,7014,15,0,0
1289479,21:19:00,21:19:00,7015,16,0,0
1289479,21:22:00,21:22:00,7016,17,0,0
1289479,21:23:00,21:23:00,7017,18,0,0
1289479,21:26:00,21:26:00,7018,19,0,0
1289479,21:28:00,21:28:00,7019,20,0,0
1289479,21:31:00,21:31:00,7020,21,0,0
1289479,21:33:00,21:33:00,7021,22,0,0
1289479,21:35:00,21:35:00,7022,23,0,0
1289479,21:38:00,21:38:00,7023,24,0,0
1289479,21:40:00,21:40:00,7024,25,0,0
1289479,21:43:00,21:43:00,7099,26,0,0
1289479,21:46:00,21:46:00,7101,27,0,0
1289479,21:48:00,21:48:00,7103,28,0,0
1289479,21:51:00,21:51:00,7097,29,1,0
1289480,20:18:00,20:18:00,7000,1,0,0
1289480,20:19:00,20:19:00,7001,2,0,0
1289480,20:20:00,20:20:00,7002,3,0,0
1289480,20:24:00,20:24:00,7003,4,0,0
1289480,20:25:00,20:25:00,7004,5,1,1
1289480,20:27:00,20:27:00,7005,6,0,0
1289480,20:29:00,20:29:00,7006,7,0,0
1289480,20:31:00,20:31:00,7007,8,0,0
1289480,20:32:00,20:32:00,7008,9,0,0
1289480,20:36:00,20:36:00,7107,10,0,0
1289480,20:39:00,20:39:00,7009,11,0,0
1289480,20:41:00,20:41:00,7010,12,0,0
1289480,20:43:00,20:43:00,7011,13,0,0
1289480,20:46:00,20:46:00,7013,14,0,0
1289480,20:48:00,20:48:00,7014,15,0,0
1289480,20:49:00,20:49:00,7015,16,0,0
1289480,20:52:00,20:52:00,7016,17,0,0
1289480,20:53:00,20:53:00,7017,18,0,0
1289480,20:56:00,20:56:00,7018,19,0,0
1289480,20:58:00,20:58:00,7019,20,0,0
1289480,21:01:00,21:01:00,7020,21,0,0
1289480,21:03:00,21:03:00,7021,22,0,0
1289480,21:05:00,21:05:00,7022,23,0,0
1289480,21:08:00,21:08:00,7023,24,0,0
1289480,21:10:00,21:10:00,7024,25,0,0
1289480,21:13:00,21:13:00,7099,26,0,0
1289480,21:16:00,21:16:00,7101,27,0,0
1289480,21:18:00,21:18:00,7103,28,0,0
1289480,21:21:00,21:21:00,7097,29,1,0
1289481,17:18:00,17:18:00,7000,1,0,0
1289481,17:19:00,17:19:00,7001,2,0,0
1289481,17:20:00,17:20:00,7002,3,0,0
1289481,17:24:00,17:24:00,7003,4,0,0
1289481,17:25:00,17:25:00,7004,5,1,1
1289481,17:27:00,17:27:00,7005,6,0,0
1289481,17:29:00,17:29:00,7006,7,0,0
1289481,17:31:00,17:31:00,7007,8,0,0
1289481,17:32:00,17:32:00,7008,9,0,0
1289481,17:36:00,17:36:00,7107,10,0,0
1289481,17:39:00,17:39:00,7009,11,0,0
1289481,17:41:00,17:41:00,7010,12,0,0
1289481,17:43:00,17:43:00,7011,13,0,0
1289481,17:46:00,17:46:00,7013,14,0,0
1289481,17:48:00,17:48:00,7014,15,0,0
1289481,17:49:00,17:49:00,7015,16,0,0
1289481,17:52:00,17:52:00,7016,17,0,0
1289481,17:53:00,17:53:00,7017,18,0,0
1289481,17:56:00,17:56:00,7018,19,0,0
1289481,17:58:00,17:58:00,7019,20,0,0
1289481,18:01:00,18:01:00,7020,21,0,0
1289481,18:03:00,18:03:00,7021,22,0,0
1289481,18:05:00,18:05:00,7022,23,0,0
1289481,18:08:00,18:08:00,7023,24,0,0
1289481,18:10:00,18:10:00,7024,25,0,0
1289481,18:13:00,18:13:00,7099,26,0,0
1289481,18:16:00,18:16:00,7101,27,0,0
1289481,18:18:00,18:18:00,7103,28,0,0
1289481,18:21:00,18:21:00,7097,29,1,0
1289482,16:48:00,16:48:00,7000,1,0,0
1289482,16:49:00,16:49:00,7001,2,0,0
1289482,16:50:00,16:50:00,7002,3,0,0
1289482,16:54:00,16:54:00,7003,4,0,0
1289482,16:55:00,16:55:00,7004,5,1,1
1289482,16:57:00,16:57:00,7005,6,0,0
1289482,16:59:00,16:59:00,7006,7,0,0
1289482,17:01:00,17:01:00,7007,8,0,0
1289482,17:02:00,17:02:00,7008,9,0,0
1289482,17:06:00,17:06:00,7107,10,0,0
1289482,17:09:00,17:09:00,7009,11,0,0
1289482,17:11:00,17:11:00,7010,12,0,0
1289482,17:13:00,17:13:00,7011,13,0,0
1289482,17:16:00,17:16:00,7013,14,0,0
1289482,17:18:00,17:18:00,7014,15,0,0
1289482,17:19:00,17:19:00,7015,16,0,0
1289482,17:22:00,17:22:00,7016,17,0,0
1289482,17:23:00,17:23:00,7017,18,0,0
1289482,17:26:00,17:26:00,7018,19,0,0
1289482,17:28:00,17:28:00,7019,20,0,0
1289482,17:31:00,17:31:00,7020,21,0,0
1289482,17:33:00,17:33:00,7021,22,0,0
1289482,17:35:00,17:35:00,7022,23,0,0
1289482,17:38:00,17:38:00,7023,24,0,0
1289482,17:40:00,17:40:00,7024,25,0,0
1289482,17:43:00,17:43:00,7099,26,0,0
1289482,17:46:00,17:46:00,7101,27,0,0
1289482,17:48:00,17:48:00,7103,28,0,0
1289482,17:51:00,17:51:00,7097,29,1,0
1289483,16:18:00,16:18:00,7000,1,0,0
1289483,16:19:00,16:19:00,7001,2,0,0
1289483,16:20:00,16:20:00,7002,3,0,0
1289483,16:24:00,16:24:00,7003,4,0,0
1289483,16:25:00,16:25:00,7004,5,1,1
1289483,16:27:00,16:27:00,7005,6,0,0
1289483,16:29:00,16:29:00,7006,7,0,0
1289483,16:31:00,16:31:00,7007,8,0,0
1289483,16:32:00,16:32:00,7008,9,0,0
1289483,16:36:00,16:36:00,7107,10,0,0
1289483,16:39:00,16:39:00,7009,11,0,0
1289483,16:41:00,16:41:00,7010,12,0,0
1289483,16:43:00,16:43:00,7011,13,0,0
1289483,16:46:00,16:46:00,7013,14,0,0
1289483,16:48:00,16:48:00,7014,15,0,0
1289483,16:49:00,16:49:00,7015,16,0,0
1289483,16:52:00,16:52:00,7016,17,0,0
1289483,16:53:00,16:53:00,7017,18,0,0
1289483,16:56:00,16:56:00,7018,19,0,0
1289483,16:58:00,16:58:00,7019,20,0,0
1289483,17:01:00,17:01:00,7020,21,0,0
1289483,17:03:00,17:03:00,7021,22,0,0
1289483,17:05:00,17:05:00,7022,23,0,0
1289483,17:08:00,17:08:00,7023,24,0,0
1289483,17:10:00,17:10:00,7024,25,0,0
1289483,17:13:00,17:13:00,7099,26,0,0
1289483,17:16:00,17:16:00,7101,27,0,0
1289483,17:18:00,17:18:00,7103,28,0,0
1289483,17:21:00,17:21:00,7097,29,1,0
1289484,15:48:00,15:48:00,7000,1,0,0
1289484,15:49:00,15:49:00,7001,2,0,0
1289484,15:50:00,15:50:00,7002,3,0,0
1289484,15:54:00,15:54:00,7003,4,0,0
1289484,15:55:00,15:55:00,7004,5,1,1
1289484,15:57:00,15:57:00,7005,6,0,0
1289484,15:59:00,15:59:00,7006,7,0,0
1289484,16:01:00,16:01:00,7007,8,0,0
1289484,16:02:00,16:02:00,7008,9,0,0
1289484,16:06:00,16:06:00,7107,10,0,0
1289484,16:09:00,16:09:00,7009,11,0,0
1289484,16:11:00,16:11:00,7010,12,0,0
1289484,16:13:00,16:13:00,7011,13,0,0
1289484,16:16:00,16:16:00,7013,14,0,0
1289484,16:18:00,16:18:00,7014,15,0,0
1289484,16:19:00,16:19:00,7015,16,0,0
1289484,16:22:00,16:22:00,7016,17,0,0
1289484,16:23:00,16:23:00,7017,18,0,0
1289484,16:26:00,16:26:00,7018,19,0,0
1289484,16:28:00,16:28:00,7019,20,0,0
1289484,16:31:00,16:31:00,7020,21,0,0
1289484,16:33:00,16:33:00,7021,22,0,0
1289484,16:35:00,16:35:00,7022,23,0,0
1289484,16:38:00,16:38:00,7023,24,0,0
1289484,16:40:00,16:40:00,7024,25,0,0
1289484,16:43:00,16:43:00,7099,26,0,0
1289484,16:46:00,16:46:00,7101,27,0,0
1289484,16:48:00,16:48:00,7103,28,0,0
1289484,16:51:00,16:51:00,7097,29,1,0
1289485,15:18:00,15:18:00,7000,1,0,0
1289485,15:19:00,15:19:00,7001,2,0,0
1289485,15:20:00,15:20:00,7002,3,0,0
1289485,15:24:00,15:24:00,7003,4,0,0
1289485,15:25:00,15:25:00,7004,5,1,1
1289485,15:27:00,15:27:00,7005,6,0,0
1289485,15:29:00,15:29:00,7006,7,0,0
1289485,15:31:00,15:31:00,7007,8,0,0
1289485,15:32:00,15:32:00,7008,9,0,0
1289485,15:36:00,15:36:00,7107,10,0,0
1289485,15:39:00,15:39:00,7009,11,0,0
1289485,15:41:00,15:41:00,7010,12,0,0
1289485,15:43:00,15:43:00,7011,13,0,0
1289485,15:46:00,15:46:00,7013,14,0,0
1289485,15:48:00,15:48:00,7014,15,0,0
1289485,15:49:00,15:49:00,7015,16,0,0
1289485,15:52:00,15:52:00,7016,17,0,0
1289485,15:53:00,15:53:00,7017,18,0,0
1289485,15:56:00,15:56:00,7018,19,0,0
1289485,15:58:00,15:58:00,7019,20,0,0
1289485,16:01:00,16:01:00,7020,21,0,0
1289485,16:03:00,16:03:00,7021,22,0,0
1289485,16:05:00,16:05:00,7022,23,0,0
1289485,16:08:00,16:08:00,7023,24,0,0
1289485,16:10:00,16:10:00,7024,25,0,0
1289485,16:13:00,16:13:00,7099,26,0,0
1289485,16:16:00,16:16:00,7101,27,0,0
1289485,16:18:00,16:18:00,7103,28,0,0
1289485,16:21:00,16:21:00,7097,29,1,0
1289486,14:48:00,14:48:00,7000,1,0,0
1289486,14:49:00,14:49:00,7001,2,0,0
1289486,14:50:00,14:50:00,7002,3,0,0
1289486,14:54:00,14:54:00,7003,4,0,0
1289486,14:55:00,14:55:00,7004,5,1,1
1289486,14:57:00,14:57:00,7005,6,0,0
1289486,14:59:00,14:59:00,7006,7,0,0
1289486,15:01:00,15:01:00,7007,8,0,0
1289486,15:02:00,15:02:00,7008,9,0,0
1289486,15:06:00,15:06:00,7107,10,0,0
1289486,15:09:00,15:09:00,7009,11,0,0
1289486,15:11:00,15:11:00,7010,12,0,0
1289486,15:13:00,15:13:00,7011,13,0,0
1289486,15:16:00,15:16:00,7013,14,0,0
1289486,15:18:00,15:18:00,7014,15,0,0
1289486,15:19:00,15:19:00,7015,16,0,0
1289486,15:22:00,15:22:00,7016,17,0,0
1289486,15:23:00,15:23:00,7017,18,0,0
1289486,15:26:00,15:26:00,7018,19,0,0
1289486,15:28:00,15:28:00,7019,20,0,0
1289486,15:31:00,15:31:00,7020,21,0,0
1289486,15:33:00,15:33:00,7021,22,0,0
1289486,15:35:00,15:35:00,7022,23,0,0
1289486,15:38:00,15:38:00,7023,24,0,0
1289486,15:40:00,15:40:00,7024,25,0,0
1289486,15:43:00,15:43:00,7099,26,0,0
1289486,15:46:00,15:46:00,7101,27,0,0
1289486,15:48:00,15:48:00,7103,28,0,0
1289486,15:51:00,15:51:00,7097,29,1,0
1289487,14:18:00,14:18:00,7000,1,0,0
1289487,14:19:00,14:19:00,7001,2,0,0
1289487,14:20:00,14:20:00,7002,3,0,0
1289487,14:24:00,14:24:00,7003,4,0,0
1289487,14:25:00,14:25:00,7004,5,1,1
1289487,14:27:00,14:27:00,7005,6,0,0
1289487,14:29:00,14:29:00,7006,7,0,0
1289487,14:31:00,14:31:00,7007,8,0,0
1289487,14:32:00,14:32:00,7008,9,0,0
1289487,14:36:00,14:36:00,7107,10,0,0
1289487,14:39:00,14:39:00,7009,11,0,0
1289487,14:41:00,14:41:00,7010,12,0,0
1289487,14:43:00,14:43:00,7011,13,0,0
1289487,14:46:00,14:46:00,7013,14,0,0
1289487,14:48:00,14:48:00,7014,15,0,0
1289487,14:49:00,14:49:00,7015,16,0,0
1289487,14:52:00,14:52:00,7016,17,0,0
1289487,14:53:00,14:53:00,7017,18,0,0
1289487,14:56:00,14:56:00,7018,19,0,0
1289487,14:58:00,14:58:00,7019,20,0,0
1289487,15:01:00,15:01:00,7020,21,0,0
1289487,15:03:00,15:03:00,7021,22,0,0
1289487,15:05:00,15:05:00,7022,23,0,0
1289487,15:08:00,15:08:00,7023,24,0,0
1289487,15:10:00,15:10:00,7024,25,0,0
1289487,15:13:00,15:13:00,7099,26,0,0
1289487,15:16:00,15:16:00,7101,27,0,0
1289487,15:18:00,15:18:00,7103,28,0,0
1289487,15:21:00,15:21:00,7097,29,1,0
1289488,13:48:00,13:48:00,7000,1,0,0
1289488,13:49:00,13:49:00,7001,2,0,0
1289488,13:50:00,13:50:00,7002,3,0,0
1289488,13:54:00,13:54:00,7003,4,0,0
1289488,13:55:00,13:55:00,7004,5,1,1
1289488,13:57:00,13:57:00,7005,6,0,0
1289488,13:59:00,13:59:00,7006,7,0,0
1289488,14:01:00,14:01:00,7007,8,0,0
1289488,14:02:00,14:02:00,7008,9,0,0
1289488,14:06:00,14:06:00,7107,10,0,0
1289488,14:09:00,14:09:00,7009,11,0,0
1289488,14:11:00,14:11:00,7010,12,0,0
1289488,14:13:00,14:13:00,7011,13,0,0
1289488,14:16:00,14:16:00,7013,14,0,0
1289488,14:18:00,14:18:00,7014,15,0,0
1289488,14:19:00,14:19:00,7015,16,0,0
1289488,14:22:00,14:22:00,7016,17,0,0
1289488,14:23:00,14:23:00,7017,18,0,0
1289488,14:26:00,14:26:00,7018,19,0,0
1289488,14:28:00,14:28:00,7019,20,0,0
1289488,14:31:00,14:31:00,7020,21,0,0
1289488,14:33:00,14:33:00,7021,22,0,0
1289488,14:35:00,14:35:00,7022,23,0,0
1289488,14:38:00,14:38:00,7023,24,0,0
1289488,14:40:00,14:40:00,7024,25,0,0
1289488,14:43:00,14:43:00,7099,26,0,0
1289488,14:46:00,14:46:00,7101,27,0,0
1289488,14:48:00,14:48:00,7103,28,0,0
1289488,14:51:00,14:51:00,7097,29,1,0
1289489,13:18:00,13:18:00,7000,1,0,0
1289489,13:19:00,13:19:00,7001,2,0,0
1289489,13:20:00,13:20:00,7002,3,0,0
1289489,13:24:00,13:24:00,7003,4,0,0
1289489,13:25:00,13:25:00,7004,5,1,1
1289489,13:27:00,13:27:00,7005,6,0,0
1289489,13:29:00,13:29:00,7006,7,0,0
1289489,13:31:00,13:31:00,7007,8,0,0
1289489,13:32:00,13:32:00,7008,9,0,0
1289489,13:36:00,13:36:00,7107,10,0,0
1289489,13:39:00,13:39:00,7009,11,0,0
1289489,13:41:00,13:41:00,7010,12,0,0
1289489,13:43:00,13:43:00,7011,13,0,0
1289489,13:46:00,13:46:00,7013,14,0,0
1289489,13:48:00,13:48:00,7014,15,0,0
1289489,13:49:00,13:49:00,7015,16,0,0
1289489,13:52:00,13:52:00,7016,17,0,0
1289489,13:53:00,13:53:00,7017,18,0,0
1289489,13:56:00,13:56:00,7018,19,0,0
1289489,13:58:00,13:58:00,7019,20,0,0
1289489,14:01:00,14:01:00,7020,21,0,0
1289489,14:03:00,14:03:00,7021,22,0,0
1289489,14:05:00,14:05:00,7022,23,0,0
1289489,14:08:00,14:08:00,7023,24,0,0
1289489,14:10:00,14:10:00,7024,25,0,0
1289489,14:13:00,14:13:00,7099,26,0,0
1289489,14:16:00,14:16:00,7101,27,0,0
1289489,14:18:00,14:18:00,7103,28,0,0
1289489,14:21:00,14:21:00,7097,29,1,0
1289490,12:48:00,12:48:00,7000,1,0,0
1289490,12:49:00,12:49:00,7001,2,0,0
1289490,12:50:00,12:50:00,7002,3,0,0
1289490,12:54:00,12:54:00,7003,4,0,0
1289490,12:55:00,12:55:00,7004,5,1,1
1289490,12:57:00,12:57:00,7005,6,0,0
1289490,12:59:00,12:59:00,7006,7,0,0
1289490,13:01:00,13:01:00,7007,8,0,0
1289490,13:02:00,13:02:00,7008,9,0,0
1289490,13:06:00,13:06:00,7107,10,0,0
1289490,13:09:00,13:09:00,7009,11,0,0
1289490,13:11:00,13:11:00,7010,12,0,0
1289490,13:13:00,13:13:00,7011,13,0,0
1289490,13:16:00,13:16:00,7013,14,0,0
1289490,13:18:00,13:18:00,7014,15,0,0
1289490,13:19:00,13:19:00,7015,16,0,0
1289490,13:22:00,13:22:00,7016,17,0,0
1289490,13:23:00,13:23:00,7017,18,0,0
1289490,13:26:00,13:26:00,7018,19,0,0
1289490,13:28:00,13:28:00,7019,20,0,0
1289490,13:31:00,13:31:00,7020,21,0,0
1289490,13:33:00,13:33:00,7021,22,0,0
1289490,13:35:00,13:35:00,7022,23,0,0
1289490,13:38:00,13:38:00,7023,24,0,0
1289490,13:40:00,13:40:00,7024,25,0,0
1289490,13:43:00,13:43:00,7099,26,0,0
1289490,13:46:00,13:46:00,7101,27,0,0
1289490,13:48:00,13:48:00,7103,28,0,0
1289490,13:51:00,13:51:00,7097,29,1,0
1289491,12:18:00,12:18:00,7000,1,0,0
1289491,12:19:00,12:19:00,7001,2,0,0
1289491,12:20:00,12:20:00,7002,3,0,0
1289491,12:24:00,12:24:00,7003,4,0,0
1289491,12:25:00,12:25:00,7004,5,1,1
1289491,12:27:00,12:27:00,7005,6,0,0
1289491,12:29:00,12:29:00,7006,7,0,0
1289491,12:31:00,12:31:00,7007,8,0,0
1289491,12:32:00,12:32:00,7008,9,0,0
1289491,12:36:00,12:36:00,7107,10,0,0
1289491,12:39:00,12:39:00,7009,11,0,0
1289491,12:41:00,12:41:00,7010,12,0,0
1289491,12:43:00,12:43:00,7011,13,0,0
1289491,12:46:00,12:46:00,7013,14,0,0
1289491,12:48:00,12:48:00,7014,15,0,0
1289491,12:49:00,12:49:00,7015,16,0,0
1289491,12:52:00,12:52:00,7016,17,0,0
1289491,12:53:00,12:53:00,7017,18,0,0
1289491,12:56:00,12:56:00,7018,19,0,0
1289491,12:58:00,12:58:00,7019,20,0,0
1289491,13:01:00,13:01:00,7020,21,0,0
1289491,13:03:00,13:03:00,7021,22,0,0
1289491,13:05:00,13:05:00,7022,23,0,0
1289491,13:08:00,13:08:00,7023,24,0,0
1289491,13:10:00,13:10:00,7024,25,0,0
1289491,13:13:00,13:13:00,7099,26,0,0
1289491,13:16:00,13:16:00,7101,27,0,0
1289491,13:18:00,13:18:00,7103,28,0,0
1289491,13:21:00,13:21:00,7097,29,1,0
1289492,11:48:00,11:48:00,7000,1,0,0
1289492,11:49:00,11:49:00,7001,2,0,0
1289492,11:50:00,11:50:00,7002,3,0,0
1289492,11:54:00,11:54:00,7003,4,0,0
1289492,11:55:00,11:55:00,7004,5,1,1
1289492,11:57:00,11:57:00,7005,6,0,0
1289492,11:59:00,11:59:00,7006,7,0,0
1289492,12:01:00,12:01:00,7007,8,0,0
1289492,12:02:00,12:02:00,7008,9,0,0
1289492,12:06:00,12:06:00,7107,10,0,0
1289492,12:09:00,12:09:00,7009,11,0,0
1289492,12:11:00,12:11:00,7010,12,0,0
1289492,12:13:00,12:13:00,7011,13,0,0
1289492,12:16:00,12:16:00,7013,14,0,0
1289492,12:18:00,12:18:00,7014,15,0,0
1289492,12:19:00,12:19:00,7015,16,0,0
1289492,12:22:00,12:22:00,7016,17,0,0
1289492,12:23:00,12:23:00,7017,18,0,0
1289492,12:26:00,12:26:00,7018,19,0,0
1289492,12:28:00,12:28:00,7019,20,0,0
1289492,12:31:00,12:31:00,7020,21,0,0
1289492,12:33:00,12:33:00,7021,22,0,0
1289492,12:35:00,12:35:00,7022,23,0,0
1289492,12:38:00,12:38:00,7023,24,0,0
1289492,12:40:00,12:40:00,7024,25,0,0
1289492,12:43:00,12:43:00,7099,26,0,0
1289492,12:46:00,12:46:00,7101,27,0,0
1289492,12:48:00,12:48:00,7103,28,0,0
1289492,12:51:00,12:51:00,7097,29,1,0
1289493,11:18:00,11:18:00,7000,1,0,0
1289493,11:19:00,11:19:00,7001,2,0,0
1289493,11:20:00,11:20:00,7002,3,0,0
1289493,11:24:00,11:24:00,7003,4,0,0
1289493,11:25:00,11:25:00,7004,5,1,1
1289493,11:27:00,11:27:00,7005,6,0,0
1289493,11:29:00,11:29:00,7006,7,0,0
1289493,11:31:00,11:31:00,7007,8,0,0
1289493,11:32:00,11:32:00,7008,9,0,0
1289493,11:36:00,11:36:00,7107,10,0,0
1289493,11:39:00,11:39:00,7009,11,0,0
1289493,11:41:00,11:41:00,7010,12,0,0
1289493,11:43:00,11:43:00,7011,13,0,0
1289493,11:46:00,11:46:00,7013,14,0,0
1289493,11:48:00,11:48:00,7014,15,0,0
1289493,11:49:00,11:49:00,7015,16,0,0
1289493,11:52:00,11:52:00,7016,17,0,0
1289493,11:53:00,11:53:00,7017,18,0,0
1289493,11:56:00,11:56:00,7018,19,0,0
1289493,11:58:00,11:58:00,7019,20,0,0
1289493,12:01:00,12:01:00,7020,21,0,0
1289493,12:03:00,12:03:00,7021,22,0,0
1289493,12:05:00,12:05:00,7022,23,0,0
1289493,12:08:00,12:08:00,7023,24,0,0
1289493,12:10:00,12:10:00,7024,25,0,0
1289493,12:13:00,12:13:00,7099,26,0,0
1289493,12:16:00,12:16:00,7101,27,0,0
1289493,12:18:00,12:18:00,7103,28,0,0
1289493,12:21:00,12:21:00,7097,29,1,0
1289494,10:48:00,10:48:00,7000,1,0,0
1289494,10:49:00,10:49:00,7001,2,0,0
1289494,10:50:00,10:50:00,7002,3,0,0
1289494,10:54:00,10:54:00,7003,4,0,0
1289494,10:55:00,10:55:00,7004,5,1,1
1289494,10:57:00,10:57:00,7005,6,0,0
1289494,10:59:00,10:59:00,7006,7,0,0
1289494,11:01:00,11:01:00,7007,8,0,0
1289494,11:02:00,11:02:00,7008,9,0,0
1289494,11:06:00,11:06:00,7107,10,0,0
1289494,11:09:00,11:09:00,7009,11,0,0
1289494,11:11:00,11:11:00,7010,12,0,0
1289494,11:13:00,11:13:00,7011,13,0,0
1289494,11:16:00,11:16:00,7013,14,0,0
1289494,11:18:00,11:18:00,7014,15,0,0
1289494,11:19:00,11:19:00,7015,16,0,0
1289494,11:22:00,11:22:00,7016,17,0,0
1289494,11:23:00,11:23:00,7017,18,0,0
1289494,11:26:00,11:26:00,7018,19,0,0
1289494,11:28:00,11:28:00,7019,20,0,0
1289494,11:31:00,11:31:00,7020,21,0,0
1289494,11:33:00,11:33:00,7021,22,0,0
1289494,11:35:00,11:35:00,7022,23,0,0
1289494,11:38:00,11:38:00,7023,24,0,0
1289494,11:40:00,11:40:00,7024,25,0,0
1289494,11:43:00,11:43:00,7099,26,0,0
1289494,11:46:00,11:46:00,7101,27,0,0
1289494,11:48:00,11:48:00,7103,28,0,0
1289494,11:51:00,11:51:00,7097,29,1,0
1289495,10:18:00,10:18:00,7000,1,0,0
1289495,10:19:00,10:19:00,7001,2,0,0
1289495,10:20:00,10:20:00,7002,3,0,0
1289495,10:24:00,10:24:00,7003,4,0,0
1289495,10:25:00,10:25:00,7004,5,1,1
1289495,10:27:00,10:27:00,7005,6,0,0
1289495,10:29:00,10:29:00,7006,7,0,0
1289495,10:31:00,10:31:00,7007,8,0,0
1289495,10:32:00,10:32:00,7008,9,0,0
1289495,10:36:00,10:36:00,7107,10,0,0
1289495,10:39:00,10:39:00,7009,11,0,0
1289495,10:41:00,10:41:00,7010,12,0,0
1289495,10:43:00,10:43:00,7011,13,0,0
1289495,10:46:00,10:46:00,7013,14,0,0
1289495,10:48:00,10:48:00,7014,15,0,0
1289495,10:49:00,10:49:00,7015,16,0,0
1289495,10:52:00,10:52:00,7016,17,0,0
1289495,10:53:00,10:53:00,7017,18,0,0
1289495,10:56:00,10:56:00,7018,19,0,0
1289495,10:58:00,10:58:00,7019,20,0,0
1289495,11:01:00,11:01:00,7020,21,0,0
1289495,11:03:00,11:03:00,7021,22,0,0
1289495,11:05:00,11:05:00,7022,23,0,0
1289495,11:08:00,11:08:00,7023,24,0,0
1289495,11:10:00,11:10:00,7024,25,0,0
1289495,11:13:00,11:13:00,7099,26,0,0
1289495,11:16:00,11:16:00,7101,27,0,0
1289495,11:18:00,11:18:00,7103,28,0,0
1289495,11:21:00,11:21:00,7097,29,1,0
1289496,09:48:00,09:48:00,7000,1,0,0
1289496,09:49:00,09:49:00,7001,2,0,0
1289496,09:50:00,09:50:00,7002,3,0,0
1289496,09:54:00,09:54:00,7003,4,0,0
1289496,09:55:00,09:55:00,7004,5,1,1
1289496,09:57:00,09:57:00,7005,6,0,0
1289496,09:59:00,09:59:00,7006,7,0,0
1289496,10:01:00,10:01:00,7007,8,0,0
1289496,10:02:00,10:02:00,7008,9,0,0
1289496,10:06:00,10:06:00,7107,10,0,0
1289496,10:09:00,10:09:00,7009,11,0,0
1289496,10:11:00,10:11:00,7010,12,0,0
1289496,10:13:00,10:13:00,7011,13,0,0
1289496,10:16:00,10:16:00,7013,14,0,0
1289496,10:18:00,10:18:00,7014,15,0,0
1289496,10:19:00,10:19:00,7015,16,0,0
1289496,10:22:00,10:22:00,7016,17,0,0
1289496,10:23:00,10:23:00,7017,18,0,0
1289496,10:26:00,10:26:00,7018,19,0,0
1289496,10:28:00,10:28:00,7019,20,0,0
1289496,10:31:00,10:31:00,7020,21,0,0
1289496,10:33:00,10:33:00,7021,22,0,0
1289496,10:35:00,10:35:00,7022,23,0,0
1289496,10:38:00,10:38:00,7023,24,0,0
1289496,10:40:00,10:40:00,7024,25,0,0
1289496,10:43:00,10:43:00,7099,26,0,0
1289496,10:46:00,10:46:00,7101,27,0,0
1289496,10:48:00,10:48:00,7103,28,0,0
1289496,10:51:00,10:51:00,7097,29,1,0
1289497,09:18:00,09:18:00,7000,1,0,0
1289497,09:19:00,09:19:00,7001,2,0,0
1289497,09:20:00,09:20:00,7002,3,0,0
1289497,09:24:00,09:24:00,7003,4,0,0
1289497,09:25:00,09:25:00,7004,5,1,1
1289497,09:27:00,09:27:00,7005,6,0,0
1289497,09:29:00,09:29:00,7006,7,0,0
1289497,09:31:00,09:31:00,7007,8,0,0
1289497,09:32:00,09:32:00,7008,9,0,0
1289497,09:36:00,09:36:00,7107,10,0,0
1289497,09:39:00,09:39:00,7009,11,0,0
1289497,09:41:00,09:41:00,7010,12,0,0
1289497,09:43:00,09:43:00,7011,13,0,0
1289497,09:46:00,09:46:00,7013,14,0,0
1289497,09:48:00,09:48:00,7014,15,0,0
1289497,09:49:00,09:49:00,7015,16,0,0
1289497,09:52:00,09:52:00,7016,17,0,0
1289497,09:53:00,09:53:00,7017,18,0,0
1289497,09:56:00,09:56:00,7018,19,0,0
1289497,09:58:00,09:58:00,7019,20,0,0
1289497,10:01:00,10:01:00,7020,21,0,0
1289497,10:03:00,10:03:00,7021,22,0,0
1289497,10:05:00,10:05:00,7022,23,0,0
1289497,10:08:00,10:08:00,7023,24,0,0
1289497,10:10:00,10:10:00,7024,25,0,0
1289497,10:13:00,10:13:00,7099,26,0,0
1289497,10:16:00,10:16:00,7101,27,0,0
1289497,10:18:00,10:18:00,7103,28,0,0
1289497,10:21:00,10:21:00,7097,29,1,0
1289498,19:11:00,19:11:00,7098,1,0,0
1289498,19:13:00,19:13:00,7104,2,0,0
1289498,19:16:00,19:16:00,7102,3,0,0
1289498,19:18:00,19:18:00,7100,4,0,0
1289498,19:22:00,19:22:00,7025,5,0,0
1289498,19:24:00,19:24:00,7026,6,0,0
1289498,19:26:00,19:26:00,7027,7,0,0
1289498,19:29:00,19:29:00,7028,8,0,0
1289498,19:31:00,19:31:00,7029,9,0,0
1289498,19:33:00,19:33:00,7030,10,0,0
1289498,19:35:00,19:35:00,7031,11,0,0
1289498,19:39:00,19:39:00,7032,12,0,0
1289498,19:40:00,19:40:00,7033,13,0,0
1289498,19:42:00,19:42:00,7034,14,0,0
1289498,19:44:00,19:44:00,7035,15,0,0
1289498,19:45:00,19:45:00,7036,16,0,0
1289498,19:47:00,19:47:00,7037,17,0,0
1289498,19:48:00,19:48:00,7038,18,0,0
1289498,19:50:00,19:50:00,7039,19,0,0
1289498,19:53:00,19:53:00,7040,20,0,0
1289498,19:55:00,19:55:00,7108,21,0,0
1289498,19:59:00,19:59:00,7041,22,0,0
1289498,20:01:00,20:01:00,7042,23,0,0
1289498,20:02:00,20:02:00,7043,24,0,0
1289498,20:04:00,20:04:00,7044,25,0,0
1289498,20:07:00,20:07:00,7045,26,1,1
1289498,20:08:00,20:08:00,7046,27,0,0
1289498,20:11:00,20:11:00,7047,28,0,0
1289498,20:12:00,20:12:00,7048,29,0,0
1289498,20:14:00,20:14:00,7049,30,1,0
1289499,23:56:00,23:56:00,7098,1,0,0
1289499,23:58:00,23:58:00,7104,2,0,0
1289499,24:01:00,24:01:00,7102,3,0,0
1289499,24:03:00,24:03:00,7100,4,0,0
1289499,24:07:00,24:07:00,7025,5,0,0
1289499,24:09:00,24:09:00,7026,6,0,0
1289499,24:11:00,24:11:00,7027,7,0,0
1289499,24:14:00,24:14:00,7028,8,0,0
1289499,24:16:00,24:16:00,7029,9,0,0
1289499,24:18:00,24:18:00,7030,10,0,0
1289499,24:20:00,24:20:00,7031,11,0,0
1289499,24:24:00,24:24:00,7032,12,0,0
1289499,24:25:00,24:25:00,7033,13,0,0
1289499,24:27:00,24:27:00,7034,14,0,0
1289499,24:29:00,24:29:00,7035,15,0,0
1289499,24:30:00,24:30:00,7036,16,0,0
1289499,24:32:00,24:32:00,7037,17,0,0
1289499,24:33:00,24:33:00,7038,18,0,0
1289499,24:35:00,24:35:00,7039,19,0,0
1289499,24:38:00,24:38:00,7040,20,0,0
1289499,24:40:00,24:40:00,7108,21,0,0
1289499,24:44:00,24:44:00,7041,22,0,0
1289499,24:46:00,24:46:00,7042,23,0,0
1289499,24:47:00,24:47:00,7043,24,0,0
1289499,24:49:00,24:49:00,7044,25,0,0
1289499,24:52:00,24:52:00,7045,26,1,1
1289499,24:53:00,24:53:00,7046,27,0,0
1289499,24:56:00,24:56:00,7047,28,0,0
1289499,24:57:00,24:57:00,7048,29,0,0
1289499,24:59:00,24:59:00,7049,30,1,0
1289500,23:26:00,23:26:00,7098,1,0,0
1289500,23:28:00,23:28:00,7104,2,0,0
1289500,23:31:00,23:31:00,7102,3,0,0
1289500,23:33:00,23:33:00,7100,4,0,0
1289500,23:37:00,23:37:00,7025,5,0,0
1289500,23:39:00,23:39:00,7026,6,0,0
1289500,23:41:00,23:41:00,7027,7,0,0
1289500,23:44:00,23:44:00,7028,8,0,0
1289500,23:46:00,23:46:00,7029,9,0,0
1289500,23:48:00,23:48:00,7030,10,0,0
1289500,23:50:00,23:50:00,7031,11,0,0
1289500,23:54:00,23:54:00,7032,12,0,0
1289500,23:55:00,23:55:00,7033,13,0,0
1289500,23:57:00,23:57:00,7034,14,0,0
1289500,23:59:00,23:59:00,7035,15,0,0
1289500,24:00:00,24:00:00,7036,16,0,0
1289500,24:02:00,24:02:00,7037,17,0,0
1289500,24:03:00,24:03:00,7038,18,0,0
1289500,24:05:00,24:05:00,7039,19,0,0
1289500,24:08:00,24:08:00,7040,20,0,0
1289500,24:10:00,24:10:00,7108,21,0,0
1289500,24:14:00,24:14:00,7041,22,0,0
1289500,24:16:00,24:16:00,7042,23,0,0
1289500,24:17:00,24:17:00,7043,24,0,0
1289500,24:19:00,24:19:00,7044,25,0,0
1289500,24:22:00,24:22:00,7045,26,1,1
1289500,24:23:00,24:23:00,7046,27,0,0
1289500,24:26:00,24:26:00,7047,28,0,0
1289500,24:27:00,24:27:00,7048,29,0,0
1289500,24:29:00,24:29:00,7049,30,1,0
1289501,22:56:00,22:56:00,7098,1,0,0
1289501,22:58:00,22:58:00,7104,2,0,0
1289501,23:01:00,23:01:00,7102,3,0,0
1289501,23:03:00,23:03:00,7100,4,0,0
1289501,23:07:00,23:07:00,7025,5,0,0
1289501,23:09:00,23:09:00,7026,6,0,0
1289501,23:11:00,23:11:00,7027,7,0,0
1289501,23:14:00,23:14:00,7028,8,0,0
1289501,23:16:00,23:16:00,7029,9,0,0
1289501,23:18:00,23:18:00,7030,10,0,0
1289501,23:20:00,23:20:00,7031,11,0,0
1289501,23:24:00,23:24:00,7032,12,0,0
1289501,23:25:00,23:25:00,7033,13,0,0
1289501,23:27:00,23:27:00,7034,14,0,0
1289501,23:29:00,23:29:00,7035,15,0,0
1289501,23:30:00,23:30:00,7036,16,0,0
1289501,23:32:00,23:32:00,7037,17,0,0
1289501,23:33:00,23:33:00,7038,18,0,0
1289501,23:35:00,23:35:00,7039,19,0,0
1289501,23:38:00,23:38:00,7040,20,0,0
1289501,23:40:00,23:40:00,7108,21,0,0
1289501,23:44:00,23:44:00,7041,22,0,0
1289501,23:46:00,23:46:00,7042,23,0,0
1289501,23:47:00,23:47:00,7043,24,0,0
1289501,23:49:00,23:49:00,7044,25,0,0
1289501,23:52:00,23:52:00,7045,26,1,1
1289501,23:53:00,23:53:00,7046,27,0,0
1289501,23:56:00,23:56:00,7047,28,0,0
1289501,23:57:00,23:57:00,7048,29,0,0
1289501,23:59:00,23:59:00,7049,30,1,0
1289502,22:26:00,22:26:00,7098,1,0,0
1289502,22:28:00,22:28:00,7104,2,0,0
1289502,22:31:00,22:31:00,7102,3,0,0
1289502,22:33:00,22:33:00,7100,4,0,0
1289502,22:37:00,22:37:00,7025,5,0,0
1289502,22:39:00,22:39:00,7026,6,0,0
1289502,22:41:00,22:41:00,7027,7,0,0
1289502,22:44:00,22:44:00,7028,8,0,0
1289502,22:46:00,22:46:00,7029,9,0,0
1289502,22:48:00,22:48:00,7030,10,0,0
1289502,22:50:00,22:50:00,7031,11,0,0
1289502,22:54:00,22:54:00,7032,12,0,0
1289502,22:55:00,22:55:00,7033,13,0,0
1289502,22:57:00,22:57:00,7034,14,0,0
1289502,22:59:00,22:59:00,7035,15,0,0
1289502,23:00:00,23:00:00,7036,16,0,0
1289502,23:02:00,23:02:00,7037,17,0,0
1289502,23:03:00,23:03:00,7038,18,0,0
1289502,23:05:00,23:05:00,7039,19,0,0
1289502,23:08:00,23:08:00,7040,20,0,0
1289502,23:10:00,23:10:00,7108,21,0,0
1289502,23:14:00,23:14:00,7041,22,0,0
1289502,23:16:00,23:16:00,7042,23,0,0
1289502,23:17:00,23:17:00,7043,24,0,0
1289502,23:19:00,23:19:00,7044,25,0,0
1289502,23:22:00,23:22:00,7045,26,1,1
1289502,23:23:00,23:23:00,7046,27,0,0
1289502,23:26:00,23:26:00,7047,28,0,0
1289502,23:27:00,23:27:00,7048,29,0,0
1289502,23:29:00,23:29:00,7049,30,1,0
1289503,21:56:00,21:56:00,7098,1,0,0
1289503,21:58:00,21:58:00,7104,2,0,0
1289503,22:01:00,22:01:00,7102,3,0,0
1289503,22:03:00,22:03:00,7100,4,0,0
1289503,22:07:00,22:07:00,7025,5,0,0
1289503,22:09:00,22:09:00,7026,6,0,0
1289503,22:11:00,22:11:00,7027,7,0,0
1289503,22:14:00,22:14:00,7028,8,0,0
1289503,22:16:00,22:16:00,7029,9,0,0
1289503,22:18:00,22:18:00,7030,10,0,0
1289503,22:20:00,22:20:00,7031,11,0,0
1289503,22:24:00,22:24:00,7032,12,0,0
1289503,22:25:00,22:25:00,7033,13,0,0
1289503,22:27:00,22:27:00,7034,14,0,0
1289503,22:29:00,22:29:00,7035,15,0,0
1289503,22:30:00,22:30:00,7036,16,0,0
1289503,22:32:00,22:32:00,7037,17,0,0
1289503,22:33:00,22:33:00,7038,18,0,0
1289503,22:35:00,22:35:00,7039,19,0,0
1289503,22:38:00,22:38:00,7040,20,0,0
1289503,22:40:00,22:40:00,7108,21,0,0
1289503,22:44:00,22:44:00,7041,22,0,0
1289503,22:46:00,22:46:00,7042,23,0,0
1289503,22:47:00,22:47:00,7043,24,0,0
1289503,22:49:00,22:49:00,7044,25,0,0
1289503,22:52:00,22:52:00,7045,26,1,1
1289503,22:53:00,22:53:00,7046,27,0,0
1289503,22:56:00,22:56:00,7047,28,0,0
1289503,22:57:00,22:57:00,7048,29,0,0
1289503,22:59:00,22:59:00,7049,30,1,0
1289504,18:56:00,18:56:00,7098,1,0,0
1289504,18:58:00,18:58:00,7104,2,0,0
1289504,19:01:00,19:01:00,7102,3,0,0
1289504,19:03:00,19:03:00,7100,4,0,0
1289504,19:07:00,19:07:00,7025,5,0,0
1289504,19:09:00,19:09:00,7026,6,0,0
1289504,19:11:00,19:11:00,7027,7,0,0
1289504,19:14:00,19:14:00,7028,8,0,0
1289504,19:16:00,19:16:00,7029,9,0,0
1289504,19:18:00,19:18:00,7030,10,0,0
1289504,19:20:00,19:20:00,7031,11,0,0
1289504,19:24:00,19:24:00,7032,12,0,0
1289504,19:25:00,19:25:00,7033,13,0,0
1289504,19:27:00,19:27:00,7034,14,0,0
1289504,19:29:00,19:29:00,7035,15,0,0
1289504,19:30:00,19:30:00,7036,16,0,0
1289504,19:32:00,19:32:00,7037,17,0,0
1289504,19:33:00,19:33:00,7038,18,0,0
1289504,19:35:00,19:35:00,7039,19,0,0
1289504,19:38:00,19:38:00,7040,20,0,0
1289504,19:40:00,19:40:00,7108,21,0,0
1289504,19:44:00,19:44:00,7041,22,0,0
1289504,19:46:00,19:46:00,7042,23,0,0
1289504,19:47:00,19:47:00,7043,24,0,0
1289504,19:49:00,19:49:00,7044,25,0,0
1289504,19:52:00,19:52:00,7045,26,1,1
1289504,19:53:00,19:53:00,7046,27,0,0
1289504,19:56:00,19:56:00,7047,28,0,0
1289504,19:57:00,19:57:00,7048,29,0,0
1289504,19:59:00,19:59:00,7049,30,1,0
1289505,18:26:00,18:26:00,7098,1,0,0
1289505,18:28:00,18:28:00,7104,2,0,0
1289505,18:31:00,18:31:00,7102,3,0,0
1289505,18:33:00,18:33:00,7100,4,0,0
1289505,18:37:00,18:37:00,7025,5,0,0
1289505,18:39:00,18:39:00,7026,6,0,0
1289505,18:41:00,18:41:00,7027,7,0,0
1289505,18:44:00,18:44:00,7028,8,0,0
1289505,18:46:00,18:46:00,7029,9,0,0
1289505,18:48:00,18:48:00,7030,10,0,0
1289505,18:50:00,18:50:00,7031,11,0,0
1289505,18:54:00,18:54:00,7032,12,0,0
1289505,18:55:00,18:55:00,7033,13,0,0
1289505,18:57:00,18:57:00,7034,14,0,0
1289505,18:59:00,18:59:00,7035,15,0,0
1289505,19:00:00,19:00:00,7036,16,0,0
1289505,19:02:00,19:02:00,7037,17,0,0
1289505,19:03:00,19:03:00,7038,18,0,0
1289505,19:05:00,19:05:00,7039,19,0,0
1289505,19:08:00,19:08:00,7040,20,0,0
1289505,19:10:00,19:10:00,7108,21,0,0
1289505,19:14:00,19:14:00,7041,22,0,0
1289505,19:16:00,19:16:00,7042,23,0,0
1289505,19:17:00,19:17:00,7043,24,0,0
1289505,19:19:00,19:19:00,7044,25,0,0
1289505,19:22:00,19:22:00,7045,26,1,1
1289505,19:23:00,19:23:00,7046,27,0,0
1289505,19:26:00,19:26:00,7047,28,0,0
1289505,19:27:00,19:27:00,7048,29,0,0
1289505,19:29:00,19:29:00,7049,30,1,0
1289506,17:56:00,17:56:00,7098,1,0,0
1289506,17:58:00,17:58:00,7104,2,0,0
1289506,18:01:00,18:01:00,7102,3,0,0
1289506,18:03:00,18:03:00,7100,4,0,0
1289506,18:07:00,18:07:00,7025,5,0,0
1289506,18:09:00,18:09:00,7026,6,0,0
1289506,18:11:00,18:11:00,7027,7,0,0
1289506,18:14:00,18:14:00,7028,8,0,0
1289506,18:16:00,18:16:00,7029,9,0,0
1289506,18:18:00,18:18:00,7030,10,0,0
1289506,18:20:00,18:20:00,7031,11,0,0
1289506,18:24:00,18:24:00,7032,12,0,0
1289506,18:25:00,18:25:00,7033,13,0,0
1289506,18:27:00,18:27:00,7034,14,0,0
1289506,18:29:00,18:29:00,7035,15,0,0
1289506,18:30:00,18:30:00,7036,16,0,0
1289506,18:32:00,18:32:00,7037,17,0,0
1289506,18:33:00,18:33:00,7038,18,0,0
1289506,18:35:00,18:35:00,7039,19,0,0
1289506,18:38:00,18:38:00,7040,20,0,0
1289506,18:40:00,18:40:00,7108,21,0,0
1289506,18:44:00,18:44:00,7041,22,0,0
1289506,18:46:00,18:46:00,7042,23,0,0
1289506,18:47:00,18:47:00,7043,24,0,0
1289506,18:49:00,18:49:00,7044,25,0,0
1289506,18:52:00,18:52:00,7045,26,1,1
1289506,18:53:00,18:53:00,7046,27,0,0
1289506,18:56:00,18:56:00,7047,28,0,0
1289506,18:57:00,18:57:00,7048,29,0,0
1289506,18:59:00,18:59:00,7049,30,1,0
1289507,17:26:00,17:26:00,7098,1,0,0
1289507,17:28:00,17:28:00,7104,2,0,0
1289507,17:31:00,17:31:00,7102,3,0,0
1289507,17:33:00,17:33:00,7100,4,0,0
1289507,17:37:00,17:37:00,7025,5,0,0
1289507,17:39:00,17:39:00,7026,6,0,0
1289507,17:41:00,17:41:00,7027,7,0,0
1289507,17:44:00,17:44:00,7028,8,0,0
1289507,17:46:00,17:46:00,7029,9,0,0
1289507,17:48:00,17:48:00,7030,10,0,0
1289507,17:50:00,17:50:00,7031,11,0,0
1289507,17:54:00,17:54:00,7032,12,0,0
1289507,17:55:00,17:55:00,7033,13,0,0
1289507,17:57:00,17:57:00,7034,14,0,0
1289507,17:59:00,17:59:00,7035,15,0,0
1289507,18:00:00,18:00:00,7036,16,0,0
1289507,18:02:00,18:02:00,7037,17,0,0
1289507,18:03:00,18:03:00,7038,18,0,0
1289507,18:05:00,18:05:00,7039,19,0,0
1289507,18:08:00,18:08:00,7040,20,0,0
1289507,18:10:00,18:10:00,7108,21,0,0
1289507,18:14:00,18:14:00,7041,22,0,0
1289507,18:16:00,18:16:00,7042,23,0,0
1289507,18:17:00,18:17:00,7043,24,0,0
1289507,18:19:00,18:19:00,7044,25,0,0
1289507,18:22:00,18:22:00,7045,26,1,1
1289507,18:23:00,18:23:00,7046,27,0,0
1289507,18:26:00,18:26:00,7047,28,0,0
1289507,18:27:00,18:27:00,7048,29,0,0
1289507,18:29:00,18:29:00,7049,30,1,0
1289508,16:56:00,16:56:00,7098,1,0,0
1289508,16:58:00,16:58:00,7104,2,0,0
1289508,17:01:00,17:01:00,7102,3,0,0
1289508,17:03:00,17:03:00,7100,4,0,0
1289508,17:07:00,17:07:00,7025,5,0,0
1289508,17:09:00,17:09:00,7026,6,0,0
1289508,17:11:00,17:11:00,7027,7,0,0
1289508,17:14:00,17:14:00,7028,8,0,0
1289508,17:16:00,17:16:00,7029,9,0,0
1289508,17:18:00,17:18:00,7030,10,0,0
1289508,17:20:00,17:20:00,7031,11,0,0
1289508,17:24:00,17:24:00,7032,12,0,0
1289508,17:25:00,17:25:00,7033,13,0,0
1289508,17:27:00,17:27:00,7034,14,0,0
1289508,17:29:00,17:29:00,7035,15,0,0
1289508,17:30:00,17:30:00,7036,16,0,0
1289508,17:32:00,17:32:00,7037,17,0,0
1289508,17:33:00,17:33:00,7038,18,0,0
1289508,17:35:00,17:35:00,7039,19,0,0
1289508,17:38:00,17:38:00,7040,20,0,0
1289508,17:40:00,17:40:00,7108,21,0,0
1289508,17:44:00,17:44:00,7041,22,0,0
1289508,17:46:00,17:46:00,7042,23,0,0
1289508,17:47:00,17:47:00,7043,24,0,0
1289508,17:49:00,17:49:00,7044,25,0,0
1289508,17:52:00,17:52:00,7045,26,1,1
1289508,17:53:00,17:53:00,7046,27,0,0
1289508,17:56:00,17:56:00,7047,28,0,0
1289508,17:57:00,17:57:00,7048,29,0,0
1289508,17:59:00,17:59:00,7049,30,1,0
1289509,16:26:00,16:26:00,7098,1,0,0
1289509,16:28:00,16:28:00,7104,2,0,0
1289509,16:31:00,16:31:00,7102,3,0,0
1289509,16:33:00,16:33:00,7100,4,0,0
1289509,16:37:00,16:37:00,7025,5,0,0
1289509,16:39:00,16:39:00,7026,6,0,0
1289509,16:41:00,16:41:00,7027,7,0,0
1289509,16:44:00,16:44:00,7028,8,0,0
1289509,16:46:00,16:46:00,7029,9,0,0
1289509,16:48:00,16:48:00,7030,10,0,0
1289509,16:50:00,16:50:00,7031,11,0,0
1289509,16:54:00,16:54:00,7032,12,0,0
1289509,16:55:00,16:55:00,7033,13,0,0
1289509,16:57:00,16:57:00,7034,14,0,0
1289509,16:59:00,16:59:00,7035,15,0,0
1289509,17:00:00,17:00:00,7036,16,0,0
1289509,17:02:00,17:02:00,7037,17,0,0
1289509,17:03:00,17:03:00,7038,18,0,0
1289509,17:05:00,17:05:00,7039,19,0,0
1289509,17:08:00,17:08:00,7040,20,0,0
1289509,17:10:00,17:10:00,7108,21,0,0
1289509,17:14:00,17:14:00,7041,22,0,0
1289509,17:16:00,17:16:00,7042,23,0,0
1289509,17:17:00,17:17:00,7043,24,0,0
1289509,17:19:00,17:19:00,7044,25,0,0
1289509,17:22:00,17:22:00,7045,26,1,1
1289509,17:23:00,17:23:00,7046,27,0,0
1289509,17:26:00,17:26:00,7047,28,0,0
1289509,17:27:00,17:27:00,7048,29,0,0
1289509,17:29:00,17:29:00,7049,30,1,0
1289510,15:56:00,15:56:00,7098,1,0,0
1289510,15:58:00,15:58:00,7104,2,0,0
1289510,16:01:00,16:01:00,7102,3,0,0
1289510,16:03:00,16:03:00,7100,4,0,0
1289510,16:07:00,16:07:00,7025,5,0,0
1289510,16:09:00,16:09:00,7026,6,0,0
1289510,16:11:00,16:11:00,7027,7,0,0
1289510,16:14:00,16:14:00,7028,8,0,0
1289510,16:16:00,16:16:00,7029,9,0,0
1289510,16:18:00,16:18:00,7030,10,0,0
1289510,16:20:00,16:20:00,7031,11,0,0
1289510,16:24:00,16:24:00,7032,12,0,0
1289510,16:25:00,16:25:00,7033,13,0,0
1289510,16:27:00,16:27:00,7034,14,0,0
1289510,16:29:00,16:29:00,7035,15,0,0
1289510,16:30:00,16:30:00,7036,16,0,0
1289510,16:32:00,16:32:00,7037,17,0,0
1289510,16:33:00,16:33:00,7038,18,0,0
1289510,16:35:00,16:35:00,7039,19,0,0
1289510,16:38:00,16:38:00,7040,20,0,0
1289510,16:40:00,16:40:00,7108,21,0,0
1289510,16:44:00,16:44:00,7041,22,0,0
1289510,16:46:00,16:46:00,7042,23,0,0
1289510,16:47:00,16:47:00,7043,24,0,0
1289510,16:49:00,16:49:00,7044,25,0,0
1289510,16:52:00,16:52:00,7045,26,1,1
1289510,16:53:00,16:53:00,7046,27,0,0
1289510,16:56:00,16:56:00,7047,28,0,0
1289510,16:57:00,16:57:00,7048,29,0,0
1289510,16:59:00,16:59:00,7049,30,1,0
1289511,15:26:00,15:26:00,7098,1,0,0
1289511,15:28:00,15:28:00,7104,2,0,0
1289511,15:31:00,15:31:00,7102,3,0,0
1289511,15:33:00,15:33:00,7100,4,0,0
1289511,15:37:00,15:37:00,7025,5,0,0
1289511,15:39:00,15:39:00,7026,6,0,0
1289511,15:41:00,15:41:00,7027,7,0,0
1289511,15:44:00,15:44:00,7028,8,0,0
1289511,15:46:00,15:46:00,7029,9,0,0
1289511,15:48:00,15:48:00,7030,10,0,0
1289511,15:50:00,15:50:00,7031,11,0,0
1289511,15:54:00,15:54:00,7032,12,0,0
1289511,15:55:00,15:55:00,7033,13,0,0
1289511,15:57:00,15:57:00,7034,14,0,0
1289511,15:59:00,15:59:00,7035,15,0,0
1289511,16:00:00,16:00:00,7036,16,0,0
1289511,16:02:00,16:02:00,7037,17,0,0
1289511,16:03:00,16:03:00,7038,18,0,0
1289511,16:05:00,16:05:00,7039,19,0,0
1289511,16:08:00,16:08:00,7040,20,0,0
1289511,16:10:00,16:10:00,7108,21,0,0
1289511,16:14:00,16:14:00,7041,22,0,0
1289511,16:16:00,16:16:00,7042,23,0,0
1289511,16:17:00,16:17:00,7043,24,0,0
1289511,16:19:00,16:19:00,7044,25,0,0
1289511,16:22:00,16:22:00,7045,26,1,1
1289511,16:23:00,16:23:00,7046,27,0,0
1289511,16:26:00,16:26:00,7047,28,0,0
1289511,16:27:00,16:27:00,7048,29,0,0
1289511,16:29:00,16:29:00,7049,30,1,0
1289512,14:56:00,14:56:00,7098,1,0,0
1289512,14:58:00,14:58:00,7104,2,0,0
1289512,15:01:00,15:01:00,7102,3,0,0
1289512,15:03:00,15:03:00,7100,4,0,0
1289512,15:07:00,15:07:00,7025,5,0,0
1289512,15:09:00,15:09:00,7026,6,0,0
1289512,15:11:00,15:11:00,7027,7,0,0
1289512,15:14:00,15:14:00,7028,8,0,0
1289512,15:16:00,15:16:00,7029,9,0,0
1289512,15:18:00,15:18:00,7030,10,0,0
1289512,15:20:00,15:20:00,7031,11,0,0
1289512,15:24:00,15:24:00,7032,12,0,0
1289512,15:25:00,15:25:00,7033,13,0,0
1289512,15:27:00,15:27:00,7034,14,0,0
1289512,15:29:00,15:29:00,7035,15,0,0
1289512,15:30:00,15:30:00,7036,16,0,0
1289512,15:32:00,15:32:00,7037,17,0,0
1289512,15:33:00,15:33:00,7038,18,0,0
1289512,15:35:00,15:35:00,7039,19,0,0
1289512,15:38:00,15:38:00,7040,20,0,0
1289512,15:40:00,15:40:00,7108,21,0,0
1289512,15:44:00,15:44:00,7041,22,0,0
1289512,15:46:00,15:46:00,7042,23,0,0
1289512,15:47:00,15:47:00,7043,24,0,0
1289512,15:49:00,15:49:00,7044,25,0,0
1289512,15:52:00,15:52:00,7045,26,1,1
1289512,15:53:00,15:53:00,7046,27,0,0
1289512,15:56:00,15:56:00,7047,28,0,0
1289512,15:57:00,15:57:00,7048,29,0,0
1289512,15:59:00,15:59:00,7049,30,1,0
1289513,14:26:00,14:26:00,7098,1,0,0
1289513,14:28:00,14:28:00,7104,2,0,0
1289513,14:31:00,14:31:00,7102,3,0,0
1289513,14:33:00,14:33:00,7100,4,0,0
1289513,14:37:00,14:37:00,7025,5,0,0
1289513,14:39:00,14:39:00,7026,6,0,0
1289513,14:41:00,14:41:00,7027,7,0,0
1289513,14:44:00,14:44:00,7028,8,0,0
1289513,14:46:00,14:46:00,7029,9,0,0
1289513,14:48:00,14:48:00,7030,10,0,0
1289513,14:50:00,14:50:00,7031,11,0,0
1289513,14:54:00,14:54:00,7032,12,0,0
1289513,14:55:00,14:55:00,7033,13,0,0
1289513,14:57:00,14:57:00,7034,14,0,0
1289513,14:59:00,14:59:00,7035,15,0,0
1289513,15:00:00,15:00:00,7036,16,0,0
1289513,15:02:00,15:02:00,7037,17,0,0
1289513,15:03:00,15:03:00,7038,18,0,0
1289513,15:05:00,15:05:00,7039,19,0,0
1289513,15:08:00,15:08:00,7040,20,0,0
1289513,15:10:00,15:10:00,7108,21,0,0
1289513,15:14:00,15:14:00,7041,22,0,0
1289513,15:16:00,15:16:00,7042,23,0,0
1289513,15:17:00,15:17:00,7043,24,0,0
1289513,15:19:00,15:19:00,7044,25,0,0
1289513,15:22:00,15:22:00,7045,26,1,1
1289513,15:23:00,15:23:00,7046,27,0,0
1289513,15:26:00,15:26:00,7047,28,0,0
1289513,15:27:00,15:27:00,7048,29,0,0
1289513,15:29:00,15:29:00,7049,30,1,0
1289514,13:56:00,13:56:00,7098,1,0,0
1289514,13:58:00,13:58:00,7104,2,0,0
1289514,14:01:00,14:01:00,7102,3,0,0
1289514,14:03:00,14:03:00,7100,4,0,0
1289514,14:07:00,14:07:00,7025,5,0,0
1289514,14:09:00,14:09:00,7026,6,0,0
1289514,14:11:00,14:11:00,7027,7,0,0
1289514,14:14:00,14:14:00,7028,8,0,0
1289514,14:16:00,14:16:00,7029,9,0,0
1289514,14:18:00,14:18:00,7030,10,0,0
1289514,14:20:00,14:20:00,7031,11,0,0
1289514,14:24:00,14:24:00,7032,12,0,0
1289514,14:25:00,14:25:00,7033,13,0,0
1289514,14:27:00,14:27:00,7034,14,0,0
1289514,14:29:00,14:29:00,7035,15,0,0
1289514,14:30:00,14:30:00,7036,16,0,0
1289514,14:32:00,14:32:00,7037,17,0,0
1289514,14:33:00,14:33:00,7038,18,0,0
1289514,14:35:00,14:35:00,7039,19,0,0
1289514,14:38:00,14:38:00,7040,20,0,0
1289514,14:40:00,14:40:00,7108,21,0,0
1289514,14:44:00,14:44:00,7041,22,0,0
1289514,14:46:00,14:46:00,7042,23,0,0
1289514,14:47:00,14:47:00,7043,24,0,0
1289514,14:49:00,14:49:00,7044,25,0,0
1289514,14:52:00,14:52:00,7045,26,1,1
1289514,14:53:00,14:53:00,7046,27,0,0
1289514,14:56:00,14:56:00,7047,28,0,0
1289514,14:57:00,14:57:00,7048,29,0,0
1289514,14:59:00,14:59:00,7049,30,1,0
1289515,13:26:00,13:26:00,7098,1,0,0
1289515,13:28:00,13:28:00,7104,2,0,0
1289515,13:31:00,13:31:00,7102,3,0,0
1289515,13:33:00,13:33:00,7100,4,0,0
1289515,13:37:00,13:37:00,7025,5,0,0
1289515,13:39:00,13:39:00,7026,6,0,0
1289515,13:41:00,13:41:00,7027,7,0,0
1289515,13:44:00,13:44:00,7028,8,0,0
1289515,13:46:00,13:46:00,7029,9,0,0
1289515,13:48:00,13:48:00,7030,10,0,0
1289515,13:50:00,13:50:00,7031,11,0,0
1289515,13:54:00,13:54:00,7032,12,0,0
1289515,13:55:00,13:55:00,7033,13,0,0
1289515,13:57:00,13:57:00,7034,14,0,0
1289515,13:59:00,13:59:00,7035,15,0,0
1289515,14:00:00,14:00:00,7036,16,0,0
1289515,14:02:00,14:02:00,7037,17,0,0
1289515,14:03:00,14:03:00,7038,18,0,0
1289515,14:05:00,14:05:00,7039,19,0,0
1289515,14:08:00,14:08:00,7040,20,0,0
1289515,14:10:00,14:10:00,7108,21,0,0
1289515,14:14:00,14:14:00,7041,22,0,0
1289515,14:16:00,14:16:00,7042,23,0,0
1289515,14:17:00,14:17:00,7043,24,0,0
1289515,14:19:00,14:19:00,7044,25,0,0
1289515,14:22:00,14:22:00,7045,26,1,1
1289515,14:23:00,14:23:00,7046,27,0,0
1289515,14:26:00,14:26:00,7047,28,0,0
1289515,14:27:00,14:27:00,7048,29,0,0
1289515,14:29:00,14:29:00,7049,30,1,0
1289516,12:56:00,12:56:00,7098,1,0,0
1289516,12:58:00,12:58:00,7104,2,0,0
1289516,13:01:00,13:01:00,7102,3,0,0
1289516,13:03:00,13:03:00,7100,4,0,0
1289516,13:07:00,13:07:00,7025,5,0,0
1289516,13:09:00,13:09:00,7026,6,0,0
1289516,13:11:00,13:11:00,7027,7,0,0
1289516,13:14:00,13:14:00,7028,8,0,0
1289516,13:16:00,13:16:00,7029,9,0,0
1289516,13:18:00,13:18:00,7030,10,0,0
1289516,13:20:00,13:20:00,7031,11,0,0
1289516,13:24:00,13:24:00,7032,12,0,0
1289516,13:25:00,13:25:00,7033,13,0,0
1289516,13:27:00,13:27:00,7034,14,0,0
1289516,13:29:00,13:29:00,7035,15,0,0
1289516,13:30:00,13:30:00,7036,16,0,0
1289516,13:32:00,13:32:00,7037,17,0,0
1289516,13:33:00,13:33:00,7038,18,0,0
1289516,13:35:00,13:35:00,7039,19,0,0
1289516,13:38:00,13:38:00,7040,20,0,0
1289516,13:40:00,13:40:00,7108,21,0,0
1289516,13:44:00,13:44:00,7041,22,0,0
1289516,13:46:00,13:46:00,7042,23,0,0
1289516,13:47:00,13:47:00,7043,24,0,0
1289516,13:49:00,13:49:00,7044,25,0,0
1289516,13:52:00,13:52:00,7045,26,1,1
1289516,13:53:00,13:53:00,7046,27,0,0
1289516,13:56:00,13:56:00,7047,28,0,0
1289516,13:57:00,13:57:00,7048,29,0,0
1289516,13:59:00,13:59:00,7049,30,1,0
1289517,12:26:00,12:26:00,7098,1,0,0
1289517,12:28:00,12:28:00,7104,2,0,0
1289517,12:31:00,12:31:00,7102,3,0,0
1289517,12:33:00,12:33:00,7100,4,0,0
1289517,12:37:00,12:37:00,7025,5,0,0
1289517,12:39:00,12:39:00,7026,6,0,0
1289517,12:41:00,12:41:00,7027,7,0,0
1289517,12:44:00,12:44:00,7028,8,0,0
1289517,12:46:00,12:46:00,7029,9,0,0
1289517,12:48:00,12:48:00,7030,10,0,0
1289517,12:50:00,12:50:00,7031,11,0,0
1289517,12:54:00,12:54:00,7032,12,0,0
1289517,12:55:00,12:55:00,7033,13,0,0
1289517,12:57:00,12:57:00,7034,14,0,0
1289517,12:59:00,12:59:00,7035,15,0,0
1289517,13:00:00,13:00:00,7036,16,0,0
1289517,13:02:00,13:02:00,7037,17,0,0
1289517,13:03:00,13:03:00,7038,18,0,0
1289517,13:05:00,13:05:00,7039,19,0,0
1289517,13:08:00,13:08:00,7040,20,0,0
1289517,13:10:00,13:10:00,7108,21,0,0
1289517,13:14:00,13:14:00,7041,22,0,0
1289517,13:16:00,13:16:00,7042,23,0,0
1289517,13:17:00,13:17:00,7043,24,0,0
1289517,13:19:00,13:19:00,7044,25,0,0
1289517,13:22:00,13:22:00,7045,26,1,1
1289517,13:23:00,13:23:00,7046,27,0,0
1289517,13:26:00,13:26:00,7047,28,0,0
1289517,13:27:00,13:27:00,7048,29,0,0
1289517,13:29:00,13:29:00,7049,30,1,0
1289518,11:56:00,11:56:00,7098,1,0,0
1289518,11:58:00,11:58:00,7104,2,0,0
1289518,12:01:00,12:01:00,7102,3,0,0
1289518,12:03:00,12:03:00,7100,4,0,0
1289518,12:07:00,12:07:00,7025,5,0,0
1289518,12:09:00,12:09:00,7026,6,0,0
1289518,12:11:00,12:11:00,7027,7,0,0
1289518,12:14:00,12:14:00,7028,8,0,0
1289518,12:16:00,12:16:00,7029,9,0,0
1289518,12:18:00,12:18:00,7030,10,0,0
1289518,12:20:00,12:20:00,7031,11,0,0
1289518,12:24:00,12:24:00,7032,12,0,0
1289518,12:25:00,12:25:00,7033,13,0,0
1289518,12:27:00,12:27:00,7034,14,0,0
1289518,12:29:00,12:29:00,7035,15,0,0
1289518,12:30:00,12:30:00,7036,16,0,0
1289518,12:32:00,12:32:00,7037,17,0,0
1289518,12:33:00,12:33:00,7038,18,0,0
1289518,12:35:00,12:35:00,7039,19,0,0
1289518,12:38:00,12:38:00,7040,20,0,0
1289518,12:40:00,12:40:00,7108,21,0,0
1289518,12:44:00,12:44:00,7041,22,0,0
1289518,12:46:00,12:46:00,7042,23,0,0
1289518,12:47:00,12:47:00,7043,24,0,0
1289518,12:49:00,12:49:00,7044,25,0,0
1289518,12:52:00,12:52:00,7045,26,1,1
1289518,12:53:00,12:53:00,7046,27,0,0
1289518,12:56:00,12:56:00,7047,28,0,0
1289518,12:57:00,12:57:00,7048,29,0,0
1289518,12:59:00,12:59:00,7049,30,1,0
1289519,11:26:00,11:26:00,7098,1,0,0
1289519,11:28:00,11:28:00,7104,2,0,0
1289519,11:31:00,11:31:00,7102,3,0,0
1289519,11:33:00,11:33:00,7100,4,0,0
1289519,11:37:00,11:37:00,7025,5,0,0
1289519,11:39:00,11:39:00,7026,6,0,0
1289519,11:41:00,11:41:00,7027,7,0,0
1289519,11:44:00,11:44:00,7028,8,0,0
1289519,11:46:00,11:46:00,7029,9,0,0
1289519,11:48:00,11:48:00,7030,10,0,0
1289519,11:50:00,11:50:00,7031,11,0,0
1289519,11:54:00,11:54:00,7032,12,0,0
1289519,11:55:00,11:55:00,7033,13,0,0
1289519,11:57:00,11:57:00,7034,14,0,0
1289519,11:59:00,11:59:00,7035,15,0,0
1289519,12:00:00,12:00:00,7036,16,0,0
1289519,12:02:00,12:02:00,7037,17,0,0
1289519,12:03:00,12:03:00,7038,18,0,0
1289519,12:05:00,12:05:00,7039,19,0,0
1289519,12:08:00,12:08:00,7040,20,0,0
1289519,12:10:00,12:10:00,7108,21,0,0
1289519,12:14:00,12:14:00,7041,22,0,0
1289519,12:16:00,12:16:00,7042,23,0,0
1289519,12:17:00,12:17:00,7043,24,0,0
1289519,12:19:00,12:19:00,7044,25,0,0
1289519,12:22:00,12:22:00,7045,26,1,1
1289519,12:23:00,12:23:00,7046,27,0,0
1289519,12:26:00,12:26:00,7047,28,0,0
1289519,12:27:00,12:27:00,7048,29,0,0
1289519,12:29:00,12:29:00,7049,30,1,0
1289520,10:56:00,10:56:00,7098,1,0,0
1289520,10:58:00,10:58:00,7104,2,0,0
1289520,11:01:00,11:01:00,7102,3,0,0
1289520,11:03:00,11:03:00,7100,4,0,0
1289520,11:07:00,11:07:00,7025,5,0,0
1289520,11:09:00,11:09:00,7026,6,0,0
1289520,11:11:00,11:11:00,7027,7,0,0
1289520,11:14:00,11:14:00,7028,8,0,0
1289520,11:16:00,11:16:00,7029,9,0,0
1289520,11:18:00,11:18:00,7030,10,0,0
1289520,11:20:00,11:20:00,7031,11,0,0
1289520,11:24:00,11:24:00,7032,12,0,0
1289520,11:25:00,11:25:00,7033,13,0,0
1289520,11:27:00,11:27:00,7034,14,0,0
1289520,11:29:00,11:29:00,7035,15,0,0
1289520,11:30:00,11:30:00,7036,16,0,0
1289520,11:32:00,11:32:00,7037,17,0,0
1289520,11:33:00,11:33:00,7038,18,0,0
1289520,11:35:00,11:35:00,7039,19,0,0
1289520,11:38:00,11:38:00,7040,20,0,0
1289520,11:40:00,11:40:00,7108,21,0,0
1289520,11:44:00,11:44:00,7041,22,0,0
1289520,11:46:00,11:46:00,7042,23,0,0
1289520,11:47:00,11:47:00,7043,24,0,0
1289520,11:49:00,11:49:00,7044,25,0,0
1289520,11:52:00,11:52:00,7045,26,1,1
1289520,11:53:00,11:53:00,7046,27,0,0
1289520,11:56:00,11:56:00,7047,28,0,0
1289520,11:57:00,11:57:00,7048,29,0,0
1289520,11:59:00,11:59:00,7049,30,1,0
1289521,10:26:00,10:26:00,7098,1,0,0
1289521,10:28:00,10:28:00,7104,2,0,0
1289521,10:31:00,10:31:00,7102,3,0,0
1289521,10:33:00,10:33:00,7100,4,0,0
1289521,10:37:00,10:37:00,7025,5,0,0
1289521,10:39:00,10:39:00,7026,6,0,0
1289521,10:41:00,10:41:00,7027,7,0,0
1289521,10:44:00,10:44:00,7028,8,0,0
1289521,10:46:00,10:46:00,7029,9,0,0
1289521,10:48:00,10:48:00,7030,10,0,0
1289521,10:50:00,10:50:00,7031,11,0,0
1289521,10:54:00,10:54:00,7032,12,0,0
1289521,10:55:00,10:55:00,7033,13,0,0
1289521,10:57:00,10:57:00,7034,14,0,0
1289521,10:59:00,10:59:00,7035,15,0,0
1289521,11:00:00,11:00:00,7036,16,0,0
1289521,11:02:00,11:02:00,7037,17,0,0
1289521,11:03:00,11:03:00,7038,18,0,0
1289521,11:05:00,11:05:00,7039,19,0,0
1289521,11:08:00,11:08:00,7040,20,0,0
1289521,11:10:00,11:10:00,7108,21,0,0
1289521,11:14:00,11:14:00,7041,22,0,0
1289521,11:16:00,11:16:00,7042,23,0,0
1289521,11:17:00,11:17:00,7043,24,0,0
1289521,11:19:00,11:19:00,7044,25,0,0
1289521,11:22:00,11:22:00,7045,26,1,1
1289521,11:23:00,11:23:00,7046,27,0,0
1289521,11:26:00,11:26:00,7047,28,0,0
1289521,11:27:00,11:27:00,7048,29,0,0
1289521,11:29:00,11:29:00,7049,30,1,0
1289522,09:56:00,09:56:00,7098,1,0,0
1289522,09:58:00,09:58:00,7104,2,0,0
1289522,10:01:00,10:01:00,7102,3,0,0
1289522,10:03:00,10:03:00,7100,4,0,0
1289522,10:07:00,10:07:00,7025,5,0,0
1289522,10:09:00,10:09:00,7026,6,0,0
1289522,10:11:00,10:11:00,7027,7,0,0
1289522,10:14:00,10:14:00,7028,8,0,0
1289522,10:16:00,10:16:00,7029,9,0,0
1289522,10:18:00,10:18:00,7030,10,0,0
1289522,10:20:00,10:20:00,7031,11,0,0
1289522,10:24:00,10:24:00,7032,12,0,0
1289522,10:25:00,10:25:00,7033,13,0,0
1289522,10:27:00,10:27:00,7034,14,0,0
1289522,10:29:00,10:29:00,7035,15,0,0
1289522,10:30:00,10:30:00,7036,16,0,0
1289522,10:32:00,10:32:00,7037,17,0,0
1289522,10:33:00,10:33:00,7038,18,0,0
1289522,10:35:00,10:35:00,7039,19,0,0
1289522,10:38:00,10:38:00,7040,20,0,0
1289522,10:40:00,10:40:00,7108,21,0,0
1289522,10:44:00,10:44:00,7041,22,0,0
1289522,10:46:00,10:46:00,7042,23,0,0
1289522,10:47:00,10:47:00,7043,24,0,0
1289522,10:49:00,10:49:00,7044,25,0,0
1289522,10:52:00,10:52:00,7045,26,1,1
1289522,10:53:00,10:53:00,7046,27,0,0
1289522,10:56:00,10:56:00,7047,28,0,0
1289522,10:57:00,10:57:00,7048,29,0,0
1289522,10:59:00,10:59:00,7049,30,1,0
1289523,09:26:00,09:26:00,7098,1,0,0
1289523,09:28:00,09:28:00,7104,2,0,0
1289523,09:31:00,09:31:00,7102,3,0,0
1289523,09:33:00,09:33:00,7100,4,0,0
1289523,09:37:00,09:37:00,7025,5,0,0
1289523,09:39:00,09:39:00,7026,6,0,0
1289523,09:41:00,09:41:00,7027,7,0,0
1289523,09:44:00,09:44:00,7028,8,0,0
1289523,09:46:00,09:46:00,7029,9,0,0
1289523,09:48:00,09:48:00,7030,10,0,0
1289523,09:50:00,09:50:00,7031,11,0,0
1289523,09:54:00,09:54:00,7032,12,0,0
1289523,09:55:00,09:55:00,7033,13,0,0
1289523,09:57:00,09:57:00,7034,14,0,0
1289523,09:59:00,09:59:00,7035,15,0,0
1289523,10:00:00,10:00:00,7036,16,0,0
1289523,10:02:00,10:02:00,7037,17,0,0
1289523,10:03:00,10:03:00,7038,18,0,0
1289523,10:05:00,10:05:00,7039,19,0,0
1289523,10:08:00,10:08:00,7040,20,0,0
1289523,10:10:00,10:10:00,7108,21,0,0
1289523,10:14:00,10:14:00,7041,22,0,0
1289523,10:16:00,10:16:00,7042,23,0,0
1289523,10:17:00,10:17:00,7043,24,0,0
1289523,10:19:00,10:19:00,7044,25,0,0
1289523,10:22:00,10:22:00,7045,26,1,1
1289523,10:23:00,10:23:00,7046,27,0,0
1289523,10:26:00,10:26:00,7047,28,0,0
1289523,10:27:00,10:27:00,7048,29,0,0
1289523,10:29:00,10:29:00,7049,30,1,0
1289524,08:56:00,08:56:00,7098,1,0,0
1289524,08:58:00,08:58:00,7104,2,0,0
1289524,09:01:00,09:01:00,7102,3,0,0
1289524,09:03:00,09:03:00,7100,4,0,0
1289524,09:07:00,09:07:00,7025,5,0,0
1289524,09:09:00,09:09:00,7026,6,0,0
1289524,09:11:00,09:11:00,7027,7,0,0
1289524,09:14:00,09:14:00,7028,8,0,0
1289524,09:16:00,09:16:00,7029,9,0,0
1289524,09:18:00,09:18:00,7030,10,0,0
1289524,09:20:00,09:20:00,7031,11,0,0
1289524,09:24:00,09:24:00,7032,12,0,0
1289524,09:25:00,09:25:00,7033,13,0,0
1289524,09:27:00,09:27:00,7034,14,0,0
1289524,09:29:00,09:29:00,7035,15,0,0
1289524,09:30:00,09:30:00,7036,16,0,0
1289524,09:32:00,09:32:00,7037,17,0,0
1289524,09:33:00,09:33:00,7038,18,0,0
1289524,09:35:00,09:35:00,7039,19,0,0
1289524,09:38:00,09:38:00,7040,20,0,0
1289524,09:40:00,09:40:00,7108,21,0,0
1289524,09:44:00,09:44:00,7041,22,0,0
1289524,09:46:00,09:46:00,7042,23,0,0
1289524,09:47:00,09:47:00,7043,24,0,0
1289524,09:49:00,09:49:00,7044,25,0,0
1289524,09:52:00,09:52:00,7045,26,1,1
1289524,09:53:00,09:53:00,7046,27,0,0
1289524,09:56:00,09:56:00,7047,28,0,0
1289524,09:57:00,09:57:00,7048,29,0,0
1289524,09:59:00,09:59:00,7049,30,1,0
1289525,08:26:00,08:26:00,7098,1,0,0
1289525,08:28:00,08:28:00,7104,2,0,0
1289525,08:31:00,08:31:00,7102,3,0,0
1289525,08:33:00,08:33:00,7100,4,0,0
1289525,08:37:00,08:37:00,7025,5,0,0
1289525,08:39:00,08:39:00,7026,6,0,0
1289525,08:41:00,08:41:00,7027,7,0,0
1289525,08:44:00,08:44:00,7028,8,0,0
1289525,08:46:00,08:46:00,7029,9,0,0
1289525,08:48:00,08:48:00,7030,10,0,0
1289525,08:50:00,08:50:00,7031,11,0,0
1289525,08:54:00,08:54:00,7032,12,0,0
1289525,08:55:00,08:55:00,7033,13,0,0
1289525,08:57:00,08:57:00,7034,14,0,0
1289525,08:59:00,08:59:00,7035,15,0,0
1289525,09:00:00,09:00:00,7036,16,0,0
1289525,09:02:00,09:02:00,7037,17,0,0
1289525,09:03:00,09:03:00,7038,18,0,0
1289525,09:05:00,09:05:00,7039,19,0,0
1289525,09:08:00,09:08:00,7040,20,0,0
1289525,09:10:00,09:10:00,7108,21,0,0
1289525,09:14:00,09:14:00,7041,22,0,0
1289525,09:16:00,09:16:00,7042,23,0,0
1289525,09:17:00,09:17:00,7043,24,0,0
1289525,09:19:00,09:19:00,7044,25,0,0
1289525,09:22:00,09:22:00,7045,26,1,1
1289525,09:23:00,09:23:00,7046,27,0,0
1289525,09:26:00,09:26:00,7047,28,0,0
1289525,09:27:00,09:27:00,7048,29,0,0
1289525,09:29:00,09:29:00,7049,30,1,0
1289526,07:56:00,07:56:00,7098,1,0,0
1289526,07:58:00,07:58:00,7104,2,0,0
1289526,08:01:00,08:01:00,7102,3,0,0
1289526,08:03:00,08:03:00,7100,4,0,0
1289526,08:07:00,08:07:00,7025,5,0,0
1289526,08:09:00,08:09:00,7026,6,0,0
1289526,08:11:00,08:11:00,7027,7,0,0
1289526,08:14:00,08:14:00,7028,8,0,0
1289526,08:16:00,08:16:00,7029,9,0,0
1289526,08:18:00,08:18:00,7030,10,0,0
1289526,08:20:00,08:20:00,7031,11,0,0
1289526,08:24:00,08:24:00,7032,12,0,0
1289526,08:25:00,08:25:00,7033,13,0,0
1289526,08:27:00,08:27:00,7034,14,0,0
1289526,08:29:00,08:29:00,7035,15,0,0
1289526,08:30:00,08:30:00,7036,16,0,0
1289526,08:32:00,08:32:00,7037,17,0,0
1289526,08:33:00,08:33:00,7038,18,0,0
1289526,08:35:00,08:35:00,7039,19,0,0
1289526,08:38:00,08:38:00,7040,20,0,0
1289526,08:40:00,08:40:00,7108,21,0,0
1289526,08:44:00,08:44:00,7041,22,0,0
1289526,08:46:00,08:46:00,7042,23,0,0
1289526,08:47:00,08:47:00,7043,24,0,0
1289526,08:49:00,08:49:00,7044,25,0,0
1289526,08:52:00,08:52:00,7045,26,1,1
1289526,08:53:00,08:53:00,7046,27,0,0
1289526,08:56:00,08:56:00,7047,28,0,0
1289526,08:57:00,08:57:00,7048,29,0,0
1289526,08:59:00,08:59:00,7049,30,1,0
1289527,07:26:00,07:26:00,7098,1,0,0
1289527,07:28:00,07:28:00,7104,2,0,0
1289527,07:31:00,07:31:00,7102,3,0,0
1289527,07:33:00,07:33:00,7100,4,0,0
1289527,07:37:00,07:37:00,7025,5,0,0
1289527,07:39:00,07:39:00,7026,6,0,0
1289527,07:41:00,07:41:00,7027,7,0,0
1289527,07:44:00,07:44:00,7028,8,0,0
1289527,07:46:00,07:46:00,7029,9,0,0
1289527,07:48:00,07:48:00,7030,10,0,0
1289527,07:50:00,07:50:00,7031,11,0,0
1289527,07:54:00,07:54:00,7032,12,0,0
1289527,07:55:00,07:55:00,7033,13,0,0
1289527,07:57:00,07:57:00,7034,14,0,0
1289527,07:59:00,07:59:00,7035,15,0,0
1289527,08:00:00,08:00:00,7036,16,0,0
1289527,08:02:00,08:02:00,7037,17,0,0
1289527,08:03:00,08:03:00,7038,18,0,0
1289527,08:05:00,08:05:00,7039,19,0,0
1289527,08:08:00,08:08:00,7040,20,0,0
1289527,08:10:00,08:10:00,7108,21,0,0
1289527,08:14:00,08:14:00,7041,22,0,0
1289527,08:16:00,08:16:00,7042,23,0,0
1289527,08:17:00,08:17:00,7043,24,0,0
1289527,08:19:00,08:19:00,7044,25,0,0
1289527,08:22:00,08:22:00,7045,26,1,1
1289527,08:23:00,08:23:00,7046,27,0,0
1289527,08:26:00,08:26:00,7047,28,0,0
1289527,08:27:00,08:27:00,7048,29,0,0
1289527,08:29:00,08:29:00,7049,30,1,0
1289528,06:56:00,06:56:00,7098,1,0,0
1289528,06:58:00,06:58:00,7104,2,0,0
1289528,07:01:00,07:01:00,7102,3,0,0
1289528,07:03:00,07:03:00,7100,4,0,0
1289528,07:07:00,07:07:00,7025,5,0,0
1289528,07:09:00,07:09:00,7026,6,0,0
1289528,07:11:00,07:11:00,7027,7,0,0
1289528,07:14:00,07:14:00,7028,8,0,0
1289528,07:16:00,07:16:00,7029,9,0,0
1289528,07:18:00,07:18:00,7030,10,0,0
1289528,07:20:00,07:20:00,7031,11,0,0
1289528,07:24:00,07:24:00,7032,12,0,0
1289528,07:25:00,07:25:00,7033,13,0,0
1289528,07:27:00,07:27:00,7034,14,0,0
1289528,07:29:00,07:29:00,7035,15,0,0
1289528,07:30:00,07:30:00,7036,16,0,0
1289528,07:32:00,07:32:00,7037,17,0,0
1289528,07:33:00,07:33:00,7038,18,0,0
1289528,07:35:00,07:35:00,7039,19,0,0
1289528,07:38:00,07:38:00,7040,20,0,0
1289528,07:40:00,07:40:00,7108,21,0,0
1289528,07:44:00,07:44:00,7041,22,0,0
1289528,07:46:00,07:46:00,7042,23,0,0
1289528,07:47:00,07:47:00,7043,24,0,0
1289528,07:49:00,07:49:00,7044,25,0,0
1289528,07:52:00,07:52:00,7045,26,1,1
1289528,07:53:00,07:53:00,7046,27,0,0
1289528,07:56:00,07:56:00,7047,28,0,0
1289528,07:57:00,07:57:00,7048,29,0,0
1289528,07:59:00,07:59:00,7049,30,1,0
1289529,06:26:00,06:26:00,7098,1,0,0
1289529,06:28:00,06:28:00,7104,2,0,0
1289529,06:31:00,06:31:00,7102,3,0,0
1289529,06:33:00,06:33:00,7100,4,0,0
1289529,06:37:00,06:37:00,7025,5,0,0
1289529,06:39:00,06:39:00,7026,6,0,0
1289529,06:41:00,06:41:00,7027,7,0,0
1289529,06:44:00,06:44:00,7028,8,0,0
1289529,06:46:00,06:46:00,7029,9,0,0
1289529,06:48:00,06:48:00,7030,10,0,0
1289529,06:50:00,06:50:00,7031,11,0,0
1289529,06:54:00,06:54:00,7032,12,0,0
1289529,06:55:00,06:55:00,7033,13,0,0
1289529,06:57:00,06:57:00,7034,14,0,0
1289529,06:59:00,06:59:00,7035,15,0,0
1289529,07:00:00,07:00:00,7036,16,0,0
1289529,07:02:00,07:02:00,7037,17,0,0
1289529,07:03:00,07:03:00,7038,18,0,0
1289529,07:05:00,07:05:00,7039,19,0,0
1289529,07:08:00,07:08:00,7040,20,0,0
1289529,07:10:00,07:10:00,7108,21,0,0
1289529,07:14:00,07:14:00,7041,22,0,0
1289529,07:16:00,07:16:00,7042,23,0,0
1289529,07:17:00,07:17:00,7043,24,0,0
1289529,07:19:00,07:19:00,7044,25,0,0
1289529,07:22:00,07:22:00,7045,26,1,1
1289529,07:23:00,07:23:00,7046,27,0,0
1289529,07:26:00,07:26:00,7047,28,0,0
1289529,07:27:00,07:27:00,7048,29,0,0
1289529,07:29:00,07:29:00,7049,30,1,0
1289530,05:56:00,05:56:00,7098,1,0,0
1289530,05:58:00,05:58:00,7104,2,0,0
1289530,06:01:00,06:01:00,7102,3,0,0
1289530,06:03:00,06:03:00,7100,4,0,0
1289530,06:07:00,06:07:00,7025,5,0,0
1289530,06:09:00,06:09:00,7026,6,0,0
1289530,06:11:00,06:11:00,7027,7,0,0
1289530,06:14:00,06:14:00,7028,8,0,0
1289530,06:16:00,06:16:00,7029,9,0,0
1289530,06:18:00,06:18:00,7030,10,0,0
1289530,06:20:00,06:20:00,7031,11,0,0
1289530,06:24:00,06:24:00,7032,12,0,0
1289530,06:25:00,06:25:00,7033,13,0,0
1289530,06:27:00,06:27:00,7034,14,0,0
1289530,06:29:00,06:29:00,7035,15,0,0
1289530,06:30:00,06:30:00,7036,16,0,0
1289530,06:32:00,06:32:00,7037,17,0,0
1289530,06:33:00,06:33:00,7038,18,0,0
1289530,06:35:00,06:35:00,7039,19,0,0
1289530,06:38:00,06:38:00,7040,20,0,0
1289530,06:40:00,06:40:00,7108,21,0,0
1289530,06:44:00,06:44:00,7041,22,0,0
1289530,06:46:00,06:46:00,7042,23,0,0
1289530,06:47:00,06:47:00,7043,24,0,0
1289530,06:49:00,06:49:00,7044,25,0,0
1289530,06:52:00,06:52:00,7045,26,1,1
1289530,06:53:00,06:53:00,7046,27,0,0
1289530,06:56:00,06:56:00,7047,28,0,0
1289530,06:57:00,06:57:00,7048,29,0,0
1289530,06:59:00,06:59:00,7049,30,1,0
1289531,05:26:00,05:26:00,7098,1,0,0
1289531,05:28:00,05:28:00,7104,2,0,0
1289531,05:31:00,05:31:00,7102,3,0,0
1289531,05:33:00,05:33:00,7100,4,0,0
1289531,05:37:00,05:37:00,7025,5,0,0
1289531,05:39:00,05:39:00,7026,6,0,0
1289531,05:41:00,05:41:00,7027,7,0,0
1289531,05:44:00,05:44:00,7028,8,0,0
1289531,05:46:00,05:46:00,7029,9,0,0
1289531,05:48:00,05:48:00,7030,10,0,0
1289531,05:50:00,05:50:00,7031,11,0,0
1289531,05:54:00,05:54:00,7032,12,0,0
1289531,05:55:00,05:55:00,7033,13,0,0
1289531,05:57:00,05:57:00,7034,14,0,0
1289531,05:59:00,05:59:00,7035,15,0,0
1289531,06:00:00,06:00:00,7036,16,0,0
1289531,06:02:00,06:02:00,7037,17,0,0
1289531,06:03:00,06:03:00,7038,18,0,0
1289531,06:05:00,06:05:00,7039,19,0,0
1289531,06:08:00,06:08:00,7040,20,0,0
1289531,06:10:00,06:10:00,7108,21,0,0
1289531,06:14:00,06:14:00,7041,22,0,0
1289531,06:16:00,06:16:00,7042,23,0,0
1289531,06:17:00,06:17:00,7043,24,0,0
1289531,06:19:00,06:19:00,7044,25,0,0
1289531,06:22:00,06:22:00,7045,26,1,1
1289531,06:23:00,06:23:00,7046,27,0,0
1289531,06:26:00,06:26:00,7047,28,0,0
1289531,06:27:00,06:27:00,7048,29,0,0
1289531,06:29:00,06:29:00,7049,30,1,0
1289532,04:56:00,04:56:00,7098,1,0,0
1289532,04:58:00,04:58:00,7104,2,0,0
1289532,05:01:00,05:01:00,7102,3,0,0
1289532,05:03:00,05:03:00,7100,4,0,0
1289532,05:07:00,05:07:00,7025,5,0,0
1289532,05:09:00,05:09:00,7026,6,0,0
1289532,05:11:00,05:11:00,7027,7,0,0
1289532,05:14:00,05:14:00,7028,8,0,0
1289532,05:16:00,05:16:00,7029,9,0,0
1289532,05:18:00,05:18:00,7030,10,0,0
1289532,05:20:00,05:20:00,7031,11,0,0
1289532,05:24:00,05:24:00,7032,12,0,0
1289532,05:25:00,05:25:00,7033,13,0,0
1289532,05:27:00,05:27:00,7034,14,0,0
1289532,05:29:00,05:29:00,7035,15,0,0
1289532,05:30:00,05:30:00,7036,16,0,0
1289532,05:32:00,05:32:00,7037,17,0,0
1289532,05:33:00,05:33:00,7038,18,0,0
1289532,05:35:00,05:35:00,7039,19,0,0
1289532,05:38:00,05:38:00,7040,20,0,0
1289532,05:40:00,05:40:00,7108,21,0,0
1289532,05:44:00,05:44:00,7041,22,0,0
1289532,05:46:00,05:46:00,7042,23,0,0
1289532,05:47:00,05:47:00,7043,24,0,0
1289532,05:49:00,05:49:00,7044,25,0,0
1289532,05:52:00,05:52:00,7045,26,1,1
1289532,05:53:00,05:53:00,7046,27,0,0
1289532,05:56:00,05:56:00,7047,28,0,0
1289532,05:57:00,05:57:00,7048,29,0,0
1289532,05:59:00,05:59:00,7049,30,1,0
1289533,21:26:00,21:26:00,7098,1,0,0
1289533,21:28:00,21:28:00,7104,2,0,0
1289533,21:31:00,21:31:00,7102,3,0,0
1289533,21:33:00,21:33:00,7100,4,0,0
1289533,21:37:00,21:37:00,7025,5,0,0
1289533,21:39:00,21:39:00,7026,6,0,0
1289533,21:41:00,21:41:00,7027,7,0,0
1289533,21:44:00,21:44:00,7028,8,0,0
1289533,21:46:00,21:46:00,7029,9,0,0
1289533,21:48:00,21:48:00,7030,10,0,0
1289533,21:50:00,21:50:00,7031,11,0,0
1289533,21:54:00,21:54:00,7032,12,0,0
1289533,21:55:00,21:55:00,7033,13,0,0
1289533,21:57:00,21:57:00,7034,14,0,0
1289533,21:59:00,21:59:00,7035,15,0,0
1289533,22:00:00,22:00:00,7036,16,0,0
1289533,22:02:00,22:02:00,7037,17,0,0
1289533,22:03:00,22:03:00,7038,18,0,0
1289533,22:05:00,22:05:00,7039,19,0,0
1289533,22:08:00,22:08:00,7040,20,0,0
1289533,22:10:00,22:10:00,7108,21,0,0
1289533,22:14:00,22:14:00,7041,22,0,0
1289533,22:16:00,22:16:00,7042,23,0,0
1289533,22:17:00,22:17:00,7043,24,0,0
1289533,22:19:00,22:19:00,7044,25,0,0
1289533,22:22:00,22:22:00,7045,26,1,1
1289533,22:23:00,22:23:00,7046,27,0,0
1289533,22:26:00,22:26:00,7047,28,0,0
1289533,22:27:00,22:27:00,7048,29,0,0
1289533,22:29:00,22:29:00,7049,30,1,0
1289534,20:56:00,20:56:00,7098,1,0,0
1289534,20:58:00,20:58:00,7104,2,0,0
1289534,21:01:00,21:01:00,7102,3,0,0
1289534,21:03:00,21:03:00,7100,4,0,0
1289534,21:07:00,21:07:00,7025,5,0,0
1289534,21:09:00,21:09:00,7026,6,0,0
1289534,21:11:00,21:11:00,7027,7,0,0
1289534,21:14:00,21:14:00,7028,8,0,0
1289534,21:16:00,21:16:00,7029,9,0,0
1289534,21:18:00,21:18:00,7030,10,0,0
1289534,21:20:00,21:20:00,7031,11,0,0
1289534,21:24:00,21:24:00,7032,12,0,0
1289534,21:25:00,21:25:00,7033,13,0,0
1289534,21:27:00,21:27:00,7034,14,0,0
1289534,21:29:00,21:29:00,7035,15,0,0
1289534,21:30:00,21:30:00,7036,16,0,0
1289534,21:32:00,21:32:00,7037,17,0,0
1289534,21:33:00,21:33:00,7038,18,0,0
1289534,21:35:00,21:35:00,7039,19,0,0
1289534,21:38:00,21:38:00,7040,20,0,0
1289534,21:40:00,21:40:00,7108,21,0,0
1289534,21:44:00,21:44:00,7041,22,0,0
1289534,21:46:00,21:46:00,7042,23,0,0
1289534,21:47:00,21:47:00,7043,24,0,0
1289534,21:49:00,21:49:00,7044,25,0,0
1289534,21:52:00,21:52:00,7045,26,1,1
1289534,21:53:00,21:53:00,7046,27,0,0
1289534,21:56:00,21:56:00,7047,28,0,0
1289534,21:57:00,21:57:00,7048,29,0,0
1289534,21:59:00,21:59:00,7049,30,1,0
1289535,20:26:00,20:26:00,7098,1,0,0
1289535,20:28:00,20:28:00,7104,2,0,0
1289535,20:31:00,20:31:00,7102,3,0,0
1289535,20:33:00,20:33:00,7100,4,0,0
1289535,20:37:00,20:37:00,7025,5,0,0
1289535,20:39:00,20:39:00,7026,6,0,0
1289535,20:41:00,20:41:00,7027,7,0,0
1289535,20:44:00,20:44:00,7028,8,0,0
1289535,20:46:00,20:46:00,7029,9,0,0
1289535,20:48:00,20:48:00,7030,10,0,0
1289535,20:50:00,20:50:00,7031,11,0,0
1289535,20:54:00,20:54:00,7032,12,0,0
1289535,20:55:00,20:55:00,7033,13,0,0
1289535,20:57:00,20:57:00,7034,14,0,0
1289535,20:59:00,20:59:00,7035,15,0,0
1289535,21:00:00,21:00:00,7036,16,0,0
1289535,21:02:00,21:02:00,7037,17,0,0
1289535,21:03:00,21:03:00,7038,18,0,0
1289535,21:05:00,21:05:00,7039,19,0,0
1289535,21:08:00,21:08:00,7040,20,0,0
1289535,21:10:00,21:10:00,7108,21,0,0
1289535,21:14:00,21:14:00,7041,22,0,0
1289535,21:16:00,21:16:00,7042,23,0,0
1289535,21:17:00,21:17:00,7043,24,0,0
1289535,21:19:00,21:19:00,7044,25,0,0
1289535,21:22:00,21:22:00,7045,26,1,1
1289535,21:23:00,21:23:00,7046,27,0,0
1289535,21:26:00,21:26:00,7047,28,0,0
1289535,21:27:00,21:27:00,7048,29,0,0
1289535,21:29:00,21:29:00,7049,30,1,0
1289536,19:56:00,19:56:00,7098,1,0,0
1289536,19:58:00,19:58:00,7104,2,0,0
1289536,20:01:00,20:01:00,7102,3,0,0
1289536,20:03:00,20:03:00,7100,4,0,0
1289536,20:07:00,20:07:00,7025,5,0,0
1289536,20:09:00,20:09:00,7026,6,0,0
1289536,20:11:00,20:11:00,7027,7,0,0
1289536,20:14:00,20:14:00,7028,8,0,0
1289536,20:16:00,20:16:00,7029,9,0,0
1289536,20:18:00,20:18:00,7030,10,0,0
1289536,20:20:00,20:20:00,7031,11,0,0
1289536,20:24:00,20:24:00,7032,12,0,0
1289536,20:25:00,20:25:00,7033,13,0,0
1289536,20:27:00,20:27:00,7034,14,0,0
1289536,20:29:00,20:29:00,7035,15,0,0
1289536,20:30:00,20:30:00,7036,16,0,0
1289536,20:32:00,20:32:00,7037,17,0,0
1289536,20:33:00,20:33:00,7038,18,0,0
1289536,20:35:00,20:35:00,7039,19,0,0
1289536,20:38:00,20:38:00,7040,20,0,0
1289536,20:40:00,20:40:00,7108,21,0,0
1289536,20:44:00,20:44:00,7041,22,0,0
1289536,20:46:00,20:46:00,7042,23,0,0
1289536,20:47:00,20:47:00,7043,24,0,0
1289536,20:49:00,20:49:00,7044,25,0,0
1289536,20:52:00,20:52:00,7045,26,1,1
1289536,20:53:00,20:53:00,7046,27,0,0
1289536,20:56:00,20:56:00,7047,28,0,0
1289536,20:57:00,20:57:00,7048,29,0,0
1289536,20:59:00,20:59:00,7049,30,1,0
1289537,19:26:00,19:26:00,7098,1,0,0
1289537,19:28:00,19:28:00,7104,2,0,0
1289537,19:31:00,19:31:00,7102,3,0,0
1289537,19:33:00,19:33:00,7100,4,0,0
1289537,19:37:00,19:37:00,7025,5,0,0
1289537,19:39:00,19:39:00,7026,6,0,0
1289537,19:41:00,19:41:00,7027,7,0,0
1289537,19:44:00,19:44:00,7028,8,0,0
1289537,19:46:00,19:46:00,7029,9,0,0
1289537,19:48:00,19:48:00,7030,10,0,0
1289537,19:50:00,19:50:00,7031,11,0,0
1289537,19:54:00,19:54:00,7032,12,0,0
1289537,19:55:00,19:55:00,7033,13,0,0
1289537,19:57:00,19:57:00,7034,14,0,0
1289537,19:59:00,19:59:00,7035,15,0,0
1289537,20:00:00,20:00:00,7036,16,0,0
1289537,20:02:00,20:02:00,7037,17,0,0
1289537,20:03:00,20:03:00,7038,18,0,0
1289537,20:05:00,20:05:00,7039,19,0,0
1289537,20:08:00,20:08:00,7040,20,0,0
1289537,20:10:00,20:10:00,7108,21,0,0
1289537,20:14:00,20:14:00,7041,22,0,0
1289537,20:16:00,20:16:00,7042,23,0,0
1289537,20:17:00,20:17:00,7043,24,0,0
1289537,20:19:00,20:19:00,7044,25,0,0
1289537,20:22:00,20:22:00,7045,26,1,1
1289537,20:23:00,20:23:00,7046,27,0,0
1289537,20:26:00,20:26:00,7047,28,0,0
1289537,20:27:00,20:27:00,7048,29,0,0
1289537,20:29:00,20:29:00,7049,30,1,0
1289538,14:11:00,14:11:00,7098,1,0,0
1289538,14:13:00,14:13:00,7104,2,0,0
1289538,14:16:00,14:16:00,7102,3,0,0
1289538,14:18:00,14:18:00,7100,4,0,0
1289538,14:22:00,14:22:00,7025,5,0,0
1289538,14:24:00,14:24:00,7026,6,0,0
1289538,14:26:00,14:26:00,7027,7,0,0
1289538,14:29:00,14:29:00,7028,8,0,0
1289538,14:31:00,14:31:00,7029,9,0,0
1289538,14:33:00,14:33:00,7030,10,0,0
1289538,14:35:00,14:35:00,7031,11,0,0
1289538,14:39:00,14:39:00,7032,12,0,0
1289538,14:40:00,14:40:00,7033,13,0,0
1289538,14:42:00,14:42:00,7034,14,0,0
1289538,14:44:00,14:44:00,7035,15,0,0
1289538,14:45:00,14:45:00,7036,16,0,0
1289538,14:47:00,14:47:00,7037,17,0,0
1289538,14:48:00,14:48:00,7038,18,0,0
1289538,14:50:00,14:50:00,7039,19,0,0
1289538,14:53:00,14:53:00,7040,20,0,0
1289538,14:55:00,14:55:00,7108,21,0,0
1289538,14:59:00,14:59:00,7041,22,0,0
1289538,15:01:00,15:01:00,7042,23,0,0
1289538,15:02:00,15:02:00,7043,24,0,0
1289538,15:04:00,15:04:00,7044,25,0,0
1289538,15:07:00,15:07:00,7045,26,1,1
1289538,15:08:00,15:08:00,7046,27,0,0
1289538,15:11:00,15:11:00,7047,28,0,0
1289538,15:12:00,15:12:00,7048,29,0,0
1289538,15:14:00,15:14:00,7049,30,1,0
1289539,18:11:00,18:11:00,7098,1,0,0
1289539,18:13:00,18:13:00,7104,2,0,0
1289539,18:16:00,18:16:00,7102,3,0,0
1289539,18:18:00,18:18:00,7100,4,0,0
1289539,18:22:00,18:22:00,7025,5,0,0
1289539,18:24:00,18:24:00,7026,6,0,0
1289539,18:26:00,18:26:00,7027,7,0,0
1289539,18:29:00,18:29:00,7028,8,0,0
1289539,18:31:00,18:31:00,7029,9,0,0
1289539,18:33:00,18:33:00,7030,10,0,0
1289539,18:35:00,18:35:00,7031,11,0,0
1289539,18:39:00,18:39:00,7032,12,0,0
1289539,18:40:00,18:40:00,7033,13,0,0
1289539,18:42:00,18:42:00,7034,14,0,0
1289539,18:44:00,18:44:00,7035,15,0,0
1289539,18:45:00,18:45:00,7036,16,0,0
1289539,18:47:00,18:47:00,7037,17,0,0
1289539,18:48:00,18:48:00,7038,18,0,0
1289539,18:50:00,18:50:00,7039,19,0,0
1289539,18:53:00,18:53:00,7040,20,0,0
1289539,18:55:00,18:55:00,7108,21,0,0
1289539,18:59:00,18:59:00,7041,22,0,0
1289539,19:01:00,19:01:00,7042,23,0,0
1289539,19:02:00,19:02:00,7043,24,0,0
1289539,19:04:00,19:04:00,7044,25,0,0
1289539,19:07:00,19:07:00,7045,26,1,1
1289539,19:08:00,19:08:00,7046,27,0,0
1289539,19:11:00,19:11:00,7047,28,0,0
1289539,19:12:00,19:12:00,7048,29,0,0
1289539,19:14:00,19:14:00,7049,30,1,0
1289540,17:41:00,17:41:00,7098,1,0,0
1289540,17:43:00,17:43:00,7104,2,0,0
1289540,17:46:00,17:46:00,7102,3,0,0
1289540,17:48:00,17:48:00,7100,4,0,0
1289540,17:52:00,17:52:00,7025,5,0,0
1289540,17:54:00,17:54:00,7026,6,0,0
1289540,17:56:00,17:56:00,7027,7,0,0
1289540,17:59:00,17:59:00,7028,8,0,0
1289540,18:01:00,18:01:00,7029,9,0,0
1289540,18:03:00,18:03:00,7030,10,0,0
1289540,18:05:00,18:05:00,7031,11,0,0
1289540,18:09:00,18:09:00,7032,12,0,0
1289540,18:10:00,18:10:00,7033,13,0,0
1289540,18:12:00,18:12:00,7034,14,0,0
1289540,18:14:00,18:14:00,7035,15,0,0
1289540,18:15:00,18:15:00,7036,16,0,0
1289540,18:17:00,18:17:00,7037,17,0,0
1289540,18:18:00,18:18:00,7038,18,0,0
1289540,18:20:00,18:20:00,7039,19,0,0
1289540,18:23:00,18:23:00,7040,20,0,0
1289540,18:25:00,18:25:00,7108,21,0,0
1289540,18:29:00,18:29:00,7041,22,0,0
1289540,18:31:00,18:31:00,7042,23,0,0
1289540,18:32:00,18:32:00,7043,24,0,0
1289540,18:34:00,18:34:00,7044,25,0,0
1289540,18:37:00,18:37:00,7045,26,1,1
1289540,18:38:00,18:38:00,7046,27,0,0
1289540,18:41:00,18:41:00,7047,28,0,0
1289540,18:42:00,18:42:00,7048,29,0,0
1289540,18:44:00,18:44:00,7049,30,1,0
1289541,17:11:00,17:11:00,7098,1,0,0
1289541,17:13:00,17:13:00,7104,2,0,0
1289541,17:16:00,17:16:00,7102,3,0,0
1289541,17:18:00,17:18:00,7100,4,0,0
1289541,17:22:00,17:22:00,7025,5,0,0
1289541,17:24:00,17:24:00,7026,6,0,0
1289541,17:26:00,17:26:00,7027,7,0,0
1289541,17:29:00,17:29:00,7028,8,0,0
1289541,17:31:00,17:31:00,7029,9,0,0
1289541,17:33:00,17:33:00,7030,10,0,0
1289541,17:35:00,17:35:00,7031,11,0,0
1289541,17:39:00,17:39:00,7032,12,0,0
1289541,17:40:00,17:40:00,7033,13,0,0
1289541,17:42:00,17:42:00,7034,14,0,0
1289541,17:44:00,17:44:00,7035,15,0,0
1289541,17:45:00,17:45:00,7036,16,0,0
1289541,17:47:00,17:47:00,7037,17,0,0
1289541,17:48:00,17:48:00,7038,18,0,0
1289541,17:50:00,17:50:00,7039,19,0,0
1289541,17:53:00,17:53:00,7040,20,0,0
1289541,17:55:00,17:55:00,7108,21,0,0
1289541,17:59:00,17:59:00,7041,22,0,0
1289541,18:01:00,18:01:00,7042,23,0,0
1289541,18:02:00,18:02:00,7043,24,0,0
1289541,18:04:00,18:04:00,7044,25,0,0
1289541,18:07:00,18:07:00,7045,26,1,1
1289541,18:08:00,18:08:00,7046,27,0,0
1289541,18:11:00,18:11:00,7047,28,0,0
1289541,18:12:00,18:12:00,7048,29,0,0
1289541,18:14:00,18:14:00,7049,30,1,0
1289542,13:11:00,13:11:00,7098,1,0,0
1289542,13:13:00,13:13:00,7104,2,0,0
1289542,13:16:00,13:16:00,7102,3,0,0
1289542,13:18:00,13:18:00,7100,4,0,0
1289542,13:22:00,13:22:00,7025,5,0,0
1289542,13:24:00,13:24:00,7026,6,0,0
1289542,13:26:00,13:26:00,7027,7,0,0
1289542,13:29:00,13:29:00,7028,8,0,0
1289542,13:31:00,13:31:00,7029,9,0,0
1289542,13:33:00,13:33:00,7030,10,0,0
1289542,13:35:00,13:35:00,7031,11,0,0
1289542,13:39:00,13:39:00,7032,12,0,0
1289542,13:40:00,13:40:00,7033,13,0,0
1289542,13:42:00,13:42:00,7034,14,0,0
1289542,13:44:00,13:44:00,7035,15,0,0
1289542,13:45:00,13:45:00,7036,16,0,0
1289542,13:47:00,13:47:00,7037,17,0,0
1289542,13:48:00,13:48:00,7038,18,0,0
1289542,13:50:00,13:50:00,7039,19,0,0
1289542,13:53:00,13:53:00,7040,20,0,0
1289542,13:55:00,13:55:00,7108,21,0,0
1289542,13:59:00,13:59:00,7041,22,0,0
1289542,14:01:00,14:01:00,7042,23,0,0
1289542,14:02:00,14:02:00,7043,24,0,0
1289542,14:04:00,14:04:00,7044,25,0,0
1289542,14:07:00,14:07:00,7045,26,1,1
1289542,14:08:00,14:08:00,7046,27,0,0
1289542,14:11:00,14:11:00,7047,28,0,0
1289542,14:12:00,14:12:00,7048,29,0,0
1289542,14:14:00,14:14:00,7049,30,1,0
1289543,10:11:00,10:11:00,7098,1,0,0
1289543,10:13:00,10:13:00,7104,2,0,0
1289543,10:16:00,10:16:00,7102,3,0,0
1289543,10:18:00,10:18:00,7100,4,0,0
1289543,10:22:00,10:22:00,7025,5,0,0
1289543,10:24:00,10:24:00,7026,6,0,0
1289543,10:26:00,10:26:00,7027,7,0,0
1289543,10:29:00,10:29:00,7028,8,0,0
1289543,10:31:00,10:31:00,7029,9,0,0
1289543,10:33:00,10:33:00,7030,10,0,0
1289543,10:35:00,10:35:00,7031,11,0,0
1289543,10:39:00,10:39:00,7032,12,0,0
1289543,10:40:00,10:40:00,7033,13,0,0
1289543,10:42:00,10:42:00,7034,14,0,0
1289543,10:44:00,10:44:00,7035,15,0,0
1289543,10:45:00,10:45:00,7036,16,0,0
1289543,10:47:00,10:47:00,7037,17,0,0
1289543,10:48:00,10:48:00,7038,18,0,0
1289543,10:50:00,10:50:00,7039,19,0,0
1289543,10:53:00,10:53:00,7040,20,0,0
1289543,10:55:00,10:55:00,7108,21,0,0
1289543,10:59:00,10:59:00,7041,22,0,0
1289543,11:01:00,11:01:00,7042,23,0,0
1289543,11:02:00,11:02:00,7043,24,0,0
1289543,11:04:00,11:04:00,7044,25,0,0
1289543,11:07:00,11:07:00,7045,26,1,1
1289543,11:08:00,11:08:00,7046,27,0,0
1289543,11:11:00,11:11:00,7047,28,0,0
1289543,11:12:00,11:12:00,7048,29,0,0
1289543,11:14:00,11:14:00,7049,30,1,0
1289544,09:41:00,09:41:00,7098,1,0,0
1289544,09:43:00,09:43:00,7104,2,0,0
1289544,09:46:00,09:46:00,7102,3,0,0
1289544,09:48:00,09:48:00,7100,4,0,0
1289544,09:52:00,09:52:00,7025,5,0,0
1289544,09:54:00,09:54:00,7026,6,0,0
1289544,09:56:00,09:56:00,7027,7,0,0
1289544,09:59:00,09:59:00,7028,8,0,0
1289544,10:01:00,10:01:00,7029,9,0,0
1289544,10:03:00,10:03:00,7030,10,0,0
1289544,10:05:00,10:05:00,7031,11,0,0
1289544,10:09:00,10:09:00,7032,12,0,0
1289544,10:10:00,10:10:00,7033,13,0,0
1289544,10:12:00,10:12:00,7034,14,0,0
1289544,10:14:00,10:14:00,7035,15,0,0
1289544,10:15:00,10:15:00,7036,16,0,0
1289544,10:17:00,10:17:00,7037,17,0,0
1289544,10:18:00,10:18:00,7038,18,0,0
1289544,10:20:00,10:20:00,7039,19,0,0
1289544,10:23:00,10:23:00,7040,20,0,0
1289544,10:25:00,10:25:00,7108,21,0,0
1289544,10:29:00,10:29:00,7041,22,0,0
1289544,10:31:00,10:31:00,7042,23,0,0
1289544,10:32:00,10:32:00,7043,24,0,0
1289544,10:34:00,10:34:00,7044,25,0,0
1289544,10:37:00,10:37:00,7045,26,1,1
1289544,10:38:00,10:38:00,7046,27,0,0
1289544,10:41:00,10:41:00,7047,28,0,0
1289544,10:42:00,10:42:00,7048,29,0,0
1289544,10:44:00,10:44:00,7049,30,1,0
1289545,18:41:00,18:41:00,7098,1,0,0
1289545,18:43:00,18:43:00,7104,2,0,0
1289545,18:46:00,18:46:00,7102,3,0,0
1289545,18:48:00,18:48:00,7100,4,0,0
1289545,18:52:00,18:52:00,7025,5,0,0
1289545,18:54:00,18:54:00,7026,6,0,0
1289545,18:56:00,18:56:00,7027,7,0,0
1289545,18:59:00,18:59:00,7028,8,0,0
1289545,19:01:00,19:01:00,7029,9,0,0
1289545,19:03:00,19:03:00,7030,10,0,0
1289545,19:05:00,19:05:00,7031,11,0,0
1289545,19:09:00,19:09:00,7032,12,0,0
1289545,19:10:00,19:10:00,7033,13,0,0
1289545,19:12:00,19:12:00,7034,14,0,0
1289545,19:14:00,19:14:00,7035,15,0,0
1289545,19:15:00,19:15:00,7036,16,0,0
1289545,19:17:00,19:17:00,7037,17,0,0
1289545,19:18:00,19:18:00,7038,18,0,0
1289545,19:20:00,19:20:00,7039,19,0,0
1289545,19:23:00,19:23:00,7040,20,0,0
1289545,19:25:00,19:25:00,7108,21,0,0
1289545,19:29:00,19:29:00,7041,22,0,0
1289545,19:31:00,19:31:00,7042,23,0,0
1289545,19:32:00,19:32:00,7043,24,0,0
1289545,19:34:00,19:34:00,7044,25,0,0
1289545,19:37:00,19:37:00,7045,26,1,1
1289545,19:38:00,19:38:00,7046,27,0,0
1289545,19:41:00,19:41:00,7047,28,0,0
1289545,19:42:00,19:42:00,7048,29,0,0
1289545,19:44:00,19:44:00,7049,30,1,0
1289546,09:11:00,09:11:00,7098,1,0,0
1289546,09:13:00,09:13:00,7104,2,0,0
1289546,09:16:00,09:16:00,7102,3,0,0
1289546,09:18:00,09:18:00,7100,4,0,0
1289546,09:22:00,09:22:00,7025,5,0,0
1289546,09:24:00,09:24:00,7026,6,0,0
1289546,09:26:00,09:26:00,7027,7,0,0
1289546,09:29:00,09:29:00,7028,8,0,0
1289546,09:31:00,09:31:00,7029,9,0,0
1289546,09:33:00,09:33:00,7030,10,0,0
1289546,09:35:00,09:35:00,7031,11,0,0
1289546,09:39:00,09:39:00,7032,12,0,0
1289546,09:40:00,09:40:00,7033,13,0,0
1289546,09:42:00,09:42:00,7034,14,0,0
1289546,09:44:00,09:44:00,7035,15,0,0
1289546,09:45:00,09:45:00,7036,16,0,0
1289546,09:47:00,09:47:00,7037,17,0,0
1289546,09:48:00,09:48:00,7038,18,0,0
1289546,09:50:00,09:50:00,7039,19,0,0
1289546,09:53:00,09:53:00,7040,20,0,0
1289546,09:55:00,09:55:00,7108,21,0,0
1289546,09:59:00,09:59:00,7041,22,0,0
1289546,10:01:00,10:01:00,7042,23,0,0
1289546,10:02:00,10:02:00,7043,24,0,0
1289546,10:04:00,10:04:00,7044,25,0,0
1289546,10:07:00,10:07:00,7045,26,1,1
1289546,10:08:00,10:08:00,7046,27,0,0
1289546,10:11:00,10:11:00,7047,28,0,0
1289546,10:12:00,10:12:00,7048,29,0,0
1289546,10:14:00,10:14:00,7049,30,1,0
1289547,13:41:00,13:41:00,7098,1,0,0
1289547,13:43:00,13:43:00,7104,2,0,0
1289547,13:46:00,13:46:00,7102,3,0,0
1289547,13:48:00,13:48:00,7100,4,0,0
1289547,13:52:00,13:52:00,7025,5,0,0
1289547,13:54:00,13:54:00,7026,6,0,0
1289547,13:56:00,13:56:00,7027,7,0,0
1289547,13:59:00,13:59:00,7028,8,0,0
1289547,14:01:00,14:01:00,7029,9,0,0
1289547,14:03:00,14:03:00,7030,10,0,0
1289547,14:05:00,14:05:00,7031,11,0,0
1289547,14:09:00,14:09:00,7032,12,0,0
1289547,14:10:00,14:10:00,7033,13,0,0
1289547,14:12:00,14:12:00,7034,14,0,0
1289547,14:14:00,14:14:00,7035,15,0,0
1289547,14:15:00,14:15:00,7036,16,0,0
1289547,14:17:00,14:17:00,7037,17,0,0
1289547,14:18:00,14:18:00,7038,18,0,0
1289547,14:20:00,14:20:00,7039,19,0,0
1289547,14:23:00,14:23:00,7040,20,0,0
1289547,14:25:00,14:25:00,7108,21,0,0
1289547,14:29:00,14:29:00,7041,22,0,0
1289547,14:31:00,14:31:00,7042,23,0,0
1289547,14:32:00,14:32:00,7043,24,0,0
1289547,14:34:00,14:34:00,7044,25,0,0
1289547,14:37:00,14:37:00,7045,26,1,1
1289547,14:38:00,14:38:00,7046,27,0,0
1289547,14:41:00,14:41:00,7047,28,0,0
1289547,14:42:00,14:42:00,7048,29,0,0
1289547,14:44:00,14:44:00,7049,30,1,0
1289548,07:11:00,07:11:00,7098,1,0,0
1289548,07:13:00,07:13:00,7104,2,0,0
1289548,07:16:00,07:16:00,7102,3,0,0
1289548,07:18:00,07:18:00,7100,4,0,0
1289548,07:22:00,07:22:00,7025,5,0,0
1289548,07:24:00,07:24:00,7026,6,0,0
1289548,07:26:00,07:26:00,7027,7,0,0
1289548,07:29:00,07:29:00,7028,8,0,0
1289548,07:31:00,07:31:00,7029,9,0,0
1289548,07:33:00,07:33:00,7030,10,0,0
1289548,07:35:00,07:35:00,7031,11,0,0
1289548,07:39:00,07:39:00,7032,12,0,0
1289548,07:40:00,07:40:00,7033,13,0,0
1289548,07:42:00,07:42:00,7034,14,0,0
1289548,07:44:00,07:44:00,7035,15,0,0
1289548,07:45:00,07:45:00,7036,16,0,0
1289548,07:47:00,07:47:00,7037,17,0,0
1289548,07:48:00,07:48:00,7038,18,0,0
1289548,07:50:00,07:50:00,7039,19,0,0
1289548,07:53:00,07:53:00,7040,20,0,0
1289548,07:55:00,07:55:00,7108,21,0,0
1289548,07:59:00,07:59:00,7041,22,0,0
1289548,08:01:00,08:01:00,7042,23,0,0
1289548,08:02:00,08:02:00,7043,24,0,0
1289548,08:04:00,08:04:00,7044,25,0,0
1289548,08:07:00,08:07:00,7045,26,1,1
1289548,08:08:00,08:08:00,7046,27,0,0
1289548,08:11:00,08:11:00,7047,28,0,0
1289548,08:12:00,08:12:00,7048,29,0,0
1289548,08:14:00,08:14:00,7049,30,1,0
1289549,12:41:00,12:41:00,7098,1,0,0
1289549,12:43:00,12:43:00,7104,2,0,0
1289549,12:46:00,12:46:00,7102,3,0,0
1289549,12:48:00,12:48:00,7100,4,0,0
1289549,12:52:00,12:52:00,7025,5,0,0
1289549,12:54:00,12:54:00,7026,6,0,0
1289549,12:56:00,12:56:00,7027,7,0,0
1289549,12:59:00,12:59:00,7028,8,0,0
1289549,13:01:00,13:01:00,7029,9,0,0
1289549,13:03:00,13:03:00,7030,10,0,0
1289549,13:05:00,13:05:00,7031,11,0,0
1289549,13:09:00,13:09:00,7032,12,0,0
1289549,13:10:00,13:10:00,7033,13,0,0
1289549,13:12:00,13:12:00,7034,14,0,0
1289549,13:14:00,13:14:00,7035,15,0,0
1289549,13:15:00,13:15:00,7036,16,0,0
1289549,13:17:00,13:17:00,7037,17,0,0
1289549,13:18:00,13:18:00,7038,18,0,0
1289549,13:20:00,13:20:00,7039,19,0,0
1289549,13:23:00,13:23:00,7040,20,0,0
1289549,13:25:00,13:25:00,7108,21,0,0
1289549,13:29:00,13:29:00,7041,22,0,0
1289549,13:31:00,13:31:00,7042,23,0,0
1289549,13:32:00,13:32:00,7043,24,0,0
1289549,13:34:00,13:34:00,7044,25,0,0
1289549,13:37:00,13:37:00,7045,26,1,1
1289549,13:38:00,13:38:00,7046,27,0,0
1289549,13:41:00,13:41:00,7047,28,0,0
1289549,13:42:00,13:42:00,7048,29,0,0
1289549,13:44:00,13:44:00,7049,30,1,0
1289550,12:11:00,12:11:00,7098,1,0,0
1289550,12:13:00,12:13:00,7104,2,0,0
1289550,12:16:00,12:16:00,7102,3,0,0
1289550,12:18:00,12:18:00,7100,4,0,0
1289550,12:22:00,12:22:00,7025,5,0,0
1289550,12:24:00,12:24:00,7026,6,0,0
1289550,12:26:00,12:26:00,7027,7,0,0
1289550,12:29:00,12:29:00,7028,8,0,0
1289550,12:31:00,12:31:00,7029,9,0,0
1289550,12:33:00,12:33:00,7030,10,0,0
1289550,12:35:00,12:35:00,7031,11,0,0
1289550,12:39:00,12:39:00,7032,12,0,0
1289550,12:40:00,12:40:00,7033,13,0,0
1289550,12:42:00,12:42:00,7034,14,0,0
1289550,12:44:00,12:44:00,7035,15,0,0
1289550,12:45:00,12:45:00,7036,16,0,0
1289550,12:47:00,12:47:00,7037,17,0,0
1289550,12:48:00,12:48:00,7038,18,0,0
1289550,12:50:00,12:50:00,7039,19,0,0
1289550,12:53:00,12:53:00,7040,20,0,0
1289550,12:55:00,12:55:00,7108,21,0,0
1289550,12:59:00,12:59:00,7041,22,0,0
1289550,13:01:00,13:01:00,7042,23,0,0
1289550,13:02:00,13:02:00,7043,24,0,0
1289550,13:04:00,13:04:00,7044,25,0,0
1289550,13:07:00,13:07:00,7045,26,1,1
1289550,13:08:00,13:08:00,7046,27,0,0
1289550,13:11:00,13:11:00,7047,28,0,0
1289550,13:12:00,13:12:00,7048,29,0,0
1289550,13:14:00,13:14:00,7049,30,1,0
1289551,11:41:00,11:41:00,7098,1,0,0
1289551,11:43:00,11:43:00,7104,2,0,0
1289551,11:46:00,11:46:00,7102,3,0,0
1289551,11:48:00,11:48:00,7100,4,0,0
1289551,11:52:00,11:52:00,7025,5,0,0
1289551,11:54:00,11:54:00,7026,6,0,0
1289551,11:56:00,11:56:00,7027,7,0,0
1289551,11:59:00,11:59:00,7028,8,0,0
1289551,12:01:00,12:01:00,7029,9,0,0
1289551,12:03:00,12:03:00,7030,10,0,0
1289551,12:05:00,12:05:00,7031,11,0,0
1289551,12:09:00,12:09:00,7032,12,0,0
1289551,12:10:00,12:10:00,7033,13,0,0
1289551,12:12:00,12:12:00,7034,14,0,0
1289551,12:14:00,12:14:00,7035,15,0,0
1289551,12:15:00,12:15:00,7036,16,0,0
1289551,12:17:00,12:17:00,7037,17,0,0
1289551,12:18:00,12:18:00,7038,18,0,0
1289551,12:20:00,12:20:00,7039,19,0,0
1289551,12:23:00,12:23:00,7040,20,0,0
1289551,12:25:00,12:25:00,7108,21,0,0
1289551,12:29:00,12:29:00,7041,22,0,0
1289551,12:31:00,12:31:00,7042,23,0,0
1289551,12:32:00,12:32:00,7043,24,0,0
1289551,12:34:00,12:34:00,7044,25,0,0
1289551,12:37:00,12:37:00,7045,26,1,1
1289551,12:38:00,12:38:00,7046,27,0,0
1289551,12:41:00,12:41:00,7047,28,0,0
1289551,12:42:00,12:42:00,7048,29,0,0
1289551,12:44:00,12:44:00,7049,30,1,0
1289552,11:11:00,11:11:00,7098,1,0,0
1289552,11:13:00,11:13:00,7104,2,0,0
1289552,11:16:00,11:16:00,7102,3,0,0
1289552,11:18:00,11:18:00,7100,4,0,0
1289552,11:22:00,11:22:00,7025,5,0,0
1289552,11:24:00,11:24:00,7026,6,0,0
1289552,11:26:00,11:26:00,7027,7,0,0
1289552,11:29:00,11:29:00,7028,8,0,0
1289552,11:31:00,11:31:00,7029,9,0,0
1289552,11:33:00,11:33:00,7030,10,0,0
1289552,11:35:00,11:35:00,7031,11,0,0
1289552,11:39:00,11:39:00,7032,12,0,0
1289552,11:40:00,11:40:00,7033,13,0,0
1289552,11:42:00,11:42:00,7034,14,0,0
1289552,11:44:00,11:44:00,7035,15,0,0
1289552,11:45:00,11:45:00,7036,16,0,0
1289552,11:47:00,11:47:00,7037,17,0,0
1289552,11:48:00,11:48:00,7038,18,0,0
1289552,11:50:00,11:50:00,7039,19,0,0
1289552,11:53:00,11:53:00,7040,20,0,0
1289552,11:55:00,11:55:00,7108,21,0,0
1289552,11:59:00,11:59:00,7041,22,0,0
1289552,12:01:00,12:01:00,7042,23,0,0
1289552,12:02:00,12:02:00,7043,24,0,0
1289552,12:04:00,12:04:00,7044,25,0,0
1289552,12:07:00,12:07:00,7045,26,1,1
1289552,12:08:00,12:08:00,7046,27,0,0
1289552,12:11:00,12:11:00,7047,28,0,0
1289552,12:12:00,12:12:00,7048,29,0,0
1289552,12:14:00,12:14:00,7049,30,1,0
1289553,08:41:00,08:41:00,7098,1,0,0
1289553,08:43:00,08:43:00,7104,2,0,0
1289553,08:46:00,08:46:00,7102,3,0,0
1289553,08:48:00,08:48:00,7100,4,0,0
1289553,08:52:00,08:52:00,7025,5,0,0
1289553,08:54:00,08:54:00,7026,6,0,0
1289553,08:56:00,08:56:00,7027,7,0,0
1289553,08:59:00,08:59:00,7028,8,0,0
1289553,09:01:00,09:01:00,7029,9,0,0
1289553,09:03:00,09:03:00,7030,10,0,0
1289553,09:05:00,09:05:00,7031,11,0,0
1289553,09:09:00,09:09:00,7032,12,0,0
1289553,09:10:00,09:10:00,7033,13,0,0
1289553,09:12:00,09:12:00,7034,14,0,0
1289553,09:14:00,09:14:00,7035,15,0,0
1289553,09:15:00,09:15:00,7036,16,0,0
1289553,09:17:00,09:17:00,7037,17,0,0
1289553,09:18:00,09:18:00,7038,18,0,0
1289553,09:20:00,09:20:00,7039,19,0,0
1289553,09:23:00,09:23:00,7040,20,0,0
1289553,09:25:00,09:25:00,7108,21,0,0
1289553,09:29:00,09:29:00,7041,22,0,0
1289553,09:31:00,09:31:00,7042,23,0,0
1289553,09:32:00,09:32:00,7043,24,0,0
1289553,09:34:00,09:34:00,7044,25,0,0
1289553,09:37:00,09:37:00,7045,26,1,1
1289553,09:38:00,09:38:00,7046,27,0,0
1289553,09:41:00,09:41:00,7047,28,0,0
1289553,09:42:00,09:42:00,7048,29,0,0
1289553,09:44:00,09:44:00,7049,30,1,0
1289554,08:11:00,08:11:00,7098,1,0,0
1289554,08:13:00,08:13:00,7104,2,0,0
1289554,08:16:00,08:16:00,7102,3,0,0
1289554,08:18:00,08:18:00,7100,4,0,0
1289554,08:22:00,08:22:00,7025,5,0,0
1289554,08:24:00,08:24:00,7026,6,0,0
1289554,08:26:00,08:26:00,7027,7,0,0
1289554,08:29:00,08:29:00,7028,8,0,0
1289554,08:31:00,08:31:00,7029,9,0,0
1289554,08:33:00,08:33:00,7030,10,0,0
1289554,08:35:00,08:35:00,7031,11,0,0
1289554,08:39:00,08:39:00,7032,12,0,0
1289554,08:40:00,08:40:00,7033,13,0,0
1289554,08:42:00,08:42:00,7034,14,0,0
1289554,08:44:00,08:44:00,7035,15,0,0
1289554,08:45:00,08:45:00,7036,16,0,0
1289554,08:47:00,08:47:00,7037,17,0,0
1289554,08:48:00,08:48:00,7038,18,0,0
1289554,08:50:00,08:50:00,7039,19,0,0
1289554,08:53:00,08:53:00,7040,20,0,0
1289554,08:55:00,08:55:00,7108,21,0,0
1289554,08:59:00,08:59:00,7041,22,0,0
1289554,09:01:00,09:01:00,7042,23,0,0
1289554,09:02:00,09:02:00,7043,24,0,0
1289554,09:04:00,09:04:00,7044,25,0,0
1289554,09:07:00,09:07:00,7045,26,1,1
1289554,09:08:00,09:08:00,7046,27,0,0
1289554,09:11:00,09:11:00,7047,28,0,0
1289554,09:12:00,09:12:00,7048,29,0,0
1289554,09:14:00,09:14:00,7049,30,1,0
1289555,07:41:00,07:41:00,7098,1,0,0
1289555,07:43:00,07:43:00,7104,2,0,0
1289555,07:46:00,07:46:00,7102,3,0,0
1289555,07:48:00,07:48:00,7100,4,0,0
1289555,07:52:00,07:52:00,7025,5,0,0
1289555,07:54:00,07:54:00,7026,6,0,0
1289555,07:56:00,07:56:00,7027,7,0,0
1289555,07:59:00,07:59:00,7028,8,0,0
1289555,08:01:00,08:01:00,7029,9,0,0
1289555,08:03:00,08:03:00,7030,10,0,0
1289555,08:05:00,08:05:00,7031,11,0,0
1289555,08:09:00,08:09:00,7032,12,0,0
1289555,08:10:00,08:10:00,7033,13,0,0
1289555,08:12:00,08:12:00,7034,14,0,0
1289555,08:14:00,08:14:00,7035,15,0,0
1289555,08:15:00,08:15:00,7036,16,0,0
1289555,08:17:00,08:17:00,7037,17,0,0
1289555,08:18:00,08:18:00,7038,18,0,0
1289555,08:20:00,08:20:00,7039,19,0,0
1289555,08:23:00,08:23:00,7040,20,0,0
1289555,08:25:00,08:25:00,7108,21,0,0
1289555,08:29:00,08:29:00,7041,22,0,0
1289555,08:31:00,08:31:00,7042,23,0,0
1289555,08:32:00,08:32:00,7043,24,0,0
1289555,08:34:00,08:34:00,7044,25,0,0
1289555,08:37:00,08:37:00,7045,26,1,1
1289555,08:38:00,08:38:00,7046,27,0,0
1289555,08:41:00,08:41:00,7047,28,0,0
1289555,08:42:00,08:42:00,7048,29,0,0
1289555,08:44:00,08:44:00,7049,30,1,0
1289556,10:41:00,10:41:00,7098,1,0,0
1289556,10:43:00,10:43:00,7104,2,0,0
1289556,10:46:00,10:46:00,7102,3,0,0
1289556,10:48:00,10:48:00,7100,4,0,0
1289556,10:52:00,10:52:00,7025,5,0,0
1289556,10:54:00,10:54:00,7026,6,0,0
1289556,10:56:00,10:56:00,7027,7,0,0
1289556,10:59:00,10:59:00,7028,8,0,0
1289556,11:01:00,11:01:00,7029,9,0,0
1289556,11:03:00,11:03:00,7030,10,0,0
1289556,11:05:00,11:05:00,7031,11,0,0
1289556,11:09:00,11:09:00,7032,12,0,0
1289556,11:10:00,11:10:00,7033,13,0,0
1289556,11:12:00,11:12:00,7034,14,0,0
1289556,11:14:00,11:14:00,7035,15,0,0
1289556,11:15:00,11:15:00,7036,16,0,0
1289556,11:17:00,11:17:00,7037,17,0,0
1289556,11:18:00,11:18:00,7038,18,0,0
1289556,11:20:00,11:20:00,7039,19,0,0
1289556,11:23:00,11:23:00,7040,20,0,0
1289556,11:25:00,11:25:00,7108,21,0,0
1289556,11:29:00,11:29:00,7041,22,0,0
1289556,11:31:00,11:31:00,7042,23,0,0
1289556,11:32:00,11:32:00,7043,24,0,0
1289556,11:34:00,11:34:00,7044,25,0,0
1289556,11:37:00,11:37:00,7045,26,1,1
1289556,11:38:00,11:38:00,7046,27,0,0
1289556,11:41:00,11:41:00,7047,28,0,0
1289556,11:42:00,11:42:00,7048,29,0,0
1289556,11:44:00,11:44:00,7049,30,1,0
1289557,06:41:00,06:41:00,7098,1,0,0
1289557,06:43:00,06:43:00,7104,2,0,0
1289557,06:46:00,06:46:00,7102,3,0,0
1289557,06:48:00,06:48:00,7100,4,0,0
1289557,06:52:00,06:52:00,7025,5,0,0
1289557,06:54:00,06:54:00,7026,6,0,0
1289557,06:56:00,06:56:00,7027,7,0,0
1289557,06:59:00,06:59:00,7028,8,0,0
1289557,07:01:00,07:01:00,7029,9,0,0
1289557,07:03:00,07:03:00,7030,10,0,0
1289557,07:05:00,07:05:00,7031,11,0,0
1289557,07:09:00,07:09:00,7032,12,0,0
1289557,07:10:00,07:10:00,7033,13,0,0
1289557,07:12:00,07:12:00,7034,14,0,0
1289557,07:14:00,07:14:00,7035,15,0,0
1289557,07:15:00,07:15:00,7036,16,0,0
1289557,07:17:00,07:17:00,7037,17,0,0
1289557,07:18:00,07:18:00,7038,18,0,0
1289557,07:20:00,07:20:00,7039,19,0,0
1289557,07:23:00,07:23:00,7040,20,0,0
1289557,07:25:00,07:25:00,7108,21,0,0
1289557,07:29:00,07:29:00,7041,22,0,0
1289557,07:31:00,07:31:00,7042,23,0,0
1289557,07:32:00,07:32:00,7043,24,0,0
1289557,07:34:00,07:34:00,7044,25,0,0
1289557,07:37:00,07:37:00,7045,26,1,1
1289557,07:38:00,07:38:00,7046,27,0,0
1289557,07:41:00,07:41:00,7047,28,0,0
1289557,07:42:00,07:42:00,7048,29,0,0
1289557,07:44:00,07:44:00,7049,30,1,0
1289558,06:11:00,06:11:00,7098,1,0,0
1289558,06:13:00,06:13:00,7104,2,0,0
1289558,06:16:00,06:16:00,7102,3,0,0
1289558,06:18:00,06:18:00,7100,4,0,0
1289558,06:22:00,06:22:00,7025,5,0,0
1289558,06:24:00,06:24:00,7026,6,0,0
1289558,06:26:00,06:26:00,7027,7,0,0
1289558,06:29:00,06:29:00,7028,8,0,0
1289558,06:31:00,06:31:00,7029,9,0,0
1289558,06:33:00,06:33:00,7030,10,0,0
1289558,06:35:00,06:35:00,7031,11,0,0
1289558,06:39:00,06:39:00,7032,12,0,0
1289558,06:40:00,06:40:00,7033,13,0,0
1289558,06:42:00,06:42:00,7034,14,0,0
1289558,06:44:00,06:44:00,7035,15,0,0
1289558,06:45:00,06:45:00,7036,16,0,0
1289558,06:47:00,06:47:00,7037,17,0,0
1289558,06:48:00,06:48:00,7038,18,0,0
1289558,06:50:00,06:50:00,7039,19,0,0
1289558,06:53:00,06:53:00,7040,20,0,0
1289558,06:55:00,06:55:00,7108,21,0,0
1289558,06:59:00,06:59:00,7041,22,0,0
1289558,07:01:00,07:01:00,7042,23,0,0
1289558,07:02:00,07:02:00,7043,24,0,0
1289558,07:04:00,07:04:00,7044,25,0,0
1289558,07:07:00,07:07:00,7045,26,1,1
1289558,07:08:00,07:08:00,7046,27,0,0
1289558,07:11:00,07:11:00,7047,28,0,0
1289558,07:12:00,07:12:00,7048,29,0,0
1289558,07:14:00,07:14:00,7049,30,1,0
1289559,05:41:00,05:41:00,7098,1,0,0
1289559,05:43:00,05:43:00,7104,2,0,0
1289559,05:46:00,05:46:00,7102,3,0,0
1289559,05:48:00,05:48:00,7100,4,0,0
1289559,05:52:00,05:52:00,7025,5,0,0
1289559,05:54:00,05:54:00,7026,6,0,0
1289559,05:56:00,05:56:00,7027,7,0,0
1289559,05:59:00,05:59:00,7028,8,0,0
1289559,06:01:00,06:01:00,7029,9,0,0
1289559,06:03:00,06:03:00,7030,10,0,0
1289559,06:05:00,06:05:00,7031,11,0,0
1289559,06:09:00,06:09:00,7032,12,0,0
1289559,06:10:00,06:10:00,7033,13,0,0
1289559,06:12:00,06:12:00,7034,14,0,0
1289559,06:14:00,06:14:00,7035,15,0,0
1289559,06:15:00,06:15:00,7036,16,0,0
1289559,06:17:00,06:17:00,7037,17,0,0
1289559,06:18:00,06:18:00,7038,18,0,0
1289559,06:20:00,06:20:00,7039,19,0,0
1289559,06:23:00,06:23:00,7040,20,0,0
1289559,06:25:00,06:25:00,7108,21,0,0
1289559,06:29:00,06:29:00,7041,22,0,0
1289559,06:31:00,06:31:00,7042,23,0,0
1289559,06:32:00,06:32:00,7043,24,0,0
1289559,06:34:00,06:34:00,7044,25,0,0
1289559,06:37:00,06:37:00,7045,26,1,1
1289559,06:38:00,06:38:00,7046,27,0,0
1289559,06:41:00,06:41:00,7047,28,0,0
1289559,06:42:00,06:42:00,7048,29,0,0
1289559,06:44:00,06:44:00,7049,30,1,0
1289560,16:41:00,16:41:00,7098,1,0,0
1289560,16:43:00,16:43:00,7104,2,0,0
1289560,16:46:00,16:46:00,7102,3,0,0
1289560,16:48:00,16:48:00,7100,4,0,0
1289560,16:52:00,16:52:00,7025,5,0,0
1289560,16:54:00,16:54:00,7026,6,0,0
1289560,16:56:00,16:56:00,7027,7,0,0
1289560,16:59:00,16:59:00,7028,8,0,0
1289560,17:01:00,17:01:00,7029,9,0,0
1289560,17:03:00,17:03:00,7030,10,0,0
1289560,17:05:00,17:05:00,7031,11,0,0
1289560,17:09:00,17:09:00,7032,12,0,0
1289560,17:10:00,17:10:00,7033,13,0,0
1289560,17:12:00,17:12:00,7034,14,0,0
1289560,17:14:00,17:14:00,7035,15,0,0
1289560,17:15:00,17:15:00,7036,16,0,0
1289560,17:17:00,17:17:00,7037,17,0,0
1289560,17:18:00,17:18:00,7038,18,0,0
1289560,17:20:00,17:20:00,7039,19,0,0
1289560,17:23:00,17:23:00,7040,20,0,0
1289560,17:25:00,17:25:00,7108,21,0,0
1289560,17:29:00,17:29:00,7041,22,0,0
1289560,17:31:00,17:31:00,7042,23,0,0
1289560,17:32:00,17:32:00,7043,24,0,0
1289560,17:34:00,17:34:00,7044,25,0,0
1289560,17:37:00,17:37:00,7045,26,1,1
1289560,17:38:00,17:38:00,7046,27,0,0
1289560,17:41:00,17:41:00,7047,28,0,0
1289560,17:42:00,17:42:00,7048,29,0,0
1289560,17:44:00,17:44:00,7049,30,1,0
1289561,16:11:00,16:11:00,7098,1,0,0
1289561,16:13:00,16:13:00,7104,2,0,0
1289561,16:16:00,16:16:00,7102,3,0,0
1289561,16:18:00,16:18:00,7100,4,0,0
1289561,16:22:00,16:22:00,7025,5,0,0
1289561,16:24:00,16:24:00,7026,6,0,0
1289561,16:26:00,16:26:00,7027,7,0,0
1289561,16:29:00,16:29:00,7028,8,0,0
1289561,16:31:00,16:31:00,7029,9,0,0
1289561,16:33:00,16:33:00,7030,10,0,0
1289561,16:35:00,16:35:00,7031,11,0,0
1289561,16:39:00,16:39:00,7032,12,0,0
1289561,16:40:00,16:40:00,7033,13,0,0
1289561,16:42:00,16:42:00,7034,14,0,0
1289561,16:44:00,16:44:00,7035,15,0,0
1289561,16:45:00,16:45:00,7036,16,0,0
1289561,16:47:00,16:47:00,7037,17,0,0
1289561,16:48:00,16:48:00,7038,18,0,0
1289561,16:50:00,16:50:00,7039,19,0,0
1289561,16:53:00,16:53:00,7040,20,0,0
1289561,16:55:00,16:55:00,7108,21,0,0
1289561,16:59:00,16:59:00,7041,22,0,0
1289561,17:01:00,17:01:00,7042,23,0,0
1289561,17:02:00,17:02:00,7043,24,0,0
1289561,17:04:00,17:04:00,7044,25,0,0
1289561,17:07:00,17:07:00,7045,26,1,1
1289561,17:08:00,17:08:00,7046,27,0,0
1289561,17:11:00,17:11:00,7047,28,0,0
1289561,17:12:00,17:12:00,7048,29,0,0
1289561,17:14:00,17:14:00,7049,30,1,0
1289562,15:41:00,15:41:00,7098,1,0,0
1289562,15:43:00,15:43:00,7104,2,0,0
1289562,15:46:00,15:46:00,7102,3,0,0
1289562,15:48:00,15:48:00,7100,4,0,0
1289562,15:52:00,15:52:00,7025,5,0,0
1289562,15:54:00,15:54:00,7026,6,0,0
1289562,15:56:00,15:56:00,7027,7,0,0
1289562,15:59:00,15:59:00,7028,8,0,0
1289562,16:01:00,16:01:00,7029,9,0,0
1289562,16:03:00,16:03:00,7030,10,0,0
1289562,16:05:00,16:05:00,7031,11,0,0
1289562,16:09:00,16:09:00,7032,12,0,0
1289562,16:10:00,16:10:00,7033,13,0,0
1289562,16:12:00,16:12:00,7034,14,0,0
1289562,16:14:00,16:14:00,7035,15,0,0
1289562,16:15:00,16:15:00,7036,16,0,0
1289562,16:17:00,16:17:00,7037,17,0,0
1289562,16:18:00,16:18:00,7038,18,0,0
1289562,16:20:00,16:20:00,7039,19,0,0
1289562,16:23:00,16:23:00,7040,20,0,0
1289562,16:25:00,16:25:00,7108,21,0,0
1289562,16:29:00,16:29:00,7041,22,0,0
1289562,16:31:00,16:31:00,7042,23,0,0
1289562,16:32:00,16:32:00,7043,24,0,0
1289562,16:34:00,16:34:00,7044,25,0,0
1289562,16:37:00,16:37:00,7045,26,1,1
1289562,16:38:00,16:38:00,7046,27,0,0
1289562,16:41:00,16:41:00,7047,28,0,0
1289562,16:42:00,16:42:00,7048,29,0,0
1289562,16:44:00,16:44:00,7049,30,1,0
1289563,15:11:00,15:11:00,7098,1,0,0
1289563,15:13:00,15:13:00,7104,2,0,0
1289563,15:16:00,15:16:00,7102,3,0,0
1289563,15:18:00,15:18:00,7100,4,0,0
1289563,15:22:00,15:22:00,7025,5,0,0
1289563,15:24:00,15:24:00,7026,6,0,0
1289563,15:26:00,15:26:00,7027,7,0,0
1289563,15:29:00,15:29:00,7028,8,0,0
1289563,15:31:00,15:31:00,7029,9,0,0
1289563,15:33:00,15:33:00,7030,10,0,0
1289563,15:35:00,15:35:00,7031,11,0,0
1289563,15:39:00,15:39:00,7032,12,0,0
1289563,15:40:00,15:40:00,7033,13,0,0
1289563,15:42:00,15:42:00,7034,14,0,0
1289563,15:44:00,15:44:00,7035,15,0,0
1289563,15:45:00,15:45:00,7036,16,0,0
1289563,15:47:00,15:47:00,7037,17,0,0
1289563,15:48:00,15:48:00,7038,18,0,0
1289563,15:50:00,15:50:00,7039,19,0,0
1289563,15:53:00,15:53:00,7040,20,0,0
1289563,15:55:00,15:55:00,7108,21,0,0
1289563,15:59:00,15:59:00,7041,22,0,0
1289563,16:01:00,16:01:00,7042,23,0,0
1289563,16:02:00,16:02:00,7043,24,0,0
1289563,16:04:00,16:04:00,7044,25,0,0
1289563,16:07:00,16:07:00,7045,26,1,1
1289563,16:08:00,16:08:00,7046,27,0,0
1289563,16:11:00,16:11:00,7047,28,0,0
1289563,16:12:00,16:12:00,7048,29,0,0
1289563,16:14:00,16:14:00,7049,30,1,0
1289564,14:41:00,14:41:00,7098,1,0,0
1289564,14:43:00,14:43:00,7104,2,0,0
1289564,14:46:00,14:46:00,7102,3,0,0
1289564,14:48:00,14:48:00,7100,4,0,0
1289564,14:52:00,14:52:00,7025,5,0,0
1289564,14:54:00,14:54:00,7026,6,0,0
1289564,14:56:00,14:56:00,7027,7,0,0
1289564,14:59:00,14:59:00,7028,8,0,0
1289564,15:01:00,15:01:00,7029,9,0,0
1289564,15:03:00,15:03:00,7030,10,0,0
1289564,15:05:00,15:05:00,7031,11,0,0
1289564,15:09:00,15:09:00,7032,12,0,0
1289564,15:10:00,15:10:00,7033,13,0,0
1289564,15:12:00,15:12:00,7034,14,0,0
1289564,15:14:00,15:14:00,7035,15,0,0
1289564,15:15:00,15:15:00,7036,16,0,0
1289564,15:17:00,15:17:00,7037,17,0,0
1289564,15:18:00,15:18:00,7038,18,0,0
1289564,15:20:00,15:20:00,7039,19,0,0
1289564,15:23:00,15:23:00,7040,20,0,0
1289564,15:25:00,15:25:00,7108,21,0,0
1289564,15:29:00,15:29:00,7041,22,0,0
1289564,15:31:00,15:31:00,7042,23,0,0
1289564,15:32:00,15:32:00,7043,24,0,0
1289564,15:34:00,15:34:00,7044,25,0,0
1289564,15:37:00,15:37:00,7045,26,1,1
1289564,15:38:00,15:38:00,7046,27,0,0
1289564,15:41:00,15:41:00,7047,28,0,0
1289564,15:42:00,15:42:00,7048,29,0,0
1289564,15:44:00,15:44:00,7049,30,1,0
1289565,05:11:00,05:11:00,7098,1,0,0
1289565,05:13:00,05:13:00,7104,2,0,0
1289565,05:16:00,05:16:00,7102,3,0,0
1289565,05:18:00,05:18:00,7100,4,0,0
1289565,05:22:00,05:22:00,7025,5,0,0
1289565,05:24:00,05:24:00,7026,6,0,0
1289565,05:26:00,05:26:00,7027,7,0,0
1289565,05:29:00,05:29:00,7028,8,0,0
1289565,05:31:00,05:31:00,7029,9,0,0
1289565,05:33:00,05:33:00,7030,10,0,0
1289565,05:35:00,05:35:00,7031,11,0,0
1289565,05:39:00,05:39:00,7032,12,0,0
1289565,05:40:00,05:40:00,7033,13,0,0
1289565,05:42:00,05:42:00,7034,14,0,0
1289565,05:44:00,05:44:00,7035,15,0,0
1289565,05:45:00,05:45:00,7036,16,0,0
1289565,05:47:00,05:47:00,7037,17,0,0
1289565,05:48:00,05:48:00,7038,18,0,0
1289565,05:50:00,05:50:00,7039,19,0,0
1289565,05:53:00,05:53:00,7040,20,0,0
1289565,05:55:00,05:55:00,7108,21,0,0
1289565,05:59:00,05:59:00,7041,22,0,0
1289565,06:01:00,06:01:00,7042,23,0,0
1289565,06:02:00,06:02:00,7043,24,0,0
1289565,06:04:00,06:04:00,7044,25,0,0
1289565,06:07:00,06:07:00,7045,26,1,1
1289565,06:08:00,06:08:00,7046,27,0,0
1289565,06:11:00,06:11:00,7047,28,0,0
1289565,06:12:00,06:12:00,7048,29,0,0
1289565,06:14:00,06:14:00,7049,30,1,0
1289566,22:48:00,22:48:00,7000,1,0,0
1289566,22:49:00,22:49:00,7001,2,0,0
1289566,22:50:00,22:50:00,7002,3,0,0
1289566,22:54:00,22:54:00,7003,4,0,0
1289566,22:55:00,22:55:00,7004,5,1,1
1289566,22:57:00,22:57:00,7005,6,0,0
1289566,22:59:00,22:59:00,7006,7,0,0
1289566,23:01:00,23:01:00,7007,8,0,0
1289566,23:02:00,23:02:00,7008,9,0,0
1289566,23:06:00,23:06:00,7107,10,0,0
1289566,23:09:00,23:09:00,7009,11,0,0
1289566,23:11:00,23:11:00,7010,12,0,0
1289566,23:13:00,23:13:00,7011,13,0,0
1289566,23:16:00,23:16:00,7013,14,0,0
1289566,23:18:00,23:18:00,7014,15,0,0
1289566,23:19:00,23:19:00,7015,16,0,0
1289566,23:22:00,23:22:00,7016,17,0,0
1289566,23:23:00,23:23:00,7017,18,0,0
1289566,23:26:00,23:26:00,7018,19,0,0
1289566,23:28:00,23:28:00,7019,20,0,0
1289566,23:31:00,23:31:00,7020,21,0,0
1289566,23:33:00,23:33:00,7021,22,0,0
1289566,23:35:00,23:35:00,7022,23,0,0
1289566,23:38:00,23:38:00,7023,24,0,0
1289566,23:40:00,23:40:00,7024,25,0,0
1289566,23:43:00,23:43:00,7099,26,0,0
1289566,23:46:00,23:46:00,7101,27,0,0
1289566,23:48:00,23:48:00,7103,28,0,0
1289566,23:51:00,23:51:00,7097,29,1,0
1289567,22:18:00,22:18:00,7000,1,0,0
1289567,22:19:00,22:19:00,7001,2,0,0
1289567,22:20:00,22:20:00,7002,3,0,0
1289567,22:24:00,22:24:00,7003,4,0,0
1289567,22:25:00,22:25:00,7004,5,1,1
1289567,22:27:00,22:27:00,7005,6,0,0
1289567,22:29:00,22:29:00,7006,7,0,0
1289567,22:31:00,22:31:00,7007,8,0,0
1289567,22:32:00,22:32:00,7008,9,0,0
1289567,22:36:00,22:36:00,7107,10,0,0
1289567,22:39:00,22:39:00,7009,11,0,0
1289567,22:41:00,22:41:00,7010,12,0,0
1289567,22:43:00,22:43:00,7011,13,0,0
1289567,22:46:00,22:46:00,7013,14,0,0
1289567,22:48:00,22:48:00,7014,15,0,0
1289567,22:49:00,22:49:00,7015,16,0,0
1289567,22:52:00,22:52:00,7016,17,0,0
1289567,22:53:00,22:53:00,7017,18,0,0
1289567,22:56:00,22:56:00,7018,19,0,0
1289567,22:58:00,22:58:00,7019,20,0,0
1289567,23:01:00,23:01:00,7020,21,0,0
1289567,23:03:00,23:03:00,7021,22,0,0
1289567,23:05:00,23:05:00,7022,23,0,0
1289567,23:08:00,23:08:00,7023,24,0,0
1289567,23:10:00,23:10:00,7024,25,0,0
1289567,23:13:00,23:13:00,7099,26,0,0
1289567,23:16:00,23:16:00,7101,27,0,0
1289567,23:18:00,23:18:00,7103,28,0,0
1289567,23:21:00,23:21:00,7097,29,1,0
1289568,21:48:00,21:48:00,7000,1,0,0
1289568,21:49:00,21:49:00,7001,2,0,0
1289568,21:50:00,21:50:00,7002,3,0,0
1289568,21:54:00,21:54:00,7003,4,0,0
1289568,21:55:00,21:55:00,7004,5,1,1
1289568,21:57:00,21:57:00,7005,6,0,0
1289568,21:59:00,21:59:00,7006,7,0,0
1289568,22:01:00,22:01:00,7007,8,0,0
1289568,22:02:00,22:02:00,7008,9,0,0
1289568,22:06:00,22:06:00,7107,10,0,0
1289568,22:09:00,22:09:00,7009,11,0,0
1289568,22:11:00,22:11:00,7010,12,0,0
1289568,22:13:00,22:13:00,7011,13,0,0
1289568,22:16:00,22:16:00,7013,14,0,0
1289568,22:18:00,22:18:00,7014,15,0,0
1289568,22:19:00,22:19:00,7015,16,0,0
1289568,22:22:00,22:22:00,7016,17,0,0
1289568,22:23:00,22:23:00,7017,18,0,0
1289568,22:26:00,22:26:00,7018,19,0,0
1289568,22:28:00,22:28:00,7019,20,0,0
1289568,22:31:00,22:31:00,7020,21,0,0
1289568,22:33:00,22:33:00,7021,22,0,0
1289568,22:35:00,22:35:00,7022,23,0,0
1289568,22:38:00,22:38:00,7023,24,0,0
1289568,22:40:00,22:40:00,7024,25,0,0
1289568,22:43:00,22:43:00,7099,26,0,0
1289568,22:46:00,22:46:00,7101,27,0,0
1289568,22:48:00,22:48:00,7103,28,0,0
1289568,22:51:00,22:51:00,7097,29,1,0
1289569,21:18:00,21:18:00,7000,1,0,0
1289569,21:19:00,21:19:00,7001,2,0,0
1289569,21:20:00,21:20:00,7002,3,0,0
1289569,21:24:00,21:24:00,7003,4,0,0
1289569,21:25:00,21:25:00,7004,5,1,1
1289569,21:27:00,21:27:00,7005,6,0,0
1289569,21:29:00,21:29:00,7006,7,0,0
1289569,21:31:00,21:31:00,7007,8,0,0
1289569,21:32:00,21:32:00,7008,9,0,0
1289569,21:36:00,21:36:00,7107,10,0,0
1289569,21:39:00,21:39:00,7009,11,0,0
1289569,21:41:00,21:41:00,7010,12,0,0
1289569,21:43:00,21:43:00,7011,13,0,0
1289569,21:46:00,21:46:00,7013,14,0,0
1289569,21:48:00,21:48:00,7014,15,0,0
1289569,21:49:00,21:49:00,7015,16,0,0
1289569,21:52:00,21:52:00,7016,17,0,0
1289569,21:53:00,21:53:00,7017,18,0,0
1289569,21:56:00,21:56:00,7018,19,0,0
1289569,21:58:00,21:58:00,7019,20,0,0
1289569,22:01:00,22:01:00,7020,21,0,0
1289569,22:03:00,22:03:00,7021,22,0,0
1289569,22:05:00,22:05:00,7022,23,0,0
1289569,22:08:00,22:08:00,7023,24,0,0
1289569,22:10:00,22:10:00,7024,25,0,0
1289569,22:13:00,22:13:00,7099,26,0,0
1289569,22:16:00,22:16:00,7101,27,0,0
1289569,22:18:00,22:18:00,7103,28,0,0
1289569,22:21:00,22:21:00,7097,29,1,0
1289570,11:18:00,11:18:00,7000,1,0,0
1289570,11:19:00,11:19:00,7001,2,0,0
1289570,11:20:00,11:20:00,7002,3,0,0
1289570,11:24:00,11:24:00,7003,4,0,0
1289570,11:25:00,11:25:00,7004,5,1,1
1289570,11:27:00,11:27:00,7005,6,0,0
1289570,11:29:00,11:29:00,7006,7,0,0
1289570,11:31:00,11:31:00,7007,8,0,0
1289570,11:32:00,11:32:00,7008,9,0,0
1289570,11:36:00,11:36:00,7107,10,0,0
1289570,11:39:00,11:39:00,7009,11,0,0
1289570,11:41:00,11:41:00,7010,12,0,0
1289570,11:43:00,11:43:00,7011,13,0,0
1289570,11:46:00,11:46:00,7013,14,0,0
1289570,11:48:00,11:48:00,7014,15,0,0
1289570,11:49:00,11:49:00,7015,16,0,0
1289570,11:52:00,11:52:00,7016,17,0,0
1289570,11:53:00,11:53:00,7017,18,0,0
1289570,11:56:00,11:56:00,7018,19,0,0
1289570,11:58:00,11:58:00,7019,20,0,0
1289570,12:01:00,12:01:00,7020,21,0,0
1289570,12:03:00,12:03:00,7021,22,0,0
1289570,12:05:00,12:05:00,7022,23,0,0
1289570,12:08:00,12:08:00,7023,24,0,0
1289570,12:10:00,12:10:00,7024,25,0,0
1289570,12:13:00,12:13:00,7099,26,0,0
1289570,12:16:00,12:16:00,7101,27,0,0
1289570,12:18:00,12:18:00,7103,28,0,0
1289570,12:21:00,12:21:00,7097,29,1,0
1289571,10:48:00,10:48:00,7000,1,0,0
1289571,10:49:00,10:49:00,7001,2,0,0
1289571,10:50:00,10:50:00,7002,3,0,0
1289571,10:54:00,10:54:00,7003,4,0,0
1289571,10:55:00,10:55:00,7004,5,1,1
1289571,10:57:00,10:57:00,7005,6,0,0
1289571,10:59:00,10:59:00,7006,7,0,0
1289571,11:01:00,11:01:00,7007,8,0,0
1289571,11:02:00,11:02:00,7008,9,0,0
1289571,11:06:00,11:06:00,7107,10,0,0
1289571,11:09:00,11:09:00,7009,11,0,0
1289571,11:11:00,11:11:00,7010,12,0,0
1289571,11:13:00,11:13:00,7011,13,0,0
1289571,11:16:00,11:16:00,7013,14,0,0
1289571,11:18:00,11:18:00,7014,15,0,0
1289571,11:19:00,11:19:00,7015,16,0,0
1289571,11:22:00,11:22:00,7016,17,0,0
1289571,11:23:00,11:23:00,7017,18,0,0
1289571,11:26:00,11:26:00,7018,19,0,0
1289571,11:28:00,11:28:00,7019,20,0,0
1289571,11:31:00,11:31:00,7020,21,0,0
1289571,11:33:00,11:33:00,7021,22,0,0
1289571,11:35:00,11:35:00,7022,23,0,0
1289571,11:38:00,11:38:00,7023,24,0,0
1289571,11:40:00,11:40:00,7024,25,0,0
1289571,11:43:00,11:43:00,7099,26,0,0
1289571,11:46:00,11:46:00,7101,27,0,0
1289571,11:48:00,11:48:00,7103,28,0,0
1289571,11:51:00,11:51:00,7097,29,1,0
1289572,10:18:00,10:18:00,7000,1,0,0
1289572,10:19:00,10:19:00,7001,2,0,0
1289572,10:20:00,10:20:00,7002,3,0,0
1289572,10:24:00,10:24:00,7003,4,0,0
1289572,10:25:00,10:25:00,7004,5,1,1
1289572,10:27:00,10:27:00,7005,6,0,0
1289572,10:29:00,10:29:00,7006,7,0,0
1289572,10:31:00,10:31:00,7007,8,0,0
1289572,10:32:00,10:32:00,7008,9,0,0
1289572,10:36:00,10:36:00,7107,10,0,0
1289572,10:39:00,10:39:00,7009,11,0,0
1289572,10:41:00,10:41:00,7010,12,0,0
1289572,10:43:00,10:43:00,7011,13,0,0
1289572,10:46:00,10:46:00,7013,14,0,0
1289572,10:48:00,10:48:00,7014,15,0,0
1289572,10:49:00,10:49:00,7015,16,0,0
1289572,10:52:00,10:52:00,7016,17,0,0
1289572,10:53:00,10:53:00,7017,18,0,0
1289572,10:56:00,10:56:00,7018,19,0,0
1289572,10:58:00,10:58:00,7019,20,0,0
1289572,11:01:00,11:01:00,7020,21,0,0
1289572,11:03:00,11:03:00,7021,22,0,0
1289572,11:05:00,11:05:00,7022,23,0,0
1289572,11:08:00,11:08:00,7023,24,0,0
1289572,11:10:00,11:10:00,7024,25,0,0
1289572,11:13:00,11:13:00,7099,26,0,0
1289572,11:16:00,11:16:00,7101,27,0,0
1289572,11:18:00,11:18:00,7103,28,0,0
1289572,11:21:00,11:21:00,7097,29,1,0
1289573,09:48:00,09:48:00,7000,1,0,0
1289573,09:49:00,09:49:00,7001,2,0,0
1289573,09:50:00,09:50:00,7002,3,0,0
1289573,09:54:00,09:54:00,7003,4,0,0
1289573,09:55:00,09:55:00,7004,5,1,1
1289573,09:57:00,09:57:00,7005,6,0,0
1289573,09:59:00,09:59:00,7006,7,0,0
1289573,10:01:00,10:01:00,7007,8,0,0
1289573,10:02:00,10:02:00,7008,9,0,0
1289573,10:06:00,10:06:00,7107,10,0,0
1289573,10:09:00,10:09:00,7009,11,0,0
1289573,10:11:00,10:11:00,7010,12,0,0
1289573,10:13:00,10:13:00,7011,13,0,0
1289573,10:16:00,10:16:00,7013,14,0,0
1289573,10:18:00,10:18:00,7014,15,0,0
1289573,10:19:00,10:19:00,7015,16,0,0
1289573,10:22:00,10:22:00,7016,17,0,0
1289573,10:23:00,10:23:00,7017,18,0,0
1289573,10:26:00,10:26:00,7018,19,0,0
1289573,10:28:00,10:28:00,7019,20,0,0
1289573,10:31:00,10:31:00,7020,21,0,0
1289573,10:33:00,10:33:00,7021,22,0,0
1289573,10:35:00,10:35:00,7022,23,0,0
1289573,10:38:00,10:38:00,7023,24,0,0
1289573,10:40:00,10:40:00,7024,25,0,0
1289573,10:43:00,10:43:00,7099,26,0,0
1289573,10:46:00,10:46:00,7101,27,0,0
1289573,10:48:00,10:48:00,7103,28,0,0
1289573,10:51:00,10:51:00,7097,29,1,0
1289574,09:18:00,09:18:00,7000,1,0,0
1289574,09:19:00,09:19:00,7001,2,0,0
1289574,09:20:00,09:20:00,7002,3,0,0
1289574,09:24:00,09:24:00,7003,4,0,0
1289574,09:25:00,09:25:00,7004,5,1,1
1289574,09:27:00,09:27:00,7005,6,0,0
1289574,09:29:00,09:29:00,7006,7,0,0
1289574,09:31:00,09:31:00,7007,8,0,0
1289574,09:32:00,09:32:00,7008,9,0,0
1289574,09:36:00,09:36:00,7107,10,0,0
1289574,09:39:00,09:39:00,7009,11,0,0
1289574,09:41:00,09:41:00,7010,12,0,0
1289574,09:43:00,09:43:00,7011,13,0,0
1289574,09:46:00,09:46:00,7013,14,0,0
1289574,09:48:00,09:48:00,7014,15,0,0
1289574,09:49:00,09:49:00,7015,16,0,0
1289574,09:52:00,09:52:00,7016,17,0,0
1289574,09:53:00,09:53:00,7017,18,0,0
1289574,09:56:00,09:56:00,7018,19,0,0
1289574,09:58:00,09:58:00,7019,20,0,0
1289574,10:01:00,10:01:00,7020,21,0,0
1289574,10:03:00,10:03:00,7021,22,0,0
1289574,10:05:00,10:05:00,7022,23,0,0
1289574,10:08:00,10:08:00,7023,24,0,0
1289574,10:10:00,10:10:00,7024,25,0,0
1289574,10:13:00,10:13:00,7099,26,0,0
1289574,10:16:00,10:16:00,7101,27,0,0
1289574,10:18:00,10:18:00,7103,28,0,0
1289574,10:21:00,10:21:00,7097,29,1,0
1289575,08:48:00,08:48:00,7000,1,0,0
1289575,08:49:00,08:49:00,7001,2,0,0
1289575,08:50:00,08:50:00,7002,3,0,0
1289575,08:54:00,08:54:00,7003,4,0,0
1289575,08:55:00,08:55:00,7004,5,1,1
1289575,08:57:00,08:57:00,7005,6,0,0
1289575,08:59:00,08:59:00,7006,7,0,0
1289575,09:01:00,09:01:00,7007,8,0,0
1289575,09:02:00,09:02:00,7008,9,0,0
1289575,09:06:00,09:06:00,7107,10,0,0
1289575,09:09:00,09:09:00,7009,11,0,0
1289575,09:11:00,09:11:00,7010,12,0,0
1289575,09:13:00,09:13:00,7011,13,0,0
1289575,09:16:00,09:16:00,7013,14,0,0
1289575,09:18:00,09:18:00,7014,15,0,0
1289575,09:19:00,09:19:00,7015,16,0,0
1289575,09:22:00,09:22:00,7016,17,0,0
1289575,09:23:00,09:23:00,7017,18,0,0
1289575,09:26:00,09:26:00,7018,19,0,0
1289575,09:28:00,09:28:00,7019,20,0,0
1289575,09:31:00,09:31:00,7020,21,0,0
1289575,09:33:00,09:33:00,7021,22,0,0
1289575,09:35:00,09:35:00,7022,23,0,0
1289575,09:38:00,09:38:00,7023,24,0,0
1289575,09:40:00,09:40:00,7024,25,0,0
1289575,09:43:00,09:43:00,7099,26,0,0
1289575,09:46:00,09:46:00,7101,27,0,0
1289575,09:48:00,09:48:00,7103,28,0,0
1289575,09:51:00,09:51:00,7097,29,1,0
1289576,08:18:00,08:18:00,7000,1,0,0
1289576,08:19:00,08:19:00,7001,2,0,0
1289576,08:20:00,08:20:00,7002,3,0,0
1289576,08:24:00,08:24:00,7003,4,0,0
1289576,08:25:00,08:25:00,7004,5,1,1
1289576,08:27:00,08:27:00,7005,6,0,0
1289576,08:29:00,08:29:00,7006,7,0,0
1289576,08:31:00,08:31:00,7007,8,0,0
1289576,08:32:00,08:32:00,7008,9,0,0
1289576,08:36:00,08:36:00,7107,10,0,0
1289576,08:39:00,08:39:00,7009,11,0,0
1289576,08:41:00,08:41:00,7010,12,0,0
1289576,08:43:00,08:43:00,7011,13,0,0
1289576,08:46:00,08:46:00,7013,14,0,0
1289576,08:48:00,08:48:00,7014,15,0,0
1289576,08:49:00,08:49:00,7015,16,0,0
1289576,08:52:00,08:52:00,7016,17,0,0
1289576,08:53:00,08:53:00,7017,18,0,0
1289576,08:56:00,08:56:00,7018,19,0,0
1289576,08:58:00,08:58:00,7019,20,0,0
1289576,09:01:00,09:01:00,7020,21,0,0
1289576,09:03:00,09:03:00,7021,22,0,0
1289576,09:05:00,09:05:00,7022,23,0,0
1289576,09:08:00,09:08:00,7023,24,0,0
1289576,09:10:00,09:10:00,7024,25,0,0
1289576,09:13:00,09:13:00,7099,26,0,0
1289576,09:16:00,09:16:00,7101,27,0,0
1289576,09:18:00,09:18:00,7103,28,0,0
1289576,09:21:00,09:21:00,7097,29,1,0
1289577,07:48:00,07:48:00,7000,1,0,0
1289577,07:49:00,07:49:00,7001,2,0,0
1289577,07:50:00,07:50:00,7002,3,0,0
1289577,07:54:00,07:54:00,7003,4,0,0
1289577,07:55:00,07:55:00,7004,5,1,1
1289577,07:57:00,07:57:00,7005,6,0,0
1289577,07:59:00,07:59:00,7006,7,0,0
1289577,08:01:00,08:01:00,7007,8,0,0
1289577,08:02:00,08:02:00,7008,9,0,0
1289577,08:06:00,08:06:00,7107,10,0,0
1289577,08:09:00,08:09:00,7009,11,0,0
1289577,08:11:00,08:11:00,7010,12,0,0
1289577,08:13:00,08:13:00,7011,13,0,0
1289577,08:16:00,08:16:00,7013,14,0,0
1289577,08:18:00,08:18:00,7014,15,0,0
1289577,08:19:00,08:19:00,7015,16,0,0
1289577,08:22:00,08:22:00,7016,17,0,0
1289577,08:23:00,08:23:00,7017,18,0,0
1289577,08:26:00,08:26:00,7018,19,0,0
1289577,08:28:00,08:28:00,7019,20,0,0
1289577,08:31:00,08:31:00,7020,21,0,0
1289577,08:33:00,08:33:00,7021,22,0,0
1289577,08:35:00,08:35:00,7022,23,0,0
1289577,08:38:00,08:38:00,7023,24,0,0
1289577,08:40:00,08:40:00,7024,25,0,0
1289577,08:43:00,08:43:00,7099,26,0,0
1289577,08:46:00,08:46:00,7101,27,0,0
1289577,08:48:00,08:48:00,7103,28,0,0
1289577,08:51:00,08:51:00,7097,29,1,0
1289578,07:18:00,07:18:00,7000,1,0,0
1289578,07:19:00,07:19:00,7001,2,0,0
1289578,07:20:00,07:20:00,7002,3,0,0
1289578,07:24:00,07:24:00,7003,4,0,0
1289578,07:25:00,07:25:00,7004,5,1,1
1289578,07:27:00,07:27:00,7005,6,0,0
1289578,07:29:00,07:29:00,7006,7,0,0
1289578,07:31:00,07:31:00,7007,8,0,0
1289578,07:32:00,07:32:00,7008,9,0,0
1289578,07:36:00,07:36:00,7107,10,0,0
1289578,07:39:00,07:39:00,7009,11,0,0
1289578,07:41:00,07:41:00,7010,12,0,0
1289578,07:43:00,07:43:00,7011,13,0,0
1289578,07:46:00,07:46:00,7013,14,0,0
1289578,07:48:00,07:48:00,7014,15,0,0
1289578,07:49:00,07:49:00,7015,16,0,0
1289578,07:52:00,07:52:00,7016,17,0,0
1289578,07:53:00,07:53:00,7017,18,0,0
1289578,07:56:00,07:56:00,7018,19,0,0
1289578,07:58:00,07:58:00,7019,20,0,0
1289578,08:01:00,08:01:00,7020,21,0,0
1289578,08:03:00,08:03:00,7021,22,0,0
1289578,08:05:00,08:05:00,7022,23,0,0
1289578,08:08:00,08:08:00,7023,24,0,0
1289578,08:10:00,08:10:00,7024,25,0,0
1289578,08:13:00,08:13:00,7099,26,0,0
1289578,08:16:00,08:16:00,7101,27,0,0
1289578,08:18:00,08:18:00,7103,28,0,0
1289578,08:21:00,08:21:00,7097,29,1,0
1289579,06:48:00,06:48:00,7000,1,0,0
1289579,06:49:00,06:49:00,7001,2,0,0
1289579,06:50:00,06:50:00,7002,3,0,0
1289579,06:54:00,06:54:00,7003,4,0,0
1289579,06:55:00,06:55:00,7004,5,1,1
1289579,06:57:00,06:57:00,7005,6,0,0
1289579,06:59:00,06:59:00,7006,7,0,0
1289579,07:01:00,07:01:00,7007,8,0,0
1289579,07:02:00,07:02:00,7008,9,0,0
1289579,07:06:00,07:06:00,7107,10,0,0
1289579,07:09:00,07:09:00,7009,11,0,0
1289579,07:11:00,07:11:00,7010,12,0,0
1289579,07:13:00,07:13:00,7011,13,0,0
1289579,07:16:00,07:16:00,7013,14,0,0
1289579,07:18:00,07:18:00,7014,15,0,0
1289579,07:19:00,07:19:00,7015,16,0,0
1289579,07:22:00,07:22:00,7016,17,0,0
1289579,07:23:00,07:23:00,7017,18,0,0
1289579,07:26:00,07:26:00,7018,19,0,0
1289579,07:28:00,07:28:00,7019,20,0,0
1289579,07:31:00,07:31:00,7020,21,0,0
1289579,07:33:00,07:33:00,7021,22,0,0
1289579,07:35:00,07:35:00,7022,23,0,0
1289579,07:38:00,07:38:00,7023,24,0,0
1289579,07:40:00,07:40:00,7024,25,0,0
1289579,07:43:00,07:43:00,7099,26,0,0
1289579,07:46:00,07:46:00,7101,27,0,0
1289579,07:48:00,07:48:00,7103,28,0,0
1289579,07:51:00,07:51:00,7097,29,1,0
1289580,06:18:00,06:18:00,7000,1,0,0
1289580,06:19:00,06:19:00,7001,2,0,0
1289580,06:20:00,06:20:00,7002,3,0,0
1289580,06:24:00,06:24:00,7003,4,0,0
1289580,06:25:00,06:25:00,7004,5,1,1
1289580,06:27:00,06:27:00,7005,6,0,0
1289580,06:29:00,06:29:00,7006,7,0,0
1289580,06:31:00,06:31:00,7007,8,0,0
1289580,06:32:00,06:32:00,7008,9,0,0
1289580,06:36:00,06:36:00,7107,10,0,0
1289580,06:39:00,06:39:00,7009,11,0,0
1289580,06:41:00,06:41:00,7010,12,0,0
1289580,06:43:00,06:43:00,7011,13,0,0
1289580,06:46:00,06:46:00,7013,14,0,0
1289580,06:48:00,06:48:00,7014,15,0,0
1289580,06:49:00,06:49:00,7015,16,0,0
1289580,06:52:00,06:52:00,7016,17,0,0
1289580,06:53:00,06:53:00,7017,18,0,0
1289580,06:56:00,06:56:00,7018,19,0,0
1289580,06:58:00,06:58:00,7019,20,0,0
1289580,07:01:00,07:01:00,7020,21,0,0
1289580,07:03:00,07:03:00,7021,22,0,0
1289580,07:05:00,07:05:00,7022,23,0,0
1289580,07:08:00,07:08:00,7023,24,0,0
1289580,07:10:00,07:10:00,7024,25,0,0
1289580,07:13:00,07:13:00,7099,26,0,0
1289580,07:16:00,07:16:00,7101,27,0,0
1289580,07:18:00,07:18:00,7103,28,0,0
1289580,07:21:00,07:21:00,7097,29,1,0
1289581,05:48:00,05:48:00,7000,1,0,0
1289581,05:49:00,05:49:00,7001,2,0,0
1289581,05:50:00,05:50:00,7002,3,0,0
1289581,05:54:00,05:54:00,7003,4,0,0
1289581,05:55:00,05:55:00,7004,5,1,1
1289581,05:57:00,05:57:00,7005,6,0,0
1289581,05:59:00,05:59:00,7006,7,0,0
1289581,06:01:00,06:01:00,7007,8,0,0
1289581,06:02:00,06:02:00,7008,9,0,0
1289581,06:06:00,06:06:00,7107,10,0,0
1289581,06:09:00,06:09:00,7009,11,0,0
1289581,06:11:00,06:11:00,7010,12,0,0
1289581,06:13:00,06:13:00,7011,13,0,0
1289581,06:16:00,06:16:00,7013,14,0,0
1289581,06:18:00,06:18:00,7014,15,0,0
1289581,06:19:00,06:19:00,7015,16,0,0
1289581,06:22:00,06:22:00,7016,17,0,0
1289581,06:23:00,06:23:00,7017,18,0,0
1289581,06:26:00,06:26:00,7018,19,0,0
1289581,06:28:00,06:28:00,7019,20,0,0
1289581,06:31:00,06:31:00,7020,21,0,0
1289581,06:33:00,06:33:00,7021,22,0,0
1289581,06:35:00,06:35:00,7022,23,0,0
1289581,06:38:00,06:38:00,7023,24,0,0
1289581,06:40:00,06:40:00,7024,25,0,0
1289581,06:43:00,06:43:00,7099,26,0,0
1289581,06:46:00,06:46:00,7101,27,0,0
1289581,06:48:00,06:48:00,7103,28,0,0
1289581,06:51:00,06:51:00,7097,29,1,0
1289582,05:18:00,05:18:00,7000,1,0,0
1289582,05:19:00,05:19:00,7001,2,0,0
1289582,05:20:00,05:20:00,7002,3,0,0
1289582,05:24:00,05:24:00,7003,4,0,0
1289582,05:25:00,05:25:00,7004,5,1,1
1289582,05:27:00,05:27:00,7005,6,0,0
1289582,05:29:00,05:29:00,7006,7,0,0
1289582,05:31:00,05:31:00,7007,8,0,0
1289582,05:32:00,05:32:00,7008,9,0,0
1289582,05:36:00,05:36:00,7107,10,0,0
1289582,05:39:00,05:39:00,7009,11,0,0
1289582,05:41:00,05:41:00,7010,12,0,0
1289582,05:43:00,05:43:00,7011,13,0,0
1289582,05:46:00,05:46:00,7013,14,0,0
1289582,05:48:00,05:48:00,7014,15,0,0
1289582,05:49:00,05:49:00,7015,16,0,0
1289582,05:52:00,05:52:00,7016,17,0,0
1289582,05:53:00,05:53:00,7017,18,0,0
1289582,05:56:00,05:56:00,7018,19,0,0
1289582,05:58:00,05:58:00,7019,20,0,0
1289582,06:01:00,06:01:00,7020,21,0,0
1289582,06:03:00,06:03:00,7021,22,0,0
1289582,06:05:00,06:05:00,7022,23,0,0
1289582,06:08:00,06:08:00,7023,24,0,0
1289582,06:10:00,06:10:00,7024,25,0,0
1289582,06:13:00,06:13:00,7099,26,0,0
1289582,06:16:00,06:16:00,7101,27,0,0
1289582,06:18:00,06:18:00,7103,28,0,0
1289582,06:21:00,06:21:00,7097,29,1,0
1289583,20:48:00,20:48:00,7000,1,0,0
1289583,20:49:00,20:49:00,7001,2,0,0
1289583,20:50:00,20:50:00,7002,3,0,0
1289583,20:54:00,20:54:00,7003,4,0,0
1289583,20:55:00,20:55:00,7004,5,1,1
1289583,20:57:00,20:57:00,7005,6,0,0
1289583,20:59:00,20:59:00,7006,7,0,0
1289583,21:01:00,21:01:00,7007,8,0,0
1289583,21:02:00,21:02:00,7008,9,0,0
1289583,21:06:00,21:06:00,7107,10,0,0
1289583,21:09:00,21:09:00,7009,11,0,0
1289583,21:11:00,21:11:00,7010,12,0,0
1289583,21:13:00,21:13:00,7011,13,0,0
1289583,21:16:00,21:16:00,7013,14,0,0
1289583,21:18:00,21:18:00,7014,15,0,0
1289583,21:19:00,21:19:00,7015,16,0,0
1289583,21:22:00,21:22:00,7016,17,0,0
1289583,21:23:00,21:23:00,7017,18,0,0
1289583,21:26:00,21:26:00,7018,19,0,0
1289583,21:28:00,21:28:00,7019,20,0,0
1289583,21:31:00,21:31:00,7020,21,0,0
1289583,21:33:00,21:33:00,7021,22,0,0
1289583,21:35:00,21:35:00,7022,23,0,0
1289583,21:38:00,21:38:00,7023,24,0,0
1289583,21:40:00,21:40:00,7024,25,0,0
1289583,21:43:00,21:43:00,7099,26,0,0
1289583,21:46:00,21:46:00,7101,27,0,0
1289583,21:48:00,21:48:00,7103,28,0,0
1289583,21:51:00,21:51:00,7097,29,1,0
1289584,20:18:00,20:18:00,7000,1,0,0
1289584,20:19:00,20:19:00,7001,2,0,0
1289584,20:20:00,20:20:00,7002,3,0,0
1289584,20:24:00,20:24:00,7003,4,0,0
1289584,20:25:00,20:25:00,7004,5,1,1
1289584,20:27:00,20:27:00,7005,6,0,0
1289584,20:29:00,20:29:00,7006,7,0,0
1289584,20:31:00,20:31:00,7007,8,0,0
1289584,20:32:00,20:32:00,7008,9,0,0
1289584,20:36:00,20:36:00,7107,10,0,0
1289584,20:39:00,20:39:00,7009,11,0,0
1289584,20:41:00,20:41:00,7010,12,0,0
1289584,20:43:00,20:43:00,7011,13,0,0
1289584,20:46:00,20:46:00,7013,14,0,0
1289584,20:48:00,20:48:00,7014,15,0,0
1289584,20:49:00,20:49:00,7015,16,0,0
1289584,20:52:00,20:52:00,7016,17,0,0
1289584,20:53:00,20:53:00,7017,18,0,0
1289584,20:56:00,20:56:00,7018,19,0,0
1289584,20:58:00,20:58:00,7019,20,0,0
1289584,21:01:00,21:01:00,7020,21,0,0
1289584,21:03:00,21:03:00,7021,22,0,0
1289584,21:05:00,21:05:00,7022,23,0,0
1289584,21:08:00,21:08:00,7023,24,0,0
1289584,21:10:00,21:10:00,7024,25,0,0
1289584,21:13:00,21:13:00,7099,26,0,0
1289584,21:16:00,21:16:00,7101,27,0,0
1289584,21:18:00,21:18:00,7103,28,0,0
1289584,21:21:00,21:21:00,7097,29,1,0
1289585,19:48:00,19:48:00,7000,1,0,0
1289585,19:49:00,19:49:00,7001,2,0,0
1289585,19:50:00,19:50:00,7002,3,0,0
1289585,19:54:00,19:54:00,7003,4,0,0
1289585,19:55:00,19:55:00,7004,5,1,1
1289585,19:57:00,19:57:00,7005,6,0,0
1289585,19:59:00,19:59:00,7006,7,0,0
1289585,20:01:00,20:01:00,7007,8,0,0
1289585,20:02:00,20:02:00,7008,9,0,0
1289585,20:06:00,20:06:00,7107,10,0,0
1289585,20:09:00,20:09:00,7009,11,0,0
1289585,20:11:00,20:11:00,7010,12,0,0
1289585,20:13:00,20:13:00,7011,13,0,0
1289585,20:16:00,20:16:00,7013,14,0,0
1289585,20:18:00,20:18:00,7014,15,0,0
1289585,20:19:00,20:19:00,7015,16,0,0
1289585,20:22:00,20:22:00,7016,17,0,0
1289585,20:23:00,20:23:00,7017,18,0,0
1289585,20:26:00,20:26:00,7018,19,0,0
1289585,20:28:00,20:28:00,7019,20,0,0
1289585,20:31:00,20:31:00,7020,21,0,0
1289585,20:33:00,20:33:00,7021,22,0,0
1289585,20:35:00,20:35:00,7022,23,0,0
1289585,20:38:00,20:38:00,7023,24,0,0
1289585,20:40:00,20:40:00,7024,25,0,0
1289585,20:43:00,20:43:00,7099,26,0,0
1289585,20:46:00,20:46:00,7101,27,0,0
1289585,20:48:00,20:48:00,7103,28,0,0
1289585,20:51:00,20:51:00,7097,29,1,0
1289586,19:18:00,19:18:00,7000,1,0,0
1289586,19:19:00,19:19:00,7001,2,0,0
1289586,19:20:00,19:20:00,7002,3,0,0
1289586,19:24:00,19:24:00,7003,4,0,0
1289586,19:25:00,19:25:00,7004,5,1,1
1289586,19:27:00,19:27:00,7005,6,0,0
1289586,19:29:00,19:29:00,7006,7,0,0
1289586,19:31:00,19:31:00,7007,8,0,0
1289586,19:32:00,19:32:00,7008,9,0,0
1289586,19:36:00,19:36:00,7107,10,0,0
1289586,19:39:00,19:39:00,7009,11,0,0
1289586,19:41:00,19:41:00,7010,12,0,0
1289586,19:43:00,19:43:00,7011,13,0,0
1289586,19:46:00,19:46:00,7013,14,0,0
1289586,19:48:00,19:48:00,7014,15,0,0
1289586,19:49:00,19:49:00,7015,16,0,0
1289586,19:52:00,19:52:00,7016,17,0,0
1289586,19:53:00,19:53:00,7017,18,0,0
1289586,19:56:00,19:56:00,7018,19,0,0
1289586,19:58:00,19:58:00,7019,20,0,0
1289586,20:01:00,20:01:00,7020,21,0,0
1289586,20:03:00,20:03:00,7021,22,0,0
1289586,20:05:00,20:05:00,7022,23,0,0
1289586,20:08:00,20:08:00,7023,24,0,0
1289586,20:10:00,20:10:00,7024,25,0,0
1289586,20:13:00,20:13:00,7099,26,0,0
1289586,20:16:00,20:16:00,7101,27,0,0
1289586,20:18:00,20:18:00,7103,28,0,0
1289586,20:21:00,20:21:00,7097,29,1,0
1289587,18:48:00,18:48:00,7000,1,0,0
1289587,18:49:00,18:49:00,7001,2,0,0
1289587,18:50:00,18:50:00,7002,3,0,0
1289587,18:54:00,18:54:00,7003,4,0,0
1289587,18:55:00,18:55:00,7004,5,1,1
1289587,18:57:00,18:57:00,7005,6,0,0
1289587,18:59:00,18:59:00,7006,7,0,0
1289587,19:01:00,19:01:00,7007,8,0,0
1289587,19:02:00,19:02:00,7008,9,0,0
1289587,19:06:00,19:06:00,7107,10,0,0
1289587,19:09:00,19:09:00,7009,11,0,0
1289587,19:11:00,19:11:00,7010,12,0,0
1289587,19:13:00,19:13:00,7011,13,0,0
1289587,19:16:00,19:16:00,7013,14,0,0
1289587,19:18:00,19:18:00,7014,15,0,0
1289587,19:19:00,19:19:00,7015,16,0,0
1289587,19:22:00,19:22:00,7016,17,0,0
1289587,19:23:00,19:23:00,7017,18,0,0
1289587,19:26:00,19:26:00,7018,19,0,0
1289587,19:28:00,19:28:00,7019,20,0,0
1289587,19:31:00,19:31:00,7020,21,0,0
1289587,19:33:00,19:33:00,7021,22,0,0
1289587,19:35:00,19:35:00,7022,23,0,0
1289587,19:38:00,19:38:00,7023,24,0,0
1289587,19:40:00,19:40:00,7024,25,0,0
1289587,19:43:00,19:43:00,7099,26,0,0
1289587,19:46:00,19:46:00,7101,27,0,0
1289587,19:48:00,19:48:00,7103,28,0,0
1289587,19:51:00,19:51:00,7097,29,1,0
1289588,18:18:00,18:18:00,7000,1,0,0
1289588,18:19:00,18:19:00,7001,2,0,0
1289588,18:20:00,18:20:00,7002,3,0,0
1289588,18:24:00,18:24:00,7003,4,0,0
1289588,18:25:00,18:25:00,7004,5,1,1
1289588,18:27:00,18:27:00,7005,6,0,0
1289588,18:29:00,18:29:00,7006,7,0,0
1289588,18:31:00,18:31:00,7007,8,0,0
1289588,18:32:00,18:32:00,7008,9,0,0
1289588,18:36:00,18:36:00,7107,10,0,0
1289588,18:39:00,18:39:00,7009,11,0,0
1289588,18:41:00,18:41:00,7010,12,0,0
1289588,18:43:00,18:43:00,7011,13,0,0
1289588,18:46:00,18:46:00,7013,14,0,0
1289588,18:48:00,18:48:00,7014,15,0,0
1289588,18:49:00,18:49:00,7015,16,0,0
1289588,18:52:00,18:52:00,7016,17,0,0
1289588,18:53:00,18:53:00,7017,18,0,0
1289588,18:56:00,18:56:00,7018,19,0,0
1289588,18:58:00,18:58:00,7019,20,0,0
1289588,19:01:00,19:01:00,7020,21,0,0
1289588,19:03:00,19:03:00,7021,22,0,0
1289588,19:05:00,19:05:00,7022,23,0,0
1289588,19:08:00,19:08:00,7023,24,0,0
1289588,19:10:00,19:10:00,7024,25,0,0
1289588,19:13:00,19:13:00,7099,26,0,0
1289588,19:16:00,19:16:00,7101,27,0,0
1289588,19:18:00,19:18:00,7103,28,0,0
1289588,19:21:00,19:21:00,7097,29,1,0
1289589,17:48:00,17:48:00,7000,1,0,0
1289589,17:49:00,17:49:00,7001,2,0,0
1289589,17:50:00,17:50:00,7002,3,0,0
1289589,17:54:00,17:54:00,7003,4,0,0
1289589,17:55:00,17:55:00,7004,5,1,1
1289589,17:57:00,17:57:00,7005,6,0,0
1289589,17:59:00,17:59:00,7006,7,0,0
1289589,18:01:00,18:01:00,7007,8,0,0
1289589,18:02:00,18:02:00,7008,9,0,0
1289589,18:06:00,18:06:00,7107,10,0,0
1289589,18:09:00,18:09:00,7009,11,0,0
1289589,18:11:00,18:11:00,7010,12,0,0
1289589,18:13:00,18:13:00,7011,13,0,0
1289589,18:16:00,18:16:00,7013,14,0,0
1289589,18:18:00,18:18:00,7014,15,0,0
1289589,18:19:00,18:19:00,7015,16,0,0
1289589,18:22:00,18:22:00,7016,17,0,0
1289589,18:23:00,18:23:00,7017,18,0,0
1289589,18:26:00,18:26:00,7018,19,0,0
1289589,18:28:00,18:28:00,7019,20,0,0
1289589,18:31:00,18:31:00,7020,21,0,0
1289589,18:33:00,18:33:00,7021,22,0,0
1289589,18:35:00,18:35:00,7022,23,0,0
1289589,18:38:00,18:38:00,7023,24,0,0
1289589,18:40:00,18:40:00,7024,25,0,0
1289589,18:43:00,18:43:00,7099,26,0,0
1289589,18:46:00,18:46:00,7101,27,0,0
1289589,18:48:00,18:48:00,7103,28,0,0
1289589,18:51:00,18:51:00,7097,29,1,0
1289590,17:18:00,17:18:00,7000,1,0,0
1289590,17:19:00,17:19:00,7001,2,0,0
1289590,17:20:00,17:20:00,7002,3,0,0
1289590,17:24:00,17:24:00,7003,4,0,0
1289590,17:25:00,17:25:00,7004,5,1,1
1289590,17:27:00,17:27:00,7005,6,0,0
1289590,17:29:00,17:29:00,7006,7,0,0
1289590,17:31:00,17:31:00,7007,8,0,0
1289590,17:32:00,17:32:00,7008,9,0,0
1289590,17:36:00,17:36:00,7107,10,0,0
1289590,17:39:00,17:39:00,7009,11,0,0
1289590,17:41:00,17:41:00,7010,12,0,0
1289590,17:43:00,17:43:00,7011,13,0,0
1289590,17:46:00,17:46:00,7013,14,0,0
1289590,17:48:00,17:48:00,7014,15,0,0
1289590,17:49:00,17:49:00,7015,16,0,0
1289590,17:52:00,17:52:00,7016,17,0,0
1289590,17:53:00,17:53:00,7017,18,0,0
1289590,17:56:00,17:56:00,7018,19,0,0
1289590,17:58:00,17:58:00,7019,20,0,0
1289590,18:01:00,18:01:00,7020,21,0,0
1289590,18:03:00,18:03:00,7021,22,0,0
1289590,18:05:00,18:05:00,7022,23,0,0
1289590,18:08:00,18:08:00,7023,24,0,0
1289590,18:10:00,18:10:00,7024,25,0,0
1289590,18:13:00,18:13:00,7099,26,0,0
1289590,18:16:00,18:16:00,7101,27,0,0
1289590,18:18:00,18:18:00,7103,28,0,0
1289590,18:21:00,18:21:00,7097,29,1,0
1289591,16:48:00,16:48:00,7000,1,0,0
1289591,16:49:00,16:49:00,7001,2,0,0
1289591,16:50:00,16:50:00,7002,3,0,0
1289591,16:54:00,16:54:00,7003,4,0,0
1289591,16:55:00,16:55:00,7004,5,1,1
1289591,16:57:00,16:57:00,7005,6,0,0
1289591,16:59:00,16:59:00,7006,7,0,0
1289591,17:01:00,17:01:00,7007,8,0,0
1289591,17:02:00,17:02:00,7008,9,0,0
1289591,17:06:00,17:06:00,7107,10,0,0
1289591,17:09:00,17:09:00,7009,11,0,0
1289591,17:11:00,17:11:00,7010,12,0,0
1289591,17:13:00,17:13:00,7011,13,0,0
1289591,17:16:00,17:16:00,7013,14,0,0
1289591,17:18:00,17:18:00,7014,15,0,0
1289591,17:19:00,17:19:00,7015,16,0,0
1289591,17:22:00,17:22:00,7016,17,0,0
1289591,17:23:00,17:23:00,7017,18,0,0
1289591,17:26:00,17:26:00,7018,19,0,0
1289591,17:28:00,17:28:00,7019,20,0,0
1289591,17:31:00,17:31:00,7020,21,0,0
1289591,17:33:00,17:33:00,7021,22,0,0
1289591,17:35:00,17:35:00,7022,23,0,0
1289591,17:38:00,17:38:00,7023,24,0,0
1289591,17:40:00,17:40:00,7024,25,0,0
1289591,17:43:00,17:43:00,7099,26,0,0
1289591,17:46:00,17:46:00,7101,27,0,0
1289591,17:48:00,17:48:00,7103,28,0,0
1289591,17:51:00,17:51:00,7097,29,1,0
1289592,16:18:00,16:18:00,7000,1,0,0
1289592,16:19:00,16:19:00,7001,2,0,0
1289592,16:20:00,16:20:00,7002,3,0,0
1289592,16:24:00,16:24:00,7003,4,0,0
1289592,16:25:00,16:25:00,7004,5,1,1
1289592,16:27:00,16:27:00,7005,6,0,0
1289592,16:29:00,16:29:00,7006,7,0,0
1289592,16:31:00,16:31:00,7007,8,0,0
1289592,16:32:00,16:32:00,7008,9,0,0
1289592,16:36:00,16:36:00,7107,10,0,0
1289592,16:39:00,16:39:00,7009,11,0,0
1289592,16:41:00,16:41:00,7010,12,0,0
1289592,16:43:00,16:43:00,7011,13,0,0
1289592,16:46:00,16:46:00,7013,14,0,0
1289592,16:48:00,16:48:00,7014,15,0,0
1289592,16:49:00,16:49:00,7015,16,0,0
1289592,16:52:00,16:52:00,7016,17,0,0
1289592,16:53:00,16:53:00,7017,18,0,0
1289592,16:56:00,16:56:00,7018,19,0,0
1289592,16:58:00,16:58:00,7019,20,0,0
1289592,17:01:00,17:01:00,7020,21,0,0
1289592,17:03:00,17:03:00,7021,22,0,0
1289592,17:05:00,17:05:00,7022,23,0,0
1289592,17:08:00,17:08:00,7023,24,0,0
1289592,17:10:00,17:10:00,7024,25,0,0
1289592,17:13:00,17:13:00,7099,26,0,0
1289592,17:16:00,17:16:00,7101,27,0,0
1289592,17:18:00,17:18:00,7103,28,0,0
1289592,17:21:00,17:21:00,7097,29,1,0
1289593,15:48:00,15:48:00,7000,1,0,0
1289593,15:49:00,15:49:00,7001,2,0,0
1289593,15:50:00,15:50:00,7002,3,0,0
1289593,15:54:00,15:54:00,7003,4,0,0
1289593,15:55:00,15:55:00,7004,5,1,1
1289593,15:57:00,15:57:00,7005,6,0,0
1289593,15:59:00,15:59:00,7006,7,0,0
1289593,16:01:00,16:01:00,7007,8,0,0
1289593,16:02:00,16:02:00,7008,9,0,0
1289593,16:06:00,16:06:00,7107,10,0,0
1289593,16:09:00,16:09:00,7009,11,0,0
1289593,16:11:00,16:11:00,7010,12,0,0
1289593,16:13:00,16:13:00,7011,13,0,0
1289593,16:16:00,16:16:00,7013,14,0,0
1289593,16:18:00,16:18:00,7014,15,0,0
1289593,16:19:00,16:19:00,7015,16,0,0
1289593,16:22:00,16:22:00,7016,17,0,0
1289593,16:23:00,16:23:00,7017,18,0,0
1289593,16:26:00,16:26:00,7018,19,0,0
1289593,16:28:00,16:28:00,7019,20,0,0
1289593,16:31:00,16:31:00,7020,21,0,0
1289593,16:33:00,16:33:00,7021,22,0,0
1289593,16:35:00,16:35:00,7022,23,0,0
1289593,16:38:00,16:38:00,7023,24,0,0
1289593,16:40:00,16:40:00,7024,25,0,0
1289593,16:43:00,16:43:00,7099,26,0,0
1289593,16:46:00,16:46:00,7101,27,0,0
1289593,16:48:00,16:48:00,7103,28,0,0
1289593,16:51:00,16:51:00,7097,29,1,0
1289594,15:18:00,15:18:00,7000,1,0,0
1289594,15:19:00,15:19:00,7001,2,0,0
1289594,15:20:00,15:20:00,7002,3,0,0
1289594,15:24:00,15:24:00,7003,4,0,0
1289594,15:25:00,15:25:00,7004,5,1,1
1289594,15:27:00,15:27:00,7005,6,0,0
1289594,15:29:00,15:29:00,7006,7,0,0
1289594,15:31:00,15:31:00,7007,8,0,0
1289594,15:32:00,15:32:00,7008,9,0,0
1289594,15:36:00,15:36:00,7107,10,0,0
1289594,15:39:00,15:39:00,7009,11,0,0
1289594,15:41:00,15:41:00,7010,12,0,0
1289594,15:43:00,15:43:00,7011,13,0,0
1289594,15:46:00,15:46:00,7013,14,0,0
1289594,15:48:00,15:48:00,7014,15,0,0
1289594,15:49:00,15:49:00,7015,16,0,0
1289594,15:52:00,15:52:00,7016,17,0,0
1289594,15:53:00,15:53:00,7017,18,0,0
1289594,15:56:00,15:56:00,7018,19,0,0
1289594,15:58:00,15:58:00,7019,20,0,0
1289594,16:01:00,16:01:00,7020,21,0,0
1289594,16:03:00,16:03:00,7021,22,0,0
1289594,16:05:00,16:05:00,7022,23,0,0
1289594,16:08:00,16:08:00,7023,24,0,0
1289594,16:10:00,16:10:00,7024,25,0,0
1289594,16:13:00,16:13:00,7099,26,0,0
1289594,16:16:00,16:16:00,7101,27,0,0
1289594,16:18:00,16:18:00,7103,28,0,0
1289594,16:21:00,16:21:00,7097,29,1,0
1289595,14:48:00,14:48:00,7000,1,0,0
1289595,14:49:00,14:49:00,7001,2,0,0
1289595,14:50:00,14:50:00,7002,3,0,0
1289595,14:54:00,14:54:00,7003,4,0,0
1289595,14:55:00,14:55:00,7004,5,1,1
1289595,14:57:00,14:57:00,7005,6,0,0
1289595,14:59:00,14:59:00,7006,7,0,0
1289595,15:01:00,15:01:00,7007,8,0,0
1289595,15:02:00,15:02:00,7008,9,0,0
1289595,15:06:00,15:06:00,7107,10,0,0
1289595,15:09:00,15:09:00,7009,11,0,0
1289595,15:11:00,15:11:00,7010,12,0,0
1289595,15:13:00,15:13:00,7011,13,0,0
1289595,15:16:00,15:16:00,7013,14,0,0
1289595,15:18:00,15:18:00,7014,15,0,0
1289595,15:19:00,15:19:00,7015,16,0,0
1289595,15:22:00,15:22:00,7016,17,0,0
1289595,15:23:00,15:23:00,7017,18,0,0
1289595,15:26:00,15:26:00,7018,19,0,0
1289595,15:28:00,15:28:00,7019,20,0,0
1289595,15:31:00,15:31:00,7020,21,0,0
1289595,15:33:00,15:33:00,7021,22,0,0
1289595,15:35:00,15:35:00,7022,23,0,0
1289595,15:38:00,15:38:00,7023,24,0,0
1289595,15:40:00,15:40:00,7024,25,0,0
1289595,15:43:00,15:43:00,7099,26,0,0
1289595,15:46:00,15:46:00,7101,27,0,0
1289595,15:48:00,15:48:00,7103,28,0,0
1289595,15:51:00,15:51:00,7097,29,1,0
1289596,14:18:00,14:18:00,7000,1,0,0
1289596,14:19:00,14:19:00,7001,2,0,0
1289596,14:20:00,14:20:00,7002,3,0,0
1289596,14:24:00,14:24:00,7003,4,0,0
1289596,14:25:00,14:25:00,7004,5,1,1
1289596,14:27:00,14:27:00,7005,6,0,0
1289596,14:29:00,14:29:00,7006,7,0,0
1289596,14:31:00,14:31:00,7007,8,0,0
1289596,14:32:00,14:32:00,7008,9,0,0
1289596,14:36:00,14:36:00,7107,10,0,0
1289596,14:39:00,14:39:00,7009,11,0,0
1289596,14:41:00,14:41:00,7010,12,0,0
1289596,14:43:00,14:43:00,7011,13,0,0
1289596,14:46:00,14:46:00,7013,14,0,0
1289596,14:48:00,14:48:00,7014,15,0,0
1289596,14:49:00,14:49:00,7015,16,0,0
1289596,14:52:00,14:52:00,7016,17,0,0
1289596,14:53:00,14:53:00,7017,18,0,0
1289596,14:56:00,14:56:00,7018,19,0,0
1289596,14:58:00,14:58:00,7019,20,0,0
1289596,15:01:00,15:01:00,7020,21,0,0
1289596,15:03:00,15:03:00,7021,22,0,0
1289596,15:05:00,15:05:00,7022,23,0,0
1289596,15:08:00,15:08:00,7023,24,0,0
1289596,15:10:00,15:10:00,7024,25,0,0
1289596,15:13:00,15:13:00,7099,26,0,0
1289596,15:16:00,15:16:00,7101,27,0,0
1289596,15:18:00,15:18:00,7103,28,0,0
1289596,15:21:00,15:21:00,7097,29,1,0
1289597,13:48:00,13:48:00,7000,1,0,0
1289597,13:49:00,13:49:00,7001,2,0,0
1289597,13:50:00,13:50:00,7002,3,0,0
1289597,13:54:00,13:54:00,7003,4,0,0
1289597,13:55:00,13:55:00,7004,5,1,1
1289597,13:57:00,13:57:00,7005,6,0,0
1289597,13:59:00,13:59:00,7006,7,0,0
1289597,14:01:00,14:01:00,7007,8,0,0
1289597,14:02:00,14:02:00,7008,9,0,0
1289597,14:06:00,14:06:00,7107,10,0,0
1289597,14:09:00,14:09:00,7009,11,0,0
1289597,14:11:00,14:11:00,7010,12,0,0
1289597,14:13:00,14:13:00,7011,13,0,0
1289597,14:16:00,14:16:00,7013,14,0,0
1289597,14:18:00,14:18:00,7014,15,0,0
1289597,14:19:00,14:19:00,7015,16,0,0
1289597,14:22:00,14:22:00,7016,17,0,0
1289597,14:23:00,14:23:00,7017,18,0,0
1289597,14:26:00,14:26:00,7018,19,0,0
1289597,14:28:00,14:28:00,7019,20,0,0
1289597,14:31:00,14:31:00,7020,21,0,0
1289597,14:33:00,14:33:00,7021,22,0,0
1289597,14:35:00,14:35:00,7022,23,0,0
1289597,14:38:00,14:38:00,7023,24,0,0
1289597,14:40:00,14:40:00,7024,25,0,0
1289597,14:43:00,14:43:00,7099,26,0,0
1289597,14:46:00,14:46:00,7101,27,0,0
1289597,14:48:00,14:48:00,7103,28,0,0
1289597,14:51:00,14:51:00,7097,29,1,0
1289598,13:18:00,13:18:00,7000,1,0,0
1289598,13:19:00,13:19:00,7001,2,0,0
1289598,13:20:00,13:20:00,7002,3,0,0
1289598,13:24:00,13:24:00,7003,4,0,0
1289598,13:25:00,13:25:00,7004,5,1,1
1289598,13:27:00,13:27:00,7005,6,0,0
1289598,13:29:00,13:29:00,7006,7,0,0
1289598,13:31:00,13:31:00,7007,8,0,0
1289598,13:32:00,13:32:00,7008,9,0,0
1289598,13:36:00,13:36:00,7107,10,0,0
1289598,13:39:00,13:39:00,7009,11,0,0
1289598,13:41:00,13:41:00,7010,12,0,0
1289598,13:43:00,13:43:00,7011,13,0,0
1289598,13:46:00,13:46:00,7013,14,0,0
1289598,13:48:00,13:48:00,7014,15,0,0
1289598,13:49:00,13:49:00,7015,16,0,0
1289598,13:52:00,13:52:00,7016,17,0,0
1289598,13:53:00,13:53:00,7017,18,0,0
1289598,13:56:00,13:56:00,7018,19,0,0
1289598,13:58:00,13:58:00,7019,20,0,0
1289598,14:01:00,14:01:00,7020,21,0,0
1289598,14:03:00,14:03:00,7021,22,0,0
1289598,14:05:00,14:05:00,7022,23,0,0
1289598,14:08:00,14:08:00,7023,24,0,0
1289598,14:10:00,14:10:00,7024,25,0,0
1289598,14:13:00,14:13:00,7099,26,0,0
1289598,14:16:00,14:16:00,7101,27,0,0
1289598,14:18:00,14:18:00,7103,28,0,0
1289598,14:21:00,14:21:00,7097,29,1,0
1289599,12:48:00,12:48:00,7000,1,0,0
1289599,12:49:00,12:49:00,7001,2,0,0
1289599,12:50:00,12:50:00,7002,3,0,0
1289599,12:54:00,12:54:00,7003,4,0,0
1289599,12:55:00,12:55:00,7004,5,1,1
1289599,12:57:00,12:57:00,7005,6,0,0
1289599,12:59:00,12:59:00,7006,7,0,0
1289599,13:01:00,13:01:00,7007,8,0,0
1289599,13:02:00,13:02:00,7008,9,0,0
1289599,13:06:00,13:06:00,7107,10,0,0
1289599,13:09:00,13:09:00,7009,11,0,0
1289599,13:11:00,13:11:00,7010,12,0,0
1289599,13:13:00,13:13:00,7011,13,0,0
1289599,13:16:00,13:16:00,7013,14,0,0
1289599,13:18:00,13:18:00,7014,15,0,0
1289599,13:19:00,13:19:00,7015,16,0,0
1289599,13:22:00,13:22:00,7016,17,0,0
1289599,13:23:00,13:23:00,7017,18,0,0
1289599,13:26:00,13:26:00,7018,19,0,0
1289599,13:28:00,13:28:00,7019,20,0,0
1289599,13:31:00,13:31:00,7020,21,0,0
1289599,13:33:00,13:33:00,7021,22,0,0
1289599,13:35:00,13:35:00,7022,23,0,0
1289599,13:38:00,13:38:00,7023,24,0,0
1289599,13:40:00,13:40:00,7024,25,0,0
1289599,13:43:00,13:43:00,7099,26,0,0
1289599,13:46:00,13:46:00,7101,27,0,0
1289599,13:48:00,13:48:00,7103,28,0,0
1289599,13:51:00,13:51:00,7097,29,1,0
1289600,12:18:00,12:18:00,7000,1,0,0
1289600,12:19:00,12:19:00,7001,2,0,0
1289600,12:20:00,12:20:00,7002,3,0,0
1289600,12:24:00,12:24:00,7003,4,0,0
1289600,12:25:00,12:25:00,7004,5,1,1
1289600,12:27:00,12:27:00,7005,6,0,0
1289600,12:29:00,12:29:00,7006,7,0,0
1289600,12:31:00,12:31:00,7007,8,0,0
1289600,12:32:00,12:32:00,7008,9,0,0
1289600,12:36:00,12:36:00,7107,10,0,0
1289600,12:39:00,12:39:00,7009,11,0,0
1289600,12:41:00,12:41:00,7010,12,0,0
1289600,12:43:00,12:43:00,7011,13,0,0
1289600,12:46:00,12:46:00,7013,14,0,0
1289600,12:48:00,12:48:00,7014,15,0,0
1289600,12:49:00,12:49:00,7015,16,0,0
1289600,12:52:00,12:52:00,7016,17,0,0
1289600,12:53:00,12:53:00,7017,18,0,0
1289600,12:56:00,12:56:00,7018,19,0,0
1289600,12:58:00,12:58:00,7019,20,0,0
1289600,13:01:00,13:01:00,7020,21,0,0
1289600,13:03:00,13:03:00,7021,22,0,0
1289600,13:05:00,13:05:00,7022,23,0,0
1289600,13:08:00,13:08:00,7023,24,0,0
1289600,13:10:00,13:10:00,7024,25,0,0
1289600,13:13:00,13:13:00,7099,26,0,0
1289600,13:16:00,13:16:00,7101,27,0,0
1289600,13:18:00,13:18:00,7103,28,0,0
1289600,13:21:00,13:21:00,7097,29,1,0
1289601,11:48:00,11:48:00,7000,1,0,0
1289601,11:49:00,11:49:00,7001,2,0,0
1289601,11:50:00,11:50:00,7002,3,0,0
1289601,11:54:00,11:54:00,7003,4,0,0
1289601,11:55:00,11:55:00,7004,5,1,1
1289601,11:57:00,11:57:00,7005,6,0,0
1289601,11:59:00,11:59:00,7006,7,0,0
1289601,12:01:00,12:01:00,7007,8,0,0
1289601,12:02:00,12:02:00,7008,9,0,0
1289601,12:06:00,12:06:00,7107,10,0,0
1289601,12:09:00,12:09:00,7009,11,0,0
1289601,12:11:00,12:11:00,7010,12,0,0
1289601,12:13:00,12:13:00,7011,13,0,0
1289601,12:16:00,12:16:00,7013,14,0,0
1289601,12:18:00,12:18:00,7014,15,0,0
1289601,12:19:00,12:19:00,7015,16,0,0
1289601,12:22:00,12:22:00,7016,17,0,0
1289601,12:23:00,12:23:00,7017,18,0,0
1289601,12:26:00,12:26:00,7018,19,0,0
1289601,12:28:00,12:28:00,7019,20,0,0
1289601,12:31:00,12:31:00,7020,21,0,0
1289601,12:33:00,12:33:00,7021,22,0,0
1289601,12:35:00,12:35:00,7022,23,0,0
1289601,12:38:00,12:38:00,7023,24,0,0
1289601,12:40:00,12:40:00,7024,25,0,0
1289601,12:43:00,12:43:00,7099,26,0,0
1289601,12:46:00,12:46:00,7101,27,0,0
1289601,12:48:00,12:48:00,7103,28,0,0
1289601,12:51:00,12:51:00,7097,29,1,0
1289602,04:57:00,04:57:00,7005,1,0,0
1289602,04:59:00,04:59:00,7006,2,0,0
1289602,05:01:00,05:01:00,7007,3,0,0
1289602,05:02:00,05:02:00,7008,4,0,0
1289602,05:06:00,05:06:00,7107,5,0,0
1289602,05:09:00,05:09:00,7009,6,0,0
1289602,05:11:00,05:11:00,7010,7,0,0
1289602,05:13:00,05:13:00,7011,8,0,0
1289602,05:16:00,05:16:00,7013,9,0,0
1289602,05:18:00,05:18:00,7014,10,0,0
1289602,05:19:00,05:19:00,7015,11,0,0
1289602,05:22:00,05:22:00,7016,12,0,0
1289602,05:23:00,05:23:00,7017,13,0,0
1289602,05:26:00,05:26:00,7018,14,0,0
1289602,05:28:00,05:28:00,7019,15,0,0
1289602,05:31:00,05:31:00,7020,16,0,0
1289602,05:33:00,05:33:00,7021,17,0,0
1289602,05:35:00,05:35:00,7022,18,0,0
1289602,05:38:00,05:38:00,7023,19,0,0
1289602,05:40:00,05:40:00,7024,20,0,0
1289602,05:43:00,05:43:00,7099,21,0,0
1289602,05:46:00,05:46:00,7101,22,0,0
1289602,05:48:00,05:48:00,7103,23,0,0
1289602,05:51:00,05:51:00,7097,24,1,0
1289603,04:27:00,04:27:00,7005,1,0,0
1289603,04:29:00,04:29:00,7006,2,0,0
1289603,04:31:00,04:31:00,7007,3,0,0
1289603,04:32:00,04:32:00,7008,4,0,0
1289603,04:36:00,04:36:00,7107,5,0,0
1289603,04:39:00,04:39:00,7009,6,0,0
1289603,04:41:00,04:41:00,7010,7,0,0
1289603,04:43:00,04:43:00,7011,8,0,0
1289603,04:46:00,04:46:00,7013,9,0,0
1289603,04:48:00,04:48:00,7014,10,0,0
1289603,04:49:00,04:49:00,7015,11,0,0
1289603,04:52:00,04:52:00,7016,12,0,0
1289603,04:53:00,04:53:00,7017,13,0,0
1289603,04:56:00,04:56:00,7018,14,0,0
1289603,04:58:00,04:58:00,7019,15,0,0
1289603,05:01:00,05:01:00,7020,16,0,0
1289603,05:03:00,05:03:00,7021,17,0,0
1289603,05:05:00,05:05:00,7022,18,0,0
1289603,05:08:00,05:08:00,7023,19,0,0
1289603,05:10:00,05:10:00,7024,20,0,0
1289603,05:13:00,05:13:00,7099,21,0,0
1289603,05:16:00,05:16:00,7101,22,0,0
1289603,05:18:00,05:18:00,7103,23,0,0
1289603,05:21:00,05:21:00,7097,24,1,0
1289604,09:03:00,09:03:00,7000,1,0,0
1289604,09:04:00,09:04:00,7001,2,0,0
1289604,09:05:00,09:05:00,7002,3,0,0
1289604,09:09:00,09:09:00,7003,4,0,0
1289604,09:10:00,09:10:00,7004,5,1,1
1289604,09:12:00,09:12:00,7005,6,0,0
1289604,09:14:00,09:14:00,7006,7,0,0
1289604,09:16:00,09:16:00,7007,8,0,0
1289604,09:17:00,09:17:00,7008,9,0,0
1289604,09:21:00,09:21:00,7107,10,0,0
1289604,09:24:00,09:24:00,7009,11,0,0
1289604,09:26:00,09:26:00,7010,12,0,0
1289604,09:28:00,09:28:00,7011,13,0,0
1289604,09:31:00,09:31:00,7013,14,0,0
1289604,09:33:00,09:33:00,7014,15,0,0
1289604,09:34:00,09:34:00,7015,16,0,0
1289604,09:37:00,09:37:00,7016,17,0,0
1289604,09:38:00,09:38:00,7017,18,0,0
1289604,09:41:00,09:41:00,7018,19,0,0
1289604,09:43:00,09:43:00,7019,20,0,0
1289604,09:46:00,09:46:00,7020,21,0,0
1289604,09:48:00,09:48:00,7021,22,0,0
1289604,09:50:00,09:50:00,7022,23,0,0
1289604,09:53:00,09:53:00,7023,24,0,0
1289604,09:55:00,09:55:00,7024,25,0,0
1289604,09:58:00,09:58:00,7099,26,0,0
1289604,10:01:00,10:01:00,7101,27,0,0
1289604,10:03:00,10:03:00,7103,28,0,0
1289604,10:06:00,10:06:00,7097,29,1,0
1289605,09:33:00,09:33:00,7000,1,0,0
1289605,09:34:00,09:34:00,7001,2,0,0
1289605,09:35:00,09:35:00,7002,3,0,0
1289605,09:39:00,09:39:00,7003,4,0,0
1289605,09:40:00,09:40:00,7004,5,1,1
1289605,09:42:00,09:42:00,7005,6,0,0
1289605,09:44:00,09:44:00,7006,7,0,0
1289605,09:46:00,09:46:00,7007,8,0,0
1289605,09:47:00,09:47:00,7008,9,0,0
1289605,09:51:00,09:51:00,7107,10,0,0
1289605,09:54:00,09:54:00,7009,11,0,0
1289605,09:56:00,09:56:00,7010,12,0,0
1289605,09:58:00,09:58:00,7011,13,0,0
1289605,10:01:00,10:01:00,7013,14,0,0
1289605,10:03:00,10:03:00,7014,15,0,0
1289605,10:04:00,10:04:00,7015,16,0,0
1289605,10:07:00,10:07:00,7016,17,0,0
1289605,10:08:00,10:08:00,7017,18,0,0
1289605,10:11:00,10:11:00,7018,19,0,0
1289605,10:13:00,10:13:00,7019,20,0,0
1289605,10:16:00,10:16:00,7020,21,0,0
1289605,10:18:00,10:18:00,7021,22,0,0
1289605,10:20:00,10:20:00,7022,23,0,0
1289605,10:23:00,10:23:00,7023,24,0,0
1289605,10:25:00,10:25:00,7024,25,0,0
1289605,10:28:00,10:28:00,7099,26,0,0
1289605,10:31:00,10:31:00,7101,27,0,0
1289605,10:33:00,10:33:00,7103,28,0,0
1289605,10:36:00,10:36:00,7097,29,1,0
1289606,10:03:00,10:03:00,7000,1,0,0
1289606,10:04:00,10:04:00,7001,2,0,0
1289606,10:05:00,10:05:00,7002,3,0,0
1289606,10:09:00,10:09:00,7003,4,0,0
1289606,10:10:00,10:10:00,7004,5,1,1
1289606,10:12:00,10:12:00,7005,6,0,0
1289606,10:14:00,10:14:00,7006,7,0,0
1289606,10:16:00,10:16:00,7007,8,0,0
1289606,10:17:00,10:17:00,7008,9,0,0
1289606,10:21:00,10:21:00,7107,10,0,0
1289606,10:24:00,10:24:00,7009,11,0,0
1289606,10:26:00,10:26:00,7010,12,0,0
1289606,10:28:00,10:28:00,7011,13,0,0
1289606,10:31:00,10:31:00,7013,14,0,0
1289606,10:33:00,10:33:00,7014,15,0,0
1289606,10:34:00,10:34:00,7015,16,0,0
1289606,10:37:00,10:37:00,7016,17,0,0
1289606,10:38:00,10:38:00,7017,18,0,0
1289606,10:41:00,10:41:00,7018,19,0,0
1289606,10:43:00,10:43:00,7019,20,0,0
1289606,10:46:00,10:46:00,7020,21,0,0
1289606,10:48:00,10:48:00,7021,22,0,0
1289606,10:50:00,10:50:00,7022,23,0,0
1289606,10:53:00,10:53:00,7023,24,0,0
1289606,10:55:00,10:55:00,7024,25,0,0
1289606,10:58:00,10:58:00,7099,26,0,0
1289606,11:01:00,11:01:00,7101,27,0,0
1289606,11:03:00,11:03:00,7103,28,0,0
1289606,11:06:00,11:06:00,7097,29,1,0
1289607,10:33:00,10:33:00,7000,1,0,0
1289607,10:34:00,10:34:00,7001,2,0,0
1289607,10:35:00,10:35:00,7002,3,0,0
1289607,10:39:00,10:39:00,7003,4,0,0
1289607,10:40:00,10:40:00,7004,5,1,1
1289607,10:42:00,10:42:00,7005,6,0,0
1289607,10:44:00,10:44:00,7006,7,0,0
1289607,10:46:00,10:46:00,7007,8,0,0
1289607,10:47:00,10:47:00,7008,9,0,0
1289607,10:51:00,10:51:00,7107,10,0,0
1289607,10:54:00,10:54:00,7009,11,0,0
1289607,10:56:00,10:56:00,7010,12,0,0
1289607,10:58:00,10:58:00,7011,13,0,0
1289607,11:01:00,11:01:00,7013,14,0,0
1289607,11:03:00,11:03:00,7014,15,0,0
1289607,11:04:00,11:04:00,7015,16,0,0
1289607,11:07:00,11:07:00,7016,17,0,0
1289607,11:08:00,11:08:00,7017,18,0,0
1289607,11:11:00,11:11:00,7018,19,0,0
1289607,11:13:00,11:13:00,7019,20,0,0
1289607,11:16:00,11:16:00,7020,21,0,0
1289607,11:18:00,11:18:00,7021,22,0,0
1289607,11:20:00,11:20:00,7022,23,0,0
1289607,11:23:00,11:23:00,7023,24,0,0
1289607,11:25:00,11:25:00,7024,25,0,0
1289607,11:28:00,11:28:00,7099,26,0,0
1289607,11:31:00,11:31:00,7101,27,0,0
1289607,11:33:00,11:33:00,7103,28,0,0
1289607,11:36:00,11:36:00,7097,29,1,0
1289608,11:03:00,11:03:00,7000,1,0,0
1289608,11:04:00,11:04:00,7001,2,0,0
1289608,11:05:00,11:05:00,7002,3,0,0
1289608,11:09:00,11:09:00,7003,4,0,0
1289608,11:10:00,11:10:00,7004,5,1,1
1289608,11:12:00,11:12:00,7005,6,0,0
1289608,11:14:00,11:14:00,7006,7,0,0
1289608,11:16:00,11:16:00,7007,8,0,0
1289608,11:17:00,11:17:00,7008,9,0,0
1289608,11:21:00,11:21:00,7107,10,0,0
1289608,11:24:00,11:24:00,7009,11,0,0
1289608,11:26:00,11:26:00,7010,12,0,0
1289608,11:28:00,11:28:00,7011,13,0,0
1289608,11:31:00,11:31:00,7013,14,0,0
1289608,11:33:00,11:33:00,7014,15,0,0
1289608,11:34:00,11:34:00,7015,16,0,0
1289608,11:37:00,11:37:00,7016,17,0,0
1289608,11:38:00,11:38:00,7017,18,0,0
1289608,11:41:00,11:41:00,7018,19,0,0
1289608,11:43:00,11:43:00,7019,20,0,0
1289608,11:46:00,11:46:00,7020,21,0,0
1289608,11:48:00,11:48:00,7021,22,0,0
1289608,11:50:00,11:50:00,7022,23,0,0
1289608,11:53:00,11:53:00,7023,24,0,0
1289608,11:55:00,11:55:00,7024,25,0,0
1289608,11:58:00,11:58:00,7099,26,0,0
1289608,12:01:00,12:01:00,7101,27,0,0
1289608,12:03:00,12:03:00,7103,28,0,0
1289608,12:06:00,12:06:00,7097,29,1,0
1289609,11:33:00,11:33:00,7000,1,0,0
1289609,11:34:00,11:34:00,7001,2,0,0
1289609,11:35:00,11:35:00,7002,3,0,0
1289609,11:39:00,11:39:00,7003,4,0,0
1289609,11:40:00,11:40:00,7004,5,1,1
1289609,11:42:00,11:42:00,7005,6,0,0
1289609,11:44:00,11:44:00,7006,7,0,0
1289609,11:46:00,11:46:00,7007,8,0,0
1289609,11:47:00,11:47:00,7008,9,0,0
1289609,11:51:00,11:51:00,7107,10,0,0
1289609,11:54:00,11:54:00,7009,11,0,0
1289609,11:56:00,11:56:00,7010,12,0,0
1289609,11:58:00,11:58:00,7011,13,0,0
1289609,12:01:00,12:01:00,7013,14,0,0
1289609,12:03:00,12:03:00,7014,15,0,0
1289609,12:04:00,12:04:00,7015,16,0,0
1289609,12:07:00,12:07:00,7016,17,0,0
1289609,12:08:00,12:08:00,7017,18,0,0
1289609,12:11:00,12:11:00,7018,19,0,0
1289609,12:13:00,12:13:00,7019,20,0,0
1289609,12:16:00,12:16:00,7020,21,0,0
1289609,12:18:00,12:18:00,7021,22,0,0
1289609,12:20:00,12:20:00,7022,23,0,0
1289609,12:23:00,12:23:00,7023,24,0,0
1289609,12:25:00,12:25:00,7024,25,0,0
1289609,12:28:00,12:28:00,7099,26,0,0
1289609,12:31:00,12:31:00,7101,27,0,0
1289609,12:33:00,12:33:00,7103,28,0,0
1289609,12:36:00,12:36:00,7097,29,1,0
1289610,12:03:00,12:03:00,7000,1,0,0
1289610,12:04:00,12:04:00,7001,2,0,0
1289610,12:05:00,12:05:00,7002,3,0,0
1289610,12:09:00,12:09:00,7003,4,0,0
1289610,12:10:00,12:10:00,7004,5,1,1
1289610,12:12:00,12:12:00,7005,6,0,0
1289610,12:14:00,12:14:00,7006,7,0,0
1289610,12:16:00,12:16:00,7007,8,0,0
1289610,12:17:00,12:17:00,7008,9,0,0
1289610,12:21:00,12:21:00,7107,10,0,0
1289610,12:24:00,12:24:00,7009,11,0,0
1289610,12:26:00,12:26:00,7010,12,0,0
1289610,12:28:00,12:28:00,7011,13,0,0
1289610,12:31:00,12:31:00,7013,14,0,0
1289610,12:33:00,12:33:00,7014,15,0,0
1289610,12:34:00,12:34:00,7015,16,0,0
1289610,12:37:00,12:37:00,7016,17,0,0
1289610,12:38:00,12:38:00,7017,18,0,0
1289610,12:41:00,12:41:00,7018,19,0,0
1289610,12:43:00,12:43:00,7019,20,0,0
1289610,12:46:00,12:46:00,7020,21,0,0
1289610,12:48:00,12:48:00,7021,22,0,0
1289610,12:50:00,12:50:00,7022,23,0,0
1289610,12:53:00,12:53:00,7023,24,0,0
1289610,12:55:00,12:55:00,7024,25,0,0
1289610,12:58:00,12:58:00,7099,26,0,0
1289610,13:01:00,13:01:00,7101,27,0,0
1289610,13:03:00,13:03:00,7103,28,0,0
1289610,13:06:00,13:06:00,7097,29,1,0
1289611,12:33:00,12:33:00,7000,1,0,0
1289611,12:34:00,12:34:00,7001,2,0,0
1289611,12:35:00,12:35:00,7002,3,0,0
1289611,12:39:00,12:39:00,7003,4,0,0
1289611,12:40:00,12:40:00,7004,5,1,1
1289611,12:42:00,12:42:00,7005,6,0,0
1289611,12:44:00,12:44:00,7006,7,0,0
1289611,12:46:00,12:46:00,7007,8,0,0
1289611,12:47:00,12:47:00,7008,9,0,0
1289611,12:51:00,12:51:00,7107,10,0,0
1289611,12:54:00,12:54:00,7009,11,0,0
1289611,12:56:00,12:56:00,7010,12,0,0
1289611,12:58:00,12:58:00,7011,13,0,0
1289611,13:01:00,13:01:00,7013,14,0,0
1289611,13:03:00,13:03:00,7014,15,0,0
1289611,13:04:00,13:04:00,7015,16,0,0
1289611,13:07:00,13:07:00,7016,17,0,0
1289611,13:08:00,13:08:00,7017,18,0,0
1289611,13:11:00,13:11:00,7018,19,0,0
1289611,13:13:00,13:13:00,7019,20,0,0
1289611,13:16:00,13:16:00,7020,21,0,0
1289611,13:18:00,13:18:00,7021,22,0,0
1289611,13:20:00,13:20:00,7022,23,0,0
1289611,13:23:00,13:23:00,7023,24,0,0
1289611,13:25:00,13:25:00,7024,25,0,0
1289611,13:28:00,13:28:00,7099,26,0,0
1289611,13:31:00,13:31:00,7101,27,0,0
1289611,13:33:00,13:33:00,7103,28,0,0
1289611,13:36:00,13:36:00,7097,29,1,0
1289612,13:03:00,13:03:00,7000,1,0,0
1289612,13:04:00,13:04:00,7001,2,0,0
1289612,13:05:00,13:05:00,7002,3,0,0
1289612,13:09:00,13:09:00,7003,4,0,0
1289612,13:10:00,13:10:00,7004,5,1,1
1289612,13:12:00,13:12:00,7005,6,0,0
1289612,13:14:00,13:14:00,7006,7,0,0
1289612,13:16:00,13:16:00,7007,8,0,0
1289612,13:17:00,13:17:00,7008,9,0,0
1289612,13:21:00,13:21:00,7107,10,0,0
1289612,13:24:00,13:24:00,7009,11,0,0
1289612,13:26:00,13:26:00,7010,12,0,0
1289612,13:28:00,13:28:00,7011,13,0,0
1289612,13:31:00,13:31:00,7013,14,0,0
1289612,13:33:00,13:33:00,7014,15,0,0
1289612,13:34:00,13:34:00,7015,16,0,0
1289612,13:37:00,13:37:00,7016,17,0,0
1289612,13:38:00,13:38:00,7017,18,0,0
1289612,13:41:00,13:41:00,7018,19,0,0
1289612,13:43:00,13:43:00,7019,20,0,0
1289612,13:46:00,13:46:00,7020,21,0,0
1289612,13:48:00,13:48:00,7021,22,0,0
1289612,13:50:00,13:50:00,7022,23,0,0
1289612,13:53:00,13:53:00,7023,24,0,0
1289612,13:55:00,13:55:00,7024,25,0,0
1289612,13:58:00,13:58:00,7099,26,0,0
1289612,14:01:00,14:01:00,7101,27,0,0
1289612,14:03:00,14:03:00,7103,28,0,0
1289612,14:06:00,14:06:00,7097,29,1,0
1289613,13:33:00,13:33:00,7000,1,0,0
1289613,13:34:00,13:34:00,7001,2,0,0
1289613,13:35:00,13:35:00,7002,3,0,0
1289613,13:39:00,13:39:00,7003,4,0,0
1289613,13:40:00,13:40:00,7004,5,1,1
1289613,13:42:00,13:42:00,7005,6,0,0
1289613,13:44:00,13:44:00,7006,7,0,0
1289613,13:46:00,13:46:00,7007,8,0,0
1289613,13:47:00,13:47:00,7008,9,0,0
1289613,13:51:00,13:51:00,7107,10,0,0
1289613,13:54:00,13:54:00,7009,11,0,0
1289613,13:56:00,13:56:00,7010,12,0,0
1289613,13:58:00,13:58:00,7011,13,0,0
1289613,14:01:00,14:01:00,7013,14,0,0
1289613,14:03:00,14:03:00,7014,15,0,0
1289613,14:04:00,14:04:00,7015,16,0,0
1289613,14:07:00,14:07:00,7016,17,0,0
1289613,14:08:00,14:08:00,7017,18,0,0
1289613,14:11:00,14:11:00,7018,19,0,0
1289613,14:13:00,14:13:00,7019,20,0,0
1289613,14:16:00,14:16:00,7020,21,0,0
1289613,14:18:00,14:18:00,7021,22,0,0
1289613,14:20:00,14:20:00,7022,23,0,0
1289613,14:23:00,14:23:00,7023,24,0,0
1289613,14:25:00,14:25:00,7024,25,0,0
1289613,14:28:00,14:28:00,7099,26,0,0
1289613,14:31:00,14:31:00,7101,27,0,0
1289613,14:33:00,14:33:00,7103,28,0,0
1289613,14:36:00,14:36:00,7097,29,1,0
1289614,14:03:00,14:03:00,7000,1,0,0
1289614,14:04:00,14:04:00,7001,2,0,0
1289614,14:05:00,14:05:00,7002,3,0,0
1289614,14:09:00,14:09:00,7003,4,0,0
1289614,14:10:00,14:10:00,7004,5,1,1
1289614,14:12:00,14:12:00,7005,6,0,0
1289614,14:14:00,14:14:00,7006,7,0,0
1289614,14:16:00,14:16:00,7007,8,0,0
1289614,14:17:00,14:17:00,7008,9,0,0
1289614,14:21:00,14:21:00,7107,10,0,0
1289614,14:24:00,14:24:00,7009,11,0,0
1289614,14:26:00,14:26:00,7010,12,0,0
1289614,14:28:00,14:28:00,7011,13,0,0
1289614,14:31:00,14:31:00,7013,14,0,0
1289614,14:33:00,14:33:00,7014,15,0,0
1289614,14:34:00,14:34:00,7015,16,0,0
1289614,14:37:00,14:37:00,7016,17,0,0
1289614,14:38:00,14:38:00,7017,18,0,0
1289614,14:41:00,14:41:00,7018,19,0,0
1289614,14:43:00,14:43:00,7019,20,0,0
1289614,14:46:00,14:46:00,7020,21,0,0
1289614,14:48:00,14:48:00,7021,22,0,0
1289614,14:50:00,14:50:00,7022,23,0,0
1289614,14:53:00,14:53:00,7023,24,0,0
1289614,14:55:00,14:55:00,7024,25,0,0
1289614,14:58:00,14:58:00,7099,26,0,0
1289614,15:01:00,15:01:00,7101,27,0,0
1289614,15:03:00,15:03:00,7103,28,0,0
1289614,15:06:00,15:06:00,7097,29,1,0
1289615,14:33:00,14:33:00,7000,1,0,0
1289615,14:34:00,14:34:00,7001,2,0,0
1289615,14:35:00,14:35:00,7002,3,0,0
1289615,14:39:00,14:39:00,7003,4,0,0
1289615,14:40:00,14:40:00,7004,5,1,1
1289615,14:42:00,14:42:00,7005,6,0,0
1289615,14:44:00,14:44:00,7006,7,0,0
1289615,14:46:00,14:46:00,7007,8,0,0
1289615,14:47:00,14:47:00,7008,9,0,0
1289615,14:51:00,14:51:00,7107,10,0,0
1289615,14:54:00,14:54:00,7009,11,0,0
1289615,14:56:00,14:56:00,7010,12,0,0
1289615,14:58:00,14:58:00,7011,13,0,0
1289615,15:01:00,15:01:00,7013,14,0,0
1289615,15:03:00,15:03:00,7014,15,0,0
1289615,15:04:00,15:04:00,7015,16,0,0
1289615,15:07:00,15:07:00,7016,17,0,0
1289615,15:08:00,15:08:00,7017,18,0,0
1289615,15:11:00,15:11:00,7018,19,0,0
1289615,15:13:00,15:13:00,7019,20,0,0
1289615,15:16:00,15:16:00,7020,21,0,0
1289615,15:18:00,15:18:00,7021,22,0,0
1289615,15:20:00,15:20:00,7022,23,0,0
1289615,15:23:00,15:23:00,7023,24,0,0
1289615,15:25:00,15:25:00,7024,25,0,0
1289615,15:28:00,15:28:00,7099,26,0,0
1289615,15:31:00,15:31:00,7101,27,0,0
1289615,15:33:00,15:33:00,7103,28,0,0
1289615,15:36:00,15:36:00,7097,29,1,0
1289616,15:03:00,15:03:00,7000,1,0,0
1289616,15:04:00,15:04:00,7001,2,0,0
1289616,15:05:00,15:05:00,7002,3,0,0
1289616,15:09:00,15:09:00,7003,4,0,0
1289616,15:10:00,15:10:00,7004,5,1,1
1289616,15:12:00,15:12:00,7005,6,0,0
1289616,15:14:00,15:14:00,7006,7,0,0
1289616,15:16:00,15:16:00,7007,8,0,0
1289616,15:17:00,15:17:00,7008,9,0,0
1289616,15:21:00,15:21:00,7107,10,0,0
1289616,15:24:00,15:24:00,7009,11,0,0
1289616,15:26:00,15:26:00,7010,12,0,0
1289616,15:28:00,15:28:00,7011,13,0,0
1289616,15:31:00,15:31:00,7013,14,0,0
1289616,15:33:00,15:33:00,7014,15,0,0
1289616,15:34:00,15:34:00,7015,16,0,0
1289616,15:37:00,15:37:00,7016,17,0,0
1289616,15:38:00,15:38:00,7017,18,0,0
1289616,15:41:00,15:41:00,7018,19,0,0
1289616,15:43:00,15:43:00,7019,20,0,0
1289616,15:46:00,15:46:00,7020,21,0,0
1289616,15:48:00,15:48:00,7021,22,0,0
1289616,15:50:00,15:50:00,7022,23,0,0
1289616,15:53:00,15:53:00,7023,24,0,0
1289616,15:55:00,15:55:00,7024,25,0,0
1289616,15:58:00,15:58:00,7099,26,0,0
1289616,16:01:00,16:01:00,7101,27,0,0
1289616,16:03:00,16:03:00,7103,28,0,0
1289616,16:06:00,16:06:00,7097,29,1,0
1289617,15:33:00,15:33:00,7000,1,0,0
1289617,15:34:00,15:34:00,7001,2,0,0
1289617,15:35:00,15:35:00,7002,3,0,0
1289617,15:39:00,15:39:00,7003,4,0,0
1289617,15:40:00,15:40:00,7004,5,1,1
1289617,15:42:00,15:42:00,7005,6,0,0
1289617,15:44:00,15:44:00,7006,7,0,0
1289617,15:46:00,15:46:00,7007,8,0,0
1289617,15:47:00,15:47:00,7008,9,0,0
1289617,15:51:00,15:51:00,7107,10,0,0
1289617,15:54:00,15:54:00,7009,11,0,0
1289617,15:56:00,15:56:00,7010,12,0,0
1289617,15:58:00,15:58:00,7011,13,0,0
1289617,16:01:00,16:01:00,7013,14,0,0
1289617,16:03:00,16:03:00,7014,15,0,0
1289617,16:04:00,16:04:00,7015,16,0,0
1289617,16:07:00,16:07:00,7016,17,0,0
1289617,16:08:00,16:08:00,7017,18,0,0
1289617,16:11:00,16:11:00,7018,19,0,0
1289617,16:13:00,16:13:00,7019,20,0,0
1289617,16:16:00,16:16:00,7020,21,0,0
1289617,16:18:00,16:18:00,7021,22,0,0
1289617,16:20:00,16:20:00,7022,23,0,0
1289617,16:23:00,16:23:00,7023,24,0,0
1289617,16:25:00,16:25:00,7024,25,0,0
1289617,16:28:00,16:28:00,7099,26,0,0
1289617,16:31:00,16:31:00,7101,27,0,0
1289617,16:33:00,16:33:00,7103,28,0,0
1289617,16:36:00,16:36:00,7097,29,1,0
1289618,16:03:00,16:03:00,7000,1,0,0
1289618,16:04:00,16:04:00,7001,2,0,0
1289618,16:05:00,16:05:00,7002,3,0,0
1289618,16:09:00,16:09:00,7003,4,0,0
1289618,16:10:00,16:10:00,7004,5,1,1
1289618,16:12:00,16:12:00,7005,6,0,0
1289618,16:14:00,16:14:00,7006,7,0,0
1289618,16:16:00,16:16:00,7007,8,0,0
1289618,16:17:00,16:17:00,7008,9,0,0
1289618,16:21:00,16:21:00,7107,10,0,0
1289618,16:24:00,16:24:00,7009,11,0,0
1289618,16:26:00,16:26:00,7010,12,0,0
1289618,16:28:00,16:28:00,7011,13,0,0
1289618,16:31:00,16:31:00,7013,14,0,0
1289618,16:33:00,16:33:00,7014,15,0,0
1289618,16:34:00,16:34:00,7015,16,0,0
1289618,16:37:00,16:37:00,7016,17,0,0
1289618,16:38:00,16:38:00,7017,18,0,0
1289618,16:41:00,16:41:00,7018,19,0,0
1289618,16:43:00,16:43:00,7019,20,0,0
1289618,16:46:00,16:46:00,7020,21,0,0
1289618,16:48:00,16:48:00,7021,22,0,0
1289618,16:50:00,16:50:00,7022,23,0,0
1289618,16:53:00,16:53:00,7023,24,0,0
1289618,16:55:00,16:55:00,7024,25,0,0
1289618,16:58:00,16:58:00,7099,26,0,0
1289618,17:01:00,17:01:00,7101,27,0,0
1289618,17:03:00,17:03:00,7103,28,0,0
1289618,17:06:00,17:06:00,7097,29,1,0
1289619,16:33:00,16:33:00,7000,1,0,0
1289619,16:34:00,16:34:00,7001,2,0,0
1289619,16:35:00,16:35:00,7002,3,0,0
1289619,16:39:00,16:39:00,7003,4,0,0
1289619,16:40:00,16:40:00,7004,5,1,1
1289619,16:42:00,16:42:00,7005,6,0,0
1289619,16:44:00,16:44:00,7006,7,0,0
1289619,16:46:00,16:46:00,7007,8,0,0
1289619,16:47:00,16:47:00,7008,9,0,0
1289619,16:51:00,16:51:00,7107,10,0,0
1289619,16:54:00,16:54:00,7009,11,0,0
1289619,16:56:00,16:56:00,7010,12,0,0
1289619,16:58:00,16:58:00,7011,13,0,0
1289619,17:01:00,17:01:00,7013,14,0,0
1289619,17:03:00,17:03:00,7014,15,0,0
1289619,17:04:00,17:04:00,7015,16,0,0
1289619,17:07:00,17:07:00,7016,17,0,0
1289619,17:08:00,17:08:00,7017,18,0,0
1289619,17:11:00,17:11:00,7018,19,0,0
1289619,17:13:00,17:13:00,7019,20,0,0
1289619,17:16:00,17:16:00,7020,21,0,0
1289619,17:18:00,17:18:00,7021,22,0,0
1289619,17:20:00,17:20:00,7022,23,0,0
1289619,17:23:00,17:23:00,7023,24,0,0
1289619,17:25:00,17:25:00,7024,25,0,0
1289619,17:28:00,17:28:00,7099,26,0,0
1289619,17:31:00,17:31:00,7101,27,0,0
1289619,17:33:00,17:33:00,7103,28,0,0
1289619,17:36:00,17:36:00,7097,29,1,0
1289620,17:03:00,17:03:00,7000,1,0,0
1289620,17:04:00,17:04:00,7001,2,0,0
1289620,17:05:00,17:05:00,7002,3,0,0
1289620,17:09:00,17:09:00,7003,4,0,0
1289620,17:10:00,17:10:00,7004,5,1,1
1289620,17:12:00,17:12:00,7005,6,0,0
1289620,17:14:00,17:14:00,7006,7,0,0
1289620,17:16:00,17:16:00,7007,8,0,0
1289620,17:17:00,17:17:00,7008,9,0,0
1289620,17:21:00,17:21:00,7107,10,0,0
1289620,17:24:00,17:24:00,7009,11,0,0
1289620,17:26:00,17:26:00,7010,12,0,0
1289620,17:28:00,17:28:00,7011,13,0,0
1289620,17:31:00,17:31:00,7013,14,0,0
1289620,17:33:00,17:33:00,7014,15,0,0
1289620,17:34:00,17:34:00,7015,16,0,0
1289620,17:37:00,17:37:00,7016,17,0,0
1289620,17:38:00,17:38:00,7017,18,0,0
1289620,17:41:00,17:41:00,7018,19,0,0
1289620,17:43:00,17:43:00,7019,20,0,0
1289620,17:46:00,17:46:00,7020,21,0,0
1289620,17:48:00,17:48:00,7021,22,0,0
1289620,17:50:00,17:50:00,7022,23,0,0
1289620,17:53:00,17:53:00,7023,24,0,0
1289620,17:55:00,17:55:00,7024,25,0,0
1289620,17:58:00,17:58:00,7099,26,0,0
1289620,18:01:00,18:01:00,7101,27,0,0
1289620,18:03:00,18:03:00,7103,28,0,0
1289620,18:06:00,18:06:00,7097,29,1,0
1289621,17:33:00,17:33:00,7000,1,0,0
1289621,17:34:00,17:34:00,7001,2,0,0
1289621,17:35:00,17:35:00,7002,3,0,0
1289621,17:39:00,17:39:00,7003,4,0,0
1289621,17:40:00,17:40:00,7004,5,1,1
1289621,17:42:00,17:42:00,7005,6,0,0
1289621,17:44:00,17:44:00,7006,7,0,0
1289621,17:46:00,17:46:00,7007,8,0,0
1289621,17:47:00,17:47:00,7008,9,0,0
1289621,17:51:00,17:51:00,7107,10,0,0
1289621,17:54:00,17:54:00,7009,11,0,0
1289621,17:56:00,17:56:00,7010,12,0,0
1289621,17:58:00,17:58:00,7011,13,0,0
1289621,18:01:00,18:01:00,7013,14,0,0
1289621,18:03:00,18:03:00,7014,15,0,0
1289621,18:04:00,18:04:00,7015,16,0,0
1289621,18:07:00,18:07:00,7016,17,0,0
1289621,18:08:00,18:08:00,7017,18,0,0
1289621,18:11:00,18:11:00,7018,19,0,0
1289621,18:13:00,18:13:00,7019,20,0,0
1289621,18:16:00,18:16:00,7020,21,0,0
1289621,18:18:00,18:18:00,7021,22,0,0
1289621,18:20:00,18:20:00,7022,23,0,0
1289621,18:23:00,18:23:00,7023,24,0,0
1289621,18:25:00,18:25:00,7024,25,0,0
1289621,18:28:00,18:28:00,7099,26,0,0
1289621,18:31:00,18:31:00,7101,27,0,0
1289621,18:33:00,18:33:00,7103,28,0,0
1289621,18:36:00,18:36:00,7097,29,1,0
1289622,18:33:00,18:33:00,7000,1,0,0
1289622,18:34:00,18:34:00,7001,2,0,0
1289622,18:35:00,18:35:00,7002,3,0,0
1289622,18:39:00,18:39:00,7003,4,0,0
1289622,18:40:00,18:40:00,7004,5,1,1
1289622,18:42:00,18:42:00,7005,6,0,0
1289622,18:44:00,18:44:00,7006,7,0,0
1289622,18:46:00,18:46:00,7007,8,0,0
1289622,18:47:00,18:47:00,7008,9,0,0
1289622,18:51:00,18:51:00,7107,10,0,0
1289622,18:54:00,18:54:00,7009,11,0,0
1289622,18:56:00,18:56:00,7010,12,0,0
1289622,18:58:00,18:58:00,7011,13,0,0
1289622,19:01:00,19:01:00,7013,14,0,0
1289622,19:03:00,19:03:00,7014,15,0,0
1289622,19:04:00,19:04:00,7015,16,0,0
1289622,19:07:00,19:07:00,7016,17,0,0
1289622,19:08:00,19:08:00,7017,18,0,0
1289622,19:11:00,19:11:00,7018,19,0,0
1289622,19:13:00,19:13:00,7019,20,0,0
1289622,19:16:00,19:16:00,7020,21,0,0
1289622,19:18:00,19:18:00,7021,22,0,0
1289622,19:20:00,19:20:00,7022,23,0,0
1289622,19:23:00,19:23:00,7023,24,0,0
1289622,19:25:00,19:25:00,7024,25,0,0
1289622,19:28:00,19:28:00,7099,26,0,0
1289622,19:31:00,19:31:00,7101,27,0,0
1289622,19:33:00,19:33:00,7103,28,0,0
1289622,19:36:00,19:36:00,7097,29,1,0
1289623,18:03:00,18:03:00,7000,1,0,0
1289623,18:04:00,18:04:00,7001,2,0,0
1289623,18:05:00,18:05:00,7002,3,0,0
1289623,18:09:00,18:09:00,7003,4,0,0
1289623,18:10:00,18:10:00,7004,5,1,1
1289623,18:12:00,18:12:00,7005,6,0,0
1289623,18:14:00,18:14:00,7006,7,0,0
1289623,18:16:00,18:16:00,7007,8,0,0
1289623,18:17:00,18:17:00,7008,9,0,0
1289623,18:21:00,18:21:00,7107,10,0,0
1289623,18:24:00,18:24:00,7009,11,0,0
1289623,18:26:00,18:26:00,7010,12,0,0
1289623,18:28:00,18:28:00,7011,13,0,0
1289623,18:31:00,18:31:00,7013,14,0,0
1289623,18:33:00,18:33:00,7014,15,0,0
1289623,18:34:00,18:34:00,7015,16,0,0
1289623,18:37:00,18:37:00,7016,17,0,0
1289623,18:38:00,18:38:00,7017,18,0,0
1289623,18:41:00,18:41:00,7018,19,0,0
1289623,18:43:00,18:43:00,7019,20,0,0
1289623,18:46:00,18:46:00,7020,21,0,0
1289623,18:48:00,18:48:00,7021,22,0,0
1289623,18:50:00,18:50:00,7022,23,0,0
1289623,18:53:00,18:53:00,7023,24,0,0
1289623,18:55:00,18:55:00,7024,25,0,0
1289623,18:58:00,18:58:00,7099,26,0,0
1289623,19:01:00,19:01:00,7101,27,0,0
1289623,19:03:00,19:03:00,7103,28,0,0
1289623,19:06:00,19:06:00,7097,29,1,0
1289624,23:56:00,23:56:00,7098,1,0,0
1289624,23:58:00,23:58:00,7104,2,0,0
1289624,24:01:00,24:01:00,7102,3,0,0
1289624,24:03:00,24:03:00,7100,4,0,0
1289624,24:07:00,24:07:00,7025,5,0,0
1289624,24:09:00,24:09:00,7026,6,0,0
1289624,24:11:00,24:11:00,7027,7,0,0
1289624,24:14:00,24:14:00,7028,8,0,0
1289624,24:16:00,24:16:00,7029,9,0,0
1289624,24:18:00,24:18:00,7030,10,0,0
1289624,24:20:00,24:20:00,7031,11,0,0
1289624,24:24:00,24:24:00,7032,12,0,0
1289624,24:25:00,24:25:00,7033,13,0,0
1289624,24:27:00,24:27:00,7034,14,0,0
1289624,24:29:00,24:29:00,7035,15,0,0
1289624,24:30:00,24:30:00,7036,16,0,0
1289624,24:32:00,24:32:00,7037,17,0,0
1289624,24:33:00,24:33:00,7038,18,0,0
1289624,24:35:00,24:35:00,7039,19,0,0
1289624,24:38:00,24:38:00,7040,20,0,0
1289624,24:40:00,24:40:00,7108,21,0,0
1289624,24:44:00,24:44:00,7041,22,0,0
1289624,24:46:00,24:46:00,7042,23,0,0
1289624,24:47:00,24:47:00,7043,24,0,0
1289624,24:49:00,24:49:00,7044,25,0,0
1289624,24:52:00,24:52:00,7045,26,1,1
1289624,24:53:00,24:53:00,7046,27,0,0
1289624,24:56:00,24:56:00,7047,28,0,0
1289624,24:57:00,24:57:00,7048,29,0,0
1289624,24:59:00,24:59:00,7049,30,1,0
1289625,23:26:00,23:26:00,7098,1,0,0
1289625,23:28:00,23:28:00,7104,2,0,0
1289625,23:31:00,23:31:00,7102,3,0,0
1289625,23:33:00,23:33:00,7100,4,0,0
1289625,23:37:00,23:37:00,7025,5,0,0
1289625,23:39:00,23:39:00,7026,6,0,0
1289625,23:41:00,23:41:00,7027,7,0,0
1289625,23:44:00,23:44:00,7028,8,0,0
1289625,23:46:00,23:46:00,7029,9,0,0
1289625,23:48:00,23:48:00,7030,10,0,0
1289625,23:50:00,23:50:00,7031,11,0,0
1289625,23:54:00,23:54:00,7032,12,0,0
1289625,23:55:00,23:55:00,7033,13,0,0
1289625,23:57:00,23:57:00,7034,14,0,0
1289625,23:59:00,23:59:00,7035,15,0,0
1289625,24:00:00,24:00:00,7036,16,0,0
1289625,24:02:00,24:02:00,7037,17,0,0
1289625,24:03:00,24:03:00,7038,18,0,0
1289625,24:05:00,24:05:00,7039,19,0,0
1289625,24:08:00,24:08:00,7040,20,0,0
1289625,24:10:00,24:10:00,7108,21,0,0
1289625,24:14:00,24:14:00,7041,22,0,0
1289625,24:16:00,24:16:00,7042,23,0,0
1289625,24:17:00,24:17:00,7043,24,0,0
1289625,24:19:00,24:19:00,7044,25,0,0
1289625,24:22:00,24:22:00,7045,26,1,1
1289625,24:23:00,24:23:00,7046,27,0,0
1289625,24:26:00,24:26:00,7047,28,0,0
1289625,24:27:00,24:27:00,7048,29,0,0
1289625,24:29:00,24:29:00,7049,30,1,0
1289626,22:56:00,22:56:00,7098,1,0,0
1289626,22:58:00,22:58:00,7104,2,0,0
1289626,23:01:00,23:01:00,7102,3,0,0
1289626,23:03:00,23:03:00,7100,4,0,0
1289626,23:07:00,23:07:00,7025,5,0,0
1289626,23:09:00,23:09:00,7026,6,0,0
1289626,23:11:00,23:11:00,7027,7,0,0
1289626,23:14:00,23:14:00,7028,8,0,0
1289626,23:16:00,23:16:00,7029,9,0,0
1289626,23:18:00,23:18:00,7030,10,0,0
1289626,23:20:00,23:20:00,7031,11,0,0
1289626,23:24:00,23:24:00,7032,12,0,0
1289626,23:25:00,23:25:00,7033,13,0,0
1289626,23:27:00,23:27:00,7034,14,0,0
1289626,23:29:00,23:29:00,7035,15,0,0
1289626,23:30:00,23:30:00,7036,16,0,0
1289626,23:32:00,23:32:00,7037,17,0,0
1289626,23:33:00,23:33:00,7038,18,0,0
1289626,23:35:00,23:35:00,7039,19,0,0
1289626,23:38:00,23:38:00,7040,20,0,0
1289626,23:40:00,23:40:00,7108,21,0,0
1289626,23:44:00,23:44:00,7041,22,0,0
1289626,23:46:00,23:46:00,7042,23,0,0
1289626,23:47:00,23:47:00,7043,24,0,0
1289626,23:49:00,23:49:00,7044,25,0,0
1289626,23:52:00,23:52:00,7045,26,1,1
1289626,23:53:00,23:53:00,7046,27,0,0
1289626,23:56:00,23:56:00,7047,28,0,0
1289626,23:57:00,23:57:00,7048,29,0,0
1289626,23:59:00,23:59:00,7049,30,1,0
1289627,22:26:00,22:26:00,7098,1,0,0
1289627,22:28:00,22:28:00,7104,2,0,0
1289627,22:31:00,22:31:00,7102,3,0,0
1289627,22:33:00,22:33:00,7100,4,0,0
1289627,22:37:00,22:37:00,7025,5,0,0
1289627,22:39:00,22:39:00,7026,6,0,0
1289627,22:41:00,22:41:00,7027,7,0,0
1289627,22:44:00,22:44:00,7028,8,0,0
1289627,22:46:00,22:46:00,7029,9,0,0
1289627,22:48:00,22:48:00,7030,10,0,0
1289627,22:50:00,22:50:00,7031,11,0,0
1289627,22:54:00,22:54:00,7032,12,0,0
1289627,22:55:00,22:55:00,7033,13,0,0
1289627,22:57:00,22:57:00,7034,14,0,0
1289627,22:59:00,22:59:00,7035,15,0,0
1289627,23:00:00,23:00:00,7036,16,0,0
1289627,23:02:00,23:02:00,7037,17,0,0
1289627,23:03:00,23:03:00,7038,18,0,0
1289627,23:05:00,23:05:00,7039,19,0,0
1289627,23:08:00,23:08:00,7040,20,0,0
1289627,23:10:00,23:10:00,7108,21,0,0
1289627,23:14:00,23:14:00,7041,22,0,0
1289627,23:16:00,23:16:00,7042,23,0,0
1289627,23:17:00,23:17:00,7043,24,0,0
1289627,23:19:00,23:19:00,7044,25,0,0
1289627,23:22:00,23:22:00,7045,26,1,1
1289627,23:23:00,23:23:00,7046,27,0,0
1289627,23:26:00,23:26:00,7047,28,0,0
1289627,23:27:00,23:27:00,7048,29,0,0
1289627,23:29:00,23:29:00,7049,30,1,0
1289628,09:56:00,09:56:00,7098,1,0,0
1289628,09:58:00,09:58:00,7104,2,0,0
1289628,10:01:00,10:01:00,7102,3,0,0
1289628,10:03:00,10:03:00,7100,4,0,0
1289628,10:07:00,10:07:00,7025,5,0,0
1289628,10:09:00,10:09:00,7026,6,0,0
1289628,10:11:00,10:11:00,7027,7,0,0
1289628,10:14:00,10:14:00,7028,8,0,0
1289628,10:16:00,10:16:00,7029,9,0,0
1289628,10:18:00,10:18:00,7030,10,0,0
1289628,10:20:00,10:20:00,7031,11,0,0
1289628,10:24:00,10:24:00,7032,12,0,0
1289628,10:25:00,10:25:00,7033,13,0,0
1289628,10:27:00,10:27:00,7034,14,0,0
1289628,10:29:00,10:29:00,7035,15,0,0
1289628,10:30:00,10:30:00,7036,16,0,0
1289628,10:32:00,10:32:00,7037,17,0,0
1289628,10:33:00,10:33:00,7038,18,0,0
1289628,10:35:00,10:35:00,7039,19,0,0
1289628,10:38:00,10:38:00,7040,20,0,0
1289628,10:40:00,10:40:00,7108,21,0,0
1289628,10:44:00,10:44:00,7041,22,0,0
1289628,10:46:00,10:46:00,7042,23,0,0
1289628,10:47:00,10:47:00,7043,24,0,0
1289628,10:49:00,10:49:00,7044,25,0,0
1289628,10:52:00,10:52:00,7045,26,1,1
1289628,10:53:00,10:53:00,7046,27,0,0
1289628,10:56:00,10:56:00,7047,28,0,0
1289628,10:57:00,10:57:00,7048,29,0,0
1289628,10:59:00,10:59:00,7049,30,1,0
1289629,09:26:00,09:26:00,7098,1,0,0
1289629,09:28:00,09:28:00,7104,2,0,0
1289629,09:31:00,09:31:00,7102,3,0,0
1289629,09:33:00,09:33:00,7100,4,0,0
1289629,09:37:00,09:37:00,7025,5,0,0
1289629,09:39:00,09:39:00,7026,6,0,0
1289629,09:41:00,09:41:00,7027,7,0,0
1289629,09:44:00,09:44:00,7028,8,0,0
1289629,09:46:00,09:46:00,7029,9,0,0
1289629,09:48:00,09:48:00,7030,10,0,0
1289629,09:50:00,09:50:00,7031,11,0,0
1289629,09:54:00,09:54:00,7032,12,0,0
1289629,09:55:00,09:55:00,7033,13,0,0
1289629,09:57:00,09:57:00,7034,14,0,0
1289629,09:59:00,09:59:00,7035,15,0,0
1289629,10:00:00,10:00:00,7036,16,0,0
1289629,10:02:00,10:02:00,7037,17,0,0
1289629,10:03:00,10:03:00,7038,18,0,0
1289629,10:05:00,10:05:00,7039,19,0,0
1289629,10:08:00,10:08:00,7040,20,0,0
1289629,10:10:00,10:10:00,7108,21,0,0
1289629,10:14:00,10:14:00,7041,22,0,0
1289629,10:16:00,10:16:00,7042,23,0,0
1289629,10:17:00,10:17:00,7043,24,0,0
1289629,10:19:00,10:19:00,7044,25,0,0
1289629,10:22:00,10:22:00,7045,26,1,1
1289629,10:23:00,10:23:00,7046,27,0,0
1289629,10:26:00,10:26:00,7047,28,0,0
1289629,10:27:00,10:27:00,7048,29,0,0
1289629,10:29:00,10:29:00,7049,30,1,0
1289630,08:56:00,08:56:00,7098,1,0,0
1289630,08:58:00,08:58:00,7104,2,0,0
1289630,09:01:00,09:01:00,7102,3,0,0
1289630,09:03:00,09:03:00,7100,4,0,0
1289630,09:07:00,09:07:00,7025,5,0,0
1289630,09:09:00,09:09:00,7026,6,0,0
1289630,09:11:00,09:11:00,7027,7,0,0
1289630,09:14:00,09:14:00,7028,8,0,0
1289630,09:16:00,09:16:00,7029,9,0,0
1289630,09:18:00,09:18:00,7030,10,0,0
1289630,09:20:00,09:20:00,7031,11,0,0
1289630,09:24:00,09:24:00,7032,12,0,0
1289630,09:25:00,09:25:00,7033,13,0,0
1289630,09:27:00,09:27:00,7034,14,0,0
1289630,09:29:00,09:29:00,7035,15,0,0
1289630,09:30:00,09:30:00,7036,16,0,0
1289630,09:32:00,09:32:00,7037,17,0,0
1289630,09:33:00,09:33:00,7038,18,0,0
1289630,09:35:00,09:35:00,7039,19,0,0
1289630,09:38:00,09:38:00,7040,20,0,0
1289630,09:40:00,09:40:00,7108,21,0,0
1289630,09:44:00,09:44:00,7041,22,0,0
1289630,09:46:00,09:46:00,7042,23,0,0
1289630,09:47:00,09:47:00,7043,24,0,0
1289630,09:49:00,09:49:00,7044,25,0,0
1289630,09:52:00,09:52:00,7045,26,1,1
1289630,09:53:00,09:53:00,7046,27,0,0
1289630,09:56:00,09:56:00,7047,28,0,0
1289630,09:57:00,09:57:00,7048,29,0,0
1289630,09:59:00,09:59:00,7049,30,1,0
1289631,08:26:00,08:26:00,7098,1,0,0
1289631,08:28:00,08:28:00,7104,2,0,0
1289631,08:31:00,08:31:00,7102,3,0,0
1289631,08:33:00,08:33:00,7100,4,0,0
1289631,08:37:00,08:37:00,7025,5,0,0
1289631,08:39:00,08:39:00,7026,6,0,0
1289631,08:41:00,08:41:00,7027,7,0,0
1289631,08:44:00,08:44:00,7028,8,0,0
1289631,08:46:00,08:46:00,7029,9,0,0
1289631,08:48:00,08:48:00,7030,10,0,0
1289631,08:50:00,08:50:00,7031,11,0,0
1289631,08:54:00,08:54:00,7032,12,0,0
1289631,08:55:00,08:55:00,7033,13,0,0
1289631,08:57:00,08:57:00,7034,14,0,0
1289631,08:59:00,08:59:00,7035,15,0,0
1289631,09:00:00,09:00:00,7036,16,0,0
1289631,09:02:00,09:02:00,7037,17,0,0
1289631,09:03:00,09:03:00,7038,18,0,0
1289631,09:05:00,09:05:00,7039,19,0,0
1289631,09:08:00,09:08:00,7040,20,0,0
1289631,09:10:00,09:10:00,7108,21,0,0
1289631,09:14:00,09:14:00,7041,22,0,0
1289631,09:16:00,09:16:00,7042,23,0,0
1289631,09:17:00,09:17:00,7043,24,0,0
1289631,09:19:00,09:19:00,7044,25,0,0
1289631,09:22:00,09:22:00,7045,26,1,1
1289631,09:23:00,09:23:00,7046,27,0,0
1289631,09:26:00,09:26:00,7047,28,0,0
1289631,09:27:00,09:27:00,7048,29,0,0
1289631,09:29:00,09:29:00,7049,30,1,0
1289632,07:56:00,07:56:00,7098,1,0,0
1289632,07:58:00,07:58:00,7104,2,0,0
1289632,08:01:00,08:01:00,7102,3,0,0
1289632,08:03:00,08:03:00,7100,4,0,0
1289632,08:07:00,08:07:00,7025,5,0,0
1289632,08:09:00,08:09:00,7026,6,0,0
1289632,08:11:00,08:11:00,7027,7,0,0
1289632,08:14:00,08:14:00,7028,8,0,0
1289632,08:16:00,08:16:00,7029,9,0,0
1289632,08:18:00,08:18:00,7030,10,0,0
1289632,08:20:00,08:20:00,7031,11,0,0
1289632,08:24:00,08:24:00,7032,12,0,0
1289632,08:25:00,08:25:00,7033,13,0,0
1289632,08:27:00,08:27:00,7034,14,0,0
1289632,08:29:00,08:29:00,7035,15,0,0
1289632,08:30:00,08:30:00,7036,16,0,0
1289632,08:32:00,08:32:00,7037,17,0,0
1289632,08:33:00,08:33:00,7038,18,0,0
1289632,08:35:00,08:35:00,7039,19,0,0
1289632,08:38:00,08:38:00,7040,20,0,0
1289632,08:40:00,08:40:00,7108,21,0,0
1289632,08:44:00,08:44:00,7041,22,0,0
1289632,08:46:00,08:46:00,7042,23,0,0
1289632,08:47:00,08:47:00,7043,24,0,0
1289632,08:49:00,08:49:00,7044,25,0,0
1289632,08:52:00,08:52:00,7045,26,1,1
1289632,08:53:00,08:53:00,7046,27,0,0
1289632,08:56:00,08:56:00,7047,28,0,0
1289632,08:57:00,08:57:00,7048,29,0,0
1289632,08:59:00,08:59:00,7049,30,1,0
1289633,07:26:00,07:26:00,7098,1,0,0
1289633,07:28:00,07:28:00,7104,2,0,0
1289633,07:31:00,07:31:00,7102,3,0,0
1289633,07:33:00,07:33:00,7100,4,0,0
1289633,07:37:00,07:37:00,7025,5,0,0
1289633,07:39:00,07:39:00,7026,6,0,0
1289633,07:41:00,07:41:00,7027,7,0,0
1289633,07:44:00,07:44:00,7028,8,0,0
1289633,07:46:00,07:46:00,7029,9,0,0
1289633,07:48:00,07:48:00,7030,10,0,0
1289633,07:50:00,07:50:00,7031,11,0,0
1289633,07:54:00,07:54:00,7032,12,0,0
1289633,07:55:00,07:55:00,7033,13,0,0
1289633,07:57:00,07:57:00,7034,14,0,0
1289633,07:59:00,07:59:00,7035,15,0,0
1289633,08:00:00,08:00:00,7036,16,0,0
1289633,08:02:00,08:02:00,7037,17,0,0
1289633,08:03:00,08:03:00,7038,18,0,0
1289633,08:05:00,08:05:00,7039,19,0,0
1289633,08:08:00,08:08:00,7040,20,0,0
1289633,08:10:00,08:10:00,7108,21,0,0
1289633,08:14:00,08:14:00,7041,22,0,0
1289633,08:16:00,08:16:00,7042,23,0,0
1289633,08:17:00,08:17:00,7043,24,0,0
1289633,08:19:00,08:19:00,7044,25,0,0
1289633,08:22:00,08:22:00,7045,26,1,1
1289633,08:23:00,08:23:00,7046,27,0,0
1289633,08:26:00,08:26:00,7047,28,0,0
1289633,08:27:00,08:27:00,7048,29,0,0
1289633,08:29:00,08:29:00,7049,30,1,0
1289634,06:56:00,06:56:00,7098,1,0,0
1289634,06:58:00,06:58:00,7104,2,0,0
1289634,07:01:00,07:01:00,7102,3,0,0
1289634,07:03:00,07:03:00,7100,4,0,0
1289634,07:07:00,07:07:00,7025,5,0,0
1289634,07:09:00,07:09:00,7026,6,0,0
1289634,07:11:00,07:11:00,7027,7,0,0
1289634,07:14:00,07:14:00,7028,8,0,0
1289634,07:16:00,07:16:00,7029,9,0,0
1289634,07:18:00,07:18:00,7030,10,0,0
1289634,07:20:00,07:20:00,7031,11,0,0
1289634,07:24:00,07:24:00,7032,12,0,0
1289634,07:25:00,07:25:00,7033,13,0,0
1289634,07:27:00,07:27:00,7034,14,0,0
1289634,07:29:00,07:29:00,7035,15,0,0
1289634,07:30:00,07:30:00,7036,16,0,0
1289634,07:32:00,07:32:00,7037,17,0,0
1289634,07:33:00,07:33:00,7038,18,0,0
1289634,07:35:00,07:35:00,7039,19,0,0
1289634,07:38:00,07:38:00,7040,20,0,0
1289634,07:40:00,07:40:00,7108,21,0,0
1289634,07:44:00,07:44:00,7041,22,0,0
1289634,07:46:00,07:46:00,7042,23,0,0
1289634,07:47:00,07:47:00,7043,24,0,0
1289634,07:49:00,07:49:00,7044,25,0,0
1289634,07:52:00,07:52:00,7045,26,1,1
1289634,07:53:00,07:53:00,7046,27,0,0
1289634,07:56:00,07:56:00,7047,28,0,0
1289634,07:57:00,07:57:00,7048,29,0,0
1289634,07:59:00,07:59:00,7049,30,1,0
1289635,06:26:00,06:26:00,7098,1,0,0
1289635,06:28:00,06:28:00,7104,2,0,0
1289635,06:31:00,06:31:00,7102,3,0,0
1289635,06:33:00,06:33:00,7100,4,0,0
1289635,06:37:00,06:37:00,7025,5,0,0
1289635,06:39:00,06:39:00,7026,6,0,0
1289635,06:41:00,06:41:00,7027,7,0,0
1289635,06:44:00,06:44:00,7028,8,0,0
1289635,06:46:00,06:46:00,7029,9,0,0
1289635,06:48:00,06:48:00,7030,10,0,0
1289635,06:50:00,06:50:00,7031,11,0,0
1289635,06:54:00,06:54:00,7032,12,0,0
1289635,06:55:00,06:55:00,7033,13,0,0
1289635,06:57:00,06:57:00,7034,14,0,0
1289635,06:59:00,06:59:00,7035,15,0,0
1289635,07:00:00,07:00:00,7036,16,0,0
1289635,07:02:00,07:02:00,7037,17,0,0
1289635,07:03:00,07:03:00,7038,18,0,0
1289635,07:05:00,07:05:00,7039,19,0,0
1289635,07:08:00,07:08:00,7040,20,0,0
1289635,07:10:00,07:10:00,7108,21,0,0
1289635,07:14:00,07:14:00,7041,22,0,0
1289635,07:16:00,07:16:00,7042,23,0,0
1289635,07:17:00,07:17:00,7043,24,0,0
1289635,07:19:00,07:19:00,7044,25,0,0
1289635,07:22:00,07:22:00,7045,26,1,1
1289635,07:23:00,07:23:00,7046,27,0,0
1289635,07:26:00,07:26:00,7047,28,0,0
1289635,07:27:00,07:27:00,7048,29,0,0
1289635,07:29:00,07:29:00,7049,30,1,0
1289636,05:56:00,05:56:00,7098,1,0,0
1289636,05:58:00,05:58:00,7104,2,0,0
1289636,06:01:00,06:01:00,7102,3,0,0
1289636,06:03:00,06:03:00,7100,4,0,0
1289636,06:07:00,06:07:00,7025,5,0,0
1289636,06:09:00,06:09:00,7026,6,0,0
1289636,06:11:00,06:11:00,7027,7,0,0
1289636,06:14:00,06:14:00,7028,8,0,0
1289636,06:16:00,06:16:00,7029,9,0,0
1289636,06:18:00,06:18:00,7030,10,0,0
1289636,06:20:00,06:20:00,7031,11,0,0
1289636,06:24:00,06:24:00,7032,12,0,0
1289636,06:25:00,06:25:00,7033,13,0,0
1289636,06:27:00,06:27:00,7034,14,0,0
1289636,06:29:00,06:29:00,7035,15,0,0
1289636,06:30:00,06:30:00,7036,16,0,0
1289636,06:32:00,06:32:00,7037,17,0,0
1289636,06:33:00,06:33:00,7038,18,0,0
1289636,06:35:00,06:35:00,7039,19,0,0
1289636,06:38:00,06:38:00,7040,20,0,0
1289636,06:40:00,06:40:00,7108,21,0,0
1289636,06:44:00,06:44:00,7041,22,0,0
1289636,06:46:00,06:46:00,7042,23,0,0
1289636,06:47:00,06:47:00,7043,24,0,0
1289636,06:49:00,06:49:00,7044,25,0,0
1289636,06:52:00,06:52:00,7045,26,1,1
1289636,06:53:00,06:53:00,7046,27,0,0
1289636,06:56:00,06:56:00,7047,28,0,0
1289636,06:57:00,06:57:00,7048,29,0,0
1289636,06:59:00,06:59:00,7049,30,1,0
1289637,05:26:00,05:26:00,7098,1,0,0
1289637,05:28:00,05:28:00,7104,2,0,0
1289637,05:31:00,05:31:00,7102,3,0,0
1289637,05:33:00,05:33:00,7100,4,0,0
1289637,05:37:00,05:37:00,7025,5,0,0
1289637,05:39:00,05:39:00,7026,6,0,0
1289637,05:41:00,05:41:00,7027,7,0,0
1289637,05:44:00,05:44:00,7028,8,0,0
1289637,05:46:00,05:46:00,7029,9,0,0
1289637,05:48:00,05:48:00,7030,10,0,0
1289637,05:50:00,05:50:00,7031,11,0,0
1289637,05:54:00,05:54:00,7032,12,0,0
1289637,05:55:00,05:55:00,7033,13,0,0
1289637,05:57:00,05:57:00,7034,14,0,0
1289637,05:59:00,05:59:00,7035,15,0,0
1289637,06:00:00,06:00:00,7036,16,0,0
1289637,06:02:00,06:02:00,7037,17,0,0
1289637,06:03:00,06:03:00,7038,18,0,0
1289637,06:05:00,06:05:00,7039,19,0,0
1289637,06:08:00,06:08:00,7040,20,0,0
1289637,06:10:00,06:10:00,7108,21,0,0
1289637,06:14:00,06:14:00,7041,22,0,0
1289637,06:16:00,06:16:00,7042,23,0,0
1289637,06:17:00,06:17:00,7043,24,0,0
1289637,06:19:00,06:19:00,7044,25,0,0
1289637,06:22:00,06:22:00,7045,26,1,1
1289637,06:23:00,06:23:00,7046,27,0,0
1289637,06:26:00,06:26:00,7047,28,0,0
1289637,06:27:00,06:27:00,7048,29,0,0
1289637,06:29:00,06:29:00,7049,30,1,0
1289638,21:56:00,21:56:00,7098,1,0,0
1289638,21:58:00,21:58:00,7104,2,0,0
1289638,22:01:00,22:01:00,7102,3,0,0
1289638,22:03:00,22:03:00,7100,4,0,0
1289638,22:07:00,22:07:00,7025,5,0,0
1289638,22:09:00,22:09:00,7026,6,0,0
1289638,22:11:00,22:11:00,7027,7,0,0
1289638,22:14:00,22:14:00,7028,8,0,0
1289638,22:16:00,22:16:00,7029,9,0,0
1289638,22:18:00,22:18:00,7030,10,0,0
1289638,22:20:00,22:20:00,7031,11,0,0
1289638,22:24:00,22:24:00,7032,12,0,0
1289638,22:25:00,22:25:00,7033,13,0,0
1289638,22:27:00,22:27:00,7034,14,0,0
1289638,22:29:00,22:29:00,7035,15,0,0
1289638,22:30:00,22:30:00,7036,16,0,0
1289638,22:32:00,22:32:00,7037,17,0,0
1289638,22:33:00,22:33:00,7038,18,0,0
1289638,22:35:00,22:35:00,7039,19,0,0
1289638,22:38:00,22:38:00,7040,20,0,0
1289638,22:40:00,22:40:00,7108,21,0,0
1289638,22:44:00,22:44:00,7041,22,0,0
1289638,22:46:00,22:46:00,7042,23,0,0
1289638,22:47:00,22:47:00,7043,24,0,0
1289638,22:49:00,22:49:00,7044,25,0,0
1289638,22:52:00,22:52:00,7045,26,1,1
1289638,22:53:00,22:53:00,7046,27,0,0
1289638,22:56:00,22:56:00,7047,28,0,0
1289638,22:57:00,22:57:00,7048,29,0,0
1289638,22:59:00,22:59:00,7049,30,1,0
1289639,21:26:00,21:26:00,7098,1,0,0
1289639,21:28:00,21:28:00,7104,2,0,0
1289639,21:31:00,21:31:00,7102,3,0,0
1289639,21:33:00,21:33:00,7100,4,0,0
1289639,21:37:00,21:37:00,7025,5,0,0
1289639,21:39:00,21:39:00,7026,6,0,0
1289639,21:41:00,21:41:00,7027,7,0,0
1289639,21:44:00,21:44:00,7028,8,0,0
1289639,21:46:00,21:46:00,7029,9,0,0
1289639,21:48:00,21:48:00,7030,10,0,0
1289639,21:50:00,21:50:00,7031,11,0,0
1289639,21:54:00,21:54:00,7032,12,0,0
1289639,21:55:00,21:55:00,7033,13,0,0
1289639,21:57:00,21:57:00,7034,14,0,0
1289639,21:59:00,21:59:00,7035,15,0,0
1289639,22:00:00,22:00:00,7036,16,0,0
1289639,22:02:00,22:02:00,7037,17,0,0
1289639,22:03:00,22:03:00,7038,18,0,0
1289639,22:05:00,22:05:00,7039,19,0,0
1289639,22:08:00,22:08:00,7040,20,0,0
1289639,22:10:00,22:10:00,7108,21,0,0
1289639,22:14:00,22:14:00,7041,22,0,0
1289639,22:16:00,22:16:00,7042,23,0,0
1289639,22:17:00,22:17:00,7043,24,0,0
1289639,22:19:00,22:19:00,7044,25,0,0
1289639,22:22:00,22:22:00,7045,26,1,1
1289639,22:23:00,22:23:00,7046,27,0,0
1289639,22:26:00,22:26:00,7047,28,0,0
1289639,22:27:00,22:27:00,7048,29,0,0
1289639,22:29:00,22:29:00,7049,30,1,0
1289640,20:56:00,20:56:00,7098,1,0,0
1289640,20:58:00,20:58:00,7104,2,0,0
1289640,21:01:00,21:01:00,7102,3,0,0
1289640,21:03:00,21:03:00,7100,4,0,0
1289640,21:07:00,21:07:00,7025,5,0,0
1289640,21:09:00,21:09:00,7026,6,0,0
1289640,21:11:00,21:11:00,7027,7,0,0
1289640,21:14:00,21:14:00,7028,8,0,0
1289640,21:16:00,21:16:00,7029,9,0,0
1289640,21:18:00,21:18:00,7030,10,0,0
1289640,21:20:00,21:20:00,7031,11,0,0
1289640,21:24:00,21:24:00,7032,12,0,0
1289640,21:25:00,21:25:00,7033,13,0,0
1289640,21:27:00,21:27:00,7034,14,0,0
1289640,21:29:00,21:29:00,7035,15,0,0
1289640,21:30:00,21:30:00,7036,16,0,0
1289640,21:32:00,21:32:00,7037,17,0,0
1289640,21:33:00,21:33:00,7038,18,0,0
1289640,21:35:00,21:35:00,7039,19,0,0
1289640,21:38:00,21:38:00,7040,20,0,0
1289640,21:40:00,21:40:00,7108,21,0,0
1289640,21:44:00,21:44:00,7041,22,0,0
1289640,21:46:00,21:46:00,7042,23,0,0
1289640,21:47:00,21:47:00,7043,24,0,0
1289640,21:49:00,21:49:00,7044,25,0,0
1289640,21:52:00,21:52:00,7045,26,1,1
1289640,21:53:00,21:53:00,7046,27,0,0
1289640,21:56:00,21:56:00,7047,28,0,0
1289640,21:57:00,21:57:00,7048,29,0,0
1289640,21:59:00,21:59:00,7049,30,1,0
1289641,20:26:00,20:26:00,7098,1,0,0
1289641,20:28:00,20:28:00,7104,2,0,0
1289641,20:31:00,20:31:00,7102,3,0,0
1289641,20:33:00,20:33:00,7100,4,0,0
1289641,20:37:00,20:37:00,7025,5,0,0
1289641,20:39:00,20:39:00,7026,6,0,0
1289641,20:41:00,20:41:00,7027,7,0,0
1289641,20:44:00,20:44:00,7028,8,0,0
1289641,20:46:00,20:46:00,7029,9,0,0
1289641,20:48:00,20:48:00,7030,10,0,0
1289641,20:50:00,20:50:00,7031,11,0,0
1289641,20:54:00,20:54:00,7032,12,0,0
1289641,20:55:00,20:55:00,7033,13,0,0
1289641,20:57:00,20:57:00,7034,14,0,0
1289641,20:59:00,20:59:00,7035,15,0,0
1289641,21:00:00,21:00:00,7036,16,0,0
1289641,21:02:00,21:02:00,7037,17,0,0
1289641,21:03:00,21:03:00,7038,18,0,0
1289641,21:05:00,21:05:00,7039,19,0,0
1289641,21:08:00,21:08:00,7040,20,0,0
1289641,21:10:00,21:10:00,7108,21,0,0
1289641,21:14:00,21:14:00,7041,22,0,0
1289641,21:16:00,21:16:00,7042,23,0,0
1289641,21:17:00,21:17:00,7043,24,0,0
1289641,21:19:00,21:19:00,7044,25,0,0
1289641,21:22:00,21:22:00,7045,26,1,1
1289641,21:23:00,21:23:00,7046,27,0,0
1289641,21:26:00,21:26:00,7047,28,0,0
1289641,21:27:00,21:27:00,7048,29,0,0
1289641,21:29:00,21:29:00,7049,30,1,0
1289642,18:56:00,18:56:00,7098,1,0,0
1289642,18:58:00,18:58:00,7104,2,0,0
1289642,19:01:00,19:01:00,7102,3,0,0
1289642,19:03:00,19:03:00,7100,4,0,0
1289642,19:07:00,19:07:00,7025,5,0,0
1289642,19:09:00,19:09:00,7026,6,0,0
1289642,19:11:00,19:11:00,7027,7,0,0
1289642,19:14:00,19:14:00,7028,8,0,0
1289642,19:16:00,19:16:00,7029,9,0,0
1289642,19:18:00,19:18:00,7030,10,0,0
1289642,19:20:00,19:20:00,7031,11,0,0
1289642,19:24:00,19:24:00,7032,12,0,0
1289642,19:25:00,19:25:00,7033,13,0,0
1289642,19:27:00,19:27:00,7034,14,0,0
1289642,19:29:00,19:29:00,7035,15,0,0
1289642,19:30:00,19:30:00,7036,16,0,0
1289642,19:32:00,19:32:00,7037,17,0,0
1289642,19:33:00,19:33:00,7038,18,0,0
1289642,19:35:00,19:35:00,7039,19,0,0
1289642,19:38:00,19:38:00,7040,20,0,0
1289642,19:40:00,19:40:00,7108,21,0,0
1289642,19:44:00,19:44:00,7041,22,0,0
1289642,19:46:00,19:46:00,7042,23,0,0
1289642,19:47:00,19:47:00,7043,24,0,0
1289642,19:49:00,19:49:00,7044,25,0,0
1289642,19:52:00,19:52:00,7045,26,1,1
1289642,19:53:00,19:53:00,7046,27,0,0
1289642,19:56:00,19:56:00,7047,28,0,0
1289642,19:57:00,19:57:00,7048,29,0,0
1289642,19:59:00,19:59:00,7049,30,1,0
1289643,18:26:00,18:26:00,7098,1,0,0
1289643,18:28:00,18:28:00,7104,2,0,0
1289643,18:31:00,18:31:00,7102,3,0,0
1289643,18:33:00,18:33:00,7100,4,0,0
1289643,18:37:00,18:37:00,7025,5,0,0
1289643,18:39:00,18:39:00,7026,6,0,0
1289643,18:41:00,18:41:00,7027,7,0,0
1289643,18:44:00,18:44:00,7028,8,0,0
1289643,18:46:00,18:46:00,7029,9,0,0
1289643,18:48:00,18:48:00,7030,10,0,0
1289643,18:50:00,18:50:00,7031,11,0,0
1289643,18:54:00,18:54:00,7032,12,0,0
1289643,18:55:00,18:55:00,7033,13,0,0
1289643,18:57:00,18:57:00,7034,14,0,0
1289643,18:59:00,18:59:00,7035,15,0,0
1289643,19:00:00,19:00:00,7036,16,0,0
1289643,19:02:00,19:02:00,7037,17,0,0
1289643,19:03:00,19:03:00,7038,18,0,0
1289643,19:05:00,19:05:00,7039,19,0,0
1289643,19:08:00,19:08:00,7040,20,0,0
1289643,19:10:00,19:10:00,7108,21,0,0
1289643,19:14:00,19:14:00,7041,22,0,0
1289643,19:16:00,19:16:00,7042,23,0,0
1289643,19:17:00,19:17:00,7043,24,0,0
1289643,19:19:00,19:19:00,7044,25,0,0
1289643,19:22:00,19:22:00,7045,26,1,1
1289643,19:23:00,19:23:00,7046,27,0,0
1289643,19:26:00,19:26:00,7047,28,0,0
1289643,19:27:00,19:27:00,7048,29,0,0
1289643,19:29:00,19:29:00,7049,30,1,0
1289644,17:56:00,17:56:00,7098,1,0,0
1289644,17:58:00,17:58:00,7104,2,0,0
1289644,18:01:00,18:01:00,7102,3,0,0
1289644,18:03:00,18:03:00,7100,4,0,0
1289644,18:07:00,18:07:00,7025,5,0,0
1289644,18:09:00,18:09:00,7026,6,0,0
1289644,18:11:00,18:11:00,7027,7,0,0
1289644,18:14:00,18:14:00,7028,8,0,0
1289644,18:16:00,18:16:00,7029,9,0,0
1289644,18:18:00,18:18:00,7030,10,0,0
1289644,18:20:00,18:20:00,7031,11,0,0
1289644,18:24:00,18:24:00,7032,12,0,0
1289644,18:25:00,18:25:00,7033,13,0,0
1289644,18:27:00,18:27:00,7034,14,0,0
1289644,18:29:00,18:29:00,7035,15,0,0
1289644,18:30:00,18:30:00,7036,16,0,0
1289644,18:32:00,18:32:00,7037,17,0,0
1289644,18:33:00,18:33:00,7038,18,0,0
1289644,18:35:00,18:35:00,7039,19,0,0
1289644,18:38:00,18:38:00,7040,20,0,0
1289644,18:40:00,18:40:00,7108,21,0,0
1289644,18:44:00,18:44:00,7041,22,0,0
1289644,18:46:00,18:46:00,7042,23,0,0
1289644,18:47:00,18:47:00,7043,24,0,0
1289644,18:49:00,18:49:00,7044,25,0,0
1289644,18:52:00,18:52:00,7045,26,1,1
1289644,18:53:00,18:53:00,7046,27,0,0
1289644,18:56:00,18:56:00,7047,28,0,0
1289644,18:57:00,18:57:00,7048,29,0,0
1289644,18:59:00,18:59:00,7049,30,1,0
1289645,17:26:00,17:26:00,7098,1,0,0
1289645,17:28:00,17:28:00,7104,2,0,0
1289645,17:31:00,17:31:00,7102,3,0,0
1289645,17:33:00,17:33:00,7100,4,0,0
1289645,17:37:00,17:37:00,7025,5,0,0
1289645,17:39:00,17:39:00,7026,6,0,0
1289645,17:41:00,17:41:00,7027,7,0,0
1289645,17:44:00,17:44:00,7028,8,0,0
1289645,17:46:00,17:46:00,7029,9,0,0
1289645,17:48:00,17:48:00,7030,10,0,0
1289645,17:50:00,17:50:00,7031,11,0,0
1289645,17:54:00,17:54:00,7032,12,0,0
1289645,17:55:00,17:55:00,7033,13,0,0
1289645,17:57:00,17:57:00,7034,14,0,0
1289645,17:59:00,17:59:00,7035,15,0,0
1289645,18:00:00,18:00:00,7036,16,0,0
1289645,18:02:00,18:02:00,7037,17,0,0
1289645,18:03:00,18:03:00,7038,18,0,0
1289645,18:05:00,18:05:00,7039,19,0,0
1289645,18:08:00,18:08:00,7040,20,0,0
1289645,18:10:00,18:10:00,7108,21,0,0
1289645,18:14:00,18:14:00,7041,22,0,0
1289645,18:16:00,18:16:00,7042,23,0,0
1289645,18:17:00,18:17:00,7043,24,0,0
1289645,18:19:00,18:19:00,7044,25,0,0
1289645,18:22:00,18:22:00,7045,26,1,1
1289645,18:23:00,18:23:00,7046,27,0,0
1289645,18:26:00,18:26:00,7047,28,0,0
1289645,18:27:00,18:27:00,7048,29,0,0
1289645,18:29:00,18:29:00,7049,30,1,0
1289646,16:56:00,16:56:00,7098,1,0,0
1289646,16:58:00,16:58:00,7104,2,0,0
1289646,17:01:00,17:01:00,7102,3,0,0
1289646,17:03:00,17:03:00,7100,4,0,0
1289646,17:07:00,17:07:00,7025,5,0,0
1289646,17:09:00,17:09:00,7026,6,0,0
1289646,17:11:00,17:11:00,7027,7,0,0
1289646,17:14:00,17:14:00,7028,8,0,0
1289646,17:16:00,17:16:00,7029,9,0,0
1289646,17:18:00,17:18:00,7030,10,0,0
1289646,17:20:00,17:20:00,7031,11,0,0
1289646,17:24:00,17:24:00,7032,12,0,0
1289646,17:25:00,17:25:00,7033,13,0,0
1289646,17:27:00,17:27:00,7034,14,0,0
1289646,17:29:00,17:29:00,7035,15,0,0
1289646,17:30:00,17:30:00,7036,16,0,0
1289646,17:32:00,17:32:00,7037,17,0,0
1289646,17:33:00,17:33:00,7038,18,0,0
1289646,17:35:00,17:35:00,7039,19,0,0
1289646,17:38:00,17:38:00,7040,20,0,0
1289646,17:40:00,17:40:00,7108,21,0,0
1289646,17:44:00,17:44:00,7041,22,0,0
1289646,17:46:00,17:46:00,7042,23,0,0
1289646,17:47:00,17:47:00,7043,24,0,0
1289646,17:49:00,17:49:00,7044,25,0,0
1289646,17:52:00,17:52:00,7045,26,1,1
1289646,17:53:00,17:53:00,7046,27,0,0
1289646,17:56:00,17:56:00,7047,28,0,0
1289646,17:57:00,17:57:00,7048,29,0,0
1289646,17:59:00,17:59:00,7049,30,1,0
1289647,16:26:00,16:26:00,7098,1,0,0
1289647,16:28:00,16:28:00,7104,2,0,0
1289647,16:31:00,16:31:00,7102,3,0,0
1289647,16:33:00,16:33:00,7100,4,0,0
1289647,16:37:00,16:37:00,7025,5,0,0
1289647,16:39:00,16:39:00,7026,6,0,0
1289647,16:41:00,16:41:00,7027,7,0,0
1289647,16:44:00,16:44:00,7028,8,0,0
1289647,16:46:00,16:46:00,7029,9,0,0
1289647,16:48:00,16:48:00,7030,10,0,0
1289647,16:50:00,16:50:00,7031,11,0,0
1289647,16:54:00,16:54:00,7032,12,0,0
1289647,16:55:00,16:55:00,7033,13,0,0
1289647,16:57:00,16:57:00,7034,14,0,0
1289647,16:59:00,16:59:00,7035,15,0,0
1289647,17:00:00,17:00:00,7036,16,0,0
1289647,17:02:00,17:02:00,7037,17,0,0
1289647,17:03:00,17:03:00,7038,18,0,0
1289647,17:05:00,17:05:00,7039,19,0,0
1289647,17:08:00,17:08:00,7040,20,0,0
1289647,17:10:00,17:10:00,7108,21,0,0
1289647,17:14:00,17:14:00,7041,22,0,0
1289647,17:16:00,17:16:00,7042,23,0,0
1289647,17:17:00,17:17:00,7043,24,0,0
1289647,17:19:00,17:19:00,7044,25,0,0
1289647,17:22:00,17:22:00,7045,26,1,1
1289647,17:23:00,17:23:00,7046,27,0,0
1289647,17:26:00,17:26:00,7047,28,0,0
1289647,17:27:00,17:27:00,7048,29,0,0
1289647,17:29:00,17:29:00,7049,30,1,0
1289648,15:56:00,15:56:00,7098,1,0,0
1289648,15:58:00,15:58:00,7104,2,0,0
1289648,16:01:00,16:01:00,7102,3,0,0
1289648,16:03:00,16:03:00,7100,4,0,0
1289648,16:07:00,16:07:00,7025,5,0,0
1289648,16:09:00,16:09:00,7026,6,0,0
1289648,16:11:00,16:11:00,7027,7,0,0
1289648,16:14:00,16:14:00,7028,8,0,0
1289648,16:16:00,16:16:00,7029,9,0,0
1289648,16:18:00,16:18:00,7030,10,0,0
1289648,16:20:00,16:20:00,7031,11,0,0
1289648,16:24:00,16:24:00,7032,12,0,0
1289648,16:25:00,16:25:00,7033,13,0,0
1289648,16:27:00,16:27:00,7034,14,0,0
1289648,16:29:00,16:29:00,7035,15,0,0
1289648,16:30:00,16:30:00,7036,16,0,0
1289648,16:32:00,16:32:00,7037,17,0,0
1289648,16:33:00,16:33:00,7038,18,0,0
1289648,16:35:00,16:35:00,7039,19,0,0
1289648,16:38:00,16:38:00,7040,20,0,0
1289648,16:40:00,16:40:00,7108,21,0,0
1289648,16:44:00,16:44:00,7041,22,0,0
1289648,16:46:00,16:46:00,7042,23,0,0
1289648,16:47:00,16:47:00,7043,24,0,0
1289648,16:49:00,16:49:00,7044,25,0,0
1289648,16:52:00,16:52:00,7045,26,1,1
1289648,16:53:00,16:53:00,7046,27,0,0
1289648,16:56:00,16:56:00,7047,28,0,0
1289648,16:57:00,16:57:00,7048,29,0,0
1289648,16:59:00,16:59:00,7049,30,1,0
1289649,15:26:00,15:26:00,7098,1,0,0
1289649,15:28:00,15:28:00,7104,2,0,0
1289649,15:31:00,15:31:00,7102,3,0,0
1289649,15:33:00,15:33:00,7100,4,0,0
1289649,15:37:00,15:37:00,7025,5,0,0
1289649,15:39:00,15:39:00,7026,6,0,0
1289649,15:41:00,15:41:00,7027,7,0,0
1289649,15:44:00,15:44:00,7028,8,0,0
1289649,15:46:00,15:46:00,7029,9,0,0
1289649,15:48:00,15:48:00,7030,10,0,0
1289649,15:50:00,15:50:00,7031,11,0,0
1289649,15:54:00,15:54:00,7032,12,0,0
1289649,15:55:00,15:55:00,7033,13,0,0
1289649,15:57:00,15:57:00,7034,14,0,0
1289649,15:59:00,15:59:00,7035,15,0,0
1289649,16:00:00,16:00:00,7036,16,0,0
1289649,16:02:00,16:02:00,7037,17,0,0
1289649,16:03:00,16:03:00,7038,18,0,0
1289649,16:05:00,16:05:00,7039,19,0,0
1289649,16:08:00,16:08:00,7040,20,0,0
1289649,16:10:00,16:10:00,7108,21,0,0
1289649,16:14:00,16:14:00,7041,22,0,0
1289649,16:16:00,16:16:00,7042,23,0,0
1289649,16:17:00,16:17:00,7043,24,0,0
1289649,16:19:00,16:19:00,7044,25,0,0
1289649,16:22:00,16:22:00,7045,26,1,1
1289649,16:23:00,16:23:00,7046,27,0,0
1289649,16:26:00,16:26:00,7047,28,0,0
1289649,16:27:00,16:27:00,7048,29,0,0
1289649,16:29:00,16:29:00,7049,30,1,0
1289650,14:56:00,14:56:00,7098,1,0,0
1289650,14:58:00,14:58:00,7104,2,0,0
1289650,15:01:00,15:01:00,7102,3,0,0
1289650,15:03:00,15:03:00,7100,4,0,0
1289650,15:07:00,15:07:00,7025,5,0,0
1289650,15:09:00,15:09:00,7026,6,0,0
1289650,15:11:00,15:11:00,7027,7,0,0
1289650,15:14:00,15:14:00,7028,8,0,0
1289650,15:16:00,15:16:00,7029,9,0,0
1289650,15:18:00,15:18:00,7030,10,0,0
1289650,15:20:00,15:20:00,7031,11,0,0
1289650,15:24:00,15:24:00,7032,12,0,0
1289650,15:25:00,15:25:00,7033,13,0,0
1289650,15:27:00,15:27:00,7034,14,0,0
1289650,15:29:00,15:29:00,7035,15,0,0
1289650,15:30:00,15:30:00,7036,16,0,0
1289650,15:32:00,15:32:00,7037,17,0,0
1289650,15:33:00,15:33:00,7038,18,0,0
1289650,15:35:00,15:35:00,7039,19,0,0
1289650,15:38:00,15:38:00,7040,20,0,0
1289650,15:40:00,15:40:00,7108,21,0,0
1289650,15:44:00,15:44:00,7041,22,0,0
1289650,15:46:00,15:46:00,7042,23,0,0
1289650,15:47:00,15:47:00,7043,24,0,0
1289650,15:49:00,15:49:00,7044,25,0,0
1289650,15:52:00,15:52:00,7045,26,1,1
1289650,15:53:00,15:53:00,7046,27,0,0
1289650,15:56:00,15:56:00,7047,28,0,0
1289650,15:57:00,15:57:00,7048,29,0,0
1289650,15:59:00,15:59:00,7049,30,1,0
1289651,14:26:00,14:26:00,7098,1,0,0
1289651,14:28:00,14:28:00,7104,2,0,0
1289651,14:31:00,14:31:00,7102,3,0,0
1289651,14:33:00,14:33:00,7100,4,0,0
1289651,14:37:00,14:37:00,7025,5,0,0
1289651,14:39:00,14:39:00,7026,6,0,0
1289651,14:41:00,14:41:00,7027,7,0,0
1289651,14:44:00,14:44:00,7028,8,0,0
1289651,14:46:00,14:46:00,7029,9,0,0
1289651,14:48:00,14:48:00,7030,10,0,0
1289651,14:50:00,14:50:00,7031,11,0,0
1289651,14:54:00,14:54:00,7032,12,0,0
1289651,14:55:00,14:55:00,7033,13,0,0
1289651,14:57:00,14:57:00,7034,14,0,0
1289651,14:59:00,14:59:00,7035,15,0,0
1289651,15:00:00,15:00:00,7036,16,0,0
1289651,15:02:00,15:02:00,7037,17,0,0
1289651,15:03:00,15:03:00,7038,18,0,0
1289651,15:05:00,15:05:00,7039,19,0,0
1289651,15:08:00,15:08:00,7040,20,0,0
1289651,15:10:00,15:10:00,7108,21,0,0
1289651,15:14:00,15:14:00,7041,22,0,0
1289651,15:16:00,15:16:00,7042,23,0,0
1289651,15:17:00,15:17:00,7043,24,0,0
1289651,15:19:00,15:19:00,7044,25,0,0
1289651,15:22:00,15:22:00,7045,26,1,1
1289651,15:23:00,15:23:00,7046,27,0,0
1289651,15:26:00,15:26:00,7047,28,0,0
1289651,15:27:00,15:27:00,7048,29,0,0
1289651,15:29:00,15:29:00,7049,30,1,0
1289652,13:56:00,13:56:00,7098,1,0,0
1289652,13:58:00,13:58:00,7104,2,0,0
1289652,14:01:00,14:01:00,7102,3,0,0
1289652,14:03:00,14:03:00,7100,4,0,0
1289652,14:07:00,14:07:00,7025,5,0,0
1289652,14:09:00,14:09:00,7026,6,0,0
1289652,14:11:00,14:11:00,7027,7,0,0
1289652,14:14:00,14:14:00,7028,8,0,0
1289652,14:16:00,14:16:00,7029,9,0,0
1289652,14:18:00,14:18:00,7030,10,0,0
1289652,14:20:00,14:20:00,7031,11,0,0
1289652,14:24:00,14:24:00,7032,12,0,0
1289652,14:25:00,14:25:00,7033,13,0,0
1289652,14:27:00,14:27:00,7034,14,0,0
1289652,14:29:00,14:29:00,7035,15,0,0
1289652,14:30:00,14:30:00,7036,16,0,0
1289652,14:32:00,14:32:00,7037,17,0,0
1289652,14:33:00,14:33:00,7038,18,0,0
1289652,14:35:00,14:35:00,7039,19,0,0
1289652,14:38:00,14:38:00,7040,20,0,0
1289652,14:40:00,14:40:00,7108,21,0,0
1289652,14:44:00,14:44:00,7041,22,0,0
1289652,14:46:00,14:46:00,7042,23,0,0
1289652,14:47:00,14:47:00,7043,24,0,0
1289652,14:49:00,14:49:00,7044,25,0,0
1289652,14:52:00,14:52:00,7045,26,1,1
1289652,14:53:00,14:53:00,7046,27,0,0
1289652,14:56:00,14:56:00,7047,28,0,0
1289652,14:57:00,14:57:00,7048,29,0,0
1289652,14:59:00,14:59:00,7049,30,1,0
1289653,13:26:00,13:26:00,7098,1,0,0
1289653,13:28:00,13:28:00,7104,2,0,0
1289653,13:31:00,13:31:00,7102,3,0,0
1289653,13:33:00,13:33:00,7100,4,0,0
1289653,13:37:00,13:37:00,7025,5,0,0
1289653,13:39:00,13:39:00,7026,6,0,0
1289653,13:41:00,13:41:00,7027,7,0,0
1289653,13:44:00,13:44:00,7028,8,0,0
1289653,13:46:00,13:46:00,7029,9,0,0
1289653,13:48:00,13:48:00,7030,10,0,0
1289653,13:50:00,13:50:00,7031,11,0,0
1289653,13:54:00,13:54:00,7032,12,0,0
1289653,13:55:00,13:55:00,7033,13,0,0
1289653,13:57:00,13:57:00,7034,14,0,0
1289653,13:59:00,13:59:00,7035,15,0,0
1289653,14:00:00,14:00:00,7036,16,0,0
1289653,14:02:00,14:02:00,7037,17,0,0
1289653,14:03:00,14:03:00,7038,18,0,0
1289653,14:05:00,14:05:00,7039,19,0,0
1289653,14:08:00,14:08:00,7040,20,0,0
1289653,14:10:00,14:10:00,7108,21,0,0
1289653,14:14:00,14:14:00,7041,22,0,0
1289653,14:16:00,14:16:00,7042,23,0,0
1289653,14:17:00,14:17:00,7043,24,0,0
1289653,14:19:00,14:19:00,7044,25,0,0
1289653,14:22:00,14:22:00,7045,26,1,1
1289653,14:23:00,14:23:00,7046,27,0,0
1289653,14:26:00,14:26:00,7047,28,0,0
1289653,14:27:00,14:27:00,7048,29,0,0
1289653,14:29:00,14:29:00,7049,30,1,0
1289654,12:56:00,12:56:00,7098,1,0,0
1289654,12:58:00,12:58:00,7104,2,0,0
1289654,13:01:00,13:01:00,7102,3,0,0
1289654,13:03:00,13:03:00,7100,4,0,0
1289654,13:07:00,13:07:00,7025,5,0,0
1289654,13:09:00,13:09:00,7026,6,0,0
1289654,13:11:00,13:11:00,7027,7,0,0
1289654,13:14:00,13:14:00,7028,8,0,0
1289654,13:16:00,13:16:00,7029,9,0,0
1289654,13:18:00,13:18:00,7030,10,0,0
1289654,13:20:00,13:20:00,7031,11,0,0
1289654,13:24:00,13:24:00,7032,12,0,0
1289654,13:25:00,13:25:00,7033,13,0,0
1289654,13:27:00,13:27:00,7034,14,0,0
1289654,13:29:00,13:29:00,7035,15,0,0
1289654,13:30:00,13:30:00,7036,16,0,0
1289654,13:32:00,13:32:00,7037,17,0,0
1289654,13:33:00,13:33:00,7038,18,0,0
1289654,13:35:00,13:35:00,7039,19,0,0
1289654,13:38:00,13:38:00,7040,20,0,0
1289654,13:40:00,13:40:00,7108,21,0,0
1289654,13:44:00,13:44:00,7041,22,0,0
1289654,13:46:00,13:46:00,7042,23,0,0
1289654,13:47:00,13:47:00,7043,24,0,0
1289654,13:49:00,13:49:00,7044,25,0,0
1289654,13:52:00,13:52:00,7045,26,1,1
1289654,13:53:00,13:53:00,7046,27,0,0
1289654,13:56:00,13:56:00,7047,28,0,0
1289654,13:57:00,13:57:00,7048,29,0,0
1289654,13:59:00,13:59:00,7049,30,1,0
1289655,12:26:00,12:26:00,7098,1,0,0
1289655,12:28:00,12:28:00,7104,2,0,0
1289655,12:31:00,12:31:00,7102,3,0,0
1289655,12:33:00,12:33:00,7100,4,0,0
1289655,12:37:00,12:37:00,7025,5,0,0
1289655,12:39:00,12:39:00,7026,6,0,0
1289655,12:41:00,12:41:00,7027,7,0,0
1289655,12:44:00,12:44:00,7028,8,0,0
1289655,12:46:00,12:46:00,7029,9,0,0
1289655,12:48:00,12:48:00,7030,10,0,0
1289655,12:50:00,12:50:00,7031,11,0,0
1289655,12:54:00,12:54:00,7032,12,0,0
1289655,12:55:00,12:55:00,7033,13,0,0
1289655,12:57:00,12:57:00,7034,14,0,0
1289655,12:59:00,12:59:00,7035,15,0,0
1289655,13:00:00,13:00:00,7036,16,0,0
1289655,13:02:00,13:02:00,7037,17,0,0
1289655,13:03:00,13:03:00,7038,18,0,0
1289655,13:05:00,13:05:00,7039,19,0,0
1289655,13:08:00,13:08:00,7040,20,0,0
1289655,13:10:00,13:10:00,7108,21,0,0
1289655,13:14:00,13:14:00,7041,22,0,0
1289655,13:16:00,13:16:00,7042,23,0,0
1289655,13:17:00,13:17:00,7043,24,0,0
1289655,13:19:00,13:19:00,7044,25,0,0
1289655,13:22:00,13:22:00,7045,26,1,1
1289655,13:23:00,13:23:00,7046,27,0,0
1289655,13:26:00,13:26:00,7047,28,0,0
1289655,13:27:00,13:27:00,7048,29,0,0
1289655,13:29:00,13:29:00,7049,30,1,0
1289656,11:56:00,11:56:00,7098,1,0,0
1289656,11:58:00,11:58:00,7104,2,0,0
1289656,12:01:00,12:01:00,7102,3,0,0
1289656,12:03:00,12:03:00,7100,4,0,0
1289656,12:07:00,12:07:00,7025,5,0,0
1289656,12:09:00,12:09:00,7026,6,0,0
1289656,12:11:00,12:11:00,7027,7,0,0
1289656,12:14:00,12:14:00,7028,8,0,0
1289656,12:16:00,12:16:00,7029,9,0,0
1289656,12:18:00,12:18:00,7030,10,0,0
1289656,12:20:00,12:20:00,7031,11,0,0
1289656,12:24:00,12:24:00,7032,12,0,0
1289656,12:25:00,12:25:00,7033,13,0,0
1289656,12:27:00,12:27:00,7034,14,0,0
1289656,12:29:00,12:29:00,7035,15,0,0
1289656,12:30:00,12:30:00,7036,16,0,0
1289656,12:32:00,12:32:00,7037,17,0,0
1289656,12:33:00,12:33:00,7038,18,0,0
1289656,12:35:00,12:35:00,7039,19,0,0
1289656,12:38:00,12:38:00,7040,20,0,0
1289656,12:40:00,12:40:00,7108,21,0,0
1289656,12:44:00,12:44:00,7041,22,0,0
1289656,12:46:00,12:46:00,7042,23,0,0
1289656,12:47:00,12:47:00,7043,24,0,0
1289656,12:49:00,12:49:00,7044,25,0,0
1289656,12:52:00,12:52:00,7045,26,1,1
1289656,12:53:00,12:53:00,7046,27,0,0
1289656,12:56:00,12:56:00,7047,28,0,0
1289656,12:57:00,12:57:00,7048,29,0,0
1289656,12:59:00,12:59:00,7049,30,1,0
1289657,11:26:00,11:26:00,7098,1,0,0
1289657,11:28:00,11:28:00,7104,2,0,0
1289657,11:31:00,11:31:00,7102,3,0,0
1289657,11:33:00,11:33:00,7100,4,0,0
1289657,11:37:00,11:37:00,7025,5,0,0
1289657,11:39:00,11:39:00,7026,6,0,0
1289657,11:41:00,11:41:00,7027,7,0,0
1289657,11:44:00,11:44:00,7028,8,0,0
1289657,11:46:00,11:46:00,7029,9,0,0
1289657,11:48:00,11:48:00,7030,10,0,0
1289657,11:50:00,11:50:00,7031,11,0,0
1289657,11:54:00,11:54:00,7032,12,0,0
1289657,11:55:00,11:55:00,7033,13,0,0
1289657,11:57:00,11:57:00,7034,14,0,0
1289657,11:59:00,11:59:00,7035,15,0,0
1289657,12:00:00,12:00:00,7036,16,0,0
1289657,12:02:00,12:02:00,7037,17,0,0
1289657,12:03:00,12:03:00,7038,18,0,0
1289657,12:05:00,12:05:00,7039,19,0,0
1289657,12:08:00,12:08:00,7040,20,0,0
1289657,12:10:00,12:10:00,7108,21,0,0
1289657,12:14:00,12:14:00,7041,22,0,0
1289657,12:16:00,12:16:00,7042,23,0,0
1289657,12:17:00,12:17:00,7043,24,0,0
1289657,12:19:00,12:19:00,7044,25,0,0
1289657,12:22:00,12:22:00,7045,26,1,1
1289657,12:23:00,12:23:00,7046,27,0,0
1289657,12:26:00,12:26:00,7047,28,0,0
1289657,12:27:00,12:27:00,7048,29,0,0
1289657,12:29:00,12:29:00,7049,30,1,0
1289658,10:56:00,10:56:00,7098,1,0,0
1289658,10:58:00,10:58:00,7104,2,0,0
1289658,11:01:00,11:01:00,7102,3,0,0
1289658,11:03:00,11:03:00,7100,4,0,0
1289658,11:07:00,11:07:00,7025,5,0,0
1289658,11:09:00,11:09:00,7026,6,0,0
1289658,11:11:00,11:11:00,7027,7,0,0
1289658,11:14:00,11:14:00,7028,8,0,0
1289658,11:16:00,11:16:00,7029,9,0,0
1289658,11:18:00,11:18:00,7030,10,0,0
1289658,11:20:00,11:20:00,7031,11,0,0
1289658,11:24:00,11:24:00,7032,12,0,0
1289658,11:25:00,11:25:00,7033,13,0,0
1289658,11:27:00,11:27:00,7034,14,0,0
1289658,11:29:00,11:29:00,7035,15,0,0
1289658,11:30:00,11:30:00,7036,16,0,0
1289658,11:32:00,11:32:00,7037,17,0,0
1289658,11:33:00,11:33:00,7038,18,0,0
1289658,11:35:00,11:35:00,7039,19,0,0
1289658,11:38:00,11:38:00,7040,20,0,0
1289658,11:40:00,11:40:00,7108,21,0,0
1289658,11:44:00,11:44:00,7041,22,0,0
1289658,11:46:00,11:46:00,7042,23,0,0
1289658,11:47:00,11:47:00,7043,24,0,0
1289658,11:49:00,11:49:00,7044,25,0,0
1289658,11:52:00,11:52:00,7045,26,1,1
1289658,11:53:00,11:53:00,7046,27,0,0
1289658,11:56:00,11:56:00,7047,28,0,0
1289658,11:57:00,11:57:00,7048,29,0,0
1289658,11:59:00,11:59:00,7049,30,1,0
1289659,10:26:00,10:26:00,7098,1,0,0
1289659,10:28:00,10:28:00,7104,2,0,0
1289659,10:31:00,10:31:00,7102,3,0,0
1289659,10:33:00,10:33:00,7100,4,0,0
1289659,10:37:00,10:37:00,7025,5,0,0
1289659,10:39:00,10:39:00,7026,6,0,0
1289659,10:41:00,10:41:00,7027,7,0,0
1289659,10:44:00,10:44:00,7028,8,0,0
1289659,10:46:00,10:46:00,7029,9,0,0
1289659,10:48:00,10:48:00,7030,10,0,0
1289659,10:50:00,10:50:00,7031,11,0,0
1289659,10:54:00,10:54:00,7032,12,0,0
1289659,10:55:00,10:55:00,7033,13,0,0
1289659,10:57:00,10:57:00,7034,14,0,0
1289659,10:59:00,10:59:00,7035,15,0,0
1289659,11:00:00,11:00:00,7036,16,0,0
1289659,11:02:00,11:02:00,7037,17,0,0
1289659,11:03:00,11:03:00,7038,18,0,0
1289659,11:05:00,11:05:00,7039,19,0,0
1289659,11:08:00,11:08:00,7040,20,0,0
1289659,11:10:00,11:10:00,7108,21,0,0
1289659,11:14:00,11:14:00,7041,22,0,0
1289659,11:16:00,11:16:00,7042,23,0,0
1289659,11:17:00,11:17:00,7043,24,0,0
1289659,11:19:00,11:19:00,7044,25,0,0
1289659,11:22:00,11:22:00,7045,26,1,1
1289659,11:23:00,11:23:00,7046,27,0,0
1289659,11:26:00,11:26:00,7047,28,0,0
1289659,11:27:00,11:27:00,7048,29,0,0
1289659,11:29:00,11:29:00,7049,30,1,0
1289660,19:56:00,19:56:00,7098,1,0,0
1289660,19:58:00,19:58:00,7104,2,0,0
1289660,20:01:00,20:01:00,7102,3,0,0
1289660,20:03:00,20:03:00,7100,4,0,0
1289660,20:07:00,20:07:00,7025,5,0,0
1289660,20:09:00,20:09:00,7026,6,0,0
1289660,20:11:00,20:11:00,7027,7,0,0
1289660,20:14:00,20:14:00,7028,8,0,0
1289660,20:16:00,20:16:00,7029,9,0,0
1289660,20:18:00,20:18:00,7030,10,0,0
1289660,20:20:00,20:20:00,7031,11,0,0
1289660,20:24:00,20:24:00,7032,12,0,0
1289660,20:25:00,20:25:00,7033,13,0,0
1289660,20:27:00,20:27:00,7034,14,0,0
1289660,20:29:00,20:29:00,7035,15,0,0
1289660,20:30:00,20:30:00,7036,16,0,0
1289660,20:32:00,20:32:00,7037,17,0,0
1289660,20:33:00,20:33:00,7038,18,0,0
1289660,20:35:00,20:35:00,7039,19,0,0
1289660,20:38:00,20:38:00,7040,20,0,0
1289660,20:40:00,20:40:00,7108,21,0,0
1289660,20:44:00,20:44:00,7041,22,0,0
1289660,20:46:00,20:46:00,7042,23,0,0
1289660,20:47:00,20:47:00,7043,24,0,0
1289660,20:49:00,20:49:00,7044,25,0,0
1289660,20:52:00,20:52:00,7045,26,1,1
1289660,20:53:00,20:53:00,7046,27,0,0
1289660,20:56:00,20:56:00,7047,28,0,0
1289660,20:57:00,20:57:00,7048,29,0,0
1289660,20:59:00,20:59:00,7049,30,1,0
1289661,19:26:00,19:26:00,7098,1,0,0
1289661,19:28:00,19:28:00,7104,2,0,0
1289661,19:31:00,19:31:00,7102,3,0,0
1289661,19:33:00,19:33:00,7100,4,0,0
1289661,19:37:00,19:37:00,7025,5,0,0
1289661,19:39:00,19:39:00,7026,6,0,0
1289661,19:41:00,19:41:00,7027,7,0,0
1289661,19:44:00,19:44:00,7028,8,0,0
1289661,19:46:00,19:46:00,7029,9,0,0
1289661,19:48:00,19:48:00,7030,10,0,0
1289661,19:50:00,19:50:00,7031,11,0,0
1289661,19:54:00,19:54:00,7032,12,0,0
1289661,19:55:00,19:55:00,7033,13,0,0
1289661,19:57:00,19:57:00,7034,14,0,0
1289661,19:59:00,19:59:00,7035,15,0,0
1289661,20:00:00,20:00:00,7036,16,0,0
1289661,20:02:00,20:02:00,7037,17,0,0
1289661,20:03:00,20:03:00,7038,18,0,0
1289661,20:05:00,20:05:00,7039,19,0,0
1289661,20:08:00,20:08:00,7040,20,0,0
1289661,20:10:00,20:10:00,7108,21,0,0
1289661,20:14:00,20:14:00,7041,22,0,0
1289661,20:16:00,20:16:00,7042,23,0,0
1289661,20:17:00,20:17:00,7043,24,0,0
1289661,20:19:00,20:19:00,7044,25,0,0
1289661,20:22:00,20:22:00,7045,26,1,1
1289661,20:23:00,20:23:00,7046,27,0,0
1289661,20:26:00,20:26:00,7047,28,0,0
1289661,20:27:00,20:27:00,7048,29,0,0
1289661,20:29:00,20:29:00,7049,30,1,0
1289662,10:11:00,10:11:00,7098,1,0,0
1289662,10:13:00,10:13:00,7104,2,0,0
1289662,10:16:00,10:16:00,7102,3,0,0
1289662,10:18:00,10:18:00,7100,4,0,0
1289662,10:22:00,10:22:00,7025,5,0,0
1289662,10:24:00,10:24:00,7026,6,0,0
1289662,10:26:00,10:26:00,7027,7,0,0
1289662,10:29:00,10:29:00,7028,8,0,0
1289662,10:31:00,10:31:00,7029,9,0,0
1289662,10:33:00,10:33:00,7030,10,0,0
1289662,10:35:00,10:35:00,7031,11,0,0
1289662,10:39:00,10:39:00,7032,12,0,0
1289662,10:40:00,10:40:00,7033,13,0,0
1289662,10:42:00,10:42:00,7034,14,0,0
1289662,10:44:00,10:44:00,7035,15,0,0
1289662,10:45:00,10:45:00,7036,16,0,0
1289662,10:47:00,10:47:00,7037,17,0,0
1289662,10:48:00,10:48:00,7038,18,0,0
1289662,10:50:00,10:50:00,7039,19,0,0
1289662,10:53:00,10:53:00,7040,20,0,0
1289662,10:55:00,10:55:00,7108,21,0,0
1289662,10:59:00,10:59:00,7041,22,0,0
1289662,11:01:00,11:01:00,7042,23,0,0
1289662,11:02:00,11:02:00,7043,24,0,0
1289662,11:04:00,11:04:00,7044,25,0,0
1289662,11:07:00,11:07:00,7045,26,1,1
1289662,11:08:00,11:08:00,7046,27,0,0
1289662,11:11:00,11:11:00,7047,28,0,0
1289662,11:12:00,11:12:00,7048,29,0,0
1289662,11:14:00,11:14:00,7049,30,1,0
1289663,10:41:00,10:41:00,7098,1,0,0
1289663,10:43:00,10:43:00,7104,2,0,0
1289663,10:46:00,10:46:00,7102,3,0,0
1289663,10:48:00,10:48:00,7100,4,0,0
1289663,10:52:00,10:52:00,7025,5,0,0
1289663,10:54:00,10:54:00,7026,6,0,0
1289663,10:56:00,10:56:00,7027,7,0,0
1289663,10:59:00,10:59:00,7028,8,0,0
1289663,11:01:00,11:01:00,7029,9,0,0
1289663,11:03:00,11:03:00,7030,10,0,0
1289663,11:05:00,11:05:00,7031,11,0,0
1289663,11:09:00,11:09:00,7032,12,0,0
1289663,11:10:00,11:10:00,7033,13,0,0
1289663,11:12:00,11:12:00,7034,14,0,0
1289663,11:14:00,11:14:00,7035,15,0,0
1289663,11:15:00,11:15:00,7036,16,0,0
1289663,11:17:00,11:17:00,7037,17,0,0
1289663,11:18:00,11:18:00,7038,18,0,0
1289663,11:20:00,11:20:00,7039,19,0,0
1289663,11:23:00,11:23:00,7040,20,0,0
1289663,11:25:00,11:25:00,7108,21,0,0
1289663,11:29:00,11:29:00,7041,22,0,0
1289663,11:31:00,11:31:00,7042,23,0,0
1289663,11:32:00,11:32:00,7043,24,0,0
1289663,11:34:00,11:34:00,7044,25,0,0
1289663,11:37:00,11:37:00,7045,26,1,1
1289663,11:38:00,11:38:00,7046,27,0,0
1289663,11:41:00,11:41:00,7047,28,0,0
1289663,11:42:00,11:42:00,7048,29,0,0
1289663,11:44:00,11:44:00,7049,30,1,0
1289664,11:11:00,11:11:00,7098,1,0,0
1289664,11:13:00,11:13:00,7104,2,0,0
1289664,11:16:00,11:16:00,7102,3,0,0
1289664,11:18:00,11:18:00,7100,4,0,0
1289664,11:22:00,11:22:00,7025,5,0,0
1289664,11:24:00,11:24:00,7026,6,0,0
1289664,11:26:00,11:26:00,7027,7,0,0
1289664,11:29:00,11:29:00,7028,8,0,0
1289664,11:31:00,11:31:00,7029,9,0,0
1289664,11:33:00,11:33:00,7030,10,0,0
1289664,11:35:00,11:35:00,7031,11,0,0
1289664,11:39:00,11:39:00,7032,12,0,0
1289664,11:40:00,11:40:00,7033,13,0,0
1289664,11:42:00,11:42:00,7034,14,0,0
1289664,11:44:00,11:44:00,7035,15,0,0
1289664,11:45:00,11:45:00,7036,16,0,0
1289664,11:47:00,11:47:00,7037,17,0,0
1289664,11:48:00,11:48:00,7038,18,0,0
1289664,11:50:00,11:50:00,7039,19,0,0
1289664,11:53:00,11:53:00,7040,20,0,0
1289664,11:55:00,11:55:00,7108,21,0,0
1289664,11:59:00,11:59:00,7041,22,0,0
1289664,12:01:00,12:01:00,7042,23,0,0
1289664,12:02:00,12:02:00,7043,24,0,0
1289664,12:04:00,12:04:00,7044,25,0,0
1289664,12:07:00,12:07:00,7045,26,1,1
1289664,12:08:00,12:08:00,7046,27,0,0
1289664,12:11:00,12:11:00,7047,28,0,0
1289664,12:12:00,12:12:00,7048,29,0,0
1289664,12:14:00,12:14:00,7049,30,1,0
1289665,11:41:00,11:41:00,7098,1,0,0
1289665,11:43:00,11:43:00,7104,2,0,0
1289665,11:46:00,11:46:00,7102,3,0,0
1289665,11:48:00,11:48:00,7100,4,0,0
1289665,11:52:00,11:52:00,7025,5,0,0
1289665,11:54:00,11:54:00,7026,6,0,0
1289665,11:56:00,11:56:00,7027,7,0,0
1289665,11:59:00,11:59:00,7028,8,0,0
1289665,12:01:00,12:01:00,7029,9,0,0
1289665,12:03:00,12:03:00,7030,10,0,0
1289665,12:05:00,12:05:00,7031,11,0,0
1289665,12:09:00,12:09:00,7032,12,0,0
1289665,12:10:00,12:10:00,7033,13,0,0
1289665,12:12:00,12:12:00,7034,14,0,0
1289665,12:14:00,12:14:00,7035,15,0,0
1289665,12:15:00,12:15:00,7036,16,0,0
1289665,12:17:00,12:17:00,7037,17,0,0
1289665,12:18:00,12:18:00,7038,18,0,0
1289665,12:20:00,12:20:00,7039,19,0,0
1289665,12:23:00,12:23:00,7040,20,0,0
1289665,12:25:00,12:25:00,7108,21,0,0
1289665,12:29:00,12:29:00,7041,22,0,0
1289665,12:31:00,12:31:00,7042,23,0,0
1289665,12:32:00,12:32:00,7043,24,0,0
1289665,12:34:00,12:34:00,7044,25,0,0
1289665,12:37:00,12:37:00,7045,26,1,1
1289665,12:38:00,12:38:00,7046,27,0,0
1289665,12:41:00,12:41:00,7047,28,0,0
1289665,12:42:00,12:42:00,7048,29,0,0
1289665,12:44:00,12:44:00,7049,30,1,0
1289666,12:11:00,12:11:00,7098,1,0,0
1289666,12:13:00,12:13:00,7104,2,0,0
1289666,12:16:00,12:16:00,7102,3,0,0
1289666,12:18:00,12:18:00,7100,4,0,0
1289666,12:22:00,12:22:00,7025,5,0,0
1289666,12:24:00,12:24:00,7026,6,0,0
1289666,12:26:00,12:26:00,7027,7,0,0
1289666,12:29:00,12:29:00,7028,8,0,0
1289666,12:31:00,12:31:00,7029,9,0,0
1289666,12:33:00,12:33:00,7030,10,0,0
1289666,12:35:00,12:35:00,7031,11,0,0
1289666,12:39:00,12:39:00,7032,12,0,0
1289666,12:40:00,12:40:00,7033,13,0,0
1289666,12:42:00,12:42:00,7034,14,0,0
1289666,12:44:00,12:44:00,7035,15,0,0
1289666,12:45:00,12:45:00,7036,16,0,0
1289666,12:47:00,12:47:00,7037,17,0,0
1289666,12:48:00,12:48:00,7038,18,0,0
1289666,12:50:00,12:50:00,7039,19,0,0
1289666,12:53:00,12:53:00,7040,20,0,0
1289666,12:55:00,12:55:00,7108,21,0,0
1289666,12:59:00,12:59:00,7041,22,0,0
1289666,13:01:00,13:01:00,7042,23,0,0
1289666,13:02:00,13:02:00,7043,24,0,0
1289666,13:04:00,13:04:00,7044,25,0,0
1289666,13:07:00,13:07:00,7045,26,1,1
1289666,13:08:00,13:08:00,7046,27,0,0
1289666,13:11:00,13:11:00,7047,28,0,0
1289666,13:12:00,13:12:00,7048,29,0,0
1289666,13:14:00,13:14:00,7049,30,1,0
1289667,12:41:00,12:41:00,7098,1,0,0
1289667,12:43:00,12:43:00,7104,2,0,0
1289667,12:46:00,12:46:00,7102,3,0,0
1289667,12:48:00,12:48:00,7100,4,0,0
1289667,12:52:00,12:52:00,7025,5,0,0
1289667,12:54:00,12:54:00,7026,6,0,0
1289667,12:56:00,12:56:00,7027,7,0,0
1289667,12:59:00,12:59:00,7028,8,0,0
1289667,13:01:00,13:01:00,7029,9,0,0
1289667,13:03:00,13:03:00,7030,10,0,0
1289667,13:05:00,13:05:00,7031,11,0,0
1289667,13:09:00,13:09:00,7032,12,0,0
1289667,13:10:00,13:10:00,7033,13,0,0
1289667,13:12:00,13:12:00,7034,14,0,0
1289667,13:14:00,13:14:00,7035,15,0,0
1289667,13:15:00,13:15:00,7036,16,0,0
1289667,13:17:00,13:17:00,7037,17,0,0
1289667,13:18:00,13:18:00,7038,18,0,0
1289667,13:20:00,13:20:00,7039,19,0,0
1289667,13:23:00,13:23:00,7040,20,0,0
1289667,13:25:00,13:25:00,7108,21,0,0
1289667,13:29:00,13:29:00,7041,22,0,0
1289667,13:31:00,13:31:00,7042,23,0,0
1289667,13:32:00,13:32:00,7043,24,0,0
1289667,13:34:00,13:34:00,7044,25,0,0
1289667,13:37:00,13:37:00,7045,26,1,1
1289667,13:38:00,13:38:00,7046,27,0,0
1289667,13:41:00,13:41:00,7047,28,0,0
1289667,13:42:00,13:42:00,7048,29,0,0
1289667,13:44:00,13:44:00,7049,30,1,0
1289668,13:11:00,13:11:00,7098,1,0,0
1289668,13:13:00,13:13:00,7104,2,0,0
1289668,13:16:00,13:16:00,7102,3,0,0
1289668,13:18:00,13:18:00,7100,4,0,0
1289668,13:22:00,13:22:00,7025,5,0,0
1289668,13:24:00,13:24:00,7026,6,0,0
1289668,13:26:00,13:26:00,7027,7,0,0
1289668,13:29:00,13:29:00,7028,8,0,0
1289668,13:31:00,13:31:00,7029,9,0,0
1289668,13:33:00,13:33:00,7030,10,0,0
1289668,13:35:00,13:35:00,7031,11,0,0
1289668,13:39:00,13:39:00,7032,12,0,0
1289668,13:40:00,13:40:00,7033,13,0,0
1289668,13:42:00,13:42:00,7034,14,0,0
1289668,13:44:00,13:44:00,7035,15,0,0
1289668,13:45:00,13:45:00,7036,16,0,0
1289668,13:47:00,13:47:00,7037,17,0,0
1289668,13:48:00,13:48:00,7038,18,0,0
1289668,13:50:00,13:50:00,7039,19,0,0
1289668,13:53:00,13:53:00,7040,20,0,0
1289668,13:55:00,13:55:00,7108,21,0,0
1289668,13:59:00,13:59:00,7041,22,0,0
1289668,14:01:00,14:01:00,7042,23,0,0
1289668,14:02:00,14:02:00,7043,24,0,0
1289668,14:04:00,14:04:00,7044,25,0,0
1289668,14:07:00,14:07:00,7045,26,1,1
1289668,14:08:00,14:08:00,7046,27,0,0
1289668,14:11:00,14:11:00,7047,28,0,0
1289668,14:12:00,14:12:00,7048,29,0,0
1289668,14:14:00,14:14:00,7049,30,1,0
1289669,13:41:00,13:41:00,7098,1,0,0
1289669,13:43:00,13:43:00,7104,2,0,0
1289669,13:46:00,13:46:00,7102,3,0,0
1289669,13:48:00,13:48:00,7100,4,0,0
1289669,13:52:00,13:52:00,7025,5,0,0
1289669,13:54:00,13:54:00,7026,6,0,0
1289669,13:56:00,13:56:00,7027,7,0,0
1289669,13:59:00,13:59:00,7028,8,0,0
1289669,14:01:00,14:01:00,7029,9,0,0
1289669,14:03:00,14:03:00,7030,10,0,0
1289669,14:05:00,14:05:00,7031,11,0,0
1289669,14:09:00,14:09:00,7032,12,0,0
1289669,14:10:00,14:10:00,7033,13,0,0
1289669,14:12:00,14:12:00,7034,14,0,0
1289669,14:14:00,14:14:00,7035,15,0,0
1289669,14:15:00,14:15:00,7036,16,0,0
1289669,14:17:00,14:17:00,7037,17,0,0
1289669,14:18:00,14:18:00,7038,18,0,0
1289669,14:20:00,14:20:00,7039,19,0,0
1289669,14:23:00,14:23:00,7040,20,0,0
1289669,14:25:00,14:25:00,7108,21,0,0
1289669,14:29:00,14:29:00,7041,22,0,0
1289669,14:31:00,14:31:00,7042,23,0,0
1289669,14:32:00,14:32:00,7043,24,0,0
1289669,14:34:00,14:34:00,7044,25,0,0
1289669,14:37:00,14:37:00,7045,26,1,1
1289669,14:38:00,14:38:00,7046,27,0,0
1289669,14:41:00,14:41:00,7047,28,0,0
1289669,14:42:00,14:42:00,7048,29,0,0
1289669,14:44:00,14:44:00,7049,30,1,0
1289670,14:11:00,14:11:00,7098,1,0,0
1289670,14:13:00,14:13:00,7104,2,0,0
1289670,14:16:00,14:16:00,7102,3,0,0
1289670,14:18:00,14:18:00,7100,4,0,0
1289670,14:22:00,14:22:00,7025,5,0,0
1289670,14:24:00,14:24:00,7026,6,0,0
1289670,14:26:00,14:26:00,7027,7,0,0
1289670,14:29:00,14:29:00,7028,8,0,0
1289670,14:31:00,14:31:00,7029,9,0,0
1289670,14:33:00,14:33:00,7030,10,0,0
1289670,14:35:00,14:35:00,7031,11,0,0
1289670,14:39:00,14:39:00,7032,12,0,0
1289670,14:40:00,14:40:00,7033,13,0,0
1289670,14:42:00,14:42:00,7034,14,0,0
1289670,14:44:00,14:44:00,7035,15,0,0
1289670,14:45:00,14:45:00,7036,16,0,0
1289670,14:47:00,14:47:00,7037,17,0,0
1289670,14:48:00,14:48:00,7038,18,0,0
1289670,14:50:00,14:50:00,7039,19,0,0
1289670,14:53:00,14:53:00,7040,20,0,0
1289670,14:55:00,14:55:00,7108,21,0,0
1289670,14:59:00,14:59:00,7041,22,0,0
1289670,15:01:00,15:01:00,7042,23,0,0
1289670,15:02:00,15:02:00,7043,24,0,0
1289670,15:04:00,15:04:00,7044,25,0,0
1289670,15:07:00,15:07:00,7045,26,1,1
1289670,15:08:00,15:08:00,7046,27,0,0
1289670,15:11:00,15:11:00,7047,28,0,0
1289670,15:12:00,15:12:00,7048,29,0,0
1289670,15:14:00,15:14:00,7049,30,1,0
1289671,14:41:00,14:41:00,7098,1,0,0
1289671,14:43:00,14:43:00,7104,2,0,0
1289671,14:46:00,14:46:00,7102,3,0,0
1289671,14:48:00,14:48:00,7100,4,0,0
1289671,14:52:00,14:52:00,7025,5,0,0
1289671,14:54:00,14:54:00,7026,6,0,0
1289671,14:56:00,14:56:00,7027,7,0,0
1289671,14:59:00,14:59:00,7028,8,0,0
1289671,15:01:00,15:01:00,7029,9,0,0
1289671,15:03:00,15:03:00,7030,10,0,0
1289671,15:05:00,15:05:00,7031,11,0,0
1289671,15:09:00,15:09:00,7032,12,0,0
1289671,15:10:00,15:10:00,7033,13,0,0
1289671,15:12:00,15:12:00,7034,14,0,0
1289671,15:14:00,15:14:00,7035,15,0,0
1289671,15:15:00,15:15:00,7036,16,0,0
1289671,15:17:00,15:17:00,7037,17,0,0
1289671,15:18:00,15:18:00,7038,18,0,0
1289671,15:20:00,15:20:00,7039,19,0,0
1289671,15:23:00,15:23:00,7040,20,0,0
1289671,15:25:00,15:25:00,7108,21,0,0
1289671,15:29:00,15:29:00,7041,22,0,0
1289671,15:31:00,15:31:00,7042,23,0,0
1289671,15:32:00,15:32:00,7043,24,0,0
1289671,15:34:00,15:34:00,7044,25,0,0
1289671,15:37:00,15:37:00,7045,26,1,1
1289671,15:38:00,15:38:00,7046,27,0,0
1289671,15:41:00,15:41:00,7047,28,0,0
1289671,15:42:00,15:42:00,7048,29,0,0
1289671,15:44:00,15:44:00,7049,30,1,0
1289672,15:11:00,15:11:00,7098,1,0,0
1289672,15:13:00,15:13:00,7104,2,0,0
1289672,15:16:00,15:16:00,7102,3,0,0
1289672,15:18:00,15:18:00,7100,4,0,0
1289672,15:22:00,15:22:00,7025,5,0,0
1289672,15:24:00,15:24:00,7026,6,0,0
1289672,15:26:00,15:26:00,7027,7,0,0
1289672,15:29:00,15:29:00,7028,8,0,0
1289672,15:31:00,15:31:00,7029,9,0,0
1289672,15:33:00,15:33:00,7030,10,0,0
1289672,15:35:00,15:35:00,7031,11,0,0
1289672,15:39:00,15:39:00,7032,12,0,0
1289672,15:40:00,15:40:00,7033,13,0,0
1289672,15:42:00,15:42:00,7034,14,0,0
1289672,15:44:00,15:44:00,7035,15,0,0
1289672,15:45:00,15:45:00,7036,16,0,0
1289672,15:47:00,15:47:00,7037,17,0,0
1289672,15:48:00,15:48:00,7038,18,0,0
1289672,15:50:00,15:50:00,7039,19,0,0
1289672,15:53:00,15:53:00,7040,20,0,0
1289672,15:55:00,15:55:00,7108,21,0,0
1289672,15:59:00,15:59:00,7041,22,0,0
1289672,16:01:00,16:01:00,7042,23,0,0
1289672,16:02:00,16:02:00,7043,24,0,0
1289672,16:04:00,16:04:00,7044,25,0,0
1289672,16:07:00,16:07:00,7045,26,1,1
1289672,16:08:00,16:08:00,7046,27,0,0
1289672,16:11:00,16:11:00,7047,28,0,0
1289672,16:12:00,16:12:00,7048,29,0,0
1289672,16:14:00,16:14:00,7049,30,1,0
1289673,15:41:00,15:41:00,7098,1,0,0
1289673,15:43:00,15:43:00,7104,2,0,0
1289673,15:46:00,15:46:00,7102,3,0,0
1289673,15:48:00,15:48:00,7100,4,0,0
1289673,15:52:00,15:52:00,7025,5,0,0
1289673,15:54:00,15:54:00,7026,6,0,0
1289673,15:56:00,15:56:00,7027,7,0,0
1289673,15:59:00,15:59:00,7028,8,0,0
1289673,16:01:00,16:01:00,7029,9,0,0
1289673,16:03:00,16:03:00,7030,10,0,0
1289673,16:05:00,16:05:00,7031,11,0,0
1289673,16:09:00,16:09:00,7032,12,0,0
1289673,16:10:00,16:10:00,7033,13,0,0
1289673,16:12:00,16:12:00,7034,14,0,0
1289673,16:14:00,16:14:00,7035,15,0,0
1289673,16:15:00,16:15:00,7036,16,0,0
1289673,16:17:00,16:17:00,7037,17,0,0
1289673,16:18:00,16:18:00,7038,18,0,0
1289673,16:20:00,16:20:00,7039,19,0,0
1289673,16:23:00,16:23:00,7040,20,0,0
1289673,16:25:00,16:25:00,7108,21,0,0
1289673,16:29:00,16:29:00,7041,22,0,0
1289673,16:31:00,16:31:00,7042,23,0,0
1289673,16:32:00,16:32:00,7043,24,0,0
1289673,16:34:00,16:34:00,7044,25,0,0
1289673,16:37:00,16:37:00,7045,26,1,1
1289673,16:38:00,16:38:00,7046,27,0,0
1289673,16:41:00,16:41:00,7047,28,0,0
1289673,16:42:00,16:42:00,7048,29,0,0
1289673,16:44:00,16:44:00,7049,30,1,0
1289674,16:11:00,16:11:00,7098,1,0,0
1289674,16:13:00,16:13:00,7104,2,0,0
1289674,16:16:00,16:16:00,7102,3,0,0
1289674,16:18:00,16:18:00,7100,4,0,0
1289674,16:22:00,16:22:00,7025,5,0,0
1289674,16:24:00,16:24:00,7026,6,0,0
1289674,16:26:00,16:26:00,7027,7,0,0
1289674,16:29:00,16:29:00,7028,8,0,0
1289674,16:31:00,16:31:00,7029,9,0,0
1289674,16:33:00,16:33:00,7030,10,0,0
1289674,16:35:00,16:35:00,7031,11,0,0
1289674,16:39:00,16:39:00,7032,12,0,0
1289674,16:40:00,16:40:00,7033,13,0,0
1289674,16:42:00,16:42:00,7034,14,0,0
1289674,16:44:00,16:44:00,7035,15,0,0
1289674,16:45:00,16:45:00,7036,16,0,0
1289674,16:47:00,16:47:00,7037,17,0,0
1289674,16:48:00,16:48:00,7038,18,0,0
1289674,16:50:00,16:50:00,7039,19,0,0
1289674,16:53:00,16:53:00,7040,20,0,0
1289674,16:55:00,16:55:00,7108,21,0,0
1289674,16:59:00,16:59:00,7041,22,0,0
1289674,17:01:00,17:01:00,7042,23,0,0
1289674,17:02:00,17:02:00,7043,24,0,0
1289674,17:04:00,17:04:00,7044,25,0,0
1289674,17:07:00,17:07:00,7045,26,1,1
1289674,17:08:00,17:08:00,7046,27,0,0
1289674,17:11:00,17:11:00,7047,28,0,0
1289674,17:12:00,17:12:00,7048,29,0,0
1289674,17:14:00,17:14:00,7049,30,1,0
1289675,16:41:00,16:41:00,7098,1,0,0
1289675,16:43:00,16:43:00,7104,2,0,0
1289675,16:46:00,16:46:00,7102,3,0,0
1289675,16:48:00,16:48:00,7100,4,0,0
1289675,16:52:00,16:52:00,7025,5,0,0
1289675,16:54:00,16:54:00,7026,6,0,0
1289675,16:56:00,16:56:00,7027,7,0,0
1289675,16:59:00,16:59:00,7028,8,0,0
1289675,17:01:00,17:01:00,7029,9,0,0
1289675,17:03:00,17:03:00,7030,10,0,0
1289675,17:05:00,17:05:00,7031,11,0,0
1289675,17:09:00,17:09:00,7032,12,0,0
1289675,17:10:00,17:10:00,7033,13,0,0
1289675,17:12:00,17:12:00,7034,14,0,0
1289675,17:14:00,17:14:00,7035,15,0,0
1289675,17:15:00,17:15:00,7036,16,0,0
1289675,17:17:00,17:17:00,7037,17,0,0
1289675,17:18:00,17:18:00,7038,18,0,0
1289675,17:20:00,17:20:00,7039,19,0,0
1289675,17:23:00,17:23:00,7040,20,0,0
1289675,17:25:00,17:25:00,7108,21,0,0
1289675,17:29:00,17:29:00,7041,22,0,0
1289675,17:31:00,17:31:00,7042,23,0,0
1289675,17:32:00,17:32:00,7043,24,0,0
1289675,17:34:00,17:34:00,7044,25,0,0
1289675,17:37:00,17:37:00,7045,26,1,1
1289675,17:38:00,17:38:00,7046,27,0,0
1289675,17:41:00,17:41:00,7047,28,0,0
1289675,17:42:00,17:42:00,7048,29,0,0
1289675,17:44:00,17:44:00,7049,30,1,0
1289676,17:11:00,17:11:00,7098,1,0,0
1289676,17:13:00,17:13:00,7104,2,0,0
1289676,17:16:00,17:16:00,7102,3,0,0
1289676,17:18:00,17:18:00,7100,4,0,0
1289676,17:22:00,17:22:00,7025,5,0,0
1289676,17:24:00,17:24:00,7026,6,0,0
1289676,17:26:00,17:26:00,7027,7,0,0
1289676,17:29:00,17:29:00,7028,8,0,0
1289676,17:31:00,17:31:00,7029,9,0,0
1289676,17:33:00,17:33:00,7030,10,0,0
1289676,17:35:00,17:35:00,7031,11,0,0
1289676,17:39:00,17:39:00,7032,12,0,0
1289676,17:40:00,17:40:00,7033,13,0,0
1289676,17:42:00,17:42:00,7034,14,0,0
1289676,17:44:00,17:44:00,7035,15,0,0
1289676,17:45:00,17:45:00,7036,16,0,0
1289676,17:47:00,17:47:00,7037,17,0,0
1289676,17:48:00,17:48:00,7038,18,0,0
1289676,17:50:00,17:50:00,7039,19,0,0
1289676,17:53:00,17:53:00,7040,20,0,0
1289676,17:55:00,17:55:00,7108,21,0,0
1289676,17:59:00,17:59:00,7041,22,0,0
1289676,18:01:00,18:01:00,7042,23,0,0
1289676,18:02:00,18:02:00,7043,24,0,0
1289676,18:04:00,18:04:00,7044,25,0,0
1289676,18:07:00,18:07:00,7045,26,1,1
1289676,18:08:00,18:08:00,7046,27,0,0
1289676,18:11:00,18:11:00,7047,28,0,0
1289676,18:12:00,18:12:00,7048,29,0,0
1289676,18:14:00,18:14:00,7049,30,1,0
1289677,17:41:00,17:41:00,7098,1,0,0
1289677,17:43:00,17:43:00,7104,2,0,0
1289677,17:46:00,17:46:00,7102,3,0,0
1289677,17:48:00,17:48:00,7100,4,0,0
1289677,17:52:00,17:52:00,7025,5,0,0
1289677,17:54:00,17:54:00,7026,6,0,0
1289677,17:56:00,17:56:00,7027,7,0,0
1289677,17:59:00,17:59:00,7028,8,0,0
1289677,18:01:00,18:01:00,7029,9,0,0
1289677,18:03:00,18:03:00,7030,10,0,0
1289677,18:05:00,18:05:00,7031,11,0,0
1289677,18:09:00,18:09:00,7032,12,0,0
1289677,18:10:00,18:10:00,7033,13,0,0
1289677,18:12:00,18:12:00,7034,14,0,0
1289677,18:14:00,18:14:00,7035,15,0,0
1289677,18:15:00,18:15:00,7036,16,0,0
1289677,18:17:00,18:17:00,7037,17,0,0
1289677,18:18:00,18:18:00,7038,18,0,0
1289677,18:20:00,18:20:00,7039,19,0,0
1289677,18:23:00,18:23:00,7040,20,0,0
1289677,18:25:00,18:25:00,7108,21,0,0
1289677,18:29:00,18:29:00,7041,22,0,0
1289677,18:31:00,18:31:00,7042,23,0,0
1289677,18:32:00,18:32:00,7043,24,0,0
1289677,18:34:00,18:34:00,7044,25,0,0
1289677,18:37:00,18:37:00,7045,26,1,1
1289677,18:38:00,18:38:00,7046,27,0,0
1289677,18:41:00,18:41:00,7047,28,0,0
1289677,18:42:00,18:42:00,7048,29,0,0
1289677,18:44:00,18:44:00,7049,30,1,0
1289678,18:11:00,18:11:00,7098,1,0,0
1289678,18:13:00,18:13:00,7104,2,0,0
1289678,18:16:00,18:16:00,7102,3,0,0
1289678,18:18:00,18:18:00,7100,4,0,0
1289678,18:22:00,18:22:00,7025,5,0,0
1289678,18:24:00,18:24:00,7026,6,0,0
1289678,18:26:00,18:26:00,7027,7,0,0
1289678,18:29:00,18:29:00,7028,8,0,0
1289678,18:31:00,18:31:00,7029,9,0,0
1289678,18:33:00,18:33:00,7030,10,0,0
1289678,18:35:00,18:35:00,7031,11,0,0
1289678,18:39:00,18:39:00,7032,12,0,0
1289678,18:40:00,18:40:00,7033,13,0,0
1289678,18:42:00,18:42:00,7034,14,0,0
1289678,18:44:00,18:44:00,7035,15,0,0
1289678,18:45:00,18:45:00,7036,16,0,0
1289678,18:47:00,18:47:00,7037,17,0,0
1289678,18:48:00,18:48:00,7038,18,0,0
1289678,18:50:00,18:50:00,7039,19,0,0
1289678,18:53:00,18:53:00,7040,20,0,0
1289678,18:55:00,18:55:00,7108,21,0,0
1289678,18:59:00,18:59:00,7041,22,0,0
1289678,19:01:00,19:01:00,7042,23,0,0
1289678,19:02:00,19:02:00,7043,24,0,0
1289678,19:04:00,19:04:00,7044,25,0,0
1289678,19:07:00,19:07:00,7045,26,1,1
1289678,19:08:00,19:08:00,7046,27,0,0
1289678,19:11:00,19:11:00,7047,28,0,0
1289678,19:12:00,19:12:00,7048,29,0,0
1289678,19:14:00,19:14:00,7049,30,1,0
1289679,18:41:00,18:41:00,7098,1,0,0
1289679,18:43:00,18:43:00,7104,2,0,0
1289679,18:46:00,18:46:00,7102,3,0,0
1289679,18:48:00,18:48:00,7100,4,0,0
1289679,18:52:00,18:52:00,7025,5,0,0
1289679,18:54:00,18:54:00,7026,6,0,0
1289679,18:56:00,18:56:00,7027,7,0,0
1289679,18:59:00,18:59:00,7028,8,0,0
1289679,19:01:00,19:01:00,7029,9,0,0
1289679,19:03:00,19:03:00,7030,10,0,0
1289679,19:05:00,19:05:00,7031,11,0,0
1289679,19:09:00,19:09:00,7032,12,0,0
1289679,19:10:00,19:10:00,7033,13,0,0
1289679,19:12:00,19:12:00,7034,14,0,0
1289679,19:14:00,19:14:00,7035,15,0,0
1289679,19:15:00,19:15:00,7036,16,0,0
1289679,19:17:00,19:17:00,7037,17,0,0
1289679,19:18:00,19:18:00,7038,18,0,0
1289679,19:20:00,19:20:00,7039,19,0,0
1289679,19:23:00,19:23:00,7040,20,0,0
1289679,19:25:00,19:25:00,7108,21,0,0
1289679,19:29:00,19:29:00,7041,22,0,0
1289679,19:31:00,19:31:00,7042,23,0,0
1289679,19:32:00,19:32:00,7043,24,0,0
1289679,19:34:00,19:34:00,7044,25,0,0
1289679,19:37:00,19:37:00,7045,26,1,1
1289679,19:38:00,19:38:00,7046,27,0,0
1289679,19:41:00,19:41:00,7047,28,0,0
1289679,19:42:00,19:42:00,7048,29,0,0
1289679,19:44:00,19:44:00,7049,30,1,0
1289680,19:11:00,19:11:00,7098,1,0,0
1289680,19:13:00,19:13:00,7104,2,0,0
1289680,19:16:00,19:16:00,7102,3,0,0
1289680,19:18:00,19:18:00,7100,4,0,0
1289680,19:22:00,19:22:00,7025,5,0,0
1289680,19:24:00,19:24:00,7026,6,0,0
1289680,19:26:00,19:26:00,7027,7,0,0
1289680,19:29:00,19:29:00,7028,8,0,0
1289680,19:31:00,19:31:00,7029,9,0,0
1289680,19:33:00,19:33:00,7030,10,0,0
1289680,19:35:00,19:35:00,7031,11,0,0
1289680,19:39:00,19:39:00,7032,12,0,0
1289680,19:40:00,19:40:00,7033,13,0,0
1289680,19:42:00,19:42:00,7034,14,0,0
1289680,19:44:00,19:44:00,7035,15,0,0
1289680,19:45:00,19:45:00,7036,16,0,0
1289680,19:47:00,19:47:00,7037,17,0,0
1289680,19:48:00,19:48:00,7038,18,0,0
1289680,19:50:00,19:50:00,7039,19,0,0
1289680,19:53:00,19:53:00,7040,20,0,0
1289680,19:55:00,19:55:00,7108,21,0,0
1289680,19:59:00,19:59:00,7041,22,0,0
1289680,20:01:00,20:01:00,7042,23,0,0
1289680,20:02:00,20:02:00,7043,24,0,0
1289680,20:04:00,20:04:00,7044,25,0,0
1289680,20:07:00,20:07:00,7045,26,1,1
1289680,20:08:00,20:08:00,7046,27,0,0
1289680,20:11:00,20:11:00,7047,28,0,0
1289680,20:12:00,20:12:00,7048,29,0,0
1289680,20:14:00,20:14:00,7049,30,1,0
1289681,19:41:00,19:41:00,7098,1,0,0
1289681,19:43:00,19:43:00,7104,2,0,0
1289681,19:46:00,19:46:00,7102,3,0,0
1289681,19:48:00,19:48:00,7100,4,0,0
1289681,19:52:00,19:52:00,7025,5,0,0
1289681,19:54:00,19:54:00,7026,6,0,0
1289681,19:56:00,19:56:00,7027,7,0,0
1289681,19:59:00,19:59:00,7028,8,0,0
1289681,20:01:00,20:01:00,7029,9,0,0
1289681,20:03:00,20:03:00,7030,10,0,0
1289681,20:05:00,20:05:00,7031,11,0,0
1289681,20:09:00,20:09:00,7032,12,0,0
1289681,20:10:00,20:10:00,7033,13,0,0
1289681,20:12:00,20:12:00,7034,14,0,0
1289681,20:14:00,20:14:00,7035,15,0,0
1289681,20:15:00,20:15:00,7036,16,0,0
1289681,20:17:00,20:17:00,7037,17,0,0
1289681,20:18:00,20:18:00,7038,18,0,0
1289681,20:20:00,20:20:00,7039,19,0,0
1289681,20:23:00,20:23:00,7040,20,0,0
1289681,20:25:00,20:25:00,7108,21,0,0
1289681,20:29:00,20:29:00,7041,22,0,0
1289681,20:31:00,20:31:00,7042,23,0,0
1289681,20:32:00,20:32:00,7043,24,0,0
1289681,20:34:00,20:34:00,7044,25,0,0
1289681,20:37:00,20:37:00,7045,26,1,1
1289681,20:38:00,20:38:00,7046,27,0,0
1289681,20:41:00,20:41:00,7047,28,0,0
1289681,20:42:00,20:42:00,7048,29,0,0
1289681,20:44:00,20:44:00,7049,30,1,0
1289682,12:48:00,12:48:00,7000,1,0,0
1289682,12:49:00,12:49:00,7001,2,0,0
1289682,12:50:00,12:50:00,7002,3,0,0
1289682,12:54:00,12:54:00,7003,4,0,0
1289682,12:55:00,12:55:00,7004,5,1,1
1289682,12:57:00,12:57:00,7005,6,0,0
1289682,12:59:00,12:59:00,7006,7,0,0
1289682,13:01:00,13:01:00,7007,8,0,0
1289682,13:02:00,13:02:00,7008,9,0,0
1289682,13:06:00,13:06:00,7107,10,0,0
1289682,13:09:00,13:09:00,7009,11,0,0
1289682,13:11:00,13:11:00,7010,12,0,0
1289682,13:13:00,13:13:00,7011,13,0,0
1289682,13:16:00,13:16:00,7013,14,0,0
1289682,13:18:00,13:18:00,7014,15,0,0
1289682,13:19:00,13:19:00,7015,16,0,0
1289682,13:22:00,13:22:00,7016,17,0,0
1289682,13:23:00,13:23:00,7017,18,0,0
1289682,13:26:00,13:26:00,7018,19,0,0
1289682,13:28:00,13:28:00,7019,20,0,0
1289682,13:31:00,13:31:00,7020,21,0,0
1289682,13:33:00,13:33:00,7021,22,0,0
1289682,13:35:00,13:35:00,7022,23,0,0
1289682,13:38:00,13:38:00,7023,24,0,0
1289682,13:40:00,13:40:00,7024,25,0,0
1289682,13:43:00,13:43:00,7099,26,0,0
1289682,13:46:00,13:46:00,7101,27,0,0
1289682,13:48:00,13:48:00,7103,28,0,0
1289682,13:51:00,13:51:00,7097,29,1,0
1289683,12:18:00,12:18:00,7000,1,0,0
1289683,12:19:00,12:19:00,7001,2,0,0
1289683,12:20:00,12:20:00,7002,3,0,0
1289683,12:24:00,12:24:00,7003,4,0,0
1289683,12:25:00,12:25:00,7004,5,1,1
1289683,12:27:00,12:27:00,7005,6,0,0
1289683,12:29:00,12:29:00,7006,7,0,0
1289683,12:31:00,12:31:00,7007,8,0,0
1289683,12:32:00,12:32:00,7008,9,0,0
1289683,12:36:00,12:36:00,7107,10,0,0
1289683,12:39:00,12:39:00,7009,11,0,0
1289683,12:41:00,12:41:00,7010,12,0,0
1289683,12:43:00,12:43:00,7011,13,0,0
1289683,12:46:00,12:46:00,7013,14,0,0
1289683,12:48:00,12:48:00,7014,15,0,0
1289683,12:49:00,12:49:00,7015,16,0,0
1289683,12:52:00,12:52:00,7016,17,0,0
1289683,12:53:00,12:53:00,7017,18,0,0
1289683,12:56:00,12:56:00,7018,19,0,0
1289683,12:58:00,12:58:00,7019,20,0,0
1289683,13:01:00,13:01:00,7020,21,0,0
1289683,13:03:00,13:03:00,7021,22,0,0
1289683,13:05:00,13:05:00,7022,23,0,0
1289683,13:08:00,13:08:00,7023,24,0,0
1289683,13:10:00,13:10:00,7024,25,0,0
1289683,13:13:00,13:13:00,7099,26,0,0
1289683,13:16:00,13:16:00,7101,27,0,0
1289683,13:18:00,13:18:00,7103,28,0,0
1289683,13:21:00,13:21:00,7097,29,1,0
1289684,11:48:00,11:48:00,7000,1,0,0
1289684,11:49:00,11:49:00,7001,2,0,0
1289684,11:50:00,11:50:00,7002,3,0,0
1289684,11:54:00,11:54:00,7003,4,0,0
1289684,11:55:00,11:55:00,7004,5,1,1
1289684,11:57:00,11:57:00,7005,6,0,0
1289684,11:59:00,11:59:00,7006,7,0,0
1289684,12:01:00,12:01:00,7007,8,0,0
1289684,12:02:00,12:02:00,7008,9,0,0
1289684,12:06:00,12:06:00,7107,10,0,0
1289684,12:09:00,12:09:00,7009,11,0,0
1289684,12:11:00,12:11:00,7010,12,0,0
1289684,12:13:00,12:13:00,7011,13,0,0
1289684,12:16:00,12:16:00,7013,14,0,0
1289684,12:18:00,12:18:00,7014,15,0,0
1289684,12:19:00,12:19:00,7015,16,0,0
1289684,12:22:00,12:22:00,7016,17,0,0
1289684,12:23:00,12:23:00,7017,18,0,0
1289684,12:26:00,12:26:00,7018,19,0,0
1289684,12:28:00,12:28:00,7019,20,0,0
1289684,12:31:00,12:31:00,7020,21,0,0
1289684,12:33:00,12:33:00,7021,22,0,0
1289684,12:35:00,12:35:00,7022,23,0,0
1289684,12:38:00,12:38:00,7023,24,0,0
1289684,12:40:00,12:40:00,7024,25,0,0
1289684,12:43:00,12:43:00,7099,26,0,0
1289684,12:46:00,12:46:00,7101,27,0,0
1289684,12:48:00,12:48:00,7103,28,0,0
1289684,12:51:00,12:51:00,7097,29,1,0
1289685,11:18:00,11:18:00,7000,1,0,0
1289685,11:19:00,11:19:00,7001,2,0,0
1289685,11:20:00,11:20:00,7002,3,0,0
1289685,11:24:00,11:24:00,7003,4,0,0
1289685,11:25:00,11:25:00,7004,5,1,1
1289685,11:27:00,11:27:00,7005,6,0,0
1289685,11:29:00,11:29:00,7006,7,0,0
1289685,11:31:00,11:31:00,7007,8,0,0
1289685,11:32:00,11:32:00,7008,9,0,0
1289685,11:36:00,11:36:00,7107,10,0,0
1289685,11:39:00,11:39:00,7009,11,0,0
1289685,11:41:00,11:41:00,7010,12,0,0
1289685,11:43:00,11:43:00,7011,13,0,0
1289685,11:46:00,11:46:00,7013,14,0,0
1289685,11:48:00,11:48:00,7014,15,0,0
1289685,11:49:00,11:49:00,7015,16,0,0
1289685,11:52:00,11:52:00,7016,17,0,0
1289685,11:53:00,11:53:00,7017,18,0,0
1289685,11:56:00,11:56:00,7018,19,0,0
1289685,11:58:00,11:58:00,7019,20,0,0
1289685,12:01:00,12:01:00,7020,21,0,0
1289685,12:03:00,12:03:00,7021,22,0,0
1289685,12:05:00,12:05:00,7022,23,0,0
1289685,12:08:00,12:08:00,7023,24,0,0
1289685,12:10:00,12:10:00,7024,25,0,0
1289685,12:13:00,12:13:00,7099,26,0,0
1289685,12:16:00,12:16:00,7101,27,0,0
1289685,12:18:00,12:18:00,7103,28,0,0
1289685,12:21:00,12:21:00,7097,29,1,0
1289686,10:48:00,10:48:00,7000,1,0,0
1289686,10:49:00,10:49:00,7001,2,0,0
1289686,10:50:00,10:50:00,7002,3,0,0
1289686,10:54:00,10:54:00,7003,4,0,0
1289686,10:55:00,10:55:00,7004,5,1,1
1289686,10:57:00,10:57:00,7005,6,0,0
1289686,10:59:00,10:59:00,7006,7,0,0
1289686,11:01:00,11:01:00,7007,8,0,0
1289686,11:02:00,11:02:00,7008,9,0,0
1289686,11:06:00,11:06:00,7107,10,0,0
1289686,11:09:00,11:09:00,7009,11,0,0
1289686,11:11:00,11:11:00,7010,12,0,0
1289686,11:13:00,11:13:00,7011,13,0,0
1289686,11:16:00,11:16:00,7013,14,0,0
1289686,11:18:00,11:18:00,7014,15,0,0
1289686,11:19:00,11:19:00,7015,16,0,0
1289686,11:22:00,11:22:00,7016,17,0,0
1289686,11:23:00,11:23:00,7017,18,0,0
1289686,11:26:00,11:26:00,7018,19,0,0
1289686,11:28:00,11:28:00,7019,20,0,0
1289686,11:31:00,11:31:00,7020,21,0,0
1289686,11:33:00,11:33:00,7021,22,0,0
1289686,11:35:00,11:35:00,7022,23,0,0
1289686,11:38:00,11:38:00,7023,24,0,0
1289686,11:40:00,11:40:00,7024,25,0,0
1289686,11:43:00,11:43:00,7099,26,0,0
1289686,11:46:00,11:46:00,7101,27,0,0
1289686,11:48:00,11:48:00,7103,28,0,0
1289686,11:51:00,11:51:00,7097,29,1,0
1289687,10:18:00,10:18:00,7000,1,0,0
1289687,10:19:00,10:19:00,7001,2,0,0
1289687,10:20:00,10:20:00,7002,3,0,0
1289687,10:24:00,10:24:00,7003,4,0,0
1289687,10:25:00,10:25:00,7004,5,1,1
1289687,10:27:00,10:27:00,7005,6,0,0
1289687,10:29:00,10:29:00,7006,7,0,0
1289687,10:31:00,10:31:00,7007,8,0,0
1289687,10:32:00,10:32:00,7008,9,0,0
1289687,10:36:00,10:36:00,7107,10,0,0
1289687,10:39:00,10:39:00,7009,11,0,0
1289687,10:41:00,10:41:00,7010,12,0,0
1289687,10:43:00,10:43:00,7011,13,0,0
1289687,10:46:00,10:46:00,7013,14,0,0
1289687,10:48:00,10:48:00,7014,15,0,0
1289687,10:49:00,10:49:00,7015,16,0,0
1289687,10:52:00,10:52:00,7016,17,0,0
1289687,10:53:00,10:53:00,7017,18,0,0
1289687,10:56:00,10:56:00,7018,19,0,0
1289687,10:58:00,10:58:00,7019,20,0,0
1289687,11:01:00,11:01:00,7020,21,0,0
1289687,11:03:00,11:03:00,7021,22,0,0
1289687,11:05:00,11:05:00,7022,23,0,0
1289687,11:08:00,11:08:00,7023,24,0,0
1289687,11:10:00,11:10:00,7024,25,0,0
1289687,11:13:00,11:13:00,7099,26,0,0
1289687,11:16:00,11:16:00,7101,27,0,0
1289687,11:18:00,11:18:00,7103,28,0,0
1289687,11:21:00,11:21:00,7097,29,1,0
1289688,09:48:00,09:48:00,7000,1,0,0
1289688,09:49:00,09:49:00,7001,2,0,0
1289688,09:50:00,09:50:00,7002,3,0,0
1289688,09:54:00,09:54:00,7003,4,0,0
1289688,09:55:00,09:55:00,7004,5,1,1
1289688,09:57:00,09:57:00,7005,6,0,0
1289688,09:59:00,09:59:00,7006,7,0,0
1289688,10:01:00,10:01:00,7007,8,0,0
1289688,10:02:00,10:02:00,7008,9,0,0
1289688,10:06:00,10:06:00,7107,10,0,0
1289688,10:09:00,10:09:00,7009,11,0,0
1289688,10:11:00,10:11:00,7010,12,0,0
1289688,10:13:00,10:13:00,7011,13,0,0
1289688,10:16:00,10:16:00,7013,14,0,0
1289688,10:18:00,10:18:00,7014,15,0,0
1289688,10:19:00,10:19:00,7015,16,0,0
1289688,10:22:00,10:22:00,7016,17,0,0
1289688,10:23:00,10:23:00,7017,18,0,0
1289688,10:26:00,10:26:00,7018,19,0,0
1289688,10:28:00,10:28:00,7019,20,0,0
1289688,10:31:00,10:31:00,7020,21,0,0
1289688,10:33:00,10:33:00,7021,22,0,0
1289688,10:35:00,10:35:00,7022,23,0,0
1289688,10:38:00,10:38:00,7023,24,0,0
1289688,10:40:00,10:40:00,7024,25,0,0
1289688,10:43:00,10:43:00,7099,26,0,0
1289688,10:46:00,10:46:00,7101,27,0,0
1289688,10:48:00,10:48:00,7103,28,0,0
1289688,10:51:00,10:51:00,7097,29,1,0
1289689,09:18:00,09:18:00,7000,1,0,0
1289689,09:19:00,09:19:00,7001,2,0,0
1289689,09:20:00,09:20:00,7002,3,0,0
1289689,09:24:00,09:24:00,7003,4,0,0
1289689,09:25:00,09:25:00,7004,5,1,1
1289689,09:27:00,09:27:00,7005,6,0,0
1289689,09:29:00,09:29:00,7006,7,0,0
1289689,09:31:00,09:31:00,7007,8,0,0
1289689,09:32:00,09:32:00,7008,9,0,0
1289689,09:36:00,09:36:00,7107,10,0,0
1289689,09:39:00,09:39:00,7009,11,0,0
1289689,09:41:00,09:41:00,7010,12,0,0
1289689,09:43:00,09:43:00,7011,13,0,0
1289689,09:46:00,09:46:00,7013,14,0,0
1289689,09:48:00,09:48:00,7014,15,0,0
1289689,09:49:00,09:49:00,7015,16,0,0
1289689,09:52:00,09:52:00,7016,17,0,0
1289689,09:53:00,09:53:00,7017,18,0,0
1289689,09:56:00,09:56:00,7018,19,0,0
1289689,09:58:00,09:58:00,7019,20,0,0
1289689,10:01:00,10:01:00,7020,21,0,0
1289689,10:03:00,10:03:00,7021,22,0,0
1289689,10:05:00,10:05:00,7022,23,0,0
1289689,10:08:00,10:08:00,7023,24,0,0
1289689,10:10:00,10:10:00,7024,25,0,0
1289689,10:13:00,10:13:00,7099,26,0,0
1289689,10:16:00,10:16:00,7101,27,0,0
1289689,10:18:00,10:18:00,7103,28,0,0
1289689,10:21:00,10:21:00,7097,29,1,0
1289690,08:48:00,08:48:00,7000,1,0,0
1289690,08:49:00,08:49:00,7001,2,0,0
1289690,08:50:00,08:50:00,7002,3,0,0
1289690,08:54:00,08:54:00,7003,4,0,0
1289690,08:55:00,08:55:00,7004,5,1,1
1289690,08:57:00,08:57:00,7005,6,0,0
1289690,08:59:00,08:59:00,7006,7,0,0
1289690,09:01:00,09:01:00,7007,8,0,0
1289690,09:02:00,09:02:00,7008,9,0,0
1289690,09:06:00,09:06:00,7107,10,0,0
1289690,09:09:00,09:09:00,7009,11,0,0
1289690,09:11:00,09:11:00,7010,12,0,0
1289690,09:13:00,09:13:00,7011,13,0,0
1289690,09:16:00,09:16:00,7013,14,0,0
1289690,09:18:00,09:18:00,7014,15,0,0
1289690,09:19:00,09:19:00,7015,16,0,0
1289690,09:22:00,09:22:00,7016,17,0,0
1289690,09:23:00,09:23:00,7017,18,0,0
1289690,09:26:00,09:26:00,7018,19,0,0
1289690,09:28:00,09:28:00,7019,20,0,0
1289690,09:31:00,09:31:00,7020,21,0,0
1289690,09:33:00,09:33:00,7021,22,0,0
1289690,09:35:00,09:35:00,7022,23,0,0
1289690,09:38:00,09:38:00,7023,24,0,0
1289690,09:40:00,09:40:00,7024,25,0,0
1289690,09:43:00,09:43:00,7099,26,0,0
1289690,09:46:00,09:46:00,7101,27,0,0
1289690,09:48:00,09:48:00,7103,28,0,0
1289690,09:51:00,09:51:00,7097,29,1,0
1289691,08:18:00,08:18:00,7000,1,0,0
1289691,08:19:00,08:19:00,7001,2,0,0
1289691,08:20:00,08:20:00,7002,3,0,0
1289691,08:24:00,08:24:00,7003,4,0,0
1289691,08:25:00,08:25:00,7004,5,1,1
1289691,08:27:00,08:27:00,7005,6,0,0
1289691,08:29:00,08:29:00,7006,7,0,0
1289691,08:31:00,08:31:00,7007,8,0,0
1289691,08:32:00,08:32:00,7008,9,0,0
1289691,08:36:00,08:36:00,7107,10,0,0
1289691,08:39:00,08:39:00,7009,11,0,0
1289691,08:41:00,08:41:00,7010,12,0,0
1289691,08:43:00,08:43:00,7011,13,0,0
1289691,08:46:00,08:46:00,7013,14,0,0
1289691,08:48:00,08:48:00,7014,15,0,0
1289691,08:49:00,08:49:00,7015,16,0,0
1289691,08:52:00,08:52:00,7016,17,0,0
1289691,08:53:00,08:53:00,7017,18,0,0
1289691,08:56:00,08:56:00,7018,19,0,0
1289691,08:58:00,08:58:00,7019,20,0,0
1289691,09:01:00,09:01:00,7020,21,0,0
1289691,09:03:00,09:03:00,7021,22,0,0
1289691,09:05:00,09:05:00,7022,23,0,0
1289691,09:08:00,09:08:00,7023,24,0,0
1289691,09:10:00,09:10:00,7024,25,0,0
1289691,09:13:00,09:13:00,7099,26,0,0
1289691,09:16:00,09:16:00,7101,27,0,0
1289691,09:18:00,09:18:00,7103,28,0,0
1289691,09:21:00,09:21:00,7097,29,1,0
1289692,07:48:00,07:48:00,7000,1,0,0
1289692,07:49:00,07:49:00,7001,2,0,0
1289692,07:50:00,07:50:00,7002,3,0,0
1289692,07:54:00,07:54:00,7003,4,0,0
1289692,07:55:00,07:55:00,7004,5,1,1
1289692,07:57:00,07:57:00,7005,6,0,0
1289692,07:59:00,07:59:00,7006,7,0,0
1289692,08:01:00,08:01:00,7007,8,0,0
1289692,08:02:00,08:02:00,7008,9,0,0
1289692,08:06:00,08:06:00,7107,10,0,0
1289692,08:09:00,08:09:00,7009,11,0,0
1289692,08:11:00,08:11:00,7010,12,0,0
1289692,08:13:00,08:13:00,7011,13,0,0
1289692,08:16:00,08:16:00,7013,14,0,0
1289692,08:18:00,08:18:00,7014,15,0,0
1289692,08:19:00,08:19:00,7015,16,0,0
1289692,08:22:00,08:22:00,7016,17,0,0
1289692,08:23:00,08:23:00,7017,18,0,0
1289692,08:26:00,08:26:00,7018,19,0,0
1289692,08:28:00,08:28:00,7019,20,0,0
1289692,08:31:00,08:31:00,7020,21,0,0
1289692,08:33:00,08:33:00,7021,22,0,0
1289692,08:35:00,08:35:00,7022,23,0,0
1289692,08:38:00,08:38:00,7023,24,0,0
1289692,08:40:00,08:40:00,7024,25,0,0
1289692,08:43:00,08:43:00,7099,26,0,0
1289692,08:46:00,08:46:00,7101,27,0,0
1289692,08:48:00,08:48:00,7103,28,0,0
1289692,08:51:00,08:51:00,7097,29,1,0
1289693,07:18:00,07:18:00,7000,1,0,0
1289693,07:19:00,07:19:00,7001,2,0,0
1289693,07:20:00,07:20:00,7002,3,0,0
1289693,07:24:00,07:24:00,7003,4,0,0
1289693,07:25:00,07:25:00,7004,5,1,1
1289693,07:27:00,07:27:00,7005,6,0,0
1289693,07:29:00,07:29:00,7006,7,0,0
1289693,07:31:00,07:31:00,7007,8,0,0
1289693,07:32:00,07:32:00,7008,9,0,0
1289693,07:36:00,07:36:00,7107,10,0,0
1289693,07:39:00,07:39:00,7009,11,0,0
1289693,07:41:00,07:41:00,7010,12,0,0
1289693,07:43:00,07:43:00,7011,13,0,0
1289693,07:46:00,07:46:00,7013,14,0,0
1289693,07:48:00,07:48:00,7014,15,0,0
1289693,07:49:00,07:49:00,7015,16,0,0
1289693,07:52:00,07:52:00,7016,17,0,0
1289693,07:53:00,07:53:00,7017,18,0,0
1289693,07:56:00,07:56:00,7018,19,0,0
1289693,07:58:00,07:58:00,7019,20,0,0
1289693,08:01:00,08:01:00,7020,21,0,0
1289693,08:03:00,08:03:00,7021,22,0,0
1289693,08:05:00,08:05:00,7022,23,0,0
1289693,08:08:00,08:08:00,7023,24,0,0
1289693,08:10:00,08:10:00,7024,25,0,0
1289693,08:13:00,08:13:00,7099,26,0,0
1289693,08:16:00,08:16:00,7101,27,0,0
1289693,08:18:00,08:18:00,7103,28,0,0
1289693,08:21:00,08:21:00,7097,29,1,0
1289694,06:48:00,06:48:00,7000,1,0,0
1289694,06:49:00,06:49:00,7001,2,0,0
1289694,06:50:00,06:50:00,7002,3,0,0
1289694,06:54:00,06:54:00,7003,4,0,0
1289694,06:55:00,06:55:00,7004,5,1,1
1289694,06:57:00,06:57:00,7005,6,0,0
1289694,06:59:00,06:59:00,7006,7,0,0
1289694,07:01:00,07:01:00,7007,8,0,0
1289694,07:02:00,07:02:00,7008,9,0,0
1289694,07:06:00,07:06:00,7107,10,0,0
1289694,07:09:00,07:09:00,7009,11,0,0
1289694,07:11:00,07:11:00,7010,12,0,0
1289694,07:13:00,07:13:00,7011,13,0,0
1289694,07:16:00,07:16:00,7013,14,0,0
1289694,07:18:00,07:18:00,7014,15,0,0
1289694,07:19:00,07:19:00,7015,16,0,0
1289694,07:22:00,07:22:00,7016,17,0,0
1289694,07:23:00,07:23:00,7017,18,0,0
1289694,07:26:00,07:26:00,7018,19,0,0
1289694,07:28:00,07:28:00,7019,20,0,0
1289694,07:31:00,07:31:00,7020,21,0,0
1289694,07:33:00,07:33:00,7021,22,0,0
1289694,07:35:00,07:35:00,7022,23,0,0
1289694,07:38:00,07:38:00,7023,24,0,0
1289694,07:40:00,07:40:00,7024,25,0,0
1289694,07:43:00,07:43:00,7099,26,0,0
1289694,07:46:00,07:46:00,7101,27,0,0
1289694,07:48:00,07:48:00,7103,28,0,0
1289694,07:51:00,07:51:00,7097,29,1,0
1289695,06:18:00,06:18:00,7000,1,0,0
1289695,06:19:00,06:19:00,7001,2,0,0
1289695,06:20:00,06:20:00,7002,3,0,0
1289695,06:24:00,06:24:00,7003,4,0,0
1289695,06:25:00,06:25:00,7004,5,1,1
1289695,06:27:00,06:27:00,7005,6,0,0
1289695,06:29:00,06:29:00,7006,7,0,0
1289695,06:31:00,06:31:00,7007,8,0,0
1289695,06:32:00,06:32:00,7008,9,0,0
1289695,06:36:00,06:36:00,7107,10,0,0
1289695,06:39:00,06:39:00,7009,11,0,0
1289695,06:41:00,06:41:00,7010,12,0,0
1289695,06:43:00,06:43:00,7011,13,0,0
1289695,06:46:00,06:46:00,7013,14,0,0
1289695,06:48:00,06:48:00,7014,15,0,0
1289695,06:49:00,06:49:00,7015,16,0,0
1289695,06:52:00,06:52:00,7016,17,0,0
1289695,06:53:00,06:53:00,7017,18,0,0
1289695,06:56:00,06:56:00,7018,19,0,0
1289695,06:58:00,06:58:00,7019,20,0,0
1289695,07:01:00,07:01:00,7020,21,0,0
1289695,07:03:00,07:03:00,7021,22,0,0
1289695,07:05:00,07:05:00,7022,23,0,0
1289695,07:08:00,07:08:00,7023,24,0,0
1289695,07:10:00,07:10:00,7024,25,0,0
1289695,07:13:00,07:13:00,7099,26,0,0
1289695,07:16:00,07:16:00,7101,27,0,0
1289695,07:18:00,07:18:00,7103,28,0,0
1289695,07:21:00,07:21:00,7097,29,1,0
1289696,05:48:00,05:48:00,7000,1,0,0
1289696,05:49:00,05:49:00,7001,2,0,0
1289696,05:50:00,05:50:00,7002,3,0,0
1289696,05:54:00,05:54:00,7003,4,0,0
1289696,05:55:00,05:55:00,7004,5,1,1
1289696,05:57:00,05:57:00,7005,6,0,0
1289696,05:59:00,05:59:00,7006,7,0,0
1289696,06:01:00,06:01:00,7007,8,0,0
1289696,06:02:00,06:02:00,7008,9,0,0
1289696,06:06:00,06:06:00,7107,10,0,0
1289696,06:09:00,06:09:00,7009,11,0,0
1289696,06:11:00,06:11:00,7010,12,0,0
1289696,06:13:00,06:13:00,7011,13,0,0
1289696,06:16:00,06:16:00,7013,14,0,0
1289696,06:18:00,06:18:00,7014,15,0,0
1289696,06:19:00,06:19:00,7015,16,0,0
1289696,06:22:00,06:22:00,7016,17,0,0
1289696,06:23:00,06:23:00,7017,18,0,0
1289696,06:26:00,06:26:00,7018,19,0,0
1289696,06:28:00,06:28:00,7019,20,0,0
1289696,06:31:00,06:31:00,7020,21,0,0
1289696,06:33:00,06:33:00,7021,22,0,0
1289696,06:35:00,06:35:00,7022,23,0,0
1289696,06:38:00,06:38:00,7023,24,0,0
1289696,06:40:00,06:40:00,7024,25,0,0
1289696,06:43:00,06:43:00,7099,26,0,0
1289696,06:46:00,06:46:00,7101,27,0,0
1289696,06:48:00,06:48:00,7103,28,0,0
1289696,06:51:00,06:51:00,7097,29,1,0
1289697,20:48:00,20:48:00,7000,1,0,0
1289697,20:49:00,20:49:00,7001,2,0,0
1289697,20:50:00,20:50:00,7002,3,0,0
1289697,20:54:00,20:54:00,7003,4,0,0
1289697,20:55:00,20:55:00,7004,5,1,1
1289697,20:57:00,20:57:00,7005,6,0,0
1289697,20:59:00,20:59:00,7006,7,0,0
1289697,21:01:00,21:01:00,7007,8,0,0
1289697,21:02:00,21:02:00,7008,9,0,0
1289697,21:06:00,21:06:00,7107,10,0,0
1289697,21:09:00,21:09:00,7009,11,0,0
1289697,21:11:00,21:11:00,7010,12,0,0
1289697,21:13:00,21:13:00,7011,13,0,0
1289697,21:16:00,21:16:00,7013,14,0,0
1289697,21:18:00,21:18:00,7014,15,0,0
1289697,21:19:00,21:19:00,7015,16,0,0
1289697,21:22:00,21:22:00,7016,17,0,0
1289697,21:23:00,21:23:00,7017,18,0,0
1289697,21:26:00,21:26:00,7018,19,0,0
1289697,21:28:00,21:28:00,7019,20,0,0
1289697,21:31:00,21:31:00,7020,21,0,0
1289697,21:33:00,21:33:00,7021,22,0,0
1289697,21:35:00,21:35:00,7022,23,0,0
1289697,21:38:00,21:38:00,7023,24,0,0
1289697,21:40:00,21:40:00,7024,25,0,0
1289697,21:43:00,21:43:00,7099,26,0,0
1289697,21:46:00,21:46:00,7101,27,0,0
1289697,21:48:00,21:48:00,7103,28,0,0
1289697,21:51:00,21:51:00,7097,29,1,0
1289698,20:18:00,20:18:00,7000,1,0,0
1289698,20:19:00,20:19:00,7001,2,0,0
1289698,20:20:00,20:20:00,7002,3,0,0
1289698,20:24:00,20:24:00,7003,4,0,0
1289698,20:25:00,20:25:00,7004,5,1,1
1289698,20:27:00,20:27:00,7005,6,0,0
1289698,20:29:00,20:29:00,7006,7,0,0
1289698,20:31:00,20:31:00,7007,8,0,0
1289698,20:32:00,20:32:00,7008,9,0,0
1289698,20:36:00,20:36:00,7107,10,0,0
1289698,20:39:00,20:39:00,7009,11,0,0
1289698,20:41:00,20:41:00,7010,12,0,0
1289698,20:43:00,20:43:00,7011,13,0,0
1289698,20:46:00,20:46:00,7013,14,0,0
1289698,20:48:00,20:48:00,7014,15,0,0
1289698,20:49:00,20:49:00,7015,16,0,0
1289698,20:52:00,20:52:00,7016,17,0,0
1289698,20:53:00,20:53:00,7017,18,0,0
1289698,20:56:00,20:56:00,7018,19,0,0
1289698,20:58:00,20:58:00,7019,20,0,0
1289698,21:01:00,21:01:00,7020,21,0,0
1289698,21:03:00,21:03:00,7021,22,0,0
1289698,21:05:00,21:05:00,7022,23,0,0
1289698,21:08:00,21:08:00,7023,24,0,0
1289698,21:10:00,21:10:00,7024,25,0,0
1289698,21:13:00,21:13:00,7099,26,0,0
1289698,21:16:00,21:16:00,7101,27,0,0
1289698,21:18:00,21:18:00,7103,28,0,0
1289698,21:21:00,21:21:00,7097,29,1,0
1289699,19:48:00,19:48:00,7000,1,0,0
1289699,19:49:00,19:49:00,7001,2,0,0
1289699,19:50:00,19:50:00,7002,3,0,0
1289699,19:54:00,19:54:00,7003,4,0,0
1289699,19:55:00,19:55:00,7004,5,1,1
1289699,19:57:00,19:57:00,7005,6,0,0
1289699,19:59:00,19:59:00,7006,7,0,0
1289699,20:01:00,20:01:00,7007,8,0,0
1289699,20:02:00,20:02:00,7008,9,0,0
1289699,20:06:00,20:06:00,7107,10,0,0
1289699,20:09:00,20:09:00,7009,11,0,0
1289699,20:11:00,20:11:00,7010,12,0,0
1289699,20:13:00,20:13:00,7011,13,0,0
1289699,20:16:00,20:16:00,7013,14,0,0
1289699,20:18:00,20:18:00,7014,15,0,0
1289699,20:19:00,20:19:00,7015,16,0,0
1289699,20:22:00,20:22:00,7016,17,0,0
1289699,20:23:00,20:23:00,7017,18,0,0
1289699,20:26:00,20:26:00,7018,19,0,0
1289699,20:28:00,20:28:00,7019,20,0,0
1289699,20:31:00,20:31:00,7020,21,0,0
1289699,20:33:00,20:33:00,7021,22,0,0
1289699,20:35:00,20:35:00,7022,23,0,0
1289699,20:38:00,20:38:00,7023,24,0,0
1289699,20:40:00,20:40:00,7024,25,0,0
1289699,20:43:00,20:43:00,7099,26,0,0
1289699,20:46:00,20:46:00,7101,27,0,0
1289699,20:48:00,20:48:00,7103,28,0,0
1289699,20:51:00,20:51:00,7097,29,1,0
1289700,19:18:00,19:18:00,7000,1,0,0
1289700,19:19:00,19:19:00,7001,2,0,0
1289700,19:20:00,19:20:00,7002,3,0,0
1289700,19:24:00,19:24:00,7003,4,0,0
1289700,19:25:00,19:25:00,7004,5,1,1
1289700,19:27:00,19:27:00,7005,6,0,0
1289700,19:29:00,19:29:00,7006,7,0,0
1289700,19:31:00,19:31:00,7007,8,0,0
1289700,19:32:00,19:32:00,7008,9,0,0
1289700,19:36:00,19:36:00,7107,10,0,0
1289700,19:39:00,19:39:00,7009,11,0,0
1289700,19:41:00,19:41:00,7010,12,0,0
1289700,19:43:00,19:43:00,7011,13,0,0
1289700,19:46:00,19:46:00,7013,14,0,0
1289700,19:48:00,19:48:00,7014,15,0,0
1289700,19:49:00,19:49:00,7015,16,0,0
1289700,19:52:00,19:52:00,7016,17,0,0
1289700,19:53:00,19:53:00,7017,18,0,0
1289700,19:56:00,19:56:00,7018,19,0,0
1289700,19:58:00,19:58:00,7019,20,0,0
1289700,20:01:00,20:01:00,7020,21,0,0
1289700,20:03:00,20:03:00,7021,22,0,0
1289700,20:05:00,20:05:00,7022,23,0,0
1289700,20:08:00,20:08:00,7023,24,0,0
1289700,20:10:00,20:10:00,7024,25,0,0
1289700,20:13:00,20:13:00,7099,26,0,0
1289700,20:16:00,20:16:00,7101,27,0,0
1289700,20:18:00,20:18:00,7103,28,0,0
1289700,20:21:00,20:21:00,7097,29,1,0
1289701,18:48:00,18:48:00,7000,1,0,0
1289701,18:49:00,18:49:00,7001,2,0,0
1289701,18:50:00,18:50:00,7002,3,0,0
1289701,18:54:00,18:54:00,7003,4,0,0
1289701,18:55:00,18:55:00,7004,5,1,1
1289701,18:57:00,18:57:00,7005,6,0,0
1289701,18:59:00,18:59:00,7006,7,0,0
1289701,19:01:00,19:01:00,7007,8,0,0
1289701,19:02:00,19:02:00,7008,9,0,0
1289701,19:06:00,19:06:00,7107,10,0,0
1289701,19:09:00,19:09:00,7009,11,0,0
1289701,19:11:00,19:11:00,7010,12,0,0
1289701,19:13:00,19:13:00,7011,13,0,0
1289701,19:16:00,19:16:00,7013,14,0,0
1289701,19:18:00,19:18:00,7014,15,0,0
1289701,19:19:00,19:19:00,7015,16,0,0
1289701,19:22:00,19:22:00,7016,17,0,0
1289701,19:23:00,19:23:00,7017,18,0,0
1289701,19:26:00,19:26:00,7018,19,0,0
1289701,19:28:00,19:28:00,7019,20,0,0
1289701,19:31:00,19:31:00,7020,21,0,0
1289701,19:33:00,19:33:00,7021,22,0,0
1289701,19:35:00,19:35:00,7022,23,0,0
1289701,19:38:00,19:38:00,7023,24,0,0
1289701,19:40:00,19:40:00,7024,25,0,0
1289701,19:43:00,19:43:00,7099,26,0,0
1289701,19:46:00,19:46:00,7101,27,0,0
1289701,19:48:00,19:48:00,7103,28,0,0
1289701,19:51:00,19:51:00,7097,29,1,0
1289702,18:18:00,18:18:00,7000,1,0,0
1289702,18:19:00,18:19:00,7001,2,0,0
1289702,18:20:00,18:20:00,7002,3,0,0
1289702,18:24:00,18:24:00,7003,4,0,0
1289702,18:25:00,18:25:00,7004,5,1,1
1289702,18:27:00,18:27:00,7005,6,0,0
1289702,18:29:00,18:29:00,7006,7,0,0
1289702,18:31:00,18:31:00,7007,8,0,0
1289702,18:32:00,18:32:00,7008,9,0,0
1289702,18:36:00,18:36:00,7107,10,0,0
1289702,18:39:00,18:39:00,7009,11,0,0
1289702,18:41:00,18:41:00,7010,12,0,0
1289702,18:43:00,18:43:00,7011,13,0,0
1289702,18:46:00,18:46:00,7013,14,0,0
1289702,18:48:00,18:48:00,7014,15,0,0
1289702,18:49:00,18:49:00,7015,16,0,0
1289702,18:52:00,18:52:00,7016,17,0,0
1289702,18:53:00,18:53:00,7017,18,0,0
1289702,18:56:00,18:56:00,7018,19,0,0
1289702,18:58:00,18:58:00,7019,20,0,0
1289702,19:01:00,19:01:00,7020,21,0,0
1289702,19:03:00,19:03:00,7021,22,0,0
1289702,19:05:00,19:05:00,7022,23,0,0
1289702,19:08:00,19:08:00,7023,24,0,0
1289702,19:10:00,19:10:00,7024,25,0,0
1289702,19:13:00,19:13:00,7099,26,0,0
1289702,19:16:00,19:16:00,7101,27,0,0
1289702,19:18:00,19:18:00,7103,28,0,0
1289702,19:21:00,19:21:00,7097,29,1,0
1289703,17:48:00,17:48:00,7000,1,0,0
1289703,17:49:00,17:49:00,7001,2,0,0
1289703,17:50:00,17:50:00,7002,3,0,0
1289703,17:54:00,17:54:00,7003,4,0,0
1289703,17:55:00,17:55:00,7004,5,1,1
1289703,17:57:00,17:57:00,7005,6,0,0
1289703,17:59:00,17:59:00,7006,7,0,0
1289703,18:01:00,18:01:00,7007,8,0,0
1289703,18:02:00,18:02:00,7008,9,0,0
1289703,18:06:00,18:06:00,7107,10,0,0
1289703,18:09:00,18:09:00,7009,11,0,0
1289703,18:11:00,18:11:00,7010,12,0,0
1289703,18:13:00,18:13:00,7011,13,0,0
1289703,18:16:00,18:16:00,7013,14,0,0
1289703,18:18:00,18:18:00,7014,15,0,0
1289703,18:19:00,18:19:00,7015,16,0,0
1289703,18:22:00,18:22:00,7016,17,0,0
1289703,18:23:00,18:23:00,7017,18,0,0
1289703,18:26:00,18:26:00,7018,19,0,0
1289703,18:28:00,18:28:00,7019,20,0,0
1289703,18:31:00,18:31:00,7020,21,0,0
1289703,18:33:00,18:33:00,7021,22,0,0
1289703,18:35:00,18:35:00,7022,23,0,0
1289703,18:38:00,18:38:00,7023,24,0,0
1289703,18:40:00,18:40:00,7024,25,0,0
1289703,18:43:00,18:43:00,7099,26,0,0
1289703,18:46:00,18:46:00,7101,27,0,0
1289703,18:48:00,18:48:00,7103,28,0,0
1289703,18:51:00,18:51:00,7097,29,1,0
1289704,17:18:00,17:18:00,7000,1,0,0
1289704,17:19:00,17:19:00,7001,2,0,0
1289704,17:20:00,17:20:00,7002,3,0,0
1289704,17:24:00,17:24:00,7003,4,0,0
1289704,17:25:00,17:25:00,7004,5,1,1
1289704,17:27:00,17:27:00,7005,6,0,0
1289704,17:29:00,17:29:00,7006,7,0,0
1289704,17:31:00,17:31:00,7007,8,0,0
1289704,17:32:00,17:32:00,7008,9,0,0
1289704,17:36:00,17:36:00,7107,10,0,0
1289704,17:39:00,17:39:00,7009,11,0,0
1289704,17:41:00,17:41:00,7010,12,0,0
1289704,17:43:00,17:43:00,7011,13,0,0
1289704,17:46:00,17:46:00,7013,14,0,0
1289704,17:48:00,17:48:00,7014,15,0,0
1289704,17:49:00,17:49:00,7015,16,0,0
1289704,17:52:00,17:52:00,7016,17,0,0
1289704,17:53:00,17:53:00,7017,18,0,0
1289704,17:56:00,17:56:00,7018,19,0,0
1289704,17:58:00,17:58:00,7019,20,0,0
1289704,18:01:00,18:01:00,7020,21,0,0
1289704,18:03:00,18:03:00,7021,22,0,0
1289704,18:05:00,18:05:00,7022,23,0,0
1289704,18:08:00,18:08:00,7023,24,0,0
1289704,18:10:00,18:10:00,7024,25,0,0
1289704,18:13:00,18:13:00,7099,26,0,0
1289704,18:16:00,18:16:00,7101,27,0,0
1289704,18:18:00,18:18:00,7103,28,0,0
1289704,18:21:00,18:21:00,7097,29,1,0
1289705,16:48:00,16:48:00,7000,1,0,0
1289705,16:49:00,16:49:00,7001,2,0,0
1289705,16:50:00,16:50:00,7002,3,0,0
1289705,16:54:00,16:54:00,7003,4,0,0
1289705,16:55:00,16:55:00,7004,5,1,1
1289705,16:57:00,16:57:00,7005,6,0,0
1289705,16:59:00,16:59:00,7006,7,0,0
1289705,17:01:00,17:01:00,7007,8,0,0
1289705,17:02:00,17:02:00,7008,9,0,0
1289705,17:06:00,17:06:00,7107,10,0,0
1289705,17:09:00,17:09:00,7009,11,0,0
1289705,17:11:00,17:11:00,7010,12,0,0
1289705,17:13:00,17:13:00,7011,13,0,0
1289705,17:16:00,17:16:00,7013,14,0,0
1289705,17:18:00,17:18:00,7014,15,0,0
1289705,17:19:00,17:19:00,7015,16,0,0
1289705,17:22:00,17:22:00,7016,17,0,0
1289705,17:23:00,17:23:00,7017,18,0,0
1289705,17:26:00,17:26:00,7018,19,0,0
1289705,17:28:00,17:28:00,7019,20,0,0
1289705,17:31:00,17:31:00,7020,21,0,0
1289705,17:33:00,17:33:00,7021,22,0,0
1289705,17:35:00,17:35:00,7022,23,0,0
1289705,17:38:00,17:38:00,7023,24,0,0
1289705,17:40:00,17:40:00,7024,25,0,0
1289705,17:43:00,17:43:00,7099,26,0,0
1289705,17:46:00,17:46:00,7101,27,0,0
1289705,17:48:00,17:48:00,7103,28,0,0
1289705,17:51:00,17:51:00,7097,29,1,0
1289706,16:18:00,16:18:00,7000,1,0,0
1289706,16:19:00,16:19:00,7001,2,0,0
1289706,16:20:00,16:20:00,7002,3,0,0
1289706,16:24:00,16:24:00,7003,4,0,0
1289706,16:25:00,16:25:00,7004,5,1,1
1289706,16:27:00,16:27:00,7005,6,0,0
1289706,16:29:00,16:29:00,7006,7,0,0
1289706,16:31:00,16:31:00,7007,8,0,0
1289706,16:32:00,16:32:00,7008,9,0,0
1289706,16:36:00,16:36:00,7107,10,0,0
1289706,16:39:00,16:39:00,7009,11,0,0
1289706,16:41:00,16:41:00,7010,12,0,0
1289706,16:43:00,16:43:00,7011,13,0,0
1289706,16:46:00,16:46:00,7013,14,0,0
1289706,16:48:00,16:48:00,7014,15,0,0
1289706,16:49:00,16:49:00,7015,16,0,0
1289706,16:52:00,16:52:00,7016,17,0,0
1289706,16:53:00,16:53:00,7017,18,0,0
1289706,16:56:00,16:56:00,7018,19,0,0
1289706,16:58:00,16:58:00,7019,20,0,0
1289706,17:01:00,17:01:00,7020,21,0,0
1289706,17:03:00,17:03:00,7021,22,0,0
1289706,17:05:00,17:05:00,7022,23,0,0
1289706,17:08:00,17:08:00,7023,24,0,0
1289706,17:10:00,17:10:00,7024,25,0,0
1289706,17:13:00,17:13:00,7099,26,0,0
1289706,17:16:00,17:16:00,7101,27,0,0
1289706,17:18:00,17:18:00,7103,28,0,0
1289706,17:21:00,17:21:00,7097,29,1,0
1289707,15:48:00,15:48:00,7000,1,0,0
1289707,15:49:00,15:49:00,7001,2,0,0
1289707,15:50:00,15:50:00,7002,3,0,0
1289707,15:54:00,15:54:00,7003,4,0,0
1289707,15:55:00,15:55:00,7004,5,1,1
1289707,15:57:00,15:57:00,7005,6,0,0
1289707,15:59:00,15:59:00,7006,7,0,0
1289707,16:01:00,16:01:00,7007,8,0,0
1289707,16:02:00,16:02:00,7008,9,0,0
1289707,16:06:00,16:06:00,7107,10,0,0
1289707,16:09:00,16:09:00,7009,11,0,0
1289707,16:11:00,16:11:00,7010,12,0,0
1289707,16:13:00,16:13:00,7011,13,0,0
1289707,16:16:00,16:16:00,7013,14,0,0
1289707,16:18:00,16:18:00,7014,15,0,0
1289707,16:19:00,16:19:00,7015,16,0,0
1289707,16:22:00,16:22:00,7016,17,0,0
1289707,16:23:00,16:23:00,7017,18,0,0
1289707,16:26:00,16:26:00,7018,19,0,0
1289707,16:28:00,16:28:00,7019,20,0,0
1289707,16:31:00,16:31:00,7020,21,0,0
1289707,16:33:00,16:33:00,7021,22,0,0
1289707,16:35:00,16:35:00,7022,23,0,0
1289707,16:38:00,16:38:00,7023,24,0,0
1289707,16:40:00,16:40:00,7024,25,0,0
1289707,16:43:00,16:43:00,7099,26,0,0
1289707,16:46:00,16:46:00,7101,27,0,0
1289707,16:48:00,16:48:00,7103,28,0,0
1289707,16:51:00,16:51:00,7097,29,1,0
1289708,15:18:00,15:18:00,7000,1,0,0
1289708,15:19:00,15:19:00,7001,2,0,0
1289708,15:20:00,15:20:00,7002,3,0,0
1289708,15:24:00,15:24:00,7003,4,0,0
1289708,15:25:00,15:25:00,7004,5,1,1
1289708,15:27:00,15:27:00,7005,6,0,0
1289708,15:29:00,15:29:00,7006,7,0,0
1289708,15:31:00,15:31:00,7007,8,0,0
1289708,15:32:00,15:32:00,7008,9,0,0
1289708,15:36:00,15:36:00,7107,10,0,0
1289708,15:39:00,15:39:00,7009,11,0,0
1289708,15:41:00,15:41:00,7010,12,0,0
1289708,15:43:00,15:43:00,7011,13,0,0
1289708,15:46:00,15:46:00,7013,14,0,0
1289708,15:48:00,15:48:00,7014,15,0,0
1289708,15:49:00,15:49:00,7015,16,0,0
1289708,15:52:00,15:52:00,7016,17,0,0
1289708,15:53:00,15:53:00,7017,18,0,0
1289708,15:56:00,15:56:00,7018,19,0,0
1289708,15:58:00,15:58:00,7019,20,0,0
1289708,16:01:00,16:01:00,7020,21,0,0
1289708,16:03:00,16:03:00,7021,22,0,0
1289708,16:05:00,16:05:00,7022,23,0,0
1289708,16:08:00,16:08:00,7023,24,0,0
1289708,16:10:00,16:10:00,7024,25,0,0
1289708,16:13:00,16:13:00,7099,26,0,0
1289708,16:16:00,16:16:00,7101,27,0,0
1289708,16:18:00,16:18:00,7103,28,0,0
1289708,16:21:00,16:21:00,7097,29,1,0
1289709,14:48:00,14:48:00,7000,1,0,0
1289709,14:49:00,14:49:00,7001,2,0,0
1289709,14:50:00,14:50:00,7002,3,0,0
1289709,14:54:00,14:54:00,7003,4,0,0
1289709,14:55:00,14:55:00,7004,5,1,1
1289709,14:57:00,14:57:00,7005,6,0,0
1289709,14:59:00,14:59:00,7006,7,0,0
1289709,15:01:00,15:01:00,7007,8,0,0
1289709,15:02:00,15:02:00,7008,9,0,0
1289709,15:06:00,15:06:00,7107,10,0,0
1289709,15:09:00,15:09:00,7009,11,0,0
1289709,15:11:00,15:11:00,7010,12,0,0
1289709,15:13:00,15:13:00,7011,13,0,0
1289709,15:16:00,15:16:00,7013,14,0,0
1289709,15:18:00,15:18:00,7014,15,0,0
1289709,15:19:00,15:19:00,7015,16,0,0
1289709,15:22:00,15:22:00,7016,17,0,0
1289709,15:23:00,15:23:00,7017,18,0,0
1289709,15:26:00,15:26:00,7018,19,0,0
1289709,15:28:00,15:28:00,7019,20,0,0
1289709,15:31:00,15:31:00,7020,21,0,0
1289709,15:33:00,15:33:00,7021,22,0,0
1289709,15:35:00,15:35:00,7022,23,0,0
1289709,15:38:00,15:38:00,7023,24,0,0
1289709,15:40:00,15:40:00,7024,25,0,0
1289709,15:43:00,15:43:00,7099,26,0,0
1289709,15:46:00,15:46:00,7101,27,0,0
1289709,15:48:00,15:48:00,7103,28,0,0
1289709,15:51:00,15:51:00,7097,29,1,0
1289710,14:18:00,14:18:00,7000,1,0,0
1289710,14:19:00,14:19:00,7001,2,0,0
1289710,14:20:00,14:20:00,7002,3,0,0
1289710,14:24:00,14:24:00,7003,4,0,0
1289710,14:25:00,14:25:00,7004,5,1,1
1289710,14:27:00,14:27:00,7005,6,0,0
1289710,14:29:00,14:29:00,7006,7,0,0
1289710,14:31:00,14:31:00,7007,8,0,0
1289710,14:32:00,14:32:00,7008,9,0,0
1289710,14:36:00,14:36:00,7107,10,0,0
1289710,14:39:00,14:39:00,7009,11,0,0
1289710,14:41:00,14:41:00,7010,12,0,0
1289710,14:43:00,14:43:00,7011,13,0,0
1289710,14:46:00,14:46:00,7013,14,0,0
1289710,14:48:00,14:48:00,7014,15,0,0
1289710,14:49:00,14:49:00,7015,16,0,0
1289710,14:52:00,14:52:00,7016,17,0,0
1289710,14:53:00,14:53:00,7017,18,0,0
1289710,14:56:00,14:56:00,7018,19,0,0
1289710,14:58:00,14:58:00,7019,20,0,0
1289710,15:01:00,15:01:00,7020,21,0,0
1289710,15:03:00,15:03:00,7021,22,0,0
1289710,15:05:00,15:05:00,7022,23,0,0
1289710,15:08:00,15:08:00,7023,24,0,0
1289710,15:10:00,15:10:00,7024,25,0,0
1289710,15:13:00,15:13:00,7099,26,0,0
1289710,15:16:00,15:16:00,7101,27,0,0
1289710,15:18:00,15:18:00,7103,28,0,0
1289710,15:21:00,15:21:00,7097,29,1,0
1289711,13:48:00,13:48:00,7000,1,0,0
1289711,13:49:00,13:49:00,7001,2,0,0
1289711,13:50:00,13:50:00,7002,3,0,0
1289711,13:54:00,13:54:00,7003,4,0,0
1289711,13:55:00,13:55:00,7004,5,1,1
1289711,13:57:00,13:57:00,7005,6,0,0
1289711,13:59:00,13:59:00,7006,7,0,0
1289711,14:01:00,14:01:00,7007,8,0,0
1289711,14:02:00,14:02:00,7008,9,0,0
1289711,14:06:00,14:06:00,7107,10,0,0
1289711,14:09:00,14:09:00,7009,11,0,0
1289711,14:11:00,14:11:00,7010,12,0,0
1289711,14:13:00,14:13:00,7011,13,0,0
1289711,14:16:00,14:16:00,7013,14,0,0
1289711,14:18:00,14:18:00,7014,15,0,0
1289711,14:19:00,14:19:00,7015,16,0,0
1289711,14:22:00,14:22:00,7016,17,0,0
1289711,14:23:00,14:23:00,7017,18,0,0
1289711,14:26:00,14:26:00,7018,19,0,0
1289711,14:28:00,14:28:00,7019,20,0,0
1289711,14:31:00,14:31:00,7020,21,0,0
1289711,14:33:00,14:33:00,7021,22,0,0
1289711,14:35:00,14:35:00,7022,23,0,0
1289711,14:38:00,14:38:00,7023,24,0,0
1289711,14:40:00,14:40:00,7024,25,0,0
1289711,14:43:00,14:43:00,7099,26,0,0
1289711,14:46:00,14:46:00,7101,27,0,0
1289711,14:48:00,14:48:00,7103,28,0,0
1289711,14:51:00,14:51:00,7097,29,1,0
1289712,13:18:00,13:18:00,7000,1,0,0
1289712,13:19:00,13:19:00,7001,2,0,0
1289712,13:20:00,13:20:00,7002,3,0,0
1289712,13:24:00,13:24:00,7003,4,0,0
1289712,13:25:00,13:25:00,7004,5,1,1
1289712,13:27:00,13:27:00,7005,6,0,0
1289712,13:29:00,13:29:00,7006,7,0,0
1289712,13:31:00,13:31:00,7007,8,0,0
1289712,13:32:00,13:32:00,7008,9,0,0
1289712,13:36:00,13:36:00,7107,10,0,0
1289712,13:39:00,13:39:00,7009,11,0,0
1289712,13:41:00,13:41:00,7010,12,0,0
1289712,13:43:00,13:43:00,7011,13,0,0
1289712,13:46:00,13:46:00,7013,14,0,0
1289712,13:48:00,13:48:00,7014,15,0,0
1289712,13:49:00,13:49:00,7015,16,0,0
1289712,13:52:00,13:52:00,7016,17,0,0
1289712,13:53:00,13:53:00,7017,18,0,0
1289712,13:56:00,13:56:00,7018,19,0,0
1289712,13:58:00,13:58:00,7019,20,0,0
1289712,14:01:00,14:01:00,7020,21,0,0
1289712,14:03:00,14:03:00,7021,22,0,0
1289712,14:05:00,14:05:00,7022,23,0,0
1289712,14:08:00,14:08:00,7023,24,0,0
1289712,14:10:00,14:10:00,7024,25,0,0
1289712,14:13:00,14:13:00,7099,26,0,0
1289712,14:16:00,14:16:00,7101,27,0,0
1289712,14:18:00,14:18:00,7103,28,0,0
1289712,14:21:00,14:21:00,7097,29,1,0
1289713,05:18:00,05:18:00,7000,1,0,0
1289713,05:19:00,05:19:00,7001,2,0,0
1289713,05:20:00,05:20:00,7002,3,0,0
1289713,05:24:00,05:24:00,7003,4,0,0
1289713,05:25:00,05:25:00,7004,5,1,1
1289713,05:27:00,05:27:00,7005,6,0,0
1289713,05:29:00,05:29:00,7006,7,0,0
1289713,05:31:00,05:31:00,7007,8,0,0
1289713,05:32:00,05:32:00,7008,9,0,0
1289713,05:36:00,05:36:00,7107,10,0,0
1289713,05:39:00,05:39:00,7009,11,0,0
1289713,05:41:00,05:41:00,7010,12,0,0
1289713,05:43:00,05:43:00,7011,13,0,0
1289713,05:46:00,05:46:00,7013,14,0,0
1289713,05:48:00,05:48:00,7014,15,0,0
1289713,05:49:00,05:49:00,7015,16,0,0
1289713,05:52:00,05:52:00,7016,17,0,0
1289713,05:53:00,05:53:00,7017,18,0,0
1289713,05:56:00,05:56:00,7018,19,0,0
1289713,05:58:00,05:58:00,7019,20,0,0
1289713,06:01:00,06:01:00,7020,21,0,0
1289713,06:03:00,06:03:00,7021,22,0,0
1289713,06:05:00,06:05:00,7022,23,0,0
1289713,06:08:00,06:08:00,7023,24,0,0
1289713,06:10:00,06:10:00,7024,25,0,0
1289713,06:13:00,06:13:00,7099,26,0,0
1289713,06:16:00,06:16:00,7101,27,0,0
1289713,06:18:00,06:18:00,7103,28,0,0
1289713,06:21:00,06:21:00,7097,29,1,0
1289714,04:57:00,04:57:00,7005,1,0,0
1289714,04:59:00,04:59:00,7006,2,0,0
1289714,05:01:00,05:01:00,7007,3,0,0
1289714,05:02:00,05:02:00,7008,4,0,0
1289714,05:06:00,05:06:00,7107,5,0,0
1289714,05:09:00,05:09:00,7009,6,0,0
1289714,05:11:00,05:11:00,7010,7,0,0
1289714,05:13:00,05:13:00,7011,8,0,0
1289714,05:16:00,05:16:00,7013,9,0,0
1289714,05:18:00,05:18:00,7014,10,0,0
1289714,05:19:00,05:19:00,7015,11,0,0
1289714,05:22:00,05:22:00,7016,12,0,0
1289714,05:23:00,05:23:00,7017,13,0,0
1289714,05:26:00,05:26:00,7018,14,0,0
1289714,05:28:00,05:28:00,7019,15,0,0
1289714,05:31:00,05:31:00,7020,16,0,0
1289714,05:33:00,05:33:00,7021,17,0,0
1289714,05:35:00,05:35:00,7022,18,0,0
1289714,05:38:00,05:38:00,7023,19,0,0
1289714,05:40:00,05:40:00,7024,20,0,0
1289714,05:43:00,05:43:00,7099,21,0,0
1289714,05:46:00,05:46:00,7101,22,0,0
1289714,05:48:00,05:48:00,7103,23,0,0
1289714,05:51:00,05:51:00,7097,24,1,0
1289715,10:03:00,10:03:00,7000,1,0,0
1289715,10:04:00,10:04:00,7001,2,0,0
1289715,10:05:00,10:05:00,7002,3,0,0
1289715,10:09:00,10:09:00,7003,4,0,0
1289715,10:10:00,10:10:00,7004,5,1,1
1289715,10:12:00,10:12:00,7005,6,0,0
1289715,10:14:00,10:14:00,7006,7,0,0
1289715,10:16:00,10:16:00,7007,8,0,0
1289715,10:17:00,10:17:00,7008,9,0,0
1289715,10:21:00,10:21:00,7107,10,0,0
1289715,10:24:00,10:24:00,7009,11,0,0
1289715,10:26:00,10:26:00,7010,12,0,0
1289715,10:28:00,10:28:00,7011,13,0,0
1289715,10:31:00,10:31:00,7013,14,0,0
1289715,10:33:00,10:33:00,7014,15,0,0
1289715,10:34:00,10:34:00,7015,16,0,0
1289715,10:37:00,10:37:00,7016,17,0,0
1289715,10:38:00,10:38:00,7017,18,0,0
1289715,10:41:00,10:41:00,7018,19,0,0
1289715,10:43:00,10:43:00,7019,20,0,0
1289715,10:46:00,10:46:00,7020,21,0,0
1289715,10:48:00,10:48:00,7021,22,0,0
1289715,10:50:00,10:50:00,7022,23,0,0
1289715,10:53:00,10:53:00,7023,24,0,0
1289715,10:55:00,10:55:00,7024,25,0,0
1289715,10:58:00,10:58:00,7099,26,0,0
1289715,11:01:00,11:01:00,7101,27,0,0
1289715,11:03:00,11:03:00,7103,28,0,0
1289715,11:06:00,11:06:00,7097,29,1,0
1289716,10:33:00,10:33:00,7000,1,0,0
1289716,10:34:00,10:34:00,7001,2,0,0
1289716,10:35:00,10:35:00,7002,3,0,0
1289716,10:39:00,10:39:00,7003,4,0,0
1289716,10:40:00,10:40:00,7004,5,1,1
1289716,10:42:00,10:42:00,7005,6,0,0
1289716,10:44:00,10:44:00,7006,7,0,0
1289716,10:46:00,10:46:00,7007,8,0,0
1289716,10:47:00,10:47:00,7008,9,0,0
1289716,10:51:00,10:51:00,7107,10,0,0
1289716,10:54:00,10:54:00,7009,11,0,0
1289716,10:56:00,10:56:00,7010,12,0,0
1289716,10:58:00,10:58:00,7011,13,0,0
1289716,11:01:00,11:01:00,7013,14,0,0
1289716,11:03:00,11:03:00,7014,15,0,0
1289716,11:04:00,11:04:00,7015,16,0,0
1289716,11:07:00,11:07:00,7016,17,0,0
1289716,11:08:00,11:08:00,7017,18,0,0
1289716,11:11:00,11:11:00,7018,19,0,0
1289716,11:13:00,11:13:00,7019,20,0,0
1289716,11:16:00,11:16:00,7020,21,0,0
1289716,11:18:00,11:18:00,7021,22,0,0
1289716,11:20:00,11:20:00,7022,23,0,0
1289716,11:23:00,11:23:00,7023,24,0,0
1289716,11:25:00,11:25:00,7024,25,0,0
1289716,11:28:00,11:28:00,7099,26,0,0
1289716,11:31:00,11:31:00,7101,27,0,0
1289716,11:33:00,11:33:00,7103,28,0,0
1289716,11:36:00,11:36:00,7097,29,1,0
1289717,11:03:00,11:03:00,7000,1,0,0
1289717,11:04:00,11:04:00,7001,2,0,0
1289717,11:05:00,11:05:00,7002,3,0,0
1289717,11:09:00,11:09:00,7003,4,0,0
1289717,11:10:00,11:10:00,7004,5,1,1
1289717,11:12:00,11:12:00,7005,6,0,0
1289717,11:14:00,11:14:00,7006,7,0,0
1289717,11:16:00,11:16:00,7007,8,0,0
1289717,11:17:00,11:17:00,7008,9,0,0
1289717,11:21:00,11:21:00,7107,10,0,0
1289717,11:24:00,11:24:00,7009,11,0,0
1289717,11:26:00,11:26:00,7010,12,0,0
1289717,11:28:00,11:28:00,7011,13,0,0
1289717,11:31:00,11:31:00,7013,14,0,0
1289717,11:33:00,11:33:00,7014,15,0,0
1289717,11:34:00,11:34:00,7015,16,0,0
1289717,11:37:00,11:37:00,7016,17,0,0
1289717,11:38:00,11:38:00,7017,18,0,0
1289717,11:41:00,11:41:00,7018,19,0,0
1289717,11:43:00,11:43:00,7019,20,0,0
1289717,11:46:00,11:46:00,7020,21,0,0
1289717,11:48:00,11:48:00,7021,22,0,0
1289717,11:50:00,11:50:00,7022,23,0,0
1289717,11:53:00,11:53:00,7023,24,0,0
1289717,11:55:00,11:55:00,7024,25,0,0
1289717,11:58:00,11:58:00,7099,26,0,0
1289717,12:01:00,12:01:00,7101,27,0,0
1289717,12:03:00,12:03:00,7103,28,0,0
1289717,12:06:00,12:06:00,7097,29,1,0
1289718,11:33:00,11:33:00,7000,1,0,0
1289718,11:34:00,11:34:00,7001,2,0,0
1289718,11:35:00,11:35:00,7002,3,0,0
1289718,11:39:00,11:39:00,7003,4,0,0
1289718,11:40:00,11:40:00,7004,5,1,1
1289718,11:42:00,11:42:00,7005,6,0,0
1289718,11:44:00,11:44:00,7006,7,0,0
1289718,11:46:00,11:46:00,7007,8,0,0
1289718,11:47:00,11:47:00,7008,9,0,0
1289718,11:51:00,11:51:00,7107,10,0,0
1289718,11:54:00,11:54:00,7009,11,0,0
1289718,11:56:00,11:56:00,7010,12,0,0
1289718,11:58:00,11:58:00,7011,13,0,0
1289718,12:01:00,12:01:00,7013,14,0,0
1289718,12:03:00,12:03:00,7014,15,0,0
1289718,12:04:00,12:04:00,7015,16,0,0
1289718,12:07:00,12:07:00,7016,17,0,0
1289718,12:08:00,12:08:00,7017,18,0,0
1289718,12:11:00,12:11:00,7018,19,0,0
1289718,12:13:00,12:13:00,7019,20,0,0
1289718,12:16:00,12:16:00,7020,21,0,0
1289718,12:18:00,12:18:00,7021,22,0,0
1289718,12:20:00,12:20:00,7022,23,0,0
1289718,12:23:00,12:23:00,7023,24,0,0
1289718,12:25:00,12:25:00,7024,25,0,0
1289718,12:28:00,12:28:00,7099,26,0,0
1289718,12:31:00,12:31:00,7101,27,0,0
1289718,12:33:00,12:33:00,7103,28,0,0
1289718,12:36:00,12:36:00,7097,29,1,0
1289719,12:03:00,12:03:00,7000,1,0,0
1289719,12:04:00,12:04:00,7001,2,0,0
1289719,12:05:00,12:05:00,7002,3,0,0
1289719,12:09:00,12:09:00,7003,4,0,0
1289719,12:10:00,12:10:00,7004,5,1,1
1289719,12:12:00,12:12:00,7005,6,0,0
1289719,12:14:00,12:14:00,7006,7,0,0
1289719,12:16:00,12:16:00,7007,8,0,0
1289719,12:17:00,12:17:00,7008,9,0,0
1289719,12:21:00,12:21:00,7107,10,0,0
1289719,12:24:00,12:24:00,7009,11,0,0
1289719,12:26:00,12:26:00,7010,12,0,0
1289719,12:28:00,12:28:00,7011,13,0,0
1289719,12:31:00,12:31:00,7013,14,0,0
1289719,12:33:00,12:33:00,7014,15,0,0
1289719,12:34:00,12:34:00,7015,16,0,0
1289719,12:37:00,12:37:00,7016,17,0,0
1289719,12:38:00,12:38:00,7017,18,0,0
1289719,12:41:00,12:41:00,7018,19,0,0
1289719,12:43:00,12:43:00,7019,20,0,0
1289719,12:46:00,12:46:00,7020,21,0,0
1289719,12:48:00,12:48:00,7021,22,0,0
1289719,12:50:00,12:50:00,7022,23,0,0
1289719,12:53:00,12:53:00,7023,24,0,0
1289719,12:55:00,12:55:00,7024,25,0,0
1289719,12:58:00,12:58:00,7099,26,0,0
1289719,13:01:00,13:01:00,7101,27,0,0
1289719,13:03:00,13:03:00,7103,28,0,0
1289719,13:06:00,13:06:00,7097,29,1,0
1289720,12:33:00,12:33:00,7000,1,0,0
1289720,12:34:00,12:34:00,7001,2,0,0
1289720,12:35:00,12:35:00,7002,3,0,0
1289720,12:39:00,12:39:00,7003,4,0,0
1289720,12:40:00,12:40:00,7004,5,1,1
1289720,12:42:00,12:42:00,7005,6,0,0
1289720,12:44:00,12:44:00,7006,7,0,0
1289720,12:46:00,12:46:00,7007,8,0,0
1289720,12:47:00,12:47:00,7008,9,0,0
1289720,12:51:00,12:51:00,7107,10,0,0
1289720,12:54:00,12:54:00,7009,11,0,0
1289720,12:56:00,12:56:00,7010,12,0,0
1289720,12:58:00,12:58:00,7011,13,0,0
1289720,13:01:00,13:01:00,7013,14,0,0
1289720,13:03:00,13:03:00,7014,15,0,0
1289720,13:04:00,13:04:00,7015,16,0,0
1289720,13:07:00,13:07:00,7016,17,0,0
1289720,13:08:00,13:08:00,7017,18,0,0
1289720,13:11:00,13:11:00,7018,19,0,0
1289720,13:13:00,13:13:00,7019,20,0,0
1289720,13:16:00,13:16:00,7020,21,0,0
1289720,13:18:00,13:18:00,7021,22,0,0
1289720,13:20:00,13:20:00,7022,23,0,0
1289720,13:23:00,13:23:00,7023,24,0,0
1289720,13:25:00,13:25:00,7024,25,0,0
1289720,13:28:00,13:28:00,7099,26,0,0
1289720,13:31:00,13:31:00,7101,27,0,0
1289720,13:33:00,13:33:00,7103,28,0,0
1289720,13:36:00,13:36:00,7097,29,1,0
1289721,13:03:00,13:03:00,7000,1,0,0
1289721,13:04:00,13:04:00,7001,2,0,0
1289721,13:05:00,13:05:00,7002,3,0,0
1289721,13:09:00,13:09:00,7003,4,0,0
1289721,13:10:00,13:10:00,7004,5,1,1
1289721,13:12:00,13:12:00,7005,6,0,0
1289721,13:14:00,13:14:00,7006,7,0,0
1289721,13:16:00,13:16:00,7007,8,0,0
1289721,13:17:00,13:17:00,7008,9,0,0
1289721,13:21:00,13:21:00,7107,10,0,0
1289721,13:24:00,13:24:00,7009,11,0,0
1289721,13:26:00,13:26:00,7010,12,0,0
1289721,13:28:00,13:28:00,7011,13,0,0
1289721,13:31:00,13:31:00,7013,14,0,0
1289721,13:33:00,13:33:00,7014,15,0,0
1289721,13:34:00,13:34:00,7015,16,0,0
1289721,13:37:00,13:37:00,7016,17,0,0
1289721,13:38:00,13:38:00,7017,18,0,0
1289721,13:41:00,13:41:00,7018,19,0,0
1289721,13:43:00,13:43:00,7019,20,0,0
1289721,13:46:00,13:46:00,7020,21,0,0
1289721,13:48:00,13:48:00,7021,22,0,0
1289721,13:50:00,13:50:00,7022,23,0,0
1289721,13:53:00,13:53:00,7023,24,0,0
1289721,13:55:00,13:55:00,7024,25,0,0
1289721,13:58:00,13:58:00,7099,26,0,0
1289721,14:01:00,14:01:00,7101,27,0,0
1289721,14:03:00,14:03:00,7103,28,0,0
1289721,14:06:00,14:06:00,7097,29,1,0
1289722,13:33:00,13:33:00,7000,1,0,0
1289722,13:34:00,13:34:00,7001,2,0,0
1289722,13:35:00,13:35:00,7002,3,0,0
1289722,13:39:00,13:39:00,7003,4,0,0
1289722,13:40:00,13:40:00,7004,5,1,1
1289722,13:42:00,13:42:00,7005,6,0,0
1289722,13:44:00,13:44:00,7006,7,0,0
1289722,13:46:00,13:46:00,7007,8,0,0
1289722,13:47:00,13:47:00,7008,9,0,0
1289722,13:51:00,13:51:00,7107,10,0,0
1289722,13:54:00,13:54:00,7009,11,0,0
1289722,13:56:00,13:56:00,7010,12,0,0
1289722,13:58:00,13:58:00,7011,13,0,0
1289722,14:01:00,14:01:00,7013,14,0,0
1289722,14:03:00,14:03:00,7014,15,0,0
1289722,14:04:00,14:04:00,7015,16,0,0
1289722,14:07:00,14:07:00,7016,17,0,0
1289722,14:08:00,14:08:00,7017,18,0,0
1289722,14:11:00,14:11:00,7018,19,0,0
1289722,14:13:00,14:13:00,7019,20,0,0
1289722,14:16:00,14:16:00,7020,21,0,0
1289722,14:18:00,14:18:00,7021,22,0,0
1289722,14:20:00,14:20:00,7022,23,0,0
1289722,14:23:00,14:23:00,7023,24,0,0
1289722,14:25:00,14:25:00,7024,25,0,0
1289722,14:28:00,14:28:00,7099,26,0,0
1289722,14:31:00,14:31:00,7101,27,0,0
1289722,14:33:00,14:33:00,7103,28,0,0
1289722,14:36:00,14:36:00,7097,29,1,0
1289723,14:03:00,14:03:00,7000,1,0,0
1289723,14:04:00,14:04:00,7001,2,0,0
1289723,14:05:00,14:05:00,7002,3,0,0
1289723,14:09:00,14:09:00,7003,4,0,0
1289723,14:10:00,14:10:00,7004,5,1,1
1289723,14:12:00,14:12:00,7005,6,0,0
1289723,14:14:00,14:14:00,7006,7,0,0
1289723,14:16:00,14:16:00,7007,8,0,0
1289723,14:17:00,14:17:00,7008,9,0,0
1289723,14:21:00,14:21:00,7107,10,0,0
1289723,14:24:00,14:24:00,7009,11,0,0
1289723,14:26:00,14:26:00,7010,12,0,0
1289723,14:28:00,14:28:00,7011,13,0,0
1289723,14:31:00,14:31:00,7013,14,0,0
1289723,14:33:00,14:33:00,7014,15,0,0
1289723,14:34:00,14:34:00,7015,16,0,0
1289723,14:37:00,14:37:00,7016,17,0,0
1289723,14:38:00,14:38:00,7017,18,0,0
1289723,14:41:00,14:41:00,7018,19,0,0
1289723,14:43:00,14:43:00,7019,20,0,0
1289723,14:46:00,14:46:00,7020,21,0,0
1289723,14:48:00,14:48:00,7021,22,0,0
1289723,14:50:00,14:50:00,7022,23,0,0
1289723,14:53:00,14:53:00,7023,24,0,0
1289723,14:55:00,14:55:00,7024,25,0,0
1289723,14:58:00,14:58:00,7099,26,0,0
1289723,15:01:00,15:01:00,7101,27,0,0
1289723,15:03:00,15:03:00,7103,28,0,0
1289723,15:06:00,15:06:00,7097,29,1,0
1289724,14:33:00,14:33:00,7000,1,0,0
1289724,14:34:00,14:34:00,7001,2,0,0
1289724,14:35:00,14:35:00,7002,3,0,0
1289724,14:39:00,14:39:00,7003,4,0,0
1289724,14:40:00,14:40:00,7004,5,1,1
1289724,14:42:00,14:42:00,7005,6,0,0
1289724,14:44:00,14:44:00,7006,7,0,0
1289724,14:46:00,14:46:00,7007,8,0,0
1289724,14:47:00,14:47:00,7008,9,0,0
1289724,14:51:00,14:51:00,7107,10,0,0
1289724,14:54:00,14:54:00,7009,11,0,0
1289724,14:56:00,14:56:00,7010,12,0,0
1289724,14:58:00,14:58:00,7011,13,0,0
1289724,15:01:00,15:01:00,7013,14,0,0
1289724,15:03:00,15:03:00,7014,15,0,0
1289724,15:04:00,15:04:00,7015,16,0,0
1289724,15:07:00,15:07:00,7016,17,0,0
1289724,15:08:00,15:08:00,7017,18,0,0
1289724,15:11:00,15:11:00,7018,19,0,0
1289724,15:13:00,15:13:00,7019,20,0,0
1289724,15:16:00,15:16:00,7020,21,0,0
1289724,15:18:00,15:18:00,7021,22,0,0
1289724,15:20:00,15:20:00,7022,23,0,0
1289724,15:23:00,15:23:00,7023,24,0,0
1289724,15:25:00,15:25:00,7024,25,0,0
1289724,15:28:00,15:28:00,7099,26,0,0
1289724,15:31:00,15:31:00,7101,27,0,0
1289724,15:33:00,15:33:00,7103,28,0,0
1289724,15:36:00,15:36:00,7097,29,1,0
1289725,15:03:00,15:03:00,7000,1,0,0
1289725,15:04:00,15:04:00,7001,2,0,0
1289725,15:05:00,15:05:00,7002,3,0,0
1289725,15:09:00,15:09:00,7003,4,0,0
1289725,15:10:00,15:10:00,7004,5,1,1
1289725,15:12:00,15:12:00,7005,6,0,0
1289725,15:14:00,15:14:00,7006,7,0,0
1289725,15:16:00,15:16:00,7007,8,0,0
1289725,15:17:00,15:17:00,7008,9,0,0
1289725,15:21:00,15:21:00,7107,10,0,0
1289725,15:24:00,15:24:00,7009,11,0,0
1289725,15:26:00,15:26:00,7010,12,0,0
1289725,15:28:00,15:28:00,7011,13,0,0
1289725,15:31:00,15:31:00,7013,14,0,0
1289725,15:33:00,15:33:00,7014,15,0,0
1289725,15:34:00,15:34:00,7015,16,0,0
1289725,15:37:00,15:37:00,7016,17,0,0
1289725,15:38:00,15:38:00,7017,18,0,0
1289725,15:41:00,15:41:00,7018,19,0,0
1289725,15:43:00,15:43:00,7019,20,0,0
1289725,15:46:00,15:46:00,7020,21,0,0
1289725,15:48:00,15:48:00,7021,22,0,0
1289725,15:50:00,15:50:00,7022,23,0,0
1289725,15:53:00,15:53:00,7023,24,0,0
1289725,15:55:00,15:55:00,7024,25,0,0
1289725,15:58:00,15:58:00,7099,26,0,0
1289725,16:01:00,16:01:00,7101,27,0,0
1289725,16:03:00,16:03:00,7103,28,0,0
1289725,16:06:00,16:06:00,7097,29,1,0
1289726,15:33:00,15:33:00,7000,1,0,0
1289726,15:34:00,15:34:00,7001,2,0,0
1289726,15:35:00,15:35:00,7002,3,0,0
1289726,15:39:00,15:39:00,7003,4,0,0
1289726,15:40:00,15:40:00,7004,5,1,1
1289726,15:42:00,15:42:00,7005,6,0,0
1289726,15:44:00,15:44:00,7006,7,0,0
1289726,15:46:00,15:46:00,7007,8,0,0
1289726,15:47:00,15:47:00,7008,9,0,0
1289726,15:51:00,15:51:00,7107,10,0,0
1289726,15:54:00,15:54:00,7009,11,0,0
1289726,15:56:00,15:56:00,7010,12,0,0
1289726,15:58:00,15:58:00,7011,13,0,0
1289726,16:01:00,16:01:00,7013,14,0,0
1289726,16:03:00,16:03:00,7014,15,0,0
1289726,16:04:00,16:04:00,7015,16,0,0
1289726,16:07:00,16:07:00,7016,17,0,0
1289726,16:08:00,16:08:00,7017,18,0,0
1289726,16:11:00,16:11:00,7018,19,0,0
1289726,16:13:00,16:13:00,7019,20,0,0
1289726,16:16:00,16:16:00,7020,21,0,0
1289726,16:18:00,16:18:00,7021,22,0,0
1289726,16:20:00,16:20:00,7022,23,0,0
1289726,16:23:00,16:23:00,7023,24,0,0
1289726,16:25:00,16:25:00,7024,25,0,0
1289726,16:28:00,16:28:00,7099,26,0,0
1289726,16:31:00,16:31:00,7101,27,0,0
1289726,16:33:00,16:33:00,7103,28,0,0
1289726,16:36:00,16:36:00,7097,29,1,0
1289727,16:03:00,16:03:00,7000,1,0,0
1289727,16:04:00,16:04:00,7001,2,0,0
1289727,16:05:00,16:05:00,7002,3,0,0
1289727,16:09:00,16:09:00,7003,4,0,0
1289727,16:10:00,16:10:00,7004,5,1,1
1289727,16:12:00,16:12:00,7005,6,0,0
1289727,16:14:00,16:14:00,7006,7,0,0
1289727,16:16:00,16:16:00,7007,8,0,0
1289727,16:17:00,16:17:00,7008,9,0,0
1289727,16:21:00,16:21:00,7107,10,0,0
1289727,16:24:00,16:24:00,7009,11,0,0
1289727,16:26:00,16:26:00,7010,12,0,0
1289727,16:28:00,16:28:00,7011,13,0,0
1289727,16:31:00,16:31:00,7013,14,0,0
1289727,16:33:00,16:33:00,7014,15,0,0
1289727,16:34:00,16:34:00,7015,16,0,0
1289727,16:37:00,16:37:00,7016,17,0,0
1289727,16:38:00,16:38:00,7017,18,0,0
1289727,16:41:00,16:41:00,7018,19,0,0
1289727,16:43:00,16:43:00,7019,20,0,0
1289727,16:46:00,16:46:00,7020,21,0,0
1289727,16:48:00,16:48:00,7021,22,0,0
1289727,16:50:00,16:50:00,7022,23,0,0
1289727,16:53:00,16:53:00,7023,24,0,0
1289727,16:55:00,16:55:00,7024,25,0,0
1289727,16:58:00,16:58:00,7099,26,0,0
1289727,17:01:00,17:01:00,7101,27,0,0
1289727,17:03:00,17:03:00,7103,28,0,0
1289727,17:06:00,17:06:00,7097,29,1,0
1289728,16:33:00,16:33:00,7000,1,0,0
1289728,16:34:00,16:34:00,7001,2,0,0
1289728,16:35:00,16:35:00,7002,3,0,0
1289728,16:39:00,16:39:00,7003,4,0,0
1289728,16:40:00,16:40:00,7004,5,1,1
1289728,16:42:00,16:42:00,7005,6,0,0
1289728,16:44:00,16:44:00,7006,7,0,0
1289728,16:46:00,16:46:00,7007,8,0,0
1289728,16:47:00,16:47:00,7008,9,0,0
1289728,16:51:00,16:51:00,7107,10,0,0
1289728,16:54:00,16:54:00,7009,11,0,0
1289728,16:56:00,16:56:00,7010,12,0,0
1289728,16:58:00,16:58:00,7011,13,0,0
1289728,17:01:00,17:01:00,7013,14,0,0
1289728,17:03:00,17:03:00,7014,15,0,0
1289728,17:04:00,17:04:00,7015,16,0,0
1289728,17:07:00,17:07:00,7016,17,0,0
1289728,17:08:00,17:08:00,7017,18,0,0
1289728,17:11:00,17:11:00,7018,19,0,0
1289728,17:13:00,17:13:00,7019,20,0,0
1289728,17:16:00,17:16:00,7020,21,0,0
1289728,17:18:00,17:18:00,7021,22,0,0
1289728,17:20:00,17:20:00,7022,23,0,0
1289728,17:23:00,17:23:00,7023,24,0,0
1289728,17:25:00,17:25:00,7024,25,0,0
1289728,17:28:00,17:28:00,7099,26,0,0
1289728,17:31:00,17:31:00,7101,27,0,0
1289728,17:33:00,17:33:00,7103,28,0,0
1289728,17:36:00,17:36:00,7097,29,1,0
1289729,21:56:00,21:56:00,7098,1,0,0
1289729,21:58:00,21:58:00,7104,2,0,0
1289729,22:01:00,22:01:00,7102,3,0,0
1289729,22:03:00,22:03:00,7100,4,0,0
1289729,22:07:00,22:07:00,7025,5,0,0
1289729,22:09:00,22:09:00,7026,6,0,0
1289729,22:11:00,22:11:00,7027,7,0,0
1289729,22:14:00,22:14:00,7028,8,0,0
1289729,22:16:00,22:16:00,7029,9,0,0
1289729,22:18:00,22:18:00,7030,10,0,0
1289729,22:20:00,22:20:00,7031,11,0,0
1289729,22:24:00,22:24:00,7032,12,0,0
1289729,22:25:00,22:25:00,7033,13,0,0
1289729,22:27:00,22:27:00,7034,14,0,0
1289729,22:29:00,22:29:00,7035,15,0,0
1289729,22:30:00,22:30:00,7036,16,0,0
1289729,22:32:00,22:32:00,7037,17,0,0
1289729,22:33:00,22:33:00,7038,18,0,0
1289729,22:35:00,22:35:00,7039,19,0,0
1289729,22:38:00,22:38:00,7040,20,0,0
1289729,22:40:00,22:40:00,7108,21,0,0
1289729,22:44:00,22:44:00,7041,22,0,0
1289729,22:46:00,22:46:00,7042,23,0,0
1289729,22:47:00,22:47:00,7043,24,0,0
1289729,22:49:00,22:49:00,7044,25,0,0
1289729,22:52:00,22:52:00,7045,26,1,1
1289729,22:53:00,22:53:00,7046,27,0,0
1289729,22:56:00,22:56:00,7047,28,0,0
1289729,22:57:00,22:57:00,7048,29,0,0
1289729,22:59:00,22:59:00,7049,30,1,0
1289730,13:26:00,13:26:00,7098,1,0,0
1289730,13:28:00,13:28:00,7104,2,0,0
1289730,13:31:00,13:31:00,7102,3,0,0
1289730,13:33:00,13:33:00,7100,4,0,0
1289730,13:37:00,13:37:00,7025,5,0,0
1289730,13:39:00,13:39:00,7026,6,0,0
1289730,13:41:00,13:41:00,7027,7,0,0
1289730,13:44:00,13:44:00,7028,8,0,0
1289730,13:46:00,13:46:00,7029,9,0,0
1289730,13:48:00,13:48:00,7030,10,0,0
1289730,13:50:00,13:50:00,7031,11,0,0
1289730,13:54:00,13:54:00,7032,12,0,0
1289730,13:55:00,13:55:00,7033,13,0,0
1289730,13:57:00,13:57:00,7034,14,0,0
1289730,13:59:00,13:59:00,7035,15,0,0
1289730,14:00:00,14:00:00,7036,16,0,0
1289730,14:02:00,14:02:00,7037,17,0,0
1289730,14:03:00,14:03:00,7038,18,0,0
1289730,14:05:00,14:05:00,7039,19,0,0
1289730,14:08:00,14:08:00,7040,20,0,0
1289730,14:10:00,14:10:00,7108,21,0,0
1289730,14:14:00,14:14:00,7041,22,0,0
1289730,14:16:00,14:16:00,7042,23,0,0
1289730,14:17:00,14:17:00,7043,24,0,0
1289730,14:19:00,14:19:00,7044,25,0,0
1289730,14:22:00,14:22:00,7045,26,1,1
1289730,14:23:00,14:23:00,7046,27,0,0
1289730,14:26:00,14:26:00,7047,28,0,0
1289730,14:27:00,14:27:00,7048,29,0,0
1289730,14:29:00,14:29:00,7049,30,1,0
1289731,12:56:00,12:56:00,7098,1,0,0
1289731,12:58:00,12:58:00,7104,2,0,0
1289731,13:01:00,13:01:00,7102,3,0,0
1289731,13:03:00,13:03:00,7100,4,0,0
1289731,13:07:00,13:07:00,7025,5,0,0
1289731,13:09:00,13:09:00,7026,6,0,0
1289731,13:11:00,13:11:00,7027,7,0,0
1289731,13:14:00,13:14:00,7028,8,0,0
1289731,13:16:00,13:16:00,7029,9,0,0
1289731,13:18:00,13:18:00,7030,10,0,0
1289731,13:20:00,13:20:00,7031,11,0,0
1289731,13:24:00,13:24:00,7032,12,0,0
1289731,13:25:00,13:25:00,7033,13,0,0
1289731,13:27:00,13:27:00,7034,14,0,0
1289731,13:29:00,13:29:00,7035,15,0,0
1289731,13:30:00,13:30:00,7036,16,0,0
1289731,13:32:00,13:32:00,7037,17,0,0
1289731,13:33:00,13:33:00,7038,18,0,0
1289731,13:35:00,13:35:00,7039,19,0,0
1289731,13:38:00,13:38:00,7040,20,0,0
1289731,13:40:00,13:40:00,7108,21,0,0
1289731,13:44:00,13:44:00,7041,22,0,0
1289731,13:46:00,13:46:00,7042,23,0,0
1289731,13:47:00,13:47:00,7043,24,0,0
1289731,13:49:00,13:49:00,7044,25,0,0
1289731,13:52:00,13:52:00,7045,26,1,1
1289731,13:53:00,13:53:00,7046,27,0,0
1289731,13:56:00,13:56:00,7047,28,0,0
1289731,13:57:00,13:57:00,7048,29,0,0
1289731,13:59:00,13:59:00,7049,30,1,0
1289732,12:26:00,12:26:00,7098,1,0,0
1289732,12:28:00,12:28:00,7104,2,0,0
1289732,12:31:00,12:31:00,7102,3,0,0
1289732,12:33:00,12:33:00,7100,4,0,0
1289732,12:37:00,12:37:00,7025,5,0,0
1289732,12:39:00,12:39:00,7026,6,0,0
1289732,12:41:00,12:41:00,7027,7,0,0
1289732,12:44:00,12:44:00,7028,8,0,0
1289732,12:46:00,12:46:00,7029,9,0,0
1289732,12:48:00,12:48:00,7030,10,0,0
1289732,12:50:00,12:50:00,7031,11,0,0
1289732,12:54:00,12:54:00,7032,12,0,0
1289732,12:55:00,12:55:00,7033,13,0,0
1289732,12:57:00,12:57:00,7034,14,0,0
1289732,12:59:00,12:59:00,7035,15,0,0
1289732,13:00:00,13:00:00,7036,16,0,0
1289732,13:02:00,13:02:00,7037,17,0,0
1289732,13:03:00,13:03:00,7038,18,0,0
1289732,13:05:00,13:05:00,7039,19,0,0
1289732,13:08:00,13:08:00,7040,20,0,0
1289732,13:10:00,13:10:00,7108,21,0,0
1289732,13:14:00,13:14:00,7041,22,0,0
1289732,13:16:00,13:16:00,7042,23,0,0
1289732,13:17:00,13:17:00,7043,24,0,0
1289732,13:19:00,13:19:00,7044,25,0,0
1289732,13:22:00,13:22:00,7045,26,1,1
1289732,13:23:00,13:23:00,7046,27,0,0
1289732,13:26:00,13:26:00,7047,28,0,0
1289732,13:27:00,13:27:00,7048,29,0,0
1289732,13:29:00,13:29:00,7049,30,1,0
1289733,11:56:00,11:56:00,7098,1,0,0
1289733,11:58:00,11:58:00,7104,2,0,0
1289733,12:01:00,12:01:00,7102,3,0,0
1289733,12:03:00,12:03:00,7100,4,0,0
1289733,12:07:00,12:07:00,7025,5,0,0
1289733,12:09:00,12:09:00,7026,6,0,0
1289733,12:11:00,12:11:00,7027,7,0,0
1289733,12:14:00,12:14:00,7028,8,0,0
1289733,12:16:00,12:16:00,7029,9,0,0
1289733,12:18:00,12:18:00,7030,10,0,0
1289733,12:20:00,12:20:00,7031,11,0,0
1289733,12:24:00,12:24:00,7032,12,0,0
1289733,12:25:00,12:25:00,7033,13,0,0
1289733,12:27:00,12:27:00,7034,14,0,0
1289733,12:29:00,12:29:00,7035,15,0,0
1289733,12:30:00,12:30:00,7036,16,0,0
1289733,12:32:00,12:32:00,7037,17,0,0
1289733,12:33:00,12:33:00,7038,18,0,0
1289733,12:35:00,12:35:00,7039,19,0,0
1289733,12:38:00,12:38:00,7040,20,0,0
1289733,12:40:00,12:40:00,7108,21,0,0
1289733,12:44:00,12:44:00,7041,22,0,0
1289733,12:46:00,12:46:00,7042,23,0,0
1289733,12:47:00,12:47:00,7043,24,0,0
1289733,12:49:00,12:49:00,7044,25,0,0
1289733,12:52:00,12:52:00,7045,26,1,1
1289733,12:53:00,12:53:00,7046,27,0,0
1289733,12:56:00,12:56:00,7047,28,0,0
1289733,12:57:00,12:57:00,7048,29,0,0
1289733,12:59:00,12:59:00,7049,30,1,0
1289734,11:26:00,11:26:00,7098,1,0,0
1289734,11:28:00,11:28:00,7104,2,0,0
1289734,11:31:00,11:31:00,7102,3,0,0
1289734,11:33:00,11:33:00,7100,4,0,0
1289734,11:37:00,11:37:00,7025,5,0,0
1289734,11:39:00,11:39:00,7026,6,0,0
1289734,11:41:00,11:41:00,7027,7,0,0
1289734,11:44:00,11:44:00,7028,8,0,0
1289734,11:46:00,11:46:00,7029,9,0,0
1289734,11:48:00,11:48:00,7030,10,0,0
1289734,11:50:00,11:50:00,7031,11,0,0
1289734,11:54:00,11:54:00,7032,12,0,0
1289734,11:55:00,11:55:00,7033,13,0,0
1289734,11:57:00,11:57:00,7034,14,0,0
1289734,11:59:00,11:59:00,7035,15,0,0
1289734,12:00:00,12:00:00,7036,16,0,0
1289734,12:02:00,12:02:00,7037,17,0,0
1289734,12:03:00,12:03:00,7038,18,0,0
1289734,12:05:00,12:05:00,7039,19,0,0
1289734,12:08:00,12:08:00,7040,20,0,0
1289734,12:10:00,12:10:00,7108,21,0,0
1289734,12:14:00,12:14:00,7041,22,0,0
1289734,12:16:00,12:16:00,7042,23,0,0
1289734,12:17:00,12:17:00,7043,24,0,0
1289734,12:19:00,12:19:00,7044,25,0,0
1289734,12:22:00,12:22:00,7045,26,1,1
1289734,12:23:00,12:23:00,7046,27,0,0
1289734,12:26:00,12:26:00,7047,28,0,0
1289734,12:27:00,12:27:00,7048,29,0,0
1289734,12:29:00,12:29:00,7049,30,1,0
1289735,10:56:00,10:56:00,7098,1,0,0
1289735,10:58:00,10:58:00,7104,2,0,0
1289735,11:01:00,11:01:00,7102,3,0,0
1289735,11:03:00,11:03:00,7100,4,0,0
1289735,11:07:00,11:07:00,7025,5,0,0
1289735,11:09:00,11:09:00,7026,6,0,0
1289735,11:11:00,11:11:00,7027,7,0,0
1289735,11:14:00,11:14:00,7028,8,0,0
1289735,11:16:00,11:16:00,7029,9,0,0
1289735,11:18:00,11:18:00,7030,10,0,0
1289735,11:20:00,11:20:00,7031,11,0,0
1289735,11:24:00,11:24:00,7032,12,0,0
1289735,11:25:00,11:25:00,7033,13,0,0
1289735,11:27:00,11:27:00,7034,14,0,0
1289735,11:29:00,11:29:00,7035,15,0,0
1289735,11:30:00,11:30:00,7036,16,0,0
1289735,11:32:00,11:32:00,7037,17,0,0
1289735,11:33:00,11:33:00,7038,18,0,0
1289735,11:35:00,11:35:00,7039,19,0,0
1289735,11:38:00,11:38:00,7040,20,0,0
1289735,11:40:00,11:40:00,7108,21,0,0
1289735,11:44:00,11:44:00,7041,22,0,0
1289735,11:46:00,11:46:00,7042,23,0,0
1289735,11:47:00,11:47:00,7043,24,0,0
1289735,11:49:00,11:49:00,7044,25,0,0
1289735,11:52:00,11:52:00,7045,26,1,1
1289735,11:53:00,11:53:00,7046,27,0,0
1289735,11:56:00,11:56:00,7047,28,0,0
1289735,11:57:00,11:57:00,7048,29,0,0
1289735,11:59:00,11:59:00,7049,30,1,0
1289736,10:26:00,10:26:00,7098,1,0,0
1289736,10:28:00,10:28:00,7104,2,0,0
1289736,10:31:00,10:31:00,7102,3,0,0
1289736,10:33:00,10:33:00,7100,4,0,0
1289736,10:37:00,10:37:00,7025,5,0,0
1289736,10:39:00,10:39:00,7026,6,0,0
1289736,10:41:00,10:41:00,7027,7,0,0
1289736,10:44:00,10:44:00,7028,8,0,0
1289736,10:46:00,10:46:00,7029,9,0,0
1289736,10:48:00,10:48:00,7030,10,0,0
1289736,10:50:00,10:50:00,7031,11,0,0
1289736,10:54:00,10:54:00,7032,12,0,0
1289736,10:55:00,10:55:00,7033,13,0,0
1289736,10:57:00,10:57:00,7034,14,0,0
1289736,10:59:00,10:59:00,7035,15,0,0
1289736,11:00:00,11:00:00,7036,16,0,0
1289736,11:02:00,11:02:00,7037,17,0,0
1289736,11:03:00,11:03:00,7038,18,0,0
1289736,11:05:00,11:05:00,7039,19,0,0
1289736,11:08:00,11:08:00,7040,20,0,0
1289736,11:10:00,11:10:00,7108,21,0,0
1289736,11:14:00,11:14:00,7041,22,0,0
1289736,11:16:00,11:16:00,7042,23,0,0
1289736,11:17:00,11:17:00,7043,24,0,0
1289736,11:19:00,11:19:00,7044,25,0,0
1289736,11:22:00,11:22:00,7045,26,1,1
1289736,11:23:00,11:23:00,7046,27,0,0
1289736,11:26:00,11:26:00,7047,28,0,0
1289736,11:27:00,11:27:00,7048,29,0,0
1289736,11:29:00,11:29:00,7049,30,1,0
1289737,09:56:00,09:56:00,7098,1,0,0
1289737,09:58:00,09:58:00,7104,2,0,0
1289737,10:01:00,10:01:00,7102,3,0,0
1289737,10:03:00,10:03:00,7100,4,0,0
1289737,10:07:00,10:07:00,7025,5,0,0
1289737,10:09:00,10:09:00,7026,6,0,0
1289737,10:11:00,10:11:00,7027,7,0,0
1289737,10:14:00,10:14:00,7028,8,0,0
1289737,10:16:00,10:16:00,7029,9,0,0
1289737,10:18:00,10:18:00,7030,10,0,0
1289737,10:20:00,10:20:00,7031,11,0,0
1289737,10:24:00,10:24:00,7032,12,0,0
1289737,10:25:00,10:25:00,7033,13,0,0
1289737,10:27:00,10:27:00,7034,14,0,0
1289737,10:29:00,10:29:00,7035,15,0,0
1289737,10:30:00,10:30:00,7036,16,0,0
1289737,10:32:00,10:32:00,7037,17,0,0
1289737,10:33:00,10:33:00,7038,18,0,0
1289737,10:35:00,10:35:00,7039,19,0,0
1289737,10:38:00,10:38:00,7040,20,0,0
1289737,10:40:00,10:40:00,7108,21,0,0
1289737,10:44:00,10:44:00,7041,22,0,0
1289737,10:46:00,10:46:00,7042,23,0,0
1289737,10:47:00,10:47:00,7043,24,0,0
1289737,10:49:00,10:49:00,7044,25,0,0
1289737,10:52:00,10:52:00,7045,26,1,1
1289737,10:53:00,10:53:00,7046,27,0,0
1289737,10:56:00,10:56:00,7047,28,0,0
1289737,10:57:00,10:57:00,7048,29,0,0
1289737,10:59:00,10:59:00,7049,30,1,0
1289738,09:26:00,09:26:00,7098,1,0,0
1289738,09:28:00,09:28:00,7104,2,0,0
1289738,09:31:00,09:31:00,7102,3,0,0
1289738,09:33:00,09:33:00,7100,4,0,0
1289738,09:37:00,09:37:00,7025,5,0,0
1289738,09:39:00,09:39:00,7026,6,0,0
1289738,09:41:00,09:41:00,7027,7,0,0
1289738,09:44:00,09:44:00,7028,8,0,0
1289738,09:46:00,09:46:00,7029,9,0,0
1289738,09:48:00,09:48:00,7030,10,0,0
1289738,09:50:00,09:50:00,7031,11,0,0
1289738,09:54:00,09:54:00,7032,12,0,0
1289738,09:55:00,09:55:00,7033,13,0,0
1289738,09:57:00,09:57:00,7034,14,0,0
1289738,09:59:00,09:59:00,7035,15,0,0
1289738,10:00:00,10:00:00,7036,16,0,0
1289738,10:02:00,10:02:00,7037,17,0,0
1289738,10:03:00,10:03:00,7038,18,0,0
1289738,10:05:00,10:05:00,7039,19,0,0
1289738,10:08:00,10:08:00,7040,20,0,0
1289738,10:10:00,10:10:00,7108,21,0,0
1289738,10:14:00,10:14:00,7041,22,0,0
1289738,10:16:00,10:16:00,7042,23,0,0
1289738,10:17:00,10:17:00,7043,24,0,0
1289738,10:19:00,10:19:00,7044,25,0,0
1289738,10:22:00,10:22:00,7045,26,1,1
1289738,10:23:00,10:23:00,7046,27,0,0
1289738,10:26:00,10:26:00,7047,28,0,0
1289738,10:27:00,10:27:00,7048,29,0,0
1289738,10:29:00,10:29:00,7049,30,1,0
1289739,08:56:00,08:56:00,7098,1,0,0
1289739,08:58:00,08:58:00,7104,2,0,0
1289739,09:01:00,09:01:00,7102,3,0,0
1289739,09:03:00,09:03:00,7100,4,0,0
1289739,09:07:00,09:07:00,7025,5,0,0
1289739,09:09:00,09:09:00,7026,6,0,0
1289739,09:11:00,09:11:00,7027,7,0,0
1289739,09:14:00,09:14:00,7028,8,0,0
1289739,09:16:00,09:16:00,7029,9,0,0
1289739,09:18:00,09:18:00,7030,10,0,0
1289739,09:20:00,09:20:00,7031,11,0,0
1289739,09:24:00,09:24:00,7032,12,0,0
1289739,09:25:00,09:25:00,7033,13,0,0
1289739,09:27:00,09:27:00,7034,14,0,0
1289739,09:29:00,09:29:00,7035,15,0,0
1289739,09:30:00,09:30:00,7036,16,0,0
1289739,09:32:00,09:32:00,7037,17,0,0
1289739,09:33:00,09:33:00,7038,18,0,0
1289739,09:35:00,09:35:00,7039,19,0,0
1289739,09:38:00,09:38:00,7040,20,0,0
1289739,09:40:00,09:40:00,7108,21,0,0
1289739,09:44:00,09:44:00,7041,22,0,0
1289739,09:46:00,09:46:00,7042,23,0,0
1289739,09:47:00,09:47:00,7043,24,0,0
1289739,09:49:00,09:49:00,7044,25,0,0
1289739,09:52:00,09:52:00,7045,26,1,1
1289739,09:53:00,09:53:00,7046,27,0,0
1289739,09:56:00,09:56:00,7047,28,0,0
1289739,09:57:00,09:57:00,7048,29,0,0
1289739,09:59:00,09:59:00,7049,30,1,0
1289740,08:26:00,08:26:00,7098,1,0,0
1289740,08:28:00,08:28:00,7104,2,0,0
1289740,08:31:00,08:31:00,7102,3,0,0
1289740,08:33:00,08:33:00,7100,4,0,0
1289740,08:37:00,08:37:00,7025,5,0,0
1289740,08:39:00,08:39:00,7026,6,0,0
1289740,08:41:00,08:41:00,7027,7,0,0
1289740,08:44:00,08:44:00,7028,8,0,0
1289740,08:46:00,08:46:00,7029,9,0,0
1289740,08:48:00,08:48:00,7030,10,0,0
1289740,08:50:00,08:50:00,7031,11,0,0
1289740,08:54:00,08:54:00,7032,12,0,0
1289740,08:55:00,08:55:00,7033,13,0,0
1289740,08:57:00,08:57:00,7034,14,0,0
1289740,08:59:00,08:59:00,7035,15,0,0
1289740,09:00:00,09:00:00,7036,16,0,0
1289740,09:02:00,09:02:00,7037,17,0,0
1289740,09:03:00,09:03:00,7038,18,0,0
1289740,09:05:00,09:05:00,7039,19,0,0
1289740,09:08:00,09:08:00,7040,20,0,0
1289740,09:10:00,09:10:00,7108,21,0,0
1289740,09:14:00,09:14:00,7041,22,0,0
1289740,09:16:00,09:16:00,7042,23,0,0
1289740,09:17:00,09:17:00,7043,24,0,0
1289740,09:19:00,09:19:00,7044,25,0,0
1289740,09:22:00,09:22:00,7045,26,1,1
1289740,09:23:00,09:23:00,7046,27,0,0
1289740,09:26:00,09:26:00,7047,28,0,0
1289740,09:27:00,09:27:00,7048,29,0,0
1289740,09:29:00,09:29:00,7049,30,1,0
1289741,07:56:00,07:56:00,7098,1,0,0
1289741,07:58:00,07:58:00,7104,2,0,0
1289741,08:01:00,08:01:00,7102,3,0,0
1289741,08:03:00,08:03:00,7100,4,0,0
1289741,08:07:00,08:07:00,7025,5,0,0
1289741,08:09:00,08:09:00,7026,6,0,0
1289741,08:11:00,08:11:00,7027,7,0,0
1289741,08:14:00,08:14:00,7028,8,0,0
1289741,08:16:00,08:16:00,7029,9,0,0
1289741,08:18:00,08:18:00,7030,10,0,0
1289741,08:20:00,08:20:00,7031,11,0,0
1289741,08:24:00,08:24:00,7032,12,0,0
1289741,08:25:00,08:25:00,7033,13,0,0
1289741,08:27:00,08:27:00,7034,14,0,0
1289741,08:29:00,08:29:00,7035,15,0,0
1289741,08:30:00,08:30:00,7036,16,0,0
1289741,08:32:00,08:32:00,7037,17,0,0
1289741,08:33:00,08:33:00,7038,18,0,0
1289741,08:35:00,08:35:00,7039,19,0,0
1289741,08:38:00,08:38:00,7040,20,0,0
1289741,08:40:00,08:40:00,7108,21,0,0
1289741,08:44:00,08:44:00,7041,22,0,0
1289741,08:46:00,08:46:00,7042,23,0,0
1289741,08:47:00,08:47:00,7043,24,0,0
1289741,08:49:00,08:49:00,7044,25,0,0
1289741,08:52:00,08:52:00,7045,26,1,1
1289741,08:53:00,08:53:00,7046,27,0,0
1289741,08:56:00,08:56:00,7047,28,0,0
1289741,08:57:00,08:57:00,7048,29,0,0
1289741,08:59:00,08:59:00,7049,30,1,0
1289742,07:26:00,07:26:00,7098,1,0,0
1289742,07:28:00,07:28:00,7104,2,0,0
1289742,07:31:00,07:31:00,7102,3,0,0
1289742,07:33:00,07:33:00,7100,4,0,0
1289742,07:37:00,07:37:00,7025,5,0,0
1289742,07:39:00,07:39:00,7026,6,0,0
1289742,07:41:00,07:41:00,7027,7,0,0
1289742,07:44:00,07:44:00,7028,8,0,0
1289742,07:46:00,07:46:00,7029,9,0,0
1289742,07:48:00,07:48:00,7030,10,0,0
1289742,07:50:00,07:50:00,7031,11,0,0
1289742,07:54:00,07:54:00,7032,12,0,0
1289742,07:55:00,07:55:00,7033,13,0,0
1289742,07:57:00,07:57:00,7034,14,0,0
1289742,07:59:00,07:59:00,7035,15,0,0
1289742,08:00:00,08:00:00,7036,16,0,0
1289742,08:02:00,08:02:00,7037,17,0,0
1289742,08:03:00,08:03:00,7038,18,0,0
1289742,08:05:00,08:05:00,7039,19,0,0
1289742,08:08:00,08:08:00,7040,20,0,0
1289742,08:10:00,08:10:00,7108,21,0,0
1289742,08:14:00,08:14:00,7041,22,0,0
1289742,08:16:00,08:16:00,7042,23,0,0
1289742,08:17:00,08:17:00,7043,24,0,0
1289742,08:19:00,08:19:00,7044,25,0,0
1289742,08:22:00,08:22:00,7045,26,1,1
1289742,08:23:00,08:23:00,7046,27,0,0
1289742,08:26:00,08:26:00,7047,28,0,0
1289742,08:27:00,08:27:00,7048,29,0,0
1289742,08:29:00,08:29:00,7049,30,1,0
1289743,06:56:00,06:56:00,7098,1,0,0
1289743,06:58:00,06:58:00,7104,2,0,0
1289743,07:01:00,07:01:00,7102,3,0,0
1289743,07:03:00,07:03:00,7100,4,0,0
1289743,07:07:00,07:07:00,7025,5,0,0
1289743,07:09:00,07:09:00,7026,6,0,0
1289743,07:11:00,07:11:00,7027,7,0,0
1289743,07:14:00,07:14:00,7028,8,0,0
1289743,07:16:00,07:16:00,7029,9,0,0
1289743,07:18:00,07:18:00,7030,10,0,0
1289743,07:20:00,07:20:00,7031,11,0,0
1289743,07:24:00,07:24:00,7032,12,0,0
1289743,07:25:00,07:25:00,7033,13,0,0
1289743,07:27:00,07:27:00,7034,14,0,0
1289743,07:29:00,07:29:00,7035,15,0,0
1289743,07:30:00,07:30:00,7036,16,0,0
1289743,07:32:00,07:32:00,7037,17,0,0
1289743,07:33:00,07:33:00,7038,18,0,0
1289743,07:35:00,07:35:00,7039,19,0,0
1289743,07:38:00,07:38:00,7040,20,0,0
1289743,07:40:00,07:40:00,7108,21,0,0
1289743,07:44:00,07:44:00,7041,22,0,0
1289743,07:46:00,07:46:00,7042,23,0,0
1289743,07:47:00,07:47:00,7043,24,0,0
1289743,07:49:00,07:49:00,7044,25,0,0
1289743,07:52:00,07:52:00,7045,26,1,1
1289743,07:53:00,07:53:00,7046,27,0,0
1289743,07:56:00,07:56:00,7047,28,0,0
1289743,07:57:00,07:57:00,7048,29,0,0
1289743,07:59:00,07:59:00,7049,30,1,0
1289744,06:26:00,06:26:00,7098,1,0,0
1289744,06:28:00,06:28:00,7104,2,0,0
1289744,06:31:00,06:31:00,7102,3,0,0
1289744,06:33:00,06:33:00,7100,4,0,0
1289744,06:37:00,06:37:00,7025,5,0,0
1289744,06:39:00,06:39:00,7026,6,0,0
1289744,06:41:00,06:41:00,7027,7,0,0
1289744,06:44:00,06:44:00,7028,8,0,0
1289744,06:46:00,06:46:00,7029,9,0,0
1289744,06:48:00,06:48:00,7030,10,0,0
1289744,06:50:00,06:50:00,7031,11,0,0
1289744,06:54:00,06:54:00,7032,12,0,0
1289744,06:55:00,06:55:00,7033,13,0,0
1289744,06:57:00,06:57:00,7034,14,0,0
1289744,06:59:00,06:59:00,7035,15,0,0
1289744,07:00:00,07:00:00,7036,16,0,0
1289744,07:02:00,07:02:00,7037,17,0,0
1289744,07:03:00,07:03:00,7038,18,0,0
1289744,07:05:00,07:05:00,7039,19,0,0
1289744,07:08:00,07:08:00,7040,20,0,0
1289744,07:10:00,07:10:00,7108,21,0,0
1289744,07:14:00,07:14:00,7041,22,0,0
1289744,07:16:00,07:16:00,7042,23,0,0
1289744,07:17:00,07:17:00,7043,24,0,0
1289744,07:19:00,07:19:00,7044,25,0,0
1289744,07:22:00,07:22:00,7045,26,1,1
1289744,07:23:00,07:23:00,7046,27,0,0
1289744,07:26:00,07:26:00,7047,28,0,0
1289744,07:27:00,07:27:00,7048,29,0,0
1289744,07:29:00,07:29:00,7049,30,1,0
1289745,21:26:00,21:26:00,7098,1,0,0
1289745,21:28:00,21:28:00,7104,2,0,0
1289745,21:31:00,21:31:00,7102,3,0,0
1289745,21:33:00,21:33:00,7100,4,0,0
1289745,21:37:00,21:37:00,7025,5,0,0
1289745,21:39:00,21:39:00,7026,6,0,0
1289745,21:41:00,21:41:00,7027,7,0,0
1289745,21:44:00,21:44:00,7028,8,0,0
1289745,21:46:00,21:46:00,7029,9,0,0
1289745,21:48:00,21:48:00,7030,10,0,0
1289745,21:50:00,21:50:00,7031,11,0,0
1289745,21:54:00,21:54:00,7032,12,0,0
1289745,21:55:00,21:55:00,7033,13,0,0
1289745,21:57:00,21:57:00,7034,14,0,0
1289745,21:59:00,21:59:00,7035,15,0,0
1289745,22:00:00,22:00:00,7036,16,0,0
1289745,22:02:00,22:02:00,7037,17,0,0
1289745,22:03:00,22:03:00,7038,18,0,0
1289745,22:05:00,22:05:00,7039,19,0,0
1289745,22:08:00,22:08:00,7040,20,0,0
1289745,22:10:00,22:10:00,7108,21,0,0
1289745,22:14:00,22:14:00,7041,22,0,0
1289745,22:16:00,22:16:00,7042,23,0,0
1289745,22:17:00,22:17:00,7043,24,0,0
1289745,22:19:00,22:19:00,7044,25,0,0
1289745,22:22:00,22:22:00,7045,26,1,1
1289745,22:23:00,22:23:00,7046,27,0,0
1289745,22:26:00,22:26:00,7047,28,0,0
1289745,22:27:00,22:27:00,7048,29,0,0
1289745,22:29:00,22:29:00,7049,30,1,0
1289746,20:56:00,20:56:00,7098,1,0,0
1289746,20:58:00,20:58:00,7104,2,0,0
1289746,21:01:00,21:01:00,7102,3,0,0
1289746,21:03:00,21:03:00,7100,4,0,0
1289746,21:07:00,21:07:00,7025,5,0,0
1289746,21:09:00,21:09:00,7026,6,0,0
1289746,21:11:00,21:11:00,7027,7,0,0
1289746,21:14:00,21:14:00,7028,8,0,0
1289746,21:16:00,21:16:00,7029,9,0,0
1289746,21:18:00,21:18:00,7030,10,0,0
1289746,21:20:00,21:20:00,7031,11,0,0
1289746,21:24:00,21:24:00,7032,12,0,0
1289746,21:25:00,21:25:00,7033,13,0,0
1289746,21:27:00,21:27:00,7034,14,0,0
1289746,21:29:00,21:29:00,7035,15,0,0
1289746,21:30:00,21:30:00,7036,16,0,0
1289746,21:32:00,21:32:00,7037,17,0,0
1289746,21:33:00,21:33:00,7038,18,0,0
1289746,21:35:00,21:35:00,7039,19,0,0
1289746,21:38:00,21:38:00,7040,20,0,0
1289746,21:40:00,21:40:00,7108,21,0,0
1289746,21:44:00,21:44:00,7041,22,0,0
1289746,21:46:00,21:46:00,7042,23,0,0
1289746,21:47:00,21:47:00,7043,24,0,0
1289746,21:49:00,21:49:00,7044,25,0,0
1289746,21:52:00,21:52:00,7045,26,1,1
1289746,21:53:00,21:53:00,7046,27,0,0
1289746,21:56:00,21:56:00,7047,28,0,0
1289746,21:57:00,21:57:00,7048,29,0,0
1289746,21:59:00,21:59:00,7049,30,1,0
1289747,20:26:00,20:26:00,7098,1,0,0
1289747,20:28:00,20:28:00,7104,2,0,0
1289747,20:31:00,20:31:00,7102,3,0,0
1289747,20:33:00,20:33:00,7100,4,0,0
1289747,20:37:00,20:37:00,7025,5,0,0
1289747,20:39:00,20:39:00,7026,6,0,0
1289747,20:41:00,20:41:00,7027,7,0,0
1289747,20:44:00,20:44:00,7028,8,0,0
1289747,20:46:00,20:46:00,7029,9,0,0
1289747,20:48:00,20:48:00,7030,10,0,0
1289747,20:50:00,20:50:00,7031,11,0,0
1289747,20:54:00,20:54:00,7032,12,0,0
1289747,20:55:00,20:55:00,7033,13,0,0
1289747,20:57:00,20:57:00,7034,14,0,0
1289747,20:59:00,20:59:00,7035,15,0,0
1289747,21:00:00,21:00:00,7036,16,0,0
1289747,21:02:00,21:02:00,7037,17,0,0
1289747,21:03:00,21:03:00,7038,18,0,0
1289747,21:05:00,21:05:00,7039,19,0,0
1289747,21:08:00,21:08:00,7040,20,0,0
1289747,21:10:00,21:10:00,7108,21,0,0
1289747,21:14:00,21:14:00,7041,22,0,0
1289747,21:16:00,21:16:00,7042,23,0,0
1289747,21:17:00,21:17:00,7043,24,0,0
1289747,21:19:00,21:19:00,7044,25,0,0
1289747,21:22:00,21:22:00,7045,26,1,1
1289747,21:23:00,21:23:00,7046,27,0,0
1289747,21:26:00,21:26:00,7047,28,0,0
1289747,21:27:00,21:27:00,7048,29,0,0
1289747,21:29:00,21:29:00,7049,30,1,0
1289748,19:56:00,19:56:00,7098,1,0,0
1289748,19:58:00,19:58:00,7104,2,0,0
1289748,20:01:00,20:01:00,7102,3,0,0
1289748,20:03:00,20:03:00,7100,4,0,0
1289748,20:07:00,20:07:00,7025,5,0,0
1289748,20:09:00,20:09:00,7026,6,0,0
1289748,20:11:00,20:11:00,7027,7,0,0
1289748,20:14:00,20:14:00,7028,8,0,0
1289748,20:16:00,20:16:00,7029,9,0,0
1289748,20:18:00,20:18:00,7030,10,0,0
1289748,20:20:00,20:20:00,7031,11,0,0
1289748,20:24:00,20:24:00,7032,12,0,0
1289748,20:25:00,20:25:00,7033,13,0,0
1289748,20:27:00,20:27:00,7034,14,0,0
1289748,20:29:00,20:29:00,7035,15,0,0
1289748,20:30:00,20:30:00,7036,16,0,0
1289748,20:32:00,20:32:00,7037,17,0,0
1289748,20:33:00,20:33:00,7038,18,0,0
1289748,20:35:00,20:35:00,7039,19,0,0
1289748,20:38:00,20:38:00,7040,20,0,0
1289748,20:40:00,20:40:00,7108,21,0,0
1289748,20:44:00,20:44:00,7041,22,0,0
1289748,20:46:00,20:46:00,7042,23,0,0
1289748,20:47:00,20:47:00,7043,24,0,0
1289748,20:49:00,20:49:00,7044,25,0,0
1289748,20:52:00,20:52:00,7045,26,1,1
1289748,20:53:00,20:53:00,7046,27,0,0
1289748,20:56:00,20:56:00,7047,28,0,0
1289748,20:57:00,20:57:00,7048,29,0,0
1289748,20:59:00,20:59:00,7049,30,1,0
1289749,19:26:00,19:26:00,7098,1,0,0
1289749,19:28:00,19:28:00,7104,2,0,0
1289749,19:31:00,19:31:00,7102,3,0,0
1289749,19:33:00,19:33:00,7100,4,0,0
1289749,19:37:00,19:37:00,7025,5,0,0
1289749,19:39:00,19:39:00,7026,6,0,0
1289749,19:41:00,19:41:00,7027,7,0,0
1289749,19:44:00,19:44:00,7028,8,0,0
1289749,19:46:00,19:46:00,7029,9,0,0
1289749,19:48:00,19:48:00,7030,10,0,0
1289749,19:50:00,19:50:00,7031,11,0,0
1289749,19:54:00,19:54:00,7032,12,0,0
1289749,19:55:00,19:55:00,7033,13,0,0
1289749,19:57:00,19:57:00,7034,14,0,0
1289749,19:59:00,19:59:00,7035,15,0,0
1289749,20:00:00,20:00:00,7036,16,0,0
1289749,20:02:00,20:02:00,7037,17,0,0
1289749,20:03:00,20:03:00,7038,18,0,0
1289749,20:05:00,20:05:00,7039,19,0,0
1289749,20:08:00,20:08:00,7040,20,0,0
1289749,20:10:00,20:10:00,7108,21,0,0
1289749,20:14:00,20:14:00,7041,22,0,0
1289749,20:16:00,20:16:00,7042,23,0,0
1289749,20:17:00,20:17:00,7043,24,0,0
1289749,20:19:00,20:19:00,7044,25,0,0
1289749,20:22:00,20:22:00,7045,26,1,1
1289749,20:23:00,20:23:00,7046,27,0,0
1289749,20:26:00,20:26:00,7047,28,0,0
1289749,20:27:00,20:27:00,7048,29,0,0
1289749,20:29:00,20:29:00,7049,30,1,0
1289750,18:56:00,18:56:00,7098,1,0,0
1289750,18:58:00,18:58:00,7104,2,0,0
1289750,19:01:00,19:01:00,7102,3,0,0
1289750,19:03:00,19:03:00,7100,4,0,0
1289750,19:07:00,19:07:00,7025,5,0,0
1289750,19:09:00,19:09:00,7026,6,0,0
1289750,19:11:00,19:11:00,7027,7,0,0
1289750,19:14:00,19:14:00,7028,8,0,0
1289750,19:16:00,19:16:00,7029,9,0,0
1289750,19:18:00,19:18:00,7030,10,0,0
1289750,19:20:00,19:20:00,7031,11,0,0
1289750,19:24:00,19:24:00,7032,12,0,0
1289750,19:25:00,19:25:00,7033,13,0,0
1289750,19:27:00,19:27:00,7034,14,0,0
1289750,19:29:00,19:29:00,7035,15,0,0
1289750,19:30:00,19:30:00,7036,16,0,0
1289750,19:32:00,19:32:00,7037,17,0,0
1289750,19:33:00,19:33:00,7038,18,0,0
1289750,19:35:00,19:35:00,7039,19,0,0
1289750,19:38:00,19:38:00,7040,20,0,0
1289750,19:40:00,19:40:00,7108,21,0,0
1289750,19:44:00,19:44:00,7041,22,0,0
1289750,19:46:00,19:46:00,7042,23,0,0
1289750,19:47:00,19:47:00,7043,24,0,0
1289750,19:49:00,19:49:00,7044,25,0,0
1289750,19:52:00,19:52:00,7045,26,1,1
1289750,19:53:00,19:53:00,7046,27,0,0
1289750,19:56:00,19:56:00,7047,28,0,0
1289750,19:57:00,19:57:00,7048,29,0,0
1289750,19:59:00,19:59:00,7049,30,1,0
1289751,18:26:00,18:26:00,7098,1,0,0
1289751,18:28:00,18:28:00,7104,2,0,0
1289751,18:31:00,18:31:00,7102,3,0,0
1289751,18:33:00,18:33:00,7100,4,0,0
1289751,18:37:00,18:37:00,7025,5,0,0
1289751,18:39:00,18:39:00,7026,6,0,0
1289751,18:41:00,18:41:00,7027,7,0,0
1289751,18:44:00,18:44:00,7028,8,0,0
1289751,18:46:00,18:46:00,7029,9,0,0
1289751,18:48:00,18:48:00,7030,10,0,0
1289751,18:50:00,18:50:00,7031,11,0,0
1289751,18:54:00,18:54:00,7032,12,0,0
1289751,18:55:00,18:55:00,7033,13,0,0
1289751,18:57:00,18:57:00,7034,14,0,0
1289751,18:59:00,18:59:00,7035,15,0,0
1289751,19:00:00,19:00:00,7036,16,0,0
1289751,19:02:00,19:02:00,7037,17,0,0
1289751,19:03:00,19:03:00,7038,18,0,0
1289751,19:05:00,19:05:00,7039,19,0,0
1289751,19:08:00,19:08:00,7040,20,0,0
1289751,19:10:00,19:10:00,7108,21,0,0
1289751,19:14:00,19:14:00,7041,22,0,0
1289751,19:16:00,19:16:00,7042,23,0,0
1289751,19:17:00,19:17:00,7043,24,0,0
1289751,19:19:00,19:19:00,7044,25,0,0
1289751,19:22:00,19:22:00,7045,26,1,1
1289751,19:23:00,19:23:00,7046,27,0,0
1289751,19:26:00,19:26:00,7047,28,0,0
1289751,19:27:00,19:27:00,7048,29,0,0
1289751,19:29:00,19:29:00,7049,30,1,0
1289752,17:56:00,17:56:00,7098,1,0,0
1289752,17:58:00,17:58:00,7104,2,0,0
1289752,18:01:00,18:01:00,7102,3,0,0
1289752,18:03:00,18:03:00,7100,4,0,0
1289752,18:07:00,18:07:00,7025,5,0,0
1289752,18:09:00,18:09:00,7026,6,0,0
1289752,18:11:00,18:11:00,7027,7,0,0
1289752,18:14:00,18:14:00,7028,8,0,0
1289752,18:16:00,18:16:00,7029,9,0,0
1289752,18:18:00,18:18:00,7030,10,0,0
1289752,18:20:00,18:20:00,7031,11,0,0
1289752,18:24:00,18:24:00,7032,12,0,0
1289752,18:25:00,18:25:00,7033,13,0,0
1289752,18:27:00,18:27:00,7034,14,0,0
1289752,18:29:00,18:29:00,7035,15,0,0
1289752,18:30:00,18:30:00,7036,16,0,0
1289752,18:32:00,18:32:00,7037,17,0,0
1289752,18:33:00,18:33:00,7038,18,0,0
1289752,18:35:00,18:35:00,7039,19,0,0
1289752,18:38:00,18:38:00,7040,20,0,0
1289752,18:40:00,18:40:00,7108,21,0,0
1289752,18:44:00,18:44:00,7041,22,0,0
1289752,18:46:00,18:46:00,7042,23,0,0
1289752,18:47:00,18:47:00,7043,24,0,0
1289752,18:49:00,18:49:00,7044,25,0,0
1289752,18:52:00,18:52:00,7045,26,1,1
1289752,18:53:00,18:53:00,7046,27,0,0
1289752,18:56:00,18:56:00,7047,28,0,0
1289752,18:57:00,18:57:00,7048,29,0,0
1289752,18:59:00,18:59:00,7049,30,1,0
1289753,17:26:00,17:26:00,7098,1,0,0
1289753,17:28:00,17:28:00,7104,2,0,0
1289753,17:31:00,17:31:00,7102,3,0,0
1289753,17:33:00,17:33:00,7100,4,0,0
1289753,17:37:00,17:37:00,7025,5,0,0
1289753,17:39:00,17:39:00,7026,6,0,0
1289753,17:41:00,17:41:00,7027,7,0,0
1289753,17:44:00,17:44:00,7028,8,0,0
1289753,17:46:00,17:46:00,7029,9,0,0
1289753,17:48:00,17:48:00,7030,10,0,0
1289753,17:50:00,17:50:00,7031,11,0,0
1289753,17:54:00,17:54:00,7032,12,0,0
1289753,17:55:00,17:55:00,7033,13,0,0
1289753,17:57:00,17:57:00,7034,14,0,0
1289753,17:59:00,17:59:00,7035,15,0,0
1289753,18:00:00,18:00:00,7036,16,0,0
1289753,18:02:00,18:02:00,7037,17,0,0
1289753,18:03:00,18:03:00,7038,18,0,0
1289753,18:05:00,18:05:00,7039,19,0,0
1289753,18:08:00,18:08:00,7040,20,0,0
1289753,18:10:00,18:10:00,7108,21,0,0
1289753,18:14:00,18:14:00,7041,22,0,0
1289753,18:16:00,18:16:00,7042,23,0,0
1289753,18:17:00,18:17:00,7043,24,0,0
1289753,18:19:00,18:19:00,7044,25,0,0
1289753,18:22:00,18:22:00,7045,26,1,1
1289753,18:23:00,18:23:00,7046,27,0,0
1289753,18:26:00,18:26:00,7047,28,0,0
1289753,18:27:00,18:27:00,7048,29,0,0
1289753,18:29:00,18:29:00,7049,30,1,0
1289754,16:56:00,16:56:00,7098,1,0,0
1289754,16:58:00,16:58:00,7104,2,0,0
1289754,17:01:00,17:01:00,7102,3,0,0
1289754,17:03:00,17:03:00,7100,4,0,0
1289754,17:07:00,17:07:00,7025,5,0,0
1289754,17:09:00,17:09:00,7026,6,0,0
1289754,17:11:00,17:11:00,7027,7,0,0
1289754,17:14:00,17:14:00,7028,8,0,0
1289754,17:16:00,17:16:00,7029,9,0,0
1289754,17:18:00,17:18:00,7030,10,0,0
1289754,17:20:00,17:20:00,7031,11,0,0
1289754,17:24:00,17:24:00,7032,12,0,0
1289754,17:25:00,17:25:00,7033,13,0,0
1289754,17:27:00,17:27:00,7034,14,0,0
1289754,17:29:00,17:29:00,7035,15,0,0
1289754,17:30:00,17:30:00,7036,16,0,0
1289754,17:32:00,17:32:00,7037,17,0,0
1289754,17:33:00,17:33:00,7038,18,0,0
1289754,17:35:00,17:35:00,7039,19,0,0
1289754,17:38:00,17:38:00,7040,20,0,0
1289754,17:40:00,17:40:00,7108,21,0,0
1289754,17:44:00,17:44:00,7041,22,0,0
1289754,17:46:00,17:46:00,7042,23,0,0
1289754,17:47:00,17:47:00,7043,24,0,0
1289754,17:49:00,17:49:00,7044,25,0,0
1289754,17:52:00,17:52:00,7045,26,1,1
1289754,17:53:00,17:53:00,7046,27,0,0
1289754,17:56:00,17:56:00,7047,28,0,0
1289754,17:57:00,17:57:00,7048,29,0,0
1289754,17:59:00,17:59:00,7049,30,1,0
1289755,16:26:00,16:26:00,7098,1,0,0
1289755,16:28:00,16:28:00,7104,2,0,0
1289755,16:31:00,16:31:00,7102,3,0,0
1289755,16:33:00,16:33:00,7100,4,0,0
1289755,16:37:00,16:37:00,7025,5,0,0
1289755,16:39:00,16:39:00,7026,6,0,0
1289755,16:41:00,16:41:00,7027,7,0,0
1289755,16:44:00,16:44:00,7028,8,0,0
1289755,16:46:00,16:46:00,7029,9,0,0
1289755,16:48:00,16:48:00,7030,10,0,0
1289755,16:50:00,16:50:00,7031,11,0,0
1289755,16:54:00,16:54:00,7032,12,0,0
1289755,16:55:00,16:55:00,7033,13,0,0
1289755,16:57:00,16:57:00,7034,14,0,0
1289755,16:59:00,16:59:00,7035,15,0,0
1289755,17:00:00,17:00:00,7036,16,0,0
1289755,17:02:00,17:02:00,7037,17,0,0
1289755,17:03:00,17:03:00,7038,18,0,0
1289755,17:05:00,17:05:00,7039,19,0,0
1289755,17:08:00,17:08:00,7040,20,0,0
1289755,17:10:00,17:10:00,7108,21,0,0
1289755,17:14:00,17:14:00,7041,22,0,0
1289755,17:16:00,17:16:00,7042,23,0,0
1289755,17:17:00,17:17:00,7043,24,0,0
1289755,17:19:00,17:19:00,7044,25,0,0
1289755,17:22:00,17:22:00,7045,26,1,1
1289755,17:23:00,17:23:00,7046,27,0,0
1289755,17:26:00,17:26:00,7047,28,0,0
1289755,17:27:00,17:27:00,7048,29,0,0
1289755,17:29:00,17:29:00,7049,30,1,0
1289756,15:56:00,15:56:00,7098,1,0,0
1289756,15:58:00,15:58:00,7104,2,0,0
1289756,16:01:00,16:01:00,7102,3,0,0
1289756,16:03:00,16:03:00,7100,4,0,0
1289756,16:07:00,16:07:00,7025,5,0,0
1289756,16:09:00,16:09:00,7026,6,0,0
1289756,16:11:00,16:11:00,7027,7,0,0
1289756,16:14:00,16:14:00,7028,8,0,0
1289756,16:16:00,16:16:00,7029,9,0,0
1289756,16:18:00,16:18:00,7030,10,0,0
1289756,16:20:00,16:20:00,7031,11,0,0
1289756,16:24:00,16:24:00,7032,12,0,0
1289756,16:25:00,16:25:00,7033,13,0,0
1289756,16:27:00,16:27:00,7034,14,0,0
1289756,16:29:00,16:29:00,7035,15,0,0
1289756,16:30:00,16:30:00,7036,16,0,0
1289756,16:32:00,16:32:00,7037,17,0,0
1289756,16:33:00,16:33:00,7038,18,0,0
1289756,16:35:00,16:35:00,7039,19,0,0
1289756,16:38:00,16:38:00,7040,20,0,0
1289756,16:40:00,16:40:00,7108,21,0,0
1289756,16:44:00,16:44:00,7041,22,0,0
1289756,16:46:00,16:46:00,7042,23,0,0
1289756,16:47:00,16:47:00,7043,24,0,0
1289756,16:49:00,16:49:00,7044,25,0,0
1289756,16:52:00,16:52:00,7045,26,1,1
1289756,16:53:00,16:53:00,7046,27,0,0
1289756,16:56:00,16:56:00,7047,28,0,0
1289756,16:57:00,16:57:00,7048,29,0,0
1289756,16:59:00,16:59:00,7049,30,1,0
1289757,15:26:00,15:26:00,7098,1,0,0
1289757,15:28:00,15:28:00,7104,2,0,0
1289757,15:31:00,15:31:00,7102,3,0,0
1289757,15:33:00,15:33:00,7100,4,0,0
1289757,15:37:00,15:37:00,7025,5,0,0
1289757,15:39:00,15:39:00,7026,6,0,0
1289757,15:41:00,15:41:00,7027,7,0,0
1289757,15:44:00,15:44:00,7028,8,0,0
1289757,15:46:00,15:46:00,7029,9,0,0
1289757,15:48:00,15:48:00,7030,10,0,0
1289757,15:50:00,15:50:00,7031,11,0,0
1289757,15:54:00,15:54:00,7032,12,0,0
1289757,15:55:00,15:55:00,7033,13,0,0
1289757,15:57:00,15:57:00,7034,14,0,0
1289757,15:59:00,15:59:00,7035,15,0,0
1289757,16:00:00,16:00:00,7036,16,0,0
1289757,16:02:00,16:02:00,7037,17,0,0
1289757,16:03:00,16:03:00,7038,18,0,0
1289757,16:05:00,16:05:00,7039,19,0,0
1289757,16:08:00,16:08:00,7040,20,0,0
1289757,16:10:00,16:10:00,7108,21,0,0
1289757,16:14:00,16:14:00,7041,22,0,0
1289757,16:16:00,16:16:00,7042,23,0,0
1289757,16:17:00,16:17:00,7043,24,0,0
1289757,16:19:00,16:19:00,7044,25,0,0
1289757,16:22:00,16:22:00,7045,26,1,1
1289757,16:23:00,16:23:00,7046,27,0,0
1289757,16:26:00,16:26:00,7047,28,0,0
1289757,16:27:00,16:27:00,7048,29,0,0
1289757,16:29:00,16:29:00,7049,30,1,0
1289758,14:56:00,14:56:00,7098,1,0,0
1289758,14:58:00,14:58:00,7104,2,0,0
1289758,15:01:00,15:01:00,7102,3,0,0
1289758,15:03:00,15:03:00,7100,4,0,0
1289758,15:07:00,15:07:00,7025,5,0,0
1289758,15:09:00,15:09:00,7026,6,0,0
1289758,15:11:00,15:11:00,7027,7,0,0
1289758,15:14:00,15:14:00,7028,8,0,0
1289758,15:16:00,15:16:00,7029,9,0,0
1289758,15:18:00,15:18:00,7030,10,0,0
1289758,15:20:00,15:20:00,7031,11,0,0
1289758,15:24:00,15:24:00,7032,12,0,0
1289758,15:25:00,15:25:00,7033,13,0,0
1289758,15:27:00,15:27:00,7034,14,0,0
1289758,15:29:00,15:29:00,7035,15,0,0
1289758,15:30:00,15:30:00,7036,16,0,0
1289758,15:32:00,15:32:00,7037,17,0,0
1289758,15:33:00,15:33:00,7038,18,0,0
1289758,15:35:00,15:35:00,7039,19,0,0
1289758,15:38:00,15:38:00,7040,20,0,0
1289758,15:40:00,15:40:00,7108,21,0,0
1289758,15:44:00,15:44:00,7041,22,0,0
1289758,15:46:00,15:46:00,7042,23,0,0
1289758,15:47:00,15:47:00,7043,24,0,0
1289758,15:49:00,15:49:00,7044,25,0,0
1289758,15:52:00,15:52:00,7045,26,1,1
1289758,15:53:00,15:53:00,7046,27,0,0
1289758,15:56:00,15:56:00,7047,28,0,0
1289758,15:57:00,15:57:00,7048,29,0,0
1289758,15:59:00,15:59:00,7049,30,1,0
1289759,14:26:00,14:26:00,7098,1,0,0
1289759,14:28:00,14:28:00,7104,2,0,0
1289759,14:31:00,14:31:00,7102,3,0,0
1289759,14:33:00,14:33:00,7100,4,0,0
1289759,14:37:00,14:37:00,7025,5,0,0
1289759,14:39:00,14:39:00,7026,6,0,0
1289759,14:41:00,14:41:00,7027,7,0,0
1289759,14:44:00,14:44:00,7028,8,0,0
1289759,14:46:00,14:46:00,7029,9,0,0
1289759,14:48:00,14:48:00,7030,10,0,0
1289759,14:50:00,14:50:00,7031,11,0,0
1289759,14:54:00,14:54:00,7032,12,0,0
1289759,14:55:00,14:55:00,7033,13,0,0
1289759,14:57:00,14:57:00,7034,14,0,0
1289759,14:59:00,14:59:00,7035,15,0,0
1289759,15:00:00,15:00:00,7036,16,0,0
1289759,15:02:00,15:02:00,7037,17,0,0
1289759,15:03:00,15:03:00,7038,18,0,0
1289759,15:05:00,15:05:00,7039,19,0,0
1289759,15:08:00,15:08:00,7040,20,0,0
1289759,15:10:00,15:10:00,7108,21,0,0
1289759,15:14:00,15:14:00,7041,22,0,0
1289759,15:16:00,15:16:00,7042,23,0,0
1289759,15:17:00,15:17:00,7043,24,0,0
1289759,15:19:00,15:19:00,7044,25,0,0
1289759,15:22:00,15:22:00,7045,26,1,1
1289759,15:23:00,15:23:00,7046,27,0,0
1289759,15:26:00,15:26:00,7047,28,0,0
1289759,15:27:00,15:27:00,7048,29,0,0
1289759,15:29:00,15:29:00,7049,30,1,0
1289760,13:56:00,13:56:00,7098,1,0,0
1289760,13:58:00,13:58:00,7104,2,0,0
1289760,14:01:00,14:01:00,7102,3,0,0
1289760,14:03:00,14:03:00,7100,4,0,0
1289760,14:07:00,14:07:00,7025,5,0,0
1289760,14:09:00,14:09:00,7026,6,0,0
1289760,14:11:00,14:11:00,7027,7,0,0
1289760,14:14:00,14:14:00,7028,8,0,0
1289760,14:16:00,14:16:00,7029,9,0,0
1289760,14:18:00,14:18:00,7030,10,0,0
1289760,14:20:00,14:20:00,7031,11,0,0
1289760,14:24:00,14:24:00,7032,12,0,0
1289760,14:25:00,14:25:00,7033,13,0,0
1289760,14:27:00,14:27:00,7034,14,0,0
1289760,14:29:00,14:29:00,7035,15,0,0
1289760,14:30:00,14:30:00,7036,16,0,0
1289760,14:32:00,14:32:00,7037,17,0,0
1289760,14:33:00,14:33:00,7038,18,0,0
1289760,14:35:00,14:35:00,7039,19,0,0
1289760,14:38:00,14:38:00,7040,20,0,0
1289760,14:40:00,14:40:00,7108,21,0,0
1289760,14:44:00,14:44:00,7041,22,0,0
1289760,14:46:00,14:46:00,7042,23,0,0
1289760,14:47:00,14:47:00,7043,24,0,0
1289760,14:49:00,14:49:00,7044,25,0,0
1289760,14:52:00,14:52:00,7045,26,1,1
1289760,14:53:00,14:53:00,7046,27,0,0
1289760,14:56:00,14:56:00,7047,28,0,0
1289760,14:57:00,14:57:00,7048,29,0,0
1289760,14:59:00,14:59:00,7049,30,1,0
1289761,05:56:00,05:56:00,7098,1,0,0
1289761,05:58:00,05:58:00,7104,2,0,0
1289761,06:01:00,06:01:00,7102,3,0,0
1289761,06:03:00,06:03:00,7100,4,0,0
1289761,06:07:00,06:07:00,7025,5,0,0
1289761,06:09:00,06:09:00,7026,6,0,0
1289761,06:11:00,06:11:00,7027,7,0,0
1289761,06:14:00,06:14:00,7028,8,0,0
1289761,06:16:00,06:16:00,7029,9,0,0
1289761,06:18:00,06:18:00,7030,10,0,0
1289761,06:20:00,06:20:00,7031,11,0,0
1289761,06:24:00,06:24:00,7032,12,0,0
1289761,06:25:00,06:25:00,7033,13,0,0
1289761,06:27:00,06:27:00,7034,14,0,0
1289761,06:29:00,06:29:00,7035,15,0,0
1289761,06:30:00,06:30:00,7036,16,0,0
1289761,06:32:00,06:32:00,7037,17,0,0
1289761,06:33:00,06:33:00,7038,18,0,0
1289761,06:35:00,06:35:00,7039,19,0,0
1289761,06:38:00,06:38:00,7040,20,0,0
1289761,06:40:00,06:40:00,7108,21,0,0
1289761,06:44:00,06:44:00,7041,22,0,0
1289761,06:46:00,06:46:00,7042,23,0,0
1289761,06:47:00,06:47:00,7043,24,0,0
1289761,06:49:00,06:49:00,7044,25,0,0
1289761,06:52:00,06:52:00,7045,26,1,1
1289761,06:53:00,06:53:00,7046,27,0,0
1289761,06:56:00,06:56:00,7047,28,0,0
1289761,06:57:00,06:57:00,7048,29,0,0
1289761,06:59:00,06:59:00,7049,30,1,0
1289762,11:11:00,11:11:00,7098,1,0,0
1289762,11:13:00,11:13:00,7104,2,0,0
1289762,11:16:00,11:16:00,7102,3,0,0
1289762,11:18:00,11:18:00,7100,4,0,0
1289762,11:22:00,11:22:00,7025,5,0,0
1289762,11:24:00,11:24:00,7026,6,0,0
1289762,11:26:00,11:26:00,7027,7,0,0
1289762,11:29:00,11:29:00,7028,8,0,0
1289762,11:31:00,11:31:00,7029,9,0,0
1289762,11:33:00,11:33:00,7030,10,0,0
1289762,11:35:00,11:35:00,7031,11,0,0
1289762,11:39:00,11:39:00,7032,12,0,0
1289762,11:40:00,11:40:00,7033,13,0,0
1289762,11:42:00,11:42:00,7034,14,0,0
1289762,11:44:00,11:44:00,7035,15,0,0
1289762,11:45:00,11:45:00,7036,16,0,0
1289762,11:47:00,11:47:00,7037,17,0,0
1289762,11:48:00,11:48:00,7038,18,0,0
1289762,11:50:00,11:50:00,7039,19,0,0
1289762,11:53:00,11:53:00,7040,20,0,0
1289762,11:55:00,11:55:00,7108,21,0,0
1289762,11:59:00,11:59:00,7041,22,0,0
1289762,12:01:00,12:01:00,7042,23,0,0
1289762,12:02:00,12:02:00,7043,24,0,0
1289762,12:04:00,12:04:00,7044,25,0,0
1289762,12:07:00,12:07:00,7045,26,1,1
1289762,12:08:00,12:08:00,7046,27,0,0
1289762,12:11:00,12:11:00,7047,28,0,0
1289762,12:12:00,12:12:00,7048,29,0,0
1289762,12:14:00,12:14:00,7049,30,1,0
1289763,11:41:00,11:41:00,7098,1,0,0
1289763,11:43:00,11:43:00,7104,2,0,0
1289763,11:46:00,11:46:00,7102,3,0,0
1289763,11:48:00,11:48:00,7100,4,0,0
1289763,11:52:00,11:52:00,7025,5,0,0
1289763,11:54:00,11:54:00,7026,6,0,0
1289763,11:56:00,11:56:00,7027,7,0,0
1289763,11:59:00,11:59:00,7028,8,0,0
1289763,12:01:00,12:01:00,7029,9,0,0
1289763,12:03:00,12:03:00,7030,10,0,0
1289763,12:05:00,12:05:00,7031,11,0,0
1289763,12:09:00,12:09:00,7032,12,0,0
1289763,12:10:00,12:10:00,7033,13,0,0
1289763,12:12:00,12:12:00,7034,14,0,0
1289763,12:14:00,12:14:00,7035,15,0,0
1289763,12:15:00,12:15:00,7036,16,0,0
1289763,12:17:00,12:17:00,7037,17,0,0
1289763,12:18:00,12:18:00,7038,18,0,0
1289763,12:20:00,12:20:00,7039,19,0,0
1289763,12:23:00,12:23:00,7040,20,0,0
1289763,12:25:00,12:25:00,7108,21,0,0
1289763,12:29:00,12:29:00,7041,22,0,0
1289763,12:31:00,12:31:00,7042,23,0,0
1289763,12:32:00,12:32:00,7043,24,0,0
1289763,12:34:00,12:34:00,7044,25,0,0
1289763,12:37:00,12:37:00,7045,26,1,1
1289763,12:38:00,12:38:00,7046,27,0,0
1289763,12:41:00,12:41:00,7047,28,0,0
1289763,12:42:00,12:42:00,7048,29,0,0
1289763,12:44:00,12:44:00,7049,30,1,0
1289764,12:11:00,12:11:00,7098,1,0,0
1289764,12:13:00,12:13:00,7104,2,0,0
1289764,12:16:00,12:16:00,7102,3,0,0
1289764,12:18:00,12:18:00,7100,4,0,0
1289764,12:22:00,12:22:00,7025,5,0,0
1289764,12:24:00,12:24:00,7026,6,0,0
1289764,12:26:00,12:26:00,7027,7,0,0
1289764,12:29:00,12:29:00,7028,8,0,0
1289764,12:31:00,12:31:00,7029,9,0,0
1289764,12:33:00,12:33:00,7030,10,0,0
1289764,12:35:00,12:35:00,7031,11,0,0
1289764,12:39:00,12:39:00,7032,12,0,0
1289764,12:40:00,12:40:00,7033,13,0,0
1289764,12:42:00,12:42:00,7034,14,0,0
1289764,12:44:00,12:44:00,7035,15,0,0
1289764,12:45:00,12:45:00,7036,16,0,0
1289764,12:47:00,12:47:00,7037,17,0,0
1289764,12:48:00,12:48:00,7038,18,0,0
1289764,12:50:00,12:50:00,7039,19,0,0
1289764,12:53:00,12:53:00,7040,20,0,0
1289764,12:55:00,12:55:00,7108,21,0,0
1289764,12:59:00,12:59:00,7041,22,0,0
1289764,13:01:00,13:01:00,7042,23,0,0
1289764,13:02:00,13:02:00,7043,24,0,0
1289764,13:04:00,13:04:00,7044,25,0,0
1289764,13:07:00,13:07:00,7045,26,1,1
1289764,13:08:00,13:08:00,7046,27,0,0
1289764,13:11:00,13:11:00,7047,28,0,0
1289764,13:12:00,13:12:00,7048,29,0,0
1289764,13:14:00,13:14:00,7049,30,1,0
1289765,12:41:00,12:41:00,7098,1,0,0
1289765,12:43:00,12:43:00,7104,2,0,0
1289765,12:46:00,12:46:00,7102,3,0,0
1289765,12:48:00,12:48:00,7100,4,0,0
1289765,12:52:00,12:52:00,7025,5,0,0
1289765,12:54:00,12:54:00,7026,6,0,0
1289765,12:56:00,12:56:00,7027,7,0,0
1289765,12:59:00,12:59:00,7028,8,0,0
1289765,13:01:00,13:01:00,7029,9,0,0
1289765,13:03:00,13:03:00,7030,10,0,0
1289765,13:05:00,13:05:00,7031,11,0,0
1289765,13:09:00,13:09:00,7032,12,0,0
1289765,13:10:00,13:10:00,7033,13,0,0
1289765,13:12:00,13:12:00,7034,14,0,0
1289765,13:14:00,13:14:00,7035,15,0,0
1289765,13:15:00,13:15:00,7036,16,0,0
1289765,13:17:00,13:17:00,7037,17,0,0
1289765,13:18:00,13:18:00,7038,18,0,0
1289765,13:20:00,13:20:00,7039,19,0,0
1289765,13:23:00,13:23:00,7040,20,0,0
1289765,13:25:00,13:25:00,7108,21,0,0
1289765,13:29:00,13:29:00,7041,22,0,0
1289765,13:31:00,13:31:00,7042,23,0,0
1289765,13:32:00,13:32:00,7043,24,0,0
1289765,13:34:00,13:34:00,7044,25,0,0
1289765,13:37:00,13:37:00,7045,26,1,1
1289765,13:38:00,13:38:00,7046,27,0,0
1289765,13:41:00,13:41:00,7047,28,0,0
1289765,13:42:00,13:42:00,7048,29,0,0
1289765,13:44:00,13:44:00,7049,30,1,0
1289766,13:11:00,13:11:00,7098,1,0,0
1289766,13:13:00,13:13:00,7104,2,0,0
1289766,13:16:00,13:16:00,7102,3,0,0
1289766,13:18:00,13:18:00,7100,4,0,0
1289766,13:22:00,13:22:00,7025,5,0,0
1289766,13:24:00,13:24:00,7026,6,0,0
1289766,13:26:00,13:26:00,7027,7,0,0
1289766,13:29:00,13:29:00,7028,8,0,0
1289766,13:31:00,13:31:00,7029,9,0,0
1289766,13:33:00,13:33:00,7030,10,0,0
1289766,13:35:00,13:35:00,7031,11,0,0
1289766,13:39:00,13:39:00,7032,12,0,0
1289766,13:40:00,13:40:00,7033,13,0,0
1289766,13:42:00,13:42:00,7034,14,0,0
1289766,13:44:00,13:44:00,7035,15,0,0
1289766,13:45:00,13:45:00,7036,16,0,0
1289766,13:47:00,13:47:00,7037,17,0,0
1289766,13:48:00,13:48:00,7038,18,0,0
1289766,13:50:00,13:50:00,7039,19,0,0
1289766,13:53:00,13:53:00,7040,20,0,0
1289766,13:55:00,13:55:00,7108,21,0,0
1289766,13:59:00,13:59:00,7041,22,0,0
1289766,14:01:00,14:01:00,7042,23,0,0
1289766,14:02:00,14:02:00,7043,24,0,0
1289766,14:04:00,14:04:00,7044,25,0,0
1289766,14:07:00,14:07:00,7045,26,1,1
1289766,14:08:00,14:08:00,7046,27,0,0
1289766,14:11:00,14:11:00,7047,28,0,0
1289766,14:12:00,14:12:00,7048,29,0,0
1289766,14:14:00,14:14:00,7049,30,1,0
1289767,13:41:00,13:41:00,7098,1,0,0
1289767,13:43:00,13:43:00,7104,2,0,0
1289767,13:46:00,13:46:00,7102,3,0,0
1289767,13:48:00,13:48:00,7100,4,0,0
1289767,13:52:00,13:52:00,7025,5,0,0
1289767,13:54:00,13:54:00,7026,6,0,0
1289767,13:56:00,13:56:00,7027,7,0,0
1289767,13:59:00,13:59:00,7028,8,0,0
1289767,14:01:00,14:01:00,7029,9,0,0
1289767,14:03:00,14:03:00,7030,10,0,0
1289767,14:05:00,14:05:00,7031,11,0,0
1289767,14:09:00,14:09:00,7032,12,0,0
1289767,14:10:00,14:10:00,7033,13,0,0
1289767,14:12:00,14:12:00,7034,14,0,0
1289767,14:14:00,14:14:00,7035,15,0,0
1289767,14:15:00,14:15:00,7036,16,0,0
1289767,14:17:00,14:17:00,7037,17,0,0
1289767,14:18:00,14:18:00,7038,18,0,0
1289767,14:20:00,14:20:00,7039,19,0,0
1289767,14:23:00,14:23:00,7040,20,0,0
1289767,14:25:00,14:25:00,7108,21,0,0
1289767,14:29:00,14:29:00,7041,22,0,0
1289767,14:31:00,14:31:00,7042,23,0,0
1289767,14:32:00,14:32:00,7043,24,0,0
1289767,14:34:00,14:34:00,7044,25,0,0
1289767,14:37:00,14:37:00,7045,26,1,1
1289767,14:38:00,14:38:00,7046,27,0,0
1289767,14:41:00,14:41:00,7047,28,0,0
1289767,14:42:00,14:42:00,7048,29,0,0
1289767,14:44:00,14:44:00,7049,30,1,0
1289768,14:11:00,14:11:00,7098,1,0,0
1289768,14:13:00,14:13:00,7104,2,0,0
1289768,14:16:00,14:16:00,7102,3,0,0
1289768,14:18:00,14:18:00,7100,4,0,0
1289768,14:22:00,14:22:00,7025,5,0,0
1289768,14:24:00,14:24:00,7026,6,0,0
1289768,14:26:00,14:26:00,7027,7,0,0
1289768,14:29:00,14:29:00,7028,8,0,0
1289768,14:31:00,14:31:00,7029,9,0,0
1289768,14:33:00,14:33:00,7030,10,0,0
1289768,14:35:00,14:35:00,7031,11,0,0
1289768,14:39:00,14:39:00,7032,12,0,0
1289768,14:40:00,14:40:00,7033,13,0,0
1289768,14:42:00,14:42:00,7034,14,0,0
1289768,14:44:00,14:44:00,7035,15,0,0
1289768,14:45:00,14:45:00,7036,16,0,0
1289768,14:47:00,14:47:00,7037,17,0,0
1289768,14:48:00,14:48:00,7038,18,0,0
1289768,14:50:00,14:50:00,7039,19,0,0
1289768,14:53:00,14:53:00,7040,20,0,0
1289768,14:55:00,14:55:00,7108,21,0,0
1289768,14:59:00,14:59:00,7041,22,0,0
1289768,15:01:00,15:01:00,7042,23,0,0
1289768,15:02:00,15:02:00,7043,24,0,0
1289768,15:04:00,15:04:00,7044,25,0,0
1289768,15:07:00,15:07:00,7045,26,1,1
1289768,15:08:00,15:08:00,7046,27,0,0
1289768,15:11:00,15:11:00,7047,28,0,0
1289768,15:12:00,15:12:00,7048,29,0,0
1289768,15:14:00,15:14:00,7049,30,1,0
1289769,14:41:00,14:41:00,7098,1,0,0
1289769,14:43:00,14:43:00,7104,2,0,0
1289769,14:46:00,14:46:00,7102,3,0,0
1289769,14:48:00,14:48:00,7100,4,0,0
1289769,14:52:00,14:52:00,7025,5,0,0
1289769,14:54:00,14:54:00,7026,6,0,0
1289769,14:56:00,14:56:00,7027,7,0,0
1289769,14:59:00,14:59:00,7028,8,0,0
1289769,15:01:00,15:01:00,7029,9,0,0
1289769,15:03:00,15:03:00,7030,10,0,0
1289769,15:05:00,15:05:00,7031,11,0,0
1289769,15:09:00,15:09:00,7032,12,0,0
1289769,15:10:00,15:10:00,7033,13,0,0
1289769,15:12:00,15:12:00,7034,14,0,0
1289769,15:14:00,15:14:00,7035,15,0,0
1289769,15:15:00,15:15:00,7036,16,0,0
1289769,15:17:00,15:17:00,7037,17,0,0
1289769,15:18:00,15:18:00,7038,18,0,0
1289769,15:20:00,15:20:00,7039,19,0,0
1289769,15:23:00,15:23:00,7040,20,0,0
1289769,15:25:00,15:25:00,7108,21,0,0
1289769,15:29:00,15:29:00,7041,22,0,0
1289769,15:31:00,15:31:00,7042,23,0,0
1289769,15:32:00,15:32:00,7043,24,0,0
1289769,15:34:00,15:34:00,7044,25,0,0
1289769,15:37:00,15:37:00,7045,26,1,1
1289769,15:38:00,15:38:00,7046,27,0,0
1289769,15:41:00,15:41:00,7047,28,0,0
1289769,15:42:00,15:42:00,7048,29,0,0
1289769,15:44:00,15:44:00,7049,30,1,0
1289770,15:11:00,15:11:00,7098,1,0,0
1289770,15:13:00,15:13:00,7104,2,0,0
1289770,15:16:00,15:16:00,7102,3,0,0
1289770,15:18:00,15:18:00,7100,4,0,0
1289770,15:22:00,15:22:00,7025,5,0,0
1289770,15:24:00,15:24:00,7026,6,0,0
1289770,15:26:00,15:26:00,7027,7,0,0
1289770,15:29:00,15:29:00,7028,8,0,0
1289770,15:31:00,15:31:00,7029,9,0,0
1289770,15:33:00,15:33:00,7030,10,0,0
1289770,15:35:00,15:35:00,7031,11,0,0
1289770,15:39:00,15:39:00,7032,12,0,0
1289770,15:40:00,15:40:00,7033,13,0,0
1289770,15:42:00,15:42:00,7034,14,0,0
1289770,15:44:00,15:44:00,7035,15,0,0
1289770,15:45:00,15:45:00,7036,16,0,0
1289770,15:47:00,15:47:00,7037,17,0,0
1289770,15:48:00,15:48:00,7038,18,0,0
1289770,15:50:00,15:50:00,7039,19,0,0
1289770,15:53:00,15:53:00,7040,20,0,0
1289770,15:55:00,15:55:00,7108,21,0,0
1289770,15:59:00,15:59:00,7041,22,0,0
1289770,16:01:00,16:01:00,7042,23,0,0
1289770,16:02:00,16:02:00,7043,24,0,0
1289770,16:04:00,16:04:00,7044,25,0,0
1289770,16:07:00,16:07:00,7045,26,1,1
1289770,16:08:00,16:08:00,7046,27,0,0
1289770,16:11:00,16:11:00,7047,28,0,0
1289770,16:12:00,16:12:00,7048,29,0,0
1289770,16:14:00,16:14:00,7049,30,1,0
1289771,15:41:00,15:41:00,7098,1,0,0
1289771,15:43:00,15:43:00,7104,2,0,0
1289771,15:46:00,15:46:00,7102,3,0,0
1289771,15:48:00,15:48:00,7100,4,0,0
1289771,15:52:00,15:52:00,7025,5,0,0
1289771,15:54:00,15:54:00,7026,6,0,0
1289771,15:56:00,15:56:00,7027,7,0,0
1289771,15:59:00,15:59:00,7028,8,0,0
1289771,16:01:00,16:01:00,7029,9,0,0
1289771,16:03:00,16:03:00,7030,10,0,0
1289771,16:05:00,16:05:00,7031,11,0,0
1289771,16:09:00,16:09:00,7032,12,0,0
1289771,16:10:00,16:10:00,7033,13,0,0
1289771,16:12:00,16:12:00,7034,14,0,0
1289771,16:14:00,16:14:00,7035,15,0,0
1289771,16:15:00,16:15:00,7036,16,0,0
1289771,16:17:00,16:17:00,7037,17,0,0
1289771,16:18:00,16:18:00,7038,18,0,0
1289771,16:20:00,16:20:00,7039,19,0,0
1289771,16:23:00,16:23:00,7040,20,0,0
1289771,16:25:00,16:25:00,7108,21,0,0
1289771,16:29:00,16:29:00,7041,22,0,0
1289771,16:31:00,16:31:00,7042,23,0,0
1289771,16:32:00,16:32:00,7043,24,0,0
1289771,16:34:00,16:34:00,7044,25,0,0
1289771,16:37:00,16:37:00,7045,26,1,1
1289771,16:38:00,16:38:00,7046,27,0,0
1289771,16:41:00,16:41:00,7047,28,0,0
1289771,16:42:00,16:42:00,7048,29,0,0
1289771,16:44:00,16:44:00,7049,30,1,0
1289772,16:11:00,16:11:00,7098,1,0,0
1289772,16:13:00,16:13:00,7104,2,0,0
1289772,16:16:00,16:16:00,7102,3,0,0
1289772,16:18:00,16:18:00,7100,4,0,0
1289772,16:22:00,16:22:00,7025,5,0,0
1289772,16:24:00,16:24:00,7026,6,0,0
1289772,16:26:00,16:26:00,7027,7,0,0
1289772,16:29:00,16:29:00,7028,8,0,0
1289772,16:31:00,16:31:00,7029,9,0,0
1289772,16:33:00,16:33:00,7030,10,0,0
1289772,16:35:00,16:35:00,7031,11,0,0
1289772,16:39:00,16:39:00,7032,12,0,0
1289772,16:40:00,16:40:00,7033,13,0,0
1289772,16:42:00,16:42:00,7034,14,0,0
1289772,16:44:00,16:44:00,7035,15,0,0
1289772,16:45:00,16:45:00,7036,16,0,0
1289772,16:47:00,16:47:00,7037,17,0,0
1289772,16:48:00,16:48:00,7038,18,0,0
1289772,16:50:00,16:50:00,7039,19,0,0
1289772,16:53:00,16:53:00,7040,20,0,0
1289772,16:55:00,16:55:00,7108,21,0,0
1289772,16:59:00,16:59:00,7041,22,0,0
1289772,17:01:00,17:01:00,7042,23,0,0
1289772,17:02:00,17:02:00,7043,24,0,0
1289772,17:04:00,17:04:00,7044,25,0,0
1289772,17:07:00,17:07:00,7045,26,1,1
1289772,17:08:00,17:08:00,7046,27,0,0
1289772,17:11:00,17:11:00,7047,28,0,0
1289772,17:12:00,17:12:00,7048,29,0,0
1289772,17:14:00,17:14:00,7049,30,1,0
1289773,16:41:00,16:41:00,7098,1,0,0
1289773,16:43:00,16:43:00,7104,2,0,0
1289773,16:46:00,16:46:00,7102,3,0,0
1289773,16:48:00,16:48:00,7100,4,0,0
1289773,16:52:00,16:52:00,7025,5,0,0
1289773,16:54:00,16:54:00,7026,6,0,0
1289773,16:56:00,16:56:00,7027,7,0,0
1289773,16:59:00,16:59:00,7028,8,0,0
1289773,17:01:00,17:01:00,7029,9,0,0
1289773,17:03:00,17:03:00,7030,10,0,0
1289773,17:05:00,17:05:00,7031,11,0,0
1289773,17:09:00,17:09:00,7032,12,0,0
1289773,17:10:00,17:10:00,7033,13,0,0
1289773,17:12:00,17:12:00,7034,14,0,0
1289773,17:14:00,17:14:00,7035,15,0,0
1289773,17:15:00,17:15:00,7036,16,0,0
1289773,17:17:00,17:17:00,7037,17,0,0
1289773,17:18:00,17:18:00,7038,18,0,0
1289773,17:20:00,17:20:00,7039,19,0,0
1289773,17:23:00,17:23:00,7040,20,0,0
1289773,17:25:00,17:25:00,7108,21,0,0
1289773,17:29:00,17:29:00,7041,22,0,0
1289773,17:31:00,17:31:00,7042,23,0,0
1289773,17:32:00,17:32:00,7043,24,0,0
1289773,17:34:00,17:34:00,7044,25,0,0
1289773,17:37:00,17:37:00,7045,26,1,1
1289773,17:38:00,17:38:00,7046,27,0,0
1289773,17:41:00,17:41:00,7047,28,0,0
1289773,17:42:00,17:42:00,7048,29,0,0
1289773,17:44:00,17:44:00,7049,30,1,0
1289774,17:11:00,17:11:00,7098,1,0,0
1289774,17:13:00,17:13:00,7104,2,0,0
1289774,17:16:00,17:16:00,7102,3,0,0
1289774,17:18:00,17:18:00,7100,4,0,0
1289774,17:22:00,17:22:00,7025,5,0,0
1289774,17:24:00,17:24:00,7026,6,0,0
1289774,17:26:00,17:26:00,7027,7,0,0
1289774,17:29:00,17:29:00,7028,8,0,0
1289774,17:31:00,17:31:00,7029,9,0,0
1289774,17:33:00,17:33:00,7030,10,0,0
1289774,17:35:00,17:35:00,7031,11,0,0
1289774,17:39:00,17:39:00,7032,12,0,0
1289774,17:40:00,17:40:00,7033,13,0,0
1289774,17:42:00,17:42:00,7034,14,0,0
1289774,17:44:00,17:44:00,7035,15,0,0
1289774,17:45:00,17:45:00,7036,16,0,0
1289774,17:47:00,17:47:00,7037,17,0,0
1289774,17:48:00,17:48:00,7038,18,0,0
1289774,17:50:00,17:50:00,7039,19,0,0
1289774,17:53:00,17:53:00,7040,20,0,0
1289774,17:55:00,17:55:00,7108,21,0,0
1289774,17:59:00,17:59:00,7041,22,0,0
1289774,18:01:00,18:01:00,7042,23,0,0
1289774,18:02:00,18:02:00,7043,24,0,0
1289774,18:04:00,18:04:00,7044,25,0,0
1289774,18:07:00,18:07:00,7045,26,1,1
1289774,18:08:00,18:08:00,7046,27,0,0
1289774,18:11:00,18:11:00,7047,28,0,0
1289774,18:12:00,18:12:00,7048,29,0,0
1289774,18:14:00,18:14:00,7049,30,1,0
1289775,17:41:00,17:41:00,7098,1,0,0
1289775,17:43:00,17:43:00,7104,2,0,0
1289775,17:46:00,17:46:00,7102,3,0,0
1289775,17:48:00,17:48:00,7100,4,0,0
1289775,17:52:00,17:52:00,7025,5,0,0
1289775,17:54:00,17:54:00,7026,6,0,0
1289775,17:56:00,17:56:00,7027,7,0,0
1289775,17:59:00,17:59:00,7028,8,0,0
1289775,18:01:00,18:01:00,7029,9,0,0
1289775,18:03:00,18:03:00,7030,10,0,0
1289775,18:05:00,18:05:00,7031,11,0,0
1289775,18:09:00,18:09:00,7032,12,0,0
1289775,18:10:00,18:10:00,7033,13,0,0
1289775,18:12:00,18:12:00,7034,14,0,0
1289775,18:14:00,18:14:00,7035,15,0,0
1289775,18:15:00,18:15:00,7036,16,0,0
1289775,18:17:00,18:17:00,7037,17,0,0
1289775,18:18:00,18:18:00,7038,18,0,0
1289775,18:20:00,18:20:00,7039,19,0,0
1289775,18:23:00,18:23:00,7040,20,0,0
1289775,18:25:00,18:25:00,7108,21,0,0
1289775,18:29:00,18:29:00,7041,22,0,0
1289775,18:31:00,18:31:00,7042,23,0,0
1289775,18:32:00,18:32:00,7043,24,0,0
1289775,18:34:00,18:34:00,7044,25,0,0
1289775,18:37:00,18:37:00,7045,26,1,1
1289775,18:38:00,18:38:00,7046,27,0,0
1289775,18:41:00,18:41:00,7047,28,0,0
1289775,18:42:00,18:42:00,7048,29,0,0
1289775,18:44:00,18:44:00,7049,30,1,0
1289776,18:11:00,18:11:00,7098,1,0,0
1289776,18:13:00,18:13:00,7104,2,0,0
1289776,18:16:00,18:16:00,7102,3,0,0
1289776,18:18:00,18:18:00,7100,4,0,0
1289776,18:22:00,18:22:00,7025,5,0,0
1289776,18:24:00,18:24:00,7026,6,0,0
1289776,18:26:00,18:26:00,7027,7,0,0
1289776,18:29:00,18:29:00,7028,8,0,0
1289776,18:31:00,18:31:00,7029,9,0,0
1289776,18:33:00,18:33:00,7030,10,0,0
1289776,18:35:00,18:35:00,7031,11,0,0
1289776,18:39:00,18:39:00,7032,12,0,0
1289776,18:40:00,18:40:00,7033,13,0,0
1289776,18:42:00,18:42:00,7034,14,0,0
1289776,18:44:00,18:44:00,7035,15,0,0
1289776,18:45:00,18:45:00,7036,16,0,0
1289776,18:47:00,18:47:00,7037,17,0,0
1289776,18:48:00,18:48:00,7038,18,0,0
1289776,18:50:00,18:50:00,7039,19,0,0
1289776,18:53:00,18:53:00,7040,20,0,0
1289776,18:55:00,18:55:00,7108,21,0,0
1289776,18:59:00,18:59:00,7041,22,0,0
1289776,19:01:00,19:01:00,7042,23,0,0
1289776,19:02:00,19:02:00,7043,24,0,0
1289776,19:04:00,19:04:00,7044,25,0,0
1289776,19:07:00,19:07:00,7045,26,1,1
1289776,19:08:00,19:08:00,7046,27,0,0
1289776,19:11:00,19:11:00,7047,28,0,0
1289776,19:12:00,19:12:00,7048,29,0,0
1289776,19:14:00,19:14:00,7049,30,1,0
