poll_time,trip_id,route_id,stop_id,stop_sequence,arrival_delay,arrival_time,departure_delay,departure_time,schedule_relationship
2026-09-20T00:25:40.945626+00:00,1287266,081,2180,1,,,0,1789865280,SCHEDULED
2026-09-20T00:25:40.945626+00:00,1287266,081,2181,2,0,1789865316,,,SCHEDULED
2026-09-20T00:25:40.945626+00:00,1287266,081,2183,3,0,1789865369,,,SCHEDULED
2026-09-20T00:25:40.945626+00:00,1287266,081,2184,4,0,1789865412,,,SCHEDULED
2026-09-20T00:25:40.945626+00:00,1287266,081,2185,5,0,1789865503,,,SCHEDULED
2026-09-20T00:25:40.945626+00:00,1287266,081,2186,6,0,1789865581,,,SCHEDULED
2026-09-20T00:25:40.945626+00:00,1287266,081,2358,7,0,1789865700,,,SCHEDULED
2026-09-20T00:25:40.945626+00:00,1287267,081,2359,8,0,1789863954,,,SCHEDULED
2026-09-20T00:25:40.945626+00:00,1287267,081,2360,9,0,1789864003,,,SCHEDULED
2026-09-20T00:25:40.945626+00:00,1287267,081,2361,10,0,1789864057,,,SCHEDULED
2026-09-20T00:25:40.945626+00:00,1287267,081,2362,11,0,1789864103,,,SCHEDULED
2026-09-20T00:25:40.945626+00:00,1287267,081,2363,12,0,1789864164,,,SCHEDULED
2026-09-20T00:25:40.945626+00:00,1287267,081,2364,13,0,1789864241,,,SCHEDULED
2026-09-20T00:25:40.945626+00:00,1287267,081,2365,14,0,1789864276,,,SCHEDULED
2026-09-20T00:25:40.945626+00:00,1287267,081,2366,15,0,1789864302,,,SCHEDULED
2026-09-20T00:25:40.945626+00:00,1287267,081,2367,16,0,1789864353,,,SCHEDULED
2026-09-20T00:25:40.945626+00:00,1287267,081,5203,17,0,1789864440,,,SCHEDULED
2026-09-20T00:25:40.945626+00:00,1287267,081,2368,18,0,1789864528,,,SCHEDULED
2026-09-20T00:25:40.945626+00:00,1287267,081,2370,19,0,1789864661,,,SCHEDULED
2026-09-20T00:25:40.945626+00:00,1287267,081,2371,20,0,1789864720,,,SCHEDULED
2026-09-20T00:25:40.945626+00:00,1287267,081,2372,21,0,1789864758,,,SCHEDULED
2026-09-20T00:25:40.945626+00:00,1287267,081,2373,22,0,1789864797,,,SCHEDULED
2026-09-20T00:25:40.945626+00:00,1287267,081,2374,23,0,1789864850,,,SCHEDULED
2026-09-20T00:25:40.945626+00:00,1287267,081,3130,24,0,1789865016,,,SCHEDULED
2026-09-20T00:25:40.945626+00:00,1287267,081,3131,25,0,1789865100,,,SCHEDULED
2026-09-20T00:25:40.945626+00:00,1287267,081,3132,26,0,1789865157,,,SCHEDULED
2026-09-20T00:25:40.945626+00:00,1287267,081,3134,27,0,1789865345,,,SCHEDULED
2026-09-20T00:25:40.945626+00:00,1287267,081,3135,28,0,1789865431,,,SCHEDULED
2026-09-20T00:25:40.945626+00:00,1287267,081,3136,29,0,1789865494,,,SCHEDULED
2026-09-20T00:25:40.945626+00:00,1287267,081,3137,30,0,1789865580,,,SCHEDULED
2026-09-20T00:25:40.945626+00:00,1286054,051,668,1,,,0,1789864680,SCHEDULED
2026-09-20T00:25:40.945626+00:00,1286054,051,221,2,0,1789864743,,,SCHEDULED
2026-09-20T00:25:40.945626+00:00,1286054,051,222,3,0,1789864767,,,SCHEDULED
2026-09-20T00:25:40.945626+00:00,1286054,051,223,4,0,1789864796,,,SCHEDULED
2026-09-20T00:25:40.945626+00:00,1286054,051,225,5,0,1789864860,,,SCHEDULED
2026-09-20T00:25:40.945626+00:00,1286054,051,226,6,0,1789864899,,,SCHEDULED
2026-09-20T00:25:40.945626+00:00,1286054,051,108,7,0,1789864950,,,SCHEDULED
2026-09-20T00:25:40.945626+00:00,1286054,051,123,8,0,1789865001,,,SCHEDULED
2026-09-20T00:25:40.945626+00:00,1286054,051,125,9,0,1789865073,,,SCHEDULED
2026-09-20T00:25:40.945626+00:00,1286054,051,126,10,0,1789865117,,,SCHEDULED
2026-09-20T00:25:40.945626+00:00,1286054,051,127,11,0,1789865142,,,SCHEDULED
2026-09-20T00:25:40.945626+00:00,1286054,051,128,12,0,1789865214,,,SCHEDULED
2026-09-20T00:25:40.945626+00:00,1286054,051,227,13,0,1789865280,,,SCHEDULED
2026-09-20T00:25:40.945626+00:00,1286054,051,229,14,0,1789865327,,,SCHEDULED
2026-09-20T00:25:40.945626+00:00,1286054,051,231,15,0,1789865415,,,SCHEDULED
2026-09-20T00:25:40.945626+00:00,1286054,051,232,16,0,1789865453,,,SCHEDULED
2026-09-20T00:25:40.945626+00:00,1286054,051,233,17,0,1789865494,,,SCHEDULED
2026-09-20T00:25:40.945626+00:00,1286054,051,234,18,0,1789865554,,,SCHEDULED
2026-09-20T00:25:40.945626+00:00,1286054,051,235,19,0,1789865586,,,SCHEDULED
2026-09-20T00:25:40.945626+00:00,1286054,051,236,20,0,1789865624,,,SCHEDULED
2026-09-20T00:25:40.945626+00:00,1286054,051,1927,21,0,1789865700,,,SCHEDULED
2026-09-20T00:25:40.945626+00:00,1285089,021,319,1,,,0,1789864380,SCHEDULED
2026-09-20T00:25:40.945626+00:00,1285089,021,2770,2,0,1789864582,,,SCHEDULED
2026-09-20T00:25:40.945626+00:00,1285089,021,2771,3,0,1789864668,,,SCHEDULED
2026-09-20T00:25:40.945626+00:00,1285089,021,2772,4,0,1789864748,,,SCHEDULED
2026-09-20T00:25:40.945626+00:00,1285089,021,2773,5,0,1789864800,,,SCHEDULED
2026-09-20T00:25:40.945626+00:00,1285089,021,2774,6,0,1789864894,,,SCHEDULED
2026-09-20T00:25:40.945626+00:00,1285089,021,2775,7,0,1789864928,,,SCHEDULED
2026-09-20T00:25:40.945626+00:00,1285089,021,2776,8,0,1789864982,,,SCHEDULED
2026-09-20T00:25:40.945626+00:00,1285089,021,2777,9,0,1789865054,,,SCHEDULED
2026-09-20T00:25:40.945626+00:00,1285089,021,2778,10,0,1789865105,,,SCHEDULED
2026-09-20T00:25:40.945626+00:00,1285089,021,2779,11,0,1789865137,,,SCHEDULED
2026-09-20T00:25:40.945626+00:00,1285089,021,2780,12,0,1789865180,,,SCHEDULED
2026-09-20T00:25:40.945626+00:00,1285089,021,2781,13,0,1789865220,,,SCHEDULED
2026-09-20T00:25:40.945626+00:00,1285089,021,2782,14,0,1789865280,,,SCHEDULED
2026-09-20T00:25:40.945626+00:00,1285089,021,2783,15,0,1789865329,,,SCHEDULED
2026-09-20T00:25:40.945626+00:00,1285089,021,2784,16,0,1789865369,,,SCHEDULED
2026-09-20T00:25:40.945626+00:00,1285089,021,3027,17,0,1789865407,,,SCHEDULED
2026-09-20T00:25:40.945626+00:00,1285089,021,3028,18,0,1789865479,,,SCHEDULED
2026-09-20T00:25:40.945626+00:00,1285089,021,2795,19,0,1789865661,,,SCHEDULED
2026-09-20T00:25:40.945626+00:00,1285089,021,2796,20,0,1789865699,,,SCHEDULED
2026-09-20T00:25:40.945626+00:00,1284431,011,2501,2,0,1789863984,,,SCHEDULED
2026-09-20T00:25:40.945626+00:00,1284431,011,5353,3,0,1789864005,,,SCHEDULED
2026-09-20T00:25:40.945626+00:00,1284431,011,3214,4,0,1789864061,,,SCHEDULED
2026-09-20T00:25:40.945626+00:00,1284431,011,2276,5,0,1789864098,,,SCHEDULED
2026-09-20T00:25:40.945626+00:00,1284431,011,8303,6,0,1789864138,,,SCHEDULED
2026-09-20T00:25:40.945626+00:00,1284431,011,8302,7,0,1789864179,,,SCHEDULED
2026-09-20T00:25:40.945626+00:00,1284431,011,1046,8,0,1789864271,,,SCHEDULED
2026-09-20T00:25:40.945626+00:00,1284431,011,1047,9,0,1789864338,,,SCHEDULED
2026-09-20T00:25:40.945626+00:00,1284431,011,1049,10,0,1789864383,,,SCHEDULED
2026-09-20T00:25:40.945626+00:00,1284431,011,1050,11,0,1789864418,,,SCHEDULED
2026-09-20T00:25:40.945626+00:00,1284431,011,1051,12,0,1789864452,,,SCHEDULED
2026-09-20T00:25:40.945626+00:00,1284431,011,215,13,0,1789864626,,,SCHEDULED
2026-09-20T00:25:40.945626+00:00,1284431,011,216,14,0,1789864655,,,SCHEDULED
2026-09-20T00:25:40.945626+00:00,1284431,011,217,15,0,1789864678,,,SCHEDULED
2026-09-20T00:25:40.945626+00:00,1284431,011,218,16,0,1789864703,,,SCHEDULED
2026-09-20T00:25:40.945626+00:00,1284431,011,219,17,0,1789864723,,,SCHEDULED
2026-09-20T00:25:40.945626+00:00,1284431,011,1926,18,0,1789864758,,,SCHEDULED
2026-09-20T00:25:40.945626+00:00,1284431,011,1940,19,0,1789864788,,,SCHEDULED
2026-09-20T00:25:40.945626+00:00,1284431,011,1770,20,0,1789864838,,,SCHEDULED
2026-09-20T00:25:40.945626+00:00,1284431,011,1771,21,0,1789864869,,,SCHEDULED
2026-09-20T00:25:40.945626+00:00,1284431,011,1772,22,0,1789864915,,,SCHEDULED
2026-09-20T00:25:40.945626+00:00,1284431,011,1773,23,0,1789864976,,,SCHEDULED
2026-09-20T00:25:40.945626+00:00,1284431,011,1774,24,0,1789865041,,,SCHEDULED
2026-09-20T00:25:40.945626+00:00,1284431,011,1775,25,0,1789865083,,,SCHEDULED
2026-09-20T00:25:40.945626+00:00,1284431,011,1776,26,0,1789865110,,,SCHEDULED
2026-09-20T00:25:40.945626+00:00,1284431,011,325,27,0,1789865236,,,SCHEDULED
2026-09-20T00:25:40.945626+00:00,1284431,011,327,29,0,1789865298,,,SCHEDULED
2026-09-20T00:25:40.945626+00:00,1284431,011,328,30,0,1789865322,,,SCHEDULED
2026-09-20T00:25:40.945626+00:00,1284431,011,329,31,0,1789865363,,,SCHEDULED
2026-09-20T00:25:40.945626+00:00,1284431,011,330,32,0,1789865404,,,SCHEDULED
2026-09-20T00:25:40.945626+00:00,1284431,011,331,33,0,1789865429,,,SCHEDULED
2026-09-20T00:25:40.945626+00:00,1284431,011,668,34,0,1789865479,,,SCHEDULED
2026-09-20T00:25:40.945626+00:00,1287268,081,3139,32,0,1789863911,,,SCHEDULED
2026-09-20T00:25:40.945626+00:00,1287268,081,3140,33,0,1789863947,,,SCHEDULED
2026-09-20T00:25:40.945626+00:00,1287268,081,3141,34,0,1789863984,,,SCHEDULED
2026-09-20T00:25:40.945626+00:00,1287268,081,3142,35,0,1789864016,,,SCHEDULED
2026-09-20T00:25:40.945626+00:00,1287268,081,3143,36,0,1789864072,,,SCHEDULED
2026-09-20T00:25:40.945626+00:00,1287268,081,3144,37,0,1789864104,,,SCHEDULED
2026-09-20T00:25:40.945626+00:00,1284432,011,8927,44,0,1789863956,,,SCHEDULED
2026-09-20T00:25:40.945626+00:00,1284432,011,4710,45,0,1789864142,,,SCHEDULED
2026-09-20T00:25:40.945626+00:00,1284432,011,8928,46,0,1789864207,,,SCHEDULED
2026-09-20T00:25:40.945626+00:00,1284432,011,8929,47,0,1789864310,,,SCHEDULED
2026-09-20T00:25:40.945626+00:00,1284432,011,8930,48,0,1789864359,,,SCHEDULED
2026-09-20T00:25:40.945626+00:00,1284432,011,543,49,0,1789864410,,,SCHEDULED
2026-09-20T00:25:40.945626+00:00,1284432,011,5348,50,0,1789864503,,,SCHEDULED
2026-09-20T00:25:40.945626+00:00,1284432,011,5201,51,0,1789864559,,,SCHEDULED
2026-09-20T00:25:40.945626+00:00,1284432,011,8900,52,0,1789864716,,,SCHEDULED
2026-09-20T00:25:40.945626+00:00,1284432,011,8901,53,0,1789864738,,,SCHEDULED
2026-09-20T00:25:40.945626+00:00,1284432,011,8902,54,0,1789864803,,,SCHEDULED
2026-09-20T00:25:40.945626+00:00,1284432,011,8903,55,0,1789864868,,,SCHEDULED
2026-09-20T00:25:40.945626+00:00,1284432,011,8904,56,0,1789864919,,,SCHEDULED
2026-09-20T00:25:40.945626+00:00,1284432,011,8905,57,0,1789864971,,,SCHEDULED
2026-09-20T00:25:40.945626+00:00,1284432,011,8906,58,0,1789865022,,,SCHEDULED
2026-09-20T00:25:40.945626+00:00,1284432,011,8907,59,0,1789865068,,,SCHEDULED
2026-09-20T00:25:40.945626+00:00,1284432,011,8908,60,0,1789865095,,,SCHEDULED
2026-09-20T00:25:40.945626+00:00,1285488,026,9801,22,0,1789863960,,,SCHEDULED
2026-09-20T00:25:40.945626+00:00,1285488,026,3073,23,0,1789864002,,,SCHEDULED
2026-09-20T00:25:40.945626+00:00,1285488,026,1518,24,0,1789864090,,,SCHEDULED
2026-09-20T00:25:40.945626+00:00,1285488,026,1519,25,0,1789864226,,,SCHEDULED
2026-09-20T00:25:40.945626+00:00,1285488,026,1520,26,0,1789864327,,,SCHEDULED
2026-09-20T00:25:40.945626+00:00,1285488,026,1521,27,0,1789864372,,,SCHEDULED
2026-09-20T00:25:40.945626+00:00,1285488,026,1522,28,0,1789864396,,,SCHEDULED
2026-09-20T00:25:40.945626+00:00,1285488,026,1523,29,0,1789864446,,,SCHEDULED
2026-09-20T00:25:40.945626+00:00,1285488,026,1524,30,0,1789864500,,,SCHEDULED
2026-09-20T00:25:40.945626+00:00,1285488,026,1525,31,0,1789864538,,,SCHEDULED
2026-09-20T00:25:40.945626+00:00,1285488,026,1526,32,0,1789864579,,,SCHEDULED
2026-09-20T00:25:40.945626+00:00,1285488,026,1527,33,0,1789864620,,,SCHEDULED
2026-09-20T00:25:40.945626+00:00,1285488,026,1528,34,0,1789864692,,,SCHEDULED
2026-09-20T00:25:40.945626+00:00,1285488,026,1529,35,0,1789864747,,,SCHEDULED
2026-09-20T00:25:40.945626+00:00,1285488,026,1530,36,0,1789864819,,,SCHEDULED
2026-09-20T00:25:40.945626+00:00,1285488,026,1531,37,0,1789864888,,,SCHEDULED
2026-09-20T00:25:40.945626+00:00,1285488,026,1532,38,0,1789864957,,,SCHEDULED
2026-09-20T00:25:40.945626+00:00,1285488,026,1533,39,0,1789865018,,,SCHEDULED
2026-09-20T00:25:40.945626+00:00,1285488,026,1534,40,0,1789865094,,,SCHEDULED
2026-09-20T00:25:40.945626+00:00,1285488,026,1535,41,0,1789865160,,,SCHEDULED
2026-09-20T00:25:40.945626+00:00,1285488,026,1536,42,0,1789865230,,,SCHEDULED
2026-09-20T00:25:40.945626+00:00,1285488,026,1537,43,0,1789865278,,,SCHEDULED
2026-09-20T00:25:40.945626+00:00,1285488,026,1538,44,0,1789865328,,,SCHEDULED
2026-09-20T00:25:40.945626+00:00,1285488,026,1539,45,0,1789865375,,,SCHEDULED
2026-09-20T00:25:40.945626+00:00,1285488,026,1540,46,0,1789865419,,,SCHEDULED
2026-09-20T00:25:40.945626+00:00,1285488,026,1542,47,0,1789865520,,,SCHEDULED
2026-09-20T00:25:40.945626+00:00,1285488,026,1541,48,0,1789865673,,,SCHEDULED
2026-09-20T00:25:40.945626+00:00,1284315,010,11039,9,0,1789863681,,,SCHEDULED
2026-09-20T00:25:40.945626+00:00,1284315,010,11040,10,0,1789863698,,,SCHEDULED
2026-09-20T00:25:40.945626+00:00,1284315,010,11135,11,0,1789863778,,,SCHEDULED
2026-09-20T00:25:40.945626+00:00,1284315,010,11104,12,0,1789863808,,,SCHEDULED
2026-09-20T00:25:40.945626+00:00,1284315,010,11108,13,0,1789863857,,,SCHEDULED
2026-09-20T00:25:40.945626+00:00,1284315,010,11127,14,0,1789863899,,,SCHEDULED
2026-09-20T00:25:40.945626+00:00,1284315,010,11002,15,0,1789864041,,,SCHEDULED
2026-09-20T00:25:40.945626+00:00,1284315,010,11157,16,0,1789864122,,,SCHEDULED
2026-09-20T00:25:40.945626+00:00,1284315,010,11033,17,0,1789864243,,,SCHEDULED
2026-09-20T00:25:40.945626+00:00,1284315,010,11035,18,0,1789864423,,,SCHEDULED
2026-09-20T00:25:40.945626+00:00,1284315,010,11034,19,0,1789864458,,,SCHEDULED
2026-09-20T00:25:40.945626+00:00,1284315,010,11036,20,0,1789864526,,,SCHEDULED
2026-09-20T00:25:40.945626+00:00,1284315,010,11109,21,0,1789864665,,,SCHEDULED
2026-09-20T00:25:40.945626+00:00,1284315,010,11118,22,0,1789864723,,,SCHEDULED
2026-09-20T00:25:40.945626+00:00,1284315,010,11119,23,0,1789864834,,,SCHEDULED
2026-09-20T00:25:40.945626+00:00,1284315,010,11120,24,0,1789864934,,,SCHEDULED
2026-09-20T00:25:40.945626+00:00,1284315,010,11121,25,0,1789864980,,,SCHEDULED
2026-09-20T00:25:40.945626+00:00,1284315,010,11156,26,0,1789865079,,,SCHEDULED
2026-09-20T00:25:40.945626+00:00,1284315,010,11207,27,0,1789865133,,,SCHEDULED
2026-09-20T00:25:40.945626+00:00,1284315,010,11022,28,0,1789865257,,,SCHEDULED
2026-09-20T00:25:40.945626+00:00,1284714,013,1103,29,0,1789863927,,,SCHEDULED
2026-09-20T00:25:40.945626+00:00,1284714,013,1104,30,0,1789863989,,,SCHEDULED
2026-09-20T00:25:40.945626+00:00,1284714,013,1105,31,0,1789864057,,,SCHEDULED
2026-09-20T00:25:40.945626+00:00,1284714,013,1106,32,0,1789864222,,,SCHEDULED
2026-09-20T00:25:40.945626+00:00,1284714,013,1674,33,0,1789864293,,,SCHEDULED
2026-09-20T00:25:40.945626+00:00,1284714,013,1675,34,0,1789864376,,,SCHEDULED
2026-09-20T00:25:40.945626+00:00,1284714,013,1677,35,0,1789864477,,,SCHEDULED
2026-09-20T00:25:40.945626+00:00,1284714,013,1127,36,0,1789864500,,,SCHEDULED
2026-09-20T00:25:40.945626+00:00,1284714,013,1128,37,0,1789864527,,,SCHEDULED
2026-09-20T00:25:40.945626+00:00,1284714,013,1129,38,0,1789864576,,,SCHEDULED
2026-09-20T00:25:40.945626+00:00,1284714,013,1130,39,0,1789864613,,,SCHEDULED
2026-09-20T00:25:40.945626+00:00,1284714,013,1131,40,0,1789864654,,,SCHEDULED
2026-09-20T00:25:40.945626+00:00,1284714,013,3089,41,0,1789864696,,,SCHEDULED
2026-09-20T00:25:40.945626+00:00,1284714,013,1464,42,0,1789864744,,,SCHEDULED
2026-09-20T00:25:40.945626+00:00,1285649,030,282,1,,,0,1789864260,SCHEDULED
2026-09-20T00:25:40.945626+00:00,1285649,030,414,2,0,1789864511,,,SCHEDULED
2026-09-20T00:25:40.945626+00:00,1285649,030,415,3,0,1789864560,,,SCHEDULED
2026-09-20T00:25:40.945626+00:00,1285649,030,416,4,0,1789864593,,,SCHEDULED
2026-09-20T00:25:40.945626+00:00,1285649,030,418,5,0,1789864659,,,SCHEDULED
2026-09-20T00:25:40.945626+00:00,1285649,030,4763,6,0,1789864734,,,SCHEDULED
2026-09-20T00:25:40.945626+00:00,1285649,030,1716,7,0,1789864788,,,SCHEDULED
2026-09-20T00:25:40.945626+00:00,1285649,030,1717,8,0,1789864829,,,SCHEDULED
2026-09-20T00:25:40.945626+00:00,1285649,030,1718,9,0,1789864896,,,SCHEDULED
2026-09-20T00:25:40.945626+00:00,1285649,030,1720,10,0,1789864995,,,SCHEDULED
2026-09-20T00:25:40.945626+00:00,1285649,030,1721,11,0,1789865128,,,SCHEDULED
2026-09-20T00:25:40.945626+00:00,1285649,030,1722,12,0,1789865195,,,SCHEDULED
2026-09-20T00:25:40.945626+00:00,1285649,030,1723,13,0,1789865220,,,SCHEDULED
2026-09-20T00:25:40.945626+00:00,1285649,030,1725,14,0,1789865295,,,SCHEDULED
2026-09-20T00:25:40.945626+00:00,1285649,030,1726,15,0,1789865346,,,SCHEDULED
2026-09-20T00:25:40.945626+00:00,1285649,030,1727,16,0,1789865397,,,SCHEDULED
2026-09-20T00:25:40.945626+00:00,1285649,030,1728,17,0,1789865452,,,SCHEDULED
2026-09-20T00:25:40.945626+00:00,1285649,030,1729,18,0,1789865520,,,SCHEDULED
2026-09-20T00:25:40.945626+00:00,1285649,030,1730,19,0,1789865546,,,SCHEDULED
2026-09-20T00:25:40.945626+00:00,1285649,030,1732,20,0,1789865579,,,SCHEDULED
2026-09-20T00:25:40.945626+00:00,1285649,030,1734,21,0,1789865629,,,SCHEDULED
2026-09-20T00:25:40.945626+00:00,1285649,030,1735,22,0,1789865646,,,SCHEDULED
2026-09-20T00:25:40.945626+00:00,1285649,030,1736,23,0,1789865667,,,SCHEDULED
2026-09-20T00:25:40.945626+00:00,1285649,030,1737,24,0,1789865689,,,SCHEDULED
2026-09-20T00:25:40.945626+00:00,1284956,019,786,15,0,1789863939,,,SCHEDULED
2026-09-20T00:25:40.945626+00:00,1284956,019,787,16,0,1789863965,,,SCHEDULED
2026-09-20T00:25:40.945626+00:00,1284956,019,788,17,0,1789863993,,,SCHEDULED
2026-09-20T00:25:40.945626+00:00,1284956,019,789,18,0,1789864011,,,SCHEDULED
2026-09-20T00:25:40.945626+00:00,1284956,019,1212,19,0,1789864055,,,SCHEDULED
2026-09-20T00:25:40.945626+00:00,1284956,019,804,20,0,1789864371,,,SCHEDULED
2026-09-20T00:25:40.945626+00:00,1284956,019,805,21,0,1789864383,,,SCHEDULED
2026-09-20T00:25:40.945626+00:00,1284956,019,806,22,0,1789864413,,,SCHEDULED
2026-09-20T00:25:40.945626+00:00,1284956,019,661,23,0,1789864518,,,SCHEDULED
2026-09-20T00:25:40.945626+00:00,1284956,019,4863,24,0,1789864537,,,SCHEDULED
2026-09-20T00:25:40.945626+00:00,1284956,019,5368,25,0,1789864573,,,SCHEDULED
2026-09-20T00:25:40.945626+00:00,1284956,019,810,26,0,1789864626,,,SCHEDULED
2026-09-20T00:25:40.945626+00:00,1284956,019,811,27,0,1789864665,,,SCHEDULED
2026-09-20T00:25:40.945626+00:00,1284956,019,812,28,0,1789864741,,,SCHEDULED
2026-09-20T00:25:40.945626+00:00,1284956,019,813,29,0,1789864773,,,SCHEDULED
2026-09-20T00:25:40.945626+00:00,1284956,019,814,30,0,1789864821,,,SCHEDULED
2026-09-20T00:25:40.945626+00:00,1284956,019,815,31,0,1789864870,,,SCHEDULED
2026-09-20T00:25:40.945626+00:00,1284956,019,5347,32,0,1789864940,,,SCHEDULED
2026-09-20T00:25:40.945626+00:00,1284956,019,824,33,0,1789865051,,,SCHEDULED
2026-09-20T00:25:40.945626+00:00,1284956,019,825,34,0,1789865096,,,SCHEDULED
2026-09-20T00:25:40.945626+00:00,1284956,019,826,35,0,1789865152,,,SCHEDULED
2026-09-20T00:25:40.945626+00:00,1284956,019,827,36,0,1789865187,,,SCHEDULED
2026-09-20T00:25:40.945626+00:00,1284956,019,5242,37,0,1789865270,,,SCHEDULED
2026-09-20T00:25:40.945626+00:00,1284956,019,829,38,0,1789865298,,,SCHEDULED
2026-09-20T00:25:40.945626+00:00,1284956,019,5271,39,0,1789865427,,,SCHEDULED
2026-09-20T00:25:40.945626+00:00,1284713,013,1334,1,,,0,1789864059,SCHEDULED
2026-09-20T00:25:40.945626+00:00,1284713,013,1335,2,0,1789864199,,,SCHEDULED
2026-09-20T00:25:40.945626+00:00,1284713,013,1347,3,0,1789864397,,,SCHEDULED
2026-09-20T00:25:40.945626+00:00,1284713,013,8909,4,0,1789864498,,,SCHEDULED
2026-09-20T00:25:40.945626+00:00,1284713,013,8911,5,0,1789864545,,,SCHEDULED
2026-09-20T00:25:40.945626+00:00,1284713,013,8910,6,0,1789864614,,,SCHEDULED
2026-09-20T00:25:40.945626+00:00,1284713,013,8912,7,0,1789864688,,,SCHEDULED
2026-09-20T00:25:40.945626+00:00,1284713,013,8913,8,0,1789864719,,,SCHEDULED
2026-09-20T00:25:40.945626+00:00,1284713,013,3158,9,0,1789864876,,,SCHEDULED
2026-09-20T00:25:40.945626+00:00,1284713,013,3159,10,0,1789864936,,,SCHEDULED
2026-09-20T00:25:40.945626+00:00,1284713,013,3160,11,0,1789864970,,,SCHEDULED
2026-09-20T00:25:40.945626+00:00,1284713,013,3161,12,0,1789865013,,,SCHEDULED
2026-09-20T00:25:40.945626+00:00,1284713,013,3163,13,0,1789865100,,,SCHEDULED
2026-09-20T00:25:40.945626+00:00,1284713,013,3164,14,0,1789865139,,,SCHEDULED
2026-09-20T00:25:40.945626+00:00,1284713,013,4703,15,0,1789865185,,,SCHEDULED
2026-09-20T00:25:40.945626+00:00,1284713,013,4704,16,0,1789865293,,,SCHEDULED
2026-09-20T00:25:40.945626+00:00,1284713,013,4705,17,0,1789865361,,,SCHEDULED
2026-09-20T00:25:40.945626+00:00,1284713,013,4706,18,0,1789865436,,,SCHEDULED
2026-09-20T00:25:40.945626+00:00,1284713,013,4707,19,0,1789865544,,,SCHEDULED
2026-09-20T00:25:40.945626+00:00,1284713,013,4751,20,0,1789865598,,,SCHEDULED
2026-09-20T00:25:40.945626+00:00,1286050,051,1921,32,0,1789863948,,,SCHEDULED
2026-09-20T00:25:40.945626+00:00,1286050,051,1922,33,0,1789863991,,,SCHEDULED
2026-09-20T00:25:40.945626+00:00,1286050,051,1923,34,0,1789864021,,,SCHEDULED
2026-09-20T00:25:40.945626+00:00,1286050,051,1924,35,0,1789864077,,,SCHEDULED
2026-09-20T00:25:40.945626+00:00,1286050,051,1925,36,0,1789864133,,,SCHEDULED
2026-09-20T00:25:40.945626+00:00,1286050,051,1926,37,0,1789864190,,,SCHEDULED
2026-09-20T00:25:40.945626+00:00,1286050,051,1940,38,0,1789864219,,,SCHEDULED
2026-09-20T00:25:40.945626+00:00,1286050,051,320,39,0,1789864268,,,SCHEDULED
2026-09-20T00:25:40.945626+00:00,1286050,051,1209,40,0,1789864297,,,SCHEDULED
2026-09-20T00:25:40.945626+00:00,1286050,051,321,41,0,1789864331,,,SCHEDULED
2026-09-20T00:25:40.945626+00:00,1286050,051,322,42,0,1789864390,,,SCHEDULED
2026-09-20T00:25:40.945626+00:00,1286050,051,324,43,0,1789864510,,,SCHEDULED
2026-09-20T00:25:40.945626+00:00,1286050,051,325,44,0,1789864539,,,SCHEDULED
2026-09-20T00:25:40.945626+00:00,1286050,051,327,46,0,1789864599,,,SCHEDULED
2026-09-20T00:25:40.945626+00:00,1286050,051,328,47,0,1789864625,,,SCHEDULED
2026-09-20T00:25:40.945626+00:00,1286050,051,329,48,0,1789864670,,,SCHEDULED
2026-09-20T00:25:40.945626+00:00,1286050,051,330,49,0,1789864733,,,SCHEDULED
2026-09-20T00:25:40.945626+00:00,1286050,051,331,50,0,1789864772,,,SCHEDULED
2026-09-20T00:25:40.945626+00:00,1285373,025,1264,4,0,1789863936,,,SCHEDULED
2026-09-20T00:25:40.945626+00:00,1285373,025,1265,5,0,1789863987,,,SCHEDULED
2026-09-20T00:25:40.945626+00:00,1285373,025,1266,6,0,1789864040,,,SCHEDULED
2026-09-20T00:25:40.945626+00:00,1285373,025,1267,7,0,1789864103,,,SCHEDULED
2026-09-20T00:25:40.945626+00:00,1285373,025,1268,8,0,1789864162,,,SCHEDULED
2026-09-20T00:25:40.945626+00:00,1285373,025,1269,9,0,1789864210,,,SCHEDULED
2026-09-20T00:25:40.945626+00:00,1285373,025,1270,10,0,1789864310,,,SCHEDULED
2026-09-20T00:25:40.945626+00:00,1285373,025,1271,11,0,1789864403,,,SCHEDULED
2026-09-20T00:25:40.945626+00:00,1285373,025,1272,12,0,1789864451,,,SCHEDULED
2026-09-20T00:25:40.945626+00:00,1285373,025,1273,13,0,1789864523,,,SCHEDULED
2026-09-20T00:25:40.945626+00:00,1285373,025,1274,14,0,1789864591,,,SCHEDULED
2026-09-20T00:25:40.945626+00:00,1285373,025,1275,15,0,1789864669,,,SCHEDULED
2026-09-20T00:25:40.945626+00:00,1285373,025,1276,16,0,1789864724,,,SCHEDULED
2026-09-20T00:25:40.945626+00:00,1285373,025,1277,17,0,1789864802,,,SCHEDULED
2026-09-20T00:25:40.945626+00:00,1285373,025,1278,18,0,1789864864,,,SCHEDULED
2026-09-20T00:25:40.945626+00:00,1285373,025,1279,19,0,1789864932,,,SCHEDULED
2026-09-20T00:25:40.945626+00:00,1285373,025,1280,20,0,1789865014,,,SCHEDULED
2026-09-20T00:25:40.945626+00:00,1285373,025,1281,21,0,1789865063,,,SCHEDULED
2026-09-20T00:25:40.945626+00:00,1285373,025,1282,22,0,1789865088,,,SCHEDULED
2026-09-20T00:25:40.945626+00:00,1285373,025,1481,23,0,1789865164,,,SCHEDULED
2026-09-20T00:25:40.945626+00:00,1285373,025,1482,24,0,1789865192,,,SCHEDULED
2026-09-20T00:25:40.945626+00:00,1285373,025,1483,25,0,1789865236,,,SCHEDULED
2026-09-20T00:25:40.945626+00:00,1285373,025,1484,26,0,1789865280,,,SCHEDULED
2026-09-20T00:25:40.945626+00:00,1285373,025,1485,27,0,1789865337,,,SCHEDULED
2026-09-20T00:25:40.945626+00:00,1285373,025,1486,28,0,1789865371,,,SCHEDULED
2026-09-20T00:25:40.945626+00:00,1285373,025,3614,29,0,1789865441,,,SCHEDULED
2026-09-20T00:25:40.945626+00:00,1285373,025,3615,30,0,1789865498,,,SCHEDULED
2026-09-20T00:25:40.945626+00:00,1285373,025,3616,31,0,1789865568,,,SCHEDULED
2026-09-20T00:25:40.945626+00:00,1285373,025,3617,32,0,1789865619,,,SCHEDULED
2026-09-20T00:25:40.945626+00:00,1285373,025,3618,33,0,1789865671,,,SCHEDULED
2026-09-20T00:25:40.945626+00:00,1285373,025,3619,34,0,1789865702,,,SCHEDULED
2026-09-20T00:25:40.945626+00:00,1285374,025,3382,57,0,1789863930,,,SCHEDULED
2026-09-20T00:25:40.945626+00:00,1285374,025,3383,58,0,1789864001,,,SCHEDULED
2026-09-20T00:25:40.945626+00:00,1285374,025,3389,59,0,1789864072,,,SCHEDULED
2026-09-20T00:25:40.945626+00:00,1288126,093,3503,7,0,1789863925,,,SCHEDULED
2026-09-20T00:25:40.945626+00:00,1288126,093,3504,8,0,1789864037,,,SCHEDULED
2026-09-20T00:25:40.945626+00:00,1288126,093,3505,9,0,1789864094,,,SCHEDULED
2026-09-20T00:25:40.945626+00:00,1288126,093,3520,10,0,1789864140,,,SCHEDULED
2026-09-20T00:25:40.945626+00:00,1288126,093,3521,11,0,1789864154,,,SCHEDULED
2026-09-20T00:25:40.945626+00:00,1288126,093,3522,12,0,1789864171,,,SCHEDULED
2026-09-20T00:25:40.945626+00:00,1288126,093,3523,13,0,1789864185,,,SCHEDULED
2026-09-20T00:25:40.945626+00:00,1288126,093,3524,14,0,1789864203,,,SCHEDULED
2026-09-20T00:25:40.945626+00:00,1288126,093,3526,15,0,1789864246,,,SCHEDULED
2026-09-20T00:25:40.945626+00:00,1288126,093,3527,16,0,1789864272,,,SCHEDULED
2026-09-20T00:25:40.945626+00:00,1288126,093,3530,17,0,1789864347,,,SCHEDULED
2026-09-20T00:25:40.945626+00:00,1288126,093,3531,18,0,1789864372,,,SCHEDULED
2026-09-20T00:25:40.945626+00:00,1288126,093,3532,19,0,1789864386,,,SCHEDULED
2026-09-20T00:25:40.945626+00:00,1288126,093,3533,20,0,1789864416,,,SCHEDULED
2026-09-20T00:25:40.945626+00:00,1288126,093,5346,21,0,1789864440,,,SCHEDULED
2026-09-20T00:25:40.945626+00:00,1288126,093,3534,22,0,1789864461,,,SCHEDULED
2026-09-20T00:25:40.945626+00:00,1288126,093,3535,23,0,1789864500,,,SCHEDULED
2026-09-20T00:25:40.945626+00:00,1288126,093,3536,24,0,1789864544,,,SCHEDULED
2026-09-20T00:25:40.945626+00:00,1288126,093,3537,25,0,1789864577,,,SCHEDULED
2026-09-20T00:25:40.945626+00:00,1288126,093,9933,26,0,1789864800,,,SCHEDULED
2026-09-20T00:25:40.945626+00:00,1288126,093,669,27,0,1789864882,,,SCHEDULED
2026-09-20T00:25:40.945626+00:00,1288126,093,4742,28,0,1789864932,,,SCHEDULED
2026-09-20T00:25:40.945626+00:00,1288126,093,4745,29,0,1789864996,,,SCHEDULED
2026-09-20T00:25:40.945626+00:00,1288126,093,4618,30,0,1789865083,,,SCHEDULED
2026-09-20T00:25:40.945626+00:00,1288126,093,4619,31,0,1789865147,,,SCHEDULED
2026-09-20T00:25:40.945626+00:00,1288126,093,3381,32,0,1789865244,,,SCHEDULED
2026-09-20T00:25:40.945626+00:00,1288126,093,3382,33,0,1789865277,,,SCHEDULED
2026-09-20T00:25:40.945626+00:00,1288126,093,3383,34,0,1789865344,,,SCHEDULED
2026-09-20T00:25:40.945626+00:00,1288126,093,3389,35,0,1789865410,,,SCHEDULED
2026-09-20T00:25:40.945626+00:00,1284960,019,731,22,0,1789863998,,,SCHEDULED
2026-09-20T00:25:40.945626+00:00,1284960,019,732,23,0,1789864030,,,SCHEDULED
2026-09-20T00:25:40.945626+00:00,1284960,019,733,24,0,1789864051,,,SCHEDULED
2026-09-20T00:25:40.945626+00:00,1284960,019,734,25,0,1789864065,,,SCHEDULED
2026-09-20T00:25:40.945626+00:00,1284960,019,735,26,0,1789864092,,,SCHEDULED
2026-09-20T00:25:40.945626+00:00,1284960,019,736,27,0,1789864135,,,SCHEDULED
2026-09-20T00:25:40.945626+00:00,1284960,019,737,28,0,1789864153,,,SCHEDULED
2026-09-20T00:25:40.945626+00:00,1284960,019,738,29,0,1789864169,,,SCHEDULED
2026-09-20T00:25:40.945626+00:00,1284960,019,739,30,0,1789864188,,,SCHEDULED
2026-09-20T00:25:40.945626+00:00,1284960,019,740,31,0,1789864204,,,SCHEDULED
2026-09-20T00:25:40.945626+00:00,1284960,019,741,32,0,1789864233,,,SCHEDULED
2026-09-20T00:25:40.945626+00:00,1284960,019,1333,33,0,1789864387,,,SCHEDULED
2026-09-20T00:25:40.945626+00:00,1284960,019,3115,34,0,1789864924,,,SCHEDULED
2026-09-20T00:25:40.945626+00:00,1284960,019,3116,35,0,1789864950,,,SCHEDULED
2026-09-20T00:25:40.945626+00:00,1284960,019,3117,36,0,1789864970,,,SCHEDULED
2026-09-20T00:25:40.945626+00:00,1284960,019,3118,37,0,1789865004,,,SCHEDULED
2026-09-20T00:25:40.945626+00:00,1284960,019,3119,38,0,1789865021,,,SCHEDULED
2026-09-20T00:25:40.945626+00:00,1284960,019,3121,39,0,1789865062,,,SCHEDULED
2026-09-20T00:25:40.945626+00:00,1284960,019,3122,40,0,1789865095,,,SCHEDULED
2026-09-20T00:25:40.945626+00:00,1284960,019,3123,41,0,1789865142,,,SCHEDULED
2026-09-20T00:25:40.945626+00:00,1284960,019,3124,42,0,1789865185,,,SCHEDULED
2026-09-20T00:25:40.945626+00:00,1284960,019,3125,43,0,1789865218,,,SCHEDULED
2026-09-20T00:25:40.945626+00:00,1284960,019,3696,44,0,1789865295,,,SCHEDULED
2026-09-20T00:25:40.945626+00:00,1286625,067,2620,38,0,1789864000,,,SCHEDULED
2026-09-20T00:25:40.945626+00:00,1286625,067,2621,39,0,1789864021,,,SCHEDULED
2026-09-20T00:25:40.945626+00:00,1286625,067,2622,40,0,1789864042,,,SCHEDULED
2026-09-20T00:25:40.945626+00:00,1286625,067,2623,41,0,1789864080,,,SCHEDULED
2026-09-20T00:25:40.945626+00:00,1286625,067,2624,42,0,1789864119,,,SCHEDULED
2026-09-20T00:25:40.945626+00:00,1286625,067,2625,43,0,1789864133,,,SCHEDULED
2026-09-20T00:25:40.945626+00:00,1286625,067,2626,44,0,1789864159,,,SCHEDULED
2026-09-20T00:25:40.945626+00:00,1286625,067,2627,45,0,1789864216,,,SCHEDULED
2026-09-20T00:25:40.945626+00:00,1286625,067,2628,46,0,1789864247,,,SCHEDULED
2026-09-20T00:25:40.945626+00:00,1286625,067,2630,47,0,1789864300,,,SCHEDULED
2026-09-20T00:25:40.945626+00:00,1286625,067,2631,48,0,1789864357,,,SCHEDULED
2026-09-20T00:25:40.945626+00:00,1286625,067,2632,49,0,1789864396,,,SCHEDULED
2026-09-20T00:25:40.945626+00:00,1286625,067,2633,50,0,1789864496,,,SCHEDULED
2026-09-20T00:25:40.945626+00:00,1286625,067,9812,51,0,1789864540,,,SCHEDULED
2026-09-20T00:25:40.945626+00:00,1286625,067,2629,52,0,1789864578,,,SCHEDULED
2026-09-20T00:25:40.945626+00:00,1286625,067,2634,53,0,1789864609,,,SCHEDULED
2026-09-20T00:25:40.945626+00:00,1286625,067,2635,54,0,1789864660,,,SCHEDULED
2026-09-20T00:25:40.945626+00:00,1286625,067,2636,55,0,1789864671,,,SCHEDULED
2026-09-20T00:25:40.945626+00:00,1286625,067,2637,56,0,1789864683,,,SCHEDULED
2026-09-20T00:25:40.945626+00:00,1286625,067,2638,57,0,1789864711,,,SCHEDULED
2026-09-20T00:25:40.945626+00:00,1286625,067,2639,58,0,1789864757,,,SCHEDULED
2026-09-20T00:25:40.945626+00:00,1286625,067,1086,59,0,1789865226,,,SCHEDULED
2026-09-20T00:25:40.945626+00:00,1286625,067,1088,60,0,1789865270,,,SCHEDULED
2026-09-20T00:25:40.945626+00:00,1286625,067,1087,61,0,1789865299,,,SCHEDULED
2026-09-20T00:25:40.945626+00:00,1286625,067,2642,62,0,1789865325,,,SCHEDULED
2026-09-20T00:25:40.945626+00:00,1286229,056,906,1,,,0,1789865640,SCHEDULED
2026-09-20T00:25:40.945626+00:00,1287439,082,665,1,,,0,1789865580,SCHEDULED
2026-09-20T00:25:40.945626+00:00,1286623,067,887,1,,,0,1789865280,SCHEDULED
2026-09-20T00:25:40.945626+00:00,1286623,067,286,2,0,1789865443,,,SCHEDULED
2026-09-20T00:25:40.945626+00:00,1286623,067,4439,3,0,1789865492,,,SCHEDULED
2026-09-20T00:25:40.945626+00:00,1286623,067,4440,4,0,1789865567,,,SCHEDULED
2026-09-20T00:25:40.945626+00:00,1286623,067,4441,5,0,1789865604,,,SCHEDULED
2026-09-20T00:25:40.945626+00:00,1286623,067,4015,6,0,1789865666,,,SCHEDULED
2026-09-20T00:25:40.945626+00:00,1286624,067,4015,6,0,1789863956,,,SCHEDULED
2026-09-20T00:25:40.945626+00:00,1286624,067,4016,7,0,1789863993,,,SCHEDULED
2026-09-20T00:25:40.945626+00:00,1286624,067,4017,8,0,1789864035,,,SCHEDULED
2026-09-20T00:25:40.945626+00:00,1286624,067,3914,9,0,1789864094,,,SCHEDULED
2026-09-20T00:25:40.945626+00:00,1286624,067,3220,10,0,1789864137,,,SCHEDULED
2026-09-20T00:25:40.945626+00:00,1286624,067,3222,11,0,1789864228,,,SCHEDULED
2026-09-20T00:25:40.945626+00:00,1286624,067,3223,12,0,1789864268,,,SCHEDULED
2026-09-20T00:25:40.945626+00:00,1286624,067,3224,13,0,1789864298,,,SCHEDULED
2026-09-20T00:25:40.945626+00:00,1286624,067,3225,14,0,1789864350,,,SCHEDULED
2026-09-20T00:25:40.945626+00:00,1286624,067,2062,15,0,1789864464,,,SCHEDULED
2026-09-20T00:25:40.945626+00:00,1286624,067,2063,16,0,1789864502,,,SCHEDULED
2026-09-20T00:25:40.945626+00:00,1286624,067,6508,17,0,1789864535,,,SCHEDULED
2026-09-20T00:25:40.945626+00:00,1286624,067,2174,18,0,1789864667,,,SCHEDULED
2026-09-20T00:25:40.945626+00:00,1286624,067,2160,19,0,1789864725,,,SCHEDULED
2026-09-20T00:25:40.945626+00:00,1286624,067,2597,20,0,1789864770,,,SCHEDULED
2026-09-20T00:25:40.945626+00:00,1286624,067,2598,21,0,1789864798,,,SCHEDULED
2026-09-20T00:25:40.945626+00:00,1286624,067,2599,22,0,1789864832,,,SCHEDULED
2026-09-20T00:25:40.945626+00:00,1286624,067,2600,23,0,1789864890,,,SCHEDULED
2026-09-20T00:25:40.945626+00:00,1286624,067,2601,24,0,1789864947,,,SCHEDULED
2026-09-20T00:25:40.945626+00:00,1286624,067,2602,25,0,1789864995,,,SCHEDULED
2026-09-20T00:25:40.945626+00:00,1286624,067,2603,26,0,1789865047,,,SCHEDULED
2026-09-20T00:25:40.945626+00:00,1286624,067,2604,27,0,1789865084,,,SCHEDULED
2026-09-20T00:25:40.945626+00:00,1286624,067,2605,28,0,1789865132,,,SCHEDULED
2026-09-20T00:25:40.945626+00:00,1286624,067,2606,29,0,1789865264,,,SCHEDULED
2026-09-20T00:25:40.945626+00:00,1286624,067,2607,30,0,1789865310,,,SCHEDULED
2026-09-20T00:25:40.945626+00:00,1286624,067,2608,31,0,1789865360,,,SCHEDULED
2026-09-20T00:25:40.945626+00:00,1286624,067,2609,32,0,1789865425,,,SCHEDULED
2026-09-20T00:25:40.945626+00:00,1286624,067,2613,33,0,1789865453,,,SCHEDULED
2026-09-20T00:25:40.945626+00:00,1286624,067,2614,34,0,1789865498,,,SCHEDULED
2026-09-20T00:25:40.945626+00:00,1286624,067,2615,35,0,1789865543,,,SCHEDULED
2026-09-20T00:25:40.945626+00:00,1286624,067,601,36,0,1789865577,,,SCHEDULED
2026-09-20T00:25:40.945626+00:00,1286624,067,2617,37,0,1789865628,,,SCHEDULED
2026-09-20T00:25:40.945626+00:00,1284328,010,11199,16,0,1789863796,,,SCHEDULED
2026-09-20T00:25:40.945626+00:00,1284328,010,11091,17,0,1789863864,,,SCHEDULED
2026-09-20T00:25:40.945626+00:00,1284328,010,11125,18,0,1789863981,,,SCHEDULED
2026-09-20T00:25:40.945626+00:00,1284328,010,11157,19,0,1789864033,,,SCHEDULED
2026-09-20T00:25:40.945626+00:00,1284328,010,11033,20,0,1789864102,,,SCHEDULED
2026-09-20T00:25:40.945626+00:00,1284328,010,11133,21,0,1789864305,,,SCHEDULED
2026-09-20T00:25:40.945626+00:00,1284328,010,11134,22,0,1789864342,,,SCHEDULED
2026-09-20T00:25:40.945626+00:00,1284328,010,11136,23,0,1789864381,,,SCHEDULED
2026-09-20T00:25:40.945626+00:00,1284328,010,11137,24,0,1789864420,,,SCHEDULED
2026-09-20T00:25:40.945626+00:00,1284328,010,11138,25,0,1789864450,,,SCHEDULED
2026-09-20T00:25:40.945626+00:00,1284328,010,11139,26,0,1789864469,,,SCHEDULED
2026-09-20T00:25:40.945626+00:00,1284328,010,11140,27,0,1789864522,,,SCHEDULED
2026-09-20T00:25:40.945626+00:00,1284328,010,11201,28,0,1789864782,,,SCHEDULED
2026-09-20T00:25:40.945626+00:00,1284328,010,11010,29,0,1789864830,,,SCHEDULED
2026-09-20T00:25:40.945626+00:00,1284328,010,11143,30,0,1789865009,,,SCHEDULED
2026-09-20T00:25:40.945626+00:00,1284328,010,11203,31,0,1789865084,,,SCHEDULED
2026-09-20T00:25:40.945626+00:00,1284328,010,11159,32,0,1789865542,,,SCHEDULED
2026-09-20T00:25:40.945626+00:00,1287716,086,3240,20,0,1789864049,,,SCHEDULED
2026-09-20T00:25:40.945626+00:00,1287716,086,3241,21,0,1789864074,,,SCHEDULED
2026-09-20T00:25:40.945626+00:00,1287716,086,3242,22,0,1789864094,,,SCHEDULED
2026-09-20T00:25:40.945626+00:00,1287716,086,3243,23,0,1789864168,,,SCHEDULED
2026-09-20T00:25:40.945626+00:00,1287716,086,3244,24,0,1789864193,,,SCHEDULED
2026-09-20T00:25:40.945626+00:00,1287716,086,3246,25,0,1789864279,,,SCHEDULED
2026-09-20T00:25:40.945626+00:00,1287716,086,3247,26,0,1789864320,,,SCHEDULED
2026-09-20T00:25:40.945626+00:00,1287716,086,3248,27,0,1789864358,,,SCHEDULED
2026-09-20T00:25:40.945626+00:00,1287716,086,3249,28,0,1789864393,,,SCHEDULED
2026-09-20T00:25:40.945626+00:00,1287716,086,3250,29,0,1789864421,,,SCHEDULED
2026-09-20T00:25:40.945626+00:00,1287716,086,3251,30,0,1789864441,,,SCHEDULED
2026-09-20T00:25:40.945626+00:00,1287716,086,3252,31,0,1789864480,,,SCHEDULED
2026-09-20T00:25:40.945626+00:00,1287716,086,3253,32,0,1789864515,,,SCHEDULED
2026-09-20T00:25:40.945626+00:00,1287716,086,3254,33,0,1789864549,,,SCHEDULED
2026-09-20T00:25:40.945626+00:00,1287716,086,3255,34,0,1789864586,,,SCHEDULED
2026-09-20T00:25:40.945626+00:00,1287716,086,3256,35,0,1789864631,,,SCHEDULED
2026-09-20T00:25:40.945626+00:00,1287716,086,3257,36,0,1789864673,,,SCHEDULED
2026-09-20T00:25:40.945626+00:00,1287716,086,3259,37,0,1789864732,,,SCHEDULED
2026-09-20T00:25:40.945626+00:00,1287716,086,413,38,0,1789865182,,,SCHEDULED
2026-09-20T00:25:40.945626+00:00,1287716,086,414,39,0,1789865203,,,SCHEDULED
2026-09-20T00:25:40.945626+00:00,1287716,086,415,40,0,1789865231,,,SCHEDULED
2026-09-20T00:25:40.945626+00:00,1287716,086,416,41,0,1789865252,,,SCHEDULED
2026-09-20T00:25:40.945626+00:00,1284838,015,9800,1,,,0,1789864440,SCHEDULED
2026-09-20T00:25:40.945626+00:00,1284838,015,574,2,0,1789864741,,,SCHEDULED
2026-09-20T00:25:40.945626+00:00,1284838,015,575,3,0,1789864762,,,SCHEDULED
2026-09-20T00:25:40.945626+00:00,1284838,015,576,4,0,1789864777,,,SCHEDULED
2026-09-20T00:25:40.945626+00:00,1284838,015,577,5,0,1789864794,,,SCHEDULED
2026-09-20T00:25:40.945626+00:00,1284838,015,579,6,0,1789864819,,,SCHEDULED
2026-09-20T00:25:40.945626+00:00,1284838,015,580,7,0,1789864841,,,SCHEDULED
2026-09-20T00:25:40.945626+00:00,1284838,015,849,8,0,1789864860,,,SCHEDULED
2026-09-20T00:25:40.945626+00:00,1284838,015,850,9,0,1789864889,,,SCHEDULED
2026-09-20T00:25:40.945626+00:00,1284838,015,851,10,0,1789864980,,,SCHEDULED
2026-09-20T00:25:40.945626+00:00,1284838,015,852,11,0,1789865007,,,SCHEDULED
2026-09-20T00:25:40.945626+00:00,1284838,015,853,12,0,1789865039,,,SCHEDULED
2026-09-20T00:25:40.945626+00:00,1284838,015,859,13,0,1789865069,,,SCHEDULED
2026-09-20T00:25:40.945626+00:00,1284838,015,860,14,0,1789865128,,,SCHEDULED
2026-09-20T00:25:40.945626+00:00,1284838,015,861,15,0,1789865166,,,SCHEDULED
2026-09-20T00:25:40.945626+00:00,1284838,015,862,16,0,1789865193,,,SCHEDULED
2026-09-20T00:25:40.945626+00:00,1284838,015,863,17,0,1789865266,,,SCHEDULED
2026-09-20T00:25:40.945626+00:00,1284838,015,864,18,0,1789865299,,,SCHEDULED
2026-09-20T00:25:40.945626+00:00,1284838,015,865,19,0,1789865337,,,SCHEDULED
2026-09-20T00:25:40.945626+00:00,1284838,015,866,20,0,1789865402,,,SCHEDULED
2026-09-20T00:25:40.945626+00:00,1284838,015,867,21,0,1789865434,,,SCHEDULED
2026-09-20T00:25:40.945626+00:00,1284838,015,593,22,0,1789865458,,,SCHEDULED
2026-09-20T00:25:40.945626+00:00,1284838,015,594,23,0,1789865514,,,SCHEDULED
2026-09-20T00:25:40.945626+00:00,1284838,015,595,24,0,1789865534,,,SCHEDULED
2026-09-20T00:25:40.945626+00:00,1284838,015,596,25,0,1789865599,,,SCHEDULED
2026-09-20T00:25:40.945626+00:00,1284838,015,284,26,0,1789865649,,,SCHEDULED
2026-09-20T00:25:40.945626+00:00,1285090,021,1184,32,0,1789863977,,,SCHEDULED
2026-09-20T00:25:40.945626+00:00,1285090,021,3301,33,0,1789863999,,,SCHEDULED
2026-09-20T00:25:40.945626+00:00,1285090,021,2807,34,0,1789864040,,,SCHEDULED
2026-09-20T00:25:40.945626+00:00,1285090,021,2808,35,0,1789864129,,,SCHEDULED
2026-09-20T00:25:40.945626+00:00,1285090,021,2809,36,0,1789864252,,,SCHEDULED
2026-09-20T00:25:40.945626+00:00,1285090,021,2810,37,0,1789864333,,,SCHEDULED
2026-09-20T00:25:40.945626+00:00,1285090,021,2811,38,0,1789864435,,,SCHEDULED
2026-09-20T00:25:40.945626+00:00,1285090,021,2812,39,0,1789864517,,,SCHEDULED
2026-09-20T00:25:40.945626+00:00,1285090,021,2813,40,0,1789864556,,,SCHEDULED
2026-09-20T00:25:40.945626+00:00,1285090,021,2814,41,0,1789864627,,,SCHEDULED
2026-09-20T00:25:40.945626+00:00,1285090,021,3385,42,0,1789864696,,,SCHEDULED
2026-09-20T00:25:40.945626+00:00,1285090,021,3386,43,0,1789864730,,,SCHEDULED
2026-09-20T00:25:40.945626+00:00,1285090,021,3387,44,0,1789864783,,,SCHEDULED
2026-09-20T00:25:40.945626+00:00,1285090,021,3388,45,0,1789864826,,,SCHEDULED
2026-09-20T00:25:40.945626+00:00,1285090,021,3389,46,0,1789864881,,,SCHEDULED
2026-09-20T00:25:40.945626+00:00,1288000,088,418,1,,,0,1789864980,SCHEDULED
2026-09-20T00:25:40.945626+00:00,1288000,088,4763,2,0,1789865014,,,SCHEDULED
2026-09-20T00:25:40.945626+00:00,1288000,088,113,3,0,1789865036,,,SCHEDULED
2026-09-20T00:25:40.945626+00:00,1288000,088,525,4,0,1789865071,,,SCHEDULED
2026-09-20T00:25:40.945626+00:00,1288000,088,526,5,0,1789865112,,,SCHEDULED
2026-09-20T00:25:40.945626+00:00,1288000,088,527,6,0,1789865126,,,SCHEDULED
2026-09-20T00:25:40.945626+00:00,1288000,088,528,7,0,1789865140,,,SCHEDULED
2026-09-20T00:25:40.945626+00:00,1288000,088,5252,8,0,1789865194,,,SCHEDULED
2026-09-20T00:25:40.945626+00:00,1288000,088,531,9,0,1789865208,,,SCHEDULED
2026-09-20T00:25:40.945626+00:00,1288000,088,610,10,0,1789865585,,,SCHEDULED
2026-09-20T00:25:40.945626+00:00,1288000,088,611,11,0,1789865606,,,SCHEDULED
2026-09-20T00:25:40.945626+00:00,1288000,088,612,12,0,1789865631,,,SCHEDULED
2026-09-20T00:25:40.945626+00:00,1288000,088,613,13,0,1789865659,,,SCHEDULED
2026-09-20T00:25:40.945626+00:00,1288000,088,614,14,0,1789865700,,,SCHEDULED
2026-09-20T00:25:40.945626+00:00,1286230,056,906,1,,,,,NO_DATA
2026-09-20T00:25:40.945626+00:00,1286230,056,286,2,,,,,NO_DATA
2026-09-20T00:25:40.945626+00:00,1286230,056,4439,3,,,,,NO_DATA
2026-09-20T00:25:40.945626+00:00,1286230,056,4440,4,,,,,NO_DATA
2026-09-20T00:25:40.945626+00:00,1286230,056,4441,5,,,,,NO_DATA
2026-09-20T00:25:40.945626+00:00,1286230,056,4015,6,,,,,NO_DATA
2026-09-20T00:25:40.945626+00:00,1286230,056,4016,7,,,,,NO_DATA
2026-09-20T00:25:40.945626+00:00,1286230,056,4017,8,,,,,NO_DATA
2026-09-20T00:25:40.945626+00:00,1286230,056,3914,9,,,,,NO_DATA
2026-09-20T00:25:40.945626+00:00,1286230,056,3220,10,,,,,NO_DATA
2026-09-20T00:25:40.945626+00:00,1286230,056,3222,11,,,,,NO_DATA
2026-09-20T00:25:40.945626+00:00,1286230,056,3223,12,,,,,NO_DATA
2026-09-20T00:25:40.945626+00:00,1286230,056,3225,13,,,,,NO_DATA
2026-09-20T00:25:40.945626+00:00,1286230,056,2062,14,,,,,NO_DATA
2026-09-20T00:25:40.945626+00:00,1286230,056,2063,15,,,,,NO_DATA
2026-09-20T00:25:40.945626+00:00,1286230,056,2064,16,,,,,NO_DATA
2026-09-20T00:25:40.945626+00:00,1286230,056,2065,17,,,,,NO_DATA
2026-09-20T00:25:40.945626+00:00,1286230,056,2066,18,,,,,NO_DATA
2026-09-20T00:25:40.945626+00:00,1286230,056,2068,19,,,,,NO_DATA
2026-09-20T00:25:40.945626+00:00,1286230,056,5200,20,,,,,NO_DATA
2026-09-20T00:25:40.945626+00:00,1286230,056,287,21,,,,,NO_DATA
2026-09-20T00:25:40.945626+00:00,1286230,056,2070,22,,,,,NO_DATA
2026-09-20T00:25:40.945626+00:00,1286230,056,2071,23,,,,,NO_DATA
2026-09-20T00:25:40.945626+00:00,1286230,056,497,24,,,,,NO_DATA
2026-09-20T00:25:40.945626+00:00,1286230,056,498,25,,,,,NO_DATA
2026-09-20T00:25:40.945626+00:00,1286230,056,500,26,,,,,NO_DATA
2026-09-20T00:25:40.945626+00:00,1286230,056,501,27,,,,,NO_DATA
2026-09-20T00:25:40.945626+00:00,1286230,056,502,28,,,,,NO_DATA
2026-09-20T00:25:40.945626+00:00,1286230,056,503,29,,,,,NO_DATA
2026-09-20T00:25:40.945626+00:00,1287440,082,3076,13,0,1789863498,,,SCHEDULED
2026-09-20T00:25:40.945626+00:00,1287440,082,3077,14,0,1789863540,,,SCHEDULED
2026-09-20T00:25:40.945626+00:00,1287440,082,3078,15,0,1789863596,,,SCHEDULED
2026-09-20T00:25:40.945626+00:00,1287440,082,3079,16,0,1789863624,,,SCHEDULED
2026-09-20T00:25:40.945626+00:00,1287440,082,3080,17,0,1789863685,,,SCHEDULED
2026-09-20T00:25:40.945626+00:00,1287440,082,1074,18,0,1789863988,,,SCHEDULED
2026-09-20T00:25:40.945626+00:00,1287440,082,1075,19,0,1789864036,,,SCHEDULED
2026-09-20T00:25:40.945626+00:00,1287440,082,1076,20,0,1789864065,,,SCHEDULED
2026-09-20T00:25:40.945626+00:00,1287440,082,1077,21,0,1789864104,,,SCHEDULED
2026-09-20T00:25:40.945626+00:00,1287440,082,1646,22,0,1789864160,,,SCHEDULED
2026-09-20T00:25:40.945626+00:00,1287440,082,1648,23,0,1789864215,,,SCHEDULED
2026-09-20T00:25:40.945626+00:00,1287440,082,1649,24,0,1789864255,,,SCHEDULED
2026-09-20T00:25:40.945626+00:00,1287440,082,1650,25,0,1789864287,,,SCHEDULED
2026-09-20T00:25:40.945626+00:00,1287440,082,1651,26,0,1789864310,,,SCHEDULED
2026-09-20T00:25:40.945626+00:00,1287440,082,1652,27,0,1789864345,,,SCHEDULED
2026-09-20T00:25:40.945626+00:00,1287440,082,1653,28,0,1789864400,,,SCHEDULED
2026-09-20T00:25:40.945626+00:00,1287440,082,1654,29,0,1789864445,,,SCHEDULED
2026-09-20T00:25:40.945626+00:00,1287440,082,1655,30,0,1789864512,,,SCHEDULED
2026-09-20T00:25:40.945626+00:00,1287440,082,459,31,0,1789864545,,,SCHEDULED
2026-09-20T00:25:40.945626+00:00,1287440,082,1656,32,0,1789864562,,,SCHEDULED
2026-09-20T00:25:40.945626+00:00,1287440,082,1657,33,0,1789864597,,,SCHEDULED
2026-09-20T00:25:40.945626+00:00,1287440,082,1658,34,0,1789864625,,,SCHEDULED
2026-09-20T00:25:40.945626+00:00,1287440,082,1659,35,0,1789864662,,,SCHEDULED
2026-09-20T00:25:40.945626+00:00,1287440,082,1660,36,0,1789864695,,,SCHEDULED
2026-09-20T00:25:40.945626+00:00,1287440,082,3190,37,0,1789864720,,,SCHEDULED
2026-09-20T00:25:40.945626+00:00,1287440,082,3191,38,0,1789864765,,,SCHEDULED
2026-09-20T00:25:40.945626+00:00,1287440,082,3192,39,0,1789864805,,,SCHEDULED
2026-09-20T00:25:40.945626+00:00,1287440,082,3193,40,0,1789864877,,,SCHEDULED
2026-09-20T00:25:40.945626+00:00,1287440,082,275,41,0,1789865060,,,SCHEDULED
2026-09-20T00:25:40.945626+00:00,1286231,056,504,30,0,1789864018,,,SCHEDULED
2026-09-20T00:25:40.945626+00:00,1286231,056,505,31,0,1789864052,,,SCHEDULED
2026-09-20T00:25:40.945626+00:00,1286231,056,4134,32,0,1789864085,,,SCHEDULED
2026-09-20T00:25:40.945626+00:00,1286231,056,4136,33,0,1789864150,,,SCHEDULED
2026-09-20T00:25:40.945626+00:00,1286231,056,4137,34,0,1789864227,,,SCHEDULED
2026-09-20T00:25:40.945626+00:00,1285663,030,1739,25,0,1789863712,,,SCHEDULED
2026-09-20T00:25:40.945626+00:00,1284178,001,3348,14,0,1789863936,,,SCHEDULED
2026-09-20T00:25:40.945626+00:00,1284178,001,3349,15,0,1789864032,,,SCHEDULED
2026-09-20T00:25:40.945626+00:00,1284178,001,3350,16,0,1789864088,,,SCHEDULED
2026-09-20T00:25:40.945626+00:00,1284178,001,3351,17,0,1789864139,,,SCHEDULED
2026-09-20T00:25:40.945626+00:00,1284178,001,3352,18,0,1789864197,,,SCHEDULED
2026-09-20T00:25:40.945626+00:00,1284178,001,3353,19,0,1789864245,,,SCHEDULED
2026-09-20T00:25:40.945626+00:00,1284178,001,3354,20,0,1789864289,,,SCHEDULED
2026-09-20T00:25:40.945626+00:00,1284178,001,3355,21,0,1789864347,,,SCHEDULED
2026-09-20T00:25:40.945626+00:00,1284178,001,3356,22,0,1789864402,,,SCHEDULED
2026-09-20T00:25:40.945626+00:00,1284178,001,3357,23,0,1789864431,,,SCHEDULED
2026-09-20T00:25:40.945626+00:00,1284178,001,563,24,0,1789864536,,,SCHEDULED
2026-09-20T00:25:40.945626+00:00,1284178,001,565,25,0,1789864606,,,SCHEDULED
2026-09-20T00:25:40.945626+00:00,1284178,001,566,26,0,1789864672,,,SCHEDULED
2026-09-20T00:25:40.945626+00:00,1284178,001,567,27,0,1789864707,,,SCHEDULED
2026-09-20T00:25:40.945626+00:00,1284178,001,568,28,0,1789864796,,,SCHEDULED
2026-09-20T00:25:40.945626+00:00,1284178,001,570,29,0,1789864857,,,SCHEDULED
2026-09-20T00:25:40.945626+00:00,1284178,001,573,30,0,1789864928,,,SCHEDULED
2026-09-20T00:25:40.945626+00:00,1284178,001,3097,31,0,1789864970,,,SCHEDULED
2026-09-20T00:25:40.945626+00:00,1284178,001,3098,32,0,1789865023,,,SCHEDULED
2026-09-20T00:25:40.945626+00:00,1287600,084,1285,1,,,0,1789864620,SCHEDULED
2026-09-20T00:25:40.945626+00:00,1287600,084,1618,2,0,1789864793,,,SCHEDULED
2026-09-20T00:25:40.945626+00:00,1287600,084,1306,3,0,1789864881,,,SCHEDULED
2026-09-20T00:25:40.945626+00:00,1287600,084,1570,4,0,1789864985,,,SCHEDULED
2026-09-20T00:25:40.945626+00:00,1287600,084,1307,5,0,1789865034,,,SCHEDULED
2026-09-20T00:25:40.945626+00:00,1287600,084,4003,6,0,1789865101,,,SCHEDULED
2026-09-20T00:25:40.945626+00:00,1287600,084,4004,7,0,1789865143,,,SCHEDULED
2026-09-20T00:25:40.945626+00:00,1287600,084,4005,8,0,1789865179,,,SCHEDULED
2026-09-20T00:25:40.945626+00:00,1287600,084,4006,9,0,1789865220,,,SCHEDULED
2026-09-20T00:25:40.945626+00:00,1287600,084,4007,10,0,1789865266,,,SCHEDULED
2026-09-20T00:25:40.945626+00:00,1287600,084,3950,11,0,1789865293,,,SCHEDULED
2026-09-20T00:25:40.945626+00:00,1287600,084,3951,12,0,1789865338,,,SCHEDULED
2026-09-20T00:25:40.945626+00:00,1287600,084,3953,13,0,1789865380,,,SCHEDULED
2026-09-20T00:25:40.945626+00:00,1287600,084,3954,14,0,1789865410,,,SCHEDULED
2026-09-20T00:25:40.945626+00:00,1287600,084,3955,15,0,1789865441,,,SCHEDULED
2026-09-20T00:25:40.945626+00:00,1287600,084,3956,16,0,1789865475,,,SCHEDULED
2026-09-20T00:25:40.945626+00:00,1287600,084,3957,17,0,1789865498,,,SCHEDULED
2026-09-20T00:25:40.945626+00:00,1287600,084,3063,18,0,1789865520,,,SCHEDULED
2026-09-20T00:25:40.945626+00:00,1287600,084,3064,19,0,1789865581,,,SCHEDULED
2026-09-20T00:25:40.945626+00:00,1287600,084,3065,20,0,1789865619,,,SCHEDULED
2026-09-20T00:25:40.945626+00:00,1287600,084,3066,21,0,1789865661,,,SCHEDULED
2026-09-20T00:25:40.945626+00:00,1287601,084,3068,23,0,1789863971,,,SCHEDULED
2026-09-20T00:25:40.945626+00:00,1287601,084,3069,24,0,1789864035,,,SCHEDULED
2026-09-20T00:25:40.945626+00:00,1287601,084,3049,25,0,1789864138,,,SCHEDULED
2026-09-20T00:25:40.945626+00:00,1287601,084,3070,26,0,1789864190,,,SCHEDULED
2026-09-20T00:25:40.945626+00:00,1287601,084,3071,27,0,1789864241,,,SCHEDULED
2026-09-20T00:25:40.945626+00:00,1287601,084,3072,28,0,1789864283,,,SCHEDULED
2026-09-20T00:25:40.945626+00:00,1287601,084,9801,29,0,1789864380,,,SCHEDULED
2026-09-20T00:25:40.945626+00:00,1287601,084,3073,30,0,1789864430,,,SCHEDULED
2026-09-20T00:25:40.945626+00:00,1287601,084,3074,31,0,1789864530,,,SCHEDULED
2026-09-20T00:25:40.945626+00:00,1287601,084,3075,32,0,1789864574,,,SCHEDULED
2026-09-20T00:25:40.945626+00:00,1287601,084,3076,33,0,1789864684,,,SCHEDULED
2026-09-20T00:25:40.945626+00:00,1287601,084,3077,34,0,1789864731,,,SCHEDULED
2026-09-20T00:25:40.945626+00:00,1287601,084,3078,35,0,1789864866,,,SCHEDULED
2026-09-20T00:25:40.945626+00:00,1287601,084,3079,36,0,1789864928,,,SCHEDULED
2026-09-20T00:25:40.945626+00:00,1287601,084,3080,37,0,1789864994,,,SCHEDULED
2026-09-20T00:25:40.945626+00:00,1287601,084,1074,38,0,1789865076,,,SCHEDULED
2026-09-20T00:25:40.945626+00:00,1287601,084,1075,39,0,1789865132,,,SCHEDULED
2026-09-20T00:25:40.945626+00:00,1287601,084,1076,40,0,1789865167,,,SCHEDULED
2026-09-20T00:25:40.945626+00:00,1287601,084,1077,41,0,1789865214,,,SCHEDULED
2026-09-20T00:25:40.945626+00:00,1287601,084,1646,42,0,1789865280,,,SCHEDULED
2026-09-20T00:25:40.945626+00:00,1287601,084,1648,43,0,1789865339,,,SCHEDULED
2026-09-20T00:25:40.945626+00:00,1287601,084,1107,44,0,1789865394,,,SCHEDULED
2026-09-20T00:25:40.945626+00:00,1287601,084,1108,45,0,1789865443,,,SCHEDULED
2026-09-20T00:25:40.945626+00:00,1287601,084,3081,46,0,1789865491,,,SCHEDULED
2026-09-20T00:25:40.945626+00:00,1287601,084,3082,47,0,1789865521,,,SCHEDULED
2026-09-20T00:25:40.945626+00:00,1287601,084,3083,48,0,1789865557,,,SCHEDULED
2026-09-20T00:25:40.945626+00:00,1287601,084,3084,49,0,1789865600,,,SCHEDULED
2026-09-20T00:25:40.945626+00:00,1287601,084,3085,50,0,1789865649,,,SCHEDULED
2026-09-20T00:25:40.945626+00:00,1284177,001,1184,1,,,0,1789864860,SCHEDULED
2026-09-20T00:25:40.945626+00:00,1284177,001,3301,2,0,1789864882,,,SCHEDULED
2026-09-20T00:25:40.945626+00:00,1284177,001,1187,3,0,1789864923,,,SCHEDULED
2026-09-20T00:25:40.945626+00:00,1284177,001,1188,4,0,1789864977,,,SCHEDULED
2026-09-20T00:25:40.945626+00:00,1284177,001,1189,5,0,1789865024,,,SCHEDULED
2026-09-20T00:25:40.945626+00:00,1284177,001,1190,6,0,1789865122,,,SCHEDULED
2026-09-20T00:25:40.945626+00:00,1284177,001,1191,7,0,1789865161,,,SCHEDULED
2026-09-20T00:25:40.945626+00:00,1284177,001,1192,8,0,1789865198,,,SCHEDULED
2026-09-20T00:25:40.945626+00:00,1284177,001,1193,9,0,1789865237,,,SCHEDULED
2026-09-20T00:25:40.945626+00:00,1284177,001,1195,10,0,1789865308,,,SCHEDULED
2026-09-20T00:25:40.945626+00:00,1284177,001,1196,11,0,1789865382,,,SCHEDULED
2026-09-20T00:25:40.945626+00:00,1284177,001,1197,12,0,1789865421,,,SCHEDULED
2026-09-20T00:25:40.945626+00:00,1284177,001,1198,13,0,1789865446,,,SCHEDULED
2026-09-20T00:25:40.945626+00:00,1284177,001,3348,14,0,1789865520,,,SCHEDULED
2026-09-20T00:25:40.945626+00:00,1284177,001,3349,15,0,1789865616,,,SCHEDULED
2026-09-20T00:25:40.945626+00:00,1284177,001,3350,16,0,1789865672,,,SCHEDULED
2026-09-20T00:25:40.945626+00:00,1284732,013,1167,19,0,1789863935,,,SCHEDULED
2026-09-20T00:25:40.945626+00:00,1284732,013,1168,20,0,1789863977,,,SCHEDULED
2026-09-20T00:25:40.945626+00:00,1284732,013,284,21,0,1789864105,,,SCHEDULED
2026-09-20T00:25:40.945626+00:00,1284732,013,9807,22,0,1789864165,,,SCHEDULED
2026-09-20T00:25:40.945626+00:00,1284732,013,284,23,0,1789864246,,,SCHEDULED
2026-09-20T00:25:40.945626+00:00,1284732,013,1635,24,0,1789864327,,,SCHEDULED
2026-09-20T00:25:40.945626+00:00,1284732,013,4750,25,0,1789864516,,,SCHEDULED
2026-09-20T00:25:40.945626+00:00,1284732,013,3980,26,0,1789864591,,,SCHEDULED
2026-09-20T00:25:40.945626+00:00,1284732,013,3979,27,0,1789864664,,,SCHEDULED
2026-09-20T00:25:40.945626+00:00,1284732,013,3981,28,0,1789864719,,,SCHEDULED
2026-09-20T00:25:40.945626+00:00,1284732,013,3982,29,0,1789864774,,,SCHEDULED
2026-09-20T00:25:40.945626+00:00,1284732,013,103,30,0,1789864818,,,SCHEDULED
2026-09-20T00:25:40.945626+00:00,1284732,013,3240,31,0,1789864885,,,SCHEDULED
2026-09-20T00:25:40.945626+00:00,1284732,013,3241,32,0,1789864908,,,SCHEDULED
2026-09-20T00:25:40.945626+00:00,1284732,013,3242,33,0,1789864931,,,SCHEDULED
2026-09-20T00:25:40.945626+00:00,1284732,013,3243,34,0,1789865003,,,SCHEDULED
2026-09-20T00:25:40.945626+00:00,1284732,013,3244,35,0,1789865026,,,SCHEDULED
2026-09-20T00:25:40.945626+00:00,1284732,013,3246,36,0,1789865144,,,SCHEDULED
2026-09-20T00:25:40.945626+00:00,1284732,013,8927,37,0,1789865195,,,SCHEDULED
2026-09-20T00:25:40.945626+00:00,1284732,013,4710,38,0,1789865365,,,SCHEDULED
2026-09-20T00:25:40.945626+00:00,1284732,013,8928,39,0,1789865418,,,SCHEDULED
2026-09-20T00:25:40.945626+00:00,1284732,013,8929,40,0,1789865503,,,SCHEDULED
2026-09-20T00:25:40.945626+00:00,1284732,013,8930,41,0,1789865539,,,SCHEDULED
2026-09-20T00:25:40.945626+00:00,1284732,013,543,42,0,1789865577,,,SCHEDULED
2026-09-20T00:25:40.945626+00:00,1284732,013,1731,43,0,1789865651,,,SCHEDULED
2026-09-20T00:25:40.945626+00:00,1284732,013,1680,44,0,1789865716,,,SCHEDULED
2026-09-20T00:25:40.945626+00:00,1284731,013,1071,1,,,0,1789865160,SCHEDULED
2026-09-20T00:25:40.945626+00:00,1284731,013,1073,2,0,1789865237,,,SCHEDULED
2026-09-20T00:25:40.945626+00:00,1284731,013,1074,3,0,1789865265,,,SCHEDULED
2026-09-20T00:25:40.945626+00:00,1284731,013,1075,4,0,1789865305,,,SCHEDULED
2026-09-20T00:25:40.945626+00:00,1284731,013,1076,5,0,1789865329,,,SCHEDULED
2026-09-20T00:25:40.945626+00:00,1284731,013,1077,6,0,1789865359,,,SCHEDULED
2026-09-20T00:25:40.945626+00:00,1284731,013,1646,7,0,1789865400,,,SCHEDULED
2026-09-20T00:25:40.945626+00:00,1284731,013,1648,8,0,1789865466,,,SCHEDULED
2026-09-20T00:25:40.945626+00:00,1284731,013,1157,9,0,1789865518,,,SCHEDULED
2026-09-20T00:25:40.945626+00:00,1284731,013,1158,10,0,1789865554,,,SCHEDULED
2026-09-20T00:25:40.945626+00:00,1284731,013,1159,11,0,1789865640,,,SCHEDULED
2026-09-20T00:25:40.945626+00:00,1284731,013,1160,12,0,1789865694,,,SCHEDULED
2026-09-20T00:25:40.945626+00:00,1287602,084,3081,46,0,1789863954,,,SCHEDULED
2026-09-20T00:25:40.945626+00:00,1287602,084,3082,47,0,1789863984,,,SCHEDULED
2026-09-20T00:25:40.945626+00:00,1287602,084,3083,48,0,1789864020,,,SCHEDULED
2026-09-20T00:25:40.945626+00:00,1287602,084,3084,49,0,1789864063,,,SCHEDULED
2026-09-20T00:25:40.945626+00:00,1287602,084,3085,50,0,1789864112,,,SCHEDULED
2026-09-20T00:25:40.945626+00:00,1287602,084,3086,51,0,1789864177,,,SCHEDULED
2026-09-20T00:25:40.945626+00:00,1287602,084,3087,52,0,1789864270,,,SCHEDULED
2026-09-20T00:25:40.945626+00:00,1287602,084,3000,53,0,1789864523,,,SCHEDULED
2026-09-20T00:25:40.945626+00:00,1287602,084,3001,54,0,1789864578,,,SCHEDULED
2026-09-20T00:25:40.945626+00:00,1287602,084,3002,55,0,1789864636,,,SCHEDULED
2026-09-20T00:25:40.945626+00:00,1287602,084,3003,56,0,1789864679,,,SCHEDULED
2026-09-20T00:25:40.945626+00:00,1287602,084,3004,57,0,1789864731,,,SCHEDULED
2026-09-20T00:25:40.945626+00:00,1287602,084,3005,58,0,1789864789,,,SCHEDULED
2026-09-20T00:25:40.945626+00:00,1287602,084,3006,59,0,1789864841,,,SCHEDULED
2026-09-20T00:25:40.945626+00:00,1287602,084,3007,60,0,1789864864,,,SCHEDULED
2026-09-20T00:25:40.945626+00:00,1287602,084,2749,61,0,1789864883,,,SCHEDULED
2026-09-20T00:25:40.945626+00:00,1287602,084,2750,62,0,1789864955,,,SCHEDULED
2026-09-20T00:25:40.945626+00:00,1287602,084,2751,63,0,1789865039,,,SCHEDULED
2026-09-20T00:25:40.945626+00:00,1287602,084,2752,64,0,1789865104,,,SCHEDULED
2026-09-20T00:25:40.945626+00:00,1286514,062,2258,10,0,1789863953,,,SCHEDULED
2026-09-20T00:25:40.945626+00:00,1286514,062,2260,11,0,1789864075,,,SCHEDULED
2026-09-20T00:25:40.945626+00:00,1286514,062,2261,12,0,1789864106,,,SCHEDULED
2026-09-20T00:25:40.945626+00:00,1286514,062,2262,13,0,1789864168,,,SCHEDULED
2026-09-20T00:25:40.945626+00:00,1286514,062,2264,14,0,1789864290,,,SCHEDULED
2026-09-20T00:25:40.945626+00:00,1286514,062,380,15,0,1789864433,,,SCHEDULED
2026-09-20T00:25:40.945626+00:00,1286514,062,411,16,0,1789864477,,,SCHEDULED
2026-09-20T00:25:40.945626+00:00,1286514,062,2271,17,0,1789864631,,,SCHEDULED
2026-09-20T00:25:40.945626+00:00,1286514,062,2272,18,0,1789864673,,,SCHEDULED
2026-09-20T00:25:40.945626+00:00,1286514,062,2273,19,0,1789864712,,,SCHEDULED
2026-09-20T00:25:40.945626+00:00,1286514,062,2275,20,0,1789864775,,,SCHEDULED
2026-09-20T00:25:40.945626+00:00,1286514,062,2276,21,0,1789864842,,,SCHEDULED
2026-09-20T00:25:40.945626+00:00,1286514,062,2277,22,0,1789864916,,,SCHEDULED
2026-09-20T00:25:40.945626+00:00,1286514,062,2278,23,0,1789864944,,,SCHEDULED
2026-09-20T00:25:40.945626+00:00,1286514,062,2279,24,0,1789865003,,,SCHEDULED
2026-09-20T00:25:40.945626+00:00,1286514,062,2280,25,0,1789865058,,,SCHEDULED
2026-09-20T00:25:40.945626+00:00,1286514,062,2281,26,0,1789865090,,,SCHEDULED
2026-09-20T00:25:40.945626+00:00,1286514,062,2346,27,0,1789865153,,,SCHEDULED
2026-09-20T00:25:40.945626+00:00,1286514,062,2347,28,0,1789865197,,,SCHEDULED
2026-09-20T00:25:40.945626+00:00,1286514,062,2348,29,0,1789865241,,,SCHEDULED
2026-09-20T00:25:40.945626+00:00,1286514,062,2350,30,0,1789865282,,,SCHEDULED
2026-09-20T00:25:40.945626+00:00,1286514,062,2351,31,0,1789865329,,,SCHEDULED
2026-09-20T00:25:40.945626+00:00,1286514,062,5313,32,0,1789865387,,,SCHEDULED
2026-09-20T00:25:40.945626+00:00,1286514,062,2352,33,0,1789865420,,,SCHEDULED
2026-09-20T00:25:40.945626+00:00,1286514,062,2353,34,0,1789865478,,,SCHEDULED
2026-09-20T00:25:40.945626+00:00,1286514,062,2354,35,0,1789865511,,,SCHEDULED
2026-09-20T00:25:40.945626+00:00,1286514,062,2355,36,0,1789865544,,,SCHEDULED
2026-09-20T00:25:40.945626+00:00,1286514,062,2356,37,0,1789865564,,,SCHEDULED
2026-09-20T00:25:40.945626+00:00,1286514,062,465,38,0,1789865605,,,SCHEDULED
2026-09-20T00:25:40.945626+00:00,1286514,062,466,39,0,1789865638,,,SCHEDULED
2026-09-20T00:25:40.945626+00:00,1286514,062,467,40,0,1789865693,,,SCHEDULED
2026-09-20T00:25:40.945626+00:00,1286514,062,468,41,0,1789865715,,,SCHEDULED
2026-09-20T00:25:40.945626+00:00,1286910,072,323,1,,,,,NO_DATA
2026-09-20T00:25:40.945626+00:00,1286910,072,4210,2,,,,,NO_DATA
2026-09-20T00:25:40.945626+00:00,1286910,072,4211,3,,,,,NO_DATA
2026-09-20T00:25:40.945626+00:00,1286910,072,4213,4,,,,,NO_DATA
2026-09-20T00:25:40.945626+00:00,1286910,072,4214,5,,,,,NO_DATA
2026-09-20T00:25:40.945626+00:00,1286910,072,4217,6,,,,,NO_DATA
2026-09-20T00:25:40.945626+00:00,1286910,072,5249,7,,,,,NO_DATA
2026-09-20T00:25:40.945626+00:00,1286910,072,4215,8,,,,,NO_DATA
2026-09-20T00:25:40.945626+00:00,1286910,072,4216,9,,,,,NO_DATA
2026-09-20T00:25:40.945626+00:00,1286910,072,2816,10,,,,,NO_DATA
2026-09-20T00:25:40.945626+00:00,1286910,072,2817,11,,,,,NO_DATA
2026-09-20T00:25:40.945626+00:00,1286910,072,2818,12,,,,,NO_DATA
2026-09-20T00:25:40.945626+00:00,1286910,072,2819,13,,,,,NO_DATA
2026-09-20T00:25:40.945626+00:00,1286910,072,2820,14,,,,,NO_DATA
2026-09-20T00:25:40.945626+00:00,1286910,072,2821,15,,,,,NO_DATA
2026-09-20T00:25:40.945626+00:00,1286910,072,2822,16,,,,,NO_DATA
2026-09-20T00:25:40.945626+00:00,1286910,072,2824,17,,,,,NO_DATA
2026-09-20T00:25:40.945626+00:00,1286910,072,2825,18,,,,,NO_DATA
2026-09-20T00:25:40.945626+00:00,1286910,072,2826,19,,,,,NO_DATA
2026-09-20T00:25:40.945626+00:00,1286910,072,3861,20,,,,,NO_DATA
2026-09-20T00:25:40.945626+00:00,1286910,072,3862,21,,,,,NO_DATA
2026-09-20T00:25:40.945626+00:00,1286910,072,3864,22,,,,,NO_DATA
2026-09-20T00:25:40.945626+00:00,1286910,072,3865,23,,,,,NO_DATA
2026-09-20T00:25:40.945626+00:00,1286910,072,496,24,,,,,NO_DATA
2026-09-20T00:25:40.945626+00:00,1286910,072,3866,25,,,,,NO_DATA
2026-09-20T00:25:40.945626+00:00,1286910,072,3867,26,,,,,NO_DATA
2026-09-20T00:25:40.945626+00:00,1286910,072,3868,27,,,,,NO_DATA
2026-09-20T00:25:40.945626+00:00,1286910,072,3869,28,,,,,NO_DATA
2026-09-20T00:25:40.945626+00:00,1286910,072,3870,29,,,,,NO_DATA
2026-09-20T00:25:40.945626+00:00,1286910,072,3871,30,,,,,NO_DATA
2026-09-20T00:25:40.945626+00:00,1286910,072,3872,31,,,,,NO_DATA
2026-09-20T00:25:40.945626+00:00,1287849,087,275,3,0,1789864137,,,SCHEDULED
2026-09-20T00:25:40.945626+00:00,1287849,087,3893,4,0,1789864294,,,SCHEDULED
2026-09-20T00:25:40.945626+00:00,1287849,087,3894,5,0,1789864361,,,SCHEDULED
2026-09-20T00:25:40.945626+00:00,1287849,087,3895,6,0,1789864398,,,SCHEDULED
2026-09-20T00:25:40.945626+00:00,1287849,087,3896,7,0,1789864444,,,SCHEDULED
2026-09-20T00:25:40.945626+00:00,1287849,087,3897,8,0,1789864478,,,SCHEDULED
2026-09-20T00:25:40.945626+00:00,1287849,087,3898,9,0,1789864532,,,SCHEDULED
2026-09-20T00:25:40.945626+00:00,1287849,087,3899,10,0,1789864565,,,SCHEDULED
2026-09-20T00:25:40.945626+00:00,1287849,087,3900,11,0,1789864617,,,SCHEDULED
2026-09-20T00:25:40.945626+00:00,1287849,087,3901,12,0,1789864677,,,SCHEDULED
2026-09-20T00:25:40.945626+00:00,1287849,087,3902,13,0,1789864715,,,SCHEDULED
2026-09-20T00:25:40.945626+00:00,1287849,087,3903,14,0,1789864823,,,SCHEDULED
2026-09-20T00:25:40.945626+00:00,1287849,087,3904,15,0,1789864864,,,SCHEDULED
2026-09-20T00:25:40.945626+00:00,1287849,087,3905,16,0,1789864934,,,SCHEDULED
2026-09-20T00:25:40.945626+00:00,1287849,087,1254,17,0,1789865000,,,SCHEDULED
2026-09-20T00:25:40.945626+00:00,1287849,087,1262,18,0,1789865073,,,SCHEDULED
2026-09-20T00:25:40.945626+00:00,1287299,081,2328,31,0,1789863972,,,SCHEDULED
2026-09-20T00:25:40.945626+00:00,1287299,081,2329,32,0,1789864061,,,SCHEDULED
2026-09-20T00:25:40.945626+00:00,1287299,081,2330,33,0,1789864160,,,SCHEDULED
2026-09-20T00:25:40.945626+00:00,1287299,081,4811,34,0,1789864260,,,SCHEDULED
2026-09-20T00:25:40.945626+00:00,1287299,081,4810,35,0,1789864336,,,SCHEDULED
2026-09-20T00:25:40.945626+00:00,1287574,084,9817,1,,,0,1789864500,SCHEDULED
2026-09-20T00:25:40.945626+00:00,1287574,084,2755,2,0,1789864604,,,SCHEDULED
2026-09-20T00:25:40.945626+00:00,1287574,084,2756,3,0,1789864670,,,SCHEDULED
2026-09-20T00:25:40.945626+00:00,1287574,084,2757,4,0,1789864736,,,SCHEDULED
2026-09-20T00:25:40.945626+00:00,1287574,084,2954,5,0,1789864836,,,SCHEDULED
2026-09-20T00:25:40.945626+00:00,1287574,084,2955,6,0,1789864890,,,SCHEDULED
2026-09-20T00:25:40.945626+00:00,1287574,084,2956,7,0,1789864929,,,SCHEDULED
2026-09-20T00:25:40.945626+00:00,1287574,084,2957,8,0,1789864958,,,SCHEDULED
2026-09-20T00:25:40.945626+00:00,1287574,084,2958,9,0,1789864997,,,SCHEDULED
2026-09-20T00:25:40.945626+00:00,1287574,084,2959,10,0,1789865034,,,SCHEDULED
2026-09-20T00:25:40.945626+00:00,1287574,084,2960,11,0,1789865068,,,SCHEDULED
2026-09-20T00:25:40.945626+00:00,1287574,084,2961,12,0,1789865100,,,SCHEDULED
2026-09-20T00:25:40.945626+00:00,1287574,084,2962,13,0,1789865299,,,SCHEDULED
2026-09-20T00:25:40.945626+00:00,1287574,084,2963,14,0,1789865387,,,SCHEDULED
2026-09-20T00:25:40.945626+00:00,1287574,084,2964,15,0,1789865464,,,SCHEDULED
2026-09-20T00:25:40.945626+00:00,1287574,084,2965,16,0,1789865523,,,SCHEDULED
2026-09-20T00:25:40.945626+00:00,1287574,084,2966,17,0,1789865581,,,SCHEDULED
2026-09-20T00:25:40.945626+00:00,1287574,084,1155,18,0,1789865654,,,SCHEDULED
2026-09-20T00:25:40.945626+00:00,1287574,084,1156,19,0,1789865695,,,SCHEDULED
2026-09-20T00:25:40.945626+00:00,1287575,084,1674,20,0,1789863838,,,SCHEDULED
2026-09-20T00:25:40.945626+00:00,1287575,084,1675,21,0,1789863872,,,SCHEDULED
2026-09-20T00:25:40.945626+00:00,1287575,084,1677,22,0,1789863961,,,SCHEDULED
2026-09-20T00:25:40.945626+00:00,1287575,084,1127,23,0,1789863997,,,SCHEDULED
2026-09-20T00:25:40.945626+00:00,1287575,084,1128,24,0,1789864042,,,SCHEDULED
2026-09-20T00:25:40.945626+00:00,1287575,084,1129,25,0,1789864119,,,SCHEDULED
2026-09-20T00:25:40.945626+00:00,1287575,084,1130,26,0,1789864178,,,SCHEDULED
2026-09-20T00:25:40.945626+00:00,1287575,084,1131,27,0,1789864245,,,SCHEDULED
2026-09-20T00:25:40.945626+00:00,1287575,084,3089,28,0,1789864311,,,SCHEDULED
2026-09-20T00:25:40.945626+00:00,1287575,084,3090,29,0,1789864385,,,SCHEDULED
2026-09-20T00:25:40.945626+00:00,1287575,084,3091,30,0,1789864503,,,SCHEDULED
2026-09-20T00:25:40.945626+00:00,1287575,084,3092,31,0,1789864592,,,SCHEDULED
2026-09-20T00:25:40.945626+00:00,1287575,084,3093,32,0,1789864688,,,SCHEDULED
2026-09-20T00:25:40.945626+00:00,1287575,084,3094,33,0,1789864736,,,SCHEDULED
2026-09-20T00:25:40.945626+00:00,1287575,084,3095,34,0,1789864813,,,SCHEDULED
2026-09-20T00:25:40.945626+00:00,1287575,084,3096,35,0,1789864928,,,SCHEDULED
2026-09-20T00:25:40.945626+00:00,1287575,084,3097,36,0,1789865013,,,SCHEDULED
2026-09-20T00:25:40.945626+00:00,1287575,084,3098,37,0,1789865101,,,SCHEDULED
2026-09-20T00:25:40.945626+00:00,1287575,084,9800,38,0,1789865161,,,SCHEDULED
2026-09-20T00:25:40.945626+00:00,1287575,084,3099,39,0,1789865256,,,SCHEDULED
2026-09-20T00:25:40.945626+00:00,1287575,084,3100,40,0,1789865300,,,SCHEDULED
2026-09-20T00:25:40.945626+00:00,1287575,084,3101,41,0,1789865336,,,SCHEDULED
2026-09-20T00:25:40.945626+00:00,1287575,084,3102,42,0,1789865365,,,SCHEDULED
2026-09-20T00:25:40.945626+00:00,1287575,084,3103,43,0,1789865452,,,SCHEDULED
2026-09-20T00:25:40.945626+00:00,1287575,084,3104,44,0,1789865490,,,SCHEDULED
2026-09-20T00:25:40.945626+00:00,1287575,084,3106,45,0,1789865550,,,SCHEDULED
2026-09-20T00:25:40.945626+00:00,1287575,084,3107,46,0,1789865582,,,SCHEDULED
2026-09-20T00:25:40.945626+00:00,1287575,084,3108,47,0,1789865624,,,SCHEDULED
2026-09-20T00:25:40.945626+00:00,1287297,081,290,1,,,0,1789864980,SCHEDULED
2026-09-20T00:25:40.945626+00:00,1287297,081,1600,2,0,1789865063,,,SCHEDULED
2026-09-20T00:25:40.945626+00:00,1287297,081,1602,3,0,1789865149,,,SCHEDULED
2026-09-20T00:25:40.945626+00:00,1287297,081,1603,4,0,1789865192,,,SCHEDULED
2026-09-20T00:25:40.945626+00:00,1287297,081,1604,5,0,1789865257,,,SCHEDULED
2026-09-20T00:25:40.945626+00:00,1287297,081,1605,6,0,1789865332,,,SCHEDULED
2026-09-20T00:25:40.945626+00:00,1287297,081,1606,7,0,1789865418,,,SCHEDULED
2026-09-20T00:25:40.945626+00:00,1287297,081,1607,8,0,1789865580,,,SCHEDULED
2026-09-20T00:25:40.945626+00:00,1287297,081,1608,9,0,1789865662,,,SCHEDULED
2026-09-20T00:25:40.945626+00:00,1287298,081,1608,9,0,1789863988,,,SCHEDULED
2026-09-20T00:25:40.945626+00:00,1287298,081,1609,10,0,1789864046,,,SCHEDULED
2026-09-20T00:25:40.945626+00:00,1287298,081,1610,11,0,1789864131,,,SCHEDULED
2026-09-20T00:25:40.945626+00:00,1287298,081,1611,12,0,1789864354,,,SCHEDULED
2026-09-20T00:25:40.945626+00:00,1287298,081,1612,13,0,1789864446,,,SCHEDULED
2026-09-20T00:25:40.945626+00:00,1287298,081,1613,14,0,1789864554,,,SCHEDULED
2026-09-20T00:25:40.945626+00:00,1287298,081,2311,15,0,1789864606,,,SCHEDULED
2026-09-20T00:25:40.945626+00:00,1287298,081,2312,16,0,1789864815,,,SCHEDULED
2026-09-20T00:25:40.945626+00:00,1287298,081,2313,17,0,1789864878,,,SCHEDULED
2026-09-20T00:25:40.945626+00:00,1287298,081,2314,18,0,1789864968,,,SCHEDULED
2026-09-20T00:25:40.945626+00:00,1287298,081,2315,19,0,1789865069,,,SCHEDULED
2026-09-20T00:25:40.945626+00:00,1287298,081,5203,20,0,1789865226,,,SCHEDULED
2026-09-20T00:25:40.945626+00:00,1287298,081,2317,21,0,1789865317,,,SCHEDULED
2026-09-20T00:25:40.945626+00:00,1287298,081,2318,22,0,1789865386,,,SCHEDULED
2026-09-20T00:25:40.945626+00:00,1287298,081,2319,23,0,1789865437,,,SCHEDULED
2026-09-20T00:25:40.945626+00:00,1287298,081,2320,24,0,1789865466,,,SCHEDULED
2026-09-20T00:25:40.945626+00:00,1287298,081,2321,25,0,1789865531,,,SCHEDULED
2026-09-20T00:25:40.945626+00:00,1287298,081,2322,26,0,1789865586,,,SCHEDULED
2026-09-20T00:25:40.945626+00:00,1287298,081,2323,27,0,1789865628,,,SCHEDULED
2026-09-20T00:25:40.945626+00:00,1287298,081,2324,28,0,1789865677,,,SCHEDULED
2026-09-20T00:25:40.945626+00:00,1287298,081,2325,29,0,1789865717,,,SCHEDULED
2026-09-20T00:25:40.945626+00:00,1288305,142,525,1,,,0,1789864500,SCHEDULED
2026-09-20T00:25:40.945626+00:00,1288305,142,526,2,0,1789864526,,,SCHEDULED
2026-09-20T00:25:40.945626+00:00,1288305,142,527,3,0,1789864533,,,SCHEDULED
2026-09-20T00:25:40.945626+00:00,1288305,142,528,4,0,1789864539,,,SCHEDULED
2026-09-20T00:25:40.945626+00:00,1288305,142,5252,5,0,1789864566,,,SCHEDULED
2026-09-20T00:25:40.945626+00:00,1288305,142,531,6,0,1789864572,,,SCHEDULED
2026-09-20T00:25:40.945626+00:00,1284189,001,1801,1,,,0,1789864560,SCHEDULED
2026-09-20T00:25:40.945626+00:00,1284189,001,3073,2,0,1789864595,,,SCHEDULED
2026-09-20T00:25:40.945626+00:00,1284189,001,630,3,0,1789864700,,,SCHEDULED
2026-09-20T00:25:40.945626+00:00,1284189,001,631,4,0,1789864739,,,SCHEDULED
2026-09-20T00:25:40.945626+00:00,1284189,001,632,5,0,1789864762,,,SCHEDULED
2026-09-20T00:25:40.945626+00:00,1284189,001,634,6,0,1789864819,,,SCHEDULED
2026-09-20T00:25:40.945626+00:00,1284189,001,635,7,0,1789864876,,,SCHEDULED
2026-09-20T00:25:40.945626+00:00,1284189,001,636,8,0,1789864940,,,SCHEDULED
2026-09-20T00:25:40.945626+00:00,1284189,001,637,9,0,1789864968,,,SCHEDULED
2026-09-20T00:25:40.945626+00:00,1284189,001,638,10,0,1789865004,,,SCHEDULED
2026-09-20T00:25:40.945626+00:00,1284189,001,639,11,0,1789865040,,,SCHEDULED
2026-09-20T00:25:40.945626+00:00,1284189,001,640,12,0,1789865087,,,SCHEDULED
2026-09-20T00:25:40.945626+00:00,1284189,001,641,13,0,1789865125,,,SCHEDULED
2026-09-20T00:25:40.945626+00:00,1284189,001,642,14,0,1789865203,,,SCHEDULED
2026-09-20T00:25:40.945626+00:00,1284189,001,643,15,0,1789865243,,,SCHEDULED
2026-09-20T00:25:40.945626+00:00,1284189,001,644,16,0,1789865281,,,SCHEDULED
2026-09-20T00:25:40.945626+00:00,1284189,001,645,17,0,1789865324,,,SCHEDULED
2026-09-20T00:25:40.945626+00:00,1284189,001,646,18,0,1789865352,,,SCHEDULED
2026-09-20T00:25:40.945626+00:00,1284189,001,647,19,0,1789865409,,,SCHEDULED
2026-09-20T00:25:40.945626+00:00,1284189,001,648,20,0,1789865468,,,SCHEDULED
2026-09-20T00:25:40.945626+00:00,1284189,001,649,21,0,1789865513,,,SCHEDULED
2026-09-20T00:25:40.945626+00:00,1284189,001,5351,22,0,1789865530,,,SCHEDULED
2026-09-20T00:25:40.945626+00:00,1284189,001,1308,23,0,1789865580,,,SCHEDULED
2026-09-20T00:25:40.945626+00:00,1284189,001,1309,24,0,1789865624,,,SCHEDULED
2026-09-20T00:25:40.945626+00:00,1284189,001,1310,25,0,1789865685,,,SCHEDULED
2026-09-20T00:25:40.945626+00:00,1287576,084,3103,43,0,1789863965,,,SCHEDULED
2026-09-20T00:25:40.945626+00:00,1287576,084,3104,44,0,1789864003,,,SCHEDULED
2026-09-20T00:25:40.945626+00:00,1287576,084,3106,45,0,1789864063,,,SCHEDULED
2026-09-20T00:25:40.945626+00:00,1287576,084,3107,46,0,1789864095,,,SCHEDULED
2026-09-20T00:25:40.945626+00:00,1287576,084,3108,47,0,1789864137,,,SCHEDULED
2026-09-20T00:25:40.945626+00:00,1287576,084,3109,48,0,1789864184,,,SCHEDULED
2026-09-20T00:25:40.945626+00:00,1287576,084,3110,49,0,1789864232,,,SCHEDULED
2026-09-20T00:25:40.945626+00:00,1287576,084,3769,50,0,1789864274,,,SCHEDULED
2026-09-20T00:25:40.945626+00:00,1287576,084,3770,51,0,1789864315,,,SCHEDULED
2026-09-20T00:25:40.945626+00:00,1287576,084,3771,52,0,1789864343,,,SCHEDULED
2026-09-20T00:25:40.945626+00:00,1287576,084,3772,53,0,1789864380,,,SCHEDULED
2026-09-20T00:25:40.945626+00:00,1287576,084,3773,54,0,1789864423,,,SCHEDULED
2026-09-20T00:25:40.945626+00:00,1287576,084,3774,55,0,1789864462,,,SCHEDULED
2026-09-20T00:25:40.945626+00:00,1287576,084,3775,56,0,1789864488,,,SCHEDULED
2026-09-20T00:25:40.945626+00:00,1287576,084,3776,57,0,1789864521,,,SCHEDULED
2026-09-20T00:25:40.945626+00:00,1287576,084,3777,58,0,1789864625,,,SCHEDULED
2026-09-20T00:25:40.945626+00:00,1287576,084,3778,59,0,1789864677,,,SCHEDULED
2026-09-20T00:25:40.945626+00:00,1287576,084,3780,60,0,1789864747,,,SCHEDULED
2026-09-20T00:25:40.945626+00:00,1287576,084,1688,61,0,1789864781,,,SCHEDULED
2026-09-20T00:25:40.945626+00:00,1287576,084,1687,62,0,1789864859,,,SCHEDULED
2026-09-20T00:25:40.945626+00:00,1287576,084,265,63,0,1789864946,,,SCHEDULED
2026-09-20T00:25:40.945626+00:00,1287576,084,4731,64,0,1789865050,,,SCHEDULED
2026-09-20T00:25:40.945626+00:00,1287576,084,1303,65,0,1789865083,,,SCHEDULED
2026-09-20T00:25:40.945626+00:00,1287576,084,1291,66,0,1789865161,,,SCHEDULED
2026-09-20T00:25:40.945626+00:00,1287576,084,3696,67,0,1789865248,,,SCHEDULED
2026-09-20T00:25:40.945626+00:00,1284864,015,9807,1,,,0,1789864620,SCHEDULED
2026-09-20T00:25:40.945626+00:00,1284864,015,545,2,0,1789864696,,,SCHEDULED
2026-09-20T00:25:40.945626+00:00,1284864,015,547,3,0,1789864769,,,SCHEDULED
2026-09-20T00:25:40.945626+00:00,1284864,015,548,4,0,1789864798,,,SCHEDULED
2026-09-20T00:25:40.945626+00:00,1284864,015,549,5,0,1789864833,,,SCHEDULED
2026-09-20T00:25:40.945626+00:00,1284864,015,960,6,0,1789864868,,,SCHEDULED
2026-09-20T00:25:40.945626+00:00,1284864,015,961,7,0,1789864890,,,SCHEDULED
2026-09-20T00:25:40.945626+00:00,1284864,015,962,8,0,1789864922,,,SCHEDULED
2026-09-20T00:25:40.945626+00:00,1284864,015,963,9,0,1789864982,,,SCHEDULED
2026-09-20T00:25:40.945626+00:00,1284864,015,964,10,0,1789865023,,,SCHEDULED
2026-09-20T00:25:40.945626+00:00,1284864,015,965,11,0,1789865062,,,SCHEDULED
2026-09-20T00:25:40.945626+00:00,1284864,015,966,12,0,1789865144,,,SCHEDULED
2026-09-20T00:25:40.945626+00:00,1284864,015,967,13,0,1789865182,,,SCHEDULED
2026-09-20T00:25:40.945626+00:00,1284864,015,968,14,0,1789865217,,,SCHEDULED
2026-09-20T00:25:40.945626+00:00,1284864,015,969,15,0,1789865259,,,SCHEDULED
2026-09-20T00:25:40.945626+00:00,1284864,015,836,16,0,1789865297,,,SCHEDULED
2026-09-20T00:25:40.945626+00:00,1284864,015,838,17,0,1789865351,,,SCHEDULED
2026-09-20T00:25:40.945626+00:00,1284864,015,839,18,0,1789865405,,,SCHEDULED
2026-09-20T00:25:40.945626+00:00,1284864,015,840,19,0,1789865475,,,SCHEDULED
2026-09-20T00:25:40.945626+00:00,1284864,015,841,20,0,1789865520,,,SCHEDULED
2026-09-20T00:25:40.945626+00:00,1284864,015,842,21,0,1789865537,,,SCHEDULED
2026-09-20T00:25:40.945626+00:00,1284864,015,843,22,0,1789865555,,,SCHEDULED
2026-09-20T00:25:40.945626+00:00,1284864,015,845,23,0,1789865592,,,SCHEDULED
2026-09-20T00:25:40.945626+00:00,1284864,015,846,24,0,1789865602,,,SCHEDULED
2026-09-20T00:25:40.945626+00:00,1284864,015,847,25,0,1789865622,,,SCHEDULED
2026-09-20T00:25:40.945626+00:00,1284864,015,848,26,0,1789865638,,,SCHEDULED
2026-09-20T00:25:40.945626+00:00,1286768,068,885,1,,,,,NO_DATA
2026-09-20T00:25:40.945626+00:00,1286768,068,286,2,,,,,NO_DATA
2026-09-20T00:25:40.945626+00:00,1286768,068,4439,3,,,,,NO_DATA
2026-09-20T00:25:40.945626+00:00,1286768,068,4440,4,,,,,NO_DATA
2026-09-20T00:25:40.945626+00:00,1286768,068,4441,5,,,,,NO_DATA
2026-09-20T00:25:40.945626+00:00,1286768,068,4015,6,,,,,NO_DATA
2026-09-20T00:25:40.945626+00:00,1286768,068,4016,7,,,,,NO_DATA
2026-09-20T00:25:40.945626+00:00,1286768,068,4017,8,,,,,NO_DATA
2026-09-20T00:25:40.945626+00:00,1286768,068,3914,9,,,,,NO_DATA
2026-09-20T00:25:40.945626+00:00,1286768,068,3836,10,,,,,NO_DATA
2026-09-20T00:25:40.945626+00:00,1286768,068,2375,11,,,,,NO_DATA
2026-09-20T00:25:40.945626+00:00,1286768,068,2376,12,,,,,NO_DATA
2026-09-20T00:25:40.945626+00:00,1286768,068,2377,13,,,,,NO_DATA
2026-09-20T00:25:40.945626+00:00,1286768,068,2378,14,,,,,NO_DATA
2026-09-20T00:25:40.945626+00:00,1286768,068,2379,15,,,,,NO_DATA
2026-09-20T00:25:40.945626+00:00,1286768,068,2381,16,,,,,NO_DATA
2026-09-20T00:25:40.945626+00:00,1286768,068,2382,17,,,,,NO_DATA
2026-09-20T00:25:40.945626+00:00,1286768,068,2383,18,,,,,NO_DATA
2026-09-20T00:25:40.945626+00:00,1286768,068,2385,19,,,,,NO_DATA
2026-09-20T00:25:40.945626+00:00,1286768,068,2014,20,,,,,NO_DATA
2026-09-20T00:25:40.945626+00:00,1286768,068,2015,21,,,,,NO_DATA
2026-09-20T00:25:40.945626+00:00,1286768,068,2016,22,,,,,NO_DATA
2026-09-20T00:25:40.945626+00:00,1286768,068,2166,23,,,,,NO_DATA
2026-09-20T00:25:40.945626+00:00,1286768,068,1884,24,,,,,NO_DATA
2026-09-20T00:25:40.945626+00:00,1286768,068,1885,25,,,,,NO_DATA
2026-09-20T00:25:40.945626+00:00,1286768,068,1686,26,,,,,NO_DATA
2026-09-20T00:25:40.945626+00:00,1286769,068,2383,18,0,1789863990,,,SCHEDULED
2026-09-20T00:25:40.945626+00:00,1286769,068,2385,19,0,1789864041,,,SCHEDULED
2026-09-20T00:25:40.945626+00:00,1286769,068,2014,20,0,1789864156,,,SCHEDULED
2026-09-20T00:25:40.945626+00:00,1286769,068,2015,21,0,1789864236,,,SCHEDULED
2026-09-20T00:25:40.945626+00:00,1286769,068,2016,22,0,1789864281,,,SCHEDULED
2026-09-20T00:25:40.945626+00:00,1286769,068,2166,23,0,1789864327,,,SCHEDULED
2026-09-20T00:25:40.945626+00:00,1286769,068,1884,24,0,1789864399,,,SCHEDULED
2026-09-20T00:25:40.945626+00:00,1286769,068,1885,25,0,1789864468,,,SCHEDULED
2026-09-20T00:25:40.945626+00:00,1286769,068,1686,26,0,1789864581,,,SCHEDULED
2026-09-20T00:25:40.945626+00:00,1286769,068,2691,27,0,1789864705,,,SCHEDULED
2026-09-20T00:25:40.945626+00:00,1286769,068,2692,28,0,1789864748,,,SCHEDULED
2026-09-20T00:25:40.945626+00:00,1286769,068,2693,29,0,1789864795,,,SCHEDULED
2026-09-20T00:25:40.945626+00:00,1286769,068,2694,30,0,1789864849,,,SCHEDULED
2026-09-20T00:25:40.945626+00:00,1286769,068,2695,31,0,1789864890,,,SCHEDULED
2026-09-20T00:25:40.945626+00:00,1286769,068,2696,32,0,1789864931,,,SCHEDULED
2026-09-20T00:25:40.945626+00:00,1286769,068,2699,33,0,1789864951,,,SCHEDULED
2026-09-20T00:25:40.945626+00:00,1286769,068,2700,34,0,1789865013,,,SCHEDULED
2026-09-20T00:25:40.945626+00:00,1286769,068,2703,35,0,1789865059,,,SCHEDULED
2026-09-20T00:25:40.945626+00:00,1286769,068,2704,36,0,1789865119,,,SCHEDULED
2026-09-20T00:25:40.945626+00:00,1286769,068,2706,37,0,1789865213,,,SCHEDULED
2026-09-20T00:25:40.945626+00:00,1286769,068,2707,38,0,1789865261,,,SCHEDULED
2026-09-20T00:25:40.945626+00:00,1286769,068,2708,39,0,1789865311,,,SCHEDULED
2026-09-20T00:25:40.945626+00:00,1286769,068,2709,40,0,1789865359,,,SCHEDULED
2026-09-20T00:25:40.945626+00:00,1286769,068,2710,41,0,1789865379,,,SCHEDULED
2026-09-20T00:25:40.945626+00:00,1286769,068,2711,42,0,1789865412,,,SCHEDULED
2026-09-20T00:25:40.945626+00:00,1286769,068,2712,43,0,1789865462,,,SCHEDULED
2026-09-20T00:25:40.945626+00:00,1286769,068,2713,44,0,1789865489,,,SCHEDULED
2026-09-20T00:25:40.945626+00:00,1286769,068,2715,45,0,1789865530,,,SCHEDULED
2026-09-20T00:25:40.945626+00:00,1286769,068,2610,46,0,1789865599,,,SCHEDULED
2026-09-20T00:25:40.945626+00:00,1286769,068,2611,47,0,1789865654,,,SCHEDULED
2026-09-20T00:25:40.945626+00:00,1286769,068,2612,48,0,1789865718,,,SCHEDULED
2026-09-20T00:25:40.945626+00:00,1285834,038,307,1,,,0,1789865220,SCHEDULED
2026-09-20T00:25:40.945626+00:00,1285834,038,1600,2,0,1789865361,,,SCHEDULED
2026-09-20T00:25:40.945626+00:00,1285834,038,3650,3,0,1789865463,,,SCHEDULED
2026-09-20T00:25:40.945626+00:00,1285834,038,3651,4,0,1789865532,,,SCHEDULED
2026-09-20T00:25:40.945626+00:00,1285834,038,3652,5,0,1789865580,,,SCHEDULED
2026-09-20T00:25:40.945626+00:00,1285834,038,3653,6,0,1789865616,,,SCHEDULED
2026-09-20T00:25:40.945626+00:00,1285834,038,3654,7,0,1789865652,,,SCHEDULED
2026-09-20T00:25:40.945626+00:00,1285834,038,3655,8,0,1789865700,,,SCHEDULED
2026-09-20T00:25:40.945626+00:00,1284865,015,3098,27,0,1789864158,,,SCHEDULED
2026-09-20T00:25:40.945626+00:00,1286649,067,1099,1,,,0,1789864320,SCHEDULED
2026-09-20T00:25:40.945626+00:00,1286649,067,2645,2,0,1789864396,,,SCHEDULED
2026-09-20T00:25:40.945626+00:00,1286649,067,2643,3,0,1789864408,,,SCHEDULED
2026-09-20T00:25:40.945626+00:00,1286649,067,2644,4,0,1789864446,,,SCHEDULED
2026-09-20T00:25:40.945626+00:00,1286649,067,2646,5,0,1789864506,,,SCHEDULED
2026-09-20T00:25:40.945626+00:00,1286649,067,2647,6,0,1789864525,,,SCHEDULED
2026-09-20T00:25:40.945626+00:00,1286649,067,2648,7,0,1789864990,,,SCHEDULED
2026-09-20T00:25:40.945626+00:00,1286649,067,5344,8,0,1789865009,,,SCHEDULED
2026-09-20T00:25:40.945626+00:00,1286649,067,2649,9,0,1789865026,,,SCHEDULED
2026-09-20T00:25:40.945626+00:00,1286649,067,2650,10,0,1789865045,,,SCHEDULED
2026-09-20T00:25:40.945626+00:00,1286649,067,2651,11,0,1789865064,,,SCHEDULED
2026-09-20T00:25:40.945626+00:00,1286649,067,2653,12,0,1789865100,,,SCHEDULED
2026-09-20T00:25:40.945626+00:00,1286649,067,2654,13,0,1789865196,,,SCHEDULED
2026-09-20T00:25:40.945626+00:00,1286649,067,9811,14,0,1789865280,,,SCHEDULED
2026-09-20T00:25:40.945626+00:00,1286649,067,880,15,0,1789865338,,,SCHEDULED
2026-09-20T00:25:40.945626+00:00,1286649,067,2656,16,0,1789865393,,,SCHEDULED
2026-09-20T00:25:40.945626+00:00,1286649,067,2655,17,0,1789865419,,,SCHEDULED
2026-09-20T00:25:40.945626+00:00,1286649,067,1915,18,0,1789865460,,,SCHEDULED
2026-09-20T00:25:40.945626+00:00,1286649,067,2569,19,0,1789865516,,,SCHEDULED
2026-09-20T00:25:40.945626+00:00,1286649,067,2570,20,0,1789865570,,,SCHEDULED
2026-09-20T00:25:40.945626+00:00,1286649,067,2571,21,0,1789865596,,,SCHEDULED
2026-09-20T00:25:40.945626+00:00,1286649,067,2572,22,0,1789865660,,,SCHEDULED
2026-09-20T00:25:40.945626+00:00,1286649,067,2573,23,0,1789865690,,,SCHEDULED
2026-09-20T00:25:40.945626+00:00,1286085,051,234,18,0,1789863913,,,SCHEDULED
2026-09-20T00:25:40.945626+00:00,1286085,051,235,19,0,1789863950,,,SCHEDULED
2026-09-20T00:25:40.945626+00:00,1286085,051,236,20,0,1789863959,,,SCHEDULED
2026-09-20T00:25:40.945626+00:00,1286085,051,1927,21,0,1789864046,,,SCHEDULED
2026-09-20T00:25:40.945626+00:00,1286085,051,1930,22,0,1789864131,,,SCHEDULED
2026-09-20T00:25:40.945626+00:00,1286085,051,1931,23,0,1789864172,,,SCHEDULED
2026-09-20T00:25:40.945626+00:00,1286085,051,1949,24,0,1789864216,,,SCHEDULED
2026-09-20T00:25:40.945626+00:00,1286085,051,1932,25,0,1789864242,,,SCHEDULED
2026-09-20T00:25:40.945626+00:00,1286085,051,1936,26,0,1789864302,,,SCHEDULED
2026-09-20T00:25:40.945626+00:00,1286085,051,1937,27,0,1789864335,,,SCHEDULED
2026-09-20T00:25:40.945626+00:00,1286085,051,1938,28,0,1789864369,,,SCHEDULED
2026-09-20T00:25:40.945626+00:00,1286085,051,1939,29,0,1789864425,,,SCHEDULED
2026-09-20T00:25:40.945626+00:00,1286085,051,1839,30,0,1789864466,,,SCHEDULED
2026-09-20T00:25:40.945626+00:00,1286085,051,1841,31,0,1789864507,,,SCHEDULED
2026-09-20T00:25:40.945626+00:00,1286085,051,1842,32,0,1789864538,,,SCHEDULED
2026-09-20T00:25:40.945626+00:00,1286085,051,1843,33,0,1789864568,,,SCHEDULED
2026-09-20T00:25:40.945626+00:00,1286085,051,1844,34,0,1789864593,,,SCHEDULED
2026-09-20T00:25:40.945626+00:00,1286085,051,1845,35,0,1789864618,,,SCHEDULED
2026-09-20T00:25:40.945626+00:00,1286085,051,1846,36,0,1789864651,,,SCHEDULED
2026-09-20T00:25:40.945626+00:00,1286085,051,1847,37,0,1789864670,,,SCHEDULED
2026-09-20T00:25:40.945626+00:00,1286085,051,1848,38,0,1789864706,,,SCHEDULED
2026-09-20T00:25:40.945626+00:00,1286085,051,1849,39,0,1789864745,,,SCHEDULED
2026-09-20T00:25:40.945626+00:00,1286085,051,1850,40,0,1789864778,,,SCHEDULED
2026-09-20T00:25:40.945626+00:00,1286085,051,1851,41,0,1789864826,,,SCHEDULED
2026-09-20T00:25:40.945626+00:00,1286085,051,1852,42,0,1789864860,,,SCHEDULED
2026-09-20T00:25:40.945626+00:00,1286085,051,1853,43,0,1789864889,,,SCHEDULED
2026-09-20T00:25:40.945626+00:00,1286085,051,1854,44,0,1789864916,,,SCHEDULED
2026-09-20T00:25:40.945626+00:00,1286085,051,1855,45,0,1789864965,,,SCHEDULED
2026-09-20T00:25:40.945626+00:00,1286085,051,1856,46,0,1789865017,,,SCHEDULED
2026-09-20T00:25:40.945626+00:00,1286085,051,1857,47,0,1789865044,,,SCHEDULED
2026-09-20T00:25:40.945626+00:00,1286085,051,1858,48,0,1789865076,,,SCHEDULED
2026-09-20T00:25:40.945626+00:00,1286085,051,1859,49,0,1789865164,,,SCHEDULED
2026-09-20T00:25:40.945626+00:00,1286085,051,1860,50,0,1789865223,,,SCHEDULED
2026-09-20T00:25:40.945626+00:00,1286085,051,1861,51,0,1789865248,,,SCHEDULED
2026-09-20T00:25:40.945626+00:00,1286085,051,2020,52,0,1789865294,,,SCHEDULED
2026-09-20T00:25:40.945626+00:00,1286085,051,2021,53,0,1789865365,,,SCHEDULED
2026-09-20T00:25:40.945626+00:00,1286085,051,3130,54,0,1789865412,,,SCHEDULED
2026-09-20T00:25:40.945626+00:00,1286086,051,1852,42,0,1789863924,,,SCHEDULED
2026-09-20T00:25:40.945626+00:00,1286086,051,1853,43,0,1789863953,,,SCHEDULED
2026-09-20T00:25:40.945626+00:00,1286086,051,1854,44,0,1789863980,,,SCHEDULED
2026-09-20T00:25:40.945626+00:00,1286086,051,1855,45,0,1789864029,,,SCHEDULED
2026-09-20T00:25:40.945626+00:00,1286086,051,1856,46,0,1789864081,,,SCHEDULED
2026-09-20T00:25:40.945626+00:00,1286086,051,1857,47,0,1789864108,,,SCHEDULED
2026-09-20T00:25:40.945626+00:00,1286086,051,1858,48,0,1789864140,,,SCHEDULED
2026-09-20T00:25:40.945626+00:00,1286086,051,1859,49,0,1789864228,,,SCHEDULED
2026-09-20T00:25:40.945626+00:00,1286086,051,1860,50,0,1789864287,,,SCHEDULED
2026-09-20T00:25:40.945626+00:00,1286086,051,1861,51,0,1789864312,,,SCHEDULED
2026-09-20T00:25:40.945626+00:00,1286086,051,2020,52,0,1789864358,,,SCHEDULED
2026-09-20T00:25:40.945626+00:00,1286086,051,2021,53,0,1789864429,,,SCHEDULED
2026-09-20T00:25:40.945626+00:00,1286086,051,3130,54,0,1789864476,,,SCHEDULED
2026-09-20T00:25:40.945626+00:00,1286650,067,2654,13,0,1789863935,,,SCHEDULED
2026-09-20T00:25:40.945626+00:00,1286650,067,9811,14,0,1789864019,,,SCHEDULED
2026-09-20T00:25:40.945626+00:00,1286650,067,880,15,0,1789864077,,,SCHEDULED
2026-09-20T00:25:40.945626+00:00,1286650,067,2656,16,0,1789864132,,,SCHEDULED
2026-09-20T00:25:40.945626+00:00,1286650,067,2655,17,0,1789864158,,,SCHEDULED
2026-09-20T00:25:40.945626+00:00,1286650,067,1915,18,0,1789864199,,,SCHEDULED
2026-09-20T00:25:40.945626+00:00,1286650,067,2569,19,0,1789864255,,,SCHEDULED
2026-09-20T00:25:40.945626+00:00,1286650,067,2570,20,0,1789864309,,,SCHEDULED
2026-09-20T00:25:40.945626+00:00,1286650,067,2571,21,0,1789864335,,,SCHEDULED
2026-09-20T00:25:40.945626+00:00,1286650,067,2572,22,0,1789864399,,,SCHEDULED
2026-09-20T00:25:40.945626+00:00,1286650,067,2573,23,0,1789864429,,,SCHEDULED
2026-09-20T00:25:40.945626+00:00,1286650,067,2574,24,0,1789864455,,,SCHEDULED
2026-09-20T00:25:40.945626+00:00,1286650,067,2575,25,0,1789864479,,,SCHEDULED
2026-09-20T00:25:40.945626+00:00,1286650,067,2576,26,0,1789864499,,,SCHEDULED
2026-09-20T00:25:40.945626+00:00,1286650,067,2577,27,0,1789864519,,,SCHEDULED
2026-09-20T00:25:40.945626+00:00,1286650,067,2578,28,0,1789864559,,,SCHEDULED
2026-09-20T00:25:40.945626+00:00,1286650,067,2580,29,0,1789864710,,,SCHEDULED
2026-09-20T00:25:40.945626+00:00,1286650,067,2581,30,0,1789864754,,,SCHEDULED
2026-09-20T00:25:40.945626+00:00,1286650,067,2582,31,0,1789864795,,,SCHEDULED
2026-09-20T00:25:40.945626+00:00,1286650,067,2583,32,0,1789864827,,,SCHEDULED
2026-09-20T00:25:40.945626+00:00,1286650,067,2584,33,0,1789864862,,,SCHEDULED
2026-09-20T00:25:40.945626+00:00,1286650,067,2585,34,0,1789864922,,,SCHEDULED
2026-09-20T00:25:40.945626+00:00,1286650,067,2586,35,0,1789864966,,,SCHEDULED
2026-09-20T00:25:40.945626+00:00,1286650,067,2587,36,0,1789865039,,,SCHEDULED
2026-09-20T00:25:40.945626+00:00,1286650,067,2588,37,0,1789865075,,,SCHEDULED
2026-09-20T00:25:40.945626+00:00,1286650,067,2589,38,0,1789865175,,,SCHEDULED
2026-09-20T00:25:40.945626+00:00,1286650,067,2590,39,0,1789865212,,,SCHEDULED
2026-09-20T00:25:40.945626+00:00,1286650,067,2591,40,0,1789865257,,,SCHEDULED
2026-09-20T00:25:40.945626+00:00,1286650,067,2592,41,0,1789865304,,,SCHEDULED
2026-09-20T00:25:40.945626+00:00,1286650,067,2593,42,0,1789865360,,,SCHEDULED
2026-09-20T00:25:40.945626+00:00,1286650,067,2594,43,0,1789865410,,,SCHEDULED
2026-09-20T00:25:40.945626+00:00,1286650,067,2595,44,0,1789865447,,,SCHEDULED
2026-09-20T00:25:40.945626+00:00,1286650,067,2596,45,0,1789865473,,,SCHEDULED
2026-09-20T00:25:40.945626+00:00,1286650,067,2031,46,0,1789865526,,,SCHEDULED
2026-09-20T00:25:40.945626+00:00,1286650,067,2032,47,0,1789865565,,,SCHEDULED
2026-09-20T00:25:40.945626+00:00,1286650,067,2173,48,0,1789865620,,,SCHEDULED
2026-09-20T00:25:40.945626+00:00,1286651,067,3831,50,0,1789864065,,,SCHEDULED
2026-09-20T00:25:40.945626+00:00,1286651,067,3833,51,0,1789864176,,,SCHEDULED
2026-09-20T00:25:40.945626+00:00,1286651,067,3834,52,0,1789864260,,,SCHEDULED
2026-09-20T00:25:40.945626+00:00,1286651,067,3939,53,0,1789864425,,,SCHEDULED
2026-09-20T00:25:40.945626+00:00,1286651,067,5107,54,0,1789864461,,,SCHEDULED
2026-09-20T00:25:40.945626+00:00,1286651,067,4020,55,0,1789864500,,,SCHEDULED
2026-09-20T00:25:40.945626+00:00,1286651,067,4021,56,0,1789864541,,,SCHEDULED
2026-09-20T00:25:40.945626+00:00,1286651,067,4022,57,0,1789864588,,,SCHEDULED
2026-09-20T00:25:40.945626+00:00,1286651,067,242,58,0,1789864663,,,SCHEDULED
2026-09-20T00:25:40.945626+00:00,1286651,067,243,59,0,1789864705,,,SCHEDULED
2026-09-20T00:25:40.945626+00:00,1286651,067,244,60,0,1789864741,,,SCHEDULED
2026-09-20T00:25:40.945626+00:00,1286651,067,1038,61,0,1789864804,,,SCHEDULED
2026-09-20T00:25:40.945626+00:00,1286651,067,4019,62,0,1789864845,,,SCHEDULED
2026-09-20T00:25:40.945626+00:00,1286373,061,1862,4,0,1789863935,,,SCHEDULED
2026-09-20T00:25:40.945626+00:00,1286373,061,1863,5,0,1789864013,,,SCHEDULED
2026-09-20T00:25:40.945626+00:00,1286373,061,1864,6,0,1789864124,,,SCHEDULED
2026-09-20T00:25:40.945626+00:00,1286373,061,1865,7,0,1789864160,,,SCHEDULED
2026-09-20T00:25:40.945626+00:00,1286373,061,1866,8,0,1789864187,,,SCHEDULED
2026-09-20T00:25:40.945626+00:00,1286373,061,1867,9,0,1789864232,,,SCHEDULED
2026-09-20T00:25:40.945626+00:00,1286373,061,1868,10,0,1789864274,,,SCHEDULED
2026-09-20T00:25:40.945626+00:00,1286373,061,1870,11,0,1789864321,,,SCHEDULED
2026-09-20T00:25:40.945626+00:00,1286373,061,1871,12,0,1789864354,,,SCHEDULED
2026-09-20T00:25:40.945626+00:00,1286373,061,1872,13,0,1789864368,,,SCHEDULED
2026-09-20T00:25:40.945626+00:00,1286373,061,1873,14,0,1789864410,,,SCHEDULED
2026-09-20T00:25:40.945626+00:00,1286373,061,1874,15,0,1789864466,,,SCHEDULED
2026-09-20T00:25:40.945626+00:00,1286373,061,1875,16,0,1789864508,,,SCHEDULED
2026-09-20T00:25:40.945626+00:00,1286373,061,1876,17,0,1789864543,,,SCHEDULED
2026-09-20T00:25:40.945626+00:00,1286373,061,1877,18,0,1789864585,,,SCHEDULED
2026-09-20T00:25:40.945626+00:00,1286373,061,1878,19,0,1789864653,,,SCHEDULED
2026-09-20T00:25:40.945626+00:00,1286373,061,1879,20,0,1789864688,,,SCHEDULED
2026-09-20T00:25:40.945626+00:00,1286373,061,2201,21,0,1789864754,,,SCHEDULED
2026-09-20T00:25:40.945626+00:00,1286373,061,2202,22,0,1789864789,,,SCHEDULED
2026-09-20T00:25:40.945626+00:00,1286373,061,2203,23,0,1789864822,,,SCHEDULED
2026-09-20T00:25:40.945626+00:00,1286373,061,2204,24,0,1789864857,,,SCHEDULED
2026-09-20T00:25:40.945626+00:00,1286373,061,2205,25,0,1789864896,,,SCHEDULED
2026-09-20T00:25:40.945626+00:00,1286373,061,2206,26,0,1789864925,,,SCHEDULED
2026-09-20T00:25:40.945626+00:00,1286373,061,2200,27,0,1789864958,,,SCHEDULED
2026-09-20T00:25:40.945626+00:00,1286373,061,2207,28,0,1789865010,,,SCHEDULED
2026-09-20T00:25:40.945626+00:00,1286373,061,2208,29,0,1789865032,,,SCHEDULED
2026-09-20T00:25:40.945626+00:00,1286373,061,2209,30,0,1789865068,,,SCHEDULED
2026-09-20T00:25:40.945626+00:00,1286373,061,2210,31,0,1789865097,,,SCHEDULED
2026-09-20T00:25:40.945626+00:00,1286373,061,2211,32,0,1789865136,,,SCHEDULED
2026-09-20T00:25:40.945626+00:00,1286373,061,2212,33,0,1789865159,,,SCHEDULED
2026-09-20T00:25:40.945626+00:00,1286373,061,2213,34,0,1789865188,,,SCHEDULED
2026-09-20T00:25:40.945626+00:00,1286373,061,2214,35,0,1789865234,,,SCHEDULED
2026-09-20T00:25:40.945626+00:00,1286373,061,2215,36,0,1789865308,,,SCHEDULED
2026-09-20T00:25:40.945626+00:00,1286373,061,2216,37,0,1789865368,,,SCHEDULED
2026-09-20T00:25:40.945626+00:00,1286373,061,2217,38,0,1789865428,,,SCHEDULED
2026-09-20T00:25:40.945626+00:00,1286373,061,2218,39,0,1789865481,,,SCHEDULED
2026-09-20T00:25:40.945626+00:00,1286373,061,2220,40,0,1789865541,,,SCHEDULED
2026-09-20T00:25:40.945626+00:00,1286373,061,2221,41,0,1789865661,,,SCHEDULED
2026-09-20T00:25:40.945626+00:00,1286373,061,2222,42,0,1789865692,,,SCHEDULED
2026-09-20T00:25:40.945626+00:00,1286770,068,2637,62,0,1789863933,,,SCHEDULED
2026-09-20T00:25:40.945626+00:00,1286770,068,2638,63,0,1789863963,,,SCHEDULED
2026-09-20T00:25:40.945626+00:00,1286770,068,2639,64,0,1789864013,,,SCHEDULED
2026-09-20T00:25:40.945626+00:00,1286770,068,1086,65,0,1789864521,,,SCHEDULED
2026-09-20T00:25:40.945626+00:00,1286770,068,1088,66,0,1789864569,,,SCHEDULED
2026-09-20T00:25:40.945626+00:00,1286770,068,1087,67,0,1789864600,,,SCHEDULED
2026-09-20T00:25:40.945626+00:00,1286770,068,2642,68,0,1789864628,,,SCHEDULED
2026-09-20T00:25:40.945626+00:00,1287980,088,1409,14,0,1789863959,,,SCHEDULED
2026-09-20T00:25:40.945626+00:00,1287980,088,1410,15,0,1789864016,,,SCHEDULED
2026-09-20T00:25:40.945626+00:00,1287980,088,1411,16,0,1789864058,,,SCHEDULED
2026-09-20T00:25:40.945626+00:00,1287980,088,1412,17,0,1789864093,,,SCHEDULED
2026-09-20T00:25:40.945626+00:00,1287980,088,1413,18,0,1789864121,,,SCHEDULED
2026-09-20T00:25:40.945626+00:00,1287980,088,1414,19,0,1789864250,,,SCHEDULED
2026-09-20T00:25:40.945626+00:00,1287980,088,1415,20,0,1789864293,,,SCHEDULED
2026-09-20T00:25:40.945626+00:00,1287980,088,1416,21,0,1789864332,,,SCHEDULED
2026-09-20T00:25:40.945626+00:00,1287980,088,1417,22,0,1789864355,,,SCHEDULED
2026-09-20T00:25:40.945626+00:00,1287980,088,413,23,0,1789864693,,,SCHEDULED
2026-09-20T00:25:40.945626+00:00,1287980,088,414,24,0,1789864711,,,SCHEDULED
2026-09-20T00:25:40.945626+00:00,1287980,088,415,25,0,1789864730,,,SCHEDULED
2026-09-20T00:25:40.945626+00:00,1287980,088,416,26,0,1789864770,,,SCHEDULED
2026-09-20T00:25:40.945626+00:00,1286374,061,2181,60,0,1789863951,,,SCHEDULED
2026-09-20T00:25:40.945626+00:00,1286374,061,4395,61,0,1789864080,,,SCHEDULED
2026-09-20T00:25:40.945626+00:00,1286374,061,4396,62,0,1789864115,,,SCHEDULED
2026-09-20T00:25:40.945626+00:00,1286374,061,4397,63,0,1789864144,,,SCHEDULED
2026-09-20T00:25:40.945626+00:00,1286374,061,4398,64,0,1789864177,,,SCHEDULED
2026-09-20T00:25:40.945626+00:00,1286374,061,4391,65,0,1789864220,,,SCHEDULED
2026-09-20T00:25:40.945626+00:00,1286374,061,4399,66,0,1789864239,,,SCHEDULED
2026-09-20T00:25:40.945626+00:00,1286374,061,4392,67,0,1789864261,,,SCHEDULED
2026-09-20T00:25:40.945626+00:00,1286258,056,4021,35,0,1789863966,,,SCHEDULED
2026-09-20T00:25:40.945626+00:00,1286258,056,4022,36,0,1789864017,,,SCHEDULED
2026-09-20T00:25:40.945626+00:00,1286258,056,242,37,0,1789864106,,,SCHEDULED
2026-09-20T00:25:40.945626+00:00,1286258,056,243,38,0,1789864155,,,SCHEDULED
2026-09-20T00:25:40.945626+00:00,1286258,056,244,39,0,1789864195,,,SCHEDULED
2026-09-20T00:25:40.945626+00:00,1286258,056,1038,40,0,1789864267,,,SCHEDULED
2026-09-20T00:25:40.945626+00:00,1286258,056,4019,41,0,1789864313,,,SCHEDULED
2026-09-20T00:25:40.945626+00:00,1287743,086,3148,11,0,1789863972,,,SCHEDULED
2026-09-20T00:25:40.945626+00:00,1287743,086,3149,12,0,1789864028,,,SCHEDULED
2026-09-20T00:25:40.945626+00:00,1287743,086,3150,13,0,1789864073,,,SCHEDULED
2026-09-20T00:25:40.945626+00:00,1287743,086,3151,14,0,1789864112,,,SCHEDULED
2026-09-20T00:25:40.945626+00:00,1287743,086,3152,15,0,1789864145,,,SCHEDULED
2026-09-20T00:25:40.945626+00:00,1287743,086,3153,16,0,1789864173,,,SCHEDULED
2026-09-20T00:25:40.945626+00:00,1287743,086,3154,17,0,1789864202,,,SCHEDULED
2026-09-20T00:25:40.945626+00:00,1287743,086,3155,18,0,1789864233,,,SCHEDULED
2026-09-20T00:25:40.945626+00:00,1287743,086,3156,19,0,1789864263,,,SCHEDULED
2026-09-20T00:25:40.945626+00:00,1287743,086,3157,20,0,1789864299,,,SCHEDULED
2026-09-20T00:25:40.945626+00:00,1287743,086,3158,21,0,1789864339,,,SCHEDULED
2026-09-20T00:25:40.945626+00:00,1287743,086,3159,22,0,1789864403,,,SCHEDULED
2026-09-20T00:25:40.945626+00:00,1287743,086,3160,23,0,1789864440,,,SCHEDULED
2026-09-20T00:25:40.945626+00:00,1287743,086,3161,24,0,1789864486,,,SCHEDULED
2026-09-20T00:25:40.945626+00:00,1287743,086,3163,25,0,1789864580,,,SCHEDULED
2026-09-20T00:25:40.945626+00:00,1287743,086,3164,26,0,1789864621,,,SCHEDULED
2026-09-20T00:25:40.945626+00:00,1287743,086,699,27,0,1789864653,,,SCHEDULED
2026-09-20T00:25:40.945626+00:00,1287743,086,703,28,0,1789864801,,,SCHEDULED
2026-09-20T00:25:40.945626+00:00,1287743,086,700,29,0,1789864835,,,SCHEDULED
2026-09-20T00:25:40.945626+00:00,1287743,086,706,30,0,1789864872,,,SCHEDULED
2026-09-20T00:25:40.945626+00:00,1287743,086,707,31,0,1789864911,,,SCHEDULED
2026-09-20T00:25:40.945626+00:00,1287743,086,708,32,0,1789864939,,,SCHEDULED
2026-09-20T00:25:40.945626+00:00,1287743,086,834,33,0,1789864988,,,SCHEDULED
2026-09-20T00:25:40.945626+00:00,1287743,086,835,34,0,1789865056,,,SCHEDULED
2026-09-20T00:25:40.945626+00:00,1287743,086,836,35,0,1789865075,,,SCHEDULED
2026-09-20T00:25:40.945626+00:00,1287743,086,838,36,0,1789865110,,,SCHEDULED
2026-09-20T00:25:40.945626+00:00,1287743,086,839,37,0,1789865143,,,SCHEDULED
2026-09-20T00:25:40.945626+00:00,1287743,086,840,38,0,1789865188,,,SCHEDULED
2026-09-20T00:25:40.945626+00:00,1287743,086,581,39,0,1789865225,,,SCHEDULED
2026-09-20T00:25:40.945626+00:00,1287743,086,582,40,0,1789865254,,,SCHEDULED
2026-09-20T00:25:40.945626+00:00,1287743,086,583,41,0,1789865291,,,SCHEDULED
2026-09-20T00:25:40.945626+00:00,1287743,086,584,42,0,1789865320,,,SCHEDULED
2026-09-20T00:25:40.945626+00:00,1287743,086,585,43,0,1789865371,,,SCHEDULED
2026-09-20T00:25:40.945626+00:00,1287743,086,586,44,0,1789865429,,,SCHEDULED
2026-09-20T00:25:40.945626+00:00,1287744,086,418,1,,,0,1789865580,SCHEDULED
2026-09-20T00:25:40.945626+00:00,1287744,086,4763,2,0,1789865612,,,SCHEDULED
2026-09-20T00:25:40.945626+00:00,1287744,086,113,3,0,1789865634,,,SCHEDULED
2026-09-20T00:25:40.945626+00:00,1287744,086,525,4,0,1789865662,,,SCHEDULED
2026-09-20T00:25:40.945626+00:00,1286499,062,506,9,0,1789863890,,,SCHEDULED
2026-09-20T00:25:40.945626+00:00,1286499,062,507,10,0,1789863898,,,SCHEDULED
2026-09-20T00:25:40.945626+00:00,1286499,062,508,11,0,1789863984,,,SCHEDULED
2026-09-20T00:25:40.945626+00:00,1286499,062,509,12,0,1789864010,,,SCHEDULED
2026-09-20T00:25:40.945626+00:00,1286499,062,510,13,0,1789864038,,,SCHEDULED
2026-09-20T00:25:40.945626+00:00,1286499,062,511,14,0,1789864074,,,SCHEDULED
2026-09-20T00:25:40.945626+00:00,1286499,062,513,15,0,1789864105,,,SCHEDULED
2026-09-20T00:25:40.945626+00:00,1286499,062,514,16,0,1789864156,,,SCHEDULED
2026-09-20T00:25:40.945626+00:00,1286499,062,515,17,0,1789864205,,,SCHEDULED
2026-09-20T00:25:40.945626+00:00,1286499,062,516,18,0,1789864244,,,SCHEDULED
2026-09-20T00:25:40.945626+00:00,1286499,062,517,19,0,1789864270,,,SCHEDULED
2026-09-20T00:25:40.945626+00:00,1286499,062,518,20,0,1789864319,,,SCHEDULED
2026-09-20T00:25:40.945626+00:00,1286499,062,2331,21,0,1789864365,,,SCHEDULED
2026-09-20T00:25:40.945626+00:00,1286499,062,2332,22,0,1789864394,,,SCHEDULED
2026-09-20T00:25:40.945626+00:00,1286499,062,2333,23,0,1789864422,,,SCHEDULED
2026-09-20T00:25:40.945626+00:00,1286499,062,2334,24,0,1789864448,,,SCHEDULED
2026-09-20T00:25:40.945626+00:00,1286499,062,2335,25,0,1789864476,,,SCHEDULED
2026-09-20T00:25:40.945626+00:00,1286499,062,1352,26,0,1789864492,,,SCHEDULED
2026-09-20T00:25:40.945626+00:00,1286499,062,2337,27,0,1789864544,,,SCHEDULED
2026-09-20T00:25:40.945626+00:00,1286499,062,2338,28,0,1789864642,,,SCHEDULED
2026-09-20T00:25:40.945626+00:00,1286499,062,2339,29,0,1789864704,,,SCHEDULED
2026-09-20T00:25:40.945626+00:00,1286499,062,2341,30,0,1789864776,,,SCHEDULED
2026-09-20T00:25:40.945626+00:00,1286499,062,2342,31,0,1789864817,,,SCHEDULED
2026-09-20T00:25:40.945626+00:00,1286499,062,2229,32,0,1789864885,,,SCHEDULED
2026-09-20T00:25:40.945626+00:00,1286499,062,2230,33,0,1789864924,,,SCHEDULED
2026-09-20T00:25:40.945626+00:00,1286499,062,2231,34,0,1789864953,,,SCHEDULED
2026-09-20T00:25:40.945626+00:00,1286499,062,2232,35,0,1789864983,,,SCHEDULED
2026-09-20T00:25:40.945626+00:00,1286499,062,2233,36,0,1789865042,,,SCHEDULED
2026-09-20T00:25:40.945626+00:00,1286499,062,2234,37,0,1789865066,,,SCHEDULED
2026-09-20T00:25:40.945626+00:00,1286499,062,2235,38,0,1789865135,,,SCHEDULED
2026-09-20T00:25:40.945626+00:00,1286499,062,2236,39,0,1789865185,,,SCHEDULED
2026-09-20T00:25:40.945626+00:00,1286499,062,2237,40,0,1789865239,,,SCHEDULED
2026-09-20T00:25:40.945626+00:00,1286499,062,2238,41,0,1789865261,,,SCHEDULED
2026-09-20T00:25:40.945626+00:00,1286499,062,2239,42,0,1789865298,,,SCHEDULED
2026-09-20T00:25:40.945626+00:00,1286499,062,2240,43,0,1789865334,,,SCHEDULED
2026-09-20T00:25:40.945626+00:00,1286499,062,2241,44,0,1789865388,,,SCHEDULED
2026-09-20T00:25:40.945626+00:00,1286499,062,2242,45,0,1789865425,,,SCHEDULED
2026-09-20T00:25:40.945626+00:00,1286499,062,2243,46,0,1789865461,,,SCHEDULED
2026-09-20T00:25:40.945626+00:00,1286499,062,2244,47,0,1789865519,,,SCHEDULED
2026-09-20T00:25:40.945626+00:00,1286499,062,2245,48,0,1789865555,,,SCHEDULED
2026-09-20T00:25:40.945626+00:00,1286499,062,2246,49,0,1789865605,,,SCHEDULED
2026-09-20T00:25:40.945626+00:00,1286499,062,5365,50,0,1789865628,,,SCHEDULED
2026-09-20T00:25:40.945626+00:00,1286257,056,4140,1,,,,,NO_DATA
2026-09-20T00:25:40.945626+00:00,1286257,056,4141,2,,,,,NO_DATA
2026-09-20T00:25:40.945626+00:00,1286257,056,4142,3,,,,,NO_DATA
2026-09-20T00:25:40.945626+00:00,1286257,056,4143,4,,,,,NO_DATA
2026-09-20T00:25:40.945626+00:00,1286257,056,5251,5,,,,,NO_DATA
2026-09-20T00:25:40.945626+00:00,1286257,056,4144,6,,,,,NO_DATA
2026-09-20T00:25:40.945626+00:00,1286257,056,4145,7,,,,,NO_DATA
2026-09-20T00:25:40.945626+00:00,1286257,056,4146,8,,,,,NO_DATA
2026-09-20T00:25:40.945626+00:00,1286257,056,478,9,,,,,NO_DATA
2026-09-20T00:25:40.945626+00:00,1286257,056,172,10,,,,,NO_DATA
2026-09-20T00:25:40.945626+00:00,1286257,056,480,11,,,,,NO_DATA
2026-09-20T00:25:40.945626+00:00,1286257,056,1733,12,,,,,NO_DATA
2026-09-20T00:25:40.945626+00:00,1286257,056,481,13,,,,,NO_DATA
2026-09-20T00:25:40.945626+00:00,1286257,056,482,14,,,,,NO_DATA
2026-09-20T00:25:40.945626+00:00,1286257,056,483,15,,,,,NO_DATA
2026-09-20T00:25:40.945626+00:00,1286257,056,484,16,,,,,NO_DATA
2026-09-20T00:25:40.945626+00:00,1286257,056,485,17,,,,,NO_DATA
2026-09-20T00:25:40.945626+00:00,1286257,056,486,18,,,,,NO_DATA
2026-09-20T00:25:40.945626+00:00,1286257,056,487,19,,,,,NO_DATA
2026-09-20T00:25:40.945626+00:00,1286257,056,488,20,,,,,NO_DATA
2026-09-20T00:25:40.945626+00:00,1286257,056,5200,21,,,,,NO_DATA
2026-09-20T00:25:40.945626+00:00,1286257,056,489,22,,,,,NO_DATA
2026-09-20T00:25:40.945626+00:00,1286257,056,490,23,,,,,NO_DATA
2026-09-20T00:25:40.945626+00:00,1286257,056,491,24,,,,,NO_DATA
2026-09-20T00:25:40.945626+00:00,1286257,056,492,25,,,,,NO_DATA
2026-09-20T00:25:40.945626+00:00,1286257,056,493,26,,,,,NO_DATA
2026-09-20T00:25:40.945626+00:00,1286257,056,494,27,,,,,NO_DATA
2026-09-20T00:25:40.945626+00:00,1286257,056,3831,28,,,,,NO_DATA
2026-09-20T00:25:40.945626+00:00,1286257,056,3832,29,,,,,NO_DATA
2026-09-20T00:25:40.945626+00:00,1286257,056,3833,30,,,,,NO_DATA
2026-09-20T00:25:40.945626+00:00,1286257,056,3834,31,,,,,NO_DATA
2026-09-20T00:25:40.945626+00:00,1286257,056,3939,32,,,,,NO_DATA
2026-09-20T00:25:40.945626+00:00,1286257,056,5107,33,,,,,NO_DATA
2026-09-20T00:25:40.945626+00:00,1285205,023,1184,1,,,0,1789864380,SCHEDULED
2026-09-20T00:25:40.945626+00:00,1285205,023,3301,2,0,1789864406,,,SCHEDULED
2026-09-20T00:25:40.945626+00:00,1285205,023,1187,3,0,1789864455,,,SCHEDULED
2026-09-20T00:25:40.945626+00:00,1285205,023,1188,4,0,1789864519,,,SCHEDULED
2026-09-20T00:25:40.945626+00:00,1285205,023,1189,5,0,1789864574,,,SCHEDULED
2026-09-20T00:25:40.945626+00:00,1285205,023,1190,6,0,1789864689,,,SCHEDULED
2026-09-20T00:25:40.945626+00:00,1285205,023,1337,7,0,1789864800,,,SCHEDULED
2026-09-20T00:25:40.945626+00:00,1285205,023,1338,8,0,1789864834,,,SCHEDULED
2026-09-20T00:25:40.945626+00:00,1285205,023,1339,9,0,1789864904,,,SCHEDULED
2026-09-20T00:25:40.945626+00:00,1285205,023,1340,10,0,1789864932,,,SCHEDULED
2026-09-20T00:25:40.945626+00:00,1285205,023,1341,11,0,1789864987,,,SCHEDULED
2026-09-20T00:25:40.945626+00:00,1285205,023,1342,12,0,1789865022,,,SCHEDULED
2026-09-20T00:25:40.945626+00:00,1285205,023,1343,13,0,1789865066,,,SCHEDULED
2026-09-20T00:25:40.945626+00:00,1285205,023,1344,14,0,1789865108,,,SCHEDULED
2026-09-20T00:25:40.945626+00:00,1285205,023,1346,15,0,1789865152,,,SCHEDULED
2026-09-20T00:25:40.945626+00:00,1285205,023,5362,16,0,1789865224,,,SCHEDULED
2026-09-20T00:25:40.945626+00:00,1285205,023,5361,17,0,1789865293,,,SCHEDULED
2026-09-20T00:25:40.945626+00:00,1285205,023,1348,18,0,1789865340,,,SCHEDULED
2026-09-20T00:25:40.945626+00:00,1285205,023,1349,19,0,1789865366,,,SCHEDULED
2026-09-20T00:25:40.945626+00:00,1285205,023,1350,20,0,1789865434,,,SCHEDULED
2026-09-20T00:25:40.945626+00:00,1285205,023,1351,21,0,1789865521,,,SCHEDULED
2026-09-20T00:25:40.945626+00:00,1285205,023,1353,22,0,1789865593,,,SCHEDULED
2026-09-20T00:25:40.945626+00:00,1285205,023,1354,23,0,1789865661,,,SCHEDULED
2026-09-20T00:25:40.945626+00:00,1285207,023,1388,54,0,1789863946,,,SCHEDULED
2026-09-20T00:25:40.945626+00:00,1285207,023,1389,55,0,1789864010,,,SCHEDULED
2026-09-20T00:25:40.945626+00:00,1285207,023,1390,56,0,1789864068,,,SCHEDULED
2026-09-20T00:25:40.945626+00:00,1285207,023,1391,57,0,1789864105,,,SCHEDULED
2026-09-20T00:25:40.945626+00:00,1285207,023,1392,58,0,1789864157,,,SCHEDULED
2026-09-20T00:25:40.945626+00:00,1285207,023,1393,59,0,1789864191,,,SCHEDULED
2026-09-20T00:25:40.945626+00:00,1285207,023,1394,60,0,1789864221,,,SCHEDULED
2026-09-20T00:25:40.945626+00:00,1285207,023,1395,61,0,1789864273,,,SCHEDULED
2026-09-20T00:25:40.945626+00:00,1285207,023,1163,62,0,1789864350,,,SCHEDULED
2026-09-20T00:25:40.945626+00:00,1285207,023,1164,63,0,1789864433,,,SCHEDULED
2026-09-20T00:25:40.945626+00:00,1285207,023,1165,64,0,1789864638,,,SCHEDULED
2026-09-20T00:25:40.945626+00:00,1285207,023,1166,65,0,1789864763,,,SCHEDULED
2026-09-20T00:25:40.945626+00:00,1285207,023,1167,66,0,1789864802,,,SCHEDULED
2026-09-20T00:25:40.945626+00:00,1285207,023,1168,67,0,1789864844,,,SCHEDULED
2026-09-20T00:25:40.945626+00:00,1285207,023,284,68,0,1789864972,,,SCHEDULED
2026-09-20T00:25:40.945626+00:00,1285206,023,1356,25,0,1789863840,,,SCHEDULED
2026-09-20T00:25:40.945626+00:00,1285206,023,1357,26,0,1789863917,,,SCHEDULED
2026-09-20T00:25:40.945626+00:00,1285206,023,1358,27,0,1789863928,,,SCHEDULED
2026-09-20T00:25:40.945626+00:00,1285206,023,1359,28,0,1789863962,,,SCHEDULED
2026-09-20T00:25:40.945626+00:00,1285206,023,1360,29,0,1789864025,,,SCHEDULED
2026-09-20T00:25:40.945626+00:00,1285206,023,1361,30,0,1789864070,,,SCHEDULED
2026-09-20T00:25:40.945626+00:00,1285206,023,1363,31,0,1789864110,,,SCHEDULED
2026-09-20T00:25:40.945626+00:00,1285206,023,1139,32,0,1789864168,,,SCHEDULED
2026-09-20T00:25:40.945626+00:00,1285206,023,1365,33,0,1789864217,,,SCHEDULED
2026-09-20T00:25:40.945626+00:00,1285206,023,1366,34,0,1789864253,,,SCHEDULED
2026-09-20T00:25:40.945626+00:00,1285206,023,1367,35,0,1789864304,,,SCHEDULED
2026-09-20T00:25:40.945626+00:00,1285206,023,1368,36,0,1789864340,,,SCHEDULED
2026-09-20T00:25:40.945626+00:00,1285206,023,1369,37,0,1789864409,,,SCHEDULED
2026-09-20T00:25:40.945626+00:00,1285206,023,1370,38,0,1789864443,,,SCHEDULED
2026-09-20T00:25:40.945626+00:00,1285206,023,1372,39,0,1789864525,,,SCHEDULED
2026-09-20T00:25:40.945626+00:00,1285206,023,1373,40,0,1789864573,,,SCHEDULED
2026-09-20T00:25:40.945626+00:00,1285206,023,1374,41,0,1789864632,,,SCHEDULED
2026-09-20T00:25:40.945626+00:00,1285206,023,1375,42,0,1789864676,,,SCHEDULED
2026-09-20T00:25:40.945626+00:00,1285206,023,1376,43,0,1789864707,,,SCHEDULED
2026-09-20T00:25:40.945626+00:00,1285206,023,1377,44,0,1789864753,,,SCHEDULED
2026-09-20T00:25:40.945626+00:00,1285206,023,1378,45,0,1789864789,,,SCHEDULED
2026-09-20T00:25:40.945626+00:00,1285206,023,1380,46,0,1789864830,,,SCHEDULED
2026-09-20T00:25:40.945626+00:00,1285206,023,1381,47,0,1789864857,,,SCHEDULED
2026-09-20T00:25:40.945626+00:00,1285206,023,1382,48,0,1789864915,,,SCHEDULED
2026-09-20T00:25:40.945626+00:00,1285206,023,1383,49,0,1789864942,,,SCHEDULED
2026-09-20T00:25:40.945626+00:00,1285206,023,1384,50,0,1789865003,,,SCHEDULED
2026-09-20T00:25:40.945626+00:00,1285206,023,1385,51,0,1789865021,,,SCHEDULED
2026-09-20T00:25:40.945626+00:00,1285206,023,1386,52,0,1789865070,,,SCHEDULED
2026-09-20T00:25:40.945626+00:00,1285206,023,1387,53,0,1789865122,,,SCHEDULED
2026-09-20T00:25:40.945626+00:00,1285206,023,1388,54,0,1789865183,,,SCHEDULED
2026-09-20T00:25:40.945626+00:00,1285206,023,1389,55,0,1789865247,,,SCHEDULED
2026-09-20T00:25:40.945626+00:00,1285206,023,1390,56,0,1789865305,,,SCHEDULED
2026-09-20T00:25:40.945626+00:00,1285206,023,1391,57,0,1789865342,,,SCHEDULED
2026-09-20T00:25:40.945626+00:00,1285206,023,1392,58,0,1789865394,,,SCHEDULED
2026-09-20T00:25:40.945626+00:00,1285206,023,1393,59,0,1789865428,,,SCHEDULED
2026-09-20T00:25:40.945626+00:00,1285206,023,1394,60,0,1789865458,,,SCHEDULED
2026-09-20T00:25:40.945626+00:00,1285206,023,1395,61,0,1789865510,,,SCHEDULED
2026-09-20T00:25:40.945626+00:00,1287867,087,3181,6,0,1789863932,,,SCHEDULED
2026-09-20T00:25:40.945626+00:00,1287867,087,3182,7,0,1789863960,,,SCHEDULED
2026-09-20T00:25:40.945626+00:00,1287867,087,3183,8,0,1789864025,,,SCHEDULED
2026-09-20T00:25:40.945626+00:00,1287867,087,3184,9,0,1789864064,,,SCHEDULED
2026-09-20T00:25:40.945626+00:00,1287867,087,3185,10,0,1789864116,,,SCHEDULED
2026-09-20T00:25:40.945626+00:00,1287867,087,3187,11,0,1789864180,,,SCHEDULED
2026-09-20T00:25:40.945626+00:00,1287867,087,3188,12,0,1789864224,,,SCHEDULED
2026-09-20T00:25:40.945626+00:00,1287867,087,3189,13,0,1789864266,,,SCHEDULED
2026-09-20T00:25:40.945626+00:00,1287867,087,3190,14,0,1789864336,,,SCHEDULED
2026-09-20T00:25:40.945626+00:00,1287867,087,3191,15,0,1789864386,,,SCHEDULED
2026-09-20T00:25:40.945626+00:00,1287867,087,3192,16,0,1789864431,,,SCHEDULED
2026-09-20T00:25:40.945626+00:00,1287867,087,3193,17,0,1789864512,,,SCHEDULED
2026-09-20T00:25:40.945626+00:00,1287867,087,275,18,0,1789864716,,,SCHEDULED
2026-09-20T00:25:40.945626+00:00,1287867,087,276,19,0,1789864990,,,SCHEDULED
2026-09-20T00:25:40.945626+00:00,1285848,038,282,1,,,0,1789864260,SCHEDULED
2026-09-20T00:25:40.945626+00:00,1285848,038,414,2,0,1789864511,,,SCHEDULED
2026-09-20T00:25:40.945626+00:00,1285848,038,415,3,0,1789864560,,,SCHEDULED
2026-09-20T00:25:40.945626+00:00,1285848,038,416,4,0,1789864593,,,SCHEDULED
2026-09-20T00:25:40.945626+00:00,1285848,038,418,5,0,1789864659,,,SCHEDULED
2026-09-20T00:25:40.945626+00:00,1285848,038,4763,6,0,1789864734,,,SCHEDULED
2026-09-20T00:25:40.945626+00:00,1285848,038,1716,7,0,1789864788,,,SCHEDULED
2026-09-20T00:25:40.945626+00:00,1285848,038,1717,8,0,1789864829,,,SCHEDULED
2026-09-20T00:25:40.945626+00:00,1285848,038,1718,9,0,1789864896,,,SCHEDULED
2026-09-20T00:25:40.945626+00:00,1285848,038,1720,10,0,1789864995,,,SCHEDULED
2026-09-20T00:25:40.945626+00:00,1285848,038,1721,11,0,1789865128,,,SCHEDULED
2026-09-20T00:25:40.945626+00:00,1285848,038,1722,12,0,1789865195,,,SCHEDULED
2026-09-20T00:25:40.945626+00:00,1285848,038,1723,13,0,1789865220,,,SCHEDULED
2026-09-20T00:25:40.945626+00:00,1285848,038,2651,14,0,1789865298,,,SCHEDULED
2026-09-20T00:25:40.945626+00:00,1285848,038,2653,15,0,1789865400,,,SCHEDULED
2026-09-20T00:25:40.945626+00:00,1285848,038,2654,16,0,1789865464,,,SCHEDULED
2026-09-20T00:25:40.945626+00:00,1285848,038,9811,17,0,1789865520,,,SCHEDULED
2026-09-20T00:25:40.945626+00:00,1285848,038,880,18,0,1789865587,,,SCHEDULED
2026-09-20T00:25:40.945626+00:00,1285848,038,881,19,0,1789865614,,,SCHEDULED
2026-09-20T00:25:40.945626+00:00,1285848,038,883,20,0,1789865688,,,SCHEDULED
2026-09-20T00:25:40.945626+00:00,1286929,072,377,1,,,,,NO_DATA
2026-09-20T00:25:40.945626+00:00,1284190,001,1308,23,0,1789863896,,,SCHEDULED
2026-09-20T00:25:40.945626+00:00,1284190,001,1309,24,0,1789863980,,,SCHEDULED
2026-09-20T00:25:40.945626+00:00,1284190,001,1310,25,0,1789864065,,,SCHEDULED
2026-09-20T00:25:40.945626+00:00,1284190,001,1311,26,0,1789864131,,,SCHEDULED
2026-09-20T00:25:40.945626+00:00,1284190,001,5363,27,0,1789864226,,,SCHEDULED
2026-09-20T00:25:40.945626+00:00,1284190,001,1313,28,0,1789864265,,,SCHEDULED
2026-09-20T00:25:40.945626+00:00,1284190,001,1314,29,0,1789864311,,,SCHEDULED
2026-09-20T00:25:40.945626+00:00,1284190,001,1315,30,0,1789864423,,,SCHEDULED
2026-09-20T00:25:40.945626+00:00,1284190,001,1316,31,0,1789864459,,,SCHEDULED
2026-09-20T00:25:40.945626+00:00,1284190,001,1317,32,0,1789864498,,,SCHEDULED
2026-09-20T00:25:40.945626+00:00,1284190,001,1318,33,0,1789864538,,,SCHEDULED
2026-09-20T00:25:40.945626+00:00,1284190,001,2807,34,0,1789864616,,,SCHEDULED
2026-09-20T00:25:40.945626+00:00,1287460,082,288,1,,,0,1789864080,SCHEDULED
2026-09-20T00:25:40.945626+00:00,1287460,082,274,2,0,1789864378,,,SCHEDULED
2026-09-20T00:25:40.945626+00:00,1287460,082,275,3,0,1789864740,,,SCHEDULED
2026-09-20T00:25:40.945626+00:00,1287460,082,3893,4,0,1789864950,,,SCHEDULED
2026-09-20T00:25:40.945626+00:00,1287460,082,3894,5,0,1789865040,,,SCHEDULED
2026-09-20T00:25:40.945626+00:00,1287460,082,3895,6,0,1789865089,,,SCHEDULED
2026-09-20T00:25:40.945626+00:00,1287460,082,1662,7,0,1789865153,,,SCHEDULED
2026-09-20T00:25:40.945626+00:00,1287460,082,1663,8,0,1789865199,,,SCHEDULED
2026-09-20T00:25:40.945626+00:00,1287460,082,1664,9,0,1789865236,,,SCHEDULED
2026-09-20T00:25:40.945626+00:00,1287460,082,1665,10,0,1789865280,,,SCHEDULED
2026-09-20T00:25:40.945626+00:00,1287460,082,1666,11,0,1789865306,,,SCHEDULED
2026-09-20T00:25:40.945626+00:00,1287460,082,1668,12,0,1789865378,,,SCHEDULED
2026-09-20T00:25:40.945626+00:00,1287460,082,1669,13,0,1789865442,,,SCHEDULED
2026-09-20T00:25:40.945626+00:00,1287460,082,1670,14,0,1789865491,,,SCHEDULED
2026-09-20T00:25:40.945626+00:00,1287460,082,1671,15,0,1789865557,,,SCHEDULED
2026-09-20T00:25:40.945626+00:00,1287460,082,1672,16,0,1789865606,,,SCHEDULED
2026-09-20T00:25:40.945626+00:00,1287460,082,1673,17,0,1789865641,,,SCHEDULED
2026-09-20T00:25:40.945626+00:00,1287460,082,1674,18,0,1789865670,,,SCHEDULED
2026-09-20T00:25:40.945626+00:00,1287461,082,1427,37,0,1789863942,,,SCHEDULED
2026-09-20T00:25:40.945626+00:00,1287461,082,1428,38,0,1789863971,,,SCHEDULED
2026-09-20T00:25:40.945626+00:00,1287461,082,9939,39,0,1789864027,,,SCHEDULED
2026-09-20T00:25:40.945626+00:00,1287461,082,1444,40,0,1789864201,,,SCHEDULED
2026-09-20T00:25:40.945626+00:00,1287461,082,1445,41,0,1789864261,,,SCHEDULED
2026-09-20T00:25:40.945626+00:00,1287461,082,1446,42,0,1789864303,,,SCHEDULED
2026-09-20T00:25:40.945626+00:00,1287461,082,563,43,0,1789864668,,,SCHEDULED
2026-09-20T00:25:40.945626+00:00,1287461,082,565,44,0,1789864760,,,SCHEDULED
2026-09-20T00:25:40.945626+00:00,1287461,082,1438,45,0,1789864980,,,SCHEDULED
2026-09-20T00:25:40.945626+00:00,1287461,082,1439,46,0,1789865015,,,SCHEDULED
2026-09-20T00:25:40.945626+00:00,1288323,142,1567,1,,,0,1789865580,SCHEDULED
2026-09-20T00:25:40.945626+00:00,1288323,142,1568,2,0,1789865700,,,SCHEDULED
2026-09-20T00:25:40.945626+00:00,1286793,068,1099,1,,,0,1789865100,SCHEDULED
2026-09-20T00:25:40.945626+00:00,1286793,068,2645,2,0,1789865187,,,SCHEDULED
2026-09-20T00:25:40.945626+00:00,1286793,068,2643,3,0,1789865202,,,SCHEDULED
2026-09-20T00:25:40.945626+00:00,1286793,068,2644,4,0,1789865246,,,SCHEDULED
2026-09-20T00:25:40.945626+00:00,1286793,068,2646,5,0,1789865314,,,SCHEDULED
2026-09-20T00:25:40.945626+00:00,1286793,068,2647,6,0,1789865336,,,SCHEDULED
2026-09-20T00:25:40.945626+00:00,1286794,068,2647,6,0,1789863924,,,SCHEDULED
2026-09-20T00:25:40.945626+00:00,1286794,068,2648,7,0,1789864461,,,SCHEDULED
2026-09-20T00:25:40.945626+00:00,1286794,068,5344,8,0,1789864483,,,SCHEDULED
2026-09-20T00:25:40.945626+00:00,1286794,068,2649,9,0,1789864502,,,SCHEDULED
2026-09-20T00:25:40.945626+00:00,1286794,068,2650,10,0,1789864524,,,SCHEDULED
2026-09-20T00:25:40.945626+00:00,1286794,068,2651,11,0,1789864546,,,SCHEDULED
2026-09-20T00:25:40.945626+00:00,1286794,068,2653,12,0,1789864588,,,SCHEDULED
2026-09-20T00:25:40.945626+00:00,1286794,068,2654,13,0,1789864684,,,SCHEDULED
2026-09-20T00:25:40.945626+00:00,1286794,068,9811,14,0,1789864768,,,SCHEDULED
2026-09-20T00:25:40.945626+00:00,1286794,068,880,15,0,1789864834,,,SCHEDULED
2026-09-20T00:25:40.945626+00:00,1286794,068,881,16,0,1789864860,,,SCHEDULED
2026-09-20T00:25:40.945626+00:00,1286794,068,1795,17,0,1789864920,,,SCHEDULED
2026-09-20T00:25:40.945626+00:00,1286794,068,1796,18,0,1789864953,,,SCHEDULED
2026-09-20T00:25:40.945626+00:00,1286794,068,1797,19,0,1789865000,,,SCHEDULED
2026-09-20T00:25:40.945626+00:00,1286794,068,1798,20,0,1789865039,,,SCHEDULED
2026-09-20T00:25:40.945626+00:00,1286794,068,1930,21,0,1789865079,,,SCHEDULED
2026-09-20T00:25:40.945626+00:00,1286794,068,1931,22,0,1789865116,,,SCHEDULED
2026-09-20T00:25:40.945626+00:00,1286794,068,1949,23,0,1789865155,,,SCHEDULED
2026-09-20T00:25:40.945626+00:00,1286794,068,1932,24,0,1789865179,,,SCHEDULED
2026-09-20T00:25:40.945626+00:00,1286794,068,1933,25,0,1789865228,,,SCHEDULED
2026-09-20T00:25:40.945626+00:00,1286794,068,1934,26,0,1789865278,,,SCHEDULED
2026-09-20T00:25:40.945626+00:00,1286794,068,1935,27,0,1789865311,,,SCHEDULED
2026-09-20T00:25:40.945626+00:00,1286794,068,2657,28,0,1789865368,,,SCHEDULED
2026-09-20T00:25:40.945626+00:00,1286794,068,2658,29,0,1789865396,,,SCHEDULED
2026-09-20T00:25:40.945626+00:00,1286794,068,2659,30,0,1789865416,,,SCHEDULED
2026-09-20T00:25:40.945626+00:00,1286794,068,2660,31,0,1789865457,,,SCHEDULED
2026-09-20T00:25:40.945626+00:00,1286794,068,2662,32,0,1789865528,,,SCHEDULED
2026-09-20T00:25:40.945626+00:00,1286794,068,2664,33,0,1789865582,,,SCHEDULED
2026-09-20T00:25:40.945626+00:00,1286794,068,2665,34,0,1789865630,,,SCHEDULED
2026-09-20T00:25:40.945626+00:00,1286794,068,2666,35,0,1789865666,,,SCHEDULED
2026-09-20T00:25:40.945626+00:00,1286794,068,2667,36,0,1789865711,,,SCHEDULED
2026-09-20T00:25:40.945626+00:00,1287122,078,2739,2,0,1789863942,,,SCHEDULED
2026-09-20T00:25:40.945626+00:00,1287122,078,2740,3,0,1789863995,,,SCHEDULED
2026-09-20T00:25:40.945626+00:00,1287122,078,2741,4,0,1789864066,,,SCHEDULED
2026-09-20T00:25:40.945626+00:00,1287122,078,2742,5,0,1789864123,,,SCHEDULED
2026-09-20T00:25:40.945626+00:00,1287122,078,2743,6,0,1789864247,,,SCHEDULED
2026-09-20T00:25:40.945626+00:00,1287122,078,2744,7,0,1789864361,,,SCHEDULED
2026-09-20T00:25:40.945626+00:00,1287122,078,2745,8,0,1789864450,,,SCHEDULED
2026-09-20T00:25:40.945626+00:00,1286795,068,2676,41,0,1789863926,,,SCHEDULED
2026-09-20T00:25:40.945626+00:00,1286795,068,2679,42,0,1789863949,,,SCHEDULED
2026-09-20T00:25:40.945626+00:00,1286795,068,2680,43,0,1789863992,,,SCHEDULED
2026-09-20T00:25:40.945626+00:00,1286795,068,2681,44,0,1789864018,,,SCHEDULED
2026-09-20T00:25:40.945626+00:00,1286795,068,2678,45,0,1789864075,,,SCHEDULED
2026-09-20T00:25:40.945626+00:00,1286795,068,2682,46,0,1789864101,,,SCHEDULED
2026-09-20T00:25:40.945626+00:00,1286795,068,1857,47,0,1789864279,,,SCHEDULED
2026-09-20T00:25:40.945626+00:00,1286795,068,1858,48,0,1789864316,,,SCHEDULED
2026-09-20T00:25:40.945626+00:00,1286795,068,1859,49,0,1789864420,,,SCHEDULED
2026-09-20T00:25:40.945626+00:00,1286795,068,1860,50,0,1789864489,,,SCHEDULED
2026-09-20T00:25:40.945626+00:00,1286795,068,1861,51,0,1789864512,,,SCHEDULED
2026-09-20T00:25:40.945626+00:00,1286795,068,1862,52,0,1789864563,,,SCHEDULED
2026-09-20T00:25:40.945626+00:00,1286795,068,1863,53,0,1789864629,,,SCHEDULED
2026-09-20T00:25:40.945626+00:00,1286795,068,2399,54,0,1789864792,,,SCHEDULED
2026-09-20T00:25:40.945626+00:00,1286795,068,2400,55,0,1789864832,,,SCHEDULED
2026-09-20T00:25:40.945626+00:00,1286795,068,2401,56,0,1789864850,,,SCHEDULED
2026-09-20T00:25:40.945626+00:00,1286795,068,2402,57,0,1789864909,,,SCHEDULED
2026-09-20T00:25:40.945626+00:00,1286795,068,2403,58,0,1789864996,,,SCHEDULED
2026-09-20T00:25:40.945626+00:00,1286795,068,2404,59,0,1789865032,,,SCHEDULED
2026-09-20T00:25:40.945626+00:00,1286795,068,2405,60,0,1789865075,,,SCHEDULED
2026-09-20T00:25:40.945626+00:00,1286795,068,2406,61,0,1789865116,,,SCHEDULED
2026-09-20T00:25:40.945626+00:00,1286795,068,2407,62,0,1789865155,,,SCHEDULED
2026-09-20T00:25:40.945626+00:00,1286795,068,2408,63,0,1789865207,,,SCHEDULED
2026-09-20T00:25:40.945626+00:00,1286795,068,2409,64,0,1789865234,,,SCHEDULED
2026-09-20T00:25:40.945626+00:00,1286795,068,2410,65,0,1789865272,,,SCHEDULED
2026-09-20T00:25:40.945626+00:00,1286795,068,3939,66,0,1789865417,,,SCHEDULED
2026-09-20T00:25:40.945626+00:00,1286795,068,5107,67,0,1789865455,,,SCHEDULED
2026-09-20T00:25:40.945626+00:00,1286795,068,4020,68,0,1789865496,,,SCHEDULED
2026-09-20T00:25:40.945626+00:00,1286795,068,4021,69,0,1789865540,,,SCHEDULED
2026-09-20T00:25:40.945626+00:00,1286795,068,4022,70,0,1789865589,,,SCHEDULED
2026-09-20T00:25:40.945626+00:00,1286795,068,242,71,0,1789865669,,,SCHEDULED
2026-09-20T00:25:40.945626+00:00,1286795,068,243,72,0,1789865712,,,SCHEDULED
2026-09-20T00:25:40.945626+00:00,1285502,026,316,1,,,0,1789865220,SCHEDULED
2026-09-20T00:25:40.945626+00:00,1285502,026,8959,2,0,1789865372,,,SCHEDULED
2026-09-20T00:25:40.945626+00:00,1285502,026,2989,3,0,1789865468,,,SCHEDULED
2026-09-20T00:25:40.945626+00:00,1285502,026,1545,4,0,1789865688,,,SCHEDULED
2026-09-20T00:25:40.945626+00:00,1284413,011,5345,1,,,0,1789865100,SCHEDULED
2026-09-20T00:25:40.945626+00:00,1284413,011,8909,2,0,1789865280,,,SCHEDULED
2026-09-20T00:25:40.945626+00:00,1284413,011,8911,3,0,1789865331,,,SCHEDULED
2026-09-20T00:25:40.945626+00:00,1284413,011,8910,4,0,1789865402,,,SCHEDULED
2026-09-20T00:25:40.945626+00:00,1284413,011,8912,5,0,1789865483,,,SCHEDULED
2026-09-20T00:25:40.945626+00:00,1284413,011,8913,6,0,1789865520,,,SCHEDULED
2026-09-20T00:25:40.945626+00:00,1285503,026,3099,31,0,1789863869,,,SCHEDULED
2026-09-20T00:25:40.945626+00:00,1285503,026,3100,32,0,1789863935,,,SCHEDULED
2026-09-20T00:25:40.945626+00:00,1285503,026,3101,33,0,1789863945,,,SCHEDULED
2026-09-20T00:25:40.945626+00:00,1285503,026,3102,34,0,1789863956,,,SCHEDULED
2026-09-20T00:25:40.945626+00:00,1285503,026,5366,35,0,1789864160,,,SCHEDULED
2026-09-20T00:25:40.945626+00:00,1285503,026,1283,36,0,1789864237,,,SCHEDULED
2026-09-20T00:25:40.945626+00:00,1285503,026,650,37,0,1789864389,,,SCHEDULED
2026-09-20T00:25:40.945626+00:00,1285503,026,3107,38,0,1789864454,,,SCHEDULED
2026-09-20T00:25:40.945626+00:00,1285503,026,3108,39,0,1789864498,,,SCHEDULED
2026-09-20T00:25:40.945626+00:00,1285503,026,3109,40,0,1789864547,,,SCHEDULED
2026-09-20T00:25:40.945626+00:00,1285503,026,3110,41,0,1789864597,,,SCHEDULED
2026-09-20T00:25:40.945626+00:00,1285503,026,3112,42,0,1789864706,,,SCHEDULED
2026-09-20T00:25:40.945626+00:00,1285503,026,3113,43,0,1789864743,,,SCHEDULED
2026-09-20T00:25:40.945626+00:00,1285503,026,3115,44,0,1789864837,,,SCHEDULED
2026-09-20T00:25:40.945626+00:00,1285503,026,3116,45,0,1789864864,,,SCHEDULED
2026-09-20T00:25:40.945626+00:00,1285503,026,3117,46,0,1789864885,,,SCHEDULED
2026-09-20T00:25:40.945626+00:00,1285503,026,3118,47,0,1789864920,,,SCHEDULED
2026-09-20T00:25:40.945626+00:00,1285503,026,3119,48,0,1789864937,,,SCHEDULED
2026-09-20T00:25:40.945626+00:00,1285503,026,3121,49,0,1789864980,,,SCHEDULED
2026-09-20T00:25:40.945626+00:00,1285503,026,3122,50,0,1789865015,,,SCHEDULED
2026-09-20T00:25:40.945626+00:00,1285503,026,3123,51,0,1789865063,,,SCHEDULED
2026-09-20T00:25:40.945626+00:00,1285503,026,3124,52,0,1789865107,,,SCHEDULED
2026-09-20T00:25:40.945626+00:00,1284414,011,221,18,0,1789863951,,,SCHEDULED
2026-09-20T00:25:40.945626+00:00,1284414,011,222,19,0,1789863967,,,SCHEDULED
2026-09-20T00:25:40.945626+00:00,1284414,011,223,20,0,1789863988,,,SCHEDULED
2026-09-20T00:25:40.945626+00:00,1284414,011,225,21,0,1789864036,,,SCHEDULED
2026-09-20T00:25:40.945626+00:00,1284414,011,226,22,0,1789864059,,,SCHEDULED
2026-09-20T00:25:40.945626+00:00,1284414,011,455,23,0,1789864083,,,SCHEDULED
2026-09-20T00:25:40.945626+00:00,1284414,011,456,24,0,1789864125,,,SCHEDULED
2026-09-20T00:25:40.945626+00:00,1284414,011,3197,25,0,1789864192,,,SCHEDULED
2026-09-20T00:25:40.945626+00:00,1284414,011,3198,26,0,1789864255,,,SCHEDULED
2026-09-20T00:25:40.945626+00:00,1284414,011,3199,27,0,1789864293,,,SCHEDULED
2026-09-20T00:25:40.945626+00:00,1284414,011,1345,28,0,1789864388,,,SCHEDULED
2026-09-20T00:25:40.945626+00:00,1284414,011,128,29,0,1789864489,,,SCHEDULED
2026-09-20T00:25:40.945626+00:00,1284414,011,130,30,0,1789864539,,,SCHEDULED
2026-09-20T00:25:40.945626+00:00,1284414,011,131,31,0,1789864567,,,SCHEDULED
2026-09-20T00:25:40.945626+00:00,1284414,011,132,32,0,1789864595,,,SCHEDULED
2026-09-20T00:25:40.945626+00:00,1284414,011,133,33,0,1789864635,,,SCHEDULED
2026-09-20T00:25:40.945626+00:00,1284414,011,981,34,0,1789864745,,,SCHEDULED
2026-09-20T00:25:40.945626+00:00,1284414,011,983,35,0,1789864808,,,SCHEDULED
2026-09-20T00:25:40.945626+00:00,1284414,011,984,36,0,1789864839,,,SCHEDULED
2026-09-20T00:25:40.945626+00:00,1284414,011,985,37,0,1789864862,,,SCHEDULED
2026-09-20T00:25:40.945626+00:00,1284414,011,986,38,0,1789864899,,,SCHEDULED
2026-09-20T00:25:40.945626+00:00,1284414,011,987,39,0,1789864975,,,SCHEDULED
2026-09-20T00:25:40.945626+00:00,1284414,011,8315,40,0,1789865064,,,SCHEDULED
2026-09-20T00:25:40.945626+00:00,1284414,011,2234,41,0,1789865131,,,SCHEDULED
2026-09-20T00:25:40.945626+00:00,1284414,011,2502,42,0,1789865183,,,SCHEDULED
2026-09-20T00:25:40.945626+00:00,1284414,011,2503,43,0,1789865212,,,SCHEDULED
2026-09-20T00:25:40.945626+00:00,1286390,061,4140,1,,,0,1789864440,SCHEDULED
2026-09-20T00:25:40.945626+00:00,1286390,061,4361,2,0,1789864493,,,SCHEDULED
2026-09-20T00:25:40.945626+00:00,1286390,061,4362,3,0,1789864521,,,SCHEDULED
2026-09-20T00:25:40.945626+00:00,1286390,061,4360,4,0,1789864547,,,SCHEDULED
2026-09-20T00:25:40.945626+00:00,1286390,061,4363,5,0,1789864576,,,SCHEDULED
2026-09-20T00:25:40.945626+00:00,1286390,061,4364,6,0,1789864622,,,SCHEDULED
2026-09-20T00:25:40.945626+00:00,1286390,061,4365,7,0,1789864646,,,SCHEDULED
2026-09-20T00:25:40.945626+00:00,1286390,061,4811,8,0,1789864747,,,SCHEDULED
2026-09-20T00:25:40.945626+00:00,1286390,061,4810,9,0,1789864795,,,SCHEDULED
2026-09-20T00:25:40.945626+00:00,1286390,061,4266,10,0,1789864836,,,SCHEDULED
2026-09-20T00:25:40.945626+00:00,1286390,061,4267,11,0,1789864876,,,SCHEDULED
2026-09-20T00:25:40.945626+00:00,1286390,061,4268,12,0,1789864907,,,SCHEDULED
2026-09-20T00:25:40.945626+00:00,1286390,061,187,13,0,1789864999,,,SCHEDULED
2026-09-20T00:25:40.945626+00:00,1286390,061,189,14,0,1789865045,,,SCHEDULED
2026-09-20T00:25:40.945626+00:00,1286390,061,1034,15,0,1789865124,,,SCHEDULED
2026-09-20T00:25:40.945626+00:00,1286390,061,1035,16,0,1789865160,,,SCHEDULED
2026-09-20T00:25:40.945626+00:00,1286390,061,6101,17,0,1789865221,,,SCHEDULED
2026-09-20T00:25:40.945626+00:00,1286390,061,2282,18,0,1789865384,,,SCHEDULED
2026-09-20T00:25:40.945626+00:00,1286390,061,2283,19,0,1789865407,,,SCHEDULED
2026-09-20T00:25:40.945626+00:00,1286390,061,2284,20,0,1789865436,,,SCHEDULED
2026-09-20T00:25:40.945626+00:00,1286390,061,2285,21,0,1789865468,,,SCHEDULED
2026-09-20T00:25:40.945626+00:00,1286390,061,2286,22,0,1789865508,,,SCHEDULED
2026-09-20T00:25:40.945626+00:00,1286390,061,2287,23,0,1789865547,,,SCHEDULED
2026-09-20T00:25:40.945626+00:00,1286390,061,2288,24,0,1789865580,,,SCHEDULED
2026-09-20T00:25:40.945626+00:00,1286390,061,2289,25,0,1789865618,,,SCHEDULED
2026-09-20T00:25:40.945626+00:00,1286390,061,2290,26,0,1789865660,,,SCHEDULED
2026-09-20T00:25:40.945626+00:00,1286390,061,2291,27,0,1789865693,,,SCHEDULED
2026-09-20T00:25:40.945626+00:00,1286391,061,2309,45,0,1789863948,,,SCHEDULED
2026-09-20T00:25:40.945626+00:00,1286391,061,1999,46,0,1789863978,,,SCHEDULED
2026-09-20T00:25:40.945626+00:00,1286391,061,1998,47,0,1789864045,,,SCHEDULED
2026-09-20T00:25:40.945626+00:00,1286391,061,2001,48,0,1789864067,,,SCHEDULED
2026-09-20T00:25:40.945626+00:00,1286391,061,2002,49,0,1789864107,,,SCHEDULED
2026-09-20T00:25:40.945626+00:00,1286391,061,2003,50,0,1789864160,,,SCHEDULED
2026-09-20T00:25:40.945626+00:00,1286391,061,2004,51,0,1789864200,,,SCHEDULED
2026-09-20T00:25:40.945626+00:00,1286391,061,2005,52,0,1789864228,,,SCHEDULED
2026-09-20T00:25:40.945626+00:00,1286391,061,2006,53,0,1789864266,,,SCHEDULED
2026-09-20T00:25:40.945626+00:00,1286391,061,2007,54,0,1789864295,,,SCHEDULED
2026-09-20T00:25:40.945626+00:00,1286391,061,2008,55,0,1789864314,,,SCHEDULED
2026-09-20T00:25:40.945626+00:00,1286391,061,2010,56,0,1789864368,,,SCHEDULED
2026-09-20T00:25:40.945626+00:00,1286391,061,2011,57,0,1789864419,,,SCHEDULED
2026-09-20T00:25:40.945626+00:00,1286391,061,2012,58,0,1789864464,,,SCHEDULED
2026-09-20T00:25:40.945626+00:00,1286391,061,2013,59,0,1789864506,,,SCHEDULED
2026-09-20T00:25:40.945626+00:00,1286391,061,2014,60,0,1789864566,,,SCHEDULED
2026-09-20T00:25:40.945626+00:00,1286391,061,2015,61,0,1789864650,,,SCHEDULED
2026-09-20T00:25:40.945626+00:00,1286391,061,2016,62,0,1789864698,,,SCHEDULED
2026-09-20T00:25:40.945626+00:00,1286391,061,2020,63,0,1789864746,,,SCHEDULED
2026-09-20T00:25:40.945626+00:00,1286391,061,2021,64,0,1789864812,,,SCHEDULED
2026-09-20T00:25:40.945626+00:00,1286391,061,3130,65,0,1789864878,,,SCHEDULED
2026-09-20T00:25:40.945626+00:00,1287134,078,9920,1,,,0,1789864680,SCHEDULED
2026-09-20T00:25:40.945626+00:00,1287134,078,2760,2,0,1789864906,,,SCHEDULED
2026-09-20T00:25:40.945626+00:00,1287134,078,2761,3,0,1789864996,,,SCHEDULED
2026-09-20T00:25:40.945626+00:00,1287134,078,2762,4,0,1789865085,,,SCHEDULED
2026-09-20T00:25:40.945626+00:00,1287134,078,2763,5,0,1789865130,,,SCHEDULED
2026-09-20T00:25:40.945626+00:00,1287134,078,2764,6,0,1789865211,,,SCHEDULED
2026-09-20T00:25:40.945626+00:00,1285355,025,1359,37,0,1789863950,,,SCHEDULED
2026-09-20T00:25:40.945626+00:00,1285355,025,1360,38,0,1789864010,,,SCHEDULED
2026-09-20T00:25:40.945626+00:00,1285355,025,1361,39,0,1789864052,,,SCHEDULED
2026-09-20T00:25:40.945626+00:00,1285355,025,1236,40,0,1789864144,,,SCHEDULED
2026-09-20T00:25:40.945626+00:00,1285355,025,1237,41,0,1789864177,,,SCHEDULED
2026-09-20T00:25:40.945626+00:00,1285355,025,1238,42,0,1789864210,,,SCHEDULED
2026-09-20T00:25:40.945626+00:00,1285355,025,1239,43,0,1789864298,,,SCHEDULED
2026-09-20T00:25:40.945626+00:00,1285355,025,1240,44,0,1789864355,,,SCHEDULED
2026-09-20T00:25:40.945626+00:00,1285355,025,1241,45,0,1789864413,,,SCHEDULED
2026-09-20T00:25:40.945626+00:00,1285355,025,1242,46,0,1789864467,,,SCHEDULED
2026-09-20T00:25:40.945626+00:00,1285355,025,1243,47,0,1789864543,,,SCHEDULED
2026-09-20T00:25:40.945626+00:00,1285355,025,1244,48,0,1789864595,,,SCHEDULED
2026-09-20T00:25:40.945626+00:00,1285355,025,1245,49,0,1789864655,,,SCHEDULED
2026-09-20T00:25:40.945626+00:00,1285355,025,1246,50,0,1789864701,,,SCHEDULED
2026-09-20T00:25:40.945626+00:00,1285355,025,1247,51,0,1789864777,,,SCHEDULED
2026-09-20T00:25:40.945626+00:00,1285355,025,1248,52,0,1789864834,,,SCHEDULED
2026-09-20T00:25:40.945626+00:00,1285355,025,1249,53,0,1789864913,,,SCHEDULED
2026-09-20T00:25:40.945626+00:00,1285355,025,1250,54,0,1789864956,,,SCHEDULED
2026-09-20T00:25:40.945626+00:00,1285355,025,1251,55,0,1789865017,,,SCHEDULED
2026-09-20T00:25:40.945626+00:00,1285355,025,1252,56,0,1789865056,,,SCHEDULED
2026-09-20T00:25:40.945626+00:00,1285355,025,1253,57,0,1789865130,,,SCHEDULED
2026-09-20T00:25:40.945626+00:00,1285355,025,1254,58,0,1789865190,,,SCHEDULED
2026-09-20T00:25:40.945626+00:00,1285355,025,1262,59,0,1789865255,,,SCHEDULED
2026-09-20T00:25:40.945626+00:00,1285234,023,9807,1,,,0,1789865280,SCHEDULED
2026-09-20T00:25:40.945626+00:00,1285234,023,1096,2,0,1789865362,,,SCHEDULED
2026-09-20T00:25:40.945626+00:00,1285234,023,1098,3,0,1789865506,,,SCHEDULED
2026-09-20T00:25:40.945626+00:00,1285234,023,1099,4,0,1789865640,,,SCHEDULED
2026-09-20T00:25:40.945626+00:00,1286049,051,1894,11,0,1789863925,,,SCHEDULED
2026-09-20T00:25:40.945626+00:00,1286049,051,1895,12,0,1789863974,,,SCHEDULED
2026-09-20T00:25:40.945626+00:00,1286049,051,1896,13,0,1789864005,,,SCHEDULED
2026-09-20T00:25:40.945626+00:00,1286049,051,1898,14,0,1789864070,,,SCHEDULED
2026-09-20T00:25:40.945626+00:00,1286049,051,1899,15,0,1789864113,,,SCHEDULED
2026-09-20T00:25:40.945626+00:00,1286049,051,1901,16,0,1789864156,,,SCHEDULED
2026-09-20T00:25:40.945626+00:00,1286049,051,1902,17,0,1789864193,,,SCHEDULED
2026-09-20T00:25:40.945626+00:00,1286049,051,1904,18,0,1789864265,,,SCHEDULED
2026-09-20T00:25:40.945626+00:00,1286049,051,1905,19,0,1789864309,,,SCHEDULED
2026-09-20T00:25:40.945626+00:00,1286049,051,1906,20,0,1789864357,,,SCHEDULED
2026-09-20T00:25:40.945626+00:00,1286049,051,1907,21,0,1789864405,,,SCHEDULED
2026-09-20T00:25:40.945626+00:00,1286049,051,1908,22,0,1789864441,,,SCHEDULED
2026-09-20T00:25:40.945626+00:00,1286049,051,1911,23,0,1789864533,,,SCHEDULED
2026-09-20T00:25:40.945626+00:00,1286049,051,1913,24,0,1789864630,,,SCHEDULED
2026-09-20T00:25:40.945626+00:00,1286049,051,1914,25,0,1789864687,,,SCHEDULED
2026-09-20T00:25:40.945626+00:00,1286049,051,1915,26,0,1789864745,,,SCHEDULED
2026-09-20T00:25:40.945626+00:00,1286049,051,1916,27,0,1789864805,,,SCHEDULED
2026-09-20T00:25:40.945626+00:00,1286049,051,1917,28,0,1789864861,,,SCHEDULED
2026-09-20T00:25:40.945626+00:00,1286049,051,1918,29,0,1789864930,,,SCHEDULED
2026-09-20T00:25:40.945626+00:00,1286049,051,1919,30,0,1789864982,,,SCHEDULED
2026-09-20T00:25:40.945626+00:00,1286049,051,1920,31,0,1789865008,,,SCHEDULED
2026-09-20T00:25:40.945626+00:00,1286049,051,1921,32,0,1789865043,,,SCHEDULED
2026-09-20T00:25:40.945626+00:00,1286049,051,1922,33,0,1789865086,,,SCHEDULED
2026-09-20T00:25:40.945626+00:00,1286049,051,1923,34,0,1789865116,,,SCHEDULED
2026-09-20T00:25:40.945626+00:00,1286049,051,1924,35,0,1789865172,,,SCHEDULED
2026-09-20T00:25:40.945626+00:00,1286049,051,1925,36,0,1789865228,,,SCHEDULED
2026-09-20T00:25:40.945626+00:00,1286049,051,1926,37,0,1789865285,,,SCHEDULED
2026-09-20T00:25:40.945626+00:00,1286049,051,1940,38,0,1789865314,,,SCHEDULED
2026-09-20T00:25:40.945626+00:00,1286049,051,320,39,0,1789865363,,,SCHEDULED
2026-09-20T00:25:40.945626+00:00,1286049,051,1209,40,0,1789865392,,,SCHEDULED
2026-09-20T00:25:40.945626+00:00,1286049,051,321,41,0,1789865426,,,SCHEDULED
2026-09-20T00:25:40.945626+00:00,1286049,051,322,42,0,1789865485,,,SCHEDULED
2026-09-20T00:25:40.945626+00:00,1286049,051,324,43,0,1789865605,,,SCHEDULED
2026-09-20T00:25:40.945626+00:00,1286049,051,325,44,0,1789865634,,,SCHEDULED
2026-09-20T00:25:40.945626+00:00,1286049,051,327,46,0,1789865694,,,SCHEDULED
2026-09-20T00:25:40.945626+00:00,1286049,051,328,47,0,1789865720,,,SCHEDULED
2026-09-20T00:25:40.945626+00:00,1285354,025,1057,1,,,0,1789864500,SCHEDULED
2026-09-20T00:25:40.945626+00:00,1285354,025,3332,2,0,1789864593,,,SCHEDULED
2026-09-20T00:25:40.945626+00:00,1285354,025,3333,3,0,1789864694,,,SCHEDULED
2026-09-20T00:25:40.945626+00:00,1285354,025,3334,4,0,1789864761,,,SCHEDULED
2026-09-20T00:25:40.945626+00:00,1285354,025,3335,5,0,1789864809,,,SCHEDULED
2026-09-20T00:25:40.945626+00:00,1285354,025,3336,6,0,1789864867,,,SCHEDULED
2026-09-20T00:25:40.945626+00:00,1285354,025,3337,7,0,1789864915,,,SCHEDULED
2026-09-20T00:25:40.945626+00:00,1285354,025,3338,8,0,1789864956,,,SCHEDULED
2026-09-20T00:25:40.945626+00:00,1285354,025,3339,9,0,1789864980,,,SCHEDULED
2026-09-20T00:25:40.945626+00:00,1285354,025,753,10,0,1789865007,,,SCHEDULED
2026-09-20T00:25:40.945626+00:00,1285354,025,3340,11,0,1789865028,,,SCHEDULED
2026-09-20T00:25:40.945626+00:00,1285354,025,3341,12,0,1789865064,,,SCHEDULED
2026-09-20T00:25:40.945626+00:00,1285354,025,3342,13,0,1789865111,,,SCHEDULED
2026-09-20T00:25:40.945626+00:00,1285354,025,3343,14,0,1789865136,,,SCHEDULED
2026-09-20T00:25:40.945626+00:00,1285354,025,4660,15,0,1789865204,,,SCHEDULED
2026-09-20T00:25:40.945626+00:00,1285354,025,5265,16,0,1789865261,,,SCHEDULED
2026-09-20T00:25:40.945626+00:00,1285354,025,4661,17,0,1789865333,,,SCHEDULED
2026-09-20T00:25:40.945626+00:00,1285354,025,4662,18,0,1789865409,,,SCHEDULED
2026-09-20T00:25:40.945626+00:00,1285354,025,3589,19,0,1789865498,,,SCHEDULED
2026-09-20T00:25:40.945626+00:00,1285354,025,3590,20,0,1789865520,,,SCHEDULED
2026-09-20T00:25:40.945626+00:00,1285354,025,3591,21,0,1789865591,,,SCHEDULED
2026-09-20T00:25:40.945626+00:00,1285354,025,3592,22,0,1789865643,,,SCHEDULED
2026-09-20T00:25:40.945626+00:00,1287015,075,318,1,,,0,1789865280,SCHEDULED
2026-09-20T00:25:40.945626+00:00,1287015,075,4210,2,0,1789865512,,,SCHEDULED
2026-09-20T00:25:40.945626+00:00,1287015,075,1432,3,0,1789865578,,,SCHEDULED
2026-09-20T00:25:40.945626+00:00,1287015,075,1398,4,0,1789865662,,,SCHEDULED
2026-09-20T00:25:40.945626+00:00,1285478,026,3054,2,0,1789863988,,,SCHEDULED
2026-09-20T00:25:40.945626+00:00,1285478,026,3055,3,0,1789864053,,,SCHEDULED
2026-09-20T00:25:40.945626+00:00,1285478,026,3056,4,0,1789864110,,,SCHEDULED
2026-09-20T00:25:40.945626+00:00,1285478,026,3057,5,0,1789864148,,,SCHEDULED
2026-09-20T00:25:40.945626+00:00,1285478,026,3058,6,0,1789864207,,,SCHEDULED
2026-09-20T00:25:40.945626+00:00,1285478,026,3059,7,0,1789864259,,,SCHEDULED
2026-09-20T00:25:40.945626+00:00,1285478,026,3060,8,0,1789864327,,,SCHEDULED
2026-09-20T00:25:40.945626+00:00,1285478,026,3061,9,0,1789864377,,,SCHEDULED
2026-09-20T00:25:40.945626+00:00,1285478,026,3062,10,0,1789864436,,,SCHEDULED
2026-09-20T00:25:40.945626+00:00,1285478,026,3063,11,0,1789864504,,,SCHEDULED
2026-09-20T00:25:40.945626+00:00,1285478,026,3064,12,0,1789864560,,,SCHEDULED
2026-09-20T00:25:40.945626+00:00,1285478,026,3065,13,0,1789864595,,,SCHEDULED
2026-09-20T00:25:40.945626+00:00,1285478,026,3066,14,0,1789864634,,,SCHEDULED
2026-09-20T00:25:40.945626+00:00,1285478,026,629,15,0,1789864737,,,SCHEDULED
2026-09-20T00:25:40.945626+00:00,1285478,026,651,16,0,1789864838,,,SCHEDULED
2026-09-20T00:25:40.945626+00:00,1285478,026,544,17,0,1789864927,,,SCHEDULED
2026-09-20T00:25:40.945626+00:00,1285478,026,3049,18,0,1789865252,,,SCHEDULED
2026-09-20T00:25:40.945626+00:00,1285478,026,3070,19,0,1789865323,,,SCHEDULED
2026-09-20T00:25:40.945626+00:00,1285478,026,3071,20,0,1789865395,,,SCHEDULED
2026-09-20T00:25:40.945626+00:00,1285478,026,3072,21,0,1789865453,,,SCHEDULED
2026-09-20T00:25:40.945626+00:00,1285236,023,1482,35,0,1789863938,,,SCHEDULED
2026-09-20T00:25:40.945626+00:00,1285236,023,1483,36,0,1789863982,,,SCHEDULED
2026-09-20T00:25:40.945626+00:00,1285236,023,1484,37,0,1789864026,,,SCHEDULED
2026-09-20T00:25:40.945626+00:00,1285236,023,1485,38,0,1789864082,,,SCHEDULED
2026-09-20T00:25:40.945626+00:00,1285236,023,1486,39,0,1789864116,,,SCHEDULED
2026-09-20T00:25:40.945626+00:00,1285236,023,1488,40,0,1789864217,,,SCHEDULED
2026-09-20T00:25:40.945626+00:00,1285236,023,1489,41,0,1789864263,,,SCHEDULED
2026-09-20T00:25:40.945626+00:00,1285236,023,1490,42,0,1789864310,,,SCHEDULED
2026-09-20T00:25:40.945626+00:00,1285236,023,453,43,0,1789864364,,,SCHEDULED
2026-09-20T00:25:40.945626+00:00,1285236,023,1492,44,0,1789864397,,,SCHEDULED
2026-09-20T00:25:40.945626+00:00,1285236,023,1493,45,0,1789864521,,,SCHEDULED
2026-09-20T00:25:40.945626+00:00,1285236,023,1494,46,0,1789864562,,,SCHEDULED
2026-09-20T00:25:40.945626+00:00,1285236,023,1495,47,0,1789864630,,,SCHEDULED
2026-09-20T00:25:40.945626+00:00,1285236,023,5364,48,0,1789864655,,,SCHEDULED
2026-09-20T00:25:40.945626+00:00,1285236,023,1497,49,0,1789864720,,,SCHEDULED
2026-09-20T00:25:40.945626+00:00,1285236,023,1499,50,0,1789864815,,,SCHEDULED
2026-09-20T00:25:40.945626+00:00,1285236,023,1500,51,0,1789864859,,,SCHEDULED
2026-09-20T00:25:40.945626+00:00,1285236,023,1501,52,0,1789864900,,,SCHEDULED
2026-09-20T00:25:40.945626+00:00,1285236,023,1502,53,0,1789864943,,,SCHEDULED
2026-09-20T00:25:40.945626+00:00,1285236,023,1503,54,0,1789864986,,,SCHEDULED
2026-09-20T00:25:40.945626+00:00,1285236,023,1504,55,0,1789865014,,,SCHEDULED
2026-09-20T00:25:40.945626+00:00,1285236,023,1505,56,0,1789865058,,,SCHEDULED
2026-09-20T00:25:40.945626+00:00,1285236,023,1314,57,0,1789865110,,,SCHEDULED
2026-09-20T00:25:40.945626+00:00,1285236,023,1315,58,0,1789865215,,,SCHEDULED
2026-09-20T00:25:40.945626+00:00,1285236,023,1316,59,0,1789865248,,,SCHEDULED
2026-09-20T00:25:40.945626+00:00,1285236,023,1317,60,0,1789865286,,,SCHEDULED
2026-09-20T00:25:40.945626+00:00,1285236,023,1318,61,0,1789865323,,,SCHEDULED
2026-09-20T00:25:40.945626+00:00,1285236,023,2807,62,0,1789865397,,,SCHEDULED
2026-09-20T00:25:40.945626+00:00,1286048,051,3131,1,,,0,1789865040,SCHEDULED
2026-09-20T00:25:40.945626+00:00,1286048,051,1884,2,0,1789865111,,,SCHEDULED
2026-09-20T00:25:40.945626+00:00,1286048,051,1885,3,0,1789865189,,,SCHEDULED
2026-09-20T00:25:40.945626+00:00,1286048,051,1887,4,0,1789865269,,,SCHEDULED
2026-09-20T00:25:40.945626+00:00,1286048,051,1888,5,0,1789865301,,,SCHEDULED
2026-09-20T00:25:40.945626+00:00,1286048,051,1889,6,0,1789865367,,,SCHEDULED
2026-09-20T00:25:40.945626+00:00,1286048,051,1890,7,0,1789865413,,,SCHEDULED
2026-09-20T00:25:40.945626+00:00,1286048,051,1891,8,0,1789865459,,,SCHEDULED
2026-09-20T00:25:40.945626+00:00,1286048,051,1892,9,0,1789865520,,,SCHEDULED
2026-09-20T00:25:40.945626+00:00,1286048,051,1893,10,0,1789865553,,,SCHEDULED
2026-09-20T00:25:40.945626+00:00,1286048,051,1894,11,0,1789865600,,,SCHEDULED
2026-09-20T00:25:40.945626+00:00,1286048,051,1895,12,0,1789865649,,,SCHEDULED
2026-09-20T00:25:40.945626+00:00,1286048,051,1896,13,0,1789865680,,,SCHEDULED
2026-09-20T00:25:40.945626+00:00,1285235,023,1096,2,0,1789864001,,,SCHEDULED
2026-09-20T00:25:40.945626+00:00,1285235,023,1098,3,0,1789864145,,,SCHEDULED
2026-09-20T00:25:40.945626+00:00,1285235,023,1099,4,0,1789864279,,,SCHEDULED
2026-09-20T00:25:40.945626+00:00,1285235,023,1090,5,0,1789864474,,,SCHEDULED
2026-09-20T00:25:40.945626+00:00,1285235,023,1091,6,0,1789864581,,,SCHEDULED
2026-09-20T00:25:40.945626+00:00,1285235,023,1092,7,0,1789864640,,,SCHEDULED
2026-09-20T00:25:40.945626+00:00,1285235,023,1093,8,0,1789864684,,,SCHEDULED
2026-09-20T00:25:40.945626+00:00,1285235,023,1094,9,0,1789864729,,,SCHEDULED
2026-09-20T00:25:40.945626+00:00,1285235,023,1455,10,0,1789864806,,,SCHEDULED
2026-09-20T00:25:40.945626+00:00,1285235,023,1456,11,0,1789864877,,,SCHEDULED
2026-09-20T00:25:40.945626+00:00,1285235,023,1457,12,0,1789864942,,,SCHEDULED
2026-09-20T00:25:40.945626+00:00,1285235,023,1458,13,0,1789864999,,,SCHEDULED
2026-09-20T00:25:40.945626+00:00,1285235,023,1460,14,0,1789865067,,,SCHEDULED
2026-09-20T00:25:40.945626+00:00,1285235,023,1461,15,0,1789865111,,,SCHEDULED
2026-09-20T00:25:40.945626+00:00,1285235,023,1462,16,0,1789865141,,,SCHEDULED
2026-09-20T00:25:40.945626+00:00,1285235,023,1463,17,0,1789865203,,,SCHEDULED
2026-09-20T00:25:40.945626+00:00,1285235,023,1464,18,0,1789865239,,,SCHEDULED
2026-09-20T00:25:40.945626+00:00,1285235,023,1465,19,0,1789865279,,,SCHEDULED
2026-09-20T00:25:40.945626+00:00,1285235,023,1466,20,0,1789865310,,,SCHEDULED
2026-09-20T00:25:40.945626+00:00,1285235,023,1467,21,0,1789865351,,,SCHEDULED
2026-09-20T00:25:40.945626+00:00,1285235,023,1468,22,0,1789865387,,,SCHEDULED
2026-09-20T00:25:40.945626+00:00,1285235,023,1469,23,0,1789865435,,,SCHEDULED
2026-09-20T00:25:40.945626+00:00,1285235,023,1470,24,0,1789865476,,,SCHEDULED
2026-09-20T00:25:40.945626+00:00,1285235,023,1471,25,0,1789865530,,,SCHEDULED
2026-09-20T00:25:40.945626+00:00,1285235,023,1473,26,0,1789865611,,,SCHEDULED
2026-09-20T00:25:40.945626+00:00,1285235,023,1474,27,0,1789865629,,,SCHEDULED
2026-09-20T00:25:40.945626+00:00,1285235,023,1475,28,0,1789865667,,,SCHEDULED
2026-09-20T00:25:40.945626+00:00,1285235,023,1476,29,0,1789865711,,,SCHEDULED
2026-09-20T00:25:40.945626+00:00,1285512,026,1546,5,0,1789863930,,,SCHEDULED
2026-09-20T00:25:40.945626+00:00,1285512,026,1547,6,0,1789864010,,,SCHEDULED
2026-09-20T00:25:40.945626+00:00,1285512,026,1548,7,0,1789864055,,,SCHEDULED
2026-09-20T00:25:40.945626+00:00,1285512,026,1549,8,0,1789864118,,,SCHEDULED
2026-09-20T00:25:40.945626+00:00,1285512,026,1550,9,0,1789864170,,,SCHEDULED
2026-09-20T00:25:40.945626+00:00,1285512,026,1551,10,0,1789864230,,,SCHEDULED
2026-09-20T00:25:40.945626+00:00,1285512,026,1552,11,0,1789864300,,,SCHEDULED
2026-09-20T00:25:40.945626+00:00,1285512,026,1553,12,0,1789864364,,,SCHEDULED
2026-09-20T00:25:40.945626+00:00,1285512,026,1554,13,0,1789864443,,,SCHEDULED
2026-09-20T00:25:40.945626+00:00,1285512,026,1555,14,0,1789864491,,,SCHEDULED
2026-09-20T00:25:40.945626+00:00,1285512,026,1556,15,0,1789864561,,,SCHEDULED
2026-09-20T00:25:40.945626+00:00,1285512,026,1557,16,0,1789864676,,,SCHEDULED
2026-09-20T00:25:40.945626+00:00,1285512,026,1558,17,0,1789864740,,,SCHEDULED
2026-09-20T00:25:40.945626+00:00,1285512,026,1559,18,0,1789864830,,,SCHEDULED
2026-09-20T00:25:40.945626+00:00,1285512,026,1560,19,0,1789864875,,,SCHEDULED
2026-09-20T00:25:40.945626+00:00,1285512,026,1561,20,0,1789864921,,,SCHEDULED
2026-09-20T00:25:40.945626+00:00,1285512,026,1562,21,0,1789865010,,,SCHEDULED
2026-09-20T00:25:40.945626+00:00,1285512,026,1564,22,0,1789865053,,,SCHEDULED
2026-09-20T00:25:40.945626+00:00,1285512,026,1565,23,0,1789865091,,,SCHEDULED
2026-09-20T00:25:40.945626+00:00,1285512,026,1566,24,0,1789865134,,,SCHEDULED
2026-09-20T00:25:40.945626+00:00,1285512,026,1596,25,0,1789865180,,,SCHEDULED
2026-09-20T00:25:40.945626+00:00,1285512,026,1597,26,0,1789865270,,,SCHEDULED
2026-09-20T00:25:40.945626+00:00,1285512,026,1598,27,0,1789865357,,,SCHEDULED
2026-09-20T00:25:40.945626+00:00,1285512,026,3097,28,0,1789865441,,,SCHEDULED
2026-09-20T00:25:40.945626+00:00,1285512,026,3098,29,0,1789865506,,,SCHEDULED
2026-09-20T00:25:40.945626+00:00,1285512,026,9800,30,0,1789865550,,,SCHEDULED
2026-09-20T00:25:40.945626+00:00,1285633,030,275,1,,,0,1789864200,SCHEDULED
2026-09-20T00:25:40.945626+00:00,1285633,030,1689,2,0,1789864327,,,SCHEDULED
2026-09-20T00:25:40.945626+00:00,1285633,030,1691,3,0,1789864370,,,SCHEDULED
2026-09-20T00:25:40.945626+00:00,1285633,030,1692,4,0,1789864384,,,SCHEDULED
2026-09-20T00:25:40.945626+00:00,1285633,030,1693,5,0,1789864406,,,SCHEDULED
2026-09-20T00:25:40.945626+00:00,1285633,030,1694,6,0,1789864425,,,SCHEDULED
2026-09-20T00:25:40.945626+00:00,1285633,030,1695,7,0,1789864440,,,SCHEDULED
2026-09-20T00:25:40.945626+00:00,1285633,030,1697,8,0,1789864483,,,SCHEDULED
2026-09-20T00:25:40.945626+00:00,1285633,030,1699,9,0,1789864531,,,SCHEDULED
2026-09-20T00:25:40.945626+00:00,1285633,030,1700,10,0,1789864560,,,SCHEDULED
2026-09-20T00:25:40.945626+00:00,1285633,030,1701,11,0,1789864585,,,SCHEDULED
2026-09-20T00:25:40.945626+00:00,1285633,030,1702,12,0,1789864624,,,SCHEDULED
2026-09-20T00:25:40.945626+00:00,1285633,030,1703,13,0,1789864662,,,SCHEDULED
2026-09-20T00:25:40.945626+00:00,1285633,030,1704,14,0,1789864727,,,SCHEDULED
2026-09-20T00:25:40.945626+00:00,1285633,030,1705,15,0,1789864795,,,SCHEDULED
2026-09-20T00:25:40.945626+00:00,1285633,030,1707,16,0,1789864860,,,SCHEDULED
2026-09-20T00:25:40.945626+00:00,1285633,030,1708,17,0,1789864885,,,SCHEDULED
2026-09-20T00:25:40.945626+00:00,1285633,030,1709,18,0,1789864917,,,SCHEDULED
2026-09-20T00:25:40.945626+00:00,1285633,030,1710,19,0,1789864955,,,SCHEDULED
2026-09-20T00:25:40.945626+00:00,1285633,030,1711,20,0,1789864989,,,SCHEDULED
2026-09-20T00:25:40.945626+00:00,1285633,030,519,21,0,1789865007,,,SCHEDULED
2026-09-20T00:25:40.945626+00:00,1285633,030,521,22,0,1789865041,,,SCHEDULED
2026-09-20T00:25:40.945626+00:00,1285633,030,522,23,0,1789865088,,,SCHEDULED
2026-09-20T00:25:40.945626+00:00,1285633,030,525,24,0,1789865155,,,SCHEDULED
2026-09-20T00:25:40.945626+00:00,1285633,030,526,25,0,1789865238,,,SCHEDULED
2026-09-20T00:25:40.945626+00:00,1285633,030,527,26,0,1789865259,,,SCHEDULED
2026-09-20T00:25:40.945626+00:00,1285633,030,528,27,0,1789865280,,,SCHEDULED
2026-09-20T00:25:40.945626+00:00,1285633,030,5252,28,0,1789865443,,,SCHEDULED
2026-09-20T00:25:40.945626+00:00,1285633,030,281,29,0,1789865592,,,SCHEDULED
2026-09-20T00:25:40.945626+00:00,1285479,026,8958,50,0,1789863983,,,SCHEDULED
2026-09-20T00:25:40.945626+00:00,1288108,093,3332,2,0,1789863978,,,SCHEDULED
2026-09-20T00:25:40.945626+00:00,1288108,093,3333,3,0,1789864037,,,SCHEDULED
2026-09-20T00:25:40.945626+00:00,1288108,093,3334,4,0,1789864085,,,SCHEDULED
2026-09-20T00:25:40.945626+00:00,1288108,093,3335,5,0,1789864129,,,SCHEDULED
2026-09-20T00:25:40.945626+00:00,1288108,093,4655,6,0,1789864151,,,SCHEDULED
2026-09-20T00:25:40.945626+00:00,1288108,093,875,7,0,1789864202,,,SCHEDULED
2026-09-20T00:25:40.945626+00:00,1288108,093,5369,8,0,1789864268,,,SCHEDULED
2026-09-20T00:25:40.945626+00:00,1288108,093,4720,9,0,1789864355,,,SCHEDULED
2026-09-20T00:25:40.945626+00:00,1288108,093,4721,10,0,1789864399,,,SCHEDULED
2026-09-20T00:25:40.945626+00:00,1288108,093,4743,11,0,1789864458,,,SCHEDULED
2026-09-20T00:25:40.945626+00:00,1288108,093,1576,12,0,1789864540,,,SCHEDULED
2026-09-20T00:25:40.945626+00:00,1288108,093,3555,13,0,1789864746,,,SCHEDULED
2026-09-20T00:25:40.945626+00:00,1288108,093,3556,14,0,1789864781,,,SCHEDULED
2026-09-20T00:25:40.945626+00:00,1288108,093,3557,15,0,1789864825,,,SCHEDULED
2026-09-20T00:25:40.945626+00:00,1288108,093,3540,16,0,1789864878,,,SCHEDULED
2026-09-20T00:25:40.945626+00:00,1288108,093,3541,17,0,1789864903,,,SCHEDULED
2026-09-20T00:25:40.945626+00:00,1288108,093,3542,18,0,1789864918,,,SCHEDULED
2026-09-20T00:25:40.945626+00:00,1288108,093,3543,19,0,1789864942,,,SCHEDULED
2026-09-20T00:25:40.945626+00:00,1288108,093,3544,20,0,1789864966,,,SCHEDULED
2026-09-20T00:25:40.945626+00:00,1288108,093,3545,21,0,1789864994,,,SCHEDULED
2026-09-20T00:25:40.945626+00:00,1288108,093,3547,22,0,1789865054,,,SCHEDULED
2026-09-20T00:25:40.945626+00:00,1288108,093,3548,23,0,1789865088,,,SCHEDULED
2026-09-20T00:25:40.945626+00:00,1288108,093,3549,24,0,1789865113,,,SCHEDULED
2026-09-20T00:25:40.945626+00:00,1288108,093,3550,25,0,1789865145,,,SCHEDULED
2026-09-20T00:25:40.945626+00:00,1288108,093,3551,26,0,1789865176,,,SCHEDULED
2026-09-20T00:25:40.945626+00:00,1288108,093,3552,27,0,1789865208,,,SCHEDULED
2026-09-20T00:25:40.945626+00:00,1288108,093,3508,28,0,1789865238,,,SCHEDULED
2026-09-20T00:25:40.945626+00:00,1288108,093,3509,29,0,1789865287,,,SCHEDULED
2026-09-20T00:25:40.945626+00:00,1288108,093,3510,30,0,1789865344,,,SCHEDULED
2026-09-20T00:25:40.945626+00:00,1288108,093,3069,31,0,1789865490,,,SCHEDULED
2026-09-20T00:25:40.945626+00:00,1288108,093,3049,32,0,1789865577,,,SCHEDULED
2026-09-20T00:25:40.945626+00:00,1288108,093,3070,33,0,1789865621,,,SCHEDULED
2026-09-20T00:25:40.945626+00:00,1288108,093,3071,34,0,1789865665,,,SCHEDULED
2026-09-20T00:25:40.945626+00:00,1288108,093,3072,35,0,1789865701,,,SCHEDULED
2026-09-20T00:25:40.945626+00:00,1285070,021,3709,10,0,1789863977,,,SCHEDULED
2026-09-20T00:25:40.945626+00:00,1285070,021,3710,11,0,1789864027,,,SCHEDULED
2026-09-20T00:25:40.945626+00:00,1285070,021,3711,12,0,1789864090,,,SCHEDULED
2026-09-20T00:25:40.945626+00:00,1285070,021,3712,13,0,1789864166,,,SCHEDULED
2026-09-20T00:25:40.945626+00:00,1285070,021,3713,14,0,1789864277,,,SCHEDULED
2026-09-20T00:25:40.945626+00:00,1285070,021,1184,15,0,1789864457,,,SCHEDULED
2026-09-20T00:25:40.945626+00:00,1285070,021,3301,16,0,1789864480,,,SCHEDULED
2026-09-20T00:25:40.945626+00:00,1285070,021,1200,17,0,1789864551,,,SCHEDULED
2026-09-20T00:25:40.945626+00:00,1285070,021,1201,18,0,1789864590,,,SCHEDULED
2026-09-20T00:25:40.945626+00:00,1285070,021,1202,19,0,1789864622,,,SCHEDULED
2026-09-20T00:25:40.945626+00:00,1285070,021,1203,20,0,1789864653,,,SCHEDULED
2026-09-20T00:25:40.945626+00:00,1285070,021,1204,21,0,1789864695,,,SCHEDULED
2026-09-20T00:25:40.945626+00:00,1285070,021,1205,22,0,1789864737,,,SCHEDULED
2026-09-20T00:25:40.945626+00:00,1285070,021,1206,23,0,1789864782,,,SCHEDULED
2026-09-20T00:25:40.945626+00:00,1285070,021,1207,24,0,1789864900,,,SCHEDULED
2026-09-20T00:25:40.945626+00:00,1285070,021,2719,25,0,1789865033,,,SCHEDULED
2026-09-20T00:25:40.945626+00:00,1285070,021,2934,26,0,1789865073,,,SCHEDULED
2026-09-20T00:25:40.945626+00:00,1285070,021,2935,27,0,1789865107,,,SCHEDULED
2026-09-20T00:25:40.945626+00:00,1285070,021,2722,28,0,1789865416,,,SCHEDULED
2026-09-20T00:25:40.945626+00:00,1285070,021,2723,29,0,1789865471,,,SCHEDULED
2026-09-20T00:25:40.945626+00:00,1285070,021,2724,30,0,1789865537,,,SCHEDULED
2026-09-20T00:25:40.945626+00:00,1285070,021,2726,31,0,1789865638,,,SCHEDULED
2026-09-20T00:25:40.945626+00:00,1285070,021,2727,32,0,1789865672,,,SCHEDULED
2026-09-20T00:25:40.945626+00:00,1285070,021,2728,33,0,1789865722,,,SCHEDULED
