poll_time,trip_id,route_id,stop_id,stop_sequence,arrival_delay,arrival_time,departure_delay,departure_time,schedule_relationship
2026-10-04T02:17:19.742664+00:00,1285087,021,2776,8,0,1791080229,,,SCHEDULED
2026-10-04T02:17:19.742664+00:00,1285087,021,2777,9,0,1791080285,,,SCHEDULED
2026-10-04T02:17:19.742664+00:00,1285087,021,2778,10,0,1791080327,,,SCHEDULED
2026-10-04T02:17:19.742664+00:00,1285087,021,2779,11,0,1791080370,,,SCHEDULED
2026-10-04T02:17:19.742664+00:00,1285087,021,2780,12,0,1791080413,,,SCHEDULED
2026-10-04T02:17:19.742664+00:00,1285087,021,2781,13,0,1791080475,,,SCHEDULED
2026-10-04T02:17:19.742664+00:00,1285087,021,2782,14,0,1791080553,,,SCHEDULED
2026-10-04T02:17:19.742664+00:00,1285087,021,2783,15,0,1791080616,,,SCHEDULED
2026-10-04T02:17:19.742664+00:00,1285087,021,2784,16,0,1791080704,,,SCHEDULED
2026-10-04T02:17:19.742664+00:00,1285087,021,3027,17,0,1791080777,,,SCHEDULED
2026-10-04T02:17:19.742664+00:00,1285087,021,3028,18,0,1791080835,,,SCHEDULED
2026-10-04T02:17:19.742664+00:00,1285087,021,2795,19,0,1791080958,,,SCHEDULED
2026-10-04T02:17:19.742664+00:00,1285087,021,2796,20,0,1791081016,,,SCHEDULED
2026-10-04T02:17:19.742664+00:00,1285087,021,2797,21,0,1791081107,,,SCHEDULED
2026-10-04T02:17:19.742664+00:00,1285087,021,2798,22,0,1791081220,,,SCHEDULED
2026-10-04T02:17:19.742664+00:00,1285087,021,2799,23,0,1791081246,,,SCHEDULED
2026-10-04T02:17:19.742664+00:00,1285087,021,2800,24,0,1791081298,,,SCHEDULED
2026-10-04T02:17:19.742664+00:00,1285087,021,2801,25,0,1791081365,,,SCHEDULED
2026-10-04T02:17:19.742664+00:00,1285087,021,2802,26,0,1791081396,,,SCHEDULED
2026-10-04T02:17:19.742664+00:00,1285087,021,2803,27,0,1791081429,,,SCHEDULED
2026-10-04T02:17:19.742664+00:00,1285087,021,2804,28,0,1791081448,,,SCHEDULED
2026-10-04T02:17:19.742664+00:00,1285087,021,2805,29,0,1791081482,,,SCHEDULED
2026-10-04T02:17:19.742664+00:00,1285087,021,2806,30,0,1791081511,,,SCHEDULED
2026-10-04T02:17:19.742664+00:00,1285087,021,2807,31,0,1791081832,,,SCHEDULED
2026-10-04T02:17:19.742664+00:00,1285087,021,1184,32,0,1791081886,,,SCHEDULED
2026-10-04T02:17:19.742664+00:00,1285087,021,3301,33,0,1791081939,,,SCHEDULED
2026-10-04T02:17:19.742664+00:00,1285087,021,2807,34,0,1791082003,,,SCHEDULED
2026-10-04T02:17:19.742664+00:00,1286254,056,490,23,0,1791080314,,,SCHEDULED
2026-10-04T02:17:19.742664+00:00,1286254,056,491,24,0,1791080380,,,SCHEDULED
2026-10-04T02:17:19.742664+00:00,1286254,056,492,25,0,1791080392,,,SCHEDULED
2026-10-04T02:17:19.742664+00:00,1286254,056,493,26,0,1791080418,,,SCHEDULED
2026-10-04T02:17:19.742664+00:00,1286254,056,494,27,0,1791080440,,,SCHEDULED
2026-10-04T02:17:19.742664+00:00,1286254,056,3831,28,0,1791080603,,,SCHEDULED
2026-10-04T02:17:19.742664+00:00,1286254,056,3832,29,0,1791080679,,,SCHEDULED
2026-10-04T02:17:19.742664+00:00,1286254,056,3833,30,0,1791080727,,,SCHEDULED
2026-10-04T02:17:19.742664+00:00,1286254,056,3834,31,0,1791080811,,,SCHEDULED
2026-10-04T02:17:19.742664+00:00,1286254,056,3939,32,0,1791080914,,,SCHEDULED
2026-10-04T02:17:19.742664+00:00,1286254,056,5107,33,0,1791080983,,,SCHEDULED
2026-10-04T02:17:19.742664+00:00,1286254,056,4020,34,0,1791081018,,,SCHEDULED
2026-10-04T02:17:19.742664+00:00,1286254,056,4021,35,0,1791081050,,,SCHEDULED
2026-10-04T02:17:19.742664+00:00,1286254,056,4022,36,0,1791081085,,,SCHEDULED
2026-10-04T02:17:19.742664+00:00,1286254,056,242,37,0,1791081148,,,SCHEDULED
2026-10-04T02:17:19.742664+00:00,1286254,056,243,38,0,1791081173,,,SCHEDULED
2026-10-04T02:17:19.742664+00:00,1286254,056,244,39,0,1791081193,,,SCHEDULED
2026-10-04T02:17:19.742664+00:00,1286254,056,1038,40,0,1791081220,,,SCHEDULED
2026-10-04T02:17:19.742664+00:00,1286254,056,4019,41,0,1791081274,,,SCHEDULED
2026-10-04T02:17:19.742664+00:00,1286057,051,1939,29,0,1791080232,,,SCHEDULED
2026-10-04T02:17:19.742664+00:00,1286057,051,1839,30,0,1791080285,,,SCHEDULED
2026-10-04T02:17:19.742664+00:00,1286057,051,1841,31,0,1791080351,,,SCHEDULED
2026-10-04T02:17:19.742664+00:00,1286057,051,1842,32,0,1791080374,,,SCHEDULED
2026-10-04T02:17:19.742664+00:00,1286057,051,1843,33,0,1791080451,,,SCHEDULED
2026-10-04T02:17:19.742664+00:00,1286057,051,1844,34,0,1791080520,,,SCHEDULED
2026-10-04T02:17:19.742664+00:00,1286057,051,1845,35,0,1791080541,,,SCHEDULED
2026-10-04T02:17:19.742664+00:00,1286057,051,1846,36,0,1791080560,,,SCHEDULED
2026-10-04T02:17:19.742664+00:00,1286057,051,1847,37,0,1791080568,,,SCHEDULED
2026-10-04T02:17:19.742664+00:00,1286057,051,1848,38,0,1791080598,,,SCHEDULED
2026-10-04T02:17:19.742664+00:00,1286057,051,1849,39,0,1791080671,,,SCHEDULED
2026-10-04T02:17:19.742664+00:00,1286057,051,1850,40,0,1791080721,,,SCHEDULED
2026-10-04T02:17:19.742664+00:00,1286057,051,1851,41,0,1791080806,,,SCHEDULED
2026-10-04T02:17:19.742664+00:00,1286057,051,1852,42,0,1791080863,,,SCHEDULED
2026-10-04T02:17:19.742664+00:00,1286057,051,1853,43,0,1791080907,,,SCHEDULED
2026-10-04T02:17:19.742664+00:00,1286057,051,1854,44,0,1791080923,,,SCHEDULED
2026-10-04T02:17:19.742664+00:00,1286057,051,1855,45,0,1791080942,,,SCHEDULED
2026-10-04T02:17:19.742664+00:00,1286057,051,1856,46,0,1791080961,,,SCHEDULED
2026-10-04T02:17:19.742664+00:00,1286057,051,1857,47,0,1791080971,,,SCHEDULED
2026-10-04T02:17:19.742664+00:00,1286057,051,1858,48,0,1791080976,,,SCHEDULED
2026-10-04T02:17:19.742664+00:00,1286057,051,1859,49,0,1791080988,,,SCHEDULED
2026-10-04T02:17:19.742664+00:00,1286057,051,1860,50,0,1791081042,,,SCHEDULED
2026-10-04T02:17:19.742664+00:00,1286057,051,1861,51,0,1791081064,,,SCHEDULED
2026-10-04T02:17:19.742664+00:00,1286057,051,2020,52,0,1791081107,,,SCHEDULED
2026-10-04T02:17:19.742664+00:00,1286057,051,2021,53,0,1791081171,,,SCHEDULED
2026-10-04T02:17:19.742664+00:00,1286057,051,3130,54,0,1791081230,,,SCHEDULED
2026-10-04T02:17:19.742664+00:00,1286497,062,4141,2,0,1791080234,,,SCHEDULED
2026-10-04T02:17:19.742664+00:00,1286497,062,4142,3,0,1791080276,,,SCHEDULED
2026-10-04T02:17:19.742664+00:00,1286497,062,4143,4,0,1791080341,,,SCHEDULED
2026-10-04T02:17:19.742664+00:00,1286497,062,5251,5,0,1791080377,,,SCHEDULED
2026-10-04T02:17:19.742664+00:00,1286497,062,4144,6,0,1791080392,,,SCHEDULED
2026-10-04T02:17:19.742664+00:00,1286497,062,4145,7,0,1791080404,,,SCHEDULED
2026-10-04T02:17:19.742664+00:00,1286497,062,4146,8,0,1791080418,,,SCHEDULED
2026-10-04T02:17:19.742664+00:00,1286497,062,506,9,0,1791080466,,,SCHEDULED
2026-10-04T02:17:19.742664+00:00,1286497,062,507,10,0,1791080481,,,SCHEDULED
2026-10-04T02:17:19.742664+00:00,1286497,062,508,11,0,1791080527,,,SCHEDULED
2026-10-04T02:17:19.742664+00:00,1286497,062,509,12,0,1791080551,,,SCHEDULED
2026-10-04T02:17:19.742664+00:00,1286497,062,510,13,0,1791080574,,,SCHEDULED
2026-10-04T02:17:19.742664+00:00,1286497,062,511,14,0,1791080600,,,SCHEDULED
2026-10-04T02:17:19.742664+00:00,1286497,062,513,15,0,1791080651,,,SCHEDULED
2026-10-04T02:17:19.742664+00:00,1286497,062,514,16,0,1791080706,,,SCHEDULED
2026-10-04T02:17:19.742664+00:00,1286497,062,515,17,0,1791080736,,,SCHEDULED
2026-10-04T02:17:19.742664+00:00,1286497,062,516,18,0,1791080767,,,SCHEDULED
2026-10-04T02:17:19.742664+00:00,1286497,062,517,19,0,1791080783,,,SCHEDULED
2026-10-04T02:17:19.742664+00:00,1286497,062,518,20,0,1791080830,,,SCHEDULED
2026-10-04T02:17:19.742664+00:00,1286497,062,2331,21,0,1791080864,,,SCHEDULED
2026-10-04T02:17:19.742664+00:00,1286497,062,2332,22,0,1791080892,,,SCHEDULED
2026-10-04T02:17:19.742664+00:00,1286497,062,2333,23,0,1791080922,,,SCHEDULED
2026-10-04T02:17:19.742664+00:00,1286497,062,2334,24,0,1791080945,,,SCHEDULED
2026-10-04T02:17:19.742664+00:00,1286497,062,2335,25,0,1791080977,,,SCHEDULED
2026-10-04T02:17:19.742664+00:00,1286497,062,1352,26,0,1791080992,,,SCHEDULED
2026-10-04T02:17:19.742664+00:00,1286497,062,2337,27,0,1791081015,,,SCHEDULED
2026-10-04T02:17:19.742664+00:00,1286497,062,2338,28,0,1791081059,,,SCHEDULED
2026-10-04T02:17:19.742664+00:00,1286497,062,2339,29,0,1791081101,,,SCHEDULED
2026-10-04T02:17:19.742664+00:00,1286497,062,2341,30,0,1791081142,,,SCHEDULED
2026-10-04T02:17:19.742664+00:00,1286497,062,2342,31,0,1791081177,,,SCHEDULED
2026-10-04T02:17:19.742664+00:00,1286497,062,2229,32,0,1791081249,,,SCHEDULED
2026-10-04T02:17:19.742664+00:00,1286497,062,2230,33,0,1791081503,,,SCHEDULED
2026-10-04T02:17:19.742664+00:00,1286497,062,2231,34,0,1791081525,,,SCHEDULED
2026-10-04T02:17:19.742664+00:00,1286497,062,2232,35,0,1791081544,,,SCHEDULED
2026-10-04T02:17:19.742664+00:00,1286497,062,2233,36,0,1791081609,,,SCHEDULED
2026-10-04T02:17:19.742664+00:00,1286497,062,2234,37,0,1791081655,,,SCHEDULED
2026-10-04T02:17:19.742664+00:00,1286497,062,2235,38,0,1791081690,,,SCHEDULED
2026-10-04T02:17:19.742664+00:00,1286497,062,2236,39,0,1791081716,,,SCHEDULED
2026-10-04T02:17:19.742664+00:00,1287264,081,3134,27,0,1791080345,,,SCHEDULED
2026-10-04T02:17:19.742664+00:00,1287264,081,3135,28,0,1791080431,,,SCHEDULED
2026-10-04T02:17:19.742664+00:00,1287264,081,3136,29,0,1791080494,,,SCHEDULED
2026-10-04T02:17:19.742664+00:00,1287264,081,3137,30,0,1791080580,,,SCHEDULED
2026-10-04T02:17:19.742664+00:00,1287264,081,3138,31,0,1791080711,,,SCHEDULED
2026-10-04T02:17:19.742664+00:00,1287264,081,3139,32,0,1791080781,,,SCHEDULED
2026-10-04T02:17:19.742664+00:00,1287264,081,3140,33,0,1791080847,,,SCHEDULED
2026-10-04T02:17:19.742664+00:00,1287264,081,3141,34,0,1791080884,,,SCHEDULED
2026-10-04T02:17:19.742664+00:00,1287264,081,3142,35,0,1791080916,,,SCHEDULED
2026-10-04T02:17:19.742664+00:00,1287264,081,3143,36,0,1791080972,,,SCHEDULED
2026-10-04T02:17:19.742664+00:00,1287264,081,3144,37,0,1791081004,,,SCHEDULED
2026-10-04T02:17:19.742664+00:00,1286253,056,4140,1,,,0,1791080912,SCHEDULED
2026-10-04T02:17:19.742664+00:00,1286253,056,4141,2,0,1791080963,,,SCHEDULED
2026-10-04T02:17:19.742664+00:00,1286253,056,4142,3,0,1791081002,,,SCHEDULED
2026-10-04T02:17:19.742664+00:00,1286253,056,4143,4,0,1791081079,,,SCHEDULED
2026-10-04T02:17:19.742664+00:00,1286253,056,5251,5,0,1791081131,,,SCHEDULED
2026-10-04T02:17:19.742664+00:00,1286253,056,4144,6,0,1791081146,,,SCHEDULED
2026-10-04T02:17:19.742664+00:00,1286253,056,4145,7,0,1791081157,,,SCHEDULED
2026-10-04T02:17:19.742664+00:00,1286253,056,4146,8,0,1791081174,,,SCHEDULED
2026-10-04T02:17:19.742664+00:00,1286253,056,478,9,0,1791081205,,,SCHEDULED
2026-10-04T02:17:19.742664+00:00,1286253,056,172,10,0,1791081294,,,SCHEDULED
2026-10-04T02:17:19.742664+00:00,1286253,056,480,11,0,1791081378,,,SCHEDULED
2026-10-04T02:17:19.742664+00:00,1286253,056,1733,12,0,1791081448,,,SCHEDULED
2026-10-04T02:17:19.742664+00:00,1286253,056,481,13,0,1791081481,,,SCHEDULED
2026-10-04T02:17:19.742664+00:00,1286253,056,482,14,0,1791081541,,,SCHEDULED
2026-10-04T02:17:19.742664+00:00,1286253,056,483,15,0,1791081558,,,SCHEDULED
2026-10-04T02:17:19.742664+00:00,1286253,056,484,16,0,1791081575,,,SCHEDULED
2026-10-04T02:17:19.742664+00:00,1286253,056,485,17,0,1791081617,,,SCHEDULED
2026-10-04T02:17:19.742664+00:00,1286253,056,486,18,0,1791081684,,,SCHEDULED
2026-10-04T02:17:19.742664+00:00,1286253,056,487,19,0,1791081761,,,SCHEDULED
2026-10-04T02:17:19.742664+00:00,1286253,056,488,20,0,1791081788,,,SCHEDULED
2026-10-04T02:17:19.742664+00:00,1286253,056,5200,21,0,1791081909,,,SCHEDULED
2026-10-04T02:17:19.742664+00:00,1287864,087,241,1,,,0,1791081300,SCHEDULED
2026-10-04T02:17:19.742664+00:00,1287864,087,1255,2,0,1791081432,,,SCHEDULED
2026-10-04T02:17:19.742664+00:00,1287864,087,1263,3,0,1791081480,,,SCHEDULED
2026-10-04T02:17:19.742664+00:00,1287864,087,3179,4,0,1791081499,,,SCHEDULED
2026-10-04T02:17:19.742664+00:00,1287864,087,3180,5,0,1791081557,,,SCHEDULED
2026-10-04T02:17:19.742664+00:00,1287864,087,3181,6,0,1791081596,,,SCHEDULED
2026-10-04T02:17:19.742664+00:00,1287864,087,3182,7,0,1791081624,,,SCHEDULED
2026-10-04T02:17:19.742664+00:00,1287864,087,3183,8,0,1791081689,,,SCHEDULED
2026-10-04T02:17:19.742664+00:00,1287864,087,3184,9,0,1791081728,,,SCHEDULED
2026-10-04T02:17:19.742664+00:00,1287864,087,3185,10,0,1791081780,,,SCHEDULED
2026-10-04T02:17:19.742664+00:00,1287864,087,3187,11,0,1791081844,,,SCHEDULED
2026-10-04T02:17:19.742664+00:00,1287864,087,3188,12,0,1791081888,,,SCHEDULED
2026-10-04T02:17:19.742664+00:00,1287864,087,3189,13,0,1791081930,,,SCHEDULED
2026-10-04T02:17:19.742664+00:00,1287864,087,3190,14,0,1791082000,,,SCHEDULED
2026-10-04T02:17:19.742664+00:00,1286016,051,3131,1,,,0,1791081925,SCHEDULED
2026-10-04T02:17:19.742664+00:00,1286016,051,1884,2,0,1791082019,,,SCHEDULED
2026-10-04T02:17:19.742664+00:00,1284156,001,1184,1,,,0,1791081660,SCHEDULED
2026-10-04T02:17:19.742664+00:00,1284156,001,3301,2,0,1791081682,,,SCHEDULED
2026-10-04T02:17:19.742664+00:00,1284156,001,1187,3,0,1791081723,,,SCHEDULED
2026-10-04T02:17:19.742664+00:00,1284156,001,1188,4,0,1791081777,,,SCHEDULED
2026-10-04T02:17:19.742664+00:00,1284156,001,1189,5,0,1791081824,,,SCHEDULED
2026-10-04T02:17:19.742664+00:00,1284156,001,1190,6,0,1791081922,,,SCHEDULED
2026-10-04T02:17:19.742664+00:00,1284156,001,1191,7,0,1791081961,,,SCHEDULED
2026-10-04T02:17:19.742664+00:00,1284156,001,1192,8,0,1791081998,,,SCHEDULED
2026-10-04T02:17:19.742664+00:00,1284430,011,8908,60,0,1791080232,,,SCHEDULED
2026-10-04T02:17:19.742664+00:00,1286017,051,324,43,0,1791080280,,,SCHEDULED
2026-10-04T02:17:19.742664+00:00,1286017,051,325,44,0,1791080302,,,SCHEDULED
2026-10-04T02:17:19.742664+00:00,1286017,051,327,46,0,1791080346,,,SCHEDULED
2026-10-04T02:17:19.742664+00:00,1286017,051,328,47,0,1791080366,,,SCHEDULED
2026-10-04T02:17:19.742664+00:00,1286017,051,329,48,0,1791080400,,,SCHEDULED
2026-10-04T02:17:19.742664+00:00,1286017,051,330,49,0,1791080484,,,SCHEDULED
2026-10-04T02:17:19.742664+00:00,1286017,051,331,50,0,1791080536,,,SCHEDULED
2026-10-04T02:17:19.742664+00:00,1285203,023,1387,53,0,1791080272,,,SCHEDULED
2026-10-04T02:17:19.742664+00:00,1285203,023,1388,54,0,1791080333,,,SCHEDULED
2026-10-04T02:17:19.742664+00:00,1285203,023,1389,55,0,1791080397,,,SCHEDULED
2026-10-04T02:17:19.742664+00:00,1285203,023,1390,56,0,1791080455,,,SCHEDULED
2026-10-04T02:17:19.742664+00:00,1285203,023,1391,57,0,1791080492,,,SCHEDULED
2026-10-04T02:17:19.742664+00:00,1285203,023,1392,58,0,1791080544,,,SCHEDULED
2026-10-04T02:17:19.742664+00:00,1285203,023,1393,59,0,1791080578,,,SCHEDULED
2026-10-04T02:17:19.742664+00:00,1285203,023,1394,60,0,1791080608,,,SCHEDULED
2026-10-04T02:17:19.742664+00:00,1285203,023,1395,61,0,1791080660,,,SCHEDULED
2026-10-04T02:17:19.742664+00:00,1285203,023,1163,62,0,1791080737,,,SCHEDULED
2026-10-04T02:17:19.742664+00:00,1285203,023,1164,63,0,1791080820,,,SCHEDULED
2026-10-04T02:17:19.742664+00:00,1285203,023,1165,64,0,1791081025,,,SCHEDULED
2026-10-04T02:17:19.742664+00:00,1285203,023,1166,65,0,1791081150,,,SCHEDULED
2026-10-04T02:17:19.742664+00:00,1285203,023,1167,66,0,1791081189,,,SCHEDULED
2026-10-04T02:17:19.742664+00:00,1285203,023,1168,67,0,1791081231,,,SCHEDULED
2026-10-04T02:17:19.742664+00:00,1285203,023,284,68,0,1791081359,,,SCHEDULED
2026-10-04T02:17:19.742664+00:00,1285202,023,1184,1,,,,,NO_DATA
2026-10-04T02:17:19.742664+00:00,1285202,023,3301,2,,,,,NO_DATA
2026-10-04T02:17:19.742664+00:00,1285202,023,1187,3,,,,,NO_DATA
2026-10-04T02:17:19.742664+00:00,1285202,023,1188,4,,,,,NO_DATA
2026-10-04T02:17:19.742664+00:00,1285202,023,1189,5,,,,,NO_DATA
2026-10-04T02:17:19.742664+00:00,1285202,023,1190,6,,,,,NO_DATA
2026-10-04T02:17:19.742664+00:00,1285202,023,1337,7,,,,,NO_DATA
2026-10-04T02:17:19.742664+00:00,1285202,023,1338,8,,,,,NO_DATA
2026-10-04T02:17:19.742664+00:00,1285202,023,1339,9,,,,,NO_DATA
2026-10-04T02:17:19.742664+00:00,1285202,023,1340,10,,,,,NO_DATA
2026-10-04T02:17:19.742664+00:00,1285202,023,1341,11,,,,,NO_DATA
2026-10-04T02:17:19.742664+00:00,1285202,023,1342,12,,,,,NO_DATA
2026-10-04T02:17:19.742664+00:00,1285202,023,1343,13,,,,,NO_DATA
2026-10-04T02:17:19.742664+00:00,1285202,023,1344,14,,,,,NO_DATA
2026-10-04T02:17:19.742664+00:00,1285202,023,1346,15,,,,,NO_DATA
2026-10-04T02:17:19.742664+00:00,1285202,023,5362,16,,,,,NO_DATA
2026-10-04T02:17:19.742664+00:00,1285202,023,5361,17,,,,,NO_DATA
2026-10-04T02:17:19.742664+00:00,1285202,023,1348,18,,,,,NO_DATA
2026-10-04T02:17:19.742664+00:00,1285202,023,1349,19,,,,,NO_DATA
2026-10-04T02:17:19.742664+00:00,1285202,023,1350,20,,,,,NO_DATA
2026-10-04T02:17:19.742664+00:00,1285202,023,1351,21,,,,,NO_DATA
2026-10-04T02:17:19.742664+00:00,1285202,023,1353,22,,,,,NO_DATA
2026-10-04T02:17:19.742664+00:00,1285202,023,1354,23,,,,,NO_DATA
2026-10-04T02:17:19.742664+00:00,1285202,023,1355,24,,,,,NO_DATA
2026-10-04T02:17:19.742664+00:00,1285202,023,1356,25,,,,,NO_DATA
2026-10-04T02:17:19.742664+00:00,1285202,023,1357,26,,,,,NO_DATA
2026-10-04T02:17:19.742664+00:00,1285202,023,1358,27,,,,,NO_DATA
2026-10-04T02:17:19.742664+00:00,1285202,023,1359,28,,,,,NO_DATA
2026-10-04T02:17:19.742664+00:00,1285202,023,1360,29,,,,,NO_DATA
2026-10-04T02:17:19.742664+00:00,1285202,023,1361,30,,,,,NO_DATA
2026-10-04T02:17:19.742664+00:00,1285202,023,1363,31,,,,,NO_DATA
2026-10-04T02:17:19.742664+00:00,1285202,023,1139,32,,,,,NO_DATA
2026-10-04T02:17:19.742664+00:00,1285202,023,1365,33,,,,,NO_DATA
2026-10-04T02:17:19.742664+00:00,1285202,023,1366,34,,,,,NO_DATA
2026-10-04T02:17:19.742664+00:00,1285202,023,1367,35,,,,,NO_DATA
2026-10-04T02:17:19.742664+00:00,1285202,023,1368,36,,,,,NO_DATA
2026-10-04T02:17:19.742664+00:00,1285202,023,1369,37,,,,,NO_DATA
2026-10-04T02:17:19.742664+00:00,1284157,001,1190,6,0,1791080273,,,SCHEDULED
2026-10-04T02:17:19.742664+00:00,1284157,001,1191,7,0,1791080305,,,SCHEDULED
2026-10-04T02:17:19.742664+00:00,1284157,001,1192,8,0,1791080366,,,SCHEDULED
2026-10-04T02:17:19.742664+00:00,1284157,001,1193,9,0,1791080407,,,SCHEDULED
2026-10-04T02:17:19.742664+00:00,1284157,001,1195,10,0,1791080415,,,SCHEDULED
2026-10-04T02:17:19.742664+00:00,1284157,001,1196,11,0,1791080531,,,SCHEDULED
2026-10-04T02:17:19.742664+00:00,1284157,001,1197,12,0,1791080565,,,SCHEDULED
2026-10-04T02:17:19.742664+00:00,1284157,001,1198,13,0,1791080587,,,SCHEDULED
2026-10-04T02:17:19.742664+00:00,1284157,001,3348,14,0,1791080743,,,SCHEDULED
2026-10-04T02:17:19.742664+00:00,1284157,001,3349,15,0,1791080770,,,SCHEDULED
2026-10-04T02:17:19.742664+00:00,1284157,001,3350,16,0,1791080785,,,SCHEDULED
2026-10-04T02:17:19.742664+00:00,1284157,001,3351,17,0,1791080877,,,SCHEDULED
2026-10-04T02:17:19.742664+00:00,1284157,001,3352,18,0,1791080947,,,SCHEDULED
2026-10-04T02:17:19.742664+00:00,1284157,001,3353,19,0,1791080989,,,SCHEDULED
2026-10-04T02:17:19.742664+00:00,1284157,001,3354,20,0,1791081027,,,SCHEDULED
2026-10-04T02:17:19.742664+00:00,1284157,001,3355,21,0,1791081097,,,SCHEDULED
2026-10-04T02:17:19.742664+00:00,1284157,001,3356,22,0,1791081207,,,SCHEDULED
2026-10-04T02:17:19.742664+00:00,1284157,001,3357,23,0,1791081227,,,SCHEDULED
2026-10-04T02:17:19.742664+00:00,1284157,001,563,24,0,1791081286,,,SCHEDULED
2026-10-04T02:17:19.742664+00:00,1284157,001,565,25,0,1791081348,,,SCHEDULED
2026-10-04T02:17:19.742664+00:00,1284157,001,566,26,0,1791081355,,,SCHEDULED
2026-10-04T02:17:19.742664+00:00,1284157,001,567,27,0,1791081358,,,SCHEDULED
2026-10-04T02:17:19.742664+00:00,1284157,001,568,28,0,1791081478,,,SCHEDULED
2026-10-04T02:17:19.742664+00:00,1284157,001,570,29,0,1791081511,,,SCHEDULED
2026-10-04T02:17:19.742664+00:00,1284157,001,573,30,0,1791081548,,,SCHEDULED
2026-10-04T02:17:19.742664+00:00,1284157,001,3097,31,0,1791081603,,,SCHEDULED
2026-10-04T02:17:19.742664+00:00,1284157,001,3098,32,0,1791081653,,,SCHEDULED
2026-10-04T02:17:19.742664+00:00,1287745,086,3164,26,0,1791080224,,,SCHEDULED
2026-10-04T02:17:19.742664+00:00,1287745,086,699,27,0,1791080371,,,SCHEDULED
2026-10-04T02:17:19.742664+00:00,1287745,086,703,28,0,1791080465,,,SCHEDULED
2026-10-04T02:17:19.742664+00:00,1287745,086,700,29,0,1791080494,,,SCHEDULED
2026-10-04T02:17:19.742664+00:00,1287745,086,706,30,0,1791080552,,,SCHEDULED
2026-10-04T02:17:19.742664+00:00,1287745,086,707,31,0,1791080596,,,SCHEDULED
2026-10-04T02:17:19.742664+00:00,1287745,086,708,32,0,1791080613,,,SCHEDULED
2026-10-04T02:17:19.742664+00:00,1287745,086,834,33,0,1791080719,,,SCHEDULED
2026-10-04T02:17:19.742664+00:00,1287745,086,835,34,0,1791080758,,,SCHEDULED
2026-10-04T02:17:19.742664+00:00,1287745,086,836,35,0,1791080835,,,SCHEDULED
2026-10-04T02:17:19.742664+00:00,1287745,086,838,36,0,1791080868,,,SCHEDULED
2026-10-04T02:17:19.742664+00:00,1287745,086,839,37,0,1791080893,,,SCHEDULED
2026-10-04T02:17:19.742664+00:00,1287745,086,840,38,0,1791080946,,,SCHEDULED
2026-10-04T02:17:19.742664+00:00,1287745,086,581,39,0,1791081005,,,SCHEDULED
2026-10-04T02:17:19.742664+00:00,1287745,086,582,40,0,1791081168,,,SCHEDULED
2026-10-04T02:17:19.742664+00:00,1287745,086,583,41,0,1791081199,,,SCHEDULED
2026-10-04T02:17:19.742664+00:00,1287745,086,584,42,0,1791081217,,,SCHEDULED
2026-10-04T02:17:19.742664+00:00,1287745,086,585,43,0,1791081331,,,SCHEDULED
2026-10-04T02:17:19.742664+00:00,1287745,086,586,44,0,1791081371,,,SCHEDULED
2026-10-04T02:17:19.742664+00:00,1285647,030,282,1,,,0,1791081224,SCHEDULED
2026-10-04T02:17:19.742664+00:00,1285647,030,414,2,0,1791081397,,,SCHEDULED
2026-10-04T02:17:19.742664+00:00,1285647,030,415,3,0,1791081510,,,SCHEDULED
2026-10-04T02:17:19.742664+00:00,1285647,030,416,4,0,1791081586,,,SCHEDULED
2026-10-04T02:17:19.742664+00:00,1285647,030,418,5,0,1791081653,,,SCHEDULED
2026-10-04T02:17:19.742664+00:00,1285647,030,4763,6,0,1791081761,,,SCHEDULED
2026-10-04T02:17:19.742664+00:00,1285647,030,1716,7,0,1791081797,,,SCHEDULED
2026-10-04T02:17:19.742664+00:00,1285647,030,1717,8,0,1791081884,,,SCHEDULED
2026-10-04T02:17:19.742664+00:00,1285647,030,1718,9,0,1791081928,,,SCHEDULED
2026-10-04T02:17:19.742664+00:00,1285647,030,1720,10,0,1791082002,,,SCHEDULED
2026-10-04T02:17:19.742664+00:00,1284711,013,4707,19,0,1791080308,,,SCHEDULED
2026-10-04T02:17:19.742664+00:00,1284711,013,4751,20,0,1791080355,,,SCHEDULED
2026-10-04T02:17:19.742664+00:00,1284711,013,5271,21,0,1791080589,,,SCHEDULED
2026-10-04T02:17:19.742664+00:00,1284711,013,9807,22,0,1791080670,,,SCHEDULED
2026-10-04T02:17:19.742664+00:00,1284711,013,1096,23,0,1791081016,,,SCHEDULED
2026-10-04T02:17:19.742664+00:00,1284711,013,1098,24,0,1791081109,,,SCHEDULED
2026-10-04T02:17:19.742664+00:00,1284711,013,1099,25,0,1791081161,,,SCHEDULED
2026-10-04T02:17:19.742664+00:00,1284711,013,1100,26,0,1791081305,,,SCHEDULED
2026-10-04T02:17:19.742664+00:00,1284711,013,1101,27,0,1791081378,,,SCHEDULED
2026-10-04T02:17:19.742664+00:00,1284711,013,1102,28,0,1791081506,,,SCHEDULED
2026-10-04T02:17:19.742664+00:00,1284711,013,1103,29,0,1791081558,,,SCHEDULED
2026-10-04T02:17:19.742664+00:00,1284711,013,1104,30,0,1791081588,,,SCHEDULED
2026-10-04T02:17:19.742664+00:00,1284711,013,1105,31,0,1791081648,,,SCHEDULED
2026-10-04T02:17:19.742664+00:00,1284711,013,1106,32,0,1791081757,,,SCHEDULED
2026-10-04T02:17:19.742664+00:00,1284711,013,1674,33,0,1791081801,,,SCHEDULED
2026-10-04T02:17:19.742664+00:00,1284711,013,1675,34,0,1791081927,,,SCHEDULED
2026-10-04T02:17:19.742664+00:00,1284711,013,1677,35,0,1791081996,,,SCHEDULED
2026-10-04T02:17:19.742664+00:00,1287746,086,418,1,,,0,1791081154,SCHEDULED
2026-10-04T02:17:19.742664+00:00,1287746,086,4763,2,0,1791081182,,,SCHEDULED
2026-10-04T02:17:19.742664+00:00,1287746,086,113,3,0,1791081214,,,SCHEDULED
2026-10-04T02:17:19.742664+00:00,1287746,086,525,4,0,1791081282,,,SCHEDULED
2026-10-04T02:17:19.742664+00:00,1287746,086,526,5,0,1791081345,,,SCHEDULED
2026-10-04T02:17:19.742664+00:00,1287746,086,527,6,0,1791081361,,,SCHEDULED
2026-10-04T02:17:19.742664+00:00,1287746,086,528,7,0,1791081412,,,SCHEDULED
2026-10-04T02:17:19.742664+00:00,1287746,086,5252,8,0,1791081547,,,SCHEDULED
2026-10-04T02:17:19.742664+00:00,1287746,086,531,9,0,1791081574,,,SCHEDULED
2026-10-04T02:17:19.742664+00:00,1287746,086,3146,10,0,1791082003,,,SCHEDULED
2026-10-04T02:17:19.742664+00:00,1284835,015,863,17,0,1791080252,,,SCHEDULED
2026-10-04T02:17:19.742664+00:00,1284835,015,864,18,0,1791080289,,,SCHEDULED
2026-10-04T02:17:19.742664+00:00,1284835,015,865,19,0,1791080327,,,SCHEDULED
2026-10-04T02:17:19.742664+00:00,1284835,015,866,20,0,1791080362,,,SCHEDULED
2026-10-04T02:17:19.742664+00:00,1284835,015,867,21,0,1791080441,,,SCHEDULED
2026-10-04T02:17:19.742664+00:00,1284835,015,593,22,0,1791080461,,,SCHEDULED
2026-10-04T02:17:19.742664+00:00,1284835,015,594,23,0,1791080499,,,SCHEDULED
2026-10-04T02:17:19.742664+00:00,1284835,015,595,24,0,1791080584,,,SCHEDULED
2026-10-04T02:17:19.742664+00:00,1284835,015,596,25,0,1791080619,,,SCHEDULED
2026-10-04T02:17:19.742664+00:00,1284835,015,284,26,0,1791080659,,,SCHEDULED
2026-10-04T02:17:19.742664+00:00,1285846,038,282,1,,,0,1791081129,SCHEDULED
2026-10-04T02:17:19.742664+00:00,1285846,038,414,2,0,1791081326,,,SCHEDULED
2026-10-04T02:17:19.742664+00:00,1285846,038,415,3,0,1791081368,,,SCHEDULED
2026-10-04T02:17:19.742664+00:00,1285846,038,416,4,0,1791081446,,,SCHEDULED
2026-10-04T02:17:19.742664+00:00,1285846,038,418,5,0,1791081515,,,SCHEDULED
2026-10-04T02:17:19.742664+00:00,1285846,038,4763,6,0,1791081559,,,SCHEDULED
2026-10-04T02:17:19.742664+00:00,1285846,038,1716,7,0,1791081600,,,SCHEDULED
2026-10-04T02:17:19.742664+00:00,1285846,038,1717,8,0,1791081633,,,SCHEDULED
2026-10-04T02:17:19.742664+00:00,1285846,038,1718,9,0,1791081669,,,SCHEDULED
2026-10-04T02:17:19.742664+00:00,1285846,038,1720,10,0,1791081741,,,SCHEDULED
2026-10-04T02:17:19.742664+00:00,1285846,038,1721,11,0,1791081795,,,SCHEDULED
2026-10-04T02:17:19.742664+00:00,1285846,038,1722,12,0,1791081859,,,SCHEDULED
2026-10-04T02:17:19.742664+00:00,1285846,038,1723,13,0,1791081902,,,SCHEDULED
2026-10-04T02:17:19.742664+00:00,1285846,038,2651,14,0,1791081970,,,SCHEDULED
2026-10-04T02:17:19.742664+00:00,1285846,038,2653,15,0,1791082006,,,SCHEDULED
2026-10-04T02:17:19.742664+00:00,1284834,015,9800,1,,,0,1791081240,SCHEDULED
2026-10-04T02:17:19.742664+00:00,1284834,015,574,2,0,1791081541,,,SCHEDULED
2026-10-04T02:17:19.742664+00:00,1284834,015,575,3,0,1791081562,,,SCHEDULED
2026-10-04T02:17:19.742664+00:00,1284834,015,576,4,0,1791081577,,,SCHEDULED
2026-10-04T02:17:19.742664+00:00,1284834,015,577,5,0,1791081594,,,SCHEDULED
2026-10-04T02:17:19.742664+00:00,1284834,015,579,6,0,1791081619,,,SCHEDULED
2026-10-04T02:17:19.742664+00:00,1284834,015,580,7,0,1791081641,,,SCHEDULED
2026-10-04T02:17:19.742664+00:00,1284834,015,849,8,0,1791081660,,,SCHEDULED
2026-10-04T02:17:19.742664+00:00,1284834,015,850,9,0,1791081689,,,SCHEDULED
2026-10-04T02:17:19.742664+00:00,1284834,015,851,10,0,1791081780,,,SCHEDULED
2026-10-04T02:17:19.742664+00:00,1284834,015,852,11,0,1791081807,,,SCHEDULED
2026-10-04T02:17:19.742664+00:00,1284834,015,853,12,0,1791081839,,,SCHEDULED
2026-10-04T02:17:19.742664+00:00,1284834,015,859,13,0,1791081869,,,SCHEDULED
2026-10-04T02:17:19.742664+00:00,1284834,015,860,14,0,1791081928,,,SCHEDULED
2026-10-04T02:17:19.742664+00:00,1284834,015,861,15,0,1791081966,,,SCHEDULED
2026-10-04T02:17:19.742664+00:00,1284834,015,862,16,0,1791081993,,,SCHEDULED
2026-10-04T02:17:19.742664+00:00,1284958,019,709,14,0,1791080114,,,SCHEDULED
2026-10-04T02:17:19.742664+00:00,1284958,019,710,15,0,1791080228,,,SCHEDULED
2026-10-04T02:17:19.742664+00:00,1284958,019,4866,16,0,1791080288,,,SCHEDULED
2026-10-04T02:17:19.742664+00:00,1284958,019,4840,17,0,1791080334,,,SCHEDULED
2026-10-04T02:17:19.742664+00:00,1284958,019,682,18,0,1791080402,,,SCHEDULED
2026-10-04T02:17:19.742664+00:00,1284958,019,683,19,0,1791080470,,,SCHEDULED
2026-10-04T02:17:19.742664+00:00,1284958,019,716,20,0,1791080490,,,SCHEDULED
2026-10-04T02:17:19.742664+00:00,1284958,019,717,21,0,1791080506,,,SCHEDULED
2026-10-04T02:17:19.742664+00:00,1284958,019,731,22,0,1791080794,,,SCHEDULED
2026-10-04T02:17:19.742664+00:00,1284958,019,732,23,0,1791080838,,,SCHEDULED
2026-10-04T02:17:19.742664+00:00,1284958,019,733,24,0,1791080869,,,SCHEDULED
2026-10-04T02:17:19.742664+00:00,1284958,019,734,25,0,1791080889,,,SCHEDULED
2026-10-04T02:17:19.742664+00:00,1284958,019,735,26,0,1791080928,,,SCHEDULED
2026-10-04T02:17:19.742664+00:00,1284958,019,736,27,0,1791080988,,,SCHEDULED
2026-10-04T02:17:19.742664+00:00,1284958,019,737,28,0,1791081009,,,SCHEDULED
2026-10-04T02:17:19.742664+00:00,1284958,019,738,29,0,1791081023,,,SCHEDULED
2026-10-04T02:17:19.742664+00:00,1284958,019,739,30,0,1791081042,,,SCHEDULED
2026-10-04T02:17:19.742664+00:00,1284958,019,740,31,0,1791081056,,,SCHEDULED
2026-10-04T02:17:19.742664+00:00,1284958,019,741,32,0,1791081090,,,SCHEDULED
2026-10-04T02:17:19.742664+00:00,1284958,019,1333,33,0,1791081245,,,SCHEDULED
2026-10-04T02:17:19.742664+00:00,1284958,019,3115,34,0,1791081611,,,SCHEDULED
2026-10-04T02:17:19.742664+00:00,1284958,019,3116,35,0,1791081630,,,SCHEDULED
2026-10-04T02:17:19.742664+00:00,1284958,019,3117,36,0,1791081642,,,SCHEDULED
2026-10-04T02:17:19.742664+00:00,1284958,019,3118,37,0,1791081695,,,SCHEDULED
2026-10-04T02:17:19.742664+00:00,1284958,019,3119,38,0,1791081708,,,SCHEDULED
2026-10-04T02:17:19.742664+00:00,1284958,019,3121,39,0,1791081736,,,SCHEDULED
2026-10-04T02:17:19.742664+00:00,1284958,019,3122,40,0,1791081761,,,SCHEDULED
2026-10-04T02:17:19.742664+00:00,1284958,019,3123,41,0,1791081840,,,SCHEDULED
2026-10-04T02:17:19.742664+00:00,1286371,061,2215,36,0,1791080375,,,SCHEDULED
2026-10-04T02:17:19.742664+00:00,1286371,061,2216,37,0,1791080427,,,SCHEDULED
2026-10-04T02:17:19.742664+00:00,1286371,061,2217,38,0,1791080524,,,SCHEDULED
2026-10-04T02:17:19.742664+00:00,1286371,061,2218,39,0,1791080578,,,SCHEDULED
2026-10-04T02:17:19.742664+00:00,1286371,061,2220,40,0,1791080633,,,SCHEDULED
2026-10-04T02:17:19.742664+00:00,1286371,061,2221,41,0,1791080869,,,SCHEDULED
2026-10-04T02:17:19.742664+00:00,1286371,061,2222,42,0,1791080904,,,SCHEDULED
2026-10-04T02:17:19.742664+00:00,1286371,061,2223,43,0,1791080944,,,SCHEDULED
2026-10-04T02:17:19.742664+00:00,1286371,061,6107,44,0,1791080978,,,SCHEDULED
2026-10-04T02:17:19.742664+00:00,1286371,061,2224,45,0,1791081099,,,SCHEDULED
2026-10-04T02:17:19.742664+00:00,1286371,061,2225,46,0,1791081118,,,SCHEDULED
2026-10-04T02:17:19.742664+00:00,1286371,061,2226,47,0,1791081134,,,SCHEDULED
2026-10-04T02:17:19.742664+00:00,1286371,061,2227,48,0,1791081149,,,SCHEDULED
2026-10-04T02:17:19.742664+00:00,1286371,061,2228,49,0,1791081163,,,SCHEDULED
2026-10-04T02:17:19.742664+00:00,1286371,061,6100,50,0,1791081230,,,SCHEDULED
2026-10-04T02:17:19.742664+00:00,1286371,061,997,51,0,1791081414,,,SCHEDULED
2026-10-04T02:17:19.742664+00:00,1286371,061,998,52,0,1791081464,,,SCHEDULED
2026-10-04T02:17:19.742664+00:00,1286371,061,999,53,0,1791081494,,,SCHEDULED
2026-10-04T02:17:19.742664+00:00,1286371,061,249,54,0,1791081536,,,SCHEDULED
2026-10-04T02:17:19.742664+00:00,1286371,061,248,55,0,1791081587,,,SCHEDULED
2026-10-04T02:17:19.742664+00:00,1286371,061,250,56,0,1791081640,,,SCHEDULED
2026-10-04T02:17:19.742664+00:00,1286371,061,264,57,0,1791081738,,,SCHEDULED
2026-10-04T02:17:19.742664+00:00,1286371,061,263,58,0,1791081770,,,SCHEDULED
2026-10-04T02:17:19.742664+00:00,1286371,061,2180,59,0,1791081816,,,SCHEDULED
2026-10-04T02:17:19.742664+00:00,1286371,061,2181,60,0,1791081841,,,SCHEDULED
2026-10-04T02:17:19.742664+00:00,1286371,061,4395,61,0,1791081967,,,SCHEDULED
2026-10-04T02:17:19.742664+00:00,1286371,061,4396,62,0,1791081996,,,SCHEDULED
2026-10-04T02:17:19.742664+00:00,1286371,061,4397,63,0,1791082021,,,SCHEDULED
2026-10-04T02:17:19.742664+00:00,1287263,081,2180,1,,,0,1791080523,SCHEDULED
2026-10-04T02:17:19.742664+00:00,1287263,081,2181,2,0,1791080582,,,SCHEDULED
2026-10-04T02:17:19.742664+00:00,1287263,081,2183,3,0,1791080604,,,SCHEDULED
2026-10-04T02:17:19.742664+00:00,1287263,081,2184,4,0,1791080621,,,SCHEDULED
2026-10-04T02:17:19.742664+00:00,1287263,081,2185,5,0,1791080658,,,SCHEDULED
2026-10-04T02:17:19.742664+00:00,1287263,081,2186,6,0,1791080777,,,SCHEDULED
2026-10-04T02:17:19.742664+00:00,1287263,081,2358,7,0,1791080880,,,SCHEDULED
2026-10-04T02:17:19.742664+00:00,1287263,081,2359,8,0,1791080931,,,SCHEDULED
2026-10-04T02:17:19.742664+00:00,1287263,081,2360,9,0,1791080984,,,SCHEDULED
2026-10-04T02:17:19.742664+00:00,1287263,081,2361,10,0,1791081016,,,SCHEDULED
2026-10-04T02:17:19.742664+00:00,1287263,081,2362,11,0,1791081028,,,SCHEDULED
2026-10-04T02:17:19.742664+00:00,1287263,081,2363,12,0,1791081050,,,SCHEDULED
2026-10-04T02:17:19.742664+00:00,1287263,081,2364,13,0,1791081096,,,SCHEDULED
2026-10-04T02:17:19.742664+00:00,1287263,081,2365,14,0,1791081263,,,SCHEDULED
2026-10-04T02:17:19.742664+00:00,1287263,081,2366,15,0,1791081302,,,SCHEDULED
2026-10-04T02:17:19.742664+00:00,1287263,081,2367,16,0,1791081310,,,SCHEDULED
2026-10-04T02:17:19.742664+00:00,1287263,081,5203,17,0,1791081384,,,SCHEDULED
2026-10-04T02:17:19.742664+00:00,1287263,081,2368,18,0,1791081544,,,SCHEDULED
2026-10-04T02:17:19.742664+00:00,1287263,081,2370,19,0,1791081606,,,SCHEDULED
2026-10-04T02:17:19.742664+00:00,1287263,081,2371,20,0,1791081630,,,SCHEDULED
2026-10-04T02:17:19.742664+00:00,1287263,081,2372,21,0,1791081717,,,SCHEDULED
2026-10-04T02:17:19.742664+00:00,1287263,081,2373,22,0,1791081766,,,SCHEDULED
2026-10-04T02:17:19.742664+00:00,1287263,081,2374,23,0,1791081876,,,SCHEDULED
2026-10-04T02:17:19.742664+00:00,1287263,081,3130,24,0,1791081892,,,SCHEDULED
2026-10-04T02:17:19.742664+00:00,1287263,081,3131,25,0,1791081900,,,SCHEDULED
2026-10-04T02:17:19.742664+00:00,1288124,093,4619,31,0,1791080267,,,SCHEDULED
2026-10-04T02:17:19.742664+00:00,1288124,093,3381,32,0,1791080364,,,SCHEDULED
2026-10-04T02:17:19.742664+00:00,1288124,093,3382,33,0,1791080397,,,SCHEDULED
2026-10-04T02:17:19.742664+00:00,1288124,093,3383,34,0,1791080464,,,SCHEDULED
2026-10-04T02:17:19.742664+00:00,1288124,093,3389,35,0,1791080530,,,SCHEDULED
2026-10-04T02:17:19.742664+00:00,1286023,051,1885,3,0,1791080247,,,SCHEDULED
2026-10-04T02:17:19.742664+00:00,1286023,051,1887,4,0,1791080329,,,SCHEDULED
2026-10-04T02:17:19.742664+00:00,1286023,051,1888,5,0,1791080352,,,SCHEDULED
2026-10-04T02:17:19.742664+00:00,1286023,051,1889,6,0,1791080396,,,SCHEDULED
2026-10-04T02:17:19.742664+00:00,1286023,051,1890,7,0,1791080442,,,SCHEDULED
2026-10-04T02:17:19.742664+00:00,1286023,051,1891,8,0,1791080473,,,SCHEDULED
2026-10-04T02:17:19.742664+00:00,1286023,051,1892,9,0,1791080533,,,SCHEDULED
2026-10-04T02:17:19.742664+00:00,1286023,051,1893,10,0,1791080610,,,SCHEDULED
2026-10-04T02:17:19.742664+00:00,1286023,051,1894,11,0,1791080654,,,SCHEDULED
2026-10-04T02:17:19.742664+00:00,1286023,051,1895,12,0,1791080664,,,SCHEDULED
2026-10-04T02:17:19.742664+00:00,1286023,051,1896,13,0,1791080689,,,SCHEDULED
2026-10-04T02:17:19.742664+00:00,1286023,051,1898,14,0,1791080703,,,SCHEDULED
2026-10-04T02:17:19.742664+00:00,1286023,051,1899,15,0,1791080789,,,SCHEDULED
2026-10-04T02:17:19.742664+00:00,1286023,051,1901,16,0,1791080830,,,SCHEDULED
2026-10-04T02:17:19.742664+00:00,1286023,051,1902,17,0,1791080849,,,SCHEDULED
2026-10-04T02:17:19.742664+00:00,1286023,051,1904,18,0,1791080911,,,SCHEDULED
2026-10-04T02:17:19.742664+00:00,1286023,051,1905,19,0,1791080953,,,SCHEDULED
2026-10-04T02:17:19.742664+00:00,1286023,051,1906,20,0,1791080991,,,SCHEDULED
2026-10-04T02:17:19.742664+00:00,1286023,051,1907,21,0,1791081024,,,SCHEDULED
2026-10-04T02:17:19.742664+00:00,1286023,051,1908,22,0,1791081041,,,SCHEDULED
2026-10-04T02:17:19.742664+00:00,1286023,051,1911,23,0,1791081105,,,SCHEDULED
2026-10-04T02:17:19.742664+00:00,1286023,051,1913,24,0,1791081173,,,SCHEDULED
2026-10-04T02:17:19.742664+00:00,1286023,051,1914,25,0,1791081205,,,SCHEDULED
2026-10-04T02:17:19.742664+00:00,1286023,051,1915,26,0,1791081247,,,SCHEDULED
2026-10-04T02:17:19.742664+00:00,1286023,051,1916,27,0,1791081349,,,SCHEDULED
2026-10-04T02:17:19.742664+00:00,1286023,051,1917,28,0,1791081384,,,SCHEDULED
2026-10-04T02:17:19.742664+00:00,1286023,051,1918,29,0,1791081445,,,SCHEDULED
2026-10-04T02:17:19.742664+00:00,1286023,051,1919,30,0,1791081478,,,SCHEDULED
2026-10-04T02:17:19.742664+00:00,1286023,051,1920,31,0,1791081497,,,SCHEDULED
2026-10-04T02:17:19.742664+00:00,1286023,051,1921,32,0,1791081539,,,SCHEDULED
2026-10-04T02:17:19.742664+00:00,1286023,051,1922,33,0,1791081602,,,SCHEDULED
2026-10-04T02:17:19.742664+00:00,1286023,051,1923,34,0,1791081619,,,SCHEDULED
2026-10-04T02:17:19.742664+00:00,1286023,051,1924,35,0,1791081698,,,SCHEDULED
2026-10-04T02:17:19.742664+00:00,1286023,051,1925,36,0,1791081732,,,SCHEDULED
2026-10-04T02:17:19.742664+00:00,1286023,051,1926,37,0,1791081786,,,SCHEDULED
2026-10-04T02:17:19.742664+00:00,1286023,051,1940,38,0,1791081818,,,SCHEDULED
2026-10-04T02:17:19.742664+00:00,1286023,051,320,39,0,1791081861,,,SCHEDULED
2026-10-04T02:17:19.742664+00:00,1286023,051,1209,40,0,1791081881,,,SCHEDULED
2026-10-04T02:17:19.742664+00:00,1286023,051,321,41,0,1791081943,,,SCHEDULED
2026-10-04T02:17:19.742664+00:00,1286023,051,322,42,0,1791081985,,,SCHEDULED
2026-10-04T02:17:19.742664+00:00,1287597,084,1285,1,,,,,NO_DATA
2026-10-04T02:17:19.742664+00:00,1287597,084,1618,2,,,,,NO_DATA
2026-10-04T02:17:19.742664+00:00,1287597,084,1306,3,,,,,NO_DATA
2026-10-04T02:17:19.742664+00:00,1287597,084,1570,4,,,,,NO_DATA
2026-10-04T02:17:19.742664+00:00,1287597,084,1307,5,,,,,NO_DATA
2026-10-04T02:17:19.742664+00:00,1288322,142,113,9,0,1791080226,,,SCHEDULED
2026-10-04T02:17:19.742664+00:00,1288123,093,9800,1,,,0,1791081675,SCHEDULED
2026-10-04T02:17:19.742664+00:00,1288123,093,3099,2,0,1791081767,,,SCHEDULED
2026-10-04T02:17:19.742664+00:00,1288123,093,3100,3,0,1791081780,,,SCHEDULED
2026-10-04T02:17:19.742664+00:00,1288123,093,3101,4,0,1791081790,,,SCHEDULED
2026-10-04T02:17:19.742664+00:00,1288123,093,3102,5,0,1791081798,,,SCHEDULED
2026-10-04T02:17:19.742664+00:00,1288123,093,3103,6,0,1791081888,,,SCHEDULED
2026-10-04T02:17:19.742664+00:00,1286622,067,2603,26,0,1791080253,,,SCHEDULED
2026-10-04T02:17:19.742664+00:00,1286622,067,2604,27,0,1791080301,,,SCHEDULED
2026-10-04T02:17:19.742664+00:00,1286622,067,2605,28,0,1791080423,,,SCHEDULED
2026-10-04T02:17:19.742664+00:00,1286622,067,2606,29,0,1791080463,,,SCHEDULED
2026-10-04T02:17:19.742664+00:00,1286622,067,2607,30,0,1791080509,,,SCHEDULED
2026-10-04T02:17:19.742664+00:00,1286622,067,2608,31,0,1791080559,,,SCHEDULED
2026-10-04T02:17:19.742664+00:00,1286622,067,2609,32,0,1791080624,,,SCHEDULED
2026-10-04T02:17:19.742664+00:00,1286622,067,2613,33,0,1791080652,,,SCHEDULED
2026-10-04T02:17:19.742664+00:00,1286622,067,2614,34,0,1791080697,,,SCHEDULED
2026-10-04T02:17:19.742664+00:00,1286622,067,2615,35,0,1791080742,,,SCHEDULED
2026-10-04T02:17:19.742664+00:00,1286622,067,601,36,0,1791080776,,,SCHEDULED
2026-10-04T02:17:19.742664+00:00,1286622,067,2617,37,0,1791080827,,,SCHEDULED
2026-10-04T02:17:19.742664+00:00,1286622,067,2620,38,0,1791080929,,,SCHEDULED
2026-10-04T02:17:19.742664+00:00,1286622,067,2621,39,0,1791080950,,,SCHEDULED
2026-10-04T02:17:19.742664+00:00,1286622,067,2622,40,0,1791080971,,,SCHEDULED
2026-10-04T02:17:19.742664+00:00,1286622,067,2623,41,0,1791081009,,,SCHEDULED
2026-10-04T02:17:19.742664+00:00,1286622,067,2624,42,0,1791081048,,,SCHEDULED
2026-10-04T02:17:19.742664+00:00,1286622,067,2625,43,0,1791081062,,,SCHEDULED
2026-10-04T02:17:19.742664+00:00,1286622,067,2626,44,0,1791081088,,,SCHEDULED
2026-10-04T02:17:19.742664+00:00,1286622,067,2627,45,0,1791081145,,,SCHEDULED
2026-10-04T02:17:19.742664+00:00,1286622,067,2628,46,0,1791081176,,,SCHEDULED
2026-10-04T02:17:19.742664+00:00,1286622,067,2630,47,0,1791081229,,,SCHEDULED
2026-10-04T02:17:19.742664+00:00,1286622,067,2631,48,0,1791081286,,,SCHEDULED
2026-10-04T02:17:19.742664+00:00,1286622,067,2632,49,0,1791081325,,,SCHEDULED
2026-10-04T02:17:19.742664+00:00,1286622,067,2633,50,0,1791081425,,,SCHEDULED
2026-10-04T02:17:19.742664+00:00,1286622,067,9812,51,0,1791081469,,,SCHEDULED
2026-10-04T02:17:19.742664+00:00,1286622,067,2629,52,0,1791081507,,,SCHEDULED
2026-10-04T02:17:19.742664+00:00,1286622,067,2634,53,0,1791081538,,,SCHEDULED
2026-10-04T02:17:19.742664+00:00,1286622,067,2635,54,0,1791081589,,,SCHEDULED
2026-10-04T02:17:19.742664+00:00,1286622,067,2636,55,0,1791081600,,,SCHEDULED
2026-10-04T02:17:19.742664+00:00,1286622,067,2637,56,0,1791081612,,,SCHEDULED
2026-10-04T02:17:19.742664+00:00,1286622,067,2638,57,0,1791081640,,,SCHEDULED
2026-10-04T02:17:19.742664+00:00,1286622,067,2639,58,0,1791081686,,,SCHEDULED
2026-10-04T02:17:19.742664+00:00,1286226,056,906,1,,,0,1791080640,SCHEDULED
2026-10-04T02:17:19.742664+00:00,1286226,056,286,2,0,1791080818,,,SCHEDULED
2026-10-04T02:17:19.742664+00:00,1286226,056,4439,3,0,1791080867,,,SCHEDULED
2026-10-04T02:17:19.742664+00:00,1286226,056,4440,4,0,1791080942,,,SCHEDULED
2026-10-04T02:17:19.742664+00:00,1286226,056,4441,5,0,1791081097,,,SCHEDULED
2026-10-04T02:17:19.742664+00:00,1286226,056,4015,6,0,1791081150,,,SCHEDULED
2026-10-04T02:17:19.742664+00:00,1286226,056,4016,7,0,1791081170,,,SCHEDULED
2026-10-04T02:17:19.742664+00:00,1286226,056,4017,8,0,1791081206,,,SCHEDULED
2026-10-04T02:17:19.742664+00:00,1286226,056,3914,9,0,1791081290,,,SCHEDULED
2026-10-04T02:17:19.742664+00:00,1286226,056,3220,10,0,1791081411,,,SCHEDULED
2026-10-04T02:17:19.742664+00:00,1286226,056,3222,11,0,1791081445,,,SCHEDULED
2026-10-04T02:17:19.742664+00:00,1286226,056,3223,12,0,1791081489,,,SCHEDULED
2026-10-04T02:17:19.742664+00:00,1286226,056,3225,13,0,1791081543,,,SCHEDULED
2026-10-04T02:17:19.742664+00:00,1286226,056,2062,14,0,1791081587,,,SCHEDULED
2026-10-04T02:17:19.742664+00:00,1286226,056,2063,15,0,1791081592,,,SCHEDULED
2026-10-04T02:17:19.742664+00:00,1286226,056,2064,16,0,1791081662,,,SCHEDULED
2026-10-04T02:17:19.742664+00:00,1286226,056,2065,17,0,1791081693,,,SCHEDULED
2026-10-04T02:17:19.742664+00:00,1286226,056,2066,18,0,1791081714,,,SCHEDULED
2026-10-04T02:17:19.742664+00:00,1286226,056,2068,19,0,1791081750,,,SCHEDULED
2026-10-04T02:17:19.742664+00:00,1286226,056,5200,20,0,1791081816,,,SCHEDULED
2026-10-04T02:17:19.742664+00:00,1286226,056,287,21,0,1791081953,,,SCHEDULED
2026-10-04T02:17:19.742664+00:00,1286226,056,2070,22,0,1791082003,,,SCHEDULED
2026-10-04T02:17:19.742664+00:00,1287598,084,1646,42,0,1791080156,,,SCHEDULED
2026-10-04T02:17:19.742664+00:00,1287598,084,1648,43,0,1791080280,,,SCHEDULED
2026-10-04T02:17:19.742664+00:00,1287598,084,1107,44,0,1791080370,,,SCHEDULED
2026-10-04T02:17:19.742664+00:00,1287598,084,1108,45,0,1791080402,,,SCHEDULED
2026-10-04T02:17:19.742664+00:00,1287598,084,3081,46,0,1791080449,,,SCHEDULED
2026-10-04T02:17:19.742664+00:00,1287598,084,3082,47,0,1791080474,,,SCHEDULED
2026-10-04T02:17:19.742664+00:00,1287598,084,3083,48,0,1791080491,,,SCHEDULED
2026-10-04T02:17:19.742664+00:00,1287598,084,3084,49,0,1791080519,,,SCHEDULED
2026-10-04T02:17:19.742664+00:00,1287598,084,3085,50,0,1791080546,,,SCHEDULED
2026-10-04T02:17:19.742664+00:00,1287598,084,3086,51,0,1791080598,,,SCHEDULED
2026-10-04T02:17:19.742664+00:00,1287598,084,3087,52,0,1791080650,,,SCHEDULED
2026-10-04T02:17:19.742664+00:00,1287598,084,3000,53,0,1791080870,,,SCHEDULED
2026-10-04T02:17:19.742664+00:00,1287598,084,3001,54,0,1791080919,,,SCHEDULED
2026-10-04T02:17:19.742664+00:00,1287598,084,3002,55,0,1791080946,,,SCHEDULED
2026-10-04T02:17:19.742664+00:00,1287598,084,3003,56,0,1791080968,,,SCHEDULED
2026-10-04T02:17:19.742664+00:00,1287598,084,3004,57,0,1791081008,,,SCHEDULED
2026-10-04T02:17:19.742664+00:00,1287598,084,3005,58,0,1791081040,,,SCHEDULED
2026-10-04T02:17:19.742664+00:00,1287598,084,3006,59,0,1791081075,,,SCHEDULED
2026-10-04T02:17:19.742664+00:00,1287598,084,3007,60,0,1791081085,,,SCHEDULED
2026-10-04T02:17:19.742664+00:00,1287598,084,2749,61,0,1791081103,,,SCHEDULED
2026-10-04T02:17:19.742664+00:00,1287598,084,2750,62,0,1791081175,,,SCHEDULED
2026-10-04T02:17:19.742664+00:00,1287598,084,2751,63,0,1791081259,,,SCHEDULED
2026-10-04T02:17:19.742664+00:00,1287598,084,2752,64,0,1791081332,,,SCHEDULED
2026-10-04T02:17:19.742664+00:00,1286388,061,1034,15,0,1791080241,,,SCHEDULED
2026-10-04T02:17:19.742664+00:00,1286388,061,1035,16,0,1791080276,,,SCHEDULED
2026-10-04T02:17:19.742664+00:00,1286388,061,6101,17,0,1791080334,,,SCHEDULED
2026-10-04T02:17:19.742664+00:00,1286388,061,2282,18,0,1791080509,,,SCHEDULED
2026-10-04T02:17:19.742664+00:00,1286388,061,2283,19,0,1791080558,,,SCHEDULED
2026-10-04T02:17:19.742664+00:00,1286388,061,2284,20,0,1791080580,,,SCHEDULED
2026-10-04T02:17:19.742664+00:00,1286388,061,2285,21,0,1791080606,,,SCHEDULED
2026-10-04T02:17:19.742664+00:00,1286388,061,2286,22,0,1791080636,,,SCHEDULED
2026-10-04T02:17:19.742664+00:00,1286388,061,2287,23,0,1791080704,,,SCHEDULED
2026-10-04T02:17:19.742664+00:00,1286388,061,2288,24,0,1791080750,,,SCHEDULED
2026-10-04T02:17:19.742664+00:00,1286388,061,2289,25,0,1791080843,,,SCHEDULED
2026-10-04T02:17:19.742664+00:00,1286388,061,2290,26,0,1791080869,,,SCHEDULED
2026-10-04T02:17:19.742664+00:00,1286388,061,2291,27,0,1791080923,,,SCHEDULED
2026-10-04T02:17:19.742664+00:00,1286388,061,2292,28,0,1791081003,,,SCHEDULED
2026-10-04T02:17:19.742664+00:00,1286388,061,2293,29,0,1791081038,,,SCHEDULED
2026-10-04T02:17:19.742664+00:00,1286388,061,2294,30,0,1791081099,,,SCHEDULED
2026-10-04T02:17:19.742664+00:00,1286388,061,2295,31,0,1791081149,,,SCHEDULED
2026-10-04T02:17:19.742664+00:00,1286388,061,2296,32,0,1791081176,,,SCHEDULED
2026-10-04T02:17:19.742664+00:00,1286388,061,2297,33,0,1791081194,,,SCHEDULED
2026-10-04T02:17:19.742664+00:00,1286388,061,2298,34,0,1791081259,,,SCHEDULED
2026-10-04T02:17:19.742664+00:00,1286388,061,2299,35,0,1791081344,,,SCHEDULED
2026-10-04T02:17:19.742664+00:00,1286388,061,2300,36,0,1791081364,,,SCHEDULED
2026-10-04T02:17:19.742664+00:00,1286388,061,2301,37,0,1791081425,,,SCHEDULED
2026-10-04T02:17:19.742664+00:00,1286388,061,2302,38,0,1791081486,,,SCHEDULED
2026-10-04T02:17:19.742664+00:00,1286388,061,2303,39,0,1791081510,,,SCHEDULED
2026-10-04T02:17:19.742664+00:00,1286388,061,2304,40,0,1791081544,,,SCHEDULED
2026-10-04T02:17:19.742664+00:00,1286388,061,2305,41,0,1791081599,,,SCHEDULED
2026-10-04T02:17:19.742664+00:00,1286388,061,2306,42,0,1791081626,,,SCHEDULED
2026-10-04T02:17:19.742664+00:00,1286388,061,2307,43,0,1791081663,,,SCHEDULED
2026-10-04T02:17:19.742664+00:00,1286388,061,2308,44,0,1791081704,,,SCHEDULED
2026-10-04T02:17:19.742664+00:00,1286388,061,2309,45,0,1791081759,,,SCHEDULED
2026-10-04T02:17:19.742664+00:00,1286388,061,1999,46,0,1791081789,,,SCHEDULED
2026-10-04T02:17:19.742664+00:00,1286388,061,1998,47,0,1791081856,,,SCHEDULED
2026-10-04T02:17:19.742664+00:00,1286388,061,2001,48,0,1791081878,,,SCHEDULED
2026-10-04T02:17:19.742664+00:00,1286388,061,2002,49,0,1791081918,,,SCHEDULED
2026-10-04T02:17:19.742664+00:00,1286388,061,2003,50,0,1791081971,,,SCHEDULED
2026-10-04T02:17:19.742664+00:00,1286388,061,2004,51,0,1791082011,,,SCHEDULED
2026-10-04T02:17:19.742664+00:00,1287714,086,3251,30,0,1791080222,,,SCHEDULED
2026-10-04T02:17:19.742664+00:00,1287714,086,3252,31,0,1791080258,,,SCHEDULED
2026-10-04T02:17:19.742664+00:00,1287714,086,3253,32,0,1791080283,,,SCHEDULED
2026-10-04T02:17:19.742664+00:00,1287714,086,3254,33,0,1791080314,,,SCHEDULED
2026-10-04T02:17:19.742664+00:00,1287714,086,3255,34,0,1791080344,,,SCHEDULED
2026-10-04T02:17:19.742664+00:00,1287714,086,3256,35,0,1791080409,,,SCHEDULED
2026-10-04T02:17:19.742664+00:00,1287714,086,3257,36,0,1791080447,,,SCHEDULED
2026-10-04T02:17:19.742664+00:00,1287714,086,3259,37,0,1791080496,,,SCHEDULED
2026-10-04T02:17:19.742664+00:00,1287714,086,413,38,0,1791080846,,,SCHEDULED
2026-10-04T02:17:19.742664+00:00,1287714,086,414,39,0,1791080939,,,SCHEDULED
2026-10-04T02:17:19.742664+00:00,1287714,086,415,40,0,1791081021,,,SCHEDULED
2026-10-04T02:17:19.742664+00:00,1287714,086,416,41,0,1791081097,,,SCHEDULED
2026-10-04T02:17:19.742664+00:00,1286227,056,287,21,0,1791080290,,,SCHEDULED
2026-10-04T02:17:19.742664+00:00,1286227,056,2070,22,0,1791080340,,,SCHEDULED
2026-10-04T02:17:19.742664+00:00,1286227,056,2071,23,0,1791080371,,,SCHEDULED
2026-10-04T02:17:19.742664+00:00,1286227,056,497,24,0,1791080458,,,SCHEDULED
2026-10-04T02:17:19.742664+00:00,1286227,056,498,25,0,1791080548,,,SCHEDULED
2026-10-04T02:17:19.742664+00:00,1286227,056,500,26,0,1791080638,,,SCHEDULED
2026-10-04T02:17:19.742664+00:00,1286227,056,501,27,0,1791080663,,,SCHEDULED
2026-10-04T02:17:19.742664+00:00,1286227,056,502,28,0,1791080703,,,SCHEDULED
2026-10-04T02:17:19.742664+00:00,1286227,056,503,29,0,1791080876,,,SCHEDULED
2026-10-04T02:17:19.742664+00:00,1286227,056,504,30,0,1791081042,,,SCHEDULED
2026-10-04T02:17:19.742664+00:00,1286227,056,505,31,0,1791081064,,,SCHEDULED
2026-10-04T02:17:19.742664+00:00,1286227,056,4134,32,0,1791081138,,,SCHEDULED
2026-10-04T02:17:19.742664+00:00,1286227,056,4136,33,0,1791081173,,,SCHEDULED
2026-10-04T02:17:19.742664+00:00,1286227,056,4137,34,0,1791081231,,,SCHEDULED
2026-10-04T02:17:19.742664+00:00,1287998,088,610,10,0,1791080585,,,SCHEDULED
2026-10-04T02:17:19.742664+00:00,1287998,088,611,11,0,1791080606,,,SCHEDULED
2026-10-04T02:17:19.742664+00:00,1287998,088,612,12,0,1791080631,,,SCHEDULED
2026-10-04T02:17:19.742664+00:00,1287998,088,613,13,0,1791080659,,,SCHEDULED
2026-10-04T02:17:19.742664+00:00,1287998,088,614,14,0,1791080700,,,SCHEDULED
2026-10-04T02:17:19.742664+00:00,1287998,088,615,15,0,1791080825,,,SCHEDULED
2026-10-04T02:17:19.742664+00:00,1287998,088,616,16,0,1791080850,,,SCHEDULED
2026-10-04T02:17:19.742664+00:00,1287998,088,617,17,0,1791080881,,,SCHEDULED
2026-10-04T02:17:19.742664+00:00,1287998,088,618,18,0,1791080914,,,SCHEDULED
2026-10-04T02:17:19.742664+00:00,1287998,088,619,19,0,1791080955,,,SCHEDULED
2026-10-04T02:17:19.742664+00:00,1287998,088,620,20,0,1791080982,,,SCHEDULED
2026-10-04T02:17:19.742664+00:00,1287998,088,621,21,0,1791081021,,,SCHEDULED
2026-10-04T02:17:19.742664+00:00,1287998,088,622,22,0,1791081062,,,SCHEDULED
2026-10-04T02:17:19.742664+00:00,1287998,088,623,23,0,1791081082,,,SCHEDULED
2026-10-04T02:17:19.742664+00:00,1287998,088,624,24,0,1791081120,,,SCHEDULED
2026-10-04T02:17:19.742664+00:00,1287998,088,625,25,0,1791081215,,,SCHEDULED
2026-10-04T02:17:19.742664+00:00,1287998,088,626,26,0,1791081331,,,SCHEDULED
2026-10-04T02:17:19.742664+00:00,1287998,088,5271,27,0,1791081470,,,SCHEDULED
2026-10-04T02:17:19.742664+00:00,1287437,082,665,1,,,0,1791081695,SCHEDULED
2026-10-04T02:17:19.742664+00:00,1287437,082,1447,2,0,1791081849,,,SCHEDULED
2026-10-04T02:17:19.742664+00:00,1287437,082,1448,3,0,1791081878,,,SCHEDULED
2026-10-04T02:17:19.742664+00:00,1287437,082,1449,4,0,1791081892,,,SCHEDULED
2026-10-04T02:17:19.742664+00:00,1287437,082,674,5,0,1791081979,,,SCHEDULED
2026-10-04T02:17:19.742664+00:00,1287438,082,1657,33,0,1791080224,,,SCHEDULED
2026-10-04T02:17:19.742664+00:00,1287438,082,1658,34,0,1791080250,,,SCHEDULED
2026-10-04T02:17:19.742664+00:00,1287438,082,1659,35,0,1791080278,,,SCHEDULED
2026-10-04T02:17:19.742664+00:00,1287438,082,1660,36,0,1791080303,,,SCHEDULED
2026-10-04T02:17:19.742664+00:00,1287438,082,3190,37,0,1791080360,,,SCHEDULED
2026-10-04T02:17:19.742664+00:00,1287438,082,3191,38,0,1791080400,,,SCHEDULED
2026-10-04T02:17:19.742664+00:00,1287438,082,3192,39,0,1791080462,,,SCHEDULED
2026-10-04T02:17:19.742664+00:00,1287438,082,3193,40,0,1791080538,,,SCHEDULED
2026-10-04T02:17:19.742664+00:00,1287438,082,275,41,0,1791080657,,,SCHEDULED
2026-10-04T02:17:19.742664+00:00,1287438,082,276,42,0,1791081036,,,SCHEDULED
2026-10-04T02:17:19.742664+00:00,1287713,086,241,1,,,0,1791081470,SCHEDULED
2026-10-04T02:17:19.742664+00:00,1287713,086,558,2,0,1791081549,,,SCHEDULED
2026-10-04T02:17:19.742664+00:00,1287713,086,559,3,0,1791081593,,,SCHEDULED
2026-10-04T02:17:19.742664+00:00,1287713,086,560,4,0,1791081629,,,SCHEDULED
2026-10-04T02:17:19.742664+00:00,1287713,086,561,5,0,1791081658,,,SCHEDULED
2026-10-04T02:17:19.742664+00:00,1287713,086,562,6,0,1791081716,,,SCHEDULED
2026-10-04T02:17:19.742664+00:00,1287713,086,849,7,0,1791081859,,,SCHEDULED
2026-10-04T02:17:19.742664+00:00,1287713,086,850,8,0,1791081897,,,SCHEDULED
2026-10-04T02:17:19.742664+00:00,1287713,086,851,9,0,1791081962,,,SCHEDULED
2026-10-04T02:17:19.742664+00:00,1287713,086,852,10,0,1791081986,,,SCHEDULED
2026-10-04T02:17:19.742664+00:00,1287713,086,853,11,0,1791081992,,,SCHEDULED
2026-10-04T02:17:19.742664+00:00,1285618,030,522,23,0,1791080290,,,SCHEDULED
2026-10-04T02:17:19.742664+00:00,1285618,030,525,24,0,1791080357,,,SCHEDULED
2026-10-04T02:17:19.742664+00:00,1285618,030,526,25,0,1791080418,,,SCHEDULED
2026-10-04T02:17:19.742664+00:00,1285618,030,527,26,0,1791080441,,,SCHEDULED
2026-10-04T02:17:19.742664+00:00,1285618,030,528,27,0,1791080456,,,SCHEDULED
2026-10-04T02:17:19.742664+00:00,1285618,030,5252,28,0,1791080703,,,SCHEDULED
2026-10-04T02:17:19.742664+00:00,1285618,030,281,29,0,1791080858,,,SCHEDULED
2026-10-04T02:17:19.742664+00:00,1285371,025,3615,30,0,1791080235,,,SCHEDULED
2026-10-04T02:17:19.742664+00:00,1285371,025,3616,31,0,1791080305,,,SCHEDULED
2026-10-04T02:17:19.742664+00:00,1285371,025,3617,32,0,1791080356,,,SCHEDULED
2026-10-04T02:17:19.742664+00:00,1285371,025,3618,33,0,1791080408,,,SCHEDULED
2026-10-04T02:17:19.742664+00:00,1285371,025,3619,34,0,1791080439,,,SCHEDULED
2026-10-04T02:17:19.742664+00:00,1285371,025,3620,35,0,1791080520,,,SCHEDULED
2026-10-04T02:17:19.742664+00:00,1285371,025,3621,36,0,1791080570,,,SCHEDULED
2026-10-04T02:17:19.742664+00:00,1285371,025,3622,37,0,1791080614,,,SCHEDULED
2026-10-04T02:17:19.742664+00:00,1285371,025,3623,38,0,1791080640,,,SCHEDULED
2026-10-04T02:17:19.742664+00:00,1285371,025,3624,39,0,1791080696,,,SCHEDULED
2026-10-04T02:17:19.742664+00:00,1285371,025,3625,40,0,1791080743,,,SCHEDULED
2026-10-04T02:17:19.742664+00:00,1285371,025,3626,41,0,1791080784,,,SCHEDULED
2026-10-04T02:17:19.742664+00:00,1285371,025,3627,42,0,1791080820,,,SCHEDULED
2026-10-04T02:17:19.742664+00:00,1285371,025,3628,43,0,1791080838,,,SCHEDULED
2026-10-04T02:17:19.742664+00:00,1285371,025,4603,44,0,1791080933,,,SCHEDULED
2026-10-04T02:17:19.742664+00:00,1285371,025,4604,45,0,1791080999,,,SCHEDULED
2026-10-04T02:17:19.742664+00:00,1285371,025,3371,46,0,1791081151,,,SCHEDULED
2026-10-04T02:17:19.742664+00:00,1285371,025,3372,47,0,1791081184,,,SCHEDULED
2026-10-04T02:17:19.742664+00:00,1285371,025,3373,48,0,1791081234,,,SCHEDULED
2026-10-04T02:17:19.742664+00:00,1285371,025,3374,49,0,1791081308,,,SCHEDULED
2026-10-04T02:17:19.742664+00:00,1285371,025,3375,50,0,1791081358,,,SCHEDULED
2026-10-04T02:17:19.742664+00:00,1285371,025,3376,51,0,1791081420,,,SCHEDULED
2026-10-04T02:17:19.742664+00:00,1285371,025,3377,52,0,1791081455,,,SCHEDULED
2026-10-04T02:17:19.742664+00:00,1285371,025,3378,53,0,1791081475,,,SCHEDULED
2026-10-04T02:17:19.742664+00:00,1285371,025,3379,54,0,1791081529,,,SCHEDULED
2026-10-04T02:17:19.742664+00:00,1285371,025,3380,55,0,1791081556,,,SCHEDULED
2026-10-04T02:17:19.742664+00:00,1285371,025,3381,56,0,1791081594,,,SCHEDULED
2026-10-04T02:17:19.742664+00:00,1285371,025,3382,57,0,1791081630,,,SCHEDULED
2026-10-04T02:17:19.742664+00:00,1285371,025,3383,58,0,1791081701,,,SCHEDULED
2026-10-04T02:17:19.742664+00:00,1285371,025,3389,59,0,1791081772,,,SCHEDULED
2026-10-04T02:17:19.742664+00:00,1285370,025,241,1,,,0,1791081447,SCHEDULED
2026-10-04T02:17:19.742664+00:00,1285370,025,1255,2,0,1791081554,,,SCHEDULED
2026-10-04T02:17:19.742664+00:00,1285370,025,1263,3,0,1791081681,,,SCHEDULED
2026-10-04T02:17:19.742664+00:00,1285370,025,1264,4,0,1791081732,,,SCHEDULED
2026-10-04T02:17:19.742664+00:00,1285370,025,1265,5,0,1791081773,,,SCHEDULED
2026-10-04T02:17:19.742664+00:00,1285370,025,1266,6,0,1791081805,,,SCHEDULED
2026-10-04T02:17:19.742664+00:00,1285370,025,1267,7,0,1791081869,,,SCHEDULED
2026-10-04T02:17:19.742664+00:00,1285370,025,1268,8,0,1791081925,,,SCHEDULED
2026-10-04T02:17:19.742664+00:00,1285370,025,1269,9,0,1791081962,,,SCHEDULED
2026-10-04T02:17:19.742664+00:00,1285370,025,1270,10,0,1791081996,,,SCHEDULED
2026-10-04T02:17:19.742664+00:00,1284330,010,11221,11,0,1791080303,,,SCHEDULED
2026-10-04T02:17:19.742664+00:00,1284330,010,11116,12,0,1791080440,,,SCHEDULED
2026-10-04T02:17:19.742664+00:00,1284330,010,11117,13,0,1791080561,,,SCHEDULED
2026-10-04T02:17:19.742664+00:00,1284330,010,11122,14,0,1791080663,,,SCHEDULED
2026-10-04T02:17:19.742664+00:00,1284330,010,11123,15,0,1791080708,,,SCHEDULED
2026-10-04T02:17:19.742664+00:00,1284330,010,11199,16,0,1791080782,,,SCHEDULED
2026-10-04T02:17:19.742664+00:00,1284330,010,11091,17,0,1791080889,,,SCHEDULED
2026-10-04T02:17:19.742664+00:00,1284330,010,11125,18,0,1791080995,,,SCHEDULED
2026-10-04T02:17:19.742664+00:00,1284330,010,11157,19,0,1791081070,,,SCHEDULED
2026-10-04T02:17:19.742664+00:00,1284330,010,11033,20,0,1791081180,,,SCHEDULED
2026-10-04T02:17:19.742664+00:00,1284330,010,11133,21,0,1791081362,,,SCHEDULED
2026-10-04T02:17:19.742664+00:00,1284330,010,11134,22,0,1791081403,,,SCHEDULED
2026-10-04T02:17:19.742664+00:00,1284330,010,11136,23,0,1791081437,,,SCHEDULED
2026-10-04T02:17:19.742664+00:00,1284330,010,11137,24,0,1791081485,,,SCHEDULED
2026-10-04T02:17:19.742664+00:00,1284330,010,11138,25,0,1791081526,,,SCHEDULED
2026-10-04T02:17:19.742664+00:00,1284330,010,11139,26,0,1791081551,,,SCHEDULED
2026-10-04T02:17:19.742664+00:00,1284330,010,11140,27,0,1791081600,,,SCHEDULED
2026-10-04T02:17:19.742664+00:00,1284330,010,11201,28,0,1791081810,,,SCHEDULED
2026-10-04T02:17:19.742664+00:00,1284330,010,11010,29,0,1791081870,,,SCHEDULED
2026-10-04T02:17:19.742664+00:00,1285067,021,1070,1,,,0,1791080820,SCHEDULED
2026-10-04T02:17:19.742664+00:00,1285067,021,3327,2,0,1791080858,,,SCHEDULED
2026-10-04T02:17:19.742664+00:00,1285067,021,3328,3,0,1791080919,,,SCHEDULED
2026-10-04T02:17:19.742664+00:00,1285067,021,3329,4,0,1791080966,,,SCHEDULED
2026-10-04T02:17:19.742664+00:00,1285067,021,3330,5,0,1791081012,,,SCHEDULED
2026-10-04T02:17:19.742664+00:00,1285067,021,3331,6,0,1791081084,,,SCHEDULED
2026-10-04T02:17:19.742664+00:00,1285067,021,3706,7,0,1791081139,,,SCHEDULED
2026-10-04T02:17:19.742664+00:00,1285067,021,3707,8,0,1791081202,,,SCHEDULED
2026-10-04T02:17:19.742664+00:00,1285067,021,3708,9,0,1791081302,,,SCHEDULED
2026-10-04T02:17:19.742664+00:00,1285067,021,3709,10,0,1791081360,,,SCHEDULED
2026-10-04T02:17:19.742664+00:00,1285067,021,3710,11,0,1791081410,,,SCHEDULED
2026-10-04T02:17:19.742664+00:00,1285067,021,3711,12,0,1791081473,,,SCHEDULED
2026-10-04T02:17:19.742664+00:00,1285067,021,3712,13,0,1791081549,,,SCHEDULED
2026-10-04T02:17:19.742664+00:00,1285067,021,3713,14,0,1791081660,,,SCHEDULED
2026-10-04T02:17:19.742664+00:00,1285067,021,1184,15,0,1791081840,,,SCHEDULED
2026-10-04T02:17:19.742664+00:00,1285067,021,3301,16,0,1791081863,,,SCHEDULED
2026-10-04T02:17:19.742664+00:00,1285067,021,1200,17,0,1791081934,,,SCHEDULED
2026-10-04T02:17:19.742664+00:00,1285067,021,1201,18,0,1791081973,,,SCHEDULED
2026-10-04T02:17:19.742664+00:00,1285067,021,1202,19,0,1791082005,,,SCHEDULED
2026-10-04T02:17:19.742664+00:00,1285661,030,1720,10,0,1791080265,,,SCHEDULED
2026-10-04T02:17:19.742664+00:00,1285661,030,1721,11,0,1791080359,,,SCHEDULED
2026-10-04T02:17:19.742664+00:00,1285661,030,1722,12,0,1791080408,,,SCHEDULED
2026-10-04T02:17:19.742664+00:00,1285661,030,1723,13,0,1791080450,,,SCHEDULED
2026-10-04T02:17:19.742664+00:00,1285661,030,1725,14,0,1791080537,,,SCHEDULED
2026-10-04T02:17:19.742664+00:00,1285661,030,1726,15,0,1791080660,,,SCHEDULED
2026-10-04T02:17:19.742664+00:00,1285661,030,1727,16,0,1791080693,,,SCHEDULED
2026-10-04T02:17:19.742664+00:00,1285661,030,1728,17,0,1791080721,,,SCHEDULED
2026-10-04T02:17:19.742664+00:00,1285661,030,1729,18,0,1791080757,,,SCHEDULED
2026-10-04T02:17:19.742664+00:00,1285661,030,1730,19,0,1791080788,,,SCHEDULED
2026-10-04T02:17:19.742664+00:00,1285661,030,1732,20,0,1791080836,,,SCHEDULED
2026-10-04T02:17:19.742664+00:00,1285661,030,1734,21,0,1791080895,,,SCHEDULED
2026-10-04T02:17:19.742664+00:00,1285661,030,1735,22,0,1791080910,,,SCHEDULED
2026-10-04T02:17:19.742664+00:00,1285661,030,1736,23,0,1791080928,,,SCHEDULED
2026-10-04T02:17:19.742664+00:00,1285661,030,1737,24,0,1791080954,,,SCHEDULED
2026-10-04T02:17:19.742664+00:00,1285661,030,1739,25,0,1791080967,,,SCHEDULED
2026-10-04T02:17:19.742664+00:00,1286792,068,2665,34,0,1791080270,,,SCHEDULED
2026-10-04T02:17:19.742664+00:00,1286792,068,2666,35,0,1791080306,,,SCHEDULED
2026-10-04T02:17:19.742664+00:00,1286792,068,2667,36,0,1791080351,,,SCHEDULED
2026-10-04T02:17:19.742664+00:00,1286792,068,2670,37,0,1791080428,,,SCHEDULED
2026-10-04T02:17:19.742664+00:00,1286792,068,2671,38,0,1791080459,,,SCHEDULED
2026-10-04T02:17:19.742664+00:00,1286792,068,2672,39,0,1791080493,,,SCHEDULED
2026-10-04T02:17:19.742664+00:00,1286792,068,2675,40,0,1791080545,,,SCHEDULED
2026-10-04T02:17:19.742664+00:00,1286792,068,2676,41,0,1791080585,,,SCHEDULED
2026-10-04T02:17:19.742664+00:00,1286792,068,2679,42,0,1791080608,,,SCHEDULED
2026-10-04T02:17:19.742664+00:00,1286792,068,2680,43,0,1791080651,,,SCHEDULED
2026-10-04T02:17:19.742664+00:00,1286792,068,2681,44,0,1791080677,,,SCHEDULED
2026-10-04T02:17:19.742664+00:00,1286792,068,2678,45,0,1791080734,,,SCHEDULED
2026-10-04T02:17:19.742664+00:00,1286792,068,2682,46,0,1791080760,,,SCHEDULED
2026-10-04T02:17:19.742664+00:00,1286792,068,1857,47,0,1791080762,,,SCHEDULED
2026-10-04T02:17:19.742664+00:00,1286792,068,1858,48,0,1791080763,,,SCHEDULED
2026-10-04T02:17:19.742664+00:00,1286792,068,1859,49,0,1791080764,,,SCHEDULED
2026-10-04T02:17:19.742664+00:00,1286792,068,1860,50,0,1791080854,,,SCHEDULED
2026-10-04T02:17:19.742664+00:00,1286792,068,1861,51,0,1791080957,,,SCHEDULED
2026-10-04T02:17:19.742664+00:00,1286792,068,1862,52,0,1791081042,,,SCHEDULED
2026-10-04T02:17:19.742664+00:00,1286792,068,1863,53,0,1791081108,,,SCHEDULED
2026-10-04T02:17:19.742664+00:00,1286792,068,2399,54,0,1791081245,,,SCHEDULED
2026-10-04T02:17:19.742664+00:00,1286792,068,2400,55,0,1791081304,,,SCHEDULED
2026-10-04T02:17:19.742664+00:00,1286792,068,2401,56,0,1791081352,,,SCHEDULED
2026-10-04T02:17:19.742664+00:00,1286792,068,2402,57,0,1791081441,,,SCHEDULED
2026-10-04T02:17:19.742664+00:00,1286792,068,2403,58,0,1791081510,,,SCHEDULED
2026-10-04T02:17:19.742664+00:00,1286792,068,2404,59,0,1791081563,,,SCHEDULED
2026-10-04T02:17:19.742664+00:00,1286792,068,2405,60,0,1791081588,,,SCHEDULED
2026-10-04T02:17:19.742664+00:00,1286792,068,2406,61,0,1791081614,,,SCHEDULED
2026-10-04T02:17:19.742664+00:00,1286792,068,2407,62,0,1791081635,,,SCHEDULED
2026-10-04T02:17:19.742664+00:00,1286792,068,2408,63,0,1791081720,,,SCHEDULED
2026-10-04T02:17:19.742664+00:00,1286792,068,2409,64,0,1791081736,,,SCHEDULED
2026-10-04T02:17:19.742664+00:00,1286792,068,2410,65,0,1791081761,,,SCHEDULED
2026-10-04T02:17:19.742664+00:00,1285068,021,2726,31,0,1791080321,,,SCHEDULED
2026-10-04T02:17:19.742664+00:00,1285068,021,2727,32,0,1791080355,,,SCHEDULED
2026-10-04T02:17:19.742664+00:00,1285068,021,2728,33,0,1791080405,,,SCHEDULED
2026-10-04T02:17:19.742664+00:00,1285068,021,2729,34,0,1791080473,,,SCHEDULED
2026-10-04T02:17:19.742664+00:00,1285068,021,2730,35,0,1791080522,,,SCHEDULED
2026-10-04T02:17:19.742664+00:00,1285068,021,2731,36,0,1791080608,,,SCHEDULED
2026-10-04T02:17:19.742664+00:00,1285068,021,2732,37,0,1791080639,,,SCHEDULED
2026-10-04T02:17:19.742664+00:00,1285068,021,2733,38,0,1791080729,,,SCHEDULED
2026-10-04T02:17:19.742664+00:00,1285068,021,2734,39,0,1791080787,,,SCHEDULED
2026-10-04T02:17:19.742664+00:00,1285068,021,2735,40,0,1791080868,,,SCHEDULED
2026-10-04T02:17:19.742664+00:00,1285068,021,2736,41,0,1791080951,,,SCHEDULED
2026-10-04T02:17:19.742664+00:00,1285068,021,2737,42,0,1791080991,,,SCHEDULED
2026-10-04T02:17:19.742664+00:00,1285068,021,2738,43,0,1791081022,,,SCHEDULED
2026-10-04T02:17:19.742664+00:00,1286512,062,418,5,0,1791080235,,,SCHEDULED
2026-10-04T02:17:19.742664+00:00,1286512,062,4763,6,0,1791080336,,,SCHEDULED
2026-10-04T02:17:19.742664+00:00,1286512,062,1716,7,0,1791080409,,,SCHEDULED
2026-10-04T02:17:19.742664+00:00,1286512,062,2256,8,0,1791080550,,,SCHEDULED
2026-10-04T02:17:19.742664+00:00,1286512,062,2257,9,0,1791080589,,,SCHEDULED
2026-10-04T02:17:19.742664+00:00,1286512,062,2258,10,0,1791080640,,,SCHEDULED
2026-10-04T02:17:19.742664+00:00,1286512,062,2260,11,0,1791080762,,,SCHEDULED
2026-10-04T02:17:19.742664+00:00,1286512,062,2261,12,0,1791080793,,,SCHEDULED
2026-10-04T02:17:19.742664+00:00,1286512,062,2262,13,0,1791080855,,,SCHEDULED
2026-10-04T02:17:19.742664+00:00,1286512,062,2264,14,0,1791080977,,,SCHEDULED
2026-10-04T02:17:19.742664+00:00,1286512,062,380,15,0,1791081120,,,SCHEDULED
2026-10-04T02:17:19.742664+00:00,1286512,062,411,16,0,1791081164,,,SCHEDULED
2026-10-04T02:17:19.742664+00:00,1286512,062,2271,17,0,1791081318,,,SCHEDULED
2026-10-04T02:17:19.742664+00:00,1286512,062,2272,18,0,1791081360,,,SCHEDULED
2026-10-04T02:17:19.742664+00:00,1286512,062,2273,19,0,1791081399,,,SCHEDULED
2026-10-04T02:17:19.742664+00:00,1286512,062,2275,20,0,1791081462,,,SCHEDULED
2026-10-04T02:17:19.742664+00:00,1286512,062,2276,21,0,1791081529,,,SCHEDULED
2026-10-04T02:17:19.742664+00:00,1286512,062,2277,22,0,1791081603,,,SCHEDULED
2026-10-04T02:17:19.742664+00:00,1286512,062,2278,23,0,1791081631,,,SCHEDULED
2026-10-04T02:17:19.742664+00:00,1286512,062,2279,24,0,1791081690,,,SCHEDULED
2026-10-04T02:17:19.742664+00:00,1286512,062,2280,25,0,1791081745,,,SCHEDULED
2026-10-04T02:17:19.742664+00:00,1286512,062,2281,26,0,1791081777,,,SCHEDULED
2026-10-04T02:17:19.742664+00:00,1286512,062,2346,27,0,1791081840,,,SCHEDULED
2026-10-04T02:17:19.742664+00:00,1286512,062,2347,28,0,1791081884,,,SCHEDULED
2026-10-04T02:17:19.742664+00:00,1286512,062,2348,29,0,1791081928,,,SCHEDULED
2026-10-04T02:17:19.742664+00:00,1286512,062,2350,30,0,1791081969,,,SCHEDULED
2026-10-04T02:17:19.742664+00:00,1286512,062,2351,31,0,1791082016,,,SCHEDULED
2026-10-04T02:17:19.742664+00:00,1284730,013,1161,13,0,1791080233,,,SCHEDULED
2026-10-04T02:17:19.742664+00:00,1284730,013,1162,14,0,1791080290,,,SCHEDULED
2026-10-04T02:17:19.742664+00:00,1284730,013,1163,15,0,1791080401,,,SCHEDULED
2026-10-04T02:17:19.742664+00:00,1284730,013,1164,16,0,1791080464,,,SCHEDULED
2026-10-04T02:17:19.742664+00:00,1284730,013,1165,17,0,1791080665,,,SCHEDULED
2026-10-04T02:17:19.742664+00:00,1284730,013,1166,18,0,1791080792,,,SCHEDULED
2026-10-04T02:17:19.742664+00:00,1284730,013,1167,19,0,1791080834,,,SCHEDULED
2026-10-04T02:17:19.742664+00:00,1284730,013,1168,20,0,1791080876,,,SCHEDULED
2026-10-04T02:17:19.742664+00:00,1284730,013,284,21,0,1791081004,,,SCHEDULED
2026-10-04T02:17:19.742664+00:00,1284730,013,9807,22,0,1791081064,,,SCHEDULED
2026-10-04T02:17:19.742664+00:00,1284730,013,284,23,0,1791081145,,,SCHEDULED
2026-10-04T02:17:19.742664+00:00,1284730,013,1635,24,0,1791081226,,,SCHEDULED
2026-10-04T02:17:19.742664+00:00,1284730,013,4750,25,0,1791081415,,,SCHEDULED
2026-10-04T02:17:19.742664+00:00,1284730,013,3980,26,0,1791081490,,,SCHEDULED
2026-10-04T02:17:19.742664+00:00,1284730,013,3979,27,0,1791081563,,,SCHEDULED
2026-10-04T02:17:19.742664+00:00,1284730,013,3981,28,0,1791081618,,,SCHEDULED
2026-10-04T02:17:19.742664+00:00,1284730,013,3982,29,0,1791081673,,,SCHEDULED
2026-10-04T02:17:19.742664+00:00,1284730,013,103,30,0,1791081717,,,SCHEDULED
2026-10-04T02:17:19.742664+00:00,1284730,013,3240,31,0,1791081784,,,SCHEDULED
2026-10-04T02:17:19.742664+00:00,1284730,013,3241,32,0,1791081807,,,SCHEDULED
2026-10-04T02:17:19.742664+00:00,1284730,013,3242,33,0,1791081830,,,SCHEDULED
2026-10-04T02:17:19.742664+00:00,1284730,013,3243,34,0,1791081902,,,SCHEDULED
2026-10-04T02:17:19.742664+00:00,1284730,013,3244,35,0,1791081925,,,SCHEDULED
2026-10-04T02:17:19.742664+00:00,1284411,011,5345,1,,,0,1791080844,SCHEDULED
2026-10-04T02:17:19.742664+00:00,1284411,011,8909,2,0,1791081024,,,SCHEDULED
2026-10-04T02:17:19.742664+00:00,1284411,011,8911,3,0,1791081075,,,SCHEDULED
2026-10-04T02:17:19.742664+00:00,1284411,011,8910,4,0,1791081146,,,SCHEDULED
2026-10-04T02:17:19.742664+00:00,1284411,011,8912,5,0,1791081227,,,SCHEDULED
2026-10-04T02:17:19.742664+00:00,1284411,011,8913,6,0,1791081264,,,SCHEDULED
2026-10-04T02:17:19.742664+00:00,1284411,011,8914,7,0,1791081488,,,SCHEDULED
2026-10-04T02:17:19.742664+00:00,1284411,011,8915,8,0,1791081537,,,SCHEDULED
2026-10-04T02:17:19.742664+00:00,1284411,011,5329,9,0,1791081593,,,SCHEDULED
2026-10-04T02:17:19.742664+00:00,1284411,011,8917,10,0,1791081633,,,SCHEDULED
2026-10-04T02:17:19.742664+00:00,1284411,011,8918,11,0,1791081667,,,SCHEDULED
2026-10-04T02:17:19.742664+00:00,1284411,011,8919,12,0,1791081744,,,SCHEDULED
2026-10-04T02:17:19.742664+00:00,1284411,011,8920,13,0,1791081779,,,SCHEDULED
2026-10-04T02:17:19.742664+00:00,1284213,001,1801,1,,,0,1791081530,SCHEDULED
2026-10-04T02:17:19.742664+00:00,1284213,001,3073,2,0,1791081588,,,SCHEDULED
2026-10-04T02:17:19.742664+00:00,1284213,001,630,3,0,1791081751,,,SCHEDULED
2026-10-04T02:17:19.742664+00:00,1284213,001,631,4,0,1791081818,,,SCHEDULED
2026-10-04T02:17:19.742664+00:00,1284213,001,632,5,0,1791081827,,,SCHEDULED
2026-10-04T02:17:19.742664+00:00,1284213,001,634,6,0,1791081852,,,SCHEDULED
2026-10-04T02:17:19.742664+00:00,1284213,001,635,7,0,1791081901,,,SCHEDULED
2026-10-04T02:17:19.742664+00:00,1284213,001,636,8,0,1791081933,,,SCHEDULED
2026-10-04T02:17:19.742664+00:00,1284213,001,637,9,0,1791081951,,,SCHEDULED
2026-10-04T02:17:19.742664+00:00,1284213,001,638,10,0,1791081963,,,SCHEDULED
2026-10-04T02:17:19.742664+00:00,1284213,001,639,11,0,1791082001,,,SCHEDULED
2026-10-04T02:17:19.742664+00:00,1287846,087,291,1,,,0,1791081035,SCHEDULED
2026-10-04T02:17:19.742664+00:00,1287846,087,274,2,0,1791081172,,,SCHEDULED
2026-10-04T02:17:19.742664+00:00,1287846,087,275,3,0,1791081351,,,SCHEDULED
2026-10-04T02:17:19.742664+00:00,1287846,087,3893,4,0,1791081675,,,SCHEDULED
2026-10-04T02:17:19.742664+00:00,1287846,087,3894,5,0,1791081741,,,SCHEDULED
2026-10-04T02:17:19.742664+00:00,1287846,087,3895,6,0,1791081815,,,SCHEDULED
2026-10-04T02:17:19.742664+00:00,1287846,087,3896,7,0,1791081841,,,SCHEDULED
2026-10-04T02:17:19.742664+00:00,1287846,087,3897,8,0,1791081871,,,SCHEDULED
2026-10-04T02:17:19.742664+00:00,1287846,087,3898,9,0,1791081943,,,SCHEDULED
2026-10-04T02:17:19.742664+00:00,1284214,001,643,15,0,1791080243,,,SCHEDULED
2026-10-04T02:17:19.742664+00:00,1284214,001,644,16,0,1791080281,,,SCHEDULED
2026-10-04T02:17:19.742664+00:00,1284214,001,645,17,0,1791080324,,,SCHEDULED
2026-10-04T02:17:19.742664+00:00,1284214,001,646,18,0,1791080352,,,SCHEDULED
2026-10-04T02:17:19.742664+00:00,1284214,001,647,19,0,1791080409,,,SCHEDULED
2026-10-04T02:17:19.742664+00:00,1284214,001,648,20,0,1791080468,,,SCHEDULED
2026-10-04T02:17:19.742664+00:00,1284214,001,649,21,0,1791080513,,,SCHEDULED
2026-10-04T02:17:19.742664+00:00,1284214,001,5351,22,0,1791080530,,,SCHEDULED
2026-10-04T02:17:19.742664+00:00,1284214,001,1308,23,0,1791080580,,,SCHEDULED
2026-10-04T02:17:19.742664+00:00,1284214,001,1309,24,0,1791080624,,,SCHEDULED
2026-10-04T02:17:19.742664+00:00,1284214,001,1310,25,0,1791080685,,,SCHEDULED
2026-10-04T02:17:19.742664+00:00,1284214,001,1311,26,0,1791080732,,,SCHEDULED
2026-10-04T02:17:19.742664+00:00,1284214,001,5363,27,0,1791080800,,,SCHEDULED
2026-10-04T02:17:19.742664+00:00,1284214,001,1313,28,0,1791080828,,,SCHEDULED
2026-10-04T02:17:19.742664+00:00,1284214,001,1314,29,0,1791080861,,,SCHEDULED
2026-10-04T02:17:19.742664+00:00,1284214,001,1315,30,0,1791080940,,,SCHEDULED
2026-10-04T02:17:19.742664+00:00,1284214,001,1316,31,0,1791080966,,,SCHEDULED
2026-10-04T02:17:19.742664+00:00,1284214,001,1317,32,0,1791080994,,,SCHEDULED
2026-10-04T02:17:19.742664+00:00,1284214,001,1318,33,0,1791081022,,,SCHEDULED
2026-10-04T02:17:19.742664+00:00,1284214,001,2807,34,0,1791081079,,,SCHEDULED
2026-10-04T02:17:19.742664+00:00,1284412,011,128,29,0,1791080279,,,SCHEDULED
2026-10-04T02:17:19.742664+00:00,1284412,011,130,30,0,1791080329,,,SCHEDULED
2026-10-04T02:17:19.742664+00:00,1284412,011,131,31,0,1791080357,,,SCHEDULED
2026-10-04T02:17:19.742664+00:00,1284412,011,132,32,0,1791080385,,,SCHEDULED
2026-10-04T02:17:19.742664+00:00,1284412,011,133,33,0,1791080425,,,SCHEDULED
2026-10-04T02:17:19.742664+00:00,1284412,011,981,34,0,1791080535,,,SCHEDULED
2026-10-04T02:17:19.742664+00:00,1284412,011,983,35,0,1791080598,,,SCHEDULED
2026-10-04T02:17:19.742664+00:00,1284412,011,984,36,0,1791080629,,,SCHEDULED
2026-10-04T02:17:19.742664+00:00,1284412,011,985,37,0,1791080652,,,SCHEDULED
2026-10-04T02:17:19.742664+00:00,1284412,011,986,38,0,1791080689,,,SCHEDULED
2026-10-04T02:17:19.742664+00:00,1284412,011,987,39,0,1791080765,,,SCHEDULED
2026-10-04T02:17:19.742664+00:00,1284412,011,8315,40,0,1791080854,,,SCHEDULED
2026-10-04T02:17:19.742664+00:00,1284412,011,2234,41,0,1791080921,,,SCHEDULED
2026-10-04T02:17:19.742664+00:00,1284412,011,2502,42,0,1791080973,,,SCHEDULED
2026-10-04T02:17:19.742664+00:00,1284412,011,2503,43,0,1791081002,,,SCHEDULED
2026-10-04T02:17:19.742664+00:00,1285501,026,1597,26,0,1791080195,,,SCHEDULED
2026-10-04T02:17:19.742664+00:00,1285501,026,1598,27,0,1791080254,,,SCHEDULED
2026-10-04T02:17:19.742664+00:00,1285501,026,3097,28,0,1791080351,,,SCHEDULED
2026-10-04T02:17:19.742664+00:00,1285501,026,3098,29,0,1791080408,,,SCHEDULED
2026-10-04T02:17:19.742664+00:00,1285501,026,9800,30,0,1791080464,,,SCHEDULED
2026-10-04T02:17:19.742664+00:00,1285501,026,3099,31,0,1791080618,,,SCHEDULED
2026-10-04T02:17:19.742664+00:00,1285501,026,3100,32,0,1791080666,,,SCHEDULED
2026-10-04T02:17:19.742664+00:00,1285501,026,3101,33,0,1791080718,,,SCHEDULED
2026-10-04T02:17:19.742664+00:00,1285501,026,3102,34,0,1791080776,,,SCHEDULED
2026-10-04T02:17:19.742664+00:00,1285501,026,5366,35,0,1791080941,,,SCHEDULED
2026-10-04T02:17:19.742664+00:00,1285501,026,1283,36,0,1791080991,,,SCHEDULED
2026-10-04T02:17:19.742664+00:00,1285501,026,650,37,0,1791081100,,,SCHEDULED
2026-10-04T02:17:19.742664+00:00,1285501,026,3107,38,0,1791081184,,,SCHEDULED
2026-10-04T02:17:19.742664+00:00,1285501,026,3108,39,0,1791081227,,,SCHEDULED
2026-10-04T02:17:19.742664+00:00,1285501,026,3109,40,0,1791081265,,,SCHEDULED
2026-10-04T02:17:19.742664+00:00,1285501,026,3110,41,0,1791081301,,,SCHEDULED
2026-10-04T02:17:19.742664+00:00,1285501,026,3112,42,0,1791081596,,,SCHEDULED
2026-10-04T02:17:19.742664+00:00,1285501,026,3113,43,0,1791081615,,,SCHEDULED
2026-10-04T02:17:19.742664+00:00,1285501,026,3115,44,0,1791081721,,,SCHEDULED
2026-10-04T02:17:19.742664+00:00,1285501,026,3116,45,0,1791081760,,,SCHEDULED
2026-10-04T02:17:19.742664+00:00,1285501,026,3117,46,0,1791081773,,,SCHEDULED
2026-10-04T02:17:19.742664+00:00,1285501,026,3118,47,0,1791081824,,,SCHEDULED
2026-10-04T02:17:19.742664+00:00,1285501,026,3119,48,0,1791081838,,,SCHEDULED
2026-10-04T02:17:19.742664+00:00,1285501,026,3121,49,0,1791081901,,,SCHEDULED
2026-10-04T02:17:19.742664+00:00,1285501,026,3122,50,0,1791081936,,,SCHEDULED
2026-10-04T02:17:19.742664+00:00,1284729,013,1073,2,0,1791080292,,,SCHEDULED
2026-10-04T02:17:19.742664+00:00,1284729,013,1074,3,0,1791080320,,,SCHEDULED
2026-10-04T02:17:19.742664+00:00,1284729,013,1075,4,0,1791080360,,,SCHEDULED
2026-10-04T02:17:19.742664+00:00,1284729,013,1076,5,0,1791080384,,,SCHEDULED
2026-10-04T02:17:19.742664+00:00,1284729,013,1077,6,0,1791080414,,,SCHEDULED
2026-10-04T02:17:19.742664+00:00,1284729,013,1646,7,0,1791080455,,,SCHEDULED
2026-10-04T02:17:19.742664+00:00,1284729,013,1648,8,0,1791080521,,,SCHEDULED
2026-10-04T02:17:19.742664+00:00,1284729,013,1157,9,0,1791080573,,,SCHEDULED
2026-10-04T02:17:19.742664+00:00,1284729,013,1158,10,0,1791080609,,,SCHEDULED
2026-10-04T02:17:19.742664+00:00,1284729,013,1159,11,0,1791080695,,,SCHEDULED
2026-10-04T02:17:19.742664+00:00,1284729,013,1160,12,0,1791080749,,,SCHEDULED
2026-10-04T02:17:19.742664+00:00,1284729,013,1161,13,0,1791080824,,,SCHEDULED
2026-10-04T02:17:19.742664+00:00,1284729,013,1162,14,0,1791080881,,,SCHEDULED
2026-10-04T02:17:19.742664+00:00,1284729,013,1163,15,0,1791080992,,,SCHEDULED
2026-10-04T02:17:19.742664+00:00,1284729,013,1164,16,0,1791081055,,,SCHEDULED
2026-10-04T02:17:19.742664+00:00,1284729,013,1165,17,0,1791081256,,,SCHEDULED
2026-10-04T02:17:19.742664+00:00,1284729,013,1166,18,0,1791081383,,,SCHEDULED
2026-10-04T02:17:19.742664+00:00,1284729,013,1167,19,0,1791081425,,,SCHEDULED
2026-10-04T02:17:19.742664+00:00,1284729,013,1168,20,0,1791081467,,,SCHEDULED
2026-10-04T02:17:19.742664+00:00,1284729,013,284,21,0,1791081595,,,SCHEDULED
2026-10-04T02:17:19.742664+00:00,1284729,013,9807,22,0,1791081655,,,SCHEDULED
2026-10-04T02:17:19.742664+00:00,1284729,013,284,23,0,1791081736,,,SCHEDULED
2026-10-04T02:17:19.742664+00:00,1284729,013,1635,24,0,1791081817,,,SCHEDULED
2026-10-04T02:17:19.742664+00:00,1284729,013,4750,25,0,1791082006,,,SCHEDULED
2026-10-04T02:17:19.742664+00:00,1286907,072,323,1,,,0,1791080760,SCHEDULED
2026-10-04T02:17:19.742664+00:00,1286907,072,4210,2,0,1791081003,,,SCHEDULED
2026-10-04T02:17:19.742664+00:00,1286907,072,4211,3,0,1791081044,,,SCHEDULED
2026-10-04T02:17:19.742664+00:00,1286907,072,4213,4,0,1791081067,,,SCHEDULED
2026-10-04T02:17:19.742664+00:00,1286907,072,4214,5,0,1791081110,,,SCHEDULED
2026-10-04T02:17:19.742664+00:00,1286907,072,4217,6,0,1791081149,,,SCHEDULED
2026-10-04T02:17:19.742664+00:00,1286907,072,5249,7,0,1791081184,,,SCHEDULED
2026-10-04T02:17:19.742664+00:00,1286907,072,4215,8,0,1791081241,,,SCHEDULED
2026-10-04T02:17:19.742664+00:00,1286907,072,4216,9,0,1791081266,,,SCHEDULED
2026-10-04T02:17:19.742664+00:00,1286907,072,2816,10,0,1791081300,,,SCHEDULED
2026-10-04T02:17:19.742664+00:00,1286907,072,2817,11,0,1791081330,,,SCHEDULED
2026-10-04T02:17:19.742664+00:00,1286907,072,2818,12,0,1791081360,,,SCHEDULED
2026-10-04T02:17:19.742664+00:00,1286907,072,2819,13,0,1791081385,,,SCHEDULED
2026-10-04T02:17:19.742664+00:00,1286907,072,2820,14,0,1791081423,,,SCHEDULED
2026-10-04T02:17:19.742664+00:00,1286907,072,2821,15,0,1791081458,,,SCHEDULED
2026-10-04T02:17:19.742664+00:00,1286907,072,2822,16,0,1791081479,,,SCHEDULED
2026-10-04T02:17:19.742664+00:00,1286907,072,2824,17,0,1791081514,,,SCHEDULED
2026-10-04T02:17:19.742664+00:00,1286907,072,2825,18,0,1791081564,,,SCHEDULED
2026-10-04T02:17:19.742664+00:00,1286907,072,2826,19,0,1791081594,,,SCHEDULED
2026-10-04T02:17:19.742664+00:00,1286907,072,3861,20,0,1791081641,,,SCHEDULED
2026-10-04T02:17:19.742664+00:00,1286907,072,3862,21,0,1791081660,,,SCHEDULED
2026-10-04T02:17:19.742664+00:00,1286907,072,3864,22,0,1791081709,,,SCHEDULED
2026-10-04T02:17:19.742664+00:00,1286907,072,3865,23,0,1791081746,,,SCHEDULED
2026-10-04T02:17:19.742664+00:00,1286907,072,496,24,0,1791081824,,,SCHEDULED
2026-10-04T02:17:19.742664+00:00,1287120,078,2739,2,0,1791080322,,,SCHEDULED
2026-10-04T02:17:19.742664+00:00,1287120,078,2740,3,0,1791080367,,,SCHEDULED
2026-10-04T02:17:19.742664+00:00,1287120,078,2741,4,0,1791080408,,,SCHEDULED
2026-10-04T02:17:19.742664+00:00,1287120,078,2742,5,0,1791080444,,,SCHEDULED
2026-10-04T02:17:19.742664+00:00,1287120,078,2743,6,0,1791080489,,,SCHEDULED
2026-10-04T02:17:19.742664+00:00,1287120,078,2744,7,0,1791080538,,,SCHEDULED
2026-10-04T02:17:19.742664+00:00,1287120,078,2745,8,0,1791080613,,,SCHEDULED
2026-10-04T02:17:19.742664+00:00,1285232,023,9807,1,,,0,1791080613,SCHEDULED
2026-10-04T02:17:19.742664+00:00,1285232,023,1096,2,0,1791080751,,,SCHEDULED
2026-10-04T02:17:19.742664+00:00,1285232,023,1098,3,0,1791080849,,,SCHEDULED
2026-10-04T02:17:19.742664+00:00,1285232,023,1099,4,0,1791081131,,,SCHEDULED
2026-10-04T02:17:19.742664+00:00,1285232,023,1090,5,0,1791081433,,,SCHEDULED
2026-10-04T02:17:19.742664+00:00,1285232,023,1091,6,0,1791081482,,,SCHEDULED
2026-10-04T02:17:19.742664+00:00,1285232,023,1092,7,0,1791081523,,,SCHEDULED
2026-10-04T02:17:19.742664+00:00,1285232,023,1093,8,0,1791081534,,,SCHEDULED
2026-10-04T02:17:19.742664+00:00,1285232,023,1094,9,0,1791081574,,,SCHEDULED
2026-10-04T02:17:19.742664+00:00,1285232,023,1455,10,0,1791081661,,,SCHEDULED
2026-10-04T02:17:19.742664+00:00,1285232,023,1456,11,0,1791081700,,,SCHEDULED
2026-10-04T02:17:19.742664+00:00,1285232,023,1457,12,0,1791081740,,,SCHEDULED
2026-10-04T02:17:19.742664+00:00,1285232,023,1458,13,0,1791081796,,,SCHEDULED
2026-10-04T02:17:19.742664+00:00,1285232,023,1460,14,0,1791081851,,,SCHEDULED
2026-10-04T02:17:19.742664+00:00,1285232,023,1461,15,0,1791081875,,,SCHEDULED
2026-10-04T02:17:19.742664+00:00,1285232,023,1462,16,0,1791081891,,,SCHEDULED
2026-10-04T02:17:19.742664+00:00,1285232,023,1463,17,0,1791081939,,,SCHEDULED
2026-10-04T02:17:19.742664+00:00,1285232,023,1464,18,0,1791081993,,,SCHEDULED
2026-10-04T02:17:19.742664+00:00,1287132,078,9920,1,,,0,1791081488,SCHEDULED
2026-10-04T02:17:19.742664+00:00,1287132,078,2760,2,0,1791081658,,,SCHEDULED
2026-10-04T02:17:19.742664+00:00,1287132,078,2761,3,0,1791081736,,,SCHEDULED
2026-10-04T02:17:19.742664+00:00,1287132,078,2762,4,0,1791081797,,,SCHEDULED
2026-10-04T02:17:19.742664+00:00,1287132,078,2763,5,0,1791081869,,,SCHEDULED
2026-10-04T02:17:19.742664+00:00,1287132,078,2764,6,0,1791081926,,,SCHEDULED
2026-10-04T02:17:19.742664+00:00,1287572,084,2962,13,0,1791080255,,,SCHEDULED
2026-10-04T02:17:19.742664+00:00,1287572,084,2963,14,0,1791080325,,,SCHEDULED
2026-10-04T02:17:19.742664+00:00,1287572,084,2964,15,0,1791080359,,,SCHEDULED
2026-10-04T02:17:19.742664+00:00,1287572,084,2965,16,0,1791080391,,,SCHEDULED
2026-10-04T02:17:19.742664+00:00,1287572,084,2966,17,0,1791080432,,,SCHEDULED
2026-10-04T02:17:19.742664+00:00,1287572,084,1155,18,0,1791080585,,,SCHEDULED
2026-10-04T02:17:19.742664+00:00,1287572,084,1156,19,0,1791080633,,,SCHEDULED
2026-10-04T02:17:19.742664+00:00,1287572,084,1674,20,0,1791080683,,,SCHEDULED
2026-10-04T02:17:19.742664+00:00,1287572,084,1675,21,0,1791080748,,,SCHEDULED
2026-10-04T02:17:19.742664+00:00,1287572,084,1677,22,0,1791080796,,,SCHEDULED
2026-10-04T02:17:19.742664+00:00,1287572,084,1127,23,0,1791080843,,,SCHEDULED
2026-10-04T02:17:19.742664+00:00,1287572,084,1128,24,0,1791080892,,,SCHEDULED
2026-10-04T02:17:19.742664+00:00,1287572,084,1129,25,0,1791080930,,,SCHEDULED
2026-10-04T02:17:19.742664+00:00,1287572,084,1130,26,0,1791080970,,,SCHEDULED
2026-10-04T02:17:19.742664+00:00,1287572,084,1131,27,0,1791081011,,,SCHEDULED
2026-10-04T02:17:19.742664+00:00,1287572,084,3089,28,0,1791081129,,,SCHEDULED
2026-10-04T02:17:19.742664+00:00,1287572,084,3090,29,0,1791081215,,,SCHEDULED
2026-10-04T02:17:19.742664+00:00,1287572,084,3091,30,0,1791081293,,,SCHEDULED
2026-10-04T02:17:19.742664+00:00,1287572,084,3092,31,0,1791081367,,,SCHEDULED
2026-10-04T02:17:19.742664+00:00,1287572,084,3093,32,0,1791081445,,,SCHEDULED
2026-10-04T02:17:19.742664+00:00,1287572,084,3094,33,0,1791081470,,,SCHEDULED
2026-10-04T02:17:19.742664+00:00,1287572,084,3095,34,0,1791081548,,,SCHEDULED
2026-10-04T02:17:19.742664+00:00,1287572,084,3096,35,0,1791081645,,,SCHEDULED
2026-10-04T02:17:19.742664+00:00,1287572,084,3097,36,0,1791081813,,,SCHEDULED
2026-10-04T02:17:19.742664+00:00,1287572,084,3098,37,0,1791081897,,,SCHEDULED
2026-10-04T02:17:19.742664+00:00,1287572,084,9800,38,0,1791081937,,,SCHEDULED
2026-10-04T02:17:19.742664+00:00,1285352,025,3332,2,0,1791080266,,,SCHEDULED
2026-10-04T02:17:19.742664+00:00,1285352,025,3333,3,0,1791080345,,,SCHEDULED
2026-10-04T02:17:19.742664+00:00,1285352,025,3334,4,0,1791080408,,,SCHEDULED
2026-10-04T02:17:19.742664+00:00,1285352,025,3335,5,0,1791080451,,,SCHEDULED
2026-10-04T02:17:19.742664+00:00,1285352,025,3336,6,0,1791080499,,,SCHEDULED
2026-10-04T02:17:19.742664+00:00,1285352,025,3337,7,0,1791080550,,,SCHEDULED
2026-10-04T02:17:19.742664+00:00,1285352,025,3338,8,0,1791080597,,,SCHEDULED
2026-10-04T02:17:19.742664+00:00,1285352,025,3339,9,0,1791080620,,,SCHEDULED
2026-10-04T02:17:19.742664+00:00,1285352,025,753,10,0,1791080654,,,SCHEDULED
2026-10-04T02:17:19.742664+00:00,1285352,025,3340,11,0,1791080695,,,SCHEDULED
2026-10-04T02:17:19.742664+00:00,1285352,025,3341,12,0,1791080741,,,SCHEDULED
2026-10-04T02:17:19.742664+00:00,1285352,025,3342,13,0,1791080807,,,SCHEDULED
2026-10-04T02:17:19.742664+00:00,1285352,025,3343,14,0,1791080835,,,SCHEDULED
2026-10-04T02:17:19.742664+00:00,1285352,025,4660,15,0,1791080922,,,SCHEDULED
2026-10-04T02:17:19.742664+00:00,1285352,025,5265,16,0,1791081455,,,SCHEDULED
2026-10-04T02:17:19.742664+00:00,1285352,025,4661,17,0,1791081548,,,SCHEDULED
2026-10-04T02:17:19.742664+00:00,1285352,025,4662,18,0,1791081658,,,SCHEDULED
2026-10-04T02:17:19.742664+00:00,1285352,025,3589,19,0,1791081721,,,SCHEDULED
2026-10-04T02:17:19.742664+00:00,1285352,025,3590,20,0,1791081740,,,SCHEDULED
2026-10-04T02:17:19.742664+00:00,1285352,025,3591,21,0,1791081768,,,SCHEDULED
2026-10-04T02:17:19.742664+00:00,1285352,025,3592,22,0,1791081790,,,SCHEDULED
2026-10-04T02:17:19.742664+00:00,1285352,025,3593,23,0,1791081825,,,SCHEDULED
2026-10-04T02:17:19.742664+00:00,1285352,025,3594,24,0,1791081851,,,SCHEDULED
2026-10-04T02:17:19.742664+00:00,1285352,025,3595,25,0,1791081908,,,SCHEDULED
2026-10-04T02:17:19.742664+00:00,1285352,025,3596,26,0,1791081935,,,SCHEDULED
2026-10-04T02:17:19.742664+00:00,1285352,025,3597,27,0,1791081999,,,SCHEDULED
2026-10-04T02:17:19.742664+00:00,1288106,093,3551,26,0,1791080230,,,SCHEDULED
2026-10-04T02:17:19.742664+00:00,1288106,093,3552,27,0,1791080242,,,SCHEDULED
2026-10-04T02:17:19.742664+00:00,1288106,093,3508,28,0,1791080272,,,SCHEDULED
2026-10-04T02:17:19.742664+00:00,1288106,093,3509,29,0,1791080321,,,SCHEDULED
2026-10-04T02:17:19.742664+00:00,1288106,093,3510,30,0,1791080496,,,SCHEDULED
2026-10-04T02:17:19.742664+00:00,1288106,093,3069,31,0,1791080946,,,SCHEDULED
2026-10-04T02:17:19.742664+00:00,1288106,093,3049,32,0,1791081038,,,SCHEDULED
2026-10-04T02:17:19.742664+00:00,1288106,093,3070,33,0,1791081112,,,SCHEDULED
2026-10-04T02:17:19.742664+00:00,1288106,093,3071,34,0,1791081172,,,SCHEDULED
2026-10-04T02:17:19.742664+00:00,1288106,093,3072,35,0,1791081223,,,SCHEDULED
2026-10-04T02:17:19.742664+00:00,1284860,015,9807,1,,,0,1791081442,SCHEDULED
2026-10-04T02:17:19.742664+00:00,1284860,015,545,2,0,1791081521,,,SCHEDULED
2026-10-04T02:17:19.742664+00:00,1284860,015,547,3,0,1791081581,,,SCHEDULED
2026-10-04T02:17:19.742664+00:00,1284860,015,548,4,0,1791081613,,,SCHEDULED
2026-10-04T02:17:19.742664+00:00,1284860,015,549,5,0,1791081646,,,SCHEDULED
2026-10-04T02:17:19.742664+00:00,1284860,015,960,6,0,1791081693,,,SCHEDULED
2026-10-04T02:17:19.742664+00:00,1284860,015,961,7,0,1791081723,,,SCHEDULED
2026-10-04T02:17:19.742664+00:00,1284860,015,962,8,0,1791081763,,,SCHEDULED
2026-10-04T02:17:19.742664+00:00,1284860,015,963,9,0,1791081815,,,SCHEDULED
2026-10-04T02:17:19.742664+00:00,1284860,015,964,10,0,1791081847,,,SCHEDULED
2026-10-04T02:17:19.742664+00:00,1284860,015,965,11,0,1791081869,,,SCHEDULED
2026-10-04T02:17:19.742664+00:00,1284860,015,966,12,0,1791081927,,,SCHEDULED
2026-10-04T02:17:19.742664+00:00,1284860,015,967,13,0,1791081958,,,SCHEDULED
2026-10-04T02:17:19.742664+00:00,1284860,015,968,14,0,1791081979,,,SCHEDULED
2026-10-04T02:17:19.742664+00:00,1285476,026,3052,1,,,0,1791080880,SCHEDULED
2026-10-04T02:17:19.742664+00:00,1285476,026,3054,2,0,1791081020,,,SCHEDULED
2026-10-04T02:17:19.742664+00:00,1285476,026,3055,3,0,1791081075,,,SCHEDULED
2026-10-04T02:17:19.742664+00:00,1285476,026,3056,4,0,1791081153,,,SCHEDULED
2026-10-04T02:17:19.742664+00:00,1285476,026,3057,5,0,1791081187,,,SCHEDULED
2026-10-04T02:17:19.742664+00:00,1285476,026,3058,6,0,1791081234,,,SCHEDULED
2026-10-04T02:17:19.742664+00:00,1285476,026,3059,7,0,1791081266,,,SCHEDULED
2026-10-04T02:17:19.742664+00:00,1285476,026,3060,8,0,1791081330,,,SCHEDULED
2026-10-04T02:17:19.742664+00:00,1285476,026,3061,9,0,1791081399,,,SCHEDULED
2026-10-04T02:17:19.742664+00:00,1285476,026,3062,10,0,1791081428,,,SCHEDULED
2026-10-04T02:17:19.742664+00:00,1285476,026,3063,11,0,1791081462,,,SCHEDULED
2026-10-04T02:17:19.742664+00:00,1285476,026,3064,12,0,1791081499,,,SCHEDULED
2026-10-04T02:17:19.742664+00:00,1285476,026,3065,13,0,1791081543,,,SCHEDULED
2026-10-04T02:17:19.742664+00:00,1285476,026,3066,14,0,1791081561,,,SCHEDULED
2026-10-04T02:17:19.742664+00:00,1285476,026,629,15,0,1791081618,,,SCHEDULED
2026-10-04T02:17:19.742664+00:00,1285476,026,651,16,0,1791081689,,,SCHEDULED
2026-10-04T02:17:19.742664+00:00,1285476,026,544,17,0,1791081726,,,SCHEDULED
2026-10-04T02:17:19.742664+00:00,1287458,082,1664,9,0,1791080236,,,SCHEDULED
2026-10-04T02:17:19.742664+00:00,1287458,082,1665,10,0,1791080280,,,SCHEDULED
2026-10-04T02:17:19.742664+00:00,1287458,082,1666,11,0,1791080306,,,SCHEDULED
2026-10-04T02:17:19.742664+00:00,1287458,082,1668,12,0,1791080378,,,SCHEDULED
2026-10-04T02:17:19.742664+00:00,1287458,082,1669,13,0,1791080442,,,SCHEDULED
2026-10-04T02:17:19.742664+00:00,1287458,082,1670,14,0,1791080491,,,SCHEDULED
2026-10-04T02:17:19.742664+00:00,1287458,082,1671,15,0,1791080557,,,SCHEDULED
2026-10-04T02:17:19.742664+00:00,1287458,082,1672,16,0,1791080606,,,SCHEDULED
2026-10-04T02:17:19.742664+00:00,1287458,082,1673,17,0,1791080641,,,SCHEDULED
2026-10-04T02:17:19.742664+00:00,1287458,082,1674,18,0,1791080670,,,SCHEDULED
2026-10-04T02:17:19.742664+00:00,1287458,082,1675,19,0,1791080710,,,SCHEDULED
2026-10-04T02:17:19.742664+00:00,1287458,082,1677,20,0,1791080760,,,SCHEDULED
2026-10-04T02:17:19.742664+00:00,1287458,082,1127,21,0,1791080791,,,SCHEDULED
2026-10-04T02:17:19.742664+00:00,1287458,082,1128,22,0,1791080828,,,SCHEDULED
2026-10-04T02:17:19.742664+00:00,1287458,082,1129,23,0,1791080894,,,SCHEDULED
2026-10-04T02:17:19.742664+00:00,1287458,082,1130,24,0,1791080944,,,SCHEDULED
2026-10-04T02:17:19.742664+00:00,1287458,082,1131,25,0,1791081001,,,SCHEDULED
2026-10-04T02:17:19.742664+00:00,1287458,082,3089,26,0,1791081057,,,SCHEDULED
2026-10-04T02:17:19.742664+00:00,1287458,082,3090,27,0,1791081120,,,SCHEDULED
2026-10-04T02:17:19.742664+00:00,1287458,082,3091,28,0,1791081168,,,SCHEDULED
2026-10-04T02:17:19.742664+00:00,1287458,082,3092,29,0,1791081205,,,SCHEDULED
2026-10-04T02:17:19.742664+00:00,1287458,082,3093,30,0,1791081244,,,SCHEDULED
2026-10-04T02:17:19.742664+00:00,1287458,082,3094,31,0,1791081264,,,SCHEDULED
2026-10-04T02:17:19.742664+00:00,1287458,082,1421,32,0,1791081297,,,SCHEDULED
2026-10-04T02:17:19.742664+00:00,1287458,082,1422,33,0,1791081326,,,SCHEDULED
2026-10-04T02:17:19.742664+00:00,1287458,082,1423,34,0,1791081355,,,SCHEDULED
2026-10-04T02:17:19.742664+00:00,1287458,082,1424,35,0,1791081385,,,SCHEDULED
2026-10-04T02:17:19.742664+00:00,1287458,082,1425,36,0,1791081411,,,SCHEDULED
2026-10-04T02:17:19.742664+00:00,1287458,082,1427,37,0,1791081451,,,SCHEDULED
2026-10-04T02:17:19.742664+00:00,1287458,082,1428,38,0,1791081480,,,SCHEDULED
2026-10-04T02:17:19.742664+00:00,1287458,082,9939,39,0,1791081536,,,SCHEDULED
2026-10-04T02:17:19.742664+00:00,1287458,082,1444,40,0,1791081710,,,SCHEDULED
2026-10-04T02:17:19.742664+00:00,1287458,082,1445,41,0,1791081770,,,SCHEDULED
2026-10-04T02:17:19.742664+00:00,1287458,082,1446,42,0,1791081812,,,SCHEDULED
2026-10-04T02:17:19.742664+00:00,1285233,023,1502,53,0,1791080292,,,SCHEDULED
2026-10-04T02:17:19.742664+00:00,1285233,023,1503,54,0,1791080331,,,SCHEDULED
2026-10-04T02:17:19.742664+00:00,1285233,023,1504,55,0,1791080351,,,SCHEDULED
2026-10-04T02:17:19.742664+00:00,1285233,023,1505,56,0,1791080376,,,SCHEDULED
2026-10-04T02:17:19.742664+00:00,1285233,023,1314,57,0,1791080453,,,SCHEDULED
2026-10-04T02:17:19.742664+00:00,1285233,023,1315,58,0,1791080518,,,SCHEDULED
2026-10-04T02:17:19.742664+00:00,1285233,023,1316,59,0,1791080540,,,SCHEDULED
2026-10-04T02:17:19.742664+00:00,1285233,023,1317,60,0,1791080545,,,SCHEDULED
2026-10-04T02:17:19.742664+00:00,1285233,023,1318,61,0,1791080572,,,SCHEDULED
2026-10-04T02:17:19.742664+00:00,1285233,023,2807,62,0,1791080666,,,SCHEDULED
2026-10-04T02:17:19.742664+00:00,1288303,142,525,1,,,0,1791081300,SCHEDULED
2026-10-04T02:17:19.742664+00:00,1288303,142,526,2,0,1791081326,,,SCHEDULED
2026-10-04T02:17:19.742664+00:00,1288303,142,527,3,0,1791081333,,,SCHEDULED
2026-10-04T02:17:19.742664+00:00,1288303,142,528,4,0,1791081339,,,SCHEDULED
2026-10-04T02:17:19.742664+00:00,1288303,142,5252,5,0,1791081366,,,SCHEDULED
2026-10-04T02:17:19.742664+00:00,1288303,142,531,6,0,1791081372,,,SCHEDULED
2026-10-04T02:17:19.742664+00:00,1288105,093,1069,1,,,0,1791081600,SCHEDULED
2026-10-04T02:17:19.742664+00:00,1288105,093,3332,2,0,1791081660,,,SCHEDULED
2026-10-04T02:17:19.742664+00:00,1288105,093,3333,3,0,1791081719,,,SCHEDULED
2026-10-04T02:17:19.742664+00:00,1288105,093,3334,4,0,1791081767,,,SCHEDULED
2026-10-04T02:17:19.742664+00:00,1288105,093,3335,5,0,1791081811,,,SCHEDULED
2026-10-04T02:17:19.742664+00:00,1288105,093,4655,6,0,1791081833,,,SCHEDULED
2026-10-04T02:17:19.742664+00:00,1288105,093,875,7,0,1791081884,,,SCHEDULED
2026-10-04T02:17:19.742664+00:00,1288105,093,5369,8,0,1791081950,,,SCHEDULED
2026-10-04T02:17:19.742664+00:00,1285477,026,1536,42,0,1791080230,,,SCHEDULED
2026-10-04T02:17:19.742664+00:00,1285477,026,1537,43,0,1791080281,,,SCHEDULED
2026-10-04T02:17:19.742664+00:00,1285477,026,1538,44,0,1791080320,,,SCHEDULED
2026-10-04T02:17:19.742664+00:00,1285477,026,1539,45,0,1791080359,,,SCHEDULED
2026-10-04T02:17:19.742664+00:00,1285477,026,1540,46,0,1791080396,,,SCHEDULED
2026-10-04T02:17:19.742664+00:00,1285477,026,1542,47,0,1791080486,,,SCHEDULED
2026-10-04T02:17:19.742664+00:00,1285477,026,1541,48,0,1791080596,,,SCHEDULED
2026-10-04T02:17:19.742664+00:00,1285477,026,2980,49,0,1791080635,,,SCHEDULED
2026-10-04T02:17:19.742664+00:00,1285477,026,8958,50,0,1791080710,,,SCHEDULED
2026-10-04T02:17:19.742664+00:00,1284861,015,969,15,0,1791080259,,,SCHEDULED
2026-10-04T02:17:19.742664+00:00,1284861,015,836,16,0,1791080297,,,SCHEDULED
2026-10-04T02:17:19.742664+00:00,1284861,015,838,17,0,1791080351,,,SCHEDULED
2026-10-04T02:17:19.742664+00:00,1284861,015,839,18,0,1791080405,,,SCHEDULED
2026-10-04T02:17:19.742664+00:00,1284861,015,840,19,0,1791080475,,,SCHEDULED
2026-10-04T02:17:19.742664+00:00,1284861,015,841,20,0,1791080520,,,SCHEDULED
2026-10-04T02:17:19.742664+00:00,1284861,015,842,21,0,1791080537,,,SCHEDULED
2026-10-04T02:17:19.742664+00:00,1284861,015,843,22,0,1791080555,,,SCHEDULED
2026-10-04T02:17:19.742664+00:00,1284861,015,845,23,0,1791080592,,,SCHEDULED
2026-10-04T02:17:19.742664+00:00,1284861,015,846,24,0,1791080602,,,SCHEDULED
2026-10-04T02:17:19.742664+00:00,1284861,015,847,25,0,1791080622,,,SCHEDULED
2026-10-04T02:17:19.742664+00:00,1284861,015,848,26,0,1791080638,,,SCHEDULED
2026-10-04T02:17:19.742664+00:00,1284861,015,3098,27,0,1791080917,,,SCHEDULED
2026-10-04T02:17:19.742664+00:00,1285631,030,275,1,,,0,1791081044,SCHEDULED
2026-10-04T02:17:19.742664+00:00,1285631,030,1689,2,0,1791081144,,,SCHEDULED
2026-10-04T02:17:19.742664+00:00,1285631,030,1691,3,0,1791081190,,,SCHEDULED
2026-10-04T02:17:19.742664+00:00,1285631,030,1692,4,0,1791081203,,,SCHEDULED
2026-10-04T02:17:19.742664+00:00,1285631,030,1693,5,0,1791081239,,,SCHEDULED
2026-10-04T02:17:19.742664+00:00,1285631,030,1694,6,0,1791081273,,,SCHEDULED
2026-10-04T02:17:19.742664+00:00,1285631,030,1695,7,0,1791081288,,,SCHEDULED
2026-10-04T02:17:19.742664+00:00,1285631,030,1697,8,0,1791081327,,,SCHEDULED
2026-10-04T02:17:19.742664+00:00,1285631,030,1699,9,0,1791081367,,,SCHEDULED
2026-10-04T02:17:19.742664+00:00,1285631,030,1700,10,0,1791081391,,,SCHEDULED
2026-10-04T02:17:19.742664+00:00,1285631,030,1701,11,0,1791081409,,,SCHEDULED
2026-10-04T02:17:19.742664+00:00,1285631,030,1702,12,0,1791081437,,,SCHEDULED
2026-10-04T02:17:19.742664+00:00,1285631,030,1703,13,0,1791081485,,,SCHEDULED
2026-10-04T02:17:19.742664+00:00,1285631,030,1704,14,0,1791081539,,,SCHEDULED
2026-10-04T02:17:19.742664+00:00,1285631,030,1705,15,0,1791081625,,,SCHEDULED
2026-10-04T02:17:19.742664+00:00,1285631,030,1707,16,0,1791081760,,,SCHEDULED
2026-10-04T02:17:19.742664+00:00,1285631,030,1708,17,0,1791081831,,,SCHEDULED
2026-10-04T02:17:19.742664+00:00,1285631,030,1709,18,0,1791081864,,,SCHEDULED
2026-10-04T02:17:19.742664+00:00,1285631,030,1710,19,0,1791081903,,,SCHEDULED
2026-10-04T02:17:19.742664+00:00,1285631,030,1711,20,0,1791081926,,,SCHEDULED
2026-10-04T02:17:19.742664+00:00,1285631,030,519,21,0,1791081943,,,SCHEDULED
2026-10-04T02:17:19.742664+00:00,1285631,030,521,22,0,1791082012,,,SCHEDULED
2026-10-04T02:17:19.742664+00:00,1286647,067,2648,7,0,1791080358,,,SCHEDULED
2026-10-04T02:17:19.742664+00:00,1286647,067,5344,8,0,1791080412,,,SCHEDULED
2026-10-04T02:17:19.742664+00:00,1286647,067,2649,9,0,1791080455,,,SCHEDULED
2026-10-04T02:17:19.742664+00:00,1286647,067,2650,10,0,1791080472,,,SCHEDULED
2026-10-04T02:17:19.742664+00:00,1286647,067,2651,11,0,1791080595,,,SCHEDULED
2026-10-04T02:17:19.742664+00:00,1286647,067,2653,12,0,1791080684,,,SCHEDULED
2026-10-04T02:17:19.742664+00:00,1286647,067,2654,13,0,1791080807,,,SCHEDULED
2026-10-04T02:17:19.742664+00:00,1286647,067,9811,14,0,1791080913,,,SCHEDULED
2026-10-04T02:17:19.742664+00:00,1286647,067,880,15,0,1791081063,,,SCHEDULED
2026-10-04T02:17:19.742664+00:00,1286647,067,2656,16,0,1791081132,,,SCHEDULED
2026-10-04T02:17:19.742664+00:00,1286647,067,2655,17,0,1791081153,,,SCHEDULED
2026-10-04T02:17:19.742664+00:00,1286647,067,1915,18,0,1791081187,,,SCHEDULED
2026-10-04T02:17:19.742664+00:00,1286647,067,2569,19,0,1791081264,,,SCHEDULED
2026-10-04T02:17:19.742664+00:00,1286647,067,2570,20,0,1791081313,,,SCHEDULED
2026-10-04T02:17:19.742664+00:00,1286647,067,2571,21,0,1791081330,,,SCHEDULED
2026-10-04T02:17:19.742664+00:00,1286647,067,2572,22,0,1791081359,,,SCHEDULED
2026-10-04T02:17:19.742664+00:00,1286647,067,2573,23,0,1791081373,,,SCHEDULED
2026-10-04T02:17:19.742664+00:00,1286647,067,2574,24,0,1791081382,,,SCHEDULED
2026-10-04T02:17:19.742664+00:00,1286647,067,2575,25,0,1791081387,,,SCHEDULED
2026-10-04T02:17:19.742664+00:00,1286647,067,2576,26,0,1791081393,,,SCHEDULED
2026-10-04T02:17:19.742664+00:00,1286647,067,2577,27,0,1791081403,,,SCHEDULED
2026-10-04T02:17:19.742664+00:00,1286647,067,2578,28,0,1791081465,,,SCHEDULED
2026-10-04T02:17:19.742664+00:00,1286647,067,2580,29,0,1791081558,,,SCHEDULED
2026-10-04T02:17:19.742664+00:00,1286647,067,2581,30,0,1791081585,,,SCHEDULED
2026-10-04T02:17:19.742664+00:00,1286647,067,2582,31,0,1791081610,,,SCHEDULED
2026-10-04T02:17:19.742664+00:00,1286647,067,2583,32,0,1791081635,,,SCHEDULED
2026-10-04T02:17:19.742664+00:00,1286647,067,2584,33,0,1791081672,,,SCHEDULED
2026-10-04T02:17:19.742664+00:00,1286647,067,2585,34,0,1791081759,,,SCHEDULED
2026-10-04T02:17:19.742664+00:00,1286647,067,2586,35,0,1791081788,,,SCHEDULED
2026-10-04T02:17:19.742664+00:00,1286647,067,2587,36,0,1791081865,,,SCHEDULED
2026-10-04T02:17:19.742664+00:00,1286647,067,2588,37,0,1791081927,,,SCHEDULED
2026-10-04T02:17:19.742664+00:00,1286647,067,2589,38,0,1791081974,,,SCHEDULED
2026-10-04T02:17:19.742664+00:00,1286647,067,2590,39,0,1791082008,,,SCHEDULED
2026-10-04T02:17:19.742664+00:00,1286766,068,2381,16,0,1791080250,,,SCHEDULED
2026-10-04T02:17:19.742664+00:00,1286766,068,2382,17,0,1791080317,,,SCHEDULED
2026-10-04T02:17:19.742664+00:00,1286766,068,2383,18,0,1791080375,,,SCHEDULED
2026-10-04T02:17:19.742664+00:00,1286766,068,2385,19,0,1791080417,,,SCHEDULED
2026-10-04T02:17:19.742664+00:00,1286766,068,2014,20,0,1791080510,,,SCHEDULED
2026-10-04T02:17:19.742664+00:00,1286766,068,2015,21,0,1791080575,,,SCHEDULED
2026-10-04T02:17:19.742664+00:00,1286766,068,2016,22,0,1791080600,,,SCHEDULED
2026-10-04T02:17:19.742664+00:00,1286766,068,2166,23,0,1791080675,,,SCHEDULED
2026-10-04T02:17:19.742664+00:00,1286766,068,1884,24,0,1791080826,,,SCHEDULED
2026-10-04T02:17:19.742664+00:00,1286766,068,1885,25,0,1791080886,,,SCHEDULED
2026-10-04T02:17:19.742664+00:00,1286766,068,1686,26,0,1791081047,,,SCHEDULED
2026-10-04T02:17:19.742664+00:00,1286766,068,2691,27,0,1791081161,,,SCHEDULED
2026-10-04T02:17:19.742664+00:00,1286766,068,2692,28,0,1791081187,,,SCHEDULED
2026-10-04T02:17:19.742664+00:00,1286766,068,2693,29,0,1791081232,,,SCHEDULED
2026-10-04T02:17:19.742664+00:00,1286766,068,2694,30,0,1791081289,,,SCHEDULED
2026-10-04T02:17:19.742664+00:00,1286766,068,2695,31,0,1791081341,,,SCHEDULED
2026-10-04T02:17:19.742664+00:00,1286766,068,2696,32,0,1791081369,,,SCHEDULED
2026-10-04T02:17:19.742664+00:00,1286766,068,2699,33,0,1791081402,,,SCHEDULED
2026-10-04T02:17:19.742664+00:00,1286766,068,2700,34,0,1791081439,,,SCHEDULED
2026-10-04T02:17:19.742664+00:00,1286766,068,2703,35,0,1791081465,,,SCHEDULED
2026-10-04T02:17:19.742664+00:00,1286766,068,2704,36,0,1791081579,,,SCHEDULED
2026-10-04T02:17:19.742664+00:00,1286766,068,2706,37,0,1791081636,,,SCHEDULED
2026-10-04T02:17:19.742664+00:00,1286766,068,2707,38,0,1791081673,,,SCHEDULED
2026-10-04T02:17:19.742664+00:00,1286766,068,2708,39,0,1791081724,,,SCHEDULED
2026-10-04T02:17:19.742664+00:00,1286766,068,2709,40,0,1791081796,,,SCHEDULED
2026-10-04T02:17:19.742664+00:00,1286766,068,2710,41,0,1791081818,,,SCHEDULED
2026-10-04T02:17:19.742664+00:00,1286766,068,2711,42,0,1791081844,,,SCHEDULED
2026-10-04T02:17:19.742664+00:00,1286766,068,2712,43,0,1791081886,,,SCHEDULED
2026-10-04T02:17:19.742664+00:00,1286766,068,2713,44,0,1791081895,,,SCHEDULED
2026-10-04T02:17:19.742664+00:00,1286766,068,2715,45,0,1791081909,,,SCHEDULED
2026-10-04T02:17:19.742664+00:00,1286766,068,2610,46,0,1791081960,,,SCHEDULED
2026-10-04T02:17:19.742664+00:00,1286766,068,2611,47,0,1791081982,,,SCHEDULED
2026-10-04T02:17:19.742664+00:00,1286766,068,2612,48,0,1791082011,,,SCHEDULED
2026-10-04T02:17:19.742664+00:00,1285833,038,526,33,0,1791080288,,,SCHEDULED
2026-10-04T02:17:19.742664+00:00,1285833,038,527,34,0,1791080320,,,SCHEDULED
2026-10-04T02:17:19.742664+00:00,1285833,038,528,35,0,1791080375,,,SCHEDULED
2026-10-04T02:17:19.742664+00:00,1285833,038,5252,36,0,1791080518,,,SCHEDULED
2026-10-04T02:17:19.742664+00:00,1285833,038,281,37,0,1791080691,,,SCHEDULED
2026-10-04T02:17:19.742664+00:00,1286921,072,3796,23,0,1791080225,,,SCHEDULED
2026-10-04T02:17:19.742664+00:00,1286921,072,5250,24,0,1791080249,,,SCHEDULED
2026-10-04T02:17:19.742664+00:00,1286921,072,3798,25,0,1791080281,,,SCHEDULED
2026-10-04T02:17:19.742664+00:00,1286921,072,3799,26,0,1791080325,,,SCHEDULED
2026-10-04T02:17:19.742664+00:00,1286921,072,3800,27,0,1791080384,,,SCHEDULED
2026-10-04T02:17:19.742664+00:00,1286921,072,3801,28,0,1791080425,,,SCHEDULED
2026-10-04T02:17:19.742664+00:00,1286921,072,3802,29,0,1791080459,,,SCHEDULED
2026-10-04T02:17:19.742664+00:00,1286921,072,3852,30,0,1791080530,,,SCHEDULED
2026-10-04T02:17:19.742664+00:00,1287977,088,9807,1,,,,,NO_DATA
2026-10-04T02:17:19.742664+00:00,1287977,088,284,2,,,,,NO_DATA
2026-10-04T02:17:19.742664+00:00,1287977,088,684,3,,,,,NO_DATA
2026-10-04T02:17:19.742664+00:00,1287977,088,685,4,,,,,NO_DATA
2026-10-04T02:17:19.742664+00:00,1287977,088,1400,5,,,,,NO_DATA
2026-10-04T02:17:19.742664+00:00,1287977,088,1401,6,,,,,NO_DATA
2026-10-04T02:17:19.742664+00:00,1287977,088,1402,7,,,,,NO_DATA
2026-10-04T02:17:19.742664+00:00,1287977,088,1403,8,,,,,NO_DATA
2026-10-04T02:17:19.742664+00:00,1287977,088,1404,9,,,,,NO_DATA
2026-10-04T02:17:19.742664+00:00,1287977,088,1405,10,,,,,NO_DATA
2026-10-04T02:17:19.742664+00:00,1287977,088,1406,11,,,,,NO_DATA
2026-10-04T02:17:19.742664+00:00,1287977,088,1407,12,,,,,NO_DATA
2026-10-04T02:17:19.742664+00:00,1287977,088,1408,13,,,,,NO_DATA
2026-10-04T02:17:19.742664+00:00,1287977,088,1409,14,,,,,NO_DATA
2026-10-04T02:17:19.742664+00:00,1287977,088,1410,15,,,,,NO_DATA
2026-10-04T02:17:19.742664+00:00,1287977,088,1411,16,,,,,NO_DATA
2026-10-04T02:17:19.742664+00:00,1287977,088,1412,17,,,,,NO_DATA
2026-10-04T02:17:19.742664+00:00,1287977,088,1413,18,,,,,NO_DATA
2026-10-04T02:17:19.742664+00:00,1287977,088,1414,19,,,,,NO_DATA
2026-10-04T02:17:19.742664+00:00,1287977,088,1415,20,,,,,NO_DATA
2026-10-04T02:17:19.742664+00:00,1284428,011,2425,1,,,0,1791081600,SCHEDULED
2026-10-04T02:17:19.742664+00:00,1284428,011,2501,2,0,1791081666,,,SCHEDULED
2026-10-04T02:17:19.742664+00:00,1284428,011,5353,3,0,1791081687,,,SCHEDULED
2026-10-04T02:17:19.742664+00:00,1284428,011,3214,4,0,1791081743,,,SCHEDULED
2026-10-04T02:17:19.742664+00:00,1284428,011,2276,5,0,1791081780,,,SCHEDULED
2026-10-04T02:17:19.742664+00:00,1284428,011,8303,6,0,1791081820,,,SCHEDULED
2026-10-04T02:17:19.742664+00:00,1284428,011,8302,7,0,1791081861,,,SCHEDULED
2026-10-04T02:17:19.742664+00:00,1284428,011,1046,8,0,1791081953,,,SCHEDULED
2026-10-04T02:17:19.742664+00:00,1284428,011,1047,9,0,1791082020,,,SCHEDULED
2026-10-04T02:17:19.742664+00:00,1284429,011,2425,1,,,0,1791080224,SCHEDULED
2026-10-04T02:17:19.742664+00:00,1284429,011,2501,2,0,1791080249,,,SCHEDULED
2026-10-04T02:17:19.742664+00:00,1284429,011,5353,3,0,1791080266,,,SCHEDULED
2026-10-04T02:17:19.742664+00:00,1284429,011,3214,4,0,1791080344,,,SCHEDULED
2026-10-04T02:17:19.742664+00:00,1284429,011,2276,5,0,1791080390,,,SCHEDULED
2026-10-04T02:17:19.742664+00:00,1284429,011,8303,6,0,1791080422,,,SCHEDULED
2026-10-04T02:17:19.742664+00:00,1284429,011,8302,7,0,1791080452,,,SCHEDULED
2026-10-04T02:17:19.742664+00:00,1284429,011,1046,8,0,1791080544,,,SCHEDULED
2026-10-04T02:17:19.742664+00:00,1284429,011,1047,9,0,1791080611,,,SCHEDULED
2026-10-04T02:17:19.742664+00:00,1284429,011,1049,10,0,1791080656,,,SCHEDULED
2026-10-04T02:17:19.742664+00:00,1284429,011,1050,11,0,1791080691,,,SCHEDULED
2026-10-04T02:17:19.742664+00:00,1284429,011,1051,12,0,1791080725,,,SCHEDULED
2026-10-04T02:17:19.742664+00:00,1284429,011,215,13,0,1791080899,,,SCHEDULED
2026-10-04T02:17:19.742664+00:00,1284429,011,216,14,0,1791080928,,,SCHEDULED
2026-10-04T02:17:19.742664+00:00,1284429,011,217,15,0,1791080951,,,SCHEDULED
2026-10-04T02:17:19.742664+00:00,1284429,011,218,16,0,1791080976,,,SCHEDULED
2026-10-04T02:17:19.742664+00:00,1284429,011,219,17,0,1791080996,,,SCHEDULED
2026-10-04T02:17:19.742664+00:00,1284429,011,1926,18,0,1791081031,,,SCHEDULED
2026-10-04T02:17:19.742664+00:00,1284429,011,1940,19,0,1791081058,,,SCHEDULED
2026-10-04T02:17:19.742664+00:00,1284429,011,1770,20,0,1791081102,,,SCHEDULED
2026-10-04T02:17:19.742664+00:00,1284429,011,1771,21,0,1791081129,,,SCHEDULED
2026-10-04T02:17:19.742664+00:00,1284429,011,1772,22,0,1791081170,,,SCHEDULED
2026-10-04T02:17:19.742664+00:00,1284429,011,1773,23,0,1791081225,,,SCHEDULED
2026-10-04T02:17:19.742664+00:00,1284429,011,1774,24,0,1791081282,,,SCHEDULED
2026-10-04T02:17:19.742664+00:00,1284429,011,1775,25,0,1791081320,,,SCHEDULED
2026-10-04T02:17:19.742664+00:00,1284429,011,1776,26,0,1791081344,,,SCHEDULED
2026-10-04T02:17:19.742664+00:00,1284429,011,325,27,0,1791081456,,,SCHEDULED
2026-10-04T02:17:19.742664+00:00,1284429,011,327,29,0,1791081511,,,SCHEDULED
2026-10-04T02:17:19.742664+00:00,1284429,011,328,30,0,1791081534,,,SCHEDULED
2026-10-04T02:17:19.742664+00:00,1284429,011,329,31,0,1791081573,,,SCHEDULED
2026-10-04T02:17:19.742664+00:00,1284429,011,330,32,0,1791081611,,,SCHEDULED
2026-10-04T02:17:19.742664+00:00,1284429,011,331,33,0,1791081635,,,SCHEDULED
2026-10-04T02:17:19.742664+00:00,1284429,011,668,34,0,1791081682,,,SCHEDULED
2026-10-04T02:17:19.742664+00:00,1284429,011,605,35,0,1791081987,,,SCHEDULED
2026-10-04T02:17:19.742664+00:00,1287295,081,2317,21,0,1791080305,,,SCHEDULED
2026-10-04T02:17:19.742664+00:00,1287295,081,2318,22,0,1791080370,,,SCHEDULED
2026-10-04T02:17:19.742664+00:00,1287295,081,2319,23,0,1791080429,,,SCHEDULED
2026-10-04T02:17:19.742664+00:00,1287295,081,2320,24,0,1791080463,,,SCHEDULED
2026-10-04T02:17:19.742664+00:00,1287295,081,2321,25,0,1791080519,,,SCHEDULED
2026-10-04T02:17:19.742664+00:00,1287295,081,2322,26,0,1791080533,,,SCHEDULED
2026-10-04T02:17:19.742664+00:00,1287295,081,2323,27,0,1791080544,,,SCHEDULED
2026-10-04T02:17:19.742664+00:00,1287295,081,2324,28,0,1791080577,,,SCHEDULED
2026-10-04T02:17:19.742664+00:00,1287295,081,2325,29,0,1791080660,,,SCHEDULED
2026-10-04T02:17:19.742664+00:00,1287295,081,2326,30,0,1791080689,,,SCHEDULED
2026-10-04T02:17:19.742664+00:00,1287295,081,2328,31,0,1791080901,,,SCHEDULED
2026-10-04T02:17:19.742664+00:00,1287295,081,2329,32,0,1791081012,,,SCHEDULED
2026-10-04T02:17:19.742664+00:00,1287295,081,2330,33,0,1791081094,,,SCHEDULED
2026-10-04T02:17:19.742664+00:00,1287295,081,4811,34,0,1791081181,,,SCHEDULED
2026-10-04T02:17:19.742664+00:00,1287295,081,4810,35,0,1791081465,,,SCHEDULED
2026-10-04T02:17:19.742664+00:00,1286083,051,123,8,0,1791080222,,,SCHEDULED
2026-10-04T02:17:19.742664+00:00,1286083,051,125,9,0,1791080276,,,SCHEDULED
2026-10-04T02:17:19.742664+00:00,1286083,051,126,10,0,1791080297,,,SCHEDULED
2026-10-04T02:17:19.742664+00:00,1286083,051,127,11,0,1791080311,,,SCHEDULED
2026-10-04T02:17:19.742664+00:00,1286083,051,128,12,0,1791080389,,,SCHEDULED
2026-10-04T02:17:19.742664+00:00,1286083,051,227,13,0,1791080469,,,SCHEDULED
2026-10-04T02:17:19.742664+00:00,1286083,051,229,14,0,1791080520,,,SCHEDULED
2026-10-04T02:17:19.742664+00:00,1286083,051,231,15,0,1791080594,,,SCHEDULED
2026-10-04T02:17:19.742664+00:00,1286083,051,232,16,0,1791080649,,,SCHEDULED
2026-10-04T02:17:19.742664+00:00,1286083,051,233,17,0,1791080727,,,SCHEDULED
2026-10-04T02:17:19.742664+00:00,1286083,051,234,18,0,1791080791,,,SCHEDULED
2026-10-04T02:17:19.742664+00:00,1286083,051,235,19,0,1791080834,,,SCHEDULED
2026-10-04T02:17:19.742664+00:00,1286083,051,236,20,0,1791080879,,,SCHEDULED
2026-10-04T02:17:19.742664+00:00,1286083,051,1927,21,0,1791080965,,,SCHEDULED
2026-10-04T02:17:19.742664+00:00,1286083,051,1930,22,0,1791081082,,,SCHEDULED
2026-10-04T02:17:19.742664+00:00,1286083,051,1931,23,0,1791081115,,,SCHEDULED
2026-10-04T02:17:19.742664+00:00,1286083,051,1949,24,0,1791081151,,,SCHEDULED
2026-10-04T02:17:19.742664+00:00,1286083,051,1932,25,0,1791081184,,,SCHEDULED
2026-10-04T02:17:19.742664+00:00,1286083,051,1936,26,0,1791081253,,,SCHEDULED
2026-10-04T02:17:19.742664+00:00,1286083,051,1937,27,0,1791081279,,,SCHEDULED
2026-10-04T02:17:19.742664+00:00,1286083,051,1938,28,0,1791081298,,,SCHEDULED
2026-10-04T02:17:19.742664+00:00,1286083,051,1939,29,0,1791081347,,,SCHEDULED
2026-10-04T02:17:19.742664+00:00,1286083,051,1839,30,0,1791081400,,,SCHEDULED
2026-10-04T02:17:19.742664+00:00,1286083,051,1841,31,0,1791081466,,,SCHEDULED
2026-10-04T02:17:19.742664+00:00,1286083,051,1842,32,0,1791081489,,,SCHEDULED
2026-10-04T02:17:19.742664+00:00,1286083,051,1843,33,0,1791081566,,,SCHEDULED
2026-10-04T02:17:19.742664+00:00,1286083,051,1844,34,0,1791081635,,,SCHEDULED
2026-10-04T02:17:19.742664+00:00,1286083,051,1845,35,0,1791081656,,,SCHEDULED
2026-10-04T02:17:19.742664+00:00,1286083,051,1846,36,0,1791081675,,,SCHEDULED
2026-10-04T02:17:19.742664+00:00,1286083,051,1847,37,0,1791081683,,,SCHEDULED
2026-10-04T02:17:19.742664+00:00,1286083,051,1848,38,0,1791081713,,,SCHEDULED
2026-10-04T02:17:19.742664+00:00,1286083,051,1849,39,0,1791081786,,,SCHEDULED
2026-10-04T02:17:19.742664+00:00,1286083,051,1850,40,0,1791081836,,,SCHEDULED
2026-10-04T02:17:19.742664+00:00,1286083,051,1851,41,0,1791081921,,,SCHEDULED
2026-10-04T02:17:19.742664+00:00,1286083,051,1852,42,0,1791081978,,,SCHEDULED
2026-10-04T02:17:19.742664+00:00,1286083,051,1853,43,0,1791082022,,,SCHEDULED
2026-10-04T02:17:19.742664+00:00,1287293,081,290,1,,,0,1791081780,SCHEDULED
2026-10-04T02:17:19.742664+00:00,1287293,081,1600,2,0,1791081863,,,SCHEDULED
2026-10-04T02:17:19.742664+00:00,1287293,081,1602,3,0,1791081949,,,SCHEDULED
2026-10-04T02:17:19.742664+00:00,1287293,081,1603,4,0,1791081992,,,SCHEDULED
2026-10-04T02:17:19.742664+00:00,1287294,081,1600,2,0,1791080305,,,SCHEDULED
2026-10-04T02:17:19.742664+00:00,1287294,081,1602,3,0,1791080408,,,SCHEDULED
2026-10-04T02:17:19.742664+00:00,1287294,081,1603,4,0,1791080437,,,SCHEDULED
2026-10-04T02:17:19.742664+00:00,1287294,081,1604,5,0,1791080477,,,SCHEDULED
2026-10-04T02:17:19.742664+00:00,1287294,081,1605,6,0,1791080517,,,SCHEDULED
2026-10-04T02:17:19.742664+00:00,1287294,081,1606,7,0,1791080567,,,SCHEDULED
2026-10-04T02:17:19.742664+00:00,1287294,081,1607,8,0,1791080655,,,SCHEDULED
2026-10-04T02:17:19.742664+00:00,1287294,081,1608,9,0,1791080742,,,SCHEDULED
2026-10-04T02:17:19.742664+00:00,1287294,081,1609,10,0,1791080808,,,SCHEDULED
2026-10-04T02:17:19.742664+00:00,1287294,081,1610,11,0,1791080912,,,SCHEDULED
2026-10-04T02:17:19.742664+00:00,1287294,081,1611,12,0,1791081045,,,SCHEDULED
2026-10-04T02:17:19.742664+00:00,1287294,081,1612,13,0,1791081297,,,SCHEDULED
2026-10-04T02:17:19.742664+00:00,1287294,081,1613,14,0,1791081405,,,SCHEDULED
2026-10-04T02:17:19.742664+00:00,1287294,081,2311,15,0,1791081445,,,SCHEDULED
2026-10-04T02:17:19.742664+00:00,1287294,081,2312,16,0,1791081697,,,SCHEDULED
2026-10-04T02:17:19.742664+00:00,1287294,081,2313,17,0,1791081789,,,SCHEDULED
2026-10-04T02:17:19.742664+00:00,1287294,081,2314,18,0,1791081890,,,SCHEDULED
2026-10-04T02:17:19.742664+00:00,1287294,081,2315,19,0,1791081996,,,SCHEDULED
