poll_time,trip_id,route_id,stop_id,stop_sequence,arrival_delay,arrival_time,departure_delay,departure_time,schedule_relationship
2026-10-07T00:10:04.820303+00:00,1284394,011,4710,45,0,1791331853,,,SCHEDULED
2026-10-07T00:10:04.820303+00:00,1284394,011,8928,46,0,1791331928,,,SCHEDULED
2026-10-07T00:10:04.820303+00:00,1284394,011,8929,47,0,1791332079,,,SCHEDULED
2026-10-07T00:10:04.820303+00:00,1284394,011,8930,48,0,1791332135,,,SCHEDULED
2026-10-07T00:10:04.820303+00:00,1284394,011,543,49,0,1791332171,,,SCHEDULED
2026-10-07T00:10:04.820303+00:00,1284394,011,5348,50,0,1791332338,,,SCHEDULED
2026-10-07T00:10:04.820303+00:00,1284394,011,5201,51,0,1791332443,,,SCHEDULED
2026-10-07T00:10:04.820303+00:00,1284394,011,8900,52,0,1791332574,,,SCHEDULED
2026-10-07T00:10:04.820303+00:00,1284394,011,8901,53,0,1791332632,,,SCHEDULED
2026-10-07T00:10:04.820303+00:00,1284394,011,8902,54,0,1791332701,,,SCHEDULED
2026-10-07T00:10:04.820303+00:00,1284394,011,8903,55,0,1791332790,,,SCHEDULED
2026-10-07T00:10:04.820303+00:00,1284394,011,8904,56,0,1791332878,,,SCHEDULED
2026-10-07T00:10:04.820303+00:00,1284394,011,8905,57,0,1791332914,,,SCHEDULED
2026-10-07T00:10:04.820303+00:00,1284394,011,8906,58,0,1791332966,,,SCHEDULED
2026-10-07T00:10:04.820303+00:00,1284394,011,8907,59,0,1791332997,,,SCHEDULED
2026-10-07T00:10:04.820303+00:00,1284394,011,8908,60,0,1791333027,,,SCHEDULED
2026-10-07T00:10:04.820303+00:00,1288235,138,1434,1,,,0,1791332437,SCHEDULED
2026-10-07T00:10:04.820303+00:00,1288235,138,1811,2,0,1791332647,,,SCHEDULED
2026-10-07T00:10:04.820303+00:00,1286178,056,3223,12,0,1791331865,,,SCHEDULED
2026-10-07T00:10:04.820303+00:00,1286178,056,3225,13,0,1791331965,,,SCHEDULED
2026-10-07T00:10:04.820303+00:00,1286178,056,2062,14,0,1791332052,,,SCHEDULED
2026-10-07T00:10:04.820303+00:00,1286178,056,2063,15,0,1791332079,,,SCHEDULED
2026-10-07T00:10:04.820303+00:00,1286178,056,2064,16,0,1791332156,,,SCHEDULED
2026-10-07T00:10:04.820303+00:00,1286178,056,2065,17,0,1791332206,,,SCHEDULED
2026-10-07T00:10:04.820303+00:00,1286178,056,2066,18,0,1791332218,,,SCHEDULED
2026-10-07T00:10:04.820303+00:00,1286178,056,2068,19,0,1791332275,,,SCHEDULED
2026-10-07T00:10:04.820303+00:00,1286178,056,5200,20,0,1791332360,,,SCHEDULED
2026-10-07T00:10:04.820303+00:00,1286178,056,287,21,0,1791332522,,,SCHEDULED
2026-10-07T00:10:04.820303+00:00,1286178,056,2070,22,0,1791332577,,,SCHEDULED
2026-10-07T00:10:04.820303+00:00,1286178,056,2071,23,0,1791332580,,,SCHEDULED
2026-10-07T00:10:04.820303+00:00,1286178,056,497,24,0,1791332679,,,SCHEDULED
2026-10-07T00:10:04.820303+00:00,1286178,056,498,25,0,1791332746,,,SCHEDULED
2026-10-07T00:10:04.820303+00:00,1286178,056,500,26,0,1791332817,,,SCHEDULED
2026-10-07T00:10:04.820303+00:00,1286178,056,501,27,0,1791332855,,,SCHEDULED
2026-10-07T00:10:04.820303+00:00,1286178,056,502,28,0,1791332885,,,SCHEDULED
2026-10-07T00:10:04.820303+00:00,1286178,056,503,29,0,1791333047,,,SCHEDULED
2026-10-07T00:10:04.820303+00:00,1286178,056,504,30,0,1791333220,,,SCHEDULED
2026-10-07T00:10:04.820303+00:00,1286178,056,505,31,0,1791333270,,,SCHEDULED
2026-10-07T00:10:04.820303+00:00,1286178,056,4134,32,0,1791333426,,,SCHEDULED
2026-10-07T00:10:04.820303+00:00,1286178,056,4136,33,0,1791333477,,,SCHEDULED
2026-10-07T00:10:04.820303+00:00,1286178,056,4137,34,0,1791333530,,,SCHEDULED
2026-10-07T00:10:04.820303+00:00,1286453,062,4140,1,,,0,1791332116,SCHEDULED
2026-10-07T00:10:04.820303+00:00,1286453,062,4141,2,0,1791332139,,,SCHEDULED
2026-10-07T00:10:04.820303+00:00,1286453,062,4142,3,0,1791332207,,,SCHEDULED
2026-10-07T00:10:04.820303+00:00,1286453,062,4143,4,0,1791332292,,,SCHEDULED
2026-10-07T00:10:04.820303+00:00,1286453,062,5251,5,0,1791332333,,,SCHEDULED
2026-10-07T00:10:04.820303+00:00,1286453,062,4144,6,0,1791332351,,,SCHEDULED
2026-10-07T00:10:04.820303+00:00,1286453,062,4145,7,0,1791332375,,,SCHEDULED
2026-10-07T00:10:04.820303+00:00,1286453,062,4146,8,0,1791332387,,,SCHEDULED
2026-10-07T00:10:04.820303+00:00,1286453,062,506,9,0,1791332441,,,SCHEDULED
2026-10-07T00:10:04.820303+00:00,1286453,062,507,10,0,1791332458,,,SCHEDULED
2026-10-07T00:10:04.820303+00:00,1286453,062,508,11,0,1791332527,,,SCHEDULED
2026-10-07T00:10:04.820303+00:00,1286453,062,509,12,0,1791332549,,,SCHEDULED
2026-10-07T00:10:04.820303+00:00,1286453,062,510,13,0,1791332582,,,SCHEDULED
2026-10-07T00:10:04.820303+00:00,1286453,062,511,14,0,1791332608,,,SCHEDULED
2026-10-07T00:10:04.820303+00:00,1286453,062,513,15,0,1791332689,,,SCHEDULED
2026-10-07T00:10:04.820303+00:00,1286453,062,514,16,0,1791332744,,,SCHEDULED
2026-10-07T00:10:04.820303+00:00,1286453,062,515,17,0,1791332772,,,SCHEDULED
2026-10-07T00:10:04.820303+00:00,1286453,062,516,18,0,1791332798,,,SCHEDULED
2026-10-07T00:10:04.820303+00:00,1286453,062,517,19,0,1791332811,,,SCHEDULED
2026-10-07T00:10:04.820303+00:00,1286453,062,518,20,0,1791332866,,,SCHEDULED
2026-10-07T00:10:04.820303+00:00,1286453,062,2331,21,0,1791332888,,,SCHEDULED
2026-10-07T00:10:04.820303+00:00,1286453,062,2332,22,0,1791332912,,,SCHEDULED
2026-10-07T00:10:04.820303+00:00,1286453,062,2333,23,0,1791332948,,,SCHEDULED
2026-10-07T00:10:04.820303+00:00,1286453,062,2334,24,0,1791332972,,,SCHEDULED
2026-10-07T00:10:04.820303+00:00,1286453,062,2335,25,0,1791332997,,,SCHEDULED
2026-10-07T00:10:04.820303+00:00,1286453,062,1352,26,0,1791333021,,,SCHEDULED
2026-10-07T00:10:04.820303+00:00,1286453,062,2337,27,0,1791333076,,,SCHEDULED
2026-10-07T00:10:04.820303+00:00,1286453,062,2338,28,0,1791333134,,,SCHEDULED
2026-10-07T00:10:04.820303+00:00,1286453,062,2339,29,0,1791333171,,,SCHEDULED
2026-10-07T00:10:04.820303+00:00,1286453,062,2341,30,0,1791333218,,,SCHEDULED
2026-10-07T00:10:04.820303+00:00,1286453,062,2342,31,0,1791333254,,,SCHEDULED
2026-10-07T00:10:04.820303+00:00,1286453,062,2229,32,0,1791333332,,,SCHEDULED
2026-10-07T00:10:04.820303+00:00,1286453,062,2230,33,0,1791333441,,,SCHEDULED
2026-10-07T00:10:04.820303+00:00,1286453,062,2231,34,0,1791333470,,,SCHEDULED
2026-10-07T00:10:04.820303+00:00,1286453,062,2232,35,0,1791333501,,,SCHEDULED
2026-10-07T00:10:04.820303+00:00,1286453,062,2233,36,0,1791333565,,,SCHEDULED
2026-10-07T00:10:04.820303+00:00,1288199,113,4708,5,0,1791331836,,,SCHEDULED
2026-10-07T00:10:04.820303+00:00,1288199,113,4712,6,0,1791331976,,,SCHEDULED
2026-10-07T00:10:04.820303+00:00,1288199,113,4702,7,0,1791332083,,,SCHEDULED
2026-10-07T00:10:04.820303+00:00,1288199,113,3237,8,0,1791332160,,,SCHEDULED
2026-10-07T00:10:04.820303+00:00,1288199,113,3238,9,0,1791332347,,,SCHEDULED
2026-10-07T00:10:04.820303+00:00,1288199,113,3239,10,0,1791332404,,,SCHEDULED
2026-10-07T00:10:04.820303+00:00,1288199,113,4703,11,0,1791332472,,,SCHEDULED
2026-10-07T00:10:04.820303+00:00,1288199,113,4704,12,0,1791332558,,,SCHEDULED
2026-10-07T00:10:04.820303+00:00,1288199,113,4705,13,0,1791332612,,,SCHEDULED
2026-10-07T00:10:04.820303+00:00,1288199,113,4706,14,0,1791332671,,,SCHEDULED
2026-10-07T00:10:04.820303+00:00,1288199,113,4707,15,0,1791332760,,,SCHEDULED
2026-10-07T00:10:04.820303+00:00,1288199,113,4751,16,0,1791332829,,,SCHEDULED
2026-10-07T00:10:04.820303+00:00,1288199,113,5271,17,0,1791333174,,,SCHEDULED
2026-10-07T00:10:04.820303+00:00,1284791,015,9800,1,,,0,1791331972,SCHEDULED
2026-10-07T00:10:04.820303+00:00,1284791,015,574,2,0,1791332157,,,SCHEDULED
2026-10-07T00:10:04.820303+00:00,1284791,015,575,3,0,1791332223,,,SCHEDULED
2026-10-07T00:10:04.820303+00:00,1284791,015,576,4,0,1791332241,,,SCHEDULED
2026-10-07T00:10:04.820303+00:00,1284791,015,577,5,0,1791332274,,,SCHEDULED
2026-10-07T00:10:04.820303+00:00,1284791,015,579,6,0,1791332324,,,SCHEDULED
2026-10-07T00:10:04.820303+00:00,1284791,015,580,7,0,1791332369,,,SCHEDULED
2026-10-07T00:10:04.820303+00:00,1284791,015,849,8,0,1791332426,,,SCHEDULED
2026-10-07T00:10:04.820303+00:00,1284791,015,850,9,0,1791332468,,,SCHEDULED
2026-10-07T00:10:04.820303+00:00,1284791,015,851,10,0,1791332536,,,SCHEDULED
2026-10-07T00:10:04.820303+00:00,1284791,015,852,11,0,1791332568,,,SCHEDULED
2026-10-07T00:10:04.820303+00:00,1284791,015,853,12,0,1791332587,,,SCHEDULED
2026-10-07T00:10:04.820303+00:00,1284791,015,859,13,0,1791332639,,,SCHEDULED
2026-10-07T00:10:04.820303+00:00,1284791,015,860,14,0,1791332699,,,SCHEDULED
2026-10-07T00:10:04.820303+00:00,1284791,015,861,15,0,1791332753,,,SCHEDULED
2026-10-07T00:10:04.820303+00:00,1284791,015,862,16,0,1791332768,,,SCHEDULED
2026-10-07T00:10:04.820303+00:00,1284791,015,863,17,0,1791332831,,,SCHEDULED
2026-10-07T00:10:04.820303+00:00,1284791,015,864,18,0,1791332867,,,SCHEDULED
2026-10-07T00:10:04.820303+00:00,1284791,015,865,19,0,1791332896,,,SCHEDULED
2026-10-07T00:10:04.820303+00:00,1284791,015,866,20,0,1791332946,,,SCHEDULED
2026-10-07T00:10:04.820303+00:00,1284791,015,867,21,0,1791332992,,,SCHEDULED
2026-10-07T00:10:04.820303+00:00,1284791,015,593,22,0,1791333022,,,SCHEDULED
2026-10-07T00:10:04.820303+00:00,1284791,015,594,23,0,1791333059,,,SCHEDULED
2026-10-07T00:10:04.820303+00:00,1284791,015,595,24,0,1791333108,,,SCHEDULED
2026-10-07T00:10:04.820303+00:00,1284791,015,596,25,0,1791333158,,,SCHEDULED
2026-10-07T00:10:04.820303+00:00,1284791,015,284,26,0,1791333205,,,SCHEDULED
2026-10-07T00:10:04.820303+00:00,1287941,088,9807,1,,,0,1791331860,SCHEDULED
2026-10-07T00:10:04.820303+00:00,1287941,088,284,2,0,1791331935,,,SCHEDULED
2026-10-07T00:10:04.820303+00:00,1287941,088,684,3,0,1791331976,,,SCHEDULED
2026-10-07T00:10:04.820303+00:00,1287941,088,685,4,0,1791332047,,,SCHEDULED
2026-10-07T00:10:04.820303+00:00,1287941,088,1400,5,0,1791332068,,,SCHEDULED
2026-10-07T00:10:04.820303+00:00,1287941,088,1401,6,0,1791332101,,,SCHEDULED
2026-10-07T00:10:04.820303+00:00,1287941,088,1402,7,0,1791332144,,,SCHEDULED
2026-10-07T00:10:04.820303+00:00,1287941,088,1403,8,0,1791332296,,,SCHEDULED
2026-10-07T00:10:04.820303+00:00,1287941,088,1404,9,0,1791332340,,,SCHEDULED
2026-10-07T00:10:04.820303+00:00,1287941,088,1405,10,0,1791332383,,,SCHEDULED
2026-10-07T00:10:04.820303+00:00,1287941,088,1406,11,0,1791332401,,,SCHEDULED
2026-10-07T00:10:04.820303+00:00,1287941,088,1407,12,0,1791332454,,,SCHEDULED
2026-10-07T00:10:04.820303+00:00,1287941,088,1408,13,0,1791332507,,,SCHEDULED
2026-10-07T00:10:04.820303+00:00,1287941,088,1409,14,0,1791332577,,,SCHEDULED
2026-10-07T00:10:04.820303+00:00,1287941,088,1410,15,0,1791332647,,,SCHEDULED
2026-10-07T00:10:04.820303+00:00,1287941,088,1411,16,0,1791332700,,,SCHEDULED
2026-10-07T00:10:04.820303+00:00,1287941,088,1412,17,0,1791332744,,,SCHEDULED
2026-10-07T00:10:04.820303+00:00,1287941,088,1413,18,0,1791332779,,,SCHEDULED
2026-10-07T00:10:04.820303+00:00,1287941,088,1414,19,0,1791332940,,,SCHEDULED
2026-10-07T00:10:04.820303+00:00,1287941,088,1415,20,0,1791333000,,,SCHEDULED
2026-10-07T00:10:04.820303+00:00,1287941,088,1416,21,0,1791333053,,,SCHEDULED
2026-10-07T00:10:04.820303+00:00,1287941,088,1417,22,0,1791333085,,,SCHEDULED
2026-10-07T00:10:04.820303+00:00,1287820,087,241,1,,,0,1791332456,SCHEDULED
2026-10-07T00:10:04.820303+00:00,1287820,087,1255,2,0,1791332612,,,SCHEDULED
2026-10-07T00:10:04.820303+00:00,1287820,087,1263,3,0,1791332753,,,SCHEDULED
2026-10-07T00:10:04.820303+00:00,1287820,087,3179,4,0,1791332790,,,SCHEDULED
2026-10-07T00:10:04.820303+00:00,1287820,087,3180,5,0,1791332838,,,SCHEDULED
2026-10-07T00:10:04.820303+00:00,1287820,087,3181,6,0,1791332925,,,SCHEDULED
2026-10-07T00:10:04.820303+00:00,1287820,087,3182,7,0,1791332957,,,SCHEDULED
2026-10-07T00:10:04.820303+00:00,1287820,087,3183,8,0,1791333040,,,SCHEDULED
2026-10-07T00:10:04.820303+00:00,1287820,087,3184,9,0,1791333098,,,SCHEDULED
2026-10-07T00:10:04.820303+00:00,1287820,087,3185,10,0,1791333230,,,SCHEDULED
2026-10-07T00:10:04.820303+00:00,1287820,087,3187,11,0,1791333328,,,SCHEDULED
2026-10-07T00:10:04.820303+00:00,1287820,087,3188,12,0,1791333397,,,SCHEDULED
2026-10-07T00:10:04.820303+00:00,1287820,087,3189,13,0,1791333493,,,SCHEDULED
2026-10-07T00:10:04.820303+00:00,1284673,013,1334,1,,,0,1791332157,SCHEDULED
2026-10-07T00:10:04.820303+00:00,1284673,013,1335,2,0,1791332350,,,SCHEDULED
2026-10-07T00:10:04.820303+00:00,1284673,013,1347,3,0,1791332862,,,SCHEDULED
2026-10-07T00:10:04.820303+00:00,1284673,013,8909,4,0,1791332908,,,SCHEDULED
2026-10-07T00:10:04.820303+00:00,1284673,013,8911,5,0,1791332962,,,SCHEDULED
2026-10-07T00:10:04.820303+00:00,1284673,013,8910,6,0,1791333079,,,SCHEDULED
2026-10-07T00:10:04.820303+00:00,1284673,013,8912,7,0,1791333197,,,SCHEDULED
2026-10-07T00:10:04.820303+00:00,1284673,013,8913,8,0,1791333234,,,SCHEDULED
2026-10-07T00:10:04.820303+00:00,1284277,010,11159,1,,,0,1791332533,SCHEDULED
2026-10-07T00:10:04.820303+00:00,1284277,010,1817,2,0,1791332546,,,SCHEDULED
2026-10-07T00:10:04.820303+00:00,1284277,010,11028,3,0,1791332725,,,SCHEDULED
2026-10-07T00:10:04.820303+00:00,1284277,010,11204,4,0,1791332762,,,SCHEDULED
2026-10-07T00:10:04.820303+00:00,1284277,010,11205,5,0,1791332790,,,SCHEDULED
2026-10-07T00:10:04.820303+00:00,1284277,010,11102,6,0,1791332844,,,SCHEDULED
2026-10-07T00:10:04.820303+00:00,1284277,010,11071,7,0,1791332899,,,SCHEDULED
2026-10-07T00:10:04.820303+00:00,1284277,010,11050,8,0,1791332979,,,SCHEDULED
2026-10-07T00:10:04.820303+00:00,1284277,010,11039,9,0,1791333155,,,SCHEDULED
2026-10-07T00:10:04.820303+00:00,1284277,010,11040,10,0,1791333176,,,SCHEDULED
2026-10-07T00:10:04.820303+00:00,1284277,010,11135,11,0,1791333222,,,SCHEDULED
2026-10-07T00:10:04.820303+00:00,1284277,010,11104,12,0,1791333243,,,SCHEDULED
2026-10-07T00:10:04.820303+00:00,1284277,010,11108,13,0,1791333300,,,SCHEDULED
2026-10-07T00:10:04.820303+00:00,1284277,010,11127,14,0,1791333312,,,SCHEDULED
2026-10-07T00:10:04.820303+00:00,1284277,010,11002,15,0,1791333333,,,SCHEDULED
2026-10-07T00:10:04.820303+00:00,1284277,010,11157,16,0,1791333405,,,SCHEDULED
2026-10-07T00:10:04.820303+00:00,1284277,010,11033,17,0,1791333472,,,SCHEDULED
2026-10-07T00:10:04.820303+00:00,1287545,084,1285,1,,,0,1791333142,SCHEDULED
2026-10-07T00:10:04.820303+00:00,1287545,084,1618,2,0,1791333223,,,SCHEDULED
2026-10-07T00:10:04.820303+00:00,1287545,084,1306,3,0,1791333302,,,SCHEDULED
2026-10-07T00:10:04.820303+00:00,1287545,084,1570,4,0,1791333434,,,SCHEDULED
2026-10-07T00:10:04.820303+00:00,1287545,084,1307,5,0,1791333461,,,SCHEDULED
2026-10-07T00:10:04.820303+00:00,1287545,084,4003,6,0,1791333552,,,SCHEDULED
2026-10-07T00:10:04.820303+00:00,1287545,084,4004,7,0,1791333591,,,SCHEDULED
2026-10-07T00:10:04.820303+00:00,1287666,086,241,1,,,0,1791333478,SCHEDULED
2026-10-07T00:10:04.820303+00:00,1287666,086,558,2,0,1791333597,,,SCHEDULED
2026-10-07T00:10:04.820303+00:00,1287821,087,275,18,0,1791331860,,,SCHEDULED
2026-10-07T00:10:04.820303+00:00,1287821,087,276,19,0,1791332087,,,SCHEDULED
2026-10-07T00:10:04.820303+00:00,1287546,084,3953,13,0,1791331799,,,SCHEDULED
2026-10-07T00:10:04.820303+00:00,1287546,084,3954,14,0,1791331827,,,SCHEDULED
2026-10-07T00:10:04.820303+00:00,1287546,084,3955,15,0,1791331858,,,SCHEDULED
2026-10-07T00:10:04.820303+00:00,1287546,084,3956,16,0,1791331886,,,SCHEDULED
2026-10-07T00:10:04.820303+00:00,1287546,084,3957,17,0,1791331903,,,SCHEDULED
2026-10-07T00:10:04.820303+00:00,1287546,084,3063,18,0,1791331971,,,SCHEDULED
2026-10-07T00:10:04.820303+00:00,1287546,084,3064,19,0,1791332035,,,SCHEDULED
2026-10-07T00:10:04.820303+00:00,1287546,084,3065,20,0,1791332056,,,SCHEDULED
2026-10-07T00:10:04.820303+00:00,1287546,084,3066,21,0,1791332169,,,SCHEDULED
2026-10-07T00:10:04.820303+00:00,1287546,084,3067,22,0,1791332236,,,SCHEDULED
2026-10-07T00:10:04.820303+00:00,1287546,084,3068,23,0,1791332279,,,SCHEDULED
2026-10-07T00:10:04.820303+00:00,1287546,084,3069,24,0,1791332330,,,SCHEDULED
2026-10-07T00:10:04.820303+00:00,1287546,084,3049,25,0,1791332442,,,SCHEDULED
2026-10-07T00:10:04.820303+00:00,1287546,084,3070,26,0,1791332494,,,SCHEDULED
2026-10-07T00:10:04.820303+00:00,1287546,084,3071,27,0,1791332497,,,SCHEDULED
2026-10-07T00:10:04.820303+00:00,1287546,084,3072,28,0,1791332499,,,SCHEDULED
2026-10-07T00:10:04.820303+00:00,1287546,084,9801,29,0,1791332597,,,SCHEDULED
2026-10-07T00:10:04.820303+00:00,1287546,084,3073,30,0,1791332660,,,SCHEDULED
2026-10-07T00:10:04.820303+00:00,1287546,084,3074,31,0,1791332868,,,SCHEDULED
2026-10-07T00:10:04.820303+00:00,1287546,084,3075,32,0,1791332875,,,SCHEDULED
2026-10-07T00:10:04.820303+00:00,1287546,084,3076,33,0,1791332976,,,SCHEDULED
2026-10-07T00:10:04.820303+00:00,1287546,084,3077,34,0,1791333012,,,SCHEDULED
2026-10-07T00:10:04.820303+00:00,1287546,084,3078,35,0,1791333131,,,SCHEDULED
2026-10-07T00:10:04.820303+00:00,1287546,084,3079,36,0,1791333162,,,SCHEDULED
2026-10-07T00:10:04.820303+00:00,1287546,084,3080,37,0,1791333243,,,SCHEDULED
2026-10-07T00:10:04.820303+00:00,1287546,084,1074,38,0,1791333402,,,SCHEDULED
2026-10-07T00:10:04.820303+00:00,1287546,084,1075,39,0,1791333434,,,SCHEDULED
2026-10-07T00:10:04.820303+00:00,1287546,084,1076,40,0,1791333454,,,SCHEDULED
2026-10-07T00:10:04.820303+00:00,1287546,084,1077,41,0,1791333522,,,SCHEDULED
2026-10-07T00:10:04.820303+00:00,1287546,084,1646,42,0,1791333586,,,SCHEDULED
2026-10-07T00:10:04.820303+00:00,1287700,086,3151,14,0,1791331857,,,SCHEDULED
2026-10-07T00:10:04.820303+00:00,1287700,086,3152,15,0,1791331883,,,SCHEDULED
2026-10-07T00:10:04.820303+00:00,1287700,086,3153,16,0,1791331893,,,SCHEDULED
2026-10-07T00:10:04.820303+00:00,1287700,086,3154,17,0,1791331929,,,SCHEDULED
2026-10-07T00:10:04.820303+00:00,1287700,086,3155,18,0,1791332016,,,SCHEDULED
2026-10-07T00:10:04.820303+00:00,1287700,086,3156,19,0,1791332078,,,SCHEDULED
2026-10-07T00:10:04.820303+00:00,1287700,086,3157,20,0,1791332133,,,SCHEDULED
2026-10-07T00:10:04.820303+00:00,1287700,086,3158,21,0,1791332166,,,SCHEDULED
2026-10-07T00:10:04.820303+00:00,1287700,086,3159,22,0,1791332230,,,SCHEDULED
2026-10-07T00:10:04.820303+00:00,1287700,086,3160,23,0,1791332252,,,SCHEDULED
2026-10-07T00:10:04.820303+00:00,1287700,086,3161,24,0,1791332281,,,SCHEDULED
2026-10-07T00:10:04.820303+00:00,1287700,086,3163,25,0,1791332363,,,SCHEDULED
2026-10-07T00:10:04.820303+00:00,1287700,086,3164,26,0,1791332396,,,SCHEDULED
2026-10-07T00:10:04.820303+00:00,1287700,086,699,27,0,1791332474,,,SCHEDULED
2026-10-07T00:10:04.820303+00:00,1287700,086,703,28,0,1791332611,,,SCHEDULED
2026-10-07T00:10:04.820303+00:00,1287700,086,700,29,0,1791332648,,,SCHEDULED
2026-10-07T00:10:04.820303+00:00,1287700,086,706,30,0,1791332716,,,SCHEDULED
2026-10-07T00:10:04.820303+00:00,1287700,086,707,31,0,1791332735,,,SCHEDULED
2026-10-07T00:10:04.820303+00:00,1287700,086,708,32,0,1791332749,,,SCHEDULED
2026-10-07T00:10:04.820303+00:00,1287700,086,834,33,0,1791332837,,,SCHEDULED
2026-10-07T00:10:04.820303+00:00,1287700,086,835,34,0,1791332893,,,SCHEDULED
2026-10-07T00:10:04.820303+00:00,1287700,086,836,35,0,1791332939,,,SCHEDULED
2026-10-07T00:10:04.820303+00:00,1287700,086,838,36,0,1791332985,,,SCHEDULED
2026-10-07T00:10:04.820303+00:00,1287700,086,839,37,0,1791333024,,,SCHEDULED
2026-10-07T00:10:04.820303+00:00,1287700,086,840,38,0,1791333071,,,SCHEDULED
2026-10-07T00:10:04.820303+00:00,1287700,086,581,39,0,1791333108,,,SCHEDULED
2026-10-07T00:10:04.820303+00:00,1287700,086,582,40,0,1791333161,,,SCHEDULED
2026-10-07T00:10:04.820303+00:00,1287700,086,583,41,0,1791333189,,,SCHEDULED
2026-10-07T00:10:04.820303+00:00,1287700,086,584,42,0,1791333232,,,SCHEDULED
2026-10-07T00:10:04.820303+00:00,1287700,086,585,43,0,1791333332,,,SCHEDULED
2026-10-07T00:10:04.820303+00:00,1287700,086,586,44,0,1791333378,,,SCHEDULED
2026-10-07T00:10:04.820303+00:00,1286179,056,906,1,,,0,1791332640,SCHEDULED
2026-10-07T00:10:04.820303+00:00,1286179,056,286,2,0,1791332947,,,SCHEDULED
2026-10-07T00:10:04.820303+00:00,1286179,056,4439,3,0,1791333033,,,SCHEDULED
2026-10-07T00:10:04.820303+00:00,1286179,056,4440,4,0,1791333069,,,SCHEDULED
2026-10-07T00:10:04.820303+00:00,1286179,056,4441,5,0,1791333097,,,SCHEDULED
2026-10-07T00:10:04.820303+00:00,1286179,056,4015,6,0,1791333154,,,SCHEDULED
2026-10-07T00:10:04.820303+00:00,1286179,056,4016,7,0,1791333194,,,SCHEDULED
2026-10-07T00:10:04.820303+00:00,1286179,056,4017,8,0,1791333248,,,SCHEDULED
2026-10-07T00:10:04.820303+00:00,1286179,056,3914,9,0,1791333354,,,SCHEDULED
2026-10-07T00:10:04.820303+00:00,1286179,056,3220,10,0,1791333479,,,SCHEDULED
2026-10-07T00:10:04.820303+00:00,1286212,056,3834,31,0,1791331844,,,SCHEDULED
2026-10-07T00:10:04.820303+00:00,1286212,056,3939,32,0,1791331980,,,SCHEDULED
2026-10-07T00:10:04.820303+00:00,1286212,056,5107,33,0,1791332020,,,SCHEDULED
2026-10-07T00:10:04.820303+00:00,1286212,056,4020,34,0,1791332060,,,SCHEDULED
2026-10-07T00:10:04.820303+00:00,1286212,056,4021,35,0,1791332106,,,SCHEDULED
2026-10-07T00:10:04.820303+00:00,1286212,056,4022,36,0,1791332157,,,SCHEDULED
2026-10-07T00:10:04.820303+00:00,1286212,056,242,37,0,1791332246,,,SCHEDULED
2026-10-07T00:10:04.820303+00:00,1286212,056,243,38,0,1791332295,,,SCHEDULED
2026-10-07T00:10:04.820303+00:00,1286212,056,244,39,0,1791332335,,,SCHEDULED
2026-10-07T00:10:04.820303+00:00,1286212,056,1038,40,0,1791332407,,,SCHEDULED
2026-10-07T00:10:04.820303+00:00,1286212,056,4019,41,0,1791332453,,,SCHEDULED
2026-10-07T00:10:04.820303+00:00,1284674,013,1102,28,0,1791331855,,,SCHEDULED
2026-10-07T00:10:04.820303+00:00,1284674,013,1103,29,0,1791331942,,,SCHEDULED
2026-10-07T00:10:04.820303+00:00,1284674,013,1104,30,0,1791331991,,,SCHEDULED
2026-10-07T00:10:04.820303+00:00,1284674,013,1105,31,0,1791332080,,,SCHEDULED
2026-10-07T00:10:04.820303+00:00,1284674,013,1106,32,0,1791332122,,,SCHEDULED
2026-10-07T00:10:04.820303+00:00,1284674,013,1674,33,0,1791332150,,,SCHEDULED
2026-10-07T00:10:04.820303+00:00,1284674,013,1675,34,0,1791332231,,,SCHEDULED
2026-10-07T00:10:04.820303+00:00,1284674,013,1677,35,0,1791332306,,,SCHEDULED
2026-10-07T00:10:04.820303+00:00,1284674,013,1127,36,0,1791332357,,,SCHEDULED
2026-10-07T00:10:04.820303+00:00,1284674,013,1128,37,0,1791332402,,,SCHEDULED
2026-10-07T00:10:04.820303+00:00,1284674,013,1129,38,0,1791332479,,,SCHEDULED
2026-10-07T00:10:04.820303+00:00,1284674,013,1130,39,0,1791332538,,,SCHEDULED
2026-10-07T00:10:04.820303+00:00,1284674,013,1131,40,0,1791332605,,,SCHEDULED
2026-10-07T00:10:04.820303+00:00,1284674,013,3089,41,0,1791332671,,,SCHEDULED
2026-10-07T00:10:04.820303+00:00,1284674,013,1464,42,0,1791332749,,,SCHEDULED
2026-10-07T00:10:04.820303+00:00,1285763,033,5261,5,0,1791331821,,,SCHEDULED
2026-10-07T00:10:04.820303+00:00,1286213,056,4140,1,,,0,1791332083,SCHEDULED
2026-10-07T00:10:04.820303+00:00,1286213,056,4141,2,0,1791332113,,,SCHEDULED
2026-10-07T00:10:04.820303+00:00,1286213,056,4142,3,0,1791332193,,,SCHEDULED
2026-10-07T00:10:04.820303+00:00,1286213,056,4143,4,0,1791332261,,,SCHEDULED
2026-10-07T00:10:04.820303+00:00,1286213,056,5251,5,0,1791332313,,,SCHEDULED
2026-10-07T00:10:04.820303+00:00,1286213,056,4144,6,0,1791332334,,,SCHEDULED
2026-10-07T00:10:04.820303+00:00,1286213,056,4145,7,0,1791332350,,,SCHEDULED
2026-10-07T00:10:04.820303+00:00,1286213,056,4146,8,0,1791332374,,,SCHEDULED
2026-10-07T00:10:04.820303+00:00,1286213,056,478,9,0,1791332420,,,SCHEDULED
2026-10-07T00:10:04.820303+00:00,1286213,056,172,10,0,1791332527,,,SCHEDULED
2026-10-07T00:10:04.820303+00:00,1286213,056,480,11,0,1791332690,,,SCHEDULED
2026-10-07T00:10:04.820303+00:00,1286213,056,1733,12,0,1791332790,,,SCHEDULED
2026-10-07T00:10:04.820303+00:00,1286213,056,481,13,0,1791332821,,,SCHEDULED
2026-10-07T00:10:04.820303+00:00,1286213,056,482,14,0,1791332888,,,SCHEDULED
2026-10-07T00:10:04.820303+00:00,1286213,056,483,15,0,1791332914,,,SCHEDULED
2026-10-07T00:10:04.820303+00:00,1286213,056,484,16,0,1791332948,,,SCHEDULED
2026-10-07T00:10:04.820303+00:00,1286213,056,485,17,0,1791332990,,,SCHEDULED
2026-10-07T00:10:04.820303+00:00,1286213,056,486,18,0,1791333057,,,SCHEDULED
2026-10-07T00:10:04.820303+00:00,1286213,056,487,19,0,1791333128,,,SCHEDULED
2026-10-07T00:10:04.820303+00:00,1286213,056,488,20,0,1791333160,,,SCHEDULED
2026-10-07T00:10:04.820303+00:00,1286213,056,5200,21,0,1791333277,,,SCHEDULED
2026-10-07T00:10:04.820303+00:00,1286213,056,489,22,0,1791333399,,,SCHEDULED
2026-10-07T00:10:04.820303+00:00,1286213,056,490,23,0,1791333496,,,SCHEDULED
2026-10-07T00:10:04.820303+00:00,1286213,056,491,24,0,1791333559,,,SCHEDULED
2026-10-07T00:10:04.820303+00:00,1286213,056,492,25,0,1791333583,,,SCHEDULED
2026-10-07T00:10:04.820303+00:00,1286455,062,2236,39,0,1791331800,,,SCHEDULED
2026-10-07T00:10:04.820303+00:00,1286455,062,2237,40,0,1791331867,,,SCHEDULED
2026-10-07T00:10:04.820303+00:00,1286455,062,2238,41,0,1791331896,,,SCHEDULED
2026-10-07T00:10:04.820303+00:00,1286455,062,2239,42,0,1791331941,,,SCHEDULED
2026-10-07T00:10:04.820303+00:00,1286455,062,2240,43,0,1791331986,,,SCHEDULED
2026-10-07T00:10:04.820303+00:00,1286455,062,2241,44,0,1791332054,,,SCHEDULED
2026-10-07T00:10:04.820303+00:00,1286455,062,2242,45,0,1791332100,,,SCHEDULED
2026-10-07T00:10:04.820303+00:00,1286455,062,2243,46,0,1791332136,,,SCHEDULED
2026-10-07T00:10:04.820303+00:00,1286455,062,2244,47,0,1791332194,,,SCHEDULED
2026-10-07T00:10:04.820303+00:00,1286455,062,2245,48,0,1791332230,,,SCHEDULED
2026-10-07T00:10:04.820303+00:00,1286455,062,2246,49,0,1791332280,,,SCHEDULED
2026-10-07T00:10:04.820303+00:00,1286455,062,5365,50,0,1791332303,,,SCHEDULED
2026-10-07T00:10:04.820303+00:00,1286455,062,2248,51,0,1791332343,,,SCHEDULED
2026-10-07T00:10:04.820303+00:00,1286455,062,2250,52,0,1791332451,,,SCHEDULED
2026-10-07T00:10:04.820303+00:00,1286455,062,2251,53,0,1791332505,,,SCHEDULED
2026-10-07T00:10:04.820303+00:00,1286455,062,2252,54,0,1791332532,,,SCHEDULED
2026-10-07T00:10:04.820303+00:00,1286455,062,2254,55,0,1791332640,,,SCHEDULED
2026-10-07T00:10:04.820303+00:00,1286455,062,519,56,0,1791332672,,,SCHEDULED
2026-10-07T00:10:04.820303+00:00,1286455,062,521,57,0,1791332724,,,SCHEDULED
2026-10-07T00:10:04.820303+00:00,1286455,062,522,58,0,1791332796,,,SCHEDULED
2026-10-07T00:10:04.820303+00:00,1286455,062,525,59,0,1791332900,,,SCHEDULED
2026-10-07T00:10:04.820303+00:00,1286455,062,526,60,0,1791333028,,,SCHEDULED
2026-10-07T00:10:04.820303+00:00,1286455,062,527,61,0,1791333060,,,SCHEDULED
2026-10-07T00:10:04.820303+00:00,1286455,062,528,62,0,1791333092,,,SCHEDULED
2026-10-07T00:10:04.820303+00:00,1286455,062,5252,63,0,1791333220,,,SCHEDULED
2026-10-07T00:10:04.820303+00:00,1286455,062,531,64,0,1791333252,,,SCHEDULED
2026-10-07T00:10:04.820303+00:00,1286455,062,116,65,0,1791333304,,,SCHEDULED
2026-10-07T00:10:04.820303+00:00,1287701,086,525,4,0,1791331862,,,SCHEDULED
2026-10-07T00:10:04.820303+00:00,1287701,086,526,5,0,1791331949,,,SCHEDULED
2026-10-07T00:10:04.820303+00:00,1287701,086,527,6,0,1791331978,,,SCHEDULED
2026-10-07T00:10:04.820303+00:00,1287701,086,528,7,0,1791332049,,,SCHEDULED
2026-10-07T00:10:04.820303+00:00,1287701,086,5252,8,0,1791332187,,,SCHEDULED
2026-10-07T00:10:04.820303+00:00,1287701,086,531,9,0,1791332236,,,SCHEDULED
2026-10-07T00:10:04.820303+00:00,1287701,086,3146,10,0,1791332854,,,SCHEDULED
2026-10-07T00:10:04.820303+00:00,1287701,086,3148,11,0,1791332916,,,SCHEDULED
2026-10-07T00:10:04.820303+00:00,1287701,086,3149,12,0,1791333012,,,SCHEDULED
2026-10-07T00:10:04.820303+00:00,1287701,086,3150,13,0,1791333082,,,SCHEDULED
2026-10-07T00:10:04.820303+00:00,1287701,086,3151,14,0,1791333162,,,SCHEDULED
2026-10-07T00:10:04.820303+00:00,1287701,086,3152,15,0,1791333188,,,SCHEDULED
2026-10-07T00:10:04.820303+00:00,1287701,086,3153,16,0,1791333198,,,SCHEDULED
2026-10-07T00:10:04.820303+00:00,1287701,086,3154,17,0,1791333234,,,SCHEDULED
2026-10-07T00:10:04.820303+00:00,1287701,086,3155,18,0,1791333321,,,SCHEDULED
2026-10-07T00:10:04.820303+00:00,1287701,086,3156,19,0,1791333383,,,SCHEDULED
2026-10-07T00:10:04.820303+00:00,1287701,086,3157,20,0,1791333438,,,SCHEDULED
2026-10-07T00:10:04.820303+00:00,1287701,086,3158,21,0,1791333471,,,SCHEDULED
2026-10-07T00:10:04.820303+00:00,1287701,086,3159,22,0,1791333535,,,SCHEDULED
2026-10-07T00:10:04.820303+00:00,1287701,086,3160,23,0,1791333557,,,SCHEDULED
2026-10-07T00:10:04.820303+00:00,1287701,086,3161,24,0,1791333586,,,SCHEDULED
2026-10-07T00:10:04.820303+00:00,1287547,084,3076,33,0,1791331803,,,SCHEDULED
2026-10-07T00:10:04.820303+00:00,1287547,084,3077,34,0,1791331842,,,SCHEDULED
2026-10-07T00:10:04.820303+00:00,1287547,084,3078,35,0,1791331987,,,SCHEDULED
2026-10-07T00:10:04.820303+00:00,1287547,084,3079,36,0,1791332055,,,SCHEDULED
2026-10-07T00:10:04.820303+00:00,1287547,084,3080,37,0,1791332136,,,SCHEDULED
2026-10-07T00:10:04.820303+00:00,1287547,084,1074,38,0,1791332295,,,SCHEDULED
2026-10-07T00:10:04.820303+00:00,1287547,084,1075,39,0,1791332327,,,SCHEDULED
2026-10-07T00:10:04.820303+00:00,1287547,084,1076,40,0,1791332347,,,SCHEDULED
2026-10-07T00:10:04.820303+00:00,1287547,084,1077,41,0,1791332415,,,SCHEDULED
2026-10-07T00:10:04.820303+00:00,1287547,084,1646,42,0,1791332479,,,SCHEDULED
2026-10-07T00:10:04.820303+00:00,1287547,084,1648,43,0,1791332558,,,SCHEDULED
2026-10-07T00:10:04.820303+00:00,1287547,084,1107,44,0,1791332562,,,SCHEDULED
2026-10-07T00:10:04.820303+00:00,1287547,084,1108,45,0,1791332604,,,SCHEDULED
2026-10-07T00:10:04.820303+00:00,1287547,084,3081,46,0,1791332766,,,SCHEDULED
2026-10-07T00:10:04.820303+00:00,1287547,084,3082,47,0,1791332795,,,SCHEDULED
2026-10-07T00:10:04.820303+00:00,1287547,084,3083,48,0,1791332838,,,SCHEDULED
2026-10-07T00:10:04.820303+00:00,1287547,084,3084,49,0,1791332893,,,SCHEDULED
2026-10-07T00:10:04.820303+00:00,1287547,084,3085,50,0,1791332943,,,SCHEDULED
2026-10-07T00:10:04.820303+00:00,1287547,084,3086,51,0,1791333009,,,SCHEDULED
2026-10-07T00:10:04.820303+00:00,1287547,084,3087,52,0,1791333091,,,SCHEDULED
2026-10-07T00:10:04.820303+00:00,1287547,084,3000,53,0,1791333304,,,SCHEDULED
2026-10-07T00:10:04.820303+00:00,1287547,084,3001,54,0,1791333385,,,SCHEDULED
2026-10-07T00:10:04.820303+00:00,1287547,084,3002,55,0,1791333412,,,SCHEDULED
2026-10-07T00:10:04.820303+00:00,1287547,084,3003,56,0,1791333436,,,SCHEDULED
2026-10-07T00:10:04.820303+00:00,1287547,084,3004,57,0,1791333474,,,SCHEDULED
2026-10-07T00:10:04.820303+00:00,1287547,084,3005,58,0,1791333509,,,SCHEDULED
2026-10-07T00:10:04.820303+00:00,1287547,084,3006,59,0,1791333549,,,SCHEDULED
2026-10-07T00:10:04.820303+00:00,1287547,084,3007,60,0,1791333569,,,SCHEDULED
2026-10-07T00:10:04.820303+00:00,1287547,084,2749,61,0,1791333586,,,SCHEDULED
2026-10-07T00:10:04.820303+00:00,1287789,087,291,1,,,0,1791333029,SCHEDULED
2026-10-07T00:10:04.820303+00:00,1287789,087,274,2,0,1791333186,,,SCHEDULED
2026-10-07T00:10:04.820303+00:00,1287789,087,275,3,0,1791333338,,,SCHEDULED
2026-10-07T00:10:04.820303+00:00,1287702,086,418,1,,,0,1791332886,SCHEDULED
2026-10-07T00:10:04.820303+00:00,1287702,086,4763,2,0,1791332941,,,SCHEDULED
2026-10-07T00:10:04.820303+00:00,1287702,086,113,3,0,1791332989,,,SCHEDULED
2026-10-07T00:10:04.820303+00:00,1287702,086,525,4,0,1791333073,,,SCHEDULED
2026-10-07T00:10:04.820303+00:00,1287702,086,526,5,0,1791333160,,,SCHEDULED
2026-10-07T00:10:04.820303+00:00,1287702,086,527,6,0,1791333189,,,SCHEDULED
2026-10-07T00:10:04.820303+00:00,1287702,086,528,7,0,1791333260,,,SCHEDULED
2026-10-07T00:10:04.820303+00:00,1287702,086,5252,8,0,1791333398,,,SCHEDULED
2026-10-07T00:10:04.820303+00:00,1287702,086,531,9,0,1791333447,,,SCHEDULED
2026-10-07T00:10:04.820303+00:00,1287548,084,2752,64,0,1791331839,,,SCHEDULED
2026-10-07T00:10:04.820303+00:00,1286859,072,496,24,0,1791331801,,,SCHEDULED
2026-10-07T00:10:04.820303+00:00,1286859,072,3866,25,0,1791331842,,,SCHEDULED
2026-10-07T00:10:04.820303+00:00,1286859,072,3867,26,0,1791331870,,,SCHEDULED
2026-10-07T00:10:04.820303+00:00,1286859,072,3868,27,0,1791331892,,,SCHEDULED
2026-10-07T00:10:04.820303+00:00,1286859,072,3869,28,0,1791331928,,,SCHEDULED
2026-10-07T00:10:04.820303+00:00,1286859,072,3870,29,0,1791331958,,,SCHEDULED
2026-10-07T00:10:04.820303+00:00,1286859,072,3871,30,0,1791332047,,,SCHEDULED
2026-10-07T00:10:04.820303+00:00,1286859,072,3872,31,0,1791332083,,,SCHEDULED
2026-10-07T00:10:04.820303+00:00,1288190,106,223,4,0,1791331864,,,SCHEDULED
2026-10-07T00:10:04.820303+00:00,1288190,106,225,5,0,1791332049,,,SCHEDULED
2026-10-07T00:10:04.820303+00:00,1288190,106,226,6,0,1791332104,,,SCHEDULED
2026-10-07T00:10:04.820303+00:00,1288190,106,108,7,0,1791332169,,,SCHEDULED
2026-10-07T00:10:04.820303+00:00,1288190,106,109,8,0,1791332250,,,SCHEDULED
2026-10-07T00:10:04.820303+00:00,1288190,106,110,9,0,1791332278,,,SCHEDULED
2026-10-07T00:10:04.820303+00:00,1288190,106,111,10,0,1791332314,,,SCHEDULED
2026-10-07T00:10:04.820303+00:00,1288190,106,112,11,0,1791332427,,,SCHEDULED
2026-10-07T00:10:04.820303+00:00,1288190,106,973,12,0,1791332566,,,SCHEDULED
2026-10-07T00:10:04.820303+00:00,1288190,106,974,13,0,1791332611,,,SCHEDULED
2026-10-07T00:10:04.820303+00:00,1288190,106,975,14,0,1791332648,,,SCHEDULED
2026-10-07T00:10:04.820303+00:00,1288190,106,976,15,0,1791332846,,,SCHEDULED
2026-10-07T00:10:04.820303+00:00,1288190,106,977,16,0,1791332929,,,SCHEDULED
2026-10-07T00:10:04.820303+00:00,1288190,106,978,17,0,1791332949,,,SCHEDULED
2026-10-07T00:10:04.820303+00:00,1288190,106,979,18,0,1791332980,,,SCHEDULED
2026-10-07T00:10:04.820303+00:00,1288190,106,980,19,0,1791332996,,,SCHEDULED
2026-10-07T00:10:04.820303+00:00,1288190,106,981,20,0,1791333015,,,SCHEDULED
2026-10-07T00:10:04.820303+00:00,1288190,106,983,21,0,1791333070,,,SCHEDULED
2026-10-07T00:10:04.820303+00:00,1288190,106,984,22,0,1791333090,,,SCHEDULED
2026-10-07T00:10:04.820303+00:00,1288190,106,985,23,0,1791333108,,,SCHEDULED
2026-10-07T00:10:04.820303+00:00,1288190,106,986,24,0,1791333144,,,SCHEDULED
2026-10-07T00:10:04.820303+00:00,1288190,106,987,25,0,1791333208,,,SCHEDULED
2026-10-07T00:10:04.820303+00:00,1288190,106,988,26,0,1791333229,,,SCHEDULED
2026-10-07T00:10:04.820303+00:00,1288190,106,989,27,0,1791333309,,,SCHEDULED
2026-10-07T00:10:04.820303+00:00,1288190,106,990,28,0,1791333370,,,SCHEDULED
2026-10-07T00:10:04.820303+00:00,1288190,106,992,29,0,1791333437,,,SCHEDULED
2026-10-07T00:10:04.820303+00:00,1288190,106,993,30,0,1791333464,,,SCHEDULED
2026-10-07T00:10:04.820303+00:00,1288190,106,994,31,0,1791333503,,,SCHEDULED
2026-10-07T00:10:04.820303+00:00,1288190,106,995,32,0,1791333555,,,SCHEDULED
2026-10-07T00:10:04.820303+00:00,1288191,106,4137,58,0,1791331801,,,SCHEDULED
2026-10-07T00:10:04.820303+00:00,1284392,011,327,29,0,1791331827,,,SCHEDULED
2026-10-07T00:10:04.820303+00:00,1284392,011,328,30,0,1791331857,,,SCHEDULED
2026-10-07T00:10:04.820303+00:00,1284392,011,329,31,0,1791331906,,,SCHEDULED
2026-10-07T00:10:04.820303+00:00,1284392,011,330,32,0,1791331955,,,SCHEDULED
2026-10-07T00:10:04.820303+00:00,1284392,011,331,33,0,1791331985,,,SCHEDULED
2026-10-07T00:10:04.820303+00:00,1284392,011,668,34,0,1791332046,,,SCHEDULED
2026-10-07T00:10:04.820303+00:00,1284392,011,605,35,0,1791332435,,,SCHEDULED
2026-10-07T00:10:04.820303+00:00,1284392,011,606,36,0,1791332511,,,SCHEDULED
2026-10-07T00:10:04.820303+00:00,1284392,011,608,37,0,1791332556,,,SCHEDULED
2026-10-07T00:10:04.820303+00:00,1284392,011,607,38,0,1791332620,,,SCHEDULED
2026-10-07T00:10:04.820303+00:00,1284392,011,8922,39,0,1791333050,,,SCHEDULED
2026-10-07T00:10:04.820303+00:00,1284392,011,8923,40,0,1791333096,,,SCHEDULED
2026-10-07T00:10:04.820303+00:00,1284392,011,8924,41,0,1791333129,,,SCHEDULED
2026-10-07T00:10:04.820303+00:00,1284392,011,8925,42,0,1791333164,,,SCHEDULED
2026-10-07T00:10:04.820303+00:00,1284392,011,8926,43,0,1791333210,,,SCHEDULED
2026-10-07T00:10:04.820303+00:00,1284392,011,8927,44,0,1791333259,,,SCHEDULED
2026-10-07T00:10:04.820303+00:00,1284392,011,4710,45,0,1791333445,,,SCHEDULED
2026-10-07T00:10:04.820303+00:00,1284392,011,8928,46,0,1791333510,,,SCHEDULED
2026-10-07T00:10:04.820303+00:00,1288195,109,447,16,0,1791332146,,,SCHEDULED
2026-10-07T00:10:04.820303+00:00,1288195,109,3468,17,0,1791332189,,,SCHEDULED
2026-10-07T00:10:04.820303+00:00,1288195,109,3469,18,0,1791332203,,,SCHEDULED
2026-10-07T00:10:04.820303+00:00,1288195,109,3470,19,0,1791332220,,,SCHEDULED
2026-10-07T00:10:04.820303+00:00,1288195,109,3471,20,0,1791332271,,,SCHEDULED
2026-10-07T00:10:04.820303+00:00,1288195,109,3472,21,0,1791332367,,,SCHEDULED
2026-10-07T00:10:04.820303+00:00,1288195,109,3473,22,0,1791332451,,,SCHEDULED
2026-10-07T00:10:04.820303+00:00,1288195,109,3474,23,0,1791332495,,,SCHEDULED
2026-10-07T00:10:04.820303+00:00,1288195,109,3475,24,0,1791332550,,,SCHEDULED
2026-10-07T00:10:04.820303+00:00,1288195,109,3476,25,0,1791332614,,,SCHEDULED
2026-10-07T00:10:04.820303+00:00,1288195,109,3465,26,0,1791332675,,,SCHEDULED
2026-10-07T00:10:04.820303+00:00,1288195,109,3477,27,0,1791332720,,,SCHEDULED
2026-10-07T00:10:04.820303+00:00,1288195,109,3478,28,0,1791332820,,,SCHEDULED
2026-10-07T00:10:04.820303+00:00,1288195,109,3479,29,0,1791332858,,,SCHEDULED
2026-10-07T00:10:04.820303+00:00,1288195,109,3480,30,0,1791332928,,,SCHEDULED
2026-10-07T00:10:04.820303+00:00,1288195,109,3464,31,0,1791332986,,,SCHEDULED
2026-10-07T00:10:04.820303+00:00,1288195,109,3481,32,0,1791333060,,,SCHEDULED
2026-10-07T00:10:04.820303+00:00,1288195,109,3482,33,0,1791333124,,,SCHEDULED
2026-10-07T00:10:04.820303+00:00,1288195,109,3483,34,0,1791333219,,,SCHEDULED
2026-10-07T00:10:04.820303+00:00,1284391,011,2425,1,,,0,1791332160,SCHEDULED
2026-10-07T00:10:04.820303+00:00,1284391,011,2501,2,0,1791332235,,,SCHEDULED
2026-10-07T00:10:04.820303+00:00,1284391,011,5353,3,0,1791332260,,,SCHEDULED
2026-10-07T00:10:04.820303+00:00,1284391,011,3214,4,0,1791332324,,,SCHEDULED
2026-10-07T00:10:04.820303+00:00,1284391,011,2276,5,0,1791332365,,,SCHEDULED
2026-10-07T00:10:04.820303+00:00,1284391,011,8303,6,0,1791332412,,,SCHEDULED
2026-10-07T00:10:04.820303+00:00,1284391,011,8302,7,0,1791332458,,,SCHEDULED
2026-10-07T00:10:04.820303+00:00,1284391,011,1046,8,0,1791332564,,,SCHEDULED
2026-10-07T00:10:04.820303+00:00,1284391,011,1047,9,0,1791332640,,,SCHEDULED
2026-10-07T00:10:04.820303+00:00,1284391,011,1049,10,0,1791332685,,,SCHEDULED
2026-10-07T00:10:04.820303+00:00,1284391,011,1050,11,0,1791332720,,,SCHEDULED
2026-10-07T00:10:04.820303+00:00,1284391,011,1051,12,0,1791332754,,,SCHEDULED
2026-10-07T00:10:04.820303+00:00,1284391,011,215,13,0,1791332928,,,SCHEDULED
2026-10-07T00:10:04.820303+00:00,1284391,011,216,14,0,1791332957,,,SCHEDULED
2026-10-07T00:10:04.820303+00:00,1284391,011,217,15,0,1791332980,,,SCHEDULED
2026-10-07T00:10:04.820303+00:00,1284391,011,218,16,0,1791333005,,,SCHEDULED
2026-10-07T00:10:04.820303+00:00,1284391,011,219,17,0,1791333025,,,SCHEDULED
2026-10-07T00:10:04.820303+00:00,1284391,011,1926,18,0,1791333060,,,SCHEDULED
2026-10-07T00:10:04.820303+00:00,1284391,011,1940,19,0,1791333090,,,SCHEDULED
2026-10-07T00:10:04.820303+00:00,1284391,011,1770,20,0,1791333140,,,SCHEDULED
2026-10-07T00:10:04.820303+00:00,1284391,011,1771,21,0,1791333171,,,SCHEDULED
2026-10-07T00:10:04.820303+00:00,1284391,011,1772,22,0,1791333217,,,SCHEDULED
2026-10-07T00:10:04.820303+00:00,1284391,011,1773,23,0,1791333278,,,SCHEDULED
2026-10-07T00:10:04.820303+00:00,1284391,011,1774,24,0,1791333343,,,SCHEDULED
2026-10-07T00:10:04.820303+00:00,1284391,011,1775,25,0,1791333385,,,SCHEDULED
2026-10-07T00:10:04.820303+00:00,1284391,011,1776,26,0,1791333412,,,SCHEDULED
2026-10-07T00:10:04.820303+00:00,1284391,011,325,27,0,1791333538,,,SCHEDULED
2026-10-07T00:10:04.820303+00:00,1288196,109,5305,1,,,0,1791332355,SCHEDULED
2026-10-07T00:10:04.820303+00:00,1288196,109,221,2,0,1791332412,,,SCHEDULED
2026-10-07T00:10:04.820303+00:00,1288196,109,222,3,0,1791332439,,,SCHEDULED
2026-10-07T00:10:04.820303+00:00,1288196,109,223,4,0,1791332509,,,SCHEDULED
2026-10-07T00:10:04.820303+00:00,1288196,109,225,5,0,1791332659,,,SCHEDULED
2026-10-07T00:10:04.820303+00:00,1288196,109,226,6,0,1791332741,,,SCHEDULED
2026-10-07T00:10:04.820303+00:00,1288196,109,108,7,0,1791332805,,,SCHEDULED
2026-10-07T00:10:04.820303+00:00,1288196,109,109,8,0,1791332852,,,SCHEDULED
2026-10-07T00:10:04.820303+00:00,1288196,109,111,9,0,1791332885,,,SCHEDULED
2026-10-07T00:10:04.820303+00:00,1288196,109,1782,10,0,1791333011,,,SCHEDULED
2026-10-07T00:10:04.820303+00:00,1288196,109,1784,11,0,1791333094,,,SCHEDULED
2026-10-07T00:10:04.820303+00:00,1288196,109,1785,12,0,1791333138,,,SCHEDULED
2026-10-07T00:10:04.820303+00:00,1288196,109,1790,13,0,1791333262,,,SCHEDULED
2026-10-07T00:10:04.820303+00:00,1288196,109,1792,14,0,1791333417,,,SCHEDULED
2026-10-07T00:10:04.820303+00:00,1288196,109,1793,15,0,1791333449,,,SCHEDULED
2026-10-07T00:10:04.820303+00:00,1285010,021,1070,1,,,0,1791332365,SCHEDULED
2026-10-07T00:10:04.820303+00:00,1285010,021,3327,2,0,1791332372,,,SCHEDULED
2026-10-07T00:10:04.820303+00:00,1285010,021,3328,3,0,1791332510,,,SCHEDULED
2026-10-07T00:10:04.820303+00:00,1285010,021,3329,4,0,1791332550,,,SCHEDULED
2026-10-07T00:10:04.820303+00:00,1285010,021,3330,5,0,1791332590,,,SCHEDULED
2026-10-07T00:10:04.820303+00:00,1285010,021,3331,6,0,1791332661,,,SCHEDULED
2026-10-07T00:10:04.820303+00:00,1285010,021,3706,7,0,1791332675,,,SCHEDULED
2026-10-07T00:10:04.820303+00:00,1285010,021,3707,8,0,1791332712,,,SCHEDULED
2026-10-07T00:10:04.820303+00:00,1285010,021,3708,9,0,1791332886,,,SCHEDULED
2026-10-07T00:10:04.820303+00:00,1285010,021,3709,10,0,1791333006,,,SCHEDULED
2026-10-07T00:10:04.820303+00:00,1285010,021,3710,11,0,1791333048,,,SCHEDULED
2026-10-07T00:10:04.820303+00:00,1285010,021,3711,12,0,1791333086,,,SCHEDULED
2026-10-07T00:10:04.820303+00:00,1285010,021,3712,13,0,1791333145,,,SCHEDULED
2026-10-07T00:10:04.820303+00:00,1285010,021,3713,14,0,1791333159,,,SCHEDULED
2026-10-07T00:10:04.820303+00:00,1285010,021,1184,15,0,1791333310,,,SCHEDULED
2026-10-07T00:10:04.820303+00:00,1285010,021,3301,16,0,1791333428,,,SCHEDULED
2026-10-07T00:10:04.820303+00:00,1288488,177,664,1,,,0,1791332294,SCHEDULED
2026-10-07T00:10:04.820303+00:00,1288488,177,8006,2,0,1791332307,,,SCHEDULED
2026-10-07T00:10:04.820303+00:00,1288488,177,8007,3,0,1791332317,,,SCHEDULED
2026-10-07T00:10:04.820303+00:00,1288488,177,844,4,0,1791332350,,,SCHEDULED
2026-10-07T00:10:04.820303+00:00,1288488,177,4199,5,0,1791332400,,,SCHEDULED
2026-10-07T00:10:04.820303+00:00,1288488,177,4200,6,0,1791332422,,,SCHEDULED
2026-10-07T00:10:04.820303+00:00,1288487,177,664,1,,,0,1791333194,SCHEDULED
2026-10-07T00:10:04.820303+00:00,1288487,177,8006,2,0,1791333207,,,SCHEDULED
2026-10-07T00:10:04.820303+00:00,1288487,177,8007,3,0,1791333217,,,SCHEDULED
2026-10-07T00:10:04.820303+00:00,1288487,177,844,4,0,1791333250,,,SCHEDULED
2026-10-07T00:10:04.820303+00:00,1288487,177,4199,5,0,1791333300,,,SCHEDULED
2026-10-07T00:10:04.820303+00:00,1288487,177,4200,6,0,1791333322,,,SCHEDULED
2026-10-07T00:10:04.820303+00:00,1286582,067,887,1,,,0,1791332580,SCHEDULED
2026-10-07T00:10:04.820303+00:00,1286582,067,286,2,0,1791332806,,,SCHEDULED
2026-10-07T00:10:04.820303+00:00,1286582,067,4439,3,0,1791332874,,,SCHEDULED
2026-10-07T00:10:04.820303+00:00,1286582,067,4440,4,0,1791332977,,,SCHEDULED
2026-10-07T00:10:04.820303+00:00,1286582,067,4441,5,0,1791333029,,,SCHEDULED
2026-10-07T00:10:04.820303+00:00,1286582,067,4015,6,0,1791333114,,,SCHEDULED
2026-10-07T00:10:04.820303+00:00,1286582,067,4016,7,0,1791333166,,,SCHEDULED
2026-10-07T00:10:04.820303+00:00,1286582,067,4017,8,0,1791333224,,,SCHEDULED
2026-10-07T00:10:04.820303+00:00,1286582,067,3914,9,0,1791333306,,,SCHEDULED
2026-10-07T00:10:04.820303+00:00,1286582,067,3220,10,0,1791333365,,,SCHEDULED
2026-10-07T00:10:04.820303+00:00,1286582,067,3222,11,0,1791333492,,,SCHEDULED
2026-10-07T00:10:04.820303+00:00,1285012,021,2733,38,0,1791331831,,,SCHEDULED
2026-10-07T00:10:04.820303+00:00,1285012,021,2734,39,0,1791331861,,,SCHEDULED
2026-10-07T00:10:04.820303+00:00,1285012,021,2735,40,0,1791331906,,,SCHEDULED
2026-10-07T00:10:04.820303+00:00,1285012,021,2736,41,0,1791331963,,,SCHEDULED
2026-10-07T00:10:04.820303+00:00,1285012,021,2737,42,0,1791332022,,,SCHEDULED
2026-10-07T00:10:04.820303+00:00,1285012,021,2738,43,0,1791332068,,,SCHEDULED
2026-10-07T00:10:04.820303+00:00,1287671,086,558,2,0,1791331839,,,SCHEDULED
2026-10-07T00:10:04.820303+00:00,1287671,086,559,3,0,1791331890,,,SCHEDULED
2026-10-07T00:10:04.820303+00:00,1287671,086,560,4,0,1791331971,,,SCHEDULED
2026-10-07T00:10:04.820303+00:00,1287671,086,561,5,0,1791331990,,,SCHEDULED
2026-10-07T00:10:04.820303+00:00,1287671,086,562,6,0,1791332063,,,SCHEDULED
2026-10-07T00:10:04.820303+00:00,1287671,086,849,7,0,1791332193,,,SCHEDULED
2026-10-07T00:10:04.820303+00:00,1287671,086,850,8,0,1791332232,,,SCHEDULED
2026-10-07T00:10:04.820303+00:00,1287671,086,851,9,0,1791332298,,,SCHEDULED
2026-10-07T00:10:04.820303+00:00,1287671,086,852,10,0,1791332354,,,SCHEDULED
2026-10-07T00:10:04.820303+00:00,1287671,086,853,11,0,1791332369,,,SCHEDULED
2026-10-07T00:10:04.820303+00:00,1287671,086,854,12,0,1791332420,,,SCHEDULED
2026-10-07T00:10:04.820303+00:00,1287671,086,855,13,0,1791332444,,,SCHEDULED
2026-10-07T00:10:04.820303+00:00,1287671,086,856,14,0,1791332484,,,SCHEDULED
2026-10-07T00:10:04.820303+00:00,1287671,086,813,15,0,1791332566,,,SCHEDULED
2026-10-07T00:10:04.820303+00:00,1287671,086,814,16,0,1791332621,,,SCHEDULED
2026-10-07T00:10:04.820303+00:00,1287671,086,815,17,0,1791332650,,,SCHEDULED
2026-10-07T00:10:04.820303+00:00,1287671,086,701,18,0,1791332718,,,SCHEDULED
2026-10-07T00:10:04.820303+00:00,1287671,086,702,19,0,1791332749,,,SCHEDULED
2026-10-07T00:10:04.820303+00:00,1287671,086,3240,20,0,1791332907,,,SCHEDULED
2026-10-07T00:10:04.820303+00:00,1287671,086,3241,21,0,1791332960,,,SCHEDULED
2026-10-07T00:10:04.820303+00:00,1287671,086,3242,22,0,1791332985,,,SCHEDULED
2026-10-07T00:10:04.820303+00:00,1287671,086,3243,23,0,1791333042,,,SCHEDULED
2026-10-07T00:10:04.820303+00:00,1287671,086,3244,24,0,1791333067,,,SCHEDULED
2026-10-07T00:10:04.820303+00:00,1287671,086,3246,25,0,1791333173,,,SCHEDULED
2026-10-07T00:10:04.820303+00:00,1287671,086,3247,26,0,1791333267,,,SCHEDULED
2026-10-07T00:10:04.820303+00:00,1287671,086,3248,27,0,1791333321,,,SCHEDULED
2026-10-07T00:10:04.820303+00:00,1287671,086,3249,28,0,1791333357,,,SCHEDULED
2026-10-07T00:10:04.820303+00:00,1287671,086,3250,29,0,1791333399,,,SCHEDULED
2026-10-07T00:10:04.820303+00:00,1287671,086,3251,30,0,1791333423,,,SCHEDULED
2026-10-07T00:10:04.820303+00:00,1287671,086,3252,31,0,1791333468,,,SCHEDULED
2026-10-07T00:10:04.820303+00:00,1287671,086,3253,32,0,1791333506,,,SCHEDULED
2026-10-07T00:10:04.820303+00:00,1287671,086,3254,33,0,1791333544,,,SCHEDULED
2026-10-07T00:10:04.820303+00:00,1287671,086,3255,34,0,1791333587,,,SCHEDULED
2026-10-07T00:10:04.820303+00:00,1285011,021,1202,19,0,1791331825,,,SCHEDULED
2026-10-07T00:10:04.820303+00:00,1285011,021,1203,20,0,1791331883,,,SCHEDULED
2026-10-07T00:10:04.820303+00:00,1285011,021,1204,21,0,1791331910,,,SCHEDULED
2026-10-07T00:10:04.820303+00:00,1285011,021,1205,22,0,1791331969,,,SCHEDULED
2026-10-07T00:10:04.820303+00:00,1285011,021,1206,23,0,1791332018,,,SCHEDULED
2026-10-07T00:10:04.820303+00:00,1285011,021,1207,24,0,1791332127,,,SCHEDULED
2026-10-07T00:10:04.820303+00:00,1285011,021,2719,25,0,1791332291,,,SCHEDULED
2026-10-07T00:10:04.820303+00:00,1285011,021,2934,26,0,1791332381,,,SCHEDULED
2026-10-07T00:10:04.820303+00:00,1285011,021,2935,27,0,1791332422,,,SCHEDULED
2026-10-07T00:10:04.820303+00:00,1285011,021,2722,28,0,1791332709,,,SCHEDULED
2026-10-07T00:10:04.820303+00:00,1285011,021,2723,29,0,1791332758,,,SCHEDULED
2026-10-07T00:10:04.820303+00:00,1285011,021,2724,30,0,1791332825,,,SCHEDULED
2026-10-07T00:10:04.820303+00:00,1285011,021,2726,31,0,1791332944,,,SCHEDULED
2026-10-07T00:10:04.820303+00:00,1285011,021,2727,32,0,1791332976,,,SCHEDULED
2026-10-07T00:10:04.820303+00:00,1285011,021,2728,33,0,1791333002,,,SCHEDULED
2026-10-07T00:10:04.820303+00:00,1285011,021,2729,34,0,1791333232,,,SCHEDULED
2026-10-07T00:10:04.820303+00:00,1285011,021,2730,35,0,1791333262,,,SCHEDULED
2026-10-07T00:10:04.820303+00:00,1285011,021,2731,36,0,1791333310,,,SCHEDULED
2026-10-07T00:10:04.820303+00:00,1285011,021,2732,37,0,1791333322,,,SCHEDULED
2026-10-07T00:10:04.820303+00:00,1285011,021,2733,38,0,1791333359,,,SCHEDULED
2026-10-07T00:10:04.820303+00:00,1285011,021,2734,39,0,1791333389,,,SCHEDULED
2026-10-07T00:10:04.820303+00:00,1285011,021,2735,40,0,1791333434,,,SCHEDULED
2026-10-07T00:10:04.820303+00:00,1285011,021,2736,41,0,1791333491,,,SCHEDULED
2026-10-07T00:10:04.820303+00:00,1285011,021,2737,42,0,1791333550,,,SCHEDULED
2026-10-07T00:10:04.820303+00:00,1285011,021,2738,43,0,1791333596,,,SCHEDULED
2026-10-07T00:10:04.820303+00:00,1284046,001,563,24,0,1791331821,,,SCHEDULED
2026-10-07T00:10:04.820303+00:00,1284046,001,565,25,0,1791331903,,,SCHEDULED
2026-10-07T00:10:04.820303+00:00,1284046,001,566,26,0,1791331969,,,SCHEDULED
2026-10-07T00:10:04.820303+00:00,1284046,001,567,27,0,1791331999,,,SCHEDULED
2026-10-07T00:10:04.820303+00:00,1284046,001,568,28,0,1791332082,,,SCHEDULED
2026-10-07T00:10:04.820303+00:00,1284046,001,570,29,0,1791332117,,,SCHEDULED
2026-10-07T00:10:04.820303+00:00,1284046,001,573,30,0,1791332148,,,SCHEDULED
2026-10-07T00:10:04.820303+00:00,1284046,001,3097,31,0,1791332209,,,SCHEDULED
2026-10-07T00:10:04.820303+00:00,1284046,001,3098,32,0,1791332341,,,SCHEDULED
2026-10-07T00:10:04.820303+00:00,1286346,061,4140,1,,,0,1791333000,SCHEDULED
2026-10-07T00:10:04.820303+00:00,1286346,061,4361,2,0,1791333066,,,SCHEDULED
2026-10-07T00:10:04.820303+00:00,1286346,061,4362,3,0,1791333101,,,SCHEDULED
2026-10-07T00:10:04.820303+00:00,1286346,061,4360,4,0,1791333134,,,SCHEDULED
2026-10-07T00:10:04.820303+00:00,1286346,061,4363,5,0,1791333170,,,SCHEDULED
2026-10-07T00:10:04.820303+00:00,1286346,061,4364,6,0,1791333227,,,SCHEDULED
2026-10-07T00:10:04.820303+00:00,1286346,061,4365,7,0,1791333258,,,SCHEDULED
2026-10-07T00:10:04.820303+00:00,1286346,061,4811,8,0,1791333384,,,SCHEDULED
2026-10-07T00:10:04.820303+00:00,1286346,061,4810,9,0,1791333444,,,SCHEDULED
2026-10-07T00:10:04.820303+00:00,1286346,061,4266,10,0,1791333495,,,SCHEDULED
2026-10-07T00:10:04.820303+00:00,1286742,068,2671,38,0,1791331813,,,SCHEDULED
2026-10-07T00:10:04.820303+00:00,1286742,068,2672,39,0,1791331864,,,SCHEDULED
2026-10-07T00:10:04.820303+00:00,1286742,068,2675,40,0,1791331917,,,SCHEDULED
2026-10-07T00:10:04.820303+00:00,1286742,068,2676,41,0,1791331950,,,SCHEDULED
2026-10-07T00:10:04.820303+00:00,1286742,068,2679,42,0,1791331967,,,SCHEDULED
2026-10-07T00:10:04.820303+00:00,1286742,068,2680,43,0,1791332003,,,SCHEDULED
2026-10-07T00:10:04.820303+00:00,1286742,068,2681,44,0,1791332022,,,SCHEDULED
2026-10-07T00:10:04.820303+00:00,1286742,068,2678,45,0,1791332125,,,SCHEDULED
2026-10-07T00:10:04.820303+00:00,1286742,068,2682,46,0,1791332155,,,SCHEDULED
2026-10-07T00:10:04.820303+00:00,1286742,068,1857,47,0,1791332279,,,SCHEDULED
2026-10-07T00:10:04.820303+00:00,1286742,068,1858,48,0,1791332332,,,SCHEDULED
2026-10-07T00:10:04.820303+00:00,1286742,068,1859,49,0,1791332383,,,SCHEDULED
2026-10-07T00:10:04.820303+00:00,1286742,068,1860,50,0,1791332456,,,SCHEDULED
2026-10-07T00:10:04.820303+00:00,1286742,068,1861,51,0,1791332592,,,SCHEDULED
2026-10-07T00:10:04.820303+00:00,1286742,068,1862,52,0,1791332687,,,SCHEDULED
2026-10-07T00:10:04.820303+00:00,1286742,068,1863,53,0,1791332744,,,SCHEDULED
2026-10-07T00:10:04.820303+00:00,1286742,068,2399,54,0,1791332874,,,SCHEDULED
2026-10-07T00:10:04.820303+00:00,1286742,068,2400,55,0,1791332925,,,SCHEDULED
2026-10-07T00:10:04.820303+00:00,1286742,068,2401,56,0,1791332946,,,SCHEDULED
2026-10-07T00:10:04.820303+00:00,1286742,068,2402,57,0,1791333107,,,SCHEDULED
2026-10-07T00:10:04.820303+00:00,1286742,068,2403,58,0,1791333212,,,SCHEDULED
2026-10-07T00:10:04.820303+00:00,1286742,068,2404,59,0,1791333375,,,SCHEDULED
2026-10-07T00:10:04.820303+00:00,1286742,068,2405,60,0,1791333417,,,SCHEDULED
2026-10-07T00:10:04.820303+00:00,1286742,068,2406,61,0,1791333457,,,SCHEDULED
2026-10-07T00:10:04.820303+00:00,1286742,068,2407,62,0,1791333487,,,SCHEDULED
2026-10-07T00:10:04.820303+00:00,1286742,068,2408,63,0,1791333569,,,SCHEDULED
2026-10-07T00:10:04.820303+00:00,1286742,068,2409,64,0,1791333597,,,SCHEDULED
2026-10-07T00:10:04.820303+00:00,1287952,088,5252,8,0,1791331808,,,SCHEDULED
2026-10-07T00:10:04.820303+00:00,1287952,088,531,9,0,1791331881,,,SCHEDULED
2026-10-07T00:10:04.820303+00:00,1287952,088,610,10,0,1791332390,,,SCHEDULED
2026-10-07T00:10:04.820303+00:00,1287952,088,611,11,0,1791332498,,,SCHEDULED
2026-10-07T00:10:04.820303+00:00,1287952,088,612,12,0,1791332525,,,SCHEDULED
2026-10-07T00:10:04.820303+00:00,1287952,088,613,13,0,1791332552,,,SCHEDULED
2026-10-07T00:10:04.820303+00:00,1287952,088,614,14,0,1791332609,,,SCHEDULED
2026-10-07T00:10:04.820303+00:00,1287952,088,615,15,0,1791332750,,,SCHEDULED
2026-10-07T00:10:04.820303+00:00,1287952,088,616,16,0,1791332803,,,SCHEDULED
2026-10-07T00:10:04.820303+00:00,1287952,088,617,17,0,1791332850,,,SCHEDULED
2026-10-07T00:10:04.820303+00:00,1287952,088,618,18,0,1791332925,,,SCHEDULED
2026-10-07T00:10:04.820303+00:00,1287952,088,619,19,0,1791333008,,,SCHEDULED
2026-10-07T00:10:04.820303+00:00,1287952,088,620,20,0,1791333009,,,SCHEDULED
2026-10-07T00:10:04.820303+00:00,1287952,088,621,21,0,1791333044,,,SCHEDULED
2026-10-07T00:10:04.820303+00:00,1287952,088,622,22,0,1791333071,,,SCHEDULED
2026-10-07T00:10:04.820303+00:00,1287952,088,623,23,0,1791333084,,,SCHEDULED
2026-10-07T00:10:04.820303+00:00,1287952,088,624,24,0,1791333159,,,SCHEDULED
2026-10-07T00:10:04.820303+00:00,1287952,088,625,25,0,1791333223,,,SCHEDULED
2026-10-07T00:10:04.820303+00:00,1287952,088,626,26,0,1791333289,,,SCHEDULED
2026-10-07T00:10:04.820303+00:00,1287952,088,5271,27,0,1791333390,,,SCHEDULED
2026-10-07T00:10:04.820303+00:00,1286743,068,2403,58,0,1791331806,,,SCHEDULED
2026-10-07T00:10:04.820303+00:00,1286743,068,2404,59,0,1791331969,,,SCHEDULED
2026-10-07T00:10:04.820303+00:00,1286743,068,2405,60,0,1791332011,,,SCHEDULED
2026-10-07T00:10:04.820303+00:00,1286743,068,2406,61,0,1791332051,,,SCHEDULED
2026-10-07T00:10:04.820303+00:00,1286743,068,2407,62,0,1791332081,,,SCHEDULED
2026-10-07T00:10:04.820303+00:00,1286743,068,2408,63,0,1791332163,,,SCHEDULED
2026-10-07T00:10:04.820303+00:00,1286743,068,2409,64,0,1791332191,,,SCHEDULED
2026-10-07T00:10:04.820303+00:00,1286743,068,2410,65,0,1791332240,,,SCHEDULED
2026-10-07T00:10:04.820303+00:00,1286743,068,3939,66,0,1791332474,,,SCHEDULED
2026-10-07T00:10:04.820303+00:00,1286743,068,5107,67,0,1791332561,,,SCHEDULED
2026-10-07T00:10:04.820303+00:00,1286743,068,4020,68,0,1791332611,,,SCHEDULED
2026-10-07T00:10:04.820303+00:00,1286743,068,4021,69,0,1791332636,,,SCHEDULED
2026-10-07T00:10:04.820303+00:00,1286743,068,4022,70,0,1791332679,,,SCHEDULED
2026-10-07T00:10:04.820303+00:00,1286743,068,242,71,0,1791332755,,,SCHEDULED
2026-10-07T00:10:04.820303+00:00,1286743,068,243,72,0,1791332780,,,SCHEDULED
2026-10-07T00:10:04.820303+00:00,1286743,068,244,73,0,1791332802,,,SCHEDULED
2026-10-07T00:10:04.820303+00:00,1286743,068,1038,74,0,1791332833,,,SCHEDULED
2026-10-07T00:10:04.820303+00:00,1286743,068,4019,75,0,1791332917,,,SCHEDULED
2026-10-07T00:10:04.820303+00:00,1286347,061,4267,11,0,1791331811,,,SCHEDULED
2026-10-07T00:10:04.820303+00:00,1286347,061,4268,12,0,1791331834,,,SCHEDULED
2026-10-07T00:10:04.820303+00:00,1286347,061,187,13,0,1791331931,,,SCHEDULED
2026-10-07T00:10:04.820303+00:00,1286347,061,189,14,0,1791331999,,,SCHEDULED
2026-10-07T00:10:04.820303+00:00,1286347,061,1034,15,0,1791332128,,,SCHEDULED
2026-10-07T00:10:04.820303+00:00,1286347,061,1035,16,0,1791332163,,,SCHEDULED
2026-10-07T00:10:04.820303+00:00,1286347,061,6101,17,0,1791332218,,,SCHEDULED
2026-10-07T00:10:04.820303+00:00,1286347,061,2282,18,0,1791332386,,,SCHEDULED
2026-10-07T00:10:04.820303+00:00,1286347,061,2283,19,0,1791332443,,,SCHEDULED
2026-10-07T00:10:04.820303+00:00,1286347,061,2284,20,0,1791332464,,,SCHEDULED
2026-10-07T00:10:04.820303+00:00,1286347,061,2285,21,0,1791332500,,,SCHEDULED
2026-10-07T00:10:04.820303+00:00,1286347,061,2286,22,0,1791332526,,,SCHEDULED
2026-10-07T00:10:04.820303+00:00,1286347,061,2287,23,0,1791332576,,,SCHEDULED
2026-10-07T00:10:04.820303+00:00,1286347,061,2288,24,0,1791332601,,,SCHEDULED
2026-10-07T00:10:04.820303+00:00,1286347,061,2289,25,0,1791332710,,,SCHEDULED
2026-10-07T00:10:04.820303+00:00,1286347,061,2290,26,0,1791332741,,,SCHEDULED
2026-10-07T00:10:04.820303+00:00,1286347,061,2291,27,0,1791332850,,,SCHEDULED
2026-10-07T00:10:04.820303+00:00,1286347,061,2292,28,0,1791332947,,,SCHEDULED
2026-10-07T00:10:04.820303+00:00,1286347,061,2293,29,0,1791333006,,,SCHEDULED
2026-10-07T00:10:04.820303+00:00,1286347,061,2294,30,0,1791333054,,,SCHEDULED
2026-10-07T00:10:04.820303+00:00,1286347,061,2295,31,0,1791333137,,,SCHEDULED
2026-10-07T00:10:04.820303+00:00,1286347,061,2296,32,0,1791333268,,,SCHEDULED
2026-10-07T00:10:04.820303+00:00,1286347,061,2297,33,0,1791333295,,,SCHEDULED
2026-10-07T00:10:04.820303+00:00,1286347,061,2298,34,0,1791333421,,,SCHEDULED
2026-10-07T00:10:04.820303+00:00,1286347,061,2299,35,0,1791333491,,,SCHEDULED
2026-10-07T00:10:04.820303+00:00,1286347,061,2300,36,0,1791333519,,,SCHEDULED
2026-10-07T00:10:04.820303+00:00,1286347,061,2301,37,0,1791333541,,,SCHEDULED
2026-10-07T00:10:04.820303+00:00,1284048,001,1184,1,,,0,1791331965,SCHEDULED
2026-10-07T00:10:04.820303+00:00,1284048,001,3301,2,0,1791331977,,,SCHEDULED
2026-10-07T00:10:04.820303+00:00,1284048,001,1187,3,0,1791332078,,,SCHEDULED
2026-10-07T00:10:04.820303+00:00,1284048,001,1188,4,0,1791332139,,,SCHEDULED
2026-10-07T00:10:04.820303+00:00,1284048,001,1189,5,0,1791332190,,,SCHEDULED
2026-10-07T00:10:04.820303+00:00,1284048,001,1190,6,0,1791332252,,,SCHEDULED
2026-10-07T00:10:04.820303+00:00,1284048,001,1191,7,0,1791332280,,,SCHEDULED
2026-10-07T00:10:04.820303+00:00,1284048,001,1192,8,0,1791332330,,,SCHEDULED
2026-10-07T00:10:04.820303+00:00,1284048,001,1193,9,0,1791332380,,,SCHEDULED
2026-10-07T00:10:04.820303+00:00,1284048,001,1195,10,0,1791332460,,,SCHEDULED
2026-10-07T00:10:04.820303+00:00,1284048,001,1196,11,0,1791332541,,,SCHEDULED
2026-10-07T00:10:04.820303+00:00,1284048,001,1197,12,0,1791332565,,,SCHEDULED
2026-10-07T00:10:04.820303+00:00,1284048,001,1198,13,0,1791332587,,,SCHEDULED
2026-10-07T00:10:04.820303+00:00,1284048,001,3348,14,0,1791332742,,,SCHEDULED
2026-10-07T00:10:04.820303+00:00,1284048,001,3349,15,0,1791332806,,,SCHEDULED
2026-10-07T00:10:04.820303+00:00,1284048,001,3350,16,0,1791332852,,,SCHEDULED
2026-10-07T00:10:04.820303+00:00,1284048,001,3351,17,0,1791332890,,,SCHEDULED
2026-10-07T00:10:04.820303+00:00,1284048,001,3352,18,0,1791332996,,,SCHEDULED
2026-10-07T00:10:04.820303+00:00,1284048,001,3353,19,0,1791333058,,,SCHEDULED
2026-10-07T00:10:04.820303+00:00,1284048,001,3354,20,0,1791333102,,,SCHEDULED
2026-10-07T00:10:04.820303+00:00,1284048,001,3355,21,0,1791333103,,,SCHEDULED
2026-10-07T00:10:04.820303+00:00,1284048,001,3356,22,0,1791333193,,,SCHEDULED
2026-10-07T00:10:04.820303+00:00,1284048,001,3357,23,0,1791333229,,,SCHEDULED
2026-10-07T00:10:04.820303+00:00,1284048,001,563,24,0,1791333327,,,SCHEDULED
2026-10-07T00:10:04.820303+00:00,1284048,001,565,25,0,1791333409,,,SCHEDULED
2026-10-07T00:10:04.820303+00:00,1284048,001,566,26,0,1791333475,,,SCHEDULED
2026-10-07T00:10:04.820303+00:00,1284048,001,567,27,0,1791333505,,,SCHEDULED
2026-10-07T00:10:04.820303+00:00,1284048,001,568,28,0,1791333588,,,SCHEDULED
2026-10-07T00:10:04.820303+00:00,1286740,068,1099,1,,,0,1791333288,SCHEDULED
2026-10-07T00:10:04.820303+00:00,1286740,068,2645,2,0,1791333459,,,SCHEDULED
2026-10-07T00:10:04.820303+00:00,1286740,068,2643,3,0,1791333485,,,SCHEDULED
2026-10-07T00:10:04.820303+00:00,1286740,068,2644,4,0,1791333492,,,SCHEDULED
2026-10-07T00:10:04.820303+00:00,1286740,068,2646,5,0,1791333503,,,SCHEDULED
2026-10-07T00:10:04.820303+00:00,1286740,068,2647,6,0,1791333506,,,SCHEDULED
2026-10-07T00:10:04.820303+00:00,1284047,001,3349,15,0,1791331860,,,SCHEDULED
2026-10-07T00:10:04.820303+00:00,1284047,001,3350,16,0,1791331906,,,SCHEDULED
2026-10-07T00:10:04.820303+00:00,1284047,001,3351,17,0,1791331944,,,SCHEDULED
2026-10-07T00:10:04.820303+00:00,1284047,001,3352,18,0,1791332050,,,SCHEDULED
2026-10-07T00:10:04.820303+00:00,1284047,001,3353,19,0,1791332112,,,SCHEDULED
2026-10-07T00:10:04.820303+00:00,1284047,001,3354,20,0,1791332156,,,SCHEDULED
2026-10-07T00:10:04.820303+00:00,1284047,001,3355,21,0,1791332157,,,SCHEDULED
2026-10-07T00:10:04.820303+00:00,1284047,001,3356,22,0,1791332247,,,SCHEDULED
2026-10-07T00:10:04.820303+00:00,1284047,001,3357,23,0,1791332283,,,SCHEDULED
2026-10-07T00:10:04.820303+00:00,1284047,001,563,24,0,1791332381,,,SCHEDULED
2026-10-07T00:10:04.820303+00:00,1284047,001,565,25,0,1791332463,,,SCHEDULED
2026-10-07T00:10:04.820303+00:00,1284047,001,566,26,0,1791332529,,,SCHEDULED
2026-10-07T00:10:04.820303+00:00,1284047,001,567,27,0,1791332559,,,SCHEDULED
2026-10-07T00:10:04.820303+00:00,1284047,001,568,28,0,1791332642,,,SCHEDULED
2026-10-07T00:10:04.820303+00:00,1284047,001,570,29,0,1791332677,,,SCHEDULED
2026-10-07T00:10:04.820303+00:00,1284047,001,573,30,0,1791332708,,,SCHEDULED
2026-10-07T00:10:04.820303+00:00,1284047,001,3097,31,0,1791332769,,,SCHEDULED
2026-10-07T00:10:04.820303+00:00,1284047,001,3098,32,0,1791332901,,,SCHEDULED
2026-10-07T00:10:04.820303+00:00,1287951,088,418,1,,,0,1791332441,SCHEDULED
2026-10-07T00:10:04.820303+00:00,1287951,088,4763,2,0,1791332470,,,SCHEDULED
2026-10-07T00:10:04.820303+00:00,1287951,088,113,3,0,1791332524,,,SCHEDULED
2026-10-07T00:10:04.820303+00:00,1287951,088,525,4,0,1791332606,,,SCHEDULED
2026-10-07T00:10:04.820303+00:00,1287951,088,526,5,0,1791332687,,,SCHEDULED
2026-10-07T00:10:04.820303+00:00,1287951,088,527,6,0,1791332730,,,SCHEDULED
2026-10-07T00:10:04.820303+00:00,1287951,088,528,7,0,1791332779,,,SCHEDULED
2026-10-07T00:10:04.820303+00:00,1287951,088,5252,8,0,1791332890,,,SCHEDULED
2026-10-07T00:10:04.820303+00:00,1287951,088,531,9,0,1791332932,,,SCHEDULED
2026-10-07T00:10:04.820303+00:00,1287951,088,610,10,0,1791333468,,,SCHEDULED
2026-10-07T00:10:04.820303+00:00,1287951,088,611,11,0,1791333581,,,SCHEDULED
2026-10-07T00:10:04.820303+00:00,1286741,068,2648,7,0,1791331939,,,SCHEDULED
2026-10-07T00:10:04.820303+00:00,1286741,068,5344,8,0,1791331967,,,SCHEDULED
2026-10-07T00:10:04.820303+00:00,1286741,068,2649,9,0,1791331991,,,SCHEDULED
2026-10-07T00:10:04.820303+00:00,1286741,068,2650,10,0,1791332019,,,SCHEDULED
2026-10-07T00:10:04.820303+00:00,1286741,068,2651,11,0,1791332047,,,SCHEDULED
2026-10-07T00:10:04.820303+00:00,1286741,068,2653,12,0,1791332100,,,SCHEDULED
2026-10-07T00:10:04.820303+00:00,1286741,068,2654,13,0,1791332196,,,SCHEDULED
2026-10-07T00:10:04.820303+00:00,1286741,068,9811,14,0,1791332280,,,SCHEDULED
2026-10-07T00:10:04.820303+00:00,1286741,068,880,15,0,1791332366,,,SCHEDULED
2026-10-07T00:10:04.820303+00:00,1286741,068,881,16,0,1791332400,,,SCHEDULED
2026-10-07T00:10:04.820303+00:00,1286741,068,1795,17,0,1791332478,,,SCHEDULED
2026-10-07T00:10:04.820303+00:00,1286741,068,1796,18,0,1791332521,,,SCHEDULED
2026-10-07T00:10:04.820303+00:00,1286741,068,1797,19,0,1791332581,,,SCHEDULED
2026-10-07T00:10:04.820303+00:00,1286741,068,1798,20,0,1791332633,,,SCHEDULED
2026-10-07T00:10:04.820303+00:00,1286741,068,1930,21,0,1791332685,,,SCHEDULED
2026-10-07T00:10:04.820303+00:00,1286741,068,1931,22,0,1791332732,,,SCHEDULED
2026-10-07T00:10:04.820303+00:00,1286741,068,1949,23,0,1791332784,,,SCHEDULED
2026-10-07T00:10:04.820303+00:00,1286741,068,1932,24,0,1791332814,,,SCHEDULED
2026-10-07T00:10:04.820303+00:00,1286741,068,1933,25,0,1791332879,,,SCHEDULED
2026-10-07T00:10:04.820303+00:00,1286741,068,1934,26,0,1791332943,,,SCHEDULED
2026-10-07T00:10:04.820303+00:00,1286741,068,1935,27,0,1791332986,,,SCHEDULED
2026-10-07T00:10:04.820303+00:00,1286741,068,2657,28,0,1791333060,,,SCHEDULED
2026-10-07T00:10:04.820303+00:00,1286741,068,2658,29,0,1791333092,,,SCHEDULED
2026-10-07T00:10:04.820303+00:00,1286741,068,2659,30,0,1791333114,,,SCHEDULED
2026-10-07T00:10:04.820303+00:00,1286741,068,2660,31,0,1791333162,,,SCHEDULED
2026-10-07T00:10:04.820303+00:00,1286741,068,2662,32,0,1791333243,,,SCHEDULED
2026-10-07T00:10:04.820303+00:00,1286741,068,2664,33,0,1791333305,,,SCHEDULED
2026-10-07T00:10:04.820303+00:00,1286741,068,2665,34,0,1791333360,,,SCHEDULED
2026-10-07T00:10:04.820303+00:00,1286741,068,2666,35,0,1791333400,,,SCHEDULED
2026-10-07T00:10:04.820303+00:00,1286741,068,2667,36,0,1791333452,,,SCHEDULED
2026-10-07T00:10:04.820303+00:00,1286741,068,2670,37,0,1791333540,,,SCHEDULED
2026-10-07T00:10:04.820303+00:00,1285777,038,307,1,,,0,1791332940,SCHEDULED
2026-10-07T00:10:04.820303+00:00,1285777,038,1600,2,0,1791333102,,,SCHEDULED
2026-10-07T00:10:04.820303+00:00,1285777,038,3650,3,0,1791333218,,,SCHEDULED
2026-10-07T00:10:04.820303+00:00,1285777,038,3651,4,0,1791333297,,,SCHEDULED
2026-10-07T00:10:04.820303+00:00,1285777,038,3652,5,0,1791333351,,,SCHEDULED
2026-10-07T00:10:04.820303+00:00,1285777,038,3653,6,0,1791333392,,,SCHEDULED
2026-10-07T00:10:04.820303+00:00,1285777,038,3654,7,0,1791333434,,,SCHEDULED
2026-10-07T00:10:04.820303+00:00,1285777,038,3655,8,0,1791333488,,,SCHEDULED
2026-10-07T00:10:04.820303+00:00,1284049,001,1184,1,,,0,1791332865,SCHEDULED
2026-10-07T00:10:04.820303+00:00,1284049,001,3301,2,0,1791332877,,,SCHEDULED
2026-10-07T00:10:04.820303+00:00,1284049,001,1187,3,0,1791332978,,,SCHEDULED
2026-10-07T00:10:04.820303+00:00,1284049,001,1188,4,0,1791333039,,,SCHEDULED
2026-10-07T00:10:04.820303+00:00,1284049,001,1189,5,0,1791333090,,,SCHEDULED
2026-10-07T00:10:04.820303+00:00,1284049,001,1190,6,0,1791333152,,,SCHEDULED
2026-10-07T00:10:04.820303+00:00,1284049,001,1191,7,0,1791333180,,,SCHEDULED
2026-10-07T00:10:04.820303+00:00,1284049,001,1192,8,0,1791333230,,,SCHEDULED
2026-10-07T00:10:04.820303+00:00,1284049,001,1193,9,0,1791333280,,,SCHEDULED
2026-10-07T00:10:04.820303+00:00,1284049,001,1195,10,0,1791333360,,,SCHEDULED
2026-10-07T00:10:04.820303+00:00,1284049,001,1196,11,0,1791333441,,,SCHEDULED
2026-10-07T00:10:04.820303+00:00,1284049,001,1197,12,0,1791333465,,,SCHEDULED
2026-10-07T00:10:04.820303+00:00,1284049,001,1198,13,0,1791333487,,,SCHEDULED
2026-10-07T00:10:04.820303+00:00,1285930,051,321,41,0,1791331825,,,SCHEDULED
2026-10-07T00:10:04.820303+00:00,1285930,051,322,42,0,1791331904,,,SCHEDULED
2026-10-07T00:10:04.820303+00:00,1285930,051,324,43,0,1791331938,,,SCHEDULED
2026-10-07T00:10:04.820303+00:00,1285930,051,325,44,0,1791331941,,,SCHEDULED
2026-10-07T00:10:04.820303+00:00,1285930,051,327,46,0,1791332019,,,SCHEDULED
2026-10-07T00:10:04.820303+00:00,1285930,051,328,47,0,1791332066,,,SCHEDULED
2026-10-07T00:10:04.820303+00:00,1285930,051,329,48,0,1791332137,,,SCHEDULED
2026-10-07T00:10:04.820303+00:00,1285930,051,330,49,0,1791332292,,,SCHEDULED
2026-10-07T00:10:04.820303+00:00,1285930,051,331,50,0,1791332396,,,SCHEDULED
2026-10-07T00:10:04.820303+00:00,1285779,038,522,31,0,1791331863,,,SCHEDULED
2026-10-07T00:10:04.820303+00:00,1285779,038,525,32,0,1791331989,,,SCHEDULED
2026-10-07T00:10:04.820303+00:00,1285779,038,526,33,0,1791332098,,,SCHEDULED
2026-10-07T00:10:04.820303+00:00,1285779,038,527,34,0,1791332139,,,SCHEDULED
2026-10-07T00:10:04.820303+00:00,1285779,038,528,35,0,1791332169,,,SCHEDULED
2026-10-07T00:10:04.820303+00:00,1285779,038,5252,36,0,1791332249,,,SCHEDULED
2026-10-07T00:10:04.820303+00:00,1285779,038,281,37,0,1791332332,,,SCHEDULED
2026-10-07T00:10:04.820303+00:00,1286348,061,2308,44,0,1791331819,,,SCHEDULED
2026-10-07T00:10:04.820303+00:00,1286348,061,2309,45,0,1791331860,,,SCHEDULED
2026-10-07T00:10:04.820303+00:00,1286348,061,1999,46,0,1791331904,,,SCHEDULED
2026-10-07T00:10:04.820303+00:00,1286348,061,1998,47,0,1791331998,,,SCHEDULED
2026-10-07T00:10:04.820303+00:00,1286348,061,2001,48,0,1791332030,,,SCHEDULED
2026-10-07T00:10:04.820303+00:00,1286348,061,2002,49,0,1791332087,,,SCHEDULED
2026-10-07T00:10:04.820303+00:00,1286348,061,2003,50,0,1791332163,,,SCHEDULED
2026-10-07T00:10:04.820303+00:00,1286348,061,2004,51,0,1791332220,,,SCHEDULED
2026-10-07T00:10:04.820303+00:00,1286348,061,2005,52,0,1791332261,,,SCHEDULED
2026-10-07T00:10:04.820303+00:00,1286348,061,2006,53,0,1791332314,,,SCHEDULED
2026-10-07T00:10:04.820303+00:00,1286348,061,2007,54,0,1791332355,,,SCHEDULED
2026-10-07T00:10:04.820303+00:00,1286348,061,2008,55,0,1791332384,,,SCHEDULED
2026-10-07T00:10:04.820303+00:00,1286348,061,2010,56,0,1791332460,,,SCHEDULED
2026-10-07T00:10:04.820303+00:00,1286348,061,2011,57,0,1791332516,,,SCHEDULED
2026-10-07T00:10:04.820303+00:00,1286348,061,2012,58,0,1791332565,,,SCHEDULED
2026-10-07T00:10:04.820303+00:00,1286348,061,2013,59,0,1791332611,,,SCHEDULED
2026-10-07T00:10:04.820303+00:00,1286348,061,2014,60,0,1791332677,,,SCHEDULED
2026-10-07T00:10:04.820303+00:00,1286348,061,2015,61,0,1791332770,,,SCHEDULED
2026-10-07T00:10:04.820303+00:00,1286348,061,2016,62,0,1791332823,,,SCHEDULED
2026-10-07T00:10:04.820303+00:00,1286348,061,2020,63,0,1791332875,,,SCHEDULED
2026-10-07T00:10:04.820303+00:00,1286348,061,2021,64,0,1791332948,,,SCHEDULED
2026-10-07T00:10:04.820303+00:00,1286348,061,3130,65,0,1791333021,,,SCHEDULED
2026-10-07T00:10:04.820303+00:00,1285778,038,3650,3,0,1791331887,,,SCHEDULED
2026-10-07T00:10:04.820303+00:00,1285778,038,3651,4,0,1791331927,,,SCHEDULED
2026-10-07T00:10:04.820303+00:00,1285778,038,3652,5,0,1791331967,,,SCHEDULED
2026-10-07T00:10:04.820303+00:00,1285778,038,3653,6,0,1791331997,,,SCHEDULED
2026-10-07T00:10:04.820303+00:00,1285778,038,3654,7,0,1791332033,,,SCHEDULED
2026-10-07T00:10:04.820303+00:00,1285778,038,3655,8,0,1791332060,,,SCHEDULED
2026-10-07T00:10:04.820303+00:00,1285778,038,3656,9,0,1791332097,,,SCHEDULED
2026-10-07T00:10:04.820303+00:00,1285778,038,3657,10,0,1791332168,,,SCHEDULED
2026-10-07T00:10:04.820303+00:00,1285778,038,1807,11,0,1791332240,,,SCHEDULED
2026-10-07T00:10:04.820303+00:00,1285778,038,1808,12,0,1791332286,,,SCHEDULED
2026-10-07T00:10:04.820303+00:00,1285778,038,1809,13,0,1791332317,,,SCHEDULED
2026-10-07T00:10:04.820303+00:00,1285778,038,1810,14,0,1791332412,,,SCHEDULED
2026-10-07T00:10:04.820303+00:00,1285778,038,1811,15,0,1791332487,,,SCHEDULED
2026-10-07T00:10:04.820303+00:00,1285778,038,938,16,0,1791332635,,,SCHEDULED
2026-10-07T00:10:04.820303+00:00,1285778,038,940,17,0,1791332658,,,SCHEDULED
2026-10-07T00:10:04.820303+00:00,1285778,038,941,18,0,1791332671,,,SCHEDULED
2026-10-07T00:10:04.820303+00:00,1285778,038,2633,19,0,1791332755,,,SCHEDULED
2026-10-07T00:10:04.820303+00:00,1285778,038,9812,20,0,1791332790,,,SCHEDULED
2026-10-07T00:10:04.820303+00:00,1285778,038,2629,21,0,1791332840,,,SCHEDULED
2026-10-07T00:10:04.820303+00:00,1285778,038,2634,22,0,1791332876,,,SCHEDULED
2026-10-07T00:10:04.820303+00:00,1285778,038,2635,23,0,1791332919,,,SCHEDULED
2026-10-07T00:10:04.820303+00:00,1285778,038,1707,24,0,1791333003,,,SCHEDULED
2026-10-07T00:10:04.820303+00:00,1285778,038,1708,25,0,1791333086,,,SCHEDULED
2026-10-07T00:10:04.820303+00:00,1285778,038,1709,26,0,1791333127,,,SCHEDULED
2026-10-07T00:10:04.820303+00:00,1285778,038,1710,27,0,1791333184,,,SCHEDULED
2026-10-07T00:10:04.820303+00:00,1285778,038,1711,28,0,1791333251,,,SCHEDULED
2026-10-07T00:10:04.820303+00:00,1285778,038,519,29,0,1791333284,,,SCHEDULED
2026-10-07T00:10:04.820303+00:00,1285778,038,521,30,0,1791333343,,,SCHEDULED
2026-10-07T00:10:04.820303+00:00,1285778,038,522,31,0,1791333483,,,SCHEDULED
2026-10-07T00:10:04.820303+00:00,1285899,051,3131,1,,,0,1791333033,SCHEDULED
2026-10-07T00:10:04.820303+00:00,1285899,051,1884,2,0,1791333164,,,SCHEDULED
2026-10-07T00:10:04.820303+00:00,1285899,051,1885,3,0,1791333252,,,SCHEDULED
2026-10-07T00:10:04.820303+00:00,1285899,051,1887,4,0,1791333351,,,SCHEDULED
2026-10-07T00:10:04.820303+00:00,1285899,051,1888,5,0,1791333412,,,SCHEDULED
2026-10-07T00:10:04.820303+00:00,1285899,051,1889,6,0,1791333485,,,SCHEDULED
2026-10-07T00:10:04.820303+00:00,1285899,051,1890,7,0,1791333547,,,SCHEDULED
2026-10-07T00:10:04.820303+00:00,1285899,051,1891,8,0,1791333594,,,SCHEDULED
2026-10-07T00:10:04.820303+00:00,1285419,026,3052,1,,,0,1791333281,SCHEDULED
2026-10-07T00:10:04.820303+00:00,1285419,026,3054,2,0,1791333324,,,SCHEDULED
2026-10-07T00:10:04.820303+00:00,1285419,026,3055,3,0,1791333366,,,SCHEDULED
2026-10-07T00:10:04.820303+00:00,1285419,026,3056,4,0,1791333441,,,SCHEDULED
2026-10-07T00:10:04.820303+00:00,1285419,026,3057,5,0,1791333485,,,SCHEDULED
2026-10-07T00:10:04.820303+00:00,1285419,026,3058,6,0,1791333560,,,SCHEDULED
2026-10-07T00:10:04.820303+00:00,1288409,176,996,2,0,1791331678,,,SCHEDULED
2026-10-07T00:10:04.820303+00:00,1288409,176,659,3,0,1791331934,,,SCHEDULED
2026-10-07T00:10:04.820303+00:00,1288409,176,663,4,0,1791332490,,,SCHEDULED
2026-10-07T00:10:04.820303+00:00,1288409,176,8005,5,0,1791332753,,,SCHEDULED
2026-10-07T00:10:04.820303+00:00,1288409,176,837,6,0,1791332824,,,SCHEDULED
2026-10-07T00:10:04.820303+00:00,1285928,051,1893,10,0,1791331839,,,SCHEDULED
2026-10-07T00:10:04.820303+00:00,1285928,051,1894,11,0,1791331893,,,SCHEDULED
2026-10-07T00:10:04.820303+00:00,1285928,051,1895,12,0,1791331987,,,SCHEDULED
2026-10-07T00:10:04.820303+00:00,1285928,051,1896,13,0,1791332023,,,SCHEDULED
2026-10-07T00:10:04.820303+00:00,1285928,051,1898,14,0,1791332074,,,SCHEDULED
2026-10-07T00:10:04.820303+00:00,1285928,051,1899,15,0,1791332141,,,SCHEDULED
2026-10-07T00:10:04.820303+00:00,1285928,051,1901,16,0,1791332196,,,SCHEDULED
2026-10-07T00:10:04.820303+00:00,1285928,051,1902,17,0,1791332225,,,SCHEDULED
2026-10-07T00:10:04.820303+00:00,1285928,051,1904,18,0,1791332310,,,SCHEDULED
2026-10-07T00:10:04.820303+00:00,1285928,051,1905,19,0,1791332378,,,SCHEDULED
2026-10-07T00:10:04.820303+00:00,1285928,051,1906,20,0,1791332411,,,SCHEDULED
2026-10-07T00:10:04.820303+00:00,1285928,051,1907,21,0,1791332443,,,SCHEDULED
2026-10-07T00:10:04.820303+00:00,1285928,051,1908,22,0,1791332463,,,SCHEDULED
2026-10-07T00:10:04.820303+00:00,1285928,051,1911,23,0,1791332527,,,SCHEDULED
2026-10-07T00:10:04.820303+00:00,1285928,051,1913,24,0,1791332629,,,SCHEDULED
2026-10-07T00:10:04.820303+00:00,1285928,051,1914,25,0,1791332686,,,SCHEDULED
2026-10-07T00:10:04.820303+00:00,1285928,051,1915,26,0,1791332738,,,SCHEDULED
2026-10-07T00:10:04.820303+00:00,1285928,051,1916,27,0,1791332850,,,SCHEDULED
2026-10-07T00:10:04.820303+00:00,1285928,051,1917,28,0,1791332872,,,SCHEDULED
2026-10-07T00:10:04.820303+00:00,1285928,051,1918,29,0,1791332909,,,SCHEDULED
2026-10-07T00:10:04.820303+00:00,1285928,051,1919,30,0,1791332990,,,SCHEDULED
2026-10-07T00:10:04.820303+00:00,1285928,051,1920,31,0,1791333008,,,SCHEDULED
2026-10-07T00:10:04.820303+00:00,1285928,051,1921,32,0,1791333064,,,SCHEDULED
2026-10-07T00:10:04.820303+00:00,1285928,051,1922,33,0,1791333163,,,SCHEDULED
2026-10-07T00:10:04.820303+00:00,1285928,051,1923,34,0,1791333190,,,SCHEDULED
2026-10-07T00:10:04.820303+00:00,1285928,051,1924,35,0,1791333231,,,SCHEDULED
2026-10-07T00:10:04.820303+00:00,1285928,051,1925,36,0,1791333262,,,SCHEDULED
2026-10-07T00:10:04.820303+00:00,1285928,051,1926,37,0,1791333315,,,SCHEDULED
2026-10-07T00:10:04.820303+00:00,1285928,051,1940,38,0,1791333325,,,SCHEDULED
2026-10-07T00:10:04.820303+00:00,1285928,051,320,39,0,1791333377,,,SCHEDULED
2026-10-07T00:10:04.820303+00:00,1285928,051,1209,40,0,1791333415,,,SCHEDULED
2026-10-07T00:10:04.820303+00:00,1285928,051,321,41,0,1791333476,,,SCHEDULED
2026-10-07T00:10:04.820303+00:00,1285928,051,322,42,0,1791333555,,,SCHEDULED
2026-10-07T00:10:04.820303+00:00,1285807,038,282,1,,,0,1791332726,SCHEDULED
2026-10-07T00:10:04.820303+00:00,1285807,038,414,2,0,1791332926,,,SCHEDULED
2026-10-07T00:10:04.820303+00:00,1285807,038,415,3,0,1791332982,,,SCHEDULED
2026-10-07T00:10:04.820303+00:00,1285807,038,416,4,0,1791333052,,,SCHEDULED
2026-10-07T00:10:04.820303+00:00,1285807,038,418,5,0,1791333208,,,SCHEDULED
2026-10-07T00:10:04.820303+00:00,1285807,038,4763,6,0,1791333316,,,SCHEDULED
2026-10-07T00:10:04.820303+00:00,1285807,038,1716,7,0,1791333381,,,SCHEDULED
2026-10-07T00:10:04.820303+00:00,1285807,038,1717,8,0,1791333430,,,SCHEDULED
2026-10-07T00:10:04.820303+00:00,1285807,038,1718,9,0,1791333476,,,SCHEDULED
2026-10-07T00:10:04.820303+00:00,1285807,038,1720,10,0,1791333551,,,SCHEDULED
2026-10-07T00:10:04.820303+00:00,1285808,038,1720,10,0,1791331833,,,SCHEDULED
2026-10-07T00:10:04.820303+00:00,1285808,038,1721,11,0,1791331909,,,SCHEDULED
2026-10-07T00:10:04.820303+00:00,1285808,038,1722,12,0,1791331981,,,SCHEDULED
2026-10-07T00:10:04.820303+00:00,1285808,038,1723,13,0,1791332008,,,SCHEDULED
2026-10-07T00:10:04.820303+00:00,1285808,038,2651,14,0,1791332107,,,SCHEDULED
2026-10-07T00:10:04.820303+00:00,1285808,038,2653,15,0,1791332211,,,SCHEDULED
2026-10-07T00:10:04.820303+00:00,1285808,038,2654,16,0,1791332303,,,SCHEDULED
2026-10-07T00:10:04.820303+00:00,1285808,038,9811,17,0,1791332365,,,SCHEDULED
2026-10-07T00:10:04.820303+00:00,1285808,038,880,18,0,1791332463,,,SCHEDULED
2026-10-07T00:10:04.820303+00:00,1285808,038,881,19,0,1791332509,,,SCHEDULED
2026-10-07T00:10:04.820303+00:00,1285808,038,883,20,0,1791332580,,,SCHEDULED
2026-10-07T00:10:04.820303+00:00,1285808,038,884,21,0,1791332637,,,SCHEDULED
2026-10-07T00:10:04.820303+00:00,1285808,038,3717,22,0,1791332723,,,SCHEDULED
2026-10-07T00:10:04.820303+00:00,1285808,038,3718,23,0,1791332756,,,SCHEDULED
2026-10-07T00:10:04.820303+00:00,1285808,038,3719,24,0,1791332808,,,SCHEDULED
2026-10-07T00:10:04.820303+00:00,1285808,038,3720,25,0,1791332864,,,SCHEDULED
2026-10-07T00:10:04.820303+00:00,1285808,038,3721,26,0,1791332890,,,SCHEDULED
2026-10-07T00:10:04.820303+00:00,1285808,038,3722,27,0,1791332958,,,SCHEDULED
2026-10-07T00:10:04.820303+00:00,1285808,038,3723,28,0,1791333001,,,SCHEDULED
2026-10-07T00:10:04.820303+00:00,1285808,038,3724,29,0,1791333043,,,SCHEDULED
2026-10-07T00:10:04.820303+00:00,1285808,038,3725,30,0,1791333066,,,SCHEDULED
2026-10-07T00:10:04.820303+00:00,1285808,038,901,31,0,1791333105,,,SCHEDULED
2026-10-07T00:10:04.820303+00:00,1285808,038,902,32,0,1791333151,,,SCHEDULED
2026-10-07T00:10:04.820303+00:00,1285808,038,903,33,0,1791333279,,,SCHEDULED
2026-10-07T00:10:04.820303+00:00,1285808,038,905,34,0,1791333375,,,SCHEDULED
2026-10-07T00:10:04.820303+00:00,1285808,038,3143,35,0,1791333454,,,SCHEDULED
2026-10-07T00:10:04.820303+00:00,1285808,038,3144,36,0,1791333512,,,SCHEDULED
2026-10-07T00:10:04.820303+00:00,1285929,051,1915,26,0,1791331830,,,SCHEDULED
2026-10-07T00:10:04.820303+00:00,1285929,051,1916,27,0,1791331942,,,SCHEDULED
2026-10-07T00:10:04.820303+00:00,1285929,051,1917,28,0,1791331964,,,SCHEDULED
2026-10-07T00:10:04.820303+00:00,1285929,051,1918,29,0,1791332001,,,SCHEDULED
2026-10-07T00:10:04.820303+00:00,1285929,051,1919,30,0,1791332082,,,SCHEDULED
2026-10-07T00:10:04.820303+00:00,1285929,051,1920,31,0,1791332100,,,SCHEDULED
2026-10-07T00:10:04.820303+00:00,1285929,051,1921,32,0,1791332156,,,SCHEDULED
2026-10-07T00:10:04.820303+00:00,1285929,051,1922,33,0,1791332255,,,SCHEDULED
2026-10-07T00:10:04.820303+00:00,1285929,051,1923,34,0,1791332282,,,SCHEDULED
2026-10-07T00:10:04.820303+00:00,1285929,051,1924,35,0,1791332323,,,SCHEDULED
2026-10-07T00:10:04.820303+00:00,1285929,051,1925,36,0,1791332354,,,SCHEDULED
2026-10-07T00:10:04.820303+00:00,1285929,051,1926,37,0,1791332407,,,SCHEDULED
2026-10-07T00:10:04.820303+00:00,1285929,051,1940,38,0,1791332417,,,SCHEDULED
2026-10-07T00:10:04.820303+00:00,1285929,051,320,39,0,1791332469,,,SCHEDULED
2026-10-07T00:10:04.820303+00:00,1285929,051,1209,40,0,1791332507,,,SCHEDULED
2026-10-07T00:10:04.820303+00:00,1285929,051,321,41,0,1791332568,,,SCHEDULED
2026-10-07T00:10:04.820303+00:00,1285929,051,322,42,0,1791332647,,,SCHEDULED
2026-10-07T00:10:04.820303+00:00,1285929,051,324,43,0,1791332681,,,SCHEDULED
2026-10-07T00:10:04.820303+00:00,1285929,051,325,44,0,1791332684,,,SCHEDULED
2026-10-07T00:10:04.820303+00:00,1285929,051,327,46,0,1791332762,,,SCHEDULED
2026-10-07T00:10:04.820303+00:00,1285929,051,328,47,0,1791332809,,,SCHEDULED
2026-10-07T00:10:04.820303+00:00,1285929,051,329,48,0,1791332880,,,SCHEDULED
2026-10-07T00:10:04.820303+00:00,1285929,051,330,49,0,1791333035,,,SCHEDULED
2026-10-07T00:10:04.820303+00:00,1285929,051,331,50,0,1791333139,,,SCHEDULED
2026-10-07T00:10:04.820303+00:00,1288081,093,9800,1,,,0,1791332454,SCHEDULED
2026-10-07T00:10:04.820303+00:00,1288081,093,3099,2,0,1791332553,,,SCHEDULED
2026-10-07T00:10:04.820303+00:00,1288081,093,3100,3,0,1791332657,,,SCHEDULED
2026-10-07T00:10:04.820303+00:00,1288081,093,3101,4,0,1791332694,,,SCHEDULED
2026-10-07T00:10:04.820303+00:00,1288081,093,3102,5,0,1791332735,,,SCHEDULED
2026-10-07T00:10:04.820303+00:00,1288081,093,3103,6,0,1791332824,,,SCHEDULED
2026-10-07T00:10:04.820303+00:00,1288081,093,3503,7,0,1791332865,,,SCHEDULED
2026-10-07T00:10:04.820303+00:00,1288081,093,3504,8,0,1791332991,,,SCHEDULED
2026-10-07T00:10:04.820303+00:00,1288081,093,3505,9,0,1791333061,,,SCHEDULED
2026-10-07T00:10:04.820303+00:00,1288081,093,3520,10,0,1791333252,,,SCHEDULED
2026-10-07T00:10:04.820303+00:00,1288081,093,3521,11,0,1791333288,,,SCHEDULED
2026-10-07T00:10:04.820303+00:00,1288081,093,3522,12,0,1791333315,,,SCHEDULED
2026-10-07T00:10:04.820303+00:00,1288081,093,3523,13,0,1791333348,,,SCHEDULED
2026-10-07T00:10:04.820303+00:00,1288081,093,3524,14,0,1791333407,,,SCHEDULED
2026-10-07T00:10:04.820303+00:00,1288081,093,3526,15,0,1791333475,,,SCHEDULED
2026-10-07T00:10:04.820303+00:00,1288081,093,3527,16,0,1791333484,,,SCHEDULED
2026-10-07T00:10:04.820303+00:00,1288081,093,3530,17,0,1791333575,,,SCHEDULED
2026-10-07T00:10:04.820303+00:00,1288082,093,3504,8,0,1791331831,,,SCHEDULED
2026-10-07T00:10:04.820303+00:00,1288082,093,3505,9,0,1791331863,,,SCHEDULED
2026-10-07T00:10:04.820303+00:00,1288082,093,3520,10,0,1791332029,,,SCHEDULED
2026-10-07T00:10:04.820303+00:00,1288082,093,3521,11,0,1791332065,,,SCHEDULED
2026-10-07T00:10:04.820303+00:00,1288082,093,3522,12,0,1791332092,,,SCHEDULED
2026-10-07T00:10:04.820303+00:00,1288082,093,3523,13,0,1791332125,,,SCHEDULED
2026-10-07T00:10:04.820303+00:00,1288082,093,3524,14,0,1791332184,,,SCHEDULED
2026-10-07T00:10:04.820303+00:00,1288082,093,3526,15,0,1791332252,,,SCHEDULED
2026-10-07T00:10:04.820303+00:00,1288082,093,3527,16,0,1791332261,,,SCHEDULED
2026-10-07T00:10:04.820303+00:00,1288082,093,3530,17,0,1791332352,,,SCHEDULED
2026-10-07T00:10:04.820303+00:00,1288082,093,3531,18,0,1791332393,,,SCHEDULED
2026-10-07T00:10:04.820303+00:00,1288082,093,3532,19,0,1791332464,,,SCHEDULED
2026-10-07T00:10:04.820303+00:00,1288082,093,3533,20,0,1791332509,,,SCHEDULED
2026-10-07T00:10:04.820303+00:00,1288082,093,5346,21,0,1791332570,,,SCHEDULED
2026-10-07T00:10:04.820303+00:00,1288082,093,3534,22,0,1791332599,,,SCHEDULED
2026-10-07T00:10:04.820303+00:00,1288082,093,3535,23,0,1791332648,,,SCHEDULED
2026-10-07T00:10:04.820303+00:00,1288082,093,3536,24,0,1791332673,,,SCHEDULED
2026-10-07T00:10:04.820303+00:00,1288082,093,3537,25,0,1791332689,,,SCHEDULED
2026-10-07T00:10:04.820303+00:00,1288082,093,9933,26,0,1791332876,,,SCHEDULED
2026-10-07T00:10:04.820303+00:00,1288082,093,669,27,0,1791332966,,,SCHEDULED
2026-10-07T00:10:04.820303+00:00,1288082,093,4742,28,0,1791332967,,,SCHEDULED
2026-10-07T00:10:04.820303+00:00,1288082,093,4745,29,0,1791333054,,,SCHEDULED
2026-10-07T00:10:04.820303+00:00,1288082,093,4618,30,0,1791333169,,,SCHEDULED
2026-10-07T00:10:04.820303+00:00,1288082,093,4619,31,0,1791333247,,,SCHEDULED
2026-10-07T00:10:04.820303+00:00,1288082,093,3381,32,0,1791333371,,,SCHEDULED
2026-10-07T00:10:04.820303+00:00,1288082,093,3382,33,0,1791333410,,,SCHEDULED
2026-10-07T00:10:04.820303+00:00,1288082,093,3383,34,0,1791333444,,,SCHEDULED
2026-10-07T00:10:04.820303+00:00,1288082,093,3389,35,0,1791333500,,,SCHEDULED
2026-10-07T00:10:04.820303+00:00,1286580,067,2627,45,0,1791331720,,,SCHEDULED
2026-10-07T00:10:04.820303+00:00,1286580,067,2628,46,0,1791331741,,,SCHEDULED
2026-10-07T00:10:04.820303+00:00,1286580,067,2630,47,0,1791331896,,,SCHEDULED
2026-10-07T00:10:04.820303+00:00,1286580,067,2631,48,0,1791332012,,,SCHEDULED
2026-10-07T00:10:04.820303+00:00,1286580,067,2632,49,0,1791332029,,,SCHEDULED
2026-10-07T00:10:04.820303+00:00,1286580,067,2633,50,0,1791332088,,,SCHEDULED
2026-10-07T00:10:04.820303+00:00,1286580,067,9812,51,0,1791332134,,,SCHEDULED
2026-10-07T00:10:04.820303+00:00,1286580,067,2629,52,0,1791332248,,,SCHEDULED
2026-10-07T00:10:04.820303+00:00,1286580,067,2634,53,0,1791332294,,,SCHEDULED
2026-10-07T00:10:04.820303+00:00,1286580,067,2635,54,0,1791332313,,,SCHEDULED
2026-10-07T00:10:04.820303+00:00,1286580,067,2636,55,0,1791332383,,,SCHEDULED
2026-10-07T00:10:04.820303+00:00,1286580,067,2637,56,0,1791332411,,,SCHEDULED
2026-10-07T00:10:04.820303+00:00,1286580,067,2638,57,0,1791332483,,,SCHEDULED
2026-10-07T00:10:04.820303+00:00,1286580,067,2639,58,0,1791332565,,,SCHEDULED
2026-10-07T00:10:04.820303+00:00,1286580,067,1086,59,0,1791333055,,,SCHEDULED
2026-10-07T00:10:04.820303+00:00,1286580,067,1088,60,0,1791333106,,,SCHEDULED
2026-10-07T00:10:04.820303+00:00,1286580,067,1087,61,0,1791333151,,,SCHEDULED
2026-10-07T00:10:04.820303+00:00,1286580,067,2642,62,0,1791333204,,,SCHEDULED
2026-10-07T00:10:04.820303+00:00,1287790,087,274,2,0,1791331957,,,SCHEDULED
2026-10-07T00:10:04.820303+00:00,1287790,087,275,3,0,1791332109,,,SCHEDULED
2026-10-07T00:10:04.820303+00:00,1287790,087,3893,4,0,1791332479,,,SCHEDULED
2026-10-07T00:10:04.820303+00:00,1287790,087,3894,5,0,1791332694,,,SCHEDULED
2026-10-07T00:10:04.820303+00:00,1287790,087,3895,6,0,1791332773,,,SCHEDULED
2026-10-07T00:10:04.820303+00:00,1287790,087,3896,7,0,1791332847,,,SCHEDULED
2026-10-07T00:10:04.820303+00:00,1287790,087,3897,8,0,1791332898,,,SCHEDULED
2026-10-07T00:10:04.820303+00:00,1287790,087,3898,9,0,1791333017,,,SCHEDULED
2026-10-07T00:10:04.820303+00:00,1287790,087,3899,10,0,1791333098,,,SCHEDULED
2026-10-07T00:10:04.820303+00:00,1287790,087,3900,11,0,1791333212,,,SCHEDULED
2026-10-07T00:10:04.820303+00:00,1287790,087,3901,12,0,1791333313,,,SCHEDULED
2026-10-07T00:10:04.820303+00:00,1287790,087,3902,13,0,1791333351,,,SCHEDULED
2026-10-07T00:10:04.820303+00:00,1287790,087,3903,14,0,1791333447,,,SCHEDULED
2026-10-07T00:10:04.820303+00:00,1287790,087,3904,15,0,1791333503,,,SCHEDULED
2026-10-07T00:10:04.820303+00:00,1287790,087,3905,16,0,1791333576,,,SCHEDULED
2026-10-07T00:10:04.820303+00:00,1287670,086,3259,37,0,1791331828,,,SCHEDULED
2026-10-07T00:10:04.820303+00:00,1287670,086,413,38,0,1791332197,,,SCHEDULED
2026-10-07T00:10:04.820303+00:00,1287670,086,414,39,0,1791332214,,,SCHEDULED
2026-10-07T00:10:04.820303+00:00,1287670,086,415,40,0,1791332353,,,SCHEDULED
2026-10-07T00:10:04.820303+00:00,1287670,086,416,41,0,1791332373,,,SCHEDULED
2026-10-07T00:10:04.820303+00:00,1286581,067,3223,12,0,1791331866,,,SCHEDULED
2026-10-07T00:10:04.820303+00:00,1286581,067,3224,13,0,1791331896,,,SCHEDULED
2026-10-07T00:10:04.820303+00:00,1286581,067,3225,14,0,1791331957,,,SCHEDULED
2026-10-07T00:10:04.820303+00:00,1286581,067,2062,15,0,1791332029,,,SCHEDULED
2026-10-07T00:10:04.820303+00:00,1286581,067,2063,16,0,1791332047,,,SCHEDULED
2026-10-07T00:10:04.820303+00:00,1286581,067,6508,17,0,1791332092,,,SCHEDULED
2026-10-07T00:10:04.820303+00:00,1286581,067,2174,18,0,1791332194,,,SCHEDULED
2026-10-07T00:10:04.820303+00:00,1286581,067,2160,19,0,1791332238,,,SCHEDULED
2026-10-07T00:10:04.820303+00:00,1286581,067,2597,20,0,1791332365,,,SCHEDULED
2026-10-07T00:10:04.820303+00:00,1286581,067,2598,21,0,1791332392,,,SCHEDULED
2026-10-07T00:10:04.820303+00:00,1286581,067,2599,22,0,1791332448,,,SCHEDULED
2026-10-07T00:10:04.820303+00:00,1286581,067,2600,23,0,1791332490,,,SCHEDULED
2026-10-07T00:10:04.820303+00:00,1286581,067,2601,24,0,1791332535,,,SCHEDULED
2026-10-07T00:10:04.820303+00:00,1286581,067,2602,25,0,1791332570,,,SCHEDULED
2026-10-07T00:10:04.820303+00:00,1286581,067,2603,26,0,1791332667,,,SCHEDULED
2026-10-07T00:10:04.820303+00:00,1286581,067,2604,27,0,1791332720,,,SCHEDULED
2026-10-07T00:10:04.820303+00:00,1286581,067,2605,28,0,1791332835,,,SCHEDULED
2026-10-07T00:10:04.820303+00:00,1286581,067,2606,29,0,1791332888,,,SCHEDULED
2026-10-07T00:10:04.820303+00:00,1286581,067,2607,30,0,1791332983,,,SCHEDULED
2026-10-07T00:10:04.820303+00:00,1286581,067,2608,31,0,1791333009,,,SCHEDULED
2026-10-07T00:10:04.820303+00:00,1286581,067,2609,32,0,1791333179,,,SCHEDULED
2026-10-07T00:10:04.820303+00:00,1286581,067,2613,33,0,1791333215,,,SCHEDULED
2026-10-07T00:10:04.820303+00:00,1286581,067,2614,34,0,1791333276,,,SCHEDULED
2026-10-07T00:10:04.820303+00:00,1286581,067,2615,35,0,1791333291,,,SCHEDULED
2026-10-07T00:10:04.820303+00:00,1286581,067,601,36,0,1791333322,,,SCHEDULED
2026-10-07T00:10:04.820303+00:00,1286581,067,2617,37,0,1791333395,,,SCHEDULED
2026-10-07T00:10:04.820303+00:00,1286581,067,2620,38,0,1791333479,,,SCHEDULED
2026-10-07T00:10:04.820303+00:00,1286581,067,2621,39,0,1791333497,,,SCHEDULED
2026-10-07T00:10:04.820303+00:00,1286581,067,2622,40,0,1791333514,,,SCHEDULED
2026-10-07T00:10:04.820303+00:00,1286581,067,2623,41,0,1791333578,,,SCHEDULED
2026-10-07T00:10:04.820303+00:00,1287791,087,1254,17,0,1791331887,,,SCHEDULED
2026-10-07T00:10:04.820303+00:00,1287791,087,1262,18,0,1791332083,,,SCHEDULED
2026-10-07T00:10:04.820303+00:00,1285142,023,1374,41,0,1791331839,,,SCHEDULED
2026-10-07T00:10:04.820303+00:00,1285142,023,1375,42,0,1791331907,,,SCHEDULED
2026-10-07T00:10:04.820303+00:00,1285142,023,1376,43,0,1791331936,,,SCHEDULED
2026-10-07T00:10:04.820303+00:00,1285142,023,1377,44,0,1791331959,,,SCHEDULED
2026-10-07T00:10:04.820303+00:00,1285142,023,1378,45,0,1791332041,,,SCHEDULED
2026-10-07T00:10:04.820303+00:00,1285142,023,1380,46,0,1791332101,,,SCHEDULED
2026-10-07T00:10:04.820303+00:00,1285142,023,1381,47,0,1791332187,,,SCHEDULED
2026-10-07T00:10:04.820303+00:00,1285142,023,1382,48,0,1791332244,,,SCHEDULED
2026-10-07T00:10:04.820303+00:00,1285142,023,1383,49,0,1791332267,,,SCHEDULED
2026-10-07T00:10:04.820303+00:00,1285142,023,1384,50,0,1791332316,,,SCHEDULED
2026-10-07T00:10:04.820303+00:00,1285142,023,1385,51,0,1791332341,,,SCHEDULED
2026-10-07T00:10:04.820303+00:00,1285142,023,1386,52,0,1791332430,,,SCHEDULED
2026-10-07T00:10:04.820303+00:00,1285142,023,1387,53,0,1791332493,,,SCHEDULED
2026-10-07T00:10:04.820303+00:00,1285142,023,1388,54,0,1791332542,,,SCHEDULED
2026-10-07T00:10:04.820303+00:00,1285142,023,1389,55,0,1791332647,,,SCHEDULED
2026-10-07T00:10:04.820303+00:00,1285142,023,1390,56,0,1791332725,,,SCHEDULED
2026-10-07T00:10:04.820303+00:00,1285142,023,1391,57,0,1791332767,,,SCHEDULED
2026-10-07T00:10:04.820303+00:00,1285142,023,1392,58,0,1791332807,,,SCHEDULED
2026-10-07T00:10:04.820303+00:00,1285142,023,1393,59,0,1791332838,,,SCHEDULED
2026-10-07T00:10:04.820303+00:00,1285142,023,1394,60,0,1791332860,,,SCHEDULED
2026-10-07T00:10:04.820303+00:00,1285142,023,1395,61,0,1791332908,,,SCHEDULED
2026-10-07T00:10:04.820303+00:00,1285142,023,1163,62,0,1791333017,,,SCHEDULED
2026-10-07T00:10:04.820303+00:00,1285142,023,1164,63,0,1791333105,,,SCHEDULED
2026-10-07T00:10:04.820303+00:00,1285142,023,1165,64,0,1791333488,,,SCHEDULED
2026-10-07T00:10:04.820303+00:00,1285142,023,1166,65,0,1791333574,,,SCHEDULED
2026-10-07T00:10:04.820303+00:00,1286991,075,4061,1,,,0,1791332820,SCHEDULED
2026-10-07T00:10:04.820303+00:00,1286991,075,1426,2,0,1791332894,,,SCHEDULED
2026-10-07T00:10:04.820303+00:00,1286991,075,1429,3,0,1791332961,,,SCHEDULED
2026-10-07T00:10:04.820303+00:00,1286991,075,1430,4,0,1791332998,,,SCHEDULED
2026-10-07T00:10:04.820303+00:00,1286991,075,3845,5,0,1791333083,,,SCHEDULED
2026-10-07T00:10:04.820303+00:00,1286991,075,3846,6,0,1791333135,,,SCHEDULED
2026-10-07T00:10:04.820303+00:00,1286991,075,3847,7,0,1791333177,,,SCHEDULED
2026-10-07T00:10:04.820303+00:00,1286991,075,1431,8,0,1791333210,,,SCHEDULED
2026-10-07T00:10:04.820303+00:00,1286991,075,1419,9,0,1791333281,,,SCHEDULED
2026-10-07T00:10:04.820303+00:00,1286991,075,9922,10,0,1791333358,,,SCHEDULED
2026-10-07T00:10:04.820303+00:00,1286991,075,1399,11,0,1791333426,,,SCHEDULED
2026-10-07T00:10:04.820303+00:00,1286991,075,1397,12,0,1791333478,,,SCHEDULED
2026-10-07T00:10:04.820303+00:00,1286992,075,3802,14,0,1791331819,,,SCHEDULED
2026-10-07T00:10:04.820303+00:00,1286992,075,3852,15,0,1791331850,,,SCHEDULED
2026-10-07T00:10:04.820303+00:00,1285141,023,1184,1,,,0,1791331826,SCHEDULED
2026-10-07T00:10:04.820303+00:00,1285141,023,3301,2,0,1791331831,,,SCHEDULED
2026-10-07T00:10:04.820303+00:00,1285141,023,1187,3,0,1791331940,,,SCHEDULED
2026-10-07T00:10:04.820303+00:00,1285141,023,1188,4,0,1791332025,,,SCHEDULED
2026-10-07T00:10:04.820303+00:00,1285141,023,1189,5,0,1791332063,,,SCHEDULED
2026-10-07T00:10:04.820303+00:00,1285141,023,1190,6,0,1791332105,,,SCHEDULED
2026-10-07T00:10:04.820303+00:00,1285141,023,1337,7,0,1791332256,,,SCHEDULED
2026-10-07T00:10:04.820303+00:00,1285141,023,1338,8,0,1791332308,,,SCHEDULED
2026-10-07T00:10:04.820303+00:00,1285141,023,1339,9,0,1791332381,,,SCHEDULED
2026-10-07T00:10:04.820303+00:00,1285141,023,1340,10,0,1791332402,,,SCHEDULED
2026-10-07T00:10:04.820303+00:00,1285141,023,1341,11,0,1791332514,,,SCHEDULED
2026-10-07T00:10:04.820303+00:00,1285141,023,1342,12,0,1791332536,,,SCHEDULED
2026-10-07T00:10:04.820303+00:00,1285141,023,1343,13,0,1791332556,,,SCHEDULED
2026-10-07T00:10:04.820303+00:00,1285141,023,1344,14,0,1791332631,,,SCHEDULED
2026-10-07T00:10:04.820303+00:00,1285141,023,1346,15,0,1791332668,,,SCHEDULED
2026-10-07T00:10:04.820303+00:00,1285141,023,5362,16,0,1791332744,,,SCHEDULED
2026-10-07T00:10:04.820303+00:00,1285141,023,5361,17,0,1791332768,,,SCHEDULED
2026-10-07T00:10:04.820303+00:00,1285141,023,1348,18,0,1791332832,,,SCHEDULED
2026-10-07T00:10:04.820303+00:00,1285141,023,1349,19,0,1791332838,,,SCHEDULED
2026-10-07T00:10:04.820303+00:00,1285141,023,1350,20,0,1791332879,,,SCHEDULED
2026-10-07T00:10:04.820303+00:00,1285141,023,1351,21,0,1791332927,,,SCHEDULED
2026-10-07T00:10:04.820303+00:00,1285141,023,1353,22,0,1791332981,,,SCHEDULED
2026-10-07T00:10:04.820303+00:00,1285141,023,1354,23,0,1791333054,,,SCHEDULED
2026-10-07T00:10:04.820303+00:00,1285141,023,1355,24,0,1791333089,,,SCHEDULED
2026-10-07T00:10:04.820303+00:00,1285141,023,1356,25,0,1791333163,,,SCHEDULED
2026-10-07T00:10:04.820303+00:00,1285141,023,1357,26,0,1791333232,,,SCHEDULED
2026-10-07T00:10:04.820303+00:00,1285141,023,1358,27,0,1791333284,,,SCHEDULED
2026-10-07T00:10:04.820303+00:00,1285141,023,1359,28,0,1791333312,,,SCHEDULED
2026-10-07T00:10:04.820303+00:00,1285141,023,1360,29,0,1791333371,,,SCHEDULED
2026-10-07T00:10:04.820303+00:00,1285141,023,1361,30,0,1791333411,,,SCHEDULED
2026-10-07T00:10:04.820303+00:00,1285141,023,1363,31,0,1791333466,,,SCHEDULED
2026-10-07T00:10:04.820303+00:00,1285141,023,1139,32,0,1791333505,,,SCHEDULED
2026-10-07T00:10:04.820303+00:00,1285141,023,1365,33,0,1791333543,,,SCHEDULED
2026-10-07T00:10:04.820303+00:00,1285141,023,1366,34,0,1791333572,,,SCHEDULED
2026-10-07T00:10:04.820303+00:00,1284693,013,1071,1,,,0,1791333562,SCHEDULED
2026-10-07T00:10:04.820303+00:00,1285144,023,284,68,0,1791331831,,,SCHEDULED
2026-10-07T00:10:04.820303+00:00,1285143,023,1355,24,0,1791331819,,,SCHEDULED
2026-10-07T00:10:04.820303+00:00,1285143,023,1356,25,0,1791331859,,,SCHEDULED
2026-10-07T00:10:04.820303+00:00,1285143,023,1357,26,0,1791331949,,,SCHEDULED
2026-10-07T00:10:04.820303+00:00,1285143,023,1358,27,0,1791331978,,,SCHEDULED
2026-10-07T00:10:04.820303+00:00,1285143,023,1359,28,0,1791332012,,,SCHEDULED
2026-10-07T00:10:04.820303+00:00,1285143,023,1360,29,0,1791332075,,,SCHEDULED
2026-10-07T00:10:04.820303+00:00,1285143,023,1361,30,0,1791332120,,,SCHEDULED
2026-10-07T00:10:04.820303+00:00,1285143,023,1363,31,0,1791332160,,,SCHEDULED
2026-10-07T00:10:04.820303+00:00,1285143,023,1139,32,0,1791332214,,,SCHEDULED
2026-10-07T00:10:04.820303+00:00,1285143,023,1365,33,0,1791332258,,,SCHEDULED
2026-10-07T00:10:04.820303+00:00,1285143,023,1366,34,0,1791332291,,,SCHEDULED
2026-10-07T00:10:04.820303+00:00,1285143,023,1367,35,0,1791332338,,,SCHEDULED
2026-10-07T00:10:04.820303+00:00,1285143,023,1368,36,0,1791332371,,,SCHEDULED
2026-10-07T00:10:04.820303+00:00,1285143,023,1369,37,0,1791332434,,,SCHEDULED
2026-10-07T00:10:04.820303+00:00,1285143,023,1370,38,0,1791332465,,,SCHEDULED
2026-10-07T00:10:04.820303+00:00,1285143,023,1372,39,0,1791332540,,,SCHEDULED
2026-10-07T00:10:04.820303+00:00,1285143,023,1373,40,0,1791332585,,,SCHEDULED
2026-10-07T00:10:04.820303+00:00,1285143,023,1374,41,0,1791332639,,,SCHEDULED
2026-10-07T00:10:04.820303+00:00,1285143,023,1375,42,0,1791332679,,,SCHEDULED
2026-10-07T00:10:04.820303+00:00,1285143,023,1376,43,0,1791332707,,,SCHEDULED
2026-10-07T00:10:04.820303+00:00,1285143,023,1377,44,0,1791332749,,,SCHEDULED
2026-10-07T00:10:04.820303+00:00,1285143,023,1378,45,0,1791332782,,,SCHEDULED
2026-10-07T00:10:04.820303+00:00,1285143,023,1380,46,0,1791332820,,,SCHEDULED
2026-10-07T00:10:04.820303+00:00,1285143,023,1381,47,0,1791332861,,,SCHEDULED
2026-10-07T00:10:04.820303+00:00,1285143,023,1382,48,0,1791332947,,,SCHEDULED
2026-10-07T00:10:04.820303+00:00,1285143,023,1383,49,0,1791332988,,,SCHEDULED
2026-10-07T00:10:04.820303+00:00,1285143,023,1384,50,0,1791333079,,,SCHEDULED
2026-10-07T00:10:04.820303+00:00,1285143,023,1385,51,0,1791333107,,,SCHEDULED
2026-10-07T00:10:04.820303+00:00,1285143,023,1386,52,0,1791333180,,,SCHEDULED
2026-10-07T00:10:04.820303+00:00,1285143,023,1387,53,0,1791333237,,,SCHEDULED
2026-10-07T00:10:04.820303+00:00,1285143,023,1388,54,0,1791333304,,,SCHEDULED
2026-10-07T00:10:04.820303+00:00,1285143,023,1389,55,0,1791333375,,,SCHEDULED
2026-10-07T00:10:04.820303+00:00,1285143,023,1390,56,0,1791333439,,,SCHEDULED
2026-10-07T00:10:04.820303+00:00,1285143,023,1391,57,0,1791333479,,,SCHEDULED
2026-10-07T00:10:04.820303+00:00,1285143,023,1392,58,0,1791333536,,,SCHEDULED
2026-10-07T00:10:04.820303+00:00,1284695,013,1680,44,0,1791331809,,,SCHEDULED
2026-10-07T00:10:04.820303+00:00,1284695,013,1364,45,0,1791331877,,,SCHEDULED
2026-10-07T00:10:04.820303+00:00,1286599,067,2596,45,0,1791331816,,,SCHEDULED
2026-10-07T00:10:04.820303+00:00,1286599,067,2031,46,0,1791331903,,,SCHEDULED
2026-10-07T00:10:04.820303+00:00,1286599,067,2032,47,0,1791331998,,,SCHEDULED
2026-10-07T00:10:04.820303+00:00,1286599,067,2173,48,0,1791332049,,,SCHEDULED
2026-10-07T00:10:04.820303+00:00,1286599,067,494,49,0,1791332181,,,SCHEDULED
2026-10-07T00:10:04.820303+00:00,1286599,067,3831,50,0,1791332392,,,SCHEDULED
2026-10-07T00:10:04.820303+00:00,1286599,067,3833,51,0,1791332475,,,SCHEDULED
2026-10-07T00:10:04.820303+00:00,1286599,067,3834,52,0,1791332568,,,SCHEDULED
2026-10-07T00:10:04.820303+00:00,1286599,067,3939,53,0,1791332762,,,SCHEDULED
2026-10-07T00:10:04.820303+00:00,1286599,067,5107,54,0,1791332845,,,SCHEDULED
2026-10-07T00:10:04.820303+00:00,1286599,067,4020,55,0,1791332899,,,SCHEDULED
2026-10-07T00:10:04.820303+00:00,1286599,067,4021,56,0,1791332925,,,SCHEDULED
2026-10-07T00:10:04.820303+00:00,1286599,067,4022,57,0,1791332967,,,SCHEDULED
2026-10-07T00:10:04.820303+00:00,1286599,067,242,58,0,1791333033,,,SCHEDULED
2026-10-07T00:10:04.820303+00:00,1286599,067,243,59,0,1791333055,,,SCHEDULED
2026-10-07T00:10:04.820303+00:00,1286599,067,244,60,0,1791333075,,,SCHEDULED
2026-10-07T00:10:04.820303+00:00,1286599,067,1038,61,0,1791333099,,,SCHEDULED
2026-10-07T00:10:04.820303+00:00,1286599,067,4019,62,0,1791333172,,,SCHEDULED
2026-10-07T00:10:04.820303+00:00,1285421,026,1531,37,0,1791331830,,,SCHEDULED
2026-10-07T00:10:04.820303+00:00,1285421,026,1532,38,0,1791331886,,,SCHEDULED
2026-10-07T00:10:04.820303+00:00,1285421,026,1533,39,0,1791331932,,,SCHEDULED
2026-10-07T00:10:04.820303+00:00,1285421,026,1534,40,0,1791331989,,,SCHEDULED
2026-10-07T00:10:04.820303+00:00,1285421,026,1535,41,0,1791332081,,,SCHEDULED
2026-10-07T00:10:04.820303+00:00,1285421,026,1536,42,0,1791332184,,,SCHEDULED
2026-10-07T00:10:04.820303+00:00,1285421,026,1537,43,0,1791332286,,,SCHEDULED
2026-10-07T00:10:04.820303+00:00,1285421,026,1538,44,0,1791332325,,,SCHEDULED
2026-10-07T00:10:04.820303+00:00,1285421,026,1539,45,0,1791332369,,,SCHEDULED
2026-10-07T00:10:04.820303+00:00,1285421,026,1540,46,0,1791332392,,,SCHEDULED
2026-10-07T00:10:04.820303+00:00,1285421,026,1542,47,0,1791332544,,,SCHEDULED
2026-10-07T00:10:04.820303+00:00,1285421,026,1541,48,0,1791332695,,,SCHEDULED
2026-10-07T00:10:04.820303+00:00,1285421,026,2980,49,0,1791332749,,,SCHEDULED
2026-10-07T00:10:04.820303+00:00,1285421,026,8958,50,0,1791332849,,,SCHEDULED
2026-10-07T00:10:04.820303+00:00,1284694,013,284,23,0,1791331806,,,SCHEDULED
2026-10-07T00:10:04.820303+00:00,1284694,013,1635,24,0,1791331894,,,SCHEDULED
2026-10-07T00:10:04.820303+00:00,1284694,013,4750,25,0,1791332098,,,SCHEDULED
2026-10-07T00:10:04.820303+00:00,1284694,013,3980,26,0,1791332180,,,SCHEDULED
2026-10-07T00:10:04.820303+00:00,1284694,013,3979,27,0,1791332258,,,SCHEDULED
2026-10-07T00:10:04.820303+00:00,1284694,013,3981,28,0,1791332318,,,SCHEDULED
2026-10-07T00:10:04.820303+00:00,1284694,013,3982,29,0,1791332378,,,SCHEDULED
2026-10-07T00:10:04.820303+00:00,1284694,013,103,30,0,1791332425,,,SCHEDULED
2026-10-07T00:10:04.820303+00:00,1284694,013,3240,31,0,1791332498,,,SCHEDULED
2026-10-07T00:10:04.820303+00:00,1284694,013,3241,32,0,1791332521,,,SCHEDULED
2026-10-07T00:10:04.820303+00:00,1284694,013,3242,33,0,1791332544,,,SCHEDULED
2026-10-07T00:10:04.820303+00:00,1284694,013,3243,34,0,1791332616,,,SCHEDULED
2026-10-07T00:10:04.820303+00:00,1284694,013,3244,35,0,1791332639,,,SCHEDULED
2026-10-07T00:10:04.820303+00:00,1284694,013,3246,36,0,1791332757,,,SCHEDULED
2026-10-07T00:10:04.820303+00:00,1284694,013,8927,37,0,1791332808,,,SCHEDULED
2026-10-07T00:10:04.820303+00:00,1284694,013,4710,38,0,1791332978,,,SCHEDULED
2026-10-07T00:10:04.820303+00:00,1284694,013,8928,39,0,1791333047,,,SCHEDULED
2026-10-07T00:10:04.820303+00:00,1284694,013,8929,40,0,1791333158,,,SCHEDULED
2026-10-07T00:10:04.820303+00:00,1284694,013,8930,41,0,1791333205,,,SCHEDULED
2026-10-07T00:10:04.820303+00:00,1284694,013,543,42,0,1791333254,,,SCHEDULED
2026-10-07T00:10:04.820303+00:00,1284694,013,1731,43,0,1791333350,,,SCHEDULED
2026-10-07T00:10:04.820303+00:00,1284694,013,1680,44,0,1791333434,,,SCHEDULED
2026-10-07T00:10:04.820303+00:00,1284694,013,1364,45,0,1791333528,,,SCHEDULED
2026-10-07T00:10:04.820303+00:00,1285420,026,3063,11,0,1791331835,,,SCHEDULED
2026-10-07T00:10:04.820303+00:00,1285420,026,3064,12,0,1791331884,,,SCHEDULED
2026-10-07T00:10:04.820303+00:00,1285420,026,3065,13,0,1791331915,,,SCHEDULED
2026-10-07T00:10:04.820303+00:00,1285420,026,3066,14,0,1791331953,,,SCHEDULED
2026-10-07T00:10:04.820303+00:00,1285420,026,629,15,0,1791332033,,,SCHEDULED
2026-10-07T00:10:04.820303+00:00,1285420,026,651,16,0,1791332137,,,SCHEDULED
2026-10-07T00:10:04.820303+00:00,1285420,026,544,17,0,1791332177,,,SCHEDULED
2026-10-07T00:10:04.820303+00:00,1285420,026,3049,18,0,1791332397,,,SCHEDULED
2026-10-07T00:10:04.820303+00:00,1285420,026,3070,19,0,1791332480,,,SCHEDULED
2026-10-07T00:10:04.820303+00:00,1285420,026,3071,20,0,1791332507,,,SCHEDULED
2026-10-07T00:10:04.820303+00:00,1285420,026,3072,21,0,1791332604,,,SCHEDULED
2026-10-07T00:10:04.820303+00:00,1285420,026,9801,22,0,1791332758,,,SCHEDULED
2026-10-07T00:10:04.820303+00:00,1285420,026,3073,23,0,1791332858,,,SCHEDULED
2026-10-07T00:10:04.820303+00:00,1285420,026,1518,24,0,1791333012,,,SCHEDULED
2026-10-07T00:10:04.820303+00:00,1285420,026,1519,25,0,1791333114,,,SCHEDULED
2026-10-07T00:10:04.820303+00:00,1285420,026,1520,26,0,1791333159,,,SCHEDULED
2026-10-07T00:10:04.820303+00:00,1285420,026,1521,27,0,1791333179,,,SCHEDULED
2026-10-07T00:10:04.820303+00:00,1285420,026,1522,28,0,1791333222,,,SCHEDULED
2026-10-07T00:10:04.820303+00:00,1285420,026,1523,29,0,1791333238,,,SCHEDULED
2026-10-07T00:10:04.820303+00:00,1285420,026,1524,30,0,1791333310,,,SCHEDULED
2026-10-07T00:10:04.820303+00:00,1285420,026,1525,31,0,1791333436,,,SCHEDULED
2026-10-07T00:10:04.820303+00:00,1285420,026,1526,32,0,1791333457,,,SCHEDULED
2026-10-07T00:10:04.820303+00:00,1285420,026,1527,33,0,1791333540,,,SCHEDULED
2026-10-07T00:10:04.820303+00:00,1285420,026,1528,34,0,1791333595,,,SCHEDULED
2026-10-07T00:10:04.820303+00:00,1286597,067,1099,1,,,0,1791332108,SCHEDULED
2026-10-07T00:10:04.820303+00:00,1286597,067,2645,2,0,1791332256,,,SCHEDULED
2026-10-07T00:10:04.820303+00:00,1286597,067,2643,3,0,1791332295,,,SCHEDULED
2026-10-07T00:10:04.820303+00:00,1286597,067,2644,4,0,1791332367,,,SCHEDULED
2026-10-07T00:10:04.820303+00:00,1286597,067,2646,5,0,1791332451,,,SCHEDULED
2026-10-07T00:10:04.820303+00:00,1286597,067,2647,6,0,1791332468,,,SCHEDULED
2026-10-07T00:10:04.820303+00:00,1286597,067,2648,7,0,1791332972,,,SCHEDULED
2026-10-07T00:10:04.820303+00:00,1286597,067,5344,8,0,1791333001,,,SCHEDULED
2026-10-07T00:10:04.820303+00:00,1286597,067,2649,9,0,1791333043,,,SCHEDULED
2026-10-07T00:10:04.820303+00:00,1286597,067,2650,10,0,1791333071,,,SCHEDULED
2026-10-07T00:10:04.820303+00:00,1286597,067,2651,11,0,1791333149,,,SCHEDULED
2026-10-07T00:10:04.820303+00:00,1286597,067,2653,12,0,1791333374,,,SCHEDULED
2026-10-07T00:10:04.820303+00:00,1286597,067,2654,13,0,1791333541,,,SCHEDULED
2026-10-07T00:10:04.820303+00:00,1286872,072,323,1,,,0,1791332394,SCHEDULED
2026-10-07T00:10:04.820303+00:00,1286872,072,4210,2,0,1791332567,,,SCHEDULED
2026-10-07T00:10:04.820303+00:00,1286872,072,4211,3,0,1791332609,,,SCHEDULED
2026-10-07T00:10:04.820303+00:00,1286872,072,4213,4,0,1791332637,,,SCHEDULED
2026-10-07T00:10:04.820303+00:00,1286872,072,4214,5,0,1791332692,,,SCHEDULED
2026-10-07T00:10:04.820303+00:00,1286872,072,4217,6,0,1791332738,,,SCHEDULED
2026-10-07T00:10:04.820303+00:00,1286872,072,5249,7,0,1791332772,,,SCHEDULED
2026-10-07T00:10:04.820303+00:00,1286872,072,4215,8,0,1791332825,,,SCHEDULED
2026-10-07T00:10:04.820303+00:00,1286872,072,4216,9,0,1791332847,,,SCHEDULED
2026-10-07T00:10:04.820303+00:00,1286872,072,2816,10,0,1791332874,,,SCHEDULED
2026-10-07T00:10:04.820303+00:00,1286872,072,2817,11,0,1791332909,,,SCHEDULED
2026-10-07T00:10:04.820303+00:00,1286872,072,2818,12,0,1791332937,,,SCHEDULED
2026-10-07T00:10:04.820303+00:00,1286872,072,2819,13,0,1791332956,,,SCHEDULED
2026-10-07T00:10:04.820303+00:00,1286872,072,2820,14,0,1791332988,,,SCHEDULED
2026-10-07T00:10:04.820303+00:00,1286872,072,2821,15,0,1791333037,,,SCHEDULED
2026-10-07T00:10:04.820303+00:00,1286872,072,2822,16,0,1791333038,,,SCHEDULED
2026-10-07T00:10:04.820303+00:00,1286872,072,2824,17,0,1791333163,,,SCHEDULED
2026-10-07T00:10:04.820303+00:00,1286872,072,2825,18,0,1791333207,,,SCHEDULED
2026-10-07T00:10:04.820303+00:00,1286872,072,2826,19,0,1791333271,,,SCHEDULED
2026-10-07T00:10:04.820303+00:00,1286872,072,3861,20,0,1791333310,,,SCHEDULED
2026-10-07T00:10:04.820303+00:00,1286872,072,3862,21,0,1791333328,,,SCHEDULED
2026-10-07T00:10:04.820303+00:00,1286872,072,3864,22,0,1791333386,,,SCHEDULED
2026-10-07T00:10:04.820303+00:00,1286872,072,3865,23,0,1791333415,,,SCHEDULED
2026-10-07T00:10:04.820303+00:00,1286872,072,496,24,0,1791333486,,,SCHEDULED
2026-10-07T00:10:04.820303+00:00,1286477,062,2273,19,0,1791331812,,,SCHEDULED
2026-10-07T00:10:04.820303+00:00,1286477,062,2275,20,0,1791331859,,,SCHEDULED
2026-10-07T00:10:04.820303+00:00,1286477,062,2276,21,0,1791331924,,,SCHEDULED
2026-10-07T00:10:04.820303+00:00,1286477,062,2277,22,0,1791332015,,,SCHEDULED
2026-10-07T00:10:04.820303+00:00,1286477,062,2278,23,0,1791332044,,,SCHEDULED
2026-10-07T00:10:04.820303+00:00,1286477,062,2279,24,0,1791332100,,,SCHEDULED
2026-10-07T00:10:04.820303+00:00,1286477,062,2280,25,0,1791332153,,,SCHEDULED
2026-10-07T00:10:04.820303+00:00,1286477,062,2281,26,0,1791332171,,,SCHEDULED
2026-10-07T00:10:04.820303+00:00,1286477,062,2346,27,0,1791332274,,,SCHEDULED
2026-10-07T00:10:04.820303+00:00,1286477,062,2347,28,0,1791332405,,,SCHEDULED
2026-10-07T00:10:04.820303+00:00,1286477,062,2348,29,0,1791332428,,,SCHEDULED
2026-10-07T00:10:04.820303+00:00,1286477,062,2350,30,0,1791332452,,,SCHEDULED
2026-10-07T00:10:04.820303+00:00,1286477,062,2351,31,0,1791332481,,,SCHEDULED
2026-10-07T00:10:04.820303+00:00,1286477,062,5313,32,0,1791332526,,,SCHEDULED
2026-10-07T00:10:04.820303+00:00,1286477,062,2352,33,0,1791332547,,,SCHEDULED
2026-10-07T00:10:04.820303+00:00,1286477,062,2353,34,0,1791332595,,,SCHEDULED
2026-10-07T00:10:04.820303+00:00,1286477,062,2354,35,0,1791332641,,,SCHEDULED
2026-10-07T00:10:04.820303+00:00,1286477,062,2355,36,0,1791332652,,,SCHEDULED
2026-10-07T00:10:04.820303+00:00,1286477,062,2356,37,0,1791332684,,,SCHEDULED
2026-10-07T00:10:04.820303+00:00,1286477,062,465,38,0,1791332719,,,SCHEDULED
2026-10-07T00:10:04.820303+00:00,1286477,062,466,39,0,1791332727,,,SCHEDULED
2026-10-07T00:10:04.820303+00:00,1286477,062,467,40,0,1791332764,,,SCHEDULED
2026-10-07T00:10:04.820303+00:00,1286477,062,468,41,0,1791332782,,,SCHEDULED
2026-10-07T00:10:04.820303+00:00,1286477,062,469,42,0,1791332799,,,SCHEDULED
2026-10-07T00:10:04.820303+00:00,1286477,062,470,43,0,1791332839,,,SCHEDULED
2026-10-07T00:10:04.820303+00:00,1286477,062,471,44,0,1791332869,,,SCHEDULED
2026-10-07T00:10:04.820303+00:00,1286477,062,472,45,0,1791332979,,,SCHEDULED
2026-10-07T00:10:04.820303+00:00,1286477,062,473,46,0,1791333032,,,SCHEDULED
2026-10-07T00:10:04.820303+00:00,1286477,062,474,47,0,1791333055,,,SCHEDULED
2026-10-07T00:10:04.820303+00:00,1286477,062,475,48,0,1791333079,,,SCHEDULED
2026-10-07T00:10:04.820303+00:00,1286477,062,476,49,0,1791333136,,,SCHEDULED
2026-10-07T00:10:04.820303+00:00,1286477,062,477,50,0,1791333186,,,SCHEDULED
2026-10-07T00:10:04.820303+00:00,1286477,062,4134,51,0,1791333279,,,SCHEDULED
2026-10-07T00:10:04.820303+00:00,1286477,062,4136,52,0,1791333336,,,SCHEDULED
2026-10-07T00:10:04.820303+00:00,1286477,062,4137,53,0,1791333386,,,SCHEDULED
2026-10-07T00:10:04.820303+00:00,1287203,081,2368,18,0,1791331991,,,SCHEDULED
2026-10-07T00:10:04.820303+00:00,1287203,081,2370,19,0,1791332152,,,SCHEDULED
2026-10-07T00:10:04.820303+00:00,1287203,081,2371,20,0,1791332231,,,SCHEDULED
2026-10-07T00:10:04.820303+00:00,1287203,081,2372,21,0,1791332332,,,SCHEDULED
2026-10-07T00:10:04.820303+00:00,1287203,081,2373,22,0,1791332397,,,SCHEDULED
2026-10-07T00:10:04.820303+00:00,1287203,081,2374,23,0,1791332536,,,SCHEDULED
2026-10-07T00:10:04.820303+00:00,1287203,081,3130,24,0,1791332563,,,SCHEDULED
2026-10-07T00:10:04.820303+00:00,1287203,081,3131,25,0,1791332576,,,SCHEDULED
2026-10-07T00:10:04.820303+00:00,1287203,081,3132,26,0,1791333022,,,SCHEDULED
2026-10-07T00:10:04.820303+00:00,1287203,081,3134,27,0,1791333164,,,SCHEDULED
2026-10-07T00:10:04.820303+00:00,1287203,081,3135,28,0,1791333236,,,SCHEDULED
2026-10-07T00:10:04.820303+00:00,1287203,081,3136,29,0,1791333289,,,SCHEDULED
2026-10-07T00:10:04.820303+00:00,1287203,081,3137,30,0,1791333373,,,SCHEDULED
2026-10-07T00:10:04.820303+00:00,1287203,081,3138,31,0,1791333390,,,SCHEDULED
2026-10-07T00:10:04.820303+00:00,1287203,081,3139,32,0,1791333429,,,SCHEDULED
2026-10-07T00:10:04.820303+00:00,1287203,081,3140,33,0,1791333477,,,SCHEDULED
2026-10-07T00:10:04.820303+00:00,1287203,081,3141,34,0,1791333503,,,SCHEDULED
2026-10-07T00:10:04.820303+00:00,1287203,081,3142,35,0,1791333517,,,SCHEDULED
2026-10-07T00:10:04.820303+00:00,1287203,081,3143,36,0,1791333519,,,SCHEDULED
2026-10-07T00:10:04.820303+00:00,1287203,081,3144,37,0,1791333572,,,SCHEDULED
2026-10-07T00:10:04.820303+00:00,1286598,067,2570,20,0,1791331826,,,SCHEDULED
2026-10-07T00:10:04.820303+00:00,1286598,067,2571,21,0,1791331862,,,SCHEDULED
2026-10-07T00:10:04.820303+00:00,1286598,067,2572,22,0,1791331946,,,SCHEDULED
2026-10-07T00:10:04.820303+00:00,1286598,067,2573,23,0,1791331986,,,SCHEDULED
2026-10-07T00:10:04.820303+00:00,1286598,067,2574,24,0,1791332022,,,SCHEDULED
2026-10-07T00:10:04.820303+00:00,1286598,067,2575,25,0,1791332053,,,SCHEDULED
2026-10-07T00:10:04.820303+00:00,1286598,067,2576,26,0,1791332080,,,SCHEDULED
2026-10-07T00:10:04.820303+00:00,1286598,067,2577,27,0,1791332106,,,SCHEDULED
2026-10-07T00:10:04.820303+00:00,1286598,067,2578,28,0,1791332160,,,SCHEDULED
2026-10-07T00:10:04.820303+00:00,1286598,067,2580,29,0,1791332349,,,SCHEDULED
2026-10-07T00:10:04.820303+00:00,1286598,067,2581,30,0,1791332404,,,SCHEDULED
2026-10-07T00:10:04.820303+00:00,1286598,067,2582,31,0,1791332456,,,SCHEDULED
2026-10-07T00:10:04.820303+00:00,1286598,067,2583,32,0,1791332495,,,SCHEDULED
2026-10-07T00:10:04.820303+00:00,1286598,067,2584,33,0,1791332538,,,SCHEDULED
2026-10-07T00:10:04.820303+00:00,1286598,067,2585,34,0,1791332613,,,SCHEDULED
2026-10-07T00:10:04.820303+00:00,1286598,067,2586,35,0,1791332669,,,SCHEDULED
2026-10-07T00:10:04.820303+00:00,1286598,067,2587,36,0,1791332760,,,SCHEDULED
2026-10-07T00:10:04.820303+00:00,1286598,067,2588,37,0,1791332799,,,SCHEDULED
2026-10-07T00:10:04.820303+00:00,1286598,067,2589,38,0,1791332906,,,SCHEDULED
2026-10-07T00:10:04.820303+00:00,1286598,067,2590,39,0,1791332946,,,SCHEDULED
2026-10-07T00:10:04.820303+00:00,1286598,067,2591,40,0,1791332994,,,SCHEDULED
2026-10-07T00:10:04.820303+00:00,1286598,067,2592,41,0,1791333044,,,SCHEDULED
2026-10-07T00:10:04.820303+00:00,1286598,067,2593,42,0,1791333104,,,SCHEDULED
2026-10-07T00:10:04.820303+00:00,1286598,067,2594,43,0,1791333157,,,SCHEDULED
2026-10-07T00:10:04.820303+00:00,1286598,067,2595,44,0,1791333197,,,SCHEDULED
2026-10-07T00:10:04.820303+00:00,1286598,067,2596,45,0,1791333225,,,SCHEDULED
2026-10-07T00:10:04.820303+00:00,1286598,067,2031,46,0,1791333281,,,SCHEDULED
2026-10-07T00:10:04.820303+00:00,1286598,067,2032,47,0,1791333324,,,SCHEDULED
2026-10-07T00:10:04.820303+00:00,1286598,067,2173,48,0,1791333383,,,SCHEDULED
2026-10-07T00:10:04.820303+00:00,1286598,067,494,49,0,1791333504,,,SCHEDULED
2026-10-07T00:10:04.820303+00:00,1285547,030,522,23,0,1791331851,,,SCHEDULED
2026-10-07T00:10:04.820303+00:00,1285547,030,525,24,0,1791332010,,,SCHEDULED
2026-10-07T00:10:04.820303+00:00,1285547,030,526,25,0,1791332082,,,SCHEDULED
2026-10-07T00:10:04.820303+00:00,1285547,030,527,26,0,1791332119,,,SCHEDULED
2026-10-07T00:10:04.820303+00:00,1285547,030,528,27,0,1791332177,,,SCHEDULED
2026-10-07T00:10:04.820303+00:00,1285547,030,5252,28,0,1791332270,,,SCHEDULED
2026-10-07T00:10:04.820303+00:00,1285547,030,281,29,0,1791332349,,,SCHEDULED
2026-10-07T00:10:04.820303+00:00,1285706,033,536,1,,,0,1791332040,SCHEDULED
2026-10-07T00:10:04.820303+00:00,1285706,033,537,2,0,1791332197,,,SCHEDULED
2026-10-07T00:10:04.820303+00:00,1286471,062,413,1,,,,,NO_DATA
2026-10-07T00:10:04.820303+00:00,1286471,062,414,2,,,,,NO_DATA
2026-10-07T00:10:04.820303+00:00,1286471,062,415,3,,,,,NO_DATA
2026-10-07T00:10:04.820303+00:00,1286471,062,416,4,,,,,NO_DATA
2026-10-07T00:10:04.820303+00:00,1286471,062,418,5,,,,,NO_DATA
2026-10-07T00:10:04.820303+00:00,1286471,062,4763,6,,,,,NO_DATA
2026-10-07T00:10:04.820303+00:00,1286471,062,1716,7,,,,,NO_DATA
2026-10-07T00:10:04.820303+00:00,1286471,062,2256,8,,,,,NO_DATA
2026-10-07T00:10:04.820303+00:00,1286471,062,2257,9,,,,,NO_DATA
2026-10-07T00:10:04.820303+00:00,1286471,062,2258,10,,,,,NO_DATA
2026-10-07T00:10:04.820303+00:00,1286471,062,2260,11,,,,,NO_DATA
2026-10-07T00:10:04.820303+00:00,1286471,062,2261,12,,,,,NO_DATA
2026-10-07T00:10:04.820303+00:00,1286471,062,2262,13,,,,,NO_DATA
2026-10-07T00:10:04.820303+00:00,1286471,062,2264,14,,,,,NO_DATA
2026-10-07T00:10:04.820303+00:00,1286471,062,380,15,,,,,NO_DATA
2026-10-07T00:10:04.820303+00:00,1286471,062,411,16,,,,,NO_DATA
2026-10-07T00:10:04.820303+00:00,1286471,062,2271,17,,,,,NO_DATA
2026-10-07T00:10:04.820303+00:00,1286471,062,2272,18,,,,,NO_DATA
2026-10-07T00:10:04.820303+00:00,1286471,062,2273,19,,,,,NO_DATA
2026-10-07T00:10:04.820303+00:00,1286471,062,2275,20,,,,,NO_DATA
2026-10-07T00:10:04.820303+00:00,1286471,062,2276,21,,,,,NO_DATA
2026-10-07T00:10:04.820303+00:00,1286471,062,2277,22,,,,,NO_DATA
2026-10-07T00:10:04.820303+00:00,1286471,062,2278,23,,,,,NO_DATA
2026-10-07T00:10:04.820303+00:00,1284292,010,11082,3,0,1791331813,,,SCHEDULED
2026-10-07T00:10:04.820303+00:00,1284292,010,11083,4,0,1791331850,,,SCHEDULED
2026-10-07T00:10:04.820303+00:00,1284292,010,11084,5,0,1791331906,,,SCHEDULED
2026-10-07T00:10:04.820303+00:00,1284292,010,11085,6,0,1791331950,,,SCHEDULED
2026-10-07T00:10:04.820303+00:00,1284292,010,11086,7,0,1791331995,,,SCHEDULED
2026-10-07T00:10:04.820303+00:00,1284292,010,11087,8,0,1791332066,,,SCHEDULED
2026-10-07T00:10:04.820303+00:00,1284292,010,11088,9,0,1791332132,,,SCHEDULED
2026-10-07T00:10:04.820303+00:00,1284292,010,11114,10,0,1791332384,,,SCHEDULED
2026-10-07T00:10:04.820303+00:00,1284292,010,11221,11,0,1791332442,,,SCHEDULED
2026-10-07T00:10:04.820303+00:00,1284292,010,11116,12,0,1791332493,,,SCHEDULED
2026-10-07T00:10:04.820303+00:00,1284292,010,11117,13,0,1791332556,,,SCHEDULED
2026-10-07T00:10:04.820303+00:00,1284292,010,11122,14,0,1791332617,,,SCHEDULED
2026-10-07T00:10:04.820303+00:00,1284292,010,11123,15,0,1791332648,,,SCHEDULED
2026-10-07T00:10:04.820303+00:00,1284292,010,11199,16,0,1791332735,,,SCHEDULED
2026-10-07T00:10:04.820303+00:00,1284292,010,11091,17,0,1791332815,,,SCHEDULED
2026-10-07T00:10:04.820303+00:00,1284292,010,11125,18,0,1791332955,,,SCHEDULED
2026-10-07T00:10:04.820303+00:00,1284292,010,11157,19,0,1791333005,,,SCHEDULED
2026-10-07T00:10:04.820303+00:00,1284292,010,11033,20,0,1791333067,,,SCHEDULED
2026-10-07T00:10:04.820303+00:00,1284292,010,11133,21,0,1791333357,,,SCHEDULED
2026-10-07T00:10:04.820303+00:00,1284292,010,11134,22,0,1791333398,,,SCHEDULED
2026-10-07T00:10:04.820303+00:00,1284292,010,11136,23,0,1791333486,,,SCHEDULED
2026-10-07T00:10:04.820303+00:00,1284292,010,11137,24,0,1791333534,,,SCHEDULED
2026-10-07T00:10:04.820303+00:00,1284292,010,11138,25,0,1791333561,,,SCHEDULED
2026-10-07T00:10:04.820303+00:00,1284292,010,11139,26,0,1791333591,,,SCHEDULED
2026-10-07T00:10:04.820303+00:00,1287178,081,2362,11,0,1791331815,,,SCHEDULED
2026-10-07T00:10:04.820303+00:00,1287178,081,2363,12,0,1791331889,,,SCHEDULED
2026-10-07T00:10:04.820303+00:00,1287178,081,2364,13,0,1791331938,,,SCHEDULED
2026-10-07T00:10:04.820303+00:00,1287178,081,2365,14,0,1791332017,,,SCHEDULED
2026-10-07T00:10:04.820303+00:00,1287178,081,2366,15,0,1791332059,,,SCHEDULED
2026-10-07T00:10:04.820303+00:00,1287178,081,2367,16,0,1791332073,,,SCHEDULED
2026-10-07T00:10:04.820303+00:00,1287178,081,5203,17,0,1791332214,,,SCHEDULED
2026-10-07T00:10:04.820303+00:00,1287178,081,2368,18,0,1791332376,,,SCHEDULED
2026-10-07T00:10:04.820303+00:00,1287178,081,2370,19,0,1791332459,,,SCHEDULED
2026-10-07T00:10:04.820303+00:00,1287178,081,2371,20,0,1791332515,,,SCHEDULED
2026-10-07T00:10:04.820303+00:00,1287178,081,2372,21,0,1791332601,,,SCHEDULED
2026-10-07T00:10:04.820303+00:00,1287178,081,2373,22,0,1791332651,,,SCHEDULED
2026-10-07T00:10:04.820303+00:00,1287178,081,2374,23,0,1791332768,,,SCHEDULED
2026-10-07T00:10:04.820303+00:00,1287178,081,5223,24,0,1791332856,,,SCHEDULED
2026-10-07T00:10:04.820303+00:00,1287178,081,2165,25,0,1791332959,,,SCHEDULED
2026-10-07T00:10:04.820303+00:00,1287178,081,2166,26,0,1791333107,,,SCHEDULED
2026-10-07T00:10:04.820303+00:00,1288387,175,950,2,0,1791332009,,,SCHEDULED
2026-10-07T00:10:04.820303+00:00,1288387,175,952,3,0,1791332143,,,SCHEDULED
2026-10-07T00:10:04.820303+00:00,1288387,175,954,4,0,1791332215,,,SCHEDULED
2026-10-07T00:10:04.820303+00:00,1288387,175,956,5,0,1791332266,,,SCHEDULED
2026-10-07T00:10:04.820303+00:00,1288387,175,1760,6,0,1791332636,,,SCHEDULED
2026-10-07T00:10:04.820303+00:00,1288387,175,1015,7,0,1791332700,,,SCHEDULED
2026-10-07T00:10:04.820303+00:00,1288387,175,659,8,0,1791332820,,,SCHEDULED
2026-10-07T00:10:04.820303+00:00,1288387,175,1781,9,0,1791332878,,,SCHEDULED
2026-10-07T00:10:04.820303+00:00,1288387,175,1794,10,0,1791332935,,,SCHEDULED
2026-10-07T00:10:04.820303+00:00,1288387,175,1800,11,0,1791333043,,,SCHEDULED
2026-10-07T00:10:04.820303+00:00,1288387,175,1645,12,0,1791333060,,,SCHEDULED
2026-10-07T00:10:04.820303+00:00,1288387,175,948,13,0,1791333120,,,SCHEDULED
2026-10-07T00:10:04.820303+00:00,1286000,051,3130,54,0,1791331742,,,SCHEDULED
2026-10-07T00:10:04.820303+00:00,1287177,081,2180,1,,,0,1791332286,SCHEDULED
2026-10-07T00:10:04.820303+00:00,1287177,081,2181,2,0,1791332303,,,SCHEDULED
2026-10-07T00:10:04.820303+00:00,1287177,081,2183,3,0,1791332354,,,SCHEDULED
2026-10-07T00:10:04.820303+00:00,1287177,081,2184,4,0,1791332392,,,SCHEDULED
2026-10-07T00:10:04.820303+00:00,1287177,081,2185,5,0,1791332468,,,SCHEDULED
2026-10-07T00:10:04.820303+00:00,1287177,081,2186,6,0,1791332613,,,SCHEDULED
2026-10-07T00:10:04.820303+00:00,1287177,081,2358,7,0,1791332823,,,SCHEDULED
2026-10-07T00:10:04.820303+00:00,1287177,081,2359,8,0,1791332895,,,SCHEDULED
2026-10-07T00:10:04.820303+00:00,1287177,081,2360,9,0,1791332974,,,SCHEDULED
2026-10-07T00:10:04.820303+00:00,1287177,081,2361,10,0,1791333030,,,SCHEDULED
2026-10-07T00:10:04.820303+00:00,1287177,081,2362,11,0,1791333059,,,SCHEDULED
2026-10-07T00:10:04.820303+00:00,1287177,081,2363,12,0,1791333147,,,SCHEDULED
2026-10-07T00:10:04.820303+00:00,1287177,081,2364,13,0,1791333213,,,SCHEDULED
2026-10-07T00:10:04.820303+00:00,1287177,081,2365,14,0,1791333299,,,SCHEDULED
2026-10-07T00:10:04.820303+00:00,1287177,081,2366,15,0,1791333348,,,SCHEDULED
2026-10-07T00:10:04.820303+00:00,1287177,081,2367,16,0,1791333373,,,SCHEDULED
2026-10-07T00:10:04.820303+00:00,1287177,081,5203,17,0,1791333533,,,SCHEDULED
2026-10-07T00:10:04.820303+00:00,1287699,086,700,29,0,1791331800,,,SCHEDULED
2026-10-07T00:10:04.820303+00:00,1287699,086,706,30,0,1791331868,,,SCHEDULED
2026-10-07T00:10:04.820303+00:00,1287699,086,707,31,0,1791331887,,,SCHEDULED
2026-10-07T00:10:04.820303+00:00,1287699,086,708,32,0,1791331901,,,SCHEDULED
2026-10-07T00:10:04.820303+00:00,1287699,086,834,33,0,1791331989,,,SCHEDULED
2026-10-07T00:10:04.820303+00:00,1287699,086,835,34,0,1791332045,,,SCHEDULED
2026-10-07T00:10:04.820303+00:00,1287699,086,836,35,0,1791332091,,,SCHEDULED
2026-10-07T00:10:04.820303+00:00,1287699,086,838,36,0,1791332137,,,SCHEDULED
2026-10-07T00:10:04.820303+00:00,1287699,086,839,37,0,1791332176,,,SCHEDULED
2026-10-07T00:10:04.820303+00:00,1287699,086,840,38,0,1791332223,,,SCHEDULED
2026-10-07T00:10:04.820303+00:00,1287699,086,581,39,0,1791332260,,,SCHEDULED
2026-10-07T00:10:04.820303+00:00,1287699,086,582,40,0,1791332313,,,SCHEDULED
2026-10-07T00:10:04.820303+00:00,1287699,086,583,41,0,1791332341,,,SCHEDULED
2026-10-07T00:10:04.820303+00:00,1287699,086,584,42,0,1791332384,,,SCHEDULED
2026-10-07T00:10:04.820303+00:00,1287699,086,585,43,0,1791332484,,,SCHEDULED
2026-10-07T00:10:04.820303+00:00,1287699,086,586,44,0,1791332530,,,SCHEDULED
2026-10-07T00:10:04.820303+00:00,1288269,142,525,1,,,0,1791333404,SCHEDULED
2026-10-07T00:10:04.820303+00:00,1288269,142,526,2,0,1791333456,,,SCHEDULED
2026-10-07T00:10:04.820303+00:00,1288269,142,527,3,0,1791333476,,,SCHEDULED
2026-10-07T00:10:04.820303+00:00,1288269,142,528,4,0,1791333509,,,SCHEDULED
2026-10-07T00:10:04.820303+00:00,1288269,142,5252,5,0,1791333596,,,SCHEDULED
2026-10-07T00:10:04.820303+00:00,1285557,030,275,1,,,0,1791332788,SCHEDULED
2026-10-07T00:10:04.820303+00:00,1285557,030,1689,2,0,1791332928,,,SCHEDULED
2026-10-07T00:10:04.820303+00:00,1285557,030,1691,3,0,1791332974,,,SCHEDULED
2026-10-07T00:10:04.820303+00:00,1285557,030,1692,4,0,1791333004,,,SCHEDULED
2026-10-07T00:10:04.820303+00:00,1285557,030,1693,5,0,1791333024,,,SCHEDULED
2026-10-07T00:10:04.820303+00:00,1285557,030,1694,6,0,1791333045,,,SCHEDULED
2026-10-07T00:10:04.820303+00:00,1285557,030,1695,7,0,1791333056,,,SCHEDULED
2026-10-07T00:10:04.820303+00:00,1285557,030,1697,8,0,1791333094,,,SCHEDULED
2026-10-07T00:10:04.820303+00:00,1285557,030,1699,9,0,1791333137,,,SCHEDULED
2026-10-07T00:10:04.820303+00:00,1285557,030,1700,10,0,1791333192,,,SCHEDULED
2026-10-07T00:10:04.820303+00:00,1285557,030,1701,11,0,1791333220,,,SCHEDULED
2026-10-07T00:10:04.820303+00:00,1285557,030,1702,12,0,1791333255,,,SCHEDULED
2026-10-07T00:10:04.820303+00:00,1285557,030,1703,13,0,1791333288,,,SCHEDULED
2026-10-07T00:10:04.820303+00:00,1285557,030,1704,14,0,1791333324,,,SCHEDULED
2026-10-07T00:10:04.820303+00:00,1285557,030,1705,15,0,1791333421,,,SCHEDULED
2026-10-07T00:10:04.820303+00:00,1285557,030,1707,16,0,1791333519,,,SCHEDULED
2026-10-07T00:10:04.820303+00:00,1285557,030,1708,17,0,1791333562,,,SCHEDULED
2026-10-07T00:10:04.820303+00:00,1287219,081,1612,1,,,0,1791332431,SCHEDULED
2026-10-07T00:10:04.820303+00:00,1287219,081,1613,2,0,1791332578,,,SCHEDULED
2026-10-07T00:10:04.820303+00:00,1287219,081,2311,3,0,1791332638,,,SCHEDULED
2026-10-07T00:10:04.820303+00:00,1287219,081,2312,4,0,1791332818,,,SCHEDULED
2026-10-07T00:10:04.820303+00:00,1287219,081,2313,5,0,1791332895,,,SCHEDULED
2026-10-07T00:10:04.820303+00:00,1287219,081,2314,6,0,1791332977,,,SCHEDULED
2026-10-07T00:10:04.820303+00:00,1287219,081,2315,7,0,1791333054,,,SCHEDULED
2026-10-07T00:10:04.820303+00:00,1287219,081,5203,8,0,1791333177,,,SCHEDULED
2026-10-07T00:10:04.820303+00:00,1287219,081,2317,9,0,1791333359,,,SCHEDULED
2026-10-07T00:10:04.820303+00:00,1287219,081,2318,10,0,1791333451,,,SCHEDULED
2026-10-07T00:10:04.820303+00:00,1287219,081,2319,11,0,1791333522,,,SCHEDULED
2026-10-07T00:10:04.820303+00:00,1287219,081,2320,12,0,1791333577,,,SCHEDULED
2026-10-07T00:10:04.820303+00:00,1284105,001,1801,1,,,0,1791333240,SCHEDULED
2026-10-07T00:10:04.820303+00:00,1284105,001,3073,2,0,1791333289,,,SCHEDULED
2026-10-07T00:10:04.820303+00:00,1284105,001,630,3,0,1791333522,,,SCHEDULED
2026-10-07T00:10:04.820303+00:00,1284105,001,631,4,0,1791333574,,,SCHEDULED
2026-10-07T00:10:04.820303+00:00,1284107,001,630,3,0,1791331894,,,SCHEDULED
2026-10-07T00:10:04.820303+00:00,1284107,001,631,4,0,1791331950,,,SCHEDULED
2026-10-07T00:10:04.820303+00:00,1284107,001,632,5,0,1791331983,,,SCHEDULED
2026-10-07T00:10:04.820303+00:00,1284107,001,634,6,0,1791332059,,,SCHEDULED
2026-10-07T00:10:04.820303+00:00,1284107,001,635,7,0,1791332138,,,SCHEDULED
2026-10-07T00:10:04.820303+00:00,1284107,001,636,8,0,1791332249,,,SCHEDULED
2026-10-07T00:10:04.820303+00:00,1284107,001,637,9,0,1791332287,,,SCHEDULED
2026-10-07T00:10:04.820303+00:00,1284107,001,638,10,0,1791332333,,,SCHEDULED
2026-10-07T00:10:04.820303+00:00,1284107,001,639,11,0,1791332375,,,SCHEDULED
2026-10-07T00:10:04.820303+00:00,1284107,001,640,12,0,1791332454,,,SCHEDULED
2026-10-07T00:10:04.820303+00:00,1284107,001,641,13,0,1791332524,,,SCHEDULED
2026-10-07T00:10:04.820303+00:00,1284107,001,642,14,0,1791332680,,,SCHEDULED
2026-10-07T00:10:04.820303+00:00,1284107,001,643,15,0,1791332716,,,SCHEDULED
2026-10-07T00:10:04.820303+00:00,1284107,001,644,16,0,1791332759,,,SCHEDULED
2026-10-07T00:10:04.820303+00:00,1284107,001,645,17,0,1791332794,,,SCHEDULED
2026-10-07T00:10:04.820303+00:00,1284107,001,646,18,0,1791332864,,,SCHEDULED
2026-10-07T00:10:04.820303+00:00,1284107,001,647,19,0,1791332908,,,SCHEDULED
2026-10-07T00:10:04.820303+00:00,1284107,001,648,20,0,1791332971,,,SCHEDULED
2026-10-07T00:10:04.820303+00:00,1284107,001,649,21,0,1791333019,,,SCHEDULED
2026-10-07T00:10:04.820303+00:00,1284107,001,5351,22,0,1791333024,,,SCHEDULED
2026-10-07T00:10:04.820303+00:00,1284107,001,1308,23,0,1791333108,,,SCHEDULED
2026-10-07T00:10:04.820303+00:00,1284107,001,1309,24,0,1791333175,,,SCHEDULED
2026-10-07T00:10:04.820303+00:00,1284107,001,1310,25,0,1791333250,,,SCHEDULED
2026-10-07T00:10:04.820303+00:00,1284107,001,1311,26,0,1791333289,,,SCHEDULED
2026-10-07T00:10:04.820303+00:00,1284107,001,5363,27,0,1791333352,,,SCHEDULED
2026-10-07T00:10:04.820303+00:00,1284107,001,1313,28,0,1791333380,,,SCHEDULED
2026-10-07T00:10:04.820303+00:00,1284107,001,1314,29,0,1791333457,,,SCHEDULED
2026-10-07T00:10:04.820303+00:00,1284107,001,1315,30,0,1791333554,,,SCHEDULED
2026-10-07T00:10:04.820303+00:00,1284107,001,1316,31,0,1791333584,,,SCHEDULED
2026-10-07T00:10:04.820303+00:00,1284106,001,1801,1,,,0,1791332340,SCHEDULED
2026-10-07T00:10:04.820303+00:00,1284106,001,3073,2,0,1791332389,,,SCHEDULED
2026-10-07T00:10:04.820303+00:00,1284106,001,630,3,0,1791332622,,,SCHEDULED
2026-10-07T00:10:04.820303+00:00,1284106,001,631,4,0,1791332674,,,SCHEDULED
2026-10-07T00:10:04.820303+00:00,1284106,001,632,5,0,1791332704,,,SCHEDULED
2026-10-07T00:10:04.820303+00:00,1284106,001,634,6,0,1791332773,,,SCHEDULED
2026-10-07T00:10:04.820303+00:00,1284106,001,635,7,0,1791332844,,,SCHEDULED
2026-10-07T00:10:04.820303+00:00,1284106,001,636,8,0,1791332947,,,SCHEDULED
2026-10-07T00:10:04.820303+00:00,1284106,001,637,9,0,1791332982,,,SCHEDULED
2026-10-07T00:10:04.820303+00:00,1284106,001,638,10,0,1791333023,,,SCHEDULED
2026-10-07T00:10:04.820303+00:00,1284106,001,639,11,0,1791333061,,,SCHEDULED
2026-10-07T00:10:04.820303+00:00,1284106,001,640,12,0,1791333135,,,SCHEDULED
2026-10-07T00:10:04.820303+00:00,1284106,001,641,13,0,1791333200,,,SCHEDULED
2026-10-07T00:10:04.820303+00:00,1284106,001,642,14,0,1791333348,,,SCHEDULED
2026-10-07T00:10:04.820303+00:00,1284106,001,643,15,0,1791333380,,,SCHEDULED
2026-10-07T00:10:04.820303+00:00,1284106,001,644,16,0,1791333418,,,SCHEDULED
2026-10-07T00:10:04.820303+00:00,1284106,001,645,17,0,1791333448,,,SCHEDULED
2026-10-07T00:10:04.820303+00:00,1284106,001,646,18,0,1791333515,,,SCHEDULED
2026-10-07T00:10:04.820303+00:00,1284106,001,647,19,0,1791333553,,,SCHEDULED
2026-10-07T00:10:04.820303+00:00,1285558,030,1708,17,0,1791331836,,,SCHEDULED
2026-10-07T00:10:04.820303+00:00,1285558,030,1709,18,0,1791331873,,,SCHEDULED
2026-10-07T00:10:04.820303+00:00,1285558,030,1710,19,0,1791331925,,,SCHEDULED
2026-10-07T00:10:04.820303+00:00,1285558,030,1711,20,0,1791331975,,,SCHEDULED
2026-10-07T00:10:04.820303+00:00,1285558,030,519,21,0,1791332006,,,SCHEDULED
2026-10-07T00:10:04.820303+00:00,1285558,030,521,22,0,1791332065,,,SCHEDULED
2026-10-07T00:10:04.820303+00:00,1285558,030,522,23,0,1791332157,,,SCHEDULED
2026-10-07T00:10:04.820303+00:00,1285558,030,525,24,0,1791332266,,,SCHEDULED
2026-10-07T00:10:04.820303+00:00,1285558,030,526,25,0,1791332326,,,SCHEDULED
2026-10-07T00:10:04.820303+00:00,1285558,030,527,26,0,1791332360,,,SCHEDULED
2026-10-07T00:10:04.820303+00:00,1285558,030,528,27,0,1791332415,,,SCHEDULED
2026-10-07T00:10:04.820303+00:00,1285558,030,5252,28,0,1791332508,,,SCHEDULED
2026-10-07T00:10:04.820303+00:00,1285558,030,281,29,0,1791332587,,,SCHEDULED
2026-10-07T00:10:04.820303+00:00,1284109,001,1314,29,0,1791331834,,,SCHEDULED
2026-10-07T00:10:04.820303+00:00,1284109,001,1315,30,0,1791331931,,,SCHEDULED
2026-10-07T00:10:04.820303+00:00,1284109,001,1316,31,0,1791331961,,,SCHEDULED
2026-10-07T00:10:04.820303+00:00,1284109,001,1317,32,0,1791332003,,,SCHEDULED
2026-10-07T00:10:04.820303+00:00,1284109,001,1318,33,0,1791332054,,,SCHEDULED
2026-10-07T00:10:04.820303+00:00,1284109,001,2807,34,0,1791332222,,,SCHEDULED
2026-10-07T00:10:04.820303+00:00,1284108,001,5351,22,0,1791331799,,,SCHEDULED
2026-10-07T00:10:04.820303+00:00,1284108,001,1308,23,0,1791331860,,,SCHEDULED
2026-10-07T00:10:04.820303+00:00,1284108,001,1309,24,0,1791331931,,,SCHEDULED
2026-10-07T00:10:04.820303+00:00,1284108,001,1310,25,0,1791332028,,,SCHEDULED
2026-10-07T00:10:04.820303+00:00,1284108,001,1311,26,0,1791332103,,,SCHEDULED
2026-10-07T00:10:04.820303+00:00,1284108,001,5363,27,0,1791332212,,,SCHEDULED
2026-10-07T00:10:04.820303+00:00,1284108,001,1313,28,0,1791332257,,,SCHEDULED
2026-10-07T00:10:04.820303+00:00,1284108,001,1314,29,0,1791332310,,,SCHEDULED
2026-10-07T00:10:04.820303+00:00,1284108,001,1315,30,0,1791332437,,,SCHEDULED
2026-10-07T00:10:04.820303+00:00,1284108,001,1316,31,0,1791332478,,,SCHEDULED
2026-10-07T00:10:04.820303+00:00,1284108,001,1317,32,0,1791332523,,,SCHEDULED
2026-10-07T00:10:04.820303+00:00,1284108,001,1318,33,0,1791332568,,,SCHEDULED
2026-10-07T00:10:04.820303+00:00,1284108,001,2807,34,0,1791332658,,,SCHEDULED
2026-10-07T00:10:04.820303+00:00,1287220,081,2325,17,0,1791331766,,,SCHEDULED
2026-10-07T00:10:04.820303+00:00,1287220,081,2326,18,0,1791331808,,,SCHEDULED
2026-10-07T00:10:04.820303+00:00,1287220,081,2328,19,0,1791331936,,,SCHEDULED
2026-10-07T00:10:04.820303+00:00,1287220,081,2329,20,0,1791332052,,,SCHEDULED
2026-10-07T00:10:04.820303+00:00,1287220,081,2330,21,0,1791332068,,,SCHEDULED
2026-10-07T00:10:04.820303+00:00,1287220,081,4811,22,0,1791332104,,,SCHEDULED
2026-10-07T00:10:04.820303+00:00,1287220,081,4810,23,0,1791332132,,,SCHEDULED
2026-10-07T00:10:04.820303+00:00,1286896,072,377,1,,,0,1791332008,SCHEDULED
2026-10-07T00:10:04.820303+00:00,1286896,072,2873,2,0,1791332180,,,SCHEDULED
2026-10-07T00:10:04.820303+00:00,1286896,072,2874,3,0,1791332232,,,SCHEDULED
2026-10-07T00:10:04.820303+00:00,1286896,072,2884,4,0,1791332298,,,SCHEDULED
2026-10-07T00:10:04.820303+00:00,1286896,072,2885,5,0,1791332409,,,SCHEDULED
2026-10-07T00:10:04.820303+00:00,1286896,072,2886,6,0,1791332441,,,SCHEDULED
2026-10-07T00:10:04.820303+00:00,1286896,072,2887,7,0,1791332489,,,SCHEDULED
2026-10-07T00:10:04.820303+00:00,1286896,072,2888,8,0,1791332552,,,SCHEDULED
2026-10-07T00:10:04.820303+00:00,1286896,072,2889,9,0,1791332629,,,SCHEDULED
2026-10-07T00:10:04.820303+00:00,1286896,072,2891,10,0,1791332685,,,SCHEDULED
2026-10-07T00:10:04.820303+00:00,1286896,072,2892,11,0,1791332705,,,SCHEDULED
2026-10-07T00:10:04.820303+00:00,1286896,072,3860,12,0,1791332719,,,SCHEDULED
2026-10-07T00:10:04.820303+00:00,1286896,072,3787,13,0,1791332917,,,SCHEDULED
2026-10-07T00:10:04.820303+00:00,1286896,072,3788,14,0,1791332970,,,SCHEDULED
2026-10-07T00:10:04.820303+00:00,1286896,072,3789,15,0,1791333060,,,SCHEDULED
2026-10-07T00:10:04.820303+00:00,1286896,072,3790,16,0,1791333111,,,SCHEDULED
2026-10-07T00:10:04.820303+00:00,1286896,072,3791,17,0,1791333158,,,SCHEDULED
2026-10-07T00:10:04.820303+00:00,1286896,072,3785,18,0,1791333182,,,SCHEDULED
2026-10-07T00:10:04.820303+00:00,1286896,072,3792,19,0,1791333184,,,SCHEDULED
2026-10-07T00:10:04.820303+00:00,1286896,072,3793,20,0,1791333187,,,SCHEDULED
2026-10-07T00:10:04.820303+00:00,1286896,072,3794,21,0,1791333189,,,SCHEDULED
2026-10-07T00:10:04.820303+00:00,1286896,072,3795,22,0,1791333190,,,SCHEDULED
2026-10-07T00:10:04.820303+00:00,1286896,072,3796,23,0,1791333250,,,SCHEDULED
2026-10-07T00:10:04.820303+00:00,1286896,072,5250,24,0,1791333307,,,SCHEDULED
2026-10-07T00:10:04.820303+00:00,1286896,072,3798,25,0,1791333350,,,SCHEDULED
2026-10-07T00:10:04.820303+00:00,1286896,072,3799,26,0,1791333378,,,SCHEDULED
2026-10-07T00:10:04.820303+00:00,1286896,072,3800,27,0,1791333431,,,SCHEDULED
2026-10-07T00:10:04.820303+00:00,1286896,072,3801,28,0,1791333473,,,SCHEDULED
2026-10-07T00:10:04.820303+00:00,1286896,072,3802,29,0,1791333521,,,SCHEDULED
2026-10-07T00:10:04.820303+00:00,1285328,025,1280,20,0,1791331835,,,SCHEDULED
2026-10-07T00:10:04.820303+00:00,1285328,025,1281,21,0,1791331893,,,SCHEDULED
2026-10-07T00:10:04.820303+00:00,1285328,025,1282,22,0,1791331936,,,SCHEDULED
2026-10-07T00:10:04.820303+00:00,1285328,025,1481,23,0,1791332044,,,SCHEDULED
2026-10-07T00:10:04.820303+00:00,1285328,025,1482,24,0,1791332108,,,SCHEDULED
2026-10-07T00:10:04.820303+00:00,1285328,025,1483,25,0,1791332136,,,SCHEDULED
2026-10-07T00:10:04.820303+00:00,1285328,025,1484,26,0,1791332199,,,SCHEDULED
2026-10-07T00:10:04.820303+00:00,1285328,025,1485,27,0,1791332274,,,SCHEDULED
2026-10-07T00:10:04.820303+00:00,1285328,025,1486,28,0,1791332319,,,SCHEDULED
2026-10-07T00:10:04.820303+00:00,1285328,025,3614,29,0,1791332380,,,SCHEDULED
2026-10-07T00:10:04.820303+00:00,1285328,025,3615,30,0,1791332463,,,SCHEDULED
2026-10-07T00:10:04.820303+00:00,1285328,025,3616,31,0,1791332518,,,SCHEDULED
2026-10-07T00:10:04.820303+00:00,1285328,025,3617,32,0,1791332607,,,SCHEDULED
2026-10-07T00:10:04.820303+00:00,1285328,025,3618,33,0,1791332660,,,SCHEDULED
2026-10-07T00:10:04.820303+00:00,1285328,025,3619,34,0,1791332678,,,SCHEDULED
2026-10-07T00:10:04.820303+00:00,1285328,025,3620,35,0,1791332789,,,SCHEDULED
2026-10-07T00:10:04.820303+00:00,1285328,025,3621,36,0,1791332845,,,SCHEDULED
2026-10-07T00:10:04.820303+00:00,1285328,025,3622,37,0,1791332861,,,SCHEDULED
2026-10-07T00:10:04.820303+00:00,1285328,025,3623,38,0,1791332894,,,SCHEDULED
2026-10-07T00:10:04.820303+00:00,1285328,025,3624,39,0,1791332936,,,SCHEDULED
2026-10-07T00:10:04.820303+00:00,1285328,025,3625,40,0,1791332989,,,SCHEDULED
2026-10-07T00:10:04.820303+00:00,1285328,025,3626,41,0,1791333016,,,SCHEDULED
2026-10-07T00:10:04.820303+00:00,1285328,025,3627,42,0,1791333031,,,SCHEDULED
2026-10-07T00:10:04.820303+00:00,1285328,025,3628,43,0,1791333055,,,SCHEDULED
2026-10-07T00:10:04.820303+00:00,1285328,025,4603,44,0,1791333171,,,SCHEDULED
2026-10-07T00:10:04.820303+00:00,1285328,025,4604,45,0,1791333201,,,SCHEDULED
2026-10-07T00:10:04.820303+00:00,1285328,025,3371,46,0,1791333352,,,SCHEDULED
2026-10-07T00:10:04.820303+00:00,1285328,025,3372,47,0,1791333387,,,SCHEDULED
2026-10-07T00:10:04.820303+00:00,1285328,025,3373,48,0,1791333412,,,SCHEDULED
2026-10-07T00:10:04.820303+00:00,1285328,025,3374,49,0,1791333529,,,SCHEDULED
2026-10-07T00:10:04.820303+00:00,1285328,025,3375,50,0,1791333552,,,SCHEDULED
2026-10-07T00:10:04.820303+00:00,1285327,025,241,1,,,0,1791332240,SCHEDULED
2026-10-07T00:10:04.820303+00:00,1285327,025,1255,2,0,1791332434,,,SCHEDULED
2026-10-07T00:10:04.820303+00:00,1285327,025,1263,3,0,1791332584,,,SCHEDULED
2026-10-07T00:10:04.820303+00:00,1285327,025,1264,4,0,1791332643,,,SCHEDULED
2026-10-07T00:10:04.820303+00:00,1285327,025,1265,5,0,1791332696,,,SCHEDULED
2026-10-07T00:10:04.820303+00:00,1285327,025,1266,6,0,1791332744,,,SCHEDULED
2026-10-07T00:10:04.820303+00:00,1285327,025,1267,7,0,1791332870,,,SCHEDULED
2026-10-07T00:10:04.820303+00:00,1285327,025,1268,8,0,1791332954,,,SCHEDULED
2026-10-07T00:10:04.820303+00:00,1285327,025,1269,9,0,1791333006,,,SCHEDULED
2026-10-07T00:10:04.820303+00:00,1285327,025,1270,10,0,1791333049,,,SCHEDULED
2026-10-07T00:10:04.820303+00:00,1285327,025,1271,11,0,1791333089,,,SCHEDULED
2026-10-07T00:10:04.820303+00:00,1285327,025,1272,12,0,1791333162,,,SCHEDULED
2026-10-07T00:10:04.820303+00:00,1285327,025,1273,13,0,1791333202,,,SCHEDULED
2026-10-07T00:10:04.820303+00:00,1285327,025,1274,14,0,1791333260,,,SCHEDULED
2026-10-07T00:10:04.820303+00:00,1285327,025,1275,15,0,1791333325,,,SCHEDULED
2026-10-07T00:10:04.820303+00:00,1285327,025,1276,16,0,1791333369,,,SCHEDULED
2026-10-07T00:10:04.820303+00:00,1285327,025,1277,17,0,1791333408,,,SCHEDULED
2026-10-07T00:10:04.820303+00:00,1285327,025,1278,18,0,1791333454,,,SCHEDULED
2026-10-07T00:10:04.820303+00:00,1285329,025,3374,49,0,1791331881,,,SCHEDULED
2026-10-07T00:10:04.820303+00:00,1285329,025,3375,50,0,1791331904,,,SCHEDULED
2026-10-07T00:10:04.820303+00:00,1285329,025,3376,51,0,1791332008,,,SCHEDULED
2026-10-07T00:10:04.820303+00:00,1285329,025,3377,52,0,1791332042,,,SCHEDULED
2026-10-07T00:10:04.820303+00:00,1285329,025,3378,53,0,1791332054,,,SCHEDULED
2026-10-07T00:10:04.820303+00:00,1285329,025,3379,54,0,1791332116,,,SCHEDULED
2026-10-07T00:10:04.820303+00:00,1285329,025,3380,55,0,1791332166,,,SCHEDULED
2026-10-07T00:10:04.820303+00:00,1285329,025,3381,56,0,1791332205,,,SCHEDULED
2026-10-07T00:10:04.820303+00:00,1285329,025,3382,57,0,1791332222,,,SCHEDULED
2026-10-07T00:10:04.820303+00:00,1285329,025,3383,58,0,1791332279,,,SCHEDULED
2026-10-07T00:10:04.820303+00:00,1285329,025,3389,59,0,1791332306,,,SCHEDULED
2026-10-07T00:10:04.820303+00:00,1288394,175,1661,1,,,0,1791333300,SCHEDULED
2026-10-07T00:10:04.820303+00:00,1288394,175,1667,2,0,1791333480,,,SCHEDULED
2026-10-07T00:10:04.820303+00:00,1287184,081,2180,1,,,0,1791333010,SCHEDULED
2026-10-07T00:10:04.820303+00:00,1287184,081,2181,2,0,1791333022,,,SCHEDULED
2026-10-07T00:10:04.820303+00:00,1287184,081,2183,3,0,1791333066,,,SCHEDULED
2026-10-07T00:10:04.820303+00:00,1287184,081,2184,4,0,1791333097,,,SCHEDULED
2026-10-07T00:10:04.820303+00:00,1287184,081,2185,5,0,1791333160,,,SCHEDULED
2026-10-07T00:10:04.820303+00:00,1287184,081,2186,6,0,1791333294,,,SCHEDULED
2026-10-07T00:10:04.820303+00:00,1287184,081,2358,7,0,1791333487,,,SCHEDULED
2026-10-07T00:10:04.820303+00:00,1287184,081,2359,8,0,1791333547,,,SCHEDULED
2026-10-07T00:10:04.820303+00:00,1285054,021,2809,36,0,1791331814,,,SCHEDULED
2026-10-07T00:10:04.820303+00:00,1285054,021,2810,37,0,1791331905,,,SCHEDULED
2026-10-07T00:10:04.820303+00:00,1285054,021,2811,38,0,1791331937,,,SCHEDULED
2026-10-07T00:10:04.820303+00:00,1285054,021,2812,39,0,1791332057,,,SCHEDULED
2026-10-07T00:10:04.820303+00:00,1285054,021,2813,40,0,1791332130,,,SCHEDULED
2026-10-07T00:10:04.820303+00:00,1285054,021,2814,41,0,1791332183,,,SCHEDULED
2026-10-07T00:10:04.820303+00:00,1285054,021,3385,42,0,1791332242,,,SCHEDULED
2026-10-07T00:10:04.820303+00:00,1285054,021,3386,43,0,1791332303,,,SCHEDULED
2026-10-07T00:10:04.820303+00:00,1285054,021,3387,44,0,1791332356,,,SCHEDULED
2026-10-07T00:10:04.820303+00:00,1285054,021,3388,45,0,1791332402,,,SCHEDULED
2026-10-07T00:10:04.820303+00:00,1285054,021,3389,46,0,1791332461,,,SCHEDULED
2026-10-07T00:10:04.820303+00:00,1285296,025,1239,43,0,1791331722,,,SCHEDULED
2026-10-07T00:10:04.820303+00:00,1285296,025,1240,44,0,1791331861,,,SCHEDULED
2026-10-07T00:10:04.820303+00:00,1285296,025,1241,45,0,1791331903,,,SCHEDULED
2026-10-07T00:10:04.820303+00:00,1285296,025,1242,46,0,1791331955,,,SCHEDULED
2026-10-07T00:10:04.820303+00:00,1285296,025,1243,47,0,1791332017,,,SCHEDULED
2026-10-07T00:10:04.820303+00:00,1285296,025,1244,48,0,1791332072,,,SCHEDULED
2026-10-07T00:10:04.820303+00:00,1285296,025,1245,49,0,1791332105,,,SCHEDULED
2026-10-07T00:10:04.820303+00:00,1285296,025,1246,50,0,1791332134,,,SCHEDULED
2026-10-07T00:10:04.820303+00:00,1285296,025,1247,51,0,1791332237,,,SCHEDULED
2026-10-07T00:10:04.820303+00:00,1285296,025,1248,52,0,1791332351,,,SCHEDULED
2026-10-07T00:10:04.820303+00:00,1285296,025,1249,53,0,1791332412,,,SCHEDULED
2026-10-07T00:10:04.820303+00:00,1285296,025,1250,54,0,1791332454,,,SCHEDULED
2026-10-07T00:10:04.820303+00:00,1285296,025,1251,55,0,1791332606,,,SCHEDULED
2026-10-07T00:10:04.820303+00:00,1285296,025,1252,56,0,1791332680,,,SCHEDULED
2026-10-07T00:10:04.820303+00:00,1285296,025,1253,57,0,1791332742,,,SCHEDULED
2026-10-07T00:10:04.820303+00:00,1285296,025,1254,58,0,1791332817,,,SCHEDULED
2026-10-07T00:10:04.820303+00:00,1285296,025,1262,59,0,1791332920,,,SCHEDULED
2026-10-07T00:10:04.820303+00:00,1285295,025,3333,3,0,1791331803,,,SCHEDULED
2026-10-07T00:10:04.820303+00:00,1285295,025,3334,4,0,1791331833,,,SCHEDULED
2026-10-07T00:10:04.820303+00:00,1285295,025,3335,5,0,1791331864,,,SCHEDULED
2026-10-07T00:10:04.820303+00:00,1285295,025,3336,6,0,1791331970,,,SCHEDULED
2026-10-07T00:10:04.820303+00:00,1285295,025,3337,7,0,1791331997,,,SCHEDULED
2026-10-07T00:10:04.820303+00:00,1285295,025,3338,8,0,1791332026,,,SCHEDULED
2026-10-07T00:10:04.820303+00:00,1285295,025,3339,9,0,1791332054,,,SCHEDULED
2026-10-07T00:10:04.820303+00:00,1285295,025,753,10,0,1791332081,,,SCHEDULED
2026-10-07T00:10:04.820303+00:00,1285295,025,3340,11,0,1791332121,,,SCHEDULED
2026-10-07T00:10:04.820303+00:00,1285295,025,3341,12,0,1791332163,,,SCHEDULED
2026-10-07T00:10:04.820303+00:00,1285295,025,3342,13,0,1791332216,,,SCHEDULED
2026-10-07T00:10:04.820303+00:00,1285295,025,3343,14,0,1791332238,,,SCHEDULED
2026-10-07T00:10:04.820303+00:00,1285295,025,4660,15,0,1791332356,,,SCHEDULED
2026-10-07T00:10:04.820303+00:00,1285295,025,5265,16,0,1791332394,,,SCHEDULED
2026-10-07T00:10:04.820303+00:00,1285295,025,4661,17,0,1791332469,,,SCHEDULED
2026-10-07T00:10:04.820303+00:00,1285295,025,4662,18,0,1791332529,,,SCHEDULED
2026-10-07T00:10:04.820303+00:00,1285295,025,3589,19,0,1791332584,,,SCHEDULED
2026-10-07T00:10:04.820303+00:00,1285295,025,3590,20,0,1791332622,,,SCHEDULED
2026-10-07T00:10:04.820303+00:00,1285295,025,3591,21,0,1791332680,,,SCHEDULED
2026-10-07T00:10:04.820303+00:00,1285295,025,3592,22,0,1791332711,,,SCHEDULED
2026-10-07T00:10:04.820303+00:00,1285295,025,3593,23,0,1791332755,,,SCHEDULED
2026-10-07T00:10:04.820303+00:00,1285295,025,3594,24,0,1791332788,,,SCHEDULED
2026-10-07T00:10:04.820303+00:00,1285295,025,3595,25,0,1791332836,,,SCHEDULED
2026-10-07T00:10:04.820303+00:00,1285295,025,3596,26,0,1791332865,,,SCHEDULED
2026-10-07T00:10:04.820303+00:00,1285295,025,3597,27,0,1791332985,,,SCHEDULED
2026-10-07T00:10:04.820303+00:00,1285295,025,3598,28,0,1791333062,,,SCHEDULED
2026-10-07T00:10:04.820303+00:00,1285295,025,3599,29,0,1791333088,,,SCHEDULED
2026-10-07T00:10:04.820303+00:00,1285295,025,3600,30,0,1791333152,,,SCHEDULED
2026-10-07T00:10:04.820303+00:00,1285295,025,3601,31,0,1791333194,,,SCHEDULED
2026-10-07T00:10:04.820303+00:00,1285295,025,3602,32,0,1791333458,,,SCHEDULED
2026-10-07T00:10:04.820303+00:00,1285295,025,3603,33,0,1791333518,,,SCHEDULED
2026-10-07T00:10:04.820303+00:00,1285295,025,1356,34,0,1791333565,,,SCHEDULED
2026-10-07T00:10:04.820303+00:00,1285177,023,9807,1,,,0,1791332640,SCHEDULED
2026-10-07T00:10:04.820303+00:00,1285177,023,1096,2,0,1791332778,,,SCHEDULED
2026-10-07T00:10:04.820303+00:00,1285177,023,1098,3,0,1791332927,,,SCHEDULED
2026-10-07T00:10:04.820303+00:00,1285177,023,1099,4,0,1791333133,,,SCHEDULED
2026-10-07T00:10:04.820303+00:00,1285177,023,1090,5,0,1791333461,,,SCHEDULED
2026-10-07T00:10:04.820303+00:00,1285177,023,1091,6,0,1791333549,,,SCHEDULED
2026-10-07T00:10:04.820303+00:00,1288288,142,413,3,0,1791332560,,,SCHEDULED
2026-10-07T00:10:04.820303+00:00,1288288,142,414,4,0,1791332706,,,SCHEDULED
2026-10-07T00:10:04.820303+00:00,1288288,142,415,5,0,1791332760,,,SCHEDULED
2026-10-07T00:10:04.820303+00:00,1288288,142,416,6,0,1791332799,,,SCHEDULED
2026-10-07T00:10:04.820303+00:00,1288288,142,418,7,0,1791332842,,,SCHEDULED
2026-10-07T00:10:04.820303+00:00,1288288,142,4763,8,0,1791332912,,,SCHEDULED
2026-10-07T00:10:04.820303+00:00,1288288,142,113,9,0,1791332924,,,SCHEDULED
2026-10-07T00:10:04.820303+00:00,1285452,026,1554,13,0,1791331807,,,SCHEDULED
2026-10-07T00:10:04.820303+00:00,1285452,026,1555,14,0,1791331883,,,SCHEDULED
2026-10-07T00:10:04.820303+00:00,1285452,026,1556,15,0,1791331967,,,SCHEDULED
2026-10-07T00:10:04.820303+00:00,1285452,026,1557,16,0,1791332095,,,SCHEDULED
2026-10-07T00:10:04.820303+00:00,1285452,026,1558,17,0,1791332167,,,SCHEDULED
2026-10-07T00:10:04.820303+00:00,1285452,026,1559,18,0,1791332236,,,SCHEDULED
2026-10-07T00:10:04.820303+00:00,1285452,026,1560,19,0,1791332271,,,SCHEDULED
2026-10-07T00:10:04.820303+00:00,1285452,026,1561,20,0,1791332300,,,SCHEDULED
2026-10-07T00:10:04.820303+00:00,1285452,026,1562,21,0,1791332468,,,SCHEDULED
2026-10-07T00:10:04.820303+00:00,1285452,026,1564,22,0,1791332521,,,SCHEDULED
2026-10-07T00:10:04.820303+00:00,1285452,026,1565,23,0,1791332546,,,SCHEDULED
2026-10-07T00:10:04.820303+00:00,1285452,026,1566,24,0,1791332593,,,SCHEDULED
2026-10-07T00:10:04.820303+00:00,1285452,026,1596,25,0,1791332651,,,SCHEDULED
2026-10-07T00:10:04.820303+00:00,1285452,026,1597,26,0,1791332704,,,SCHEDULED
2026-10-07T00:10:04.820303+00:00,1285452,026,1598,27,0,1791332752,,,SCHEDULED
2026-10-07T00:10:04.820303+00:00,1285452,026,3097,28,0,1791332887,,,SCHEDULED
2026-10-07T00:10:04.820303+00:00,1285452,026,3098,29,0,1791332991,,,SCHEDULED
2026-10-07T00:10:04.820303+00:00,1285452,026,9800,30,0,1791333071,,,SCHEDULED
2026-10-07T00:10:04.820303+00:00,1285452,026,3099,31,0,1791333218,,,SCHEDULED
2026-10-07T00:10:04.820303+00:00,1285452,026,3100,32,0,1791333276,,,SCHEDULED
2026-10-07T00:10:04.820303+00:00,1285452,026,3101,33,0,1791333315,,,SCHEDULED
2026-10-07T00:10:04.820303+00:00,1285452,026,3102,34,0,1791333335,,,SCHEDULED
2026-10-07T00:10:04.820303+00:00,1285056,021,319,1,,,0,1791332540,SCHEDULED
2026-10-07T00:10:04.820303+00:00,1285056,021,2770,2,0,1791332845,,,SCHEDULED
2026-10-07T00:10:04.820303+00:00,1285056,021,2771,3,0,1791332927,,,SCHEDULED
2026-10-07T00:10:04.820303+00:00,1285056,021,2772,4,0,1791332998,,,SCHEDULED
2026-10-07T00:10:04.820303+00:00,1285056,021,2773,5,0,1791333030,,,SCHEDULED
2026-10-07T00:10:04.820303+00:00,1285056,021,2774,6,0,1791333095,,,SCHEDULED
2026-10-07T00:10:04.820303+00:00,1285056,021,2775,7,0,1791333119,,,SCHEDULED
2026-10-07T00:10:04.820303+00:00,1285056,021,2776,8,0,1791333238,,,SCHEDULED
2026-10-07T00:10:04.820303+00:00,1285056,021,2777,9,0,1791333293,,,SCHEDULED
2026-10-07T00:10:04.820303+00:00,1285056,021,2778,10,0,1791333298,,,SCHEDULED
2026-10-07T00:10:04.820303+00:00,1285056,021,2779,11,0,1791333303,,,SCHEDULED
2026-10-07T00:10:04.820303+00:00,1285056,021,2780,12,0,1791333316,,,SCHEDULED
2026-10-07T00:10:04.820303+00:00,1285056,021,2781,13,0,1791333328,,,SCHEDULED
2026-10-07T00:10:04.820303+00:00,1285056,021,2782,14,0,1791333345,,,SCHEDULED
2026-10-07T00:10:04.820303+00:00,1285056,021,2783,15,0,1791333442,,,SCHEDULED
2026-10-07T00:10:04.820303+00:00,1285056,021,2784,16,0,1791333490,,,SCHEDULED
2026-10-07T00:10:04.820303+00:00,1284363,011,8913,6,0,1791331855,,,SCHEDULED
2026-10-07T00:10:04.820303+00:00,1284363,011,8914,7,0,1791332185,,,SCHEDULED
2026-10-07T00:10:04.820303+00:00,1284363,011,8915,8,0,1791332256,,,SCHEDULED
2026-10-07T00:10:04.820303+00:00,1284363,011,5329,9,0,1791332308,,,SCHEDULED
2026-10-07T00:10:04.820303+00:00,1284363,011,8917,10,0,1791332340,,,SCHEDULED
2026-10-07T00:10:04.820303+00:00,1284363,011,8918,11,0,1791332369,,,SCHEDULED
2026-10-07T00:10:04.820303+00:00,1284363,011,8919,12,0,1791332480,,,SCHEDULED
2026-10-07T00:10:04.820303+00:00,1284363,011,8920,13,0,1791332556,,,SCHEDULED
2026-10-07T00:10:04.820303+00:00,1284363,011,532,14,0,1791333045,,,SCHEDULED
2026-10-07T00:10:04.820303+00:00,1284363,011,5247,15,0,1791333133,,,SCHEDULED
2026-10-07T00:10:04.820303+00:00,1284363,011,533,16,0,1791333182,,,SCHEDULED
2026-10-07T00:10:04.820303+00:00,1284363,011,534,17,0,1791333205,,,SCHEDULED
2026-10-07T00:10:04.820303+00:00,1284363,011,221,18,0,1791333430,,,SCHEDULED
2026-10-07T00:10:04.820303+00:00,1284363,011,222,19,0,1791333512,,,SCHEDULED
2026-10-07T00:10:04.820303+00:00,1288441,177,832,2,0,1791331969,,,SCHEDULED
2026-10-07T00:10:04.820303+00:00,1288441,177,3845,3,0,1791332001,,,SCHEDULED
2026-10-07T00:10:04.820303+00:00,1288441,177,795,4,0,1791332118,,,SCHEDULED
2026-10-07T00:10:04.820303+00:00,1285055,021,3028,18,0,1791331808,,,SCHEDULED
2026-10-07T00:10:04.820303+00:00,1285055,021,2795,19,0,1791331938,,,SCHEDULED
2026-10-07T00:10:04.820303+00:00,1285055,021,2796,20,0,1791331985,,,SCHEDULED
2026-10-07T00:10:04.820303+00:00,1285055,021,2797,21,0,1791332081,,,SCHEDULED
2026-10-07T00:10:04.820303+00:00,1285055,021,2798,22,0,1791332230,,,SCHEDULED
2026-10-07T00:10:04.820303+00:00,1285055,021,2799,23,0,1791332260,,,SCHEDULED
2026-10-07T00:10:04.820303+00:00,1285055,021,2800,24,0,1791332307,,,SCHEDULED
2026-10-07T00:10:04.820303+00:00,1285055,021,2801,25,0,1791332417,,,SCHEDULED
2026-10-07T00:10:04.820303+00:00,1285055,021,2802,26,0,1791332467,,,SCHEDULED
2026-10-07T00:10:04.820303+00:00,1285055,021,2803,27,0,1791332482,,,SCHEDULED
2026-10-07T00:10:04.820303+00:00,1285055,021,2804,28,0,1791332519,,,SCHEDULED
2026-10-07T00:10:04.820303+00:00,1285055,021,2805,29,0,1791332545,,,SCHEDULED
2026-10-07T00:10:04.820303+00:00,1285055,021,2806,30,0,1791332567,,,SCHEDULED
2026-10-07T00:10:04.820303+00:00,1285055,021,2807,31,0,1791332717,,,SCHEDULED
2026-10-07T00:10:04.820303+00:00,1285055,021,1184,32,0,1791332782,,,SCHEDULED
2026-10-07T00:10:04.820303+00:00,1285055,021,3301,33,0,1791332901,,,SCHEDULED
2026-10-07T00:10:04.820303+00:00,1285055,021,2807,34,0,1791332905,,,SCHEDULED
2026-10-07T00:10:04.820303+00:00,1285055,021,2808,35,0,1791333058,,,SCHEDULED
2026-10-07T00:10:04.820303+00:00,1285055,021,2809,36,0,1791333143,,,SCHEDULED
2026-10-07T00:10:04.820303+00:00,1285055,021,2810,37,0,1791333178,,,SCHEDULED
2026-10-07T00:10:04.820303+00:00,1285055,021,2811,38,0,1791333210,,,SCHEDULED
2026-10-07T00:10:04.820303+00:00,1285055,021,2812,39,0,1791333330,,,SCHEDULED
2026-10-07T00:10:04.820303+00:00,1285055,021,2813,40,0,1791333403,,,SCHEDULED
2026-10-07T00:10:04.820303+00:00,1285055,021,2814,41,0,1791333456,,,SCHEDULED
2026-10-07T00:10:04.820303+00:00,1285055,021,3385,42,0,1791333515,,,SCHEDULED
2026-10-07T00:10:04.820303+00:00,1285055,021,3386,43,0,1791333576,,,SCHEDULED
2026-10-07T00:10:04.820303+00:00,1285451,026,316,1,,,0,1791332220,SCHEDULED
2026-10-07T00:10:04.820303+00:00,1285451,026,8959,2,0,1791332372,,,SCHEDULED
2026-10-07T00:10:04.820303+00:00,1285451,026,2989,3,0,1791332468,,,SCHEDULED
2026-10-07T00:10:04.820303+00:00,1285451,026,1545,4,0,1791332688,,,SCHEDULED
2026-10-07T00:10:04.820303+00:00,1285451,026,1546,5,0,1791332760,,,SCHEDULED
2026-10-07T00:10:04.820303+00:00,1285451,026,1547,6,0,1791332856,,,SCHEDULED
2026-10-07T00:10:04.820303+00:00,1285451,026,1548,7,0,1791332910,,,SCHEDULED
2026-10-07T00:10:04.820303+00:00,1285451,026,1549,8,0,1791332986,,,SCHEDULED
2026-10-07T00:10:04.820303+00:00,1285451,026,1550,9,0,1791333048,,,SCHEDULED
2026-10-07T00:10:04.820303+00:00,1285451,026,1551,10,0,1791333120,,,SCHEDULED
2026-10-07T00:10:04.820303+00:00,1285451,026,1552,11,0,1791333190,,,SCHEDULED
2026-10-07T00:10:04.820303+00:00,1285451,026,1553,12,0,1791333254,,,SCHEDULED
2026-10-07T00:10:04.820303+00:00,1285451,026,1554,13,0,1791333333,,,SCHEDULED
2026-10-07T00:10:04.820303+00:00,1285451,026,1555,14,0,1791333381,,,SCHEDULED
2026-10-07T00:10:04.820303+00:00,1285451,026,1556,15,0,1791333451,,,SCHEDULED
2026-10-07T00:10:04.820303+00:00,1284362,011,5345,1,,,0,1791333349,SCHEDULED
2026-10-07T00:10:04.820303+00:00,1284362,011,8909,2,0,1791333562,,,SCHEDULED
2026-10-07T00:10:04.820303+00:00,1284365,011,5247,15,0,1791331854,,,SCHEDULED
2026-10-07T00:10:04.820303+00:00,1284365,011,533,16,0,1791331903,,,SCHEDULED
2026-10-07T00:10:04.820303+00:00,1284365,011,534,17,0,1791331935,,,SCHEDULED
2026-10-07T00:10:04.820303+00:00,1284365,011,221,18,0,1791332247,,,SCHEDULED
2026-10-07T00:10:04.820303+00:00,1284365,011,222,19,0,1791332269,,,SCHEDULED
2026-10-07T00:10:04.820303+00:00,1284365,011,223,20,0,1791332296,,,SCHEDULED
2026-10-07T00:10:04.820303+00:00,1284365,011,225,21,0,1791332359,,,SCHEDULED
2026-10-07T00:10:04.820303+00:00,1284365,011,226,22,0,1791332389,,,SCHEDULED
2026-10-07T00:10:04.820303+00:00,1284365,011,455,23,0,1791332413,,,SCHEDULED
2026-10-07T00:10:04.820303+00:00,1284365,011,456,24,0,1791332455,,,SCHEDULED
2026-10-07T00:10:04.820303+00:00,1284365,011,3197,25,0,1791332522,,,SCHEDULED
2026-10-07T00:10:04.820303+00:00,1284365,011,3198,26,0,1791332585,,,SCHEDULED
2026-10-07T00:10:04.820303+00:00,1284365,011,3199,27,0,1791332623,,,SCHEDULED
2026-10-07T00:10:04.820303+00:00,1284365,011,1345,28,0,1791332718,,,SCHEDULED
2026-10-07T00:10:04.820303+00:00,1284365,011,128,29,0,1791332819,,,SCHEDULED
2026-10-07T00:10:04.820303+00:00,1284365,011,130,30,0,1791332869,,,SCHEDULED
2026-10-07T00:10:04.820303+00:00,1284365,011,131,31,0,1791332897,,,SCHEDULED
2026-10-07T00:10:04.820303+00:00,1284365,011,132,32,0,1791332925,,,SCHEDULED
2026-10-07T00:10:04.820303+00:00,1284365,011,133,33,0,1791332965,,,SCHEDULED
2026-10-07T00:10:04.820303+00:00,1284365,011,981,34,0,1791333075,,,SCHEDULED
2026-10-07T00:10:04.820303+00:00,1284365,011,983,35,0,1791333138,,,SCHEDULED
2026-10-07T00:10:04.820303+00:00,1284365,011,984,36,0,1791333169,,,SCHEDULED
2026-10-07T00:10:04.820303+00:00,1284365,011,985,37,0,1791333192,,,SCHEDULED
2026-10-07T00:10:04.820303+00:00,1284365,011,986,38,0,1791333229,,,SCHEDULED
2026-10-07T00:10:04.820303+00:00,1284365,011,987,39,0,1791333360,,,SCHEDULED
2026-10-07T00:10:04.820303+00:00,1284365,011,8315,40,0,1791333512,,,SCHEDULED
2026-10-07T00:10:04.820303+00:00,1285179,023,1475,28,0,1791331805,,,SCHEDULED
2026-10-07T00:10:04.820303+00:00,1285179,023,1476,29,0,1791331845,,,SCHEDULED
2026-10-07T00:10:04.820303+00:00,1285179,023,1477,30,0,1791331890,,,SCHEDULED
2026-10-07T00:10:04.820303+00:00,1285179,023,1478,31,0,1791331909,,,SCHEDULED
2026-10-07T00:10:04.820303+00:00,1285179,023,1181,32,0,1791332025,,,SCHEDULED
2026-10-07T00:10:04.820303+00:00,1285179,023,1182,33,0,1791332167,,,SCHEDULED
2026-10-07T00:10:04.820303+00:00,1285179,023,1481,34,0,1791332234,,,SCHEDULED
2026-10-07T00:10:04.820303+00:00,1285179,023,1482,35,0,1791332277,,,SCHEDULED
2026-10-07T00:10:04.820303+00:00,1285179,023,1483,36,0,1791332347,,,SCHEDULED
2026-10-07T00:10:04.820303+00:00,1285179,023,1484,37,0,1791332392,,,SCHEDULED
2026-10-07T00:10:04.820303+00:00,1285179,023,1485,38,0,1791332441,,,SCHEDULED
2026-10-07T00:10:04.820303+00:00,1285179,023,1486,39,0,1791332482,,,SCHEDULED
2026-10-07T00:10:04.820303+00:00,1285179,023,1488,40,0,1791332579,,,SCHEDULED
2026-10-07T00:10:04.820303+00:00,1285179,023,1489,41,0,1791332675,,,SCHEDULED
2026-10-07T00:10:04.820303+00:00,1285179,023,1490,42,0,1791332677,,,SCHEDULED
2026-10-07T00:10:04.820303+00:00,1285179,023,453,43,0,1791332680,,,SCHEDULED
2026-10-07T00:10:04.820303+00:00,1285179,023,1492,44,0,1791332702,,,SCHEDULED
2026-10-07T00:10:04.820303+00:00,1285179,023,1493,45,0,1791332760,,,SCHEDULED
2026-10-07T00:10:04.820303+00:00,1285179,023,1494,46,0,1791332777,,,SCHEDULED
2026-10-07T00:10:04.820303+00:00,1285179,023,1495,47,0,1791332946,,,SCHEDULED
2026-10-07T00:10:04.820303+00:00,1285179,023,5364,48,0,1791332971,,,SCHEDULED
2026-10-07T00:10:04.820303+00:00,1285179,023,1497,49,0,1791333025,,,SCHEDULED
2026-10-07T00:10:04.820303+00:00,1285179,023,1499,50,0,1791333159,,,SCHEDULED
2026-10-07T00:10:04.820303+00:00,1285179,023,1500,51,0,1791333203,,,SCHEDULED
2026-10-07T00:10:04.820303+00:00,1285179,023,1501,52,0,1791333227,,,SCHEDULED
2026-10-07T00:10:04.820303+00:00,1285179,023,1502,53,0,1791333311,,,SCHEDULED
2026-10-07T00:10:04.820303+00:00,1285179,023,1503,54,0,1791333364,,,SCHEDULED
2026-10-07T00:10:04.820303+00:00,1285179,023,1504,55,0,1791333388,,,SCHEDULED
2026-10-07T00:10:04.820303+00:00,1285179,023,1505,56,0,1791333412,,,SCHEDULED
2026-10-07T00:10:04.820303+00:00,1285179,023,1314,57,0,1791333488,,,SCHEDULED
2026-10-07T00:10:04.820303+00:00,1285179,023,1315,58,0,1791333587,,,SCHEDULED
2026-10-07T00:10:04.820303+00:00,1285178,023,1092,7,0,1791331847,,,SCHEDULED
2026-10-07T00:10:04.820303+00:00,1285178,023,1093,8,0,1791331880,,,SCHEDULED
2026-10-07T00:10:04.820303+00:00,1285178,023,1094,9,0,1791331925,,,SCHEDULED
2026-10-07T00:10:04.820303+00:00,1285178,023,1455,10,0,1791332026,,,SCHEDULED
2026-10-07T00:10:04.820303+00:00,1285178,023,1456,11,0,1791332078,,,SCHEDULED
2026-10-07T00:10:04.820303+00:00,1285178,023,1457,12,0,1791332215,,,SCHEDULED
2026-10-07T00:10:04.820303+00:00,1285178,023,1458,13,0,1791332307,,,SCHEDULED
2026-10-07T00:10:04.820303+00:00,1285178,023,1460,14,0,1791332382,,,SCHEDULED
2026-10-07T00:10:04.820303+00:00,1285178,023,1461,15,0,1791332424,,,SCHEDULED
2026-10-07T00:10:04.820303+00:00,1285178,023,1462,16,0,1791332445,,,SCHEDULED
2026-10-07T00:10:04.820303+00:00,1285178,023,1463,17,0,1791332501,,,SCHEDULED
2026-10-07T00:10:04.820303+00:00,1285178,023,1464,18,0,1791332599,,,SCHEDULED
2026-10-07T00:10:04.820303+00:00,1285178,023,1465,19,0,1791332677,,,SCHEDULED
2026-10-07T00:10:04.820303+00:00,1285178,023,1466,20,0,1791332716,,,SCHEDULED
2026-10-07T00:10:04.820303+00:00,1285178,023,1467,21,0,1791332738,,,SCHEDULED
2026-10-07T00:10:04.820303+00:00,1285178,023,1468,22,0,1791332766,,,SCHEDULED
2026-10-07T00:10:04.820303+00:00,1285178,023,1469,23,0,1791332799,,,SCHEDULED
2026-10-07T00:10:04.820303+00:00,1285178,023,1470,24,0,1791332870,,,SCHEDULED
2026-10-07T00:10:04.820303+00:00,1285178,023,1471,25,0,1791332908,,,SCHEDULED
2026-10-07T00:10:04.820303+00:00,1285178,023,1473,26,0,1791332965,,,SCHEDULED
2026-10-07T00:10:04.820303+00:00,1285178,023,1474,27,0,1791332976,,,SCHEDULED
2026-10-07T00:10:04.820303+00:00,1285178,023,1475,28,0,1791333027,,,SCHEDULED
2026-10-07T00:10:04.820303+00:00,1285178,023,1476,29,0,1791333075,,,SCHEDULED
2026-10-07T00:10:04.820303+00:00,1285178,023,1477,30,0,1791333130,,,SCHEDULED
2026-10-07T00:10:04.820303+00:00,1285178,023,1478,31,0,1791333136,,,SCHEDULED
2026-10-07T00:10:04.820303+00:00,1285178,023,1181,32,0,1791333144,,,SCHEDULED
2026-10-07T00:10:04.820303+00:00,1285178,023,1182,33,0,1791333286,,,SCHEDULED
2026-10-07T00:10:04.820303+00:00,1285178,023,1481,34,0,1791333353,,,SCHEDULED
2026-10-07T00:10:04.820303+00:00,1285178,023,1482,35,0,1791333396,,,SCHEDULED
2026-10-07T00:10:04.820303+00:00,1285178,023,1483,36,0,1791333466,,,SCHEDULED
2026-10-07T00:10:04.820303+00:00,1285178,023,1484,37,0,1791333511,,,SCHEDULED
2026-10-07T00:10:04.820303+00:00,1285178,023,1485,38,0,1791333560,,,SCHEDULED
2026-10-07T00:10:04.820303+00:00,1285453,026,3101,33,0,1791331848,,,SCHEDULED
2026-10-07T00:10:04.820303+00:00,1285453,026,3102,34,0,1791331879,,,SCHEDULED
2026-10-07T00:10:04.820303+00:00,1285453,026,5366,35,0,1791332121,,,SCHEDULED
2026-10-07T00:10:04.820303+00:00,1285453,026,1283,36,0,1791332213,,,SCHEDULED
2026-10-07T00:10:04.820303+00:00,1285453,026,650,37,0,1791332326,,,SCHEDULED
2026-10-07T00:10:04.820303+00:00,1285453,026,3107,38,0,1791332400,,,SCHEDULED
2026-10-07T00:10:04.820303+00:00,1285453,026,3108,39,0,1791332403,,,SCHEDULED
2026-10-07T00:10:04.820303+00:00,1285453,026,3109,40,0,1791332449,,,SCHEDULED
2026-10-07T00:10:04.820303+00:00,1285453,026,3110,41,0,1791332499,,,SCHEDULED
2026-10-07T00:10:04.820303+00:00,1285453,026,3112,42,0,1791332527,,,SCHEDULED
2026-10-07T00:10:04.820303+00:00,1285453,026,3113,43,0,1791332553,,,SCHEDULED
2026-10-07T00:10:04.820303+00:00,1285453,026,3115,44,0,1791332643,,,SCHEDULED
2026-10-07T00:10:04.820303+00:00,1285453,026,3116,45,0,1791332707,,,SCHEDULED
2026-10-07T00:10:04.820303+00:00,1285453,026,3117,46,0,1791332758,,,SCHEDULED
2026-10-07T00:10:04.820303+00:00,1285453,026,3118,47,0,1791332851,,,SCHEDULED
2026-10-07T00:10:04.820303+00:00,1285453,026,3119,48,0,1791332894,,,SCHEDULED
2026-10-07T00:10:04.820303+00:00,1285453,026,3121,49,0,1791332938,,,SCHEDULED
2026-10-07T00:10:04.820303+00:00,1285453,026,3122,50,0,1791332980,,,SCHEDULED
2026-10-07T00:10:04.820303+00:00,1285453,026,3123,51,0,1791333038,,,SCHEDULED
2026-10-07T00:10:04.820303+00:00,1285453,026,3124,52,0,1791333048,,,SCHEDULED
2026-10-07T00:10:04.820303+00:00,1284364,011,5247,15,0,1791331811,,,SCHEDULED
2026-10-07T00:10:04.820303+00:00,1284364,011,533,16,0,1791331841,,,SCHEDULED
2026-10-07T00:10:04.820303+00:00,1284364,011,534,17,0,1791331881,,,SCHEDULED
2026-10-07T00:10:04.820303+00:00,1284364,011,221,18,0,1791331913,,,SCHEDULED
2026-10-07T00:10:04.820303+00:00,1284364,011,222,19,0,1791331915,,,SCHEDULED
2026-10-07T00:10:04.820303+00:00,1284364,011,223,20,0,1791331918,,,SCHEDULED
2026-10-07T00:10:04.820303+00:00,1284364,011,225,21,0,1791331986,,,SCHEDULED
2026-10-07T00:10:04.820303+00:00,1284364,011,226,22,0,1791332022,,,SCHEDULED
2026-10-07T00:10:04.820303+00:00,1284364,011,455,23,0,1791332050,,,SCHEDULED
2026-10-07T00:10:04.820303+00:00,1284364,011,456,24,0,1791332099,,,SCHEDULED
2026-10-07T00:10:04.820303+00:00,1284364,011,3197,25,0,1791332175,,,SCHEDULED
2026-10-07T00:10:04.820303+00:00,1284364,011,3198,26,0,1791332234,,,SCHEDULED
2026-10-07T00:10:04.820303+00:00,1284364,011,3199,27,0,1791332263,,,SCHEDULED
2026-10-07T00:10:04.820303+00:00,1284364,011,1345,28,0,1791332290,,,SCHEDULED
2026-10-07T00:10:04.820303+00:00,1284364,011,128,29,0,1791332506,,,SCHEDULED
2026-10-07T00:10:04.820303+00:00,1284364,011,130,30,0,1791332552,,,SCHEDULED
2026-10-07T00:10:04.820303+00:00,1284364,011,131,31,0,1791332581,,,SCHEDULED
2026-10-07T00:10:04.820303+00:00,1284364,011,132,32,0,1791332594,,,SCHEDULED
2026-10-07T00:10:04.820303+00:00,1284364,011,133,33,0,1791332677,,,SCHEDULED
2026-10-07T00:10:04.820303+00:00,1284364,011,981,34,0,1791332724,,,SCHEDULED
2026-10-07T00:10:04.820303+00:00,1284364,011,983,35,0,1791332759,,,SCHEDULED
2026-10-07T00:10:04.820303+00:00,1284364,011,984,36,0,1791332773,,,SCHEDULED
2026-10-07T00:10:04.820303+00:00,1284364,011,985,37,0,1791332784,,,SCHEDULED
2026-10-07T00:10:04.820303+00:00,1284364,011,986,38,0,1791332814,,,SCHEDULED
2026-10-07T00:10:04.820303+00:00,1284364,011,987,39,0,1791332897,,,SCHEDULED
2026-10-07T00:10:04.820303+00:00,1284364,011,8315,40,0,1791333052,,,SCHEDULED
2026-10-07T00:10:04.820303+00:00,1284364,011,2234,41,0,1791333155,,,SCHEDULED
2026-10-07T00:10:04.820303+00:00,1284364,011,2502,42,0,1791333225,,,SCHEDULED
2026-10-07T00:10:04.820303+00:00,1284364,011,2503,43,0,1791333262,,,SCHEDULED
2026-10-07T00:10:04.820303+00:00,1287235,081,290,1,,,0,1791332100,SCHEDULED
2026-10-07T00:10:04.820303+00:00,1287235,081,1600,2,0,1791332175,,,SCHEDULED
2026-10-07T00:10:04.820303+00:00,1287235,081,1602,3,0,1791332252,,,SCHEDULED
2026-10-07T00:10:04.820303+00:00,1287235,081,1603,4,0,1791332291,,,SCHEDULED
2026-10-07T00:10:04.820303+00:00,1287235,081,1604,5,0,1791332349,,,SCHEDULED
2026-10-07T00:10:04.820303+00:00,1287235,081,1605,6,0,1791332417,,,SCHEDULED
2026-10-07T00:10:04.820303+00:00,1287235,081,1606,7,0,1791332494,,,SCHEDULED
2026-10-07T00:10:04.820303+00:00,1287235,081,1607,8,0,1791332640,,,SCHEDULED
2026-10-07T00:10:04.820303+00:00,1287235,081,1608,9,0,1791332704,,,SCHEDULED
2026-10-07T00:10:04.820303+00:00,1287235,081,1609,10,0,1791332748,,,SCHEDULED
2026-10-07T00:10:04.820303+00:00,1287235,081,1610,11,0,1791332815,,,SCHEDULED
2026-10-07T00:10:04.820303+00:00,1287235,081,1611,12,0,1791332988,,,SCHEDULED
2026-10-07T00:10:04.820303+00:00,1287235,081,1612,13,0,1791333060,,,SCHEDULED
2026-10-07T00:10:04.820303+00:00,1287235,081,1613,14,0,1791333159,,,SCHEDULED
2026-10-07T00:10:04.820303+00:00,1287235,081,2311,15,0,1791333208,,,SCHEDULED
2026-10-07T00:10:04.820303+00:00,1287235,081,2312,16,0,1791333401,,,SCHEDULED
2026-10-07T00:10:04.820303+00:00,1287235,081,2313,17,0,1791333459,,,SCHEDULED
2026-10-07T00:10:04.820303+00:00,1287236,081,1610,11,0,1791331876,,,SCHEDULED
2026-10-07T00:10:04.820303+00:00,1287236,081,1611,12,0,1791331938,,,SCHEDULED
2026-10-07T00:10:04.820303+00:00,1287236,081,1612,13,0,1791331964,,,SCHEDULED
2026-10-07T00:10:04.820303+00:00,1287236,081,1613,14,0,1791331999,,,SCHEDULED
2026-10-07T00:10:04.820303+00:00,1287236,081,2311,15,0,1791332059,,,SCHEDULED
2026-10-07T00:10:04.820303+00:00,1287236,081,2312,16,0,1791332239,,,SCHEDULED
2026-10-07T00:10:04.820303+00:00,1287236,081,2313,17,0,1791332316,,,SCHEDULED
2026-10-07T00:10:04.820303+00:00,1287236,081,2314,18,0,1791332398,,,SCHEDULED
2026-10-07T00:10:04.820303+00:00,1287236,081,2315,19,0,1791332475,,,SCHEDULED
2026-10-07T00:10:04.820303+00:00,1287236,081,5203,20,0,1791332598,,,SCHEDULED
2026-10-07T00:10:04.820303+00:00,1287236,081,2317,21,0,1791332790,,,SCHEDULED
2026-10-07T00:10:04.820303+00:00,1287236,081,2318,22,0,1791332890,,,SCHEDULED
2026-10-07T00:10:04.820303+00:00,1287236,081,2319,23,0,1791332966,,,SCHEDULED
2026-10-07T00:10:04.820303+00:00,1287236,081,2320,24,0,1791333025,,,SCHEDULED
2026-10-07T00:10:04.820303+00:00,1287236,081,2321,25,0,1791333100,,,SCHEDULED
2026-10-07T00:10:04.820303+00:00,1287236,081,2322,26,0,1791333165,,,SCHEDULED
2026-10-07T00:10:04.820303+00:00,1287236,081,2323,27,0,1791333171,,,SCHEDULED
2026-10-07T00:10:04.820303+00:00,1287236,081,2324,28,0,1791333223,,,SCHEDULED
2026-10-07T00:10:04.820303+00:00,1287236,081,2325,29,0,1791333304,,,SCHEDULED
2026-10-07T00:10:04.820303+00:00,1287236,081,2326,30,0,1791333354,,,SCHEDULED
2026-10-07T00:10:04.820303+00:00,1287236,081,2328,31,0,1791333482,,,SCHEDULED
2026-10-07T00:10:04.820303+00:00,1287236,081,2329,32,0,1791333598,,,SCHEDULED
2026-10-07T00:10:04.820303+00:00,1287516,084,2962,13,0,1791332062,,,SCHEDULED
2026-10-07T00:10:04.820303+00:00,1287516,084,2963,14,0,1791332100,,,SCHEDULED
2026-10-07T00:10:04.820303+00:00,1287516,084,2964,15,0,1791332133,,,SCHEDULED
2026-10-07T00:10:04.820303+00:00,1287516,084,2965,16,0,1791332322,,,SCHEDULED
2026-10-07T00:10:04.820303+00:00,1287516,084,2966,17,0,1791332402,,,SCHEDULED
2026-10-07T00:10:04.820303+00:00,1287516,084,1155,18,0,1791332572,,,SCHEDULED
2026-10-07T00:10:04.820303+00:00,1287516,084,1156,19,0,1791332629,,,SCHEDULED
2026-10-07T00:10:04.820303+00:00,1287516,084,1674,20,0,1791332654,,,SCHEDULED
2026-10-07T00:10:04.820303+00:00,1287516,084,1675,21,0,1791332713,,,SCHEDULED
2026-10-07T00:10:04.820303+00:00,1287516,084,1677,22,0,1791332782,,,SCHEDULED
2026-10-07T00:10:04.820303+00:00,1287516,084,1127,23,0,1791332838,,,SCHEDULED
2026-10-07T00:10:04.820303+00:00,1287516,084,1128,24,0,1791332845,,,SCHEDULED
2026-10-07T00:10:04.820303+00:00,1287516,084,1129,25,0,1791332879,,,SCHEDULED
2026-10-07T00:10:04.820303+00:00,1287516,084,1130,26,0,1791332915,,,SCHEDULED
2026-10-07T00:10:04.820303+00:00,1287516,084,1131,27,0,1791332948,,,SCHEDULED
2026-10-07T00:10:04.820303+00:00,1287516,084,3089,28,0,1791333062,,,SCHEDULED
2026-10-07T00:10:04.820303+00:00,1287516,084,3090,29,0,1791333143,,,SCHEDULED
2026-10-07T00:10:04.820303+00:00,1287516,084,3091,30,0,1791333238,,,SCHEDULED
2026-10-07T00:10:04.820303+00:00,1287516,084,3092,31,0,1791333259,,,SCHEDULED
2026-10-07T00:10:04.820303+00:00,1287516,084,3093,32,0,1791333340,,,SCHEDULED
2026-10-07T00:10:04.820303+00:00,1287516,084,3094,33,0,1791333380,,,SCHEDULED
2026-10-07T00:10:04.820303+00:00,1287516,084,3095,34,0,1791333475,,,SCHEDULED
2026-10-07T00:10:04.820303+00:00,1287517,084,3097,36,0,1791331819,,,SCHEDULED
2026-10-07T00:10:04.820303+00:00,1287517,084,3098,37,0,1791331945,,,SCHEDULED
2026-10-07T00:10:04.820303+00:00,1287517,084,9800,38,0,1791332059,,,SCHEDULED
2026-10-07T00:10:04.820303+00:00,1287517,084,3099,39,0,1791332226,,,SCHEDULED
2026-10-07T00:10:04.820303+00:00,1287517,084,3100,40,0,1791332261,,,SCHEDULED
2026-10-07T00:10:04.820303+00:00,1287517,084,3101,41,0,1791332331,,,SCHEDULED
2026-10-07T00:10:04.820303+00:00,1287517,084,3102,42,0,1791332356,,,SCHEDULED
2026-10-07T00:10:04.820303+00:00,1287517,084,3103,43,0,1791332440,,,SCHEDULED
2026-10-07T00:10:04.820303+00:00,1287517,084,3104,44,0,1791332520,,,SCHEDULED
2026-10-07T00:10:04.820303+00:00,1287517,084,3106,45,0,1791332566,,,SCHEDULED
2026-10-07T00:10:04.820303+00:00,1287517,084,3107,46,0,1791332606,,,SCHEDULED
2026-10-07T00:10:04.820303+00:00,1287517,084,3108,47,0,1791332655,,,SCHEDULED
2026-10-07T00:10:04.820303+00:00,1287517,084,3109,48,0,1791332741,,,SCHEDULED
2026-10-07T00:10:04.820303+00:00,1287517,084,3110,49,0,1791332765,,,SCHEDULED
2026-10-07T00:10:04.820303+00:00,1287517,084,3769,50,0,1791332778,,,SCHEDULED
2026-10-07T00:10:04.820303+00:00,1287517,084,3770,51,0,1791332793,,,SCHEDULED
2026-10-07T00:10:04.820303+00:00,1287517,084,3771,52,0,1791332817,,,SCHEDULED
2026-10-07T00:10:04.820303+00:00,1287517,084,3772,53,0,1791332857,,,SCHEDULED
2026-10-07T00:10:04.820303+00:00,1287517,084,3773,54,0,1791332892,,,SCHEDULED
2026-10-07T00:10:04.820303+00:00,1287517,084,3774,55,0,1791332924,,,SCHEDULED
2026-10-07T00:10:04.820303+00:00,1287517,084,3775,56,0,1791332962,,,SCHEDULED
2026-10-07T00:10:04.820303+00:00,1287517,084,3776,57,0,1791333024,,,SCHEDULED
2026-10-07T00:10:04.820303+00:00,1287517,084,3777,58,0,1791333130,,,SCHEDULED
2026-10-07T00:10:04.820303+00:00,1287517,084,3778,59,0,1791333192,,,SCHEDULED
2026-10-07T00:10:04.820303+00:00,1287517,084,3780,60,0,1791333260,,,SCHEDULED
2026-10-07T00:10:04.820303+00:00,1287517,084,1688,61,0,1791333373,,,SCHEDULED
2026-10-07T00:10:04.820303+00:00,1287517,084,1687,62,0,1791333434,,,SCHEDULED
2026-10-07T00:10:04.820303+00:00,1287517,084,265,63,0,1791333492,,,SCHEDULED
2026-10-07T00:10:04.820303+00:00,1287515,084,9817,1,,,0,1791332889,SCHEDULED
2026-10-07T00:10:04.820303+00:00,1287515,084,2755,2,0,1791333017,,,SCHEDULED
2026-10-07T00:10:04.820303+00:00,1287515,084,2756,3,0,1791333053,,,SCHEDULED
2026-10-07T00:10:04.820303+00:00,1287515,084,2757,4,0,1791333073,,,SCHEDULED
2026-10-07T00:10:04.820303+00:00,1287515,084,2954,5,0,1791333310,,,SCHEDULED
2026-10-07T00:10:04.820303+00:00,1287515,084,2955,6,0,1791333376,,,SCHEDULED
2026-10-07T00:10:04.820303+00:00,1287515,084,2956,7,0,1791333410,,,SCHEDULED
2026-10-07T00:10:04.820303+00:00,1287515,084,2957,8,0,1791333436,,,SCHEDULED
2026-10-07T00:10:04.820303+00:00,1287515,084,2958,9,0,1791333475,,,SCHEDULED
2026-10-07T00:10:04.820303+00:00,1287515,084,2959,10,0,1791333506,,,SCHEDULED
2026-10-07T00:10:04.820303+00:00,1287515,084,2960,11,0,1791333533,,,SCHEDULED
2026-10-07T00:10:04.820303+00:00,1287515,084,2961,12,0,1791333566,,,SCHEDULED
2026-10-07T00:10:04.820303+00:00,1287518,084,3778,59,0,1791331859,,,SCHEDULED
2026-10-07T00:10:04.820303+00:00,1287518,084,3780,60,0,1791331927,,,SCHEDULED
2026-10-07T00:10:04.820303+00:00,1287518,084,1688,61,0,1791332040,,,SCHEDULED
2026-10-07T00:10:04.820303+00:00,1287518,084,1687,62,0,1791332101,,,SCHEDULED
2026-10-07T00:10:04.820303+00:00,1287518,084,265,63,0,1791332159,,,SCHEDULED
2026-10-07T00:10:04.820303+00:00,1287518,084,4731,64,0,1791332304,,,SCHEDULED
2026-10-07T00:10:04.820303+00:00,1287518,084,1303,65,0,1791332337,,,SCHEDULED
2026-10-07T00:10:04.820303+00:00,1287518,084,1291,66,0,1791332401,,,SCHEDULED
2026-10-07T00:10:04.820303+00:00,1287518,084,3696,67,0,1791332487,,,SCHEDULED
2026-10-07T00:10:04.820303+00:00,1287071,078,336,1,,,0,1791332040,SCHEDULED
2026-10-07T00:10:04.820303+00:00,1287071,078,2739,2,0,1791332108,,,SCHEDULED
2026-10-07T00:10:04.820303+00:00,1287071,078,2740,3,0,1791332161,,,SCHEDULED
2026-10-07T00:10:04.820303+00:00,1287071,078,2741,4,0,1791332232,,,SCHEDULED
2026-10-07T00:10:04.820303+00:00,1287071,078,2742,5,0,1791332289,,,SCHEDULED
2026-10-07T00:10:04.820303+00:00,1287071,078,2743,6,0,1791332413,,,SCHEDULED
2026-10-07T00:10:04.820303+00:00,1287071,078,2744,7,0,1791332527,,,SCHEDULED
2026-10-07T00:10:04.820303+00:00,1287071,078,2745,8,0,1791332616,,,SCHEDULED
2026-10-07T00:10:04.820303+00:00,1288440,177,658,1,,,0,1791332755,SCHEDULED
2026-10-07T00:10:04.820303+00:00,1288440,177,832,2,0,1791332946,,,SCHEDULED
2026-10-07T00:10:04.820303+00:00,1288440,177,3845,3,0,1791332978,,,SCHEDULED
2026-10-07T00:10:04.820303+00:00,1288440,177,795,4,0,1791333095,,,SCHEDULED
2026-10-07T00:10:04.820303+00:00,1285294,025,1057,1,,,0,1791333581,SCHEDULED
2026-10-07T00:10:04.820303+00:00,1288213,124,3287,38,0,1791331818,,,SCHEDULED
2026-10-07T00:10:04.820303+00:00,1285582,030,1721,11,0,1791331744,,,SCHEDULED
2026-10-07T00:10:04.820303+00:00,1285582,030,1722,12,0,1791331827,,,SCHEDULED
2026-10-07T00:10:04.820303+00:00,1285582,030,1723,13,0,1791331873,,,SCHEDULED
2026-10-07T00:10:04.820303+00:00,1285582,030,1725,14,0,1791332028,,,SCHEDULED
2026-10-07T00:10:04.820303+00:00,1285582,030,1726,15,0,1791332122,,,SCHEDULED
2026-10-07T00:10:04.820303+00:00,1285582,030,1727,16,0,1791332162,,,SCHEDULED
2026-10-07T00:10:04.820303+00:00,1285582,030,1728,17,0,1791332227,,,SCHEDULED
2026-10-07T00:10:04.820303+00:00,1285582,030,1729,18,0,1791332288,,,SCHEDULED
2026-10-07T00:10:04.820303+00:00,1285582,030,1730,19,0,1791332341,,,SCHEDULED
2026-10-07T00:10:04.820303+00:00,1285582,030,1732,20,0,1791332376,,,SCHEDULED
2026-10-07T00:10:04.820303+00:00,1285582,030,1734,21,0,1791332436,,,SCHEDULED
2026-10-07T00:10:04.820303+00:00,1285582,030,1735,22,0,1791332462,,,SCHEDULED
2026-10-07T00:10:04.820303+00:00,1285582,030,1736,23,0,1791332492,,,SCHEDULED
2026-10-07T00:10:04.820303+00:00,1285582,030,1737,24,0,1791332526,,,SCHEDULED
2026-10-07T00:10:04.820303+00:00,1285582,030,1739,25,0,1791332597,,,SCHEDULED
2026-10-07T00:10:04.820303+00:00,1288212,124,2798,16,0,1791332059,,,SCHEDULED
2026-10-07T00:10:04.820303+00:00,1288212,124,2799,17,0,1791332077,,,SCHEDULED
2026-10-07T00:10:04.820303+00:00,1288212,124,2800,18,0,1791332121,,,SCHEDULED
2026-10-07T00:10:04.820303+00:00,1288212,124,3273,19,0,1791332173,,,SCHEDULED
2026-10-07T00:10:04.820303+00:00,1288212,124,3040,20,0,1791332316,,,SCHEDULED
2026-10-07T00:10:04.820303+00:00,1288212,124,4775,21,0,1791332364,,,SCHEDULED
2026-10-07T00:10:04.820303+00:00,1288212,124,3042,22,0,1791332395,,,SCHEDULED
2026-10-07T00:10:04.820303+00:00,1288212,124,3043,23,0,1791332411,,,SCHEDULED
2026-10-07T00:10:04.820303+00:00,1288212,124,627,24,0,1791332442,,,SCHEDULED
2026-10-07T00:10:04.820303+00:00,1288212,124,1322,25,0,1791332492,,,SCHEDULED
2026-10-07T00:10:04.820303+00:00,1288212,124,1323,26,0,1791332513,,,SCHEDULED
2026-10-07T00:10:04.820303+00:00,1288212,124,1324,27,0,1791332538,,,SCHEDULED
2026-10-07T00:10:04.820303+00:00,1288212,124,1325,28,0,1791332637,,,SCHEDULED
2026-10-07T00:10:04.820303+00:00,1288212,124,1326,29,0,1791332640,,,SCHEDULED
2026-10-07T00:10:04.820303+00:00,1288212,124,1327,30,0,1791332675,,,SCHEDULED
2026-10-07T00:10:04.820303+00:00,1288212,124,3456,31,0,1791332740,,,SCHEDULED
2026-10-07T00:10:04.820303+00:00,1288212,124,5359,32,0,1791332797,,,SCHEDULED
2026-10-07T00:10:04.820303+00:00,1288212,124,3457,33,0,1791332839,,,SCHEDULED
2026-10-07T00:10:04.820303+00:00,1288212,124,3282,34,0,1791333023,,,SCHEDULED
2026-10-07T00:10:04.820303+00:00,1288212,124,3283,35,0,1791333066,,,SCHEDULED
2026-10-07T00:10:04.820303+00:00,1288212,124,3285,36,0,1791333225,,,SCHEDULED
2026-10-07T00:10:04.820303+00:00,1288212,124,3286,37,0,1791333298,,,SCHEDULED
2026-10-07T00:10:04.820303+00:00,1288212,124,3287,38,0,1791333438,,,SCHEDULED
2026-10-07T00:10:04.820303+00:00,1285581,030,282,1,,,0,1791332736,SCHEDULED
2026-10-07T00:10:04.820303+00:00,1285581,030,414,2,0,1791332993,,,SCHEDULED
2026-10-07T00:10:04.820303+00:00,1285581,030,415,3,0,1791333050,,,SCHEDULED
2026-10-07T00:10:04.820303+00:00,1285581,030,416,4,0,1791333112,,,SCHEDULED
2026-10-07T00:10:04.820303+00:00,1285581,030,418,5,0,1791333183,,,SCHEDULED
2026-10-07T00:10:04.820303+00:00,1285581,030,4763,6,0,1791333272,,,SCHEDULED
2026-10-07T00:10:04.820303+00:00,1285581,030,1716,7,0,1791333332,,,SCHEDULED
2026-10-07T00:10:04.820303+00:00,1285581,030,1717,8,0,1791333373,,,SCHEDULED
2026-10-07T00:10:04.820303+00:00,1285581,030,1718,9,0,1791333411,,,SCHEDULED
2026-10-07T00:10:04.820303+00:00,1285581,030,1720,10,0,1791333490,,,SCHEDULED
2026-10-07T00:10:04.820303+00:00,1288056,093,1069,1,,,0,1791333125,SCHEDULED
2026-10-07T00:10:04.820303+00:00,1288056,093,3332,2,0,1791333184,,,SCHEDULED
2026-10-07T00:10:04.820303+00:00,1288056,093,3333,3,0,1791333233,,,SCHEDULED
2026-10-07T00:10:04.820303+00:00,1288056,093,3334,4,0,1791333273,,,SCHEDULED
2026-10-07T00:10:04.820303+00:00,1288056,093,3335,5,0,1791333322,,,SCHEDULED
2026-10-07T00:10:04.820303+00:00,1288056,093,4655,6,0,1791333368,,,SCHEDULED
2026-10-07T00:10:04.820303+00:00,1288056,093,875,7,0,1791333429,,,SCHEDULED
2026-10-07T00:10:04.820303+00:00,1288056,093,5369,8,0,1791333505,,,SCHEDULED
2026-10-07T00:10:04.820303+00:00,1288211,124,9921,1,,,0,1791331980,SCHEDULED
2026-10-07T00:10:04.820303+00:00,1288211,124,4064,2,0,1791332229,,,SCHEDULED
2026-10-07T00:10:04.820303+00:00,1288211,124,4065,3,0,1791332298,,,SCHEDULED
2026-10-07T00:10:04.820303+00:00,1288211,124,837,4,0,1791332330,,,SCHEDULED
2026-10-07T00:10:04.820303+00:00,1288211,124,3811,5,0,1791332400,,,SCHEDULED
2026-10-07T00:10:04.820303+00:00,1288211,124,3812,6,0,1791332441,,,SCHEDULED
2026-10-07T00:10:04.820303+00:00,1288211,124,3813,7,0,1791332465,,,SCHEDULED
2026-10-07T00:10:04.820303+00:00,1288211,124,4068,8,0,1791332518,,,SCHEDULED
2026-10-07T00:10:04.820303+00:00,1288211,124,953,9,0,1791332589,,,SCHEDULED
2026-10-07T00:10:04.820303+00:00,1288211,124,951,10,0,1791332706,,,SCHEDULED
2026-10-07T00:10:04.820303+00:00,1288211,124,5289,11,0,1791332816,,,SCHEDULED
2026-10-07T00:10:04.820303+00:00,1288211,124,5285,12,0,1791332880,,,SCHEDULED
2026-10-07T00:10:04.820303+00:00,1288211,124,3026,13,0,1791333158,,,SCHEDULED
2026-10-07T00:10:04.820303+00:00,1288211,124,3027,14,0,1791333230,,,SCHEDULED
2026-10-07T00:10:04.820303+00:00,1288211,124,3028,15,0,1791333302,,,SCHEDULED
2026-10-07T00:10:04.820303+00:00,1288057,093,4720,9,0,1791331799,,,SCHEDULED
2026-10-07T00:10:04.820303+00:00,1288057,093,4721,10,0,1791331839,,,SCHEDULED
2026-10-07T00:10:04.820303+00:00,1288057,093,4743,11,0,1791331915,,,SCHEDULED
2026-10-07T00:10:04.820303+00:00,1288057,093,1576,12,0,1791332032,,,SCHEDULED
2026-10-07T00:10:04.820303+00:00,1288057,093,3555,13,0,1791332218,,,SCHEDULED
2026-10-07T00:10:04.820303+00:00,1288057,093,3556,14,0,1791332255,,,SCHEDULED
2026-10-07T00:10:04.820303+00:00,1288057,093,3557,15,0,1791332292,,,SCHEDULED
2026-10-07T00:10:04.820303+00:00,1288057,093,3540,16,0,1791332407,,,SCHEDULED
2026-10-07T00:10:04.820303+00:00,1288057,093,3541,17,0,1791332455,,,SCHEDULED
2026-10-07T00:10:04.820303+00:00,1288057,093,3542,18,0,1791332486,,,SCHEDULED
2026-10-07T00:10:04.820303+00:00,1288057,093,3543,19,0,1791332526,,,SCHEDULED
2026-10-07T00:10:04.820303+00:00,1288057,093,3544,20,0,1791332566,,,SCHEDULED
2026-10-07T00:10:04.820303+00:00,1288057,093,3545,21,0,1791332621,,,SCHEDULED
2026-10-07T00:10:04.820303+00:00,1288057,093,3547,22,0,1791332690,,,SCHEDULED
2026-10-07T00:10:04.820303+00:00,1288057,093,3548,23,0,1791332759,,,SCHEDULED
2026-10-07T00:10:04.820303+00:00,1288057,093,3549,24,0,1791332817,,,SCHEDULED
2026-10-07T00:10:04.820303+00:00,1288057,093,3550,25,0,1791332872,,,SCHEDULED
2026-10-07T00:10:04.820303+00:00,1288057,093,3551,26,0,1791332920,,,SCHEDULED
2026-10-07T00:10:04.820303+00:00,1288057,093,3552,27,0,1791332953,,,SCHEDULED
2026-10-07T00:10:04.820303+00:00,1288057,093,3508,28,0,1791332985,,,SCHEDULED
2026-10-07T00:10:04.820303+00:00,1288057,093,3509,29,0,1791333065,,,SCHEDULED
2026-10-07T00:10:04.820303+00:00,1288057,093,3510,30,0,1791333106,,,SCHEDULED
2026-10-07T00:10:04.820303+00:00,1288057,093,3069,31,0,1791333262,,,SCHEDULED
2026-10-07T00:10:04.820303+00:00,1288057,093,3049,32,0,1791333402,,,SCHEDULED
2026-10-07T00:10:04.820303+00:00,1288057,093,3070,33,0,1791333412,,,SCHEDULED
2026-10-07T00:10:04.820303+00:00,1288057,093,3071,34,0,1791333525,,,SCHEDULED
2026-10-07T00:10:04.820303+00:00,1288057,093,3072,35,0,1791333552,,,SCHEDULED
2026-10-07T00:10:04.820303+00:00,1288217,129,329,4,0,1791331893,,,SCHEDULED
2026-10-07T00:10:04.820303+00:00,1288217,129,330,5,0,1791331941,,,SCHEDULED
2026-10-07T00:10:04.820303+00:00,1288217,129,331,6,0,1791332029,,,SCHEDULED
2026-10-07T00:10:04.820303+00:00,1288217,129,668,7,0,1791332071,,,SCHEDULED
2026-10-07T00:10:04.820303+00:00,1288217,129,1759,8,0,1791332334,,,SCHEDULED
2026-10-07T00:10:04.820303+00:00,1288217,129,536,9,0,1791332451,,,SCHEDULED
2026-10-07T00:10:04.820303+00:00,1288217,129,1099,10,0,1791333112,,,SCHEDULED
2026-10-07T00:10:04.820303+00:00,1288217,129,1100,11,0,1791333380,,,SCHEDULED
2026-10-07T00:10:04.820303+00:00,1288217,129,1101,12,0,1791333425,,,SCHEDULED
2026-10-07T00:10:04.820303+00:00,1288217,129,1102,13,0,1791333508,,,SCHEDULED
2026-10-07T00:10:04.820303+00:00,1288217,129,1103,14,0,1791333588,,,SCHEDULED
2026-10-07T00:10:04.820303+00:00,1288216,129,1106,17,0,1791331847,,,SCHEDULED
2026-10-07T00:10:04.820303+00:00,1288216,129,1107,18,0,1791331906,,,SCHEDULED
2026-10-07T00:10:04.820303+00:00,1288216,129,1108,19,0,1791331991,,,SCHEDULED
2026-10-07T00:10:04.820303+00:00,1288216,129,1109,20,0,1791332073,,,SCHEDULED
2026-10-07T00:10:04.820303+00:00,1288216,129,1110,21,0,1791332112,,,SCHEDULED
2026-10-07T00:10:04.820303+00:00,1288216,129,1111,22,0,1791332153,,,SCHEDULED
2026-10-07T00:10:04.820303+00:00,1288216,129,1112,23,0,1791332200,,,SCHEDULED
2026-10-07T00:10:04.820303+00:00,1288216,129,1113,24,0,1791332266,,,SCHEDULED
2026-10-07T00:10:04.820303+00:00,1288216,129,1114,25,0,1791332326,,,SCHEDULED
2026-10-07T00:10:04.820303+00:00,1288216,129,1115,26,0,1791332355,,,SCHEDULED
2026-10-07T00:10:04.820303+00:00,1288216,129,1116,27,0,1791332418,,,SCHEDULED
2026-10-07T00:10:04.820303+00:00,1288216,129,1175,28,0,1791332543,,,SCHEDULED
2026-10-07T00:10:04.820303+00:00,1288216,129,1176,29,0,1791332576,,,SCHEDULED
2026-10-07T00:10:04.820303+00:00,1288216,129,1177,30,0,1791332632,,,SCHEDULED
2026-10-07T00:10:04.820303+00:00,1288216,129,1178,31,0,1791332650,,,SCHEDULED
2026-10-07T00:10:04.820303+00:00,1288216,129,1180,32,0,1791332687,,,SCHEDULED
2026-10-07T00:10:04.820303+00:00,1288216,129,1183,33,0,1791332702,,,SCHEDULED
2026-10-07T00:10:04.820303+00:00,1288216,129,1181,34,0,1791332738,,,SCHEDULED
2026-10-07T00:10:04.820303+00:00,1288216,129,1182,35,0,1791332801,,,SCHEDULED
2026-10-07T00:10:04.820303+00:00,1288216,129,1284,36,0,1791332902,,,SCHEDULED
2026-10-07T00:10:04.820303+00:00,1288216,129,1286,37,0,1791333029,,,SCHEDULED
2026-10-07T00:10:04.820303+00:00,1288216,129,1287,38,0,1791333066,,,SCHEDULED
2026-10-07T00:10:04.820303+00:00,1288216,129,1288,39,0,1791333127,,,SCHEDULED
2026-10-07T00:10:04.820303+00:00,1288216,129,1289,40,0,1791333191,,,SCHEDULED
2026-10-07T00:10:04.820303+00:00,1288216,129,1290,41,0,1791333247,,,SCHEDULED
2026-10-07T00:10:04.820303+00:00,1288216,129,1292,42,0,1791333378,,,SCHEDULED
2026-10-07T00:10:04.820303+00:00,1288216,129,1293,43,0,1791333440,,,SCHEDULED
2026-10-07T00:10:04.820303+00:00,1288216,129,1294,44,0,1791333497,,,SCHEDULED
2026-10-07T00:10:04.820303+00:00,1288216,129,1295,45,0,1791333530,,,SCHEDULED
2026-10-07T00:10:04.820303+00:00,1286318,061,1860,2,0,1791331814,,,SCHEDULED
2026-10-07T00:10:04.820303+00:00,1286318,061,1861,3,0,1791331907,,,SCHEDULED
2026-10-07T00:10:04.820303+00:00,1286318,061,1862,4,0,1791332008,,,SCHEDULED
2026-10-07T00:10:04.820303+00:00,1286318,061,1863,5,0,1791332054,,,SCHEDULED
2026-10-07T00:10:04.820303+00:00,1286318,061,1864,6,0,1791332180,,,SCHEDULED
2026-10-07T00:10:04.820303+00:00,1286318,061,1865,7,0,1791332240,,,SCHEDULED
2026-10-07T00:10:04.820303+00:00,1286318,061,1866,8,0,1791332248,,,SCHEDULED
2026-10-07T00:10:04.820303+00:00,1286318,061,1867,9,0,1791332289,,,SCHEDULED
2026-10-07T00:10:04.820303+00:00,1286318,061,1868,10,0,1791332354,,,SCHEDULED
2026-10-07T00:10:04.820303+00:00,1286318,061,1870,11,0,1791332411,,,SCHEDULED
2026-10-07T00:10:04.820303+00:00,1286318,061,1871,12,0,1791332428,,,SCHEDULED
2026-10-07T00:10:04.820303+00:00,1286318,061,1872,13,0,1791332435,,,SCHEDULED
2026-10-07T00:10:04.820303+00:00,1286318,061,1873,14,0,1791332455,,,SCHEDULED
2026-10-07T00:10:04.820303+00:00,1286318,061,1874,15,0,1791332511,,,SCHEDULED
2026-10-07T00:10:04.820303+00:00,1286318,061,1875,16,0,1791332598,,,SCHEDULED
2026-10-07T00:10:04.820303+00:00,1286318,061,1876,17,0,1791332665,,,SCHEDULED
2026-10-07T00:10:04.820303+00:00,1286318,061,1877,18,0,1791332684,,,SCHEDULED
2026-10-07T00:10:04.820303+00:00,1286318,061,1878,19,0,1791332720,,,SCHEDULED
2026-10-07T00:10:04.820303+00:00,1286318,061,1879,20,0,1791332737,,,SCHEDULED
2026-10-07T00:10:04.820303+00:00,1286318,061,2201,21,0,1791332845,,,SCHEDULED
2026-10-07T00:10:04.820303+00:00,1286318,061,2202,22,0,1791332909,,,SCHEDULED
2026-10-07T00:10:04.820303+00:00,1286318,061,2203,23,0,1791332936,,,SCHEDULED
2026-10-07T00:10:04.820303+00:00,1286318,061,2204,24,0,1791332971,,,SCHEDULED
2026-10-07T00:10:04.820303+00:00,1286318,061,2205,25,0,1791332984,,,SCHEDULED
2026-10-07T00:10:04.820303+00:00,1286318,061,2206,26,0,1791333003,,,SCHEDULED
2026-10-07T00:10:04.820303+00:00,1286318,061,2200,27,0,1791333019,,,SCHEDULED
2026-10-07T00:10:04.820303+00:00,1286318,061,2207,28,0,1791333068,,,SCHEDULED
2026-10-07T00:10:04.820303+00:00,1286318,061,2208,29,0,1791333098,,,SCHEDULED
2026-10-07T00:10:04.820303+00:00,1286318,061,2209,30,0,1791333117,,,SCHEDULED
2026-10-07T00:10:04.820303+00:00,1286318,061,2210,31,0,1791333135,,,SCHEDULED
2026-10-07T00:10:04.820303+00:00,1286318,061,2211,32,0,1791333154,,,SCHEDULED
2026-10-07T00:10:04.820303+00:00,1286318,061,2212,33,0,1791333168,,,SCHEDULED
2026-10-07T00:10:04.820303+00:00,1286318,061,2213,34,0,1791333197,,,SCHEDULED
2026-10-07T00:10:04.820303+00:00,1286318,061,2214,35,0,1791333295,,,SCHEDULED
2026-10-07T00:10:04.820303+00:00,1285746,033,628,1,,,0,1791333240,SCHEDULED
2026-10-07T00:10:04.820303+00:00,1285746,033,5259,2,0,1791333401,,,SCHEDULED
2026-10-07T00:10:04.820303+00:00,1285746,033,5260,3,0,1791333456,,,SCHEDULED
2026-10-07T00:10:04.820303+00:00,1285746,033,5257,4,0,1791333482,,,SCHEDULED
2026-10-07T00:10:04.820303+00:00,1285900,051,3131,1,,,0,1791332100,SCHEDULED
2026-10-07T00:10:04.820303+00:00,1285900,051,1884,2,0,1791332180,,,SCHEDULED
2026-10-07T00:10:04.820303+00:00,1285900,051,1885,3,0,1791332268,,,SCHEDULED
2026-10-07T00:10:04.820303+00:00,1285900,051,1887,4,0,1791332358,,,SCHEDULED
2026-10-07T00:10:04.820303+00:00,1285900,051,1888,5,0,1791332394,,,SCHEDULED
2026-10-07T00:10:04.820303+00:00,1285900,051,1889,6,0,1791332468,,,SCHEDULED
2026-10-07T00:10:04.820303+00:00,1285900,051,1890,7,0,1791332520,,,SCHEDULED
2026-10-07T00:10:04.820303+00:00,1285900,051,1891,8,0,1791332572,,,SCHEDULED
2026-10-07T00:10:04.820303+00:00,1285900,051,1892,9,0,1791332640,,,SCHEDULED
2026-10-07T00:10:04.820303+00:00,1285900,051,1893,10,0,1791332673,,,SCHEDULED
2026-10-07T00:10:04.820303+00:00,1285900,051,1894,11,0,1791332720,,,SCHEDULED
2026-10-07T00:10:04.820303+00:00,1285900,051,1895,12,0,1791332769,,,SCHEDULED
2026-10-07T00:10:04.820303+00:00,1285900,051,1896,13,0,1791332800,,,SCHEDULED
2026-10-07T00:10:04.820303+00:00,1285900,051,1898,14,0,1791332865,,,SCHEDULED
2026-10-07T00:10:04.820303+00:00,1285900,051,1899,15,0,1791332908,,,SCHEDULED
2026-10-07T00:10:04.820303+00:00,1285900,051,1901,16,0,1791332951,,,SCHEDULED
2026-10-07T00:10:04.820303+00:00,1285900,051,1902,17,0,1791332988,,,SCHEDULED
2026-10-07T00:10:04.820303+00:00,1285900,051,1904,18,0,1791333060,,,SCHEDULED
2026-10-07T00:10:04.820303+00:00,1285900,051,1905,19,0,1791333104,,,SCHEDULED
2026-10-07T00:10:04.820303+00:00,1285900,051,1906,20,0,1791333152,,,SCHEDULED
2026-10-07T00:10:04.820303+00:00,1285900,051,1907,21,0,1791333200,,,SCHEDULED
2026-10-07T00:10:04.820303+00:00,1285900,051,1908,22,0,1791333236,,,SCHEDULED
2026-10-07T00:10:04.820303+00:00,1285900,051,1911,23,0,1791333328,,,SCHEDULED
2026-10-07T00:10:04.820303+00:00,1285900,051,1913,24,0,1791333425,,,SCHEDULED
2026-10-07T00:10:04.820303+00:00,1285900,051,1914,25,0,1791333482,,,SCHEDULED
2026-10-07T00:10:04.820303+00:00,1285900,051,1915,26,0,1791333540,,,SCHEDULED
2026-10-07T00:10:04.820303+00:00,1287922,088,414,24,0,1791331809,,,SCHEDULED
2026-10-07T00:10:04.820303+00:00,1287922,088,415,25,0,1791331877,,,SCHEDULED
2026-10-07T00:10:04.820303+00:00,1287922,088,416,26,0,1791331941,,,SCHEDULED
2026-10-07T00:10:04.820303+00:00,1286319,061,2215,36,0,1791331812,,,SCHEDULED
2026-10-07T00:10:04.820303+00:00,1286319,061,2216,37,0,1791331824,,,SCHEDULED
2026-10-07T00:10:04.820303+00:00,1286319,061,2217,38,0,1791331876,,,SCHEDULED
2026-10-07T00:10:04.820303+00:00,1286319,061,2218,39,0,1791331928,,,SCHEDULED
2026-10-07T00:10:04.820303+00:00,1286319,061,2220,40,0,1791331987,,,SCHEDULED
2026-10-07T00:10:04.820303+00:00,1286319,061,2221,41,0,1791332155,,,SCHEDULED
2026-10-07T00:10:04.820303+00:00,1286319,061,2222,42,0,1791332183,,,SCHEDULED
2026-10-07T00:10:04.820303+00:00,1286319,061,2223,43,0,1791332217,,,SCHEDULED
2026-10-07T00:10:04.820303+00:00,1286319,061,6107,44,0,1791332242,,,SCHEDULED
2026-10-07T00:10:04.820303+00:00,1286319,061,2224,45,0,1791332348,,,SCHEDULED
2026-10-07T00:10:04.820303+00:00,1286319,061,2225,46,0,1791332365,,,SCHEDULED
2026-10-07T00:10:04.820303+00:00,1286319,061,2226,47,0,1791332382,,,SCHEDULED
2026-10-07T00:10:04.820303+00:00,1286319,061,2227,48,0,1791332401,,,SCHEDULED
2026-10-07T00:10:04.820303+00:00,1286319,061,2228,49,0,1791332424,,,SCHEDULED
2026-10-07T00:10:04.820303+00:00,1286319,061,6100,50,0,1791332500,,,SCHEDULED
2026-10-07T00:10:04.820303+00:00,1286319,061,997,51,0,1791332670,,,SCHEDULED
2026-10-07T00:10:04.820303+00:00,1286319,061,998,52,0,1791332727,,,SCHEDULED
2026-10-07T00:10:04.820303+00:00,1286319,061,999,53,0,1791332762,,,SCHEDULED
2026-10-07T00:10:04.820303+00:00,1286319,061,249,54,0,1791332801,,,SCHEDULED
2026-10-07T00:10:04.820303+00:00,1286319,061,248,55,0,1791332857,,,SCHEDULED
2026-10-07T00:10:04.820303+00:00,1286319,061,250,56,0,1791332927,,,SCHEDULED
2026-10-07T00:10:04.820303+00:00,1286319,061,264,57,0,1791333034,,,SCHEDULED
2026-10-07T00:10:04.820303+00:00,1286319,061,263,58,0,1791333061,,,SCHEDULED
2026-10-07T00:10:04.820303+00:00,1286319,061,2180,59,0,1791333130,,,SCHEDULED
2026-10-07T00:10:04.820303+00:00,1286319,061,2181,60,0,1791333196,,,SCHEDULED
2026-10-07T00:10:04.820303+00:00,1286319,061,4395,61,0,1791333269,,,SCHEDULED
2026-10-07T00:10:04.820303+00:00,1286319,061,4396,62,0,1791333295,,,SCHEDULED
2026-10-07T00:10:04.820303+00:00,1286319,061,4397,63,0,1791333319,,,SCHEDULED
2026-10-07T00:10:04.820303+00:00,1286319,061,4398,64,0,1791333356,,,SCHEDULED
2026-10-07T00:10:04.820303+00:00,1286319,061,4391,65,0,1791333408,,,SCHEDULED
2026-10-07T00:10:04.820303+00:00,1286319,061,4399,66,0,1791333428,,,SCHEDULED
2026-10-07T00:10:04.820303+00:00,1286319,061,4392,67,0,1791333456,,,SCHEDULED
2026-10-07T00:10:04.820303+00:00,1284815,015,9807,1,,,0,1791331860,SCHEDULED
2026-10-07T00:10:04.820303+00:00,1284815,015,545,2,0,1791331931,,,SCHEDULED
2026-10-07T00:10:04.820303+00:00,1284815,015,547,3,0,1791331999,,,SCHEDULED
2026-10-07T00:10:04.820303+00:00,1284815,015,548,4,0,1791332026,,,SCHEDULED
2026-10-07T00:10:04.820303+00:00,1284815,015,549,5,0,1791332058,,,SCHEDULED
2026-10-07T00:10:04.820303+00:00,1284815,015,960,6,0,1791332091,,,SCHEDULED
2026-10-07T00:10:04.820303+00:00,1284815,015,961,7,0,1791332112,,,SCHEDULED
2026-10-07T00:10:04.820303+00:00,1284815,015,962,8,0,1791332141,,,SCHEDULED
2026-10-07T00:10:04.820303+00:00,1284815,015,963,9,0,1791332198,,,SCHEDULED
2026-10-07T00:10:04.820303+00:00,1284815,015,964,10,0,1791332236,,,SCHEDULED
2026-10-07T00:10:04.820303+00:00,1284815,015,965,11,0,1791332272,,,SCHEDULED
2026-10-07T00:10:04.820303+00:00,1284815,015,966,12,0,1791332349,,,SCHEDULED
2026-10-07T00:10:04.820303+00:00,1284815,015,967,13,0,1791332385,,,SCHEDULED
2026-10-07T00:10:04.820303+00:00,1284815,015,968,14,0,1791332418,,,SCHEDULED
2026-10-07T00:10:04.820303+00:00,1284815,015,969,15,0,1791332456,,,SCHEDULED
2026-10-07T00:10:04.820303+00:00,1284815,015,836,16,0,1791332492,,,SCHEDULED
2026-10-07T00:10:04.820303+00:00,1284815,015,838,17,0,1791332542,,,SCHEDULED
2026-10-07T00:10:04.820303+00:00,1284815,015,839,18,0,1791332593,,,SCHEDULED
2026-10-07T00:10:04.820303+00:00,1284815,015,840,19,0,1791332658,,,SCHEDULED
2026-10-07T00:10:04.820303+00:00,1284815,015,841,20,0,1791332700,,,SCHEDULED
2026-10-07T00:10:04.820303+00:00,1284815,015,842,21,0,1791332717,,,SCHEDULED
2026-10-07T00:10:04.820303+00:00,1284815,015,843,22,0,1791332735,,,SCHEDULED
2026-10-07T00:10:04.820303+00:00,1284815,015,845,23,0,1791332772,,,SCHEDULED
2026-10-07T00:10:04.820303+00:00,1284815,015,846,24,0,1791332782,,,SCHEDULED
2026-10-07T00:10:04.820303+00:00,1284815,015,847,25,0,1791332802,,,SCHEDULED
2026-10-07T00:10:04.820303+00:00,1284815,015,848,26,0,1791332818,,,SCHEDULED
2026-10-07T00:10:04.820303+00:00,1284815,015,3098,27,0,1791333097,,,SCHEDULED
2026-10-07T00:10:04.820303+00:00,1284935,019,683,19,0,1791331860,,,SCHEDULED
2026-10-07T00:10:04.820303+00:00,1284935,019,716,20,0,1791331888,,,SCHEDULED
2026-10-07T00:10:04.820303+00:00,1284935,019,717,21,0,1791331907,,,SCHEDULED
2026-10-07T00:10:04.820303+00:00,1284935,019,731,22,0,1791332134,,,SCHEDULED
2026-10-07T00:10:04.820303+00:00,1284935,019,732,23,0,1791332166,,,SCHEDULED
2026-10-07T00:10:04.820303+00:00,1284935,019,733,24,0,1791332187,,,SCHEDULED
2026-10-07T00:10:04.820303+00:00,1284935,019,734,25,0,1791332201,,,SCHEDULED
2026-10-07T00:10:04.820303+00:00,1284935,019,735,26,0,1791332228,,,SCHEDULED
2026-10-07T00:10:04.820303+00:00,1284935,019,736,27,0,1791332271,,,SCHEDULED
2026-10-07T00:10:04.820303+00:00,1284935,019,737,28,0,1791332289,,,SCHEDULED
2026-10-07T00:10:04.820303+00:00,1284935,019,738,29,0,1791332305,,,SCHEDULED
2026-10-07T00:10:04.820303+00:00,1284935,019,739,30,0,1791332324,,,SCHEDULED
2026-10-07T00:10:04.820303+00:00,1284935,019,740,31,0,1791332340,,,SCHEDULED
2026-10-07T00:10:04.820303+00:00,1284935,019,741,32,0,1791332369,,,SCHEDULED
2026-10-07T00:10:04.820303+00:00,1284935,019,1333,33,0,1791332523,,,SCHEDULED
2026-10-07T00:10:04.820303+00:00,1284935,019,3115,34,0,1791333060,,,SCHEDULED
2026-10-07T00:10:04.820303+00:00,1284935,019,3116,35,0,1791333086,,,SCHEDULED
2026-10-07T00:10:04.820303+00:00,1284935,019,3117,36,0,1791333106,,,SCHEDULED
2026-10-07T00:10:04.820303+00:00,1284935,019,3118,37,0,1791333140,,,SCHEDULED
2026-10-07T00:10:04.820303+00:00,1284935,019,3119,38,0,1791333157,,,SCHEDULED
2026-10-07T00:10:04.820303+00:00,1284935,019,3121,39,0,1791333198,,,SCHEDULED
2026-10-07T00:10:04.820303+00:00,1284935,019,3122,40,0,1791333231,,,SCHEDULED
2026-10-07T00:10:04.820303+00:00,1284935,019,3123,41,0,1791333278,,,SCHEDULED
2026-10-07T00:10:04.820303+00:00,1284935,019,3124,42,0,1791333321,,,SCHEDULED
2026-10-07T00:10:04.820303+00:00,1284935,019,3125,43,0,1791333354,,,SCHEDULED
2026-10-07T00:10:04.820303+00:00,1284935,019,3696,44,0,1791333431,,,SCHEDULED
2026-10-07T00:10:04.820303+00:00,1284928,019,780,9,0,1791331875,,,SCHEDULED
2026-10-07T00:10:04.820303+00:00,1284928,019,781,10,0,1791331911,,,SCHEDULED
2026-10-07T00:10:04.820303+00:00,1284928,019,782,11,0,1791331954,,,SCHEDULED
2026-10-07T00:10:04.820303+00:00,1284928,019,783,12,0,1791332025,,,SCHEDULED
2026-10-07T00:10:04.820303+00:00,1284928,019,784,13,0,1791332043,,,SCHEDULED
2026-10-07T00:10:04.820303+00:00,1284928,019,785,14,0,1791332059,,,SCHEDULED
2026-10-07T00:10:04.820303+00:00,1284928,019,786,15,0,1791332112,,,SCHEDULED
2026-10-07T00:10:04.820303+00:00,1284928,019,787,16,0,1791332159,,,SCHEDULED
2026-10-07T00:10:04.820303+00:00,1284928,019,788,17,0,1791332174,,,SCHEDULED
2026-10-07T00:10:04.820303+00:00,1284928,019,789,18,0,1791332183,,,SCHEDULED
2026-10-07T00:10:04.820303+00:00,1284928,019,1212,19,0,1791332304,,,SCHEDULED
2026-10-07T00:10:04.820303+00:00,1284928,019,804,20,0,1791332564,,,SCHEDULED
2026-10-07T00:10:04.820303+00:00,1284928,019,805,21,0,1791332582,,,SCHEDULED
2026-10-07T00:10:04.820303+00:00,1284928,019,806,22,0,1791332609,,,SCHEDULED
2026-10-07T00:10:04.820303+00:00,1284928,019,661,23,0,1791332727,,,SCHEDULED
2026-10-07T00:10:04.820303+00:00,1284928,019,4863,24,0,1791332763,,,SCHEDULED
2026-10-07T00:10:04.820303+00:00,1284928,019,5368,25,0,1791332787,,,SCHEDULED
2026-10-07T00:10:04.820303+00:00,1284928,019,810,26,0,1791332846,,,SCHEDULED
2026-10-07T00:10:04.820303+00:00,1284928,019,811,27,0,1791332922,,,SCHEDULED
2026-10-07T00:10:04.820303+00:00,1284928,019,812,28,0,1791333061,,,SCHEDULED
2026-10-07T00:10:04.820303+00:00,1284928,019,813,29,0,1791333119,,,SCHEDULED
2026-10-07T00:10:04.820303+00:00,1284928,019,814,30,0,1791333153,,,SCHEDULED
2026-10-07T00:10:04.820303+00:00,1284928,019,815,31,0,1791333173,,,SCHEDULED
2026-10-07T00:10:04.820303+00:00,1284928,019,5347,32,0,1791333236,,,SCHEDULED
2026-10-07T00:10:04.820303+00:00,1284928,019,824,33,0,1791333352,,,SCHEDULED
2026-10-07T00:10:04.820303+00:00,1284928,019,825,34,0,1791333398,,,SCHEDULED
2026-10-07T00:10:04.820303+00:00,1284928,019,826,35,0,1791333400,,,SCHEDULED
2026-10-07T00:10:04.820303+00:00,1284928,019,827,36,0,1791333483,,,SCHEDULED
2026-10-07T00:10:04.820303+00:00,1284928,019,5242,37,0,1791333536,,,SCHEDULED
2026-10-07T00:10:04.820303+00:00,1284928,019,829,38,0,1791333595,,,SCHEDULED
2026-10-07T00:10:04.820303+00:00,1288172,102,668,1,,,0,1791332738,SCHEDULED
2026-10-07T00:10:04.820303+00:00,1288172,102,221,2,0,1791332787,,,SCHEDULED
2026-10-07T00:10:04.820303+00:00,1288172,102,222,3,0,1791332814,,,SCHEDULED
2026-10-07T00:10:04.820303+00:00,1288172,102,223,4,0,1791332922,,,SCHEDULED
2026-10-07T00:10:04.820303+00:00,1288172,102,225,5,0,1791333049,,,SCHEDULED
2026-10-07T00:10:04.820303+00:00,1288172,102,226,6,0,1791333108,,,SCHEDULED
2026-10-07T00:10:04.820303+00:00,1288172,102,108,7,0,1791333172,,,SCHEDULED
2026-10-07T00:10:04.820303+00:00,1288172,102,123,8,0,1791333230,,,SCHEDULED
2026-10-07T00:10:04.820303+00:00,1288172,102,125,9,0,1791333298,,,SCHEDULED
2026-10-07T00:10:04.820303+00:00,1288172,102,126,10,0,1791333319,,,SCHEDULED
2026-10-07T00:10:04.820303+00:00,1288172,102,127,11,0,1791333335,,,SCHEDULED
2026-10-07T00:10:04.820303+00:00,1288172,102,128,12,0,1791333405,,,SCHEDULED
2026-10-07T00:10:04.820303+00:00,1288172,102,130,13,0,1791333444,,,SCHEDULED
2026-10-07T00:10:04.820303+00:00,1288172,102,131,14,0,1791333486,,,SCHEDULED
2026-10-07T00:10:04.820303+00:00,1288172,102,132,15,0,1791333502,,,SCHEDULED
2026-10-07T00:10:04.820303+00:00,1288172,102,133,16,0,1791333523,,,SCHEDULED
2026-10-07T00:10:04.820303+00:00,1288172,102,134,17,0,1791333547,,,SCHEDULED
2026-10-07T00:10:04.820303+00:00,1288172,102,135,18,0,1791333568,,,SCHEDULED
2026-10-07T00:10:04.820303+00:00,1288172,102,136,19,0,1791333589,,,SCHEDULED
2026-10-07T00:10:04.820303+00:00,1287376,082,1447,2,0,1791331989,,,SCHEDULED
2026-10-07T00:10:04.820303+00:00,1287376,082,1448,3,0,1791332020,,,SCHEDULED
2026-10-07T00:10:04.820303+00:00,1287376,082,1449,4,0,1791332050,,,SCHEDULED
2026-10-07T00:10:04.820303+00:00,1287376,082,674,5,0,1791332167,,,SCHEDULED
2026-10-07T00:10:04.820303+00:00,1287376,082,675,6,0,1791332221,,,SCHEDULED
2026-10-07T00:10:04.820303+00:00,1287376,082,676,7,0,1791332277,,,SCHEDULED
2026-10-07T00:10:04.820303+00:00,1287376,082,677,8,0,1791332309,,,SCHEDULED
2026-10-07T00:10:04.820303+00:00,1287376,082,678,9,0,1791332320,,,SCHEDULED
2026-10-07T00:10:04.820303+00:00,1287376,082,679,10,0,1791332344,,,SCHEDULED
2026-10-07T00:10:04.820303+00:00,1287376,082,680,11,0,1791332368,,,SCHEDULED
2026-10-07T00:10:04.820303+00:00,1287376,082,681,12,0,1791332372,,,SCHEDULED
2026-10-07T00:10:04.820303+00:00,1287376,082,3076,13,0,1791332465,,,SCHEDULED
2026-10-07T00:10:04.820303+00:00,1287376,082,3077,14,0,1791332503,,,SCHEDULED
2026-10-07T00:10:04.820303+00:00,1287376,082,3078,15,0,1791332573,,,SCHEDULED
2026-10-07T00:10:04.820303+00:00,1287376,082,3079,16,0,1791332671,,,SCHEDULED
2026-10-07T00:10:04.820303+00:00,1287376,082,3080,17,0,1791332744,,,SCHEDULED
2026-10-07T00:10:04.820303+00:00,1287376,082,1074,18,0,1791332886,,,SCHEDULED
2026-10-07T00:10:04.820303+00:00,1287376,082,1075,19,0,1791332945,,,SCHEDULED
2026-10-07T00:10:04.820303+00:00,1287376,082,1076,20,0,1791332978,,,SCHEDULED
2026-10-07T00:10:04.820303+00:00,1287376,082,1077,21,0,1791333021,,,SCHEDULED
2026-10-07T00:10:04.820303+00:00,1287376,082,1646,22,0,1791333092,,,SCHEDULED
2026-10-07T00:10:04.820303+00:00,1287376,082,1648,23,0,1791333221,,,SCHEDULED
2026-10-07T00:10:04.820303+00:00,1287376,082,1649,24,0,1791333291,,,SCHEDULED
2026-10-07T00:10:04.820303+00:00,1287376,082,1650,25,0,1791333336,,,SCHEDULED
2026-10-07T00:10:04.820303+00:00,1287376,082,1651,26,0,1791333367,,,SCHEDULED
2026-10-07T00:10:04.820303+00:00,1285593,030,414,2,0,1791332039,,,SCHEDULED
2026-10-07T00:10:04.820303+00:00,1285593,030,415,3,0,1791332096,,,SCHEDULED
2026-10-07T00:10:04.820303+00:00,1285593,030,416,4,0,1791332161,,,SCHEDULED
2026-10-07T00:10:04.820303+00:00,1285593,030,418,5,0,1791332238,,,SCHEDULED
2026-10-07T00:10:04.820303+00:00,1285593,030,4763,6,0,1791332334,,,SCHEDULED
2026-10-07T00:10:04.820303+00:00,1285593,030,1716,7,0,1791332399,,,SCHEDULED
2026-10-07T00:10:04.820303+00:00,1285593,030,1717,8,0,1791332444,,,SCHEDULED
2026-10-07T00:10:04.820303+00:00,1285593,030,1718,9,0,1791332487,,,SCHEDULED
2026-10-07T00:10:04.820303+00:00,1285593,030,1720,10,0,1791332576,,,SCHEDULED
2026-10-07T00:10:04.820303+00:00,1285593,030,1721,11,0,1791332649,,,SCHEDULED
2026-10-07T00:10:04.820303+00:00,1285593,030,1722,12,0,1791332706,,,SCHEDULED
2026-10-07T00:10:04.820303+00:00,1285593,030,1723,13,0,1791332752,,,SCHEDULED
2026-10-07T00:10:04.820303+00:00,1285593,030,1725,14,0,1791332907,,,SCHEDULED
2026-10-07T00:10:04.820303+00:00,1285593,030,1726,15,0,1791333001,,,SCHEDULED
2026-10-07T00:10:04.820303+00:00,1285593,030,1727,16,0,1791333041,,,SCHEDULED
2026-10-07T00:10:04.820303+00:00,1285593,030,1728,17,0,1791333106,,,SCHEDULED
2026-10-07T00:10:04.820303+00:00,1285593,030,1729,18,0,1791333167,,,SCHEDULED
2026-10-07T00:10:04.820303+00:00,1285593,030,1730,19,0,1791333220,,,SCHEDULED
2026-10-07T00:10:04.820303+00:00,1285593,030,1732,20,0,1791333255,,,SCHEDULED
2026-10-07T00:10:04.820303+00:00,1285593,030,1734,21,0,1791333315,,,SCHEDULED
2026-10-07T00:10:04.820303+00:00,1285593,030,1735,22,0,1791333341,,,SCHEDULED
2026-10-07T00:10:04.820303+00:00,1285593,030,1736,23,0,1791333371,,,SCHEDULED
2026-10-07T00:10:04.820303+00:00,1285593,030,1737,24,0,1791333405,,,SCHEDULED
2026-10-07T00:10:04.820303+00:00,1285593,030,1739,25,0,1791333476,,,SCHEDULED
2026-10-07T00:10:04.820303+00:00,1287377,082,1653,28,0,1791331859,,,SCHEDULED
2026-10-07T00:10:04.820303+00:00,1287377,082,1654,29,0,1791331913,,,SCHEDULED
2026-10-07T00:10:04.820303+00:00,1287377,082,1655,30,0,1791331958,,,SCHEDULED
2026-10-07T00:10:04.820303+00:00,1287377,082,459,31,0,1791331980,,,SCHEDULED
2026-10-07T00:10:04.820303+00:00,1287377,082,1656,32,0,1791332083,,,SCHEDULED
2026-10-07T00:10:04.820303+00:00,1287377,082,1657,33,0,1791332130,,,SCHEDULED
2026-10-07T00:10:04.820303+00:00,1287377,082,1658,34,0,1791332153,,,SCHEDULED
2026-10-07T00:10:04.820303+00:00,1287377,082,1659,35,0,1791332183,,,SCHEDULED
2026-10-07T00:10:04.820303+00:00,1287377,082,1660,36,0,1791332235,,,SCHEDULED
2026-10-07T00:10:04.820303+00:00,1287377,082,3190,37,0,1791332327,,,SCHEDULED
2026-10-07T00:10:04.820303+00:00,1287377,082,3191,38,0,1791332393,,,SCHEDULED
2026-10-07T00:10:04.820303+00:00,1287377,082,3192,39,0,1791332466,,,SCHEDULED
2026-10-07T00:10:04.820303+00:00,1287377,082,3193,40,0,1791332524,,,SCHEDULED
2026-10-07T00:10:04.820303+00:00,1287377,082,275,41,0,1791332753,,,SCHEDULED
2026-10-07T00:10:04.820303+00:00,1287377,082,276,42,0,1791332922,,,SCHEDULED
2026-10-07T00:10:04.820303+00:00,1285592,030,282,1,,,0,1791333576,SCHEDULED
2026-10-07T00:10:04.820303+00:00,1287375,082,665,1,,,0,1791333480,SCHEDULED
2026-10-07T00:10:04.820303+00:00,1288228,137,1714,1,,,0,1791332177,SCHEDULED
2026-10-07T00:10:04.820303+00:00,1288228,137,1904,2,0,1791332361,,,SCHEDULED
2026-10-07T00:10:04.820303+00:00,1286720,068,1818,50,0,1791331823,,,SCHEDULED
2026-10-07T00:10:04.820303+00:00,1286720,068,1819,51,0,1791331829,,,SCHEDULED
2026-10-07T00:10:04.820303+00:00,1286720,068,1820,52,0,1791331836,,,SCHEDULED
2026-10-07T00:10:04.820303+00:00,1286720,068,1821,53,0,1791331854,,,SCHEDULED
2026-10-07T00:10:04.820303+00:00,1286720,068,940,54,0,1791332119,,,SCHEDULED
2026-10-07T00:10:04.820303+00:00,1286720,068,941,55,0,1791332220,,,SCHEDULED
2026-10-07T00:10:04.820303+00:00,1286720,068,2633,56,0,1791332378,,,SCHEDULED
2026-10-07T00:10:04.820303+00:00,1286720,068,9812,57,0,1791332458,,,SCHEDULED
2026-10-07T00:10:04.820303+00:00,1286720,068,2629,58,0,1791332548,,,SCHEDULED
2026-10-07T00:10:04.820303+00:00,1286720,068,2634,59,0,1791332595,,,SCHEDULED
2026-10-07T00:10:04.820303+00:00,1286720,068,2635,60,0,1791332643,,,SCHEDULED
2026-10-07T00:10:04.820303+00:00,1286720,068,2636,61,0,1791332687,,,SCHEDULED
2026-10-07T00:10:04.820303+00:00,1286720,068,2637,62,0,1791332701,,,SCHEDULED
2026-10-07T00:10:04.820303+00:00,1286720,068,2638,63,0,1791332705,,,SCHEDULED
2026-10-07T00:10:04.820303+00:00,1286720,068,2639,64,0,1791332713,,,SCHEDULED
2026-10-07T00:10:04.820303+00:00,1286720,068,1086,65,0,1791333091,,,SCHEDULED
2026-10-07T00:10:04.820303+00:00,1286720,068,1088,66,0,1791333126,,,SCHEDULED
2026-10-07T00:10:04.820303+00:00,1286720,068,1087,67,0,1791333161,,,SCHEDULED
2026-10-07T00:10:04.820303+00:00,1286720,068,2642,68,0,1791333219,,,SCHEDULED
2026-10-07T00:10:04.820303+00:00,1287413,082,1671,15,0,1791331628,,,SCHEDULED
2026-10-07T00:10:04.820303+00:00,1287413,082,1672,16,0,1791331649,,,SCHEDULED
2026-10-07T00:10:04.820303+00:00,1287413,082,1673,17,0,1791331688,,,SCHEDULED
2026-10-07T00:10:04.820303+00:00,1287413,082,1674,18,0,1791331772,,,SCHEDULED
2026-10-07T00:10:04.820303+00:00,1287413,082,1675,19,0,1791331841,,,SCHEDULED
2026-10-07T00:10:04.820303+00:00,1287413,082,1677,20,0,1791331899,,,SCHEDULED
2026-10-07T00:10:04.820303+00:00,1287413,082,1127,21,0,1791331975,,,SCHEDULED
2026-10-07T00:10:04.820303+00:00,1287413,082,1128,22,0,1791332025,,,SCHEDULED
2026-10-07T00:10:04.820303+00:00,1287413,082,1129,23,0,1791332061,,,SCHEDULED
2026-10-07T00:10:04.820303+00:00,1287413,082,1130,24,0,1791332089,,,SCHEDULED
2026-10-07T00:10:04.820303+00:00,1287413,082,1131,25,0,1791332144,,,SCHEDULED
2026-10-07T00:10:04.820303+00:00,1287413,082,3089,26,0,1791332241,,,SCHEDULED
2026-10-07T00:10:04.820303+00:00,1287413,082,3090,27,0,1791332336,,,SCHEDULED
2026-10-07T00:10:04.820303+00:00,1287413,082,3091,28,0,1791332499,,,SCHEDULED
2026-10-07T00:10:04.820303+00:00,1287413,082,3092,29,0,1791332598,,,SCHEDULED
2026-10-07T00:10:04.820303+00:00,1287413,082,3093,30,0,1791332673,,,SCHEDULED
2026-10-07T00:10:04.820303+00:00,1287413,082,3094,31,0,1791332700,,,SCHEDULED
2026-10-07T00:10:04.820303+00:00,1287413,082,1421,32,0,1791332779,,,SCHEDULED
2026-10-07T00:10:04.820303+00:00,1287413,082,1422,33,0,1791332814,,,SCHEDULED
2026-10-07T00:10:04.820303+00:00,1287413,082,1423,34,0,1791332848,,,SCHEDULED
2026-10-07T00:10:04.820303+00:00,1287413,082,1424,35,0,1791332905,,,SCHEDULED
2026-10-07T00:10:04.820303+00:00,1287413,082,1425,36,0,1791332945,,,SCHEDULED
2026-10-07T00:10:04.820303+00:00,1287413,082,1427,37,0,1791333019,,,SCHEDULED
2026-10-07T00:10:04.820303+00:00,1287413,082,1428,38,0,1791333063,,,SCHEDULED
2026-10-07T00:10:04.820303+00:00,1287413,082,9939,39,0,1791333116,,,SCHEDULED
2026-10-07T00:10:04.820303+00:00,1287413,082,1444,40,0,1791333223,,,SCHEDULED
2026-10-07T00:10:04.820303+00:00,1287413,082,1445,41,0,1791333260,,,SCHEDULED
2026-10-07T00:10:04.820303+00:00,1286721,068,2695,31,0,1791331836,,,SCHEDULED
2026-10-07T00:10:04.820303+00:00,1286721,068,2696,32,0,1791331865,,,SCHEDULED
2026-10-07T00:10:04.820303+00:00,1286721,068,2699,33,0,1791331893,,,SCHEDULED
2026-10-07T00:10:04.820303+00:00,1286721,068,2700,34,0,1791331928,,,SCHEDULED
2026-10-07T00:10:04.820303+00:00,1286721,068,2703,35,0,1791331962,,,SCHEDULED
2026-10-07T00:10:04.820303+00:00,1286721,068,2704,36,0,1791332060,,,SCHEDULED
2026-10-07T00:10:04.820303+00:00,1286721,068,2706,37,0,1791332151,,,SCHEDULED
2026-10-07T00:10:04.820303+00:00,1286721,068,2707,38,0,1791332208,,,SCHEDULED
2026-10-07T00:10:04.820303+00:00,1286721,068,2708,39,0,1791332277,,,SCHEDULED
2026-10-07T00:10:04.820303+00:00,1286721,068,2709,40,0,1791332321,,,SCHEDULED
2026-10-07T00:10:04.820303+00:00,1286721,068,2710,41,0,1791332338,,,SCHEDULED
2026-10-07T00:10:04.820303+00:00,1286721,068,2711,42,0,1791332370,,,SCHEDULED
2026-10-07T00:10:04.820303+00:00,1286721,068,2712,43,0,1791332419,,,SCHEDULED
2026-10-07T00:10:04.820303+00:00,1286721,068,2713,44,0,1791332437,,,SCHEDULED
2026-10-07T00:10:04.820303+00:00,1286721,068,2715,45,0,1791332465,,,SCHEDULED
2026-10-07T00:10:04.820303+00:00,1286721,068,2610,46,0,1791332527,,,SCHEDULED
2026-10-07T00:10:04.820303+00:00,1286721,068,2611,47,0,1791332555,,,SCHEDULED
2026-10-07T00:10:04.820303+00:00,1286721,068,2612,48,0,1791332612,,,SCHEDULED
2026-10-07T00:10:04.820303+00:00,1286721,068,1911,49,0,1791332632,,,SCHEDULED
2026-10-07T00:10:04.820303+00:00,1286721,068,1818,50,0,1791332720,,,SCHEDULED
2026-10-07T00:10:04.820303+00:00,1286721,068,1819,51,0,1791332754,,,SCHEDULED
2026-10-07T00:10:04.820303+00:00,1286721,068,1820,52,0,1791332791,,,SCHEDULED
2026-10-07T00:10:04.820303+00:00,1286721,068,1821,53,0,1791332825,,,SCHEDULED
2026-10-07T00:10:04.820303+00:00,1286721,068,940,54,0,1791332966,,,SCHEDULED
2026-10-07T00:10:04.820303+00:00,1286721,068,941,55,0,1791333067,,,SCHEDULED
2026-10-07T00:10:04.820303+00:00,1286721,068,2633,56,0,1791333225,,,SCHEDULED
2026-10-07T00:10:04.820303+00:00,1286721,068,9812,57,0,1791333305,,,SCHEDULED
2026-10-07T00:10:04.820303+00:00,1286721,068,2629,58,0,1791333395,,,SCHEDULED
2026-10-07T00:10:04.820303+00:00,1286721,068,2634,59,0,1791333442,,,SCHEDULED
2026-10-07T00:10:04.820303+00:00,1286721,068,2635,60,0,1791333490,,,SCHEDULED
2026-10-07T00:10:04.820303+00:00,1286721,068,2636,61,0,1791333534,,,SCHEDULED
2026-10-07T00:10:04.820303+00:00,1286721,068,2637,62,0,1791333548,,,SCHEDULED
2026-10-07T00:10:04.820303+00:00,1286721,068,2638,63,0,1791333552,,,SCHEDULED
2026-10-07T00:10:04.820303+00:00,1286721,068,2639,64,0,1791333560,,,SCHEDULED
2026-10-07T00:10:04.820303+00:00,1287414,082,563,43,0,1791332013,,,SCHEDULED
2026-10-07T00:10:04.820303+00:00,1287414,082,565,44,0,1791332081,,,SCHEDULED
2026-10-07T00:10:04.820303+00:00,1287414,082,1438,45,0,1791332243,,,SCHEDULED
2026-10-07T00:10:04.820303+00:00,1287414,082,1439,46,0,1791332269,,,SCHEDULED
2026-10-07T00:10:04.820303+00:00,1288227,137,85406,3,0,1791332040,,,SCHEDULED
2026-10-07T00:10:04.820303+00:00,1288227,137,85408,4,0,1791332136,,,SCHEDULED
2026-10-07T00:10:04.820303+00:00,1288227,137,85204,5,0,1791332160,,,SCHEDULED
2026-10-07T00:10:04.820303+00:00,1288227,137,85205,6,0,1791332235,,,SCHEDULED
2026-10-07T00:10:04.820303+00:00,1288227,137,85206,7,0,1791332423,,,SCHEDULED
2026-10-07T00:10:04.820303+00:00,1288227,137,85207,8,0,1791332447,,,SCHEDULED
2026-10-07T00:10:04.820303+00:00,1288227,137,85091,9,0,1791332544,,,SCHEDULED
2026-10-07T00:10:04.820303+00:00,1288227,137,85092,10,0,1791332663,,,SCHEDULED
2026-10-07T00:10:04.820303+00:00,1288227,137,85178,11,0,1791332760,,,SCHEDULED
2026-10-07T00:10:04.820303+00:00,1288227,137,85179,12,0,1791332851,,,SCHEDULED
2026-10-07T00:10:04.820303+00:00,1288227,137,85180,13,0,1791332895,,,SCHEDULED
2026-10-07T00:10:04.820303+00:00,1288227,137,85181,14,0,1791333003,,,SCHEDULED
2026-10-07T00:10:04.820303+00:00,1288227,137,1715,15,0,1791333049,,,SCHEDULED
2026-10-07T00:10:04.820303+00:00,1288227,137,85619,16,0,1791333170,,,SCHEDULED
2026-10-07T00:10:04.820303+00:00,1285995,051,668,1,,,0,1791332280,SCHEDULED
2026-10-07T00:10:04.820303+00:00,1285995,051,221,2,0,1791332407,,,SCHEDULED
2026-10-07T00:10:04.820303+00:00,1285995,051,222,3,0,1791332454,,,SCHEDULED
2026-10-07T00:10:04.820303+00:00,1285995,051,223,4,0,1791332512,,,SCHEDULED
2026-10-07T00:10:04.820303+00:00,1285995,051,225,5,0,1791332640,,,SCHEDULED
2026-10-07T00:10:04.820303+00:00,1285995,051,226,6,0,1791332691,,,SCHEDULED
2026-10-07T00:10:04.820303+00:00,1285995,051,108,7,0,1791332756,,,SCHEDULED
2026-10-07T00:10:04.820303+00:00,1285995,051,123,8,0,1791332821,,,SCHEDULED
2026-10-07T00:10:04.820303+00:00,1285995,051,125,9,0,1791332914,,,SCHEDULED
2026-10-07T00:10:04.820303+00:00,1285995,051,126,10,0,1791332970,,,SCHEDULED
2026-10-07T00:10:04.820303+00:00,1285995,051,127,11,0,1791333003,,,SCHEDULED
2026-10-07T00:10:04.820303+00:00,1285995,051,128,12,0,1791333096,,,SCHEDULED
2026-10-07T00:10:04.820303+00:00,1285995,051,227,13,0,1791333180,,,SCHEDULED
2026-10-07T00:10:04.820303+00:00,1285995,051,229,14,0,1791333254,,,SCHEDULED
2026-10-07T00:10:04.820303+00:00,1285995,051,231,15,0,1791333393,,,SCHEDULED
2026-10-07T00:10:04.820303+00:00,1285995,051,232,16,0,1791333452,,,SCHEDULED
2026-10-07T00:10:04.820303+00:00,1285995,051,233,17,0,1791333517,,,SCHEDULED
2026-10-07T00:10:04.820303+00:00,1285994,051,668,1,,,0,1791333455,SCHEDULED
2026-10-07T00:10:04.820303+00:00,1285994,051,221,2,0,1791333542,,,SCHEDULED
2026-10-07T00:10:04.820303+00:00,1285994,051,222,3,0,1791333597,,,SCHEDULED
2026-10-07T00:10:04.820303+00:00,1287412,082,288,1,,,0,1791332208,SCHEDULED
2026-10-07T00:10:04.820303+00:00,1287412,082,274,2,0,1791332332,,,SCHEDULED
2026-10-07T00:10:04.820303+00:00,1287412,082,275,3,0,1791332548,,,SCHEDULED
2026-10-07T00:10:04.820303+00:00,1287412,082,3893,4,0,1791332855,,,SCHEDULED
2026-10-07T00:10:04.820303+00:00,1287412,082,3894,5,0,1791333051,,,SCHEDULED
2026-10-07T00:10:04.820303+00:00,1287412,082,3895,6,0,1791333129,,,SCHEDULED
2026-10-07T00:10:04.820303+00:00,1287412,082,1662,7,0,1791333203,,,SCHEDULED
2026-10-07T00:10:04.820303+00:00,1287412,082,1663,8,0,1791333240,,,SCHEDULED
2026-10-07T00:10:04.820303+00:00,1287412,082,1664,9,0,1791333305,,,SCHEDULED
2026-10-07T00:10:04.820303+00:00,1287412,082,1665,10,0,1791333344,,,SCHEDULED
2026-10-07T00:10:04.820303+00:00,1287412,082,1666,11,0,1791333372,,,SCHEDULED
2026-10-07T00:10:04.820303+00:00,1287412,082,1668,12,0,1791333495,,,SCHEDULED
2026-10-07T00:10:04.820303+00:00,1287412,082,1669,13,0,1791333541,,,SCHEDULED
2026-10-07T00:10:04.820303+00:00,1287412,082,1670,14,0,1791333596,,,SCHEDULED
2026-10-07T00:10:04.820303+00:00,1284303,010,1817,38,0,1791331875,,,SCHEDULED
2026-10-07T00:10:04.820303+00:00,1285997,051,232,16,0,1791331839,,,SCHEDULED
2026-10-07T00:10:04.820303+00:00,1285997,051,233,17,0,1791331939,,,SCHEDULED
2026-10-07T00:10:04.820303+00:00,1285997,051,234,18,0,1791331999,,,SCHEDULED
2026-10-07T00:10:04.820303+00:00,1285997,051,235,19,0,1791332044,,,SCHEDULED
2026-10-07T00:10:04.820303+00:00,1285997,051,236,20,0,1791332087,,,SCHEDULED
2026-10-07T00:10:04.820303+00:00,1285997,051,1927,21,0,1791332231,,,SCHEDULED
2026-10-07T00:10:04.820303+00:00,1285997,051,1930,22,0,1791332344,,,SCHEDULED
2026-10-07T00:10:04.820303+00:00,1285997,051,1931,23,0,1791332421,,,SCHEDULED
2026-10-07T00:10:04.820303+00:00,1285997,051,1949,24,0,1791332451,,,SCHEDULED
2026-10-07T00:10:04.820303+00:00,1285997,051,1932,25,0,1791332471,,,SCHEDULED
2026-10-07T00:10:04.820303+00:00,1285997,051,1936,26,0,1791332540,,,SCHEDULED
2026-10-07T00:10:04.820303+00:00,1285997,051,1937,27,0,1791332574,,,SCHEDULED
2026-10-07T00:10:04.820303+00:00,1285997,051,1938,28,0,1791332592,,,SCHEDULED
2026-10-07T00:10:04.820303+00:00,1285997,051,1939,29,0,1791332644,,,SCHEDULED
2026-10-07T00:10:04.820303+00:00,1285997,051,1839,30,0,1791332694,,,SCHEDULED
2026-10-07T00:10:04.820303+00:00,1285997,051,1841,31,0,1791332770,,,SCHEDULED
2026-10-07T00:10:04.820303+00:00,1285997,051,1842,32,0,1791332791,,,SCHEDULED
2026-10-07T00:10:04.820303+00:00,1285997,051,1843,33,0,1791332827,,,SCHEDULED
2026-10-07T00:10:04.820303+00:00,1285997,051,1844,34,0,1791332900,,,SCHEDULED
2026-10-07T00:10:04.820303+00:00,1285997,051,1845,35,0,1791332928,,,SCHEDULED
2026-10-07T00:10:04.820303+00:00,1285997,051,1846,36,0,1791332958,,,SCHEDULED
2026-10-07T00:10:04.820303+00:00,1285997,051,1847,37,0,1791332976,,,SCHEDULED
2026-10-07T00:10:04.820303+00:00,1285997,051,1848,38,0,1791332990,,,SCHEDULED
2026-10-07T00:10:04.820303+00:00,1285997,051,1849,39,0,1791333072,,,SCHEDULED
2026-10-07T00:10:04.820303+00:00,1285997,051,1850,40,0,1791333127,,,SCHEDULED
2026-10-07T00:10:04.820303+00:00,1285997,051,1851,41,0,1791333228,,,SCHEDULED
2026-10-07T00:10:04.820303+00:00,1285997,051,1852,42,0,1791333289,,,SCHEDULED
2026-10-07T00:10:04.820303+00:00,1285997,051,1853,43,0,1791333320,,,SCHEDULED
2026-10-07T00:10:04.820303+00:00,1285997,051,1854,44,0,1791333351,,,SCHEDULED
2026-10-07T00:10:04.820303+00:00,1285997,051,1855,45,0,1791333426,,,SCHEDULED
2026-10-07T00:10:04.820303+00:00,1285997,051,1856,46,0,1791333477,,,SCHEDULED
2026-10-07T00:10:04.820303+00:00,1285997,051,1857,47,0,1791333562,,,SCHEDULED
2026-10-07T00:10:04.820303+00:00,1285996,051,108,7,0,1791331850,,,SCHEDULED
2026-10-07T00:10:04.820303+00:00,1285996,051,123,8,0,1791331903,,,SCHEDULED
2026-10-07T00:10:04.820303+00:00,1285996,051,125,9,0,1791331967,,,SCHEDULED
2026-10-07T00:10:04.820303+00:00,1285996,051,126,10,0,1791332006,,,SCHEDULED
2026-10-07T00:10:04.820303+00:00,1285996,051,127,11,0,1791332029,,,SCHEDULED
2026-10-07T00:10:04.820303+00:00,1285996,051,128,12,0,1791332111,,,SCHEDULED
2026-10-07T00:10:04.820303+00:00,1285996,051,227,13,0,1791332197,,,SCHEDULED
2026-10-07T00:10:04.820303+00:00,1285996,051,229,14,0,1791332268,,,SCHEDULED
2026-10-07T00:10:04.820303+00:00,1285996,051,231,15,0,1791332371,,,SCHEDULED
2026-10-07T00:10:04.820303+00:00,1285996,051,232,16,0,1791332488,,,SCHEDULED
2026-10-07T00:10:04.820303+00:00,1285996,051,233,17,0,1791332588,,,SCHEDULED
2026-10-07T00:10:04.820303+00:00,1285996,051,234,18,0,1791332648,,,SCHEDULED
2026-10-07T00:10:04.820303+00:00,1285996,051,235,19,0,1791332693,,,SCHEDULED
2026-10-07T00:10:04.820303+00:00,1285996,051,236,20,0,1791332736,,,SCHEDULED
2026-10-07T00:10:04.820303+00:00,1285996,051,1927,21,0,1791332880,,,SCHEDULED
2026-10-07T00:10:04.820303+00:00,1285996,051,1930,22,0,1791332993,,,SCHEDULED
2026-10-07T00:10:04.820303+00:00,1285996,051,1931,23,0,1791333070,,,SCHEDULED
2026-10-07T00:10:04.820303+00:00,1285996,051,1949,24,0,1791333100,,,SCHEDULED
2026-10-07T00:10:04.820303+00:00,1285996,051,1932,25,0,1791333120,,,SCHEDULED
2026-10-07T00:10:04.820303+00:00,1285996,051,1936,26,0,1791333189,,,SCHEDULED
2026-10-07T00:10:04.820303+00:00,1285996,051,1937,27,0,1791333223,,,SCHEDULED
2026-10-07T00:10:04.820303+00:00,1285996,051,1938,28,0,1791333241,,,SCHEDULED
2026-10-07T00:10:04.820303+00:00,1285996,051,1939,29,0,1791333293,,,SCHEDULED
2026-10-07T00:10:04.820303+00:00,1285996,051,1839,30,0,1791333343,,,SCHEDULED
2026-10-07T00:10:04.820303+00:00,1285996,051,1841,31,0,1791333419,,,SCHEDULED
2026-10-07T00:10:04.820303+00:00,1285996,051,1842,32,0,1791333440,,,SCHEDULED
2026-10-07T00:10:04.820303+00:00,1285996,051,1843,33,0,1791333476,,,SCHEDULED
2026-10-07T00:10:04.820303+00:00,1286964,075,318,1,,,0,1791332160,SCHEDULED
2026-10-07T00:10:04.820303+00:00,1286964,075,4210,2,0,1791332392,,,SCHEDULED
2026-10-07T00:10:04.820303+00:00,1286964,075,1432,3,0,1791332458,,,SCHEDULED
2026-10-07T00:10:04.820303+00:00,1286964,075,1398,4,0,1791332542,,,SCHEDULED
2026-10-07T00:10:04.820303+00:00,1286964,075,3851,5,0,1791332582,,,SCHEDULED
2026-10-07T00:10:04.820303+00:00,1286964,075,1418,6,0,1791332660,,,SCHEDULED
2026-10-07T00:10:04.820303+00:00,1286964,075,1420,7,0,1791332775,,,SCHEDULED
2026-10-07T00:10:04.820303+00:00,1285999,051,1853,43,0,1791331673,,,SCHEDULED
2026-10-07T00:10:04.820303+00:00,1285999,051,1854,44,0,1791331680,,,SCHEDULED
2026-10-07T00:10:04.820303+00:00,1285999,051,1855,45,0,1791331750,,,SCHEDULED
2026-10-07T00:10:04.820303+00:00,1285999,051,1856,46,0,1791331786,,,SCHEDULED
2026-10-07T00:10:04.820303+00:00,1285999,051,1857,47,0,1791331864,,,SCHEDULED
2026-10-07T00:10:04.820303+00:00,1285999,051,1858,48,0,1791331904,,,SCHEDULED
2026-10-07T00:10:04.820303+00:00,1285999,051,1859,49,0,1791331911,,,SCHEDULED
2026-10-07T00:10:04.820303+00:00,1285999,051,1860,50,0,1791332016,,,SCHEDULED
2026-10-07T00:10:04.820303+00:00,1285999,051,1861,51,0,1791332149,,,SCHEDULED
2026-10-07T00:10:04.820303+00:00,1285999,051,2020,52,0,1791332192,,,SCHEDULED
2026-10-07T00:10:04.820303+00:00,1285999,051,2021,53,0,1791332264,,,SCHEDULED
2026-10-07T00:10:04.820303+00:00,1285999,051,3130,54,0,1791332328,,,SCHEDULED
2026-10-07T00:10:04.820303+00:00,1286722,068,286,2,0,1791331811,,,SCHEDULED
2026-10-07T00:10:04.820303+00:00,1286722,068,4439,3,0,1791331887,,,SCHEDULED
2026-10-07T00:10:04.820303+00:00,1286722,068,4440,4,0,1791331935,,,SCHEDULED
2026-10-07T00:10:04.820303+00:00,1286722,068,4441,5,0,1791331959,,,SCHEDULED
2026-10-07T00:10:04.820303+00:00,1286722,068,4015,6,0,1791332037,,,SCHEDULED
2026-10-07T00:10:04.820303+00:00,1286722,068,4016,7,0,1791332101,,,SCHEDULED
2026-10-07T00:10:04.820303+00:00,1286722,068,4017,8,0,1791332156,,,SCHEDULED
2026-10-07T00:10:04.820303+00:00,1286722,068,3914,9,0,1791332281,,,SCHEDULED
2026-10-07T00:10:04.820303+00:00,1286722,068,3836,10,0,1791332330,,,SCHEDULED
2026-10-07T00:10:04.820303+00:00,1286722,068,2375,11,0,1791332623,,,SCHEDULED
2026-10-07T00:10:04.820303+00:00,1286722,068,2376,12,0,1791332667,,,SCHEDULED
2026-10-07T00:10:04.820303+00:00,1286722,068,2377,13,0,1791332718,,,SCHEDULED
2026-10-07T00:10:04.820303+00:00,1286722,068,2378,14,0,1791332786,,,SCHEDULED
2026-10-07T00:10:04.820303+00:00,1286722,068,2379,15,0,1791332820,,,SCHEDULED
2026-10-07T00:10:04.820303+00:00,1286722,068,2381,16,0,1791332987,,,SCHEDULED
2026-10-07T00:10:04.820303+00:00,1286722,068,2382,17,0,1791333123,,,SCHEDULED
2026-10-07T00:10:04.820303+00:00,1286722,068,2383,18,0,1791333197,,,SCHEDULED
2026-10-07T00:10:04.820303+00:00,1286722,068,2385,19,0,1791333259,,,SCHEDULED
2026-10-07T00:10:04.820303+00:00,1286722,068,2014,20,0,1791333396,,,SCHEDULED
2026-10-07T00:10:04.820303+00:00,1286722,068,2015,21,0,1791333452,,,SCHEDULED
2026-10-07T00:10:04.820303+00:00,1286722,068,2016,22,0,1791333469,,,SCHEDULED
2026-10-07T00:10:04.820303+00:00,1286722,068,2166,23,0,1791333569,,,SCHEDULED
2026-10-07T00:10:04.820303+00:00,1285998,051,1936,26,0,1791331802,,,SCHEDULED
2026-10-07T00:10:04.820303+00:00,1285998,051,1937,27,0,1791331836,,,SCHEDULED
2026-10-07T00:10:04.820303+00:00,1285998,051,1938,28,0,1791331854,,,SCHEDULED
2026-10-07T00:10:04.820303+00:00,1285998,051,1939,29,0,1791331906,,,SCHEDULED
2026-10-07T00:10:04.820303+00:00,1285998,051,1839,30,0,1791331956,,,SCHEDULED
2026-10-07T00:10:04.820303+00:00,1285998,051,1841,31,0,1791332032,,,SCHEDULED
2026-10-07T00:10:04.820303+00:00,1285998,051,1842,32,0,1791332053,,,SCHEDULED
2026-10-07T00:10:04.820303+00:00,1285998,051,1843,33,0,1791332089,,,SCHEDULED
2026-10-07T00:10:04.820303+00:00,1285998,051,1844,34,0,1791332162,,,SCHEDULED
2026-10-07T00:10:04.820303+00:00,1285998,051,1845,35,0,1791332190,,,SCHEDULED
2026-10-07T00:10:04.820303+00:00,1285998,051,1846,36,0,1791332220,,,SCHEDULED
2026-10-07T00:10:04.820303+00:00,1285998,051,1847,37,0,1791332238,,,SCHEDULED
2026-10-07T00:10:04.820303+00:00,1285998,051,1848,38,0,1791332252,,,SCHEDULED
2026-10-07T00:10:04.820303+00:00,1285998,051,1849,39,0,1791332334,,,SCHEDULED
2026-10-07T00:10:04.820303+00:00,1285998,051,1850,40,0,1791332389,,,SCHEDULED
2026-10-07T00:10:04.820303+00:00,1285998,051,1851,41,0,1791332490,,,SCHEDULED
2026-10-07T00:10:04.820303+00:00,1285998,051,1852,42,0,1791332551,,,SCHEDULED
2026-10-07T00:10:04.820303+00:00,1285998,051,1853,43,0,1791332582,,,SCHEDULED
2026-10-07T00:10:04.820303+00:00,1285998,051,1854,44,0,1791332613,,,SCHEDULED
2026-10-07T00:10:04.820303+00:00,1285998,051,1855,45,0,1791332688,,,SCHEDULED
2026-10-07T00:10:04.820303+00:00,1285998,051,1856,46,0,1791332739,,,SCHEDULED
2026-10-07T00:10:04.820303+00:00,1285998,051,1857,47,0,1791332824,,,SCHEDULED
2026-10-07T00:10:04.820303+00:00,1285998,051,1858,48,0,1791332864,,,SCHEDULED
2026-10-07T00:10:04.820303+00:00,1285998,051,1859,49,0,1791332871,,,SCHEDULED
2026-10-07T00:10:04.820303+00:00,1285998,051,1860,50,0,1791332976,,,SCHEDULED
2026-10-07T00:10:04.820303+00:00,1285998,051,1861,51,0,1791333109,,,SCHEDULED
2026-10-07T00:10:04.820303+00:00,1285998,051,2020,52,0,1791333152,,,SCHEDULED
2026-10-07T00:10:04.820303+00:00,1285998,051,2021,53,0,1791333224,,,SCHEDULED
2026-10-07T00:10:04.820303+00:00,1285998,051,3130,54,0,1791333288,,,SCHEDULED
2026-10-07T00:10:04.820303+00:00,1286723,068,885,1,,,0,1791333300,SCHEDULED
2026-10-07T00:10:04.820303+00:00,1288182,103,226,6,0,1791331832,,,SCHEDULED
2026-10-07T00:10:04.820303+00:00,1288182,103,455,7,0,1791331879,,,SCHEDULED
2026-10-07T00:10:04.820303+00:00,1288182,103,456,8,0,1791331947,,,SCHEDULED
2026-10-07T00:10:04.820303+00:00,1288182,103,458,9,0,1791332424,,,SCHEDULED
2026-10-07T00:10:04.820303+00:00,1288182,103,250,10,0,1791332542,,,SCHEDULED
2026-10-07T00:10:04.820303+00:00,1288182,103,251,11,0,1791332603,,,SCHEDULED
2026-10-07T00:10:04.820303+00:00,1288182,103,252,12,0,1791332638,,,SCHEDULED
2026-10-07T00:10:04.820303+00:00,1288182,103,253,13,0,1791332666,,,SCHEDULED
2026-10-07T00:10:04.820303+00:00,1288182,103,254,14,0,1791332687,,,SCHEDULED
2026-10-07T00:10:04.820303+00:00,1288182,103,255,15,0,1791332710,,,SCHEDULED
2026-10-07T00:10:04.820303+00:00,1288182,103,257,16,0,1791332744,,,SCHEDULED
2026-10-07T00:10:04.820303+00:00,1288182,103,258,17,0,1791332763,,,SCHEDULED
2026-10-07T00:10:04.820303+00:00,1288182,103,259,18,0,1791332803,,,SCHEDULED
2026-10-07T00:10:04.820303+00:00,1288182,103,260,19,0,1791332823,,,SCHEDULED
2026-10-07T00:10:04.820303+00:00,1288182,103,261,20,0,1791332839,,,SCHEDULED
2026-10-07T00:10:04.820303+00:00,1288182,103,262,21,0,1791332860,,,SCHEDULED
2026-10-07T00:10:04.820303+00:00,1288182,103,264,22,0,1791332919,,,SCHEDULED
2026-10-07T00:10:04.820303+00:00,1288182,103,263,23,0,1791332947,,,SCHEDULED
2026-10-07T00:10:04.820303+00:00,1288182,103,157,24,0,1791332972,,,SCHEDULED
2026-10-07T00:10:04.820303+00:00,1288182,103,158,25,0,1791333014,,,SCHEDULED
2026-10-07T00:10:04.820303+00:00,1288182,103,159,26,0,1791333032,,,SCHEDULED
2026-10-07T00:10:04.820303+00:00,1288182,103,160,27,0,1791333051,,,SCHEDULED
2026-10-07T00:10:04.820303+00:00,1288182,103,161,28,0,1791333095,,,SCHEDULED
2026-10-07T00:10:04.820303+00:00,1288182,103,877,29,0,1791333110,,,SCHEDULED
2026-10-07T00:10:04.820303+00:00,1288182,103,162,30,0,1791333130,,,SCHEDULED
2026-10-07T00:10:04.820303+00:00,1288182,103,163,31,0,1791333154,,,SCHEDULED
2026-10-07T00:10:04.820303+00:00,1288182,103,164,32,0,1791333166,,,SCHEDULED
2026-10-07T00:10:04.820303+00:00,1288182,103,165,33,0,1791333191,,,SCHEDULED
2026-10-07T00:10:04.820303+00:00,1288182,103,166,34,0,1791333237,,,SCHEDULED
2026-10-07T00:10:04.820303+00:00,1288182,103,167,35,0,1791333261,,,SCHEDULED
2026-10-07T00:10:04.820303+00:00,1288182,103,173,36,0,1791333284,,,SCHEDULED
2026-10-07T00:10:04.820303+00:00,1288182,103,168,37,0,1791333322,,,SCHEDULED
2026-10-07T00:10:04.820303+00:00,1288183,103,160,27,0,1791331843,,,SCHEDULED
2026-10-07T00:10:04.820303+00:00,1288183,103,161,28,0,1791331937,,,SCHEDULED
2026-10-07T00:10:04.820303+00:00,1288183,103,877,29,0,1791331939,,,SCHEDULED
2026-10-07T00:10:04.820303+00:00,1288183,103,162,30,0,1791331975,,,SCHEDULED
2026-10-07T00:10:04.820303+00:00,1288183,103,163,31,0,1791331999,,,SCHEDULED
2026-10-07T00:10:04.820303+00:00,1288183,103,164,32,0,1791332010,,,SCHEDULED
2026-10-07T00:10:04.820303+00:00,1288183,103,165,33,0,1791332042,,,SCHEDULED
2026-10-07T00:10:04.820303+00:00,1288183,103,166,34,0,1791332074,,,SCHEDULED
2026-10-07T00:10:04.820303+00:00,1288183,103,167,35,0,1791332094,,,SCHEDULED
2026-10-07T00:10:04.820303+00:00,1288183,103,173,36,0,1791332114,,,SCHEDULED
2026-10-07T00:10:04.820303+00:00,1288183,103,168,37,0,1791332146,,,SCHEDULED
2026-10-07T00:10:04.820303+00:00,1288183,103,169,38,0,1791332189,,,SCHEDULED
2026-10-07T00:10:04.820303+00:00,1288183,103,170,39,0,1791332217,,,SCHEDULED
2026-10-07T00:10:04.820303+00:00,1288183,103,171,40,0,1791332315,,,SCHEDULED
2026-10-07T00:10:04.820303+00:00,1287097,078,2761,3,0,1791331876,,,SCHEDULED
2026-10-07T00:10:04.820303+00:00,1287097,078,2762,4,0,1791331965,,,SCHEDULED
2026-10-07T00:10:04.820303+00:00,1287097,078,2763,5,0,1791332010,,,SCHEDULED
2026-10-07T00:10:04.820303+00:00,1287097,078,2764,6,0,1791332091,,,SCHEDULED
2026-10-07T00:10:04.820303+00:00,1288184,103,254,14,0,1791331813,,,SCHEDULED
2026-10-07T00:10:04.820303+00:00,1288184,103,255,15,0,1791331831,,,SCHEDULED
2026-10-07T00:10:04.820303+00:00,1288184,103,257,16,0,1791331864,,,SCHEDULED
2026-10-07T00:10:04.820303+00:00,1288184,103,258,17,0,1791331884,,,SCHEDULED
2026-10-07T00:10:04.820303+00:00,1288184,103,259,18,0,1791331916,,,SCHEDULED
2026-10-07T00:10:04.820303+00:00,1288184,103,260,19,0,1791331935,,,SCHEDULED
2026-10-07T00:10:04.820303+00:00,1288184,103,261,20,0,1791331954,,,SCHEDULED
2026-10-07T00:10:04.820303+00:00,1288184,103,262,21,0,1791331969,,,SCHEDULED
2026-10-07T00:10:04.820303+00:00,1288184,103,264,22,0,1791332032,,,SCHEDULED
2026-10-07T00:10:04.820303+00:00,1288184,103,263,23,0,1791332065,,,SCHEDULED
2026-10-07T00:10:04.820303+00:00,1288184,103,157,24,0,1791332099,,,SCHEDULED
2026-10-07T00:10:04.820303+00:00,1288184,103,158,25,0,1791332130,,,SCHEDULED
2026-10-07T00:10:04.820303+00:00,1288184,103,159,26,0,1791332153,,,SCHEDULED
2026-10-07T00:10:04.820303+00:00,1288184,103,160,27,0,1791332172,,,SCHEDULED
2026-10-07T00:10:04.820303+00:00,1288184,103,161,28,0,1791332233,,,SCHEDULED
2026-10-07T00:10:04.820303+00:00,1288184,103,877,29,0,1791332271,,,SCHEDULED
2026-10-07T00:10:04.820303+00:00,1288184,103,162,30,0,1791332328,,,SCHEDULED
2026-10-07T00:10:04.820303+00:00,1288184,103,163,31,0,1791332375,,,SCHEDULED
2026-10-07T00:10:04.820303+00:00,1288184,103,164,32,0,1791332399,,,SCHEDULED
2026-10-07T00:10:04.820303+00:00,1288184,103,165,33,0,1791332455,,,SCHEDULED
2026-10-07T00:10:04.820303+00:00,1288184,103,166,34,0,1791332554,,,SCHEDULED
2026-10-07T00:10:04.820303+00:00,1288184,103,167,35,0,1791332592,,,SCHEDULED
2026-10-07T00:10:04.820303+00:00,1288184,103,173,36,0,1791332649,,,SCHEDULED
2026-10-07T00:10:04.820303+00:00,1288184,103,168,37,0,1791332710,,,SCHEDULED
2026-10-07T00:10:04.820303+00:00,1288184,103,169,38,0,1791332776,,,SCHEDULED
2026-10-07T00:10:04.820303+00:00,1288184,103,170,39,0,1791332842,,,SCHEDULED
2026-10-07T00:10:04.820303+00:00,1288184,103,171,40,0,1791333003,,,SCHEDULED
2026-10-07T00:10:04.820303+00:00,1287096,078,9920,1,,,0,1791333360,SCHEDULED
