poll_time,trip_id,route_id,stop_id,stop_sequence,arrival_delay,arrival_time,departure_delay,departure_time,schedule_relationship
2026-10-03T00:26:03.335883+00:00,1284394,011,5201,51,0,1790987249,,,SCHEDULED
2026-10-03T00:26:03.335883+00:00,1284394,011,8900,52,0,1790987380,,,SCHEDULED
2026-10-03T00:26:03.335883+00:00,1284394,011,8901,53,0,1790987438,,,SCHEDULED
2026-10-03T00:26:03.335883+00:00,1284394,011,8902,54,0,1790987507,,,SCHEDULED
2026-10-03T00:26:03.335883+00:00,1284394,011,8903,55,0,1790987596,,,SCHEDULED
2026-10-03T00:26:03.335883+00:00,1284394,011,8904,56,0,1790987684,,,SCHEDULED
2026-10-03T00:26:03.335883+00:00,1284394,011,8905,57,0,1790987720,,,SCHEDULED
2026-10-03T00:26:03.335883+00:00,1284394,011,8906,58,0,1790987772,,,SCHEDULED
2026-10-03T00:26:03.335883+00:00,1284394,011,8907,59,0,1790987803,,,SCHEDULED
2026-10-03T00:26:03.335883+00:00,1284394,011,8908,60,0,1790987833,,,SCHEDULED
2026-10-03T00:26:03.335883+00:00,1286178,056,502,28,0,1790987165,,,SCHEDULED
2026-10-03T00:26:03.335883+00:00,1286178,056,503,29,0,1790987240,,,SCHEDULED
2026-10-03T00:26:03.335883+00:00,1286178,056,504,30,0,1790987351,,,SCHEDULED
2026-10-03T00:26:03.335883+00:00,1286178,056,505,31,0,1790987387,,,SCHEDULED
2026-10-03T00:26:03.335883+00:00,1286178,056,4134,32,0,1790987423,,,SCHEDULED
2026-10-03T00:26:03.335883+00:00,1286178,056,4136,33,0,1790987493,,,SCHEDULED
2026-10-03T00:26:03.335883+00:00,1286178,056,4137,34,0,1790987575,,,SCHEDULED
2026-10-03T00:26:03.335883+00:00,1286453,062,5251,5,0,1790987155,,,SCHEDULED
2026-10-03T00:26:03.335883+00:00,1286453,062,4144,6,0,1790987173,,,SCHEDULED
2026-10-03T00:26:03.335883+00:00,1286453,062,4145,7,0,1790987198,,,SCHEDULED
2026-10-03T00:26:03.335883+00:00,1286453,062,4146,8,0,1790987207,,,SCHEDULED
2026-10-03T00:26:03.335883+00:00,1286453,062,506,9,0,1790987261,,,SCHEDULED
2026-10-03T00:26:03.335883+00:00,1286453,062,507,10,0,1790987278,,,SCHEDULED
2026-10-03T00:26:03.335883+00:00,1286453,062,508,11,0,1790987372,,,SCHEDULED
2026-10-03T00:26:03.335883+00:00,1286453,062,509,12,0,1790987375,,,SCHEDULED
2026-10-03T00:26:03.335883+00:00,1286453,062,510,13,0,1790987428,,,SCHEDULED
2026-10-03T00:26:03.335883+00:00,1286453,062,511,14,0,1790987435,,,SCHEDULED
2026-10-03T00:26:03.335883+00:00,1286453,062,513,15,0,1790987479,,,SCHEDULED
2026-10-03T00:26:03.335883+00:00,1286453,062,514,16,0,1790987537,,,SCHEDULED
2026-10-03T00:26:03.335883+00:00,1286453,062,515,17,0,1790987565,,,SCHEDULED
2026-10-03T00:26:03.335883+00:00,1286453,062,516,18,0,1790987592,,,SCHEDULED
2026-10-03T00:26:03.335883+00:00,1286453,062,517,19,0,1790987604,,,SCHEDULED
2026-10-03T00:26:03.335883+00:00,1286453,062,518,20,0,1790987651,,,SCHEDULED
2026-10-03T00:26:03.335883+00:00,1286453,062,2331,21,0,1790987703,,,SCHEDULED
2026-10-03T00:26:03.335883+00:00,1286453,062,2332,22,0,1790987729,,,SCHEDULED
2026-10-03T00:26:03.335883+00:00,1286453,062,2333,23,0,1790987766,,,SCHEDULED
2026-10-03T00:26:03.335883+00:00,1286453,062,2334,24,0,1790987781,,,SCHEDULED
2026-10-03T00:26:03.335883+00:00,1286453,062,2335,25,0,1790987817,,,SCHEDULED
2026-10-03T00:26:03.335883+00:00,1286453,062,1352,26,0,1790987844,,,SCHEDULED
2026-10-03T00:26:03.335883+00:00,1286453,062,2337,27,0,1790987904,,,SCHEDULED
2026-10-03T00:26:03.335883+00:00,1286453,062,2338,28,0,1790987935,,,SCHEDULED
2026-10-03T00:26:03.335883+00:00,1286453,062,2339,29,0,1790987954,,,SCHEDULED
2026-10-03T00:26:03.335883+00:00,1286453,062,2341,30,0,1790988002,,,SCHEDULED
2026-10-03T00:26:03.335883+00:00,1286453,062,2342,31,0,1790988031,,,SCHEDULED
2026-10-03T00:26:03.335883+00:00,1286453,062,2229,32,0,1790988102,,,SCHEDULED
2026-10-03T00:26:03.335883+00:00,1286453,062,2230,33,0,1790988229,,,SCHEDULED
2026-10-03T00:26:03.335883+00:00,1286453,062,2231,34,0,1790988260,,,SCHEDULED
2026-10-03T00:26:03.335883+00:00,1286453,062,2232,35,0,1790988291,,,SCHEDULED
2026-10-03T00:26:03.335883+00:00,1286453,062,2233,36,0,1790988356,,,SCHEDULED
2026-10-03T00:26:03.335883+00:00,1286453,062,2234,37,0,1790988393,,,SCHEDULED
2026-10-03T00:26:03.335883+00:00,1286453,062,2235,38,0,1790988444,,,SCHEDULED
2026-10-03T00:26:03.335883+00:00,1286453,062,2236,39,0,1790988504,,,SCHEDULED
2026-10-03T00:26:03.335883+00:00,1286453,062,2237,40,0,1790988559,,,SCHEDULED
2026-10-03T00:26:03.335883+00:00,1286453,062,2238,41,0,1790988583,,,SCHEDULED
2026-10-03T00:26:03.335883+00:00,1286453,062,2239,42,0,1790988606,,,SCHEDULED
2026-10-03T00:26:03.335883+00:00,1286453,062,2240,43,0,1790988630,,,SCHEDULED
2026-10-03T00:26:03.335883+00:00,1286453,062,2241,44,0,1790988722,,,SCHEDULED
2026-10-03T00:26:03.335883+00:00,1286453,062,2242,45,0,1790988767,,,SCHEDULED
2026-10-03T00:26:03.335883+00:00,1286453,062,2243,46,0,1790988802,,,SCHEDULED
2026-10-03T00:26:03.335883+00:00,1286453,062,2244,47,0,1790988839,,,SCHEDULED
2026-10-03T00:26:03.335883+00:00,1286453,062,2245,48,0,1790988861,,,SCHEDULED
2026-10-03T00:26:03.335883+00:00,1286453,062,2246,49,0,1790988921,,,SCHEDULED
2026-10-03T00:26:03.335883+00:00,1288199,113,4703,11,0,1790987209,,,SCHEDULED
2026-10-03T00:26:03.335883+00:00,1288199,113,4704,12,0,1790987272,,,SCHEDULED
2026-10-03T00:26:03.335883+00:00,1288199,113,4705,13,0,1790987329,,,SCHEDULED
2026-10-03T00:26:03.335883+00:00,1288199,113,4706,14,0,1790987372,,,SCHEDULED
2026-10-03T00:26:03.335883+00:00,1288199,113,4707,15,0,1790987512,,,SCHEDULED
2026-10-03T00:26:03.335883+00:00,1288199,113,4751,16,0,1790987547,,,SCHEDULED
2026-10-03T00:26:03.335883+00:00,1288199,113,5271,17,0,1790987679,,,SCHEDULED
2026-10-03T00:26:03.335883+00:00,1284791,015,575,3,0,1790987214,,,SCHEDULED
2026-10-03T00:26:03.335883+00:00,1284791,015,576,4,0,1790987233,,,SCHEDULED
2026-10-03T00:26:03.335883+00:00,1284791,015,577,5,0,1790987265,,,SCHEDULED
2026-10-03T00:26:03.335883+00:00,1284791,015,579,6,0,1790987316,,,SCHEDULED
2026-10-03T00:26:03.335883+00:00,1284791,015,580,7,0,1790987362,,,SCHEDULED
2026-10-03T00:26:03.335883+00:00,1284791,015,849,8,0,1790987419,,,SCHEDULED
2026-10-03T00:26:03.335883+00:00,1284791,015,850,9,0,1790987459,,,SCHEDULED
2026-10-03T00:26:03.335883+00:00,1284791,015,851,10,0,1790987528,,,SCHEDULED
2026-10-03T00:26:03.335883+00:00,1284791,015,852,11,0,1790987559,,,SCHEDULED
2026-10-03T00:26:03.335883+00:00,1284791,015,853,12,0,1790987578,,,SCHEDULED
2026-10-03T00:26:03.335883+00:00,1284791,015,859,13,0,1790987632,,,SCHEDULED
2026-10-03T00:26:03.335883+00:00,1284791,015,860,14,0,1790987692,,,SCHEDULED
2026-10-03T00:26:03.335883+00:00,1284791,015,861,15,0,1790987749,,,SCHEDULED
2026-10-03T00:26:03.335883+00:00,1284791,015,862,16,0,1790987764,,,SCHEDULED
2026-10-03T00:26:03.335883+00:00,1284791,015,863,17,0,1790987825,,,SCHEDULED
2026-10-03T00:26:03.335883+00:00,1284791,015,864,18,0,1790987859,,,SCHEDULED
2026-10-03T00:26:03.335883+00:00,1284791,015,865,19,0,1790987887,,,SCHEDULED
2026-10-03T00:26:03.335883+00:00,1284791,015,866,20,0,1790987935,,,SCHEDULED
2026-10-03T00:26:03.335883+00:00,1284791,015,867,21,0,1790987984,,,SCHEDULED
2026-10-03T00:26:03.335883+00:00,1284791,015,593,22,0,1790988015,,,SCHEDULED
2026-10-03T00:26:03.335883+00:00,1284791,015,594,23,0,1790988051,,,SCHEDULED
2026-10-03T00:26:03.335883+00:00,1284791,015,595,24,0,1790988104,,,SCHEDULED
2026-10-03T00:26:03.335883+00:00,1284791,015,596,25,0,1790988154,,,SCHEDULED
2026-10-03T00:26:03.335883+00:00,1284791,015,284,26,0,1790988202,,,SCHEDULED
2026-10-03T00:26:03.335883+00:00,1287941,088,1413,18,0,1790987179,,,SCHEDULED
2026-10-03T00:26:03.335883+00:00,1287941,088,1414,19,0,1790987340,,,SCHEDULED
2026-10-03T00:26:03.335883+00:00,1287941,088,1415,20,0,1790987400,,,SCHEDULED
2026-10-03T00:26:03.335883+00:00,1287941,088,1416,21,0,1790987453,,,SCHEDULED
2026-10-03T00:26:03.335883+00:00,1287941,088,1417,22,0,1790987485,,,SCHEDULED
2026-10-03T00:26:03.335883+00:00,1287941,088,413,23,0,1790987950,,,SCHEDULED
2026-10-03T00:26:03.335883+00:00,1287941,088,414,24,0,1790987975,,,SCHEDULED
2026-10-03T00:26:03.335883+00:00,1287941,088,415,25,0,1790988000,,,SCHEDULED
2026-10-03T00:26:03.335883+00:00,1287941,088,416,26,0,1790988040,,,SCHEDULED
2026-10-03T00:26:03.335883+00:00,1287820,087,3184,9,0,1790987155,,,SCHEDULED
2026-10-03T00:26:03.335883+00:00,1287820,087,3185,10,0,1790987301,,,SCHEDULED
2026-10-03T00:26:03.335883+00:00,1287820,087,3187,11,0,1790987385,,,SCHEDULED
2026-10-03T00:26:03.335883+00:00,1287820,087,3188,12,0,1790987451,,,SCHEDULED
2026-10-03T00:26:03.335883+00:00,1287820,087,3189,13,0,1790987559,,,SCHEDULED
2026-10-03T00:26:03.335883+00:00,1287820,087,3190,14,0,1790987711,,,SCHEDULED
2026-10-03T00:26:03.335883+00:00,1287820,087,3191,15,0,1790987717,,,SCHEDULED
2026-10-03T00:26:03.335883+00:00,1287820,087,3192,16,0,1790987782,,,SCHEDULED
2026-10-03T00:26:03.335883+00:00,1287820,087,3193,17,0,1790987912,,,SCHEDULED
2026-10-03T00:26:03.335883+00:00,1287820,087,275,18,0,1790988138,,,SCHEDULED
2026-10-03T00:26:03.335883+00:00,1287820,087,276,19,0,1790988368,,,SCHEDULED
2026-10-03T00:26:03.335883+00:00,1284673,013,1335,2,0,1790987333,,,SCHEDULED
2026-10-03T00:26:03.335883+00:00,1284673,013,1347,3,0,1790987920,,,SCHEDULED
2026-10-03T00:26:03.335883+00:00,1284673,013,8909,4,0,1790987977,,,SCHEDULED
2026-10-03T00:26:03.335883+00:00,1284673,013,8911,5,0,1790988025,,,SCHEDULED
2026-10-03T00:26:03.335883+00:00,1284673,013,8910,6,0,1790988148,,,SCHEDULED
2026-10-03T00:26:03.335883+00:00,1284673,013,8912,7,0,1790988267,,,SCHEDULED
2026-10-03T00:26:03.335883+00:00,1284673,013,8913,8,0,1790988299,,,SCHEDULED
2026-10-03T00:26:03.335883+00:00,1284673,013,3158,9,0,1790988667,,,SCHEDULED
2026-10-03T00:26:03.335883+00:00,1284673,013,3159,10,0,1790988751,,,SCHEDULED
2026-10-03T00:26:03.335883+00:00,1284673,013,3160,11,0,1790988778,,,SCHEDULED
2026-10-03T00:26:03.335883+00:00,1284673,013,3161,12,0,1790988816,,,SCHEDULED
2026-10-03T00:26:03.335883+00:00,1284673,013,3163,13,0,1790988870,,,SCHEDULED
2026-10-03T00:26:03.335883+00:00,1284673,013,3164,14,0,1790988898,,,SCHEDULED
2026-10-03T00:26:03.335883+00:00,1286214,056,4140,1,,,0,1790988358,SCHEDULED
2026-10-03T00:26:03.335883+00:00,1286214,056,4141,2,0,1790988388,,,SCHEDULED
2026-10-03T00:26:03.335883+00:00,1286214,056,4142,3,0,1790988435,,,SCHEDULED
2026-10-03T00:26:03.335883+00:00,1286214,056,4143,4,0,1790988535,,,SCHEDULED
2026-10-03T00:26:03.335883+00:00,1286214,056,5251,5,0,1790988585,,,SCHEDULED
2026-10-03T00:26:03.335883+00:00,1286214,056,4144,6,0,1790988605,,,SCHEDULED
2026-10-03T00:26:03.335883+00:00,1286214,056,4145,7,0,1790988621,,,SCHEDULED
2026-10-03T00:26:03.335883+00:00,1286214,056,4146,8,0,1790988644,,,SCHEDULED
2026-10-03T00:26:03.335883+00:00,1286214,056,478,9,0,1790988688,,,SCHEDULED
2026-10-03T00:26:03.335883+00:00,1286214,056,172,10,0,1790988794,,,SCHEDULED
2026-10-03T00:26:03.335883+00:00,1286214,056,480,11,0,1790988943,,,SCHEDULED
2026-10-03T00:26:03.335883+00:00,1284277,010,11102,6,0,1790987153,,,SCHEDULED
2026-10-03T00:26:03.335883+00:00,1284277,010,11071,7,0,1790987257,,,SCHEDULED
2026-10-03T00:26:03.335883+00:00,1284277,010,11050,8,0,1790987279,,,SCHEDULED
2026-10-03T00:26:03.335883+00:00,1284277,010,11039,9,0,1790987447,,,SCHEDULED
2026-10-03T00:26:03.335883+00:00,1284277,010,11040,10,0,1790987469,,,SCHEDULED
2026-10-03T00:26:03.335883+00:00,1284277,010,11135,11,0,1790987516,,,SCHEDULED
2026-10-03T00:26:03.335883+00:00,1284277,010,11104,12,0,1790987538,,,SCHEDULED
2026-10-03T00:26:03.335883+00:00,1284277,010,11108,13,0,1790987577,,,SCHEDULED
2026-10-03T00:26:03.335883+00:00,1284277,010,11127,14,0,1790987629,,,SCHEDULED
2026-10-03T00:26:03.335883+00:00,1284277,010,11002,15,0,1790987747,,,SCHEDULED
2026-10-03T00:26:03.335883+00:00,1284277,010,11157,16,0,1790987818,,,SCHEDULED
2026-10-03T00:26:03.335883+00:00,1284277,010,11033,17,0,1790987886,,,SCHEDULED
2026-10-03T00:26:03.335883+00:00,1284277,010,11035,18,0,1790988117,,,SCHEDULED
2026-10-03T00:26:03.335883+00:00,1284277,010,11034,19,0,1790988149,,,SCHEDULED
2026-10-03T00:26:03.335883+00:00,1284277,010,11036,20,0,1790988243,,,SCHEDULED
2026-10-03T00:26:03.335883+00:00,1284277,010,11109,21,0,1790988423,,,SCHEDULED
2026-10-03T00:26:03.335883+00:00,1284277,010,11118,22,0,1790988464,,,SCHEDULED
2026-10-03T00:26:03.335883+00:00,1284277,010,11119,23,0,1790988492,,,SCHEDULED
2026-10-03T00:26:03.335883+00:00,1284277,010,11120,24,0,1790988552,,,SCHEDULED
2026-10-03T00:26:03.335883+00:00,1284277,010,11121,25,0,1790988582,,,SCHEDULED
2026-10-03T00:26:03.335883+00:00,1284277,010,11156,26,0,1790988623,,,SCHEDULED
2026-10-03T00:26:03.335883+00:00,1284277,010,11207,27,0,1790988646,,,SCHEDULED
2026-10-03T00:26:03.335883+00:00,1284277,010,11022,28,0,1790988712,,,SCHEDULED
2026-10-03T00:26:03.335883+00:00,1287545,084,1618,2,0,1790987153,,,SCHEDULED
2026-10-03T00:26:03.335883+00:00,1287545,084,1306,3,0,1790987241,,,SCHEDULED
2026-10-03T00:26:03.335883+00:00,1287545,084,1570,4,0,1790987345,,,SCHEDULED
2026-10-03T00:26:03.335883+00:00,1287545,084,1307,5,0,1790987394,,,SCHEDULED
2026-10-03T00:26:03.335883+00:00,1287545,084,4003,6,0,1790987461,,,SCHEDULED
2026-10-03T00:26:03.335883+00:00,1287545,084,4004,7,0,1790987503,,,SCHEDULED
2026-10-03T00:26:03.335883+00:00,1287545,084,4005,8,0,1790987539,,,SCHEDULED
2026-10-03T00:26:03.335883+00:00,1287545,084,4006,9,0,1790987580,,,SCHEDULED
2026-10-03T00:26:03.335883+00:00,1287545,084,4007,10,0,1790987626,,,SCHEDULED
2026-10-03T00:26:03.335883+00:00,1287545,084,3950,11,0,1790987653,,,SCHEDULED
2026-10-03T00:26:03.335883+00:00,1287545,084,3951,12,0,1790987698,,,SCHEDULED
2026-10-03T00:26:03.335883+00:00,1287545,084,3953,13,0,1790987740,,,SCHEDULED
2026-10-03T00:26:03.335883+00:00,1287545,084,3954,14,0,1790987770,,,SCHEDULED
2026-10-03T00:26:03.335883+00:00,1287545,084,3955,15,0,1790987801,,,SCHEDULED
2026-10-03T00:26:03.335883+00:00,1287545,084,3956,16,0,1790987835,,,SCHEDULED
2026-10-03T00:26:03.335883+00:00,1287545,084,3957,17,0,1790987858,,,SCHEDULED
2026-10-03T00:26:03.335883+00:00,1287545,084,3063,18,0,1790987880,,,SCHEDULED
2026-10-03T00:26:03.335883+00:00,1287545,084,3064,19,0,1790987946,,,SCHEDULED
2026-10-03T00:26:03.335883+00:00,1287545,084,3065,20,0,1790987988,,,SCHEDULED
2026-10-03T00:26:03.335883+00:00,1287545,084,3066,21,0,1790988034,,,SCHEDULED
2026-10-03T00:26:03.335883+00:00,1287545,084,3067,22,0,1790988094,,,SCHEDULED
2026-10-03T00:26:03.335883+00:00,1287545,084,3068,23,0,1790988153,,,SCHEDULED
2026-10-03T00:26:03.335883+00:00,1287545,084,3069,24,0,1790988224,,,SCHEDULED
2026-10-03T00:26:03.335883+00:00,1287545,084,3049,25,0,1790988336,,,SCHEDULED
2026-10-03T00:26:03.335883+00:00,1287545,084,3070,26,0,1790988392,,,SCHEDULED
2026-10-03T00:26:03.335883+00:00,1287545,084,3071,27,0,1790988448,,,SCHEDULED
2026-10-03T00:26:03.335883+00:00,1287545,084,3072,28,0,1790988494,,,SCHEDULED
2026-10-03T00:26:03.335883+00:00,1287545,084,9801,29,0,1790988600,,,SCHEDULED
2026-10-03T00:26:03.335883+00:00,1287545,084,3073,30,0,1790988660,,,SCHEDULED
2026-10-03T00:26:03.335883+00:00,1287545,084,3074,31,0,1790988780,,,SCHEDULED
2026-10-03T00:26:03.335883+00:00,1287545,084,3075,32,0,1790988833,,,SCHEDULED
2026-10-03T00:26:03.335883+00:00,1287666,086,241,1,,,0,1790987820,SCHEDULED
2026-10-03T00:26:03.335883+00:00,1287666,086,558,2,0,1790987936,,,SCHEDULED
2026-10-03T00:26:03.335883+00:00,1287666,086,559,3,0,1790988009,,,SCHEDULED
2026-10-03T00:26:03.335883+00:00,1287666,086,560,4,0,1790988069,,,SCHEDULED
2026-10-03T00:26:03.335883+00:00,1287666,086,561,5,0,1790988093,,,SCHEDULED
2026-10-03T00:26:03.335883+00:00,1287666,086,562,6,0,1790988149,,,SCHEDULED
2026-10-03T00:26:03.335883+00:00,1287666,086,849,7,0,1790988224,,,SCHEDULED
2026-10-03T00:26:03.335883+00:00,1287666,086,850,8,0,1790988256,,,SCHEDULED
2026-10-03T00:26:03.335883+00:00,1287666,086,851,9,0,1790988350,,,SCHEDULED
2026-10-03T00:26:03.335883+00:00,1287666,086,852,10,0,1790988378,,,SCHEDULED
2026-10-03T00:26:03.335883+00:00,1287666,086,853,11,0,1790988406,,,SCHEDULED
2026-10-03T00:26:03.335883+00:00,1287666,086,854,12,0,1790988443,,,SCHEDULED
2026-10-03T00:26:03.335883+00:00,1287666,086,855,13,0,1790988471,,,SCHEDULED
2026-10-03T00:26:03.335883+00:00,1287666,086,856,14,0,1790988527,,,SCHEDULED
2026-10-03T00:26:03.335883+00:00,1287666,086,813,15,0,1790988600,,,SCHEDULED
2026-10-03T00:26:03.335883+00:00,1287666,086,814,16,0,1790988649,,,SCHEDULED
2026-10-03T00:26:03.335883+00:00,1287666,086,815,17,0,1790988688,,,SCHEDULED
2026-10-03T00:26:03.335883+00:00,1287666,086,701,18,0,1790988730,,,SCHEDULED
2026-10-03T00:26:03.335883+00:00,1287666,086,702,19,0,1790988769,,,SCHEDULED
2026-10-03T00:26:03.335883+00:00,1287546,084,3074,31,0,1790987309,,,SCHEDULED
2026-10-03T00:26:03.335883+00:00,1287546,084,3075,32,0,1790987362,,,SCHEDULED
2026-10-03T00:26:03.335883+00:00,1287546,084,3076,33,0,1790987456,,,SCHEDULED
2026-10-03T00:26:03.335883+00:00,1287546,084,3077,34,0,1790987488,,,SCHEDULED
2026-10-03T00:26:03.335883+00:00,1287546,084,3078,35,0,1790987509,,,SCHEDULED
2026-10-03T00:26:03.335883+00:00,1287546,084,3079,36,0,1790987519,,,SCHEDULED
2026-10-03T00:26:03.335883+00:00,1287546,084,3080,37,0,1790987580,,,SCHEDULED
2026-10-03T00:26:03.335883+00:00,1287546,084,1074,38,0,1790987747,,,SCHEDULED
2026-10-03T00:26:03.335883+00:00,1287546,084,1075,39,0,1790987763,,,SCHEDULED
2026-10-03T00:26:03.335883+00:00,1287546,084,1076,40,0,1790987773,,,SCHEDULED
2026-10-03T00:26:03.335883+00:00,1287546,084,1077,41,0,1790987863,,,SCHEDULED
2026-10-03T00:26:03.335883+00:00,1287546,084,1646,42,0,1790987927,,,SCHEDULED
2026-10-03T00:26:03.335883+00:00,1287546,084,1648,43,0,1790988011,,,SCHEDULED
2026-10-03T00:26:03.335883+00:00,1287546,084,1107,44,0,1790988108,,,SCHEDULED
2026-10-03T00:26:03.335883+00:00,1287546,084,1108,45,0,1790988149,,,SCHEDULED
2026-10-03T00:26:03.335883+00:00,1287546,084,3081,46,0,1790988211,,,SCHEDULED
2026-10-03T00:26:03.335883+00:00,1287546,084,3082,47,0,1790988235,,,SCHEDULED
2026-10-03T00:26:03.335883+00:00,1287546,084,3083,48,0,1790988287,,,SCHEDULED
2026-10-03T00:26:03.335883+00:00,1287546,084,3084,49,0,1790988348,,,SCHEDULED
2026-10-03T00:26:03.335883+00:00,1287546,084,3085,50,0,1790988388,,,SCHEDULED
2026-10-03T00:26:03.335883+00:00,1287546,084,3086,51,0,1790988450,,,SCHEDULED
2026-10-03T00:26:03.335883+00:00,1287546,084,3087,52,0,1790988528,,,SCHEDULED
2026-10-03T00:26:03.335883+00:00,1287546,084,3000,53,0,1790988810,,,SCHEDULED
2026-10-03T00:26:03.335883+00:00,1287546,084,3001,54,0,1790988839,,,SCHEDULED
2026-10-03T00:26:03.335883+00:00,1287546,084,3002,55,0,1790988866,,,SCHEDULED
2026-10-03T00:26:03.335883+00:00,1287700,086,3155,18,0,1790987150,,,SCHEDULED
2026-10-03T00:26:03.335883+00:00,1287700,086,3156,19,0,1790987203,,,SCHEDULED
2026-10-03T00:26:03.335883+00:00,1287700,086,3157,20,0,1790987260,,,SCHEDULED
2026-10-03T00:26:03.335883+00:00,1287700,086,3158,21,0,1790987297,,,SCHEDULED
2026-10-03T00:26:03.335883+00:00,1287700,086,3159,22,0,1790987359,,,SCHEDULED
2026-10-03T00:26:03.335883+00:00,1287700,086,3160,23,0,1790987409,,,SCHEDULED
2026-10-03T00:26:03.335883+00:00,1287700,086,3161,24,0,1790987412,,,SCHEDULED
2026-10-03T00:26:03.335883+00:00,1287700,086,3163,25,0,1790987475,,,SCHEDULED
2026-10-03T00:26:03.335883+00:00,1287700,086,3164,26,0,1790987508,,,SCHEDULED
2026-10-03T00:26:03.335883+00:00,1287700,086,699,27,0,1790987553,,,SCHEDULED
2026-10-03T00:26:03.335883+00:00,1287700,086,703,28,0,1790987723,,,SCHEDULED
2026-10-03T00:26:03.335883+00:00,1287700,086,700,29,0,1790987760,,,SCHEDULED
2026-10-03T00:26:03.335883+00:00,1287700,086,706,30,0,1790987828,,,SCHEDULED
2026-10-03T00:26:03.335883+00:00,1287700,086,707,31,0,1790987896,,,SCHEDULED
2026-10-03T00:26:03.335883+00:00,1287700,086,708,32,0,1790987917,,,SCHEDULED
2026-10-03T00:26:03.335883+00:00,1287700,086,834,33,0,1790987949,,,SCHEDULED
2026-10-03T00:26:03.335883+00:00,1287700,086,835,34,0,1790988005,,,SCHEDULED
2026-10-03T00:26:03.335883+00:00,1287700,086,836,35,0,1790988051,,,SCHEDULED
2026-10-03T00:26:03.335883+00:00,1287700,086,838,36,0,1790988097,,,SCHEDULED
2026-10-03T00:26:03.335883+00:00,1287700,086,839,37,0,1790988136,,,SCHEDULED
2026-10-03T00:26:03.335883+00:00,1287700,086,840,38,0,1790988183,,,SCHEDULED
2026-10-03T00:26:03.335883+00:00,1287700,086,581,39,0,1790988220,,,SCHEDULED
2026-10-03T00:26:03.335883+00:00,1287700,086,582,40,0,1790988273,,,SCHEDULED
2026-10-03T00:26:03.335883+00:00,1287700,086,583,41,0,1790988301,,,SCHEDULED
2026-10-03T00:26:03.335883+00:00,1287700,086,584,42,0,1790988344,,,SCHEDULED
2026-10-03T00:26:03.335883+00:00,1287700,086,585,43,0,1790988413,,,SCHEDULED
2026-10-03T00:26:03.335883+00:00,1287700,086,586,44,0,1790988490,,,SCHEDULED
2026-10-03T00:26:03.335883+00:00,1284672,013,1334,1,,,0,1790988900,SCHEDULED
2026-10-03T00:26:03.335883+00:00,1286179,056,286,2,0,1790987446,,,SCHEDULED
2026-10-03T00:26:03.335883+00:00,1286179,056,4439,3,0,1790987532,,,SCHEDULED
2026-10-03T00:26:03.335883+00:00,1286179,056,4440,4,0,1790987568,,,SCHEDULED
2026-10-03T00:26:03.335883+00:00,1286179,056,4441,5,0,1790987596,,,SCHEDULED
2026-10-03T00:26:03.335883+00:00,1286179,056,4015,6,0,1790987650,,,SCHEDULED
2026-10-03T00:26:03.335883+00:00,1286179,056,4016,7,0,1790987691,,,SCHEDULED
2026-10-03T00:26:03.335883+00:00,1286179,056,4017,8,0,1790987742,,,SCHEDULED
2026-10-03T00:26:03.335883+00:00,1286179,056,3914,9,0,1790987853,,,SCHEDULED
2026-10-03T00:26:03.335883+00:00,1286179,056,3220,10,0,1790987982,,,SCHEDULED
2026-10-03T00:26:03.335883+00:00,1286179,056,3222,11,0,1790988111,,,SCHEDULED
2026-10-03T00:26:03.335883+00:00,1286179,056,3223,12,0,1790988181,,,SCHEDULED
2026-10-03T00:26:03.335883+00:00,1286179,056,3225,13,0,1790988261,,,SCHEDULED
2026-10-03T00:26:03.335883+00:00,1286179,056,2062,14,0,1790988353,,,SCHEDULED
2026-10-03T00:26:03.335883+00:00,1286179,056,2063,15,0,1790988362,,,SCHEDULED
2026-10-03T00:26:03.335883+00:00,1286179,056,2064,16,0,1790988456,,,SCHEDULED
2026-10-03T00:26:03.335883+00:00,1286179,056,2065,17,0,1790988513,,,SCHEDULED
2026-10-03T00:26:03.335883+00:00,1286179,056,2066,18,0,1790988519,,,SCHEDULED
2026-10-03T00:26:03.335883+00:00,1286179,056,2068,19,0,1790988594,,,SCHEDULED
2026-10-03T00:26:03.335883+00:00,1286179,056,5200,20,0,1790988660,,,SCHEDULED
2026-10-03T00:26:03.335883+00:00,1286179,056,287,21,0,1790988818,,,SCHEDULED
2026-10-03T00:26:03.335883+00:00,1286179,056,2070,22,0,1790988875,,,SCHEDULED
2026-10-03T00:26:03.335883+00:00,1286179,056,2071,23,0,1790988904,,,SCHEDULED
2026-10-03T00:26:03.335883+00:00,1286213,056,485,17,0,1790987167,,,SCHEDULED
2026-10-03T00:26:03.335883+00:00,1286213,056,486,18,0,1790987236,,,SCHEDULED
2026-10-03T00:26:03.335883+00:00,1286213,056,487,19,0,1790987296,,,SCHEDULED
2026-10-03T00:26:03.335883+00:00,1286213,056,488,20,0,1790987325,,,SCHEDULED
2026-10-03T00:26:03.335883+00:00,1286213,056,5200,21,0,1790987400,,,SCHEDULED
2026-10-03T00:26:03.335883+00:00,1286213,056,489,22,0,1790987484,,,SCHEDULED
2026-10-03T00:26:03.335883+00:00,1286213,056,490,23,0,1790987526,,,SCHEDULED
2026-10-03T00:26:03.335883+00:00,1286213,056,491,24,0,1790987604,,,SCHEDULED
2026-10-03T00:26:03.335883+00:00,1286213,056,492,25,0,1790987643,,,SCHEDULED
2026-10-03T00:26:03.335883+00:00,1286213,056,493,26,0,1790987680,,,SCHEDULED
2026-10-03T00:26:03.335883+00:00,1286213,056,494,27,0,1790987707,,,SCHEDULED
2026-10-03T00:26:03.335883+00:00,1286213,056,3831,28,0,1790987881,,,SCHEDULED
2026-10-03T00:26:03.335883+00:00,1286213,056,3832,29,0,1790987942,,,SCHEDULED
2026-10-03T00:26:03.335883+00:00,1286213,056,3833,30,0,1790987975,,,SCHEDULED
2026-10-03T00:26:03.335883+00:00,1286213,056,3834,31,0,1790988044,,,SCHEDULED
2026-10-03T00:26:03.335883+00:00,1286213,056,3939,32,0,1790988180,,,SCHEDULED
2026-10-03T00:26:03.335883+00:00,1286213,056,5107,33,0,1790988220,,,SCHEDULED
2026-10-03T00:26:03.335883+00:00,1286213,056,4020,34,0,1790988260,,,SCHEDULED
2026-10-03T00:26:03.335883+00:00,1286213,056,4021,35,0,1790988306,,,SCHEDULED
2026-10-03T00:26:03.335883+00:00,1286213,056,4022,36,0,1790988357,,,SCHEDULED
2026-10-03T00:26:03.335883+00:00,1286213,056,242,37,0,1790988446,,,SCHEDULED
2026-10-03T00:26:03.335883+00:00,1286213,056,243,38,0,1790988495,,,SCHEDULED
2026-10-03T00:26:03.335883+00:00,1286213,056,244,39,0,1790988535,,,SCHEDULED
2026-10-03T00:26:03.335883+00:00,1286213,056,1038,40,0,1790988607,,,SCHEDULED
2026-10-03T00:26:03.335883+00:00,1286213,056,4019,41,0,1790988653,,,SCHEDULED
2026-10-03T00:26:03.335883+00:00,1286455,062,522,58,0,1790987092,,,SCHEDULED
2026-10-03T00:26:03.335883+00:00,1286455,062,525,59,0,1790987152,,,SCHEDULED
2026-10-03T00:26:03.335883+00:00,1286455,062,526,60,0,1790987253,,,SCHEDULED
2026-10-03T00:26:03.335883+00:00,1286455,062,527,61,0,1790987280,,,SCHEDULED
2026-10-03T00:26:03.335883+00:00,1286455,062,528,62,0,1790987312,,,SCHEDULED
2026-10-03T00:26:03.335883+00:00,1286455,062,5252,63,0,1790987444,,,SCHEDULED
2026-10-03T00:26:03.335883+00:00,1286455,062,531,64,0,1790987462,,,SCHEDULED
2026-10-03T00:26:03.335883+00:00,1286455,062,116,65,0,1790987507,,,SCHEDULED
2026-10-03T00:26:03.335883+00:00,1287701,086,3154,17,0,1790987158,,,SCHEDULED
2026-10-03T00:26:03.335883+00:00,1287701,086,3155,18,0,1790987199,,,SCHEDULED
2026-10-03T00:26:03.335883+00:00,1287701,086,3156,19,0,1790987239,,,SCHEDULED
2026-10-03T00:26:03.335883+00:00,1287701,086,3157,20,0,1790987287,,,SCHEDULED
2026-10-03T00:26:03.335883+00:00,1287701,086,3158,21,0,1790987340,,,SCHEDULED
2026-10-03T00:26:03.335883+00:00,1287701,086,3159,22,0,1790987410,,,SCHEDULED
2026-10-03T00:26:03.335883+00:00,1287701,086,3160,23,0,1790987451,,,SCHEDULED
2026-10-03T00:26:03.335883+00:00,1287701,086,3161,24,0,1790987501,,,SCHEDULED
2026-10-03T00:26:03.335883+00:00,1287701,086,3163,25,0,1790987605,,,SCHEDULED
2026-10-03T00:26:03.335883+00:00,1287701,086,3164,26,0,1790987651,,,SCHEDULED
2026-10-03T00:26:03.335883+00:00,1287701,086,699,27,0,1790987686,,,SCHEDULED
2026-10-03T00:26:03.335883+00:00,1287701,086,703,28,0,1790987848,,,SCHEDULED
2026-10-03T00:26:03.335883+00:00,1287701,086,700,29,0,1790987886,,,SCHEDULED
2026-10-03T00:26:03.335883+00:00,1287701,086,706,30,0,1790987926,,,SCHEDULED
2026-10-03T00:26:03.335883+00:00,1287701,086,707,31,0,1790987969,,,SCHEDULED
2026-10-03T00:26:03.335883+00:00,1287701,086,708,32,0,1790988000,,,SCHEDULED
2026-10-03T00:26:03.335883+00:00,1287701,086,834,33,0,1790988064,,,SCHEDULED
2026-10-03T00:26:03.335883+00:00,1287701,086,835,34,0,1790988152,,,SCHEDULED
2026-10-03T00:26:03.335883+00:00,1287701,086,836,35,0,1790988176,,,SCHEDULED
2026-10-03T00:26:03.335883+00:00,1287701,086,838,36,0,1790988222,,,SCHEDULED
2026-10-03T00:26:03.335883+00:00,1287701,086,839,37,0,1790988265,,,SCHEDULED
2026-10-03T00:26:03.335883+00:00,1287701,086,840,38,0,1790988324,,,SCHEDULED
2026-10-03T00:26:03.335883+00:00,1287701,086,581,39,0,1790988372,,,SCHEDULED
2026-10-03T00:26:03.335883+00:00,1287701,086,582,40,0,1790988410,,,SCHEDULED
2026-10-03T00:26:03.335883+00:00,1287701,086,583,41,0,1790988458,,,SCHEDULED
2026-10-03T00:26:03.335883+00:00,1287701,086,584,42,0,1790988495,,,SCHEDULED
2026-10-03T00:26:03.335883+00:00,1287701,086,585,43,0,1790988562,,,SCHEDULED
2026-10-03T00:26:03.335883+00:00,1287701,086,586,44,0,1790988637,,,SCHEDULED
2026-10-03T00:26:03.335883+00:00,1285009,021,1070,1,,,0,1790988360,SCHEDULED
2026-10-03T00:26:03.335883+00:00,1285009,021,3327,2,0,1790988402,,,SCHEDULED
2026-10-03T00:26:03.335883+00:00,1285009,021,3328,3,0,1790988470,,,SCHEDULED
2026-10-03T00:26:03.335883+00:00,1285009,021,3329,4,0,1790988522,,,SCHEDULED
2026-10-03T00:26:03.335883+00:00,1285009,021,3330,5,0,1790988574,,,SCHEDULED
2026-10-03T00:26:03.335883+00:00,1285009,021,3331,6,0,1790988653,,,SCHEDULED
2026-10-03T00:26:03.335883+00:00,1285009,021,3706,7,0,1790988715,,,SCHEDULED
2026-10-03T00:26:03.335883+00:00,1285009,021,3707,8,0,1790988785,,,SCHEDULED
2026-10-03T00:26:03.335883+00:00,1285009,021,3708,9,0,1790988895,,,SCHEDULED
2026-10-03T00:26:03.335883+00:00,1285768,033,628,1,,,0,1790988840,SCHEDULED
2026-10-03T00:26:03.335883+00:00,1287547,084,3004,57,0,1790987188,,,SCHEDULED
2026-10-03T00:26:03.335883+00:00,1287547,084,3005,58,0,1790987246,,,SCHEDULED
2026-10-03T00:26:03.335883+00:00,1287547,084,3006,59,0,1790987298,,,SCHEDULED
2026-10-03T00:26:03.335883+00:00,1287547,084,3007,60,0,1790987321,,,SCHEDULED
2026-10-03T00:26:03.335883+00:00,1287547,084,2749,61,0,1790987340,,,SCHEDULED
2026-10-03T00:26:03.335883+00:00,1287547,084,2750,62,0,1790987412,,,SCHEDULED
2026-10-03T00:26:03.335883+00:00,1287547,084,2751,63,0,1790987496,,,SCHEDULED
2026-10-03T00:26:03.335883+00:00,1287547,084,2752,64,0,1790987561,,,SCHEDULED
2026-10-03T00:26:03.335883+00:00,1287789,087,291,1,,,0,1790987429,SCHEDULED
2026-10-03T00:26:03.335883+00:00,1287789,087,274,2,0,1790987582,,,SCHEDULED
2026-10-03T00:26:03.335883+00:00,1287789,087,275,3,0,1790987762,,,SCHEDULED
2026-10-03T00:26:03.335883+00:00,1287789,087,3893,4,0,1790988089,,,SCHEDULED
2026-10-03T00:26:03.335883+00:00,1287789,087,3894,5,0,1790988290,,,SCHEDULED
2026-10-03T00:26:03.335883+00:00,1287789,087,3895,6,0,1790988381,,,SCHEDULED
2026-10-03T00:26:03.335883+00:00,1287789,087,3896,7,0,1790988461,,,SCHEDULED
2026-10-03T00:26:03.335883+00:00,1287789,087,3897,8,0,1790988510,,,SCHEDULED
2026-10-03T00:26:03.335883+00:00,1287789,087,3898,9,0,1790988631,,,SCHEDULED
2026-10-03T00:26:03.335883+00:00,1287789,087,3899,10,0,1790988713,,,SCHEDULED
2026-10-03T00:26:03.335883+00:00,1287789,087,3900,11,0,1790988823,,,SCHEDULED
2026-10-03T00:26:03.335883+00:00,1287789,087,3901,12,0,1790988903,,,SCHEDULED
2026-10-03T00:26:03.335883+00:00,1287702,086,418,1,,,0,1790987318,SCHEDULED
2026-10-03T00:26:03.335883+00:00,1287702,086,4763,2,0,1790987345,,,SCHEDULED
2026-10-03T00:26:03.335883+00:00,1287702,086,113,3,0,1790987388,,,SCHEDULED
2026-10-03T00:26:03.335883+00:00,1287702,086,525,4,0,1790987473,,,SCHEDULED
2026-10-03T00:26:03.335883+00:00,1287702,086,526,5,0,1790987566,,,SCHEDULED
2026-10-03T00:26:03.335883+00:00,1287702,086,527,6,0,1790987596,,,SCHEDULED
2026-10-03T00:26:03.335883+00:00,1287702,086,528,7,0,1790987694,,,SCHEDULED
2026-10-03T00:26:03.335883+00:00,1287702,086,5252,8,0,1790987841,,,SCHEDULED
2026-10-03T00:26:03.335883+00:00,1287702,086,531,9,0,1790987880,,,SCHEDULED
2026-10-03T00:26:03.335883+00:00,1287702,086,3146,10,0,1790988540,,,SCHEDULED
2026-10-03T00:26:03.335883+00:00,1287702,086,3148,11,0,1790988603,,,SCHEDULED
2026-10-03T00:26:03.335883+00:00,1287702,086,3149,12,0,1790988734,,,SCHEDULED
2026-10-03T00:26:03.335883+00:00,1287702,086,3150,13,0,1790988797,,,SCHEDULED
2026-10-03T00:26:03.335883+00:00,1287702,086,3151,14,0,1790988844,,,SCHEDULED
2026-10-03T00:26:03.335883+00:00,1287702,086,3152,15,0,1790988867,,,SCHEDULED
2026-10-03T00:26:03.335883+00:00,1287702,086,3153,16,0,1790988912,,,SCHEDULED
2026-10-03T00:26:03.335883+00:00,1287819,087,241,1,,,0,1790988654,SCHEDULED
2026-10-03T00:26:03.335883+00:00,1287819,087,1255,2,0,1790988808,,,SCHEDULED
2026-10-03T00:26:03.335883+00:00,1287819,087,1263,3,0,1790988946,,,SCHEDULED
2026-10-03T00:26:03.335883+00:00,1288190,106,987,25,0,1790987164,,,SCHEDULED
2026-10-03T00:26:03.335883+00:00,1288190,106,988,26,0,1790987181,,,SCHEDULED
2026-10-03T00:26:03.335883+00:00,1288190,106,989,27,0,1790987201,,,SCHEDULED
2026-10-03T00:26:03.335883+00:00,1288190,106,990,28,0,1790987234,,,SCHEDULED
2026-10-03T00:26:03.335883+00:00,1288190,106,992,29,0,1790987277,,,SCHEDULED
2026-10-03T00:26:03.335883+00:00,1288190,106,993,30,0,1790987304,,,SCHEDULED
2026-10-03T00:26:03.335883+00:00,1288190,106,994,31,0,1790987337,,,SCHEDULED
2026-10-03T00:26:03.335883+00:00,1288190,106,995,32,0,1790987384,,,SCHEDULED
2026-10-03T00:26:03.335883+00:00,1288190,106,997,33,0,1790987413,,,SCHEDULED
2026-10-03T00:26:03.335883+00:00,1288190,106,998,34,0,1790987460,,,SCHEDULED
2026-10-03T00:26:03.335883+00:00,1288190,106,999,35,0,1790987497,,,SCHEDULED
2026-10-03T00:26:03.335883+00:00,1288190,106,1000,36,0,1790987530,,,SCHEDULED
2026-10-03T00:26:03.335883+00:00,1288190,106,1001,37,0,1790987559,,,SCHEDULED
2026-10-03T00:26:03.335883+00:00,1288190,106,1002,38,0,1790987599,,,SCHEDULED
2026-10-03T00:26:03.335883+00:00,1288190,106,1003,39,0,1790987628,,,SCHEDULED
2026-10-03T00:26:03.335883+00:00,1288190,106,2357,40,0,1790987676,,,SCHEDULED
2026-10-03T00:26:03.335883+00:00,1288190,106,1005,41,0,1790987701,,,SCHEDULED
2026-10-03T00:26:03.335883+00:00,1288190,106,1006,42,0,1790987725,,,SCHEDULED
2026-10-03T00:26:03.335883+00:00,1288190,106,1007,43,0,1790987749,,,SCHEDULED
2026-10-03T00:26:03.335883+00:00,1288190,106,450,44,0,1790987778,,,SCHEDULED
2026-10-03T00:26:03.335883+00:00,1288190,106,1008,45,0,1790987794,,,SCHEDULED
2026-10-03T00:26:03.335883+00:00,1288190,106,1009,46,0,1790987811,,,SCHEDULED
2026-10-03T00:26:03.335883+00:00,1288190,106,1010,47,0,1790987853,,,SCHEDULED
2026-10-03T00:26:03.335883+00:00,1288190,106,1011,48,0,1790987887,,,SCHEDULED
2026-10-03T00:26:03.335883+00:00,1288190,106,1012,49,0,1790987940,,,SCHEDULED
2026-10-03T00:26:03.335883+00:00,1288190,106,1013,50,0,1790987966,,,SCHEDULED
2026-10-03T00:26:03.335883+00:00,1288190,106,1014,51,0,1790988000,,,SCHEDULED
2026-10-03T00:26:03.335883+00:00,1288190,106,1016,52,0,1790988046,,,SCHEDULED
2026-10-03T00:26:03.335883+00:00,1288190,106,1017,53,0,1790988080,,,SCHEDULED
2026-10-03T00:26:03.335883+00:00,1288190,106,476,54,0,1790988107,,,SCHEDULED
2026-10-03T00:26:03.335883+00:00,1288190,106,477,55,0,1790988120,,,SCHEDULED
2026-10-03T00:26:03.335883+00:00,1288190,106,4134,56,0,1790988154,,,SCHEDULED
2026-10-03T00:26:03.335883+00:00,1288190,106,4136,57,0,1790988204,,,SCHEDULED
2026-10-03T00:26:03.335883+00:00,1288190,106,4137,58,0,1790988257,,,SCHEDULED
2026-10-03T00:26:03.335883+00:00,1284392,011,607,38,0,1790987154,,,SCHEDULED
2026-10-03T00:26:03.335883+00:00,1284392,011,8922,39,0,1790987584,,,SCHEDULED
2026-10-03T00:26:03.335883+00:00,1284392,011,8923,40,0,1790987630,,,SCHEDULED
2026-10-03T00:26:03.335883+00:00,1284392,011,8924,41,0,1790987663,,,SCHEDULED
2026-10-03T00:26:03.335883+00:00,1284392,011,8925,42,0,1790987698,,,SCHEDULED
2026-10-03T00:26:03.335883+00:00,1284392,011,8926,43,0,1790987744,,,SCHEDULED
2026-10-03T00:26:03.335883+00:00,1284392,011,8927,44,0,1790987793,,,SCHEDULED
2026-10-03T00:26:03.335883+00:00,1284392,011,4710,45,0,1790987979,,,SCHEDULED
2026-10-03T00:26:03.335883+00:00,1284392,011,8928,46,0,1790988044,,,SCHEDULED
2026-10-03T00:26:03.335883+00:00,1284392,011,8929,47,0,1790988147,,,SCHEDULED
2026-10-03T00:26:03.335883+00:00,1284392,011,8930,48,0,1790988196,,,SCHEDULED
2026-10-03T00:26:03.335883+00:00,1284392,011,543,49,0,1790988247,,,SCHEDULED
2026-10-03T00:26:03.335883+00:00,1284392,011,5348,50,0,1790988340,,,SCHEDULED
2026-10-03T00:26:03.335883+00:00,1284392,011,5201,51,0,1790988396,,,SCHEDULED
2026-10-03T00:26:03.335883+00:00,1284392,011,8900,52,0,1790988553,,,SCHEDULED
2026-10-03T00:26:03.335883+00:00,1284392,011,8901,53,0,1790988575,,,SCHEDULED
2026-10-03T00:26:03.335883+00:00,1284392,011,8902,54,0,1790988640,,,SCHEDULED
2026-10-03T00:26:03.335883+00:00,1284392,011,8903,55,0,1790988705,,,SCHEDULED
2026-10-03T00:26:03.335883+00:00,1284392,011,8904,56,0,1790988756,,,SCHEDULED
2026-10-03T00:26:03.335883+00:00,1284392,011,8905,57,0,1790988808,,,SCHEDULED
2026-10-03T00:26:03.335883+00:00,1284392,011,8906,58,0,1790988859,,,SCHEDULED
2026-10-03T00:26:03.335883+00:00,1284392,011,8907,59,0,1790988905,,,SCHEDULED
2026-10-03T00:26:03.335883+00:00,1284392,011,8908,60,0,1790988932,,,SCHEDULED
2026-10-03T00:26:03.335883+00:00,1288195,109,3478,28,0,1790987220,,,SCHEDULED
2026-10-03T00:26:03.335883+00:00,1288195,109,3479,29,0,1790987258,,,SCHEDULED
2026-10-03T00:26:03.335883+00:00,1288195,109,3480,30,0,1790987328,,,SCHEDULED
2026-10-03T00:26:03.335883+00:00,1288195,109,3464,31,0,1790987386,,,SCHEDULED
2026-10-03T00:26:03.335883+00:00,1288195,109,3481,32,0,1790987460,,,SCHEDULED
2026-10-03T00:26:03.335883+00:00,1288195,109,3482,33,0,1790987524,,,SCHEDULED
2026-10-03T00:26:03.335883+00:00,1288195,109,3483,34,0,1790987619,,,SCHEDULED
2026-10-03T00:26:03.335883+00:00,1284391,011,1051,12,0,1790987154,,,SCHEDULED
2026-10-03T00:26:03.335883+00:00,1284391,011,215,13,0,1790987328,,,SCHEDULED
2026-10-03T00:26:03.335883+00:00,1284391,011,216,14,0,1790987357,,,SCHEDULED
2026-10-03T00:26:03.335883+00:00,1284391,011,217,15,0,1790987380,,,SCHEDULED
2026-10-03T00:26:03.335883+00:00,1284391,011,218,16,0,1790987405,,,SCHEDULED
2026-10-03T00:26:03.335883+00:00,1284391,011,219,17,0,1790987425,,,SCHEDULED
2026-10-03T00:26:03.335883+00:00,1284391,011,1926,18,0,1790987460,,,SCHEDULED
2026-10-03T00:26:03.335883+00:00,1284391,011,1940,19,0,1790987490,,,SCHEDULED
2026-10-03T00:26:03.335883+00:00,1284391,011,1770,20,0,1790987540,,,SCHEDULED
2026-10-03T00:26:03.335883+00:00,1284391,011,1771,21,0,1790987571,,,SCHEDULED
2026-10-03T00:26:03.335883+00:00,1284391,011,1772,22,0,1790987617,,,SCHEDULED
2026-10-03T00:26:03.335883+00:00,1284391,011,1773,23,0,1790987678,,,SCHEDULED
2026-10-03T00:26:03.335883+00:00,1284391,011,1774,24,0,1790987743,,,SCHEDULED
2026-10-03T00:26:03.335883+00:00,1284391,011,1775,25,0,1790987785,,,SCHEDULED
2026-10-03T00:26:03.335883+00:00,1284391,011,1776,26,0,1790987812,,,SCHEDULED
2026-10-03T00:26:03.335883+00:00,1284391,011,325,27,0,1790987938,,,SCHEDULED
2026-10-03T00:26:03.335883+00:00,1284391,011,327,29,0,1790988000,,,SCHEDULED
2026-10-03T00:26:03.335883+00:00,1284391,011,328,30,0,1790988030,,,SCHEDULED
2026-10-03T00:26:03.335883+00:00,1284391,011,329,31,0,1790988079,,,SCHEDULED
2026-10-03T00:26:03.335883+00:00,1284391,011,330,32,0,1790988128,,,SCHEDULED
2026-10-03T00:26:03.335883+00:00,1284391,011,331,33,0,1790988158,,,SCHEDULED
2026-10-03T00:26:03.335883+00:00,1284391,011,668,34,0,1790988219,,,SCHEDULED
2026-10-03T00:26:03.335883+00:00,1284391,011,605,35,0,1790988608,,,SCHEDULED
2026-10-03T00:26:03.335883+00:00,1284391,011,606,36,0,1790988684,,,SCHEDULED
2026-10-03T00:26:03.335883+00:00,1284391,011,608,37,0,1790988729,,,SCHEDULED
2026-10-03T00:26:03.335883+00:00,1284391,011,607,38,0,1790988793,,,SCHEDULED
2026-10-03T00:26:03.335883+00:00,1288196,109,111,9,0,1790987149,,,SCHEDULED
2026-10-03T00:26:03.335883+00:00,1288196,109,1782,10,0,1790987299,,,SCHEDULED
2026-10-03T00:26:03.335883+00:00,1288196,109,1784,11,0,1790987378,,,SCHEDULED
2026-10-03T00:26:03.335883+00:00,1288196,109,1785,12,0,1790987424,,,SCHEDULED
2026-10-03T00:26:03.335883+00:00,1288196,109,1790,13,0,1790987520,,,SCHEDULED
2026-10-03T00:26:03.335883+00:00,1288196,109,1792,14,0,1790987676,,,SCHEDULED
2026-10-03T00:26:03.335883+00:00,1288196,109,1793,15,0,1790987707,,,SCHEDULED
2026-10-03T00:26:03.335883+00:00,1285010,021,3709,10,0,1790987160,,,SCHEDULED
2026-10-03T00:26:03.335883+00:00,1285010,021,3710,11,0,1790987210,,,SCHEDULED
2026-10-03T00:26:03.335883+00:00,1285010,021,3711,12,0,1790987273,,,SCHEDULED
2026-10-03T00:26:03.335883+00:00,1285010,021,3712,13,0,1790987349,,,SCHEDULED
2026-10-03T00:26:03.335883+00:00,1285010,021,3713,14,0,1790987460,,,SCHEDULED
2026-10-03T00:26:03.335883+00:00,1285010,021,1184,15,0,1790987640,,,SCHEDULED
2026-10-03T00:26:03.335883+00:00,1285010,021,3301,16,0,1790987670,,,SCHEDULED
2026-10-03T00:26:03.335883+00:00,1285010,021,1200,17,0,1790987760,,,SCHEDULED
2026-10-03T00:26:03.335883+00:00,1285010,021,1201,18,0,1790987810,,,SCHEDULED
2026-10-03T00:26:03.335883+00:00,1285010,021,1202,19,0,1790987851,,,SCHEDULED
2026-10-03T00:26:03.335883+00:00,1285010,021,1203,20,0,1790987891,,,SCHEDULED
2026-10-03T00:26:03.335883+00:00,1285010,021,1204,21,0,1790987944,,,SCHEDULED
2026-10-03T00:26:03.335883+00:00,1285010,021,1205,22,0,1790987998,,,SCHEDULED
2026-10-03T00:26:03.335883+00:00,1285010,021,1206,23,0,1790988055,,,SCHEDULED
2026-10-03T00:26:03.335883+00:00,1285010,021,1207,24,0,1790988206,,,SCHEDULED
2026-10-03T00:26:03.335883+00:00,1285010,021,2719,25,0,1790988376,,,SCHEDULED
2026-10-03T00:26:03.335883+00:00,1285010,021,2934,26,0,1790988427,,,SCHEDULED
2026-10-03T00:26:03.335883+00:00,1285010,021,2935,27,0,1790988470,,,SCHEDULED
2026-10-03T00:26:03.335883+00:00,1285010,021,2722,28,0,1790988865,,,SCHEDULED
2026-10-03T00:26:03.335883+00:00,1286464,062,4140,1,,,0,1790988060,SCHEDULED
2026-10-03T00:26:03.335883+00:00,1286464,062,4141,2,0,1790988135,,,SCHEDULED
2026-10-03T00:26:03.335883+00:00,1286464,062,4142,3,0,1790988187,,,SCHEDULED
2026-10-03T00:26:03.335883+00:00,1286464,062,4143,4,0,1790988265,,,SCHEDULED
2026-10-03T00:26:03.335883+00:00,1286464,062,5251,5,0,1790988335,,,SCHEDULED
2026-10-03T00:26:03.335883+00:00,1286464,062,4144,6,0,1790988366,,,SCHEDULED
2026-10-03T00:26:03.335883+00:00,1286464,062,4145,7,0,1790988384,,,SCHEDULED
2026-10-03T00:26:03.335883+00:00,1286464,062,4146,8,0,1790988418,,,SCHEDULED
2026-10-03T00:26:03.335883+00:00,1286464,062,506,9,0,1790988486,,,SCHEDULED
2026-10-03T00:26:03.335883+00:00,1286464,062,507,10,0,1790988514,,,SCHEDULED
2026-10-03T00:26:03.335883+00:00,1286464,062,508,11,0,1790988587,,,SCHEDULED
2026-10-03T00:26:03.335883+00:00,1286464,062,509,12,0,1790988616,,,SCHEDULED
2026-10-03T00:26:03.335883+00:00,1286464,062,510,13,0,1790988647,,,SCHEDULED
2026-10-03T00:26:03.335883+00:00,1286464,062,511,14,0,1790988686,,,SCHEDULED
2026-10-03T00:26:03.335883+00:00,1286464,062,513,15,0,1790988720,,,SCHEDULED
2026-10-03T00:26:03.335883+00:00,1286464,062,514,16,0,1790988771,,,SCHEDULED
2026-10-03T00:26:03.335883+00:00,1286464,062,515,17,0,1790988820,,,SCHEDULED
2026-10-03T00:26:03.335883+00:00,1286464,062,516,18,0,1790988859,,,SCHEDULED
2026-10-03T00:26:03.335883+00:00,1286464,062,517,19,0,1790988885,,,SCHEDULED
2026-10-03T00:26:03.335883+00:00,1288487,177,664,1,,,0,1790987340,SCHEDULED
2026-10-03T00:26:03.335883+00:00,1288487,177,8006,2,0,1790987391,,,SCHEDULED
2026-10-03T00:26:03.335883+00:00,1288487,177,8007,3,0,1790987431,,,SCHEDULED
2026-10-03T00:26:03.335883+00:00,1288487,177,844,4,0,1790987490,,,SCHEDULED
2026-10-03T00:26:03.335883+00:00,1288487,177,4199,5,0,1790987530,,,SCHEDULED
2026-10-03T00:26:03.335883+00:00,1288487,177,4200,6,0,1790987564,,,SCHEDULED
2026-10-03T00:26:03.335883+00:00,1288486,177,664,1,,,0,1790988474,SCHEDULED
2026-10-03T00:26:03.335883+00:00,1288486,177,8006,2,0,1790988503,,,SCHEDULED
2026-10-03T00:26:03.335883+00:00,1288486,177,8007,3,0,1790988512,,,SCHEDULED
2026-10-03T00:26:03.335883+00:00,1288486,177,844,4,0,1790988545,,,SCHEDULED
2026-10-03T00:26:03.335883+00:00,1288486,177,4199,5,0,1790988592,,,SCHEDULED
2026-10-03T00:26:03.335883+00:00,1288486,177,4200,6,0,1790988615,,,SCHEDULED
2026-10-03T00:26:03.335883+00:00,1286582,067,286,2,0,1790987500,,,SCHEDULED
2026-10-03T00:26:03.335883+00:00,1286582,067,4439,3,0,1790987547,,,SCHEDULED
2026-10-03T00:26:03.335883+00:00,1286582,067,4440,4,0,1790987604,,,SCHEDULED
2026-10-03T00:26:03.335883+00:00,1286582,067,4441,5,0,1790987614,,,SCHEDULED
2026-10-03T00:26:03.335883+00:00,1286582,067,4015,6,0,1790987674,,,SCHEDULED
2026-10-03T00:26:03.335883+00:00,1286582,067,4016,7,0,1790987704,,,SCHEDULED
2026-10-03T00:26:03.335883+00:00,1286582,067,4017,8,0,1790987750,,,SCHEDULED
2026-10-03T00:26:03.335883+00:00,1286582,067,3914,9,0,1790987831,,,SCHEDULED
2026-10-03T00:26:03.335883+00:00,1286582,067,3220,10,0,1790987955,,,SCHEDULED
2026-10-03T00:26:03.335883+00:00,1286582,067,3222,11,0,1790988092,,,SCHEDULED
2026-10-03T00:26:03.335883+00:00,1286582,067,3223,12,0,1790988170,,,SCHEDULED
2026-10-03T00:26:03.335883+00:00,1286582,067,3224,13,0,1790988224,,,SCHEDULED
2026-10-03T00:26:03.335883+00:00,1286582,067,3225,14,0,1790988287,,,SCHEDULED
2026-10-03T00:26:03.335883+00:00,1286582,067,2062,15,0,1790988341,,,SCHEDULED
2026-10-03T00:26:03.335883+00:00,1286582,067,2063,16,0,1790988356,,,SCHEDULED
2026-10-03T00:26:03.335883+00:00,1286582,067,6508,17,0,1790988398,,,SCHEDULED
2026-10-03T00:26:03.335883+00:00,1286582,067,2174,18,0,1790988492,,,SCHEDULED
2026-10-03T00:26:03.335883+00:00,1286582,067,2160,19,0,1790988538,,,SCHEDULED
2026-10-03T00:26:03.335883+00:00,1286582,067,2597,20,0,1790988675,,,SCHEDULED
2026-10-03T00:26:03.335883+00:00,1286582,067,2598,21,0,1790988722,,,SCHEDULED
2026-10-03T00:26:03.335883+00:00,1286582,067,2599,22,0,1790988757,,,SCHEDULED
2026-10-03T00:26:03.335883+00:00,1286582,067,2600,23,0,1790988798,,,SCHEDULED
2026-10-03T00:26:03.335883+00:00,1286582,067,2601,24,0,1790988844,,,SCHEDULED
2026-10-03T00:26:03.335883+00:00,1286582,067,2602,25,0,1790988885,,,SCHEDULED
2026-10-03T00:26:03.335883+00:00,1287671,086,701,18,0,1790987222,,,SCHEDULED
2026-10-03T00:26:03.335883+00:00,1287671,086,702,19,0,1790987254,,,SCHEDULED
2026-10-03T00:26:03.335883+00:00,1287671,086,3240,20,0,1790987406,,,SCHEDULED
2026-10-03T00:26:03.335883+00:00,1287671,086,3241,21,0,1790987488,,,SCHEDULED
2026-10-03T00:26:03.335883+00:00,1287671,086,3242,22,0,1790987499,,,SCHEDULED
2026-10-03T00:26:03.335883+00:00,1287671,086,3243,23,0,1790987556,,,SCHEDULED
2026-10-03T00:26:03.335883+00:00,1287671,086,3244,24,0,1790987581,,,SCHEDULED
2026-10-03T00:26:03.335883+00:00,1287671,086,3246,25,0,1790987692,,,SCHEDULED
2026-10-03T00:26:03.335883+00:00,1287671,086,3247,26,0,1790987770,,,SCHEDULED
2026-10-03T00:26:03.335883+00:00,1287671,086,3248,27,0,1790987806,,,SCHEDULED
2026-10-03T00:26:03.335883+00:00,1287671,086,3249,28,0,1790987842,,,SCHEDULED
2026-10-03T00:26:03.335883+00:00,1287671,086,3250,29,0,1790987883,,,SCHEDULED
2026-10-03T00:26:03.335883+00:00,1287671,086,3251,30,0,1790987907,,,SCHEDULED
2026-10-03T00:26:03.335883+00:00,1287671,086,3252,31,0,1790987951,,,SCHEDULED
2026-10-03T00:26:03.335883+00:00,1287671,086,3253,32,0,1790987989,,,SCHEDULED
2026-10-03T00:26:03.335883+00:00,1287671,086,3254,33,0,1790988027,,,SCHEDULED
2026-10-03T00:26:03.335883+00:00,1287671,086,3255,34,0,1790988071,,,SCHEDULED
2026-10-03T00:26:03.335883+00:00,1287671,086,3256,35,0,1790988174,,,SCHEDULED
2026-10-03T00:26:03.335883+00:00,1287671,086,3257,36,0,1790988227,,,SCHEDULED
2026-10-03T00:26:03.335883+00:00,1287671,086,3259,37,0,1790988278,,,SCHEDULED
2026-10-03T00:26:03.335883+00:00,1287671,086,413,38,0,1790988600,,,SCHEDULED
2026-10-03T00:26:03.335883+00:00,1287671,086,414,39,0,1790988686,,,SCHEDULED
2026-10-03T00:26:03.335883+00:00,1287671,086,415,40,0,1790988737,,,SCHEDULED
2026-10-03T00:26:03.335883+00:00,1287671,086,416,41,0,1790988774,,,SCHEDULED
2026-10-03T00:26:03.335883+00:00,1285011,021,2724,30,0,1790987220,,,SCHEDULED
2026-10-03T00:26:03.335883+00:00,1285011,021,2726,31,0,1790987309,,,SCHEDULED
2026-10-03T00:26:03.335883+00:00,1285011,021,2727,32,0,1790987338,,,SCHEDULED
2026-10-03T00:26:03.335883+00:00,1285011,021,2728,33,0,1790987382,,,SCHEDULED
2026-10-03T00:26:03.335883+00:00,1285011,021,2729,34,0,1790987441,,,SCHEDULED
2026-10-03T00:26:03.335883+00:00,1285011,021,2730,35,0,1790987484,,,SCHEDULED
2026-10-03T00:26:03.335883+00:00,1285011,021,2731,36,0,1790987560,,,SCHEDULED
2026-10-03T00:26:03.335883+00:00,1285011,021,2732,37,0,1790987587,,,SCHEDULED
2026-10-03T00:26:03.335883+00:00,1285011,021,2733,38,0,1790987665,,,SCHEDULED
2026-10-03T00:26:03.335883+00:00,1285011,021,2734,39,0,1790987716,,,SCHEDULED
2026-10-03T00:26:03.335883+00:00,1285011,021,2735,40,0,1790987787,,,SCHEDULED
2026-10-03T00:26:03.335883+00:00,1285011,021,2736,41,0,1790987860,,,SCHEDULED
2026-10-03T00:26:03.335883+00:00,1285011,021,2737,42,0,1790987895,,,SCHEDULED
2026-10-03T00:26:03.335883+00:00,1285011,021,2738,43,0,1790987922,,,SCHEDULED
2026-10-03T00:26:03.335883+00:00,1286583,067,887,1,,,0,1790988819,SCHEDULED
2026-10-03T00:26:03.335883+00:00,1286346,061,4140,1,,,0,1790987438,SCHEDULED
2026-10-03T00:26:03.335883+00:00,1286346,061,4361,2,0,1790987471,,,SCHEDULED
2026-10-03T00:26:03.335883+00:00,1286346,061,4362,3,0,1790987505,,,SCHEDULED
2026-10-03T00:26:03.335883+00:00,1286346,061,4360,4,0,1790987533,,,SCHEDULED
2026-10-03T00:26:03.335883+00:00,1286346,061,4363,5,0,1790987567,,,SCHEDULED
2026-10-03T00:26:03.335883+00:00,1286346,061,4364,6,0,1790987627,,,SCHEDULED
2026-10-03T00:26:03.335883+00:00,1286346,061,4365,7,0,1790987650,,,SCHEDULED
2026-10-03T00:26:03.335883+00:00,1286346,061,4811,8,0,1790987794,,,SCHEDULED
2026-10-03T00:26:03.335883+00:00,1286346,061,4810,9,0,1790987844,,,SCHEDULED
2026-10-03T00:26:03.335883+00:00,1286346,061,4266,10,0,1790987913,,,SCHEDULED
2026-10-03T00:26:03.335883+00:00,1286346,061,4267,11,0,1790987977,,,SCHEDULED
2026-10-03T00:26:03.335883+00:00,1286346,061,4268,12,0,1790988000,,,SCHEDULED
2026-10-03T00:26:03.335883+00:00,1286346,061,187,13,0,1790988108,,,SCHEDULED
2026-10-03T00:26:03.335883+00:00,1286346,061,189,14,0,1790988179,,,SCHEDULED
2026-10-03T00:26:03.335883+00:00,1286346,061,1034,15,0,1790988290,,,SCHEDULED
2026-10-03T00:26:03.335883+00:00,1286346,061,1035,16,0,1790988325,,,SCHEDULED
2026-10-03T00:26:03.335883+00:00,1286346,061,6101,17,0,1790988378,,,SCHEDULED
2026-10-03T00:26:03.335883+00:00,1286346,061,2282,18,0,1790988528,,,SCHEDULED
2026-10-03T00:26:03.335883+00:00,1286346,061,2283,19,0,1790988587,,,SCHEDULED
2026-10-03T00:26:03.335883+00:00,1286346,061,2284,20,0,1790988626,,,SCHEDULED
2026-10-03T00:26:03.335883+00:00,1286346,061,2285,21,0,1790988677,,,SCHEDULED
2026-10-03T00:26:03.335883+00:00,1286346,061,2286,22,0,1790988703,,,SCHEDULED
2026-10-03T00:26:03.335883+00:00,1286346,061,2287,23,0,1790988753,,,SCHEDULED
2026-10-03T00:26:03.335883+00:00,1286346,061,2288,24,0,1790988778,,,SCHEDULED
2026-10-03T00:26:03.335883+00:00,1286346,061,2289,25,0,1790988858,,,SCHEDULED
2026-10-03T00:26:03.335883+00:00,1286346,061,2290,26,0,1790988898,,,SCHEDULED
2026-10-03T00:26:03.335883+00:00,1286742,068,1862,52,0,1790987207,,,SCHEDULED
2026-10-03T00:26:03.335883+00:00,1286742,068,1863,53,0,1790987264,,,SCHEDULED
2026-10-03T00:26:03.335883+00:00,1286742,068,2399,54,0,1790987391,,,SCHEDULED
2026-10-03T00:26:03.335883+00:00,1286742,068,2400,55,0,1790987442,,,SCHEDULED
2026-10-03T00:26:03.335883+00:00,1286742,068,2401,56,0,1790987458,,,SCHEDULED
2026-10-03T00:26:03.335883+00:00,1286742,068,2402,57,0,1790987643,,,SCHEDULED
2026-10-03T00:26:03.335883+00:00,1286742,068,2403,58,0,1790987753,,,SCHEDULED
2026-10-03T00:26:03.335883+00:00,1286742,068,2404,59,0,1790987919,,,SCHEDULED
2026-10-03T00:26:03.335883+00:00,1286742,068,2405,60,0,1790987959,,,SCHEDULED
2026-10-03T00:26:03.335883+00:00,1286742,068,2406,61,0,1790988001,,,SCHEDULED
2026-10-03T00:26:03.335883+00:00,1286742,068,2407,62,0,1790988032,,,SCHEDULED
2026-10-03T00:26:03.335883+00:00,1286742,068,2408,63,0,1790988117,,,SCHEDULED
2026-10-03T00:26:03.335883+00:00,1286742,068,2409,64,0,1790988145,,,SCHEDULED
2026-10-03T00:26:03.335883+00:00,1286742,068,2410,65,0,1790988198,,,SCHEDULED
2026-10-03T00:26:03.335883+00:00,1286742,068,3939,66,0,1790988428,,,SCHEDULED
2026-10-03T00:26:03.335883+00:00,1286742,068,5107,67,0,1790988512,,,SCHEDULED
2026-10-03T00:26:03.335883+00:00,1286742,068,4020,68,0,1790988566,,,SCHEDULED
2026-10-03T00:26:03.335883+00:00,1286742,068,4021,69,0,1790988586,,,SCHEDULED
2026-10-03T00:26:03.335883+00:00,1286742,068,4022,70,0,1790988627,,,SCHEDULED
2026-10-03T00:26:03.335883+00:00,1286742,068,242,71,0,1790988701,,,SCHEDULED
2026-10-03T00:26:03.335883+00:00,1286742,068,243,72,0,1790988725,,,SCHEDULED
2026-10-03T00:26:03.335883+00:00,1286742,068,244,73,0,1790988747,,,SCHEDULED
2026-10-03T00:26:03.335883+00:00,1286742,068,1038,74,0,1790988777,,,SCHEDULED
2026-10-03T00:26:03.335883+00:00,1286742,068,4019,75,0,1790988864,,,SCHEDULED
2026-10-03T00:26:03.335883+00:00,1286347,061,2291,27,0,1790987150,,,SCHEDULED
2026-10-03T00:26:03.335883+00:00,1286347,061,2292,28,0,1790987279,,,SCHEDULED
2026-10-03T00:26:03.335883+00:00,1286347,061,2293,29,0,1790987354,,,SCHEDULED
2026-10-03T00:26:03.335883+00:00,1286347,061,2294,30,0,1790987392,,,SCHEDULED
2026-10-03T00:26:03.335883+00:00,1286347,061,2295,31,0,1790987454,,,SCHEDULED
2026-10-03T00:26:03.335883+00:00,1286347,061,2296,32,0,1790987516,,,SCHEDULED
2026-10-03T00:26:03.335883+00:00,1286347,061,2297,33,0,1790987570,,,SCHEDULED
2026-10-03T00:26:03.335883+00:00,1286347,061,2298,34,0,1790987700,,,SCHEDULED
2026-10-03T00:26:03.335883+00:00,1286347,061,2299,35,0,1790987738,,,SCHEDULED
2026-10-03T00:26:03.335883+00:00,1286347,061,2300,36,0,1790987763,,,SCHEDULED
2026-10-03T00:26:03.335883+00:00,1286347,061,2301,37,0,1790987809,,,SCHEDULED
2026-10-03T00:26:03.335883+00:00,1286347,061,2302,38,0,1790987855,,,SCHEDULED
2026-10-03T00:26:03.335883+00:00,1286347,061,2303,39,0,1790987873,,,SCHEDULED
2026-10-03T00:26:03.335883+00:00,1286347,061,2304,40,0,1790987899,,,SCHEDULED
2026-10-03T00:26:03.335883+00:00,1286347,061,2305,41,0,1790987940,,,SCHEDULED
2026-10-03T00:26:03.335883+00:00,1286347,061,2306,42,0,1790987960,,,SCHEDULED
2026-10-03T00:26:03.335883+00:00,1286347,061,2307,43,0,1790987988,,,SCHEDULED
2026-10-03T00:26:03.335883+00:00,1286347,061,2308,44,0,1790988019,,,SCHEDULED
2026-10-03T00:26:03.335883+00:00,1286347,061,2309,45,0,1790988060,,,SCHEDULED
2026-10-03T00:26:03.335883+00:00,1286347,061,1999,46,0,1790988104,,,SCHEDULED
2026-10-03T00:26:03.335883+00:00,1286347,061,1998,47,0,1790988198,,,SCHEDULED
2026-10-03T00:26:03.335883+00:00,1286347,061,2001,48,0,1790988230,,,SCHEDULED
2026-10-03T00:26:03.335883+00:00,1286347,061,2002,49,0,1790988287,,,SCHEDULED
2026-10-03T00:26:03.335883+00:00,1286347,061,2003,50,0,1790988363,,,SCHEDULED
2026-10-03T00:26:03.335883+00:00,1286347,061,2004,51,0,1790988420,,,SCHEDULED
2026-10-03T00:26:03.335883+00:00,1286347,061,2005,52,0,1790988461,,,SCHEDULED
2026-10-03T00:26:03.335883+00:00,1286347,061,2006,53,0,1790988514,,,SCHEDULED
2026-10-03T00:26:03.335883+00:00,1286347,061,2007,54,0,1790988555,,,SCHEDULED
2026-10-03T00:26:03.335883+00:00,1286347,061,2008,55,0,1790988584,,,SCHEDULED
2026-10-03T00:26:03.335883+00:00,1286347,061,2010,56,0,1790988660,,,SCHEDULED
2026-10-03T00:26:03.335883+00:00,1286347,061,2011,57,0,1790988716,,,SCHEDULED
2026-10-03T00:26:03.335883+00:00,1286347,061,2012,58,0,1790988765,,,SCHEDULED
2026-10-03T00:26:03.335883+00:00,1286347,061,2013,59,0,1790988811,,,SCHEDULED
2026-10-03T00:26:03.335883+00:00,1286347,061,2014,60,0,1790988877,,,SCHEDULED
2026-10-03T00:26:03.335883+00:00,1287950,088,418,1,,,0,1790988540,SCHEDULED
2026-10-03T00:26:03.335883+00:00,1287950,088,4763,2,0,1790988576,,,SCHEDULED
2026-10-03T00:26:03.335883+00:00,1287950,088,113,3,0,1790988600,,,SCHEDULED
2026-10-03T00:26:03.335883+00:00,1287950,088,525,4,0,1790988639,,,SCHEDULED
2026-10-03T00:26:03.335883+00:00,1287950,088,526,5,0,1790988683,,,SCHEDULED
2026-10-03T00:26:03.335883+00:00,1287950,088,527,6,0,1790988698,,,SCHEDULED
2026-10-03T00:26:03.335883+00:00,1287950,088,528,7,0,1790988713,,,SCHEDULED
2026-10-03T00:26:03.335883+00:00,1287950,088,5252,8,0,1790988772,,,SCHEDULED
2026-10-03T00:26:03.335883+00:00,1287950,088,531,9,0,1790988787,,,SCHEDULED
2026-10-03T00:26:03.335883+00:00,1284048,001,3350,16,0,1790987147,,,SCHEDULED
2026-10-03T00:26:03.335883+00:00,1284048,001,3351,17,0,1790987203,,,SCHEDULED
2026-10-03T00:26:03.335883+00:00,1284048,001,3352,18,0,1790987267,,,SCHEDULED
2026-10-03T00:26:03.335883+00:00,1284048,001,3353,19,0,1790987320,,,SCHEDULED
2026-10-03T00:26:03.335883+00:00,1284048,001,3354,20,0,1790987368,,,SCHEDULED
2026-10-03T00:26:03.335883+00:00,1284048,001,3355,21,0,1790987432,,,SCHEDULED
2026-10-03T00:26:03.335883+00:00,1284048,001,3356,22,0,1790987493,,,SCHEDULED
2026-10-03T00:26:03.335883+00:00,1284048,001,3357,23,0,1790987525,,,SCHEDULED
2026-10-03T00:26:03.335883+00:00,1284048,001,563,24,0,1790987640,,,SCHEDULED
2026-10-03T00:26:03.335883+00:00,1284048,001,565,25,0,1790987710,,,SCHEDULED
2026-10-03T00:26:03.335883+00:00,1284048,001,566,26,0,1790987776,,,SCHEDULED
2026-10-03T00:26:03.335883+00:00,1284048,001,567,27,0,1790987811,,,SCHEDULED
2026-10-03T00:26:03.335883+00:00,1284048,001,568,28,0,1790987900,,,SCHEDULED
2026-10-03T00:26:03.335883+00:00,1284048,001,570,29,0,1790987961,,,SCHEDULED
2026-10-03T00:26:03.335883+00:00,1284048,001,573,30,0,1790988032,,,SCHEDULED
2026-10-03T00:26:03.335883+00:00,1284048,001,3097,31,0,1790988074,,,SCHEDULED
2026-10-03T00:26:03.335883+00:00,1284048,001,3098,32,0,1790988127,,,SCHEDULED
2026-10-03T00:26:03.335883+00:00,1286740,068,1099,1,,,0,1790987493,SCHEDULED
2026-10-03T00:26:03.335883+00:00,1286740,068,2645,2,0,1790987674,,,SCHEDULED
2026-10-03T00:26:03.335883+00:00,1286740,068,2643,3,0,1790987699,,,SCHEDULED
2026-10-03T00:26:03.335883+00:00,1286740,068,2644,4,0,1790987703,,,SCHEDULED
2026-10-03T00:26:03.335883+00:00,1286740,068,2646,5,0,1790987709,,,SCHEDULED
2026-10-03T00:26:03.335883+00:00,1286740,068,2647,6,0,1790987711,,,SCHEDULED
2026-10-03T00:26:03.335883+00:00,1286740,068,2648,7,0,1790988164,,,SCHEDULED
2026-10-03T00:26:03.335883+00:00,1286740,068,5344,8,0,1790988233,,,SCHEDULED
2026-10-03T00:26:03.335883+00:00,1286740,068,2649,9,0,1790988274,,,SCHEDULED
2026-10-03T00:26:03.335883+00:00,1286740,068,2650,10,0,1790988304,,,SCHEDULED
2026-10-03T00:26:03.335883+00:00,1286740,068,2651,11,0,1790988375,,,SCHEDULED
2026-10-03T00:26:03.335883+00:00,1286740,068,2653,12,0,1790988492,,,SCHEDULED
2026-10-03T00:26:03.335883+00:00,1286740,068,2654,13,0,1790988688,,,SCHEDULED
2026-10-03T00:26:03.335883+00:00,1286740,068,9811,14,0,1790988707,,,SCHEDULED
2026-10-03T00:26:03.335883+00:00,1286740,068,880,15,0,1790988850,,,SCHEDULED
2026-10-03T00:26:03.335883+00:00,1286740,068,881,16,0,1790988883,,,SCHEDULED
2026-10-03T00:26:03.335883+00:00,1284047,001,3356,22,0,1790987205,,,SCHEDULED
2026-10-03T00:26:03.335883+00:00,1284047,001,3357,23,0,1790987234,,,SCHEDULED
2026-10-03T00:26:03.335883+00:00,1284047,001,563,24,0,1790987327,,,SCHEDULED
2026-10-03T00:26:03.335883+00:00,1284047,001,565,25,0,1790987412,,,SCHEDULED
2026-10-03T00:26:03.335883+00:00,1284047,001,566,26,0,1790987480,,,SCHEDULED
2026-10-03T00:26:03.335883+00:00,1284047,001,567,27,0,1790987509,,,SCHEDULED
2026-10-03T00:26:03.335883+00:00,1284047,001,568,28,0,1790987597,,,SCHEDULED
2026-10-03T00:26:03.335883+00:00,1284047,001,570,29,0,1790987634,,,SCHEDULED
2026-10-03T00:26:03.335883+00:00,1284047,001,573,30,0,1790987664,,,SCHEDULED
2026-10-03T00:26:03.335883+00:00,1284047,001,3097,31,0,1790987725,,,SCHEDULED
2026-10-03T00:26:03.335883+00:00,1284047,001,3098,32,0,1790987862,,,SCHEDULED
2026-10-03T00:26:03.335883+00:00,1287951,088,610,10,0,1790987396,,,SCHEDULED
2026-10-03T00:26:03.335883+00:00,1287951,088,611,11,0,1790987418,,,SCHEDULED
2026-10-03T00:26:03.335883+00:00,1287951,088,612,12,0,1790987446,,,SCHEDULED
2026-10-03T00:26:03.335883+00:00,1287951,088,613,13,0,1790987475,,,SCHEDULED
2026-10-03T00:26:03.335883+00:00,1287951,088,614,14,0,1790987520,,,SCHEDULED
2026-10-03T00:26:03.335883+00:00,1287951,088,615,15,0,1790987681,,,SCHEDULED
2026-10-03T00:26:03.335883+00:00,1287951,088,616,16,0,1790987713,,,SCHEDULED
2026-10-03T00:26:03.335883+00:00,1287951,088,617,17,0,1790987752,,,SCHEDULED
2026-10-03T00:26:03.335883+00:00,1287951,088,618,18,0,1790987795,,,SCHEDULED
2026-10-03T00:26:03.335883+00:00,1287951,088,619,19,0,1790987848,,,SCHEDULED
2026-10-03T00:26:03.335883+00:00,1287951,088,620,20,0,1790987882,,,SCHEDULED
2026-10-03T00:26:03.335883+00:00,1287951,088,621,21,0,1790987932,,,SCHEDULED
2026-10-03T00:26:03.335883+00:00,1287951,088,622,22,0,1790987985,,,SCHEDULED
2026-10-03T00:26:03.335883+00:00,1287951,088,623,23,0,1790988012,,,SCHEDULED
2026-10-03T00:26:03.335883+00:00,1287951,088,624,24,0,1790988060,,,SCHEDULED
2026-10-03T00:26:03.335883+00:00,1287951,088,625,25,0,1790988119,,,SCHEDULED
2026-10-03T00:26:03.335883+00:00,1287951,088,626,26,0,1790988192,,,SCHEDULED
2026-10-03T00:26:03.335883+00:00,1287951,088,5271,27,0,1790988278,,,SCHEDULED
2026-10-03T00:26:03.335883+00:00,1288401,176,658,1,,,0,1790987940,SCHEDULED
2026-10-03T00:26:03.335883+00:00,1288401,176,832,2,0,1790988065,,,SCHEDULED
2026-10-03T00:26:03.335883+00:00,1288401,176,3845,3,0,1790988091,,,SCHEDULED
2026-10-03T00:26:03.335883+00:00,1288401,176,795,4,0,1790988173,,,SCHEDULED
2026-10-03T00:26:03.335883+00:00,1288401,176,870,5,0,1790988267,,,SCHEDULED
2026-10-03T00:26:03.335883+00:00,1288401,176,659,6,0,1790988900,,,SCHEDULED
2026-10-03T00:26:03.335883+00:00,1286741,068,1795,17,0,1790987160,,,SCHEDULED
2026-10-03T00:26:03.335883+00:00,1286741,068,1796,18,0,1790987198,,,SCHEDULED
2026-10-03T00:26:03.335883+00:00,1286741,068,1797,19,0,1790987263,,,SCHEDULED
2026-10-03T00:26:03.335883+00:00,1286741,068,1798,20,0,1790987301,,,SCHEDULED
2026-10-03T00:26:03.335883+00:00,1286741,068,1930,21,0,1790987368,,,SCHEDULED
2026-10-03T00:26:03.335883+00:00,1286741,068,1931,22,0,1790987425,,,SCHEDULED
2026-10-03T00:26:03.335883+00:00,1286741,068,1949,23,0,1790987452,,,SCHEDULED
2026-10-03T00:26:03.335883+00:00,1286741,068,1932,24,0,1790987486,,,SCHEDULED
2026-10-03T00:26:03.335883+00:00,1286741,068,1933,25,0,1790987533,,,SCHEDULED
2026-10-03T00:26:03.335883+00:00,1286741,068,1934,26,0,1790987571,,,SCHEDULED
2026-10-03T00:26:03.335883+00:00,1286741,068,1935,27,0,1790987606,,,SCHEDULED
2026-10-03T00:26:03.335883+00:00,1286741,068,2657,28,0,1790987752,,,SCHEDULED
2026-10-03T00:26:03.335883+00:00,1286741,068,2658,29,0,1790987782,,,SCHEDULED
2026-10-03T00:26:03.335883+00:00,1286741,068,2659,30,0,1790987793,,,SCHEDULED
2026-10-03T00:26:03.335883+00:00,1286741,068,2660,31,0,1790987829,,,SCHEDULED
2026-10-03T00:26:03.335883+00:00,1286741,068,2662,32,0,1790987875,,,SCHEDULED
2026-10-03T00:26:03.335883+00:00,1286741,068,2664,33,0,1790987943,,,SCHEDULED
2026-10-03T00:26:03.335883+00:00,1286741,068,2665,34,0,1790987996,,,SCHEDULED
2026-10-03T00:26:03.335883+00:00,1286741,068,2666,35,0,1790988042,,,SCHEDULED
2026-10-03T00:26:03.335883+00:00,1286741,068,2667,36,0,1790988086,,,SCHEDULED
2026-10-03T00:26:03.335883+00:00,1286741,068,2670,37,0,1790988105,,,SCHEDULED
2026-10-03T00:26:03.335883+00:00,1286741,068,2671,38,0,1790988264,,,SCHEDULED
2026-10-03T00:26:03.335883+00:00,1286741,068,2672,39,0,1790988314,,,SCHEDULED
2026-10-03T00:26:03.335883+00:00,1286741,068,2675,40,0,1790988364,,,SCHEDULED
2026-10-03T00:26:03.335883+00:00,1286741,068,2676,41,0,1790988401,,,SCHEDULED
2026-10-03T00:26:03.335883+00:00,1286741,068,2679,42,0,1790988417,,,SCHEDULED
2026-10-03T00:26:03.335883+00:00,1286741,068,2680,43,0,1790988450,,,SCHEDULED
2026-10-03T00:26:03.335883+00:00,1286741,068,2681,44,0,1790988467,,,SCHEDULED
2026-10-03T00:26:03.335883+00:00,1286741,068,2678,45,0,1790988574,,,SCHEDULED
2026-10-03T00:26:03.335883+00:00,1286741,068,2682,46,0,1790988606,,,SCHEDULED
2026-10-03T00:26:03.335883+00:00,1286741,068,1857,47,0,1790988726,,,SCHEDULED
2026-10-03T00:26:03.335883+00:00,1286741,068,1858,48,0,1790988780,,,SCHEDULED
2026-10-03T00:26:03.335883+00:00,1286741,068,1859,49,0,1790988830,,,SCHEDULED
2026-10-03T00:26:03.335883+00:00,1286741,068,1860,50,0,1790988908,,,SCHEDULED
2026-10-03T00:26:03.335883+00:00,1285777,038,307,1,,,0,1790987624,SCHEDULED
2026-10-03T00:26:03.335883+00:00,1285777,038,1600,2,0,1790987764,,,SCHEDULED
2026-10-03T00:26:03.335883+00:00,1285777,038,3650,3,0,1790987875,,,SCHEDULED
2026-10-03T00:26:03.335883+00:00,1285777,038,3651,4,0,1790987916,,,SCHEDULED
2026-10-03T00:26:03.335883+00:00,1285777,038,3652,5,0,1790987956,,,SCHEDULED
2026-10-03T00:26:03.335883+00:00,1285777,038,3653,6,0,1790987985,,,SCHEDULED
2026-10-03T00:26:03.335883+00:00,1285777,038,3654,7,0,1790988021,,,SCHEDULED
2026-10-03T00:26:03.335883+00:00,1285777,038,3655,8,0,1790988049,,,SCHEDULED
2026-10-03T00:26:03.335883+00:00,1285777,038,3656,9,0,1790988083,,,SCHEDULED
2026-10-03T00:26:03.335883+00:00,1285777,038,3657,10,0,1790988159,,,SCHEDULED
2026-10-03T00:26:03.335883+00:00,1285777,038,1807,11,0,1790988200,,,SCHEDULED
2026-10-03T00:26:03.335883+00:00,1285777,038,1808,12,0,1790988251,,,SCHEDULED
2026-10-03T00:26:03.335883+00:00,1285777,038,1809,13,0,1790988284,,,SCHEDULED
2026-10-03T00:26:03.335883+00:00,1285777,038,1810,14,0,1790988401,,,SCHEDULED
2026-10-03T00:26:03.335883+00:00,1285777,038,1811,15,0,1790988479,,,SCHEDULED
2026-10-03T00:26:03.335883+00:00,1285777,038,938,16,0,1790988609,,,SCHEDULED
2026-10-03T00:26:03.335883+00:00,1285777,038,940,17,0,1790988648,,,SCHEDULED
2026-10-03T00:26:03.335883+00:00,1285777,038,941,18,0,1790988674,,,SCHEDULED
2026-10-03T00:26:03.335883+00:00,1285777,038,2633,19,0,1790988758,,,SCHEDULED
2026-10-03T00:26:03.335883+00:00,1285777,038,9812,20,0,1790988796,,,SCHEDULED
2026-10-03T00:26:03.335883+00:00,1285777,038,2629,21,0,1790988841,,,SCHEDULED
2026-10-03T00:26:03.335883+00:00,1285777,038,2634,22,0,1790988876,,,SCHEDULED
2026-10-03T00:26:03.335883+00:00,1285777,038,2635,23,0,1790988918,,,SCHEDULED
2026-10-03T00:26:03.335883+00:00,1285898,051,3131,1,,,0,1790988374,SCHEDULED
2026-10-03T00:26:03.335883+00:00,1285898,051,1884,2,0,1790988495,,,SCHEDULED
2026-10-03T00:26:03.335883+00:00,1285898,051,1885,3,0,1790988565,,,SCHEDULED
2026-10-03T00:26:03.335883+00:00,1285898,051,1887,4,0,1790988664,,,SCHEDULED
2026-10-03T00:26:03.335883+00:00,1285898,051,1888,5,0,1790988727,,,SCHEDULED
2026-10-03T00:26:03.335883+00:00,1285898,051,1889,6,0,1790988798,,,SCHEDULED
2026-10-03T00:26:03.335883+00:00,1285898,051,1890,7,0,1790988851,,,SCHEDULED
2026-10-03T00:26:03.335883+00:00,1285898,051,1891,8,0,1790988896,,,SCHEDULED
2026-10-03T00:26:03.335883+00:00,1284049,001,1184,1,,,0,1790987265,SCHEDULED
2026-10-03T00:26:03.335883+00:00,1284049,001,3301,2,0,1790987277,,,SCHEDULED
2026-10-03T00:26:03.335883+00:00,1284049,001,1187,3,0,1790987378,,,SCHEDULED
2026-10-03T00:26:03.335883+00:00,1284049,001,1188,4,0,1790987451,,,SCHEDULED
2026-10-03T00:26:03.335883+00:00,1284049,001,1189,5,0,1790987490,,,SCHEDULED
2026-10-03T00:26:03.335883+00:00,1284049,001,1190,6,0,1790987564,,,SCHEDULED
2026-10-03T00:26:03.335883+00:00,1284049,001,1191,7,0,1790987603,,,SCHEDULED
2026-10-03T00:26:03.335883+00:00,1284049,001,1192,8,0,1790987645,,,SCHEDULED
2026-10-03T00:26:03.335883+00:00,1284049,001,1193,9,0,1790987696,,,SCHEDULED
2026-10-03T00:26:03.335883+00:00,1284049,001,1195,10,0,1790987789,,,SCHEDULED
2026-10-03T00:26:03.335883+00:00,1284049,001,1196,11,0,1790987838,,,SCHEDULED
2026-10-03T00:26:03.335883+00:00,1284049,001,1197,12,0,1790987873,,,SCHEDULED
2026-10-03T00:26:03.335883+00:00,1284049,001,1198,13,0,1790987895,,,SCHEDULED
2026-10-03T00:26:03.335883+00:00,1284049,001,3348,14,0,1790988057,,,SCHEDULED
2026-10-03T00:26:03.335883+00:00,1284049,001,3349,15,0,1790988124,,,SCHEDULED
2026-10-03T00:26:03.335883+00:00,1284049,001,3350,16,0,1790988170,,,SCHEDULED
2026-10-03T00:26:03.335883+00:00,1284049,001,3351,17,0,1790988222,,,SCHEDULED
2026-10-03T00:26:03.335883+00:00,1284049,001,3352,18,0,1790988318,,,SCHEDULED
2026-10-03T00:26:03.335883+00:00,1284049,001,3353,19,0,1790988362,,,SCHEDULED
2026-10-03T00:26:03.335883+00:00,1284049,001,3354,20,0,1790988408,,,SCHEDULED
2026-10-03T00:26:03.335883+00:00,1284049,001,3355,21,0,1790988447,,,SCHEDULED
2026-10-03T00:26:03.335883+00:00,1284049,001,3356,22,0,1790988511,,,SCHEDULED
2026-10-03T00:26:03.335883+00:00,1284049,001,3357,23,0,1790988540,,,SCHEDULED
2026-10-03T00:26:03.335883+00:00,1284049,001,563,24,0,1790988633,,,SCHEDULED
2026-10-03T00:26:03.335883+00:00,1284049,001,565,25,0,1790988718,,,SCHEDULED
2026-10-03T00:26:03.335883+00:00,1284049,001,566,26,0,1790988786,,,SCHEDULED
2026-10-03T00:26:03.335883+00:00,1284049,001,567,27,0,1790988815,,,SCHEDULED
2026-10-03T00:26:03.335883+00:00,1284049,001,568,28,0,1790988903,,,SCHEDULED
2026-10-03T00:26:03.335883+00:00,1284049,001,570,29,0,1790988940,,,SCHEDULED
2026-10-03T00:26:03.335883+00:00,1285779,038,1709,26,0,1790987168,,,SCHEDULED
2026-10-03T00:26:03.335883+00:00,1285779,038,1710,27,0,1790987219,,,SCHEDULED
2026-10-03T00:26:03.335883+00:00,1285779,038,1711,28,0,1790987265,,,SCHEDULED
2026-10-03T00:26:03.335883+00:00,1285779,038,519,29,0,1790987305,,,SCHEDULED
2026-10-03T00:26:03.335883+00:00,1285779,038,521,30,0,1790987389,,,SCHEDULED
2026-10-03T00:26:03.335883+00:00,1285779,038,522,31,0,1790987472,,,SCHEDULED
2026-10-03T00:26:03.335883+00:00,1285779,038,525,32,0,1790987587,,,SCHEDULED
2026-10-03T00:26:03.335883+00:00,1285779,038,526,33,0,1790987698,,,SCHEDULED
2026-10-03T00:26:03.335883+00:00,1285779,038,527,34,0,1790987740,,,SCHEDULED
2026-10-03T00:26:03.335883+00:00,1285779,038,528,35,0,1790987763,,,SCHEDULED
2026-10-03T00:26:03.335883+00:00,1285779,038,5252,36,0,1790987846,,,SCHEDULED
2026-10-03T00:26:03.335883+00:00,1285779,038,281,37,0,1790987933,,,SCHEDULED
2026-10-03T00:26:03.335883+00:00,1286348,061,2015,61,0,1790987170,,,SCHEDULED
2026-10-03T00:26:03.335883+00:00,1286348,061,2016,62,0,1790987223,,,SCHEDULED
2026-10-03T00:26:03.335883+00:00,1286348,061,2020,63,0,1790987275,,,SCHEDULED
2026-10-03T00:26:03.335883+00:00,1286348,061,2021,64,0,1790987348,,,SCHEDULED
2026-10-03T00:26:03.335883+00:00,1286348,061,3130,65,0,1790987421,,,SCHEDULED
2026-10-03T00:26:03.335883+00:00,1285778,038,1710,27,0,1790987190,,,SCHEDULED
2026-10-03T00:26:03.335883+00:00,1285778,038,1711,28,0,1790987243,,,SCHEDULED
2026-10-03T00:26:03.335883+00:00,1285778,038,519,29,0,1790987272,,,SCHEDULED
2026-10-03T00:26:03.335883+00:00,1285778,038,521,30,0,1790987325,,,SCHEDULED
2026-10-03T00:26:03.335883+00:00,1285778,038,522,31,0,1790987398,,,SCHEDULED
2026-10-03T00:26:03.335883+00:00,1285778,038,525,32,0,1790987504,,,SCHEDULED
2026-10-03T00:26:03.335883+00:00,1285778,038,526,33,0,1790987634,,,SCHEDULED
2026-10-03T00:26:03.335883+00:00,1285778,038,527,34,0,1790987667,,,SCHEDULED
2026-10-03T00:26:03.335883+00:00,1285778,038,528,35,0,1790987700,,,SCHEDULED
2026-10-03T00:26:03.335883+00:00,1285778,038,5252,36,0,1790987817,,,SCHEDULED
2026-10-03T00:26:03.335883+00:00,1285778,038,281,37,0,1790987923,,,SCHEDULED
2026-10-03T00:26:03.335883+00:00,1285899,051,3131,1,,,0,1790987474,SCHEDULED
2026-10-03T00:26:03.335883+00:00,1285899,051,1884,2,0,1790987595,,,SCHEDULED
2026-10-03T00:26:03.335883+00:00,1285899,051,1885,3,0,1790987665,,,SCHEDULED
2026-10-03T00:26:03.335883+00:00,1285899,051,1887,4,0,1790987764,,,SCHEDULED
2026-10-03T00:26:03.335883+00:00,1285899,051,1888,5,0,1790987827,,,SCHEDULED
2026-10-03T00:26:03.335883+00:00,1285899,051,1889,6,0,1790987898,,,SCHEDULED
2026-10-03T00:26:03.335883+00:00,1285899,051,1890,7,0,1790987951,,,SCHEDULED
2026-10-03T00:26:03.335883+00:00,1285899,051,1891,8,0,1790987996,,,SCHEDULED
2026-10-03T00:26:03.335883+00:00,1285899,051,1892,9,0,1790988085,,,SCHEDULED
2026-10-03T00:26:03.335883+00:00,1285899,051,1893,10,0,1790988108,,,SCHEDULED
2026-10-03T00:26:03.335883+00:00,1285899,051,1894,11,0,1790988154,,,SCHEDULED
2026-10-03T00:26:03.335883+00:00,1285899,051,1895,12,0,1790988230,,,SCHEDULED
2026-10-03T00:26:03.335883+00:00,1285899,051,1896,13,0,1790988257,,,SCHEDULED
2026-10-03T00:26:03.335883+00:00,1285899,051,1898,14,0,1790988298,,,SCHEDULED
2026-10-03T00:26:03.335883+00:00,1285899,051,1899,15,0,1790988358,,,SCHEDULED
2026-10-03T00:26:03.335883+00:00,1285899,051,1901,16,0,1790988406,,,SCHEDULED
2026-10-03T00:26:03.335883+00:00,1285899,051,1902,17,0,1790988430,,,SCHEDULED
2026-10-03T00:26:03.335883+00:00,1285899,051,1904,18,0,1790988501,,,SCHEDULED
2026-10-03T00:26:03.335883+00:00,1285899,051,1905,19,0,1790988546,,,SCHEDULED
2026-10-03T00:26:03.335883+00:00,1285899,051,1906,20,0,1790988571,,,SCHEDULED
2026-10-03T00:26:03.335883+00:00,1285899,051,1907,21,0,1790988595,,,SCHEDULED
2026-10-03T00:26:03.335883+00:00,1285899,051,1908,22,0,1790988609,,,SCHEDULED
2026-10-03T00:26:03.335883+00:00,1285899,051,1911,23,0,1790988658,,,SCHEDULED
2026-10-03T00:26:03.335883+00:00,1285899,051,1913,24,0,1790988769,,,SCHEDULED
2026-10-03T00:26:03.335883+00:00,1285899,051,1914,25,0,1790988820,,,SCHEDULED
2026-10-03T00:26:03.335883+00:00,1285899,051,1915,26,0,1790988866,,,SCHEDULED
2026-10-03T00:26:03.335883+00:00,1285419,026,3052,1,,,0,1790987681,SCHEDULED
2026-10-03T00:26:03.335883+00:00,1285419,026,3054,2,0,1790987725,,,SCHEDULED
2026-10-03T00:26:03.335883+00:00,1285419,026,3055,3,0,1790987773,,,SCHEDULED
2026-10-03T00:26:03.335883+00:00,1285419,026,3056,4,0,1790987842,,,SCHEDULED
2026-10-03T00:26:03.335883+00:00,1285419,026,3057,5,0,1790987889,,,SCHEDULED
2026-10-03T00:26:03.335883+00:00,1285419,026,3058,6,0,1790987953,,,SCHEDULED
2026-10-03T00:26:03.335883+00:00,1285419,026,3059,7,0,1790988009,,,SCHEDULED
2026-10-03T00:26:03.335883+00:00,1285419,026,3060,8,0,1790988111,,,SCHEDULED
2026-10-03T00:26:03.335883+00:00,1285419,026,3061,9,0,1790988201,,,SCHEDULED
2026-10-03T00:26:03.335883+00:00,1285419,026,3062,10,0,1790988234,,,SCHEDULED
2026-10-03T00:26:03.335883+00:00,1285419,026,3063,11,0,1790988291,,,SCHEDULED
2026-10-03T00:26:03.335883+00:00,1285419,026,3064,12,0,1790988341,,,SCHEDULED
2026-10-03T00:26:03.335883+00:00,1285419,026,3065,13,0,1790988372,,,SCHEDULED
2026-10-03T00:26:03.335883+00:00,1285419,026,3066,14,0,1790988431,,,SCHEDULED
2026-10-03T00:26:03.335883+00:00,1285419,026,629,15,0,1790988512,,,SCHEDULED
2026-10-03T00:26:03.335883+00:00,1285419,026,651,16,0,1790988601,,,SCHEDULED
2026-10-03T00:26:03.335883+00:00,1285419,026,544,17,0,1790988642,,,SCHEDULED
2026-10-03T00:26:03.335883+00:00,1285419,026,3049,18,0,1790988847,,,SCHEDULED
2026-10-03T00:26:03.335883+00:00,1288409,176,8005,5,0,1790987200,,,SCHEDULED
2026-10-03T00:26:03.335883+00:00,1288409,176,837,6,0,1790987271,,,SCHEDULED
2026-10-03T00:26:03.335883+00:00,1285928,051,1915,26,0,1790986847,,,SCHEDULED
2026-10-03T00:26:03.335883+00:00,1285928,051,1916,27,0,1790987190,,,SCHEDULED
2026-10-03T00:26:03.335883+00:00,1285928,051,1917,28,0,1790987198,,,SCHEDULED
2026-10-03T00:26:03.335883+00:00,1285928,051,1918,29,0,1790987261,,,SCHEDULED
2026-10-03T00:26:03.335883+00:00,1285928,051,1919,30,0,1790987318,,,SCHEDULED
2026-10-03T00:26:03.335883+00:00,1285928,051,1920,31,0,1790987359,,,SCHEDULED
2026-10-03T00:26:03.335883+00:00,1285928,051,1921,32,0,1790987393,,,SCHEDULED
2026-10-03T00:26:03.335883+00:00,1285928,051,1922,33,0,1790987458,,,SCHEDULED
2026-10-03T00:26:03.335883+00:00,1285928,051,1923,34,0,1790987488,,,SCHEDULED
2026-10-03T00:26:03.335883+00:00,1285928,051,1924,35,0,1790987556,,,SCHEDULED
2026-10-03T00:26:03.335883+00:00,1285928,051,1925,36,0,1790987588,,,SCHEDULED
2026-10-03T00:26:03.335883+00:00,1285928,051,1926,37,0,1790987637,,,SCHEDULED
2026-10-03T00:26:03.335883+00:00,1285928,051,1940,38,0,1790987668,,,SCHEDULED
2026-10-03T00:26:03.335883+00:00,1285928,051,320,39,0,1790987717,,,SCHEDULED
2026-10-03T00:26:03.335883+00:00,1285928,051,1209,40,0,1790987755,,,SCHEDULED
2026-10-03T00:26:03.335883+00:00,1285928,051,321,41,0,1790987815,,,SCHEDULED
2026-10-03T00:26:03.335883+00:00,1285928,051,322,42,0,1790987864,,,SCHEDULED
2026-10-03T00:26:03.335883+00:00,1285928,051,324,43,0,1790987913,,,SCHEDULED
2026-10-03T00:26:03.335883+00:00,1285928,051,325,44,0,1790987936,,,SCHEDULED
2026-10-03T00:26:03.335883+00:00,1285928,051,327,46,0,1790988007,,,SCHEDULED
2026-10-03T00:26:03.335883+00:00,1285928,051,328,47,0,1790988077,,,SCHEDULED
2026-10-03T00:26:03.335883+00:00,1285928,051,329,48,0,1790988151,,,SCHEDULED
2026-10-03T00:26:03.335883+00:00,1285928,051,330,49,0,1790988308,,,SCHEDULED
2026-10-03T00:26:03.335883+00:00,1285928,051,331,50,0,1790988370,,,SCHEDULED
2026-10-03T00:26:03.335883+00:00,1285807,038,282,1,,,0,1790987280,SCHEDULED
2026-10-03T00:26:03.335883+00:00,1285807,038,414,2,0,1790987454,,,SCHEDULED
2026-10-03T00:26:03.335883+00:00,1285807,038,415,3,0,1790987518,,,SCHEDULED
2026-10-03T00:26:03.335883+00:00,1285807,038,416,4,0,1790987586,,,SCHEDULED
2026-10-03T00:26:03.335883+00:00,1285807,038,418,5,0,1790987729,,,SCHEDULED
2026-10-03T00:26:03.335883+00:00,1285807,038,4763,6,0,1790987836,,,SCHEDULED
2026-10-03T00:26:03.335883+00:00,1285807,038,1716,7,0,1790987905,,,SCHEDULED
2026-10-03T00:26:03.335883+00:00,1285807,038,1717,8,0,1790987955,,,SCHEDULED
2026-10-03T00:26:03.335883+00:00,1285807,038,1718,9,0,1790987990,,,SCHEDULED
2026-10-03T00:26:03.335883+00:00,1285807,038,1720,10,0,1790988086,,,SCHEDULED
2026-10-03T00:26:03.335883+00:00,1285807,038,1721,11,0,1790988151,,,SCHEDULED
2026-10-03T00:26:03.335883+00:00,1285807,038,1722,12,0,1790988214,,,SCHEDULED
2026-10-03T00:26:03.335883+00:00,1285807,038,1723,13,0,1790988232,,,SCHEDULED
2026-10-03T00:26:03.335883+00:00,1285807,038,2651,14,0,1790988330,,,SCHEDULED
2026-10-03T00:26:03.335883+00:00,1285807,038,2653,15,0,1790988432,,,SCHEDULED
2026-10-03T00:26:03.335883+00:00,1285807,038,2654,16,0,1790988502,,,SCHEDULED
2026-10-03T00:26:03.335883+00:00,1285807,038,9811,17,0,1790988582,,,SCHEDULED
2026-10-03T00:26:03.335883+00:00,1285807,038,880,18,0,1790988681,,,SCHEDULED
2026-10-03T00:26:03.335883+00:00,1285807,038,881,19,0,1790988727,,,SCHEDULED
2026-10-03T00:26:03.335883+00:00,1285807,038,883,20,0,1790988798,,,SCHEDULED
2026-10-03T00:26:03.335883+00:00,1285807,038,884,21,0,1790988854,,,SCHEDULED
2026-10-03T00:26:03.335883+00:00,1285807,038,3717,22,0,1790988939,,,SCHEDULED
2026-10-03T00:26:03.335883+00:00,1285806,038,282,1,,,0,1790988942,SCHEDULED
2026-10-03T00:26:03.335883+00:00,1285808,038,3722,27,0,1790987148,,,SCHEDULED
2026-10-03T00:26:03.335883+00:00,1285808,038,3723,28,0,1790987184,,,SCHEDULED
2026-10-03T00:26:03.335883+00:00,1285808,038,3724,29,0,1790987249,,,SCHEDULED
2026-10-03T00:26:03.335883+00:00,1285808,038,3725,30,0,1790987281,,,SCHEDULED
2026-10-03T00:26:03.335883+00:00,1285808,038,901,31,0,1790987328,,,SCHEDULED
2026-10-03T00:26:03.335883+00:00,1285808,038,902,32,0,1790987374,,,SCHEDULED
2026-10-03T00:26:03.335883+00:00,1285808,038,903,33,0,1790987432,,,SCHEDULED
2026-10-03T00:26:03.335883+00:00,1285808,038,905,34,0,1790987547,,,SCHEDULED
2026-10-03T00:26:03.335883+00:00,1285808,038,3143,35,0,1790987593,,,SCHEDULED
2026-10-03T00:26:03.335883+00:00,1285808,038,3144,36,0,1790987629,,,SCHEDULED
2026-10-03T00:26:03.335883+00:00,1285929,051,1924,35,0,1790987169,,,SCHEDULED
2026-10-03T00:26:03.335883+00:00,1285929,051,1925,36,0,1790987201,,,SCHEDULED
2026-10-03T00:26:03.335883+00:00,1285929,051,1926,37,0,1790987250,,,SCHEDULED
2026-10-03T00:26:03.335883+00:00,1285929,051,1940,38,0,1790987281,,,SCHEDULED
2026-10-03T00:26:03.335883+00:00,1285929,051,320,39,0,1790987330,,,SCHEDULED
2026-10-03T00:26:03.335883+00:00,1285929,051,1209,40,0,1790987368,,,SCHEDULED
2026-10-03T00:26:03.335883+00:00,1285929,051,321,41,0,1790987428,,,SCHEDULED
2026-10-03T00:26:03.335883+00:00,1285929,051,322,42,0,1790987477,,,SCHEDULED
2026-10-03T00:26:03.335883+00:00,1285929,051,324,43,0,1790987526,,,SCHEDULED
2026-10-03T00:26:03.335883+00:00,1285929,051,325,44,0,1790987549,,,SCHEDULED
2026-10-03T00:26:03.335883+00:00,1285929,051,327,46,0,1790987620,,,SCHEDULED
2026-10-03T00:26:03.335883+00:00,1285929,051,328,47,0,1790987690,,,SCHEDULED
2026-10-03T00:26:03.335883+00:00,1285929,051,329,48,0,1790987764,,,SCHEDULED
2026-10-03T00:26:03.335883+00:00,1285929,051,330,49,0,1790987921,,,SCHEDULED
2026-10-03T00:26:03.335883+00:00,1285929,051,331,50,0,1790987983,,,SCHEDULED
2026-10-03T00:26:03.335883+00:00,1288081,093,3100,3,0,1790987195,,,SCHEDULED
2026-10-03T00:26:03.335883+00:00,1288081,093,3101,4,0,1790987253,,,SCHEDULED
2026-10-03T00:26:03.335883+00:00,1288081,093,3102,5,0,1790987273,,,SCHEDULED
2026-10-03T00:26:03.335883+00:00,1288081,093,3103,6,0,1790987368,,,SCHEDULED
2026-10-03T00:26:03.335883+00:00,1288081,093,3503,7,0,1790987409,,,SCHEDULED
2026-10-03T00:26:03.335883+00:00,1288081,093,3504,8,0,1790987533,,,SCHEDULED
2026-10-03T00:26:03.335883+00:00,1288081,093,3505,9,0,1790987604,,,SCHEDULED
2026-10-03T00:26:03.335883+00:00,1288081,093,3520,10,0,1790987777,,,SCHEDULED
2026-10-03T00:26:03.335883+00:00,1288081,093,3521,11,0,1790987806,,,SCHEDULED
2026-10-03T00:26:03.335883+00:00,1288081,093,3522,12,0,1790987829,,,SCHEDULED
2026-10-03T00:26:03.335883+00:00,1288081,093,3523,13,0,1790987853,,,SCHEDULED
2026-10-03T00:26:03.335883+00:00,1288081,093,3524,14,0,1790987900,,,SCHEDULED
2026-10-03T00:26:03.335883+00:00,1288081,093,3526,15,0,1790987994,,,SCHEDULED
2026-10-03T00:26:03.335883+00:00,1288081,093,3527,16,0,1790987998,,,SCHEDULED
2026-10-03T00:26:03.335883+00:00,1288081,093,3530,17,0,1790988091,,,SCHEDULED
2026-10-03T00:26:03.335883+00:00,1288081,093,3531,18,0,1790988154,,,SCHEDULED
2026-10-03T00:26:03.335883+00:00,1288081,093,3532,19,0,1790988178,,,SCHEDULED
2026-10-03T00:26:03.335883+00:00,1288081,093,3533,20,0,1790988248,,,SCHEDULED
2026-10-03T00:26:03.335883+00:00,1288081,093,5346,21,0,1790988313,,,SCHEDULED
2026-10-03T00:26:03.335883+00:00,1288081,093,3534,22,0,1790988328,,,SCHEDULED
2026-10-03T00:26:03.335883+00:00,1288081,093,3535,23,0,1790988377,,,SCHEDULED
2026-10-03T00:26:03.335883+00:00,1288081,093,3536,24,0,1790988402,,,SCHEDULED
2026-10-03T00:26:03.335883+00:00,1288081,093,3537,25,0,1790988419,,,SCHEDULED
2026-10-03T00:26:03.335883+00:00,1288081,093,9933,26,0,1790988580,,,SCHEDULED
2026-10-03T00:26:03.335883+00:00,1288081,093,669,27,0,1790988674,,,SCHEDULED
2026-10-03T00:26:03.335883+00:00,1288081,093,4742,28,0,1790988699,,,SCHEDULED
2026-10-03T00:26:03.335883+00:00,1288081,093,4745,29,0,1790988786,,,SCHEDULED
2026-10-03T00:26:03.335883+00:00,1288081,093,4618,30,0,1790988893,,,SCHEDULED
2026-10-03T00:26:03.335883+00:00,1286580,067,2633,50,0,1790987198,,,SCHEDULED
2026-10-03T00:26:03.335883+00:00,1286580,067,9812,51,0,1790987246,,,SCHEDULED
2026-10-03T00:26:03.335883+00:00,1286580,067,2629,52,0,1790987360,,,SCHEDULED
2026-10-03T00:26:03.335883+00:00,1286580,067,2634,53,0,1790987408,,,SCHEDULED
2026-10-03T00:26:03.335883+00:00,1286580,067,2635,54,0,1790987424,,,SCHEDULED
2026-10-03T00:26:03.335883+00:00,1286580,067,2636,55,0,1790987500,,,SCHEDULED
2026-10-03T00:26:03.335883+00:00,1286580,067,2637,56,0,1790987525,,,SCHEDULED
2026-10-03T00:26:03.335883+00:00,1286580,067,2638,57,0,1790987578,,,SCHEDULED
2026-10-03T00:26:03.335883+00:00,1286580,067,2639,58,0,1790987681,,,SCHEDULED
2026-10-03T00:26:03.335883+00:00,1286580,067,1086,59,0,1790988196,,,SCHEDULED
2026-10-03T00:26:03.335883+00:00,1286580,067,1088,60,0,1790988245,,,SCHEDULED
2026-10-03T00:26:03.335883+00:00,1286580,067,1087,61,0,1790988292,,,SCHEDULED
2026-10-03T00:26:03.335883+00:00,1286580,067,2642,62,0,1790988344,,,SCHEDULED
2026-10-03T00:26:03.335883+00:00,1287790,087,3903,14,0,1790987201,,,SCHEDULED
2026-10-03T00:26:03.335883+00:00,1287790,087,3904,15,0,1790987257,,,SCHEDULED
2026-10-03T00:26:03.335883+00:00,1287790,087,3905,16,0,1790987352,,,SCHEDULED
2026-10-03T00:26:03.335883+00:00,1287790,087,1254,17,0,1790987443,,,SCHEDULED
2026-10-03T00:26:03.335883+00:00,1287790,087,1262,18,0,1790987543,,,SCHEDULED
2026-10-03T00:26:03.335883+00:00,1287670,086,414,39,0,1790987162,,,SCHEDULED
2026-10-03T00:26:03.335883+00:00,1287670,086,415,40,0,1790987213,,,SCHEDULED
2026-10-03T00:26:03.335883+00:00,1287670,086,416,41,0,1790987250,,,SCHEDULED
2026-10-03T00:26:03.335883+00:00,1286581,067,2605,28,0,1790987186,,,SCHEDULED
2026-10-03T00:26:03.335883+00:00,1286581,067,2606,29,0,1790987238,,,SCHEDULED
2026-10-03T00:26:03.335883+00:00,1286581,067,2607,30,0,1790987330,,,SCHEDULED
2026-10-03T00:26:03.335883+00:00,1286581,067,2608,31,0,1790987383,,,SCHEDULED
2026-10-03T00:26:03.335883+00:00,1286581,067,2609,32,0,1790987552,,,SCHEDULED
2026-10-03T00:26:03.335883+00:00,1286581,067,2613,33,0,1790987581,,,SCHEDULED
2026-10-03T00:26:03.335883+00:00,1286581,067,2614,34,0,1790987640,,,SCHEDULED
2026-10-03T00:26:03.335883+00:00,1286581,067,2615,35,0,1790987648,,,SCHEDULED
2026-10-03T00:26:03.335883+00:00,1286581,067,601,36,0,1790987674,,,SCHEDULED
2026-10-03T00:26:03.335883+00:00,1286581,067,2617,37,0,1790987749,,,SCHEDULED
2026-10-03T00:26:03.335883+00:00,1286581,067,2620,38,0,1790987832,,,SCHEDULED
2026-10-03T00:26:03.335883+00:00,1286581,067,2621,39,0,1790987846,,,SCHEDULED
2026-10-03T00:26:03.335883+00:00,1286581,067,2622,40,0,1790987859,,,SCHEDULED
2026-10-03T00:26:03.335883+00:00,1286581,067,2623,41,0,1790987930,,,SCHEDULED
2026-10-03T00:26:03.335883+00:00,1286581,067,2624,42,0,1790987971,,,SCHEDULED
2026-10-03T00:26:03.335883+00:00,1286581,067,2625,43,0,1790987988,,,SCHEDULED
2026-10-03T00:26:03.335883+00:00,1286581,067,2626,44,0,1790988013,,,SCHEDULED
2026-10-03T00:26:03.335883+00:00,1286581,067,2627,45,0,1790988057,,,SCHEDULED
2026-10-03T00:26:03.335883+00:00,1286581,067,2628,46,0,1790988079,,,SCHEDULED
2026-10-03T00:26:03.335883+00:00,1286581,067,2630,47,0,1790988194,,,SCHEDULED
2026-10-03T00:26:03.335883+00:00,1286581,067,2631,48,0,1790988326,,,SCHEDULED
2026-10-03T00:26:03.335883+00:00,1286581,067,2632,49,0,1790988342,,,SCHEDULED
2026-10-03T00:26:03.335883+00:00,1286581,067,2633,50,0,1790988417,,,SCHEDULED
2026-10-03T00:26:03.335883+00:00,1286581,067,9812,51,0,1790988465,,,SCHEDULED
2026-10-03T00:26:03.335883+00:00,1286581,067,2629,52,0,1790988579,,,SCHEDULED
2026-10-03T00:26:03.335883+00:00,1286581,067,2634,53,0,1790988627,,,SCHEDULED
2026-10-03T00:26:03.335883+00:00,1286581,067,2635,54,0,1790988643,,,SCHEDULED
2026-10-03T00:26:03.335883+00:00,1286581,067,2636,55,0,1790988719,,,SCHEDULED
2026-10-03T00:26:03.335883+00:00,1286581,067,2637,56,0,1790988744,,,SCHEDULED
2026-10-03T00:26:03.335883+00:00,1286581,067,2638,57,0,1790988797,,,SCHEDULED
2026-10-03T00:26:03.335883+00:00,1286581,067,2639,58,0,1790988900,,,SCHEDULED
2026-10-03T00:26:03.335883+00:00,1285142,023,1165,64,0,1790987285,,,SCHEDULED
2026-10-03T00:26:03.335883+00:00,1285142,023,1166,65,0,1790987397,,,SCHEDULED
2026-10-03T00:26:03.335883+00:00,1285142,023,1167,66,0,1790987432,,,SCHEDULED
2026-10-03T00:26:03.335883+00:00,1285142,023,1168,67,0,1790987470,,,SCHEDULED
2026-10-03T00:26:03.335883+00:00,1285142,023,284,68,0,1790987585,,,SCHEDULED
2026-10-03T00:26:03.335883+00:00,1286991,075,4061,1,,,0,1790987427,SCHEDULED
2026-10-03T00:26:03.335883+00:00,1286991,075,1426,2,0,1790987449,,,SCHEDULED
2026-10-03T00:26:03.335883+00:00,1286991,075,1429,3,0,1790987516,,,SCHEDULED
2026-10-03T00:26:03.335883+00:00,1286991,075,1430,4,0,1790987545,,,SCHEDULED
2026-10-03T00:26:03.335883+00:00,1286991,075,3845,5,0,1790987675,,,SCHEDULED
2026-10-03T00:26:03.335883+00:00,1286991,075,3846,6,0,1790987770,,,SCHEDULED
2026-10-03T00:26:03.335883+00:00,1286991,075,3847,7,0,1790987799,,,SCHEDULED
2026-10-03T00:26:03.335883+00:00,1286991,075,1431,8,0,1790987818,,,SCHEDULED
2026-10-03T00:26:03.335883+00:00,1286991,075,1419,9,0,1790987919,,,SCHEDULED
2026-10-03T00:26:03.335883+00:00,1286991,075,9922,10,0,1790988002,,,SCHEDULED
2026-10-03T00:26:03.335883+00:00,1286991,075,1399,11,0,1790988115,,,SCHEDULED
2026-10-03T00:26:03.335883+00:00,1286991,075,1397,12,0,1790988169,,,SCHEDULED
2026-10-03T00:26:03.335883+00:00,1286991,075,9928,13,0,1790988245,,,SCHEDULED
2026-10-03T00:26:03.335883+00:00,1286991,075,3802,14,0,1790988319,,,SCHEDULED
2026-10-03T00:26:03.335883+00:00,1286991,075,3852,15,0,1790988396,,,SCHEDULED
2026-10-03T00:26:03.335883+00:00,1286596,067,1099,1,,,0,1790988703,SCHEDULED
2026-10-03T00:26:03.335883+00:00,1286596,067,2645,2,0,1790988799,,,SCHEDULED
2026-10-03T00:26:03.335883+00:00,1286596,067,2643,3,0,1790988830,,,SCHEDULED
2026-10-03T00:26:03.335883+00:00,1286596,067,2644,4,0,1790988893,,,SCHEDULED
2026-10-03T00:26:03.335883+00:00,1285141,023,1350,20,0,1790987154,,,SCHEDULED
2026-10-03T00:26:03.335883+00:00,1285141,023,1351,21,0,1790987203,,,SCHEDULED
2026-10-03T00:26:03.335883+00:00,1285141,023,1353,22,0,1790987245,,,SCHEDULED
2026-10-03T00:26:03.335883+00:00,1285141,023,1354,23,0,1790987320,,,SCHEDULED
2026-10-03T00:26:03.335883+00:00,1285141,023,1355,24,0,1790987357,,,SCHEDULED
2026-10-03T00:26:03.335883+00:00,1285141,023,1356,25,0,1790987464,,,SCHEDULED
2026-10-03T00:26:03.335883+00:00,1285141,023,1357,26,0,1790987530,,,SCHEDULED
2026-10-03T00:26:03.335883+00:00,1285141,023,1358,27,0,1790987555,,,SCHEDULED
2026-10-03T00:26:03.335883+00:00,1285141,023,1359,28,0,1790987582,,,SCHEDULED
2026-10-03T00:26:03.335883+00:00,1285141,023,1360,29,0,1790987643,,,SCHEDULED
2026-10-03T00:26:03.335883+00:00,1285141,023,1361,30,0,1790987680,,,SCHEDULED
2026-10-03T00:26:03.335883+00:00,1285141,023,1363,31,0,1790987739,,,SCHEDULED
2026-10-03T00:26:03.335883+00:00,1285141,023,1139,32,0,1790987778,,,SCHEDULED
2026-10-03T00:26:03.335883+00:00,1285141,023,1365,33,0,1790987816,,,SCHEDULED
2026-10-03T00:26:03.335883+00:00,1285141,023,1366,34,0,1790987842,,,SCHEDULED
2026-10-03T00:26:03.335883+00:00,1285141,023,1367,35,0,1790987870,,,SCHEDULED
2026-10-03T00:26:03.335883+00:00,1285141,023,1368,36,0,1790987889,,,SCHEDULED
2026-10-03T00:26:03.335883+00:00,1285141,023,1369,37,0,1790987939,,,SCHEDULED
2026-10-03T00:26:03.335883+00:00,1285141,023,1370,38,0,1790987970,,,SCHEDULED
2026-10-03T00:26:03.335883+00:00,1285141,023,1372,39,0,1790988000,,,SCHEDULED
2026-10-03T00:26:03.335883+00:00,1285141,023,1373,40,0,1790988004,,,SCHEDULED
2026-10-03T00:26:03.335883+00:00,1285141,023,1374,41,0,1790988072,,,SCHEDULED
2026-10-03T00:26:03.335883+00:00,1285141,023,1375,42,0,1790988102,,,SCHEDULED
2026-10-03T00:26:03.335883+00:00,1285141,023,1376,43,0,1790988128,,,SCHEDULED
2026-10-03T00:26:03.335883+00:00,1285141,023,1377,44,0,1790988145,,,SCHEDULED
2026-10-03T00:26:03.335883+00:00,1285141,023,1378,45,0,1790988195,,,SCHEDULED
2026-10-03T00:26:03.335883+00:00,1285141,023,1380,46,0,1790988310,,,SCHEDULED
2026-10-03T00:26:03.335883+00:00,1285141,023,1381,47,0,1790988349,,,SCHEDULED
2026-10-03T00:26:03.335883+00:00,1285141,023,1382,48,0,1790988391,,,SCHEDULED
2026-10-03T00:26:03.335883+00:00,1285141,023,1383,49,0,1790988406,,,SCHEDULED
2026-10-03T00:26:03.335883+00:00,1285141,023,1384,50,0,1790988439,,,SCHEDULED
2026-10-03T00:26:03.335883+00:00,1285141,023,1385,51,0,1790988460,,,SCHEDULED
2026-10-03T00:26:03.335883+00:00,1285141,023,1386,52,0,1790988534,,,SCHEDULED
2026-10-03T00:26:03.335883+00:00,1285141,023,1387,53,0,1790988594,,,SCHEDULED
2026-10-03T00:26:03.335883+00:00,1285141,023,1388,54,0,1790988637,,,SCHEDULED
2026-10-03T00:26:03.335883+00:00,1285141,023,1389,55,0,1790988741,,,SCHEDULED
2026-10-03T00:26:03.335883+00:00,1285141,023,1390,56,0,1790988813,,,SCHEDULED
2026-10-03T00:26:03.335883+00:00,1285141,023,1391,57,0,1790988880,,,SCHEDULED
2026-10-03T00:26:03.335883+00:00,1285141,023,1392,58,0,1790988889,,,SCHEDULED
2026-10-03T00:26:03.335883+00:00,1285141,023,1393,59,0,1790988917,,,SCHEDULED
2026-10-03T00:26:03.335883+00:00,1285141,023,1394,60,0,1790988936,,,SCHEDULED
2026-10-03T00:26:03.335883+00:00,1284693,013,1073,2,0,1790987196,,,SCHEDULED
2026-10-03T00:26:03.335883+00:00,1284693,013,1074,3,0,1790987231,,,SCHEDULED
2026-10-03T00:26:03.335883+00:00,1284693,013,1075,4,0,1790987282,,,SCHEDULED
2026-10-03T00:26:03.335883+00:00,1284693,013,1076,5,0,1790987311,,,SCHEDULED
2026-10-03T00:26:03.335883+00:00,1284693,013,1077,6,0,1790987349,,,SCHEDULED
2026-10-03T00:26:03.335883+00:00,1284693,013,1646,7,0,1790987400,,,SCHEDULED
2026-10-03T00:26:03.335883+00:00,1284693,013,1648,8,0,1790987483,,,SCHEDULED
2026-10-03T00:26:03.335883+00:00,1284693,013,1157,9,0,1790987548,,,SCHEDULED
2026-10-03T00:26:03.335883+00:00,1284693,013,1158,10,0,1790987593,,,SCHEDULED
2026-10-03T00:26:03.335883+00:00,1284693,013,1159,11,0,1790987700,,,SCHEDULED
2026-10-03T00:26:03.335883+00:00,1284693,013,1160,12,0,1790987763,,,SCHEDULED
2026-10-03T00:26:03.335883+00:00,1284693,013,1161,13,0,1790987850,,,SCHEDULED
2026-10-03T00:26:03.335883+00:00,1284693,013,1162,14,0,1790987917,,,SCHEDULED
2026-10-03T00:26:03.335883+00:00,1284693,013,1163,15,0,1790988046,,,SCHEDULED
2026-10-03T00:26:03.335883+00:00,1284693,013,1164,16,0,1790988120,,,SCHEDULED
2026-10-03T00:26:03.335883+00:00,1284693,013,1165,17,0,1790988341,,,SCHEDULED
2026-10-03T00:26:03.335883+00:00,1284693,013,1166,18,0,1790988481,,,SCHEDULED
2026-10-03T00:26:03.335883+00:00,1284693,013,1167,19,0,1790988527,,,SCHEDULED
2026-10-03T00:26:03.335883+00:00,1284693,013,1168,20,0,1790988574,,,SCHEDULED
2026-10-03T00:26:03.335883+00:00,1284693,013,284,21,0,1790988714,,,SCHEDULED
2026-10-03T00:26:03.335883+00:00,1284693,013,9807,22,0,1790988780,,,SCHEDULED
2026-10-03T00:26:03.335883+00:00,1284693,013,284,23,0,1790988868,,,SCHEDULED
2026-10-03T00:26:03.335883+00:00,1285143,023,1363,31,0,1790987204,,,SCHEDULED
2026-10-03T00:26:03.335883+00:00,1285143,023,1139,32,0,1790987253,,,SCHEDULED
2026-10-03T00:26:03.335883+00:00,1285143,023,1365,33,0,1790987299,,,SCHEDULED
2026-10-03T00:26:03.335883+00:00,1285143,023,1366,34,0,1790987331,,,SCHEDULED
2026-10-03T00:26:03.335883+00:00,1285143,023,1367,35,0,1790987367,,,SCHEDULED
2026-10-03T00:26:03.335883+00:00,1285143,023,1368,36,0,1790987393,,,SCHEDULED
2026-10-03T00:26:03.335883+00:00,1285143,023,1369,37,0,1790987454,,,SCHEDULED
2026-10-03T00:26:03.335883+00:00,1285143,023,1370,38,0,1790987491,,,SCHEDULED
2026-10-03T00:26:03.335883+00:00,1285143,023,1372,39,0,1790987534,,,SCHEDULED
2026-10-03T00:26:03.335883+00:00,1285143,023,1373,40,0,1790987547,,,SCHEDULED
2026-10-03T00:26:03.335883+00:00,1285143,023,1374,41,0,1790987624,,,SCHEDULED
2026-10-03T00:26:03.335883+00:00,1285143,023,1375,42,0,1790987662,,,SCHEDULED
2026-10-03T00:26:03.335883+00:00,1285143,023,1376,43,0,1790987693,,,SCHEDULED
2026-10-03T00:26:03.335883+00:00,1285143,023,1377,44,0,1790987717,,,SCHEDULED
2026-10-03T00:26:03.335883+00:00,1285143,023,1378,45,0,1790987773,,,SCHEDULED
2026-10-03T00:26:03.335883+00:00,1285143,023,1380,46,0,1790987895,,,SCHEDULED
2026-10-03T00:26:03.335883+00:00,1285143,023,1381,47,0,1790987941,,,SCHEDULED
2026-10-03T00:26:03.335883+00:00,1285143,023,1382,48,0,1790987997,,,SCHEDULED
2026-10-03T00:26:03.335883+00:00,1285143,023,1383,49,0,1790988019,,,SCHEDULED
2026-10-03T00:26:03.335883+00:00,1285143,023,1384,50,0,1790988067,,,SCHEDULED
2026-10-03T00:26:03.335883+00:00,1285143,023,1385,51,0,1790988093,,,SCHEDULED
2026-10-03T00:26:03.335883+00:00,1285143,023,1386,52,0,1790988179,,,SCHEDULED
2026-10-03T00:26:03.335883+00:00,1285143,023,1387,53,0,1790988244,,,SCHEDULED
2026-10-03T00:26:03.335883+00:00,1285143,023,1388,54,0,1790988293,,,SCHEDULED
2026-10-03T00:26:03.335883+00:00,1285143,023,1389,55,0,1790988404,,,SCHEDULED
2026-10-03T00:26:03.335883+00:00,1285143,023,1390,56,0,1790988482,,,SCHEDULED
2026-10-03T00:26:03.335883+00:00,1285143,023,1391,57,0,1790988552,,,SCHEDULED
2026-10-03T00:26:03.335883+00:00,1285143,023,1392,58,0,1790988566,,,SCHEDULED
2026-10-03T00:26:03.335883+00:00,1285143,023,1393,59,0,1790988597,,,SCHEDULED
2026-10-03T00:26:03.335883+00:00,1285143,023,1394,60,0,1790988620,,,SCHEDULED
2026-10-03T00:26:03.335883+00:00,1285143,023,1395,61,0,1790988666,,,SCHEDULED
2026-10-03T00:26:03.335883+00:00,1285143,023,1163,62,0,1790988778,,,SCHEDULED
2026-10-03T00:26:03.335883+00:00,1285143,023,1164,63,0,1790988860,,,SCHEDULED
2026-10-03T00:26:03.335883+00:00,1286599,067,4022,57,0,1790987167,,,SCHEDULED
2026-10-03T00:26:03.335883+00:00,1286599,067,242,58,0,1790987233,,,SCHEDULED
2026-10-03T00:26:03.335883+00:00,1286599,067,243,59,0,1790987256,,,SCHEDULED
2026-10-03T00:26:03.335883+00:00,1286599,067,244,60,0,1790987273,,,SCHEDULED
2026-10-03T00:26:03.335883+00:00,1286599,067,1038,61,0,1790987297,,,SCHEDULED
2026-10-03T00:26:03.335883+00:00,1286599,067,4019,62,0,1790987371,,,SCHEDULED
2026-10-03T00:26:03.335883+00:00,1285421,026,1541,48,0,1790987266,,,SCHEDULED
2026-10-03T00:26:03.335883+00:00,1285421,026,2980,49,0,1790987321,,,SCHEDULED
2026-10-03T00:26:03.335883+00:00,1285421,026,8958,50,0,1790987424,,,SCHEDULED
2026-10-03T00:26:03.335883+00:00,1284694,013,8927,37,0,1790987170,,,SCHEDULED
2026-10-03T00:26:03.335883+00:00,1284694,013,4710,38,0,1790987340,,,SCHEDULED
2026-10-03T00:26:03.335883+00:00,1284694,013,8928,39,0,1790987409,,,SCHEDULED
2026-10-03T00:26:03.335883+00:00,1284694,013,8929,40,0,1790987520,,,SCHEDULED
2026-10-03T00:26:03.335883+00:00,1284694,013,8930,41,0,1790987567,,,SCHEDULED
2026-10-03T00:26:03.335883+00:00,1284694,013,543,42,0,1790987616,,,SCHEDULED
2026-10-03T00:26:03.335883+00:00,1284694,013,1731,43,0,1790987712,,,SCHEDULED
2026-10-03T00:26:03.335883+00:00,1284694,013,1680,44,0,1790987796,,,SCHEDULED
2026-10-03T00:26:03.335883+00:00,1284694,013,1364,45,0,1790987890,,,SCHEDULED
2026-10-03T00:26:03.335883+00:00,1285420,026,3072,21,0,1790987149,,,SCHEDULED
2026-10-03T00:26:03.335883+00:00,1285420,026,9801,22,0,1790987321,,,SCHEDULED
2026-10-03T00:26:03.335883+00:00,1285420,026,3073,23,0,1790987553,,,SCHEDULED
2026-10-03T00:26:03.335883+00:00,1285420,026,1518,24,0,1790987628,,,SCHEDULED
2026-10-03T00:26:03.335883+00:00,1285420,026,1519,25,0,1790987681,,,SCHEDULED
2026-10-03T00:26:03.335883+00:00,1285420,026,1520,26,0,1790987746,,,SCHEDULED
2026-10-03T00:26:03.335883+00:00,1285420,026,1521,27,0,1790987775,,,SCHEDULED
2026-10-03T00:26:03.335883+00:00,1285420,026,1522,28,0,1790987801,,,SCHEDULED
2026-10-03T00:26:03.335883+00:00,1285420,026,1523,29,0,1790987831,,,SCHEDULED
2026-10-03T00:26:03.335883+00:00,1285420,026,1524,30,0,1790987890,,,SCHEDULED
2026-10-03T00:26:03.335883+00:00,1285420,026,1525,31,0,1790988015,,,SCHEDULED
2026-10-03T00:26:03.335883+00:00,1285420,026,1526,32,0,1790988048,,,SCHEDULED
2026-10-03T00:26:03.335883+00:00,1285420,026,1527,33,0,1790988110,,,SCHEDULED
2026-10-03T00:26:03.335883+00:00,1285420,026,1528,34,0,1790988167,,,SCHEDULED
2026-10-03T00:26:03.335883+00:00,1285420,026,1529,35,0,1790988201,,,SCHEDULED
2026-10-03T00:26:03.335883+00:00,1285420,026,1530,36,0,1790988255,,,SCHEDULED
2026-10-03T00:26:03.335883+00:00,1285420,026,1531,37,0,1790988377,,,SCHEDULED
2026-10-03T00:26:03.335883+00:00,1285420,026,1532,38,0,1790988436,,,SCHEDULED
2026-10-03T00:26:03.335883+00:00,1285420,026,1533,39,0,1790988476,,,SCHEDULED
2026-10-03T00:26:03.335883+00:00,1285420,026,1534,40,0,1790988534,,,SCHEDULED
2026-10-03T00:26:03.335883+00:00,1285420,026,1535,41,0,1790988656,,,SCHEDULED
2026-10-03T00:26:03.335883+00:00,1285420,026,1536,42,0,1790988730,,,SCHEDULED
2026-10-03T00:26:03.335883+00:00,1285420,026,1537,43,0,1790988830,,,SCHEDULED
2026-10-03T00:26:03.335883+00:00,1285420,026,1538,44,0,1790988871,,,SCHEDULED
2026-10-03T00:26:03.335883+00:00,1285420,026,1539,45,0,1790988914,,,SCHEDULED
2026-10-03T00:26:03.335883+00:00,1285420,026,1540,46,0,1790988937,,,SCHEDULED
2026-10-03T00:26:03.335883+00:00,1286597,067,2648,7,0,1790987582,,,SCHEDULED
2026-10-03T00:26:03.335883+00:00,1286597,067,5344,8,0,1790987646,,,SCHEDULED
2026-10-03T00:26:03.335883+00:00,1286597,067,2649,9,0,1790987684,,,SCHEDULED
2026-10-03T00:26:03.335883+00:00,1286597,067,2650,10,0,1790987713,,,SCHEDULED
2026-10-03T00:26:03.335883+00:00,1286597,067,2651,11,0,1790987795,,,SCHEDULED
2026-10-03T00:26:03.335883+00:00,1286597,067,2653,12,0,1790988031,,,SCHEDULED
2026-10-03T00:26:03.335883+00:00,1286597,067,2654,13,0,1790988133,,,SCHEDULED
2026-10-03T00:26:03.335883+00:00,1286597,067,9811,14,0,1790988244,,,SCHEDULED
2026-10-03T00:26:03.335883+00:00,1286597,067,880,15,0,1790988384,,,SCHEDULED
2026-10-03T00:26:03.335883+00:00,1286597,067,2656,16,0,1790988477,,,SCHEDULED
2026-10-03T00:26:03.335883+00:00,1286597,067,2655,17,0,1790988493,,,SCHEDULED
2026-10-03T00:26:03.335883+00:00,1286597,067,1915,18,0,1790988536,,,SCHEDULED
2026-10-03T00:26:03.335883+00:00,1286597,067,2569,19,0,1790988646,,,SCHEDULED
2026-10-03T00:26:03.335883+00:00,1286597,067,2570,20,0,1790988726,,,SCHEDULED
2026-10-03T00:26:03.335883+00:00,1286597,067,2571,21,0,1790988730,,,SCHEDULED
2026-10-03T00:26:03.335883+00:00,1286597,067,2572,22,0,1790988792,,,SCHEDULED
2026-10-03T00:26:03.335883+00:00,1286597,067,2573,23,0,1790988813,,,SCHEDULED
2026-10-03T00:26:03.335883+00:00,1286597,067,2574,24,0,1790988828,,,SCHEDULED
2026-10-03T00:26:03.335883+00:00,1286597,067,2575,25,0,1790988841,,,SCHEDULED
2026-10-03T00:26:03.335883+00:00,1286597,067,2576,26,0,1790988856,,,SCHEDULED
2026-10-03T00:26:03.335883+00:00,1286597,067,2577,27,0,1790988873,,,SCHEDULED
2026-10-03T00:26:03.335883+00:00,1286872,072,5249,7,0,1790987177,,,SCHEDULED
2026-10-03T00:26:03.335883+00:00,1286872,072,4215,8,0,1790987228,,,SCHEDULED
2026-10-03T00:26:03.335883+00:00,1286872,072,4216,9,0,1790987253,,,SCHEDULED
2026-10-03T00:26:03.335883+00:00,1286872,072,2816,10,0,1790987277,,,SCHEDULED
2026-10-03T00:26:03.335883+00:00,1286872,072,2817,11,0,1790987308,,,SCHEDULED
2026-10-03T00:26:03.335883+00:00,1286872,072,2818,12,0,1790987337,,,SCHEDULED
2026-10-03T00:26:03.335883+00:00,1286872,072,2819,13,0,1790987372,,,SCHEDULED
2026-10-03T00:26:03.335883+00:00,1286872,072,2820,14,0,1790987404,,,SCHEDULED
2026-10-03T00:26:03.335883+00:00,1286872,072,2821,15,0,1790987413,,,SCHEDULED
2026-10-03T00:26:03.335883+00:00,1286872,072,2822,16,0,1790987422,,,SCHEDULED
2026-10-03T00:26:03.335883+00:00,1286872,072,2824,17,0,1790987549,,,SCHEDULED
2026-10-03T00:26:03.335883+00:00,1286872,072,2825,18,0,1790987589,,,SCHEDULED
2026-10-03T00:26:03.335883+00:00,1286872,072,2826,19,0,1790987643,,,SCHEDULED
2026-10-03T00:26:03.335883+00:00,1286872,072,3861,20,0,1790987697,,,SCHEDULED
2026-10-03T00:26:03.335883+00:00,1286872,072,3862,21,0,1790987714,,,SCHEDULED
2026-10-03T00:26:03.335883+00:00,1286872,072,3864,22,0,1790987758,,,SCHEDULED
2026-10-03T00:26:03.335883+00:00,1286872,072,3865,23,0,1790987799,,,SCHEDULED
2026-10-03T00:26:03.335883+00:00,1286872,072,496,24,0,1790987860,,,SCHEDULED
2026-10-03T00:26:03.335883+00:00,1286872,072,3866,25,0,1790987902,,,SCHEDULED
2026-10-03T00:26:03.335883+00:00,1286872,072,3867,26,0,1790987946,,,SCHEDULED
2026-10-03T00:26:03.335883+00:00,1286872,072,3868,27,0,1790987954,,,SCHEDULED
2026-10-03T00:26:03.335883+00:00,1286872,072,3869,28,0,1790987985,,,SCHEDULED
2026-10-03T00:26:03.335883+00:00,1286872,072,3870,29,0,1790988033,,,SCHEDULED
2026-10-03T00:26:03.335883+00:00,1286872,072,3871,30,0,1790988109,,,SCHEDULED
2026-10-03T00:26:03.335883+00:00,1286872,072,3872,31,0,1790988146,,,SCHEDULED
2026-10-03T00:26:03.335883+00:00,1286477,062,470,43,0,1790987170,,,SCHEDULED
2026-10-03T00:26:03.335883+00:00,1286477,062,471,44,0,1790987201,,,SCHEDULED
2026-10-03T00:26:03.335883+00:00,1286477,062,472,45,0,1790987316,,,SCHEDULED
2026-10-03T00:26:03.335883+00:00,1286477,062,473,46,0,1790987367,,,SCHEDULED
2026-10-03T00:26:03.335883+00:00,1286477,062,474,47,0,1790987391,,,SCHEDULED
2026-10-03T00:26:03.335883+00:00,1286477,062,475,48,0,1790987415,,,SCHEDULED
2026-10-03T00:26:03.335883+00:00,1286477,062,476,49,0,1790987468,,,SCHEDULED
2026-10-03T00:26:03.335883+00:00,1286477,062,477,50,0,1790987523,,,SCHEDULED
2026-10-03T00:26:03.335883+00:00,1286477,062,4134,51,0,1790987615,,,SCHEDULED
2026-10-03T00:26:03.335883+00:00,1286477,062,4136,52,0,1790987672,,,SCHEDULED
2026-10-03T00:26:03.335883+00:00,1286477,062,4137,53,0,1790987721,,,SCHEDULED
2026-10-03T00:26:03.335883+00:00,1287203,081,3132,26,0,1790987274,,,SCHEDULED
2026-10-03T00:26:03.335883+00:00,1287203,081,3134,27,0,1790987413,,,SCHEDULED
2026-10-03T00:26:03.335883+00:00,1287203,081,3135,28,0,1790987485,,,SCHEDULED
2026-10-03T00:26:03.335883+00:00,1287203,081,3136,29,0,1790987536,,,SCHEDULED
2026-10-03T00:26:03.335883+00:00,1287203,081,3137,30,0,1790987620,,,SCHEDULED
2026-10-03T00:26:03.335883+00:00,1287203,081,3138,31,0,1790987621,,,SCHEDULED
2026-10-03T00:26:03.335883+00:00,1287203,081,3139,32,0,1790987657,,,SCHEDULED
2026-10-03T00:26:03.335883+00:00,1287203,081,3140,33,0,1790987687,,,SCHEDULED
2026-10-03T00:26:03.335883+00:00,1287203,081,3141,34,0,1790987704,,,SCHEDULED
2026-10-03T00:26:03.335883+00:00,1287203,081,3142,35,0,1790987719,,,SCHEDULED
2026-10-03T00:26:03.335883+00:00,1287203,081,3143,36,0,1790987743,,,SCHEDULED
2026-10-03T00:26:03.335883+00:00,1287203,081,3144,37,0,1790987792,,,SCHEDULED
2026-10-03T00:26:03.335883+00:00,1286598,067,2581,30,0,1790987153,,,SCHEDULED
2026-10-03T00:26:03.335883+00:00,1286598,067,2582,31,0,1790987206,,,SCHEDULED
2026-10-03T00:26:03.335883+00:00,1286598,067,2583,32,0,1790987235,,,SCHEDULED
2026-10-03T00:26:03.335883+00:00,1286598,067,2584,33,0,1790987278,,,SCHEDULED
2026-10-03T00:26:03.335883+00:00,1286598,067,2585,34,0,1790987346,,,SCHEDULED
2026-10-03T00:26:03.335883+00:00,1286598,067,2586,35,0,1790987386,,,SCHEDULED
2026-10-03T00:26:03.335883+00:00,1286598,067,2587,36,0,1790987571,,,SCHEDULED
2026-10-03T00:26:03.335883+00:00,1286598,067,2588,37,0,1790987596,,,SCHEDULED
2026-10-03T00:26:03.335883+00:00,1286598,067,2589,38,0,1790987660,,,SCHEDULED
2026-10-03T00:26:03.335883+00:00,1286598,067,2590,39,0,1790987711,,,SCHEDULED
2026-10-03T00:26:03.335883+00:00,1286598,067,2591,40,0,1790987747,,,SCHEDULED
2026-10-03T00:26:03.335883+00:00,1286598,067,2592,41,0,1790987818,,,SCHEDULED
2026-10-03T00:26:03.335883+00:00,1286598,067,2593,42,0,1790987863,,,SCHEDULED
2026-10-03T00:26:03.335883+00:00,1286598,067,2594,43,0,1790987915,,,SCHEDULED
2026-10-03T00:26:03.335883+00:00,1286598,067,2595,44,0,1790987937,,,SCHEDULED
2026-10-03T00:26:03.335883+00:00,1286598,067,2596,45,0,1790987967,,,SCHEDULED
2026-10-03T00:26:03.335883+00:00,1286598,067,2031,46,0,1790988057,,,SCHEDULED
2026-10-03T00:26:03.335883+00:00,1286598,067,2032,47,0,1790988152,,,SCHEDULED
2026-10-03T00:26:03.335883+00:00,1286598,067,2173,48,0,1790988206,,,SCHEDULED
2026-10-03T00:26:03.335883+00:00,1286598,067,494,49,0,1790988339,,,SCHEDULED
2026-10-03T00:26:03.335883+00:00,1286598,067,3831,50,0,1790988554,,,SCHEDULED
2026-10-03T00:26:03.335883+00:00,1286598,067,3833,51,0,1790988634,,,SCHEDULED
2026-10-03T00:26:03.335883+00:00,1286598,067,3834,52,0,1790988721,,,SCHEDULED
2026-10-03T00:26:03.335883+00:00,1286598,067,3939,53,0,1790988845,,,SCHEDULED
2026-10-03T00:26:03.335883+00:00,1286598,067,5107,54,0,1790988930,,,SCHEDULED
2026-10-03T00:26:03.335883+00:00,1285547,030,281,29,0,1790987233,,,SCHEDULED
2026-10-03T00:26:03.335883+00:00,1286471,062,2262,13,0,1790987172,,,SCHEDULED
2026-10-03T00:26:03.335883+00:00,1286471,062,2264,14,0,1790987267,,,SCHEDULED
2026-10-03T00:26:03.335883+00:00,1286471,062,380,15,0,1790987461,,,SCHEDULED
2026-10-03T00:26:03.335883+00:00,1286471,062,411,16,0,1790987537,,,SCHEDULED
2026-10-03T00:26:03.335883+00:00,1286471,062,2271,17,0,1790987797,,,SCHEDULED
2026-10-03T00:26:03.335883+00:00,1286471,062,2272,18,0,1790987845,,,SCHEDULED
2026-10-03T00:26:03.335883+00:00,1286471,062,2273,19,0,1790987861,,,SCHEDULED
2026-10-03T00:26:03.335883+00:00,1286471,062,2275,20,0,1790987901,,,SCHEDULED
2026-10-03T00:26:03.335883+00:00,1286471,062,2276,21,0,1790987962,,,SCHEDULED
2026-10-03T00:26:03.335883+00:00,1286471,062,2277,22,0,1790988043,,,SCHEDULED
2026-10-03T00:26:03.335883+00:00,1286471,062,2278,23,0,1790988070,,,SCHEDULED
2026-10-03T00:26:03.335883+00:00,1286471,062,2279,24,0,1790988122,,,SCHEDULED
2026-10-03T00:26:03.335883+00:00,1286471,062,2280,25,0,1790988170,,,SCHEDULED
2026-10-03T00:26:03.335883+00:00,1286471,062,2281,26,0,1790988184,,,SCHEDULED
2026-10-03T00:26:03.335883+00:00,1286471,062,2346,27,0,1790988258,,,SCHEDULED
2026-10-03T00:26:03.335883+00:00,1286471,062,2347,28,0,1790988400,,,SCHEDULED
2026-10-03T00:26:03.335883+00:00,1286471,062,2348,29,0,1790988420,,,SCHEDULED
2026-10-03T00:26:03.335883+00:00,1286471,062,2350,30,0,1790988444,,,SCHEDULED
2026-10-03T00:26:03.335883+00:00,1286471,062,2351,31,0,1790988474,,,SCHEDULED
2026-10-03T00:26:03.335883+00:00,1286471,062,5313,32,0,1790988518,,,SCHEDULED
2026-10-03T00:26:03.335883+00:00,1286471,062,2352,33,0,1790988539,,,SCHEDULED
2026-10-03T00:26:03.335883+00:00,1286471,062,2353,34,0,1790988588,,,SCHEDULED
2026-10-03T00:26:03.335883+00:00,1286471,062,2354,35,0,1790988636,,,SCHEDULED
2026-10-03T00:26:03.335883+00:00,1286471,062,2355,36,0,1790988645,,,SCHEDULED
2026-10-03T00:26:03.335883+00:00,1286471,062,2356,37,0,1790988679,,,SCHEDULED
2026-10-03T00:26:03.335883+00:00,1286471,062,465,38,0,1790988715,,,SCHEDULED
2026-10-03T00:26:03.335883+00:00,1286471,062,466,39,0,1790988722,,,SCHEDULED
2026-10-03T00:26:03.335883+00:00,1286471,062,467,40,0,1790988759,,,SCHEDULED
2026-10-03T00:26:03.335883+00:00,1286471,062,468,41,0,1790988778,,,SCHEDULED
2026-10-03T00:26:03.335883+00:00,1286471,062,469,42,0,1790988795,,,SCHEDULED
2026-10-03T00:26:03.335883+00:00,1286471,062,470,43,0,1790988836,,,SCHEDULED
2026-10-03T00:26:03.335883+00:00,1286471,062,471,44,0,1790988867,,,SCHEDULED
2026-10-03T00:26:03.335883+00:00,1285140,023,1184,1,,,0,1790988203,SCHEDULED
2026-10-03T00:26:03.335883+00:00,1285140,023,3301,2,0,1790988208,,,SCHEDULED
2026-10-03T00:26:03.335883+00:00,1285140,023,1187,3,0,1790988298,,,SCHEDULED
2026-10-03T00:26:03.335883+00:00,1285140,023,1188,4,0,1790988379,,,SCHEDULED
2026-10-03T00:26:03.335883+00:00,1285140,023,1189,5,0,1790988417,,,SCHEDULED
2026-10-03T00:26:03.335883+00:00,1285140,023,1190,6,0,1790988480,,,SCHEDULED
2026-10-03T00:26:03.335883+00:00,1285140,023,1337,7,0,1790988621,,,SCHEDULED
2026-10-03T00:26:03.335883+00:00,1285140,023,1338,8,0,1790988681,,,SCHEDULED
2026-10-03T00:26:03.335883+00:00,1285140,023,1339,9,0,1790988732,,,SCHEDULED
2026-10-03T00:26:03.335883+00:00,1285140,023,1340,10,0,1790988749,,,SCHEDULED
2026-10-03T00:26:03.335883+00:00,1285140,023,1341,11,0,1790988865,,,SCHEDULED
2026-10-03T00:26:03.335883+00:00,1285140,023,1342,12,0,1790988925,,,SCHEDULED
2026-10-03T00:26:03.335883+00:00,1285140,023,1343,13,0,1790988930,,,SCHEDULED
2026-10-03T00:26:03.335883+00:00,1284050,001,1184,1,,,0,1790988405,SCHEDULED
2026-10-03T00:26:03.335883+00:00,1284050,001,3301,2,0,1790988411,,,SCHEDULED
2026-10-03T00:26:03.335883+00:00,1284050,001,1187,3,0,1790988500,,,SCHEDULED
2026-10-03T00:26:03.335883+00:00,1284050,001,1188,4,0,1790988559,,,SCHEDULED
2026-10-03T00:26:03.335883+00:00,1284050,001,1189,5,0,1790988585,,,SCHEDULED
2026-10-03T00:26:03.335883+00:00,1284050,001,1190,6,0,1790988632,,,SCHEDULED
2026-10-03T00:26:03.335883+00:00,1284050,001,1191,7,0,1790988661,,,SCHEDULED
2026-10-03T00:26:03.335883+00:00,1284050,001,1192,8,0,1790988692,,,SCHEDULED
2026-10-03T00:26:03.335883+00:00,1284050,001,1193,9,0,1790988733,,,SCHEDULED
2026-10-03T00:26:03.335883+00:00,1284050,001,1195,10,0,1790988807,,,SCHEDULED
2026-10-03T00:26:03.335883+00:00,1284050,001,1196,11,0,1790988836,,,SCHEDULED
2026-10-03T00:26:03.335883+00:00,1284050,001,1197,12,0,1790988859,,,SCHEDULED
2026-10-03T00:26:03.335883+00:00,1284050,001,1198,13,0,1790988875,,,SCHEDULED
2026-10-03T00:26:03.335883+00:00,1284292,010,11091,17,0,1790987107,,,SCHEDULED
2026-10-03T00:26:03.335883+00:00,1284292,010,11125,18,0,1790987256,,,SCHEDULED
2026-10-03T00:26:03.335883+00:00,1284292,010,11157,19,0,1790987308,,,SCHEDULED
2026-10-03T00:26:03.335883+00:00,1284292,010,11033,20,0,1790987369,,,SCHEDULED
2026-10-03T00:26:03.335883+00:00,1284292,010,11133,21,0,1790987658,,,SCHEDULED
2026-10-03T00:26:03.335883+00:00,1284292,010,11134,22,0,1790987699,,,SCHEDULED
2026-10-03T00:26:03.335883+00:00,1284292,010,11136,23,0,1790987829,,,SCHEDULED
2026-10-03T00:26:03.335883+00:00,1284292,010,11137,24,0,1790987879,,,SCHEDULED
2026-10-03T00:26:03.335883+00:00,1284292,010,11138,25,0,1790987890,,,SCHEDULED
2026-10-03T00:26:03.335883+00:00,1284292,010,11139,26,0,1790987897,,,SCHEDULED
2026-10-03T00:26:03.335883+00:00,1284292,010,11140,27,0,1790987975,,,SCHEDULED
2026-10-03T00:26:03.335883+00:00,1284292,010,11201,28,0,1790988201,,,SCHEDULED
2026-10-03T00:26:03.335883+00:00,1284292,010,11010,29,0,1790988268,,,SCHEDULED
2026-10-03T00:26:03.335883+00:00,1284292,010,11143,30,0,1790988353,,,SCHEDULED
2026-10-03T00:26:03.335883+00:00,1284292,010,11203,31,0,1790988464,,,SCHEDULED
2026-10-03T00:26:03.335883+00:00,1284292,010,11159,32,0,1790988576,,,SCHEDULED
2026-10-03T00:26:03.335883+00:00,1287178,081,2166,26,0,1790987181,,,SCHEDULED
2026-10-03T00:26:03.335883+00:00,1288387,175,659,8,0,1790987220,,,SCHEDULED
2026-10-03T00:26:03.335883+00:00,1288387,175,1781,9,0,1790987278,,,SCHEDULED
2026-10-03T00:26:03.335883+00:00,1288387,175,1794,10,0,1790987335,,,SCHEDULED
2026-10-03T00:26:03.335883+00:00,1288387,175,1800,11,0,1790987443,,,SCHEDULED
2026-10-03T00:26:03.335883+00:00,1288387,175,1645,12,0,1790987460,,,SCHEDULED
2026-10-03T00:26:03.335883+00:00,1288387,175,948,13,0,1790987520,,,SCHEDULED
2026-10-03T00:26:03.335883+00:00,1287177,081,2358,7,0,1790987231,,,SCHEDULED
2026-10-03T00:26:03.335883+00:00,1287177,081,2359,8,0,1790987293,,,SCHEDULED
2026-10-03T00:26:03.335883+00:00,1287177,081,2360,9,0,1790987377,,,SCHEDULED
2026-10-03T00:26:03.335883+00:00,1287177,081,2361,10,0,1790987429,,,SCHEDULED
2026-10-03T00:26:03.335883+00:00,1287177,081,2362,11,0,1790987457,,,SCHEDULED
2026-10-03T00:26:03.335883+00:00,1287177,081,2363,12,0,1790987552,,,SCHEDULED
2026-10-03T00:26:03.335883+00:00,1287177,081,2364,13,0,1790987609,,,SCHEDULED
2026-10-03T00:26:03.335883+00:00,1287177,081,2365,14,0,1790987697,,,SCHEDULED
2026-10-03T00:26:03.335883+00:00,1287177,081,2366,15,0,1790987753,,,SCHEDULED
2026-10-03T00:26:03.335883+00:00,1287177,081,2367,16,0,1790987767,,,SCHEDULED
2026-10-03T00:26:03.335883+00:00,1287177,081,5203,17,0,1790987940,,,SCHEDULED
2026-10-03T00:26:03.335883+00:00,1287177,081,2368,18,0,1790988134,,,SCHEDULED
2026-10-03T00:26:03.335883+00:00,1287177,081,2370,19,0,1790988282,,,SCHEDULED
2026-10-03T00:26:03.335883+00:00,1287177,081,2371,20,0,1790988358,,,SCHEDULED
2026-10-03T00:26:03.335883+00:00,1287177,081,2372,21,0,1790988459,,,SCHEDULED
2026-10-03T00:26:03.335883+00:00,1287177,081,2373,22,0,1790988523,,,SCHEDULED
2026-10-03T00:26:03.335883+00:00,1287177,081,2374,23,0,1790988658,,,SCHEDULED
2026-10-03T00:26:03.335883+00:00,1287177,081,3130,24,0,1790988661,,,SCHEDULED
2026-10-03T00:26:03.335883+00:00,1287177,081,3131,25,0,1790988662,,,SCHEDULED
2026-10-03T00:26:03.335883+00:00,1288269,142,525,1,,,0,1790987830,SCHEDULED
2026-10-03T00:26:03.335883+00:00,1288269,142,526,2,0,1790987882,,,SCHEDULED
2026-10-03T00:26:03.335883+00:00,1288269,142,527,3,0,1790987902,,,SCHEDULED
2026-10-03T00:26:03.335883+00:00,1288269,142,528,4,0,1790987936,,,SCHEDULED
2026-10-03T00:26:03.335883+00:00,1288269,142,5252,5,0,1790988022,,,SCHEDULED
2026-10-03T00:26:03.335883+00:00,1288269,142,531,6,0,1790988062,,,SCHEDULED
2026-10-03T00:26:03.335883+00:00,1285557,030,275,1,,,0,1790987184,SCHEDULED
2026-10-03T00:26:03.335883+00:00,1285557,030,1689,2,0,1790987325,,,SCHEDULED
2026-10-03T00:26:03.335883+00:00,1285557,030,1691,3,0,1790987369,,,SCHEDULED
2026-10-03T00:26:03.335883+00:00,1285557,030,1692,4,0,1790987404,,,SCHEDULED
2026-10-03T00:26:03.335883+00:00,1285557,030,1693,5,0,1790987419,,,SCHEDULED
2026-10-03T00:26:03.335883+00:00,1285557,030,1694,6,0,1790987441,,,SCHEDULED
2026-10-03T00:26:03.335883+00:00,1285557,030,1695,7,0,1790987454,,,SCHEDULED
2026-10-03T00:26:03.335883+00:00,1285557,030,1697,8,0,1790987486,,,SCHEDULED
2026-10-03T00:26:03.335883+00:00,1285557,030,1699,9,0,1790987522,,,SCHEDULED
2026-10-03T00:26:03.335883+00:00,1285557,030,1700,10,0,1790987573,,,SCHEDULED
2026-10-03T00:26:03.335883+00:00,1285557,030,1701,11,0,1790987614,,,SCHEDULED
2026-10-03T00:26:03.335883+00:00,1285557,030,1702,12,0,1790987633,,,SCHEDULED
2026-10-03T00:26:03.335883+00:00,1285557,030,1703,13,0,1790987669,,,SCHEDULED
2026-10-03T00:26:03.335883+00:00,1285557,030,1704,14,0,1790987695,,,SCHEDULED
2026-10-03T00:26:03.335883+00:00,1285557,030,1705,15,0,1790987791,,,SCHEDULED
2026-10-03T00:26:03.335883+00:00,1285557,030,1707,16,0,1790987899,,,SCHEDULED
2026-10-03T00:26:03.335883+00:00,1285557,030,1708,17,0,1790987948,,,SCHEDULED
2026-10-03T00:26:03.335883+00:00,1285557,030,1709,18,0,1790987985,,,SCHEDULED
2026-10-03T00:26:03.335883+00:00,1285557,030,1710,19,0,1790988018,,,SCHEDULED
2026-10-03T00:26:03.335883+00:00,1285557,030,1711,20,0,1790988064,,,SCHEDULED
2026-10-03T00:26:03.335883+00:00,1285557,030,519,21,0,1790988113,,,SCHEDULED
2026-10-03T00:26:03.335883+00:00,1285557,030,521,22,0,1790988173,,,SCHEDULED
2026-10-03T00:26:03.335883+00:00,1285557,030,522,23,0,1790988270,,,SCHEDULED
2026-10-03T00:26:03.335883+00:00,1285557,030,525,24,0,1790988361,,,SCHEDULED
2026-10-03T00:26:03.335883+00:00,1285557,030,526,25,0,1790988428,,,SCHEDULED
2026-10-03T00:26:03.335883+00:00,1285557,030,527,26,0,1790988464,,,SCHEDULED
2026-10-03T00:26:03.335883+00:00,1285557,030,528,27,0,1790988517,,,SCHEDULED
2026-10-03T00:26:03.335883+00:00,1285557,030,5252,28,0,1790988605,,,SCHEDULED
2026-10-03T00:26:03.335883+00:00,1285557,030,281,29,0,1790988703,,,SCHEDULED
2026-10-03T00:26:03.335883+00:00,1287219,081,2314,6,0,1790987162,,,SCHEDULED
2026-10-03T00:26:03.335883+00:00,1287219,081,2315,7,0,1790987255,,,SCHEDULED
2026-10-03T00:26:03.335883+00:00,1287219,081,5203,8,0,1790987400,,,SCHEDULED
2026-10-03T00:26:03.335883+00:00,1287219,081,2317,9,0,1790987511,,,SCHEDULED
2026-10-03T00:26:03.335883+00:00,1287219,081,2318,10,0,1790987595,,,SCHEDULED
2026-10-03T00:26:03.335883+00:00,1287219,081,2319,11,0,1790987658,,,SCHEDULED
2026-10-03T00:26:03.335883+00:00,1287219,081,2320,12,0,1790987693,,,SCHEDULED
2026-10-03T00:26:03.335883+00:00,1287219,081,2321,13,0,1790987773,,,SCHEDULED
2026-10-03T00:26:03.335883+00:00,1287219,081,2322,14,0,1790987840,,,SCHEDULED
2026-10-03T00:26:03.335883+00:00,1287219,081,2323,15,0,1790987892,,,SCHEDULED
2026-10-03T00:26:03.335883+00:00,1287219,081,2324,16,0,1790987951,,,SCHEDULED
2026-10-03T00:26:03.335883+00:00,1287219,081,2325,17,0,1790988000,,,SCHEDULED
2026-10-03T00:26:03.335883+00:00,1287219,081,2326,18,0,1790988060,,,SCHEDULED
2026-10-03T00:26:03.335883+00:00,1287219,081,2328,19,0,1790988152,,,SCHEDULED
2026-10-03T00:26:03.335883+00:00,1287219,081,2329,20,0,1790988206,,,SCHEDULED
2026-10-03T00:26:03.335883+00:00,1287219,081,2330,21,0,1790988265,,,SCHEDULED
2026-10-03T00:26:03.335883+00:00,1287219,081,4811,22,0,1790988325,,,SCHEDULED
2026-10-03T00:26:03.335883+00:00,1287219,081,4810,23,0,1790988371,,,SCHEDULED
2026-10-03T00:26:03.335883+00:00,1284105,001,1801,1,,,0,1790987640,SCHEDULED
2026-10-03T00:26:03.335883+00:00,1284105,001,3073,2,0,1790987684,,,SCHEDULED
2026-10-03T00:26:03.335883+00:00,1284105,001,630,3,0,1790987815,,,SCHEDULED
2026-10-03T00:26:03.335883+00:00,1284105,001,631,4,0,1790987864,,,SCHEDULED
2026-10-03T00:26:03.335883+00:00,1284105,001,632,5,0,1790987893,,,SCHEDULED
2026-10-03T00:26:03.335883+00:00,1284105,001,634,6,0,1790987964,,,SCHEDULED
2026-10-03T00:26:03.335883+00:00,1284105,001,635,7,0,1790988035,,,SCHEDULED
2026-10-03T00:26:03.335883+00:00,1284105,001,636,8,0,1790988115,,,SCHEDULED
2026-10-03T00:26:03.335883+00:00,1284105,001,637,9,0,1790988151,,,SCHEDULED
2026-10-03T00:26:03.335883+00:00,1284105,001,638,10,0,1790988195,,,SCHEDULED
2026-10-03T00:26:03.335883+00:00,1284105,001,639,11,0,1790988240,,,SCHEDULED
2026-10-03T00:26:03.335883+00:00,1284105,001,640,12,0,1790988292,,,SCHEDULED
2026-10-03T00:26:03.335883+00:00,1284105,001,641,13,0,1790988334,,,SCHEDULED
2026-10-03T00:26:03.335883+00:00,1284105,001,642,14,0,1790988421,,,SCHEDULED
2026-10-03T00:26:03.335883+00:00,1284105,001,643,15,0,1790988466,,,SCHEDULED
2026-10-03T00:26:03.335883+00:00,1284105,001,644,16,0,1790988508,,,SCHEDULED
2026-10-03T00:26:03.335883+00:00,1284105,001,645,17,0,1790988555,,,SCHEDULED
2026-10-03T00:26:03.335883+00:00,1284105,001,646,18,0,1790988587,,,SCHEDULED
2026-10-03T00:26:03.335883+00:00,1284105,001,647,19,0,1790988650,,,SCHEDULED
2026-10-03T00:26:03.335883+00:00,1284105,001,648,20,0,1790988716,,,SCHEDULED
2026-10-03T00:26:03.335883+00:00,1284105,001,649,21,0,1790988766,,,SCHEDULED
2026-10-03T00:26:03.335883+00:00,1284105,001,5351,22,0,1790988784,,,SCHEDULED
2026-10-03T00:26:03.335883+00:00,1284105,001,1308,23,0,1790988840,,,SCHEDULED
2026-10-03T00:26:03.335883+00:00,1284104,001,1801,1,,,0,1790988540,SCHEDULED
2026-10-03T00:26:03.335883+00:00,1284104,001,3073,2,0,1790988605,,,SCHEDULED
2026-10-03T00:26:03.335883+00:00,1284104,001,630,3,0,1790988828,,,SCHEDULED
2026-10-03T00:26:03.335883+00:00,1284104,001,631,4,0,1790988881,,,SCHEDULED
2026-10-03T00:26:03.335883+00:00,1284104,001,632,5,0,1790988913,,,SCHEDULED
2026-10-03T00:26:03.335883+00:00,1284107,001,630,3,0,1790987359,,,SCHEDULED
2026-10-03T00:26:03.335883+00:00,1284107,001,631,4,0,1790987416,,,SCHEDULED
2026-10-03T00:26:03.335883+00:00,1284107,001,632,5,0,1790987451,,,SCHEDULED
2026-10-03T00:26:03.335883+00:00,1284107,001,634,6,0,1790987528,,,SCHEDULED
2026-10-03T00:26:03.335883+00:00,1284107,001,635,7,0,1790987625,,,SCHEDULED
2026-10-03T00:26:03.335883+00:00,1284107,001,636,8,0,1790987737,,,SCHEDULED
2026-10-03T00:26:03.335883+00:00,1284107,001,637,9,0,1790987775,,,SCHEDULED
2026-10-03T00:26:03.335883+00:00,1284107,001,638,10,0,1790987807,,,SCHEDULED
2026-10-03T00:26:03.335883+00:00,1284107,001,639,11,0,1790987874,,,SCHEDULED
2026-10-03T00:26:03.335883+00:00,1284107,001,640,12,0,1790987924,,,SCHEDULED
2026-10-03T00:26:03.335883+00:00,1284107,001,641,13,0,1790987993,,,SCHEDULED
2026-10-03T00:26:03.335883+00:00,1284107,001,642,14,0,1790988150,,,SCHEDULED
2026-10-03T00:26:03.335883+00:00,1284107,001,643,15,0,1790988202,,,SCHEDULED
2026-10-03T00:26:03.335883+00:00,1284107,001,644,16,0,1790988227,,,SCHEDULED
2026-10-03T00:26:03.335883+00:00,1284107,001,645,17,0,1790988261,,,SCHEDULED
2026-10-03T00:26:03.335883+00:00,1284107,001,646,18,0,1790988341,,,SCHEDULED
2026-10-03T00:26:03.335883+00:00,1284107,001,647,19,0,1790988380,,,SCHEDULED
2026-10-03T00:26:03.335883+00:00,1284107,001,648,20,0,1790988441,,,SCHEDULED
2026-10-03T00:26:03.335883+00:00,1284107,001,649,21,0,1790988491,,,SCHEDULED
2026-10-03T00:26:03.335883+00:00,1284107,001,5351,22,0,1790988495,,,SCHEDULED
2026-10-03T00:26:03.335883+00:00,1284107,001,1308,23,0,1790988580,,,SCHEDULED
2026-10-03T00:26:03.335883+00:00,1284107,001,1309,24,0,1790988640,,,SCHEDULED
2026-10-03T00:26:03.335883+00:00,1284107,001,1310,25,0,1790988738,,,SCHEDULED
2026-10-03T00:26:03.335883+00:00,1284107,001,1311,26,0,1790988756,,,SCHEDULED
2026-10-03T00:26:03.335883+00:00,1284107,001,5363,27,0,1790988847,,,SCHEDULED
2026-10-03T00:26:03.335883+00:00,1284107,001,1313,28,0,1790988874,,,SCHEDULED
2026-10-03T00:26:03.335883+00:00,1284107,001,1314,29,0,1790988933,,,SCHEDULED
2026-10-03T00:26:03.335883+00:00,1284106,001,636,8,0,1790987215,,,SCHEDULED
2026-10-03T00:26:03.335883+00:00,1284106,001,637,9,0,1790987251,,,SCHEDULED
2026-10-03T00:26:03.335883+00:00,1284106,001,638,10,0,1790987295,,,SCHEDULED
2026-10-03T00:26:03.335883+00:00,1284106,001,639,11,0,1790987340,,,SCHEDULED
2026-10-03T00:26:03.335883+00:00,1284106,001,640,12,0,1790987392,,,SCHEDULED
2026-10-03T00:26:03.335883+00:00,1284106,001,641,13,0,1790987434,,,SCHEDULED
2026-10-03T00:26:03.335883+00:00,1284106,001,642,14,0,1790987521,,,SCHEDULED
2026-10-03T00:26:03.335883+00:00,1284106,001,643,15,0,1790987566,,,SCHEDULED
2026-10-03T00:26:03.335883+00:00,1284106,001,644,16,0,1790987608,,,SCHEDULED
2026-10-03T00:26:03.335883+00:00,1284106,001,645,17,0,1790987655,,,SCHEDULED
2026-10-03T00:26:03.335883+00:00,1284106,001,646,18,0,1790987687,,,SCHEDULED
2026-10-03T00:26:03.335883+00:00,1284106,001,647,19,0,1790987750,,,SCHEDULED
2026-10-03T00:26:03.335883+00:00,1284106,001,648,20,0,1790987816,,,SCHEDULED
2026-10-03T00:26:03.335883+00:00,1284106,001,649,21,0,1790987866,,,SCHEDULED
2026-10-03T00:26:03.335883+00:00,1284106,001,5351,22,0,1790987884,,,SCHEDULED
2026-10-03T00:26:03.335883+00:00,1284106,001,1308,23,0,1790987940,,,SCHEDULED
2026-10-03T00:26:03.335883+00:00,1284106,001,1309,24,0,1790988002,,,SCHEDULED
2026-10-03T00:26:03.335883+00:00,1284106,001,1310,25,0,1790988087,,,SCHEDULED
2026-10-03T00:26:03.335883+00:00,1284106,001,1311,26,0,1790988153,,,SCHEDULED
2026-10-03T00:26:03.335883+00:00,1284106,001,5363,27,0,1790988248,,,SCHEDULED
2026-10-03T00:26:03.335883+00:00,1284106,001,1313,28,0,1790988287,,,SCHEDULED
2026-10-03T00:26:03.335883+00:00,1284106,001,1314,29,0,1790988333,,,SCHEDULED
2026-10-03T00:26:03.335883+00:00,1284106,001,1315,30,0,1790988445,,,SCHEDULED
2026-10-03T00:26:03.335883+00:00,1284106,001,1316,31,0,1790988481,,,SCHEDULED
2026-10-03T00:26:03.335883+00:00,1284106,001,1317,32,0,1790988520,,,SCHEDULED
2026-10-03T00:26:03.335883+00:00,1284106,001,1318,33,0,1790988560,,,SCHEDULED
2026-10-03T00:26:03.335883+00:00,1284106,001,2807,34,0,1790988638,,,SCHEDULED
2026-10-03T00:26:03.335883+00:00,1287218,081,1612,1,,,0,1790988637,SCHEDULED
2026-10-03T00:26:03.335883+00:00,1287218,081,1613,2,0,1790988771,,,SCHEDULED
2026-10-03T00:26:03.335883+00:00,1287218,081,2311,3,0,1790988832,,,SCHEDULED
2026-10-03T00:26:03.335883+00:00,1285558,030,527,26,0,1790987153,,,SCHEDULED
2026-10-03T00:26:03.335883+00:00,1285558,030,528,27,0,1790987206,,,SCHEDULED
2026-10-03T00:26:03.335883+00:00,1285558,030,5252,28,0,1790987294,,,SCHEDULED
2026-10-03T00:26:03.335883+00:00,1285558,030,281,29,0,1790987392,,,SCHEDULED
2026-10-03T00:26:03.335883+00:00,1284108,001,2807,34,0,1790987199,,,SCHEDULED
2026-10-03T00:26:03.335883+00:00,1286896,072,3787,13,0,1790987320,,,SCHEDULED
2026-10-03T00:26:03.335883+00:00,1286896,072,3788,14,0,1790987373,,,SCHEDULED
2026-10-03T00:26:03.335883+00:00,1286896,072,3789,15,0,1790987462,,,SCHEDULED
2026-10-03T00:26:03.335883+00:00,1286896,072,3790,16,0,1790987487,,,SCHEDULED
2026-10-03T00:26:03.335883+00:00,1286896,072,3791,17,0,1790987521,,,SCHEDULED
2026-10-03T00:26:03.335883+00:00,1286896,072,3785,18,0,1790987554,,,SCHEDULED
2026-10-03T00:26:03.335883+00:00,1286896,072,3792,19,0,1790987575,,,SCHEDULED
2026-10-03T00:26:03.335883+00:00,1286896,072,3793,20,0,1790987590,,,SCHEDULED
2026-10-03T00:26:03.335883+00:00,1286896,072,3794,21,0,1790987612,,,SCHEDULED
2026-10-03T00:26:03.335883+00:00,1286896,072,3795,22,0,1790987630,,,SCHEDULED
2026-10-03T00:26:03.335883+00:00,1286896,072,3796,23,0,1790987689,,,SCHEDULED
2026-10-03T00:26:03.335883+00:00,1286896,072,5250,24,0,1790987723,,,SCHEDULED
2026-10-03T00:26:03.335883+00:00,1286896,072,3798,25,0,1790987765,,,SCHEDULED
2026-10-03T00:26:03.335883+00:00,1286896,072,3799,26,0,1790987790,,,SCHEDULED
2026-10-03T00:26:03.335883+00:00,1286896,072,3800,27,0,1790987843,,,SCHEDULED
2026-10-03T00:26:03.335883+00:00,1286896,072,3801,28,0,1790987885,,,SCHEDULED
2026-10-03T00:26:03.335883+00:00,1286896,072,3802,29,0,1790987930,,,SCHEDULED
2026-10-03T00:26:03.335883+00:00,1286896,072,3852,30,0,1790988055,,,SCHEDULED
2026-10-03T00:26:03.335883+00:00,1286895,072,377,1,,,0,1790988212,SCHEDULED
2026-10-03T00:26:03.335883+00:00,1286895,072,2873,2,0,1790988393,,,SCHEDULED
2026-10-03T00:26:03.335883+00:00,1286895,072,2874,3,0,1790988447,,,SCHEDULED
2026-10-03T00:26:03.335883+00:00,1286895,072,2884,4,0,1790988525,,,SCHEDULED
2026-10-03T00:26:03.335883+00:00,1286895,072,2885,5,0,1790988618,,,SCHEDULED
2026-10-03T00:26:03.335883+00:00,1286895,072,2886,6,0,1790988662,,,SCHEDULED
2026-10-03T00:26:03.335883+00:00,1286895,072,2887,7,0,1790988694,,,SCHEDULED
2026-10-03T00:26:03.335883+00:00,1286895,072,2888,8,0,1790988756,,,SCHEDULED
2026-10-03T00:26:03.335883+00:00,1286895,072,2889,9,0,1790988831,,,SCHEDULED
2026-10-03T00:26:03.335883+00:00,1286895,072,2891,10,0,1790988886,,,SCHEDULED
2026-10-03T00:26:03.335883+00:00,1286895,072,2892,11,0,1790988906,,,SCHEDULED
2026-10-03T00:26:03.335883+00:00,1286895,072,3860,12,0,1790988919,,,SCHEDULED
2026-10-03T00:26:03.335883+00:00,1285326,025,241,1,,,0,1790988544,SCHEDULED
2026-10-03T00:26:03.335883+00:00,1285326,025,1255,2,0,1790988722,,,SCHEDULED
2026-10-03T00:26:03.335883+00:00,1285326,025,1263,3,0,1790988899,,,SCHEDULED
2026-10-03T00:26:03.335883+00:00,1285328,025,3615,30,0,1790987207,,,SCHEDULED
2026-10-03T00:26:03.335883+00:00,1285328,025,3616,31,0,1790987261,,,SCHEDULED
2026-10-03T00:26:03.335883+00:00,1285328,025,3617,32,0,1790987333,,,SCHEDULED
2026-10-03T00:26:03.335883+00:00,1285328,025,3618,33,0,1790987387,,,SCHEDULED
2026-10-03T00:26:03.335883+00:00,1285328,025,3619,34,0,1790987405,,,SCHEDULED
2026-10-03T00:26:03.335883+00:00,1285328,025,3620,35,0,1790987521,,,SCHEDULED
2026-10-03T00:26:03.335883+00:00,1285328,025,3621,36,0,1790987576,,,SCHEDULED
2026-10-03T00:26:03.335883+00:00,1285328,025,3622,37,0,1790987601,,,SCHEDULED
2026-10-03T00:26:03.335883+00:00,1285328,025,3623,38,0,1790987633,,,SCHEDULED
2026-10-03T00:26:03.335883+00:00,1285328,025,3624,39,0,1790987676,,,SCHEDULED
2026-10-03T00:26:03.335883+00:00,1285328,025,3625,40,0,1790987718,,,SCHEDULED
2026-10-03T00:26:03.335883+00:00,1285328,025,3626,41,0,1790987746,,,SCHEDULED
2026-10-03T00:26:03.335883+00:00,1285328,025,3627,42,0,1790987793,,,SCHEDULED
2026-10-03T00:26:03.335883+00:00,1285328,025,3628,43,0,1790987800,,,SCHEDULED
2026-10-03T00:26:03.335883+00:00,1285328,025,4603,44,0,1790987899,,,SCHEDULED
2026-10-03T00:26:03.335883+00:00,1285328,025,4604,45,0,1790987930,,,SCHEDULED
2026-10-03T00:26:03.335883+00:00,1285328,025,3371,46,0,1790988100,,,SCHEDULED
2026-10-03T00:26:03.335883+00:00,1285328,025,3372,47,0,1790988134,,,SCHEDULED
2026-10-03T00:26:03.335883+00:00,1285328,025,3373,48,0,1790988159,,,SCHEDULED
2026-10-03T00:26:03.335883+00:00,1285328,025,3374,49,0,1790988266,,,SCHEDULED
2026-10-03T00:26:03.335883+00:00,1285328,025,3375,50,0,1790988304,,,SCHEDULED
2026-10-03T00:26:03.335883+00:00,1285328,025,3376,51,0,1790988395,,,SCHEDULED
2026-10-03T00:26:03.335883+00:00,1285328,025,3377,52,0,1790988418,,,SCHEDULED
2026-10-03T00:26:03.335883+00:00,1285328,025,3378,53,0,1790988428,,,SCHEDULED
2026-10-03T00:26:03.335883+00:00,1285328,025,3379,54,0,1790988484,,,SCHEDULED
2026-10-03T00:26:03.335883+00:00,1285328,025,3380,55,0,1790988538,,,SCHEDULED
2026-10-03T00:26:03.335883+00:00,1285328,025,3381,56,0,1790988593,,,SCHEDULED
2026-10-03T00:26:03.335883+00:00,1285328,025,3382,57,0,1790988609,,,SCHEDULED
2026-10-03T00:26:03.335883+00:00,1285328,025,3383,58,0,1790988647,,,SCHEDULED
2026-10-03T00:26:03.335883+00:00,1285328,025,3389,59,0,1790988695,,,SCHEDULED
2026-10-03T00:26:03.335883+00:00,1288439,177,658,1,,,0,1790988055,SCHEDULED
2026-10-03T00:26:03.335883+00:00,1288439,177,832,2,0,1790988228,,,SCHEDULED
2026-10-03T00:26:03.335883+00:00,1288439,177,3845,3,0,1790988259,,,SCHEDULED
2026-10-03T00:26:03.335883+00:00,1288439,177,795,4,0,1790988376,,,SCHEDULED
2026-10-03T00:26:03.335883+00:00,1285327,025,1268,8,0,1790987200,,,SCHEDULED
2026-10-03T00:26:03.335883+00:00,1285327,025,1269,9,0,1790987278,,,SCHEDULED
2026-10-03T00:26:03.335883+00:00,1285327,025,1270,10,0,1790987307,,,SCHEDULED
2026-10-03T00:26:03.335883+00:00,1285327,025,1271,11,0,1790987335,,,SCHEDULED
2026-10-03T00:26:03.335883+00:00,1285327,025,1272,12,0,1790987461,,,SCHEDULED
2026-10-03T00:26:03.335883+00:00,1285327,025,1273,13,0,1790987499,,,SCHEDULED
2026-10-03T00:26:03.335883+00:00,1285327,025,1274,14,0,1790987537,,,SCHEDULED
2026-10-03T00:26:03.335883+00:00,1285327,025,1275,15,0,1790987620,,,SCHEDULED
2026-10-03T00:26:03.335883+00:00,1285327,025,1276,16,0,1790987667,,,SCHEDULED
2026-10-03T00:26:03.335883+00:00,1285327,025,1277,17,0,1790987688,,,SCHEDULED
2026-10-03T00:26:03.335883+00:00,1285327,025,1278,18,0,1790987751,,,SCHEDULED
2026-10-03T00:26:03.335883+00:00,1285327,025,1279,19,0,1790987805,,,SCHEDULED
2026-10-03T00:26:03.335883+00:00,1285327,025,1280,20,0,1790987910,,,SCHEDULED
2026-10-03T00:26:03.335883+00:00,1285327,025,1281,21,0,1790987959,,,SCHEDULED
2026-10-03T00:26:03.335883+00:00,1285327,025,1282,22,0,1790988017,,,SCHEDULED
2026-10-03T00:26:03.335883+00:00,1285327,025,1481,23,0,1790988119,,,SCHEDULED
2026-10-03T00:26:03.335883+00:00,1285327,025,1482,24,0,1790988173,,,SCHEDULED
2026-10-03T00:26:03.335883+00:00,1285327,025,1483,25,0,1790988214,,,SCHEDULED
2026-10-03T00:26:03.335883+00:00,1285327,025,1484,26,0,1790988279,,,SCHEDULED
2026-10-03T00:26:03.335883+00:00,1285327,025,1485,27,0,1790988350,,,SCHEDULED
2026-10-03T00:26:03.335883+00:00,1285327,025,1486,28,0,1790988387,,,SCHEDULED
2026-10-03T00:26:03.335883+00:00,1285327,025,3614,29,0,1790988437,,,SCHEDULED
2026-10-03T00:26:03.335883+00:00,1285327,025,3615,30,0,1790988541,,,SCHEDULED
2026-10-03T00:26:03.335883+00:00,1285327,025,3616,31,0,1790988595,,,SCHEDULED
2026-10-03T00:26:03.335883+00:00,1285327,025,3617,32,0,1790988667,,,SCHEDULED
2026-10-03T00:26:03.335883+00:00,1285327,025,3618,33,0,1790988721,,,SCHEDULED
2026-10-03T00:26:03.335883+00:00,1285327,025,3619,34,0,1790988739,,,SCHEDULED
2026-10-03T00:26:03.335883+00:00,1285327,025,3620,35,0,1790988855,,,SCHEDULED
2026-10-03T00:26:03.335883+00:00,1285965,051,668,1,,,0,1790988808,SCHEDULED
2026-10-03T00:26:03.335883+00:00,1285965,051,221,2,0,1790988877,,,SCHEDULED
2026-10-03T00:26:03.335883+00:00,1285965,051,222,3,0,1790988917,,,SCHEDULED
2026-10-03T00:26:03.335883+00:00,1286492,062,413,1,,,0,1790988180,SCHEDULED
2026-10-03T00:26:03.335883+00:00,1286492,062,414,2,0,1790988250,,,SCHEDULED
2026-10-03T00:26:03.335883+00:00,1286492,062,415,3,0,1790988283,,,SCHEDULED
2026-10-03T00:26:03.335883+00:00,1286492,062,416,4,0,1790988331,,,SCHEDULED
2026-10-03T00:26:03.335883+00:00,1286492,062,418,5,0,1790988371,,,SCHEDULED
2026-10-03T00:26:03.335883+00:00,1286492,062,4763,6,0,1790988449,,,SCHEDULED
2026-10-03T00:26:03.335883+00:00,1286492,062,1716,7,0,1790988519,,,SCHEDULED
2026-10-03T00:26:03.335883+00:00,1286492,062,2256,8,0,1790988603,,,SCHEDULED
2026-10-03T00:26:03.335883+00:00,1286492,062,2257,9,0,1790988694,,,SCHEDULED
2026-10-03T00:26:03.335883+00:00,1286492,062,2258,10,0,1790988713,,,SCHEDULED
2026-10-03T00:26:03.335883+00:00,1286492,062,2260,11,0,1790988793,,,SCHEDULED
2026-10-03T00:26:03.335883+00:00,1286492,062,2261,12,0,1790988833,,,SCHEDULED
2026-10-03T00:26:03.335883+00:00,1286492,062,2262,13,0,1790988862,,,SCHEDULED
2026-10-03T00:26:03.335883+00:00,1287183,081,2180,1,,,0,1790988326,SCHEDULED
2026-10-03T00:26:03.335883+00:00,1287183,081,2181,2,0,1790988343,,,SCHEDULED
2026-10-03T00:26:03.335883+00:00,1287183,081,2183,3,0,1790988396,,,SCHEDULED
2026-10-03T00:26:03.335883+00:00,1287183,081,2184,4,0,1790988434,,,SCHEDULED
2026-10-03T00:26:03.335883+00:00,1287183,081,2185,5,0,1790988511,,,SCHEDULED
2026-10-03T00:26:03.335883+00:00,1287183,081,2186,6,0,1790988666,,,SCHEDULED
2026-10-03T00:26:03.335883+00:00,1287183,081,2358,7,0,1790988856,,,SCHEDULED
2026-10-03T00:26:03.335883+00:00,1287183,081,2359,8,0,1790988918,,,SCHEDULED
2026-10-03T00:26:03.335883+00:00,1288394,175,1661,1,,,0,1790987700,SCHEDULED
2026-10-03T00:26:03.335883+00:00,1288394,175,1667,2,0,1790987880,,,SCHEDULED
2026-10-03T00:26:03.335883+00:00,1288394,175,957,3,0,1790988668,,,SCHEDULED
2026-10-03T00:26:03.335883+00:00,1288394,175,955,4,0,1790988743,,,SCHEDULED
2026-10-03T00:26:03.335883+00:00,1288394,175,953,5,0,1790988812,,,SCHEDULED
2026-10-03T00:26:03.335883+00:00,1288394,175,951,6,0,1790988895,,,SCHEDULED
2026-10-03T00:26:03.335883+00:00,1287184,081,2180,1,,,0,1790987426,SCHEDULED
2026-10-03T00:26:03.335883+00:00,1287184,081,2181,2,0,1790987438,,,SCHEDULED
2026-10-03T00:26:03.335883+00:00,1287184,081,2183,3,0,1790987484,,,SCHEDULED
2026-10-03T00:26:03.335883+00:00,1287184,081,2184,4,0,1790987515,,,SCHEDULED
2026-10-03T00:26:03.335883+00:00,1287184,081,2185,5,0,1790987579,,,SCHEDULED
2026-10-03T00:26:03.335883+00:00,1287184,081,2186,6,0,1790987723,,,SCHEDULED
2026-10-03T00:26:03.335883+00:00,1287184,081,2358,7,0,1790987896,,,SCHEDULED
2026-10-03T00:26:03.335883+00:00,1287184,081,2359,8,0,1790987946,,,SCHEDULED
2026-10-03T00:26:03.335883+00:00,1287184,081,2360,9,0,1790988019,,,SCHEDULED
2026-10-03T00:26:03.335883+00:00,1287184,081,2361,10,0,1790988059,,,SCHEDULED
2026-10-03T00:26:03.335883+00:00,1287184,081,2362,11,0,1790988077,,,SCHEDULED
2026-10-03T00:26:03.335883+00:00,1287184,081,2363,12,0,1790988158,,,SCHEDULED
2026-10-03T00:26:03.335883+00:00,1287184,081,2364,13,0,1790988198,,,SCHEDULED
2026-10-03T00:26:03.335883+00:00,1287184,081,2365,14,0,1790988279,,,SCHEDULED
2026-10-03T00:26:03.335883+00:00,1287184,081,2366,15,0,1790988328,,,SCHEDULED
2026-10-03T00:26:03.335883+00:00,1287184,081,2367,16,0,1790988331,,,SCHEDULED
2026-10-03T00:26:03.335883+00:00,1287184,081,5203,17,0,1790988485,,,SCHEDULED
2026-10-03T00:26:03.335883+00:00,1287184,081,2368,18,0,1790988652,,,SCHEDULED
2026-10-03T00:26:03.335883+00:00,1287184,081,2370,19,0,1790988734,,,SCHEDULED
2026-10-03T00:26:03.335883+00:00,1287184,081,2371,20,0,1790988792,,,SCHEDULED
2026-10-03T00:26:03.335883+00:00,1287184,081,2372,21,0,1790988882,,,SCHEDULED
2026-10-03T00:26:03.335883+00:00,1287184,081,2373,22,0,1790988934,,,SCHEDULED
2026-10-03T00:26:03.335883+00:00,1285450,026,316,1,,,0,1790988556,SCHEDULED
2026-10-03T00:26:03.335883+00:00,1285450,026,8959,2,0,1790988712,,,SCHEDULED
2026-10-03T00:26:03.335883+00:00,1285450,026,2989,3,0,1790988831,,,SCHEDULED
2026-10-03T00:26:03.335883+00:00,1285296,025,1241,45,0,1790987169,,,SCHEDULED
2026-10-03T00:26:03.335883+00:00,1285296,025,1242,46,0,1790987221,,,SCHEDULED
2026-10-03T00:26:03.335883+00:00,1285296,025,1243,47,0,1790987278,,,SCHEDULED
2026-10-03T00:26:03.335883+00:00,1285296,025,1244,48,0,1790987334,,,SCHEDULED
2026-10-03T00:26:03.335883+00:00,1285296,025,1245,49,0,1790987366,,,SCHEDULED
2026-10-03T00:26:03.335883+00:00,1285296,025,1246,50,0,1790987397,,,SCHEDULED
2026-10-03T00:26:03.335883+00:00,1285296,025,1247,51,0,1790987498,,,SCHEDULED
2026-10-03T00:26:03.335883+00:00,1285296,025,1248,52,0,1790987602,,,SCHEDULED
2026-10-03T00:26:03.335883+00:00,1285296,025,1249,53,0,1790987662,,,SCHEDULED
2026-10-03T00:26:03.335883+00:00,1285296,025,1250,54,0,1790987705,,,SCHEDULED
2026-10-03T00:26:03.335883+00:00,1285296,025,1251,55,0,1790987843,,,SCHEDULED
2026-10-03T00:26:03.335883+00:00,1285296,025,1252,56,0,1790987917,,,SCHEDULED
2026-10-03T00:26:03.335883+00:00,1285296,025,1253,57,0,1790987979,,,SCHEDULED
2026-10-03T00:26:03.335883+00:00,1285296,025,1254,58,0,1790988060,,,SCHEDULED
2026-10-03T00:26:03.335883+00:00,1285296,025,1262,59,0,1790988199,,,SCHEDULED
2026-10-03T00:26:03.335883+00:00,1287234,081,290,1,,,0,1790988458,SCHEDULED
2026-10-03T00:26:03.335883+00:00,1287234,081,1600,2,0,1790988553,,,SCHEDULED
2026-10-03T00:26:03.335883+00:00,1287234,081,1602,3,0,1790988677,,,SCHEDULED
2026-10-03T00:26:03.335883+00:00,1287234,081,1603,4,0,1790988698,,,SCHEDULED
2026-10-03T00:26:03.335883+00:00,1287234,081,1604,5,0,1790988754,,,SCHEDULED
2026-10-03T00:26:03.335883+00:00,1287234,081,1605,6,0,1790988802,,,SCHEDULED
2026-10-03T00:26:03.335883+00:00,1287234,081,1606,7,0,1790988849,,,SCHEDULED
2026-10-03T00:26:03.335883+00:00,1287234,081,1607,8,0,1790988943,,,SCHEDULED
2026-10-03T00:26:03.335883+00:00,1285295,025,3592,22,0,1790987163,,,SCHEDULED
2026-10-03T00:26:03.335883+00:00,1285295,025,3593,23,0,1790987223,,,SCHEDULED
2026-10-03T00:26:03.335883+00:00,1285295,025,3594,24,0,1790987276,,,SCHEDULED
2026-10-03T00:26:03.335883+00:00,1285295,025,3595,25,0,1790987325,,,SCHEDULED
2026-10-03T00:26:03.335883+00:00,1285295,025,3596,26,0,1790987396,,,SCHEDULED
2026-10-03T00:26:03.335883+00:00,1285295,025,3597,27,0,1790987460,,,SCHEDULED
2026-10-03T00:26:03.335883+00:00,1285295,025,3598,28,0,1790987519,,,SCHEDULED
2026-10-03T00:26:03.335883+00:00,1285295,025,3599,29,0,1790987557,,,SCHEDULED
2026-10-03T00:26:03.335883+00:00,1285295,025,3600,30,0,1790987614,,,SCHEDULED
2026-10-03T00:26:03.335883+00:00,1285295,025,3601,31,0,1790987644,,,SCHEDULED
2026-10-03T00:26:03.335883+00:00,1285295,025,3602,32,0,1790987711,,,SCHEDULED
2026-10-03T00:26:03.335883+00:00,1285295,025,3603,33,0,1790987758,,,SCHEDULED
2026-10-03T00:26:03.335883+00:00,1285295,025,1356,34,0,1790987798,,,SCHEDULED
2026-10-03T00:26:03.335883+00:00,1285295,025,1357,35,0,1790987893,,,SCHEDULED
2026-10-03T00:26:03.335883+00:00,1285295,025,1358,36,0,1790987920,,,SCHEDULED
2026-10-03T00:26:03.335883+00:00,1285295,025,1359,37,0,1790987953,,,SCHEDULED
2026-10-03T00:26:03.335883+00:00,1285295,025,1360,38,0,1790988013,,,SCHEDULED
2026-10-03T00:26:03.335883+00:00,1285295,025,1361,39,0,1790988055,,,SCHEDULED
2026-10-03T00:26:03.335883+00:00,1285295,025,1236,40,0,1790988147,,,SCHEDULED
2026-10-03T00:26:03.335883+00:00,1285295,025,1237,41,0,1790988180,,,SCHEDULED
2026-10-03T00:26:03.335883+00:00,1285295,025,1238,42,0,1790988213,,,SCHEDULED
2026-10-03T00:26:03.335883+00:00,1285295,025,1239,43,0,1790988301,,,SCHEDULED
2026-10-03T00:26:03.335883+00:00,1285295,025,1240,44,0,1790988358,,,SCHEDULED
2026-10-03T00:26:03.335883+00:00,1285295,025,1241,45,0,1790988416,,,SCHEDULED
2026-10-03T00:26:03.335883+00:00,1285295,025,1242,46,0,1790988470,,,SCHEDULED
2026-10-03T00:26:03.335883+00:00,1285295,025,1243,47,0,1790988546,,,SCHEDULED
2026-10-03T00:26:03.335883+00:00,1285295,025,1244,48,0,1790988598,,,SCHEDULED
2026-10-03T00:26:03.335883+00:00,1285295,025,1245,49,0,1790988658,,,SCHEDULED
2026-10-03T00:26:03.335883+00:00,1285295,025,1246,50,0,1790988704,,,SCHEDULED
2026-10-03T00:26:03.335883+00:00,1285295,025,1247,51,0,1790988780,,,SCHEDULED
2026-10-03T00:26:03.335883+00:00,1285295,025,1248,52,0,1790988837,,,SCHEDULED
2026-10-03T00:26:03.335883+00:00,1285177,023,1096,2,0,1790987149,,,SCHEDULED
2026-10-03T00:26:03.335883+00:00,1285177,023,1098,3,0,1790987342,,,SCHEDULED
2026-10-03T00:26:03.335883+00:00,1285177,023,1099,4,0,1790987520,,,SCHEDULED
2026-10-03T00:26:03.335883+00:00,1285177,023,1090,5,0,1790987748,,,SCHEDULED
2026-10-03T00:26:03.335883+00:00,1285177,023,1091,6,0,1790987872,,,SCHEDULED
2026-10-03T00:26:03.335883+00:00,1285177,023,1092,7,0,1790987941,,,SCHEDULED
2026-10-03T00:26:03.335883+00:00,1285177,023,1093,8,0,1790987993,,,SCHEDULED
2026-10-03T00:26:03.335883+00:00,1285177,023,1094,9,0,1790988045,,,SCHEDULED
2026-10-03T00:26:03.335883+00:00,1285177,023,1455,10,0,1790988135,,,SCHEDULED
2026-10-03T00:26:03.335883+00:00,1285177,023,1456,11,0,1790988218,,,SCHEDULED
2026-10-03T00:26:03.335883+00:00,1285177,023,1457,12,0,1790988294,,,SCHEDULED
2026-10-03T00:26:03.335883+00:00,1285177,023,1458,13,0,1790988360,,,SCHEDULED
2026-10-03T00:26:03.335883+00:00,1285177,023,1460,14,0,1790988445,,,SCHEDULED
2026-10-03T00:26:03.335883+00:00,1285177,023,1461,15,0,1790988500,,,SCHEDULED
2026-10-03T00:26:03.335883+00:00,1285177,023,1462,16,0,1790988537,,,SCHEDULED
2026-10-03T00:26:03.335883+00:00,1285177,023,1463,17,0,1790988615,,,SCHEDULED
2026-10-03T00:26:03.335883+00:00,1285177,023,1464,18,0,1790988660,,,SCHEDULED
2026-10-03T00:26:03.335883+00:00,1285177,023,1465,19,0,1790988697,,,SCHEDULED
2026-10-03T00:26:03.335883+00:00,1285177,023,1466,20,0,1790988725,,,SCHEDULED
2026-10-03T00:26:03.335883+00:00,1285177,023,1467,21,0,1790988762,,,SCHEDULED
2026-10-03T00:26:03.335883+00:00,1285177,023,1468,22,0,1790988795,,,SCHEDULED
2026-10-03T00:26:03.335883+00:00,1285177,023,1469,23,0,1790988840,,,SCHEDULED
2026-10-03T00:26:03.335883+00:00,1285177,023,1470,24,0,1790988877,,,SCHEDULED
2026-10-03T00:26:03.335883+00:00,1288288,142,413,3,0,1790987444,,,SCHEDULED
2026-10-03T00:26:03.335883+00:00,1288288,142,414,4,0,1790987495,,,SCHEDULED
2026-10-03T00:26:03.335883+00:00,1288288,142,415,5,0,1790987544,,,SCHEDULED
2026-10-03T00:26:03.335883+00:00,1288288,142,416,6,0,1790987587,,,SCHEDULED
2026-10-03T00:26:03.335883+00:00,1288288,142,418,7,0,1790987630,,,SCHEDULED
2026-10-03T00:26:03.335883+00:00,1288288,142,4763,8,0,1790987702,,,SCHEDULED
2026-10-03T00:26:03.335883+00:00,1288288,142,113,9,0,1790987748,,,SCHEDULED
2026-10-03T00:26:03.335883+00:00,1285452,026,1562,21,0,1790987185,,,SCHEDULED
2026-10-03T00:26:03.335883+00:00,1285452,026,1564,22,0,1790987240,,,SCHEDULED
2026-10-03T00:26:03.335883+00:00,1285452,026,1565,23,0,1790987264,,,SCHEDULED
2026-10-03T00:26:03.335883+00:00,1285452,026,1566,24,0,1790987315,,,SCHEDULED
2026-10-03T00:26:03.335883+00:00,1285452,026,1596,25,0,1790987371,,,SCHEDULED
2026-10-03T00:26:03.335883+00:00,1285452,026,1597,26,0,1790987425,,,SCHEDULED
2026-10-03T00:26:03.335883+00:00,1285452,026,1598,27,0,1790987472,,,SCHEDULED
2026-10-03T00:26:03.335883+00:00,1285452,026,3097,28,0,1790987605,,,SCHEDULED
2026-10-03T00:26:03.335883+00:00,1285452,026,3098,29,0,1790987712,,,SCHEDULED
2026-10-03T00:26:03.335883+00:00,1285452,026,9800,30,0,1790987800,,,SCHEDULED
2026-10-03T00:26:03.335883+00:00,1285452,026,3099,31,0,1790987937,,,SCHEDULED
2026-10-03T00:26:03.335883+00:00,1285452,026,3100,32,0,1790987994,,,SCHEDULED
2026-10-03T00:26:03.335883+00:00,1285452,026,3101,33,0,1790988030,,,SCHEDULED
2026-10-03T00:26:03.335883+00:00,1285452,026,3102,34,0,1790988050,,,SCHEDULED
2026-10-03T00:26:03.335883+00:00,1285452,026,5366,35,0,1790988413,,,SCHEDULED
2026-10-03T00:26:03.335883+00:00,1285452,026,1283,36,0,1790988551,,,SCHEDULED
2026-10-03T00:26:03.335883+00:00,1285452,026,650,37,0,1790988665,,,SCHEDULED
2026-10-03T00:26:03.335883+00:00,1285452,026,3107,38,0,1790988701,,,SCHEDULED
2026-10-03T00:26:03.335883+00:00,1285452,026,3108,39,0,1790988725,,,SCHEDULED
2026-10-03T00:26:03.335883+00:00,1285452,026,3109,40,0,1790988763,,,SCHEDULED
2026-10-03T00:26:03.335883+00:00,1285452,026,3110,41,0,1790988861,,,SCHEDULED
2026-10-03T00:26:03.335883+00:00,1285452,026,3112,42,0,1790988899,,,SCHEDULED
2026-10-03T00:26:03.335883+00:00,1285452,026,3113,43,0,1790988912,,,SCHEDULED
2026-10-03T00:26:03.335883+00:00,1285056,021,2774,6,0,1790987180,,,SCHEDULED
2026-10-03T00:26:03.335883+00:00,1285056,021,2775,7,0,1790987208,,,SCHEDULED
2026-10-03T00:26:03.335883+00:00,1285056,021,2776,8,0,1790987295,,,SCHEDULED
2026-10-03T00:26:03.335883+00:00,1285056,021,2777,9,0,1790987317,,,SCHEDULED
2026-10-03T00:26:03.335883+00:00,1285056,021,2778,10,0,1790987356,,,SCHEDULED
2026-10-03T00:26:03.335883+00:00,1285056,021,2779,11,0,1790987391,,,SCHEDULED
2026-10-03T00:26:03.335883+00:00,1285056,021,2780,12,0,1790987402,,,SCHEDULED
2026-10-03T00:26:03.335883+00:00,1285056,021,2781,13,0,1790987414,,,SCHEDULED
2026-10-03T00:26:03.335883+00:00,1285056,021,2782,14,0,1790987432,,,SCHEDULED
2026-10-03T00:26:03.335883+00:00,1285056,021,2783,15,0,1790987529,,,SCHEDULED
2026-10-03T00:26:03.335883+00:00,1285056,021,2784,16,0,1790987577,,,SCHEDULED
2026-10-03T00:26:03.335883+00:00,1285056,021,3027,17,0,1790987683,,,SCHEDULED
2026-10-03T00:26:03.335883+00:00,1285056,021,3028,18,0,1790987750,,,SCHEDULED
2026-10-03T00:26:03.335883+00:00,1285056,021,2795,19,0,1790987879,,,SCHEDULED
2026-10-03T00:26:03.335883+00:00,1285056,021,2796,20,0,1790987925,,,SCHEDULED
2026-10-03T00:26:03.335883+00:00,1285056,021,2797,21,0,1790988023,,,SCHEDULED
2026-10-03T00:26:03.335883+00:00,1285056,021,2798,22,0,1790988173,,,SCHEDULED
2026-10-03T00:26:03.335883+00:00,1285056,021,2799,23,0,1790988202,,,SCHEDULED
2026-10-03T00:26:03.335883+00:00,1285056,021,2800,24,0,1790988250,,,SCHEDULED
2026-10-03T00:26:03.335883+00:00,1285056,021,2801,25,0,1790988362,,,SCHEDULED
2026-10-03T00:26:03.335883+00:00,1285056,021,2802,26,0,1790988382,,,SCHEDULED
2026-10-03T00:26:03.335883+00:00,1285056,021,2803,27,0,1790988427,,,SCHEDULED
2026-10-03T00:26:03.335883+00:00,1285056,021,2804,28,0,1790988461,,,SCHEDULED
2026-10-03T00:26:03.335883+00:00,1285056,021,2805,29,0,1790988488,,,SCHEDULED
2026-10-03T00:26:03.335883+00:00,1285056,021,2806,30,0,1790988510,,,SCHEDULED
2026-10-03T00:26:03.335883+00:00,1285056,021,2807,31,0,1790988624,,,SCHEDULED
2026-10-03T00:26:03.335883+00:00,1285056,021,1184,32,0,1790988690,,,SCHEDULED
2026-10-03T00:26:03.335883+00:00,1284363,011,221,18,0,1790987438,,,SCHEDULED
2026-10-03T00:26:03.335883+00:00,1284363,011,222,19,0,1790987460,,,SCHEDULED
2026-10-03T00:26:03.335883+00:00,1284363,011,223,20,0,1790987487,,,SCHEDULED
2026-10-03T00:26:03.335883+00:00,1284363,011,225,21,0,1790987550,,,SCHEDULED
2026-10-03T00:26:03.335883+00:00,1284363,011,226,22,0,1790987580,,,SCHEDULED
2026-10-03T00:26:03.335883+00:00,1284363,011,455,23,0,1790987604,,,SCHEDULED
2026-10-03T00:26:03.335883+00:00,1284363,011,456,24,0,1790987646,,,SCHEDULED
2026-10-03T00:26:03.335883+00:00,1284363,011,3197,25,0,1790987713,,,SCHEDULED
2026-10-03T00:26:03.335883+00:00,1284363,011,3198,26,0,1790987776,,,SCHEDULED
2026-10-03T00:26:03.335883+00:00,1284363,011,3199,27,0,1790987814,,,SCHEDULED
2026-10-03T00:26:03.335883+00:00,1284363,011,1345,28,0,1790987909,,,SCHEDULED
2026-10-03T00:26:03.335883+00:00,1284363,011,128,29,0,1790988010,,,SCHEDULED
2026-10-03T00:26:03.335883+00:00,1284363,011,130,30,0,1790988060,,,SCHEDULED
2026-10-03T00:26:03.335883+00:00,1284363,011,131,31,0,1790988088,,,SCHEDULED
2026-10-03T00:26:03.335883+00:00,1284363,011,132,32,0,1790988116,,,SCHEDULED
2026-10-03T00:26:03.335883+00:00,1284363,011,133,33,0,1790988156,,,SCHEDULED
2026-10-03T00:26:03.335883+00:00,1284363,011,981,34,0,1790988266,,,SCHEDULED
2026-10-03T00:26:03.335883+00:00,1284363,011,983,35,0,1790988329,,,SCHEDULED
2026-10-03T00:26:03.335883+00:00,1284363,011,984,36,0,1790988360,,,SCHEDULED
2026-10-03T00:26:03.335883+00:00,1284363,011,985,37,0,1790988383,,,SCHEDULED
2026-10-03T00:26:03.335883+00:00,1284363,011,986,38,0,1790988420,,,SCHEDULED
2026-10-03T00:26:03.335883+00:00,1284363,011,987,39,0,1790988551,,,SCHEDULED
2026-10-03T00:26:03.335883+00:00,1284363,011,8315,40,0,1790988703,,,SCHEDULED
2026-10-03T00:26:03.335883+00:00,1284363,011,2234,41,0,1790988818,,,SCHEDULED
2026-10-03T00:26:03.335883+00:00,1285055,021,1184,32,0,1790987190,,,SCHEDULED
2026-10-03T00:26:03.335883+00:00,1285055,021,3301,33,0,1790987234,,,SCHEDULED
2026-10-03T00:26:03.335883+00:00,1285055,021,2807,34,0,1790987312,,,SCHEDULED
2026-10-03T00:26:03.335883+00:00,1285055,021,2808,35,0,1790987471,,,SCHEDULED
2026-10-03T00:26:03.335883+00:00,1285055,021,2809,36,0,1790987586,,,SCHEDULED
2026-10-03T00:26:03.335883+00:00,1285055,021,2810,37,0,1790987618,,,SCHEDULED
2026-10-03T00:26:03.335883+00:00,1285055,021,2811,38,0,1790987671,,,SCHEDULED
2026-10-03T00:26:03.335883+00:00,1285055,021,2812,39,0,1790987792,,,SCHEDULED
2026-10-03T00:26:03.335883+00:00,1285055,021,2813,40,0,1790987863,,,SCHEDULED
2026-10-03T00:26:03.335883+00:00,1285055,021,2814,41,0,1790987917,,,SCHEDULED
2026-10-03T00:26:03.335883+00:00,1285055,021,3385,42,0,1790987977,,,SCHEDULED
2026-10-03T00:26:03.335883+00:00,1285055,021,3386,43,0,1790988038,,,SCHEDULED
2026-10-03T00:26:03.335883+00:00,1285055,021,3387,44,0,1790988091,,,SCHEDULED
2026-10-03T00:26:03.335883+00:00,1285055,021,3388,45,0,1790988138,,,SCHEDULED
2026-10-03T00:26:03.335883+00:00,1285055,021,3389,46,0,1790988195,,,SCHEDULED
2026-10-03T00:26:03.335883+00:00,1285176,023,9807,1,,,0,1790988840,SCHEDULED
2026-10-03T00:26:03.335883+00:00,1285451,026,1545,4,0,1790987311,,,SCHEDULED
2026-10-03T00:26:03.335883+00:00,1285451,026,1546,5,0,1790987343,,,SCHEDULED
2026-10-03T00:26:03.335883+00:00,1285451,026,1547,6,0,1790987430,,,SCHEDULED
2026-10-03T00:26:03.335883+00:00,1285451,026,1548,7,0,1790987479,,,SCHEDULED
2026-10-03T00:26:03.335883+00:00,1285451,026,1549,8,0,1790987591,,,SCHEDULED
2026-10-03T00:26:03.335883+00:00,1285451,026,1550,9,0,1790987756,,,SCHEDULED
2026-10-03T00:26:03.335883+00:00,1285451,026,1551,10,0,1790987815,,,SCHEDULED
2026-10-03T00:26:03.335883+00:00,1285451,026,1552,11,0,1790987906,,,SCHEDULED
2026-10-03T00:26:03.335883+00:00,1285451,026,1553,12,0,1790987961,,,SCHEDULED
2026-10-03T00:26:03.335883+00:00,1285451,026,1554,13,0,1790988027,,,SCHEDULED
2026-10-03T00:26:03.335883+00:00,1285451,026,1555,14,0,1790988108,,,SCHEDULED
2026-10-03T00:26:03.335883+00:00,1285451,026,1556,15,0,1790988195,,,SCHEDULED
2026-10-03T00:26:03.335883+00:00,1285451,026,1557,16,0,1790988365,,,SCHEDULED
2026-10-03T00:26:03.335883+00:00,1285451,026,1558,17,0,1790988407,,,SCHEDULED
2026-10-03T00:26:03.335883+00:00,1285451,026,1559,18,0,1790988472,,,SCHEDULED
2026-10-03T00:26:03.335883+00:00,1285451,026,1560,19,0,1790988505,,,SCHEDULED
2026-10-03T00:26:03.335883+00:00,1285451,026,1561,20,0,1790988533,,,SCHEDULED
2026-10-03T00:26:03.335883+00:00,1285451,026,1562,21,0,1790988655,,,SCHEDULED
2026-10-03T00:26:03.335883+00:00,1285451,026,1564,22,0,1790988710,,,SCHEDULED
2026-10-03T00:26:03.335883+00:00,1285451,026,1565,23,0,1790988734,,,SCHEDULED
2026-10-03T00:26:03.335883+00:00,1285451,026,1566,24,0,1790988785,,,SCHEDULED
2026-10-03T00:26:03.335883+00:00,1285451,026,1596,25,0,1790988841,,,SCHEDULED
2026-10-03T00:26:03.335883+00:00,1285451,026,1597,26,0,1790988895,,,SCHEDULED
2026-10-03T00:26:03.335883+00:00,1285451,026,1598,27,0,1790988942,,,SCHEDULED
2026-10-03T00:26:03.335883+00:00,1284362,011,5345,1,,,0,1790987871,SCHEDULED
2026-10-03T00:26:03.335883+00:00,1284362,011,8909,2,0,1790988046,,,SCHEDULED
2026-10-03T00:26:03.335883+00:00,1284362,011,8911,3,0,1790988108,,,SCHEDULED
2026-10-03T00:26:03.335883+00:00,1284362,011,8910,4,0,1790988231,,,SCHEDULED
2026-10-03T00:26:03.335883+00:00,1284362,011,8912,5,0,1790988348,,,SCHEDULED
2026-10-03T00:26:03.335883+00:00,1284362,011,8913,6,0,1790988390,,,SCHEDULED
2026-10-03T00:26:03.335883+00:00,1284362,011,8914,7,0,1790988678,,,SCHEDULED
2026-10-03T00:26:03.335883+00:00,1284362,011,8915,8,0,1790988734,,,SCHEDULED
2026-10-03T00:26:03.335883+00:00,1284362,011,5329,9,0,1790988783,,,SCHEDULED
2026-10-03T00:26:03.335883+00:00,1284362,011,8917,10,0,1790988809,,,SCHEDULED
2026-10-03T00:26:03.335883+00:00,1284362,011,8918,11,0,1790988834,,,SCHEDULED
2026-10-03T00:26:03.335883+00:00,1284362,011,8919,12,0,1790988922,,,SCHEDULED
2026-10-03T00:26:03.335883+00:00,1285179,023,1502,53,0,1790987193,,,SCHEDULED
2026-10-03T00:26:03.335883+00:00,1285179,023,1503,54,0,1790987243,,,SCHEDULED
2026-10-03T00:26:03.335883+00:00,1285179,023,1504,55,0,1790987268,,,SCHEDULED
2026-10-03T00:26:03.335883+00:00,1285179,023,1505,56,0,1790987292,,,SCHEDULED
2026-10-03T00:26:03.335883+00:00,1285179,023,1314,57,0,1790987374,,,SCHEDULED
2026-10-03T00:26:03.335883+00:00,1285179,023,1315,58,0,1790987504,,,SCHEDULED
2026-10-03T00:26:03.335883+00:00,1285179,023,1316,59,0,1790987535,,,SCHEDULED
2026-10-03T00:26:03.335883+00:00,1285179,023,1317,60,0,1790987560,,,SCHEDULED
2026-10-03T00:26:03.335883+00:00,1285179,023,1318,61,0,1790987609,,,SCHEDULED
2026-10-03T00:26:03.335883+00:00,1285179,023,2807,62,0,1790987771,,,SCHEDULED
2026-10-03T00:26:03.335883+00:00,1285178,023,1464,18,0,1790987245,,,SCHEDULED
2026-10-03T00:26:03.335883+00:00,1285178,023,1465,19,0,1790987316,,,SCHEDULED
2026-10-03T00:26:03.335883+00:00,1285178,023,1466,20,0,1790987357,,,SCHEDULED
2026-10-03T00:26:03.335883+00:00,1285178,023,1467,21,0,1790987379,,,SCHEDULED
2026-10-03T00:26:03.335883+00:00,1285178,023,1468,22,0,1790987409,,,SCHEDULED
2026-10-03T00:26:03.335883+00:00,1285178,023,1469,23,0,1790987435,,,SCHEDULED
2026-10-03T00:26:03.335883+00:00,1285178,023,1470,24,0,1790987513,,,SCHEDULED
2026-10-03T00:26:03.335883+00:00,1285178,023,1471,25,0,1790987550,,,SCHEDULED
2026-10-03T00:26:03.335883+00:00,1285178,023,1473,26,0,1790987610,,,SCHEDULED
2026-10-03T00:26:03.335883+00:00,1285178,023,1474,27,0,1790987622,,,SCHEDULED
2026-10-03T00:26:03.335883+00:00,1285178,023,1475,28,0,1790987676,,,SCHEDULED
2026-10-03T00:26:03.335883+00:00,1285178,023,1476,29,0,1790987722,,,SCHEDULED
2026-10-03T00:26:03.335883+00:00,1285178,023,1477,30,0,1790987778,,,SCHEDULED
2026-10-03T00:26:03.335883+00:00,1285178,023,1478,31,0,1790987781,,,SCHEDULED
2026-10-03T00:26:03.335883+00:00,1285178,023,1181,32,0,1790987785,,,SCHEDULED
2026-10-03T00:26:03.335883+00:00,1285178,023,1182,33,0,1790987914,,,SCHEDULED
2026-10-03T00:26:03.335883+00:00,1285178,023,1481,34,0,1790988011,,,SCHEDULED
2026-10-03T00:26:03.335883+00:00,1285178,023,1482,35,0,1790988050,,,SCHEDULED
2026-10-03T00:26:03.335883+00:00,1285178,023,1483,36,0,1790988122,,,SCHEDULED
2026-10-03T00:26:03.335883+00:00,1285178,023,1484,37,0,1790988167,,,SCHEDULED
2026-10-03T00:26:03.335883+00:00,1285178,023,1485,38,0,1790988207,,,SCHEDULED
2026-10-03T00:26:03.335883+00:00,1285178,023,1486,39,0,1790988251,,,SCHEDULED
2026-10-03T00:26:03.335883+00:00,1285178,023,1488,40,0,1790988346,,,SCHEDULED
2026-10-03T00:26:03.335883+00:00,1285178,023,1489,41,0,1790988389,,,SCHEDULED
2026-10-03T00:26:03.335883+00:00,1285178,023,1490,42,0,1790988418,,,SCHEDULED
2026-10-03T00:26:03.335883+00:00,1285178,023,453,43,0,1790988451,,,SCHEDULED
2026-10-03T00:26:03.335883+00:00,1285178,023,1492,44,0,1790988474,,,SCHEDULED
2026-10-03T00:26:03.335883+00:00,1285178,023,1493,45,0,1790988533,,,SCHEDULED
2026-10-03T00:26:03.335883+00:00,1285178,023,1494,46,0,1790988547,,,SCHEDULED
2026-10-03T00:26:03.335883+00:00,1285178,023,1495,47,0,1790988773,,,SCHEDULED
2026-10-03T00:26:03.335883+00:00,1285178,023,5364,48,0,1790988801,,,SCHEDULED
2026-10-03T00:26:03.335883+00:00,1285178,023,1497,49,0,1790988852,,,SCHEDULED
2026-10-03T00:26:03.335883+00:00,1285057,021,319,1,,,0,1790988480,SCHEDULED
2026-10-03T00:26:03.335883+00:00,1285057,021,2770,2,0,1790988655,,,SCHEDULED
2026-10-03T00:26:03.335883+00:00,1285057,021,2771,3,0,1790988730,,,SCHEDULED
2026-10-03T00:26:03.335883+00:00,1285057,021,2772,4,0,1790988799,,,SCHEDULED
2026-10-03T00:26:03.335883+00:00,1285057,021,2773,5,0,1790988844,,,SCHEDULED
2026-10-03T00:26:03.335883+00:00,1284364,011,5247,15,0,1790987181,,,SCHEDULED
2026-10-03T00:26:03.335883+00:00,1284364,011,533,16,0,1790987262,,,SCHEDULED
2026-10-03T00:26:03.335883+00:00,1284364,011,534,17,0,1790987300,,,SCHEDULED
2026-10-03T00:26:03.335883+00:00,1284364,011,221,18,0,1790987594,,,SCHEDULED
2026-10-03T00:26:03.335883+00:00,1284364,011,222,19,0,1790987616,,,SCHEDULED
2026-10-03T00:26:03.335883+00:00,1284364,011,223,20,0,1790987643,,,SCHEDULED
2026-10-03T00:26:03.335883+00:00,1284364,011,225,21,0,1790987706,,,SCHEDULED
2026-10-03T00:26:03.335883+00:00,1284364,011,226,22,0,1790987736,,,SCHEDULED
2026-10-03T00:26:03.335883+00:00,1284364,011,455,23,0,1790987760,,,SCHEDULED
2026-10-03T00:26:03.335883+00:00,1284364,011,456,24,0,1790987802,,,SCHEDULED
2026-10-03T00:26:03.335883+00:00,1284364,011,3197,25,0,1790987869,,,SCHEDULED
2026-10-03T00:26:03.335883+00:00,1284364,011,3198,26,0,1790987932,,,SCHEDULED
2026-10-03T00:26:03.335883+00:00,1284364,011,3199,27,0,1790987970,,,SCHEDULED
2026-10-03T00:26:03.335883+00:00,1284364,011,1345,28,0,1790988065,,,SCHEDULED
2026-10-03T00:26:03.335883+00:00,1284364,011,128,29,0,1790988166,,,SCHEDULED
2026-10-03T00:26:03.335883+00:00,1284364,011,130,30,0,1790988216,,,SCHEDULED
2026-10-03T00:26:03.335883+00:00,1284364,011,131,31,0,1790988244,,,SCHEDULED
2026-10-03T00:26:03.335883+00:00,1284364,011,132,32,0,1790988272,,,SCHEDULED
2026-10-03T00:26:03.335883+00:00,1284364,011,133,33,0,1790988312,,,SCHEDULED
2026-10-03T00:26:03.335883+00:00,1284364,011,981,34,0,1790988422,,,SCHEDULED
2026-10-03T00:26:03.335883+00:00,1284364,011,983,35,0,1790988485,,,SCHEDULED
2026-10-03T00:26:03.335883+00:00,1284364,011,984,36,0,1790988516,,,SCHEDULED
2026-10-03T00:26:03.335883+00:00,1284364,011,985,37,0,1790988539,,,SCHEDULED
2026-10-03T00:26:03.335883+00:00,1284364,011,986,38,0,1790988576,,,SCHEDULED
2026-10-03T00:26:03.335883+00:00,1284364,011,987,39,0,1790988707,,,SCHEDULED
2026-10-03T00:26:03.335883+00:00,1284364,011,8315,40,0,1790988724,,,SCHEDULED
2026-10-03T00:26:03.335883+00:00,1284364,011,2234,41,0,1790988736,,,SCHEDULED
2026-10-03T00:26:03.335883+00:00,1284364,011,2502,42,0,1790988746,,,SCHEDULED
2026-10-03T00:26:03.335883+00:00,1284364,011,2503,43,0,1790988784,,,SCHEDULED
2026-10-03T00:26:03.335883+00:00,1287235,081,1604,5,0,1790987174,,,SCHEDULED
2026-10-03T00:26:03.335883+00:00,1287235,081,1605,6,0,1790987222,,,SCHEDULED
2026-10-03T00:26:03.335883+00:00,1287235,081,1606,7,0,1790987269,,,SCHEDULED
2026-10-03T00:26:03.335883+00:00,1287235,081,1607,8,0,1790987363,,,SCHEDULED
2026-10-03T00:26:03.335883+00:00,1287235,081,1608,9,0,1790987472,,,SCHEDULED
2026-10-03T00:26:03.335883+00:00,1287235,081,1609,10,0,1790987534,,,SCHEDULED
2026-10-03T00:26:03.335883+00:00,1287235,081,1610,11,0,1790987610,,,SCHEDULED
2026-10-03T00:26:03.335883+00:00,1287235,081,1611,12,0,1790987689,,,SCHEDULED
2026-10-03T00:26:03.335883+00:00,1287235,081,1612,13,0,1790987837,,,SCHEDULED
2026-10-03T00:26:03.335883+00:00,1287235,081,1613,14,0,1790987971,,,SCHEDULED
2026-10-03T00:26:03.335883+00:00,1287235,081,2311,15,0,1790988032,,,SCHEDULED
2026-10-03T00:26:03.335883+00:00,1287235,081,2312,16,0,1790988220,,,SCHEDULED
2026-10-03T00:26:03.335883+00:00,1287235,081,2313,17,0,1790988296,,,SCHEDULED
2026-10-03T00:26:03.335883+00:00,1287235,081,2314,18,0,1790988382,,,SCHEDULED
2026-10-03T00:26:03.335883+00:00,1287235,081,2315,19,0,1790988459,,,SCHEDULED
2026-10-03T00:26:03.335883+00:00,1287235,081,5203,20,0,1790988602,,,SCHEDULED
2026-10-03T00:26:03.335883+00:00,1287235,081,2317,21,0,1790988779,,,SCHEDULED
2026-10-03T00:26:03.335883+00:00,1287235,081,2318,22,0,1790988876,,,SCHEDULED
2026-10-03T00:26:03.335883+00:00,1287236,081,2319,23,0,1790987165,,,SCHEDULED
2026-10-03T00:26:03.335883+00:00,1287236,081,2320,24,0,1790987220,,,SCHEDULED
2026-10-03T00:26:03.335883+00:00,1287236,081,2321,25,0,1790987294,,,SCHEDULED
2026-10-03T00:26:03.335883+00:00,1287236,081,2322,26,0,1790987360,,,SCHEDULED
2026-10-03T00:26:03.335883+00:00,1287236,081,2323,27,0,1790987361,,,SCHEDULED
2026-10-03T00:26:03.335883+00:00,1287236,081,2324,28,0,1790987412,,,SCHEDULED
2026-10-03T00:26:03.335883+00:00,1287236,081,2325,29,0,1790987490,,,SCHEDULED
2026-10-03T00:26:03.335883+00:00,1287236,081,2326,30,0,1790987540,,,SCHEDULED
2026-10-03T00:26:03.335883+00:00,1287236,081,2328,31,0,1790987671,,,SCHEDULED
2026-10-03T00:26:03.335883+00:00,1287236,081,2329,32,0,1790987805,,,SCHEDULED
2026-10-03T00:26:03.335883+00:00,1287236,081,2330,33,0,1790987820,,,SCHEDULED
2026-10-03T00:26:03.335883+00:00,1287236,081,4811,34,0,1790987856,,,SCHEDULED
2026-10-03T00:26:03.335883+00:00,1287236,081,4810,35,0,1790987892,,,SCHEDULED
2026-10-03T00:26:03.335883+00:00,1287516,084,1674,20,0,1790987165,,,SCHEDULED
2026-10-03T00:26:03.335883+00:00,1287516,084,1675,21,0,1790987224,,,SCHEDULED
2026-10-03T00:26:03.335883+00:00,1287516,084,1677,22,0,1790987287,,,SCHEDULED
2026-10-03T00:26:03.335883+00:00,1287516,084,1127,23,0,1790987341,,,SCHEDULED
2026-10-03T00:26:03.335883+00:00,1287516,084,1128,24,0,1790987351,,,SCHEDULED
2026-10-03T00:26:03.335883+00:00,1287516,084,1129,25,0,1790987363,,,SCHEDULED
2026-10-03T00:26:03.335883+00:00,1287516,084,1130,26,0,1790987373,,,SCHEDULED
2026-10-03T00:26:03.335883+00:00,1287516,084,1131,27,0,1790987406,,,SCHEDULED
2026-10-03T00:26:03.335883+00:00,1287516,084,3089,28,0,1790987571,,,SCHEDULED
2026-10-03T00:26:03.335883+00:00,1287516,084,3090,29,0,1790987652,,,SCHEDULED
2026-10-03T00:26:03.335883+00:00,1287516,084,3091,30,0,1790987744,,,SCHEDULED
2026-10-03T00:26:03.335883+00:00,1287516,084,3092,31,0,1790987812,,,SCHEDULED
2026-10-03T00:26:03.335883+00:00,1287516,084,3093,32,0,1790987877,,,SCHEDULED
2026-10-03T00:26:03.335883+00:00,1287516,084,3094,33,0,1790987909,,,SCHEDULED
2026-10-03T00:26:03.335883+00:00,1287516,084,3095,34,0,1790988000,,,SCHEDULED
2026-10-03T00:26:03.335883+00:00,1287516,084,3096,35,0,1790988138,,,SCHEDULED
2026-10-03T00:26:03.335883+00:00,1287516,084,3097,36,0,1790988402,,,SCHEDULED
2026-10-03T00:26:03.335883+00:00,1287516,084,3098,37,0,1790988513,,,SCHEDULED
2026-10-03T00:26:03.335883+00:00,1287516,084,9800,38,0,1790988590,,,SCHEDULED
2026-10-03T00:26:03.335883+00:00,1287516,084,3099,39,0,1790988758,,,SCHEDULED
2026-10-03T00:26:03.335883+00:00,1287516,084,3100,40,0,1790988827,,,SCHEDULED
2026-10-03T00:26:03.335883+00:00,1287516,084,3101,41,0,1790988901,,,SCHEDULED
2026-10-03T00:26:03.335883+00:00,1287516,084,3102,42,0,1790988926,,,SCHEDULED
2026-10-03T00:26:03.335883+00:00,1287517,084,3770,51,0,1790987179,,,SCHEDULED
2026-10-03T00:26:03.335883+00:00,1287517,084,3771,52,0,1790987203,,,SCHEDULED
2026-10-03T00:26:03.335883+00:00,1287517,084,3772,53,0,1790987243,,,SCHEDULED
2026-10-03T00:26:03.335883+00:00,1287517,084,3773,54,0,1790987278,,,SCHEDULED
2026-10-03T00:26:03.335883+00:00,1287517,084,3774,55,0,1790987334,,,SCHEDULED
2026-10-03T00:26:03.335883+00:00,1287517,084,3775,56,0,1790987372,,,SCHEDULED
2026-10-03T00:26:03.335883+00:00,1287517,084,3776,57,0,1790987435,,,SCHEDULED
2026-10-03T00:26:03.335883+00:00,1287517,084,3777,58,0,1790987541,,,SCHEDULED
2026-10-03T00:26:03.335883+00:00,1287517,084,3778,59,0,1790987604,,,SCHEDULED
2026-10-03T00:26:03.335883+00:00,1287517,084,3780,60,0,1790987675,,,SCHEDULED
2026-10-03T00:26:03.335883+00:00,1287517,084,1688,61,0,1790987749,,,SCHEDULED
2026-10-03T00:26:03.335883+00:00,1287517,084,1687,62,0,1790987813,,,SCHEDULED
2026-10-03T00:26:03.335883+00:00,1287517,084,265,63,0,1790987908,,,SCHEDULED
2026-10-03T00:26:03.335883+00:00,1287517,084,4731,64,0,1790988012,,,SCHEDULED
2026-10-03T00:26:03.335883+00:00,1287517,084,1303,65,0,1790988046,,,SCHEDULED
2026-10-03T00:26:03.335883+00:00,1287517,084,1291,66,0,1790988058,,,SCHEDULED
2026-10-03T00:26:03.335883+00:00,1287517,084,3696,67,0,1790988072,,,SCHEDULED
2026-10-03T00:26:03.335883+00:00,1287515,084,9817,1,,,0,1790987267,SCHEDULED
2026-10-03T00:26:03.335883+00:00,1287515,084,2755,2,0,1790987403,,,SCHEDULED
2026-10-03T00:26:03.335883+00:00,1287515,084,2756,3,0,1790987471,,,SCHEDULED
2026-10-03T00:26:03.335883+00:00,1287515,084,2757,4,0,1790987473,,,SCHEDULED
2026-10-03T00:26:03.335883+00:00,1287515,084,2954,5,0,1790987664,,,SCHEDULED
2026-10-03T00:26:03.335883+00:00,1287515,084,2955,6,0,1790987729,,,SCHEDULED
2026-10-03T00:26:03.335883+00:00,1287515,084,2956,7,0,1790987771,,,SCHEDULED
2026-10-03T00:26:03.335883+00:00,1287515,084,2957,8,0,1790987787,,,SCHEDULED
2026-10-03T00:26:03.335883+00:00,1287515,084,2958,9,0,1790987826,,,SCHEDULED
2026-10-03T00:26:03.335883+00:00,1287515,084,2959,10,0,1790987857,,,SCHEDULED
2026-10-03T00:26:03.335883+00:00,1287515,084,2960,11,0,1790987882,,,SCHEDULED
2026-10-03T00:26:03.335883+00:00,1287515,084,2961,12,0,1790987913,,,SCHEDULED
2026-10-03T00:26:03.335883+00:00,1287515,084,2962,13,0,1790988233,,,SCHEDULED
2026-10-03T00:26:03.335883+00:00,1287515,084,2963,14,0,1790988240,,,SCHEDULED
2026-10-03T00:26:03.335883+00:00,1287515,084,2964,15,0,1790988247,,,SCHEDULED
2026-10-03T00:26:03.335883+00:00,1287515,084,2965,16,0,1790988396,,,SCHEDULED
2026-10-03T00:26:03.335883+00:00,1287515,084,2966,17,0,1790988456,,,SCHEDULED
2026-10-03T00:26:03.335883+00:00,1287515,084,1155,18,0,1790988603,,,SCHEDULED
2026-10-03T00:26:03.335883+00:00,1287515,084,1156,19,0,1790988692,,,SCHEDULED
2026-10-03T00:26:03.335883+00:00,1287515,084,1674,20,0,1790988704,,,SCHEDULED
2026-10-03T00:26:03.335883+00:00,1287515,084,1675,21,0,1790988755,,,SCHEDULED
2026-10-03T00:26:03.335883+00:00,1287515,084,1677,22,0,1790988807,,,SCHEDULED
2026-10-03T00:26:03.335883+00:00,1287515,084,1127,23,0,1790988861,,,SCHEDULED
2026-10-03T00:26:03.335883+00:00,1287515,084,1128,24,0,1790988871,,,SCHEDULED
2026-10-03T00:26:03.335883+00:00,1287515,084,1129,25,0,1790988883,,,SCHEDULED
2026-10-03T00:26:03.335883+00:00,1287515,084,1130,26,0,1790988893,,,SCHEDULED
2026-10-03T00:26:03.335883+00:00,1285734,033,536,1,,,0,1790988240,SCHEDULED
2026-10-03T00:26:03.335883+00:00,1285734,033,537,2,0,1790988397,,,SCHEDULED
2026-10-03T00:26:03.335883+00:00,1287071,078,2742,5,0,1790987166,,,SCHEDULED
2026-10-03T00:26:03.335883+00:00,1287071,078,2743,6,0,1790987170,,,SCHEDULED
2026-10-03T00:26:03.335883+00:00,1287071,078,2744,7,0,1790987294,,,SCHEDULED
2026-10-03T00:26:03.335883+00:00,1287071,078,2745,8,0,1790987338,,,SCHEDULED
2026-10-03T00:26:03.335883+00:00,1287070,078,336,1,,,0,1790988602,SCHEDULED
2026-10-03T00:26:03.335883+00:00,1287070,078,2739,2,0,1790988789,,,SCHEDULED
2026-10-03T00:26:03.335883+00:00,1287070,078,2740,3,0,1790988807,,,SCHEDULED
2026-10-03T00:26:03.335883+00:00,1287070,078,2741,4,0,1790988883,,,SCHEDULED
2026-10-03T00:26:03.335883+00:00,1287070,078,2742,5,0,1790988905,,,SCHEDULED
2026-10-03T00:26:03.335883+00:00,1287070,078,2743,6,0,1790988909,,,SCHEDULED
2026-10-03T00:26:03.335883+00:00,1288440,177,832,2,0,1790987174,,,SCHEDULED
2026-10-03T00:26:03.335883+00:00,1288440,177,3845,3,0,1790987201,,,SCHEDULED
2026-10-03T00:26:03.335883+00:00,1288440,177,795,4,0,1790987289,,,SCHEDULED
2026-10-03T00:26:03.335883+00:00,1285294,025,1057,1,,,0,1790987972,SCHEDULED
2026-10-03T00:26:03.335883+00:00,1285294,025,3332,2,0,1790987993,,,SCHEDULED
2026-10-03T00:26:03.335883+00:00,1285294,025,3333,3,0,1790988064,,,SCHEDULED
2026-10-03T00:26:03.335883+00:00,1285294,025,3334,4,0,1790988106,,,SCHEDULED
2026-10-03T00:26:03.335883+00:00,1285294,025,3335,5,0,1790988134,,,SCHEDULED
2026-10-03T00:26:03.335883+00:00,1285294,025,3336,6,0,1790988231,,,SCHEDULED
2026-10-03T00:26:03.335883+00:00,1285294,025,3337,7,0,1790988269,,,SCHEDULED
2026-10-03T00:26:03.335883+00:00,1285294,025,3338,8,0,1790988300,,,SCHEDULED
2026-10-03T00:26:03.335883+00:00,1285294,025,3339,9,0,1790988314,,,SCHEDULED
2026-10-03T00:26:03.335883+00:00,1285294,025,753,10,0,1790988355,,,SCHEDULED
2026-10-03T00:26:03.335883+00:00,1285294,025,3340,11,0,1790988399,,,SCHEDULED
2026-10-03T00:26:03.335883+00:00,1285294,025,3341,12,0,1790988444,,,SCHEDULED
2026-10-03T00:26:03.335883+00:00,1285294,025,3342,13,0,1790988498,,,SCHEDULED
2026-10-03T00:26:03.335883+00:00,1285294,025,3343,14,0,1790988519,,,SCHEDULED
2026-10-03T00:26:03.335883+00:00,1285294,025,4660,15,0,1790988627,,,SCHEDULED
2026-10-03T00:26:03.335883+00:00,1285294,025,5265,16,0,1790988666,,,SCHEDULED
2026-10-03T00:26:03.335883+00:00,1285294,025,4661,17,0,1790988747,,,SCHEDULED
2026-10-03T00:26:03.335883+00:00,1285294,025,4662,18,0,1790988808,,,SCHEDULED
2026-10-03T00:26:03.335883+00:00,1285294,025,3589,19,0,1790988865,,,SCHEDULED
2026-10-03T00:26:03.335883+00:00,1285294,025,3590,20,0,1790988902,,,SCHEDULED
2026-10-03T00:26:03.335883+00:00,1288212,124,3282,34,0,1790987073,,,SCHEDULED
2026-10-03T00:26:03.335883+00:00,1288212,124,3283,35,0,1790987129,,,SCHEDULED
2026-10-03T00:26:03.335883+00:00,1288212,124,3285,36,0,1790987199,,,SCHEDULED
2026-10-03T00:26:03.335883+00:00,1288212,124,3286,37,0,1790987290,,,SCHEDULED
2026-10-03T00:26:03.335883+00:00,1288212,124,3287,38,0,1790987465,,,SCHEDULED
2026-10-03T00:26:03.335883+00:00,1285581,030,282,1,,,0,1790988023,SCHEDULED
2026-10-03T00:26:03.335883+00:00,1285581,030,414,2,0,1790988257,,,SCHEDULED
2026-10-03T00:26:03.335883+00:00,1285581,030,415,3,0,1790988329,,,SCHEDULED
2026-10-03T00:26:03.335883+00:00,1285581,030,416,4,0,1790988394,,,SCHEDULED
2026-10-03T00:26:03.335883+00:00,1285581,030,418,5,0,1790988463,,,SCHEDULED
2026-10-03T00:26:03.335883+00:00,1285581,030,4763,6,0,1790988548,,,SCHEDULED
2026-10-03T00:26:03.335883+00:00,1285581,030,1716,7,0,1790988617,,,SCHEDULED
2026-10-03T00:26:03.335883+00:00,1285581,030,1717,8,0,1790988660,,,SCHEDULED
2026-10-03T00:26:03.335883+00:00,1285581,030,1718,9,0,1790988696,,,SCHEDULED
2026-10-03T00:26:03.335883+00:00,1285581,030,1720,10,0,1790988775,,,SCHEDULED
2026-10-03T00:26:03.335883+00:00,1285581,030,1721,11,0,1790988838,,,SCHEDULED
2026-10-03T00:26:03.335883+00:00,1285581,030,1722,12,0,1790988897,,,SCHEDULED
2026-10-03T00:26:03.335883+00:00,1285581,030,1723,13,0,1790988925,,,SCHEDULED
2026-10-03T00:26:03.335883+00:00,1288056,093,1069,1,,,0,1790987400,SCHEDULED
2026-10-03T00:26:03.335883+00:00,1288056,093,3332,2,0,1790987474,,,SCHEDULED
2026-10-03T00:26:03.335883+00:00,1288056,093,3333,3,0,1790987545,,,SCHEDULED
2026-10-03T00:26:03.335883+00:00,1288056,093,3334,4,0,1790987604,,,SCHEDULED
2026-10-03T00:26:03.335883+00:00,1288056,093,3335,5,0,1790987658,,,SCHEDULED
2026-10-03T00:26:03.335883+00:00,1288056,093,4655,6,0,1790987685,,,SCHEDULED
2026-10-03T00:26:03.335883+00:00,1288056,093,875,7,0,1790987747,,,SCHEDULED
2026-10-03T00:26:03.335883+00:00,1288056,093,5369,8,0,1790987828,,,SCHEDULED
2026-10-03T00:26:03.335883+00:00,1288056,093,4720,9,0,1790987934,,,SCHEDULED
2026-10-03T00:26:03.335883+00:00,1288056,093,4721,10,0,1790987988,,,SCHEDULED
2026-10-03T00:26:03.335883+00:00,1288056,093,4743,11,0,1790988060,,,SCHEDULED
2026-10-03T00:26:03.335883+00:00,1288056,093,1576,12,0,1790988154,,,SCHEDULED
2026-10-03T00:26:03.335883+00:00,1288056,093,3555,13,0,1790988389,,,SCHEDULED
2026-10-03T00:26:03.335883+00:00,1288056,093,3556,14,0,1790988430,,,SCHEDULED
2026-10-03T00:26:03.335883+00:00,1288056,093,3557,15,0,1790988480,,,SCHEDULED
2026-10-03T00:26:03.335883+00:00,1288056,093,3540,16,0,1790988540,,,SCHEDULED
2026-10-03T00:26:03.335883+00:00,1288056,093,3541,17,0,1790988577,,,SCHEDULED
2026-10-03T00:26:03.335883+00:00,1288056,093,3542,18,0,1790988601,,,SCHEDULED
2026-10-03T00:26:03.335883+00:00,1288056,093,3543,19,0,1790988636,,,SCHEDULED
2026-10-03T00:26:03.335883+00:00,1288056,093,3544,20,0,1790988672,,,SCHEDULED
2026-10-03T00:26:03.335883+00:00,1288056,093,3545,21,0,1790988714,,,SCHEDULED
2026-10-03T00:26:03.335883+00:00,1288056,093,3547,22,0,1790988804,,,SCHEDULED
2026-10-03T00:26:03.335883+00:00,1288056,093,3548,23,0,1790988855,,,SCHEDULED
2026-10-03T00:26:03.335883+00:00,1288056,093,3549,24,0,1790988893,,,SCHEDULED
2026-10-03T00:26:03.335883+00:00,1288211,124,5289,11,0,1790987026,,,SCHEDULED
2026-10-03T00:26:03.335883+00:00,1288211,124,5285,12,0,1790987098,,,SCHEDULED
2026-10-03T00:26:03.335883+00:00,1288211,124,3026,13,0,1790987674,,,SCHEDULED
2026-10-03T00:26:03.335883+00:00,1288211,124,3027,14,0,1790987734,,,SCHEDULED
2026-10-03T00:26:03.335883+00:00,1288211,124,3028,15,0,1790987825,,,SCHEDULED
2026-10-03T00:26:03.335883+00:00,1288211,124,2798,16,0,1790988139,,,SCHEDULED
2026-10-03T00:26:03.335883+00:00,1288211,124,2799,17,0,1790988157,,,SCHEDULED
2026-10-03T00:26:03.335883+00:00,1288211,124,2800,18,0,1790988201,,,SCHEDULED
2026-10-03T00:26:03.335883+00:00,1288211,124,3273,19,0,1790988253,,,SCHEDULED
2026-10-03T00:26:03.335883+00:00,1288211,124,3040,20,0,1790988358,,,SCHEDULED
2026-10-03T00:26:03.335883+00:00,1288211,124,4775,21,0,1790988401,,,SCHEDULED
2026-10-03T00:26:03.335883+00:00,1288211,124,3042,22,0,1790988434,,,SCHEDULED
2026-10-03T00:26:03.335883+00:00,1288211,124,3043,23,0,1790988491,,,SCHEDULED
2026-10-03T00:26:03.335883+00:00,1288211,124,627,24,0,1790988564,,,SCHEDULED
2026-10-03T00:26:03.335883+00:00,1288211,124,1322,25,0,1790988616,,,SCHEDULED
2026-10-03T00:26:03.335883+00:00,1288211,124,1323,26,0,1790988637,,,SCHEDULED
2026-10-03T00:26:03.335883+00:00,1288211,124,1324,27,0,1790988661,,,SCHEDULED
2026-10-03T00:26:03.335883+00:00,1288211,124,1325,28,0,1790988673,,,SCHEDULED
2026-10-03T00:26:03.335883+00:00,1288211,124,1326,29,0,1790988720,,,SCHEDULED
2026-10-03T00:26:03.335883+00:00,1288211,124,1327,30,0,1790988755,,,SCHEDULED
2026-10-03T00:26:03.335883+00:00,1288211,124,3456,31,0,1790988820,,,SCHEDULED
2026-10-03T00:26:03.335883+00:00,1288211,124,5359,32,0,1790988877,,,SCHEDULED
2026-10-03T00:26:03.335883+00:00,1288210,124,9921,1,,,0,1790988180,SCHEDULED
2026-10-03T00:26:03.335883+00:00,1288210,124,4064,2,0,1790988429,,,SCHEDULED
2026-10-03T00:26:03.335883+00:00,1288210,124,4065,3,0,1790988498,,,SCHEDULED
2026-10-03T00:26:03.335883+00:00,1288210,124,837,4,0,1790988530,,,SCHEDULED
2026-10-03T00:26:03.335883+00:00,1288210,124,3811,5,0,1790988600,,,SCHEDULED
2026-10-03T00:26:03.335883+00:00,1288210,124,3812,6,0,1790988641,,,SCHEDULED
2026-10-03T00:26:03.335883+00:00,1288210,124,3813,7,0,1790988665,,,SCHEDULED
2026-10-03T00:26:03.335883+00:00,1288210,124,4068,8,0,1790988718,,,SCHEDULED
2026-10-03T00:26:03.335883+00:00,1288210,124,953,9,0,1790988789,,,SCHEDULED
2026-10-03T00:26:03.335883+00:00,1288057,093,3555,13,0,1790987159,,,SCHEDULED
2026-10-03T00:26:03.335883+00:00,1288057,093,3556,14,0,1790987197,,,SCHEDULED
2026-10-03T00:26:03.335883+00:00,1288057,093,3557,15,0,1790987232,,,SCHEDULED
2026-10-03T00:26:03.335883+00:00,1288057,093,3540,16,0,1790987369,,,SCHEDULED
2026-10-03T00:26:03.335883+00:00,1288057,093,3541,17,0,1790987412,,,SCHEDULED
2026-10-03T00:26:03.335883+00:00,1288057,093,3542,18,0,1790987442,,,SCHEDULED
2026-10-03T00:26:03.335883+00:00,1288057,093,3543,19,0,1790987467,,,SCHEDULED
2026-10-03T00:26:03.335883+00:00,1288057,093,3544,20,0,1790987525,,,SCHEDULED
2026-10-03T00:26:03.335883+00:00,1288057,093,3545,21,0,1790987563,,,SCHEDULED
2026-10-03T00:26:03.335883+00:00,1288057,093,3547,22,0,1790987633,,,SCHEDULED
2026-10-03T00:26:03.335883+00:00,1288057,093,3548,23,0,1790987704,,,SCHEDULED
2026-10-03T00:26:03.335883+00:00,1288057,093,3549,24,0,1790987749,,,SCHEDULED
2026-10-03T00:26:03.335883+00:00,1288057,093,3550,25,0,1790987819,,,SCHEDULED
2026-10-03T00:26:03.335883+00:00,1288057,093,3551,26,0,1790987867,,,SCHEDULED
2026-10-03T00:26:03.335883+00:00,1288057,093,3552,27,0,1790987899,,,SCHEDULED
2026-10-03T00:26:03.335883+00:00,1288057,093,3508,28,0,1790987934,,,SCHEDULED
2026-10-03T00:26:03.335883+00:00,1288057,093,3509,29,0,1790988013,,,SCHEDULED
2026-10-03T00:26:03.335883+00:00,1288057,093,3510,30,0,1790988054,,,SCHEDULED
2026-10-03T00:26:03.335883+00:00,1288057,093,3069,31,0,1790988218,,,SCHEDULED
2026-10-03T00:26:03.335883+00:00,1288057,093,3049,32,0,1790988320,,,SCHEDULED
2026-10-03T00:26:03.335883+00:00,1288057,093,3070,33,0,1790988372,,,SCHEDULED
2026-10-03T00:26:03.335883+00:00,1288057,093,3071,34,0,1790988457,,,SCHEDULED
2026-10-03T00:26:03.335883+00:00,1288057,093,3072,35,0,1790988547,,,SCHEDULED
2026-10-03T00:26:03.335883+00:00,1288217,129,1099,10,0,1790987742,,,SCHEDULED
2026-10-03T00:26:03.335883+00:00,1288217,129,1100,11,0,1790988017,,,SCHEDULED
2026-10-03T00:26:03.335883+00:00,1288217,129,1101,12,0,1790988119,,,SCHEDULED
2026-10-03T00:26:03.335883+00:00,1288217,129,1102,13,0,1790988202,,,SCHEDULED
2026-10-03T00:26:03.335883+00:00,1288217,129,1103,14,0,1790988282,,,SCHEDULED
2026-10-03T00:26:03.335883+00:00,1288217,129,1104,15,0,1790988345,,,SCHEDULED
2026-10-03T00:26:03.335883+00:00,1288217,129,1105,16,0,1790988412,,,SCHEDULED
2026-10-03T00:26:03.335883+00:00,1288217,129,1106,17,0,1790988490,,,SCHEDULED
2026-10-03T00:26:03.335883+00:00,1288217,129,1107,18,0,1790988573,,,SCHEDULED
2026-10-03T00:26:03.335883+00:00,1288217,129,1108,19,0,1790988609,,,SCHEDULED
2026-10-03T00:26:03.335883+00:00,1288217,129,1109,20,0,1790988733,,,SCHEDULED
2026-10-03T00:26:03.335883+00:00,1288217,129,1110,21,0,1790988740,,,SCHEDULED
2026-10-03T00:26:03.335883+00:00,1288217,129,1111,22,0,1790988775,,,SCHEDULED
2026-10-03T00:26:03.335883+00:00,1288217,129,1112,23,0,1790988810,,,SCHEDULED
2026-10-03T00:26:03.335883+00:00,1288217,129,1113,24,0,1790988874,,,SCHEDULED
2026-10-03T00:26:03.335883+00:00,1288217,129,1114,25,0,1790988925,,,SCHEDULED
2026-10-03T00:26:03.335883+00:00,1288216,129,1182,35,0,1790987161,,,SCHEDULED
2026-10-03T00:26:03.335883+00:00,1288216,129,1284,36,0,1790987236,,,SCHEDULED
2026-10-03T00:26:03.335883+00:00,1288216,129,1286,37,0,1790987363,,,SCHEDULED
2026-10-03T00:26:03.335883+00:00,1288216,129,1287,38,0,1790987401,,,SCHEDULED
2026-10-03T00:26:03.335883+00:00,1288216,129,1288,39,0,1790987417,,,SCHEDULED
2026-10-03T00:26:03.335883+00:00,1288216,129,1289,40,0,1790987481,,,SCHEDULED
2026-10-03T00:26:03.335883+00:00,1288216,129,1290,41,0,1790987537,,,SCHEDULED
2026-10-03T00:26:03.335883+00:00,1288216,129,1292,42,0,1790987666,,,SCHEDULED
2026-10-03T00:26:03.335883+00:00,1288216,129,1293,43,0,1790987727,,,SCHEDULED
2026-10-03T00:26:03.335883+00:00,1288216,129,1294,44,0,1790987784,,,SCHEDULED
2026-10-03T00:26:03.335883+00:00,1288216,129,1295,45,0,1790987818,,,SCHEDULED
2026-10-03T00:26:03.335883+00:00,1288216,129,1296,46,0,1790987888,,,SCHEDULED
2026-10-03T00:26:03.335883+00:00,1288216,129,1298,47,0,1790987947,,,SCHEDULED
2026-10-03T00:26:03.335883+00:00,1288216,129,1299,48,0,1790988039,,,SCHEDULED
2026-10-03T00:26:03.335883+00:00,1288216,129,1300,49,0,1790988066,,,SCHEDULED
2026-10-03T00:26:03.335883+00:00,1288216,129,1301,50,0,1790988089,,,SCHEDULED
2026-10-03T00:26:03.335883+00:00,1288216,129,1302,51,0,1790988148,,,SCHEDULED
2026-10-03T00:26:03.335883+00:00,1286317,061,3131,1,,,0,1790988240,SCHEDULED
2026-10-03T00:26:03.335883+00:00,1286317,061,1860,2,0,1790988299,,,SCHEDULED
2026-10-03T00:26:03.335883+00:00,1286317,061,1861,3,0,1790988330,,,SCHEDULED
2026-10-03T00:26:03.335883+00:00,1286317,061,1862,4,0,1790988399,,,SCHEDULED
2026-10-03T00:26:03.335883+00:00,1286317,061,1863,5,0,1790988486,,,SCHEDULED
2026-10-03T00:26:03.335883+00:00,1286317,061,1864,6,0,1790988611,,,SCHEDULED
2026-10-03T00:26:03.335883+00:00,1286317,061,1865,7,0,1790988652,,,SCHEDULED
2026-10-03T00:26:03.335883+00:00,1286317,061,1866,8,0,1790988683,,,SCHEDULED
2026-10-03T00:26:03.335883+00:00,1286317,061,1867,9,0,1790988733,,,SCHEDULED
2026-10-03T00:26:03.335883+00:00,1286317,061,1868,10,0,1790988780,,,SCHEDULED
2026-10-03T00:26:03.335883+00:00,1286317,061,1870,11,0,1790988827,,,SCHEDULED
2026-10-03T00:26:03.335883+00:00,1286317,061,1871,12,0,1790988860,,,SCHEDULED
2026-10-03T00:26:03.335883+00:00,1286317,061,1872,13,0,1790988874,,,SCHEDULED
2026-10-03T00:26:03.335883+00:00,1286318,061,1874,15,0,1790987192,,,SCHEDULED
2026-10-03T00:26:03.335883+00:00,1286318,061,1875,16,0,1790987263,,,SCHEDULED
2026-10-03T00:26:03.335883+00:00,1286318,061,1876,17,0,1790987334,,,SCHEDULED
2026-10-03T00:26:03.335883+00:00,1286318,061,1877,18,0,1790987353,,,SCHEDULED
2026-10-03T00:26:03.335883+00:00,1286318,061,1878,19,0,1790987389,,,SCHEDULED
2026-10-03T00:26:03.335883+00:00,1286318,061,1879,20,0,1790987404,,,SCHEDULED
2026-10-03T00:26:03.335883+00:00,1286318,061,2201,21,0,1790987516,,,SCHEDULED
2026-10-03T00:26:03.335883+00:00,1286318,061,2202,22,0,1790987576,,,SCHEDULED
2026-10-03T00:26:03.335883+00:00,1286318,061,2203,23,0,1790987603,,,SCHEDULED
2026-10-03T00:26:03.335883+00:00,1286318,061,2204,24,0,1790987642,,,SCHEDULED
2026-10-03T00:26:03.335883+00:00,1286318,061,2205,25,0,1790987652,,,SCHEDULED
2026-10-03T00:26:03.335883+00:00,1286318,061,2206,26,0,1790987670,,,SCHEDULED
2026-10-03T00:26:03.335883+00:00,1286318,061,2200,27,0,1790987685,,,SCHEDULED
2026-10-03T00:26:03.335883+00:00,1286318,061,2207,28,0,1790987736,,,SCHEDULED
2026-10-03T00:26:03.335883+00:00,1286318,061,2208,29,0,1790987766,,,SCHEDULED
2026-10-03T00:26:03.335883+00:00,1286318,061,2209,30,0,1790987785,,,SCHEDULED
2026-10-03T00:26:03.335883+00:00,1286318,061,2210,31,0,1790987804,,,SCHEDULED
2026-10-03T00:26:03.335883+00:00,1286318,061,2211,32,0,1790987823,,,SCHEDULED
2026-10-03T00:26:03.335883+00:00,1286318,061,2212,33,0,1790987836,,,SCHEDULED
2026-10-03T00:26:03.335883+00:00,1286318,061,2213,34,0,1790987863,,,SCHEDULED
2026-10-03T00:26:03.335883+00:00,1286318,061,2214,35,0,1790987963,,,SCHEDULED
2026-10-03T00:26:03.335883+00:00,1286318,061,2215,36,0,1790988040,,,SCHEDULED
2026-10-03T00:26:03.335883+00:00,1286318,061,2216,37,0,1790988080,,,SCHEDULED
2026-10-03T00:26:03.335883+00:00,1286318,061,2217,38,0,1790988137,,,SCHEDULED
2026-10-03T00:26:03.335883+00:00,1286318,061,2218,39,0,1790988195,,,SCHEDULED
2026-10-03T00:26:03.335883+00:00,1286318,061,2220,40,0,1790988254,,,SCHEDULED
2026-10-03T00:26:03.335883+00:00,1286318,061,2221,41,0,1790988412,,,SCHEDULED
2026-10-03T00:26:03.335883+00:00,1286318,061,2222,42,0,1790988441,,,SCHEDULED
2026-10-03T00:26:03.335883+00:00,1286318,061,2223,43,0,1790988477,,,SCHEDULED
2026-10-03T00:26:03.335883+00:00,1286318,061,6107,44,0,1790988503,,,SCHEDULED
2026-10-03T00:26:03.335883+00:00,1286318,061,2224,45,0,1790988599,,,SCHEDULED
2026-10-03T00:26:03.335883+00:00,1286318,061,2225,46,0,1790988616,,,SCHEDULED
2026-10-03T00:26:03.335883+00:00,1286318,061,2226,47,0,1790988633,,,SCHEDULED
2026-10-03T00:26:03.335883+00:00,1286318,061,2227,48,0,1790988653,,,SCHEDULED
2026-10-03T00:26:03.335883+00:00,1286318,061,2228,49,0,1790988677,,,SCHEDULED
2026-10-03T00:26:03.335883+00:00,1286318,061,6100,50,0,1790988757,,,SCHEDULED
2026-10-03T00:26:03.335883+00:00,1286318,061,997,51,0,1790988929,,,SCHEDULED
2026-10-03T00:26:03.335883+00:00,1287921,088,9807,1,,,0,1790988389,SCHEDULED
2026-10-03T00:26:03.335883+00:00,1287921,088,284,2,0,1790988566,,,SCHEDULED
2026-10-03T00:26:03.335883+00:00,1287921,088,684,3,0,1790988756,,,SCHEDULED
2026-10-03T00:26:03.335883+00:00,1287921,088,685,4,0,1790988805,,,SCHEDULED
2026-10-03T00:26:03.335883+00:00,1287921,088,1400,5,0,1790988850,,,SCHEDULED
2026-10-03T00:26:03.335883+00:00,1287921,088,1401,6,0,1790988888,,,SCHEDULED
2026-10-03T00:26:03.335883+00:00,1287921,088,1402,7,0,1790988912,,,SCHEDULED
2026-10-03T00:26:03.335883+00:00,1285746,033,628,1,,,0,1790987640,SCHEDULED
2026-10-03T00:26:03.335883+00:00,1285746,033,5259,2,0,1790987801,,,SCHEDULED
2026-10-03T00:26:03.335883+00:00,1285746,033,5260,3,0,1790987856,,,SCHEDULED
2026-10-03T00:26:03.335883+00:00,1285746,033,5257,4,0,1790987882,,,SCHEDULED
2026-10-03T00:26:03.335883+00:00,1285746,033,5247,5,0,1790988060,,,SCHEDULED
2026-10-03T00:26:03.335883+00:00,1285900,051,1895,12,0,1790987169,,,SCHEDULED
2026-10-03T00:26:03.335883+00:00,1285900,051,1896,13,0,1790987200,,,SCHEDULED
2026-10-03T00:26:03.335883+00:00,1285900,051,1898,14,0,1790987265,,,SCHEDULED
2026-10-03T00:26:03.335883+00:00,1285900,051,1899,15,0,1790987308,,,SCHEDULED
2026-10-03T00:26:03.335883+00:00,1285900,051,1901,16,0,1790987351,,,SCHEDULED
2026-10-03T00:26:03.335883+00:00,1285900,051,1902,17,0,1790987388,,,SCHEDULED
2026-10-03T00:26:03.335883+00:00,1285900,051,1904,18,0,1790987460,,,SCHEDULED
2026-10-03T00:26:03.335883+00:00,1285900,051,1905,19,0,1790987504,,,SCHEDULED
2026-10-03T00:26:03.335883+00:00,1285900,051,1906,20,0,1790987552,,,SCHEDULED
2026-10-03T00:26:03.335883+00:00,1285900,051,1907,21,0,1790987600,,,SCHEDULED
2026-10-03T00:26:03.335883+00:00,1285900,051,1908,22,0,1790987636,,,SCHEDULED
2026-10-03T00:26:03.335883+00:00,1285900,051,1911,23,0,1790987728,,,SCHEDULED
2026-10-03T00:26:03.335883+00:00,1285900,051,1913,24,0,1790987825,,,SCHEDULED
2026-10-03T00:26:03.335883+00:00,1285900,051,1914,25,0,1790987882,,,SCHEDULED
2026-10-03T00:26:03.335883+00:00,1285900,051,1915,26,0,1790987940,,,SCHEDULED
2026-10-03T00:26:03.335883+00:00,1285900,051,1916,27,0,1790987993,,,SCHEDULED
2026-10-03T00:26:03.335883+00:00,1285900,051,1917,28,0,1790988043,,,SCHEDULED
2026-10-03T00:26:03.335883+00:00,1285900,051,1918,29,0,1790988105,,,SCHEDULED
2026-10-03T00:26:03.335883+00:00,1285900,051,1919,30,0,1790988151,,,SCHEDULED
2026-10-03T00:26:03.335883+00:00,1285900,051,1920,31,0,1790988174,,,SCHEDULED
2026-10-03T00:26:03.335883+00:00,1285900,051,1921,32,0,1790988204,,,SCHEDULED
2026-10-03T00:26:03.335883+00:00,1285900,051,1922,33,0,1790988243,,,SCHEDULED
2026-10-03T00:26:03.335883+00:00,1285900,051,1923,34,0,1790988270,,,SCHEDULED
2026-10-03T00:26:03.335883+00:00,1285900,051,1924,35,0,1790988320,,,SCHEDULED
2026-10-03T00:26:03.335883+00:00,1285900,051,1925,36,0,1790988370,,,SCHEDULED
2026-10-03T00:26:03.335883+00:00,1285900,051,1926,37,0,1790988420,,,SCHEDULED
2026-10-03T00:26:03.335883+00:00,1285900,051,1940,38,0,1790988442,,,SCHEDULED
2026-10-03T00:26:03.335883+00:00,1285900,051,320,39,0,1790988478,,,SCHEDULED
2026-10-03T00:26:03.335883+00:00,1285900,051,1209,40,0,1790988500,,,SCHEDULED
2026-10-03T00:26:03.335883+00:00,1285900,051,321,41,0,1790988526,,,SCHEDULED
2026-10-03T00:26:03.335883+00:00,1285900,051,322,42,0,1790988570,,,SCHEDULED
2026-10-03T00:26:03.335883+00:00,1285900,051,324,43,0,1790988660,,,SCHEDULED
2026-10-03T00:26:03.335883+00:00,1285900,051,325,44,0,1790988682,,,SCHEDULED
2026-10-03T00:26:03.335883+00:00,1285900,051,327,46,0,1790988726,,,SCHEDULED
2026-10-03T00:26:03.335883+00:00,1285900,051,328,47,0,1790988746,,,SCHEDULED
2026-10-03T00:26:03.335883+00:00,1285900,051,329,48,0,1790988780,,,SCHEDULED
2026-10-03T00:26:03.335883+00:00,1285900,051,330,49,0,1790988864,,,SCHEDULED
2026-10-03T00:26:03.335883+00:00,1284934,019,9807,1,,,0,1790988873,SCHEDULED
2026-10-03T00:26:03.335883+00:00,1286319,061,2221,41,0,1790987301,,,SCHEDULED
2026-10-03T00:26:03.335883+00:00,1286319,061,2222,42,0,1790987330,,,SCHEDULED
2026-10-03T00:26:03.335883+00:00,1286319,061,2223,43,0,1790987366,,,SCHEDULED
2026-10-03T00:26:03.335883+00:00,1286319,061,6107,44,0,1790987392,,,SCHEDULED
2026-10-03T00:26:03.335883+00:00,1286319,061,2224,45,0,1790987488,,,SCHEDULED
2026-10-03T00:26:03.335883+00:00,1286319,061,2225,46,0,1790987505,,,SCHEDULED
2026-10-03T00:26:03.335883+00:00,1286319,061,2226,47,0,1790987522,,,SCHEDULED
2026-10-03T00:26:03.335883+00:00,1286319,061,2227,48,0,1790987542,,,SCHEDULED
2026-10-03T00:26:03.335883+00:00,1286319,061,2228,49,0,1790987566,,,SCHEDULED
2026-10-03T00:26:03.335883+00:00,1286319,061,6100,50,0,1790987646,,,SCHEDULED
2026-10-03T00:26:03.335883+00:00,1286319,061,997,51,0,1790987818,,,SCHEDULED
2026-10-03T00:26:03.335883+00:00,1286319,061,998,52,0,1790987878,,,SCHEDULED
2026-10-03T00:26:03.335883+00:00,1286319,061,999,53,0,1790987913,,,SCHEDULED
2026-10-03T00:26:03.335883+00:00,1286319,061,249,54,0,1790987952,,,SCHEDULED
2026-10-03T00:26:03.335883+00:00,1286319,061,248,55,0,1790988009,,,SCHEDULED
2026-10-03T00:26:03.335883+00:00,1286319,061,250,56,0,1790988079,,,SCHEDULED
2026-10-03T00:26:03.335883+00:00,1286319,061,264,57,0,1790988190,,,SCHEDULED
2026-10-03T00:26:03.335883+00:00,1286319,061,263,58,0,1790988217,,,SCHEDULED
2026-10-03T00:26:03.335883+00:00,1286319,061,2180,59,0,1790988283,,,SCHEDULED
2026-10-03T00:26:03.335883+00:00,1286319,061,2181,60,0,1790988358,,,SCHEDULED
2026-10-03T00:26:03.335883+00:00,1286319,061,4395,61,0,1790988417,,,SCHEDULED
2026-10-03T00:26:03.335883+00:00,1286319,061,4396,62,0,1790988443,,,SCHEDULED
2026-10-03T00:26:03.335883+00:00,1286319,061,4397,63,0,1790988464,,,SCHEDULED
2026-10-03T00:26:03.335883+00:00,1286319,061,4398,64,0,1790988500,,,SCHEDULED
2026-10-03T00:26:03.335883+00:00,1286319,061,4391,65,0,1790988553,,,SCHEDULED
2026-10-03T00:26:03.335883+00:00,1286319,061,4399,66,0,1790988569,,,SCHEDULED
2026-10-03T00:26:03.335883+00:00,1286319,061,4392,67,0,1790988599,,,SCHEDULED
2026-10-03T00:26:03.335883+00:00,1284815,015,845,23,0,1790987172,,,SCHEDULED
2026-10-03T00:26:03.335883+00:00,1284815,015,846,24,0,1790987182,,,SCHEDULED
2026-10-03T00:26:03.335883+00:00,1284815,015,847,25,0,1790987202,,,SCHEDULED
2026-10-03T00:26:03.335883+00:00,1284815,015,848,26,0,1790987218,,,SCHEDULED
2026-10-03T00:26:03.335883+00:00,1284815,015,3098,27,0,1790987497,,,SCHEDULED
2026-10-03T00:26:03.335883+00:00,1284935,019,3115,34,0,1790987460,,,SCHEDULED
2026-10-03T00:26:03.335883+00:00,1284935,019,3116,35,0,1790987486,,,SCHEDULED
2026-10-03T00:26:03.335883+00:00,1284935,019,3117,36,0,1790987506,,,SCHEDULED
2026-10-03T00:26:03.335883+00:00,1284935,019,3118,37,0,1790987540,,,SCHEDULED
2026-10-03T00:26:03.335883+00:00,1284935,019,3119,38,0,1790987557,,,SCHEDULED
2026-10-03T00:26:03.335883+00:00,1284935,019,3121,39,0,1790987598,,,SCHEDULED
2026-10-03T00:26:03.335883+00:00,1284935,019,3122,40,0,1790987631,,,SCHEDULED
2026-10-03T00:26:03.335883+00:00,1284935,019,3123,41,0,1790987678,,,SCHEDULED
2026-10-03T00:26:03.335883+00:00,1284935,019,3124,42,0,1790987721,,,SCHEDULED
2026-10-03T00:26:03.335883+00:00,1284935,019,3125,43,0,1790987754,,,SCHEDULED
2026-10-03T00:26:03.335883+00:00,1284935,019,3696,44,0,1790987831,,,SCHEDULED
2026-10-03T00:26:03.335883+00:00,1284929,019,3052,1,,,0,1790988780,SCHEDULED
2026-10-03T00:26:03.335883+00:00,1284929,019,3054,2,0,1790988849,,,SCHEDULED
2026-10-03T00:26:03.335883+00:00,1284928,019,5368,25,0,1790987150,,,SCHEDULED
2026-10-03T00:26:03.335883+00:00,1284928,019,810,26,0,1790987248,,,SCHEDULED
2026-10-03T00:26:03.335883+00:00,1284928,019,811,27,0,1790987274,,,SCHEDULED
2026-10-03T00:26:03.335883+00:00,1284928,019,812,28,0,1790987485,,,SCHEDULED
2026-10-03T00:26:03.335883+00:00,1284928,019,813,29,0,1790987521,,,SCHEDULED
2026-10-03T00:26:03.335883+00:00,1284928,019,814,30,0,1790987558,,,SCHEDULED
2026-10-03T00:26:03.335883+00:00,1284928,019,815,31,0,1790987579,,,SCHEDULED
2026-10-03T00:26:03.335883+00:00,1284928,019,5347,32,0,1790987642,,,SCHEDULED
2026-10-03T00:26:03.335883+00:00,1284928,019,824,33,0,1790987714,,,SCHEDULED
2026-10-03T00:26:03.335883+00:00,1284928,019,825,34,0,1790987752,,,SCHEDULED
2026-10-03T00:26:03.335883+00:00,1284928,019,826,35,0,1790987809,,,SCHEDULED
2026-10-03T00:26:03.335883+00:00,1284928,019,827,36,0,1790987895,,,SCHEDULED
2026-10-03T00:26:03.335883+00:00,1284928,019,5242,37,0,1790987949,,,SCHEDULED
2026-10-03T00:26:03.335883+00:00,1284928,019,829,38,0,1790987951,,,SCHEDULED
2026-10-03T00:26:03.335883+00:00,1284928,019,5271,39,0,1790988053,,,SCHEDULED
2026-10-03T00:26:03.335883+00:00,1288172,102,221,2,0,1790987193,,,SCHEDULED
2026-10-03T00:26:03.335883+00:00,1288172,102,222,3,0,1790987220,,,SCHEDULED
2026-10-03T00:26:03.335883+00:00,1288172,102,223,4,0,1790987328,,,SCHEDULED
2026-10-03T00:26:03.335883+00:00,1288172,102,225,5,0,1790987455,,,SCHEDULED
2026-10-03T00:26:03.335883+00:00,1288172,102,226,6,0,1790987514,,,SCHEDULED
2026-10-03T00:26:03.335883+00:00,1288172,102,108,7,0,1790987578,,,SCHEDULED
2026-10-03T00:26:03.335883+00:00,1288172,102,123,8,0,1790987636,,,SCHEDULED
2026-10-03T00:26:03.335883+00:00,1288172,102,125,9,0,1790987704,,,SCHEDULED
2026-10-03T00:26:03.335883+00:00,1288172,102,126,10,0,1790987725,,,SCHEDULED
2026-10-03T00:26:03.335883+00:00,1288172,102,127,11,0,1790987741,,,SCHEDULED
2026-10-03T00:26:03.335883+00:00,1288172,102,128,12,0,1790987811,,,SCHEDULED
2026-10-03T00:26:03.335883+00:00,1288172,102,130,13,0,1790987850,,,SCHEDULED
2026-10-03T00:26:03.335883+00:00,1288172,102,131,14,0,1790987892,,,SCHEDULED
2026-10-03T00:26:03.335883+00:00,1288172,102,132,15,0,1790987908,,,SCHEDULED
2026-10-03T00:26:03.335883+00:00,1288172,102,133,16,0,1790987929,,,SCHEDULED
2026-10-03T00:26:03.335883+00:00,1288172,102,134,17,0,1790987953,,,SCHEDULED
2026-10-03T00:26:03.335883+00:00,1288172,102,135,18,0,1790987974,,,SCHEDULED
2026-10-03T00:26:03.335883+00:00,1288172,102,136,19,0,1790987995,,,SCHEDULED
2026-10-03T00:26:03.335883+00:00,1288172,102,137,20,0,1790988006,,,SCHEDULED
2026-10-03T00:26:03.335883+00:00,1288172,102,138,21,0,1790988033,,,SCHEDULED
2026-10-03T00:26:03.335883+00:00,1288172,102,139,22,0,1790988051,,,SCHEDULED
2026-10-03T00:26:03.335883+00:00,1288172,102,141,23,0,1790988087,,,SCHEDULED
2026-10-03T00:26:03.335883+00:00,1288172,102,142,24,0,1790988101,,,SCHEDULED
2026-10-03T00:26:03.335883+00:00,1288172,102,143,25,0,1790988114,,,SCHEDULED
2026-10-03T00:26:03.335883+00:00,1288172,102,144,26,0,1790988133,,,SCHEDULED
2026-10-03T00:26:03.335883+00:00,1288172,102,145,27,0,1790988171,,,SCHEDULED
2026-10-03T00:26:03.335883+00:00,1288172,102,146,28,0,1790988193,,,SCHEDULED
2026-10-03T00:26:03.335883+00:00,1288172,102,147,29,0,1790988218,,,SCHEDULED
2026-10-03T00:26:03.335883+00:00,1288172,102,148,30,0,1790988263,,,SCHEDULED
2026-10-03T00:26:03.335883+00:00,1288172,102,149,31,0,1790988306,,,SCHEDULED
2026-10-03T00:26:03.335883+00:00,1288172,102,150,32,0,1790988340,,,SCHEDULED
2026-10-03T00:26:03.335883+00:00,1288172,102,151,33,0,1790988364,,,SCHEDULED
2026-10-03T00:26:03.335883+00:00,1288172,102,156,34,0,1790988406,,,SCHEDULED
2026-10-03T00:26:03.335883+00:00,1288172,102,152,35,0,1790988430,,,SCHEDULED
2026-10-03T00:26:03.335883+00:00,1288172,102,153,36,0,1790988446,,,SCHEDULED
2026-10-03T00:26:03.335883+00:00,1288172,102,154,37,0,1790988476,,,SCHEDULED
2026-10-03T00:26:03.335883+00:00,1288172,102,155,38,0,1790988527,,,SCHEDULED
2026-10-03T00:26:03.335883+00:00,1288172,102,246,39,0,1790988573,,,SCHEDULED
2026-10-03T00:26:03.335883+00:00,1288172,102,247,40,0,1790988605,,,SCHEDULED
2026-10-03T00:26:03.335883+00:00,1288172,102,248,41,0,1790988655,,,SCHEDULED
2026-10-03T00:26:03.335883+00:00,1288172,102,250,42,0,1790988715,,,SCHEDULED
2026-10-03T00:26:03.335883+00:00,1288172,102,251,43,0,1790988800,,,SCHEDULED
2026-10-03T00:26:03.335883+00:00,1288172,102,252,44,0,1790988829,,,SCHEDULED
2026-10-03T00:26:03.335883+00:00,1288172,102,253,45,0,1790988853,,,SCHEDULED
2026-10-03T00:26:03.335883+00:00,1287376,082,678,9,0,1790987148,,,SCHEDULED
2026-10-03T00:26:03.335883+00:00,1287376,082,679,10,0,1790987187,,,SCHEDULED
2026-10-03T00:26:03.335883+00:00,1287376,082,680,11,0,1790987214,,,SCHEDULED
2026-10-03T00:26:03.335883+00:00,1287376,082,681,12,0,1790987217,,,SCHEDULED
2026-10-03T00:26:03.335883+00:00,1287376,082,3076,13,0,1790987311,,,SCHEDULED
2026-10-03T00:26:03.335883+00:00,1287376,082,3077,14,0,1790987348,,,SCHEDULED
2026-10-03T00:26:03.335883+00:00,1287376,082,3078,15,0,1790987418,,,SCHEDULED
2026-10-03T00:26:03.335883+00:00,1287376,082,3079,16,0,1790987478,,,SCHEDULED
2026-10-03T00:26:03.335883+00:00,1287376,082,3080,17,0,1790987584,,,SCHEDULED
2026-10-03T00:26:03.335883+00:00,1287376,082,1074,18,0,1790987720,,,SCHEDULED
2026-10-03T00:26:03.335883+00:00,1287376,082,1075,19,0,1790987793,,,SCHEDULED
2026-10-03T00:26:03.335883+00:00,1287376,082,1076,20,0,1790987829,,,SCHEDULED
2026-10-03T00:26:03.335883+00:00,1287376,082,1077,21,0,1790987870,,,SCHEDULED
2026-10-03T00:26:03.335883+00:00,1287376,082,1646,22,0,1790987944,,,SCHEDULED
2026-10-03T00:26:03.335883+00:00,1287376,082,1648,23,0,1790988075,,,SCHEDULED
2026-10-03T00:26:03.335883+00:00,1287376,082,1649,24,0,1790988145,,,SCHEDULED
2026-10-03T00:26:03.335883+00:00,1287376,082,1650,25,0,1790988189,,,SCHEDULED
2026-10-03T00:26:03.335883+00:00,1287376,082,1651,26,0,1790988220,,,SCHEDULED
2026-10-03T00:26:03.335883+00:00,1287376,082,1652,27,0,1790988254,,,SCHEDULED
2026-10-03T00:26:03.335883+00:00,1287376,082,1653,28,0,1790988355,,,SCHEDULED
2026-10-03T00:26:03.335883+00:00,1287376,082,1654,29,0,1790988419,,,SCHEDULED
2026-10-03T00:26:03.335883+00:00,1287376,082,1655,30,0,1790988461,,,SCHEDULED
2026-10-03T00:26:03.335883+00:00,1287376,082,459,31,0,1790988482,,,SCHEDULED
2026-10-03T00:26:03.335883+00:00,1287376,082,1656,32,0,1790988577,,,SCHEDULED
2026-10-03T00:26:03.335883+00:00,1287376,082,1657,33,0,1790988623,,,SCHEDULED
2026-10-03T00:26:03.335883+00:00,1287376,082,1658,34,0,1790988646,,,SCHEDULED
2026-10-03T00:26:03.335883+00:00,1287376,082,1659,35,0,1790988678,,,SCHEDULED
2026-10-03T00:26:03.335883+00:00,1287376,082,1660,36,0,1790988729,,,SCHEDULED
2026-10-03T00:26:03.335883+00:00,1287376,082,3190,37,0,1790988821,,,SCHEDULED
2026-10-03T00:26:03.335883+00:00,1287376,082,3191,38,0,1790988897,,,SCHEDULED
2026-10-03T00:26:03.335883+00:00,1287376,082,3192,39,0,1790988944,,,SCHEDULED
2026-10-03T00:26:03.335883+00:00,1285593,030,1723,13,0,1790987120,,,SCHEDULED
2026-10-03T00:26:03.335883+00:00,1285593,030,1725,14,0,1790987303,,,SCHEDULED
2026-10-03T00:26:03.335883+00:00,1285593,030,1726,15,0,1790987380,,,SCHEDULED
2026-10-03T00:26:03.335883+00:00,1285593,030,1727,16,0,1790987438,,,SCHEDULED
2026-10-03T00:26:03.335883+00:00,1285593,030,1728,17,0,1790987496,,,SCHEDULED
2026-10-03T00:26:03.335883+00:00,1285593,030,1729,18,0,1790987573,,,SCHEDULED
2026-10-03T00:26:03.335883+00:00,1285593,030,1730,19,0,1790987634,,,SCHEDULED
2026-10-03T00:26:03.335883+00:00,1285593,030,1732,20,0,1790987667,,,SCHEDULED
2026-10-03T00:26:03.335883+00:00,1285593,030,1734,21,0,1790987728,,,SCHEDULED
2026-10-03T00:26:03.335883+00:00,1285593,030,1735,22,0,1790987753,,,SCHEDULED
2026-10-03T00:26:03.335883+00:00,1285593,030,1736,23,0,1790987770,,,SCHEDULED
2026-10-03T00:26:03.335883+00:00,1285593,030,1737,24,0,1790987803,,,SCHEDULED
2026-10-03T00:26:03.335883+00:00,1285593,030,1739,25,0,1790987870,,,SCHEDULED
2026-10-03T00:26:03.335883+00:00,1287377,082,275,41,0,1790987085,,,SCHEDULED
2026-10-03T00:26:03.335883+00:00,1287377,082,276,42,0,1790987338,,,SCHEDULED
2026-10-03T00:26:03.335883+00:00,1285592,030,282,1,,,0,1790987980,SCHEDULED
2026-10-03T00:26:03.335883+00:00,1285592,030,414,2,0,1790988214,,,SCHEDULED
2026-10-03T00:26:03.335883+00:00,1285592,030,415,3,0,1790988286,,,SCHEDULED
2026-10-03T00:26:03.335883+00:00,1285592,030,416,4,0,1790988351,,,SCHEDULED
2026-10-03T00:26:03.335883+00:00,1285592,030,418,5,0,1790988420,,,SCHEDULED
2026-10-03T00:26:03.335883+00:00,1285592,030,4763,6,0,1790988505,,,SCHEDULED
2026-10-03T00:26:03.335883+00:00,1285592,030,1716,7,0,1790988574,,,SCHEDULED
2026-10-03T00:26:03.335883+00:00,1285592,030,1717,8,0,1790988617,,,SCHEDULED
2026-10-03T00:26:03.335883+00:00,1285592,030,1718,9,0,1790988653,,,SCHEDULED
2026-10-03T00:26:03.335883+00:00,1285592,030,1720,10,0,1790988732,,,SCHEDULED
2026-10-03T00:26:03.335883+00:00,1285592,030,1721,11,0,1790988795,,,SCHEDULED
2026-10-03T00:26:03.335883+00:00,1285592,030,1722,12,0,1790988854,,,SCHEDULED
2026-10-03T00:26:03.335883+00:00,1285592,030,1723,13,0,1790988882,,,SCHEDULED
2026-10-03T00:26:03.335883+00:00,1287375,082,665,1,,,0,1790988084,SCHEDULED
2026-10-03T00:26:03.335883+00:00,1287375,082,1447,2,0,1790988310,,,SCHEDULED
2026-10-03T00:26:03.335883+00:00,1287375,082,1448,3,0,1790988349,,,SCHEDULED
2026-10-03T00:26:03.335883+00:00,1287375,082,1449,4,0,1790988374,,,SCHEDULED
2026-10-03T00:26:03.335883+00:00,1287375,082,674,5,0,1790988480,,,SCHEDULED
2026-10-03T00:26:03.335883+00:00,1287375,082,675,6,0,1790988523,,,SCHEDULED
2026-10-03T00:26:03.335883+00:00,1287375,082,676,7,0,1790988565,,,SCHEDULED
2026-10-03T00:26:03.335883+00:00,1287375,082,677,8,0,1790988597,,,SCHEDULED
2026-10-03T00:26:03.335883+00:00,1287375,082,678,9,0,1790988610,,,SCHEDULED
2026-10-03T00:26:03.335883+00:00,1287375,082,679,10,0,1790988649,,,SCHEDULED
2026-10-03T00:26:03.335883+00:00,1287375,082,680,11,0,1790988676,,,SCHEDULED
2026-10-03T00:26:03.335883+00:00,1287375,082,681,12,0,1790988679,,,SCHEDULED
2026-10-03T00:26:03.335883+00:00,1287375,082,3076,13,0,1790988773,,,SCHEDULED
2026-10-03T00:26:03.335883+00:00,1287375,082,3077,14,0,1790988810,,,SCHEDULED
2026-10-03T00:26:03.335883+00:00,1288228,137,85406,3,0,1790988318,,,SCHEDULED
2026-10-03T00:26:03.335883+00:00,1288228,137,85408,4,0,1790988428,,,SCHEDULED
2026-10-03T00:26:03.335883+00:00,1288228,137,85204,5,0,1790988456,,,SCHEDULED
2026-10-03T00:26:03.335883+00:00,1288228,137,85205,6,0,1790988540,,,SCHEDULED
2026-10-03T00:26:03.335883+00:00,1288228,137,85206,7,0,1790988626,,,SCHEDULED
2026-10-03T00:26:03.335883+00:00,1288228,137,85207,8,0,1790988658,,,SCHEDULED
2026-10-03T00:26:03.335883+00:00,1288228,137,85091,9,0,1790988681,,,SCHEDULED
2026-10-03T00:26:03.335883+00:00,1288228,137,85092,10,0,1790988771,,,SCHEDULED
2026-10-03T00:26:03.335883+00:00,1286720,068,1086,65,0,1790987189,,,SCHEDULED
2026-10-03T00:26:03.335883+00:00,1286720,068,1088,66,0,1790987227,,,SCHEDULED
2026-10-03T00:26:03.335883+00:00,1286720,068,1087,67,0,1790987262,,,SCHEDULED
2026-10-03T00:26:03.335883+00:00,1286720,068,2642,68,0,1790987323,,,SCHEDULED
2026-10-03T00:26:03.335883+00:00,1287413,082,3090,27,0,1790987222,,,SCHEDULED
2026-10-03T00:26:03.335883+00:00,1287413,082,3091,28,0,1790987375,,,SCHEDULED
2026-10-03T00:26:03.335883+00:00,1287413,082,3092,29,0,1790987467,,,SCHEDULED
2026-10-03T00:26:03.335883+00:00,1287413,082,3093,30,0,1790987541,,,SCHEDULED
2026-10-03T00:26:03.335883+00:00,1287413,082,3094,31,0,1790987567,,,SCHEDULED
2026-10-03T00:26:03.335883+00:00,1287413,082,1421,32,0,1790987645,,,SCHEDULED
2026-10-03T00:26:03.335883+00:00,1287413,082,1422,33,0,1790987683,,,SCHEDULED
2026-10-03T00:26:03.335883+00:00,1287413,082,1423,34,0,1790987720,,,SCHEDULED
2026-10-03T00:26:03.335883+00:00,1287413,082,1424,35,0,1790987779,,,SCHEDULED
2026-10-03T00:26:03.335883+00:00,1287413,082,1425,36,0,1790987819,,,SCHEDULED
2026-10-03T00:26:03.335883+00:00,1287413,082,1427,37,0,1790987891,,,SCHEDULED
2026-10-03T00:26:03.335883+00:00,1287413,082,1428,38,0,1790987933,,,SCHEDULED
2026-10-03T00:26:03.335883+00:00,1287413,082,9939,39,0,1790987988,,,SCHEDULED
2026-10-03T00:26:03.335883+00:00,1287413,082,1444,40,0,1790988143,,,SCHEDULED
2026-10-03T00:26:03.335883+00:00,1287413,082,1445,41,0,1790988146,,,SCHEDULED
2026-10-03T00:26:03.335883+00:00,1287413,082,1446,42,0,1790988148,,,SCHEDULED
2026-10-03T00:26:03.335883+00:00,1287413,082,563,43,0,1790988368,,,SCHEDULED
2026-10-03T00:26:03.335883+00:00,1287413,082,565,44,0,1790988423,,,SCHEDULED
2026-10-03T00:26:03.335883+00:00,1287413,082,1438,45,0,1790988619,,,SCHEDULED
2026-10-03T00:26:03.335883+00:00,1287413,082,1439,46,0,1790988642,,,SCHEDULED
2026-10-03T00:26:03.335883+00:00,1286721,068,1818,50,0,1790987222,,,SCHEDULED
2026-10-03T00:26:03.335883+00:00,1286721,068,1819,51,0,1790987285,,,SCHEDULED
2026-10-03T00:26:03.335883+00:00,1286721,068,1820,52,0,1790987349,,,SCHEDULED
2026-10-03T00:26:03.335883+00:00,1286721,068,1821,53,0,1790987393,,,SCHEDULED
2026-10-03T00:26:03.335883+00:00,1286721,068,940,54,0,1790987444,,,SCHEDULED
2026-10-03T00:26:03.335883+00:00,1286721,068,941,55,0,1790987476,,,SCHEDULED
2026-10-03T00:26:03.335883+00:00,1286721,068,2633,56,0,1790987544,,,SCHEDULED
2026-10-03T00:26:03.335883+00:00,1286721,068,9812,57,0,1790987580,,,SCHEDULED
2026-10-03T00:26:03.335883+00:00,1286721,068,2629,58,0,1790987638,,,SCHEDULED
2026-10-03T00:26:03.335883+00:00,1286721,068,2634,59,0,1790987684,,,SCHEDULED
2026-10-03T00:26:03.335883+00:00,1286721,068,2635,60,0,1790987760,,,SCHEDULED
2026-10-03T00:26:03.335883+00:00,1286721,068,2636,61,0,1790987773,,,SCHEDULED
2026-10-03T00:26:03.335883+00:00,1286721,068,2637,62,0,1790987787,,,SCHEDULED
2026-10-03T00:26:03.335883+00:00,1286721,068,2638,63,0,1790987819,,,SCHEDULED
2026-10-03T00:26:03.335883+00:00,1286721,068,2639,64,0,1790987873,,,SCHEDULED
2026-10-03T00:26:03.335883+00:00,1286721,068,1086,65,0,1790988420,,,SCHEDULED
2026-10-03T00:26:03.335883+00:00,1286721,068,1088,66,0,1790988472,,,SCHEDULED
2026-10-03T00:26:03.335883+00:00,1286721,068,1087,67,0,1790988506,,,SCHEDULED
2026-10-03T00:26:03.335883+00:00,1286721,068,2642,68,0,1790988536,,,SCHEDULED
2026-10-03T00:26:03.335883+00:00,1286963,075,318,1,,,0,1790988444,SCHEDULED
2026-10-03T00:26:03.335883+00:00,1286963,075,4210,2,0,1790988671,,,SCHEDULED
2026-10-03T00:26:03.335883+00:00,1286963,075,1432,3,0,1790988761,,,SCHEDULED
2026-10-03T00:26:03.335883+00:00,1286963,075,1398,4,0,1790988826,,,SCHEDULED
2026-10-03T00:26:03.335883+00:00,1286963,075,3851,5,0,1790988864,,,SCHEDULED
2026-10-03T00:26:03.335883+00:00,1288227,137,85178,11,0,1790986730,,,SCHEDULED
2026-10-03T00:26:03.335883+00:00,1288227,137,85179,12,0,1790986879,,,SCHEDULED
2026-10-03T00:26:03.335883+00:00,1288227,137,85180,13,0,1790986893,,,SCHEDULED
2026-10-03T00:26:03.335883+00:00,1288227,137,85181,14,0,1790986948,,,SCHEDULED
2026-10-03T00:26:03.335883+00:00,1288227,137,1715,15,0,1790987052,,,SCHEDULED
2026-10-03T00:26:03.335883+00:00,1288227,137,85619,16,0,1790987146,,,SCHEDULED
2026-10-03T00:26:03.335883+00:00,1287411,082,288,1,,,0,1790988180,SCHEDULED
2026-10-03T00:26:03.335883+00:00,1287411,082,274,2,0,1790988478,,,SCHEDULED
2026-10-03T00:26:03.335883+00:00,1287411,082,275,3,0,1790988840,,,SCHEDULED
2026-10-03T00:26:03.335883+00:00,1288104,093,9800,1,,,0,1790988748,SCHEDULED
2026-10-03T00:26:03.335883+00:00,1288104,093,3099,2,0,1790988836,,,SCHEDULED
2026-10-03T00:26:03.335883+00:00,1288104,093,3100,3,0,1790988916,,,SCHEDULED
2026-10-03T00:26:03.335883+00:00,1285995,051,108,7,0,1790987185,,,SCHEDULED
2026-10-03T00:26:03.335883+00:00,1285995,051,123,8,0,1790987236,,,SCHEDULED
2026-10-03T00:26:03.335883+00:00,1285995,051,125,9,0,1790987311,,,SCHEDULED
2026-10-03T00:26:03.335883+00:00,1285995,051,126,10,0,1790987350,,,SCHEDULED
2026-10-03T00:26:03.335883+00:00,1285995,051,127,11,0,1790987373,,,SCHEDULED
2026-10-03T00:26:03.335883+00:00,1285995,051,128,12,0,1790987489,,,SCHEDULED
2026-10-03T00:26:03.335883+00:00,1285995,051,227,13,0,1790987555,,,SCHEDULED
2026-10-03T00:26:03.335883+00:00,1285995,051,229,14,0,1790987623,,,SCHEDULED
2026-10-03T00:26:03.335883+00:00,1285995,051,231,15,0,1790987723,,,SCHEDULED
2026-10-03T00:26:03.335883+00:00,1285995,051,232,16,0,1790987826,,,SCHEDULED
2026-10-03T00:26:03.335883+00:00,1285995,051,233,17,0,1790987926,,,SCHEDULED
2026-10-03T00:26:03.335883+00:00,1285995,051,234,18,0,1790988007,,,SCHEDULED
2026-10-03T00:26:03.335883+00:00,1285995,051,235,19,0,1790988051,,,SCHEDULED
2026-10-03T00:26:03.335883+00:00,1285995,051,236,20,0,1790988097,,,SCHEDULED
2026-10-03T00:26:03.335883+00:00,1285995,051,1927,21,0,1790988218,,,SCHEDULED
2026-10-03T00:26:03.335883+00:00,1285995,051,1930,22,0,1790988343,,,SCHEDULED
2026-10-03T00:26:03.335883+00:00,1285995,051,1931,23,0,1790988419,,,SCHEDULED
2026-10-03T00:26:03.335883+00:00,1285995,051,1949,24,0,1790988449,,,SCHEDULED
2026-10-03T00:26:03.335883+00:00,1285995,051,1932,25,0,1790988470,,,SCHEDULED
2026-10-03T00:26:03.335883+00:00,1285995,051,1936,26,0,1790988540,,,SCHEDULED
2026-10-03T00:26:03.335883+00:00,1285995,051,1937,27,0,1790988572,,,SCHEDULED
2026-10-03T00:26:03.335883+00:00,1285995,051,1938,28,0,1790988590,,,SCHEDULED
2026-10-03T00:26:03.335883+00:00,1285995,051,1939,29,0,1790988643,,,SCHEDULED
2026-10-03T00:26:03.335883+00:00,1285995,051,1839,30,0,1790988671,,,SCHEDULED
2026-10-03T00:26:03.335883+00:00,1285995,051,1841,31,0,1790988772,,,SCHEDULED
2026-10-03T00:26:03.335883+00:00,1285995,051,1842,32,0,1790988792,,,SCHEDULED
2026-10-03T00:26:03.335883+00:00,1285995,051,1843,33,0,1790988830,,,SCHEDULED
2026-10-03T00:26:03.335883+00:00,1285994,051,668,1,,,0,1790987848,SCHEDULED
2026-10-03T00:26:03.335883+00:00,1285994,051,221,2,0,1790987938,,,SCHEDULED
2026-10-03T00:26:03.335883+00:00,1285994,051,222,3,0,1790987986,,,SCHEDULED
2026-10-03T00:26:03.335883+00:00,1285994,051,223,4,0,1790988095,,,SCHEDULED
2026-10-03T00:26:03.335883+00:00,1285994,051,225,5,0,1790988248,,,SCHEDULED
2026-10-03T00:26:03.335883+00:00,1285994,051,226,6,0,1790988334,,,SCHEDULED
2026-10-03T00:26:03.335883+00:00,1285994,051,108,7,0,1790988401,,,SCHEDULED
2026-10-03T00:26:03.335883+00:00,1285994,051,123,8,0,1790988452,,,SCHEDULED
2026-10-03T00:26:03.335883+00:00,1285994,051,125,9,0,1790988527,,,SCHEDULED
2026-10-03T00:26:03.335883+00:00,1285994,051,126,10,0,1790988566,,,SCHEDULED
2026-10-03T00:26:03.335883+00:00,1285994,051,127,11,0,1790988589,,,SCHEDULED
2026-10-03T00:26:03.335883+00:00,1285994,051,128,12,0,1790988705,,,SCHEDULED
2026-10-03T00:26:03.335883+00:00,1285994,051,227,13,0,1790988771,,,SCHEDULED
2026-10-03T00:26:03.335883+00:00,1285994,051,229,14,0,1790988839,,,SCHEDULED
2026-10-03T00:26:03.335883+00:00,1285994,051,231,15,0,1790988939,,,SCHEDULED
2026-10-03T00:26:03.335883+00:00,1287412,082,3893,4,0,1790987375,,,SCHEDULED
2026-10-03T00:26:03.335883+00:00,1287412,082,3894,5,0,1790987566,,,SCHEDULED
2026-10-03T00:26:03.335883+00:00,1287412,082,3895,6,0,1790987658,,,SCHEDULED
2026-10-03T00:26:03.335883+00:00,1287412,082,1662,7,0,1790987736,,,SCHEDULED
2026-10-03T00:26:03.335883+00:00,1287412,082,1663,8,0,1790987771,,,SCHEDULED
2026-10-03T00:26:03.335883+00:00,1287412,082,1664,9,0,1790987817,,,SCHEDULED
2026-10-03T00:26:03.335883+00:00,1287412,082,1665,10,0,1790987858,,,SCHEDULED
2026-10-03T00:26:03.335883+00:00,1287412,082,1666,11,0,1790987882,,,SCHEDULED
2026-10-03T00:26:03.335883+00:00,1287412,082,1668,12,0,1790987992,,,SCHEDULED
2026-10-03T00:26:03.335883+00:00,1287412,082,1669,13,0,1790988039,,,SCHEDULED
2026-10-03T00:26:03.335883+00:00,1287412,082,1670,14,0,1790988093,,,SCHEDULED
2026-10-03T00:26:03.335883+00:00,1287412,082,1671,15,0,1790988186,,,SCHEDULED
2026-10-03T00:26:03.335883+00:00,1287412,082,1672,16,0,1790988233,,,SCHEDULED
2026-10-03T00:26:03.335883+00:00,1287412,082,1673,17,0,1790988279,,,SCHEDULED
2026-10-03T00:26:03.335883+00:00,1287412,082,1674,18,0,1790988312,,,SCHEDULED
2026-10-03T00:26:03.335883+00:00,1287412,082,1675,19,0,1790988373,,,SCHEDULED
2026-10-03T00:26:03.335883+00:00,1287412,082,1677,20,0,1790988439,,,SCHEDULED
2026-10-03T00:26:03.335883+00:00,1287412,082,1127,21,0,1790988518,,,SCHEDULED
2026-10-03T00:26:03.335883+00:00,1287412,082,1128,22,0,1790988564,,,SCHEDULED
2026-10-03T00:26:03.335883+00:00,1287412,082,1129,23,0,1790988600,,,SCHEDULED
2026-10-03T00:26:03.335883+00:00,1287412,082,1130,24,0,1790988628,,,SCHEDULED
2026-10-03T00:26:03.335883+00:00,1287412,082,1131,25,0,1790988675,,,SCHEDULED
2026-10-03T00:26:03.335883+00:00,1287412,082,3089,26,0,1790988768,,,SCHEDULED
2026-10-03T00:26:03.335883+00:00,1287412,082,3090,27,0,1790988863,,,SCHEDULED
2026-10-03T00:26:03.335883+00:00,1285997,051,1842,32,0,1790987148,,,SCHEDULED
2026-10-03T00:26:03.335883+00:00,1285997,051,1843,33,0,1790987193,,,SCHEDULED
2026-10-03T00:26:03.335883+00:00,1285997,051,1844,34,0,1790987231,,,SCHEDULED
2026-10-03T00:26:03.335883+00:00,1285997,051,1845,35,0,1790987268,,,SCHEDULED
2026-10-03T00:26:03.335883+00:00,1285997,051,1846,36,0,1790987318,,,SCHEDULED
2026-10-03T00:26:03.335883+00:00,1285997,051,1847,37,0,1790987347,,,SCHEDULED
2026-10-03T00:26:03.335883+00:00,1285997,051,1848,38,0,1790987401,,,SCHEDULED
2026-10-03T00:26:03.335883+00:00,1285997,051,1849,39,0,1790987459,,,SCHEDULED
2026-10-03T00:26:03.335883+00:00,1285997,051,1850,40,0,1790987509,,,SCHEDULED
2026-10-03T00:26:03.335883+00:00,1285997,051,1851,41,0,1790987580,,,SCHEDULED
2026-10-03T00:26:03.335883+00:00,1285997,051,1852,42,0,1790987626,,,SCHEDULED
2026-10-03T00:26:03.335883+00:00,1285997,051,1853,43,0,1790987666,,,SCHEDULED
2026-10-03T00:26:03.335883+00:00,1285997,051,1854,44,0,1790987703,,,SCHEDULED
2026-10-03T00:26:03.335883+00:00,1285997,051,1855,45,0,1790987770,,,SCHEDULED
2026-10-03T00:26:03.335883+00:00,1285997,051,1856,46,0,1790987840,,,SCHEDULED
2026-10-03T00:26:03.335883+00:00,1285997,051,1857,47,0,1790987877,,,SCHEDULED
2026-10-03T00:26:03.335883+00:00,1285997,051,1858,48,0,1790987921,,,SCHEDULED
2026-10-03T00:26:03.335883+00:00,1285997,051,1859,49,0,1790988041,,,SCHEDULED
2026-10-03T00:26:03.335883+00:00,1285997,051,1860,50,0,1790988122,,,SCHEDULED
2026-10-03T00:26:03.335883+00:00,1285997,051,1861,51,0,1790988155,,,SCHEDULED
2026-10-03T00:26:03.335883+00:00,1285997,051,2020,52,0,1790988219,,,SCHEDULED
2026-10-03T00:26:03.335883+00:00,1285997,051,2021,53,0,1790988316,,,SCHEDULED
2026-10-03T00:26:03.335883+00:00,1285997,051,3130,54,0,1790988379,,,SCHEDULED
2026-10-03T00:26:03.335883+00:00,1285996,051,227,13,0,1790987162,,,SCHEDULED
2026-10-03T00:26:03.335883+00:00,1285996,051,229,14,0,1790987230,,,SCHEDULED
2026-10-03T00:26:03.335883+00:00,1285996,051,231,15,0,1790987330,,,SCHEDULED
2026-10-03T00:26:03.335883+00:00,1285996,051,232,16,0,1790987433,,,SCHEDULED
2026-10-03T00:26:03.335883+00:00,1285996,051,233,17,0,1790987533,,,SCHEDULED
2026-10-03T00:26:03.335883+00:00,1285996,051,234,18,0,1790987614,,,SCHEDULED
2026-10-03T00:26:03.335883+00:00,1285996,051,235,19,0,1790987658,,,SCHEDULED
2026-10-03T00:26:03.335883+00:00,1285996,051,236,20,0,1790987704,,,SCHEDULED
2026-10-03T00:26:03.335883+00:00,1285996,051,1927,21,0,1790987825,,,SCHEDULED
2026-10-03T00:26:03.335883+00:00,1285996,051,1930,22,0,1790987950,,,SCHEDULED
2026-10-03T00:26:03.335883+00:00,1285996,051,1931,23,0,1790988026,,,SCHEDULED
2026-10-03T00:26:03.335883+00:00,1285996,051,1949,24,0,1790988056,,,SCHEDULED
2026-10-03T00:26:03.335883+00:00,1285996,051,1932,25,0,1790988077,,,SCHEDULED
2026-10-03T00:26:03.335883+00:00,1285996,051,1936,26,0,1790988147,,,SCHEDULED
2026-10-03T00:26:03.335883+00:00,1285996,051,1937,27,0,1790988179,,,SCHEDULED
2026-10-03T00:26:03.335883+00:00,1285996,051,1938,28,0,1790988197,,,SCHEDULED
2026-10-03T00:26:03.335883+00:00,1285996,051,1939,29,0,1790988250,,,SCHEDULED
2026-10-03T00:26:03.335883+00:00,1285996,051,1839,30,0,1790988278,,,SCHEDULED
2026-10-03T00:26:03.335883+00:00,1285996,051,1841,31,0,1790988379,,,SCHEDULED
2026-10-03T00:26:03.335883+00:00,1285996,051,1842,32,0,1790988399,,,SCHEDULED
2026-10-03T00:26:03.335883+00:00,1285996,051,1843,33,0,1790988437,,,SCHEDULED
2026-10-03T00:26:03.335883+00:00,1285996,051,1844,34,0,1790988508,,,SCHEDULED
2026-10-03T00:26:03.335883+00:00,1285996,051,1845,35,0,1790988535,,,SCHEDULED
2026-10-03T00:26:03.335883+00:00,1285996,051,1846,36,0,1790988566,,,SCHEDULED
2026-10-03T00:26:03.335883+00:00,1285996,051,1847,37,0,1790988569,,,SCHEDULED
2026-10-03T00:26:03.335883+00:00,1285996,051,1848,38,0,1790988574,,,SCHEDULED
2026-10-03T00:26:03.335883+00:00,1285996,051,1849,39,0,1790988639,,,SCHEDULED
2026-10-03T00:26:03.335883+00:00,1285996,051,1850,40,0,1790988691,,,SCHEDULED
2026-10-03T00:26:03.335883+00:00,1285996,051,1851,41,0,1790988836,,,SCHEDULED
2026-10-03T00:26:03.335883+00:00,1285996,051,1852,42,0,1790988896,,,SCHEDULED
2026-10-03T00:26:03.335883+00:00,1285996,051,1853,43,0,1790988927,,,SCHEDULED
2026-10-03T00:26:03.335883+00:00,1286964,075,1418,6,0,1790987226,,,SCHEDULED
2026-10-03T00:26:03.335883+00:00,1286964,075,1420,7,0,1790987410,,,SCHEDULED
2026-10-03T00:26:03.335883+00:00,1286722,068,2381,16,0,1790987207,,,SCHEDULED
2026-10-03T00:26:03.335883+00:00,1286722,068,2382,17,0,1790987343,,,SCHEDULED
2026-10-03T00:26:03.335883+00:00,1286722,068,2383,18,0,1790987457,,,SCHEDULED
2026-10-03T00:26:03.335883+00:00,1286722,068,2385,19,0,1790987522,,,SCHEDULED
2026-10-03T00:26:03.335883+00:00,1286722,068,2014,20,0,1790987626,,,SCHEDULED
2026-10-03T00:26:03.335883+00:00,1286722,068,2015,21,0,1790987721,,,SCHEDULED
2026-10-03T00:26:03.335883+00:00,1286722,068,2016,22,0,1790987742,,,SCHEDULED
2026-10-03T00:26:03.335883+00:00,1286722,068,2166,23,0,1790987834,,,SCHEDULED
2026-10-03T00:26:03.335883+00:00,1286722,068,1884,24,0,1790988032,,,SCHEDULED
2026-10-03T00:26:03.335883+00:00,1286722,068,1885,25,0,1790988147,,,SCHEDULED
2026-10-03T00:26:03.335883+00:00,1286722,068,1686,26,0,1790988331,,,SCHEDULED
2026-10-03T00:26:03.335883+00:00,1286722,068,2691,27,0,1790988367,,,SCHEDULED
2026-10-03T00:26:03.335883+00:00,1286722,068,2692,28,0,1790988414,,,SCHEDULED
2026-10-03T00:26:03.335883+00:00,1286722,068,2693,29,0,1790988465,,,SCHEDULED
2026-10-03T00:26:03.335883+00:00,1286722,068,2694,30,0,1790988523,,,SCHEDULED
2026-10-03T00:26:03.335883+00:00,1286722,068,2695,31,0,1790988568,,,SCHEDULED
2026-10-03T00:26:03.335883+00:00,1286722,068,2696,32,0,1790988612,,,SCHEDULED
2026-10-03T00:26:03.335883+00:00,1286722,068,2699,33,0,1790988634,,,SCHEDULED
2026-10-03T00:26:03.335883+00:00,1286722,068,2700,34,0,1790988701,,,SCHEDULED
2026-10-03T00:26:03.335883+00:00,1286722,068,2703,35,0,1790988702,,,SCHEDULED
2026-10-03T00:26:03.335883+00:00,1286722,068,2704,36,0,1790988703,,,SCHEDULED
2026-10-03T00:26:03.335883+00:00,1286722,068,2706,37,0,1790988704,,,SCHEDULED
2026-10-03T00:26:03.335883+00:00,1286722,068,2707,38,0,1790988761,,,SCHEDULED
2026-10-03T00:26:03.335883+00:00,1286722,068,2708,39,0,1790988829,,,SCHEDULED
2026-10-03T00:26:03.335883+00:00,1286722,068,2709,40,0,1790988874,,,SCHEDULED
2026-10-03T00:26:03.335883+00:00,1286722,068,2710,41,0,1790988891,,,SCHEDULED
2026-10-03T00:26:03.335883+00:00,1286722,068,2711,42,0,1790988924,,,SCHEDULED
2026-10-03T00:26:03.335883+00:00,1285998,051,1857,47,0,1790987138,,,SCHEDULED
2026-10-03T00:26:03.335883+00:00,1285998,051,1858,48,0,1790987186,,,SCHEDULED
2026-10-03T00:26:03.335883+00:00,1285998,051,1859,49,0,1790987263,,,SCHEDULED
2026-10-03T00:26:03.335883+00:00,1285998,051,1860,50,0,1790987364,,,SCHEDULED
2026-10-03T00:26:03.335883+00:00,1285998,051,1861,51,0,1790987462,,,SCHEDULED
2026-10-03T00:26:03.335883+00:00,1285998,051,2020,52,0,1790987502,,,SCHEDULED
2026-10-03T00:26:03.335883+00:00,1285998,051,2021,53,0,1790987593,,,SCHEDULED
2026-10-03T00:26:03.335883+00:00,1285998,051,3130,54,0,1790987656,,,SCHEDULED
2026-10-03T00:26:03.335883+00:00,1288229,137,1714,1,,,0,1790988379,SCHEDULED
2026-10-03T00:26:03.335883+00:00,1288229,137,1904,2,0,1790988545,,,SCHEDULED
2026-10-03T00:26:03.335883+00:00,1286723,068,885,1,,,0,1790987700,SCHEDULED
2026-10-03T00:26:03.335883+00:00,1286723,068,286,2,0,1790988220,,,SCHEDULED
2026-10-03T00:26:03.335883+00:00,1286723,068,4439,3,0,1790988281,,,SCHEDULED
2026-10-03T00:26:03.335883+00:00,1286723,068,4440,4,0,1790988312,,,SCHEDULED
2026-10-03T00:26:03.335883+00:00,1286723,068,4441,5,0,1790988323,,,SCHEDULED
2026-10-03T00:26:03.335883+00:00,1286723,068,4015,6,0,1790988418,,,SCHEDULED
2026-10-03T00:26:03.335883+00:00,1286723,068,4016,7,0,1790988443,,,SCHEDULED
2026-10-03T00:26:03.335883+00:00,1286723,068,4017,8,0,1790988487,,,SCHEDULED
2026-10-03T00:26:03.335883+00:00,1286723,068,3914,9,0,1790988611,,,SCHEDULED
2026-10-03T00:26:03.335883+00:00,1286723,068,3836,10,0,1790988642,,,SCHEDULED
2026-10-03T00:26:03.335883+00:00,1286723,068,2375,11,0,1790988900,,,SCHEDULED
2026-10-03T00:26:03.335883+00:00,1286849,072,323,1,,,0,1790988608,SCHEDULED
2026-10-03T00:26:03.335883+00:00,1286849,072,4210,2,0,1790988790,,,SCHEDULED
2026-10-03T00:26:03.335883+00:00,1286849,072,4211,3,0,1790988836,,,SCHEDULED
2026-10-03T00:26:03.335883+00:00,1286849,072,4213,4,0,1790988866,,,SCHEDULED
2026-10-03T00:26:03.335883+00:00,1286849,072,4214,5,0,1790988908,,,SCHEDULED
2026-10-03T00:26:03.335883+00:00,1284826,015,9807,1,,,0,1790988060,SCHEDULED
2026-10-03T00:26:03.335883+00:00,1284826,015,545,2,0,1790988131,,,SCHEDULED
2026-10-03T00:26:03.335883+00:00,1284826,015,547,3,0,1790988199,,,SCHEDULED
2026-10-03T00:26:03.335883+00:00,1284826,015,548,4,0,1790988226,,,SCHEDULED
2026-10-03T00:26:03.335883+00:00,1284826,015,549,5,0,1790988258,,,SCHEDULED
2026-10-03T00:26:03.335883+00:00,1284826,015,960,6,0,1790988291,,,SCHEDULED
2026-10-03T00:26:03.335883+00:00,1284826,015,961,7,0,1790988312,,,SCHEDULED
2026-10-03T00:26:03.335883+00:00,1284826,015,962,8,0,1790988341,,,SCHEDULED
2026-10-03T00:26:03.335883+00:00,1284826,015,963,9,0,1790988398,,,SCHEDULED
2026-10-03T00:26:03.335883+00:00,1284826,015,964,10,0,1790988436,,,SCHEDULED
2026-10-03T00:26:03.335883+00:00,1284826,015,965,11,0,1790988472,,,SCHEDULED
2026-10-03T00:26:03.335883+00:00,1284826,015,966,12,0,1790988549,,,SCHEDULED
2026-10-03T00:26:03.335883+00:00,1284826,015,967,13,0,1790988585,,,SCHEDULED
2026-10-03T00:26:03.335883+00:00,1284826,015,968,14,0,1790988618,,,SCHEDULED
2026-10-03T00:26:03.335883+00:00,1284826,015,969,15,0,1790988656,,,SCHEDULED
2026-10-03T00:26:03.335883+00:00,1284826,015,836,16,0,1790988692,,,SCHEDULED
2026-10-03T00:26:03.335883+00:00,1284826,015,838,17,0,1790988742,,,SCHEDULED
2026-10-03T00:26:03.335883+00:00,1284826,015,839,18,0,1790988793,,,SCHEDULED
2026-10-03T00:26:03.335883+00:00,1284826,015,840,19,0,1790988858,,,SCHEDULED
2026-10-03T00:26:03.335883+00:00,1284826,015,841,20,0,1790988900,,,SCHEDULED
2026-10-03T00:26:03.335883+00:00,1288182,103,251,11,0,1790987150,,,SCHEDULED
2026-10-03T00:26:03.335883+00:00,1288182,103,252,12,0,1790987186,,,SCHEDULED
2026-10-03T00:26:03.335883+00:00,1288182,103,253,13,0,1790987212,,,SCHEDULED
2026-10-03T00:26:03.335883+00:00,1288182,103,254,14,0,1790987234,,,SCHEDULED
2026-10-03T00:26:03.335883+00:00,1288182,103,255,15,0,1790987257,,,SCHEDULED
2026-10-03T00:26:03.335883+00:00,1288182,103,257,16,0,1790987291,,,SCHEDULED
2026-10-03T00:26:03.335883+00:00,1288182,103,258,17,0,1790987311,,,SCHEDULED
2026-10-03T00:26:03.335883+00:00,1288182,103,259,18,0,1790987353,,,SCHEDULED
2026-10-03T00:26:03.335883+00:00,1288182,103,260,19,0,1790987373,,,SCHEDULED
2026-10-03T00:26:03.335883+00:00,1288182,103,261,20,0,1790987390,,,SCHEDULED
2026-10-03T00:26:03.335883+00:00,1288182,103,262,21,0,1790987412,,,SCHEDULED
2026-10-03T00:26:03.335883+00:00,1288182,103,264,22,0,1790987466,,,SCHEDULED
2026-10-03T00:26:03.335883+00:00,1288182,103,263,23,0,1790987495,,,SCHEDULED
2026-10-03T00:26:03.335883+00:00,1288182,103,157,24,0,1790987515,,,SCHEDULED
2026-10-03T00:26:03.335883+00:00,1288182,103,158,25,0,1790987548,,,SCHEDULED
2026-10-03T00:26:03.335883+00:00,1288182,103,159,26,0,1790987567,,,SCHEDULED
2026-10-03T00:26:03.335883+00:00,1288182,103,160,27,0,1790987585,,,SCHEDULED
2026-10-03T00:26:03.335883+00:00,1288182,103,161,28,0,1790987629,,,SCHEDULED
2026-10-03T00:26:03.335883+00:00,1288182,103,877,29,0,1790987645,,,SCHEDULED
2026-10-03T00:26:03.335883+00:00,1288182,103,162,30,0,1790987665,,,SCHEDULED
2026-10-03T00:26:03.335883+00:00,1288182,103,163,31,0,1790987686,,,SCHEDULED
2026-10-03T00:26:03.335883+00:00,1288182,103,164,32,0,1790987698,,,SCHEDULED
2026-10-03T00:26:03.335883+00:00,1288182,103,165,33,0,1790987724,,,SCHEDULED
2026-10-03T00:26:03.335883+00:00,1288182,103,166,34,0,1790987768,,,SCHEDULED
2026-10-03T00:26:03.335883+00:00,1288182,103,167,35,0,1790987794,,,SCHEDULED
2026-10-03T00:26:03.335883+00:00,1288182,103,173,36,0,1790987816,,,SCHEDULED
2026-10-03T00:26:03.335883+00:00,1288182,103,168,37,0,1790987857,,,SCHEDULED
2026-10-03T00:26:03.335883+00:00,1288182,103,169,38,0,1790987899,,,SCHEDULED
2026-10-03T00:26:03.335883+00:00,1288182,103,170,39,0,1790987934,,,SCHEDULED
2026-10-03T00:26:03.335883+00:00,1288182,103,171,40,0,1790988044,,,SCHEDULED
2026-10-03T00:26:03.335883+00:00,1288184,103,251,11,0,1790987168,,,SCHEDULED
2026-10-03T00:26:03.335883+00:00,1288184,103,252,12,0,1790987194,,,SCHEDULED
2026-10-03T00:26:03.335883+00:00,1288184,103,253,13,0,1790987206,,,SCHEDULED
2026-10-03T00:26:03.335883+00:00,1288184,103,254,14,0,1790987224,,,SCHEDULED
2026-10-03T00:26:03.335883+00:00,1288184,103,255,15,0,1790987242,,,SCHEDULED
2026-10-03T00:26:03.335883+00:00,1288184,103,257,16,0,1790987275,,,SCHEDULED
2026-10-03T00:26:03.335883+00:00,1288184,103,258,17,0,1790987295,,,SCHEDULED
2026-10-03T00:26:03.335883+00:00,1288184,103,259,18,0,1790987327,,,SCHEDULED
2026-10-03T00:26:03.335883+00:00,1288184,103,260,19,0,1790987346,,,SCHEDULED
2026-10-03T00:26:03.335883+00:00,1288184,103,261,20,0,1790987365,,,SCHEDULED
2026-10-03T00:26:03.335883+00:00,1288184,103,262,21,0,1790987380,,,SCHEDULED
2026-10-03T00:26:03.335883+00:00,1288184,103,264,22,0,1790987443,,,SCHEDULED
2026-10-03T00:26:03.335883+00:00,1288184,103,263,23,0,1790987476,,,SCHEDULED
2026-10-03T00:26:03.335883+00:00,1288184,103,157,24,0,1790987544,,,SCHEDULED
2026-10-03T00:26:03.335883+00:00,1288184,103,158,25,0,1790987577,,,SCHEDULED
2026-10-03T00:26:03.335883+00:00,1288184,103,159,26,0,1790987601,,,SCHEDULED
2026-10-03T00:26:03.335883+00:00,1288184,103,160,27,0,1790987620,,,SCHEDULED
2026-10-03T00:26:03.335883+00:00,1288184,103,161,28,0,1790987681,,,SCHEDULED
2026-10-03T00:26:03.335883+00:00,1288184,103,877,29,0,1790987719,,,SCHEDULED
2026-10-03T00:26:03.335883+00:00,1288184,103,162,30,0,1790987776,,,SCHEDULED
2026-10-03T00:26:03.335883+00:00,1288184,103,163,31,0,1790987823,,,SCHEDULED
2026-10-03T00:26:03.335883+00:00,1288184,103,164,32,0,1790987847,,,SCHEDULED
2026-10-03T00:26:03.335883+00:00,1288184,103,165,33,0,1790987903,,,SCHEDULED
2026-10-03T00:26:03.335883+00:00,1288184,103,166,34,0,1790988002,,,SCHEDULED
2026-10-03T00:26:03.335883+00:00,1288184,103,167,35,0,1790988040,,,SCHEDULED
2026-10-03T00:26:03.335883+00:00,1288184,103,173,36,0,1790988097,,,SCHEDULED
2026-10-03T00:26:03.335883+00:00,1288184,103,168,37,0,1790988158,,,SCHEDULED
2026-10-03T00:26:03.335883+00:00,1288184,103,169,38,0,1790988224,,,SCHEDULED
2026-10-03T00:26:03.335883+00:00,1288184,103,170,39,0,1790988290,,,SCHEDULED
2026-10-03T00:26:03.335883+00:00,1288184,103,171,40,0,1790988451,,,SCHEDULED
2026-10-03T00:26:03.335883+00:00,1287096,078,9920,1,,,0,1790987838,SCHEDULED
2026-10-03T00:26:03.335883+00:00,1287096,078,2760,2,0,1790988023,,,SCHEDULED
2026-10-03T00:26:03.335883+00:00,1287096,078,2761,3,0,1790988091,,,SCHEDULED
2026-10-03T00:26:03.335883+00:00,1287096,078,2762,4,0,1790988153,,,SCHEDULED
2026-10-03T00:26:03.335883+00:00,1287096,078,2763,5,0,1790988221,,,SCHEDULED
2026-10-03T00:26:03.335883+00:00,1287096,078,2764,6,0,1790988301,,,SCHEDULED
