poll_time,trip_id,route_id,stop_id,stop_sequence,arrival_delay,arrival_time,departure_delay,departure_time,schedule_relationship
2026-10-10T02:13:33.945568+00:00,1287784,087,291,1,,,0,1791599280,SCHEDULED
2026-10-10T02:13:33.945568+00:00,1287784,087,274,2,0,1791599567,,,SCHEDULED
2026-10-10T02:13:33.945568+00:00,1287784,087,275,3,0,1791599940,,,SCHEDULED
2026-10-10T02:13:33.945568+00:00,1287784,087,3893,4,0,1791600157,,,SCHEDULED
2026-10-10T02:13:33.945568+00:00,1288234,138,1434,1,,,0,1791598919,SCHEDULED
2026-10-10T02:13:33.945568+00:00,1288234,138,1811,2,0,1791599057,,,SCHEDULED
2026-10-10T02:13:33.945568+00:00,1287542,084,4004,7,0,1791598414,,,SCHEDULED
2026-10-10T02:13:33.945568+00:00,1287542,084,4005,8,0,1791598445,,,SCHEDULED
2026-10-10T02:13:33.945568+00:00,1287542,084,4006,9,0,1791598480,,,SCHEDULED
2026-10-10T02:13:33.945568+00:00,1287542,084,4007,10,0,1791598520,,,SCHEDULED
2026-10-10T02:13:33.945568+00:00,1287542,084,3950,11,0,1791598544,,,SCHEDULED
2026-10-10T02:13:33.945568+00:00,1287542,084,3951,12,0,1791598582,,,SCHEDULED
2026-10-10T02:13:33.945568+00:00,1287542,084,3953,13,0,1791598619,,,SCHEDULED
2026-10-10T02:13:33.945568+00:00,1287542,084,3954,14,0,1791598644,,,SCHEDULED
2026-10-10T02:13:33.945568+00:00,1287542,084,3955,15,0,1791598672,,,SCHEDULED
2026-10-10T02:13:33.945568+00:00,1287542,084,3956,16,0,1791598701,,,SCHEDULED
2026-10-10T02:13:33.945568+00:00,1287542,084,3957,17,0,1791598721,,,SCHEDULED
2026-10-10T02:13:33.945568+00:00,1287542,084,3063,18,0,1791598740,,,SCHEDULED
2026-10-10T02:13:33.945568+00:00,1287542,084,3064,19,0,1791598790,,,SCHEDULED
2026-10-10T02:13:33.945568+00:00,1287542,084,3065,20,0,1791598821,,,SCHEDULED
2026-10-10T02:13:33.945568+00:00,1287542,084,3066,21,0,1791598855,,,SCHEDULED
2026-10-10T02:13:33.945568+00:00,1287542,084,3067,22,0,1791598900,,,SCHEDULED
2026-10-10T02:13:33.945568+00:00,1287542,084,3068,23,0,1791598945,,,SCHEDULED
2026-10-10T02:13:33.945568+00:00,1287542,084,3069,24,0,1791598998,,,SCHEDULED
2026-10-10T02:13:33.945568+00:00,1287542,084,3049,25,0,1791599082,,,SCHEDULED
2026-10-10T02:13:33.945568+00:00,1287542,084,3070,26,0,1791599124,,,SCHEDULED
2026-10-10T02:13:33.945568+00:00,1287542,084,3071,27,0,1791599166,,,SCHEDULED
2026-10-10T02:13:33.945568+00:00,1287542,084,3072,28,0,1791599200,,,SCHEDULED
2026-10-10T02:13:33.945568+00:00,1287542,084,9801,29,0,1791599280,,,SCHEDULED
2026-10-10T02:13:33.945568+00:00,1287542,084,3073,30,0,1791599320,,,SCHEDULED
2026-10-10T02:13:33.945568+00:00,1287542,084,3074,31,0,1791599400,,,SCHEDULED
2026-10-10T02:13:33.945568+00:00,1287542,084,3075,32,0,1791599435,,,SCHEDULED
2026-10-10T02:13:33.945568+00:00,1287542,084,3076,33,0,1791599523,,,SCHEDULED
2026-10-10T02:13:33.945568+00:00,1287542,084,3077,34,0,1791599560,,,SCHEDULED
2026-10-10T02:13:33.945568+00:00,1287542,084,3078,35,0,1791599668,,,SCHEDULED
2026-10-10T02:13:33.945568+00:00,1287542,084,3079,36,0,1791599719,,,SCHEDULED
2026-10-10T02:13:33.945568+00:00,1287542,084,3080,37,0,1791599771,,,SCHEDULED
2026-10-10T02:13:33.945568+00:00,1287542,084,1074,38,0,1791599836,,,SCHEDULED
2026-10-10T02:13:33.945568+00:00,1287542,084,1075,39,0,1791599882,,,SCHEDULED
2026-10-10T02:13:33.945568+00:00,1287542,084,1076,40,0,1791599909,,,SCHEDULED
2026-10-10T02:13:33.945568+00:00,1287542,084,1077,41,0,1791599947,,,SCHEDULED
2026-10-10T02:13:33.945568+00:00,1287542,084,1646,42,0,1791600000,,,SCHEDULED
2026-10-10T02:13:33.945568+00:00,1287542,084,1648,43,0,1791600059,,,SCHEDULED
2026-10-10T02:13:33.945568+00:00,1287542,084,1107,44,0,1791600114,,,SCHEDULED
2026-10-10T02:13:33.945568+00:00,1287542,084,1108,45,0,1791600163,,,SCHEDULED
2026-10-10T02:13:33.945568+00:00,1284671,013,1096,23,0,1791598548,,,SCHEDULED
2026-10-10T02:13:33.945568+00:00,1284671,013,1098,24,0,1791598593,,,SCHEDULED
2026-10-10T02:13:33.945568+00:00,1284671,013,1099,25,0,1791598749,,,SCHEDULED
2026-10-10T02:13:33.945568+00:00,1284671,013,1100,26,0,1791598863,,,SCHEDULED
2026-10-10T02:13:33.945568+00:00,1284671,013,1101,27,0,1791598941,,,SCHEDULED
2026-10-10T02:13:33.945568+00:00,1284671,013,1102,28,0,1791599007,,,SCHEDULED
2026-10-10T02:13:33.945568+00:00,1284671,013,1103,29,0,1791599081,,,SCHEDULED
2026-10-10T02:13:33.945568+00:00,1284671,013,1104,30,0,1791599151,,,SCHEDULED
2026-10-10T02:13:33.945568+00:00,1284671,013,1105,31,0,1791599229,,,SCHEDULED
2026-10-10T02:13:33.945568+00:00,1284671,013,1106,32,0,1791599347,,,SCHEDULED
2026-10-10T02:13:33.945568+00:00,1284671,013,1674,33,0,1791599398,,,SCHEDULED
2026-10-10T02:13:33.945568+00:00,1284671,013,1675,34,0,1791599457,,,SCHEDULED
2026-10-10T02:13:33.945568+00:00,1284671,013,1677,35,0,1791599529,,,SCHEDULED
2026-10-10T02:13:33.945568+00:00,1284671,013,1127,36,0,1791599556,,,SCHEDULED
2026-10-10T02:13:33.945568+00:00,1284671,013,1128,37,0,1791599589,,,SCHEDULED
2026-10-10T02:13:33.945568+00:00,1284671,013,1129,38,0,1791599648,,,SCHEDULED
2026-10-10T02:13:33.945568+00:00,1284671,013,1130,39,0,1791599692,,,SCHEDULED
2026-10-10T02:13:33.945568+00:00,1284671,013,1131,40,0,1791599742,,,SCHEDULED
2026-10-10T02:13:33.945568+00:00,1284671,013,3089,41,0,1791599792,,,SCHEDULED
2026-10-10T02:13:33.945568+00:00,1284671,013,1464,42,0,1791599850,,,SCHEDULED
2026-10-10T02:13:33.945568+00:00,1288233,137,1714,1,,,0,1791599435,SCHEDULED
2026-10-10T02:13:33.945568+00:00,1288233,137,1904,2,0,1791599609,,,SCHEDULED
2026-10-10T02:13:33.945568+00:00,1284670,013,1334,1,,,0,1791599930,SCHEDULED
2026-10-10T02:13:33.945568+00:00,1284670,013,1335,2,0,1791600135,,,SCHEDULED
2026-10-10T02:13:33.945568+00:00,1288079,093,9800,1,,,0,1791598962,SCHEDULED
2026-10-10T02:13:33.945568+00:00,1288079,093,3099,2,0,1791599024,,,SCHEDULED
2026-10-10T02:13:33.945568+00:00,1288079,093,3100,3,0,1791599110,,,SCHEDULED
2026-10-10T02:13:33.945568+00:00,1288079,093,3101,4,0,1791599154,,,SCHEDULED
2026-10-10T02:13:33.945568+00:00,1288079,093,3102,5,0,1791599212,,,SCHEDULED
2026-10-10T02:13:33.945568+00:00,1288079,093,3103,6,0,1791599314,,,SCHEDULED
2026-10-10T02:13:33.945568+00:00,1288079,093,3503,7,0,1791599365,,,SCHEDULED
2026-10-10T02:13:33.945568+00:00,1288079,093,3504,8,0,1791599482,,,SCHEDULED
2026-10-10T02:13:33.945568+00:00,1288079,093,3505,9,0,1791599564,,,SCHEDULED
2026-10-10T02:13:33.945568+00:00,1288079,093,3520,10,0,1791599667,,,SCHEDULED
2026-10-10T02:13:33.945568+00:00,1288079,093,3521,11,0,1791599726,,,SCHEDULED
2026-10-10T02:13:33.945568+00:00,1288079,093,3522,12,0,1791599758,,,SCHEDULED
2026-10-10T02:13:33.945568+00:00,1288079,093,3523,13,0,1791599774,,,SCHEDULED
2026-10-10T02:13:33.945568+00:00,1288079,093,3524,14,0,1791599813,,,SCHEDULED
2026-10-10T02:13:33.945568+00:00,1288079,093,3526,15,0,1791599877,,,SCHEDULED
2026-10-10T02:13:33.945568+00:00,1288079,093,3527,16,0,1791599925,,,SCHEDULED
2026-10-10T02:13:33.945568+00:00,1288079,093,3530,17,0,1791600021,,,SCHEDULED
2026-10-10T02:13:33.945568+00:00,1288079,093,3531,18,0,1791600080,,,SCHEDULED
2026-10-10T02:13:33.945568+00:00,1288079,093,3532,19,0,1791600126,,,SCHEDULED
2026-10-10T02:13:33.945568+00:00,1288079,093,3533,20,0,1791600172,,,SCHEDULED
2026-10-10T02:13:33.945568+00:00,1285003,021,1070,1,,,0,1791599380,SCHEDULED
2026-10-10T02:13:33.945568+00:00,1285003,021,3327,2,0,1791599396,,,SCHEDULED
2026-10-10T02:13:33.945568+00:00,1285003,021,3328,3,0,1791599469,,,SCHEDULED
2026-10-10T02:13:33.945568+00:00,1285003,021,3329,4,0,1791599505,,,SCHEDULED
2026-10-10T02:13:33.945568+00:00,1285003,021,3330,5,0,1791599547,,,SCHEDULED
2026-10-10T02:13:33.945568+00:00,1285003,021,3331,6,0,1791599590,,,SCHEDULED
2026-10-10T02:13:33.945568+00:00,1285003,021,3706,7,0,1791599635,,,SCHEDULED
2026-10-10T02:13:33.945568+00:00,1285003,021,3707,8,0,1791599687,,,SCHEDULED
2026-10-10T02:13:33.945568+00:00,1285003,021,3708,9,0,1791599775,,,SCHEDULED
2026-10-10T02:13:33.945568+00:00,1285003,021,3709,10,0,1791599842,,,SCHEDULED
2026-10-10T02:13:33.945568+00:00,1285003,021,3710,11,0,1791599875,,,SCHEDULED
2026-10-10T02:13:33.945568+00:00,1285003,021,3711,12,0,1791599911,,,SCHEDULED
2026-10-10T02:13:33.945568+00:00,1285003,021,3712,13,0,1791599979,,,SCHEDULED
2026-10-10T02:13:33.945568+00:00,1285003,021,3713,14,0,1791600044,,,SCHEDULED
2026-10-10T02:13:33.945568+00:00,1285003,021,1184,15,0,1791600151,,,SCHEDULED
2026-10-10T02:13:33.945568+00:00,1284672,013,1099,25,0,1791598521,,,SCHEDULED
2026-10-10T02:13:33.945568+00:00,1284672,013,1100,26,0,1791598798,,,SCHEDULED
2026-10-10T02:13:33.945568+00:00,1284672,013,1101,27,0,1791598865,,,SCHEDULED
2026-10-10T02:13:33.945568+00:00,1284672,013,1102,28,0,1791598943,,,SCHEDULED
2026-10-10T02:13:33.945568+00:00,1284672,013,1103,29,0,1791598989,,,SCHEDULED
2026-10-10T02:13:33.945568+00:00,1284672,013,1104,30,0,1791599033,,,SCHEDULED
2026-10-10T02:13:33.945568+00:00,1284672,013,1105,31,0,1791599106,,,SCHEDULED
2026-10-10T02:13:33.945568+00:00,1284672,013,1106,32,0,1791599148,,,SCHEDULED
2026-10-10T02:13:33.945568+00:00,1284672,013,1674,33,0,1791599174,,,SCHEDULED
2026-10-10T02:13:33.945568+00:00,1284672,013,1675,34,0,1791599272,,,SCHEDULED
2026-10-10T02:13:33.945568+00:00,1284672,013,1677,35,0,1791599301,,,SCHEDULED
2026-10-10T02:13:33.945568+00:00,1284672,013,1127,36,0,1791599343,,,SCHEDULED
2026-10-10T02:13:33.945568+00:00,1284672,013,1128,37,0,1791599648,,,SCHEDULED
2026-10-10T02:13:33.945568+00:00,1284672,013,1129,38,0,1791599674,,,SCHEDULED
2026-10-10T02:13:33.945568+00:00,1284672,013,1130,39,0,1791599691,,,SCHEDULED
2026-10-10T02:13:33.945568+00:00,1284672,013,1131,40,0,1791599724,,,SCHEDULED
2026-10-10T02:13:33.945568+00:00,1284672,013,3089,41,0,1791599884,,,SCHEDULED
2026-10-10T02:13:33.945568+00:00,1284672,013,1464,42,0,1791599937,,,SCHEDULED
2026-10-10T02:13:33.945568+00:00,1287543,084,3081,46,0,1791598411,,,SCHEDULED
2026-10-10T02:13:33.945568+00:00,1287543,084,3082,47,0,1791598441,,,SCHEDULED
2026-10-10T02:13:33.945568+00:00,1287543,084,3083,48,0,1791598477,,,SCHEDULED
2026-10-10T02:13:33.945568+00:00,1287543,084,3084,49,0,1791598520,,,SCHEDULED
2026-10-10T02:13:33.945568+00:00,1287543,084,3085,50,0,1791598569,,,SCHEDULED
2026-10-10T02:13:33.945568+00:00,1287543,084,3086,51,0,1791598634,,,SCHEDULED
2026-10-10T02:13:33.945568+00:00,1287543,084,3087,52,0,1791598727,,,SCHEDULED
2026-10-10T02:13:33.945568+00:00,1287543,084,3000,53,0,1791598980,,,SCHEDULED
2026-10-10T02:13:33.945568+00:00,1287543,084,3001,54,0,1791599035,,,SCHEDULED
2026-10-10T02:13:33.945568+00:00,1287543,084,3002,55,0,1791599093,,,SCHEDULED
2026-10-10T02:13:33.945568+00:00,1287543,084,3003,56,0,1791599136,,,SCHEDULED
2026-10-10T02:13:33.945568+00:00,1287543,084,3004,57,0,1791599188,,,SCHEDULED
2026-10-10T02:13:33.945568+00:00,1287543,084,3005,58,0,1791599246,,,SCHEDULED
2026-10-10T02:13:33.945568+00:00,1287543,084,3006,59,0,1791599298,,,SCHEDULED
2026-10-10T02:13:33.945568+00:00,1287543,084,3007,60,0,1791599321,,,SCHEDULED
2026-10-10T02:13:33.945568+00:00,1287543,084,2749,61,0,1791599340,,,SCHEDULED
2026-10-10T02:13:33.945568+00:00,1287543,084,2750,62,0,1791599412,,,SCHEDULED
2026-10-10T02:13:33.945568+00:00,1287543,084,2751,63,0,1791599496,,,SCHEDULED
2026-10-10T02:13:33.945568+00:00,1287543,084,2752,64,0,1791599561,,,SCHEDULED
2026-10-10T02:13:33.945568+00:00,1287786,087,3894,5,0,1791598449,,,SCHEDULED
2026-10-10T02:13:33.945568+00:00,1287786,087,3895,6,0,1791598499,,,SCHEDULED
2026-10-10T02:13:33.945568+00:00,1287786,087,3896,7,0,1791598562,,,SCHEDULED
2026-10-10T02:13:33.945568+00:00,1287786,087,3897,8,0,1791598609,,,SCHEDULED
2026-10-10T02:13:33.945568+00:00,1287786,087,3898,9,0,1791598684,,,SCHEDULED
2026-10-10T02:13:33.945568+00:00,1287786,087,3899,10,0,1791598728,,,SCHEDULED
2026-10-10T02:13:33.945568+00:00,1287786,087,3900,11,0,1791598800,,,SCHEDULED
2026-10-10T02:13:33.945568+00:00,1287786,087,3901,12,0,1791598854,,,SCHEDULED
2026-10-10T02:13:33.945568+00:00,1287786,087,3902,13,0,1791598889,,,SCHEDULED
2026-10-10T02:13:33.945568+00:00,1287786,087,3903,14,0,1791598987,,,SCHEDULED
2026-10-10T02:13:33.945568+00:00,1287786,087,3904,15,0,1791599025,,,SCHEDULED
2026-10-10T02:13:33.945568+00:00,1287786,087,3905,16,0,1791599088,,,SCHEDULED
2026-10-10T02:13:33.945568+00:00,1287786,087,1254,17,0,1791599149,,,SCHEDULED
2026-10-10T02:13:33.945568+00:00,1287786,087,1262,18,0,1791599215,,,SCHEDULED
2026-10-10T02:13:33.945568+00:00,1285007,021,1184,15,0,1791598426,,,SCHEDULED
2026-10-10T02:13:33.945568+00:00,1285007,021,3301,16,0,1791598529,,,SCHEDULED
2026-10-10T02:13:33.945568+00:00,1285007,021,1200,17,0,1791598642,,,SCHEDULED
2026-10-10T02:13:33.945568+00:00,1285007,021,1201,18,0,1791598698,,,SCHEDULED
2026-10-10T02:13:33.945568+00:00,1285007,021,1202,19,0,1791598754,,,SCHEDULED
2026-10-10T02:13:33.945568+00:00,1285007,021,1203,20,0,1791598790,,,SCHEDULED
2026-10-10T02:13:33.945568+00:00,1285007,021,1204,21,0,1791598837,,,SCHEDULED
2026-10-10T02:13:33.945568+00:00,1285007,021,1205,22,0,1791598906,,,SCHEDULED
2026-10-10T02:13:33.945568+00:00,1285007,021,1206,23,0,1791598958,,,SCHEDULED
2026-10-10T02:13:33.945568+00:00,1285007,021,1207,24,0,1791599018,,,SCHEDULED
2026-10-10T02:13:33.945568+00:00,1285007,021,2719,25,0,1791599166,,,SCHEDULED
2026-10-10T02:13:33.945568+00:00,1285007,021,2934,26,0,1791599212,,,SCHEDULED
2026-10-10T02:13:33.945568+00:00,1285007,021,2935,27,0,1791599250,,,SCHEDULED
2026-10-10T02:13:33.945568+00:00,1285007,021,2722,28,0,1791599444,,,SCHEDULED
2026-10-10T02:13:33.945568+00:00,1285007,021,2723,29,0,1791599481,,,SCHEDULED
2026-10-10T02:13:33.945568+00:00,1285007,021,2724,30,0,1791599561,,,SCHEDULED
2026-10-10T02:13:33.945568+00:00,1285007,021,2726,31,0,1791599599,,,SCHEDULED
2026-10-10T02:13:33.945568+00:00,1285007,021,2727,32,0,1791599618,,,SCHEDULED
2026-10-10T02:13:33.945568+00:00,1285007,021,2728,33,0,1791599691,,,SCHEDULED
2026-10-10T02:13:33.945568+00:00,1285007,021,2729,34,0,1791599739,,,SCHEDULED
2026-10-10T02:13:33.945568+00:00,1285007,021,2730,35,0,1791599756,,,SCHEDULED
2026-10-10T02:13:33.945568+00:00,1285007,021,2731,36,0,1791599800,,,SCHEDULED
2026-10-10T02:13:33.945568+00:00,1285007,021,2732,37,0,1791599832,,,SCHEDULED
2026-10-10T02:13:33.945568+00:00,1285007,021,2733,38,0,1791599873,,,SCHEDULED
2026-10-10T02:13:33.945568+00:00,1285007,021,2734,39,0,1791599906,,,SCHEDULED
2026-10-10T02:13:33.945568+00:00,1285007,021,2735,40,0,1791599956,,,SCHEDULED
2026-10-10T02:13:33.945568+00:00,1285007,021,2736,41,0,1791599972,,,SCHEDULED
2026-10-10T02:13:33.945568+00:00,1285007,021,2737,42,0,1791599980,,,SCHEDULED
2026-10-10T02:13:33.945568+00:00,1285007,021,2738,43,0,1791600079,,,SCHEDULED
2026-10-10T02:13:33.945568+00:00,1287946,088,626,26,0,1791598450,,,SCHEDULED
2026-10-10T02:13:33.945568+00:00,1287946,088,5271,27,0,1791598548,,,SCHEDULED
2026-10-10T02:13:33.945568+00:00,1286736,068,1099,1,,,0,1791599520,SCHEDULED
2026-10-10T02:13:33.945568+00:00,1286736,068,2645,2,0,1791599590,,,SCHEDULED
2026-10-10T02:13:33.945568+00:00,1286736,068,2643,3,0,1791599601,,,SCHEDULED
2026-10-10T02:13:33.945568+00:00,1286736,068,2644,4,0,1791599637,,,SCHEDULED
2026-10-10T02:13:33.945568+00:00,1286736,068,2646,5,0,1791599691,,,SCHEDULED
2026-10-10T02:13:33.945568+00:00,1286736,068,2647,6,0,1791599709,,,SCHEDULED
2026-10-10T02:13:33.945568+00:00,1286736,068,2648,7,0,1791600138,,,SCHEDULED
2026-10-10T02:13:33.945568+00:00,1286736,068,5344,8,0,1791600156,,,SCHEDULED
2026-10-10T02:13:33.945568+00:00,1286736,068,2649,9,0,1791600171,,,SCHEDULED
2026-10-10T02:13:33.945568+00:00,1286216,056,4021,35,0,1791598446,,,SCHEDULED
2026-10-10T02:13:33.945568+00:00,1286216,056,4022,36,0,1791598497,,,SCHEDULED
2026-10-10T02:13:33.945568+00:00,1286216,056,242,37,0,1791598586,,,SCHEDULED
2026-10-10T02:13:33.945568+00:00,1286216,056,243,38,0,1791598635,,,SCHEDULED
2026-10-10T02:13:33.945568+00:00,1286216,056,244,39,0,1791598675,,,SCHEDULED
2026-10-10T02:13:33.945568+00:00,1286216,056,1038,40,0,1791598747,,,SCHEDULED
2026-10-10T02:13:33.945568+00:00,1286216,056,4019,41,0,1791598793,,,SCHEDULED
2026-10-10T02:13:33.945568+00:00,1285801,038,880,18,0,1791598447,,,SCHEDULED
2026-10-10T02:13:33.945568+00:00,1285801,038,881,19,0,1791598474,,,SCHEDULED
2026-10-10T02:13:33.945568+00:00,1285801,038,883,20,0,1791598548,,,SCHEDULED
2026-10-10T02:13:33.945568+00:00,1285801,038,884,21,0,1791598591,,,SCHEDULED
2026-10-10T02:13:33.945568+00:00,1285801,038,3717,22,0,1791598686,,,SCHEDULED
2026-10-10T02:13:33.945568+00:00,1285801,038,3718,23,0,1791598719,,,SCHEDULED
2026-10-10T02:13:33.945568+00:00,1285801,038,3719,24,0,1791598740,,,SCHEDULED
2026-10-10T02:13:33.945568+00:00,1285801,038,3720,25,0,1791598804,,,SCHEDULED
2026-10-10T02:13:33.945568+00:00,1285801,038,3721,26,0,1791598829,,,SCHEDULED
2026-10-10T02:13:33.945568+00:00,1285801,038,3722,27,0,1791598884,,,SCHEDULED
2026-10-10T02:13:33.945568+00:00,1285801,038,3723,28,0,1791598915,,,SCHEDULED
2026-10-10T02:13:33.945568+00:00,1285801,038,3724,29,0,1791598970,,,SCHEDULED
2026-10-10T02:13:33.945568+00:00,1285801,038,3725,30,0,1791598998,,,SCHEDULED
2026-10-10T02:13:33.945568+00:00,1285801,038,901,31,0,1791599038,,,SCHEDULED
2026-10-10T02:13:33.945568+00:00,1285801,038,902,32,0,1791599078,,,SCHEDULED
2026-10-10T02:13:33.945568+00:00,1285801,038,903,33,0,1791599127,,,SCHEDULED
2026-10-10T02:13:33.945568+00:00,1285801,038,905,34,0,1791599226,,,SCHEDULED
2026-10-10T02:13:33.945568+00:00,1285801,038,3143,35,0,1791599266,,,SCHEDULED
2026-10-10T02:13:33.945568+00:00,1285801,038,3144,36,0,1791599296,,,SCHEDULED
2026-10-10T02:13:33.945568+00:00,1286459,062,2244,47,0,1791598419,,,SCHEDULED
2026-10-10T02:13:33.945568+00:00,1286459,062,2245,48,0,1791598437,,,SCHEDULED
2026-10-10T02:13:33.945568+00:00,1286459,062,2246,49,0,1791598458,,,SCHEDULED
2026-10-10T02:13:33.945568+00:00,1286459,062,5365,50,0,1791598534,,,SCHEDULED
2026-10-10T02:13:33.945568+00:00,1286459,062,2248,51,0,1791598581,,,SCHEDULED
2026-10-10T02:13:33.945568+00:00,1286459,062,2250,52,0,1791598587,,,SCHEDULED
2026-10-10T02:13:33.945568+00:00,1286459,062,2251,53,0,1791598652,,,SCHEDULED
2026-10-10T02:13:33.945568+00:00,1286459,062,2252,54,0,1791598682,,,SCHEDULED
2026-10-10T02:13:33.945568+00:00,1286459,062,2254,55,0,1791598721,,,SCHEDULED
2026-10-10T02:13:33.945568+00:00,1286459,062,519,56,0,1791598784,,,SCHEDULED
2026-10-10T02:13:33.945568+00:00,1286459,062,521,57,0,1791598843,,,SCHEDULED
2026-10-10T02:13:33.945568+00:00,1286459,062,522,58,0,1791598905,,,SCHEDULED
2026-10-10T02:13:33.945568+00:00,1286459,062,525,59,0,1791598977,,,SCHEDULED
2026-10-10T02:13:33.945568+00:00,1286459,062,526,60,0,1791599047,,,SCHEDULED
2026-10-10T02:13:33.945568+00:00,1286459,062,527,61,0,1791599067,,,SCHEDULED
2026-10-10T02:13:33.945568+00:00,1286459,062,528,62,0,1791599091,,,SCHEDULED
2026-10-10T02:13:33.945568+00:00,1286459,062,5252,63,0,1791599178,,,SCHEDULED
2026-10-10T02:13:33.945568+00:00,1286459,062,531,64,0,1791599282,,,SCHEDULED
2026-10-10T02:13:33.945568+00:00,1286459,062,116,65,0,1791599293,,,SCHEDULED
2026-10-10T02:13:33.945568+00:00,1286217,056,4141,2,0,1791598447,,,SCHEDULED
2026-10-10T02:13:33.945568+00:00,1286217,056,4142,3,0,1791598492,,,SCHEDULED
2026-10-10T02:13:33.945568+00:00,1286217,056,4143,4,0,1791598573,,,SCHEDULED
2026-10-10T02:13:33.945568+00:00,1286217,056,5251,5,0,1791598648,,,SCHEDULED
2026-10-10T02:13:33.945568+00:00,1286217,056,4144,6,0,1791598683,,,SCHEDULED
2026-10-10T02:13:33.945568+00:00,1286217,056,4145,7,0,1791598704,,,SCHEDULED
2026-10-10T02:13:33.945568+00:00,1286217,056,4146,8,0,1791598739,,,SCHEDULED
2026-10-10T02:13:33.945568+00:00,1286217,056,478,9,0,1791598786,,,SCHEDULED
2026-10-10T02:13:33.945568+00:00,1286217,056,172,10,0,1791598844,,,SCHEDULED
2026-10-10T02:13:33.945568+00:00,1286217,056,480,11,0,1791598935,,,SCHEDULED
2026-10-10T02:13:33.945568+00:00,1286217,056,1733,12,0,1791598972,,,SCHEDULED
2026-10-10T02:13:33.945568+00:00,1286217,056,481,13,0,1791599028,,,SCHEDULED
2026-10-10T02:13:33.945568+00:00,1286217,056,482,14,0,1791599066,,,SCHEDULED
2026-10-10T02:13:33.945568+00:00,1286217,056,483,15,0,1791599101,,,SCHEDULED
2026-10-10T02:13:33.945568+00:00,1286217,056,484,16,0,1791599129,,,SCHEDULED
2026-10-10T02:13:33.945568+00:00,1286217,056,485,17,0,1791599180,,,SCHEDULED
2026-10-10T02:13:33.945568+00:00,1286217,056,486,18,0,1791599245,,,SCHEDULED
2026-10-10T02:13:33.945568+00:00,1286217,056,487,19,0,1791599301,,,SCHEDULED
2026-10-10T02:13:33.945568+00:00,1286217,056,488,20,0,1791599329,,,SCHEDULED
2026-10-10T02:13:33.945568+00:00,1286217,056,5200,21,0,1791599400,,,SCHEDULED
2026-10-10T02:13:33.945568+00:00,1286217,056,489,22,0,1791599477,,,SCHEDULED
2026-10-10T02:13:33.945568+00:00,1286217,056,490,23,0,1791599516,,,SCHEDULED
2026-10-10T02:13:33.945568+00:00,1286217,056,491,24,0,1791599589,,,SCHEDULED
2026-10-10T02:13:33.945568+00:00,1286217,056,492,25,0,1791599625,,,SCHEDULED
2026-10-10T02:13:33.945568+00:00,1286217,056,493,26,0,1791599658,,,SCHEDULED
2026-10-10T02:13:33.945568+00:00,1286217,056,494,27,0,1791599683,,,SCHEDULED
2026-10-10T02:13:33.945568+00:00,1286217,056,3831,28,0,1791599844,,,SCHEDULED
2026-10-10T02:13:33.945568+00:00,1286217,056,3832,29,0,1791599900,,,SCHEDULED
2026-10-10T02:13:33.945568+00:00,1286217,056,3833,30,0,1791599930,,,SCHEDULED
2026-10-10T02:13:33.945568+00:00,1286217,056,3834,31,0,1791599994,,,SCHEDULED
2026-10-10T02:13:33.945568+00:00,1286217,056,3939,32,0,1791600120,,,SCHEDULED
2026-10-10T02:13:33.945568+00:00,1286217,056,5107,33,0,1791600160,,,SCHEDULED
2026-10-10T02:13:33.945568+00:00,1286737,068,2653,12,0,1791598440,,,SCHEDULED
2026-10-10T02:13:33.945568+00:00,1286737,068,2654,13,0,1791598536,,,SCHEDULED
2026-10-10T02:13:33.945568+00:00,1286737,068,9811,14,0,1791598620,,,SCHEDULED
2026-10-10T02:13:33.945568+00:00,1286737,068,880,15,0,1791598686,,,SCHEDULED
2026-10-10T02:13:33.945568+00:00,1286737,068,881,16,0,1791598712,,,SCHEDULED
2026-10-10T02:13:33.945568+00:00,1286737,068,1795,17,0,1791598772,,,SCHEDULED
2026-10-10T02:13:33.945568+00:00,1286737,068,1796,18,0,1791598805,,,SCHEDULED
2026-10-10T02:13:33.945568+00:00,1286737,068,1797,19,0,1791598852,,,SCHEDULED
2026-10-10T02:13:33.945568+00:00,1286737,068,1798,20,0,1791598891,,,SCHEDULED
2026-10-10T02:13:33.945568+00:00,1286737,068,1930,21,0,1791598931,,,SCHEDULED
2026-10-10T02:13:33.945568+00:00,1286737,068,1931,22,0,1791598968,,,SCHEDULED
2026-10-10T02:13:33.945568+00:00,1286737,068,1949,23,0,1791599007,,,SCHEDULED
2026-10-10T02:13:33.945568+00:00,1286737,068,1932,24,0,1791599031,,,SCHEDULED
2026-10-10T02:13:33.945568+00:00,1286737,068,1933,25,0,1791599080,,,SCHEDULED
2026-10-10T02:13:33.945568+00:00,1286737,068,1934,26,0,1791599130,,,SCHEDULED
2026-10-10T02:13:33.945568+00:00,1286737,068,1935,27,0,1791599163,,,SCHEDULED
2026-10-10T02:13:33.945568+00:00,1286737,068,2657,28,0,1791599220,,,SCHEDULED
2026-10-10T02:13:33.945568+00:00,1286737,068,2658,29,0,1791599248,,,SCHEDULED
2026-10-10T02:13:33.945568+00:00,1286737,068,2659,30,0,1791599268,,,SCHEDULED
2026-10-10T02:13:33.945568+00:00,1286737,068,2660,31,0,1791599309,,,SCHEDULED
2026-10-10T02:13:33.945568+00:00,1286737,068,2662,32,0,1791599380,,,SCHEDULED
2026-10-10T02:13:33.945568+00:00,1286737,068,2664,33,0,1791599434,,,SCHEDULED
2026-10-10T02:13:33.945568+00:00,1286737,068,2665,34,0,1791599482,,,SCHEDULED
2026-10-10T02:13:33.945568+00:00,1286737,068,2666,35,0,1791599518,,,SCHEDULED
2026-10-10T02:13:33.945568+00:00,1286737,068,2667,36,0,1791599563,,,SCHEDULED
2026-10-10T02:13:33.945568+00:00,1286737,068,2670,37,0,1791599640,,,SCHEDULED
2026-10-10T02:13:33.945568+00:00,1286737,068,2671,38,0,1791599666,,,SCHEDULED
2026-10-10T02:13:33.945568+00:00,1286737,068,2672,39,0,1791599694,,,SCHEDULED
2026-10-10T02:13:33.945568+00:00,1286737,068,2675,40,0,1791599738,,,SCHEDULED
2026-10-10T02:13:33.945568+00:00,1286737,068,2676,41,0,1791599771,,,SCHEDULED
2026-10-10T02:13:33.945568+00:00,1286737,068,2679,42,0,1791599790,,,SCHEDULED
2026-10-10T02:13:33.945568+00:00,1286737,068,2680,43,0,1791599826,,,SCHEDULED
2026-10-10T02:13:33.945568+00:00,1286737,068,2681,44,0,1791599847,,,SCHEDULED
2026-10-10T02:13:33.945568+00:00,1286737,068,2678,45,0,1791599895,,,SCHEDULED
2026-10-10T02:13:33.945568+00:00,1286737,068,2682,46,0,1791599917,,,SCHEDULED
2026-10-10T02:13:33.945568+00:00,1286737,068,1857,47,0,1791600065,,,SCHEDULED
2026-10-10T02:13:33.945568+00:00,1286737,068,1858,48,0,1791600096,,,SCHEDULED
2026-10-10T02:13:33.945568+00:00,1287705,086,3156,19,0,1791598420,,,SCHEDULED
2026-10-10T02:13:33.945568+00:00,1287705,086,3157,20,0,1791598458,,,SCHEDULED
2026-10-10T02:13:33.945568+00:00,1287705,086,3158,21,0,1791598500,,,SCHEDULED
2026-10-10T02:13:33.945568+00:00,1287705,086,3159,22,0,1791598564,,,SCHEDULED
2026-10-10T02:13:33.945568+00:00,1287705,086,3160,23,0,1791598601,,,SCHEDULED
2026-10-10T02:13:33.945568+00:00,1287705,086,3161,24,0,1791598647,,,SCHEDULED
2026-10-10T02:13:33.945568+00:00,1287705,086,3163,25,0,1791598741,,,SCHEDULED
2026-10-10T02:13:33.945568+00:00,1287705,086,3164,26,0,1791598782,,,SCHEDULED
2026-10-10T02:13:33.945568+00:00,1287705,086,699,27,0,1791598814,,,SCHEDULED
2026-10-10T02:13:33.945568+00:00,1287705,086,703,28,0,1791598962,,,SCHEDULED
2026-10-10T02:13:33.945568+00:00,1287705,086,700,29,0,1791598996,,,SCHEDULED
2026-10-10T02:13:33.945568+00:00,1287705,086,706,30,0,1791599033,,,SCHEDULED
2026-10-10T02:13:33.945568+00:00,1287705,086,707,31,0,1791599072,,,SCHEDULED
2026-10-10T02:13:33.945568+00:00,1287705,086,708,32,0,1791599100,,,SCHEDULED
2026-10-10T02:13:33.945568+00:00,1287705,086,834,33,0,1791599149,,,SCHEDULED
2026-10-10T02:13:33.945568+00:00,1287705,086,835,34,0,1791599217,,,SCHEDULED
2026-10-10T02:13:33.945568+00:00,1287705,086,836,35,0,1791599236,,,SCHEDULED
2026-10-10T02:13:33.945568+00:00,1287705,086,838,36,0,1791599271,,,SCHEDULED
2026-10-10T02:13:33.945568+00:00,1287705,086,839,37,0,1791599304,,,SCHEDULED
2026-10-10T02:13:33.945568+00:00,1287705,086,840,38,0,1791599349,,,SCHEDULED
2026-10-10T02:13:33.945568+00:00,1287705,086,581,39,0,1791599386,,,SCHEDULED
2026-10-10T02:13:33.945568+00:00,1287705,086,582,40,0,1791599415,,,SCHEDULED
2026-10-10T02:13:33.945568+00:00,1287705,086,583,41,0,1791599452,,,SCHEDULED
2026-10-10T02:13:33.945568+00:00,1287705,086,584,42,0,1791599481,,,SCHEDULED
2026-10-10T02:13:33.945568+00:00,1287705,086,585,43,0,1791599532,,,SCHEDULED
2026-10-10T02:13:33.945568+00:00,1287705,086,586,44,0,1791599590,,,SCHEDULED
2026-10-10T02:13:33.945568+00:00,1287706,086,418,1,,,0,1791599193,SCHEDULED
2026-10-10T02:13:33.945568+00:00,1287706,086,4763,2,0,1791599222,,,SCHEDULED
2026-10-10T02:13:33.945568+00:00,1287706,086,113,3,0,1791599282,,,SCHEDULED
2026-10-10T02:13:33.945568+00:00,1287706,086,525,4,0,1791599354,,,SCHEDULED
2026-10-10T02:13:33.945568+00:00,1287706,086,526,5,0,1791599424,,,SCHEDULED
2026-10-10T02:13:33.945568+00:00,1287706,086,527,6,0,1791599448,,,SCHEDULED
2026-10-10T02:13:33.945568+00:00,1287706,086,528,7,0,1791599492,,,SCHEDULED
2026-10-10T02:13:33.945568+00:00,1287706,086,5252,8,0,1791599612,,,SCHEDULED
2026-10-10T02:13:33.945568+00:00,1287706,086,531,9,0,1791599650,,,SCHEDULED
2026-10-10T02:13:33.945568+00:00,1287706,086,3146,10,0,1791600077,,,SCHEDULED
2026-10-10T02:13:33.945568+00:00,1287706,086,3148,11,0,1791600130,,,SCHEDULED
2026-10-10T02:13:33.945568+00:00,1286738,068,2671,38,0,1791598513,,,SCHEDULED
2026-10-10T02:13:33.945568+00:00,1286738,068,2672,39,0,1791598570,,,SCHEDULED
2026-10-10T02:13:33.945568+00:00,1286738,068,2675,40,0,1791598605,,,SCHEDULED
2026-10-10T02:13:33.945568+00:00,1286738,068,2676,41,0,1791598639,,,SCHEDULED
2026-10-10T02:13:33.945568+00:00,1286738,068,2679,42,0,1791598675,,,SCHEDULED
2026-10-10T02:13:33.945568+00:00,1286738,068,2680,43,0,1791598709,,,SCHEDULED
2026-10-10T02:13:33.945568+00:00,1286738,068,2681,44,0,1791598751,,,SCHEDULED
2026-10-10T02:13:33.945568+00:00,1286738,068,2678,45,0,1791598798,,,SCHEDULED
2026-10-10T02:13:33.945568+00:00,1286738,068,2682,46,0,1791598828,,,SCHEDULED
2026-10-10T02:13:33.945568+00:00,1286738,068,1857,47,0,1791598985,,,SCHEDULED
2026-10-10T02:13:33.945568+00:00,1286738,068,1858,48,0,1791599020,,,SCHEDULED
2026-10-10T02:13:33.945568+00:00,1286738,068,1859,49,0,1791599084,,,SCHEDULED
2026-10-10T02:13:33.945568+00:00,1286738,068,1860,50,0,1791599161,,,SCHEDULED
2026-10-10T02:13:33.945568+00:00,1286738,068,1861,51,0,1791599278,,,SCHEDULED
2026-10-10T02:13:33.945568+00:00,1286738,068,1862,52,0,1791599366,,,SCHEDULED
2026-10-10T02:13:33.945568+00:00,1286738,068,1863,53,0,1791599417,,,SCHEDULED
2026-10-10T02:13:33.945568+00:00,1286738,068,2399,54,0,1791599541,,,SCHEDULED
2026-10-10T02:13:33.945568+00:00,1286738,068,2400,55,0,1791599592,,,SCHEDULED
2026-10-10T02:13:33.945568+00:00,1286738,068,2401,56,0,1791599630,,,SCHEDULED
2026-10-10T02:13:33.945568+00:00,1286738,068,2402,57,0,1791599702,,,SCHEDULED
2026-10-10T02:13:33.945568+00:00,1286738,068,2403,58,0,1791599767,,,SCHEDULED
2026-10-10T02:13:33.945568+00:00,1286738,068,2404,59,0,1791599819,,,SCHEDULED
2026-10-10T02:13:33.945568+00:00,1286738,068,2405,60,0,1791599877,,,SCHEDULED
2026-10-10T02:13:33.945568+00:00,1286738,068,2406,61,0,1791599907,,,SCHEDULED
2026-10-10T02:13:33.945568+00:00,1286738,068,2407,62,0,1791599930,,,SCHEDULED
2026-10-10T02:13:33.945568+00:00,1286738,068,2408,63,0,1791599958,,,SCHEDULED
2026-10-10T02:13:33.945568+00:00,1286738,068,2409,64,0,1791600013,,,SCHEDULED
2026-10-10T02:13:33.945568+00:00,1286738,068,2410,65,0,1791600193,,,SCHEDULED
2026-10-10T02:13:33.945568+00:00,1285804,038,282,1,,,0,1791599940,SCHEDULED
2026-10-10T02:13:33.945568+00:00,1287948,088,418,1,,,0,1791598797,SCHEDULED
2026-10-10T02:13:33.945568+00:00,1287948,088,4763,2,0,1791598845,,,SCHEDULED
2026-10-10T02:13:33.945568+00:00,1287948,088,113,3,0,1791598860,,,SCHEDULED
2026-10-10T02:13:33.945568+00:00,1287948,088,525,4,0,1791598923,,,SCHEDULED
2026-10-10T02:13:33.945568+00:00,1287948,088,526,5,0,1791599025,,,SCHEDULED
2026-10-10T02:13:33.945568+00:00,1287948,088,527,6,0,1791599047,,,SCHEDULED
2026-10-10T02:13:33.945568+00:00,1287948,088,528,7,0,1791599091,,,SCHEDULED
2026-10-10T02:13:33.945568+00:00,1287948,088,5252,8,0,1791599208,,,SCHEDULED
2026-10-10T02:13:33.945568+00:00,1287948,088,531,9,0,1791599248,,,SCHEDULED
2026-10-10T02:13:33.945568+00:00,1287948,088,610,10,0,1791599569,,,SCHEDULED
2026-10-10T02:13:33.945568+00:00,1287948,088,611,11,0,1791599570,,,SCHEDULED
2026-10-10T02:13:33.945568+00:00,1287948,088,612,12,0,1791599591,,,SCHEDULED
2026-10-10T02:13:33.945568+00:00,1287948,088,613,13,0,1791599612,,,SCHEDULED
2026-10-10T02:13:33.945568+00:00,1287948,088,614,14,0,1791599669,,,SCHEDULED
2026-10-10T02:13:33.945568+00:00,1287948,088,615,15,0,1791599819,,,SCHEDULED
2026-10-10T02:13:33.945568+00:00,1287948,088,616,16,0,1791599856,,,SCHEDULED
2026-10-10T02:13:33.945568+00:00,1287948,088,617,17,0,1791599887,,,SCHEDULED
2026-10-10T02:13:33.945568+00:00,1287948,088,618,18,0,1791599961,,,SCHEDULED
2026-10-10T02:13:33.945568+00:00,1287948,088,619,19,0,1791599981,,,SCHEDULED
2026-10-10T02:13:33.945568+00:00,1287948,088,620,20,0,1791600053,,,SCHEDULED
2026-10-10T02:13:33.945568+00:00,1287948,088,621,21,0,1791600090,,,SCHEDULED
2026-10-10T02:13:33.945568+00:00,1287948,088,622,22,0,1791600129,,,SCHEDULED
2026-10-10T02:13:33.945568+00:00,1287948,088,623,23,0,1791600140,,,SCHEDULED
2026-10-10T02:13:33.945568+00:00,1287948,088,624,24,0,1791600185,,,SCHEDULED
2026-10-10T02:13:33.945568+00:00,1288231,137,85092,10,0,1791598523,,,SCHEDULED
2026-10-10T02:13:33.945568+00:00,1288231,137,85178,11,0,1791598620,,,SCHEDULED
2026-10-10T02:13:33.945568+00:00,1288231,137,85179,12,0,1791598711,,,SCHEDULED
2026-10-10T02:13:33.945568+00:00,1288231,137,85180,13,0,1791598755,,,SCHEDULED
2026-10-10T02:13:33.945568+00:00,1288231,137,85181,14,0,1791598863,,,SCHEDULED
2026-10-10T02:13:33.945568+00:00,1288231,137,1715,15,0,1791598909,,,SCHEDULED
2026-10-10T02:13:33.945568+00:00,1288231,137,85619,16,0,1791599030,,,SCHEDULED
2026-10-10T02:13:33.945568+00:00,1286342,061,4140,1,,,0,1791599400,SCHEDULED
2026-10-10T02:13:33.945568+00:00,1286342,061,4361,2,0,1791599457,,,SCHEDULED
2026-10-10T02:13:33.945568+00:00,1286342,061,4362,3,0,1791599488,,,SCHEDULED
2026-10-10T02:13:33.945568+00:00,1286342,061,4360,4,0,1791599516,,,SCHEDULED
2026-10-10T02:13:33.945568+00:00,1286342,061,4363,5,0,1791599547,,,SCHEDULED
2026-10-10T02:13:33.945568+00:00,1286342,061,4364,6,0,1791599597,,,SCHEDULED
2026-10-10T02:13:33.945568+00:00,1286342,061,4365,7,0,1791599624,,,SCHEDULED
2026-10-10T02:13:33.945568+00:00,1286342,061,4811,8,0,1791599733,,,SCHEDULED
2026-10-10T02:13:33.945568+00:00,1286342,061,4810,9,0,1791599785,,,SCHEDULED
2026-10-10T02:13:33.945568+00:00,1286342,061,4266,10,0,1791599829,,,SCHEDULED
2026-10-10T02:13:33.945568+00:00,1286342,061,4267,11,0,1791599873,,,SCHEDULED
2026-10-10T02:13:33.945568+00:00,1286342,061,4268,12,0,1791599905,,,SCHEDULED
2026-10-10T02:13:33.945568+00:00,1286342,061,187,13,0,1791600005,,,SCHEDULED
2026-10-10T02:13:33.945568+00:00,1286342,061,189,14,0,1791600055,,,SCHEDULED
2026-10-10T02:13:33.945568+00:00,1286342,061,1034,15,0,1791600141,,,SCHEDULED
2026-10-10T02:13:33.945568+00:00,1286342,061,1035,16,0,1791600180,,,SCHEDULED
2026-10-10T02:13:33.945568+00:00,1286584,067,2606,29,0,1791598411,,,SCHEDULED
2026-10-10T02:13:33.945568+00:00,1286584,067,2607,30,0,1791598686,,,SCHEDULED
2026-10-10T02:13:33.945568+00:00,1286584,067,2608,31,0,1791598711,,,SCHEDULED
2026-10-10T02:13:33.945568+00:00,1286584,067,2609,32,0,1791598726,,,SCHEDULED
2026-10-10T02:13:33.945568+00:00,1286584,067,2613,33,0,1791598768,,,SCHEDULED
2026-10-10T02:13:33.945568+00:00,1286584,067,2614,34,0,1791598801,,,SCHEDULED
2026-10-10T02:13:33.945568+00:00,1286584,067,2615,35,0,1791598842,,,SCHEDULED
2026-10-10T02:13:33.945568+00:00,1286584,067,601,36,0,1791598875,,,SCHEDULED
2026-10-10T02:13:33.945568+00:00,1286584,067,2617,37,0,1791598931,,,SCHEDULED
2026-10-10T02:13:33.945568+00:00,1286584,067,2620,38,0,1791599005,,,SCHEDULED
2026-10-10T02:13:33.945568+00:00,1286584,067,2621,39,0,1791599056,,,SCHEDULED
2026-10-10T02:13:33.945568+00:00,1286584,067,2622,40,0,1791599063,,,SCHEDULED
2026-10-10T02:13:33.945568+00:00,1286584,067,2623,41,0,1791599074,,,SCHEDULED
2026-10-10T02:13:33.945568+00:00,1286584,067,2624,42,0,1791599128,,,SCHEDULED
2026-10-10T02:13:33.945568+00:00,1286584,067,2625,43,0,1791599144,,,SCHEDULED
2026-10-10T02:13:33.945568+00:00,1286584,067,2626,44,0,1791599166,,,SCHEDULED
2026-10-10T02:13:33.945568+00:00,1286584,067,2627,45,0,1791599193,,,SCHEDULED
2026-10-10T02:13:33.945568+00:00,1286584,067,2628,46,0,1791599208,,,SCHEDULED
2026-10-10T02:13:33.945568+00:00,1286584,067,2630,47,0,1791599319,,,SCHEDULED
2026-10-10T02:13:33.945568+00:00,1286584,067,2631,48,0,1791599444,,,SCHEDULED
2026-10-10T02:13:33.945568+00:00,1286584,067,2632,49,0,1791599452,,,SCHEDULED
2026-10-10T02:13:33.945568+00:00,1286584,067,2633,50,0,1791599530,,,SCHEDULED
2026-10-10T02:13:33.945568+00:00,1286584,067,9812,51,0,1791599571,,,SCHEDULED
2026-10-10T02:13:33.945568+00:00,1286584,067,2629,52,0,1791599633,,,SCHEDULED
2026-10-10T02:13:33.945568+00:00,1286584,067,2634,53,0,1791599667,,,SCHEDULED
2026-10-10T02:13:33.945568+00:00,1286584,067,2635,54,0,1791599728,,,SCHEDULED
2026-10-10T02:13:33.945568+00:00,1286584,067,2636,55,0,1791599753,,,SCHEDULED
2026-10-10T02:13:33.945568+00:00,1286584,067,2637,56,0,1791599771,,,SCHEDULED
2026-10-10T02:13:33.945568+00:00,1286584,067,2638,57,0,1791599808,,,SCHEDULED
2026-10-10T02:13:33.945568+00:00,1286584,067,2639,58,0,1791599876,,,SCHEDULED
2026-10-10T02:13:33.945568+00:00,1286584,067,1086,59,0,1791600091,,,SCHEDULED
2026-10-10T02:13:33.945568+00:00,1286584,067,1088,60,0,1791600112,,,SCHEDULED
2026-10-10T02:13:33.945568+00:00,1286584,067,1087,61,0,1791600147,,,SCHEDULED
2026-10-10T02:13:33.945568+00:00,1286584,067,2642,62,0,1791600197,,,SCHEDULED
2026-10-10T02:13:33.945568+00:00,1287674,086,413,38,0,1791598663,,,SCHEDULED
2026-10-10T02:13:33.945568+00:00,1287674,086,414,39,0,1791598733,,,SCHEDULED
2026-10-10T02:13:33.945568+00:00,1287674,086,415,40,0,1791598764,,,SCHEDULED
2026-10-10T02:13:33.945568+00:00,1287674,086,416,41,0,1791598806,,,SCHEDULED
2026-10-10T02:13:33.945568+00:00,1286343,061,6101,17,0,1791598415,,,SCHEDULED
2026-10-10T02:13:33.945568+00:00,1286343,061,2282,18,0,1791598564,,,SCHEDULED
2026-10-10T02:13:33.945568+00:00,1286343,061,2283,19,0,1791598587,,,SCHEDULED
2026-10-10T02:13:33.945568+00:00,1286343,061,2284,20,0,1791598605,,,SCHEDULED
2026-10-10T02:13:33.945568+00:00,1286343,061,2285,21,0,1791598626,,,SCHEDULED
2026-10-10T02:13:33.945568+00:00,1286343,061,2286,22,0,1791598650,,,SCHEDULED
2026-10-10T02:13:33.945568+00:00,1286343,061,2287,23,0,1791598691,,,SCHEDULED
2026-10-10T02:13:33.945568+00:00,1286343,061,2288,24,0,1791598739,,,SCHEDULED
2026-10-10T02:13:33.945568+00:00,1286343,061,2289,25,0,1791598799,,,SCHEDULED
2026-10-10T02:13:33.945568+00:00,1286343,061,2290,26,0,1791598837,,,SCHEDULED
2026-10-10T02:13:33.945568+00:00,1286343,061,2291,27,0,1791598891,,,SCHEDULED
2026-10-10T02:13:33.945568+00:00,1286343,061,2292,28,0,1791598960,,,SCHEDULED
2026-10-10T02:13:33.945568+00:00,1286343,061,2293,29,0,1791599011,,,SCHEDULED
2026-10-10T02:13:33.945568+00:00,1286343,061,2294,30,0,1791599040,,,SCHEDULED
2026-10-10T02:13:33.945568+00:00,1286343,061,2295,31,0,1791599096,,,SCHEDULED
2026-10-10T02:13:33.945568+00:00,1286343,061,2296,32,0,1791599134,,,SCHEDULED
2026-10-10T02:13:33.945568+00:00,1286343,061,2297,33,0,1791599162,,,SCHEDULED
2026-10-10T02:13:33.945568+00:00,1286343,061,2298,34,0,1791599294,,,SCHEDULED
2026-10-10T02:13:33.945568+00:00,1286343,061,2299,35,0,1791599356,,,SCHEDULED
2026-10-10T02:13:33.945568+00:00,1286343,061,2300,36,0,1791599374,,,SCHEDULED
2026-10-10T02:13:33.945568+00:00,1286343,061,2301,37,0,1791599428,,,SCHEDULED
2026-10-10T02:13:33.945568+00:00,1286343,061,2302,38,0,1791599481,,,SCHEDULED
2026-10-10T02:13:33.945568+00:00,1286343,061,2303,39,0,1791599502,,,SCHEDULED
2026-10-10T02:13:33.945568+00:00,1286343,061,2304,40,0,1791599532,,,SCHEDULED
2026-10-10T02:13:33.945568+00:00,1286343,061,2305,41,0,1791599580,,,SCHEDULED
2026-10-10T02:13:33.945568+00:00,1286343,061,2306,42,0,1791599603,,,SCHEDULED
2026-10-10T02:13:33.945568+00:00,1286343,061,2307,43,0,1791599636,,,SCHEDULED
2026-10-10T02:13:33.945568+00:00,1286343,061,2308,44,0,1791599672,,,SCHEDULED
2026-10-10T02:13:33.945568+00:00,1286343,061,2309,45,0,1791599720,,,SCHEDULED
2026-10-10T02:13:33.945568+00:00,1286343,061,1999,46,0,1791599755,,,SCHEDULED
2026-10-10T02:13:33.945568+00:00,1286343,061,1998,47,0,1791599831,,,SCHEDULED
2026-10-10T02:13:33.945568+00:00,1286343,061,2001,48,0,1791599856,,,SCHEDULED
2026-10-10T02:13:33.945568+00:00,1286343,061,2002,49,0,1791599901,,,SCHEDULED
2026-10-10T02:13:33.945568+00:00,1286343,061,2003,50,0,1791599962,,,SCHEDULED
2026-10-10T02:13:33.945568+00:00,1286343,061,2004,51,0,1791600008,,,SCHEDULED
2026-10-10T02:13:33.945568+00:00,1286343,061,2005,52,0,1791600040,,,SCHEDULED
2026-10-10T02:13:33.945568+00:00,1286343,061,2006,53,0,1791600083,,,SCHEDULED
2026-10-10T02:13:33.945568+00:00,1286343,061,2007,54,0,1791600116,,,SCHEDULED
2026-10-10T02:13:33.945568+00:00,1286343,061,2008,55,0,1791600139,,,SCHEDULED
2026-10-10T02:13:33.945568+00:00,1286343,061,2010,56,0,1791600200,,,SCHEDULED
2026-10-10T02:13:33.945568+00:00,1286585,067,4016,7,0,1791598430,,,SCHEDULED
2026-10-10T02:13:33.945568+00:00,1286585,067,4017,8,0,1791598474,,,SCHEDULED
2026-10-10T02:13:33.945568+00:00,1286585,067,3914,9,0,1791598575,,,SCHEDULED
2026-10-10T02:13:33.945568+00:00,1286585,067,3220,10,0,1791598691,,,SCHEDULED
2026-10-10T02:13:33.945568+00:00,1286585,067,3222,11,0,1791598817,,,SCHEDULED
2026-10-10T02:13:33.945568+00:00,1286585,067,3223,12,0,1791598859,,,SCHEDULED
2026-10-10T02:13:33.945568+00:00,1286585,067,3224,13,0,1791598888,,,SCHEDULED
2026-10-10T02:13:33.945568+00:00,1286585,067,3225,14,0,1791598980,,,SCHEDULED
2026-10-10T02:13:33.945568+00:00,1286585,067,2062,15,0,1791599066,,,SCHEDULED
2026-10-10T02:13:33.945568+00:00,1286585,067,2063,16,0,1791599092,,,SCHEDULED
2026-10-10T02:13:33.945568+00:00,1286585,067,6508,17,0,1791599141,,,SCHEDULED
2026-10-10T02:13:33.945568+00:00,1286585,067,2174,18,0,1791599249,,,SCHEDULED
2026-10-10T02:13:33.945568+00:00,1286585,067,2160,19,0,1791599305,,,SCHEDULED
2026-10-10T02:13:33.945568+00:00,1286585,067,2597,20,0,1791599394,,,SCHEDULED
2026-10-10T02:13:33.945568+00:00,1286585,067,2598,21,0,1791599455,,,SCHEDULED
2026-10-10T02:13:33.945568+00:00,1286585,067,2599,22,0,1791599486,,,SCHEDULED
2026-10-10T02:13:33.945568+00:00,1286585,067,2600,23,0,1791599518,,,SCHEDULED
2026-10-10T02:13:33.945568+00:00,1286585,067,2601,24,0,1791599583,,,SCHEDULED
2026-10-10T02:13:33.945568+00:00,1286585,067,2602,25,0,1791599595,,,SCHEDULED
2026-10-10T02:13:33.945568+00:00,1286585,067,2603,26,0,1791599727,,,SCHEDULED
2026-10-10T02:13:33.945568+00:00,1286585,067,2604,27,0,1791599765,,,SCHEDULED
2026-10-10T02:13:33.945568+00:00,1286585,067,2605,28,0,1791599821,,,SCHEDULED
2026-10-10T02:13:33.945568+00:00,1286585,067,2606,29,0,1791599848,,,SCHEDULED
2026-10-10T02:13:33.945568+00:00,1286585,067,2607,30,0,1791599858,,,SCHEDULED
2026-10-10T02:13:33.945568+00:00,1286585,067,2608,31,0,1791599883,,,SCHEDULED
2026-10-10T02:13:33.945568+00:00,1286585,067,2609,32,0,1791599898,,,SCHEDULED
2026-10-10T02:13:33.945568+00:00,1286585,067,2613,33,0,1791599940,,,SCHEDULED
2026-10-10T02:13:33.945568+00:00,1286585,067,2614,34,0,1791599973,,,SCHEDULED
2026-10-10T02:13:33.945568+00:00,1286585,067,2615,35,0,1791600014,,,SCHEDULED
2026-10-10T02:13:33.945568+00:00,1286585,067,601,36,0,1791600047,,,SCHEDULED
2026-10-10T02:13:33.945568+00:00,1286585,067,2617,37,0,1791600103,,,SCHEDULED
2026-10-10T02:13:33.945568+00:00,1286585,067,2620,38,0,1791600177,,,SCHEDULED
2026-10-10T02:13:33.945568+00:00,1285892,051,3131,1,,,0,1791598826,SCHEDULED
2026-10-10T02:13:33.945568+00:00,1285892,051,1884,2,0,1791598931,,,SCHEDULED
2026-10-10T02:13:33.945568+00:00,1285892,051,1885,3,0,1791599010,,,SCHEDULED
2026-10-10T02:13:33.945568+00:00,1285892,051,1887,4,0,1791599092,,,SCHEDULED
2026-10-10T02:13:33.945568+00:00,1285892,051,1888,5,0,1791599134,,,SCHEDULED
2026-10-10T02:13:33.945568+00:00,1285892,051,1889,6,0,1791599182,,,SCHEDULED
2026-10-10T02:13:33.945568+00:00,1285892,051,1890,7,0,1791599253,,,SCHEDULED
2026-10-10T02:13:33.945568+00:00,1285892,051,1891,8,0,1791599293,,,SCHEDULED
2026-10-10T02:13:33.945568+00:00,1285892,051,1892,9,0,1791599366,,,SCHEDULED
2026-10-10T02:13:33.945568+00:00,1285892,051,1893,10,0,1791599409,,,SCHEDULED
2026-10-10T02:13:33.945568+00:00,1285892,051,1894,11,0,1791599482,,,SCHEDULED
2026-10-10T02:13:33.945568+00:00,1285892,051,1895,12,0,1791599532,,,SCHEDULED
2026-10-10T02:13:33.945568+00:00,1285892,051,1896,13,0,1791599564,,,SCHEDULED
2026-10-10T02:13:33.945568+00:00,1285892,051,1898,14,0,1791599592,,,SCHEDULED
2026-10-10T02:13:33.945568+00:00,1285892,051,1899,15,0,1791599632,,,SCHEDULED
2026-10-10T02:13:33.945568+00:00,1285892,051,1901,16,0,1791599658,,,SCHEDULED
2026-10-10T02:13:33.945568+00:00,1285892,051,1902,17,0,1791599680,,,SCHEDULED
2026-10-10T02:13:33.945568+00:00,1285892,051,1904,18,0,1791599794,,,SCHEDULED
2026-10-10T02:13:33.945568+00:00,1285892,051,1905,19,0,1791599882,,,SCHEDULED
2026-10-10T02:13:33.945568+00:00,1285892,051,1906,20,0,1791599952,,,SCHEDULED
2026-10-10T02:13:33.945568+00:00,1285892,051,1907,21,0,1791599974,,,SCHEDULED
2026-10-10T02:13:33.945568+00:00,1285892,051,1908,22,0,1791599991,,,SCHEDULED
2026-10-10T02:13:33.945568+00:00,1285892,051,1911,23,0,1791600002,,,SCHEDULED
2026-10-10T02:13:33.945568+00:00,1285892,051,1913,24,0,1791600089,,,SCHEDULED
2026-10-10T02:13:33.945568+00:00,1285892,051,1914,25,0,1791600173,,,SCHEDULED
2026-10-10T02:13:33.945568+00:00,1285892,051,1915,26,0,1791600181,,,SCHEDULED
2026-10-10T02:13:33.945568+00:00,1285894,051,1922,33,0,1791598443,,,SCHEDULED
2026-10-10T02:13:33.945568+00:00,1285894,051,1923,34,0,1791598470,,,SCHEDULED
2026-10-10T02:13:33.945568+00:00,1285894,051,1924,35,0,1791598520,,,SCHEDULED
2026-10-10T02:13:33.945568+00:00,1285894,051,1925,36,0,1791598570,,,SCHEDULED
2026-10-10T02:13:33.945568+00:00,1285894,051,1926,37,0,1791598620,,,SCHEDULED
2026-10-10T02:13:33.945568+00:00,1285894,051,1940,38,0,1791598642,,,SCHEDULED
2026-10-10T02:13:33.945568+00:00,1285894,051,320,39,0,1791598678,,,SCHEDULED
2026-10-10T02:13:33.945568+00:00,1285894,051,1209,40,0,1791598700,,,SCHEDULED
2026-10-10T02:13:33.945568+00:00,1285894,051,321,41,0,1791598726,,,SCHEDULED
2026-10-10T02:13:33.945568+00:00,1285894,051,322,42,0,1791598770,,,SCHEDULED
2026-10-10T02:13:33.945568+00:00,1285894,051,324,43,0,1791598860,,,SCHEDULED
2026-10-10T02:13:33.945568+00:00,1285894,051,325,44,0,1791598882,,,SCHEDULED
2026-10-10T02:13:33.945568+00:00,1285894,051,327,46,0,1791598926,,,SCHEDULED
2026-10-10T02:13:33.945568+00:00,1285894,051,328,47,0,1791598946,,,SCHEDULED
2026-10-10T02:13:33.945568+00:00,1285894,051,329,48,0,1791598980,,,SCHEDULED
2026-10-10T02:13:33.945568+00:00,1285894,051,330,49,0,1791599064,,,SCHEDULED
2026-10-10T02:13:33.945568+00:00,1285894,051,331,50,0,1791599116,,,SCHEDULED
2026-10-10T02:13:33.945568+00:00,1285893,051,1894,11,0,1791598444,,,SCHEDULED
2026-10-10T02:13:33.945568+00:00,1285893,051,1895,12,0,1791598494,,,SCHEDULED
2026-10-10T02:13:33.945568+00:00,1285893,051,1896,13,0,1791598526,,,SCHEDULED
2026-10-10T02:13:33.945568+00:00,1285893,051,1898,14,0,1791598554,,,SCHEDULED
2026-10-10T02:13:33.945568+00:00,1285893,051,1899,15,0,1791598594,,,SCHEDULED
2026-10-10T02:13:33.945568+00:00,1285893,051,1901,16,0,1791598620,,,SCHEDULED
2026-10-10T02:13:33.945568+00:00,1285893,051,1902,17,0,1791598642,,,SCHEDULED
2026-10-10T02:13:33.945568+00:00,1285893,051,1904,18,0,1791598756,,,SCHEDULED
2026-10-10T02:13:33.945568+00:00,1285893,051,1905,19,0,1791598844,,,SCHEDULED
2026-10-10T02:13:33.945568+00:00,1285893,051,1906,20,0,1791598914,,,SCHEDULED
2026-10-10T02:13:33.945568+00:00,1285893,051,1907,21,0,1791598936,,,SCHEDULED
2026-10-10T02:13:33.945568+00:00,1285893,051,1908,22,0,1791598953,,,SCHEDULED
2026-10-10T02:13:33.945568+00:00,1285893,051,1911,23,0,1791598964,,,SCHEDULED
2026-10-10T02:13:33.945568+00:00,1285893,051,1913,24,0,1791599051,,,SCHEDULED
2026-10-10T02:13:33.945568+00:00,1285893,051,1914,25,0,1791599135,,,SCHEDULED
2026-10-10T02:13:33.945568+00:00,1285893,051,1915,26,0,1791599143,,,SCHEDULED
2026-10-10T02:13:33.945568+00:00,1285893,051,1916,27,0,1791599291,,,SCHEDULED
2026-10-10T02:13:33.945568+00:00,1285893,051,1917,28,0,1791599329,,,SCHEDULED
2026-10-10T02:13:33.945568+00:00,1285893,051,1918,29,0,1791599346,,,SCHEDULED
2026-10-10T02:13:33.945568+00:00,1285893,051,1919,30,0,1791599376,,,SCHEDULED
2026-10-10T02:13:33.945568+00:00,1285893,051,1920,31,0,1791599403,,,SCHEDULED
2026-10-10T02:13:33.945568+00:00,1285893,051,1921,32,0,1791599454,,,SCHEDULED
2026-10-10T02:13:33.945568+00:00,1285893,051,1922,33,0,1791599502,,,SCHEDULED
2026-10-10T02:13:33.945568+00:00,1285893,051,1923,34,0,1791599528,,,SCHEDULED
2026-10-10T02:13:33.945568+00:00,1285893,051,1924,35,0,1791599564,,,SCHEDULED
2026-10-10T02:13:33.945568+00:00,1285893,051,1925,36,0,1791599590,,,SCHEDULED
2026-10-10T02:13:33.945568+00:00,1285893,051,1926,37,0,1791599645,,,SCHEDULED
2026-10-10T02:13:33.945568+00:00,1285893,051,1940,38,0,1791599675,,,SCHEDULED
2026-10-10T02:13:33.945568+00:00,1285893,051,320,39,0,1791599712,,,SCHEDULED
2026-10-10T02:13:33.945568+00:00,1285893,051,1209,40,0,1791599737,,,SCHEDULED
2026-10-10T02:13:33.945568+00:00,1285893,051,321,41,0,1791599784,,,SCHEDULED
2026-10-10T02:13:33.945568+00:00,1285893,051,322,42,0,1791599826,,,SCHEDULED
2026-10-10T02:13:33.945568+00:00,1285893,051,324,43,0,1791599875,,,SCHEDULED
2026-10-10T02:13:33.945568+00:00,1285893,051,325,44,0,1791599898,,,SCHEDULED
2026-10-10T02:13:33.945568+00:00,1285893,051,327,46,0,1791599956,,,SCHEDULED
2026-10-10T02:13:33.945568+00:00,1285893,051,328,47,0,1791599982,,,SCHEDULED
2026-10-10T02:13:33.945568+00:00,1285893,051,329,48,0,1791600062,,,SCHEDULED
2026-10-10T02:13:33.945568+00:00,1285893,051,330,49,0,1791600099,,,SCHEDULED
2026-10-10T02:13:33.945568+00:00,1285893,051,331,50,0,1791600131,,,SCHEDULED
2026-10-10T02:13:33.945568+00:00,1286586,067,887,1,,,0,1791599520,SCHEDULED
2026-10-10T02:13:33.945568+00:00,1286586,067,286,2,0,1791599683,,,SCHEDULED
2026-10-10T02:13:33.945568+00:00,1286586,067,4439,3,0,1791599732,,,SCHEDULED
2026-10-10T02:13:33.945568+00:00,1286586,067,4440,4,0,1791599807,,,SCHEDULED
2026-10-10T02:13:33.945568+00:00,1286586,067,4441,5,0,1791599844,,,SCHEDULED
2026-10-10T02:13:33.945568+00:00,1286586,067,4015,6,0,1791599906,,,SCHEDULED
2026-10-10T02:13:33.945568+00:00,1286586,067,4016,7,0,1791599943,,,SCHEDULED
2026-10-10T02:13:33.945568+00:00,1286586,067,4017,8,0,1791599985,,,SCHEDULED
2026-10-10T02:13:33.945568+00:00,1286586,067,3914,9,0,1791600044,,,SCHEDULED
2026-10-10T02:13:33.945568+00:00,1286586,067,3220,10,0,1791600087,,,SCHEDULED
2026-10-10T02:13:33.945568+00:00,1286586,067,3222,11,0,1791600178,,,SCHEDULED
2026-10-10T02:13:33.945568+00:00,1286344,061,2011,57,0,1791598483,,,SCHEDULED
2026-10-10T02:13:33.945568+00:00,1286344,061,2012,58,0,1791598525,,,SCHEDULED
2026-10-10T02:13:33.945568+00:00,1286344,061,2013,59,0,1791598554,,,SCHEDULED
2026-10-10T02:13:33.945568+00:00,1286344,061,2014,60,0,1791598600,,,SCHEDULED
2026-10-10T02:13:33.945568+00:00,1286344,061,2015,61,0,1791598663,,,SCHEDULED
2026-10-10T02:13:33.945568+00:00,1286344,061,2016,62,0,1791598700,,,SCHEDULED
2026-10-10T02:13:33.945568+00:00,1286344,061,2020,63,0,1791598750,,,SCHEDULED
2026-10-10T02:13:33.945568+00:00,1286344,061,2021,64,0,1791598810,,,SCHEDULED
2026-10-10T02:13:33.945568+00:00,1286344,061,3130,65,0,1791598872,,,SCHEDULED
2026-10-10T02:13:33.945568+00:00,1285137,023,1184,1,,,,,NO_DATA
2026-10-10T02:13:33.945568+00:00,1285137,023,3301,2,,,,,NO_DATA
2026-10-10T02:13:33.945568+00:00,1285137,023,1187,3,,,,,NO_DATA
2026-10-10T02:13:33.945568+00:00,1285137,023,1188,4,,,,,NO_DATA
2026-10-10T02:13:33.945568+00:00,1285137,023,1189,5,,,,,NO_DATA
2026-10-10T02:13:33.945568+00:00,1285137,023,1190,6,,,,,NO_DATA
2026-10-10T02:13:33.945568+00:00,1285137,023,1337,7,,,,,NO_DATA
2026-10-10T02:13:33.945568+00:00,1285137,023,1338,8,,,,,NO_DATA
2026-10-10T02:13:33.945568+00:00,1285137,023,1339,9,,,,,NO_DATA
2026-10-10T02:13:33.945568+00:00,1285137,023,1340,10,,,,,NO_DATA
2026-10-10T02:13:33.945568+00:00,1285137,023,1341,11,,,,,NO_DATA
2026-10-10T02:13:33.945568+00:00,1285137,023,1342,12,,,,,NO_DATA
2026-10-10T02:13:33.945568+00:00,1285137,023,1343,13,,,,,NO_DATA
2026-10-10T02:13:33.945568+00:00,1285137,023,1344,14,,,,,NO_DATA
2026-10-10T02:13:33.945568+00:00,1285137,023,1346,15,,,,,NO_DATA
2026-10-10T02:13:33.945568+00:00,1285137,023,5362,16,,,,,NO_DATA
2026-10-10T02:13:33.945568+00:00,1285137,023,5361,17,,,,,NO_DATA
2026-10-10T02:13:33.945568+00:00,1285137,023,1348,18,,,,,NO_DATA
2026-10-10T02:13:33.945568+00:00,1285137,023,1349,19,,,,,NO_DATA
2026-10-10T02:13:33.945568+00:00,1285137,023,1350,20,,,,,NO_DATA
2026-10-10T02:13:33.945568+00:00,1285137,023,1351,21,,,,,NO_DATA
2026-10-10T02:13:33.945568+00:00,1285137,023,1353,22,,,,,NO_DATA
2026-10-10T02:13:33.945568+00:00,1285137,023,1354,23,,,,,NO_DATA
2026-10-10T02:13:33.945568+00:00,1285137,023,1355,24,,,,,NO_DATA
2026-10-10T02:13:33.945568+00:00,1285137,023,1356,25,,,,,NO_DATA
2026-10-10T02:13:33.945568+00:00,1285137,023,1357,26,,,,,NO_DATA
2026-10-10T02:13:33.945568+00:00,1285137,023,1358,27,,,,,NO_DATA
2026-10-10T02:13:33.945568+00:00,1285137,023,1359,28,,,,,NO_DATA
2026-10-10T02:13:33.945568+00:00,1285137,023,1360,29,,,,,NO_DATA
2026-10-10T02:13:33.945568+00:00,1285137,023,1361,30,,,,,NO_DATA
2026-10-10T02:13:33.945568+00:00,1285137,023,1363,31,,,,,NO_DATA
2026-10-10T02:13:33.945568+00:00,1285137,023,1139,32,,,,,NO_DATA
2026-10-10T02:13:33.945568+00:00,1285137,023,1365,33,,,,,NO_DATA
2026-10-10T02:13:33.945568+00:00,1285137,023,1366,34,,,,,NO_DATA
2026-10-10T02:13:33.945568+00:00,1285895,051,322,42,0,1791598425,,,SCHEDULED
2026-10-10T02:13:33.945568+00:00,1285895,051,324,43,0,1791598474,,,SCHEDULED
2026-10-10T02:13:33.945568+00:00,1285895,051,325,44,0,1791598497,,,SCHEDULED
2026-10-10T02:13:33.945568+00:00,1285895,051,327,46,0,1791598555,,,SCHEDULED
2026-10-10T02:13:33.945568+00:00,1285895,051,328,47,0,1791598581,,,SCHEDULED
2026-10-10T02:13:33.945568+00:00,1285895,051,329,48,0,1791598661,,,SCHEDULED
2026-10-10T02:13:33.945568+00:00,1285895,051,330,49,0,1791598698,,,SCHEDULED
2026-10-10T02:13:33.945568+00:00,1285895,051,331,50,0,1791598730,,,SCHEDULED
2026-10-10T02:13:33.945568+00:00,1285774,038,525,32,0,1791598477,,,SCHEDULED
2026-10-10T02:13:33.945568+00:00,1285774,038,526,33,0,1791598572,,,SCHEDULED
2026-10-10T02:13:33.945568+00:00,1285774,038,527,34,0,1791598596,,,SCHEDULED
2026-10-10T02:13:33.945568+00:00,1285774,038,528,35,0,1791598620,,,SCHEDULED
2026-10-10T02:13:33.945568+00:00,1285774,038,5252,36,0,1791598713,,,SCHEDULED
2026-10-10T02:13:33.945568+00:00,1285774,038,281,37,0,1791598798,,,SCHEDULED
2026-10-10T02:13:33.945568+00:00,1285139,023,1165,64,0,1791598519,,,SCHEDULED
2026-10-10T02:13:33.945568+00:00,1285139,023,1166,65,0,1791598593,,,SCHEDULED
2026-10-10T02:13:33.945568+00:00,1285139,023,1167,66,0,1791598634,,,SCHEDULED
2026-10-10T02:13:33.945568+00:00,1285139,023,1168,67,0,1791598660,,,SCHEDULED
2026-10-10T02:13:33.945568+00:00,1285139,023,284,68,0,1791598753,,,SCHEDULED
2026-10-10T02:13:33.945568+00:00,1288407,176,663,4,0,1791598980,,,SCHEDULED
2026-10-10T02:13:33.945568+00:00,1288407,176,8005,5,0,1791599125,,,SCHEDULED
2026-10-10T02:13:33.945568+00:00,1288407,176,837,6,0,1791599206,,,SCHEDULED
2026-10-10T02:13:33.945568+00:00,1285138,023,1372,39,0,1791598411,,,SCHEDULED
2026-10-10T02:13:33.945568+00:00,1285138,023,1373,40,0,1791598449,,,SCHEDULED
2026-10-10T02:13:33.945568+00:00,1285138,023,1374,41,0,1791598488,,,SCHEDULED
2026-10-10T02:13:33.945568+00:00,1285138,023,1375,42,0,1791598516,,,SCHEDULED
2026-10-10T02:13:33.945568+00:00,1285138,023,1376,43,0,1791598537,,,SCHEDULED
2026-10-10T02:13:33.945568+00:00,1285138,023,1377,44,0,1791598560,,,SCHEDULED
2026-10-10T02:13:33.945568+00:00,1285138,023,1378,45,0,1791598584,,,SCHEDULED
2026-10-10T02:13:33.945568+00:00,1285138,023,1380,46,0,1791598690,,,SCHEDULED
2026-10-10T02:13:33.945568+00:00,1285138,023,1381,47,0,1791598750,,,SCHEDULED
2026-10-10T02:13:33.945568+00:00,1285138,023,1382,48,0,1791598783,,,SCHEDULED
2026-10-10T02:13:33.945568+00:00,1285138,023,1383,49,0,1791598810,,,SCHEDULED
2026-10-10T02:13:33.945568+00:00,1285138,023,1384,50,0,1791598850,,,SCHEDULED
2026-10-10T02:13:33.945568+00:00,1285138,023,1385,51,0,1791598869,,,SCHEDULED
2026-10-10T02:13:33.945568+00:00,1285138,023,1386,52,0,1791598929,,,SCHEDULED
2026-10-10T02:13:33.945568+00:00,1285138,023,1387,53,0,1791598946,,,SCHEDULED
2026-10-10T02:13:33.945568+00:00,1285138,023,1388,54,0,1791599014,,,SCHEDULED
2026-10-10T02:13:33.945568+00:00,1285138,023,1389,55,0,1791599063,,,SCHEDULED
2026-10-10T02:13:33.945568+00:00,1285138,023,1390,56,0,1791599083,,,SCHEDULED
2026-10-10T02:13:33.945568+00:00,1285138,023,1391,57,0,1791599137,,,SCHEDULED
2026-10-10T02:13:33.945568+00:00,1285138,023,1392,58,0,1791599162,,,SCHEDULED
2026-10-10T02:13:33.945568+00:00,1285138,023,1393,59,0,1791599191,,,SCHEDULED
2026-10-10T02:13:33.945568+00:00,1285138,023,1394,60,0,1791599215,,,SCHEDULED
2026-10-10T02:13:33.945568+00:00,1285138,023,1395,61,0,1791599250,,,SCHEDULED
2026-10-10T02:13:33.945568+00:00,1285138,023,1163,62,0,1791599349,,,SCHEDULED
2026-10-10T02:13:33.945568+00:00,1285138,023,1164,63,0,1791599407,,,SCHEDULED
2026-10-10T02:13:33.945568+00:00,1285138,023,1165,64,0,1791599767,,,SCHEDULED
2026-10-10T02:13:33.945568+00:00,1285138,023,1166,65,0,1791599841,,,SCHEDULED
2026-10-10T02:13:33.945568+00:00,1285138,023,1167,66,0,1791599882,,,SCHEDULED
2026-10-10T02:13:33.945568+00:00,1285138,023,1168,67,0,1791599908,,,SCHEDULED
2026-10-10T02:13:33.945568+00:00,1285138,023,284,68,0,1791600001,,,SCHEDULED
2026-10-10T02:13:33.945568+00:00,1285416,026,3063,11,0,1791598420,,,SCHEDULED
2026-10-10T02:13:33.945568+00:00,1285416,026,3064,12,0,1791598502,,,SCHEDULED
2026-10-10T02:13:33.945568+00:00,1285416,026,3065,13,0,1791598571,,,SCHEDULED
2026-10-10T02:13:33.945568+00:00,1285416,026,3066,14,0,1791598581,,,SCHEDULED
2026-10-10T02:13:33.945568+00:00,1285416,026,629,15,0,1791598665,,,SCHEDULED
2026-10-10T02:13:33.945568+00:00,1285416,026,651,16,0,1791598765,,,SCHEDULED
2026-10-10T02:13:33.945568+00:00,1285416,026,544,17,0,1791598815,,,SCHEDULED
2026-10-10T02:13:33.945568+00:00,1285416,026,3049,18,0,1791599015,,,SCHEDULED
2026-10-10T02:13:33.945568+00:00,1285416,026,3070,19,0,1791599082,,,SCHEDULED
2026-10-10T02:13:33.945568+00:00,1285416,026,3071,20,0,1791599138,,,SCHEDULED
2026-10-10T02:13:33.945568+00:00,1285416,026,3072,21,0,1791599191,,,SCHEDULED
2026-10-10T02:13:33.945568+00:00,1285416,026,9801,22,0,1791599321,,,SCHEDULED
2026-10-10T02:13:33.945568+00:00,1285416,026,3073,23,0,1791599368,,,SCHEDULED
2026-10-10T02:13:33.945568+00:00,1285416,026,1518,24,0,1791599512,,,SCHEDULED
2026-10-10T02:13:33.945568+00:00,1285416,026,1519,25,0,1791599619,,,SCHEDULED
2026-10-10T02:13:33.945568+00:00,1285416,026,1520,26,0,1791599676,,,SCHEDULED
2026-10-10T02:13:33.945568+00:00,1285416,026,1521,27,0,1791599741,,,SCHEDULED
2026-10-10T02:13:33.945568+00:00,1285416,026,1522,28,0,1791599787,,,SCHEDULED
2026-10-10T02:13:33.945568+00:00,1285416,026,1523,29,0,1791599812,,,SCHEDULED
2026-10-10T02:13:33.945568+00:00,1285416,026,1524,30,0,1791599859,,,SCHEDULED
2026-10-10T02:13:33.945568+00:00,1285416,026,1525,31,0,1791599981,,,SCHEDULED
2026-10-10T02:13:33.945568+00:00,1285416,026,1526,32,0,1791599998,,,SCHEDULED
2026-10-10T02:13:33.945568+00:00,1285416,026,1527,33,0,1791600060,,,SCHEDULED
2026-10-10T02:13:33.945568+00:00,1285416,026,1528,34,0,1791600115,,,SCHEDULED
2026-10-10T02:13:33.945568+00:00,1285416,026,1529,35,0,1791600149,,,SCHEDULED
2026-10-10T02:13:33.945568+00:00,1285415,026,3052,1,,,0,1791599640,SCHEDULED
2026-10-10T02:13:33.945568+00:00,1285415,026,3054,2,0,1791599839,,,SCHEDULED
2026-10-10T02:13:33.945568+00:00,1285415,026,3055,3,0,1791599907,,,SCHEDULED
2026-10-10T02:13:33.945568+00:00,1285415,026,3056,4,0,1791599968,,,SCHEDULED
2026-10-10T02:13:33.945568+00:00,1285415,026,3057,5,0,1791600005,,,SCHEDULED
2026-10-10T02:13:33.945568+00:00,1285415,026,3058,6,0,1791600036,,,SCHEDULED
2026-10-10T02:13:33.945568+00:00,1285415,026,3059,7,0,1791600059,,,SCHEDULED
2026-10-10T02:13:33.945568+00:00,1285415,026,3060,8,0,1791600122,,,SCHEDULED
2026-10-10T02:13:33.945568+00:00,1285415,026,3061,9,0,1791600158,,,SCHEDULED
2026-10-10T02:13:33.945568+00:00,1285415,026,3062,10,0,1791600196,,,SCHEDULED
2026-10-10T02:13:33.945568+00:00,1285415,026,3063,11,0,1791600208,,,SCHEDULED
2026-10-10T02:13:33.945568+00:00,1286987,075,4061,1,,,0,1791599283,SCHEDULED
2026-10-10T02:13:33.945568+00:00,1286987,075,1426,2,0,1791599305,,,SCHEDULED
2026-10-10T02:13:33.945568+00:00,1286987,075,1429,3,0,1791599359,,,SCHEDULED
2026-10-10T02:13:33.945568+00:00,1286987,075,1430,4,0,1791599394,,,SCHEDULED
2026-10-10T02:13:33.945568+00:00,1286987,075,3845,5,0,1791599525,,,SCHEDULED
2026-10-10T02:13:33.945568+00:00,1286987,075,3846,6,0,1791599606,,,SCHEDULED
2026-10-10T02:13:33.945568+00:00,1286987,075,3847,7,0,1791599625,,,SCHEDULED
2026-10-10T02:13:33.945568+00:00,1286987,075,1431,8,0,1791599641,,,SCHEDULED
2026-10-10T02:13:33.945568+00:00,1286987,075,1419,9,0,1791599691,,,SCHEDULED
2026-10-10T02:13:33.945568+00:00,1286987,075,9922,10,0,1791599772,,,SCHEDULED
2026-10-10T02:13:33.945568+00:00,1286987,075,1399,11,0,1791599851,,,SCHEDULED
2026-10-10T02:13:33.945568+00:00,1286987,075,1397,12,0,1791599925,,,SCHEDULED
2026-10-10T02:13:33.945568+00:00,1286987,075,9928,13,0,1791599993,,,SCHEDULED
2026-10-10T02:13:33.945568+00:00,1286987,075,3802,14,0,1791600043,,,SCHEDULED
2026-10-10T02:13:33.945568+00:00,1286987,075,3852,15,0,1791600111,,,SCHEDULED
2026-10-10T02:13:33.945568+00:00,1285417,026,1531,37,0,1791598430,,,SCHEDULED
2026-10-10T02:13:33.945568+00:00,1285417,026,1532,38,0,1791598474,,,SCHEDULED
2026-10-10T02:13:33.945568+00:00,1285417,026,1533,39,0,1791598531,,,SCHEDULED
2026-10-10T02:13:33.945568+00:00,1285417,026,1534,40,0,1791598578,,,SCHEDULED
2026-10-10T02:13:33.945568+00:00,1285417,026,1535,41,0,1791598653,,,SCHEDULED
2026-10-10T02:13:33.945568+00:00,1285417,026,1536,42,0,1791598703,,,SCHEDULED
2026-10-10T02:13:33.945568+00:00,1285417,026,1537,43,0,1791598797,,,SCHEDULED
2026-10-10T02:13:33.945568+00:00,1285417,026,1538,44,0,1791598848,,,SCHEDULED
2026-10-10T02:13:33.945568+00:00,1285417,026,1539,45,0,1791598877,,,SCHEDULED
2026-10-10T02:13:33.945568+00:00,1285417,026,1540,46,0,1791598902,,,SCHEDULED
2026-10-10T02:13:33.945568+00:00,1285417,026,1542,47,0,1791598981,,,SCHEDULED
2026-10-10T02:13:33.945568+00:00,1285417,026,1541,48,0,1791599078,,,SCHEDULED
2026-10-10T02:13:33.945568+00:00,1285417,026,2980,49,0,1791599145,,,SCHEDULED
2026-10-10T02:13:33.945568+00:00,1285417,026,8958,50,0,1791599234,,,SCHEDULED
2026-10-10T02:13:33.945568+00:00,1286182,056,3222,11,0,1791598422,,,SCHEDULED
2026-10-10T02:13:33.945568+00:00,1286182,056,3223,12,0,1791598466,,,SCHEDULED
2026-10-10T02:13:33.945568+00:00,1286182,056,3225,13,0,1791598531,,,SCHEDULED
2026-10-10T02:13:33.945568+00:00,1286182,056,2062,14,0,1791598614,,,SCHEDULED
2026-10-10T02:13:33.945568+00:00,1286182,056,2063,15,0,1791598637,,,SCHEDULED
2026-10-10T02:13:33.945568+00:00,1286182,056,2064,16,0,1791598703,,,SCHEDULED
2026-10-10T02:13:33.945568+00:00,1286182,056,2065,17,0,1791598751,,,SCHEDULED
2026-10-10T02:13:33.945568+00:00,1286182,056,2066,18,0,1791598778,,,SCHEDULED
2026-10-10T02:13:33.945568+00:00,1286182,056,2068,19,0,1791598805,,,SCHEDULED
2026-10-10T02:13:33.945568+00:00,1286182,056,5200,20,0,1791598884,,,SCHEDULED
2026-10-10T02:13:33.945568+00:00,1286182,056,287,21,0,1791599046,,,SCHEDULED
2026-10-10T02:13:33.945568+00:00,1286182,056,2070,22,0,1791599077,,,SCHEDULED
2026-10-10T02:13:33.945568+00:00,1286182,056,2071,23,0,1791599106,,,SCHEDULED
2026-10-10T02:13:33.945568+00:00,1286182,056,497,24,0,1791599201,,,SCHEDULED
2026-10-10T02:13:33.945568+00:00,1286182,056,498,25,0,1791599256,,,SCHEDULED
2026-10-10T02:13:33.945568+00:00,1286182,056,500,26,0,1791599332,,,SCHEDULED
2026-10-10T02:13:33.945568+00:00,1286182,056,501,27,0,1791599360,,,SCHEDULED
2026-10-10T02:13:33.945568+00:00,1286182,056,502,28,0,1791599380,,,SCHEDULED
2026-10-10T02:13:33.945568+00:00,1286182,056,503,29,0,1791599571,,,SCHEDULED
2026-10-10T02:13:33.945568+00:00,1286182,056,504,30,0,1791599703,,,SCHEDULED
2026-10-10T02:13:33.945568+00:00,1286182,056,505,31,0,1791599728,,,SCHEDULED
2026-10-10T02:13:33.945568+00:00,1286182,056,4134,32,0,1791599772,,,SCHEDULED
2026-10-10T02:13:33.945568+00:00,1286182,056,4136,33,0,1791599808,,,SCHEDULED
2026-10-10T02:13:33.945568+00:00,1286182,056,4137,34,0,1791599851,,,SCHEDULED
2026-10-10T02:13:33.945568+00:00,1286183,056,906,1,,,0,1791599220,SCHEDULED
2026-10-10T02:13:33.945568+00:00,1286183,056,286,2,0,1791599398,,,SCHEDULED
2026-10-10T02:13:33.945568+00:00,1286183,056,4439,3,0,1791599447,,,SCHEDULED
2026-10-10T02:13:33.945568+00:00,1286183,056,4440,4,0,1791599522,,,SCHEDULED
2026-10-10T02:13:33.945568+00:00,1286183,056,4441,5,0,1791599559,,,SCHEDULED
2026-10-10T02:13:33.945568+00:00,1286183,056,4015,6,0,1791599621,,,SCHEDULED
2026-10-10T02:13:33.945568+00:00,1286183,056,4016,7,0,1791599660,,,SCHEDULED
2026-10-10T02:13:33.945568+00:00,1286183,056,4017,8,0,1791599700,,,SCHEDULED
2026-10-10T02:13:33.945568+00:00,1286183,056,3914,9,0,1791599760,,,SCHEDULED
2026-10-10T02:13:33.945568+00:00,1286183,056,3220,10,0,1791599808,,,SCHEDULED
2026-10-10T02:13:33.945568+00:00,1286183,056,3222,11,0,1791599912,,,SCHEDULED
2026-10-10T02:13:33.945568+00:00,1286183,056,3223,12,0,1791599958,,,SCHEDULED
2026-10-10T02:13:33.945568+00:00,1286183,056,3225,13,0,1791600049,,,SCHEDULED
2026-10-10T02:13:33.945568+00:00,1286183,056,2062,14,0,1791600166,,,SCHEDULED
2026-10-10T02:13:33.945568+00:00,1284691,013,1071,1,,,0,1791599988,SCHEDULED
2026-10-10T02:13:33.945568+00:00,1284691,013,1073,2,0,1791599992,,,SCHEDULED
2026-10-10T02:13:33.945568+00:00,1284691,013,1074,3,0,1791599993,,,SCHEDULED
2026-10-10T02:13:33.945568+00:00,1284691,013,1075,4,0,1791599995,,,SCHEDULED
2026-10-10T02:13:33.945568+00:00,1284691,013,1076,5,0,1791600063,,,SCHEDULED
2026-10-10T02:13:33.945568+00:00,1284691,013,1077,6,0,1791600147,,,SCHEDULED
2026-10-10T02:13:33.945568+00:00,1284691,013,1646,7,0,1791600198,,,SCHEDULED
2026-10-10T02:13:33.945568+00:00,1286595,067,4021,56,0,1791598436,,,SCHEDULED
2026-10-10T02:13:33.945568+00:00,1286595,067,4022,57,0,1791598483,,,SCHEDULED
2026-10-10T02:13:33.945568+00:00,1286595,067,242,58,0,1791598558,,,SCHEDULED
2026-10-10T02:13:33.945568+00:00,1286595,067,243,59,0,1791598600,,,SCHEDULED
2026-10-10T02:13:33.945568+00:00,1286595,067,244,60,0,1791598636,,,SCHEDULED
2026-10-10T02:13:33.945568+00:00,1286595,067,1038,61,0,1791598699,,,SCHEDULED
2026-10-10T02:13:33.945568+00:00,1286595,067,4019,62,0,1791598740,,,SCHEDULED
2026-10-10T02:13:33.945568+00:00,1284053,001,568,28,0,1791598472,,,SCHEDULED
2026-10-10T02:13:33.945568+00:00,1284053,001,570,29,0,1791598497,,,SCHEDULED
2026-10-10T02:13:33.945568+00:00,1284053,001,573,30,0,1791598539,,,SCHEDULED
2026-10-10T02:13:33.945568+00:00,1284053,001,3097,31,0,1791598590,,,SCHEDULED
2026-10-10T02:13:33.945568+00:00,1284053,001,3098,32,0,1791598669,,,SCHEDULED
2026-10-10T02:13:33.945568+00:00,1286593,067,1099,1,,,0,1791598677,SCHEDULED
2026-10-10T02:13:33.945568+00:00,1286593,067,2645,2,0,1791598797,,,SCHEDULED
2026-10-10T02:13:33.945568+00:00,1286593,067,2643,3,0,1791598828,,,SCHEDULED
2026-10-10T02:13:33.945568+00:00,1286593,067,2644,4,0,1791598880,,,SCHEDULED
2026-10-10T02:13:33.945568+00:00,1286593,067,2646,5,0,1791598949,,,SCHEDULED
2026-10-10T02:13:33.945568+00:00,1286593,067,2647,6,0,1791598979,,,SCHEDULED
2026-10-10T02:13:33.945568+00:00,1286593,067,2648,7,0,1791599284,,,SCHEDULED
2026-10-10T02:13:33.945568+00:00,1286593,067,5344,8,0,1791599362,,,SCHEDULED
2026-10-10T02:13:33.945568+00:00,1286593,067,2649,9,0,1791599389,,,SCHEDULED
2026-10-10T02:13:33.945568+00:00,1286593,067,2650,10,0,1791599413,,,SCHEDULED
2026-10-10T02:13:33.945568+00:00,1286593,067,2651,11,0,1791599477,,,SCHEDULED
2026-10-10T02:13:33.945568+00:00,1286593,067,2653,12,0,1791599566,,,SCHEDULED
2026-10-10T02:13:33.945568+00:00,1286593,067,2654,13,0,1791599633,,,SCHEDULED
2026-10-10T02:13:33.945568+00:00,1286593,067,9811,14,0,1791599710,,,SCHEDULED
2026-10-10T02:13:33.945568+00:00,1286593,067,880,15,0,1791599804,,,SCHEDULED
2026-10-10T02:13:33.945568+00:00,1286593,067,2656,16,0,1791599900,,,SCHEDULED
2026-10-10T02:13:33.945568+00:00,1286593,067,2655,17,0,1791599921,,,SCHEDULED
2026-10-10T02:13:33.945568+00:00,1286593,067,1915,18,0,1791599965,,,SCHEDULED
2026-10-10T02:13:33.945568+00:00,1286593,067,2569,19,0,1791600050,,,SCHEDULED
2026-10-10T02:13:33.945568+00:00,1286593,067,2570,20,0,1791600083,,,SCHEDULED
2026-10-10T02:13:33.945568+00:00,1286593,067,2571,21,0,1791600140,,,SCHEDULED
2026-10-10T02:13:33.945568+00:00,1286593,067,2572,22,0,1791600189,,,SCHEDULED
2026-10-10T02:13:33.945568+00:00,1286593,067,2573,23,0,1791600208,,,SCHEDULED
2026-10-10T02:13:33.945568+00:00,1286594,067,2580,29,0,1791598485,,,SCHEDULED
2026-10-10T02:13:33.945568+00:00,1286594,067,2581,30,0,1791598519,,,SCHEDULED
2026-10-10T02:13:33.945568+00:00,1286594,067,2582,31,0,1791598570,,,SCHEDULED
2026-10-10T02:13:33.945568+00:00,1286594,067,2583,32,0,1791598604,,,SCHEDULED
2026-10-10T02:13:33.945568+00:00,1286594,067,2584,33,0,1791598644,,,SCHEDULED
2026-10-10T02:13:33.945568+00:00,1286594,067,2585,34,0,1791598738,,,SCHEDULED
2026-10-10T02:13:33.945568+00:00,1286594,067,2586,35,0,1791598748,,,SCHEDULED
2026-10-10T02:13:33.945568+00:00,1286594,067,2587,36,0,1791598832,,,SCHEDULED
2026-10-10T02:13:33.945568+00:00,1286594,067,2588,37,0,1791598928,,,SCHEDULED
2026-10-10T02:13:33.945568+00:00,1286594,067,2589,38,0,1791598973,,,SCHEDULED
2026-10-10T02:13:33.945568+00:00,1286594,067,2590,39,0,1791598995,,,SCHEDULED
2026-10-10T02:13:33.945568+00:00,1286594,067,2591,40,0,1791599042,,,SCHEDULED
2026-10-10T02:13:33.945568+00:00,1286594,067,2592,41,0,1791599123,,,SCHEDULED
2026-10-10T02:13:33.945568+00:00,1286594,067,2593,42,0,1791599196,,,SCHEDULED
2026-10-10T02:13:33.945568+00:00,1286594,067,2594,43,0,1791599219,,,SCHEDULED
2026-10-10T02:13:33.945568+00:00,1286594,067,2595,44,0,1791599252,,,SCHEDULED
2026-10-10T02:13:33.945568+00:00,1286594,067,2596,45,0,1791599275,,,SCHEDULED
2026-10-10T02:13:33.945568+00:00,1286594,067,2031,46,0,1791599343,,,SCHEDULED
2026-10-10T02:13:33.945568+00:00,1286594,067,2032,47,0,1791599491,,,SCHEDULED
2026-10-10T02:13:33.945568+00:00,1286594,067,2173,48,0,1791599524,,,SCHEDULED
2026-10-10T02:13:33.945568+00:00,1286594,067,494,49,0,1791599625,,,SCHEDULED
2026-10-10T02:13:33.945568+00:00,1286594,067,3831,50,0,1791599784,,,SCHEDULED
2026-10-10T02:13:33.945568+00:00,1286594,067,3833,51,0,1791599895,,,SCHEDULED
2026-10-10T02:13:33.945568+00:00,1286594,067,3834,52,0,1791599973,,,SCHEDULED
2026-10-10T02:13:33.945568+00:00,1286594,067,3939,53,0,1791600058,,,SCHEDULED
2026-10-10T02:13:33.945568+00:00,1286594,067,5107,54,0,1791600133,,,SCHEDULED
2026-10-10T02:13:33.945568+00:00,1284692,013,4750,25,0,1791598471,,,SCHEDULED
2026-10-10T02:13:33.945568+00:00,1284692,013,3980,26,0,1791598497,,,SCHEDULED
2026-10-10T02:13:33.945568+00:00,1284692,013,3979,27,0,1791598603,,,SCHEDULED
2026-10-10T02:13:33.945568+00:00,1284692,013,3981,28,0,1791598639,,,SCHEDULED
2026-10-10T02:13:33.945568+00:00,1284692,013,3982,29,0,1791598674,,,SCHEDULED
2026-10-10T02:13:33.945568+00:00,1284692,013,103,30,0,1791598698,,,SCHEDULED
2026-10-10T02:13:33.945568+00:00,1284692,013,3240,31,0,1791598815,,,SCHEDULED
2026-10-10T02:13:33.945568+00:00,1284692,013,3241,32,0,1791598859,,,SCHEDULED
2026-10-10T02:13:33.945568+00:00,1284692,013,3242,33,0,1791598889,,,SCHEDULED
2026-10-10T02:13:33.945568+00:00,1284692,013,3243,34,0,1791598933,,,SCHEDULED
2026-10-10T02:13:33.945568+00:00,1284692,013,3244,35,0,1791599004,,,SCHEDULED
2026-10-10T02:13:33.945568+00:00,1284692,013,3246,36,0,1791599030,,,SCHEDULED
2026-10-10T02:13:33.945568+00:00,1284692,013,8927,37,0,1791599097,,,SCHEDULED
2026-10-10T02:13:33.945568+00:00,1284692,013,4710,38,0,1791599133,,,SCHEDULED
2026-10-10T02:13:33.945568+00:00,1284692,013,8928,39,0,1791599147,,,SCHEDULED
2026-10-10T02:13:33.945568+00:00,1284692,013,8929,40,0,1791599224,,,SCHEDULED
2026-10-10T02:13:33.945568+00:00,1284692,013,8930,41,0,1791599274,,,SCHEDULED
2026-10-10T02:13:33.945568+00:00,1284692,013,543,42,0,1791599322,,,SCHEDULED
2026-10-10T02:13:33.945568+00:00,1284692,013,1731,43,0,1791599421,,,SCHEDULED
2026-10-10T02:13:33.945568+00:00,1284692,013,1680,44,0,1791599471,,,SCHEDULED
2026-10-10T02:13:33.945568+00:00,1284692,013,1364,45,0,1791599547,,,SCHEDULED
2026-10-10T02:13:33.945568+00:00,1284054,001,1184,1,,,0,1791598440,SCHEDULED
2026-10-10T02:13:33.945568+00:00,1284054,001,3301,2,0,1791598460,,,SCHEDULED
2026-10-10T02:13:33.945568+00:00,1284054,001,1187,3,0,1791598497,,,SCHEDULED
2026-10-10T02:13:33.945568+00:00,1284054,001,1188,4,0,1791598547,,,SCHEDULED
2026-10-10T02:13:33.945568+00:00,1284054,001,1189,5,0,1791598589,,,SCHEDULED
2026-10-10T02:13:33.945568+00:00,1284054,001,1190,6,0,1791598678,,,SCHEDULED
2026-10-10T02:13:33.945568+00:00,1284054,001,1191,7,0,1791598714,,,SCHEDULED
2026-10-10T02:13:33.945568+00:00,1284054,001,1192,8,0,1791598747,,,SCHEDULED
2026-10-10T02:13:33.945568+00:00,1284054,001,1193,9,0,1791598783,,,SCHEDULED
2026-10-10T02:13:33.945568+00:00,1284054,001,1195,10,0,1791598848,,,SCHEDULED
2026-10-10T02:13:33.945568+00:00,1284054,001,1196,11,0,1791598915,,,SCHEDULED
2026-10-10T02:13:33.945568+00:00,1284054,001,1197,12,0,1791598950,,,SCHEDULED
2026-10-10T02:13:33.945568+00:00,1284054,001,1198,13,0,1791598973,,,SCHEDULED
2026-10-10T02:13:33.945568+00:00,1284054,001,3348,14,0,1791599040,,,SCHEDULED
2026-10-10T02:13:33.945568+00:00,1284054,001,3349,15,0,1791599136,,,SCHEDULED
2026-10-10T02:13:33.945568+00:00,1284054,001,3350,16,0,1791599192,,,SCHEDULED
2026-10-10T02:13:33.945568+00:00,1284054,001,3351,17,0,1791599243,,,SCHEDULED
2026-10-10T02:13:33.945568+00:00,1284054,001,3352,18,0,1791599301,,,SCHEDULED
2026-10-10T02:13:33.945568+00:00,1284054,001,3353,19,0,1791599349,,,SCHEDULED
2026-10-10T02:13:33.945568+00:00,1284054,001,3354,20,0,1791599393,,,SCHEDULED
2026-10-10T02:13:33.945568+00:00,1284054,001,3355,21,0,1791599451,,,SCHEDULED
2026-10-10T02:13:33.945568+00:00,1284054,001,3356,22,0,1791599506,,,SCHEDULED
2026-10-10T02:13:33.945568+00:00,1284054,001,3357,23,0,1791599535,,,SCHEDULED
2026-10-10T02:13:33.945568+00:00,1284054,001,563,24,0,1791599640,,,SCHEDULED
2026-10-10T02:13:33.945568+00:00,1284054,001,565,25,0,1791599710,,,SCHEDULED
2026-10-10T02:13:33.945568+00:00,1284054,001,566,26,0,1791599776,,,SCHEDULED
2026-10-10T02:13:33.945568+00:00,1284054,001,567,27,0,1791599811,,,SCHEDULED
2026-10-10T02:13:33.945568+00:00,1284054,001,568,28,0,1791599900,,,SCHEDULED
2026-10-10T02:13:33.945568+00:00,1284054,001,570,29,0,1791599961,,,SCHEDULED
2026-10-10T02:13:33.945568+00:00,1284054,001,573,30,0,1791600032,,,SCHEDULED
2026-10-10T02:13:33.945568+00:00,1284054,001,3097,31,0,1791600074,,,SCHEDULED
2026-10-10T02:13:33.945568+00:00,1284054,001,3098,32,0,1791600127,,,SCHEDULED
2026-10-10T02:13:33.945568+00:00,1286873,072,3872,31,0,1791598438,,,SCHEDULED
2026-10-10T02:13:33.945568+00:00,1286878,072,377,1,,,0,1791598740,SCHEDULED
2026-10-10T02:13:33.945568+00:00,1286878,072,2873,2,0,1791598864,,,SCHEDULED
2026-10-10T02:13:33.945568+00:00,1286878,072,2874,3,0,1791598903,,,SCHEDULED
2026-10-10T02:13:33.945568+00:00,1286878,072,2884,4,0,1791598979,,,SCHEDULED
2026-10-10T02:13:33.945568+00:00,1286878,072,2885,5,0,1791599035,,,SCHEDULED
2026-10-10T02:13:33.945568+00:00,1286878,072,2886,6,0,1791599076,,,SCHEDULED
2026-10-10T02:13:33.945568+00:00,1286878,072,2887,7,0,1791599145,,,SCHEDULED
2026-10-10T02:13:33.945568+00:00,1286878,072,2888,8,0,1791599206,,,SCHEDULED
2026-10-10T02:13:33.945568+00:00,1286878,072,2889,9,0,1791599280,,,SCHEDULED
2026-10-10T02:13:33.945568+00:00,1286878,072,2891,10,0,1791599347,,,SCHEDULED
2026-10-10T02:13:33.945568+00:00,1286878,072,2892,11,0,1791599385,,,SCHEDULED
2026-10-10T02:13:33.945568+00:00,1286878,072,3860,12,0,1791599430,,,SCHEDULED
2026-10-10T02:13:33.945568+00:00,1286878,072,3787,13,0,1791599524,,,SCHEDULED
2026-10-10T02:13:33.945568+00:00,1286878,072,3788,14,0,1791599574,,,SCHEDULED
2026-10-10T02:13:33.945568+00:00,1286878,072,3789,15,0,1791599615,,,SCHEDULED
2026-10-10T02:13:33.945568+00:00,1286878,072,3790,16,0,1791599677,,,SCHEDULED
2026-10-10T02:13:33.945568+00:00,1286878,072,3791,17,0,1791599715,,,SCHEDULED
2026-10-10T02:13:33.945568+00:00,1286878,072,3785,18,0,1791599753,,,SCHEDULED
2026-10-10T02:13:33.945568+00:00,1286878,072,3792,19,0,1791599788,,,SCHEDULED
2026-10-10T02:13:33.945568+00:00,1286878,072,3793,20,0,1791599838,,,SCHEDULED
2026-10-10T02:13:33.945568+00:00,1286878,072,3794,21,0,1791599880,,,SCHEDULED
2026-10-10T02:13:33.945568+00:00,1286878,072,3795,22,0,1791599916,,,SCHEDULED
2026-10-10T02:13:33.945568+00:00,1286878,072,3796,23,0,1791599958,,,SCHEDULED
2026-10-10T02:13:33.945568+00:00,1286878,072,5250,24,0,1791600004,,,SCHEDULED
2026-10-10T02:13:33.945568+00:00,1286878,072,3798,25,0,1791600037,,,SCHEDULED
2026-10-10T02:13:33.945568+00:00,1286878,072,3799,26,0,1791600089,,,SCHEDULED
2026-10-10T02:13:33.945568+00:00,1286878,072,3800,27,0,1791600152,,,SCHEDULED
2026-10-10T02:13:33.945568+00:00,1286878,072,3801,28,0,1791600180,,,SCHEDULED
2026-10-10T02:13:33.945568+00:00,1286470,062,418,5,0,1791598440,,,SCHEDULED
2026-10-10T02:13:33.945568+00:00,1286470,062,4763,6,0,1791598530,,,SCHEDULED
2026-10-10T02:13:33.945568+00:00,1286470,062,1716,7,0,1791598595,,,SCHEDULED
2026-10-10T02:13:33.945568+00:00,1286470,062,2256,8,0,1791598720,,,SCHEDULED
2026-10-10T02:13:33.945568+00:00,1286470,062,2257,9,0,1791598755,,,SCHEDULED
2026-10-10T02:13:33.945568+00:00,1286470,062,2258,10,0,1791598800,,,SCHEDULED
2026-10-10T02:13:33.945568+00:00,1286470,062,2260,11,0,1791598922,,,SCHEDULED
2026-10-10T02:13:33.945568+00:00,1286470,062,2261,12,0,1791598953,,,SCHEDULED
2026-10-10T02:13:33.945568+00:00,1286470,062,2262,13,0,1791599015,,,SCHEDULED
2026-10-10T02:13:33.945568+00:00,1286470,062,2264,14,0,1791599137,,,SCHEDULED
2026-10-10T02:13:33.945568+00:00,1286470,062,380,15,0,1791599280,,,SCHEDULED
2026-10-10T02:13:33.945568+00:00,1286470,062,411,16,0,1791599324,,,SCHEDULED
2026-10-10T02:13:33.945568+00:00,1286470,062,2271,17,0,1791599478,,,SCHEDULED
2026-10-10T02:13:33.945568+00:00,1286470,062,2272,18,0,1791599520,,,SCHEDULED
2026-10-10T02:13:33.945568+00:00,1286470,062,2273,19,0,1791599554,,,SCHEDULED
2026-10-10T02:13:33.945568+00:00,1286470,062,2275,20,0,1791599609,,,SCHEDULED
2026-10-10T02:13:33.945568+00:00,1286470,062,2276,21,0,1791599668,,,SCHEDULED
2026-10-10T02:13:33.945568+00:00,1286470,062,2277,22,0,1791599733,,,SCHEDULED
2026-10-10T02:13:33.945568+00:00,1286470,062,2278,23,0,1791599757,,,SCHEDULED
2026-10-10T02:13:33.945568+00:00,1286470,062,2279,24,0,1791599809,,,SCHEDULED
2026-10-10T02:13:33.945568+00:00,1286470,062,2280,25,0,1791599857,,,SCHEDULED
2026-10-10T02:13:33.945568+00:00,1286470,062,2281,26,0,1791599884,,,SCHEDULED
2026-10-10T02:13:33.945568+00:00,1286470,062,2346,27,0,1791599940,,,SCHEDULED
2026-10-10T02:13:33.945568+00:00,1286470,062,2347,28,0,1791599980,,,SCHEDULED
2026-10-10T02:13:33.945568+00:00,1286470,062,2348,29,0,1791600020,,,SCHEDULED
2026-10-10T02:13:33.945568+00:00,1286470,062,2350,30,0,1791600058,,,SCHEDULED
2026-10-10T02:13:33.945568+00:00,1286470,062,2351,31,0,1791600101,,,SCHEDULED
2026-10-10T02:13:33.945568+00:00,1286470,062,5313,32,0,1791600154,,,SCHEDULED
2026-10-10T02:13:33.945568+00:00,1284291,010,1817,43,0,1791598510,,,SCHEDULED
2026-10-10T02:13:33.945568+00:00,1284290,010,11083,4,0,1791598433,,,SCHEDULED
2026-10-10T02:13:33.945568+00:00,1284290,010,11084,5,0,1791598491,,,SCHEDULED
2026-10-10T02:13:33.945568+00:00,1284290,010,11085,6,0,1791598518,,,SCHEDULED
2026-10-10T02:13:33.945568+00:00,1284290,010,11086,7,0,1791598562,,,SCHEDULED
2026-10-10T02:13:33.945568+00:00,1284290,010,11087,8,0,1791598604,,,SCHEDULED
2026-10-10T02:13:33.945568+00:00,1284290,010,11088,9,0,1791598657,,,SCHEDULED
2026-10-10T02:13:33.945568+00:00,1284290,010,11114,10,0,1791598808,,,SCHEDULED
2026-10-10T02:13:33.945568+00:00,1284290,010,11221,11,0,1791598869,,,SCHEDULED
2026-10-10T02:13:33.945568+00:00,1284290,010,11116,12,0,1791598943,,,SCHEDULED
2026-10-10T02:13:33.945568+00:00,1284290,010,11117,13,0,1791599007,,,SCHEDULED
2026-10-10T02:13:33.945568+00:00,1284290,010,11122,14,0,1791599058,,,SCHEDULED
2026-10-10T02:13:33.945568+00:00,1284290,010,11123,15,0,1791599102,,,SCHEDULED
2026-10-10T02:13:33.945568+00:00,1284290,010,11199,16,0,1791599175,,,SCHEDULED
2026-10-10T02:13:33.945568+00:00,1284290,010,11091,17,0,1791599260,,,SCHEDULED
2026-10-10T02:13:33.945568+00:00,1284290,010,11125,18,0,1791599426,,,SCHEDULED
2026-10-10T02:13:33.945568+00:00,1284290,010,11157,19,0,1791599479,,,SCHEDULED
2026-10-10T02:13:33.945568+00:00,1284290,010,11033,20,0,1791599553,,,SCHEDULED
2026-10-10T02:13:33.945568+00:00,1284290,010,11133,21,0,1791599990,,,SCHEDULED
2026-10-10T02:13:33.945568+00:00,1284290,010,11134,22,0,1791600027,,,SCHEDULED
2026-10-10T02:13:33.945568+00:00,1284290,010,11136,23,0,1791600086,,,SCHEDULED
2026-10-10T02:13:33.945568+00:00,1284290,010,11137,24,0,1791600131,,,SCHEDULED
2026-10-10T02:13:33.945568+00:00,1284290,010,11138,25,0,1791600163,,,SCHEDULED
2026-10-10T02:13:33.945568+00:00,1284290,010,11139,26,0,1791600180,,,SCHEDULED
2026-10-10T02:13:33.945568+00:00,1288250,138,883,4,0,1791598421,,,SCHEDULED
2026-10-10T02:13:33.945568+00:00,1288250,138,3718,5,0,1791598578,,,SCHEDULED
2026-10-10T02:13:33.945568+00:00,1288267,142,525,1,,,0,1791599700,SCHEDULED
2026-10-10T02:13:33.945568+00:00,1288267,142,526,2,0,1791599726,,,SCHEDULED
2026-10-10T02:13:33.945568+00:00,1288267,142,527,3,0,1791599733,,,SCHEDULED
2026-10-10T02:13:33.945568+00:00,1288267,142,528,4,0,1791599739,,,SCHEDULED
2026-10-10T02:13:33.945568+00:00,1288267,142,5252,5,0,1791599766,,,SCHEDULED
2026-10-10T02:13:33.945568+00:00,1288267,142,531,6,0,1791599772,,,SCHEDULED
2026-10-10T02:13:33.945568+00:00,1287179,081,2374,23,0,1791598482,,,SCHEDULED
2026-10-10T02:13:33.945568+00:00,1287179,081,3130,24,0,1791598503,,,SCHEDULED
2026-10-10T02:13:33.945568+00:00,1287179,081,3131,25,0,1791598514,,,SCHEDULED
2026-10-10T02:13:33.945568+00:00,1287179,081,3132,26,0,1791598887,,,SCHEDULED
2026-10-10T02:13:33.945568+00:00,1287179,081,3134,27,0,1791599030,,,SCHEDULED
2026-10-10T02:13:33.945568+00:00,1287179,081,3135,28,0,1791599096,,,SCHEDULED
2026-10-10T02:13:33.945568+00:00,1287179,081,3136,29,0,1791599153,,,SCHEDULED
2026-10-10T02:13:33.945568+00:00,1287179,081,3137,30,0,1791599211,,,SCHEDULED
2026-10-10T02:13:33.945568+00:00,1287179,081,3138,31,0,1791599304,,,SCHEDULED
2026-10-10T02:13:33.945568+00:00,1287179,081,3139,32,0,1791599341,,,SCHEDULED
2026-10-10T02:13:33.945568+00:00,1287179,081,3140,33,0,1791599390,,,SCHEDULED
2026-10-10T02:13:33.945568+00:00,1287179,081,3141,34,0,1791599450,,,SCHEDULED
2026-10-10T02:13:33.945568+00:00,1287179,081,3142,35,0,1791599466,,,SCHEDULED
2026-10-10T02:13:33.945568+00:00,1287179,081,3143,36,0,1791599499,,,SCHEDULED
2026-10-10T02:13:33.945568+00:00,1287179,081,3144,37,0,1791599519,,,SCHEDULED
2026-10-10T02:13:33.945568+00:00,1284101,001,5363,27,0,1791598426,,,SCHEDULED
2026-10-10T02:13:33.945568+00:00,1284101,001,1313,28,0,1791598462,,,SCHEDULED
2026-10-10T02:13:33.945568+00:00,1284101,001,1314,29,0,1791598505,,,SCHEDULED
2026-10-10T02:13:33.945568+00:00,1284101,001,1315,30,0,1791598609,,,SCHEDULED
2026-10-10T02:13:33.945568+00:00,1284101,001,1316,31,0,1791598642,,,SCHEDULED
2026-10-10T02:13:33.945568+00:00,1284101,001,1317,32,0,1791598679,,,SCHEDULED
2026-10-10T02:13:33.945568+00:00,1284101,001,1318,33,0,1791598715,,,SCHEDULED
2026-10-10T02:13:33.945568+00:00,1284101,001,2807,34,0,1791598788,,,SCHEDULED
2026-10-10T02:13:33.945568+00:00,1284102,001,1316,31,0,1791598444,,,SCHEDULED
2026-10-10T02:13:33.945568+00:00,1284102,001,1317,32,0,1791598467,,,SCHEDULED
2026-10-10T02:13:33.945568+00:00,1284102,001,1318,33,0,1791598545,,,SCHEDULED
2026-10-10T02:13:33.945568+00:00,1284102,001,2807,34,0,1791598689,,,SCHEDULED
2026-10-10T02:13:33.945568+00:00,1285554,030,275,1,,,0,1791599220,SCHEDULED
2026-10-10T02:13:33.945568+00:00,1285554,030,1689,2,0,1791599326,,,SCHEDULED
2026-10-10T02:13:33.945568+00:00,1285554,030,1691,3,0,1791599362,,,SCHEDULED
2026-10-10T02:13:33.945568+00:00,1285554,030,1692,4,0,1791599374,,,SCHEDULED
2026-10-10T02:13:33.945568+00:00,1285554,030,1693,5,0,1791599392,,,SCHEDULED
2026-10-10T02:13:33.945568+00:00,1285554,030,1694,6,0,1791599408,,,SCHEDULED
2026-10-10T02:13:33.945568+00:00,1285554,030,1695,7,0,1791599420,,,SCHEDULED
2026-10-10T02:13:33.945568+00:00,1285554,030,1697,8,0,1791599456,,,SCHEDULED
2026-10-10T02:13:33.945568+00:00,1285554,030,1699,9,0,1791599496,,,SCHEDULED
2026-10-10T02:13:33.945568+00:00,1285554,030,1700,10,0,1791599520,,,SCHEDULED
2026-10-10T02:13:33.945568+00:00,1285554,030,1701,11,0,1791599540,,,SCHEDULED
2026-10-10T02:13:33.945568+00:00,1285554,030,1702,12,0,1791599571,,,SCHEDULED
2026-10-10T02:13:33.945568+00:00,1285554,030,1703,13,0,1791599602,,,SCHEDULED
2026-10-10T02:13:33.945568+00:00,1285554,030,1704,14,0,1791599653,,,SCHEDULED
2026-10-10T02:13:33.945568+00:00,1285554,030,1705,15,0,1791599708,,,SCHEDULED
2026-10-10T02:13:33.945568+00:00,1285554,030,1707,16,0,1791599760,,,SCHEDULED
2026-10-10T02:13:33.945568+00:00,1285554,030,1708,17,0,1791599789,,,SCHEDULED
2026-10-10T02:13:33.945568+00:00,1285554,030,1709,18,0,1791599825,,,SCHEDULED
2026-10-10T02:13:33.945568+00:00,1285554,030,1710,19,0,1791599869,,,SCHEDULED
2026-10-10T02:13:33.945568+00:00,1285554,030,1711,20,0,1791599908,,,SCHEDULED
2026-10-10T02:13:33.945568+00:00,1285554,030,519,21,0,1791599928,,,SCHEDULED
2026-10-10T02:13:33.945568+00:00,1285554,030,521,22,0,1791599967,,,SCHEDULED
2026-10-10T02:13:33.945568+00:00,1285554,030,522,23,0,1791600020,,,SCHEDULED
2026-10-10T02:13:33.945568+00:00,1285554,030,525,24,0,1791600097,,,SCHEDULED
2026-10-10T02:13:33.945568+00:00,1286480,062,2279,24,0,1791598412,,,SCHEDULED
2026-10-10T02:13:33.945568+00:00,1286480,062,2280,25,0,1791598439,,,SCHEDULED
2026-10-10T02:13:33.945568+00:00,1286480,062,2281,26,0,1791598470,,,SCHEDULED
2026-10-10T02:13:33.945568+00:00,1286480,062,2346,27,0,1791598524,,,SCHEDULED
2026-10-10T02:13:33.945568+00:00,1286480,062,2347,28,0,1791598634,,,SCHEDULED
2026-10-10T02:13:33.945568+00:00,1286480,062,2348,29,0,1791598652,,,SCHEDULED
2026-10-10T02:13:33.945568+00:00,1286480,062,2350,30,0,1791598688,,,SCHEDULED
2026-10-10T02:13:33.945568+00:00,1286480,062,2351,31,0,1791598728,,,SCHEDULED
2026-10-10T02:13:33.945568+00:00,1286480,062,5313,32,0,1791598772,,,SCHEDULED
2026-10-10T02:13:33.945568+00:00,1286480,062,2352,33,0,1791598798,,,SCHEDULED
2026-10-10T02:13:33.945568+00:00,1286480,062,2353,34,0,1791598856,,,SCHEDULED
2026-10-10T02:13:33.945568+00:00,1286480,062,2354,35,0,1791598893,,,SCHEDULED
2026-10-10T02:13:33.945568+00:00,1286480,062,2355,36,0,1791598921,,,SCHEDULED
2026-10-10T02:13:33.945568+00:00,1286480,062,2356,37,0,1791598936,,,SCHEDULED
2026-10-10T02:13:33.945568+00:00,1286480,062,465,38,0,1791598972,,,SCHEDULED
2026-10-10T02:13:33.945568+00:00,1286480,062,466,39,0,1791599001,,,SCHEDULED
2026-10-10T02:13:33.945568+00:00,1286480,062,467,40,0,1791599039,,,SCHEDULED
2026-10-10T02:13:33.945568+00:00,1286480,062,468,41,0,1791599059,,,SCHEDULED
2026-10-10T02:13:33.945568+00:00,1286480,062,469,42,0,1791599063,,,SCHEDULED
2026-10-10T02:13:33.945568+00:00,1286480,062,470,43,0,1791599119,,,SCHEDULED
2026-10-10T02:13:33.945568+00:00,1286480,062,471,44,0,1791599148,,,SCHEDULED
2026-10-10T02:13:33.945568+00:00,1286480,062,472,45,0,1791599213,,,SCHEDULED
2026-10-10T02:13:33.945568+00:00,1286480,062,473,46,0,1791599287,,,SCHEDULED
2026-10-10T02:13:33.945568+00:00,1286480,062,474,47,0,1791599323,,,SCHEDULED
2026-10-10T02:13:33.945568+00:00,1286480,062,475,48,0,1791599349,,,SCHEDULED
2026-10-10T02:13:33.945568+00:00,1286480,062,476,49,0,1791599398,,,SCHEDULED
2026-10-10T02:13:33.945568+00:00,1286480,062,477,50,0,1791599416,,,SCHEDULED
2026-10-10T02:13:33.945568+00:00,1286480,062,4134,51,0,1791599423,,,SCHEDULED
2026-10-10T02:13:33.945568+00:00,1286480,062,4136,52,0,1791599480,,,SCHEDULED
2026-10-10T02:13:33.945568+00:00,1286480,062,4137,53,0,1791599507,,,SCHEDULED
2026-10-10T02:13:33.945568+00:00,1286893,072,3798,25,0,1791598417,,,SCHEDULED
2026-10-10T02:13:33.945568+00:00,1286893,072,3799,26,0,1791598488,,,SCHEDULED
2026-10-10T02:13:33.945568+00:00,1286893,072,3800,27,0,1791598536,,,SCHEDULED
2026-10-10T02:13:33.945568+00:00,1286893,072,3801,28,0,1791598572,,,SCHEDULED
2026-10-10T02:13:33.945568+00:00,1286893,072,3802,29,0,1791598612,,,SCHEDULED
2026-10-10T02:13:33.945568+00:00,1286893,072,3852,30,0,1791598673,,,SCHEDULED
2026-10-10T02:13:33.945568+00:00,1287067,078,336,1,,,0,1791598585,SCHEDULED
2026-10-10T02:13:33.945568+00:00,1287067,078,2739,2,0,1791598683,,,SCHEDULED
2026-10-10T02:13:33.945568+00:00,1287067,078,2740,3,0,1791598720,,,SCHEDULED
2026-10-10T02:13:33.945568+00:00,1287067,078,2741,4,0,1791598755,,,SCHEDULED
2026-10-10T02:13:33.945568+00:00,1287067,078,2742,5,0,1791598805,,,SCHEDULED
2026-10-10T02:13:33.945568+00:00,1287067,078,2743,6,0,1791598878,,,SCHEDULED
2026-10-10T02:13:33.945568+00:00,1287067,078,2744,7,0,1791598953,,,SCHEDULED
2026-10-10T02:13:33.945568+00:00,1287067,078,2745,8,0,1791599018,,,SCHEDULED
2026-10-10T02:13:33.945568+00:00,1285962,051,1931,23,0,1791598446,,,SCHEDULED
2026-10-10T02:13:33.945568+00:00,1285962,051,1949,24,0,1791598490,,,SCHEDULED
2026-10-10T02:13:33.945568+00:00,1285962,051,1932,25,0,1791598516,,,SCHEDULED
2026-10-10T02:13:33.945568+00:00,1285962,051,1936,26,0,1791598576,,,SCHEDULED
2026-10-10T02:13:33.945568+00:00,1285962,051,1937,27,0,1791598609,,,SCHEDULED
2026-10-10T02:13:33.945568+00:00,1285962,051,1938,28,0,1791598643,,,SCHEDULED
2026-10-10T02:13:33.945568+00:00,1285962,051,1939,29,0,1791598699,,,SCHEDULED
2026-10-10T02:13:33.945568+00:00,1285962,051,1839,30,0,1791598740,,,SCHEDULED
2026-10-10T02:13:33.945568+00:00,1285962,051,1841,31,0,1791598788,,,SCHEDULED
2026-10-10T02:13:33.945568+00:00,1285962,051,1842,32,0,1791598824,,,SCHEDULED
2026-10-10T02:13:33.945568+00:00,1285962,051,1843,33,0,1791598859,,,SCHEDULED
2026-10-10T02:13:33.945568+00:00,1285962,051,1844,34,0,1791598888,,,SCHEDULED
2026-10-10T02:13:33.945568+00:00,1285962,051,1845,35,0,1791598917,,,SCHEDULED
2026-10-10T02:13:33.945568+00:00,1285962,051,1846,36,0,1791598956,,,SCHEDULED
2026-10-10T02:13:33.945568+00:00,1285962,051,1847,37,0,1791598979,,,SCHEDULED
2026-10-10T02:13:33.945568+00:00,1285962,051,1848,38,0,1791599021,,,SCHEDULED
2026-10-10T02:13:33.945568+00:00,1285962,051,1849,39,0,1791599066,,,SCHEDULED
2026-10-10T02:13:33.945568+00:00,1285962,051,1850,40,0,1791599105,,,SCHEDULED
2026-10-10T02:13:33.945568+00:00,1285962,051,1851,41,0,1791599160,,,SCHEDULED
2026-10-10T02:13:33.945568+00:00,1285962,051,1852,42,0,1791599200,,,SCHEDULED
2026-10-10T02:13:33.945568+00:00,1285962,051,1853,43,0,1791599235,,,SCHEDULED
2026-10-10T02:13:33.945568+00:00,1285962,051,1854,44,0,1791599267,,,SCHEDULED
2026-10-10T02:13:33.945568+00:00,1285962,051,1855,45,0,1791599325,,,SCHEDULED
2026-10-10T02:13:33.945568+00:00,1285962,051,1856,46,0,1791599386,,,SCHEDULED
2026-10-10T02:13:33.945568+00:00,1285962,051,1857,47,0,1791599418,,,SCHEDULED
2026-10-10T02:13:33.945568+00:00,1285962,051,1858,48,0,1791599455,,,SCHEDULED
2026-10-10T02:13:33.945568+00:00,1285962,051,1859,49,0,1791599560,,,SCHEDULED
2026-10-10T02:13:33.945568+00:00,1285962,051,1860,50,0,1791599629,,,SCHEDULED
2026-10-10T02:13:33.945568+00:00,1285962,051,1861,51,0,1791599658,,,SCHEDULED
2026-10-10T02:13:33.945568+00:00,1285962,051,2020,52,0,1791599713,,,SCHEDULED
2026-10-10T02:13:33.945568+00:00,1285962,051,2021,53,0,1791599797,,,SCHEDULED
2026-10-10T02:13:33.945568+00:00,1285962,051,3130,54,0,1791599853,,,SCHEDULED
2026-10-10T02:13:33.945568+00:00,1285324,025,1484,26,0,1791598418,,,SCHEDULED
2026-10-10T02:13:33.945568+00:00,1285324,025,1485,27,0,1791598475,,,SCHEDULED
2026-10-10T02:13:33.945568+00:00,1285324,025,1486,28,0,1791598512,,,SCHEDULED
2026-10-10T02:13:33.945568+00:00,1285324,025,3614,29,0,1791598589,,,SCHEDULED
2026-10-10T02:13:33.945568+00:00,1285324,025,3615,30,0,1791598664,,,SCHEDULED
2026-10-10T02:13:33.945568+00:00,1285324,025,3616,31,0,1791598715,,,SCHEDULED
2026-10-10T02:13:33.945568+00:00,1285324,025,3617,32,0,1791598777,,,SCHEDULED
2026-10-10T02:13:33.945568+00:00,1285324,025,3618,33,0,1791598812,,,SCHEDULED
2026-10-10T02:13:33.945568+00:00,1285324,025,3619,34,0,1791598843,,,SCHEDULED
2026-10-10T02:13:33.945568+00:00,1285324,025,3620,35,0,1791598917,,,SCHEDULED
2026-10-10T02:13:33.945568+00:00,1285324,025,3621,36,0,1791598976,,,SCHEDULED
2026-10-10T02:13:33.945568+00:00,1285324,025,3622,37,0,1791598996,,,SCHEDULED
2026-10-10T02:13:33.945568+00:00,1285324,025,3623,38,0,1791599027,,,SCHEDULED
2026-10-10T02:13:33.945568+00:00,1285324,025,3624,39,0,1791599067,,,SCHEDULED
2026-10-10T02:13:33.945568+00:00,1285324,025,3625,40,0,1791599105,,,SCHEDULED
2026-10-10T02:13:33.945568+00:00,1285324,025,3626,41,0,1791599135,,,SCHEDULED
2026-10-10T02:13:33.945568+00:00,1285324,025,3627,42,0,1791599157,,,SCHEDULED
2026-10-10T02:13:33.945568+00:00,1285324,025,3628,43,0,1791599188,,,SCHEDULED
2026-10-10T02:13:33.945568+00:00,1285324,025,4603,44,0,1791599284,,,SCHEDULED
2026-10-10T02:13:33.945568+00:00,1285324,025,4604,45,0,1791599318,,,SCHEDULED
2026-10-10T02:13:33.945568+00:00,1285324,025,3371,46,0,1791599478,,,SCHEDULED
2026-10-10T02:13:33.945568+00:00,1285324,025,3372,47,0,1791599542,,,SCHEDULED
2026-10-10T02:13:33.945568+00:00,1285324,025,3373,48,0,1791599566,,,SCHEDULED
2026-10-10T02:13:33.945568+00:00,1285324,025,3374,49,0,1791599634,,,SCHEDULED
2026-10-10T02:13:33.945568+00:00,1285324,025,3375,50,0,1791599661,,,SCHEDULED
2026-10-10T02:13:33.945568+00:00,1285324,025,3376,51,0,1791599745,,,SCHEDULED
2026-10-10T02:13:33.945568+00:00,1285324,025,3377,52,0,1791599812,,,SCHEDULED
2026-10-10T02:13:33.945568+00:00,1285324,025,3378,53,0,1791599823,,,SCHEDULED
2026-10-10T02:13:33.945568+00:00,1285324,025,3379,54,0,1791599863,,,SCHEDULED
2026-10-10T02:13:33.945568+00:00,1285324,025,3380,55,0,1791599882,,,SCHEDULED
2026-10-10T02:13:33.945568+00:00,1285324,025,3381,56,0,1791599942,,,SCHEDULED
2026-10-10T02:13:33.945568+00:00,1285324,025,3382,57,0,1791599963,,,SCHEDULED
2026-10-10T02:13:33.945568+00:00,1285324,025,3383,58,0,1791599993,,,SCHEDULED
2026-10-10T02:13:33.945568+00:00,1285324,025,3389,59,0,1791600046,,,SCHEDULED
2026-10-10T02:13:33.945568+00:00,1285961,051,668,1,,,0,1791599070,SCHEDULED
2026-10-10T02:13:33.945568+00:00,1285961,051,221,2,0,1791599121,,,SCHEDULED
2026-10-10T02:13:33.945568+00:00,1285961,051,222,3,0,1791599138,,,SCHEDULED
2026-10-10T02:13:33.945568+00:00,1285961,051,223,4,0,1791599181,,,SCHEDULED
2026-10-10T02:13:33.945568+00:00,1285961,051,225,5,0,1791599304,,,SCHEDULED
2026-10-10T02:13:33.945568+00:00,1285961,051,226,6,0,1791599367,,,SCHEDULED
2026-10-10T02:13:33.945568+00:00,1285961,051,108,7,0,1791599429,,,SCHEDULED
2026-10-10T02:13:33.945568+00:00,1285961,051,123,8,0,1791599516,,,SCHEDULED
2026-10-10T02:13:33.945568+00:00,1285961,051,125,9,0,1791599588,,,SCHEDULED
2026-10-10T02:13:33.945568+00:00,1285961,051,126,10,0,1791599626,,,SCHEDULED
2026-10-10T02:13:33.945568+00:00,1285961,051,127,11,0,1791599666,,,SCHEDULED
2026-10-10T02:13:33.945568+00:00,1285961,051,128,12,0,1791599738,,,SCHEDULED
2026-10-10T02:13:33.945568+00:00,1285961,051,227,13,0,1791599770,,,SCHEDULED
2026-10-10T02:13:33.945568+00:00,1285961,051,229,14,0,1791599852,,,SCHEDULED
2026-10-10T02:13:33.945568+00:00,1285961,051,231,15,0,1791599916,,,SCHEDULED
2026-10-10T02:13:33.945568+00:00,1285961,051,232,16,0,1791599947,,,SCHEDULED
2026-10-10T02:13:33.945568+00:00,1285961,051,233,17,0,1791600059,,,SCHEDULED
2026-10-10T02:13:33.945568+00:00,1285961,051,234,18,0,1791600115,,,SCHEDULED
2026-10-10T02:13:33.945568+00:00,1285961,051,235,19,0,1791600123,,,SCHEDULED
2026-10-10T02:13:33.945568+00:00,1285961,051,236,20,0,1791600171,,,SCHEDULED
2026-10-10T02:13:33.945568+00:00,1285323,025,241,1,,,0,1791598769,SCHEDULED
2026-10-10T02:13:33.945568+00:00,1285323,025,1255,2,0,1791598950,,,SCHEDULED
2026-10-10T02:13:33.945568+00:00,1285323,025,1263,3,0,1791599052,,,SCHEDULED
2026-10-10T02:13:33.945568+00:00,1285323,025,1264,4,0,1791599088,,,SCHEDULED
2026-10-10T02:13:33.945568+00:00,1285323,025,1265,5,0,1791599141,,,SCHEDULED
2026-10-10T02:13:33.945568+00:00,1285323,025,1266,6,0,1791599174,,,SCHEDULED
2026-10-10T02:13:33.945568+00:00,1285323,025,1267,7,0,1791599279,,,SCHEDULED
2026-10-10T02:13:33.945568+00:00,1285323,025,1268,8,0,1791599359,,,SCHEDULED
2026-10-10T02:13:33.945568+00:00,1285323,025,1269,9,0,1791599415,,,SCHEDULED
2026-10-10T02:13:33.945568+00:00,1285323,025,1270,10,0,1791599453,,,SCHEDULED
2026-10-10T02:13:33.945568+00:00,1285323,025,1271,11,0,1791599515,,,SCHEDULED
2026-10-10T02:13:33.945568+00:00,1285323,025,1272,12,0,1791599527,,,SCHEDULED
2026-10-10T02:13:33.945568+00:00,1285323,025,1273,13,0,1791599545,,,SCHEDULED
2026-10-10T02:13:33.945568+00:00,1285323,025,1274,14,0,1791599579,,,SCHEDULED
2026-10-10T02:13:33.945568+00:00,1285323,025,1275,15,0,1791599632,,,SCHEDULED
2026-10-10T02:13:33.945568+00:00,1285323,025,1276,16,0,1791599668,,,SCHEDULED
2026-10-10T02:13:33.945568+00:00,1285323,025,1277,17,0,1791599695,,,SCHEDULED
2026-10-10T02:13:33.945568+00:00,1285323,025,1278,18,0,1791599735,,,SCHEDULED
2026-10-10T02:13:33.945568+00:00,1285323,025,1279,19,0,1791599788,,,SCHEDULED
2026-10-10T02:13:33.945568+00:00,1285323,025,1280,20,0,1791599859,,,SCHEDULED
2026-10-10T02:13:33.945568+00:00,1285323,025,1281,21,0,1791599893,,,SCHEDULED
2026-10-10T02:13:33.945568+00:00,1285323,025,1282,22,0,1791599980,,,SCHEDULED
2026-10-10T02:13:33.945568+00:00,1285323,025,1481,23,0,1791600088,,,SCHEDULED
2026-10-10T02:13:33.945568+00:00,1285323,025,1482,24,0,1791600119,,,SCHEDULED
2026-10-10T02:13:33.945568+00:00,1285323,025,1483,25,0,1791600154,,,SCHEDULED
2026-10-10T02:13:33.945568+00:00,1285323,025,1484,26,0,1791600183,,,SCHEDULED
2026-10-10T02:13:33.945568+00:00,1285447,026,316,1,,,0,1791598777,SCHEDULED
2026-10-10T02:13:33.945568+00:00,1285447,026,8959,2,0,1791598932,,,SCHEDULED
2026-10-10T02:13:33.945568+00:00,1285447,026,2989,3,0,1791599060,,,SCHEDULED
2026-10-10T02:13:33.945568+00:00,1285447,026,1545,4,0,1791599210,,,SCHEDULED
2026-10-10T02:13:33.945568+00:00,1285447,026,1546,5,0,1791599253,,,SCHEDULED
2026-10-10T02:13:33.945568+00:00,1285447,026,1547,6,0,1791599312,,,SCHEDULED
2026-10-10T02:13:33.945568+00:00,1285447,026,1548,7,0,1791599347,,,SCHEDULED
2026-10-10T02:13:33.945568+00:00,1285447,026,1549,8,0,1791599419,,,SCHEDULED
2026-10-10T02:13:33.945568+00:00,1285447,026,1550,9,0,1791599451,,,SCHEDULED
2026-10-10T02:13:33.945568+00:00,1285447,026,1551,10,0,1791599482,,,SCHEDULED
2026-10-10T02:13:33.945568+00:00,1285447,026,1552,11,0,1791599518,,,SCHEDULED
2026-10-10T02:13:33.945568+00:00,1285447,026,1553,12,0,1791599564,,,SCHEDULED
2026-10-10T02:13:33.945568+00:00,1285447,026,1554,13,0,1791599631,,,SCHEDULED
2026-10-10T02:13:33.945568+00:00,1285447,026,1555,14,0,1791599673,,,SCHEDULED
2026-10-10T02:13:33.945568+00:00,1285447,026,1556,15,0,1791599735,,,SCHEDULED
2026-10-10T02:13:33.945568+00:00,1285447,026,1557,16,0,1791599798,,,SCHEDULED
2026-10-10T02:13:33.945568+00:00,1285447,026,1558,17,0,1791599839,,,SCHEDULED
2026-10-10T02:13:33.945568+00:00,1285447,026,1559,18,0,1791599899,,,SCHEDULED
2026-10-10T02:13:33.945568+00:00,1285447,026,1560,19,0,1791599980,,,SCHEDULED
2026-10-10T02:13:33.945568+00:00,1285447,026,1561,20,0,1791599981,,,SCHEDULED
2026-10-10T02:13:33.945568+00:00,1285447,026,1562,21,0,1791600044,,,SCHEDULED
2026-10-10T02:13:33.945568+00:00,1285447,026,1564,22,0,1791600109,,,SCHEDULED
2026-10-10T02:13:33.945568+00:00,1285447,026,1565,23,0,1791600148,,,SCHEDULED
2026-10-10T02:13:33.945568+00:00,1285447,026,1566,24,0,1791600175,,,SCHEDULED
2026-10-10T02:13:33.945568+00:00,1285449,026,8959,2,,,,,NO_DATA
2026-10-10T02:13:33.945568+00:00,1285449,026,2989,3,,,,,NO_DATA
2026-10-10T02:13:33.945568+00:00,1285449,026,1545,4,,,,,NO_DATA
2026-10-10T02:13:33.945568+00:00,1285449,026,1546,5,,,,,NO_DATA
2026-10-10T02:13:33.945568+00:00,1285449,026,1547,6,,,,,NO_DATA
2026-10-10T02:13:33.945568+00:00,1285449,026,1548,7,,,,,NO_DATA
2026-10-10T02:13:33.945568+00:00,1285449,026,1549,8,,,,,NO_DATA
2026-10-10T02:13:33.945568+00:00,1285449,026,1550,9,,,,,NO_DATA
2026-10-10T02:13:33.945568+00:00,1285449,026,1551,10,,,,,NO_DATA
2026-10-10T02:13:33.945568+00:00,1285449,026,1552,11,,,,,NO_DATA
2026-10-10T02:13:33.945568+00:00,1285449,026,1553,12,,,,,NO_DATA
2026-10-10T02:13:33.945568+00:00,1285449,026,1554,13,,,,,NO_DATA
2026-10-10T02:13:33.945568+00:00,1285449,026,1555,14,,,,,NO_DATA
2026-10-10T02:13:33.945568+00:00,1285449,026,1556,15,,,,,NO_DATA
2026-10-10T02:13:33.945568+00:00,1285449,026,1557,16,,,,,NO_DATA
2026-10-10T02:13:33.945568+00:00,1285449,026,1558,17,,,,,NO_DATA
2026-10-10T02:13:33.945568+00:00,1285449,026,1559,18,,,,,NO_DATA
2026-10-10T02:13:33.945568+00:00,1285449,026,1560,19,,,,,NO_DATA
2026-10-10T02:13:33.945568+00:00,1285449,026,1561,20,,,,,NO_DATA
2026-10-10T02:13:33.945568+00:00,1285449,026,1562,21,,,,,NO_DATA
2026-10-10T02:13:33.945568+00:00,1285449,026,1564,22,,,,,NO_DATA
2026-10-10T02:13:33.945568+00:00,1285449,026,1565,23,,,,,NO_DATA
2026-10-10T02:13:33.945568+00:00,1285449,026,1566,24,,,,,NO_DATA
2026-10-10T02:13:33.945568+00:00,1285449,026,1596,25,,,,,NO_DATA
2026-10-10T02:13:33.945568+00:00,1285449,026,1597,26,,,,,NO_DATA
2026-10-10T02:13:33.945568+00:00,1285449,026,1598,27,,,,,NO_DATA
2026-10-10T02:13:33.945568+00:00,1285449,026,3097,28,,,,,NO_DATA
2026-10-10T02:13:33.945568+00:00,1285449,026,3098,29,,,,,NO_DATA
2026-10-10T02:13:33.945568+00:00,1285449,026,9800,30,,,,,NO_DATA
2026-10-10T02:13:33.945568+00:00,1284359,011,8909,2,0,1791598560,,,SCHEDULED
2026-10-10T02:13:33.945568+00:00,1284359,011,8911,3,0,1791598624,,,SCHEDULED
2026-10-10T02:13:33.945568+00:00,1284359,011,8910,4,0,1791598712,,,SCHEDULED
2026-10-10T02:13:33.945568+00:00,1284359,011,8912,5,0,1791598814,,,SCHEDULED
2026-10-10T02:13:33.945568+00:00,1284359,011,8913,6,0,1791598860,,,SCHEDULED
2026-10-10T02:13:33.945568+00:00,1284359,011,8914,7,0,1791599056,,,SCHEDULED
2026-10-10T02:13:33.945568+00:00,1284359,011,8915,8,0,1791599099,,,SCHEDULED
2026-10-10T02:13:33.945568+00:00,1284359,011,5329,9,0,1791599148,,,SCHEDULED
2026-10-10T02:13:33.945568+00:00,1284359,011,8917,10,0,1791599183,,,SCHEDULED
2026-10-10T02:13:33.945568+00:00,1284359,011,8918,11,0,1791599212,,,SCHEDULED
2026-10-10T02:13:33.945568+00:00,1284359,011,8919,12,0,1791599280,,,SCHEDULED
2026-10-10T02:13:33.945568+00:00,1284359,011,8920,13,0,1791599309,,,SCHEDULED
2026-10-10T02:13:33.945568+00:00,1284359,011,532,14,0,1791599557,,,SCHEDULED
2026-10-10T02:13:33.945568+00:00,1284359,011,5247,15,0,1791599594,,,SCHEDULED
2026-10-10T02:13:33.945568+00:00,1284359,011,533,16,0,1791599625,,,SCHEDULED
2026-10-10T02:13:33.945568+00:00,1284359,011,534,17,0,1791599646,,,SCHEDULED
2026-10-10T02:13:33.945568+00:00,1284359,011,221,18,0,1791599848,,,SCHEDULED
2026-10-10T02:13:33.945568+00:00,1284359,011,222,19,0,1791599862,,,SCHEDULED
2026-10-10T02:13:33.945568+00:00,1284359,011,223,20,0,1791599880,,,SCHEDULED
2026-10-10T02:13:33.945568+00:00,1284359,011,225,21,0,1791599920,,,SCHEDULED
2026-10-10T02:13:33.945568+00:00,1284359,011,226,22,0,1791599940,,,SCHEDULED
2026-10-10T02:13:33.945568+00:00,1284359,011,455,23,0,1791599961,,,SCHEDULED
2026-10-10T02:13:33.945568+00:00,1284359,011,456,24,0,1791599998,,,SCHEDULED
2026-10-10T02:13:33.945568+00:00,1284359,011,3197,25,0,1791600056,,,SCHEDULED
2026-10-10T02:13:33.945568+00:00,1284359,011,3198,26,0,1791600111,,,SCHEDULED
2026-10-10T02:13:33.945568+00:00,1284359,011,3199,27,0,1791600145,,,SCHEDULED
2026-10-10T02:13:33.945568+00:00,1285448,026,1559,18,0,1791598431,,,SCHEDULED
2026-10-10T02:13:33.945568+00:00,1285448,026,1560,19,0,1791598512,,,SCHEDULED
2026-10-10T02:13:33.945568+00:00,1285448,026,1561,20,0,1791598513,,,SCHEDULED
2026-10-10T02:13:33.945568+00:00,1285448,026,1562,21,0,1791598576,,,SCHEDULED
2026-10-10T02:13:33.945568+00:00,1285448,026,1564,22,0,1791598641,,,SCHEDULED
2026-10-10T02:13:33.945568+00:00,1285448,026,1565,23,0,1791598680,,,SCHEDULED
2026-10-10T02:13:33.945568+00:00,1285448,026,1566,24,0,1791598707,,,SCHEDULED
2026-10-10T02:13:33.945568+00:00,1285448,026,1596,25,0,1791598778,,,SCHEDULED
2026-10-10T02:13:33.945568+00:00,1285448,026,1597,26,0,1791598815,,,SCHEDULED
2026-10-10T02:13:33.945568+00:00,1285448,026,1598,27,0,1791598833,,,SCHEDULED
2026-10-10T02:13:33.945568+00:00,1285448,026,3097,28,0,1791598952,,,SCHEDULED
2026-10-10T02:13:33.945568+00:00,1285448,026,3098,29,0,1791599023,,,SCHEDULED
2026-10-10T02:13:33.945568+00:00,1285448,026,9800,30,0,1791599073,,,SCHEDULED
2026-10-10T02:13:33.945568+00:00,1285448,026,3099,31,0,1791599174,,,SCHEDULED
2026-10-10T02:13:33.945568+00:00,1285448,026,3100,32,0,1791599223,,,SCHEDULED
2026-10-10T02:13:33.945568+00:00,1285448,026,3101,33,0,1791599266,,,SCHEDULED
2026-10-10T02:13:33.945568+00:00,1285448,026,3102,34,0,1791599300,,,SCHEDULED
2026-10-10T02:13:33.945568+00:00,1285448,026,5366,35,0,1791599369,,,SCHEDULED
2026-10-10T02:13:33.945568+00:00,1285448,026,1283,36,0,1791599423,,,SCHEDULED
2026-10-10T02:13:33.945568+00:00,1285448,026,650,37,0,1791599564,,,SCHEDULED
2026-10-10T02:13:33.945568+00:00,1285448,026,3107,38,0,1791599635,,,SCHEDULED
2026-10-10T02:13:33.945568+00:00,1285448,026,3108,39,0,1791599672,,,SCHEDULED
2026-10-10T02:13:33.945568+00:00,1285448,026,3109,40,0,1791599719,,,SCHEDULED
2026-10-10T02:13:33.945568+00:00,1285448,026,3110,41,0,1791599760,,,SCHEDULED
2026-10-10T02:13:33.945568+00:00,1285448,026,3112,42,0,1791599993,,,SCHEDULED
2026-10-10T02:13:33.945568+00:00,1285448,026,3113,43,0,1791600011,,,SCHEDULED
2026-10-10T02:13:33.945568+00:00,1285448,026,3115,44,0,1791600088,,,SCHEDULED
2026-10-10T02:13:33.945568+00:00,1285448,026,3116,45,0,1791600118,,,SCHEDULED
2026-10-10T02:13:33.945568+00:00,1285448,026,3117,46,0,1791600141,,,SCHEDULED
2026-10-10T02:13:33.945568+00:00,1285448,026,3118,47,0,1791600190,,,SCHEDULED
2026-10-10T02:13:33.945568+00:00,1285448,026,3119,48,0,1791600204,,,SCHEDULED
2026-10-10T02:13:33.945568+00:00,1287186,081,2180,1,,,0,1791598576,SCHEDULED
2026-10-10T02:13:33.945568+00:00,1287186,081,2181,2,0,1791598598,,,SCHEDULED
2026-10-10T02:13:33.945568+00:00,1287186,081,2183,3,0,1791598658,,,SCHEDULED
2026-10-10T02:13:33.945568+00:00,1287186,081,2184,4,0,1791598700,,,SCHEDULED
2026-10-10T02:13:33.945568+00:00,1287186,081,2185,5,0,1791598774,,,SCHEDULED
2026-10-10T02:13:33.945568+00:00,1287186,081,2186,6,0,1791598897,,,SCHEDULED
2026-10-10T02:13:33.945568+00:00,1287186,081,2358,7,0,1791599025,,,SCHEDULED
2026-10-10T02:13:33.945568+00:00,1287186,081,2359,8,0,1791599078,,,SCHEDULED
2026-10-10T02:13:33.945568+00:00,1287186,081,2360,9,0,1791599153,,,SCHEDULED
2026-10-10T02:13:33.945568+00:00,1287186,081,2361,10,0,1791599183,,,SCHEDULED
2026-10-10T02:13:33.945568+00:00,1287186,081,2362,11,0,1791599209,,,SCHEDULED
2026-10-10T02:13:33.945568+00:00,1287186,081,2363,12,0,1791599265,,,SCHEDULED
2026-10-10T02:13:33.945568+00:00,1287186,081,2364,13,0,1791599336,,,SCHEDULED
2026-10-10T02:13:33.945568+00:00,1287186,081,2365,14,0,1791599388,,,SCHEDULED
2026-10-10T02:13:33.945568+00:00,1287186,081,2366,15,0,1791599458,,,SCHEDULED
2026-10-10T02:13:33.945568+00:00,1287186,081,2367,16,0,1791599497,,,SCHEDULED
2026-10-10T02:13:33.945568+00:00,1287186,081,5203,17,0,1791599606,,,SCHEDULED
2026-10-10T02:13:33.945568+00:00,1287186,081,2368,18,0,1791599808,,,SCHEDULED
2026-10-10T02:13:33.945568+00:00,1287186,081,2370,19,0,1791599909,,,SCHEDULED
2026-10-10T02:13:33.945568+00:00,1287186,081,2371,20,0,1791599950,,,SCHEDULED
2026-10-10T02:13:33.945568+00:00,1287186,081,2372,21,0,1791600036,,,SCHEDULED
2026-10-10T02:13:33.945568+00:00,1287186,081,2373,22,0,1791600095,,,SCHEDULED
2026-10-10T02:13:33.945568+00:00,1287186,081,2374,23,0,1791600191,,,SCHEDULED
2026-10-10T02:13:33.945568+00:00,1285175,023,1501,52,0,1791598410,,,SCHEDULED
2026-10-10T02:13:33.945568+00:00,1285175,023,1502,53,0,1791598453,,,SCHEDULED
2026-10-10T02:13:33.945568+00:00,1285175,023,1503,54,0,1791598496,,,SCHEDULED
2026-10-10T02:13:33.945568+00:00,1285175,023,1504,55,0,1791598524,,,SCHEDULED
2026-10-10T02:13:33.945568+00:00,1285175,023,1505,56,0,1791598568,,,SCHEDULED
2026-10-10T02:13:33.945568+00:00,1285175,023,1314,57,0,1791598620,,,SCHEDULED
2026-10-10T02:13:33.945568+00:00,1285175,023,1315,58,0,1791598740,,,SCHEDULED
2026-10-10T02:13:33.945568+00:00,1285175,023,1316,59,0,1791598778,,,SCHEDULED
2026-10-10T02:13:33.945568+00:00,1285175,023,1317,60,0,1791598821,,,SCHEDULED
2026-10-10T02:13:33.945568+00:00,1285175,023,1318,61,0,1791598863,,,SCHEDULED
2026-10-10T02:13:33.945568+00:00,1285175,023,2807,62,0,1791598941,,,SCHEDULED
2026-10-10T02:13:33.945568+00:00,1285174,023,1457,12,0,1791598429,,,SCHEDULED
2026-10-10T02:13:33.945568+00:00,1285174,023,1458,13,0,1791598507,,,SCHEDULED
2026-10-10T02:13:33.945568+00:00,1285174,023,1460,14,0,1791598568,,,SCHEDULED
2026-10-10T02:13:33.945568+00:00,1285174,023,1461,15,0,1791598597,,,SCHEDULED
2026-10-10T02:13:33.945568+00:00,1285174,023,1462,16,0,1791598603,,,SCHEDULED
2026-10-10T02:13:33.945568+00:00,1285174,023,1463,17,0,1791598649,,,SCHEDULED
2026-10-10T02:13:33.945568+00:00,1285174,023,1464,18,0,1791598707,,,SCHEDULED
2026-10-10T02:13:33.945568+00:00,1285174,023,1465,19,0,1791598809,,,SCHEDULED
2026-10-10T02:13:33.945568+00:00,1285174,023,1466,20,0,1791598827,,,SCHEDULED
2026-10-10T02:13:33.945568+00:00,1285174,023,1467,21,0,1791598850,,,SCHEDULED
2026-10-10T02:13:33.945568+00:00,1285174,023,1468,22,0,1791598891,,,SCHEDULED
2026-10-10T02:13:33.945568+00:00,1285174,023,1469,23,0,1791598941,,,SCHEDULED
2026-10-10T02:13:33.945568+00:00,1285174,023,1470,24,0,1791598989,,,SCHEDULED
2026-10-10T02:13:33.945568+00:00,1285174,023,1471,25,0,1791599034,,,SCHEDULED
2026-10-10T02:13:33.945568+00:00,1285174,023,1473,26,0,1791599065,,,SCHEDULED
2026-10-10T02:13:33.945568+00:00,1285174,023,1474,27,0,1791599072,,,SCHEDULED
2026-10-10T02:13:33.945568+00:00,1285174,023,1475,28,0,1791599122,,,SCHEDULED
2026-10-10T02:13:33.945568+00:00,1285174,023,1476,29,0,1791599177,,,SCHEDULED
2026-10-10T02:13:33.945568+00:00,1285174,023,1477,30,0,1791599220,,,SCHEDULED
2026-10-10T02:13:33.945568+00:00,1285174,023,1478,31,0,1791599244,,,SCHEDULED
2026-10-10T02:13:33.945568+00:00,1285174,023,1181,32,0,1791599280,,,SCHEDULED
2026-10-10T02:13:33.945568+00:00,1285174,023,1182,33,0,1791599389,,,SCHEDULED
2026-10-10T02:13:33.945568+00:00,1285174,023,1481,34,0,1791599434,,,SCHEDULED
2026-10-10T02:13:33.945568+00:00,1285174,023,1482,35,0,1791599465,,,SCHEDULED
2026-10-10T02:13:33.945568+00:00,1285174,023,1483,36,0,1791599502,,,SCHEDULED
2026-10-10T02:13:33.945568+00:00,1285174,023,1484,37,0,1791599512,,,SCHEDULED
2026-10-10T02:13:33.945568+00:00,1285174,023,1485,38,0,1791599525,,,SCHEDULED
2026-10-10T02:13:33.945568+00:00,1285174,023,1486,39,0,1791599564,,,SCHEDULED
2026-10-10T02:13:33.945568+00:00,1285174,023,1488,40,0,1791599635,,,SCHEDULED
2026-10-10T02:13:33.945568+00:00,1285174,023,1489,41,0,1791599678,,,SCHEDULED
2026-10-10T02:13:33.945568+00:00,1285174,023,1490,42,0,1791599700,,,SCHEDULED
2026-10-10T02:13:33.945568+00:00,1285174,023,453,43,0,1791599730,,,SCHEDULED
2026-10-10T02:13:33.945568+00:00,1285174,023,1492,44,0,1791599755,,,SCHEDULED
2026-10-10T02:13:33.945568+00:00,1285174,023,1493,45,0,1791599848,,,SCHEDULED
2026-10-10T02:13:33.945568+00:00,1285174,023,1494,46,0,1791599879,,,SCHEDULED
2026-10-10T02:13:33.945568+00:00,1285174,023,1495,47,0,1791599930,,,SCHEDULED
2026-10-10T02:13:33.945568+00:00,1285174,023,5364,48,0,1791599955,,,SCHEDULED
2026-10-10T02:13:33.945568+00:00,1285174,023,1497,49,0,1791600020,,,SCHEDULED
2026-10-10T02:13:33.945568+00:00,1285174,023,1499,50,0,1791600115,,,SCHEDULED
2026-10-10T02:13:33.945568+00:00,1285174,023,1500,51,0,1791600159,,,SCHEDULED
2026-10-10T02:13:33.945568+00:00,1285174,023,1501,52,0,1791600200,,,SCHEDULED
2026-10-10T02:13:33.945568+00:00,1284360,011,532,14,0,1791598409,,,SCHEDULED
2026-10-10T02:13:33.945568+00:00,1284360,011,5247,15,0,1791598494,,,SCHEDULED
2026-10-10T02:13:33.945568+00:00,1284360,011,533,16,0,1791598542,,,SCHEDULED
2026-10-10T02:13:33.945568+00:00,1284360,011,534,17,0,1791598565,,,SCHEDULED
2026-10-10T02:13:33.945568+00:00,1284360,011,221,18,0,1791598716,,,SCHEDULED
2026-10-10T02:13:33.945568+00:00,1284360,011,222,19,0,1791598748,,,SCHEDULED
2026-10-10T02:13:33.945568+00:00,1284360,011,223,20,0,1791598829,,,SCHEDULED
2026-10-10T02:13:33.945568+00:00,1284360,011,225,21,0,1791598955,,,SCHEDULED
2026-10-10T02:13:33.945568+00:00,1284360,011,226,22,0,1791599012,,,SCHEDULED
2026-10-10T02:13:33.945568+00:00,1284360,011,455,23,0,1791599045,,,SCHEDULED
2026-10-10T02:13:33.945568+00:00,1284360,011,456,24,0,1791599090,,,SCHEDULED
2026-10-10T02:13:33.945568+00:00,1284360,011,3197,25,0,1791599151,,,SCHEDULED
2026-10-10T02:13:33.945568+00:00,1284360,011,3198,26,0,1791599202,,,SCHEDULED
2026-10-10T02:13:33.945568+00:00,1284360,011,3199,27,0,1791599221,,,SCHEDULED
2026-10-10T02:13:33.945568+00:00,1284360,011,1345,28,0,1791599304,,,SCHEDULED
2026-10-10T02:13:33.945568+00:00,1284360,011,128,29,0,1791599393,,,SCHEDULED
2026-10-10T02:13:33.945568+00:00,1284360,011,130,30,0,1791599436,,,SCHEDULED
2026-10-10T02:13:33.945568+00:00,1284360,011,131,31,0,1791599469,,,SCHEDULED
2026-10-10T02:13:33.945568+00:00,1284360,011,132,32,0,1791599502,,,SCHEDULED
2026-10-10T02:13:33.945568+00:00,1284360,011,133,33,0,1791599548,,,SCHEDULED
2026-10-10T02:13:33.945568+00:00,1284360,011,981,34,0,1791599677,,,SCHEDULED
2026-10-10T02:13:33.945568+00:00,1284360,011,983,35,0,1791599750,,,SCHEDULED
2026-10-10T02:13:33.945568+00:00,1284360,011,984,36,0,1791599786,,,SCHEDULED
2026-10-10T02:13:33.945568+00:00,1284360,011,985,37,0,1791599813,,,SCHEDULED
2026-10-10T02:13:33.945568+00:00,1284360,011,986,38,0,1791599856,,,SCHEDULED
2026-10-10T02:13:33.945568+00:00,1284360,011,987,39,0,1791599954,,,SCHEDULED
2026-10-10T02:13:33.945568+00:00,1284360,011,8315,40,0,1791600068,,,SCHEDULED
2026-10-10T02:13:33.945568+00:00,1284360,011,2234,41,0,1791600154,,,SCHEDULED
2026-10-10T02:13:33.945568+00:00,1284088,001,1184,1,,,0,1791599452,SCHEDULED
2026-10-10T02:13:33.945568+00:00,1284088,001,3301,2,0,1791599467,,,SCHEDULED
2026-10-10T02:13:33.945568+00:00,1284088,001,1187,3,0,1791599537,,,SCHEDULED
2026-10-10T02:13:33.945568+00:00,1284088,001,1188,4,0,1791599636,,,SCHEDULED
2026-10-10T02:13:33.945568+00:00,1284088,001,1189,5,0,1791599681,,,SCHEDULED
2026-10-10T02:13:33.945568+00:00,1284088,001,1190,6,0,1791599740,,,SCHEDULED
2026-10-10T02:13:33.945568+00:00,1284088,001,1191,7,0,1791599779,,,SCHEDULED
2026-10-10T02:13:33.945568+00:00,1284088,001,1192,8,0,1791599828,,,SCHEDULED
2026-10-10T02:13:33.945568+00:00,1284088,001,1193,9,0,1791599876,,,SCHEDULED
2026-10-10T02:13:33.945568+00:00,1284088,001,1195,10,0,1791599940,,,SCHEDULED
2026-10-10T02:13:33.945568+00:00,1284088,001,1196,11,0,1791600003,,,SCHEDULED
2026-10-10T02:13:33.945568+00:00,1284088,001,1197,12,0,1791600035,,,SCHEDULED
2026-10-10T02:13:33.945568+00:00,1284088,001,1198,13,0,1791600059,,,SCHEDULED
2026-10-10T02:13:33.945568+00:00,1284088,001,3348,14,0,1791600193,,,SCHEDULED
2026-10-10T02:13:33.945568+00:00,1287231,081,290,1,,,0,1791598704,SCHEDULED
2026-10-10T02:13:33.945568+00:00,1287231,081,1600,2,0,1791598752,,,SCHEDULED
2026-10-10T02:13:33.945568+00:00,1287231,081,1602,3,0,1791598828,,,SCHEDULED
2026-10-10T02:13:33.945568+00:00,1287231,081,1603,4,0,1791598853,,,SCHEDULED
2026-10-10T02:13:33.945568+00:00,1287231,081,1604,5,0,1791598903,,,SCHEDULED
2026-10-10T02:13:33.945568+00:00,1287231,081,1605,6,0,1791598947,,,SCHEDULED
2026-10-10T02:13:33.945568+00:00,1287231,081,1606,7,0,1791598993,,,SCHEDULED
2026-10-10T02:13:33.945568+00:00,1287231,081,1607,8,0,1791599078,,,SCHEDULED
2026-10-10T02:13:33.945568+00:00,1287231,081,1608,9,0,1791599154,,,SCHEDULED
2026-10-10T02:13:33.945568+00:00,1287231,081,1609,10,0,1791599193,,,SCHEDULED
2026-10-10T02:13:33.945568+00:00,1287231,081,1610,11,0,1791599276,,,SCHEDULED
2026-10-10T02:13:33.945568+00:00,1287231,081,1611,12,0,1791599365,,,SCHEDULED
2026-10-10T02:13:33.945568+00:00,1287231,081,1612,13,0,1791599513,,,SCHEDULED
2026-10-10T02:13:33.945568+00:00,1287231,081,1613,14,0,1791599630,,,SCHEDULED
2026-10-10T02:13:33.945568+00:00,1287231,081,2311,15,0,1791599675,,,SCHEDULED
2026-10-10T02:13:33.945568+00:00,1287231,081,2312,16,0,1791599853,,,SCHEDULED
2026-10-10T02:13:33.945568+00:00,1287231,081,2313,17,0,1791599939,,,SCHEDULED
2026-10-10T02:13:33.945568+00:00,1287231,081,2314,18,0,1791600049,,,SCHEDULED
2026-10-10T02:13:33.945568+00:00,1287231,081,2315,19,0,1791600150,,,SCHEDULED
2026-10-10T02:13:33.945568+00:00,1287232,081,2317,21,0,1791598501,,,SCHEDULED
2026-10-10T02:13:33.945568+00:00,1287232,081,2318,22,0,1791598593,,,SCHEDULED
2026-10-10T02:13:33.945568+00:00,1287232,081,2319,23,0,1791598661,,,SCHEDULED
2026-10-10T02:13:33.945568+00:00,1287232,081,2320,24,0,1791598700,,,SCHEDULED
2026-10-10T02:13:33.945568+00:00,1287232,081,2321,25,0,1791598787,,,SCHEDULED
2026-10-10T02:13:33.945568+00:00,1287232,081,2322,26,0,1791598860,,,SCHEDULED
2026-10-10T02:13:33.945568+00:00,1287232,081,2323,27,0,1791598917,,,SCHEDULED
2026-10-10T02:13:33.945568+00:00,1287232,081,2324,28,0,1791598981,,,SCHEDULED
2026-10-10T02:13:33.945568+00:00,1287232,081,2325,29,0,1791599035,,,SCHEDULED
2026-10-10T02:13:33.945568+00:00,1287232,081,2326,30,0,1791599100,,,SCHEDULED
2026-10-10T02:13:33.945568+00:00,1287232,081,2328,31,0,1791599192,,,SCHEDULED
2026-10-10T02:13:33.945568+00:00,1287232,081,2329,32,0,1791599246,,,SCHEDULED
2026-10-10T02:13:33.945568+00:00,1287232,081,2330,33,0,1791599305,,,SCHEDULED
2026-10-10T02:13:33.945568+00:00,1287232,081,4811,34,0,1791599365,,,SCHEDULED
2026-10-10T02:13:33.945568+00:00,1287232,081,4810,35,0,1791599411,,,SCHEDULED
2026-10-10T02:13:33.945568+00:00,1287512,084,1674,20,0,1791598353,,,SCHEDULED
2026-10-10T02:13:33.945568+00:00,1287512,084,1675,21,0,1791598381,,,SCHEDULED
2026-10-10T02:13:33.945568+00:00,1287512,084,1677,22,0,1791598414,,,SCHEDULED
2026-10-10T02:13:33.945568+00:00,1287512,084,1127,23,0,1791598464,,,SCHEDULED
2026-10-10T02:13:33.945568+00:00,1287512,084,1128,24,0,1791598501,,,SCHEDULED
2026-10-10T02:13:33.945568+00:00,1287512,084,1129,25,0,1791598539,,,SCHEDULED
2026-10-10T02:13:33.945568+00:00,1287512,084,1130,26,0,1791598555,,,SCHEDULED
2026-10-10T02:13:33.945568+00:00,1287512,084,1131,27,0,1791598597,,,SCHEDULED
2026-10-10T02:13:33.945568+00:00,1287512,084,3089,28,0,1791598678,,,SCHEDULED
2026-10-10T02:13:33.945568+00:00,1287512,084,3090,29,0,1791598777,,,SCHEDULED
2026-10-10T02:13:33.945568+00:00,1287512,084,3091,30,0,1791598856,,,SCHEDULED
2026-10-10T02:13:33.945568+00:00,1287512,084,3092,31,0,1791598913,,,SCHEDULED
2026-10-10T02:13:33.945568+00:00,1287512,084,3093,32,0,1791599004,,,SCHEDULED
2026-10-10T02:13:33.945568+00:00,1287512,084,3094,33,0,1791599023,,,SCHEDULED
2026-10-10T02:13:33.945568+00:00,1287512,084,3095,34,0,1791599087,,,SCHEDULED
2026-10-10T02:13:33.945568+00:00,1287512,084,3096,35,0,1791599170,,,SCHEDULED
2026-10-10T02:13:33.945568+00:00,1287512,084,3097,36,0,1791599269,,,SCHEDULED
2026-10-10T02:13:33.945568+00:00,1287512,084,3098,37,0,1791599326,,,SCHEDULED
2026-10-10T02:13:33.945568+00:00,1287512,084,9800,38,0,1791599375,,,SCHEDULED
2026-10-10T02:13:33.945568+00:00,1287512,084,3099,39,0,1791599570,,,SCHEDULED
2026-10-10T02:13:33.945568+00:00,1287512,084,3100,40,0,1791599632,,,SCHEDULED
2026-10-10T02:13:33.945568+00:00,1287512,084,3101,41,0,1791599662,,,SCHEDULED
2026-10-10T02:13:33.945568+00:00,1287512,084,3102,42,0,1791599707,,,SCHEDULED
2026-10-10T02:13:33.945568+00:00,1287512,084,3103,43,0,1791599761,,,SCHEDULED
2026-10-10T02:13:33.945568+00:00,1287512,084,3104,44,0,1791599797,,,SCHEDULED
2026-10-10T02:13:33.945568+00:00,1287512,084,3106,45,0,1791599837,,,SCHEDULED
2026-10-10T02:13:33.945568+00:00,1287512,084,3107,46,0,1791599871,,,SCHEDULED
2026-10-10T02:13:33.945568+00:00,1287512,084,3108,47,0,1791599924,,,SCHEDULED
2026-10-10T02:13:33.945568+00:00,1287512,084,3109,48,0,1791599962,,,SCHEDULED
2026-10-10T02:13:33.945568+00:00,1287512,084,3110,49,0,1791600002,,,SCHEDULED
2026-10-10T02:13:33.945568+00:00,1287512,084,3769,50,0,1791600035,,,SCHEDULED
2026-10-10T02:13:33.945568+00:00,1287512,084,3770,51,0,1791600072,,,SCHEDULED
2026-10-10T02:13:33.945568+00:00,1287513,084,3769,50,0,1791598411,,,SCHEDULED
2026-10-10T02:13:33.945568+00:00,1287513,084,3770,51,0,1791598448,,,SCHEDULED
2026-10-10T02:13:33.945568+00:00,1287513,084,3771,52,0,1791598460,,,SCHEDULED
2026-10-10T02:13:33.945568+00:00,1287513,084,3772,53,0,1791598538,,,SCHEDULED
2026-10-10T02:13:33.945568+00:00,1287513,084,3773,54,0,1791598578,,,SCHEDULED
2026-10-10T02:13:33.945568+00:00,1287513,084,3774,55,0,1791598614,,,SCHEDULED
2026-10-10T02:13:33.945568+00:00,1287513,084,3775,56,0,1791598663,,,SCHEDULED
2026-10-10T02:13:33.945568+00:00,1287513,084,3776,57,0,1791598701,,,SCHEDULED
2026-10-10T02:13:33.945568+00:00,1287513,084,3777,58,0,1791598818,,,SCHEDULED
2026-10-10T02:13:33.945568+00:00,1287513,084,3778,59,0,1791598891,,,SCHEDULED
2026-10-10T02:13:33.945568+00:00,1287513,084,3780,60,0,1791598935,,,SCHEDULED
2026-10-10T02:13:33.945568+00:00,1287513,084,1688,61,0,1791599009,,,SCHEDULED
2026-10-10T02:13:33.945568+00:00,1287513,084,1687,62,0,1791599056,,,SCHEDULED
2026-10-10T02:13:33.945568+00:00,1287513,084,265,63,0,1791599159,,,SCHEDULED
2026-10-10T02:13:33.945568+00:00,1287513,084,4731,64,0,1791599214,,,SCHEDULED
2026-10-10T02:13:33.945568+00:00,1287513,084,1303,65,0,1791599232,,,SCHEDULED
2026-10-10T02:13:33.945568+00:00,1287513,084,1291,66,0,1791599301,,,SCHEDULED
2026-10-10T02:13:33.945568+00:00,1287513,084,3696,67,0,1791599357,,,SCHEDULED
2026-10-10T02:13:33.945568+00:00,1284089,001,3348,14,0,1791598468,,,SCHEDULED
2026-10-10T02:13:33.945568+00:00,1284089,001,3349,15,0,1791598518,,,SCHEDULED
2026-10-10T02:13:33.945568+00:00,1284089,001,3350,16,0,1791598547,,,SCHEDULED
2026-10-10T02:13:33.945568+00:00,1284089,001,3351,17,0,1791598600,,,SCHEDULED
2026-10-10T02:13:33.945568+00:00,1284089,001,3352,18,0,1791598660,,,SCHEDULED
2026-10-10T02:13:33.945568+00:00,1284089,001,3353,19,0,1791598727,,,SCHEDULED
2026-10-10T02:13:33.945568+00:00,1284089,001,3354,20,0,1791598773,,,SCHEDULED
2026-10-10T02:13:33.945568+00:00,1284089,001,3355,21,0,1791598798,,,SCHEDULED
2026-10-10T02:13:33.945568+00:00,1284089,001,3356,22,0,1791598895,,,SCHEDULED
2026-10-10T02:13:33.945568+00:00,1284089,001,3357,23,0,1791598923,,,SCHEDULED
2026-10-10T02:13:33.945568+00:00,1284089,001,563,24,0,1791598999,,,SCHEDULED
2026-10-10T02:13:33.945568+00:00,1284089,001,565,25,0,1791599091,,,SCHEDULED
2026-10-10T02:13:33.945568+00:00,1284089,001,566,26,0,1791599140,,,SCHEDULED
2026-10-10T02:13:33.945568+00:00,1284089,001,567,27,0,1791599170,,,SCHEDULED
2026-10-10T02:13:33.945568+00:00,1284089,001,568,28,0,1791599256,,,SCHEDULED
2026-10-10T02:13:33.945568+00:00,1284089,001,570,29,0,1791599281,,,SCHEDULED
2026-10-10T02:13:33.945568+00:00,1284089,001,573,30,0,1791599323,,,SCHEDULED
2026-10-10T02:13:33.945568+00:00,1284089,001,3097,31,0,1791599374,,,SCHEDULED
2026-10-10T02:13:33.945568+00:00,1284089,001,3098,32,0,1791599453,,,SCHEDULED
2026-10-10T02:13:33.945568+00:00,1285059,021,2795,19,0,1791598410,,,SCHEDULED
2026-10-10T02:13:33.945568+00:00,1285059,021,2796,20,0,1791598450,,,SCHEDULED
2026-10-10T02:13:33.945568+00:00,1285059,021,2797,21,0,1791598538,,,SCHEDULED
2026-10-10T02:13:33.945568+00:00,1285059,021,2798,22,0,1791598638,,,SCHEDULED
2026-10-10T02:13:33.945568+00:00,1285059,021,2799,23,0,1791598662,,,SCHEDULED
2026-10-10T02:13:33.945568+00:00,1285059,021,2800,24,0,1791598706,,,SCHEDULED
2026-10-10T02:13:33.945568+00:00,1285059,021,2801,25,0,1791598820,,,SCHEDULED
2026-10-10T02:13:33.945568+00:00,1285059,021,2802,26,0,1791598821,,,SCHEDULED
2026-10-10T02:13:33.945568+00:00,1285059,021,2803,27,0,1791598850,,,SCHEDULED
2026-10-10T02:13:33.945568+00:00,1285059,021,2804,28,0,1791598851,,,SCHEDULED
2026-10-10T02:13:33.945568+00:00,1285059,021,2805,29,0,1791598890,,,SCHEDULED
2026-10-10T02:13:33.945568+00:00,1285059,021,2806,30,0,1791598911,,,SCHEDULED
2026-10-10T02:13:33.945568+00:00,1285059,021,2807,31,0,1791598991,,,SCHEDULED
2026-10-10T02:13:33.945568+00:00,1285059,021,1184,32,0,1791599108,,,SCHEDULED
2026-10-10T02:13:33.945568+00:00,1285059,021,3301,33,0,1791599124,,,SCHEDULED
2026-10-10T02:13:33.945568+00:00,1285059,021,2807,34,0,1791599154,,,SCHEDULED
2026-10-10T02:13:33.945568+00:00,1285059,021,2808,35,0,1791599361,,,SCHEDULED
2026-10-10T02:13:33.945568+00:00,1285059,021,2809,36,0,1791599433,,,SCHEDULED
2026-10-10T02:13:33.945568+00:00,1285059,021,2810,37,0,1791599478,,,SCHEDULED
2026-10-10T02:13:33.945568+00:00,1285059,021,2811,38,0,1791599529,,,SCHEDULED
2026-10-10T02:13:33.945568+00:00,1285059,021,2812,39,0,1791599648,,,SCHEDULED
2026-10-10T02:13:33.945568+00:00,1285059,021,2813,40,0,1791599658,,,SCHEDULED
2026-10-10T02:13:33.945568+00:00,1285059,021,2814,41,0,1791599705,,,SCHEDULED
2026-10-10T02:13:33.945568+00:00,1285059,021,3385,42,0,1791599763,,,SCHEDULED
2026-10-10T02:13:33.945568+00:00,1285059,021,3386,43,0,1791599807,,,SCHEDULED
2026-10-10T02:13:33.945568+00:00,1285059,021,3387,44,0,1791599855,,,SCHEDULED
2026-10-10T02:13:33.945568+00:00,1285059,021,3388,45,0,1791599902,,,SCHEDULED
2026-10-10T02:13:33.945568+00:00,1285059,021,3389,46,0,1791600042,,,SCHEDULED
2026-10-10T02:13:33.945568+00:00,1287511,084,9817,1,,,0,1791599160,SCHEDULED
2026-10-10T02:13:33.945568+00:00,1287511,084,2755,2,0,1791599243,,,SCHEDULED
2026-10-10T02:13:33.945568+00:00,1287511,084,2756,3,0,1791599296,,,SCHEDULED
2026-10-10T02:13:33.945568+00:00,1287511,084,2757,4,0,1791599349,,,SCHEDULED
2026-10-10T02:13:33.945568+00:00,1287511,084,2954,5,0,1791599429,,,SCHEDULED
2026-10-10T02:13:33.945568+00:00,1287511,084,2955,6,0,1791599472,,,SCHEDULED
2026-10-10T02:13:33.945568+00:00,1287511,084,2956,7,0,1791599503,,,SCHEDULED
2026-10-10T02:13:33.945568+00:00,1287511,084,2957,8,0,1791599526,,,SCHEDULED
2026-10-10T02:13:33.945568+00:00,1287511,084,2958,9,0,1791599558,,,SCHEDULED
2026-10-10T02:13:33.945568+00:00,1287511,084,2959,10,0,1791599587,,,SCHEDULED
2026-10-10T02:13:33.945568+00:00,1287511,084,2960,11,0,1791599614,,,SCHEDULED
2026-10-10T02:13:33.945568+00:00,1287511,084,2961,12,0,1791599640,,,SCHEDULED
2026-10-10T02:13:33.945568+00:00,1287511,084,2962,13,0,1791599822,,,SCHEDULED
2026-10-10T02:13:33.945568+00:00,1287511,084,2963,14,0,1791599903,,,SCHEDULED
2026-10-10T02:13:33.945568+00:00,1287511,084,2964,15,0,1791599974,,,SCHEDULED
2026-10-10T02:13:33.945568+00:00,1287511,084,2965,16,0,1791600027,,,SCHEDULED
2026-10-10T02:13:33.945568+00:00,1287511,084,2966,17,0,1791600081,,,SCHEDULED
2026-10-10T02:13:33.945568+00:00,1287511,084,1155,18,0,1791600148,,,SCHEDULED
2026-10-10T02:13:33.945568+00:00,1287514,084,1687,62,0,1791598462,,,SCHEDULED
2026-10-10T02:13:33.945568+00:00,1287514,084,265,63,0,1791598575,,,SCHEDULED
2026-10-10T02:13:33.945568+00:00,1287514,084,4731,64,0,1791598643,,,SCHEDULED
2026-10-10T02:13:33.945568+00:00,1287514,084,1303,65,0,1791598664,,,SCHEDULED
2026-10-10T02:13:33.945568+00:00,1287514,084,1291,66,0,1791598743,,,SCHEDULED
2026-10-10T02:13:33.945568+00:00,1287514,084,3696,67,0,1791598809,,,SCHEDULED
2026-10-10T02:13:33.945568+00:00,1285292,025,1238,42,0,1791598258,,,SCHEDULED
2026-10-10T02:13:33.945568+00:00,1285292,025,1239,43,0,1791598411,,,SCHEDULED
2026-10-10T02:13:33.945568+00:00,1285292,025,1240,44,0,1791598477,,,SCHEDULED
2026-10-10T02:13:33.945568+00:00,1285292,025,1241,45,0,1791598515,,,SCHEDULED
2026-10-10T02:13:33.945568+00:00,1285292,025,1242,46,0,1791598559,,,SCHEDULED
2026-10-10T02:13:33.945568+00:00,1285292,025,1243,47,0,1791598622,,,SCHEDULED
2026-10-10T02:13:33.945568+00:00,1285292,025,1244,48,0,1791598668,,,SCHEDULED
2026-10-10T02:13:33.945568+00:00,1285292,025,1245,49,0,1791598703,,,SCHEDULED
2026-10-10T02:13:33.945568+00:00,1285292,025,1246,50,0,1791598733,,,SCHEDULED
2026-10-10T02:13:33.945568+00:00,1285292,025,1247,51,0,1791598835,,,SCHEDULED
2026-10-10T02:13:33.945568+00:00,1285292,025,1248,52,0,1791598931,,,SCHEDULED
2026-10-10T02:13:33.945568+00:00,1285292,025,1249,53,0,1791598967,,,SCHEDULED
2026-10-10T02:13:33.945568+00:00,1285292,025,1250,54,0,1791599004,,,SCHEDULED
2026-10-10T02:13:33.945568+00:00,1285292,025,1251,55,0,1791599112,,,SCHEDULED
2026-10-10T02:13:33.945568+00:00,1285292,025,1252,56,0,1791599163,,,SCHEDULED
2026-10-10T02:13:33.945568+00:00,1285292,025,1253,57,0,1791599212,,,SCHEDULED
2026-10-10T02:13:33.945568+00:00,1285292,025,1254,58,0,1791599261,,,SCHEDULED
2026-10-10T02:13:33.945568+00:00,1285292,025,1262,59,0,1791599356,,,SCHEDULED
2026-10-10T02:13:33.945568+00:00,1288286,142,418,7,0,1791598433,,,SCHEDULED
2026-10-10T02:13:33.945568+00:00,1288286,142,4763,8,0,1791598565,,,SCHEDULED
2026-10-10T02:13:33.945568+00:00,1288286,142,113,9,0,1791598626,,,SCHEDULED
2026-10-10T02:13:33.945568+00:00,1285291,025,3338,8,0,1791598419,,,SCHEDULED
2026-10-10T02:13:33.945568+00:00,1285291,025,3339,9,0,1791598440,,,SCHEDULED
2026-10-10T02:13:33.945568+00:00,1285291,025,753,10,0,1791598467,,,SCHEDULED
2026-10-10T02:13:33.945568+00:00,1285291,025,3340,11,0,1791598488,,,SCHEDULED
2026-10-10T02:13:33.945568+00:00,1285291,025,3341,12,0,1791598524,,,SCHEDULED
2026-10-10T02:13:33.945568+00:00,1285291,025,3342,13,0,1791598571,,,SCHEDULED
2026-10-10T02:13:33.945568+00:00,1285291,025,3343,14,0,1791598596,,,SCHEDULED
2026-10-10T02:13:33.945568+00:00,1285291,025,4660,15,0,1791598664,,,SCHEDULED
2026-10-10T02:13:33.945568+00:00,1285291,025,5265,16,0,1791598721,,,SCHEDULED
2026-10-10T02:13:33.945568+00:00,1285291,025,4661,17,0,1791598793,,,SCHEDULED
2026-10-10T02:13:33.945568+00:00,1285291,025,4662,18,0,1791598869,,,SCHEDULED
2026-10-10T02:13:33.945568+00:00,1285291,025,3589,19,0,1791598958,,,SCHEDULED
2026-10-10T02:13:33.945568+00:00,1285291,025,3590,20,0,1791598980,,,SCHEDULED
2026-10-10T02:13:33.945568+00:00,1285291,025,3591,21,0,1791599051,,,SCHEDULED
2026-10-10T02:13:33.945568+00:00,1285291,025,3592,22,0,1791599103,,,SCHEDULED
2026-10-10T02:13:33.945568+00:00,1285291,025,3593,23,0,1791599163,,,SCHEDULED
2026-10-10T02:13:33.945568+00:00,1285291,025,3594,24,0,1791599216,,,SCHEDULED
2026-10-10T02:13:33.945568+00:00,1285291,025,3595,25,0,1791599265,,,SCHEDULED
2026-10-10T02:13:33.945568+00:00,1285291,025,3596,26,0,1791599336,,,SCHEDULED
2026-10-10T02:13:33.945568+00:00,1285291,025,3597,27,0,1791599400,,,SCHEDULED
2026-10-10T02:13:33.945568+00:00,1285291,025,3598,28,0,1791599454,,,SCHEDULED
2026-10-10T02:13:33.945568+00:00,1285291,025,3599,29,0,1791599489,,,SCHEDULED
2026-10-10T02:13:33.945568+00:00,1285291,025,3600,30,0,1791599541,,,SCHEDULED
2026-10-10T02:13:33.945568+00:00,1285291,025,3601,31,0,1791599568,,,SCHEDULED
2026-10-10T02:13:33.945568+00:00,1285291,025,3602,32,0,1791599630,,,SCHEDULED
2026-10-10T02:13:33.945568+00:00,1285291,025,3603,33,0,1791599674,,,SCHEDULED
2026-10-10T02:13:33.945568+00:00,1285291,025,1356,34,0,1791599710,,,SCHEDULED
2026-10-10T02:13:33.945568+00:00,1285291,025,1357,35,0,1791599797,,,SCHEDULED
2026-10-10T02:13:33.945568+00:00,1285291,025,1358,36,0,1791599822,,,SCHEDULED
2026-10-10T02:13:33.945568+00:00,1285291,025,1359,37,0,1791599852,,,SCHEDULED
2026-10-10T02:13:33.945568+00:00,1285291,025,1360,38,0,1791599906,,,SCHEDULED
2026-10-10T02:13:33.945568+00:00,1285291,025,1361,39,0,1791599945,,,SCHEDULED
2026-10-10T02:13:33.945568+00:00,1285291,025,1236,40,0,1791600030,,,SCHEDULED
2026-10-10T02:13:33.945568+00:00,1285291,025,1237,41,0,1791600060,,,SCHEDULED
2026-10-10T02:13:33.945568+00:00,1285291,025,1238,42,0,1791600090,,,SCHEDULED
2026-10-10T02:13:33.945568+00:00,1285291,025,1239,43,0,1791600169,,,SCHEDULED
2026-10-10T02:13:33.945568+00:00,1285173,023,9807,1,,,0,1791599146,SCHEDULED
2026-10-10T02:13:33.945568+00:00,1285173,023,1096,2,0,1791599234,,,SCHEDULED
2026-10-10T02:13:33.945568+00:00,1285173,023,1098,3,0,1791599338,,,SCHEDULED
2026-10-10T02:13:33.945568+00:00,1285173,023,1099,4,0,1791599512,,,SCHEDULED
2026-10-10T02:13:33.945568+00:00,1285173,023,1090,5,0,1791599767,,,SCHEDULED
2026-10-10T02:13:33.945568+00:00,1285173,023,1091,6,0,1791599823,,,SCHEDULED
2026-10-10T02:13:33.945568+00:00,1285173,023,1092,7,0,1791599878,,,SCHEDULED
2026-10-10T02:13:33.945568+00:00,1285173,023,1093,8,0,1791599909,,,SCHEDULED
2026-10-10T02:13:33.945568+00:00,1285173,023,1094,9,0,1791599950,,,SCHEDULED
2026-10-10T02:13:33.945568+00:00,1285173,023,1455,10,0,1791600045,,,SCHEDULED
2026-10-10T02:13:33.945568+00:00,1285173,023,1456,11,0,1791600104,,,SCHEDULED
2026-10-10T02:13:33.945568+00:00,1285173,023,1457,12,0,1791600179,,,SCHEDULED
2026-10-10T02:13:33.945568+00:00,1284099,001,1801,1,,,0,1791598740,SCHEDULED
2026-10-10T02:13:33.945568+00:00,1284099,001,3073,2,0,1791598784,,,SCHEDULED
2026-10-10T02:13:33.945568+00:00,1284099,001,630,3,0,1791598915,,,SCHEDULED
2026-10-10T02:13:33.945568+00:00,1284099,001,631,4,0,1791598964,,,SCHEDULED
2026-10-10T02:13:33.945568+00:00,1284099,001,632,5,0,1791598993,,,SCHEDULED
2026-10-10T02:13:33.945568+00:00,1284099,001,634,6,0,1791599064,,,SCHEDULED
2026-10-10T02:13:33.945568+00:00,1284099,001,635,7,0,1791599135,,,SCHEDULED
2026-10-10T02:13:33.945568+00:00,1284099,001,636,8,0,1791599215,,,SCHEDULED
2026-10-10T02:13:33.945568+00:00,1284099,001,637,9,0,1791599251,,,SCHEDULED
2026-10-10T02:13:33.945568+00:00,1284099,001,638,10,0,1791599295,,,SCHEDULED
2026-10-10T02:13:33.945568+00:00,1284099,001,639,11,0,1791599340,,,SCHEDULED
2026-10-10T02:13:33.945568+00:00,1284099,001,640,12,0,1791599392,,,SCHEDULED
2026-10-10T02:13:33.945568+00:00,1284099,001,641,13,0,1791599434,,,SCHEDULED
2026-10-10T02:13:33.945568+00:00,1284099,001,642,14,0,1791599521,,,SCHEDULED
2026-10-10T02:13:33.945568+00:00,1284099,001,643,15,0,1791599566,,,SCHEDULED
2026-10-10T02:13:33.945568+00:00,1284099,001,644,16,0,1791599608,,,SCHEDULED
2026-10-10T02:13:33.945568+00:00,1284099,001,645,17,0,1791599655,,,SCHEDULED
2026-10-10T02:13:33.945568+00:00,1284099,001,646,18,0,1791599687,,,SCHEDULED
2026-10-10T02:13:33.945568+00:00,1284099,001,647,19,0,1791599750,,,SCHEDULED
2026-10-10T02:13:33.945568+00:00,1284099,001,648,20,0,1791599816,,,SCHEDULED
2026-10-10T02:13:33.945568+00:00,1284099,001,649,21,0,1791599866,,,SCHEDULED
2026-10-10T02:13:33.945568+00:00,1284099,001,5351,22,0,1791599884,,,SCHEDULED
2026-10-10T02:13:33.945568+00:00,1284099,001,1308,23,0,1791599940,,,SCHEDULED
2026-10-10T02:13:33.945568+00:00,1284099,001,1309,24,0,1791599997,,,SCHEDULED
2026-10-10T02:13:33.945568+00:00,1284099,001,1310,25,0,1791600077,,,SCHEDULED
2026-10-10T02:13:33.945568+00:00,1284099,001,1311,26,0,1791600138,,,SCHEDULED
2026-10-10T02:13:33.945568+00:00,1287920,088,413,23,0,1791598427,,,SCHEDULED
2026-10-10T02:13:33.945568+00:00,1287920,088,414,24,0,1791598510,,,SCHEDULED
2026-10-10T02:13:33.945568+00:00,1287920,088,415,25,0,1791598561,,,SCHEDULED
2026-10-10T02:13:33.945568+00:00,1287920,088,416,26,0,1791598595,,,SCHEDULED
2026-10-10T02:13:33.945568+00:00,1286314,061,1860,2,0,1791598504,,,SCHEDULED
2026-10-10T02:13:33.945568+00:00,1286314,061,1861,3,0,1791598570,,,SCHEDULED
2026-10-10T02:13:33.945568+00:00,1286314,061,1862,4,0,1791598623,,,SCHEDULED
2026-10-10T02:13:33.945568+00:00,1286314,061,1863,5,0,1791598680,,,SCHEDULED
2026-10-10T02:13:33.945568+00:00,1286314,061,1864,6,0,1791598779,,,SCHEDULED
2026-10-10T02:13:33.945568+00:00,1286314,061,1865,7,0,1791598789,,,SCHEDULED
2026-10-10T02:13:33.945568+00:00,1286314,061,1866,8,0,1791598818,,,SCHEDULED
2026-10-10T02:13:33.945568+00:00,1286314,061,1867,9,0,1791598864,,,SCHEDULED
2026-10-10T02:13:33.945568+00:00,1286314,061,1868,10,0,1791598907,,,SCHEDULED
2026-10-10T02:13:33.945568+00:00,1286314,061,1870,11,0,1791598976,,,SCHEDULED
2026-10-10T02:13:33.945568+00:00,1286314,061,1871,12,0,1791599016,,,SCHEDULED
2026-10-10T02:13:33.945568+00:00,1286314,061,1872,13,0,1791599031,,,SCHEDULED
2026-10-10T02:13:33.945568+00:00,1286314,061,1873,14,0,1791599055,,,SCHEDULED
2026-10-10T02:13:33.945568+00:00,1286314,061,1874,15,0,1791599119,,,SCHEDULED
2026-10-10T02:13:33.945568+00:00,1286314,061,1875,16,0,1791599197,,,SCHEDULED
2026-10-10T02:13:33.945568+00:00,1286314,061,1876,17,0,1791599246,,,SCHEDULED
2026-10-10T02:13:33.945568+00:00,1286314,061,1877,18,0,1791599267,,,SCHEDULED
2026-10-10T02:13:33.945568+00:00,1286314,061,1878,19,0,1791599343,,,SCHEDULED
2026-10-10T02:13:33.945568+00:00,1286314,061,1879,20,0,1791599360,,,SCHEDULED
2026-10-10T02:13:33.945568+00:00,1286314,061,2201,21,0,1791599397,,,SCHEDULED
2026-10-10T02:13:33.945568+00:00,1286314,061,2202,22,0,1791599446,,,SCHEDULED
2026-10-10T02:13:33.945568+00:00,1286314,061,2203,23,0,1791599482,,,SCHEDULED
2026-10-10T02:13:33.945568+00:00,1286314,061,2204,24,0,1791599505,,,SCHEDULED
2026-10-10T02:13:33.945568+00:00,1286314,061,2205,25,0,1791599531,,,SCHEDULED
2026-10-10T02:13:33.945568+00:00,1286314,061,2206,26,0,1791599547,,,SCHEDULED
2026-10-10T02:13:33.945568+00:00,1286314,061,2200,27,0,1791599566,,,SCHEDULED
2026-10-10T02:13:33.945568+00:00,1286314,061,2207,28,0,1791599629,,,SCHEDULED
2026-10-10T02:13:33.945568+00:00,1286314,061,2208,29,0,1791599652,,,SCHEDULED
2026-10-10T02:13:33.945568+00:00,1286314,061,2209,30,0,1791599671,,,SCHEDULED
2026-10-10T02:13:33.945568+00:00,1286314,061,2210,31,0,1791599695,,,SCHEDULED
2026-10-10T02:13:33.945568+00:00,1286314,061,2211,32,0,1791599716,,,SCHEDULED
2026-10-10T02:13:33.945568+00:00,1286314,061,2212,33,0,1791599729,,,SCHEDULED
2026-10-10T02:13:33.945568+00:00,1286314,061,2213,34,0,1791599754,,,SCHEDULED
2026-10-10T02:13:33.945568+00:00,1286314,061,2214,35,0,1791599830,,,SCHEDULED
2026-10-10T02:13:33.945568+00:00,1286314,061,2215,36,0,1791599922,,,SCHEDULED
2026-10-10T02:13:33.945568+00:00,1286314,061,2216,37,0,1791599964,,,SCHEDULED
2026-10-10T02:13:33.945568+00:00,1286314,061,2217,38,0,1791600021,,,SCHEDULED
2026-10-10T02:13:33.945568+00:00,1284930,019,1212,19,0,1791598467,,,SCHEDULED
2026-10-10T02:13:33.945568+00:00,1284930,019,804,20,0,1791598713,,,SCHEDULED
2026-10-10T02:13:33.945568+00:00,1284930,019,805,21,0,1791598732,,,SCHEDULED
2026-10-10T02:13:33.945568+00:00,1284930,019,806,22,0,1791598756,,,SCHEDULED
2026-10-10T02:13:33.945568+00:00,1284930,019,661,23,0,1791598842,,,SCHEDULED
2026-10-10T02:13:33.945568+00:00,1284930,019,4863,24,0,1791598886,,,SCHEDULED
2026-10-10T02:13:33.945568+00:00,1284930,019,5368,25,0,1791598909,,,SCHEDULED
2026-10-10T02:13:33.945568+00:00,1284930,019,810,26,0,1791599016,,,SCHEDULED
2026-10-10T02:13:33.945568+00:00,1284930,019,811,27,0,1791599073,,,SCHEDULED
2026-10-10T02:13:33.945568+00:00,1284930,019,812,28,0,1791599209,,,SCHEDULED
2026-10-10T02:13:33.945568+00:00,1284930,019,813,29,0,1791599277,,,SCHEDULED
2026-10-10T02:13:33.945568+00:00,1284930,019,814,30,0,1791599313,,,SCHEDULED
2026-10-10T02:13:33.945568+00:00,1284930,019,815,31,0,1791599332,,,SCHEDULED
2026-10-10T02:13:33.945568+00:00,1284930,019,5347,32,0,1791599390,,,SCHEDULED
2026-10-10T02:13:33.945568+00:00,1284930,019,824,33,0,1791599451,,,SCHEDULED
2026-10-10T02:13:33.945568+00:00,1284930,019,825,34,0,1791599479,,,SCHEDULED
2026-10-10T02:13:33.945568+00:00,1284930,019,826,35,0,1791599517,,,SCHEDULED
2026-10-10T02:13:33.945568+00:00,1284930,019,827,36,0,1791599544,,,SCHEDULED
2026-10-10T02:13:33.945568+00:00,1284930,019,5242,37,0,1791599589,,,SCHEDULED
2026-10-10T02:13:33.945568+00:00,1284930,019,829,38,0,1791599630,,,SCHEDULED
2026-10-10T02:13:33.945568+00:00,1284930,019,5271,39,0,1791599739,,,SCHEDULED
2026-10-10T02:13:33.945568+00:00,1286439,062,4140,1,,,0,1791598448,SCHEDULED
2026-10-10T02:13:33.945568+00:00,1286439,062,4141,2,0,1791598482,,,SCHEDULED
2026-10-10T02:13:33.945568+00:00,1286439,062,4142,3,0,1791598526,,,SCHEDULED
2026-10-10T02:13:33.945568+00:00,1286439,062,4143,4,0,1791598613,,,SCHEDULED
2026-10-10T02:13:33.945568+00:00,1286439,062,5251,5,0,1791598672,,,SCHEDULED
2026-10-10T02:13:33.945568+00:00,1286439,062,4144,6,0,1791598691,,,SCHEDULED
2026-10-10T02:13:33.945568+00:00,1286439,062,4145,7,0,1791598701,,,SCHEDULED
2026-10-10T02:13:33.945568+00:00,1286439,062,4146,8,0,1791598722,,,SCHEDULED
2026-10-10T02:13:33.945568+00:00,1286439,062,506,9,0,1791598776,,,SCHEDULED
2026-10-10T02:13:33.945568+00:00,1286439,062,507,10,0,1791598783,,,SCHEDULED
2026-10-10T02:13:33.945568+00:00,1286439,062,508,11,0,1791598855,,,SCHEDULED
2026-10-10T02:13:33.945568+00:00,1286439,062,509,12,0,1791598880,,,SCHEDULED
2026-10-10T02:13:33.945568+00:00,1286439,062,510,13,0,1791598906,,,SCHEDULED
2026-10-10T02:13:33.945568+00:00,1286439,062,511,14,0,1791598937,,,SCHEDULED
2026-10-10T02:13:33.945568+00:00,1286439,062,513,15,0,1791599007,,,SCHEDULED
2026-10-10T02:13:33.945568+00:00,1286439,062,514,16,0,1791599062,,,SCHEDULED
2026-10-10T02:13:33.945568+00:00,1286439,062,515,17,0,1791599087,,,SCHEDULED
2026-10-10T02:13:33.945568+00:00,1286439,062,516,18,0,1791599112,,,SCHEDULED
2026-10-10T02:13:33.945568+00:00,1286439,062,517,19,0,1791599126,,,SCHEDULED
2026-10-10T02:13:33.945568+00:00,1286439,062,518,20,0,1791599167,,,SCHEDULED
2026-10-10T02:13:33.945568+00:00,1286439,062,2331,21,0,1791599195,,,SCHEDULED
2026-10-10T02:13:33.945568+00:00,1286439,062,2332,22,0,1791599224,,,SCHEDULED
2026-10-10T02:13:33.945568+00:00,1286439,062,2333,23,0,1791599252,,,SCHEDULED
2026-10-10T02:13:33.945568+00:00,1286439,062,2334,24,0,1791599273,,,SCHEDULED
2026-10-10T02:13:33.945568+00:00,1286439,062,2335,25,0,1791599290,,,SCHEDULED
2026-10-10T02:13:33.945568+00:00,1286439,062,1352,26,0,1791599312,,,SCHEDULED
2026-10-10T02:13:33.945568+00:00,1286439,062,2337,27,0,1791599356,,,SCHEDULED
2026-10-10T02:13:33.945568+00:00,1286439,062,2338,28,0,1791599580,,,SCHEDULED
2026-10-10T02:13:33.945568+00:00,1286439,062,2339,29,0,1791599628,,,SCHEDULED
2026-10-10T02:13:33.945568+00:00,1286439,062,2341,30,0,1791599638,,,SCHEDULED
2026-10-10T02:13:33.945568+00:00,1286439,062,2342,31,0,1791599704,,,SCHEDULED
2026-10-10T02:13:33.945568+00:00,1286439,062,2229,32,0,1791599760,,,SCHEDULED
2026-10-10T02:13:33.945568+00:00,1286439,062,2230,33,0,1791599846,,,SCHEDULED
2026-10-10T02:13:33.945568+00:00,1286439,062,2231,34,0,1791599910,,,SCHEDULED
2026-10-10T02:13:33.945568+00:00,1286439,062,2232,35,0,1791599994,,,SCHEDULED
2026-10-10T02:13:33.945568+00:00,1286439,062,2233,36,0,1791600077,,,SCHEDULED
2026-10-10T02:13:33.945568+00:00,1286439,062,2234,37,0,1791600104,,,SCHEDULED
2026-10-10T02:13:33.945568+00:00,1286439,062,2235,38,0,1791600110,,,SCHEDULED
2026-10-10T02:13:33.945568+00:00,1286439,062,2236,39,0,1791600174,,,SCHEDULED
2026-10-10T02:13:33.945568+00:00,1285589,030,415,3,0,1791598440,,,SCHEDULED
2026-10-10T02:13:33.945568+00:00,1285589,030,416,4,0,1791598467,,,SCHEDULED
2026-10-10T02:13:33.945568+00:00,1285589,030,418,5,0,1791598521,,,SCHEDULED
2026-10-10T02:13:33.945568+00:00,1285589,030,4763,6,0,1791598582,,,SCHEDULED
2026-10-10T02:13:33.945568+00:00,1285589,030,1716,7,0,1791598626,,,SCHEDULED
2026-10-10T02:13:33.945568+00:00,1285589,030,1717,8,0,1791598660,,,SCHEDULED
2026-10-10T02:13:33.945568+00:00,1285589,030,1718,9,0,1791598715,,,SCHEDULED
2026-10-10T02:13:33.945568+00:00,1285589,030,1720,10,0,1791598796,,,SCHEDULED
2026-10-10T02:13:33.945568+00:00,1285589,030,1721,11,0,1791598905,,,SCHEDULED
2026-10-10T02:13:33.945568+00:00,1285589,030,1722,12,0,1791598959,,,SCHEDULED
2026-10-10T02:13:33.945568+00:00,1285589,030,1723,13,0,1791598980,,,SCHEDULED
2026-10-10T02:13:33.945568+00:00,1285589,030,1725,14,0,1791599040,,,SCHEDULED
2026-10-10T02:13:33.945568+00:00,1285589,030,1726,15,0,1791599081,,,SCHEDULED
2026-10-10T02:13:33.945568+00:00,1285589,030,1727,16,0,1791599122,,,SCHEDULED
2026-10-10T02:13:33.945568+00:00,1285589,030,1728,17,0,1791599166,,,SCHEDULED
2026-10-10T02:13:33.945568+00:00,1285589,030,1729,18,0,1791599220,,,SCHEDULED
2026-10-10T02:13:33.945568+00:00,1285589,030,1730,19,0,1791599246,,,SCHEDULED
2026-10-10T02:13:33.945568+00:00,1285589,030,1732,20,0,1791599279,,,SCHEDULED
2026-10-10T02:13:33.945568+00:00,1285589,030,1734,21,0,1791599329,,,SCHEDULED
2026-10-10T02:13:33.945568+00:00,1285589,030,1735,22,0,1791599346,,,SCHEDULED
2026-10-10T02:13:33.945568+00:00,1285589,030,1736,23,0,1791599367,,,SCHEDULED
2026-10-10T02:13:33.945568+00:00,1285589,030,1737,24,0,1791599389,,,SCHEDULED
2026-10-10T02:13:33.945568+00:00,1285589,030,1739,25,0,1791599446,,,SCHEDULED
2026-10-10T02:13:33.945568+00:00,1286315,061,2220,40,0,1791598291,,,SCHEDULED
2026-10-10T02:13:33.945568+00:00,1286315,061,2221,41,0,1791598445,,,SCHEDULED
2026-10-10T02:13:33.945568+00:00,1286315,061,2222,42,0,1791598473,,,SCHEDULED
2026-10-10T02:13:33.945568+00:00,1286315,061,2223,43,0,1791598512,,,SCHEDULED
2026-10-10T02:13:33.945568+00:00,1286315,061,6107,44,0,1791598535,,,SCHEDULED
2026-10-10T02:13:33.945568+00:00,1286315,061,2224,45,0,1791598636,,,SCHEDULED
2026-10-10T02:13:33.945568+00:00,1286315,061,2225,46,0,1791598663,,,SCHEDULED
2026-10-10T02:13:33.945568+00:00,1286315,061,2226,47,0,1791598681,,,SCHEDULED
2026-10-10T02:13:33.945568+00:00,1286315,061,2227,48,0,1791598697,,,SCHEDULED
2026-10-10T02:13:33.945568+00:00,1286315,061,2228,49,0,1791598714,,,SCHEDULED
2026-10-10T02:13:33.945568+00:00,1286315,061,6100,50,0,1791598772,,,SCHEDULED
2026-10-10T02:13:33.945568+00:00,1286315,061,997,51,0,1791598907,,,SCHEDULED
2026-10-10T02:13:33.945568+00:00,1286315,061,998,52,0,1791598958,,,SCHEDULED
2026-10-10T02:13:33.945568+00:00,1286315,061,999,53,0,1791598998,,,SCHEDULED
2026-10-10T02:13:33.945568+00:00,1286315,061,249,54,0,1791599035,,,SCHEDULED
2026-10-10T02:13:33.945568+00:00,1286315,061,248,55,0,1791599094,,,SCHEDULED
2026-10-10T02:13:33.945568+00:00,1286315,061,250,56,0,1791599148,,,SCHEDULED
2026-10-10T02:13:33.945568+00:00,1286315,061,264,57,0,1791599252,,,SCHEDULED
2026-10-10T02:13:33.945568+00:00,1286315,061,263,58,0,1791599282,,,SCHEDULED
2026-10-10T02:13:33.945568+00:00,1286315,061,2180,59,0,1791599333,,,SCHEDULED
2026-10-10T02:13:33.945568+00:00,1286315,061,2181,60,0,1791599485,,,SCHEDULED
2026-10-10T02:13:33.945568+00:00,1286315,061,4395,61,0,1791599635,,,SCHEDULED
2026-10-10T02:13:33.945568+00:00,1286315,061,4396,62,0,1791599664,,,SCHEDULED
2026-10-10T02:13:33.945568+00:00,1286315,061,4397,63,0,1791599708,,,SCHEDULED
2026-10-10T02:13:33.945568+00:00,1286315,061,4398,64,0,1791599734,,,SCHEDULED
2026-10-10T02:13:33.945568+00:00,1286315,061,4391,65,0,1791599795,,,SCHEDULED
2026-10-10T02:13:33.945568+00:00,1286315,061,4399,66,0,1791599814,,,SCHEDULED
2026-10-10T02:13:33.945568+00:00,1286315,061,4392,67,0,1791599839,,,SCHEDULED
2026-10-10T02:13:33.945568+00:00,1284933,019,731,22,0,1791598474,,,SCHEDULED
2026-10-10T02:13:33.945568+00:00,1284933,019,732,23,0,1791598506,,,SCHEDULED
2026-10-10T02:13:33.945568+00:00,1284933,019,733,24,0,1791598527,,,SCHEDULED
2026-10-10T02:13:33.945568+00:00,1284933,019,734,25,0,1791598541,,,SCHEDULED
2026-10-10T02:13:33.945568+00:00,1284933,019,735,26,0,1791598568,,,SCHEDULED
2026-10-10T02:13:33.945568+00:00,1284933,019,736,27,0,1791598611,,,SCHEDULED
2026-10-10T02:13:33.945568+00:00,1284933,019,737,28,0,1791598629,,,SCHEDULED
2026-10-10T02:13:33.945568+00:00,1284933,019,738,29,0,1791598645,,,SCHEDULED
2026-10-10T02:13:33.945568+00:00,1284933,019,739,30,0,1791598664,,,SCHEDULED
2026-10-10T02:13:33.945568+00:00,1284933,019,740,31,0,1791598680,,,SCHEDULED
2026-10-10T02:13:33.945568+00:00,1284933,019,741,32,0,1791598709,,,SCHEDULED
2026-10-10T02:13:33.945568+00:00,1284933,019,1333,33,0,1791598863,,,SCHEDULED
2026-10-10T02:13:33.945568+00:00,1284933,019,3115,34,0,1791599400,,,SCHEDULED
2026-10-10T02:13:33.945568+00:00,1284933,019,3116,35,0,1791599426,,,SCHEDULED
2026-10-10T02:13:33.945568+00:00,1284933,019,3117,36,0,1791599446,,,SCHEDULED
2026-10-10T02:13:33.945568+00:00,1284933,019,3118,37,0,1791599480,,,SCHEDULED
2026-10-10T02:13:33.945568+00:00,1284933,019,3119,38,0,1791599497,,,SCHEDULED
2026-10-10T02:13:33.945568+00:00,1284933,019,3121,39,0,1791599538,,,SCHEDULED
2026-10-10T02:13:33.945568+00:00,1284933,019,3122,40,0,1791599571,,,SCHEDULED
2026-10-10T02:13:33.945568+00:00,1284933,019,3123,41,0,1791599618,,,SCHEDULED
2026-10-10T02:13:33.945568+00:00,1284933,019,3124,42,0,1791599661,,,SCHEDULED
2026-10-10T02:13:33.945568+00:00,1284933,019,3125,43,0,1791599694,,,SCHEDULED
2026-10-10T02:13:33.945568+00:00,1284933,019,3696,44,0,1791599771,,,SCHEDULED
2026-10-10T02:13:33.945568+00:00,1287408,082,274,2,0,1791598678,,,SCHEDULED
2026-10-10T02:13:33.945568+00:00,1287408,082,275,3,0,1791599040,,,SCHEDULED
2026-10-10T02:13:33.945568+00:00,1287408,082,3893,4,0,1791599263,,,SCHEDULED
2026-10-10T02:13:33.945568+00:00,1287408,082,3894,5,0,1791599358,,,SCHEDULED
2026-10-10T02:13:33.945568+00:00,1287408,082,3895,6,0,1791599410,,,SCHEDULED
2026-10-10T02:13:33.945568+00:00,1287408,082,1662,7,0,1791599477,,,SCHEDULED
2026-10-10T02:13:33.945568+00:00,1287408,082,1663,8,0,1791599526,,,SCHEDULED
2026-10-10T02:13:33.945568+00:00,1287408,082,1664,9,0,1791599566,,,SCHEDULED
2026-10-10T02:13:33.945568+00:00,1287408,082,1665,10,0,1791599612,,,SCHEDULED
2026-10-10T02:13:33.945568+00:00,1287408,082,1666,11,0,1791599639,,,SCHEDULED
2026-10-10T02:13:33.945568+00:00,1287408,082,1668,12,0,1791599716,,,SCHEDULED
2026-10-10T02:13:33.945568+00:00,1287408,082,1669,13,0,1791599783,,,SCHEDULED
2026-10-10T02:13:33.945568+00:00,1287408,082,1670,14,0,1791599835,,,SCHEDULED
2026-10-10T02:13:33.945568+00:00,1287408,082,1671,15,0,1791599905,,,SCHEDULED
2026-10-10T02:13:33.945568+00:00,1287408,082,1672,16,0,1791599957,,,SCHEDULED
2026-10-10T02:13:33.945568+00:00,1287408,082,1673,17,0,1791599994,,,SCHEDULED
2026-10-10T02:13:33.945568+00:00,1287408,082,1674,18,0,1791600025,,,SCHEDULED
2026-10-10T02:13:33.945568+00:00,1287408,082,1675,19,0,1791600067,,,SCHEDULED
2026-10-10T02:13:33.945568+00:00,1287408,082,1677,20,0,1791600120,,,SCHEDULED
2026-10-10T02:13:33.945568+00:00,1287408,082,1127,21,0,1791600161,,,SCHEDULED
2026-10-10T02:13:33.945568+00:00,1287409,082,1128,22,0,1791598334,,,SCHEDULED
2026-10-10T02:13:33.945568+00:00,1287409,082,1129,23,0,1791598361,,,SCHEDULED
2026-10-10T02:13:33.945568+00:00,1287409,082,1130,24,0,1791598369,,,SCHEDULED
2026-10-10T02:13:33.945568+00:00,1287409,082,1131,25,0,1791598409,,,SCHEDULED
2026-10-10T02:13:33.945568+00:00,1287409,082,3089,26,0,1791598535,,,SCHEDULED
2026-10-10T02:13:33.945568+00:00,1287409,082,3090,27,0,1791598604,,,SCHEDULED
2026-10-10T02:13:33.945568+00:00,1287409,082,3091,28,0,1791598762,,,SCHEDULED
2026-10-10T02:13:33.945568+00:00,1287409,082,3092,29,0,1791598818,,,SCHEDULED
2026-10-10T02:13:33.945568+00:00,1287409,082,3093,30,0,1791598872,,,SCHEDULED
2026-10-10T02:13:33.945568+00:00,1287409,082,3094,31,0,1791598900,,,SCHEDULED
2026-10-10T02:13:33.945568+00:00,1287409,082,1421,32,0,1791598968,,,SCHEDULED
2026-10-10T02:13:33.945568+00:00,1287409,082,1422,33,0,1791599011,,,SCHEDULED
2026-10-10T02:13:33.945568+00:00,1287409,082,1423,34,0,1791599062,,,SCHEDULED
2026-10-10T02:13:33.945568+00:00,1287409,082,1424,35,0,1791599101,,,SCHEDULED
2026-10-10T02:13:33.945568+00:00,1287409,082,1425,36,0,1791599134,,,SCHEDULED
2026-10-10T02:13:33.945568+00:00,1287409,082,1427,37,0,1791599197,,,SCHEDULED
2026-10-10T02:13:33.945568+00:00,1287409,082,1428,38,0,1791599277,,,SCHEDULED
2026-10-10T02:13:33.945568+00:00,1287409,082,9939,39,0,1791599352,,,SCHEDULED
2026-10-10T02:13:33.945568+00:00,1287409,082,1444,40,0,1791599448,,,SCHEDULED
2026-10-10T02:13:33.945568+00:00,1287409,082,1445,41,0,1791599484,,,SCHEDULED
2026-10-10T02:13:33.945568+00:00,1287409,082,1446,42,0,1791599510,,,SCHEDULED
2026-10-10T02:13:33.945568+00:00,1287409,082,563,43,0,1791599704,,,SCHEDULED
2026-10-10T02:13:33.945568+00:00,1287409,082,565,44,0,1791599750,,,SCHEDULED
2026-10-10T02:13:33.945568+00:00,1287409,082,1438,45,0,1791599868,,,SCHEDULED
2026-10-10T02:13:33.945568+00:00,1287409,082,1439,46,0,1791599891,,,SCHEDULED
2026-10-10T02:13:33.945568+00:00,1284807,015,545,2,0,1791598411,,,SCHEDULED
2026-10-10T02:13:33.945568+00:00,1284807,015,547,3,0,1791598455,,,SCHEDULED
2026-10-10T02:13:33.945568+00:00,1284807,015,548,4,0,1791598535,,,SCHEDULED
2026-10-10T02:13:33.945568+00:00,1284807,015,549,5,0,1791598564,,,SCHEDULED
2026-10-10T02:13:33.945568+00:00,1284807,015,960,6,0,1791598602,,,SCHEDULED
2026-10-10T02:13:33.945568+00:00,1284807,015,961,7,0,1791598632,,,SCHEDULED
2026-10-10T02:13:33.945568+00:00,1284807,015,962,8,0,1791598667,,,SCHEDULED
2026-10-10T02:13:33.945568+00:00,1284807,015,963,9,0,1791598716,,,SCHEDULED
2026-10-10T02:13:33.945568+00:00,1284807,015,964,10,0,1791598748,,,SCHEDULED
2026-10-10T02:13:33.945568+00:00,1284807,015,965,11,0,1791598777,,,SCHEDULED
2026-10-10T02:13:33.945568+00:00,1284807,015,966,12,0,1791598847,,,SCHEDULED
2026-10-10T02:13:33.945568+00:00,1284807,015,967,13,0,1791598874,,,SCHEDULED
2026-10-10T02:13:33.945568+00:00,1284807,015,968,14,0,1791598905,,,SCHEDULED
2026-10-10T02:13:33.945568+00:00,1284807,015,969,15,0,1791598953,,,SCHEDULED
2026-10-10T02:13:33.945568+00:00,1284807,015,836,16,0,1791598988,,,SCHEDULED
2026-10-10T02:13:33.945568+00:00,1284807,015,838,17,0,1791599033,,,SCHEDULED
2026-10-10T02:13:33.945568+00:00,1284807,015,839,18,0,1791599067,,,SCHEDULED
2026-10-10T02:13:33.945568+00:00,1284807,015,840,19,0,1791599108,,,SCHEDULED
2026-10-10T02:13:33.945568+00:00,1284807,015,841,20,0,1791599163,,,SCHEDULED
2026-10-10T02:13:33.945568+00:00,1284807,015,842,21,0,1791599239,,,SCHEDULED
2026-10-10T02:13:33.945568+00:00,1284807,015,843,22,0,1791599272,,,SCHEDULED
2026-10-10T02:13:33.945568+00:00,1284807,015,845,23,0,1791599338,,,SCHEDULED
2026-10-10T02:13:33.945568+00:00,1284807,015,846,24,0,1791599352,,,SCHEDULED
2026-10-10T02:13:33.945568+00:00,1284807,015,847,25,0,1791599386,,,SCHEDULED
2026-10-10T02:13:33.945568+00:00,1284807,015,848,26,0,1791599410,,,SCHEDULED
2026-10-10T02:13:33.945568+00:00,1284807,015,3098,27,0,1791599560,,,SCHEDULED
2026-10-10T02:13:33.945568+00:00,1284093,001,639,11,0,1791598379,,,SCHEDULED
2026-10-10T02:13:33.945568+00:00,1284093,001,640,12,0,1791598501,,,SCHEDULED
2026-10-10T02:13:33.945568+00:00,1284093,001,641,13,0,1791598561,,,SCHEDULED
2026-10-10T02:13:33.945568+00:00,1284093,001,642,14,0,1791598672,,,SCHEDULED
2026-10-10T02:13:33.945568+00:00,1284093,001,643,15,0,1791598716,,,SCHEDULED
2026-10-10T02:13:33.945568+00:00,1284093,001,644,16,0,1791598749,,,SCHEDULED
2026-10-10T02:13:33.945568+00:00,1284093,001,645,17,0,1791598780,,,SCHEDULED
2026-10-10T02:13:33.945568+00:00,1284093,001,646,18,0,1791598819,,,SCHEDULED
2026-10-10T02:13:33.945568+00:00,1284093,001,647,19,0,1791598864,,,SCHEDULED
2026-10-10T02:13:33.945568+00:00,1284093,001,648,20,0,1791598916,,,SCHEDULED
2026-10-10T02:13:33.945568+00:00,1284093,001,649,21,0,1791598951,,,SCHEDULED
2026-10-10T02:13:33.945568+00:00,1284093,001,5351,22,0,1791598966,,,SCHEDULED
2026-10-10T02:13:33.945568+00:00,1284093,001,1308,23,0,1791599030,,,SCHEDULED
2026-10-10T02:13:33.945568+00:00,1284093,001,1309,24,0,1791599106,,,SCHEDULED
2026-10-10T02:13:33.945568+00:00,1284093,001,1310,25,0,1791599192,,,SCHEDULED
2026-10-10T02:13:33.945568+00:00,1284093,001,1311,26,0,1791599215,,,SCHEDULED
2026-10-10T02:13:33.945568+00:00,1284093,001,5363,27,0,1791599269,,,SCHEDULED
2026-10-10T02:13:33.945568+00:00,1284093,001,1313,28,0,1791599292,,,SCHEDULED
2026-10-10T02:13:33.945568+00:00,1284093,001,1314,29,0,1791599388,,,SCHEDULED
2026-10-10T02:13:33.945568+00:00,1284093,001,1315,30,0,1791599472,,,SCHEDULED
2026-10-10T02:13:33.945568+00:00,1284093,001,1316,31,0,1791599506,,,SCHEDULED
2026-10-10T02:13:33.945568+00:00,1284093,001,1317,32,0,1791599527,,,SCHEDULED
2026-10-10T02:13:33.945568+00:00,1284093,001,1318,33,0,1791599601,,,SCHEDULED
2026-10-10T02:13:33.945568+00:00,1284093,001,2807,34,0,1791599740,,,SCHEDULED
2026-10-10T02:13:33.945568+00:00,1285060,021,319,1,,,0,1791599387,SCHEDULED
2026-10-10T02:13:33.945568+00:00,1285060,021,2770,2,0,1791599566,,,SCHEDULED
2026-10-10T02:13:33.945568+00:00,1285060,021,2771,3,0,1791599645,,,SCHEDULED
2026-10-10T02:13:33.945568+00:00,1285060,021,2772,4,0,1791599694,,,SCHEDULED
2026-10-10T02:13:33.945568+00:00,1285060,021,2773,5,0,1791599729,,,SCHEDULED
2026-10-10T02:13:33.945568+00:00,1285060,021,2774,6,0,1791599793,,,SCHEDULED
2026-10-10T02:13:33.945568+00:00,1285060,021,2775,7,0,1791599829,,,SCHEDULED
2026-10-10T02:13:33.945568+00:00,1285060,021,2776,8,0,1791599868,,,SCHEDULED
2026-10-10T02:13:33.945568+00:00,1285060,021,2777,9,0,1791599920,,,SCHEDULED
2026-10-10T02:13:33.945568+00:00,1285060,021,2778,10,0,1791599977,,,SCHEDULED
2026-10-10T02:13:33.945568+00:00,1285060,021,2779,11,0,1791600004,,,SCHEDULED
2026-10-10T02:13:33.945568+00:00,1285060,021,2780,12,0,1791600035,,,SCHEDULED
2026-10-10T02:13:33.945568+00:00,1285060,021,2781,13,0,1791600095,,,SCHEDULED
2026-10-10T02:13:33.945568+00:00,1285060,021,2782,14,0,1791600173,,,SCHEDULED
2026-10-10T02:13:33.945568+00:00,1284092,001,1801,1,,,0,1791599711,SCHEDULED
2026-10-10T02:13:33.945568+00:00,1284092,001,3073,2,0,1791599727,,,SCHEDULED
2026-10-10T02:13:33.945568+00:00,1284092,001,630,3,0,1791599908,,,SCHEDULED
2026-10-10T02:13:33.945568+00:00,1284092,001,631,4,0,1791599957,,,SCHEDULED
2026-10-10T02:13:33.945568+00:00,1284092,001,632,5,0,1791599982,,,SCHEDULED
2026-10-10T02:13:33.945568+00:00,1284092,001,634,6,0,1791600029,,,SCHEDULED
2026-10-10T02:13:33.945568+00:00,1284092,001,635,7,0,1791600100,,,SCHEDULED
2026-10-10T02:13:33.945568+00:00,1284092,001,636,8,0,1791600159,,,SCHEDULED
2026-10-10T02:13:33.945568+00:00,1284092,001,637,9,0,1791600194,,,SCHEDULED
2026-10-10T02:13:33.945568+00:00,1288053,093,1069,1,,,0,1791599952,SCHEDULED
2026-10-10T02:13:33.945568+00:00,1288053,093,3332,2,0,1791599972,,,SCHEDULED
2026-10-10T02:13:33.945568+00:00,1288053,093,3333,3,0,1791600017,,,SCHEDULED
2026-10-10T02:13:33.945568+00:00,1288053,093,3334,4,0,1791600054,,,SCHEDULED
2026-10-10T02:13:33.945568+00:00,1288053,093,3335,5,0,1791600096,,,SCHEDULED
2026-10-10T02:13:33.945568+00:00,1288053,093,4655,6,0,1791600128,,,SCHEDULED
2026-10-10T02:13:33.945568+00:00,1288053,093,875,7,0,1791600203,,,SCHEDULED
2026-10-10T02:13:33.945568+00:00,1287651,086,849,7,0,1791598430,,,SCHEDULED
2026-10-10T02:13:33.945568+00:00,1287651,086,850,8,0,1791598482,,,SCHEDULED
2026-10-10T02:13:33.945568+00:00,1287651,086,851,9,0,1791598550,,,SCHEDULED
2026-10-10T02:13:33.945568+00:00,1287651,086,852,10,0,1791598568,,,SCHEDULED
2026-10-10T02:13:33.945568+00:00,1287651,086,853,11,0,1791598587,,,SCHEDULED
2026-10-10T02:13:33.945568+00:00,1287651,086,854,12,0,1791598642,,,SCHEDULED
2026-10-10T02:13:33.945568+00:00,1287651,086,855,13,0,1791598666,,,SCHEDULED
2026-10-10T02:13:33.945568+00:00,1287651,086,856,14,0,1791598703,,,SCHEDULED
2026-10-10T02:13:33.945568+00:00,1287651,086,813,15,0,1791598778,,,SCHEDULED
2026-10-10T02:13:33.945568+00:00,1287651,086,814,16,0,1791598839,,,SCHEDULED
2026-10-10T02:13:33.945568+00:00,1287651,086,815,17,0,1791598859,,,SCHEDULED
2026-10-10T02:13:33.945568+00:00,1287651,086,701,18,0,1791598918,,,SCHEDULED
2026-10-10T02:13:33.945568+00:00,1287651,086,702,19,0,1791598942,,,SCHEDULED
2026-10-10T02:13:33.945568+00:00,1287651,086,3240,20,0,1791599051,,,SCHEDULED
2026-10-10T02:13:33.945568+00:00,1287651,086,3241,21,0,1791599089,,,SCHEDULED
2026-10-10T02:13:33.945568+00:00,1287651,086,3242,22,0,1791599106,,,SCHEDULED
2026-10-10T02:13:33.945568+00:00,1287651,086,3243,23,0,1791599153,,,SCHEDULED
2026-10-10T02:13:33.945568+00:00,1287651,086,3244,24,0,1791599174,,,SCHEDULED
2026-10-10T02:13:33.945568+00:00,1287651,086,3246,25,0,1791599234,,,SCHEDULED
2026-10-10T02:13:33.945568+00:00,1287651,086,3247,26,0,1791599329,,,SCHEDULED
2026-10-10T02:13:33.945568+00:00,1287651,086,3248,27,0,1791599378,,,SCHEDULED
2026-10-10T02:13:33.945568+00:00,1287651,086,3249,28,0,1791599440,,,SCHEDULED
2026-10-10T02:13:33.945568+00:00,1287651,086,3250,29,0,1791599477,,,SCHEDULED
2026-10-10T02:13:33.945568+00:00,1287651,086,3251,30,0,1791599490,,,SCHEDULED
2026-10-10T02:13:33.945568+00:00,1287651,086,3252,31,0,1791599534,,,SCHEDULED
2026-10-10T02:13:33.945568+00:00,1287651,086,3253,32,0,1791599568,,,SCHEDULED
2026-10-10T02:13:33.945568+00:00,1287651,086,3254,33,0,1791599606,,,SCHEDULED
2026-10-10T02:13:33.945568+00:00,1287651,086,3255,34,0,1791599644,,,SCHEDULED
2026-10-10T02:13:33.945568+00:00,1287651,086,3256,35,0,1791599726,,,SCHEDULED
2026-10-10T02:13:33.945568+00:00,1287651,086,3257,36,0,1791599764,,,SCHEDULED
2026-10-10T02:13:33.945568+00:00,1287651,086,3259,37,0,1791599821,,,SCHEDULED
2026-10-10T02:13:33.945568+00:00,1284384,011,605,35,0,1791598612,,,SCHEDULED
2026-10-10T02:13:33.945568+00:00,1284384,011,606,36,0,1791598689,,,SCHEDULED
2026-10-10T02:13:33.945568+00:00,1284384,011,608,37,0,1791598728,,,SCHEDULED
2026-10-10T02:13:33.945568+00:00,1284384,011,607,38,0,1791598778,,,SCHEDULED
2026-10-10T02:13:33.945568+00:00,1284384,011,8922,39,0,1791599062,,,SCHEDULED
2026-10-10T02:13:33.945568+00:00,1284384,011,8923,40,0,1791599086,,,SCHEDULED
2026-10-10T02:13:33.945568+00:00,1284384,011,8924,41,0,1791599108,,,SCHEDULED
2026-10-10T02:13:33.945568+00:00,1284384,011,8925,42,0,1791599132,,,SCHEDULED
2026-10-10T02:13:33.945568+00:00,1284384,011,8926,43,0,1791599181,,,SCHEDULED
2026-10-10T02:13:33.945568+00:00,1284384,011,8927,44,0,1791599371,,,SCHEDULED
2026-10-10T02:13:33.945568+00:00,1284384,011,4710,45,0,1791599566,,,SCHEDULED
2026-10-10T02:13:33.945568+00:00,1284384,011,8928,46,0,1791599648,,,SCHEDULED
2026-10-10T02:13:33.945568+00:00,1284384,011,8929,47,0,1791599745,,,SCHEDULED
2026-10-10T02:13:33.945568+00:00,1284384,011,8930,48,0,1791599788,,,SCHEDULED
2026-10-10T02:13:33.945568+00:00,1284384,011,543,49,0,1791599834,,,SCHEDULED
2026-10-10T02:13:33.945568+00:00,1284384,011,5348,50,0,1791599970,,,SCHEDULED
2026-10-10T02:13:33.945568+00:00,1284384,011,5201,51,0,1791600023,,,SCHEDULED
2026-10-10T02:13:33.945568+00:00,1284780,015,574,2,0,1791598621,,,SCHEDULED
2026-10-10T02:13:33.945568+00:00,1284780,015,575,3,0,1791598642,,,SCHEDULED
2026-10-10T02:13:33.945568+00:00,1284780,015,576,4,0,1791598657,,,SCHEDULED
2026-10-10T02:13:33.945568+00:00,1284780,015,577,5,0,1791598674,,,SCHEDULED
2026-10-10T02:13:33.945568+00:00,1284780,015,579,6,0,1791598699,,,SCHEDULED
2026-10-10T02:13:33.945568+00:00,1284780,015,580,7,0,1791598721,,,SCHEDULED
2026-10-10T02:13:33.945568+00:00,1284780,015,849,8,0,1791598740,,,SCHEDULED
2026-10-10T02:13:33.945568+00:00,1284780,015,850,9,0,1791598769,,,SCHEDULED
2026-10-10T02:13:33.945568+00:00,1284780,015,851,10,0,1791598860,,,SCHEDULED
2026-10-10T02:13:33.945568+00:00,1284780,015,852,11,0,1791598887,,,SCHEDULED
2026-10-10T02:13:33.945568+00:00,1284780,015,853,12,0,1791598919,,,SCHEDULED
2026-10-10T02:13:33.945568+00:00,1284780,015,859,13,0,1791598949,,,SCHEDULED
2026-10-10T02:13:33.945568+00:00,1284780,015,860,14,0,1791599008,,,SCHEDULED
2026-10-10T02:13:33.945568+00:00,1284780,015,861,15,0,1791599046,,,SCHEDULED
2026-10-10T02:13:33.945568+00:00,1284780,015,862,16,0,1791599073,,,SCHEDULED
2026-10-10T02:13:33.945568+00:00,1284780,015,863,17,0,1791599146,,,SCHEDULED
2026-10-10T02:13:33.945568+00:00,1284780,015,864,18,0,1791599179,,,SCHEDULED
2026-10-10T02:13:33.945568+00:00,1284780,015,865,19,0,1791599217,,,SCHEDULED
2026-10-10T02:13:33.945568+00:00,1284780,015,866,20,0,1791599282,,,SCHEDULED
2026-10-10T02:13:33.945568+00:00,1284780,015,867,21,0,1791599314,,,SCHEDULED
2026-10-10T02:13:33.945568+00:00,1284780,015,593,22,0,1791599338,,,SCHEDULED
2026-10-10T02:13:33.945568+00:00,1284780,015,594,23,0,1791599394,,,SCHEDULED
2026-10-10T02:13:33.945568+00:00,1284780,015,595,24,0,1791599414,,,SCHEDULED
2026-10-10T02:13:33.945568+00:00,1284780,015,596,25,0,1791599479,,,SCHEDULED
2026-10-10T02:13:33.945568+00:00,1284780,015,284,26,0,1791599529,,,SCHEDULED
2026-10-10T02:13:33.945568+00:00,1287650,086,241,1,,,0,1791599820,SCHEDULED
2026-10-10T02:13:33.945568+00:00,1287650,086,558,2,0,1791599927,,,SCHEDULED
2026-10-10T02:13:33.945568+00:00,1287650,086,559,3,0,1791599994,,,SCHEDULED
2026-10-10T02:13:33.945568+00:00,1287650,086,560,4,0,1791600050,,,SCHEDULED
2026-10-10T02:13:33.945568+00:00,1287650,086,561,5,0,1791600072,,,SCHEDULED
2026-10-10T02:13:33.945568+00:00,1287650,086,562,6,0,1791600123,,,SCHEDULED
2026-10-10T02:13:33.945568+00:00,1286960,075,318,1,,,0,1791598602,SCHEDULED
2026-10-10T02:13:33.945568+00:00,1286960,075,4210,2,0,1791598817,,,SCHEDULED
2026-10-10T02:13:33.945568+00:00,1286960,075,1432,3,0,1791598898,,,SCHEDULED
2026-10-10T02:13:33.945568+00:00,1286960,075,1398,4,0,1791598968,,,SCHEDULED
2026-10-10T02:13:33.945568+00:00,1286960,075,3851,5,0,1791599007,,,SCHEDULED
2026-10-10T02:13:33.945568+00:00,1286960,075,1418,6,0,1791599086,,,SCHEDULED
2026-10-10T02:13:33.945568+00:00,1286960,075,1420,7,0,1791599220,,,SCHEDULED
2026-10-10T02:13:33.945568+00:00,1284388,011,4710,45,0,1791598593,,,SCHEDULED
2026-10-10T02:13:33.945568+00:00,1284388,011,8928,46,0,1791598658,,,SCHEDULED
2026-10-10T02:13:33.945568+00:00,1284388,011,8929,47,0,1791598761,,,SCHEDULED
2026-10-10T02:13:33.945568+00:00,1284388,011,8930,48,0,1791598810,,,SCHEDULED
2026-10-10T02:13:33.945568+00:00,1284388,011,543,49,0,1791598861,,,SCHEDULED
2026-10-10T02:13:33.945568+00:00,1284388,011,5348,50,0,1791598954,,,SCHEDULED
2026-10-10T02:13:33.945568+00:00,1284388,011,5201,51,0,1791599010,,,SCHEDULED
2026-10-10T02:13:33.945568+00:00,1284388,011,8900,52,0,1791599167,,,SCHEDULED
2026-10-10T02:13:33.945568+00:00,1284388,011,8901,53,0,1791599189,,,SCHEDULED
2026-10-10T02:13:33.945568+00:00,1284388,011,8902,54,0,1791599254,,,SCHEDULED
2026-10-10T02:13:33.945568+00:00,1284388,011,8903,55,0,1791599319,,,SCHEDULED
2026-10-10T02:13:33.945568+00:00,1284388,011,8904,56,0,1791599370,,,SCHEDULED
2026-10-10T02:13:33.945568+00:00,1284388,011,8905,57,0,1791599422,,,SCHEDULED
2026-10-10T02:13:33.945568+00:00,1284388,011,8906,58,0,1791599473,,,SCHEDULED
2026-10-10T02:13:33.945568+00:00,1284388,011,8907,59,0,1791599519,,,SCHEDULED
2026-10-10T02:13:33.945568+00:00,1284388,011,8908,60,0,1791599546,,,SCHEDULED
2026-10-10T02:13:33.945568+00:00,1286724,068,1086,65,0,1791598620,,,SCHEDULED
2026-10-10T02:13:33.945568+00:00,1286724,068,1088,66,0,1791598672,,,SCHEDULED
2026-10-10T02:13:33.945568+00:00,1286724,068,1087,67,0,1791598706,,,SCHEDULED
2026-10-10T02:13:33.945568+00:00,1286724,068,2642,68,0,1791598736,,,SCHEDULED
2026-10-10T02:13:33.945568+00:00,1286725,068,2015,21,0,1791598457,,,SCHEDULED
2026-10-10T02:13:33.945568+00:00,1286725,068,2016,22,0,1791598482,,,SCHEDULED
2026-10-10T02:13:33.945568+00:00,1286725,068,2166,23,0,1791598507,,,SCHEDULED
2026-10-10T02:13:33.945568+00:00,1286725,068,1884,24,0,1791598534,,,SCHEDULED
2026-10-10T02:13:33.945568+00:00,1286725,068,1885,25,0,1791598605,,,SCHEDULED
2026-10-10T02:13:33.945568+00:00,1286725,068,1686,26,0,1791598696,,,SCHEDULED
2026-10-10T02:13:33.945568+00:00,1286725,068,2691,27,0,1791598808,,,SCHEDULED
2026-10-10T02:13:33.945568+00:00,1286725,068,2692,28,0,1791598826,,,SCHEDULED
2026-10-10T02:13:33.945568+00:00,1286725,068,2693,29,0,1791598848,,,SCHEDULED
2026-10-10T02:13:33.945568+00:00,1286725,068,2694,30,0,1791598872,,,SCHEDULED
2026-10-10T02:13:33.945568+00:00,1286725,068,2695,31,0,1791598903,,,SCHEDULED
2026-10-10T02:13:33.945568+00:00,1286725,068,2696,32,0,1791598934,,,SCHEDULED
2026-10-10T02:13:33.945568+00:00,1286725,068,2699,33,0,1791598966,,,SCHEDULED
2026-10-10T02:13:33.945568+00:00,1286725,068,2700,34,0,1791598999,,,SCHEDULED
2026-10-10T02:13:33.945568+00:00,1286725,068,2703,35,0,1791599029,,,SCHEDULED
2026-10-10T02:13:33.945568+00:00,1286725,068,2704,36,0,1791599141,,,SCHEDULED
2026-10-10T02:13:33.945568+00:00,1286725,068,2706,37,0,1791599220,,,SCHEDULED
2026-10-10T02:13:33.945568+00:00,1286725,068,2707,38,0,1791599271,,,SCHEDULED
2026-10-10T02:13:33.945568+00:00,1286725,068,2708,39,0,1791599340,,,SCHEDULED
2026-10-10T02:13:33.945568+00:00,1286725,068,2709,40,0,1791599391,,,SCHEDULED
2026-10-10T02:13:33.945568+00:00,1286725,068,2710,41,0,1791599415,,,SCHEDULED
2026-10-10T02:13:33.945568+00:00,1286725,068,2711,42,0,1791599460,,,SCHEDULED
2026-10-10T02:13:33.945568+00:00,1286725,068,2712,43,0,1791599501,,,SCHEDULED
2026-10-10T02:13:33.945568+00:00,1286725,068,2713,44,0,1791599519,,,SCHEDULED
2026-10-10T02:13:33.945568+00:00,1286725,068,2715,45,0,1791599543,,,SCHEDULED
2026-10-10T02:13:33.945568+00:00,1286725,068,2610,46,0,1791599599,,,SCHEDULED
2026-10-10T02:13:33.945568+00:00,1286725,068,2611,47,0,1791599631,,,SCHEDULED
2026-10-10T02:13:33.945568+00:00,1286725,068,2612,48,0,1791599667,,,SCHEDULED
2026-10-10T02:13:33.945568+00:00,1286725,068,1911,49,0,1791599793,,,SCHEDULED
2026-10-10T02:13:33.945568+00:00,1286725,068,1818,50,0,1791599835,,,SCHEDULED
2026-10-10T02:13:33.945568+00:00,1286725,068,1819,51,0,1791599868,,,SCHEDULED
2026-10-10T02:13:33.945568+00:00,1286725,068,1820,52,0,1791599909,,,SCHEDULED
2026-10-10T02:13:33.945568+00:00,1286725,068,1821,53,0,1791600033,,,SCHEDULED
2026-10-10T02:13:33.945568+00:00,1286725,068,940,54,0,1791600117,,,SCHEDULED
2026-10-10T02:13:33.945568+00:00,1286725,068,941,55,0,1791600134,,,SCHEDULED
2026-10-10T02:13:33.945568+00:00,1286725,068,2633,56,0,1791600200,,,SCHEDULED
2026-10-10T02:13:33.945568+00:00,1286726,068,286,2,0,1791598453,,,SCHEDULED
2026-10-10T02:13:33.945568+00:00,1286726,068,4439,3,0,1791598510,,,SCHEDULED
2026-10-10T02:13:33.945568+00:00,1286726,068,4440,4,0,1791598538,,,SCHEDULED
2026-10-10T02:13:33.945568+00:00,1286726,068,4441,5,0,1791598550,,,SCHEDULED
2026-10-10T02:13:33.945568+00:00,1286726,068,4015,6,0,1791598612,,,SCHEDULED
2026-10-10T02:13:33.945568+00:00,1286726,068,4016,7,0,1791598637,,,SCHEDULED
2026-10-10T02:13:33.945568+00:00,1286726,068,4017,8,0,1791598680,,,SCHEDULED
2026-10-10T02:13:33.945568+00:00,1286726,068,3914,9,0,1791598763,,,SCHEDULED
2026-10-10T02:13:33.945568+00:00,1286726,068,3836,10,0,1791598825,,,SCHEDULED
2026-10-10T02:13:33.945568+00:00,1286726,068,2375,11,0,1791599027,,,SCHEDULED
2026-10-10T02:13:33.945568+00:00,1286726,068,2376,12,0,1791599054,,,SCHEDULED
2026-10-10T02:13:33.945568+00:00,1286726,068,2377,13,0,1791599092,,,SCHEDULED
2026-10-10T02:13:33.945568+00:00,1286726,068,2378,14,0,1791599132,,,SCHEDULED
2026-10-10T02:13:33.945568+00:00,1286726,068,2379,15,0,1791599156,,,SCHEDULED
2026-10-10T02:13:33.945568+00:00,1286726,068,2381,16,0,1791599264,,,SCHEDULED
2026-10-10T02:13:33.945568+00:00,1286726,068,2382,17,0,1791599312,,,SCHEDULED
2026-10-10T02:13:33.945568+00:00,1286726,068,2383,18,0,1791599413,,,SCHEDULED
2026-10-10T02:13:33.945568+00:00,1286726,068,2385,19,0,1791600065,,,SCHEDULED
2026-10-10T02:13:33.945568+00:00,1286726,068,2014,20,0,1791600187,,,SCHEDULED
2026-10-10T02:13:33.945568+00:00,1287816,087,1255,2,0,1791598543,,,SCHEDULED
2026-10-10T02:13:33.945568+00:00,1287816,087,1263,3,0,1791598652,,,SCHEDULED
2026-10-10T02:13:33.945568+00:00,1287816,087,3179,4,0,1791598721,,,SCHEDULED
2026-10-10T02:13:33.945568+00:00,1287816,087,3180,5,0,1791598779,,,SCHEDULED
2026-10-10T02:13:33.945568+00:00,1287816,087,3181,6,0,1791598856,,,SCHEDULED
2026-10-10T02:13:33.945568+00:00,1287816,087,3182,7,0,1791598885,,,SCHEDULED
2026-10-10T02:13:33.945568+00:00,1287816,087,3183,8,0,1791598990,,,SCHEDULED
2026-10-10T02:13:33.945568+00:00,1287816,087,3184,9,0,1791599045,,,SCHEDULED
2026-10-10T02:13:33.945568+00:00,1287816,087,3185,10,0,1791599128,,,SCHEDULED
2026-10-10T02:13:33.945568+00:00,1287816,087,3187,11,0,1791599229,,,SCHEDULED
2026-10-10T02:13:33.945568+00:00,1287816,087,3188,12,0,1791599313,,,SCHEDULED
2026-10-10T02:13:33.945568+00:00,1287816,087,3189,13,0,1791599335,,,SCHEDULED
2026-10-10T02:13:33.945568+00:00,1287816,087,3190,14,0,1791599442,,,SCHEDULED
2026-10-10T02:13:33.945568+00:00,1287816,087,3191,15,0,1791599523,,,SCHEDULED
2026-10-10T02:13:33.945568+00:00,1287816,087,3192,16,0,1791599553,,,SCHEDULED
2026-10-10T02:13:33.945568+00:00,1287816,087,3193,17,0,1791599646,,,SCHEDULED
2026-10-10T02:13:33.945568+00:00,1287816,087,275,18,0,1791599830,,,SCHEDULED
2026-10-10T02:13:33.945568+00:00,1287816,087,276,19,0,1791600031,,,SCHEDULED
2026-10-10T02:13:33.945568+00:00,1286727,068,885,1,,,0,1791599940,SCHEDULED
2026-10-10T02:13:33.945568+00:00,1286727,068,286,2,0,1791600147,,,SCHEDULED
2026-10-10T02:13:33.945568+00:00,1287093,078,2763,5,0,1791598288,,,SCHEDULED
2026-10-10T02:13:33.945568+00:00,1287093,078,2764,6,0,1791598334,,,SCHEDULED
2026-10-10T02:13:33.945568+00:00,1287092,078,9920,1,,,0,1791599824,SCHEDULED
2026-10-10T02:13:33.945568+00:00,1287092,078,2760,2,0,1791599967,,,SCHEDULED
2026-10-10T02:13:33.945568+00:00,1287092,078,2761,3,0,1791600051,,,SCHEDULED
2026-10-10T02:13:33.945568+00:00,1287092,078,2762,4,0,1791600098,,,SCHEDULED
2026-10-10T02:13:33.945568+00:00,1287372,082,674,5,0,1791598463,,,SCHEDULED
2026-10-10T02:13:33.945568+00:00,1287372,082,675,6,0,1791598500,,,SCHEDULED
2026-10-10T02:13:33.945568+00:00,1287372,082,676,7,0,1791598581,,,SCHEDULED
2026-10-10T02:13:33.945568+00:00,1287372,082,677,8,0,1791598662,,,SCHEDULED
2026-10-10T02:13:33.945568+00:00,1287372,082,678,9,0,1791598726,,,SCHEDULED
2026-10-10T02:13:33.945568+00:00,1287372,082,679,10,0,1791598800,,,SCHEDULED
2026-10-10T02:13:33.945568+00:00,1287372,082,680,11,0,1791598864,,,SCHEDULED
2026-10-10T02:13:33.945568+00:00,1287372,082,681,12,0,1791598901,,,SCHEDULED
2026-10-10T02:13:33.945568+00:00,1287372,082,3076,13,0,1791598945,,,SCHEDULED
2026-10-10T02:13:33.945568+00:00,1287372,082,3077,14,0,1791598996,,,SCHEDULED
2026-10-10T02:13:33.945568+00:00,1287372,082,3078,15,0,1791599141,,,SCHEDULED
2026-10-10T02:13:33.945568+00:00,1287372,082,3079,16,0,1791599209,,,SCHEDULED
2026-10-10T02:13:33.945568+00:00,1287372,082,3080,17,0,1791599280,,,SCHEDULED
2026-10-10T02:13:33.945568+00:00,1287372,082,1074,18,0,1791599382,,,SCHEDULED
2026-10-10T02:13:33.945568+00:00,1287372,082,1075,19,0,1791599454,,,SCHEDULED
2026-10-10T02:13:33.945568+00:00,1287372,082,1076,20,0,1791599497,,,SCHEDULED
2026-10-10T02:13:33.945568+00:00,1287372,082,1077,21,0,1791599556,,,SCHEDULED
2026-10-10T02:13:33.945568+00:00,1287372,082,1646,22,0,1791599640,,,SCHEDULED
2026-10-10T02:13:33.945568+00:00,1287372,082,1648,23,0,1791599706,,,SCHEDULED
2026-10-10T02:13:33.945568+00:00,1287372,082,1649,24,0,1791599754,,,SCHEDULED
2026-10-10T02:13:33.945568+00:00,1287372,082,1650,25,0,1791599793,,,SCHEDULED
2026-10-10T02:13:33.945568+00:00,1287372,082,1651,26,0,1791599820,,,SCHEDULED
2026-10-10T02:13:33.945568+00:00,1287372,082,1652,27,0,1791599862,,,SCHEDULED
2026-10-10T02:13:33.945568+00:00,1287372,082,1653,28,0,1791599928,,,SCHEDULED
2026-10-10T02:13:33.945568+00:00,1287372,082,1654,29,0,1791599982,,,SCHEDULED
2026-10-10T02:13:33.945568+00:00,1287372,082,1655,30,0,1791600063,,,SCHEDULED
2026-10-10T02:13:33.945568+00:00,1287372,082,459,31,0,1791600102,,,SCHEDULED
2026-10-10T02:13:33.945568+00:00,1287372,082,1656,32,0,1791600123,,,SCHEDULED
2026-10-10T02:13:33.945568+00:00,1287372,082,1657,33,0,1791600165,,,SCHEDULED
2026-10-10T02:13:33.945568+00:00,1287373,082,1659,35,0,1791598415,,,SCHEDULED
2026-10-10T02:13:33.945568+00:00,1287373,082,1660,36,0,1791598460,,,SCHEDULED
2026-10-10T02:13:33.945568+00:00,1287373,082,3190,37,0,1791598532,,,SCHEDULED
2026-10-10T02:13:33.945568+00:00,1287373,082,3191,38,0,1791598580,,,SCHEDULED
2026-10-10T02:13:33.945568+00:00,1287373,082,3192,39,0,1791598631,,,SCHEDULED
2026-10-10T02:13:33.945568+00:00,1287373,082,3193,40,0,1791598722,,,SCHEDULED
2026-10-10T02:13:33.945568+00:00,1287373,082,275,41,0,1791598911,,,SCHEDULED
2026-10-10T02:13:33.945568+00:00,1287373,082,276,42,0,1791599198,,,SCHEDULED
2026-10-10T02:13:33.945568+00:00,1287371,082,665,1,,,0,1791600021,SCHEDULED
