poll_time,trip_id,route_id,stop_id,stop_sequence,arrival_delay,arrival_time,departure_delay,departure_time,schedule_relationship
2026-09-23T00:06:59.508401+00:00,1284394,011,607,38,0,1790122069,,,SCHEDULED
2026-09-23T00:06:59.508401+00:00,1284394,011,8922,39,0,1790122495,,,SCHEDULED
2026-09-23T00:06:59.508401+00:00,1284394,011,8923,40,0,1790122560,,,SCHEDULED
2026-09-23T00:06:59.508401+00:00,1284394,011,8924,41,0,1790122608,,,SCHEDULED
2026-09-23T00:06:59.508401+00:00,1284394,011,8925,42,0,1790122645,,,SCHEDULED
2026-09-23T00:06:59.508401+00:00,1284394,011,8926,43,0,1790122694,,,SCHEDULED
2026-09-23T00:06:59.508401+00:00,1284394,011,8927,44,0,1790122796,,,SCHEDULED
2026-09-23T00:06:59.508401+00:00,1284394,011,4710,45,0,1790123000,,,SCHEDULED
2026-09-23T00:06:59.508401+00:00,1284394,011,8928,46,0,1790123086,,,SCHEDULED
2026-09-23T00:06:59.508401+00:00,1284394,011,8929,47,0,1790123187,,,SCHEDULED
2026-09-23T00:06:59.508401+00:00,1284394,011,8930,48,0,1790123236,,,SCHEDULED
2026-09-23T00:06:59.508401+00:00,1284394,011,543,49,0,1790123270,,,SCHEDULED
2026-09-23T00:06:59.508401+00:00,1284394,011,5348,50,0,1790123477,,,SCHEDULED
2026-09-23T00:06:59.508401+00:00,1284394,011,5201,51,0,1790123551,,,SCHEDULED
2026-09-23T00:06:59.508401+00:00,1284394,011,8900,52,0,1790123674,,,SCHEDULED
2026-09-23T00:06:59.508401+00:00,1284394,011,8901,53,0,1790123734,,,SCHEDULED
2026-09-23T00:06:59.508401+00:00,1288235,138,1434,1,,,0,1790122800,SCHEDULED
2026-09-23T00:06:59.508401+00:00,1288235,138,1811,2,0,1790122852,,,SCHEDULED
2026-09-23T00:06:59.508401+00:00,1286177,056,4134,32,0,1790122018,,,SCHEDULED
2026-09-23T00:06:59.508401+00:00,1286177,056,4136,33,0,1790122068,,,SCHEDULED
2026-09-23T00:06:59.508401+00:00,1286177,056,4137,34,0,1790122129,,,SCHEDULED
2026-09-23T00:06:59.508401+00:00,1284393,011,606,36,0,1790122086,,,SCHEDULED
2026-09-23T00:06:59.508401+00:00,1284393,011,608,37,0,1790122166,,,SCHEDULED
2026-09-23T00:06:59.508401+00:00,1284393,011,607,38,0,1790122252,,,SCHEDULED
2026-09-23T00:06:59.508401+00:00,1284393,011,8922,39,0,1790122678,,,SCHEDULED
2026-09-23T00:06:59.508401+00:00,1284393,011,8923,40,0,1790122743,,,SCHEDULED
2026-09-23T00:06:59.508401+00:00,1284393,011,8924,41,0,1790122791,,,SCHEDULED
2026-09-23T00:06:59.508401+00:00,1284393,011,8925,42,0,1790122828,,,SCHEDULED
2026-09-23T00:06:59.508401+00:00,1284393,011,8926,43,0,1790122985,,,SCHEDULED
2026-09-23T00:06:59.508401+00:00,1284393,011,8927,44,0,1790123060,,,SCHEDULED
2026-09-23T00:06:59.508401+00:00,1284393,011,4710,45,0,1790123285,,,SCHEDULED
2026-09-23T00:06:59.508401+00:00,1284393,011,8928,46,0,1790123357,,,SCHEDULED
2026-09-23T00:06:59.508401+00:00,1284393,011,8929,47,0,1790123495,,,SCHEDULED
2026-09-23T00:06:59.508401+00:00,1284393,011,8930,48,0,1790123540,,,SCHEDULED
2026-09-23T00:06:59.508401+00:00,1284393,011,543,49,0,1790123583,,,SCHEDULED
2026-09-23T00:06:59.508401+00:00,1284393,011,5348,50,0,1790123723,,,SCHEDULED
2026-09-23T00:06:59.508401+00:00,1286178,056,3220,10,0,1790122138,,,SCHEDULED
2026-09-23T00:06:59.508401+00:00,1286178,056,3222,11,0,1790122237,,,SCHEDULED
2026-09-23T00:06:59.508401+00:00,1286178,056,3223,12,0,1790122287,,,SCHEDULED
2026-09-23T00:06:59.508401+00:00,1286178,056,3225,13,0,1790122377,,,SCHEDULED
2026-09-23T00:06:59.508401+00:00,1286178,056,2062,14,0,1790122523,,,SCHEDULED
2026-09-23T00:06:59.508401+00:00,1286178,056,2063,15,0,1790122552,,,SCHEDULED
2026-09-23T00:06:59.508401+00:00,1286178,056,2064,16,0,1790122626,,,SCHEDULED
2026-09-23T00:06:59.508401+00:00,1286178,056,2065,17,0,1790122672,,,SCHEDULED
2026-09-23T00:06:59.508401+00:00,1286178,056,2066,18,0,1790122697,,,SCHEDULED
2026-09-23T00:06:59.508401+00:00,1286178,056,2068,19,0,1790122735,,,SCHEDULED
2026-09-23T00:06:59.508401+00:00,1286178,056,5200,20,0,1790122818,,,SCHEDULED
2026-09-23T00:06:59.508401+00:00,1286178,056,287,21,0,1790122910,,,SCHEDULED
2026-09-23T00:06:59.508401+00:00,1286178,056,2070,22,0,1790123022,,,SCHEDULED
2026-09-23T00:06:59.508401+00:00,1286178,056,2071,23,0,1790123049,,,SCHEDULED
2026-09-23T00:06:59.508401+00:00,1286178,056,497,24,0,1790123160,,,SCHEDULED
2026-09-23T00:06:59.508401+00:00,1286178,056,498,25,0,1790123234,,,SCHEDULED
2026-09-23T00:06:59.508401+00:00,1286178,056,500,26,0,1790123306,,,SCHEDULED
2026-09-23T00:06:59.508401+00:00,1286178,056,501,27,0,1790123346,,,SCHEDULED
2026-09-23T00:06:59.508401+00:00,1286178,056,502,28,0,1790123377,,,SCHEDULED
2026-09-23T00:06:59.508401+00:00,1286178,056,503,29,0,1790123520,,,SCHEDULED
2026-09-23T00:06:59.508401+00:00,1286178,056,504,30,0,1790123626,,,SCHEDULED
2026-09-23T00:06:59.508401+00:00,1286178,056,505,31,0,1790123657,,,SCHEDULED
2026-09-23T00:06:59.508401+00:00,1286178,056,4134,32,0,1790123738,,,SCHEDULED
2026-09-23T00:06:59.508401+00:00,1286178,056,4136,33,0,1790123788,,,SCHEDULED
2026-09-23T00:06:59.508401+00:00,1286453,062,4140,1,,,0,1790122427,SCHEDULED
2026-09-23T00:06:59.508401+00:00,1286453,062,4141,2,0,1790122472,,,SCHEDULED
2026-09-23T00:06:59.508401+00:00,1286453,062,4142,3,0,1790122504,,,SCHEDULED
2026-09-23T00:06:59.508401+00:00,1286453,062,4143,4,0,1790122626,,,SCHEDULED
2026-09-23T00:06:59.508401+00:00,1286453,062,5251,5,0,1790122669,,,SCHEDULED
2026-09-23T00:06:59.508401+00:00,1286453,062,4144,6,0,1790122687,,,SCHEDULED
2026-09-23T00:06:59.508401+00:00,1286453,062,4145,7,0,1790122701,,,SCHEDULED
2026-09-23T00:06:59.508401+00:00,1286453,062,4146,8,0,1790122723,,,SCHEDULED
2026-09-23T00:06:59.508401+00:00,1286453,062,506,9,0,1790122778,,,SCHEDULED
2026-09-23T00:06:59.508401+00:00,1286453,062,507,10,0,1790122795,,,SCHEDULED
2026-09-23T00:06:59.508401+00:00,1286453,062,508,11,0,1790122860,,,SCHEDULED
2026-09-23T00:06:59.508401+00:00,1286453,062,509,12,0,1790122886,,,SCHEDULED
2026-09-23T00:06:59.508401+00:00,1286453,062,510,13,0,1790122914,,,SCHEDULED
2026-09-23T00:06:59.508401+00:00,1286453,062,511,14,0,1790122999,,,SCHEDULED
2026-09-23T00:06:59.508401+00:00,1286453,062,513,15,0,1790123033,,,SCHEDULED
2026-09-23T00:06:59.508401+00:00,1286453,062,514,16,0,1790123093,,,SCHEDULED
2026-09-23T00:06:59.508401+00:00,1286453,062,515,17,0,1790123181,,,SCHEDULED
2026-09-23T00:06:59.508401+00:00,1286453,062,516,18,0,1790123205,,,SCHEDULED
2026-09-23T00:06:59.508401+00:00,1286453,062,517,19,0,1790123218,,,SCHEDULED
2026-09-23T00:06:59.508401+00:00,1286453,062,518,20,0,1790123264,,,SCHEDULED
2026-09-23T00:06:59.508401+00:00,1286453,062,2331,21,0,1790123291,,,SCHEDULED
2026-09-23T00:06:59.508401+00:00,1286453,062,2332,22,0,1790123320,,,SCHEDULED
2026-09-23T00:06:59.508401+00:00,1286453,062,2333,23,0,1790123367,,,SCHEDULED
2026-09-23T00:06:59.508401+00:00,1286453,062,2334,24,0,1790123372,,,SCHEDULED
2026-09-23T00:06:59.508401+00:00,1286453,062,2335,25,0,1790123402,,,SCHEDULED
2026-09-23T00:06:59.508401+00:00,1286453,062,1352,26,0,1790123431,,,SCHEDULED
2026-09-23T00:06:59.508401+00:00,1286453,062,2337,27,0,1790123474,,,SCHEDULED
2026-09-23T00:06:59.508401+00:00,1286453,062,2338,28,0,1790123529,,,SCHEDULED
2026-09-23T00:06:59.508401+00:00,1286453,062,2339,29,0,1790123563,,,SCHEDULED
2026-09-23T00:06:59.508401+00:00,1286453,062,2341,30,0,1790123589,,,SCHEDULED
2026-09-23T00:06:59.508401+00:00,1286453,062,2342,31,0,1790123615,,,SCHEDULED
2026-09-23T00:06:59.508401+00:00,1286453,062,2229,32,0,1790123704,,,SCHEDULED
2026-09-23T00:06:59.508401+00:00,1288199,113,4709,3,0,1790122026,,,SCHEDULED
2026-09-23T00:06:59.508401+00:00,1288199,113,5272,4,0,1790122077,,,SCHEDULED
2026-09-23T00:06:59.508401+00:00,1288199,113,4708,5,0,1790122197,,,SCHEDULED
2026-09-23T00:06:59.508401+00:00,1288199,113,4712,6,0,1790122268,,,SCHEDULED
2026-09-23T00:06:59.508401+00:00,1288199,113,4702,7,0,1790122382,,,SCHEDULED
2026-09-23T00:06:59.508401+00:00,1288199,113,3237,8,0,1790122469,,,SCHEDULED
2026-09-23T00:06:59.508401+00:00,1288199,113,3238,9,0,1790122623,,,SCHEDULED
2026-09-23T00:06:59.508401+00:00,1288199,113,3239,10,0,1790122690,,,SCHEDULED
2026-09-23T00:06:59.508401+00:00,1288199,113,4703,11,0,1790122925,,,SCHEDULED
2026-09-23T00:06:59.508401+00:00,1288199,113,4704,12,0,1790122989,,,SCHEDULED
2026-09-23T00:06:59.508401+00:00,1288199,113,4705,13,0,1790123034,,,SCHEDULED
2026-09-23T00:06:59.508401+00:00,1288199,113,4706,14,0,1790123073,,,SCHEDULED
2026-09-23T00:06:59.508401+00:00,1288199,113,4707,15,0,1790123181,,,SCHEDULED
2026-09-23T00:06:59.508401+00:00,1288199,113,4751,16,0,1790123212,,,SCHEDULED
2026-09-23T00:06:59.508401+00:00,1288199,113,5271,17,0,1790123360,,,SCHEDULED
2026-09-23T00:06:59.508401+00:00,1284791,015,9800,1,,,0,1790122372,SCHEDULED
2026-09-23T00:06:59.508401+00:00,1284791,015,574,2,0,1790122582,,,SCHEDULED
2026-09-23T00:06:59.508401+00:00,1284791,015,575,3,0,1790122639,,,SCHEDULED
2026-09-23T00:06:59.508401+00:00,1284791,015,576,4,0,1790122657,,,SCHEDULED
2026-09-23T00:06:59.508401+00:00,1284791,015,577,5,0,1790122687,,,SCHEDULED
2026-09-23T00:06:59.508401+00:00,1284791,015,579,6,0,1790122740,,,SCHEDULED
2026-09-23T00:06:59.508401+00:00,1284791,015,580,7,0,1790122786,,,SCHEDULED
2026-09-23T00:06:59.508401+00:00,1284791,015,849,8,0,1790122826,,,SCHEDULED
2026-09-23T00:06:59.508401+00:00,1284791,015,850,9,0,1790122880,,,SCHEDULED
2026-09-23T00:06:59.508401+00:00,1284791,015,851,10,0,1790122941,,,SCHEDULED
2026-09-23T00:06:59.508401+00:00,1284791,015,852,11,0,1790122976,,,SCHEDULED
2026-09-23T00:06:59.508401+00:00,1284791,015,853,12,0,1790122999,,,SCHEDULED
2026-09-23T00:06:59.508401+00:00,1284791,015,859,13,0,1790123068,,,SCHEDULED
2026-09-23T00:06:59.508401+00:00,1284791,015,860,14,0,1790123131,,,SCHEDULED
2026-09-23T00:06:59.508401+00:00,1284791,015,861,15,0,1790123165,,,SCHEDULED
2026-09-23T00:06:59.508401+00:00,1284791,015,862,16,0,1790123181,,,SCHEDULED
2026-09-23T00:06:59.508401+00:00,1284791,015,863,17,0,1790123242,,,SCHEDULED
2026-09-23T00:06:59.508401+00:00,1284791,015,864,18,0,1790123274,,,SCHEDULED
2026-09-23T00:06:59.508401+00:00,1284791,015,865,19,0,1790123305,,,SCHEDULED
2026-09-23T00:06:59.508401+00:00,1284791,015,866,20,0,1790123358,,,SCHEDULED
2026-09-23T00:06:59.508401+00:00,1284791,015,867,21,0,1790123407,,,SCHEDULED
2026-09-23T00:06:59.508401+00:00,1284791,015,593,22,0,1790123431,,,SCHEDULED
2026-09-23T00:06:59.508401+00:00,1284791,015,594,23,0,1790123489,,,SCHEDULED
2026-09-23T00:06:59.508401+00:00,1284791,015,595,24,0,1790123534,,,SCHEDULED
2026-09-23T00:06:59.508401+00:00,1284791,015,596,25,0,1790123585,,,SCHEDULED
2026-09-23T00:06:59.508401+00:00,1284791,015,284,26,0,1790123615,,,SCHEDULED
2026-09-23T00:06:59.508401+00:00,1287941,088,9807,1,,,0,1790122769,SCHEDULED
2026-09-23T00:06:59.508401+00:00,1287941,088,284,2,0,1790122922,,,SCHEDULED
2026-09-23T00:06:59.508401+00:00,1287941,088,684,3,0,1790123095,,,SCHEDULED
2026-09-23T00:06:59.508401+00:00,1287941,088,685,4,0,1790123147,,,SCHEDULED
2026-09-23T00:06:59.508401+00:00,1287941,088,1400,5,0,1790123187,,,SCHEDULED
2026-09-23T00:06:59.508401+00:00,1287941,088,1401,6,0,1790123227,,,SCHEDULED
2026-09-23T00:06:59.508401+00:00,1287941,088,1402,7,0,1790123248,,,SCHEDULED
2026-09-23T00:06:59.508401+00:00,1287941,088,1403,8,0,1790123321,,,SCHEDULED
2026-09-23T00:06:59.508401+00:00,1287941,088,1404,9,0,1790123354,,,SCHEDULED
2026-09-23T00:06:59.508401+00:00,1287941,088,1405,10,0,1790123448,,,SCHEDULED
2026-09-23T00:06:59.508401+00:00,1287941,088,1406,11,0,1790123483,,,SCHEDULED
2026-09-23T00:06:59.508401+00:00,1287941,088,1407,12,0,1790123531,,,SCHEDULED
2026-09-23T00:06:59.508401+00:00,1287941,088,1408,13,0,1790123561,,,SCHEDULED
2026-09-23T00:06:59.508401+00:00,1287941,088,1409,14,0,1790123609,,,SCHEDULED
2026-09-23T00:06:59.508401+00:00,1287941,088,1410,15,0,1790123657,,,SCHEDULED
2026-09-23T00:06:59.508401+00:00,1287941,088,1411,16,0,1790123729,,,SCHEDULED
2026-09-23T00:06:59.508401+00:00,1287820,087,241,1,,,0,1790122612,SCHEDULED
2026-09-23T00:06:59.508401+00:00,1287820,087,1255,2,0,1790122791,,,SCHEDULED
2026-09-23T00:06:59.508401+00:00,1287820,087,1263,3,0,1790122885,,,SCHEDULED
2026-09-23T00:06:59.508401+00:00,1287820,087,3179,4,0,1790122916,,,SCHEDULED
2026-09-23T00:06:59.508401+00:00,1287820,087,3180,5,0,1790122969,,,SCHEDULED
2026-09-23T00:06:59.508401+00:00,1287820,087,3181,6,0,1790123097,,,SCHEDULED
2026-09-23T00:06:59.508401+00:00,1287820,087,3182,7,0,1790123123,,,SCHEDULED
2026-09-23T00:06:59.508401+00:00,1287820,087,3183,8,0,1790123208,,,SCHEDULED
2026-09-23T00:06:59.508401+00:00,1287820,087,3184,9,0,1790123265,,,SCHEDULED
2026-09-23T00:06:59.508401+00:00,1287820,087,3185,10,0,1790123390,,,SCHEDULED
2026-09-23T00:06:59.508401+00:00,1287820,087,3187,11,0,1790123485,,,SCHEDULED
2026-09-23T00:06:59.508401+00:00,1287820,087,3188,12,0,1790123546,,,SCHEDULED
2026-09-23T00:06:59.508401+00:00,1287820,087,3189,13,0,1790123624,,,SCHEDULED
2026-09-23T00:06:59.508401+00:00,1287820,087,3190,14,0,1790123733,,,SCHEDULED
2026-09-23T00:06:59.508401+00:00,1284673,013,1334,1,,,0,1790123041,SCHEDULED
2026-09-23T00:06:59.508401+00:00,1284673,013,1335,2,0,1790123221,,,SCHEDULED
2026-09-23T00:06:59.508401+00:00,1284673,013,1347,3,0,1790123743,,,SCHEDULED
2026-09-23T00:06:59.508401+00:00,1284277,010,11159,1,,,0,1790122800,SCHEDULED
2026-09-23T00:06:59.508401+00:00,1284277,010,1817,2,0,1790122821,,,SCHEDULED
2026-09-23T00:06:59.508401+00:00,1284277,010,11028,3,0,1790122920,,,SCHEDULED
2026-09-23T00:06:59.508401+00:00,1284277,010,11204,4,0,1790122955,,,SCHEDULED
2026-09-23T00:06:59.508401+00:00,1284277,010,11205,5,0,1790122998,,,SCHEDULED
2026-09-23T00:06:59.508401+00:00,1284277,010,11102,6,0,1790123029,,,SCHEDULED
2026-09-23T00:06:59.508401+00:00,1284277,010,11071,7,0,1790123045,,,SCHEDULED
2026-09-23T00:06:59.508401+00:00,1284277,010,11050,8,0,1790123100,,,SCHEDULED
2026-09-23T00:06:59.508401+00:00,1284277,010,11039,9,0,1790123220,,,SCHEDULED
2026-09-23T00:06:59.508401+00:00,1284277,010,11040,10,0,1790123246,,,SCHEDULED
2026-09-23T00:06:59.508401+00:00,1284277,010,11135,11,0,1790123334,,,SCHEDULED
2026-09-23T00:06:59.508401+00:00,1284277,010,11104,12,0,1790123380,,,SCHEDULED
2026-09-23T00:06:59.508401+00:00,1284277,010,11108,13,0,1790123437,,,SCHEDULED
2026-09-23T00:06:59.508401+00:00,1284277,010,11127,14,0,1790123522,,,SCHEDULED
2026-09-23T00:06:59.508401+00:00,1284277,010,11002,15,0,1790123678,,,SCHEDULED
2026-09-23T00:06:59.508401+00:00,1284277,010,11157,16,0,1790123759,,,SCHEDULED
2026-09-23T00:06:59.508401+00:00,1287821,087,3193,17,0,1790122061,,,SCHEDULED
2026-09-23T00:06:59.508401+00:00,1287821,087,275,18,0,1790122349,,,SCHEDULED
2026-09-23T00:06:59.508401+00:00,1287821,087,276,19,0,1790122600,,,SCHEDULED
2026-09-23T00:06:59.508401+00:00,1287546,084,1285,1,,,0,1790121998,SCHEDULED
2026-09-23T00:06:59.508401+00:00,1287546,084,1618,2,0,1790122047,,,SCHEDULED
2026-09-23T00:06:59.508401+00:00,1287546,084,1306,3,0,1790122146,,,SCHEDULED
2026-09-23T00:06:59.508401+00:00,1287546,084,1570,4,0,1790122243,,,SCHEDULED
2026-09-23T00:06:59.508401+00:00,1287546,084,1307,5,0,1790122256,,,SCHEDULED
2026-09-23T00:06:59.508401+00:00,1287546,084,4003,6,0,1790122778,,,SCHEDULED
2026-09-23T00:06:59.508401+00:00,1287546,084,4004,7,0,1790122814,,,SCHEDULED
2026-09-23T00:06:59.508401+00:00,1287546,084,4005,8,0,1790122863,,,SCHEDULED
2026-09-23T00:06:59.508401+00:00,1287546,084,4006,9,0,1790122965,,,SCHEDULED
2026-09-23T00:06:59.508401+00:00,1287546,084,4007,10,0,1790123032,,,SCHEDULED
2026-09-23T00:06:59.508401+00:00,1287546,084,3950,11,0,1790123072,,,SCHEDULED
2026-09-23T00:06:59.508401+00:00,1287546,084,3951,12,0,1790123115,,,SCHEDULED
2026-09-23T00:06:59.508401+00:00,1287546,084,3953,13,0,1790123164,,,SCHEDULED
2026-09-23T00:06:59.508401+00:00,1287546,084,3954,14,0,1790123183,,,SCHEDULED
2026-09-23T00:06:59.508401+00:00,1287546,084,3955,15,0,1790123214,,,SCHEDULED
2026-09-23T00:06:59.508401+00:00,1287546,084,3956,16,0,1790123244,,,SCHEDULED
2026-09-23T00:06:59.508401+00:00,1287546,084,3957,17,0,1790123264,,,SCHEDULED
2026-09-23T00:06:59.508401+00:00,1287546,084,3063,18,0,1790123321,,,SCHEDULED
2026-09-23T00:06:59.508401+00:00,1287546,084,3064,19,0,1790123376,,,SCHEDULED
2026-09-23T00:06:59.508401+00:00,1287546,084,3065,20,0,1790123408,,,SCHEDULED
2026-09-23T00:06:59.508401+00:00,1287546,084,3066,21,0,1790123444,,,SCHEDULED
2026-09-23T00:06:59.508401+00:00,1287546,084,3067,22,0,1790123509,,,SCHEDULED
2026-09-23T00:06:59.508401+00:00,1287546,084,3068,23,0,1790123564,,,SCHEDULED
2026-09-23T00:06:59.508401+00:00,1287546,084,3069,24,0,1790123605,,,SCHEDULED
2026-09-23T00:06:59.508401+00:00,1287546,084,3049,25,0,1790123707,,,SCHEDULED
2026-09-23T00:06:59.508401+00:00,1287546,084,3070,26,0,1790123709,,,SCHEDULED
2026-09-23T00:06:59.508401+00:00,1287546,084,3071,27,0,1790123712,,,SCHEDULED
2026-09-23T00:06:59.508401+00:00,1287546,084,3072,28,0,1790123714,,,SCHEDULED
2026-09-23T00:06:59.508401+00:00,1287700,086,3146,10,0,1790122380,,,SCHEDULED
2026-09-23T00:06:59.508401+00:00,1287700,086,3148,11,0,1790122448,,,SCHEDULED
2026-09-23T00:06:59.508401+00:00,1287700,086,3149,12,0,1790122622,,,SCHEDULED
2026-09-23T00:06:59.508401+00:00,1287700,086,3150,13,0,1790122680,,,SCHEDULED
2026-09-23T00:06:59.508401+00:00,1287700,086,3151,14,0,1790122715,,,SCHEDULED
2026-09-23T00:06:59.508401+00:00,1287700,086,3152,15,0,1790122771,,,SCHEDULED
2026-09-23T00:06:59.508401+00:00,1287700,086,3153,16,0,1790122790,,,SCHEDULED
2026-09-23T00:06:59.508401+00:00,1287700,086,3154,17,0,1790122829,,,SCHEDULED
2026-09-23T00:06:59.508401+00:00,1287700,086,3155,18,0,1790122887,,,SCHEDULED
2026-09-23T00:06:59.508401+00:00,1287700,086,3156,19,0,1790122929,,,SCHEDULED
2026-09-23T00:06:59.508401+00:00,1287700,086,3157,20,0,1790122972,,,SCHEDULED
2026-09-23T00:06:59.508401+00:00,1287700,086,3158,21,0,1790123053,,,SCHEDULED
2026-09-23T00:06:59.508401+00:00,1287700,086,3159,22,0,1790123110,,,SCHEDULED
2026-09-23T00:06:59.508401+00:00,1287700,086,3160,23,0,1790123130,,,SCHEDULED
2026-09-23T00:06:59.508401+00:00,1287700,086,3161,24,0,1790123155,,,SCHEDULED
2026-09-23T00:06:59.508401+00:00,1287700,086,3163,25,0,1790123179,,,SCHEDULED
2026-09-23T00:06:59.508401+00:00,1287700,086,3164,26,0,1790123215,,,SCHEDULED
2026-09-23T00:06:59.508401+00:00,1287700,086,699,27,0,1790123292,,,SCHEDULED
2026-09-23T00:06:59.508401+00:00,1287700,086,703,28,0,1790123452,,,SCHEDULED
2026-09-23T00:06:59.508401+00:00,1287700,086,700,29,0,1790123486,,,SCHEDULED
2026-09-23T00:06:59.508401+00:00,1287700,086,706,30,0,1790123559,,,SCHEDULED
2026-09-23T00:06:59.508401+00:00,1287700,086,707,31,0,1790123567,,,SCHEDULED
2026-09-23T00:06:59.508401+00:00,1287700,086,708,32,0,1790123573,,,SCHEDULED
2026-09-23T00:06:59.508401+00:00,1287700,086,834,33,0,1790123666,,,SCHEDULED
2026-09-23T00:06:59.508401+00:00,1287700,086,835,34,0,1790123723,,,SCHEDULED
2026-09-23T00:06:59.508401+00:00,1287700,086,836,35,0,1790123771,,,SCHEDULED
2026-09-23T00:06:59.508401+00:00,1286179,056,906,1,,,0,1790123217,SCHEDULED
2026-09-23T00:06:59.508401+00:00,1286179,056,286,2,0,1790123407,,,SCHEDULED
2026-09-23T00:06:59.508401+00:00,1286179,056,4439,3,0,1790123461,,,SCHEDULED
2026-09-23T00:06:59.508401+00:00,1286179,056,4440,4,0,1790123486,,,SCHEDULED
2026-09-23T00:06:59.508401+00:00,1286179,056,4441,5,0,1790123505,,,SCHEDULED
2026-09-23T00:06:59.508401+00:00,1286179,056,4015,6,0,1790123548,,,SCHEDULED
2026-09-23T00:06:59.508401+00:00,1286179,056,4016,7,0,1790123587,,,SCHEDULED
2026-09-23T00:06:59.508401+00:00,1286179,056,4017,8,0,1790123645,,,SCHEDULED
2026-09-23T00:06:59.508401+00:00,1286179,056,3914,9,0,1790123752,,,SCHEDULED
2026-09-23T00:06:59.508401+00:00,1286212,056,3831,28,0,1790122081,,,SCHEDULED
2026-09-23T00:06:59.508401+00:00,1286212,056,3832,29,0,1790122142,,,SCHEDULED
2026-09-23T00:06:59.508401+00:00,1286212,056,3833,30,0,1790122175,,,SCHEDULED
2026-09-23T00:06:59.508401+00:00,1286212,056,3834,31,0,1790122244,,,SCHEDULED
2026-09-23T00:06:59.508401+00:00,1286212,056,3939,32,0,1790122380,,,SCHEDULED
2026-09-23T00:06:59.508401+00:00,1286212,056,5107,33,0,1790122420,,,SCHEDULED
2026-09-23T00:06:59.508401+00:00,1286212,056,4020,34,0,1790122460,,,SCHEDULED
2026-09-23T00:06:59.508401+00:00,1286212,056,4021,35,0,1790122506,,,SCHEDULED
2026-09-23T00:06:59.508401+00:00,1286212,056,4022,36,0,1790122557,,,SCHEDULED
2026-09-23T00:06:59.508401+00:00,1286212,056,242,37,0,1790122646,,,SCHEDULED
2026-09-23T00:06:59.508401+00:00,1286212,056,243,38,0,1790122695,,,SCHEDULED
2026-09-23T00:06:59.508401+00:00,1286212,056,244,39,0,1790122735,,,SCHEDULED
2026-09-23T00:06:59.508401+00:00,1286212,056,1038,40,0,1790122807,,,SCHEDULED
2026-09-23T00:06:59.508401+00:00,1286212,056,4019,41,0,1790122853,,,SCHEDULED
2026-09-23T00:06:59.508401+00:00,1284278,010,11156,26,0,1790122199,,,SCHEDULED
2026-09-23T00:06:59.508401+00:00,1284278,010,11207,27,0,1790122284,,,SCHEDULED
2026-09-23T00:06:59.508401+00:00,1284278,010,11022,28,0,1790122367,,,SCHEDULED
2026-09-23T00:06:59.508401+00:00,1284278,010,11024,29,0,1790122385,,,SCHEDULED
2026-09-23T00:06:59.508401+00:00,1284674,013,1103,29,0,1790122015,,,SCHEDULED
2026-09-23T00:06:59.508401+00:00,1284674,013,1104,30,0,1790122103,,,SCHEDULED
2026-09-23T00:06:59.508401+00:00,1284674,013,1105,31,0,1790122200,,,SCHEDULED
2026-09-23T00:06:59.508401+00:00,1284674,013,1106,32,0,1790122294,,,SCHEDULED
2026-09-23T00:06:59.508401+00:00,1284674,013,1674,33,0,1790122335,,,SCHEDULED
2026-09-23T00:06:59.508401+00:00,1284674,013,1675,34,0,1790122382,,,SCHEDULED
2026-09-23T00:06:59.508401+00:00,1284674,013,1677,35,0,1790122440,,,SCHEDULED
2026-09-23T00:06:59.508401+00:00,1284674,013,1127,36,0,1790122476,,,SCHEDULED
2026-09-23T00:06:59.508401+00:00,1284674,013,1128,37,0,1790122521,,,SCHEDULED
2026-09-23T00:06:59.508401+00:00,1284674,013,1129,38,0,1790122598,,,SCHEDULED
2026-09-23T00:06:59.508401+00:00,1284674,013,1130,39,0,1790122657,,,SCHEDULED
2026-09-23T00:06:59.508401+00:00,1284674,013,1131,40,0,1790122724,,,SCHEDULED
2026-09-23T00:06:59.508401+00:00,1284674,013,3089,41,0,1790122790,,,SCHEDULED
2026-09-23T00:06:59.508401+00:00,1284674,013,1464,42,0,1790122868,,,SCHEDULED
2026-09-23T00:06:59.508401+00:00,1285763,033,5259,2,0,1790122176,,,SCHEDULED
2026-09-23T00:06:59.508401+00:00,1285763,033,5260,3,0,1790122360,,,SCHEDULED
2026-09-23T00:06:59.508401+00:00,1285763,033,5257,4,0,1790122419,,,SCHEDULED
2026-09-23T00:06:59.508401+00:00,1285763,033,5261,5,0,1790122420,,,SCHEDULED
2026-09-23T00:06:59.508401+00:00,1286213,056,4140,1,,,0,1790122383,SCHEDULED
2026-09-23T00:06:59.508401+00:00,1286213,056,4141,2,0,1790122415,,,SCHEDULED
2026-09-23T00:06:59.508401+00:00,1286213,056,4142,3,0,1790122463,,,SCHEDULED
2026-09-23T00:06:59.508401+00:00,1286213,056,4143,4,0,1790122570,,,SCHEDULED
2026-09-23T00:06:59.508401+00:00,1286213,056,5251,5,0,1790122618,,,SCHEDULED
2026-09-23T00:06:59.508401+00:00,1286213,056,4144,6,0,1790122639,,,SCHEDULED
2026-09-23T00:06:59.508401+00:00,1286213,056,4145,7,0,1790122656,,,SCHEDULED
2026-09-23T00:06:59.508401+00:00,1286213,056,4146,8,0,1790122679,,,SCHEDULED
2026-09-23T00:06:59.508401+00:00,1286213,056,478,9,0,1790122722,,,SCHEDULED
2026-09-23T00:06:59.508401+00:00,1286213,056,172,10,0,1790122857,,,SCHEDULED
2026-09-23T00:06:59.508401+00:00,1286213,056,480,11,0,1790123017,,,SCHEDULED
2026-09-23T00:06:59.508401+00:00,1286213,056,1733,12,0,1790123107,,,SCHEDULED
2026-09-23T00:06:59.508401+00:00,1286213,056,481,13,0,1790123171,,,SCHEDULED
2026-09-23T00:06:59.508401+00:00,1286213,056,482,14,0,1790123220,,,SCHEDULED
2026-09-23T00:06:59.508401+00:00,1286213,056,483,15,0,1790123250,,,SCHEDULED
2026-09-23T00:06:59.508401+00:00,1286213,056,484,16,0,1790123287,,,SCHEDULED
2026-09-23T00:06:59.508401+00:00,1286213,056,485,17,0,1790123332,,,SCHEDULED
2026-09-23T00:06:59.508401+00:00,1286213,056,486,18,0,1790123371,,,SCHEDULED
2026-09-23T00:06:59.508401+00:00,1286213,056,487,19,0,1790123430,,,SCHEDULED
2026-09-23T00:06:59.508401+00:00,1286213,056,488,20,0,1790123467,,,SCHEDULED
2026-09-23T00:06:59.508401+00:00,1286213,056,5200,21,0,1790123639,,,SCHEDULED
2026-09-23T00:06:59.508401+00:00,1286213,056,489,22,0,1790123787,,,SCHEDULED
2026-09-23T00:06:59.508401+00:00,1286455,062,2232,35,0,1790121998,,,SCHEDULED
2026-09-23T00:06:59.508401+00:00,1286455,062,2233,36,0,1790122057,,,SCHEDULED
2026-09-23T00:06:59.508401+00:00,1286455,062,2234,37,0,1790122081,,,SCHEDULED
2026-09-23T00:06:59.508401+00:00,1286455,062,2235,38,0,1790122150,,,SCHEDULED
2026-09-23T00:06:59.508401+00:00,1286455,062,2236,39,0,1790122200,,,SCHEDULED
2026-09-23T00:06:59.508401+00:00,1286455,062,2237,40,0,1790122267,,,SCHEDULED
2026-09-23T00:06:59.508401+00:00,1286455,062,2238,41,0,1790122296,,,SCHEDULED
2026-09-23T00:06:59.508401+00:00,1286455,062,2239,42,0,1790122341,,,SCHEDULED
2026-09-23T00:06:59.508401+00:00,1286455,062,2240,43,0,1790122386,,,SCHEDULED
2026-09-23T00:06:59.508401+00:00,1286455,062,2241,44,0,1790122454,,,SCHEDULED
2026-09-23T00:06:59.508401+00:00,1286455,062,2242,45,0,1790122500,,,SCHEDULED
2026-09-23T00:06:59.508401+00:00,1286455,062,2243,46,0,1790122536,,,SCHEDULED
2026-09-23T00:06:59.508401+00:00,1286455,062,2244,47,0,1790122594,,,SCHEDULED
2026-09-23T00:06:59.508401+00:00,1286455,062,2245,48,0,1790122630,,,SCHEDULED
2026-09-23T00:06:59.508401+00:00,1286455,062,2246,49,0,1790122680,,,SCHEDULED
2026-09-23T00:06:59.508401+00:00,1286455,062,5365,50,0,1790122703,,,SCHEDULED
2026-09-23T00:06:59.508401+00:00,1286455,062,2248,51,0,1790122743,,,SCHEDULED
2026-09-23T00:06:59.508401+00:00,1286455,062,2250,52,0,1790122851,,,SCHEDULED
2026-09-23T00:06:59.508401+00:00,1286455,062,2251,53,0,1790122905,,,SCHEDULED
2026-09-23T00:06:59.508401+00:00,1286455,062,2252,54,0,1790122932,,,SCHEDULED
2026-09-23T00:06:59.508401+00:00,1286455,062,2254,55,0,1790123040,,,SCHEDULED
2026-09-23T00:06:59.508401+00:00,1286455,062,519,56,0,1790123072,,,SCHEDULED
2026-09-23T00:06:59.508401+00:00,1286455,062,521,57,0,1790123124,,,SCHEDULED
2026-09-23T00:06:59.508401+00:00,1286455,062,522,58,0,1790123196,,,SCHEDULED
2026-09-23T00:06:59.508401+00:00,1286455,062,525,59,0,1790123300,,,SCHEDULED
2026-09-23T00:06:59.508401+00:00,1286455,062,526,60,0,1790123428,,,SCHEDULED
2026-09-23T00:06:59.508401+00:00,1286455,062,527,61,0,1790123460,,,SCHEDULED
2026-09-23T00:06:59.508401+00:00,1286455,062,528,62,0,1790123492,,,SCHEDULED
2026-09-23T00:06:59.508401+00:00,1286455,062,5252,63,0,1790123620,,,SCHEDULED
2026-09-23T00:06:59.508401+00:00,1286455,062,531,64,0,1790123652,,,SCHEDULED
2026-09-23T00:06:59.508401+00:00,1286455,062,116,65,0,1790123704,,,SCHEDULED
2026-09-23T00:06:59.508401+00:00,1287701,086,4763,2,0,1790122016,,,SCHEDULED
2026-09-23T00:06:59.508401+00:00,1287701,086,113,3,0,1790122054,,,SCHEDULED
2026-09-23T00:06:59.508401+00:00,1287701,086,525,4,0,1790122143,,,SCHEDULED
2026-09-23T00:06:59.508401+00:00,1287701,086,526,5,0,1790122235,,,SCHEDULED
2026-09-23T00:06:59.508401+00:00,1287701,086,527,6,0,1790122264,,,SCHEDULED
2026-09-23T00:06:59.508401+00:00,1287701,086,528,7,0,1790122324,,,SCHEDULED
2026-09-23T00:06:59.508401+00:00,1287701,086,5252,8,0,1790122459,,,SCHEDULED
2026-09-23T00:06:59.508401+00:00,1287701,086,531,9,0,1790122523,,,SCHEDULED
2026-09-23T00:06:59.508401+00:00,1287701,086,3146,10,0,1790123202,,,SCHEDULED
2026-09-23T00:06:59.508401+00:00,1287701,086,3148,11,0,1790123260,,,SCHEDULED
2026-09-23T00:06:59.508401+00:00,1287701,086,3149,12,0,1790123346,,,SCHEDULED
2026-09-23T00:06:59.508401+00:00,1287701,086,3150,13,0,1790123404,,,SCHEDULED
2026-09-23T00:06:59.508401+00:00,1287701,086,3151,14,0,1790123439,,,SCHEDULED
2026-09-23T00:06:59.508401+00:00,1287701,086,3152,15,0,1790123495,,,SCHEDULED
2026-09-23T00:06:59.508401+00:00,1287701,086,3153,16,0,1790123514,,,SCHEDULED
2026-09-23T00:06:59.508401+00:00,1287701,086,3154,17,0,1790123553,,,SCHEDULED
2026-09-23T00:06:59.508401+00:00,1287701,086,3155,18,0,1790123611,,,SCHEDULED
2026-09-23T00:06:59.508401+00:00,1287701,086,3156,19,0,1790123653,,,SCHEDULED
2026-09-23T00:06:59.508401+00:00,1287701,086,3157,20,0,1790123696,,,SCHEDULED
2026-09-23T00:06:59.508401+00:00,1287701,086,3158,21,0,1790123777,,,SCHEDULED
2026-09-23T00:06:59.508401+00:00,1287547,084,1077,41,0,1790122000,,,SCHEDULED
2026-09-23T00:06:59.508401+00:00,1287547,084,1646,42,0,1790122080,,,SCHEDULED
2026-09-23T00:06:59.508401+00:00,1287547,084,1648,43,0,1790122148,,,SCHEDULED
2026-09-23T00:06:59.508401+00:00,1287547,084,1107,44,0,1790122211,,,SCHEDULED
2026-09-23T00:06:59.508401+00:00,1287547,084,1108,45,0,1790122268,,,SCHEDULED
2026-09-23T00:06:59.508401+00:00,1287547,084,3081,46,0,1790122324,,,SCHEDULED
2026-09-23T00:06:59.508401+00:00,1287547,084,3082,47,0,1790122359,,,SCHEDULED
2026-09-23T00:06:59.508401+00:00,1287547,084,3083,48,0,1790122399,,,SCHEDULED
2026-09-23T00:06:59.508401+00:00,1287547,084,3084,49,0,1790122450,,,SCHEDULED
2026-09-23T00:06:59.508401+00:00,1287547,084,3085,50,0,1790122506,,,SCHEDULED
2026-09-23T00:06:59.508401+00:00,1287547,084,3086,51,0,1790122581,,,SCHEDULED
2026-09-23T00:06:59.508401+00:00,1287547,084,3087,52,0,1790122688,,,SCHEDULED
2026-09-23T00:06:59.508401+00:00,1287547,084,3000,53,0,1790122980,,,SCHEDULED
2026-09-23T00:06:59.508401+00:00,1287547,084,3001,54,0,1790123035,,,SCHEDULED
2026-09-23T00:06:59.508401+00:00,1287547,084,3002,55,0,1790123093,,,SCHEDULED
2026-09-23T00:06:59.508401+00:00,1287547,084,3003,56,0,1790123136,,,SCHEDULED
2026-09-23T00:06:59.508401+00:00,1287547,084,3004,57,0,1790123188,,,SCHEDULED
2026-09-23T00:06:59.508401+00:00,1287547,084,3005,58,0,1790123246,,,SCHEDULED
2026-09-23T00:06:59.508401+00:00,1287547,084,3006,59,0,1790123298,,,SCHEDULED
2026-09-23T00:06:59.508401+00:00,1287547,084,3007,60,0,1790123321,,,SCHEDULED
2026-09-23T00:06:59.508401+00:00,1287547,084,2749,61,0,1790123340,,,SCHEDULED
2026-09-23T00:06:59.508401+00:00,1287547,084,2750,62,0,1790123412,,,SCHEDULED
2026-09-23T00:06:59.508401+00:00,1287547,084,2751,63,0,1790123496,,,SCHEDULED
2026-09-23T00:06:59.508401+00:00,1287547,084,2752,64,0,1790123561,,,SCHEDULED
2026-09-23T00:06:59.508401+00:00,1287789,087,291,1,,,0,1790123443,SCHEDULED
2026-09-23T00:06:59.508401+00:00,1287789,087,274,2,0,1790123619,,,SCHEDULED
2026-09-23T00:06:59.508401+00:00,1287702,086,418,1,,,0,1790123251,SCHEDULED
2026-09-23T00:06:59.508401+00:00,1287702,086,4763,2,0,1790123286,,,SCHEDULED
2026-09-23T00:06:59.508401+00:00,1287702,086,113,3,0,1790123324,,,SCHEDULED
2026-09-23T00:06:59.508401+00:00,1287702,086,525,4,0,1790123413,,,SCHEDULED
2026-09-23T00:06:59.508401+00:00,1287702,086,526,5,0,1790123505,,,SCHEDULED
2026-09-23T00:06:59.508401+00:00,1287702,086,527,6,0,1790123534,,,SCHEDULED
2026-09-23T00:06:59.508401+00:00,1287702,086,528,7,0,1790123594,,,SCHEDULED
2026-09-23T00:06:59.508401+00:00,1287702,086,5252,8,0,1790123729,,,SCHEDULED
2026-09-23T00:06:59.508401+00:00,1286859,072,496,24,0,1790122075,,,SCHEDULED
2026-09-23T00:06:59.508401+00:00,1286859,072,3866,25,0,1790122144,,,SCHEDULED
2026-09-23T00:06:59.508401+00:00,1286859,072,3867,26,0,1790122185,,,SCHEDULED
2026-09-23T00:06:59.508401+00:00,1286859,072,3868,27,0,1790122219,,,SCHEDULED
2026-09-23T00:06:59.508401+00:00,1286859,072,3869,28,0,1790122262,,,SCHEDULED
2026-09-23T00:06:59.508401+00:00,1286859,072,3870,29,0,1790122300,,,SCHEDULED
2026-09-23T00:06:59.508401+00:00,1286859,072,3871,30,0,1790122384,,,SCHEDULED
2026-09-23T00:06:59.508401+00:00,1286859,072,3872,31,0,1790122438,,,SCHEDULED
2026-09-23T00:06:59.508401+00:00,1288190,106,221,2,0,1790122093,,,SCHEDULED
2026-09-23T00:06:59.508401+00:00,1288190,106,222,3,0,1790122120,,,SCHEDULED
2026-09-23T00:06:59.508401+00:00,1288190,106,223,4,0,1790122222,,,SCHEDULED
2026-09-23T00:06:59.508401+00:00,1288190,106,225,5,0,1790122348,,,SCHEDULED
2026-09-23T00:06:59.508401+00:00,1288190,106,226,6,0,1790122407,,,SCHEDULED
2026-09-23T00:06:59.508401+00:00,1288190,106,108,7,0,1790122509,,,SCHEDULED
2026-09-23T00:06:59.508401+00:00,1288190,106,109,8,0,1790122578,,,SCHEDULED
2026-09-23T00:06:59.508401+00:00,1288190,106,110,9,0,1790122609,,,SCHEDULED
2026-09-23T00:06:59.508401+00:00,1288190,106,111,10,0,1790122632,,,SCHEDULED
2026-09-23T00:06:59.508401+00:00,1288190,106,112,11,0,1790122693,,,SCHEDULED
2026-09-23T00:06:59.508401+00:00,1288190,106,973,12,0,1790122851,,,SCHEDULED
2026-09-23T00:06:59.508401+00:00,1288190,106,974,13,0,1790122899,,,SCHEDULED
2026-09-23T00:06:59.508401+00:00,1288190,106,975,14,0,1790122938,,,SCHEDULED
2026-09-23T00:06:59.508401+00:00,1288190,106,976,15,0,1790123063,,,SCHEDULED
2026-09-23T00:06:59.508401+00:00,1288190,106,977,16,0,1790123143,,,SCHEDULED
2026-09-23T00:06:59.508401+00:00,1288190,106,978,17,0,1790123166,,,SCHEDULED
2026-09-23T00:06:59.508401+00:00,1288190,106,979,18,0,1790123198,,,SCHEDULED
2026-09-23T00:06:59.508401+00:00,1288190,106,980,19,0,1790123215,,,SCHEDULED
2026-09-23T00:06:59.508401+00:00,1288190,106,981,20,0,1790123234,,,SCHEDULED
2026-09-23T00:06:59.508401+00:00,1288190,106,983,21,0,1790123284,,,SCHEDULED
2026-09-23T00:06:59.508401+00:00,1288190,106,984,22,0,1790123301,,,SCHEDULED
2026-09-23T00:06:59.508401+00:00,1288190,106,985,23,0,1790123325,,,SCHEDULED
2026-09-23T00:06:59.508401+00:00,1288190,106,986,24,0,1790123358,,,SCHEDULED
2026-09-23T00:06:59.508401+00:00,1288190,106,987,25,0,1790123421,,,SCHEDULED
2026-09-23T00:06:59.508401+00:00,1288190,106,988,26,0,1790123443,,,SCHEDULED
2026-09-23T00:06:59.508401+00:00,1288190,106,989,27,0,1790123553,,,SCHEDULED
2026-09-23T00:06:59.508401+00:00,1288190,106,990,28,0,1790123617,,,SCHEDULED
2026-09-23T00:06:59.508401+00:00,1288190,106,992,29,0,1790123687,,,SCHEDULED
2026-09-23T00:06:59.508401+00:00,1288190,106,993,30,0,1790123714,,,SCHEDULED
2026-09-23T00:06:59.508401+00:00,1288190,106,994,31,0,1790123753,,,SCHEDULED
2026-09-23T00:06:59.508401+00:00,1284392,011,1773,23,0,1790122013,,,SCHEDULED
2026-09-23T00:06:59.508401+00:00,1284392,011,1774,24,0,1790122078,,,SCHEDULED
2026-09-23T00:06:59.508401+00:00,1284392,011,1775,25,0,1790122120,,,SCHEDULED
2026-09-23T00:06:59.508401+00:00,1284392,011,1776,26,0,1790122147,,,SCHEDULED
2026-09-23T00:06:59.508401+00:00,1284392,011,325,27,0,1790122273,,,SCHEDULED
2026-09-23T00:06:59.508401+00:00,1284392,011,327,29,0,1790122335,,,SCHEDULED
2026-09-23T00:06:59.508401+00:00,1284392,011,328,30,0,1790122365,,,SCHEDULED
2026-09-23T00:06:59.508401+00:00,1284392,011,329,31,0,1790122414,,,SCHEDULED
2026-09-23T00:06:59.508401+00:00,1284392,011,330,32,0,1790122463,,,SCHEDULED
2026-09-23T00:06:59.508401+00:00,1284392,011,331,33,0,1790122493,,,SCHEDULED
2026-09-23T00:06:59.508401+00:00,1284392,011,668,34,0,1790122554,,,SCHEDULED
2026-09-23T00:06:59.508401+00:00,1284392,011,605,35,0,1790122943,,,SCHEDULED
2026-09-23T00:06:59.508401+00:00,1284392,011,606,36,0,1790123019,,,SCHEDULED
2026-09-23T00:06:59.508401+00:00,1284392,011,608,37,0,1790123064,,,SCHEDULED
2026-09-23T00:06:59.508401+00:00,1284392,011,607,38,0,1790123128,,,SCHEDULED
2026-09-23T00:06:59.508401+00:00,1284392,011,8922,39,0,1790123558,,,SCHEDULED
2026-09-23T00:06:59.508401+00:00,1284392,011,8923,40,0,1790123604,,,SCHEDULED
2026-09-23T00:06:59.508401+00:00,1284392,011,8924,41,0,1790123637,,,SCHEDULED
2026-09-23T00:06:59.508401+00:00,1284392,011,8925,42,0,1790123672,,,SCHEDULED
2026-09-23T00:06:59.508401+00:00,1284392,011,8926,43,0,1790123718,,,SCHEDULED
2026-09-23T00:06:59.508401+00:00,1284392,011,8927,44,0,1790123767,,,SCHEDULED
2026-09-23T00:06:59.508401+00:00,1288195,109,1792,14,0,1790122042,,,SCHEDULED
2026-09-23T00:06:59.508401+00:00,1288195,109,1793,15,0,1790122083,,,SCHEDULED
2026-09-23T00:06:59.508401+00:00,1288195,109,447,16,0,1790123772,,,SCHEDULED
2026-09-23T00:06:59.508401+00:00,1284391,011,2425,1,,,0,1790122560,SCHEDULED
2026-09-23T00:06:59.508401+00:00,1284391,011,2501,2,0,1790122635,,,SCHEDULED
2026-09-23T00:06:59.508401+00:00,1284391,011,5353,3,0,1790122660,,,SCHEDULED
2026-09-23T00:06:59.508401+00:00,1284391,011,3214,4,0,1790122724,,,SCHEDULED
2026-09-23T00:06:59.508401+00:00,1284391,011,2276,5,0,1790122765,,,SCHEDULED
2026-09-23T00:06:59.508401+00:00,1284391,011,8303,6,0,1790122812,,,SCHEDULED
2026-09-23T00:06:59.508401+00:00,1284391,011,8302,7,0,1790122858,,,SCHEDULED
2026-09-23T00:06:59.508401+00:00,1284391,011,1046,8,0,1790122964,,,SCHEDULED
2026-09-23T00:06:59.508401+00:00,1284391,011,1047,9,0,1790123040,,,SCHEDULED
2026-09-23T00:06:59.508401+00:00,1284391,011,1049,10,0,1790123085,,,SCHEDULED
2026-09-23T00:06:59.508401+00:00,1284391,011,1050,11,0,1790123120,,,SCHEDULED
2026-09-23T00:06:59.508401+00:00,1284391,011,1051,12,0,1790123154,,,SCHEDULED
2026-09-23T00:06:59.508401+00:00,1284391,011,215,13,0,1790123328,,,SCHEDULED
2026-09-23T00:06:59.508401+00:00,1284391,011,216,14,0,1790123357,,,SCHEDULED
2026-09-23T00:06:59.508401+00:00,1284391,011,217,15,0,1790123380,,,SCHEDULED
2026-09-23T00:06:59.508401+00:00,1284391,011,218,16,0,1790123405,,,SCHEDULED
2026-09-23T00:06:59.508401+00:00,1284391,011,219,17,0,1790123425,,,SCHEDULED
2026-09-23T00:06:59.508401+00:00,1284391,011,1926,18,0,1790123460,,,SCHEDULED
2026-09-23T00:06:59.508401+00:00,1284391,011,1940,19,0,1790123490,,,SCHEDULED
2026-09-23T00:06:59.508401+00:00,1284391,011,1770,20,0,1790123540,,,SCHEDULED
2026-09-23T00:06:59.508401+00:00,1284391,011,1771,21,0,1790123571,,,SCHEDULED
2026-09-23T00:06:59.508401+00:00,1284391,011,1772,22,0,1790123617,,,SCHEDULED
2026-09-23T00:06:59.508401+00:00,1284391,011,1773,23,0,1790123678,,,SCHEDULED
2026-09-23T00:06:59.508401+00:00,1284391,011,1774,24,0,1790123743,,,SCHEDULED
2026-09-23T00:06:59.508401+00:00,1288196,109,5305,1,,,0,1790122727,SCHEDULED
2026-09-23T00:06:59.508401+00:00,1288196,109,221,2,0,1790122791,,,SCHEDULED
2026-09-23T00:06:59.508401+00:00,1288196,109,222,3,0,1790122813,,,SCHEDULED
2026-09-23T00:06:59.508401+00:00,1288196,109,223,4,0,1790122896,,,SCHEDULED
2026-09-23T00:06:59.508401+00:00,1288196,109,225,5,0,1790123066,,,SCHEDULED
2026-09-23T00:06:59.508401+00:00,1288196,109,226,6,0,1790123150,,,SCHEDULED
2026-09-23T00:06:59.508401+00:00,1288196,109,108,7,0,1790123212,,,SCHEDULED
2026-09-23T00:06:59.508401+00:00,1288196,109,109,8,0,1790123257,,,SCHEDULED
2026-09-23T00:06:59.508401+00:00,1288196,109,111,9,0,1790123312,,,SCHEDULED
2026-09-23T00:06:59.508401+00:00,1288196,109,1782,10,0,1790123431,,,SCHEDULED
2026-09-23T00:06:59.508401+00:00,1288196,109,1784,11,0,1790123515,,,SCHEDULED
2026-09-23T00:06:59.508401+00:00,1288196,109,1785,12,0,1790123563,,,SCHEDULED
2026-09-23T00:06:59.508401+00:00,1288196,109,1790,13,0,1790123690,,,SCHEDULED
2026-09-23T00:06:59.508401+00:00,1285010,021,1070,1,,,0,1790122720,SCHEDULED
2026-09-23T00:06:59.508401+00:00,1285010,021,3327,2,0,1790122725,,,SCHEDULED
2026-09-23T00:06:59.508401+00:00,1285010,021,3328,3,0,1790122849,,,SCHEDULED
2026-09-23T00:06:59.508401+00:00,1285010,021,3329,4,0,1790122887,,,SCHEDULED
2026-09-23T00:06:59.508401+00:00,1285010,021,3330,5,0,1790122925,,,SCHEDULED
2026-09-23T00:06:59.508401+00:00,1285010,021,3331,6,0,1790122992,,,SCHEDULED
2026-09-23T00:06:59.508401+00:00,1285010,021,3706,7,0,1790123094,,,SCHEDULED
2026-09-23T00:06:59.508401+00:00,1285010,021,3707,8,0,1790123126,,,SCHEDULED
2026-09-23T00:06:59.508401+00:00,1285010,021,3708,9,0,1790123341,,,SCHEDULED
2026-09-23T00:06:59.508401+00:00,1285010,021,3709,10,0,1790123512,,,SCHEDULED
2026-09-23T00:06:59.508401+00:00,1285010,021,3710,11,0,1790123547,,,SCHEDULED
2026-09-23T00:06:59.508401+00:00,1285010,021,3711,12,0,1790123598,,,SCHEDULED
2026-09-23T00:06:59.508401+00:00,1285010,021,3712,13,0,1790123611,,,SCHEDULED
2026-09-23T00:06:59.508401+00:00,1285010,021,3713,14,0,1790123631,,,SCHEDULED
2026-09-23T00:06:59.508401+00:00,1285010,021,1184,15,0,1790123787,,,SCHEDULED
2026-09-23T00:06:59.508401+00:00,1288488,177,664,1,,,0,1790122675,SCHEDULED
2026-09-23T00:06:59.508401+00:00,1288488,177,8006,2,0,1790122682,,,SCHEDULED
2026-09-23T00:06:59.508401+00:00,1288488,177,8007,3,0,1790122688,,,SCHEDULED
2026-09-23T00:06:59.508401+00:00,1288488,177,844,4,0,1790122697,,,SCHEDULED
2026-09-23T00:06:59.508401+00:00,1288488,177,4199,5,0,1790122790,,,SCHEDULED
2026-09-23T00:06:59.508401+00:00,1288488,177,4200,6,0,1790122816,,,SCHEDULED
2026-09-23T00:06:59.508401+00:00,1288487,177,664,1,,,0,1790123575,SCHEDULED
2026-09-23T00:06:59.508401+00:00,1288487,177,8006,2,0,1790123582,,,SCHEDULED
2026-09-23T00:06:59.508401+00:00,1288487,177,8007,3,0,1790123588,,,SCHEDULED
2026-09-23T00:06:59.508401+00:00,1288487,177,844,4,0,1790123597,,,SCHEDULED
2026-09-23T00:06:59.508401+00:00,1288487,177,4199,5,0,1790123690,,,SCHEDULED
2026-09-23T00:06:59.508401+00:00,1288487,177,4200,6,0,1790123716,,,SCHEDULED
2026-09-23T00:06:59.508401+00:00,1286582,067,887,1,,,0,1790122980,SCHEDULED
2026-09-23T00:06:59.508401+00:00,1286582,067,286,2,0,1790123414,,,SCHEDULED
2026-09-23T00:06:59.508401+00:00,1286582,067,4439,3,0,1790123491,,,SCHEDULED
2026-09-23T00:06:59.508401+00:00,1286582,067,4440,4,0,1790123514,,,SCHEDULED
2026-09-23T00:06:59.508401+00:00,1286582,067,4441,5,0,1790123525,,,SCHEDULED
2026-09-23T00:06:59.508401+00:00,1286582,067,4015,6,0,1790123540,,,SCHEDULED
2026-09-23T00:06:59.508401+00:00,1286582,067,4016,7,0,1790123593,,,SCHEDULED
2026-09-23T00:06:59.508401+00:00,1286582,067,4017,8,0,1790123643,,,SCHEDULED
2026-09-23T00:06:59.508401+00:00,1286582,067,3914,9,0,1790123760,,,SCHEDULED
2026-09-23T00:06:59.508401+00:00,1285012,021,2722,28,0,1790122128,,,SCHEDULED
2026-09-23T00:06:59.508401+00:00,1285012,021,2723,29,0,1790122187,,,SCHEDULED
2026-09-23T00:06:59.508401+00:00,1285012,021,2724,30,0,1790122291,,,SCHEDULED
2026-09-23T00:06:59.508401+00:00,1285012,021,2726,31,0,1790122388,,,SCHEDULED
2026-09-23T00:06:59.508401+00:00,1285012,021,2727,32,0,1790122401,,,SCHEDULED
2026-09-23T00:06:59.508401+00:00,1285012,021,2728,33,0,1790122434,,,SCHEDULED
2026-09-23T00:06:59.508401+00:00,1285012,021,2729,34,0,1790122582,,,SCHEDULED
2026-09-23T00:06:59.508401+00:00,1285012,021,2730,35,0,1790122611,,,SCHEDULED
2026-09-23T00:06:59.508401+00:00,1285012,021,2731,36,0,1790122655,,,SCHEDULED
2026-09-23T00:06:59.508401+00:00,1285012,021,2732,37,0,1790122668,,,SCHEDULED
2026-09-23T00:06:59.508401+00:00,1285012,021,2733,38,0,1790122709,,,SCHEDULED
2026-09-23T00:06:59.508401+00:00,1285012,021,2734,39,0,1790122749,,,SCHEDULED
2026-09-23T00:06:59.508401+00:00,1285012,021,2735,40,0,1790122800,,,SCHEDULED
2026-09-23T00:06:59.508401+00:00,1285012,021,2736,41,0,1790122867,,,SCHEDULED
2026-09-23T00:06:59.508401+00:00,1285012,021,2737,42,0,1790122909,,,SCHEDULED
2026-09-23T00:06:59.508401+00:00,1285012,021,2738,43,0,1790122928,,,SCHEDULED
2026-09-23T00:06:59.508401+00:00,1287671,086,241,1,,,0,1790122060,SCHEDULED
2026-09-23T00:06:59.508401+00:00,1287671,086,558,2,0,1790122171,,,SCHEDULED
2026-09-23T00:06:59.508401+00:00,1287671,086,559,3,0,1790122227,,,SCHEDULED
2026-09-23T00:06:59.508401+00:00,1287671,086,560,4,0,1790122291,,,SCHEDULED
2026-09-23T00:06:59.508401+00:00,1287671,086,561,5,0,1790122307,,,SCHEDULED
2026-09-23T00:06:59.508401+00:00,1287671,086,562,6,0,1790122396,,,SCHEDULED
2026-09-23T00:06:59.508401+00:00,1287671,086,849,7,0,1790122516,,,SCHEDULED
2026-09-23T00:06:59.508401+00:00,1287671,086,850,8,0,1790122556,,,SCHEDULED
2026-09-23T00:06:59.508401+00:00,1287671,086,851,9,0,1790122624,,,SCHEDULED
2026-09-23T00:06:59.508401+00:00,1287671,086,852,10,0,1790122679,,,SCHEDULED
2026-09-23T00:06:59.508401+00:00,1287671,086,853,11,0,1790122702,,,SCHEDULED
2026-09-23T00:06:59.508401+00:00,1287671,086,854,12,0,1790122747,,,SCHEDULED
2026-09-23T00:06:59.508401+00:00,1287671,086,855,13,0,1790122770,,,SCHEDULED
2026-09-23T00:06:59.508401+00:00,1287671,086,856,14,0,1790122809,,,SCHEDULED
2026-09-23T00:06:59.508401+00:00,1287671,086,813,15,0,1790122890,,,SCHEDULED
2026-09-23T00:06:59.508401+00:00,1287671,086,814,16,0,1790122966,,,SCHEDULED
2026-09-23T00:06:59.508401+00:00,1287671,086,815,17,0,1790122986,,,SCHEDULED
2026-09-23T00:06:59.508401+00:00,1287671,086,701,18,0,1790123051,,,SCHEDULED
2026-09-23T00:06:59.508401+00:00,1287671,086,702,19,0,1790123073,,,SCHEDULED
2026-09-23T00:06:59.508401+00:00,1287671,086,3240,20,0,1790123242,,,SCHEDULED
2026-09-23T00:06:59.508401+00:00,1287671,086,3241,21,0,1790123295,,,SCHEDULED
2026-09-23T00:06:59.508401+00:00,1287671,086,3242,22,0,1790123344,,,SCHEDULED
2026-09-23T00:06:59.508401+00:00,1287671,086,3243,23,0,1790123376,,,SCHEDULED
2026-09-23T00:06:59.508401+00:00,1287671,086,3244,24,0,1790123399,,,SCHEDULED
2026-09-23T00:06:59.508401+00:00,1287671,086,3246,25,0,1790123480,,,SCHEDULED
2026-09-23T00:06:59.508401+00:00,1287671,086,3247,26,0,1790123510,,,SCHEDULED
2026-09-23T00:06:59.508401+00:00,1287671,086,3248,27,0,1790123594,,,SCHEDULED
2026-09-23T00:06:59.508401+00:00,1287671,086,3249,28,0,1790123634,,,SCHEDULED
2026-09-23T00:06:59.508401+00:00,1287671,086,3250,29,0,1790123678,,,SCHEDULED
2026-09-23T00:06:59.508401+00:00,1287671,086,3251,30,0,1790123705,,,SCHEDULED
2026-09-23T00:06:59.508401+00:00,1287671,086,3252,31,0,1790123746,,,SCHEDULED
2026-09-23T00:06:59.508401+00:00,1285011,021,1184,15,0,1790121995,,,SCHEDULED
2026-09-23T00:06:59.508401+00:00,1285011,021,3301,16,0,1790122099,,,SCHEDULED
2026-09-23T00:06:59.508401+00:00,1285011,021,1200,17,0,1790122238,,,SCHEDULED
2026-09-23T00:06:59.508401+00:00,1285011,021,1201,18,0,1790122331,,,SCHEDULED
2026-09-23T00:06:59.508401+00:00,1285011,021,1202,19,0,1790122374,,,SCHEDULED
2026-09-23T00:06:59.508401+00:00,1285011,021,1203,20,0,1790122415,,,SCHEDULED
2026-09-23T00:06:59.508401+00:00,1285011,021,1204,21,0,1790122474,,,SCHEDULED
2026-09-23T00:06:59.508401+00:00,1285011,021,1205,22,0,1790122555,,,SCHEDULED
2026-09-23T00:06:59.508401+00:00,1285011,021,1206,23,0,1790122601,,,SCHEDULED
2026-09-23T00:06:59.508401+00:00,1285011,021,1207,24,0,1790122681,,,SCHEDULED
2026-09-23T00:06:59.508401+00:00,1285011,021,2719,25,0,1790122861,,,SCHEDULED
2026-09-23T00:06:59.508401+00:00,1285011,021,2934,26,0,1790122885,,,SCHEDULED
2026-09-23T00:06:59.508401+00:00,1285011,021,2935,27,0,1790122928,,,SCHEDULED
2026-09-23T00:06:59.508401+00:00,1285011,021,2722,28,0,1790123287,,,SCHEDULED
2026-09-23T00:06:59.508401+00:00,1285011,021,2723,29,0,1790123334,,,SCHEDULED
2026-09-23T00:06:59.508401+00:00,1285011,021,2724,30,0,1790123418,,,SCHEDULED
2026-09-23T00:06:59.508401+00:00,1285011,021,2726,31,0,1790123500,,,SCHEDULED
2026-09-23T00:06:59.508401+00:00,1285011,021,2727,32,0,1790123521,,,SCHEDULED
2026-09-23T00:06:59.508401+00:00,1285011,021,2728,33,0,1790123554,,,SCHEDULED
2026-09-23T00:06:59.508401+00:00,1284046,001,563,24,0,1790122067,,,SCHEDULED
2026-09-23T00:06:59.508401+00:00,1284046,001,565,25,0,1790122145,,,SCHEDULED
2026-09-23T00:06:59.508401+00:00,1284046,001,566,26,0,1790122220,,,SCHEDULED
2026-09-23T00:06:59.508401+00:00,1284046,001,567,27,0,1790122246,,,SCHEDULED
2026-09-23T00:06:59.508401+00:00,1284046,001,568,28,0,1790122317,,,SCHEDULED
2026-09-23T00:06:59.508401+00:00,1284046,001,570,29,0,1790122347,,,SCHEDULED
2026-09-23T00:06:59.508401+00:00,1284046,001,573,30,0,1790122383,,,SCHEDULED
2026-09-23T00:06:59.508401+00:00,1284046,001,3097,31,0,1790122437,,,SCHEDULED
2026-09-23T00:06:59.508401+00:00,1284046,001,3098,32,0,1790122561,,,SCHEDULED
2026-09-23T00:06:59.508401+00:00,1286346,061,4140,1,,,0,1790123429,SCHEDULED
2026-09-23T00:06:59.508401+00:00,1286346,061,4361,2,0,1790123482,,,SCHEDULED
2026-09-23T00:06:59.508401+00:00,1286346,061,4362,3,0,1790123516,,,SCHEDULED
2026-09-23T00:06:59.508401+00:00,1286346,061,4360,4,0,1790123545,,,SCHEDULED
2026-09-23T00:06:59.508401+00:00,1286346,061,4363,5,0,1790123558,,,SCHEDULED
2026-09-23T00:06:59.508401+00:00,1286346,061,4364,6,0,1790123630,,,SCHEDULED
2026-09-23T00:06:59.508401+00:00,1286346,061,4365,7,0,1790123667,,,SCHEDULED
2026-09-23T00:06:59.508401+00:00,1286742,068,2666,35,0,1790122000,,,SCHEDULED
2026-09-23T00:06:59.508401+00:00,1286742,068,2667,36,0,1790122052,,,SCHEDULED
2026-09-23T00:06:59.508401+00:00,1286742,068,2670,37,0,1790122140,,,SCHEDULED
2026-09-23T00:06:59.508401+00:00,1286742,068,2671,38,0,1790122171,,,SCHEDULED
2026-09-23T00:06:59.508401+00:00,1286742,068,2672,39,0,1790122205,,,SCHEDULED
2026-09-23T00:06:59.508401+00:00,1286742,068,2675,40,0,1790122257,,,SCHEDULED
2026-09-23T00:06:59.508401+00:00,1286742,068,2676,41,0,1790122297,,,SCHEDULED
2026-09-23T00:06:59.508401+00:00,1286742,068,2679,42,0,1790122320,,,SCHEDULED
2026-09-23T00:06:59.508401+00:00,1286742,068,2680,43,0,1790122363,,,SCHEDULED
2026-09-23T00:06:59.508401+00:00,1286742,068,2681,44,0,1790122389,,,SCHEDULED
2026-09-23T00:06:59.508401+00:00,1286742,068,2678,45,0,1790122446,,,SCHEDULED
2026-09-23T00:06:59.508401+00:00,1286742,068,2682,46,0,1790122472,,,SCHEDULED
2026-09-23T00:06:59.508401+00:00,1286742,068,1857,47,0,1790122650,,,SCHEDULED
2026-09-23T00:06:59.508401+00:00,1286742,068,1858,48,0,1790122687,,,SCHEDULED
2026-09-23T00:06:59.508401+00:00,1286742,068,1859,49,0,1790122791,,,SCHEDULED
2026-09-23T00:06:59.508401+00:00,1286742,068,1860,50,0,1790122860,,,SCHEDULED
2026-09-23T00:06:59.508401+00:00,1286742,068,1861,51,0,1790122883,,,SCHEDULED
2026-09-23T00:06:59.508401+00:00,1286742,068,1862,52,0,1790122934,,,SCHEDULED
2026-09-23T00:06:59.508401+00:00,1286742,068,1863,53,0,1790123000,,,SCHEDULED
2026-09-23T00:06:59.508401+00:00,1286742,068,2399,54,0,1790123163,,,SCHEDULED
2026-09-23T00:06:59.508401+00:00,1286742,068,2400,55,0,1790123203,,,SCHEDULED
2026-09-23T00:06:59.508401+00:00,1286742,068,2401,56,0,1790123221,,,SCHEDULED
2026-09-23T00:06:59.508401+00:00,1286742,068,2402,57,0,1790123280,,,SCHEDULED
2026-09-23T00:06:59.508401+00:00,1286742,068,2403,58,0,1790123391,,,SCHEDULED
2026-09-23T00:06:59.508401+00:00,1286742,068,2404,59,0,1790123437,,,SCHEDULED
2026-09-23T00:06:59.508401+00:00,1286742,068,2405,60,0,1790123493,,,SCHEDULED
2026-09-23T00:06:59.508401+00:00,1286742,068,2406,61,0,1790123545,,,SCHEDULED
2026-09-23T00:06:59.508401+00:00,1286742,068,2407,62,0,1790123594,,,SCHEDULED
2026-09-23T00:06:59.508401+00:00,1286742,068,2408,63,0,1790123660,,,SCHEDULED
2026-09-23T00:06:59.508401+00:00,1286742,068,2409,64,0,1790123695,,,SCHEDULED
2026-09-23T00:06:59.508401+00:00,1286742,068,2410,65,0,1790123744,,,SCHEDULED
2026-09-23T00:06:59.508401+00:00,1287952,088,610,10,0,1790122606,,,SCHEDULED
2026-09-23T00:06:59.508401+00:00,1287952,088,611,11,0,1790122729,,,SCHEDULED
2026-09-23T00:06:59.508401+00:00,1287952,088,612,12,0,1790122753,,,SCHEDULED
2026-09-23T00:06:59.508401+00:00,1287952,088,613,13,0,1790122778,,,SCHEDULED
2026-09-23T00:06:59.508401+00:00,1287952,088,614,14,0,1790122834,,,SCHEDULED
2026-09-23T00:06:59.508401+00:00,1287952,088,615,15,0,1790122959,,,SCHEDULED
2026-09-23T00:06:59.508401+00:00,1287952,088,616,16,0,1790123021,,,SCHEDULED
2026-09-23T00:06:59.508401+00:00,1287952,088,617,17,0,1790123074,,,SCHEDULED
2026-09-23T00:06:59.508401+00:00,1287952,088,618,18,0,1790123159,,,SCHEDULED
2026-09-23T00:06:59.508401+00:00,1287952,088,619,19,0,1790123244,,,SCHEDULED
2026-09-23T00:06:59.508401+00:00,1287952,088,620,20,0,1790123294,,,SCHEDULED
2026-09-23T00:06:59.508401+00:00,1287952,088,621,21,0,1790123326,,,SCHEDULED
2026-09-23T00:06:59.508401+00:00,1287952,088,622,22,0,1790123400,,,SCHEDULED
2026-09-23T00:06:59.508401+00:00,1287952,088,623,23,0,1790123401,,,SCHEDULED
2026-09-23T00:06:59.508401+00:00,1287952,088,624,24,0,1790123404,,,SCHEDULED
2026-09-23T00:06:59.508401+00:00,1287952,088,625,25,0,1790123477,,,SCHEDULED
2026-09-23T00:06:59.508401+00:00,1287952,088,626,26,0,1790123542,,,SCHEDULED
2026-09-23T00:06:59.508401+00:00,1287952,088,5271,27,0,1790123647,,,SCHEDULED
2026-09-23T00:06:59.508401+00:00,1286743,068,1860,50,0,1790122074,,,SCHEDULED
2026-09-23T00:06:59.508401+00:00,1286743,068,1861,51,0,1790122178,,,SCHEDULED
2026-09-23T00:06:59.508401+00:00,1286743,068,1862,52,0,1790122286,,,SCHEDULED
2026-09-23T00:06:59.508401+00:00,1286743,068,1863,53,0,1790122344,,,SCHEDULED
2026-09-23T00:06:59.508401+00:00,1286743,068,2399,54,0,1790122451,,,SCHEDULED
2026-09-23T00:06:59.508401+00:00,1286743,068,2400,55,0,1790122496,,,SCHEDULED
2026-09-23T00:06:59.508401+00:00,1286743,068,2401,56,0,1790122527,,,SCHEDULED
2026-09-23T00:06:59.508401+00:00,1286743,068,2402,57,0,1790122596,,,SCHEDULED
2026-09-23T00:06:59.508401+00:00,1286743,068,2403,58,0,1790122706,,,SCHEDULED
2026-09-23T00:06:59.508401+00:00,1286743,068,2404,59,0,1790122803,,,SCHEDULED
2026-09-23T00:06:59.508401+00:00,1286743,068,2405,60,0,1790122840,,,SCHEDULED
2026-09-23T00:06:59.508401+00:00,1286743,068,2406,61,0,1790122879,,,SCHEDULED
2026-09-23T00:06:59.508401+00:00,1286743,068,2407,62,0,1790122920,,,SCHEDULED
2026-09-23T00:06:59.508401+00:00,1286743,068,2408,63,0,1790123009,,,SCHEDULED
2026-09-23T00:06:59.508401+00:00,1286743,068,2409,64,0,1790123037,,,SCHEDULED
2026-09-23T00:06:59.508401+00:00,1286743,068,2410,65,0,1790123097,,,SCHEDULED
2026-09-23T00:06:59.508401+00:00,1286743,068,3939,66,0,1790123325,,,SCHEDULED
2026-09-23T00:06:59.508401+00:00,1286743,068,5107,67,0,1790123423,,,SCHEDULED
2026-09-23T00:06:59.508401+00:00,1286743,068,4020,68,0,1790123461,,,SCHEDULED
2026-09-23T00:06:59.508401+00:00,1286743,068,4021,69,0,1790123499,,,SCHEDULED
2026-09-23T00:06:59.508401+00:00,1286743,068,4022,70,0,1790123542,,,SCHEDULED
2026-09-23T00:06:59.508401+00:00,1286743,068,242,71,0,1790123623,,,SCHEDULED
2026-09-23T00:06:59.508401+00:00,1286743,068,243,72,0,1790123649,,,SCHEDULED
2026-09-23T00:06:59.508401+00:00,1286743,068,244,73,0,1790123672,,,SCHEDULED
2026-09-23T00:06:59.508401+00:00,1286743,068,1038,74,0,1790123704,,,SCHEDULED
2026-09-23T00:06:59.508401+00:00,1286347,061,4811,8,0,1790121998,,,SCHEDULED
2026-09-23T00:06:59.508401+00:00,1286347,061,4810,9,0,1790122052,,,SCHEDULED
2026-09-23T00:06:59.508401+00:00,1286347,061,4266,10,0,1790122132,,,SCHEDULED
2026-09-23T00:06:59.508401+00:00,1286347,061,4267,11,0,1790122199,,,SCHEDULED
2026-09-23T00:06:59.508401+00:00,1286347,061,4268,12,0,1790122221,,,SCHEDULED
2026-09-23T00:06:59.508401+00:00,1286347,061,187,13,0,1790122320,,,SCHEDULED
2026-09-23T00:06:59.508401+00:00,1286347,061,189,14,0,1790122380,,,SCHEDULED
2026-09-23T00:06:59.508401+00:00,1286347,061,1034,15,0,1790122518,,,SCHEDULED
2026-09-23T00:06:59.508401+00:00,1286347,061,1035,16,0,1790122555,,,SCHEDULED
2026-09-23T00:06:59.508401+00:00,1286347,061,6101,17,0,1790122615,,,SCHEDULED
2026-09-23T00:06:59.508401+00:00,1286347,061,2282,18,0,1790122737,,,SCHEDULED
2026-09-23T00:06:59.508401+00:00,1286347,061,2283,19,0,1790122848,,,SCHEDULED
2026-09-23T00:06:59.508401+00:00,1286347,061,2284,20,0,1790122866,,,SCHEDULED
2026-09-23T00:06:59.508401+00:00,1286347,061,2285,21,0,1790122889,,,SCHEDULED
2026-09-23T00:06:59.508401+00:00,1286347,061,2286,22,0,1790122913,,,SCHEDULED
2026-09-23T00:06:59.508401+00:00,1286347,061,2287,23,0,1790122975,,,SCHEDULED
2026-09-23T00:06:59.508401+00:00,1286347,061,2288,24,0,1790123014,,,SCHEDULED
2026-09-23T00:06:59.508401+00:00,1286347,061,2289,25,0,1790123109,,,SCHEDULED
2026-09-23T00:06:59.508401+00:00,1286347,061,2290,26,0,1790123168,,,SCHEDULED
2026-09-23T00:06:59.508401+00:00,1286347,061,2291,27,0,1790123250,,,SCHEDULED
2026-09-23T00:06:59.508401+00:00,1286347,061,2292,28,0,1790123338,,,SCHEDULED
2026-09-23T00:06:59.508401+00:00,1286347,061,2293,29,0,1790123402,,,SCHEDULED
2026-09-23T00:06:59.508401+00:00,1286347,061,2294,30,0,1790123466,,,SCHEDULED
2026-09-23T00:06:59.508401+00:00,1286347,061,2295,31,0,1790123547,,,SCHEDULED
2026-09-23T00:06:59.508401+00:00,1286347,061,2296,32,0,1790123698,,,SCHEDULED
2026-09-23T00:06:59.508401+00:00,1286347,061,2297,33,0,1790123726,,,SCHEDULED
2026-09-23T00:06:59.508401+00:00,1284048,001,1184,1,,,0,1790122372,SCHEDULED
2026-09-23T00:06:59.508401+00:00,1284048,001,3301,2,0,1790122380,,,SCHEDULED
2026-09-23T00:06:59.508401+00:00,1284048,001,1187,3,0,1790122465,,,SCHEDULED
2026-09-23T00:06:59.508401+00:00,1284048,001,1188,4,0,1790122542,,,SCHEDULED
2026-09-23T00:06:59.508401+00:00,1284048,001,1189,5,0,1790122592,,,SCHEDULED
2026-09-23T00:06:59.508401+00:00,1284048,001,1190,6,0,1790122692,,,SCHEDULED
2026-09-23T00:06:59.508401+00:00,1284048,001,1191,7,0,1790122717,,,SCHEDULED
2026-09-23T00:06:59.508401+00:00,1284048,001,1192,8,0,1790122770,,,SCHEDULED
2026-09-23T00:06:59.508401+00:00,1284048,001,1193,9,0,1790122820,,,SCHEDULED
2026-09-23T00:06:59.508401+00:00,1284048,001,1195,10,0,1790122899,,,SCHEDULED
2026-09-23T00:06:59.508401+00:00,1284048,001,1196,11,0,1790122953,,,SCHEDULED
2026-09-23T00:06:59.508401+00:00,1284048,001,1197,12,0,1790122996,,,SCHEDULED
2026-09-23T00:06:59.508401+00:00,1284048,001,1198,13,0,1790123019,,,SCHEDULED
2026-09-23T00:06:59.508401+00:00,1284048,001,3348,14,0,1790123180,,,SCHEDULED
2026-09-23T00:06:59.508401+00:00,1284048,001,3349,15,0,1790123257,,,SCHEDULED
2026-09-23T00:06:59.508401+00:00,1284048,001,3350,16,0,1790123304,,,SCHEDULED
2026-09-23T00:06:59.508401+00:00,1284048,001,3351,17,0,1790123342,,,SCHEDULED
2026-09-23T00:06:59.508401+00:00,1284048,001,3352,18,0,1790123454,,,SCHEDULED
2026-09-23T00:06:59.508401+00:00,1284048,001,3353,19,0,1790123487,,,SCHEDULED
2026-09-23T00:06:59.508401+00:00,1284048,001,3354,20,0,1790123500,,,SCHEDULED
2026-09-23T00:06:59.508401+00:00,1284048,001,3355,21,0,1790123614,,,SCHEDULED
2026-09-23T00:06:59.508401+00:00,1284048,001,3356,22,0,1790123628,,,SCHEDULED
2026-09-23T00:06:59.508401+00:00,1284048,001,3357,23,0,1790123636,,,SCHEDULED
2026-09-23T00:06:59.508401+00:00,1284048,001,563,24,0,1790123733,,,SCHEDULED
2026-09-23T00:06:59.508401+00:00,1286740,068,1099,1,,,0,1790123618,SCHEDULED
2026-09-23T00:06:59.508401+00:00,1286740,068,2645,2,0,1790123630,,,SCHEDULED
2026-09-23T00:06:59.508401+00:00,1286740,068,2643,3,0,1790123662,,,SCHEDULED
2026-09-23T00:06:59.508401+00:00,1286740,068,2644,4,0,1790123664,,,SCHEDULED
2026-09-23T00:06:59.508401+00:00,1286740,068,2646,5,0,1790123666,,,SCHEDULED
2026-09-23T00:06:59.508401+00:00,1286740,068,2647,6,0,1790123667,,,SCHEDULED
2026-09-23T00:06:59.508401+00:00,1284047,001,1197,12,0,1790122000,,,SCHEDULED
2026-09-23T00:06:59.508401+00:00,1284047,001,1198,13,0,1790122023,,,SCHEDULED
2026-09-23T00:06:59.508401+00:00,1284047,001,3348,14,0,1790122184,,,SCHEDULED
2026-09-23T00:06:59.508401+00:00,1284047,001,3349,15,0,1790122261,,,SCHEDULED
2026-09-23T00:06:59.508401+00:00,1284047,001,3350,16,0,1790122308,,,SCHEDULED
2026-09-23T00:06:59.508401+00:00,1284047,001,3351,17,0,1790122346,,,SCHEDULED
2026-09-23T00:06:59.508401+00:00,1284047,001,3352,18,0,1790122458,,,SCHEDULED
2026-09-23T00:06:59.508401+00:00,1284047,001,3353,19,0,1790122491,,,SCHEDULED
2026-09-23T00:06:59.508401+00:00,1284047,001,3354,20,0,1790122504,,,SCHEDULED
2026-09-23T00:06:59.508401+00:00,1284047,001,3355,21,0,1790122618,,,SCHEDULED
2026-09-23T00:06:59.508401+00:00,1284047,001,3356,22,0,1790122632,,,SCHEDULED
2026-09-23T00:06:59.508401+00:00,1284047,001,3357,23,0,1790122640,,,SCHEDULED
2026-09-23T00:06:59.508401+00:00,1284047,001,563,24,0,1790122737,,,SCHEDULED
2026-09-23T00:06:59.508401+00:00,1284047,001,565,25,0,1790122815,,,SCHEDULED
2026-09-23T00:06:59.508401+00:00,1284047,001,566,26,0,1790122890,,,SCHEDULED
2026-09-23T00:06:59.508401+00:00,1284047,001,567,27,0,1790122916,,,SCHEDULED
2026-09-23T00:06:59.508401+00:00,1284047,001,568,28,0,1790122987,,,SCHEDULED
2026-09-23T00:06:59.508401+00:00,1284047,001,570,29,0,1790123017,,,SCHEDULED
2026-09-23T00:06:59.508401+00:00,1284047,001,573,30,0,1790123053,,,SCHEDULED
2026-09-23T00:06:59.508401+00:00,1284047,001,3097,31,0,1790123107,,,SCHEDULED
2026-09-23T00:06:59.508401+00:00,1284047,001,3098,32,0,1790123231,,,SCHEDULED
2026-09-23T00:06:59.508401+00:00,1287951,088,418,1,,,0,1790122740,SCHEDULED
2026-09-23T00:06:59.508401+00:00,1287951,088,4763,2,0,1790122776,,,SCHEDULED
2026-09-23T00:06:59.508401+00:00,1287951,088,113,3,0,1790122800,,,SCHEDULED
2026-09-23T00:06:59.508401+00:00,1287951,088,525,4,0,1790122839,,,SCHEDULED
2026-09-23T00:06:59.508401+00:00,1287951,088,526,5,0,1790122883,,,SCHEDULED
2026-09-23T00:06:59.508401+00:00,1287951,088,527,6,0,1790122898,,,SCHEDULED
2026-09-23T00:06:59.508401+00:00,1287951,088,528,7,0,1790122913,,,SCHEDULED
2026-09-23T00:06:59.508401+00:00,1287951,088,5252,8,0,1790122972,,,SCHEDULED
2026-09-23T00:06:59.508401+00:00,1287951,088,531,9,0,1790122987,,,SCHEDULED
2026-09-23T00:06:59.508401+00:00,1287951,088,610,10,0,1790123396,,,SCHEDULED
2026-09-23T00:06:59.508401+00:00,1287951,088,611,11,0,1790123418,,,SCHEDULED
2026-09-23T00:06:59.508401+00:00,1287951,088,612,12,0,1790123446,,,SCHEDULED
2026-09-23T00:06:59.508401+00:00,1287951,088,613,13,0,1790123475,,,SCHEDULED
2026-09-23T00:06:59.508401+00:00,1287951,088,614,14,0,1790123520,,,SCHEDULED
2026-09-23T00:06:59.508401+00:00,1287951,088,615,15,0,1790123681,,,SCHEDULED
2026-09-23T00:06:59.508401+00:00,1287951,088,616,16,0,1790123713,,,SCHEDULED
2026-09-23T00:06:59.508401+00:00,1287951,088,617,17,0,1790123752,,,SCHEDULED
2026-09-23T00:06:59.508401+00:00,1286741,068,2647,6,0,1790122014,,,SCHEDULED
2026-09-23T00:06:59.508401+00:00,1286741,068,2648,7,0,1790122694,,,SCHEDULED
2026-09-23T00:06:59.508401+00:00,1286741,068,5344,8,0,1790122722,,,SCHEDULED
2026-09-23T00:06:59.508401+00:00,1286741,068,2649,9,0,1790122746,,,SCHEDULED
2026-09-23T00:06:59.508401+00:00,1286741,068,2650,10,0,1790122774,,,SCHEDULED
2026-09-23T00:06:59.508401+00:00,1286741,068,2651,11,0,1790122802,,,SCHEDULED
2026-09-23T00:06:59.508401+00:00,1286741,068,2653,12,0,1790122855,,,SCHEDULED
2026-09-23T00:06:59.508401+00:00,1286741,068,2654,13,0,1790122951,,,SCHEDULED
2026-09-23T00:06:59.508401+00:00,1286741,068,9811,14,0,1790123035,,,SCHEDULED
2026-09-23T00:06:59.508401+00:00,1286741,068,880,15,0,1790123121,,,SCHEDULED
2026-09-23T00:06:59.508401+00:00,1286741,068,881,16,0,1790123155,,,SCHEDULED
2026-09-23T00:06:59.508401+00:00,1286741,068,1795,17,0,1790123233,,,SCHEDULED
2026-09-23T00:06:59.508401+00:00,1286741,068,1796,18,0,1790123276,,,SCHEDULED
2026-09-23T00:06:59.508401+00:00,1286741,068,1797,19,0,1790123336,,,SCHEDULED
2026-09-23T00:06:59.508401+00:00,1286741,068,1798,20,0,1790123388,,,SCHEDULED
2026-09-23T00:06:59.508401+00:00,1286741,068,1930,21,0,1790123440,,,SCHEDULED
2026-09-23T00:06:59.508401+00:00,1286741,068,1931,22,0,1790123487,,,SCHEDULED
2026-09-23T00:06:59.508401+00:00,1286741,068,1949,23,0,1790123539,,,SCHEDULED
2026-09-23T00:06:59.508401+00:00,1286741,068,1932,24,0,1790123569,,,SCHEDULED
2026-09-23T00:06:59.508401+00:00,1286741,068,1933,25,0,1790123634,,,SCHEDULED
2026-09-23T00:06:59.508401+00:00,1286741,068,1934,26,0,1790123698,,,SCHEDULED
2026-09-23T00:06:59.508401+00:00,1286741,068,1935,27,0,1790123741,,,SCHEDULED
2026-09-23T00:06:59.508401+00:00,1285931,051,330,49,0,1790122134,,,SCHEDULED
2026-09-23T00:06:59.508401+00:00,1285931,051,331,50,0,1790122199,,,SCHEDULED
2026-09-23T00:06:59.508401+00:00,1285777,038,307,1,,,0,1790123340,SCHEDULED
2026-09-23T00:06:59.508401+00:00,1285777,038,1600,2,0,1790123502,,,SCHEDULED
2026-09-23T00:06:59.508401+00:00,1285777,038,3650,3,0,1790123618,,,SCHEDULED
2026-09-23T00:06:59.508401+00:00,1285777,038,3651,4,0,1790123697,,,SCHEDULED
2026-09-23T00:06:59.508401+00:00,1285777,038,3652,5,0,1790123751,,,SCHEDULED
2026-09-23T00:06:59.508401+00:00,1284049,001,1184,1,,,0,1790123272,SCHEDULED
2026-09-23T00:06:59.508401+00:00,1284049,001,3301,2,0,1790123280,,,SCHEDULED
2026-09-23T00:06:59.508401+00:00,1284049,001,1187,3,0,1790123365,,,SCHEDULED
2026-09-23T00:06:59.508401+00:00,1284049,001,1188,4,0,1790123442,,,SCHEDULED
2026-09-23T00:06:59.508401+00:00,1284049,001,1189,5,0,1790123492,,,SCHEDULED
2026-09-23T00:06:59.508401+00:00,1284049,001,1190,6,0,1790123592,,,SCHEDULED
2026-09-23T00:06:59.508401+00:00,1284049,001,1191,7,0,1790123617,,,SCHEDULED
2026-09-23T00:06:59.508401+00:00,1284049,001,1192,8,0,1790123670,,,SCHEDULED
2026-09-23T00:06:59.508401+00:00,1284049,001,1193,9,0,1790123720,,,SCHEDULED
2026-09-23T00:06:59.508401+00:00,1285930,051,1926,37,0,1790121935,,,SCHEDULED
2026-09-23T00:06:59.508401+00:00,1285930,051,1940,38,0,1790121994,,,SCHEDULED
2026-09-23T00:06:59.508401+00:00,1285930,051,320,39,0,1790122037,,,SCHEDULED
2026-09-23T00:06:59.508401+00:00,1285930,051,1209,40,0,1790122077,,,SCHEDULED
2026-09-23T00:06:59.508401+00:00,1285930,051,321,41,0,1790122139,,,SCHEDULED
2026-09-23T00:06:59.508401+00:00,1285930,051,322,42,0,1790122188,,,SCHEDULED
2026-09-23T00:06:59.508401+00:00,1285930,051,324,43,0,1790122314,,,SCHEDULED
2026-09-23T00:06:59.508401+00:00,1285930,051,325,44,0,1790122320,,,SCHEDULED
2026-09-23T00:06:59.508401+00:00,1285930,051,327,46,0,1790122392,,,SCHEDULED
2026-09-23T00:06:59.508401+00:00,1285930,051,328,47,0,1790122435,,,SCHEDULED
2026-09-23T00:06:59.508401+00:00,1285930,051,329,48,0,1790122511,,,SCHEDULED
2026-09-23T00:06:59.508401+00:00,1285930,051,330,49,0,1790122737,,,SCHEDULED
2026-09-23T00:06:59.508401+00:00,1285930,051,331,50,0,1790122802,,,SCHEDULED
2026-09-23T00:06:59.508401+00:00,1285779,038,525,32,0,1790122070,,,SCHEDULED
2026-09-23T00:06:59.508401+00:00,1285779,038,526,33,0,1790122202,,,SCHEDULED
2026-09-23T00:06:59.508401+00:00,1285779,038,527,34,0,1790122236,,,SCHEDULED
2026-09-23T00:06:59.508401+00:00,1285779,038,528,35,0,1790122237,,,SCHEDULED
2026-09-23T00:06:59.508401+00:00,1285779,038,5252,36,0,1790122330,,,SCHEDULED
2026-09-23T00:06:59.508401+00:00,1285779,038,281,37,0,1790122419,,,SCHEDULED
2026-09-23T00:06:59.508401+00:00,1286348,061,2301,37,0,1790122009,,,SCHEDULED
2026-09-23T00:06:59.508401+00:00,1286348,061,2302,38,0,1790122055,,,SCHEDULED
2026-09-23T00:06:59.508401+00:00,1286348,061,2303,39,0,1790122073,,,SCHEDULED
2026-09-23T00:06:59.508401+00:00,1286348,061,2304,40,0,1790122099,,,SCHEDULED
2026-09-23T00:06:59.508401+00:00,1286348,061,2305,41,0,1790122140,,,SCHEDULED
2026-09-23T00:06:59.508401+00:00,1286348,061,2306,42,0,1790122160,,,SCHEDULED
2026-09-23T00:06:59.508401+00:00,1286348,061,2307,43,0,1790122188,,,SCHEDULED
2026-09-23T00:06:59.508401+00:00,1286348,061,2308,44,0,1790122219,,,SCHEDULED
2026-09-23T00:06:59.508401+00:00,1286348,061,2309,45,0,1790122260,,,SCHEDULED
2026-09-23T00:06:59.508401+00:00,1286348,061,1999,46,0,1790122304,,,SCHEDULED
2026-09-23T00:06:59.508401+00:00,1286348,061,1998,47,0,1790122398,,,SCHEDULED
2026-09-23T00:06:59.508401+00:00,1286348,061,2001,48,0,1790122430,,,SCHEDULED
2026-09-23T00:06:59.508401+00:00,1286348,061,2002,49,0,1790122487,,,SCHEDULED
2026-09-23T00:06:59.508401+00:00,1286348,061,2003,50,0,1790122563,,,SCHEDULED
2026-09-23T00:06:59.508401+00:00,1286348,061,2004,51,0,1790122620,,,SCHEDULED
2026-09-23T00:06:59.508401+00:00,1286348,061,2005,52,0,1790122661,,,SCHEDULED
2026-09-23T00:06:59.508401+00:00,1286348,061,2006,53,0,1790122714,,,SCHEDULED
2026-09-23T00:06:59.508401+00:00,1286348,061,2007,54,0,1790122755,,,SCHEDULED
2026-09-23T00:06:59.508401+00:00,1286348,061,2008,55,0,1790122784,,,SCHEDULED
2026-09-23T00:06:59.508401+00:00,1286348,061,2010,56,0,1790122860,,,SCHEDULED
2026-09-23T00:06:59.508401+00:00,1286348,061,2011,57,0,1790122916,,,SCHEDULED
2026-09-23T00:06:59.508401+00:00,1286348,061,2012,58,0,1790122965,,,SCHEDULED
2026-09-23T00:06:59.508401+00:00,1286348,061,2013,59,0,1790123011,,,SCHEDULED
2026-09-23T00:06:59.508401+00:00,1286348,061,2014,60,0,1790123077,,,SCHEDULED
2026-09-23T00:06:59.508401+00:00,1286348,061,2015,61,0,1790123170,,,SCHEDULED
2026-09-23T00:06:59.508401+00:00,1286348,061,2016,62,0,1790123223,,,SCHEDULED
2026-09-23T00:06:59.508401+00:00,1286348,061,2020,63,0,1790123275,,,SCHEDULED
2026-09-23T00:06:59.508401+00:00,1286348,061,2021,64,0,1790123348,,,SCHEDULED
2026-09-23T00:06:59.508401+00:00,1286348,061,3130,65,0,1790123421,,,SCHEDULED
2026-09-23T00:06:59.508401+00:00,1285778,038,1600,2,0,1790122073,,,SCHEDULED
2026-09-23T00:06:59.508401+00:00,1285778,038,3650,3,0,1790122181,,,SCHEDULED
2026-09-23T00:06:59.508401+00:00,1285778,038,3651,4,0,1790122220,,,SCHEDULED
2026-09-23T00:06:59.508401+00:00,1285778,038,3652,5,0,1790122252,,,SCHEDULED
2026-09-23T00:06:59.508401+00:00,1285778,038,3653,6,0,1790122254,,,SCHEDULED
2026-09-23T00:06:59.508401+00:00,1285778,038,3654,7,0,1790122257,,,SCHEDULED
2026-09-23T00:06:59.508401+00:00,1285778,038,3655,8,0,1790122260,,,SCHEDULED
2026-09-23T00:06:59.508401+00:00,1285778,038,3656,9,0,1790122358,,,SCHEDULED
2026-09-23T00:06:59.508401+00:00,1285778,038,3657,10,0,1790122376,,,SCHEDULED
2026-09-23T00:06:59.508401+00:00,1285778,038,1807,11,0,1790122400,,,SCHEDULED
2026-09-23T00:06:59.508401+00:00,1285778,038,1808,12,0,1790122501,,,SCHEDULED
2026-09-23T00:06:59.508401+00:00,1285778,038,1809,13,0,1790122522,,,SCHEDULED
2026-09-23T00:06:59.508401+00:00,1285778,038,1810,14,0,1790122537,,,SCHEDULED
2026-09-23T00:06:59.508401+00:00,1285778,038,1811,15,0,1790122677,,,SCHEDULED
2026-09-23T00:06:59.508401+00:00,1285778,038,938,16,0,1790122769,,,SCHEDULED
2026-09-23T00:06:59.508401+00:00,1285778,038,940,17,0,1790122813,,,SCHEDULED
2026-09-23T00:06:59.508401+00:00,1285778,038,941,18,0,1790122839,,,SCHEDULED
2026-09-23T00:06:59.508401+00:00,1285778,038,2633,19,0,1790122921,,,SCHEDULED
2026-09-23T00:06:59.508401+00:00,1285778,038,9812,20,0,1790122957,,,SCHEDULED
2026-09-23T00:06:59.508401+00:00,1285778,038,2629,21,0,1790122995,,,SCHEDULED
2026-09-23T00:06:59.508401+00:00,1285778,038,2634,22,0,1790123029,,,SCHEDULED
2026-09-23T00:06:59.508401+00:00,1285778,038,2635,23,0,1790123073,,,SCHEDULED
2026-09-23T00:06:59.508401+00:00,1285778,038,1707,24,0,1790123147,,,SCHEDULED
2026-09-23T00:06:59.508401+00:00,1285778,038,1708,25,0,1790123245,,,SCHEDULED
2026-09-23T00:06:59.508401+00:00,1285778,038,1709,26,0,1790123298,,,SCHEDULED
2026-09-23T00:06:59.508401+00:00,1285778,038,1710,27,0,1790123418,,,SCHEDULED
2026-09-23T00:06:59.508401+00:00,1285778,038,1711,28,0,1790123489,,,SCHEDULED
2026-09-23T00:06:59.508401+00:00,1285778,038,519,29,0,1790123519,,,SCHEDULED
2026-09-23T00:06:59.508401+00:00,1285778,038,521,30,0,1790123577,,,SCHEDULED
2026-09-23T00:06:59.508401+00:00,1285778,038,522,31,0,1790123726,,,SCHEDULED
2026-09-23T00:06:59.508401+00:00,1285899,051,3131,1,,,0,1790123471,SCHEDULED
2026-09-23T00:06:59.508401+00:00,1285899,051,1884,2,0,1790123590,,,SCHEDULED
2026-09-23T00:06:59.508401+00:00,1285899,051,1885,3,0,1790123673,,,SCHEDULED
2026-09-23T00:06:59.508401+00:00,1285899,051,1887,4,0,1790123772,,,SCHEDULED
2026-09-23T00:06:59.508401+00:00,1285419,026,3052,1,,,0,1790123695,SCHEDULED
2026-09-23T00:06:59.508401+00:00,1285419,026,3054,2,0,1790123710,,,SCHEDULED
2026-09-23T00:06:59.508401+00:00,1288409,176,996,2,0,1790122139,,,SCHEDULED
2026-09-23T00:06:59.508401+00:00,1288409,176,659,3,0,1790122279,,,SCHEDULED
2026-09-23T00:06:59.508401+00:00,1288409,176,663,4,0,1790122901,,,SCHEDULED
2026-09-23T00:06:59.508401+00:00,1288409,176,8005,5,0,1790123053,,,SCHEDULED
2026-09-23T00:06:59.508401+00:00,1288409,176,837,6,0,1790123147,,,SCHEDULED
2026-09-23T00:06:59.508401+00:00,1285928,051,1889,6,0,1790121996,,,SCHEDULED
2026-09-23T00:06:59.508401+00:00,1285928,051,1890,7,0,1790122030,,,SCHEDULED
2026-09-23T00:06:59.508401+00:00,1285928,051,1891,8,0,1790122078,,,SCHEDULED
2026-09-23T00:06:59.508401+00:00,1285928,051,1892,9,0,1790122168,,,SCHEDULED
2026-09-23T00:06:59.508401+00:00,1285928,051,1893,10,0,1790122209,,,SCHEDULED
2026-09-23T00:06:59.508401+00:00,1285928,051,1894,11,0,1790122236,,,SCHEDULED
2026-09-23T00:06:59.508401+00:00,1285928,051,1895,12,0,1790122309,,,SCHEDULED
2026-09-23T00:06:59.508401+00:00,1285928,051,1896,13,0,1790122343,,,SCHEDULED
2026-09-23T00:06:59.508401+00:00,1285928,051,1898,14,0,1790122411,,,SCHEDULED
2026-09-23T00:06:59.508401+00:00,1285928,051,1899,15,0,1790122473,,,SCHEDULED
2026-09-23T00:06:59.508401+00:00,1285928,051,1901,16,0,1790122486,,,SCHEDULED
2026-09-23T00:06:59.508401+00:00,1285928,051,1902,17,0,1790122498,,,SCHEDULED
2026-09-23T00:06:59.508401+00:00,1285928,051,1904,18,0,1790122636,,,SCHEDULED
2026-09-23T00:06:59.508401+00:00,1285928,051,1905,19,0,1790122694,,,SCHEDULED
2026-09-23T00:06:59.508401+00:00,1285928,051,1906,20,0,1790122727,,,SCHEDULED
2026-09-23T00:06:59.508401+00:00,1285928,051,1907,21,0,1790122757,,,SCHEDULED
2026-09-23T00:06:59.508401+00:00,1285928,051,1908,22,0,1790122777,,,SCHEDULED
2026-09-23T00:06:59.508401+00:00,1285928,051,1911,23,0,1790122837,,,SCHEDULED
2026-09-23T00:06:59.508401+00:00,1285928,051,1913,24,0,1790122943,,,SCHEDULED
2026-09-23T00:06:59.508401+00:00,1285928,051,1914,25,0,1790122998,,,SCHEDULED
2026-09-23T00:06:59.508401+00:00,1285928,051,1915,26,0,1790123050,,,SCHEDULED
2026-09-23T00:06:59.508401+00:00,1285928,051,1916,27,0,1790123094,,,SCHEDULED
2026-09-23T00:06:59.508401+00:00,1285928,051,1917,28,0,1790123135,,,SCHEDULED
2026-09-23T00:06:59.508401+00:00,1285928,051,1918,29,0,1790123189,,,SCHEDULED
2026-09-23T00:06:59.508401+00:00,1285928,051,1919,30,0,1790123293,,,SCHEDULED
2026-09-23T00:06:59.508401+00:00,1285928,051,1920,31,0,1790123336,,,SCHEDULED
2026-09-23T00:06:59.508401+00:00,1285928,051,1921,32,0,1790123370,,,SCHEDULED
2026-09-23T00:06:59.508401+00:00,1285928,051,1922,33,0,1790123379,,,SCHEDULED
2026-09-23T00:06:59.508401+00:00,1285928,051,1923,34,0,1790123470,,,SCHEDULED
2026-09-23T00:06:59.508401+00:00,1285928,051,1924,35,0,1790123541,,,SCHEDULED
2026-09-23T00:06:59.508401+00:00,1285928,051,1925,36,0,1790123576,,,SCHEDULED
2026-09-23T00:06:59.508401+00:00,1285928,051,1926,37,0,1790123577,,,SCHEDULED
2026-09-23T00:06:59.508401+00:00,1285928,051,1940,38,0,1790123620,,,SCHEDULED
2026-09-23T00:06:59.508401+00:00,1285928,051,320,39,0,1790123663,,,SCHEDULED
2026-09-23T00:06:59.508401+00:00,1285807,038,282,1,,,0,1790123040,SCHEDULED
2026-09-23T00:06:59.508401+00:00,1285807,038,414,2,0,1790123291,,,SCHEDULED
2026-09-23T00:06:59.508401+00:00,1285807,038,415,3,0,1790123340,,,SCHEDULED
2026-09-23T00:06:59.508401+00:00,1285807,038,416,4,0,1790123376,,,SCHEDULED
2026-09-23T00:06:59.508401+00:00,1285807,038,418,5,0,1790123448,,,SCHEDULED
2026-09-23T00:06:59.508401+00:00,1285807,038,4763,6,0,1790123530,,,SCHEDULED
2026-09-23T00:06:59.508401+00:00,1285807,038,1716,7,0,1790123589,,,SCHEDULED
2026-09-23T00:06:59.508401+00:00,1285807,038,1717,8,0,1790123634,,,SCHEDULED
2026-09-23T00:06:59.508401+00:00,1285807,038,1718,9,0,1790123706,,,SCHEDULED
2026-09-23T00:06:59.508401+00:00,1285808,038,418,5,0,1790122087,,,SCHEDULED
2026-09-23T00:06:59.508401+00:00,1285808,038,4763,6,0,1790122194,,,SCHEDULED
2026-09-23T00:06:59.508401+00:00,1285808,038,1716,7,0,1790122261,,,SCHEDULED
2026-09-23T00:06:59.508401+00:00,1285808,038,1717,8,0,1790122310,,,SCHEDULED
2026-09-23T00:06:59.508401+00:00,1285808,038,1718,9,0,1790122351,,,SCHEDULED
2026-09-23T00:06:59.508401+00:00,1285808,038,1720,10,0,1790122456,,,SCHEDULED
2026-09-23T00:06:59.508401+00:00,1285808,038,1721,11,0,1790122524,,,SCHEDULED
2026-09-23T00:06:59.508401+00:00,1285808,038,1722,12,0,1790122572,,,SCHEDULED
2026-09-23T00:06:59.508401+00:00,1285808,038,1723,13,0,1790122591,,,SCHEDULED
2026-09-23T00:06:59.508401+00:00,1285808,038,2651,14,0,1790122698,,,SCHEDULED
2026-09-23T00:06:59.508401+00:00,1285808,038,2653,15,0,1790122831,,,SCHEDULED
2026-09-23T00:06:59.508401+00:00,1285808,038,2654,16,0,1790122881,,,SCHEDULED
2026-09-23T00:06:59.508401+00:00,1285808,038,9811,17,0,1790122946,,,SCHEDULED
2026-09-23T00:06:59.508401+00:00,1285808,038,880,18,0,1790123062,,,SCHEDULED
2026-09-23T00:06:59.508401+00:00,1285808,038,881,19,0,1790123081,,,SCHEDULED
2026-09-23T00:06:59.508401+00:00,1285808,038,883,20,0,1790123149,,,SCHEDULED
2026-09-23T00:06:59.508401+00:00,1285808,038,884,21,0,1790123236,,,SCHEDULED
2026-09-23T00:06:59.508401+00:00,1285808,038,3717,22,0,1790123315,,,SCHEDULED
2026-09-23T00:06:59.508401+00:00,1285808,038,3718,23,0,1790123345,,,SCHEDULED
2026-09-23T00:06:59.508401+00:00,1285808,038,3719,24,0,1790123372,,,SCHEDULED
2026-09-23T00:06:59.508401+00:00,1285808,038,3720,25,0,1790123440,,,SCHEDULED
2026-09-23T00:06:59.508401+00:00,1285808,038,3721,26,0,1790123466,,,SCHEDULED
2026-09-23T00:06:59.508401+00:00,1285808,038,3722,27,0,1790123590,,,SCHEDULED
2026-09-23T00:06:59.508401+00:00,1285808,038,3723,28,0,1790123602,,,SCHEDULED
2026-09-23T00:06:59.508401+00:00,1285808,038,3724,29,0,1790123625,,,SCHEDULED
2026-09-23T00:06:59.508401+00:00,1285808,038,3725,30,0,1790123643,,,SCHEDULED
2026-09-23T00:06:59.508401+00:00,1285808,038,901,31,0,1790123685,,,SCHEDULED
2026-09-23T00:06:59.508401+00:00,1285808,038,902,32,0,1790123736,,,SCHEDULED
2026-09-23T00:06:59.508401+00:00,1285929,051,1915,26,0,1790121995,,,SCHEDULED
2026-09-23T00:06:59.508401+00:00,1285929,051,1916,27,0,1790122039,,,SCHEDULED
2026-09-23T00:06:59.508401+00:00,1285929,051,1917,28,0,1790122080,,,SCHEDULED
2026-09-23T00:06:59.508401+00:00,1285929,051,1918,29,0,1790122134,,,SCHEDULED
2026-09-23T00:06:59.508401+00:00,1285929,051,1919,30,0,1790122238,,,SCHEDULED
2026-09-23T00:06:59.508401+00:00,1285929,051,1920,31,0,1790122281,,,SCHEDULED
2026-09-23T00:06:59.508401+00:00,1285929,051,1921,32,0,1790122315,,,SCHEDULED
2026-09-23T00:06:59.508401+00:00,1285929,051,1922,33,0,1790122324,,,SCHEDULED
2026-09-23T00:06:59.508401+00:00,1285929,051,1923,34,0,1790122415,,,SCHEDULED
2026-09-23T00:06:59.508401+00:00,1285929,051,1924,35,0,1790122486,,,SCHEDULED
2026-09-23T00:06:59.508401+00:00,1285929,051,1925,36,0,1790122521,,,SCHEDULED
2026-09-23T00:06:59.508401+00:00,1285929,051,1926,37,0,1790122522,,,SCHEDULED
2026-09-23T00:06:59.508401+00:00,1285929,051,1940,38,0,1790122565,,,SCHEDULED
2026-09-23T00:06:59.508401+00:00,1285929,051,320,39,0,1790122608,,,SCHEDULED
2026-09-23T00:06:59.508401+00:00,1285929,051,1209,40,0,1790122648,,,SCHEDULED
2026-09-23T00:06:59.508401+00:00,1285929,051,321,41,0,1790122710,,,SCHEDULED
2026-09-23T00:06:59.508401+00:00,1285929,051,322,42,0,1790122759,,,SCHEDULED
2026-09-23T00:06:59.508401+00:00,1285929,051,324,43,0,1790122885,,,SCHEDULED
2026-09-23T00:06:59.508401+00:00,1285929,051,325,44,0,1790122891,,,SCHEDULED
2026-09-23T00:06:59.508401+00:00,1285929,051,327,46,0,1790122963,,,SCHEDULED
2026-09-23T00:06:59.508401+00:00,1285929,051,328,47,0,1790123006,,,SCHEDULED
2026-09-23T00:06:59.508401+00:00,1285929,051,329,48,0,1790123082,,,SCHEDULED
2026-09-23T00:06:59.508401+00:00,1285929,051,330,49,0,1790123308,,,SCHEDULED
2026-09-23T00:06:59.508401+00:00,1285929,051,331,50,0,1790123373,,,SCHEDULED
2026-09-23T00:06:59.508401+00:00,1288081,093,9800,1,,,0,1790122854,SCHEDULED
2026-09-23T00:06:59.508401+00:00,1288081,093,3099,2,0,1790122948,,,SCHEDULED
2026-09-23T00:06:59.508401+00:00,1288081,093,3100,3,0,1790123059,,,SCHEDULED
2026-09-23T00:06:59.508401+00:00,1288081,093,3101,4,0,1790123072,,,SCHEDULED
2026-09-23T00:06:59.508401+00:00,1288081,093,3102,5,0,1790123108,,,SCHEDULED
2026-09-23T00:06:59.508401+00:00,1288081,093,3103,6,0,1790123217,,,SCHEDULED
2026-09-23T00:06:59.508401+00:00,1288081,093,3503,7,0,1790123258,,,SCHEDULED
2026-09-23T00:06:59.508401+00:00,1288081,093,3504,8,0,1790123387,,,SCHEDULED
2026-09-23T00:06:59.508401+00:00,1288081,093,3505,9,0,1790123458,,,SCHEDULED
2026-09-23T00:06:59.508401+00:00,1288081,093,3520,10,0,1790123601,,,SCHEDULED
2026-09-23T00:06:59.508401+00:00,1288081,093,3521,11,0,1790123718,,,SCHEDULED
2026-09-23T00:06:59.508401+00:00,1288081,093,3522,12,0,1790123741,,,SCHEDULED
2026-09-23T00:06:59.508401+00:00,1288081,093,3523,13,0,1790123767,,,SCHEDULED
2026-09-23T00:06:59.508401+00:00,1288082,093,3505,9,0,1790121999,,,SCHEDULED
2026-09-23T00:06:59.508401+00:00,1288082,093,3520,10,0,1790122020,,,SCHEDULED
2026-09-23T00:06:59.508401+00:00,1288082,093,3521,11,0,1790122137,,,SCHEDULED
2026-09-23T00:06:59.508401+00:00,1288082,093,3522,12,0,1790122160,,,SCHEDULED
2026-09-23T00:06:59.508401+00:00,1288082,093,3523,13,0,1790122186,,,SCHEDULED
2026-09-23T00:06:59.508401+00:00,1288082,093,3524,14,0,1790122223,,,SCHEDULED
2026-09-23T00:06:59.508401+00:00,1288082,093,3526,15,0,1790122280,,,SCHEDULED
2026-09-23T00:06:59.508401+00:00,1288082,093,3527,16,0,1790122318,,,SCHEDULED
2026-09-23T00:06:59.508401+00:00,1288082,093,3530,17,0,1790122417,,,SCHEDULED
2026-09-23T00:06:59.508401+00:00,1288082,093,3531,18,0,1790122445,,,SCHEDULED
2026-09-23T00:06:59.508401+00:00,1288082,093,3532,19,0,1790122503,,,SCHEDULED
2026-09-23T00:06:59.508401+00:00,1288082,093,3533,20,0,1790122547,,,SCHEDULED
2026-09-23T00:06:59.508401+00:00,1288082,093,5346,21,0,1790122591,,,SCHEDULED
2026-09-23T00:06:59.508401+00:00,1288082,093,3534,22,0,1790122672,,,SCHEDULED
2026-09-23T00:06:59.508401+00:00,1288082,093,3535,23,0,1790122677,,,SCHEDULED
2026-09-23T00:06:59.508401+00:00,1288082,093,3536,24,0,1790122682,,,SCHEDULED
2026-09-23T00:06:59.508401+00:00,1288082,093,3537,25,0,1790122686,,,SCHEDULED
2026-09-23T00:06:59.508401+00:00,1288082,093,9933,26,0,1790122838,,,SCHEDULED
2026-09-23T00:06:59.508401+00:00,1288082,093,669,27,0,1790122939,,,SCHEDULED
2026-09-23T00:06:59.508401+00:00,1288082,093,4742,28,0,1790122973,,,SCHEDULED
2026-09-23T00:06:59.508401+00:00,1288082,093,4745,29,0,1790123064,,,SCHEDULED
2026-09-23T00:06:59.508401+00:00,1288082,093,4618,30,0,1790123198,,,SCHEDULED
2026-09-23T00:06:59.508401+00:00,1288082,093,4619,31,0,1790123257,,,SCHEDULED
2026-09-23T00:06:59.508401+00:00,1288082,093,3381,32,0,1790123374,,,SCHEDULED
2026-09-23T00:06:59.508401+00:00,1288082,093,3382,33,0,1790123402,,,SCHEDULED
2026-09-23T00:06:59.508401+00:00,1288082,093,3383,34,0,1790123438,,,SCHEDULED
2026-09-23T00:06:59.508401+00:00,1288082,093,3389,35,0,1790123480,,,SCHEDULED
2026-09-23T00:06:59.508401+00:00,1286580,067,2606,29,0,1790122006,,,SCHEDULED
2026-09-23T00:06:59.508401+00:00,1286580,067,2607,30,0,1790122073,,,SCHEDULED
2026-09-23T00:06:59.508401+00:00,1286580,067,2608,31,0,1790122108,,,SCHEDULED
2026-09-23T00:06:59.508401+00:00,1286580,067,2609,32,0,1790122155,,,SCHEDULED
2026-09-23T00:06:59.508401+00:00,1286580,067,2613,33,0,1790122219,,,SCHEDULED
2026-09-23T00:06:59.508401+00:00,1286580,067,2614,34,0,1790122276,,,SCHEDULED
2026-09-23T00:06:59.508401+00:00,1286580,067,2615,35,0,1790122322,,,SCHEDULED
2026-09-23T00:06:59.508401+00:00,1286580,067,601,36,0,1790122365,,,SCHEDULED
2026-09-23T00:06:59.508401+00:00,1286580,067,2617,37,0,1790122429,,,SCHEDULED
2026-09-23T00:06:59.508401+00:00,1286580,067,2620,38,0,1790122535,,,SCHEDULED
2026-09-23T00:06:59.508401+00:00,1286580,067,2621,39,0,1790122586,,,SCHEDULED
2026-09-23T00:06:59.508401+00:00,1286580,067,2622,40,0,1790122603,,,SCHEDULED
2026-09-23T00:06:59.508401+00:00,1286580,067,2623,41,0,1790122643,,,SCHEDULED
2026-09-23T00:06:59.508401+00:00,1286580,067,2624,42,0,1790122684,,,SCHEDULED
2026-09-23T00:06:59.508401+00:00,1286580,067,2625,43,0,1790122708,,,SCHEDULED
2026-09-23T00:06:59.508401+00:00,1286580,067,2626,44,0,1790122735,,,SCHEDULED
2026-09-23T00:06:59.508401+00:00,1286580,067,2627,45,0,1790122774,,,SCHEDULED
2026-09-23T00:06:59.508401+00:00,1286580,067,2628,46,0,1790122796,,,SCHEDULED
2026-09-23T00:06:59.508401+00:00,1286580,067,2630,47,0,1790122915,,,SCHEDULED
2026-09-23T00:06:59.508401+00:00,1286580,067,2631,48,0,1790123005,,,SCHEDULED
2026-09-23T00:06:59.508401+00:00,1286580,067,2632,49,0,1790123022,,,SCHEDULED
2026-09-23T00:06:59.508401+00:00,1286580,067,2633,50,0,1790123148,,,SCHEDULED
2026-09-23T00:06:59.508401+00:00,1286580,067,9812,51,0,1790123202,,,SCHEDULED
2026-09-23T00:06:59.508401+00:00,1286580,067,2629,52,0,1790123240,,,SCHEDULED
2026-09-23T00:06:59.508401+00:00,1286580,067,2634,53,0,1790123271,,,SCHEDULED
2026-09-23T00:06:59.508401+00:00,1286580,067,2635,54,0,1790123284,,,SCHEDULED
2026-09-23T00:06:59.508401+00:00,1286580,067,2636,55,0,1790123288,,,SCHEDULED
2026-09-23T00:06:59.508401+00:00,1286580,067,2637,56,0,1790123318,,,SCHEDULED
2026-09-23T00:06:59.508401+00:00,1286580,067,2638,57,0,1790123396,,,SCHEDULED
2026-09-23T00:06:59.508401+00:00,1286580,067,2639,58,0,1790123478,,,SCHEDULED
2026-09-23T00:06:59.508401+00:00,1287790,087,275,3,0,1790122008,,,SCHEDULED
2026-09-23T00:06:59.508401+00:00,1287790,087,3893,4,0,1790122342,,,SCHEDULED
2026-09-23T00:06:59.508401+00:00,1287790,087,3894,5,0,1790122608,,,SCHEDULED
2026-09-23T00:06:59.508401+00:00,1287790,087,3895,6,0,1790122708,,,SCHEDULED
2026-09-23T00:06:59.508401+00:00,1287790,087,3896,7,0,1790122753,,,SCHEDULED
2026-09-23T00:06:59.508401+00:00,1287790,087,3897,8,0,1790122801,,,SCHEDULED
2026-09-23T00:06:59.508401+00:00,1287790,087,3898,9,0,1790122952,,,SCHEDULED
2026-09-23T00:06:59.508401+00:00,1287790,087,3899,10,0,1790123010,,,SCHEDULED
2026-09-23T00:06:59.508401+00:00,1287790,087,3900,11,0,1790123133,,,SCHEDULED
2026-09-23T00:06:59.508401+00:00,1287790,087,3901,12,0,1790123247,,,SCHEDULED
2026-09-23T00:06:59.508401+00:00,1287790,087,3902,13,0,1790123252,,,SCHEDULED
2026-09-23T00:06:59.508401+00:00,1287790,087,3903,14,0,1790123369,,,SCHEDULED
2026-09-23T00:06:59.508401+00:00,1287790,087,3904,15,0,1790123425,,,SCHEDULED
2026-09-23T00:06:59.508401+00:00,1287790,087,3905,16,0,1790123502,,,SCHEDULED
2026-09-23T00:06:59.508401+00:00,1287670,086,3252,31,0,1790122029,,,SCHEDULED
2026-09-23T00:06:59.508401+00:00,1287670,086,3253,32,0,1790122072,,,SCHEDULED
2026-09-23T00:06:59.508401+00:00,1287670,086,3254,33,0,1790122108,,,SCHEDULED
2026-09-23T00:06:59.508401+00:00,1287670,086,3255,34,0,1790122151,,,SCHEDULED
2026-09-23T00:06:59.508401+00:00,1287670,086,3256,35,0,1790122251,,,SCHEDULED
2026-09-23T00:06:59.508401+00:00,1287670,086,3257,36,0,1790122308,,,SCHEDULED
2026-09-23T00:06:59.508401+00:00,1287670,086,3259,37,0,1790122352,,,SCHEDULED
2026-09-23T00:06:59.508401+00:00,1287670,086,413,38,0,1790122705,,,SCHEDULED
2026-09-23T00:06:59.508401+00:00,1287670,086,414,39,0,1790122769,,,SCHEDULED
2026-09-23T00:06:59.508401+00:00,1287670,086,415,40,0,1790122836,,,SCHEDULED
2026-09-23T00:06:59.508401+00:00,1287670,086,416,41,0,1790122888,,,SCHEDULED
2026-09-23T00:06:59.508401+00:00,1286581,067,3220,10,0,1790122047,,,SCHEDULED
2026-09-23T00:06:59.508401+00:00,1286581,067,3222,11,0,1790122195,,,SCHEDULED
2026-09-23T00:06:59.508401+00:00,1286581,067,3223,12,0,1790122283,,,SCHEDULED
2026-09-23T00:06:59.508401+00:00,1286581,067,3224,13,0,1790122320,,,SCHEDULED
2026-09-23T00:06:59.508401+00:00,1286581,067,3225,14,0,1790122388,,,SCHEDULED
2026-09-23T00:06:59.508401+00:00,1286581,067,2062,15,0,1790122470,,,SCHEDULED
2026-09-23T00:06:59.508401+00:00,1286581,067,2063,16,0,1790122497,,,SCHEDULED
2026-09-23T00:06:59.508401+00:00,1286581,067,6508,17,0,1790122542,,,SCHEDULED
2026-09-23T00:06:59.508401+00:00,1286581,067,2174,18,0,1790122634,,,SCHEDULED
2026-09-23T00:06:59.508401+00:00,1286581,067,2160,19,0,1790122677,,,SCHEDULED
2026-09-23T00:06:59.508401+00:00,1286581,067,2597,20,0,1790122799,,,SCHEDULED
2026-09-23T00:06:59.508401+00:00,1286581,067,2598,21,0,1790122861,,,SCHEDULED
2026-09-23T00:06:59.508401+00:00,1286581,067,2599,22,0,1790122894,,,SCHEDULED
2026-09-23T00:06:59.508401+00:00,1286581,067,2600,23,0,1790122933,,,SCHEDULED
2026-09-23T00:06:59.508401+00:00,1286581,067,2601,24,0,1790122982,,,SCHEDULED
2026-09-23T00:06:59.508401+00:00,1286581,067,2602,25,0,1790123026,,,SCHEDULED
2026-09-23T00:06:59.508401+00:00,1286581,067,2603,26,0,1790123131,,,SCHEDULED
2026-09-23T00:06:59.508401+00:00,1286581,067,2604,27,0,1790123208,,,SCHEDULED
2026-09-23T00:06:59.508401+00:00,1286581,067,2605,28,0,1790123349,,,SCHEDULED
2026-09-23T00:06:59.508401+00:00,1286581,067,2606,29,0,1790123404,,,SCHEDULED
2026-09-23T00:06:59.508401+00:00,1286581,067,2607,30,0,1790123468,,,SCHEDULED
2026-09-23T00:06:59.508401+00:00,1286581,067,2608,31,0,1790123518,,,SCHEDULED
2026-09-23T00:06:59.508401+00:00,1286581,067,2609,32,0,1790123520,,,SCHEDULED
2026-09-23T00:06:59.508401+00:00,1286581,067,2613,33,0,1790123584,,,SCHEDULED
2026-09-23T00:06:59.508401+00:00,1286581,067,2614,34,0,1790123641,,,SCHEDULED
2026-09-23T00:06:59.508401+00:00,1286581,067,2615,35,0,1790123687,,,SCHEDULED
2026-09-23T00:06:59.508401+00:00,1286581,067,601,36,0,1790123730,,,SCHEDULED
2026-09-23T00:06:59.508401+00:00,1287791,087,3904,15,0,1790122032,,,SCHEDULED
2026-09-23T00:06:59.508401+00:00,1287791,087,3905,16,0,1790122100,,,SCHEDULED
2026-09-23T00:06:59.508401+00:00,1287791,087,1254,17,0,1790122313,,,SCHEDULED
2026-09-23T00:06:59.508401+00:00,1287791,087,1262,18,0,1790122458,,,SCHEDULED
2026-09-23T00:06:59.508401+00:00,1285142,023,1377,44,0,1790122009,,,SCHEDULED
2026-09-23T00:06:59.508401+00:00,1285142,023,1378,45,0,1790122042,,,SCHEDULED
2026-09-23T00:06:59.508401+00:00,1285142,023,1380,46,0,1790122080,,,SCHEDULED
2026-09-23T00:06:59.508401+00:00,1285142,023,1381,47,0,1790122121,,,SCHEDULED
2026-09-23T00:06:59.508401+00:00,1285142,023,1382,48,0,1790122207,,,SCHEDULED
2026-09-23T00:06:59.508401+00:00,1285142,023,1383,49,0,1790122248,,,SCHEDULED
2026-09-23T00:06:59.508401+00:00,1285142,023,1384,50,0,1790122339,,,SCHEDULED
2026-09-23T00:06:59.508401+00:00,1285142,023,1385,51,0,1790122367,,,SCHEDULED
2026-09-23T00:06:59.508401+00:00,1285142,023,1386,52,0,1790122440,,,SCHEDULED
2026-09-23T00:06:59.508401+00:00,1285142,023,1387,53,0,1790122497,,,SCHEDULED
2026-09-23T00:06:59.508401+00:00,1285142,023,1388,54,0,1790122564,,,SCHEDULED
2026-09-23T00:06:59.508401+00:00,1285142,023,1389,55,0,1790122635,,,SCHEDULED
2026-09-23T00:06:59.508401+00:00,1285142,023,1390,56,0,1790122699,,,SCHEDULED
2026-09-23T00:06:59.508401+00:00,1285142,023,1391,57,0,1790122739,,,SCHEDULED
2026-09-23T00:06:59.508401+00:00,1285142,023,1392,58,0,1790122796,,,SCHEDULED
2026-09-23T00:06:59.508401+00:00,1285142,023,1393,59,0,1790122833,,,SCHEDULED
2026-09-23T00:06:59.508401+00:00,1285142,023,1394,60,0,1790122867,,,SCHEDULED
2026-09-23T00:06:59.508401+00:00,1285142,023,1395,61,0,1790122924,,,SCHEDULED
2026-09-23T00:06:59.508401+00:00,1285142,023,1163,62,0,1790123009,,,SCHEDULED
2026-09-23T00:06:59.508401+00:00,1285142,023,1164,63,0,1790123100,,,SCHEDULED
2026-09-23T00:06:59.508401+00:00,1285142,023,1165,64,0,1790123285,,,SCHEDULED
2026-09-23T00:06:59.508401+00:00,1285142,023,1166,65,0,1790123397,,,SCHEDULED
2026-09-23T00:06:59.508401+00:00,1285142,023,1167,66,0,1790123432,,,SCHEDULED
2026-09-23T00:06:59.508401+00:00,1285142,023,1168,67,0,1790123470,,,SCHEDULED
2026-09-23T00:06:59.508401+00:00,1285142,023,284,68,0,1790123585,,,SCHEDULED
2026-09-23T00:06:59.508401+00:00,1286991,075,4061,1,,,0,1790123367,SCHEDULED
2026-09-23T00:06:59.508401+00:00,1286991,075,1426,2,0,1790123390,,,SCHEDULED
2026-09-23T00:06:59.508401+00:00,1286991,075,1429,3,0,1790123431,,,SCHEDULED
2026-09-23T00:06:59.508401+00:00,1286991,075,1430,4,0,1790123502,,,SCHEDULED
2026-09-23T00:06:59.508401+00:00,1286991,075,3845,5,0,1790123567,,,SCHEDULED
2026-09-23T00:06:59.508401+00:00,1286991,075,3846,6,0,1790123638,,,SCHEDULED
2026-09-23T00:06:59.508401+00:00,1286991,075,3847,7,0,1790123698,,,SCHEDULED
2026-09-23T00:06:59.508401+00:00,1286991,075,1431,8,0,1790123717,,,SCHEDULED
2026-09-23T00:06:59.508401+00:00,1286992,075,3846,6,0,1790122002,,,SCHEDULED
2026-09-23T00:06:59.508401+00:00,1286992,075,3847,7,0,1790122062,,,SCHEDULED
2026-09-23T00:06:59.508401+00:00,1286992,075,1431,8,0,1790122081,,,SCHEDULED
2026-09-23T00:06:59.508401+00:00,1286992,075,1419,9,0,1790122162,,,SCHEDULED
2026-09-23T00:06:59.508401+00:00,1286992,075,9922,10,0,1790122244,,,SCHEDULED
2026-09-23T00:06:59.508401+00:00,1286992,075,1399,11,0,1790122358,,,SCHEDULED
2026-09-23T00:06:59.508401+00:00,1286992,075,1397,12,0,1790122434,,,SCHEDULED
2026-09-23T00:06:59.508401+00:00,1286992,075,9928,13,0,1790122507,,,SCHEDULED
2026-09-23T00:06:59.508401+00:00,1286992,075,3802,14,0,1790122560,,,SCHEDULED
2026-09-23T00:06:59.508401+00:00,1286992,075,3852,15,0,1790122639,,,SCHEDULED
2026-09-23T00:06:59.508401+00:00,1285141,023,1184,1,,,0,1790122230,SCHEDULED
2026-09-23T00:06:59.508401+00:00,1285141,023,3301,2,0,1790122235,,,SCHEDULED
2026-09-23T00:06:59.508401+00:00,1285141,023,1187,3,0,1790122343,,,SCHEDULED
2026-09-23T00:06:59.508401+00:00,1285141,023,1188,4,0,1790122418,,,SCHEDULED
2026-09-23T00:06:59.508401+00:00,1285141,023,1189,5,0,1790122453,,,SCHEDULED
2026-09-23T00:06:59.508401+00:00,1285141,023,1190,6,0,1790122510,,,SCHEDULED
2026-09-23T00:06:59.508401+00:00,1285141,023,1337,7,0,1790122633,,,SCHEDULED
2026-09-23T00:06:59.508401+00:00,1285141,023,1338,8,0,1790122685,,,SCHEDULED
2026-09-23T00:06:59.508401+00:00,1285141,023,1339,9,0,1790122744,,,SCHEDULED
2026-09-23T00:06:59.508401+00:00,1285141,023,1340,10,0,1790122761,,,SCHEDULED
2026-09-23T00:06:59.508401+00:00,1285141,023,1341,11,0,1790122819,,,SCHEDULED
2026-09-23T00:06:59.508401+00:00,1285141,023,1342,12,0,1790122855,,,SCHEDULED
2026-09-23T00:06:59.508401+00:00,1285141,023,1343,13,0,1790122904,,,SCHEDULED
2026-09-23T00:06:59.508401+00:00,1285141,023,1344,14,0,1790122964,,,SCHEDULED
2026-09-23T00:06:59.508401+00:00,1285141,023,1346,15,0,1790123022,,,SCHEDULED
2026-09-23T00:06:59.508401+00:00,1285141,023,5362,16,0,1790123074,,,SCHEDULED
2026-09-23T00:06:59.508401+00:00,1285141,023,5361,17,0,1790123117,,,SCHEDULED
2026-09-23T00:06:59.508401+00:00,1285141,023,1348,18,0,1790123149,,,SCHEDULED
2026-09-23T00:06:59.508401+00:00,1285141,023,1349,19,0,1790123168,,,SCHEDULED
2026-09-23T00:06:59.508401+00:00,1285141,023,1350,20,0,1790123210,,,SCHEDULED
2026-09-23T00:06:59.508401+00:00,1285141,023,1351,21,0,1790123261,,,SCHEDULED
2026-09-23T00:06:59.508401+00:00,1285141,023,1353,22,0,1790123324,,,SCHEDULED
2026-09-23T00:06:59.508401+00:00,1285141,023,1354,23,0,1790123383,,,SCHEDULED
2026-09-23T00:06:59.508401+00:00,1285141,023,1355,24,0,1790123415,,,SCHEDULED
2026-09-23T00:06:59.508401+00:00,1285141,023,1356,25,0,1790123481,,,SCHEDULED
2026-09-23T00:06:59.508401+00:00,1285141,023,1357,26,0,1790123547,,,SCHEDULED
2026-09-23T00:06:59.508401+00:00,1285141,023,1358,27,0,1790123581,,,SCHEDULED
2026-09-23T00:06:59.508401+00:00,1285141,023,1359,28,0,1790123609,,,SCHEDULED
2026-09-23T00:06:59.508401+00:00,1285141,023,1360,29,0,1790123660,,,SCHEDULED
2026-09-23T00:06:59.508401+00:00,1285141,023,1361,30,0,1790123699,,,SCHEDULED
2026-09-23T00:06:59.508401+00:00,1284693,013,1071,1,,,0,1790123100,SCHEDULED
2026-09-23T00:06:59.508401+00:00,1284693,013,1073,2,0,1790123196,,,SCHEDULED
2026-09-23T00:06:59.508401+00:00,1284693,013,1074,3,0,1790123231,,,SCHEDULED
2026-09-23T00:06:59.508401+00:00,1284693,013,1075,4,0,1790123282,,,SCHEDULED
2026-09-23T00:06:59.508401+00:00,1284693,013,1076,5,0,1790123311,,,SCHEDULED
2026-09-23T00:06:59.508401+00:00,1284693,013,1077,6,0,1790123349,,,SCHEDULED
2026-09-23T00:06:59.508401+00:00,1284693,013,1646,7,0,1790123400,,,SCHEDULED
2026-09-23T00:06:59.508401+00:00,1284693,013,1648,8,0,1790123483,,,SCHEDULED
2026-09-23T00:06:59.508401+00:00,1284693,013,1157,9,0,1790123548,,,SCHEDULED
2026-09-23T00:06:59.508401+00:00,1284693,013,1158,10,0,1790123593,,,SCHEDULED
2026-09-23T00:06:59.508401+00:00,1284693,013,1159,11,0,1790123700,,,SCHEDULED
2026-09-23T00:06:59.508401+00:00,1285144,023,1165,64,0,1790122109,,,SCHEDULED
2026-09-23T00:06:59.508401+00:00,1285144,023,1166,65,0,1790122209,,,SCHEDULED
2026-09-23T00:06:59.508401+00:00,1285144,023,1167,66,0,1790122348,,,SCHEDULED
2026-09-23T00:06:59.508401+00:00,1285144,023,1168,67,0,1790122377,,,SCHEDULED
2026-09-23T00:06:59.508401+00:00,1285144,023,284,68,0,1790122492,,,SCHEDULED
2026-09-23T00:06:59.508401+00:00,1285143,023,1341,11,0,1790122007,,,SCHEDULED
2026-09-23T00:06:59.508401+00:00,1285143,023,1342,12,0,1790122032,,,SCHEDULED
2026-09-23T00:06:59.508401+00:00,1285143,023,1343,13,0,1790122034,,,SCHEDULED
2026-09-23T00:06:59.508401+00:00,1285143,023,1344,14,0,1790122035,,,SCHEDULED
2026-09-23T00:06:59.508401+00:00,1285143,023,1346,15,0,1790122097,,,SCHEDULED
2026-09-23T00:06:59.508401+00:00,1285143,023,5362,16,0,1790122158,,,SCHEDULED
2026-09-23T00:06:59.508401+00:00,1285143,023,5361,17,0,1790122208,,,SCHEDULED
2026-09-23T00:06:59.508401+00:00,1285143,023,1348,18,0,1790122245,,,SCHEDULED
2026-09-23T00:06:59.508401+00:00,1285143,023,1349,19,0,1790122266,,,SCHEDULED
2026-09-23T00:06:59.508401+00:00,1285143,023,1350,20,0,1790122313,,,SCHEDULED
2026-09-23T00:06:59.508401+00:00,1285143,023,1351,21,0,1790122372,,,SCHEDULED
2026-09-23T00:06:59.508401+00:00,1285143,023,1353,22,0,1790122501,,,SCHEDULED
2026-09-23T00:06:59.508401+00:00,1285143,023,1354,23,0,1790122506,,,SCHEDULED
2026-09-23T00:06:59.508401+00:00,1285143,023,1355,24,0,1790122542,,,SCHEDULED
2026-09-23T00:06:59.508401+00:00,1285143,023,1356,25,0,1790122612,,,SCHEDULED
2026-09-23T00:06:59.508401+00:00,1285143,023,1357,26,0,1790122686,,,SCHEDULED
2026-09-23T00:06:59.508401+00:00,1285143,023,1358,27,0,1790122722,,,SCHEDULED
2026-09-23T00:06:59.508401+00:00,1285143,023,1359,28,0,1790122753,,,SCHEDULED
2026-09-23T00:06:59.508401+00:00,1285143,023,1360,29,0,1790122809,,,SCHEDULED
2026-09-23T00:06:59.508401+00:00,1285143,023,1361,30,0,1790122852,,,SCHEDULED
2026-09-23T00:06:59.508401+00:00,1285143,023,1363,31,0,1790122991,,,SCHEDULED
2026-09-23T00:06:59.508401+00:00,1285143,023,1139,32,0,1790123012,,,SCHEDULED
2026-09-23T00:06:59.508401+00:00,1285143,023,1365,33,0,1790123051,,,SCHEDULED
2026-09-23T00:06:59.508401+00:00,1285143,023,1366,34,0,1790123087,,,SCHEDULED
2026-09-23T00:06:59.508401+00:00,1285143,023,1367,35,0,1790123122,,,SCHEDULED
2026-09-23T00:06:59.508401+00:00,1285143,023,1368,36,0,1790123147,,,SCHEDULED
2026-09-23T00:06:59.508401+00:00,1285143,023,1369,37,0,1790123210,,,SCHEDULED
2026-09-23T00:06:59.508401+00:00,1285143,023,1370,38,0,1790123242,,,SCHEDULED
2026-09-23T00:06:59.508401+00:00,1285143,023,1372,39,0,1790123266,,,SCHEDULED
2026-09-23T00:06:59.508401+00:00,1285143,023,1373,40,0,1790123280,,,SCHEDULED
2026-09-23T00:06:59.508401+00:00,1285143,023,1374,41,0,1790123355,,,SCHEDULED
2026-09-23T00:06:59.508401+00:00,1285143,023,1375,42,0,1790123393,,,SCHEDULED
2026-09-23T00:06:59.508401+00:00,1285143,023,1376,43,0,1790123425,,,SCHEDULED
2026-09-23T00:06:59.508401+00:00,1285143,023,1377,44,0,1790123445,,,SCHEDULED
2026-09-23T00:06:59.508401+00:00,1285143,023,1378,45,0,1790123539,,,SCHEDULED
2026-09-23T00:06:59.508401+00:00,1285143,023,1380,46,0,1790123629,,,SCHEDULED
2026-09-23T00:06:59.508401+00:00,1285143,023,1381,47,0,1790123703,,,SCHEDULED
2026-09-23T00:06:59.508401+00:00,1285143,023,1382,48,0,1790123756,,,SCHEDULED
2026-09-23T00:06:59.508401+00:00,1285143,023,1383,49,0,1790123779,,,SCHEDULED
2026-09-23T00:06:59.508401+00:00,1284695,013,3240,31,0,1790121997,,,SCHEDULED
2026-09-23T00:06:59.508401+00:00,1284695,013,3241,32,0,1790122053,,,SCHEDULED
2026-09-23T00:06:59.508401+00:00,1284695,013,3242,33,0,1790122080,,,SCHEDULED
2026-09-23T00:06:59.508401+00:00,1284695,013,3243,34,0,1790122117,,,SCHEDULED
2026-09-23T00:06:59.508401+00:00,1284695,013,3244,35,0,1790122131,,,SCHEDULED
2026-09-23T00:06:59.508401+00:00,1284695,013,3246,36,0,1790122191,,,SCHEDULED
2026-09-23T00:06:59.508401+00:00,1284695,013,8927,37,0,1790122267,,,SCHEDULED
2026-09-23T00:06:59.508401+00:00,1284695,013,4710,38,0,1790122458,,,SCHEDULED
2026-09-23T00:06:59.508401+00:00,1284695,013,8928,39,0,1790122463,,,SCHEDULED
2026-09-23T00:06:59.508401+00:00,1284695,013,8929,40,0,1790122472,,,SCHEDULED
2026-09-23T00:06:59.508401+00:00,1284695,013,8930,41,0,1790122512,,,SCHEDULED
2026-09-23T00:06:59.508401+00:00,1284695,013,543,42,0,1790122547,,,SCHEDULED
2026-09-23T00:06:59.508401+00:00,1284695,013,1731,43,0,1790122691,,,SCHEDULED
2026-09-23T00:06:59.508401+00:00,1284695,013,1680,44,0,1790122737,,,SCHEDULED
2026-09-23T00:06:59.508401+00:00,1284695,013,1364,45,0,1790122806,,,SCHEDULED
2026-09-23T00:06:59.508401+00:00,1286599,067,2031,46,0,1790122046,,,SCHEDULED
2026-09-23T00:06:59.508401+00:00,1286599,067,2032,47,0,1790122123,,,SCHEDULED
2026-09-23T00:06:59.508401+00:00,1286599,067,2173,48,0,1790122182,,,SCHEDULED
2026-09-23T00:06:59.508401+00:00,1286599,067,494,49,0,1790122303,,,SCHEDULED
2026-09-23T00:06:59.508401+00:00,1286599,067,3831,50,0,1790122504,,,SCHEDULED
2026-09-23T00:06:59.508401+00:00,1286599,067,3833,51,0,1790122595,,,SCHEDULED
2026-09-23T00:06:59.508401+00:00,1286599,067,3834,52,0,1790122676,,,SCHEDULED
2026-09-23T00:06:59.508401+00:00,1286599,067,3939,53,0,1790122783,,,SCHEDULED
2026-09-23T00:06:59.508401+00:00,1286599,067,5107,54,0,1790122807,,,SCHEDULED
2026-09-23T00:06:59.508401+00:00,1286599,067,4020,55,0,1790122833,,,SCHEDULED
2026-09-23T00:06:59.508401+00:00,1286599,067,4021,56,0,1790122876,,,SCHEDULED
2026-09-23T00:06:59.508401+00:00,1286599,067,4022,57,0,1790122921,,,SCHEDULED
2026-09-23T00:06:59.508401+00:00,1286599,067,242,58,0,1790122988,,,SCHEDULED
2026-09-23T00:06:59.508401+00:00,1286599,067,243,59,0,1790123009,,,SCHEDULED
2026-09-23T00:06:59.508401+00:00,1286599,067,244,60,0,1790123026,,,SCHEDULED
2026-09-23T00:06:59.508401+00:00,1286599,067,1038,61,0,1790123052,,,SCHEDULED
2026-09-23T00:06:59.508401+00:00,1286599,067,4019,62,0,1790123237,,,SCHEDULED
2026-09-23T00:06:59.508401+00:00,1285421,026,1529,35,0,1790121913,,,SCHEDULED
2026-09-23T00:06:59.508401+00:00,1285421,026,1530,36,0,1790122012,,,SCHEDULED
2026-09-23T00:06:59.508401+00:00,1285421,026,1531,37,0,1790122105,,,SCHEDULED
2026-09-23T00:06:59.508401+00:00,1285421,026,1532,38,0,1790122153,,,SCHEDULED
2026-09-23T00:06:59.508401+00:00,1285421,026,1533,39,0,1790122196,,,SCHEDULED
2026-09-23T00:06:59.508401+00:00,1285421,026,1534,40,0,1790122258,,,SCHEDULED
2026-09-23T00:06:59.508401+00:00,1285421,026,1535,41,0,1790122358,,,SCHEDULED
2026-09-23T00:06:59.508401+00:00,1285421,026,1536,42,0,1790122434,,,SCHEDULED
2026-09-23T00:06:59.508401+00:00,1285421,026,1537,43,0,1790122551,,,SCHEDULED
2026-09-23T00:06:59.508401+00:00,1285421,026,1538,44,0,1790122592,,,SCHEDULED
2026-09-23T00:06:59.508401+00:00,1285421,026,1539,45,0,1790122637,,,SCHEDULED
2026-09-23T00:06:59.508401+00:00,1285421,026,1540,46,0,1790122662,,,SCHEDULED
2026-09-23T00:06:59.508401+00:00,1285421,026,1542,47,0,1790122793,,,SCHEDULED
2026-09-23T00:06:59.508401+00:00,1285421,026,1541,48,0,1790122936,,,SCHEDULED
2026-09-23T00:06:59.508401+00:00,1285421,026,2980,49,0,1790122982,,,SCHEDULED
2026-09-23T00:06:59.508401+00:00,1285421,026,8958,50,0,1790123100,,,SCHEDULED
2026-09-23T00:06:59.508401+00:00,1284694,013,1165,17,0,1790122002,,,SCHEDULED
2026-09-23T00:06:59.508401+00:00,1284694,013,1166,18,0,1790122022,,,SCHEDULED
2026-09-23T00:06:59.508401+00:00,1284694,013,1167,19,0,1790122062,,,SCHEDULED
2026-09-23T00:06:59.508401+00:00,1284694,013,1168,20,0,1790122090,,,SCHEDULED
2026-09-23T00:06:59.508401+00:00,1284694,013,284,21,0,1790122258,,,SCHEDULED
2026-09-23T00:06:59.508401+00:00,1284694,013,9807,22,0,1790122305,,,SCHEDULED
2026-09-23T00:06:59.508401+00:00,1284694,013,284,23,0,1790122412,,,SCHEDULED
2026-09-23T00:06:59.508401+00:00,1284694,013,1635,24,0,1790122537,,,SCHEDULED
2026-09-23T00:06:59.508401+00:00,1284694,013,4750,25,0,1790122699,,,SCHEDULED
2026-09-23T00:06:59.508401+00:00,1284694,013,3980,26,0,1790122779,,,SCHEDULED
2026-09-23T00:06:59.508401+00:00,1284694,013,3979,27,0,1790122862,,,SCHEDULED
2026-09-23T00:06:59.508401+00:00,1284694,013,3981,28,0,1790122898,,,SCHEDULED
2026-09-23T00:06:59.508401+00:00,1284694,013,3982,29,0,1790122952,,,SCHEDULED
2026-09-23T00:06:59.508401+00:00,1284694,013,103,30,0,1790122977,,,SCHEDULED
2026-09-23T00:06:59.508401+00:00,1284694,013,3240,31,0,1790123073,,,SCHEDULED
2026-09-23T00:06:59.508401+00:00,1284694,013,3241,32,0,1790123113,,,SCHEDULED
2026-09-23T00:06:59.508401+00:00,1284694,013,3242,33,0,1790123129,,,SCHEDULED
2026-09-23T00:06:59.508401+00:00,1284694,013,3243,34,0,1790123180,,,SCHEDULED
2026-09-23T00:06:59.508401+00:00,1284694,013,3244,35,0,1790123196,,,SCHEDULED
2026-09-23T00:06:59.508401+00:00,1284694,013,3246,36,0,1790123271,,,SCHEDULED
2026-09-23T00:06:59.508401+00:00,1284694,013,8927,37,0,1790123389,,,SCHEDULED
2026-09-23T00:06:59.508401+00:00,1284694,013,4710,38,0,1790123580,,,SCHEDULED
2026-09-23T00:06:59.508401+00:00,1284694,013,8928,39,0,1790123677,,,SCHEDULED
2026-09-23T00:06:59.508401+00:00,1285420,026,3054,2,0,1790121999,,,SCHEDULED
2026-09-23T00:06:59.508401+00:00,1285420,026,3055,3,0,1790122154,,,SCHEDULED
2026-09-23T00:06:59.508401+00:00,1285420,026,3056,4,0,1790122252,,,SCHEDULED
2026-09-23T00:06:59.508401+00:00,1285420,026,3057,5,0,1790122293,,,SCHEDULED
2026-09-23T00:06:59.508401+00:00,1285420,026,3058,6,0,1790122352,,,SCHEDULED
2026-09-23T00:06:59.508401+00:00,1285420,026,3059,7,0,1790122358,,,SCHEDULED
2026-09-23T00:06:59.508401+00:00,1285420,026,3060,8,0,1790122365,,,SCHEDULED
2026-09-23T00:06:59.508401+00:00,1285420,026,3061,9,0,1790122440,,,SCHEDULED
2026-09-23T00:06:59.508401+00:00,1285420,026,3062,10,0,1790122485,,,SCHEDULED
2026-09-23T00:06:59.508401+00:00,1285420,026,3063,11,0,1790122541,,,SCHEDULED
2026-09-23T00:06:59.508401+00:00,1285420,026,3064,12,0,1790122595,,,SCHEDULED
2026-09-23T00:06:59.508401+00:00,1285420,026,3065,13,0,1790122632,,,SCHEDULED
2026-09-23T00:06:59.508401+00:00,1285420,026,3066,14,0,1790122713,,,SCHEDULED
2026-09-23T00:06:59.508401+00:00,1285420,026,629,15,0,1790122797,,,SCHEDULED
2026-09-23T00:06:59.508401+00:00,1285420,026,651,16,0,1790122888,,,SCHEDULED
2026-09-23T00:06:59.508401+00:00,1285420,026,544,17,0,1790122926,,,SCHEDULED
2026-09-23T00:06:59.508401+00:00,1285420,026,3049,18,0,1790123129,,,SCHEDULED
2026-09-23T00:06:59.508401+00:00,1285420,026,3070,19,0,1790123155,,,SCHEDULED
2026-09-23T00:06:59.508401+00:00,1285420,026,3071,20,0,1790123195,,,SCHEDULED
2026-09-23T00:06:59.508401+00:00,1285420,026,3072,21,0,1790123244,,,SCHEDULED
2026-09-23T00:06:59.508401+00:00,1285420,026,9801,22,0,1790123377,,,SCHEDULED
2026-09-23T00:06:59.508401+00:00,1285420,026,3073,23,0,1790123424,,,SCHEDULED
2026-09-23T00:06:59.508401+00:00,1285420,026,1518,24,0,1790123595,,,SCHEDULED
2026-09-23T00:06:59.508401+00:00,1285420,026,1519,25,0,1790123764,,,SCHEDULED
2026-09-23T00:06:59.508401+00:00,1286597,067,1099,1,,,0,1790122500,SCHEDULED
2026-09-23T00:06:59.508401+00:00,1286597,067,2645,2,0,1790122633,,,SCHEDULED
2026-09-23T00:06:59.508401+00:00,1286597,067,2643,3,0,1790122740,,,SCHEDULED
2026-09-23T00:06:59.508401+00:00,1286597,067,2644,4,0,1790122815,,,SCHEDULED
2026-09-23T00:06:59.508401+00:00,1286597,067,2646,5,0,1790122892,,,SCHEDULED
2026-09-23T00:06:59.508401+00:00,1286597,067,2647,6,0,1790122911,,,SCHEDULED
2026-09-23T00:06:59.508401+00:00,1286597,067,2648,7,0,1790123374,,,SCHEDULED
2026-09-23T00:06:59.508401+00:00,1286597,067,5344,8,0,1790123393,,,SCHEDULED
2026-09-23T00:06:59.508401+00:00,1286597,067,2649,9,0,1790123411,,,SCHEDULED
2026-09-23T00:06:59.508401+00:00,1286597,067,2650,10,0,1790123445,,,SCHEDULED
2026-09-23T00:06:59.508401+00:00,1286597,067,2651,11,0,1790123542,,,SCHEDULED
2026-09-23T00:06:59.508401+00:00,1286597,067,2653,12,0,1790123718,,,SCHEDULED
2026-09-23T00:06:59.508401+00:00,1286597,067,2654,13,0,1790123788,,,SCHEDULED
2026-09-23T00:06:59.508401+00:00,1286872,072,323,1,,,0,1790122812,SCHEDULED
2026-09-23T00:06:59.508401+00:00,1286872,072,4210,2,0,1790122976,,,SCHEDULED
2026-09-23T00:06:59.508401+00:00,1286872,072,4211,3,0,1790123031,,,SCHEDULED
2026-09-23T00:06:59.508401+00:00,1286872,072,4213,4,0,1790123063,,,SCHEDULED
2026-09-23T00:06:59.508401+00:00,1286872,072,4214,5,0,1790123108,,,SCHEDULED
2026-09-23T00:06:59.508401+00:00,1286872,072,4217,6,0,1790123158,,,SCHEDULED
2026-09-23T00:06:59.508401+00:00,1286872,072,5249,7,0,1790123193,,,SCHEDULED
2026-09-23T00:06:59.508401+00:00,1286872,072,4215,8,0,1790123247,,,SCHEDULED
2026-09-23T00:06:59.508401+00:00,1286872,072,4216,9,0,1790123271,,,SCHEDULED
2026-09-23T00:06:59.508401+00:00,1286872,072,2816,10,0,1790123293,,,SCHEDULED
2026-09-23T00:06:59.508401+00:00,1286872,072,2817,11,0,1790123327,,,SCHEDULED
2026-09-23T00:06:59.508401+00:00,1286872,072,2818,12,0,1790123392,,,SCHEDULED
2026-09-23T00:06:59.508401+00:00,1286872,072,2819,13,0,1790123424,,,SCHEDULED
2026-09-23T00:06:59.508401+00:00,1286872,072,2820,14,0,1790123453,,,SCHEDULED
2026-09-23T00:06:59.508401+00:00,1286872,072,2821,15,0,1790123487,,,SCHEDULED
2026-09-23T00:06:59.508401+00:00,1286872,072,2822,16,0,1790123515,,,SCHEDULED
2026-09-23T00:06:59.508401+00:00,1286872,072,2824,17,0,1790123560,,,SCHEDULED
2026-09-23T00:06:59.508401+00:00,1286872,072,2825,18,0,1790123603,,,SCHEDULED
2026-09-23T00:06:59.508401+00:00,1286872,072,2826,19,0,1790123653,,,SCHEDULED
2026-09-23T00:06:59.508401+00:00,1286872,072,3861,20,0,1790123701,,,SCHEDULED
2026-09-23T00:06:59.508401+00:00,1286872,072,3862,21,0,1790123719,,,SCHEDULED
2026-09-23T00:06:59.508401+00:00,1286872,072,3864,22,0,1790123764,,,SCHEDULED
2026-09-23T00:06:59.508401+00:00,1287961,088,626,26,0,1790122069,,,SCHEDULED
2026-09-23T00:06:59.508401+00:00,1287961,088,5271,27,0,1790122163,,,SCHEDULED
2026-09-23T00:06:59.508401+00:00,1286477,062,2272,18,0,1790122023,,,SCHEDULED
2026-09-23T00:06:59.508401+00:00,1286477,062,2273,19,0,1790122046,,,SCHEDULED
2026-09-23T00:06:59.508401+00:00,1286477,062,2275,20,0,1790122095,,,SCHEDULED
2026-09-23T00:06:59.508401+00:00,1286477,062,2276,21,0,1790122148,,,SCHEDULED
2026-09-23T00:06:59.508401+00:00,1286477,062,2277,22,0,1790122233,,,SCHEDULED
2026-09-23T00:06:59.508401+00:00,1286477,062,2278,23,0,1790122305,,,SCHEDULED
2026-09-23T00:06:59.508401+00:00,1286477,062,2279,24,0,1790122306,,,SCHEDULED
2026-09-23T00:06:59.508401+00:00,1286477,062,2280,25,0,1790122364,,,SCHEDULED
2026-09-23T00:06:59.508401+00:00,1286477,062,2281,26,0,1790122384,,,SCHEDULED
2026-09-23T00:06:59.508401+00:00,1286477,062,2346,27,0,1790122505,,,SCHEDULED
2026-09-23T00:06:59.508401+00:00,1286477,062,2347,28,0,1790122673,,,SCHEDULED
2026-09-23T00:06:59.508401+00:00,1286477,062,2348,29,0,1790122692,,,SCHEDULED
2026-09-23T00:06:59.508401+00:00,1286477,062,2350,30,0,1790122717,,,SCHEDULED
2026-09-23T00:06:59.508401+00:00,1286477,062,2351,31,0,1790122739,,,SCHEDULED
2026-09-23T00:06:59.508401+00:00,1286477,062,5313,32,0,1790122791,,,SCHEDULED
2026-09-23T00:06:59.508401+00:00,1286477,062,2352,33,0,1790122809,,,SCHEDULED
2026-09-23T00:06:59.508401+00:00,1286477,062,2353,34,0,1790122858,,,SCHEDULED
2026-09-23T00:06:59.508401+00:00,1286477,062,2354,35,0,1790122868,,,SCHEDULED
2026-09-23T00:06:59.508401+00:00,1286477,062,2355,36,0,1790122893,,,SCHEDULED
2026-09-23T00:06:59.508401+00:00,1286477,062,2356,37,0,1790122912,,,SCHEDULED
2026-09-23T00:06:59.508401+00:00,1286477,062,465,38,0,1790122943,,,SCHEDULED
2026-09-23T00:06:59.508401+00:00,1286477,062,466,39,0,1790122963,,,SCHEDULED
2026-09-23T00:06:59.508401+00:00,1286477,062,467,40,0,1790122997,,,SCHEDULED
2026-09-23T00:06:59.508401+00:00,1286477,062,468,41,0,1790123012,,,SCHEDULED
2026-09-23T00:06:59.508401+00:00,1286477,062,469,42,0,1790123029,,,SCHEDULED
2026-09-23T00:06:59.508401+00:00,1286477,062,470,43,0,1790123071,,,SCHEDULED
2026-09-23T00:06:59.508401+00:00,1286477,062,471,44,0,1790123101,,,SCHEDULED
2026-09-23T00:06:59.508401+00:00,1286477,062,472,45,0,1790123215,,,SCHEDULED
2026-09-23T00:06:59.508401+00:00,1286477,062,473,46,0,1790123264,,,SCHEDULED
2026-09-23T00:06:59.508401+00:00,1286477,062,474,47,0,1790123288,,,SCHEDULED
2026-09-23T00:06:59.508401+00:00,1286477,062,475,48,0,1790123313,,,SCHEDULED
2026-09-23T00:06:59.508401+00:00,1286477,062,476,49,0,1790123372,,,SCHEDULED
2026-09-23T00:06:59.508401+00:00,1286477,062,477,50,0,1790123424,,,SCHEDULED
2026-09-23T00:06:59.508401+00:00,1286477,062,4134,51,0,1790123524,,,SCHEDULED
2026-09-23T00:06:59.508401+00:00,1286477,062,4136,52,0,1790123610,,,SCHEDULED
2026-09-23T00:06:59.508401+00:00,1286477,062,4137,53,0,1790123659,,,SCHEDULED
2026-09-23T00:06:59.508401+00:00,1285422,026,8958,50,0,1790121998,,,SCHEDULED
2026-09-23T00:06:59.508401+00:00,1287203,081,2371,20,0,1790122032,,,SCHEDULED
2026-09-23T00:06:59.508401+00:00,1287203,081,2372,21,0,1790122092,,,SCHEDULED
2026-09-23T00:06:59.508401+00:00,1287203,081,2373,22,0,1790122152,,,SCHEDULED
2026-09-23T00:06:59.508401+00:00,1287203,081,2374,23,0,1790122234,,,SCHEDULED
2026-09-23T00:06:59.508401+00:00,1287203,081,3130,24,0,1790122491,,,SCHEDULED
2026-09-23T00:06:59.508401+00:00,1287203,081,3131,25,0,1790122620,,,SCHEDULED
2026-09-23T00:06:59.508401+00:00,1287203,081,3132,26,0,1790122677,,,SCHEDULED
2026-09-23T00:06:59.508401+00:00,1287203,081,3134,27,0,1790122865,,,SCHEDULED
2026-09-23T00:06:59.508401+00:00,1287203,081,3135,28,0,1790122951,,,SCHEDULED
2026-09-23T00:06:59.508401+00:00,1287203,081,3136,29,0,1790123014,,,SCHEDULED
2026-09-23T00:06:59.508401+00:00,1287203,081,3137,30,0,1790123100,,,SCHEDULED
2026-09-23T00:06:59.508401+00:00,1287203,081,3138,31,0,1790123205,,,SCHEDULED
2026-09-23T00:06:59.508401+00:00,1287203,081,3139,32,0,1790123260,,,SCHEDULED
2026-09-23T00:06:59.508401+00:00,1287203,081,3140,33,0,1790123313,,,SCHEDULED
2026-09-23T00:06:59.508401+00:00,1287203,081,3141,34,0,1790123343,,,SCHEDULED
2026-09-23T00:06:59.508401+00:00,1287203,081,3142,35,0,1790123368,,,SCHEDULED
2026-09-23T00:06:59.508401+00:00,1287203,081,3143,36,0,1790123414,,,SCHEDULED
2026-09-23T00:06:59.508401+00:00,1287203,081,3144,37,0,1790123439,,,SCHEDULED
2026-09-23T00:06:59.508401+00:00,1286598,067,2648,7,0,1790122305,,,SCHEDULED
2026-09-23T00:06:59.508401+00:00,1286598,067,5344,8,0,1790122357,,,SCHEDULED
2026-09-23T00:06:59.508401+00:00,1286598,067,2649,9,0,1790122408,,,SCHEDULED
2026-09-23T00:06:59.508401+00:00,1286598,067,2650,10,0,1790122439,,,SCHEDULED
2026-09-23T00:06:59.508401+00:00,1286598,067,2651,11,0,1790122482,,,SCHEDULED
2026-09-23T00:06:59.508401+00:00,1286598,067,2653,12,0,1790122573,,,SCHEDULED
2026-09-23T00:06:59.508401+00:00,1286598,067,2654,13,0,1790122643,,,SCHEDULED
2026-09-23T00:06:59.508401+00:00,1286598,067,9811,14,0,1790122745,,,SCHEDULED
2026-09-23T00:06:59.508401+00:00,1286598,067,880,15,0,1790122886,,,SCHEDULED
2026-09-23T00:06:59.508401+00:00,1286598,067,2656,16,0,1790122972,,,SCHEDULED
2026-09-23T00:06:59.508401+00:00,1286598,067,2655,17,0,1790122996,,,SCHEDULED
2026-09-23T00:06:59.508401+00:00,1286598,067,1915,18,0,1790123033,,,SCHEDULED
2026-09-23T00:06:59.508401+00:00,1286598,067,2569,19,0,1790123126,,,SCHEDULED
2026-09-23T00:06:59.508401+00:00,1286598,067,2570,20,0,1790123215,,,SCHEDULED
2026-09-23T00:06:59.508401+00:00,1286598,067,2571,21,0,1790123240,,,SCHEDULED
2026-09-23T00:06:59.508401+00:00,1286598,067,2572,22,0,1790123304,,,SCHEDULED
2026-09-23T00:06:59.508401+00:00,1286598,067,2573,23,0,1790123327,,,SCHEDULED
2026-09-23T00:06:59.508401+00:00,1286598,067,2574,24,0,1790123344,,,SCHEDULED
2026-09-23T00:06:59.508401+00:00,1286598,067,2575,25,0,1790123357,,,SCHEDULED
2026-09-23T00:06:59.508401+00:00,1286598,067,2576,26,0,1790123371,,,SCHEDULED
2026-09-23T00:06:59.508401+00:00,1286598,067,2577,27,0,1790123384,,,SCHEDULED
2026-09-23T00:06:59.508401+00:00,1286598,067,2578,28,0,1790123473,,,SCHEDULED
2026-09-23T00:06:59.508401+00:00,1286598,067,2580,29,0,1790123590,,,SCHEDULED
2026-09-23T00:06:59.508401+00:00,1286598,067,2581,30,0,1790123624,,,SCHEDULED
2026-09-23T00:06:59.508401+00:00,1286598,067,2582,31,0,1790123678,,,SCHEDULED
2026-09-23T00:06:59.508401+00:00,1286598,067,2583,32,0,1790123711,,,SCHEDULED
2026-09-23T00:06:59.508401+00:00,1286598,067,2584,33,0,1790123757,,,SCHEDULED
2026-09-23T00:06:59.508401+00:00,1285547,030,281,29,0,1790122063,,,SCHEDULED
2026-09-23T00:06:59.508401+00:00,1285706,033,536,1,,,0,1790122703,SCHEDULED
2026-09-23T00:06:59.508401+00:00,1285706,033,537,2,0,1790122822,,,SCHEDULED
2026-09-23T00:06:59.508401+00:00,1286471,062,413,1,,,,,NO_DATA
2026-09-23T00:06:59.508401+00:00,1286471,062,414,2,,,,,NO_DATA
2026-09-23T00:06:59.508401+00:00,1286471,062,415,3,,,,,NO_DATA
2026-09-23T00:06:59.508401+00:00,1286471,062,416,4,,,,,NO_DATA
2026-09-23T00:06:59.508401+00:00,1286471,062,418,5,,,,,NO_DATA
2026-09-23T00:06:59.508401+00:00,1286471,062,4763,6,,,,,NO_DATA
2026-09-23T00:06:59.508401+00:00,1286471,062,1716,7,,,,,NO_DATA
2026-09-23T00:06:59.508401+00:00,1286471,062,2256,8,,,,,NO_DATA
2026-09-23T00:06:59.508401+00:00,1286471,062,2257,9,,,,,NO_DATA
2026-09-23T00:06:59.508401+00:00,1286471,062,2258,10,,,,,NO_DATA
2026-09-23T00:06:59.508401+00:00,1286471,062,2260,11,,,,,NO_DATA
2026-09-23T00:06:59.508401+00:00,1286471,062,2261,12,,,,,NO_DATA
2026-09-23T00:06:59.508401+00:00,1286471,062,2262,13,,,,,NO_DATA
2026-09-23T00:06:59.508401+00:00,1286471,062,2264,14,,,,,NO_DATA
2026-09-23T00:06:59.508401+00:00,1286471,062,380,15,,,,,NO_DATA
2026-09-23T00:06:59.508401+00:00,1286471,062,411,16,,,,,NO_DATA
2026-09-23T00:06:59.508401+00:00,1286471,062,2271,17,,,,,NO_DATA
2026-09-23T00:06:59.508401+00:00,1286471,062,2272,18,,,,,NO_DATA
2026-09-23T00:06:59.508401+00:00,1286471,062,2273,19,,,,,NO_DATA
2026-09-23T00:06:59.508401+00:00,1286471,062,2275,20,,,,,NO_DATA
2026-09-23T00:06:59.508401+00:00,1284292,010,11110,1,,,0,1790122399,SCHEDULED
2026-09-23T00:06:59.508401+00:00,1284292,010,11081,2,0,1790122455,,,SCHEDULED
2026-09-23T00:06:59.508401+00:00,1284292,010,11082,3,0,1790122490,,,SCHEDULED
2026-09-23T00:06:59.508401+00:00,1284292,010,11083,4,0,1790122528,,,SCHEDULED
2026-09-23T00:06:59.508401+00:00,1284292,010,11084,5,0,1790122585,,,SCHEDULED
2026-09-23T00:06:59.508401+00:00,1284292,010,11085,6,0,1790122609,,,SCHEDULED
2026-09-23T00:06:59.508401+00:00,1284292,010,11086,7,0,1790122655,,,SCHEDULED
2026-09-23T00:06:59.508401+00:00,1284292,010,11087,8,0,1790122729,,,SCHEDULED
2026-09-23T00:06:59.508401+00:00,1284292,010,11088,9,0,1790122796,,,SCHEDULED
2026-09-23T00:06:59.508401+00:00,1284292,010,11114,10,0,1790123007,,,SCHEDULED
2026-09-23T00:06:59.508401+00:00,1284292,010,11221,11,0,1790123082,,,SCHEDULED
2026-09-23T00:06:59.508401+00:00,1284292,010,11116,12,0,1790123166,,,SCHEDULED
2026-09-23T00:06:59.508401+00:00,1284292,010,11117,13,0,1790123240,,,SCHEDULED
2026-09-23T00:06:59.508401+00:00,1284292,010,11122,14,0,1790123316,,,SCHEDULED
2026-09-23T00:06:59.508401+00:00,1284292,010,11123,15,0,1790123354,,,SCHEDULED
2026-09-23T00:06:59.508401+00:00,1284292,010,11199,16,0,1790123463,,,SCHEDULED
2026-09-23T00:06:59.508401+00:00,1284292,010,11091,17,0,1790123546,,,SCHEDULED
2026-09-23T00:06:59.508401+00:00,1284292,010,11125,18,0,1790123700,,,SCHEDULED
2026-09-23T00:06:59.508401+00:00,1284292,010,11157,19,0,1790123750,,,SCHEDULED
2026-09-23T00:06:59.508401+00:00,1287178,081,2364,13,0,1790122042,,,SCHEDULED
2026-09-23T00:06:59.508401+00:00,1287178,081,2365,14,0,1790122127,,,SCHEDULED
2026-09-23T00:06:59.508401+00:00,1287178,081,2366,15,0,1790122199,,,SCHEDULED
2026-09-23T00:06:59.508401+00:00,1287178,081,2367,16,0,1790122283,,,SCHEDULED
2026-09-23T00:06:59.508401+00:00,1287178,081,5203,17,0,1790122395,,,SCHEDULED
2026-09-23T00:06:59.508401+00:00,1287178,081,2368,18,0,1790122528,,,SCHEDULED
2026-09-23T00:06:59.508401+00:00,1287178,081,2370,19,0,1790122662,,,SCHEDULED
2026-09-23T00:06:59.508401+00:00,1287178,081,2371,20,0,1790122716,,,SCHEDULED
2026-09-23T00:06:59.508401+00:00,1287178,081,2372,21,0,1790122806,,,SCHEDULED
2026-09-23T00:06:59.508401+00:00,1287178,081,2373,22,0,1790122861,,,SCHEDULED
2026-09-23T00:06:59.508401+00:00,1287178,081,2374,23,0,1790122991,,,SCHEDULED
2026-09-23T00:06:59.508401+00:00,1287178,081,5223,24,0,1790123149,,,SCHEDULED
2026-09-23T00:06:59.508401+00:00,1287178,081,2165,25,0,1790123265,,,SCHEDULED
2026-09-23T00:06:59.508401+00:00,1287178,081,2166,26,0,1790123416,,,SCHEDULED
2026-09-23T00:06:59.508401+00:00,1288387,175,658,1,,,0,1790122205,SCHEDULED
2026-09-23T00:06:59.508401+00:00,1288387,175,950,2,0,1790122574,,,SCHEDULED
2026-09-23T00:06:59.508401+00:00,1288387,175,952,3,0,1790122700,,,SCHEDULED
2026-09-23T00:06:59.508401+00:00,1288387,175,954,4,0,1790122766,,,SCHEDULED
2026-09-23T00:06:59.508401+00:00,1288387,175,956,5,0,1790122810,,,SCHEDULED
2026-09-23T00:06:59.508401+00:00,1288387,175,1760,6,0,1790123072,,,SCHEDULED
2026-09-23T00:06:59.508401+00:00,1288387,175,1015,7,0,1790123220,,,SCHEDULED
2026-09-23T00:06:59.508401+00:00,1288387,175,659,8,0,1790123366,,,SCHEDULED
2026-09-23T00:06:59.508401+00:00,1288387,175,1781,9,0,1790123409,,,SCHEDULED
2026-09-23T00:06:59.508401+00:00,1288387,175,1794,10,0,1790123465,,,SCHEDULED
2026-09-23T00:06:59.508401+00:00,1288387,175,1800,11,0,1790123558,,,SCHEDULED
2026-09-23T00:06:59.508401+00:00,1288387,175,1645,12,0,1790123583,,,SCHEDULED
2026-09-23T00:06:59.508401+00:00,1288387,175,948,13,0,1790123675,,,SCHEDULED
2026-09-23T00:06:59.508401+00:00,1286483,062,477,50,0,1790121993,,,SCHEDULED
2026-09-23T00:06:59.508401+00:00,1286483,062,4134,51,0,1790121998,,,SCHEDULED
2026-09-23T00:06:59.508401+00:00,1286483,062,4136,52,0,1790122005,,,SCHEDULED
2026-09-23T00:06:59.508401+00:00,1286483,062,4137,53,0,1790122054,,,SCHEDULED
2026-09-23T00:06:59.508401+00:00,1286000,051,1855,45,0,1790122020,,,SCHEDULED
2026-09-23T00:06:59.508401+00:00,1286000,051,1856,46,0,1790122071,,,SCHEDULED
2026-09-23T00:06:59.508401+00:00,1286000,051,1857,47,0,1790122143,,,SCHEDULED
2026-09-23T00:06:59.508401+00:00,1286000,051,1858,48,0,1790122175,,,SCHEDULED
2026-09-23T00:06:59.508401+00:00,1286000,051,1859,49,0,1790122177,,,SCHEDULED
2026-09-23T00:06:59.508401+00:00,1286000,051,1860,50,0,1790122287,,,SCHEDULED
2026-09-23T00:06:59.508401+00:00,1286000,051,1861,51,0,1790122388,,,SCHEDULED
2026-09-23T00:06:59.508401+00:00,1286000,051,2020,52,0,1790122425,,,SCHEDULED
2026-09-23T00:06:59.508401+00:00,1286000,051,2021,53,0,1790122516,,,SCHEDULED
2026-09-23T00:06:59.508401+00:00,1286000,051,3130,54,0,1790122575,,,SCHEDULED
2026-09-23T00:06:59.508401+00:00,1287177,081,2180,1,,,0,1790122320,SCHEDULED
2026-09-23T00:06:59.508401+00:00,1287177,081,2181,2,0,1790122361,,,SCHEDULED
2026-09-23T00:06:59.508401+00:00,1287177,081,2183,3,0,1790122421,,,SCHEDULED
2026-09-23T00:06:59.508401+00:00,1287177,081,2184,4,0,1790122471,,,SCHEDULED
2026-09-23T00:06:59.508401+00:00,1287177,081,2185,5,0,1790122575,,,SCHEDULED
2026-09-23T00:06:59.508401+00:00,1287177,081,2186,6,0,1790122664,,,SCHEDULED
2026-09-23T00:06:59.508401+00:00,1287177,081,2358,7,0,1790122800,,,SCHEDULED
2026-09-23T00:06:59.508401+00:00,1287177,081,2359,8,0,1790122872,,,SCHEDULED
2026-09-23T00:06:59.508401+00:00,1287177,081,2360,9,0,1790122937,,,SCHEDULED
2026-09-23T00:06:59.508401+00:00,1287177,081,2361,10,0,1790123010,,,SCHEDULED
2026-09-23T00:06:59.508401+00:00,1287177,081,2362,11,0,1790123071,,,SCHEDULED
2026-09-23T00:06:59.508401+00:00,1287177,081,2363,12,0,1790123152,,,SCHEDULED
2026-09-23T00:06:59.508401+00:00,1287177,081,2364,13,0,1790123255,,,SCHEDULED
2026-09-23T00:06:59.508401+00:00,1287177,081,2365,14,0,1790123301,,,SCHEDULED
2026-09-23T00:06:59.508401+00:00,1287177,081,2366,15,0,1790123336,,,SCHEDULED
2026-09-23T00:06:59.508401+00:00,1287177,081,2367,16,0,1790123405,,,SCHEDULED
2026-09-23T00:06:59.508401+00:00,1287177,081,5203,17,0,1790123520,,,SCHEDULED
2026-09-23T00:06:59.508401+00:00,1287177,081,2368,18,0,1790123649,,,SCHEDULED
2026-09-23T00:06:59.508401+00:00,1287699,086,703,28,0,1790122017,,,SCHEDULED
2026-09-23T00:06:59.508401+00:00,1287699,086,700,29,0,1790122051,,,SCHEDULED
2026-09-23T00:06:59.508401+00:00,1287699,086,706,30,0,1790122124,,,SCHEDULED
2026-09-23T00:06:59.508401+00:00,1287699,086,707,31,0,1790122132,,,SCHEDULED
2026-09-23T00:06:59.508401+00:00,1287699,086,708,32,0,1790122138,,,SCHEDULED
2026-09-23T00:06:59.508401+00:00,1287699,086,834,33,0,1790122231,,,SCHEDULED
2026-09-23T00:06:59.508401+00:00,1287699,086,835,34,0,1790122288,,,SCHEDULED
2026-09-23T00:06:59.508401+00:00,1287699,086,836,35,0,1790122336,,,SCHEDULED
2026-09-23T00:06:59.508401+00:00,1287699,086,838,36,0,1790122387,,,SCHEDULED
2026-09-23T00:06:59.508401+00:00,1287699,086,839,37,0,1790122422,,,SCHEDULED
2026-09-23T00:06:59.508401+00:00,1287699,086,840,38,0,1790122468,,,SCHEDULED
2026-09-23T00:06:59.508401+00:00,1287699,086,581,39,0,1790122498,,,SCHEDULED
2026-09-23T00:06:59.508401+00:00,1287699,086,582,40,0,1790122551,,,SCHEDULED
2026-09-23T00:06:59.508401+00:00,1287699,086,583,41,0,1790122593,,,SCHEDULED
2026-09-23T00:06:59.508401+00:00,1287699,086,584,42,0,1790122625,,,SCHEDULED
2026-09-23T00:06:59.508401+00:00,1287699,086,585,43,0,1790122715,,,SCHEDULED
2026-09-23T00:06:59.508401+00:00,1287699,086,586,44,0,1790122757,,,SCHEDULED
2026-09-23T00:06:59.508401+00:00,1288269,142,525,1,,,0,1790123761,SCHEDULED
2026-09-23T00:06:59.508401+00:00,1285557,030,275,1,,,0,1790123208,SCHEDULED
2026-09-23T00:06:59.508401+00:00,1285557,030,1689,2,0,1790123324,,,SCHEDULED
2026-09-23T00:06:59.508401+00:00,1285557,030,1691,3,0,1790123379,,,SCHEDULED
2026-09-23T00:06:59.508401+00:00,1285557,030,1692,4,0,1790123412,,,SCHEDULED
2026-09-23T00:06:59.508401+00:00,1285557,030,1693,5,0,1790123431,,,SCHEDULED
2026-09-23T00:06:59.508401+00:00,1285557,030,1694,6,0,1790123445,,,SCHEDULED
2026-09-23T00:06:59.508401+00:00,1285557,030,1695,7,0,1790123467,,,SCHEDULED
2026-09-23T00:06:59.508401+00:00,1285557,030,1697,8,0,1790123503,,,SCHEDULED
2026-09-23T00:06:59.508401+00:00,1285557,030,1699,9,0,1790123571,,,SCHEDULED
2026-09-23T00:06:59.508401+00:00,1285557,030,1700,10,0,1790123630,,,SCHEDULED
2026-09-23T00:06:59.508401+00:00,1285557,030,1701,11,0,1790123689,,,SCHEDULED
2026-09-23T00:06:59.508401+00:00,1285557,030,1702,12,0,1790123721,,,SCHEDULED
2026-09-23T00:06:59.508401+00:00,1285557,030,1703,13,0,1790123747,,,SCHEDULED
2026-09-23T00:06:59.508401+00:00,1285557,030,1704,14,0,1790123790,,,SCHEDULED
2026-09-23T00:06:59.508401+00:00,1287219,081,1612,1,,,0,1790122828,SCHEDULED
2026-09-23T00:06:59.508401+00:00,1287219,081,1613,2,0,1790122966,,,SCHEDULED
2026-09-23T00:06:59.508401+00:00,1287219,081,2311,3,0,1790123038,,,SCHEDULED
2026-09-23T00:06:59.508401+00:00,1287219,081,2312,4,0,1790123215,,,SCHEDULED
2026-09-23T00:06:59.508401+00:00,1287219,081,2313,5,0,1790123286,,,SCHEDULED
2026-09-23T00:06:59.508401+00:00,1287219,081,2314,6,0,1790123363,,,SCHEDULED
2026-09-23T00:06:59.508401+00:00,1287219,081,2315,7,0,1790123438,,,SCHEDULED
2026-09-23T00:06:59.508401+00:00,1287219,081,5203,8,0,1790123645,,,SCHEDULED
2026-09-23T00:06:59.508401+00:00,1287219,081,2317,9,0,1790123758,,,SCHEDULED
2026-09-23T00:06:59.508401+00:00,1284105,001,1801,1,,,0,1790123691,SCHEDULED
2026-09-23T00:06:59.508401+00:00,1284105,001,3073,2,0,1790123740,,,SCHEDULED
2026-09-23T00:06:59.508401+00:00,1284107,001,3073,2,0,1790122040,,,SCHEDULED
2026-09-23T00:06:59.508401+00:00,1284107,001,630,3,0,1790122278,,,SCHEDULED
2026-09-23T00:06:59.508401+00:00,1284107,001,631,4,0,1790122326,,,SCHEDULED
2026-09-23T00:06:59.508401+00:00,1284107,001,632,5,0,1790122369,,,SCHEDULED
2026-09-23T00:06:59.508401+00:00,1284107,001,634,6,0,1790122451,,,SCHEDULED
2026-09-23T00:06:59.508401+00:00,1284107,001,635,7,0,1790122558,,,SCHEDULED
2026-09-23T00:06:59.508401+00:00,1284107,001,636,8,0,1790122650,,,SCHEDULED
2026-09-23T00:06:59.508401+00:00,1284107,001,637,9,0,1790122732,,,SCHEDULED
2026-09-23T00:06:59.508401+00:00,1284107,001,638,10,0,1790122771,,,SCHEDULED
2026-09-23T00:06:59.508401+00:00,1284107,001,639,11,0,1790122816,,,SCHEDULED
2026-09-23T00:06:59.508401+00:00,1284107,001,640,12,0,1790122895,,,SCHEDULED
2026-09-23T00:06:59.508401+00:00,1284107,001,641,13,0,1790122967,,,SCHEDULED
2026-09-23T00:06:59.508401+00:00,1284107,001,642,14,0,1790123120,,,SCHEDULED
2026-09-23T00:06:59.508401+00:00,1284107,001,643,15,0,1790123174,,,SCHEDULED
2026-09-23T00:06:59.508401+00:00,1284107,001,644,16,0,1790123219,,,SCHEDULED
2026-09-23T00:06:59.508401+00:00,1284107,001,645,17,0,1790123257,,,SCHEDULED
2026-09-23T00:06:59.508401+00:00,1284107,001,646,18,0,1790123312,,,SCHEDULED
2026-09-23T00:06:59.508401+00:00,1284107,001,647,19,0,1790123313,,,SCHEDULED
2026-09-23T00:06:59.508401+00:00,1284107,001,648,20,0,1790123381,,,SCHEDULED
2026-09-23T00:06:59.508401+00:00,1284107,001,649,21,0,1790123439,,,SCHEDULED
2026-09-23T00:06:59.508401+00:00,1284107,001,5351,22,0,1790123442,,,SCHEDULED
2026-09-23T00:06:59.508401+00:00,1284107,001,1308,23,0,1790123519,,,SCHEDULED
2026-09-23T00:06:59.508401+00:00,1284107,001,1309,24,0,1790123575,,,SCHEDULED
2026-09-23T00:06:59.508401+00:00,1284107,001,1310,25,0,1790123697,,,SCHEDULED
2026-09-23T00:06:59.508401+00:00,1284107,001,1311,26,0,1790123705,,,SCHEDULED
2026-09-23T00:06:59.508401+00:00,1284107,001,5363,27,0,1790123774,,,SCHEDULED
2026-09-23T00:06:59.508401+00:00,1284106,001,1801,1,,,0,1790122791,SCHEDULED
2026-09-23T00:06:59.508401+00:00,1284106,001,3073,2,0,1790122840,,,SCHEDULED
2026-09-23T00:06:59.508401+00:00,1284106,001,630,3,0,1790123064,,,SCHEDULED
2026-09-23T00:06:59.508401+00:00,1284106,001,631,4,0,1790123108,,,SCHEDULED
2026-09-23T00:06:59.508401+00:00,1284106,001,632,5,0,1790123148,,,SCHEDULED
2026-09-23T00:06:59.508401+00:00,1284106,001,634,6,0,1790123223,,,SCHEDULED
2026-09-23T00:06:59.508401+00:00,1284106,001,635,7,0,1790123322,,,SCHEDULED
2026-09-23T00:06:59.508401+00:00,1284106,001,636,8,0,1790123406,,,SCHEDULED
2026-09-23T00:06:59.508401+00:00,1284106,001,637,9,0,1790123485,,,SCHEDULED
2026-09-23T00:06:59.508401+00:00,1284106,001,638,10,0,1790123519,,,SCHEDULED
2026-09-23T00:06:59.508401+00:00,1284106,001,639,11,0,1790123560,,,SCHEDULED
2026-09-23T00:06:59.508401+00:00,1284106,001,640,12,0,1790123634,,,SCHEDULED
2026-09-23T00:06:59.508401+00:00,1284106,001,641,13,0,1790123701,,,SCHEDULED
2026-09-23T00:06:59.508401+00:00,1285558,030,1705,15,0,1790122063,,,SCHEDULED
2026-09-23T00:06:59.508401+00:00,1285558,030,1707,16,0,1790122154,,,SCHEDULED
2026-09-23T00:06:59.508401+00:00,1285558,030,1708,17,0,1790122241,,,SCHEDULED
2026-09-23T00:06:59.508401+00:00,1285558,030,1709,18,0,1790122244,,,SCHEDULED
2026-09-23T00:06:59.508401+00:00,1285558,030,1710,19,0,1790122300,,,SCHEDULED
2026-09-23T00:06:59.508401+00:00,1285558,030,1711,20,0,1790122351,,,SCHEDULED
2026-09-23T00:06:59.508401+00:00,1285558,030,519,21,0,1790122387,,,SCHEDULED
2026-09-23T00:06:59.508401+00:00,1285558,030,521,22,0,1790122459,,,SCHEDULED
2026-09-23T00:06:59.508401+00:00,1285558,030,522,23,0,1790122543,,,SCHEDULED
2026-09-23T00:06:59.508401+00:00,1285558,030,525,24,0,1790122639,,,SCHEDULED
2026-09-23T00:06:59.508401+00:00,1285558,030,526,25,0,1790122694,,,SCHEDULED
2026-09-23T00:06:59.508401+00:00,1285558,030,527,26,0,1790122726,,,SCHEDULED
2026-09-23T00:06:59.508401+00:00,1285558,030,528,27,0,1790122760,,,SCHEDULED
2026-09-23T00:06:59.508401+00:00,1285558,030,5252,28,0,1790122842,,,SCHEDULED
2026-09-23T00:06:59.508401+00:00,1285558,030,281,29,0,1790122995,,,SCHEDULED
2026-09-23T00:06:59.508401+00:00,1284109,001,1308,23,0,1790122009,,,SCHEDULED
2026-09-23T00:06:59.508401+00:00,1284109,001,1309,24,0,1790122072,,,SCHEDULED
2026-09-23T00:06:59.508401+00:00,1284109,001,1310,25,0,1790122148,,,SCHEDULED
2026-09-23T00:06:59.508401+00:00,1284109,001,1311,26,0,1790122383,,,SCHEDULED
2026-09-23T00:06:59.508401+00:00,1284109,001,5363,27,0,1790122452,,,SCHEDULED
2026-09-23T00:06:59.508401+00:00,1284109,001,1313,28,0,1790122477,,,SCHEDULED
2026-09-23T00:06:59.508401+00:00,1284109,001,1314,29,0,1790122547,,,SCHEDULED
2026-09-23T00:06:59.508401+00:00,1284109,001,1315,30,0,1790122646,,,SCHEDULED
2026-09-23T00:06:59.508401+00:00,1284109,001,1316,31,0,1790122689,,,SCHEDULED
2026-09-23T00:06:59.508401+00:00,1284109,001,1317,32,0,1790122727,,,SCHEDULED
2026-09-23T00:06:59.508401+00:00,1284109,001,1318,33,0,1790122810,,,SCHEDULED
2026-09-23T00:06:59.508401+00:00,1284109,001,2807,34,0,1790122947,,,SCHEDULED
2026-09-23T00:06:59.508401+00:00,1284108,001,640,12,0,1790122068,,,SCHEDULED
2026-09-23T00:06:59.508401+00:00,1284108,001,641,13,0,1790122140,,,SCHEDULED
2026-09-23T00:06:59.508401+00:00,1284108,001,642,14,0,1790122293,,,SCHEDULED
2026-09-23T00:06:59.508401+00:00,1284108,001,643,15,0,1790122347,,,SCHEDULED
2026-09-23T00:06:59.508401+00:00,1284108,001,644,16,0,1790122392,,,SCHEDULED
2026-09-23T00:06:59.508401+00:00,1284108,001,645,17,0,1790122430,,,SCHEDULED
2026-09-23T00:06:59.508401+00:00,1284108,001,646,18,0,1790122485,,,SCHEDULED
2026-09-23T00:06:59.508401+00:00,1284108,001,647,19,0,1790122486,,,SCHEDULED
2026-09-23T00:06:59.508401+00:00,1284108,001,648,20,0,1790122554,,,SCHEDULED
2026-09-23T00:06:59.508401+00:00,1284108,001,649,21,0,1790122612,,,SCHEDULED
2026-09-23T00:06:59.508401+00:00,1284108,001,5351,22,0,1790122615,,,SCHEDULED
2026-09-23T00:06:59.508401+00:00,1284108,001,1308,23,0,1790122692,,,SCHEDULED
2026-09-23T00:06:59.508401+00:00,1284108,001,1309,24,0,1790122748,,,SCHEDULED
2026-09-23T00:06:59.508401+00:00,1284108,001,1310,25,0,1790122870,,,SCHEDULED
2026-09-23T00:06:59.508401+00:00,1284108,001,1311,26,0,1790122878,,,SCHEDULED
2026-09-23T00:06:59.508401+00:00,1284108,001,5363,27,0,1790122947,,,SCHEDULED
2026-09-23T00:06:59.508401+00:00,1284108,001,1313,28,0,1790122972,,,SCHEDULED
2026-09-23T00:06:59.508401+00:00,1284108,001,1314,29,0,1790123042,,,SCHEDULED
2026-09-23T00:06:59.508401+00:00,1284108,001,1315,30,0,1790123141,,,SCHEDULED
2026-09-23T00:06:59.508401+00:00,1284108,001,1316,31,0,1790123184,,,SCHEDULED
2026-09-23T00:06:59.508401+00:00,1284108,001,1317,32,0,1790123222,,,SCHEDULED
2026-09-23T00:06:59.508401+00:00,1284108,001,1318,33,0,1790123305,,,SCHEDULED
2026-09-23T00:06:59.508401+00:00,1284108,001,2807,34,0,1790123442,,,SCHEDULED
2026-09-23T00:06:59.508401+00:00,1287220,081,2322,14,0,1790121972,,,SCHEDULED
2026-09-23T00:06:59.508401+00:00,1287220,081,2323,15,0,1790121998,,,SCHEDULED
2026-09-23T00:06:59.508401+00:00,1287220,081,2324,16,0,1790122027,,,SCHEDULED
2026-09-23T00:06:59.508401+00:00,1287220,081,2325,17,0,1790122102,,,SCHEDULED
2026-09-23T00:06:59.508401+00:00,1287220,081,2326,18,0,1790122156,,,SCHEDULED
2026-09-23T00:06:59.508401+00:00,1287220,081,2328,19,0,1790122248,,,SCHEDULED
2026-09-23T00:06:59.508401+00:00,1287220,081,2329,20,0,1790122335,,,SCHEDULED
2026-09-23T00:06:59.508401+00:00,1287220,081,2330,21,0,1790122407,,,SCHEDULED
2026-09-23T00:06:59.508401+00:00,1287220,081,4811,22,0,1790122431,,,SCHEDULED
2026-09-23T00:06:59.508401+00:00,1287220,081,4810,23,0,1790122476,,,SCHEDULED
2026-09-23T00:06:59.508401+00:00,1286896,072,377,1,,,0,1790122404,SCHEDULED
2026-09-23T00:06:59.508401+00:00,1286896,072,2873,2,0,1790122584,,,SCHEDULED
2026-09-23T00:06:59.508401+00:00,1286896,072,2874,3,0,1790122643,,,SCHEDULED
2026-09-23T00:06:59.508401+00:00,1286896,072,2884,4,0,1790122703,,,SCHEDULED
2026-09-23T00:06:59.508401+00:00,1286896,072,2885,5,0,1790122784,,,SCHEDULED
2026-09-23T00:06:59.508401+00:00,1286896,072,2886,6,0,1790122845,,,SCHEDULED
2026-09-23T00:06:59.508401+00:00,1286896,072,2887,7,0,1790122850,,,SCHEDULED
2026-09-23T00:06:59.508401+00:00,1286896,072,2888,8,0,1790122900,,,SCHEDULED
2026-09-23T00:06:59.508401+00:00,1286896,072,2889,9,0,1790122974,,,SCHEDULED
2026-09-23T00:06:59.508401+00:00,1286896,072,2891,10,0,1790123024,,,SCHEDULED
2026-09-23T00:06:59.508401+00:00,1286896,072,2892,11,0,1790123048,,,SCHEDULED
2026-09-23T00:06:59.508401+00:00,1286896,072,3860,12,0,1790123068,,,SCHEDULED
2026-09-23T00:06:59.508401+00:00,1286896,072,3787,13,0,1790123262,,,SCHEDULED
2026-09-23T00:06:59.508401+00:00,1286896,072,3788,14,0,1790123308,,,SCHEDULED
2026-09-23T00:06:59.508401+00:00,1286896,072,3789,15,0,1790123371,,,SCHEDULED
2026-09-23T00:06:59.508401+00:00,1286896,072,3790,16,0,1790123420,,,SCHEDULED
2026-09-23T00:06:59.508401+00:00,1286896,072,3791,17,0,1790123463,,,SCHEDULED
2026-09-23T00:06:59.508401+00:00,1286896,072,3785,18,0,1790123486,,,SCHEDULED
2026-09-23T00:06:59.508401+00:00,1286896,072,3792,19,0,1790123506,,,SCHEDULED
2026-09-23T00:06:59.508401+00:00,1286896,072,3793,20,0,1790123564,,,SCHEDULED
2026-09-23T00:06:59.508401+00:00,1286896,072,3794,21,0,1790123571,,,SCHEDULED
2026-09-23T00:06:59.508401+00:00,1286896,072,3795,22,0,1790123577,,,SCHEDULED
2026-09-23T00:06:59.508401+00:00,1286896,072,3796,23,0,1790123612,,,SCHEDULED
2026-09-23T00:06:59.508401+00:00,1286896,072,5250,24,0,1790123647,,,SCHEDULED
2026-09-23T00:06:59.508401+00:00,1286896,072,3798,25,0,1790123686,,,SCHEDULED
2026-09-23T00:06:59.508401+00:00,1286896,072,3799,26,0,1790123734,,,SCHEDULED
2026-09-23T00:06:59.508401+00:00,1286896,072,3800,27,0,1790123791,,,SCHEDULED
2026-09-23T00:06:59.508401+00:00,1286897,072,3802,29,0,1790122099,,,SCHEDULED
2026-09-23T00:06:59.508401+00:00,1286897,072,3852,30,0,1790122190,,,SCHEDULED
2026-09-23T00:06:59.508401+00:00,1285328,025,1277,17,0,1790121963,,,SCHEDULED
2026-09-23T00:06:59.508401+00:00,1285328,025,1278,18,0,1790122039,,,SCHEDULED
2026-09-23T00:06:59.508401+00:00,1285328,025,1279,19,0,1790122089,,,SCHEDULED
2026-09-23T00:06:59.508401+00:00,1285328,025,1280,20,0,1790122199,,,SCHEDULED
2026-09-23T00:06:59.508401+00:00,1285328,025,1281,21,0,1790122263,,,SCHEDULED
2026-09-23T00:06:59.508401+00:00,1285328,025,1282,22,0,1790122282,,,SCHEDULED
2026-09-23T00:06:59.508401+00:00,1285328,025,1481,23,0,1790122370,,,SCHEDULED
2026-09-23T00:06:59.508401+00:00,1285328,025,1482,24,0,1790122429,,,SCHEDULED
2026-09-23T00:06:59.508401+00:00,1285328,025,1483,25,0,1790122469,,,SCHEDULED
2026-09-23T00:06:59.508401+00:00,1285328,025,1484,26,0,1790122545,,,SCHEDULED
2026-09-23T00:06:59.508401+00:00,1285328,025,1485,27,0,1790122606,,,SCHEDULED
2026-09-23T00:06:59.508401+00:00,1285328,025,1486,28,0,1790122640,,,SCHEDULED
2026-09-23T00:06:59.508401+00:00,1285328,025,3614,29,0,1790122677,,,SCHEDULED
2026-09-23T00:06:59.508401+00:00,1285328,025,3615,30,0,1790122806,,,SCHEDULED
2026-09-23T00:06:59.508401+00:00,1285328,025,3616,31,0,1790122863,,,SCHEDULED
2026-09-23T00:06:59.508401+00:00,1285328,025,3617,32,0,1790122930,,,SCHEDULED
2026-09-23T00:06:59.508401+00:00,1285328,025,3618,33,0,1790122978,,,SCHEDULED
2026-09-23T00:06:59.508401+00:00,1285328,025,3619,34,0,1790122994,,,SCHEDULED
2026-09-23T00:06:59.508401+00:00,1285328,025,3620,35,0,1790123110,,,SCHEDULED
2026-09-23T00:06:59.508401+00:00,1285328,025,3621,36,0,1790123161,,,SCHEDULED
2026-09-23T00:06:59.508401+00:00,1285328,025,3622,37,0,1790123186,,,SCHEDULED
2026-09-23T00:06:59.508401+00:00,1285328,025,3623,38,0,1790123217,,,SCHEDULED
2026-09-23T00:06:59.508401+00:00,1285328,025,3624,39,0,1790123253,,,SCHEDULED
2026-09-23T00:06:59.508401+00:00,1285328,025,3625,40,0,1790123296,,,SCHEDULED
2026-09-23T00:06:59.508401+00:00,1285328,025,3626,41,0,1790123325,,,SCHEDULED
2026-09-23T00:06:59.508401+00:00,1285328,025,3627,42,0,1790123370,,,SCHEDULED
2026-09-23T00:06:59.508401+00:00,1285328,025,3628,43,0,1790123391,,,SCHEDULED
2026-09-23T00:06:59.508401+00:00,1285328,025,4603,44,0,1790123475,,,SCHEDULED
2026-09-23T00:06:59.508401+00:00,1285328,025,4604,45,0,1790123507,,,SCHEDULED
2026-09-23T00:06:59.508401+00:00,1285328,025,3371,46,0,1790123696,,,SCHEDULED
2026-09-23T00:06:59.508401+00:00,1285327,025,241,1,,,0,1790122570,SCHEDULED
2026-09-23T00:06:59.508401+00:00,1285327,025,1255,2,0,1790122696,,,SCHEDULED
2026-09-23T00:06:59.508401+00:00,1285327,025,1263,3,0,1790122884,,,SCHEDULED
2026-09-23T00:06:59.508401+00:00,1285327,025,1264,4,0,1790122947,,,SCHEDULED
2026-09-23T00:06:59.508401+00:00,1285327,025,1265,5,0,1790122995,,,SCHEDULED
2026-09-23T00:06:59.508401+00:00,1285327,025,1266,6,0,1790123039,,,SCHEDULED
2026-09-23T00:06:59.508401+00:00,1285327,025,1267,7,0,1790123146,,,SCHEDULED
2026-09-23T00:06:59.508401+00:00,1285327,025,1268,8,0,1790123242,,,SCHEDULED
2026-09-23T00:06:59.508401+00:00,1285327,025,1269,9,0,1790123291,,,SCHEDULED
2026-09-23T00:06:59.508401+00:00,1285327,025,1270,10,0,1790123302,,,SCHEDULED
2026-09-23T00:06:59.508401+00:00,1285327,025,1271,11,0,1790123549,,,SCHEDULED
2026-09-23T00:06:59.508401+00:00,1285327,025,1272,12,0,1790123607,,,SCHEDULED
2026-09-23T00:06:59.508401+00:00,1285327,025,1273,13,0,1790123613,,,SCHEDULED
2026-09-23T00:06:59.508401+00:00,1285327,025,1274,14,0,1790123653,,,SCHEDULED
2026-09-23T00:06:59.508401+00:00,1285327,025,1275,15,0,1790123782,,,SCHEDULED
2026-09-23T00:06:59.508401+00:00,1285329,025,3373,48,0,1790122014,,,SCHEDULED
2026-09-23T00:06:59.508401+00:00,1285329,025,3374,49,0,1790122088,,,SCHEDULED
2026-09-23T00:06:59.508401+00:00,1285329,025,3375,50,0,1790122138,,,SCHEDULED
2026-09-23T00:06:59.508401+00:00,1285329,025,3376,51,0,1790122200,,,SCHEDULED
2026-09-23T00:06:59.508401+00:00,1285329,025,3377,52,0,1790122235,,,SCHEDULED
2026-09-23T00:06:59.508401+00:00,1285329,025,3378,53,0,1790122255,,,SCHEDULED
2026-09-23T00:06:59.508401+00:00,1285329,025,3379,54,0,1790122309,,,SCHEDULED
2026-09-23T00:06:59.508401+00:00,1285329,025,3380,55,0,1790122336,,,SCHEDULED
2026-09-23T00:06:59.508401+00:00,1285329,025,3381,56,0,1790122374,,,SCHEDULED
2026-09-23T00:06:59.508401+00:00,1285329,025,3382,57,0,1790122410,,,SCHEDULED
2026-09-23T00:06:59.508401+00:00,1285329,025,3383,58,0,1790122481,,,SCHEDULED
2026-09-23T00:06:59.508401+00:00,1285329,025,3389,59,0,1790122552,,,SCHEDULED
2026-09-23T00:06:59.508401+00:00,1287184,081,2180,1,,,0,1790123417,SCHEDULED
2026-09-23T00:06:59.508401+00:00,1287184,081,2181,2,0,1790123430,,,SCHEDULED
2026-09-23T00:06:59.508401+00:00,1287184,081,2183,3,0,1790123474,,,SCHEDULED
2026-09-23T00:06:59.508401+00:00,1287184,081,2184,4,0,1790123503,,,SCHEDULED
2026-09-23T00:06:59.508401+00:00,1287184,081,2185,5,0,1790123561,,,SCHEDULED
2026-09-23T00:06:59.508401+00:00,1287184,081,2186,6,0,1790123744,,,SCHEDULED
2026-09-23T00:06:59.508401+00:00,1285054,021,2812,39,0,1790122007,,,SCHEDULED
2026-09-23T00:06:59.508401+00:00,1285054,021,2813,40,0,1790122109,,,SCHEDULED
2026-09-23T00:06:59.508401+00:00,1285054,021,2814,41,0,1790122163,,,SCHEDULED
2026-09-23T00:06:59.508401+00:00,1285054,021,3385,42,0,1790122221,,,SCHEDULED
2026-09-23T00:06:59.508401+00:00,1285054,021,3386,43,0,1790122307,,,SCHEDULED
2026-09-23T00:06:59.508401+00:00,1285054,021,3387,44,0,1790122359,,,SCHEDULED
2026-09-23T00:06:59.508401+00:00,1285054,021,3388,45,0,1790122359,,,SCHEDULED
2026-09-23T00:06:59.508401+00:00,1285054,021,3389,46,0,1790122360,,,SCHEDULED
2026-09-23T00:06:59.508401+00:00,1285296,025,4662,18,0,1790122038,,,SCHEDULED
2026-09-23T00:06:59.508401+00:00,1285296,025,3589,19,0,1790122089,,,SCHEDULED
2026-09-23T00:06:59.508401+00:00,1285296,025,3590,20,0,1790122114,,,SCHEDULED
2026-09-23T00:06:59.508401+00:00,1285296,025,3591,21,0,1790122166,,,SCHEDULED
2026-09-23T00:06:59.508401+00:00,1285296,025,3592,22,0,1790122216,,,SCHEDULED
2026-09-23T00:06:59.508401+00:00,1285296,025,3593,23,0,1790122252,,,SCHEDULED
2026-09-23T00:06:59.508401+00:00,1285296,025,3594,24,0,1790122278,,,SCHEDULED
2026-09-23T00:06:59.508401+00:00,1285296,025,3595,25,0,1790122332,,,SCHEDULED
2026-09-23T00:06:59.508401+00:00,1285296,025,3596,26,0,1790122360,,,SCHEDULED
2026-09-23T00:06:59.508401+00:00,1285296,025,3597,27,0,1790122464,,,SCHEDULED
2026-09-23T00:06:59.508401+00:00,1285296,025,3598,28,0,1790122538,,,SCHEDULED
2026-09-23T00:06:59.508401+00:00,1285296,025,3599,29,0,1790122555,,,SCHEDULED
2026-09-23T00:06:59.508401+00:00,1285296,025,3600,30,0,1790122611,,,SCHEDULED
2026-09-23T00:06:59.508401+00:00,1285296,025,3601,31,0,1790122658,,,SCHEDULED
2026-09-23T00:06:59.508401+00:00,1285296,025,3602,32,0,1790122801,,,SCHEDULED
2026-09-23T00:06:59.508401+00:00,1285296,025,3603,33,0,1790122860,,,SCHEDULED
2026-09-23T00:06:59.508401+00:00,1285296,025,1356,34,0,1790122931,,,SCHEDULED
2026-09-23T00:06:59.508401+00:00,1285296,025,1357,35,0,1790123021,,,SCHEDULED
2026-09-23T00:06:59.508401+00:00,1285296,025,1358,36,0,1790123071,,,SCHEDULED
2026-09-23T00:06:59.508401+00:00,1285296,025,1359,37,0,1790123111,,,SCHEDULED
2026-09-23T00:06:59.508401+00:00,1285296,025,1360,38,0,1790123180,,,SCHEDULED
2026-09-23T00:06:59.508401+00:00,1285296,025,1361,39,0,1790123222,,,SCHEDULED
2026-09-23T00:06:59.508401+00:00,1285296,025,1236,40,0,1790123316,,,SCHEDULED
2026-09-23T00:06:59.508401+00:00,1285296,025,1237,41,0,1790123341,,,SCHEDULED
2026-09-23T00:06:59.508401+00:00,1285296,025,1238,42,0,1790123369,,,SCHEDULED
2026-09-23T00:06:59.508401+00:00,1285296,025,1239,43,0,1790123444,,,SCHEDULED
2026-09-23T00:06:59.508401+00:00,1285296,025,1240,44,0,1790123518,,,SCHEDULED
2026-09-23T00:06:59.508401+00:00,1285296,025,1241,45,0,1790123561,,,SCHEDULED
2026-09-23T00:06:59.508401+00:00,1285296,025,1242,46,0,1790123612,,,SCHEDULED
2026-09-23T00:06:59.508401+00:00,1285296,025,1243,47,0,1790123666,,,SCHEDULED
2026-09-23T00:06:59.508401+00:00,1285296,025,1244,48,0,1790123722,,,SCHEDULED
2026-09-23T00:06:59.508401+00:00,1285296,025,1245,49,0,1790123753,,,SCHEDULED
2026-09-23T00:06:59.508401+00:00,1285296,025,1246,50,0,1790123786,,,SCHEDULED
2026-09-23T00:06:59.508401+00:00,1285053,021,3389,46,0,1790122042,,,SCHEDULED
2026-09-23T00:06:59.508401+00:00,1285295,025,1057,1,,,0,1790122103,SCHEDULED
2026-09-23T00:06:59.508401+00:00,1285295,025,3332,2,0,1790122189,,,SCHEDULED
2026-09-23T00:06:59.508401+00:00,1285295,025,3333,3,0,1790122245,,,SCHEDULED
2026-09-23T00:06:59.508401+00:00,1285295,025,3334,4,0,1790122291,,,SCHEDULED
2026-09-23T00:06:59.508401+00:00,1285295,025,3335,5,0,1790122329,,,SCHEDULED
2026-09-23T00:06:59.508401+00:00,1285295,025,3336,6,0,1790122447,,,SCHEDULED
2026-09-23T00:06:59.508401+00:00,1285295,025,3337,7,0,1790122496,,,SCHEDULED
2026-09-23T00:06:59.508401+00:00,1285295,025,3338,8,0,1790122525,,,SCHEDULED
2026-09-23T00:06:59.508401+00:00,1285295,025,3339,9,0,1790122539,,,SCHEDULED
2026-09-23T00:06:59.508401+00:00,1285295,025,753,10,0,1790122583,,,SCHEDULED
2026-09-23T00:06:59.508401+00:00,1285295,025,3340,11,0,1790122584,,,SCHEDULED
2026-09-23T00:06:59.508401+00:00,1285295,025,3341,12,0,1790122627,,,SCHEDULED
2026-09-23T00:06:59.508401+00:00,1285295,025,3342,13,0,1790122686,,,SCHEDULED
2026-09-23T00:06:59.508401+00:00,1285295,025,3343,14,0,1790122706,,,SCHEDULED
2026-09-23T00:06:59.508401+00:00,1285295,025,4660,15,0,1790122806,,,SCHEDULED
2026-09-23T00:06:59.508401+00:00,1285295,025,5265,16,0,1790122848,,,SCHEDULED
2026-09-23T00:06:59.508401+00:00,1285295,025,4661,17,0,1790122928,,,SCHEDULED
2026-09-23T00:06:59.508401+00:00,1285295,025,4662,18,0,1790123001,,,SCHEDULED
2026-09-23T00:06:59.508401+00:00,1285295,025,3589,19,0,1790123056,,,SCHEDULED
2026-09-23T00:06:59.508401+00:00,1285295,025,3590,20,0,1790123081,,,SCHEDULED
2026-09-23T00:06:59.508401+00:00,1285295,025,3591,21,0,1790123134,,,SCHEDULED
2026-09-23T00:06:59.508401+00:00,1285295,025,3592,22,0,1790123163,,,SCHEDULED
2026-09-23T00:06:59.508401+00:00,1285295,025,3593,23,0,1790123208,,,SCHEDULED
2026-09-23T00:06:59.508401+00:00,1285295,025,3594,24,0,1790123239,,,SCHEDULED
2026-09-23T00:06:59.508401+00:00,1285295,025,3595,25,0,1790123278,,,SCHEDULED
2026-09-23T00:06:59.508401+00:00,1285295,025,3596,26,0,1790123311,,,SCHEDULED
2026-09-23T00:06:59.508401+00:00,1285295,025,3597,27,0,1790123434,,,SCHEDULED
2026-09-23T00:06:59.508401+00:00,1285295,025,3598,28,0,1790123520,,,SCHEDULED
2026-09-23T00:06:59.508401+00:00,1285295,025,3599,29,0,1790123552,,,SCHEDULED
2026-09-23T00:06:59.508401+00:00,1285295,025,3600,30,0,1790123600,,,SCHEDULED
2026-09-23T00:06:59.508401+00:00,1285295,025,3601,31,0,1790123649,,,SCHEDULED
2026-09-23T00:06:59.508401+00:00,1285177,023,9807,1,,,0,1790123143,SCHEDULED
2026-09-23T00:06:59.508401+00:00,1285177,023,1096,2,0,1790123153,,,SCHEDULED
2026-09-23T00:06:59.508401+00:00,1285177,023,1098,3,0,1790123276,,,SCHEDULED
2026-09-23T00:06:59.508401+00:00,1285177,023,1099,4,0,1790123545,,,SCHEDULED
2026-09-23T00:06:59.508401+00:00,1288288,142,413,3,0,1790123092,,,SCHEDULED
2026-09-23T00:06:59.508401+00:00,1288288,142,414,4,0,1790123138,,,SCHEDULED
2026-09-23T00:06:59.508401+00:00,1288288,142,415,5,0,1790123191,,,SCHEDULED
2026-09-23T00:06:59.508401+00:00,1288288,142,416,6,0,1790123236,,,SCHEDULED
2026-09-23T00:06:59.508401+00:00,1288288,142,418,7,0,1790123281,,,SCHEDULED
2026-09-23T00:06:59.508401+00:00,1288288,142,4763,8,0,1790123340,,,SCHEDULED
2026-09-23T00:06:59.508401+00:00,1288288,142,113,9,0,1790123389,,,SCHEDULED
2026-09-23T00:06:59.508401+00:00,1285452,026,1553,12,0,1790121995,,,SCHEDULED
2026-09-23T00:06:59.508401+00:00,1285452,026,1554,13,0,1790122060,,,SCHEDULED
2026-09-23T00:06:59.508401+00:00,1285452,026,1555,14,0,1790122142,,,SCHEDULED
2026-09-23T00:06:59.508401+00:00,1285452,026,1556,15,0,1790122239,,,SCHEDULED
2026-09-23T00:06:59.508401+00:00,1285452,026,1557,16,0,1790122318,,,SCHEDULED
2026-09-23T00:06:59.508401+00:00,1285452,026,1558,17,0,1790122355,,,SCHEDULED
2026-09-23T00:06:59.508401+00:00,1285452,026,1559,18,0,1790122414,,,SCHEDULED
2026-09-23T00:06:59.508401+00:00,1285452,026,1560,19,0,1790122443,,,SCHEDULED
2026-09-23T00:06:59.508401+00:00,1285452,026,1561,20,0,1790122468,,,SCHEDULED
2026-09-23T00:06:59.508401+00:00,1285452,026,1562,21,0,1790122586,,,SCHEDULED
2026-09-23T00:06:59.508401+00:00,1285452,026,1564,22,0,1790122643,,,SCHEDULED
2026-09-23T00:06:59.508401+00:00,1285452,026,1565,23,0,1790122666,,,SCHEDULED
2026-09-23T00:06:59.508401+00:00,1285452,026,1566,24,0,1790122730,,,SCHEDULED
2026-09-23T00:06:59.508401+00:00,1285452,026,1596,25,0,1790122783,,,SCHEDULED
2026-09-23T00:06:59.508401+00:00,1285452,026,1597,26,0,1790122833,,,SCHEDULED
2026-09-23T00:06:59.508401+00:00,1285452,026,1598,27,0,1790122880,,,SCHEDULED
2026-09-23T00:06:59.508401+00:00,1285452,026,3097,28,0,1790123014,,,SCHEDULED
2026-09-23T00:06:59.508401+00:00,1285452,026,3098,29,0,1790123132,,,SCHEDULED
2026-09-23T00:06:59.508401+00:00,1285452,026,9800,30,0,1790123341,,,SCHEDULED
2026-09-23T00:06:59.508401+00:00,1285452,026,3099,31,0,1790123469,,,SCHEDULED
2026-09-23T00:06:59.508401+00:00,1285452,026,3100,32,0,1790123522,,,SCHEDULED
2026-09-23T00:06:59.508401+00:00,1285452,026,3101,33,0,1790123551,,,SCHEDULED
2026-09-23T00:06:59.508401+00:00,1285452,026,3102,34,0,1790123558,,,SCHEDULED
2026-09-23T00:06:59.508401+00:00,1285056,021,319,1,,,0,1790123038,SCHEDULED
2026-09-23T00:06:59.508401+00:00,1285056,021,2770,2,0,1790123256,,,SCHEDULED
2026-09-23T00:06:59.508401+00:00,1285056,021,2771,3,0,1790123399,,,SCHEDULED
2026-09-23T00:06:59.508401+00:00,1285056,021,2772,4,0,1790123466,,,SCHEDULED
2026-09-23T00:06:59.508401+00:00,1285056,021,2773,5,0,1790123496,,,SCHEDULED
2026-09-23T00:06:59.508401+00:00,1285056,021,2774,6,0,1790123547,,,SCHEDULED
2026-09-23T00:06:59.508401+00:00,1285056,021,2775,7,0,1790123577,,,SCHEDULED
2026-09-23T00:06:59.508401+00:00,1285056,021,2776,8,0,1790123643,,,SCHEDULED
2026-09-23T00:06:59.508401+00:00,1285056,021,2777,9,0,1790123682,,,SCHEDULED
2026-09-23T00:06:59.508401+00:00,1285056,021,2778,10,0,1790123737,,,SCHEDULED
2026-09-23T00:06:59.508401+00:00,1285056,021,2779,11,0,1790123744,,,SCHEDULED
2026-09-23T00:06:59.508401+00:00,1285056,021,2780,12,0,1790123753,,,SCHEDULED
2026-09-23T00:06:59.508401+00:00,1285056,021,2781,13,0,1790123762,,,SCHEDULED
2026-09-23T00:06:59.508401+00:00,1284363,011,8913,6,0,1790122020,,,SCHEDULED
2026-09-23T00:06:59.508401+00:00,1284363,011,8914,7,0,1790122272,,,SCHEDULED
2026-09-23T00:06:59.508401+00:00,1284363,011,8915,8,0,1790122328,,,SCHEDULED
2026-09-23T00:06:59.508401+00:00,1284363,011,5329,9,0,1790122390,,,SCHEDULED
2026-09-23T00:06:59.508401+00:00,1284363,011,8917,10,0,1790122435,,,SCHEDULED
2026-09-23T00:06:59.508401+00:00,1284363,011,8918,11,0,1790122473,,,SCHEDULED
2026-09-23T00:06:59.508401+00:00,1284363,011,8919,12,0,1790122560,,,SCHEDULED
2026-09-23T00:06:59.508401+00:00,1284363,011,8920,13,0,1790122606,,,SCHEDULED
2026-09-23T00:06:59.508401+00:00,1284363,011,532,14,0,1790122988,,,SCHEDULED
2026-09-23T00:06:59.508401+00:00,1284363,011,5247,15,0,1790123045,,,SCHEDULED
2026-09-23T00:06:59.508401+00:00,1284363,011,533,16,0,1790123094,,,SCHEDULED
2026-09-23T00:06:59.508401+00:00,1284363,011,534,17,0,1790123126,,,SCHEDULED
2026-09-23T00:06:59.508401+00:00,1284363,011,221,18,0,1790123438,,,SCHEDULED
2026-09-23T00:06:59.508401+00:00,1284363,011,222,19,0,1790123460,,,SCHEDULED
2026-09-23T00:06:59.508401+00:00,1284363,011,223,20,0,1790123487,,,SCHEDULED
2026-09-23T00:06:59.508401+00:00,1284363,011,225,21,0,1790123550,,,SCHEDULED
2026-09-23T00:06:59.508401+00:00,1284363,011,226,22,0,1790123580,,,SCHEDULED
2026-09-23T00:06:59.508401+00:00,1284363,011,455,23,0,1790123604,,,SCHEDULED
2026-09-23T00:06:59.508401+00:00,1284363,011,456,24,0,1790123646,,,SCHEDULED
2026-09-23T00:06:59.508401+00:00,1284363,011,3197,25,0,1790123713,,,SCHEDULED
2026-09-23T00:06:59.508401+00:00,1288441,177,658,1,,,0,1790122258,SCHEDULED
2026-09-23T00:06:59.508401+00:00,1288441,177,832,2,0,1790122450,,,SCHEDULED
2026-09-23T00:06:59.508401+00:00,1288441,177,3845,3,0,1790122487,,,SCHEDULED
2026-09-23T00:06:59.508401+00:00,1288441,177,795,4,0,1790122597,,,SCHEDULED
2026-09-23T00:06:59.508401+00:00,1285055,021,2783,15,0,1790122014,,,SCHEDULED
2026-09-23T00:06:59.508401+00:00,1285055,021,2784,16,0,1790122064,,,SCHEDULED
2026-09-23T00:06:59.508401+00:00,1285055,021,3027,17,0,1790122105,,,SCHEDULED
2026-09-23T00:06:59.508401+00:00,1285055,021,3028,18,0,1790122164,,,SCHEDULED
2026-09-23T00:06:59.508401+00:00,1285055,021,2795,19,0,1790122344,,,SCHEDULED
2026-09-23T00:06:59.508401+00:00,1285055,021,2796,20,0,1790122391,,,SCHEDULED
2026-09-23T00:06:59.508401+00:00,1285055,021,2797,21,0,1790122492,,,SCHEDULED
2026-09-23T00:06:59.508401+00:00,1285055,021,2798,22,0,1790122566,,,SCHEDULED
2026-09-23T00:06:59.508401+00:00,1285055,021,2799,23,0,1790122592,,,SCHEDULED
2026-09-23T00:06:59.508401+00:00,1285055,021,2800,24,0,1790122638,,,SCHEDULED
2026-09-23T00:06:59.508401+00:00,1285055,021,2801,25,0,1790122720,,,SCHEDULED
2026-09-23T00:06:59.508401+00:00,1285055,021,2802,26,0,1790122766,,,SCHEDULED
2026-09-23T00:06:59.508401+00:00,1285055,021,2803,27,0,1790122810,,,SCHEDULED
2026-09-23T00:06:59.508401+00:00,1285055,021,2804,28,0,1790122839,,,SCHEDULED
2026-09-23T00:06:59.508401+00:00,1285055,021,2805,29,0,1790122872,,,SCHEDULED
2026-09-23T00:06:59.508401+00:00,1285055,021,2806,30,0,1790122892,,,SCHEDULED
2026-09-23T00:06:59.508401+00:00,1285055,021,2807,31,0,1790123061,,,SCHEDULED
2026-09-23T00:06:59.508401+00:00,1285055,021,1184,32,0,1790123135,,,SCHEDULED
2026-09-23T00:06:59.508401+00:00,1285055,021,3301,33,0,1790123227,,,SCHEDULED
2026-09-23T00:06:59.508401+00:00,1285055,021,2807,34,0,1790123249,,,SCHEDULED
2026-09-23T00:06:59.508401+00:00,1285055,021,2808,35,0,1790123428,,,SCHEDULED
2026-09-23T00:06:59.508401+00:00,1285055,021,2809,36,0,1790123468,,,SCHEDULED
2026-09-23T00:06:59.508401+00:00,1285055,021,2810,37,0,1790123603,,,SCHEDULED
2026-09-23T00:06:59.508401+00:00,1285055,021,2811,38,0,1790123654,,,SCHEDULED
2026-09-23T00:06:59.508401+00:00,1285055,021,2812,39,0,1790123756,,,SCHEDULED
2026-09-23T00:06:59.508401+00:00,1285451,026,316,1,,,0,1790122761,SCHEDULED
2026-09-23T00:06:59.508401+00:00,1285451,026,8959,2,0,1790122909,,,SCHEDULED
2026-09-23T00:06:59.508401+00:00,1285451,026,2989,3,0,1790123039,,,SCHEDULED
2026-09-23T00:06:59.508401+00:00,1285451,026,1545,4,0,1790123258,,,SCHEDULED
2026-09-23T00:06:59.508401+00:00,1285451,026,1546,5,0,1790123387,,,SCHEDULED
2026-09-23T00:06:59.508401+00:00,1285451,026,1547,6,0,1790123406,,,SCHEDULED
2026-09-23T00:06:59.508401+00:00,1285451,026,1548,7,0,1790123417,,,SCHEDULED
2026-09-23T00:06:59.508401+00:00,1285451,026,1549,8,0,1790123595,,,SCHEDULED
2026-09-23T00:06:59.508401+00:00,1285451,026,1550,9,0,1790123776,,,SCHEDULED
2026-09-23T00:06:59.508401+00:00,1284365,011,3197,25,0,1790122009,,,SCHEDULED
2026-09-23T00:06:59.508401+00:00,1284365,011,3198,26,0,1790122101,,,SCHEDULED
2026-09-23T00:06:59.508401+00:00,1284365,011,3199,27,0,1790122125,,,SCHEDULED
2026-09-23T00:06:59.508401+00:00,1284365,011,1345,28,0,1790122220,,,SCHEDULED
2026-09-23T00:06:59.508401+00:00,1284365,011,128,29,0,1790122321,,,SCHEDULED
2026-09-23T00:06:59.508401+00:00,1284365,011,130,30,0,1790122371,,,SCHEDULED
2026-09-23T00:06:59.508401+00:00,1284365,011,131,31,0,1790122399,,,SCHEDULED
2026-09-23T00:06:59.508401+00:00,1284365,011,132,32,0,1790122427,,,SCHEDULED
2026-09-23T00:06:59.508401+00:00,1284365,011,133,33,0,1790122467,,,SCHEDULED
2026-09-23T00:06:59.508401+00:00,1284365,011,981,34,0,1790122577,,,SCHEDULED
2026-09-23T00:06:59.508401+00:00,1284365,011,983,35,0,1790122640,,,SCHEDULED
2026-09-23T00:06:59.508401+00:00,1284365,011,984,36,0,1790122671,,,SCHEDULED
2026-09-23T00:06:59.508401+00:00,1284365,011,985,37,0,1790122694,,,SCHEDULED
2026-09-23T00:06:59.508401+00:00,1284365,011,986,38,0,1790122731,,,SCHEDULED
2026-09-23T00:06:59.508401+00:00,1284365,011,987,39,0,1790122862,,,SCHEDULED
2026-09-23T00:06:59.508401+00:00,1284365,011,8315,40,0,1790123014,,,SCHEDULED
2026-09-23T00:06:59.508401+00:00,1284365,011,2234,41,0,1790123129,,,SCHEDULED
2026-09-23T00:06:59.508401+00:00,1284365,011,2502,42,0,1790123218,,,SCHEDULED
2026-09-23T00:06:59.508401+00:00,1284365,011,2503,43,0,1790123268,,,SCHEDULED
2026-09-23T00:06:59.508401+00:00,1285179,023,1485,38,0,1790122051,,,SCHEDULED
2026-09-23T00:06:59.508401+00:00,1285179,023,1486,39,0,1790122095,,,SCHEDULED
2026-09-23T00:06:59.508401+00:00,1285179,023,1488,40,0,1790122195,,,SCHEDULED
2026-09-23T00:06:59.508401+00:00,1285179,023,1489,41,0,1790122332,,,SCHEDULED
2026-09-23T00:06:59.508401+00:00,1285179,023,1490,42,0,1790122336,,,SCHEDULED
2026-09-23T00:06:59.508401+00:00,1285179,023,453,43,0,1790122340,,,SCHEDULED
2026-09-23T00:06:59.508401+00:00,1285179,023,1492,44,0,1790122343,,,SCHEDULED
2026-09-23T00:06:59.508401+00:00,1285179,023,1493,45,0,1790122500,,,SCHEDULED
2026-09-23T00:06:59.508401+00:00,1285179,023,1494,46,0,1790122545,,,SCHEDULED
2026-09-23T00:06:59.508401+00:00,1285179,023,1495,47,0,1790122657,,,SCHEDULED
2026-09-23T00:06:59.508401+00:00,1285179,023,5364,48,0,1790122677,,,SCHEDULED
2026-09-23T00:06:59.508401+00:00,1285179,023,1497,49,0,1790122725,,,SCHEDULED
2026-09-23T00:06:59.508401+00:00,1285179,023,1499,50,0,1790122919,,,SCHEDULED
2026-09-23T00:06:59.508401+00:00,1285179,023,1500,51,0,1790122966,,,SCHEDULED
2026-09-23T00:06:59.508401+00:00,1285179,023,1501,52,0,1790122991,,,SCHEDULED
2026-09-23T00:06:59.508401+00:00,1285179,023,1502,53,0,1790123088,,,SCHEDULED
2026-09-23T00:06:59.508401+00:00,1285179,023,1503,54,0,1790123132,,,SCHEDULED
2026-09-23T00:06:59.508401+00:00,1285179,023,1504,55,0,1790123158,,,SCHEDULED
2026-09-23T00:06:59.508401+00:00,1285179,023,1505,56,0,1790123182,,,SCHEDULED
2026-09-23T00:06:59.508401+00:00,1285179,023,1314,57,0,1790123259,,,SCHEDULED
2026-09-23T00:06:59.508401+00:00,1285179,023,1315,58,0,1790123354,,,SCHEDULED
2026-09-23T00:06:59.508401+00:00,1285179,023,1316,59,0,1790123386,,,SCHEDULED
2026-09-23T00:06:59.508401+00:00,1285179,023,1317,60,0,1790123406,,,SCHEDULED
2026-09-23T00:06:59.508401+00:00,1285179,023,1318,61,0,1790123452,,,SCHEDULED
2026-09-23T00:06:59.508401+00:00,1285179,023,2807,62,0,1790123615,,,SCHEDULED
2026-09-23T00:06:59.508401+00:00,1285178,023,1091,6,0,1790122018,,,SCHEDULED
2026-09-23T00:06:59.508401+00:00,1285178,023,1092,7,0,1790122080,,,SCHEDULED
2026-09-23T00:06:59.508401+00:00,1285178,023,1093,8,0,1790122115,,,SCHEDULED
2026-09-23T00:06:59.508401+00:00,1285178,023,1094,9,0,1790122163,,,SCHEDULED
2026-09-23T00:06:59.508401+00:00,1285178,023,1455,10,0,1790122255,,,SCHEDULED
2026-09-23T00:06:59.508401+00:00,1285178,023,1456,11,0,1790122362,,,SCHEDULED
2026-09-23T00:06:59.508401+00:00,1285178,023,1457,12,0,1790122430,,,SCHEDULED
2026-09-23T00:06:59.508401+00:00,1285178,023,1458,13,0,1790122507,,,SCHEDULED
2026-09-23T00:06:59.508401+00:00,1285178,023,1460,14,0,1790122583,,,SCHEDULED
2026-09-23T00:06:59.508401+00:00,1285178,023,1461,15,0,1790122623,,,SCHEDULED
2026-09-23T00:06:59.508401+00:00,1285178,023,1462,16,0,1790122642,,,SCHEDULED
2026-09-23T00:06:59.508401+00:00,1285178,023,1463,17,0,1790122695,,,SCHEDULED
2026-09-23T00:06:59.508401+00:00,1285178,023,1464,18,0,1790122791,,,SCHEDULED
2026-09-23T00:06:59.508401+00:00,1285178,023,1465,19,0,1790122829,,,SCHEDULED
2026-09-23T00:06:59.508401+00:00,1285178,023,1466,20,0,1790122896,,,SCHEDULED
2026-09-23T00:06:59.508401+00:00,1285178,023,1467,21,0,1790122918,,,SCHEDULED
2026-09-23T00:06:59.508401+00:00,1285178,023,1468,22,0,1790122950,,,SCHEDULED
2026-09-23T00:06:59.508401+00:00,1285178,023,1469,23,0,1790122992,,,SCHEDULED
2026-09-23T00:06:59.508401+00:00,1285178,023,1470,24,0,1790123055,,,SCHEDULED
2026-09-23T00:06:59.508401+00:00,1285178,023,1471,25,0,1790123095,,,SCHEDULED
2026-09-23T00:06:59.508401+00:00,1285178,023,1473,26,0,1790123142,,,SCHEDULED
2026-09-23T00:06:59.508401+00:00,1285178,023,1474,27,0,1790123163,,,SCHEDULED
2026-09-23T00:06:59.508401+00:00,1285178,023,1475,28,0,1790123202,,,SCHEDULED
2026-09-23T00:06:59.508401+00:00,1285178,023,1476,29,0,1790123248,,,SCHEDULED
2026-09-23T00:06:59.508401+00:00,1285178,023,1477,30,0,1790123296,,,SCHEDULED
2026-09-23T00:06:59.508401+00:00,1285178,023,1478,31,0,1790123350,,,SCHEDULED
2026-09-23T00:06:59.508401+00:00,1285178,023,1181,32,0,1790123374,,,SCHEDULED
2026-09-23T00:06:59.508401+00:00,1285178,023,1182,33,0,1790123403,,,SCHEDULED
2026-09-23T00:06:59.508401+00:00,1285178,023,1481,34,0,1790123465,,,SCHEDULED
2026-09-23T00:06:59.508401+00:00,1285178,023,1482,35,0,1790123501,,,SCHEDULED
2026-09-23T00:06:59.508401+00:00,1285178,023,1483,36,0,1790123599,,,SCHEDULED
2026-09-23T00:06:59.508401+00:00,1285178,023,1484,37,0,1790123646,,,SCHEDULED
2026-09-23T00:06:59.508401+00:00,1285178,023,1485,38,0,1790123706,,,SCHEDULED
2026-09-23T00:06:59.508401+00:00,1285178,023,1486,39,0,1790123750,,,SCHEDULED
2026-09-23T00:06:59.508401+00:00,1285453,026,9800,30,0,1790122048,,,SCHEDULED
2026-09-23T00:06:59.508401+00:00,1285453,026,3099,31,0,1790122115,,,SCHEDULED
2026-09-23T00:06:59.508401+00:00,1285453,026,3100,32,0,1790122147,,,SCHEDULED
2026-09-23T00:06:59.508401+00:00,1285453,026,3101,33,0,1790122197,,,SCHEDULED
2026-09-23T00:06:59.508401+00:00,1285453,026,3102,34,0,1790122226,,,SCHEDULED
2026-09-23T00:06:59.508401+00:00,1285453,026,5366,35,0,1790122479,,,SCHEDULED
2026-09-23T00:06:59.508401+00:00,1285453,026,1283,36,0,1790122688,,,SCHEDULED
2026-09-23T00:06:59.508401+00:00,1285453,026,650,37,0,1790122697,,,SCHEDULED
2026-09-23T00:06:59.508401+00:00,1285453,026,3107,38,0,1790122764,,,SCHEDULED
2026-09-23T00:06:59.508401+00:00,1285453,026,3108,39,0,1790122812,,,SCHEDULED
2026-09-23T00:06:59.508401+00:00,1285453,026,3109,40,0,1790122858,,,SCHEDULED
2026-09-23T00:06:59.508401+00:00,1285453,026,3110,41,0,1790122893,,,SCHEDULED
2026-09-23T00:06:59.508401+00:00,1285453,026,3112,42,0,1790122987,,,SCHEDULED
2026-09-23T00:06:59.508401+00:00,1285453,026,3113,43,0,1790123016,,,SCHEDULED
2026-09-23T00:06:59.508401+00:00,1285453,026,3115,44,0,1790123098,,,SCHEDULED
2026-09-23T00:06:59.508401+00:00,1285453,026,3116,45,0,1790123172,,,SCHEDULED
2026-09-23T00:06:59.508401+00:00,1285453,026,3117,46,0,1790123200,,,SCHEDULED
2026-09-23T00:06:59.508401+00:00,1285453,026,3118,47,0,1790123259,,,SCHEDULED
2026-09-23T00:06:59.508401+00:00,1285453,026,3119,48,0,1790123308,,,SCHEDULED
2026-09-23T00:06:59.508401+00:00,1285453,026,3121,49,0,1790123392,,,SCHEDULED
2026-09-23T00:06:59.508401+00:00,1285453,026,3122,50,0,1790123434,,,SCHEDULED
2026-09-23T00:06:59.508401+00:00,1285453,026,3123,51,0,1790123451,,,SCHEDULED
2026-09-23T00:06:59.508401+00:00,1285453,026,3124,52,0,1790123467,,,SCHEDULED
2026-09-23T00:06:59.508401+00:00,1284364,011,532,14,0,1790122011,,,SCHEDULED
2026-09-23T00:06:59.508401+00:00,1284364,011,5247,15,0,1790122106,,,SCHEDULED
2026-09-23T00:06:59.508401+00:00,1284364,011,533,16,0,1790122216,,,SCHEDULED
2026-09-23T00:06:59.508401+00:00,1284364,011,534,17,0,1790122290,,,SCHEDULED
2026-09-23T00:06:59.508401+00:00,1284364,011,221,18,0,1790122688,,,SCHEDULED
2026-09-23T00:06:59.508401+00:00,1284364,011,222,19,0,1790122710,,,SCHEDULED
2026-09-23T00:06:59.508401+00:00,1284364,011,223,20,0,1790122737,,,SCHEDULED
2026-09-23T00:06:59.508401+00:00,1284364,011,225,21,0,1790122800,,,SCHEDULED
2026-09-23T00:06:59.508401+00:00,1284364,011,226,22,0,1790122830,,,SCHEDULED
2026-09-23T00:06:59.508401+00:00,1284364,011,455,23,0,1790122854,,,SCHEDULED
2026-09-23T00:06:59.508401+00:00,1284364,011,456,24,0,1790122896,,,SCHEDULED
2026-09-23T00:06:59.508401+00:00,1284364,011,3197,25,0,1790122963,,,SCHEDULED
2026-09-23T00:06:59.508401+00:00,1284364,011,3198,26,0,1790123026,,,SCHEDULED
2026-09-23T00:06:59.508401+00:00,1284364,011,3199,27,0,1790123064,,,SCHEDULED
2026-09-23T00:06:59.508401+00:00,1284364,011,1345,28,0,1790123159,,,SCHEDULED
2026-09-23T00:06:59.508401+00:00,1284364,011,128,29,0,1790123260,,,SCHEDULED
2026-09-23T00:06:59.508401+00:00,1284364,011,130,30,0,1790123310,,,SCHEDULED
2026-09-23T00:06:59.508401+00:00,1284364,011,131,31,0,1790123338,,,SCHEDULED
2026-09-23T00:06:59.508401+00:00,1284364,011,132,32,0,1790123366,,,SCHEDULED
2026-09-23T00:06:59.508401+00:00,1284364,011,133,33,0,1790123406,,,SCHEDULED
2026-09-23T00:06:59.508401+00:00,1284364,011,981,34,0,1790123516,,,SCHEDULED
2026-09-23T00:06:59.508401+00:00,1284364,011,983,35,0,1790123579,,,SCHEDULED
2026-09-23T00:06:59.508401+00:00,1284364,011,984,36,0,1790123610,,,SCHEDULED
2026-09-23T00:06:59.508401+00:00,1284364,011,985,37,0,1790123633,,,SCHEDULED
2026-09-23T00:06:59.508401+00:00,1284364,011,986,38,0,1790123670,,,SCHEDULED
2026-09-23T00:06:59.508401+00:00,1287235,081,290,1,,,0,1790122602,SCHEDULED
2026-09-23T00:06:59.508401+00:00,1287235,081,1600,2,0,1790122665,,,SCHEDULED
2026-09-23T00:06:59.508401+00:00,1287235,081,1602,3,0,1790122793,,,SCHEDULED
2026-09-23T00:06:59.508401+00:00,1287235,081,1603,4,0,1790122811,,,SCHEDULED
2026-09-23T00:06:59.508401+00:00,1287235,081,1604,5,0,1790122847,,,SCHEDULED
2026-09-23T00:06:59.508401+00:00,1287235,081,1605,6,0,1790122888,,,SCHEDULED
2026-09-23T00:06:59.508401+00:00,1287235,081,1606,7,0,1790122926,,,SCHEDULED
2026-09-23T00:06:59.508401+00:00,1287235,081,1607,8,0,1790123030,,,SCHEDULED
2026-09-23T00:06:59.508401+00:00,1287235,081,1608,9,0,1790123149,,,SCHEDULED
2026-09-23T00:06:59.508401+00:00,1287235,081,1609,10,0,1790123191,,,SCHEDULED
2026-09-23T00:06:59.508401+00:00,1287235,081,1610,11,0,1790123272,,,SCHEDULED
2026-09-23T00:06:59.508401+00:00,1287235,081,1611,12,0,1790123344,,,SCHEDULED
2026-09-23T00:06:59.508401+00:00,1287235,081,1612,13,0,1790123608,,,SCHEDULED
2026-09-23T00:06:59.508401+00:00,1287235,081,1613,14,0,1790123746,,,SCHEDULED
2026-09-23T00:06:59.508401+00:00,1287236,081,1607,8,0,1790121992,,,SCHEDULED
2026-09-23T00:06:59.508401+00:00,1287236,081,1608,9,0,1790122045,,,SCHEDULED
2026-09-23T00:06:59.508401+00:00,1287236,081,1609,10,0,1790122116,,,SCHEDULED
2026-09-23T00:06:59.508401+00:00,1287236,081,1610,11,0,1790122208,,,SCHEDULED
2026-09-23T00:06:59.508401+00:00,1287236,081,1611,12,0,1790122224,,,SCHEDULED
2026-09-23T00:06:59.508401+00:00,1287236,081,1612,13,0,1790122230,,,SCHEDULED
2026-09-23T00:06:59.508401+00:00,1287236,081,1613,14,0,1790122368,,,SCHEDULED
2026-09-23T00:06:59.508401+00:00,1287236,081,2311,15,0,1790122440,,,SCHEDULED
2026-09-23T00:06:59.508401+00:00,1287236,081,2312,16,0,1790122617,,,SCHEDULED
2026-09-23T00:06:59.508401+00:00,1287236,081,2313,17,0,1790122688,,,SCHEDULED
2026-09-23T00:06:59.508401+00:00,1287236,081,2314,18,0,1790122765,,,SCHEDULED
2026-09-23T00:06:59.508401+00:00,1287236,081,2315,19,0,1790122840,,,SCHEDULED
2026-09-23T00:06:59.508401+00:00,1287236,081,5203,20,0,1790123047,,,SCHEDULED
2026-09-23T00:06:59.508401+00:00,1287236,081,2317,21,0,1790123170,,,SCHEDULED
2026-09-23T00:06:59.508401+00:00,1287236,081,2318,22,0,1790123237,,,SCHEDULED
2026-09-23T00:06:59.508401+00:00,1287236,081,2319,23,0,1790123340,,,SCHEDULED
2026-09-23T00:06:59.508401+00:00,1287236,081,2320,24,0,1790123395,,,SCHEDULED
2026-09-23T00:06:59.508401+00:00,1287236,081,2321,25,0,1790123457,,,SCHEDULED
2026-09-23T00:06:59.508401+00:00,1287236,081,2322,26,0,1790123497,,,SCHEDULED
2026-09-23T00:06:59.508401+00:00,1287236,081,2323,27,0,1790123528,,,SCHEDULED
2026-09-23T00:06:59.508401+00:00,1287236,081,2324,28,0,1790123576,,,SCHEDULED
2026-09-23T00:06:59.508401+00:00,1287236,081,2325,29,0,1790123656,,,SCHEDULED
2026-09-23T00:06:59.508401+00:00,1287236,081,2326,30,0,1790123715,,,SCHEDULED
2026-09-23T00:06:59.508401+00:00,1287516,084,2755,2,0,1790122086,,,SCHEDULED
2026-09-23T00:06:59.508401+00:00,1287516,084,2756,3,0,1790122146,,,SCHEDULED
2026-09-23T00:06:59.508401+00:00,1287516,084,2757,4,0,1790122185,,,SCHEDULED
2026-09-23T00:06:59.508401+00:00,1287516,084,2954,5,0,1790122257,,,SCHEDULED
2026-09-23T00:06:59.508401+00:00,1287516,084,2955,6,0,1790122284,,,SCHEDULED
2026-09-23T00:06:59.508401+00:00,1287516,084,2956,7,0,1790122320,,,SCHEDULED
2026-09-23T00:06:59.508401+00:00,1287516,084,2957,8,0,1790122373,,,SCHEDULED
2026-09-23T00:06:59.508401+00:00,1287516,084,2958,9,0,1790122407,,,SCHEDULED
2026-09-23T00:06:59.508401+00:00,1287516,084,2959,10,0,1790122436,,,SCHEDULED
2026-09-23T00:06:59.508401+00:00,1287516,084,2960,11,0,1790122456,,,SCHEDULED
2026-09-23T00:06:59.508401+00:00,1287516,084,2961,12,0,1790122488,,,SCHEDULED
2026-09-23T00:06:59.508401+00:00,1287516,084,2962,13,0,1790122792,,,SCHEDULED
2026-09-23T00:06:59.508401+00:00,1287516,084,2963,14,0,1790122923,,,SCHEDULED
2026-09-23T00:06:59.508401+00:00,1287516,084,2964,15,0,1790122965,,,SCHEDULED
2026-09-23T00:06:59.508401+00:00,1287516,084,2965,16,0,1790123021,,,SCHEDULED
2026-09-23T00:06:59.508401+00:00,1287516,084,2966,17,0,1790123038,,,SCHEDULED
2026-09-23T00:06:59.508401+00:00,1287516,084,1155,18,0,1790123251,,,SCHEDULED
2026-09-23T00:06:59.508401+00:00,1287516,084,1156,19,0,1790123300,,,SCHEDULED
2026-09-23T00:06:59.508401+00:00,1287516,084,1674,20,0,1790123380,,,SCHEDULED
2026-09-23T00:06:59.508401+00:00,1287516,084,1675,21,0,1790123437,,,SCHEDULED
2026-09-23T00:06:59.508401+00:00,1287516,084,1677,22,0,1790123498,,,SCHEDULED
2026-09-23T00:06:59.508401+00:00,1287516,084,1127,23,0,1790123560,,,SCHEDULED
2026-09-23T00:06:59.508401+00:00,1287516,084,1128,24,0,1790123563,,,SCHEDULED
2026-09-23T00:06:59.508401+00:00,1287516,084,1129,25,0,1790123593,,,SCHEDULED
2026-09-23T00:06:59.508401+00:00,1287516,084,1130,26,0,1790123617,,,SCHEDULED
2026-09-23T00:06:59.508401+00:00,1287516,084,1131,27,0,1790123652,,,SCHEDULED
2026-09-23T00:06:59.508401+00:00,1287516,084,3089,28,0,1790123725,,,SCHEDULED
2026-09-23T00:06:59.508401+00:00,1287517,084,3095,34,0,1790122023,,,SCHEDULED
2026-09-23T00:06:59.508401+00:00,1287517,084,3096,35,0,1790122233,,,SCHEDULED
2026-09-23T00:06:59.508401+00:00,1287517,084,3097,36,0,1790122373,,,SCHEDULED
2026-09-23T00:06:59.508401+00:00,1287517,084,3098,37,0,1790122532,,,SCHEDULED
2026-09-23T00:06:59.508401+00:00,1287517,084,9800,38,0,1790122604,,,SCHEDULED
2026-09-23T00:06:59.508401+00:00,1287517,084,3099,39,0,1790122774,,,SCHEDULED
2026-09-23T00:06:59.508401+00:00,1287517,084,3100,40,0,1790122842,,,SCHEDULED
2026-09-23T00:06:59.508401+00:00,1287517,084,3101,41,0,1790122990,,,SCHEDULED
2026-09-23T00:06:59.508401+00:00,1287517,084,3102,42,0,1790122998,,,SCHEDULED
2026-09-23T00:06:59.508401+00:00,1287517,084,3103,43,0,1790123130,,,SCHEDULED
2026-09-23T00:06:59.508401+00:00,1287517,084,3104,44,0,1790123152,,,SCHEDULED
2026-09-23T00:06:59.508401+00:00,1287517,084,3106,45,0,1790123186,,,SCHEDULED
2026-09-23T00:06:59.508401+00:00,1287517,084,3107,46,0,1790123227,,,SCHEDULED
2026-09-23T00:06:59.508401+00:00,1287517,084,3108,47,0,1790123271,,,SCHEDULED
2026-09-23T00:06:59.508401+00:00,1287517,084,3109,48,0,1790123309,,,SCHEDULED
2026-09-23T00:06:59.508401+00:00,1287517,084,3110,49,0,1790123340,,,SCHEDULED
2026-09-23T00:06:59.508401+00:00,1287517,084,3769,50,0,1790123375,,,SCHEDULED
2026-09-23T00:06:59.508401+00:00,1287517,084,3770,51,0,1790123418,,,SCHEDULED
2026-09-23T00:06:59.508401+00:00,1287517,084,3771,52,0,1790123443,,,SCHEDULED
2026-09-23T00:06:59.508401+00:00,1287517,084,3772,53,0,1790123484,,,SCHEDULED
2026-09-23T00:06:59.508401+00:00,1287517,084,3773,54,0,1790123519,,,SCHEDULED
2026-09-23T00:06:59.508401+00:00,1287517,084,3774,55,0,1790123579,,,SCHEDULED
2026-09-23T00:06:59.508401+00:00,1287517,084,3775,56,0,1790123612,,,SCHEDULED
2026-09-23T00:06:59.508401+00:00,1287517,084,3776,57,0,1790123667,,,SCHEDULED
2026-09-23T00:06:59.508401+00:00,1287517,084,3777,58,0,1790123758,,,SCHEDULED
2026-09-23T00:06:59.508401+00:00,1287515,084,9817,1,,,0,1790123333,SCHEDULED
2026-09-23T00:06:59.508401+00:00,1287515,084,2755,2,0,1790123382,,,SCHEDULED
2026-09-23T00:06:59.508401+00:00,1287515,084,2756,3,0,1790123461,,,SCHEDULED
2026-09-23T00:06:59.508401+00:00,1287515,084,2757,4,0,1790123483,,,SCHEDULED
2026-09-23T00:06:59.508401+00:00,1287515,084,2954,5,0,1790123622,,,SCHEDULED
2026-09-23T00:06:59.508401+00:00,1287515,084,2955,6,0,1790123654,,,SCHEDULED
2026-09-23T00:06:59.508401+00:00,1287515,084,2956,7,0,1790123694,,,SCHEDULED
2026-09-23T00:06:59.508401+00:00,1287515,084,2957,8,0,1790123750,,,SCHEDULED
2026-09-23T00:06:59.508401+00:00,1287515,084,2958,9,0,1790123788,,,SCHEDULED
2026-09-23T00:06:59.508401+00:00,1287518,084,3107,46,0,1790121994,,,SCHEDULED
2026-09-23T00:06:59.508401+00:00,1287518,084,3108,47,0,1790122007,,,SCHEDULED
2026-09-23T00:06:59.508401+00:00,1287518,084,3109,48,0,1790122080,,,SCHEDULED
2026-09-23T00:06:59.508401+00:00,1287518,084,3110,49,0,1790122124,,,SCHEDULED
2026-09-23T00:06:59.508401+00:00,1287518,084,3769,50,0,1790122160,,,SCHEDULED
2026-09-23T00:06:59.508401+00:00,1287518,084,3770,51,0,1790122188,,,SCHEDULED
2026-09-23T00:06:59.508401+00:00,1287518,084,3771,52,0,1790122213,,,SCHEDULED
2026-09-23T00:06:59.508401+00:00,1287518,084,3772,53,0,1790122256,,,SCHEDULED
2026-09-23T00:06:59.508401+00:00,1287518,084,3773,54,0,1790122288,,,SCHEDULED
2026-09-23T00:06:59.508401+00:00,1287518,084,3774,55,0,1790122430,,,SCHEDULED
2026-09-23T00:06:59.508401+00:00,1287518,084,3775,56,0,1790122463,,,SCHEDULED
2026-09-23T00:06:59.508401+00:00,1287518,084,3776,57,0,1790122469,,,SCHEDULED
2026-09-23T00:06:59.508401+00:00,1287518,084,3777,58,0,1790122489,,,SCHEDULED
2026-09-23T00:06:59.508401+00:00,1287518,084,3778,59,0,1790122499,,,SCHEDULED
2026-09-23T00:06:59.508401+00:00,1287518,084,3780,60,0,1790122578,,,SCHEDULED
2026-09-23T00:06:59.508401+00:00,1287518,084,1688,61,0,1790122633,,,SCHEDULED
2026-09-23T00:06:59.508401+00:00,1287518,084,1687,62,0,1790122721,,,SCHEDULED
2026-09-23T00:06:59.508401+00:00,1287518,084,265,63,0,1790122817,,,SCHEDULED
2026-09-23T00:06:59.508401+00:00,1287518,084,4731,64,0,1790122898,,,SCHEDULED
2026-09-23T00:06:59.508401+00:00,1287518,084,1303,65,0,1790122939,,,SCHEDULED
2026-09-23T00:06:59.508401+00:00,1287518,084,1291,66,0,1790122983,,,SCHEDULED
2026-09-23T00:06:59.508401+00:00,1287518,084,3696,67,0,1790123045,,,SCHEDULED
2026-09-23T00:06:59.508401+00:00,1287071,078,336,1,,,0,1790122801,SCHEDULED
2026-09-23T00:06:59.508401+00:00,1287071,078,2739,2,0,1790122998,,,SCHEDULED
2026-09-23T00:06:59.508401+00:00,1287071,078,2740,3,0,1790123042,,,SCHEDULED
2026-09-23T00:06:59.508401+00:00,1287071,078,2741,4,0,1790123090,,,SCHEDULED
2026-09-23T00:06:59.508401+00:00,1287071,078,2742,5,0,1790123128,,,SCHEDULED
2026-09-23T00:06:59.508401+00:00,1287071,078,2743,6,0,1790123172,,,SCHEDULED
2026-09-23T00:06:59.508401+00:00,1287071,078,2744,7,0,1790123258,,,SCHEDULED
2026-09-23T00:06:59.508401+00:00,1287071,078,2745,8,0,1790123299,,,SCHEDULED
2026-09-23T00:06:59.508401+00:00,1288440,177,658,1,,,0,1790123158,SCHEDULED
2026-09-23T00:06:59.508401+00:00,1288440,177,832,2,0,1790123350,,,SCHEDULED
2026-09-23T00:06:59.508401+00:00,1288440,177,3845,3,0,1790123387,,,SCHEDULED
2026-09-23T00:06:59.508401+00:00,1288440,177,795,4,0,1790123497,,,SCHEDULED
2026-09-23T00:06:59.508401+00:00,1288213,124,3457,33,0,1790122002,,,SCHEDULED
2026-09-23T00:06:59.508401+00:00,1288213,124,3282,34,0,1790122220,,,SCHEDULED
2026-09-23T00:06:59.508401+00:00,1288213,124,3283,35,0,1790122290,,,SCHEDULED
2026-09-23T00:06:59.508401+00:00,1288213,124,3285,36,0,1790122377,,,SCHEDULED
2026-09-23T00:06:59.508401+00:00,1288213,124,3286,37,0,1790122404,,,SCHEDULED
2026-09-23T00:06:59.508401+00:00,1288213,124,3287,38,0,1790122502,,,SCHEDULED
2026-09-23T00:06:59.508401+00:00,1285582,030,1720,10,0,1790122046,,,SCHEDULED
2026-09-23T00:06:59.508401+00:00,1285582,030,1721,11,0,1790122125,,,SCHEDULED
2026-09-23T00:06:59.508401+00:00,1285582,030,1722,12,0,1790122178,,,SCHEDULED
2026-09-23T00:06:59.508401+00:00,1285582,030,1723,13,0,1790122208,,,SCHEDULED
2026-09-23T00:06:59.508401+00:00,1285582,030,1725,14,0,1790122356,,,SCHEDULED
2026-09-23T00:06:59.508401+00:00,1285582,030,1726,15,0,1790122423,,,SCHEDULED
2026-09-23T00:06:59.508401+00:00,1285582,030,1727,16,0,1790122496,,,SCHEDULED
2026-09-23T00:06:59.508401+00:00,1285582,030,1728,17,0,1790122554,,,SCHEDULED
2026-09-23T00:06:59.508401+00:00,1285582,030,1729,18,0,1790122628,,,SCHEDULED
2026-09-23T00:06:59.508401+00:00,1285582,030,1730,19,0,1790122694,,,SCHEDULED
2026-09-23T00:06:59.508401+00:00,1285582,030,1732,20,0,1790122728,,,SCHEDULED
2026-09-23T00:06:59.508401+00:00,1285582,030,1734,21,0,1790122774,,,SCHEDULED
2026-09-23T00:06:59.508401+00:00,1285582,030,1735,22,0,1790122796,,,SCHEDULED
2026-09-23T00:06:59.508401+00:00,1285582,030,1736,23,0,1790122828,,,SCHEDULED
2026-09-23T00:06:59.508401+00:00,1285582,030,1737,24,0,1790122883,,,SCHEDULED
2026-09-23T00:06:59.508401+00:00,1285582,030,1739,25,0,1790122952,,,SCHEDULED
2026-09-23T00:06:59.508401+00:00,1288058,093,3072,35,0,1790122061,,,SCHEDULED
2026-09-23T00:06:59.508401+00:00,1288212,124,3026,13,0,1790122180,,,SCHEDULED
2026-09-23T00:06:59.508401+00:00,1288212,124,3027,14,0,1790122234,,,SCHEDULED
2026-09-23T00:06:59.508401+00:00,1288212,124,3028,15,0,1790122279,,,SCHEDULED
2026-09-23T00:06:59.508401+00:00,1288212,124,2798,16,0,1790122627,,,SCHEDULED
2026-09-23T00:06:59.508401+00:00,1288212,124,2799,17,0,1790122645,,,SCHEDULED
2026-09-23T00:06:59.508401+00:00,1288212,124,2800,18,0,1790122684,,,SCHEDULED
2026-09-23T00:06:59.508401+00:00,1288212,124,3273,19,0,1790122732,,,SCHEDULED
2026-09-23T00:06:59.508401+00:00,1288212,124,3040,20,0,1790122889,,,SCHEDULED
2026-09-23T00:06:59.508401+00:00,1288212,124,4775,21,0,1790122933,,,SCHEDULED
2026-09-23T00:06:59.508401+00:00,1288212,124,3042,22,0,1790122964,,,SCHEDULED
2026-09-23T00:06:59.508401+00:00,1288212,124,3043,23,0,1790122980,,,SCHEDULED
2026-09-23T00:06:59.508401+00:00,1288212,124,627,24,0,1790123015,,,SCHEDULED
2026-09-23T00:06:59.508401+00:00,1288212,124,1322,25,0,1790123068,,,SCHEDULED
2026-09-23T00:06:59.508401+00:00,1288212,124,1323,26,0,1790123088,,,SCHEDULED
2026-09-23T00:06:59.508401+00:00,1288212,124,1324,27,0,1790123113,,,SCHEDULED
2026-09-23T00:06:59.508401+00:00,1288212,124,1325,28,0,1790123176,,,SCHEDULED
2026-09-23T00:06:59.508401+00:00,1288212,124,1326,29,0,1790123221,,,SCHEDULED
2026-09-23T00:06:59.508401+00:00,1288212,124,1327,30,0,1790123260,,,SCHEDULED
2026-09-23T00:06:59.508401+00:00,1288212,124,3456,31,0,1790123321,,,SCHEDULED
2026-09-23T00:06:59.508401+00:00,1288212,124,5359,32,0,1790123365,,,SCHEDULED
2026-09-23T00:06:59.508401+00:00,1288212,124,3457,33,0,1790123412,,,SCHEDULED
2026-09-23T00:06:59.508401+00:00,1288212,124,3282,34,0,1790123540,,,SCHEDULED
2026-09-23T00:06:59.508401+00:00,1288212,124,3283,35,0,1790123588,,,SCHEDULED
2026-09-23T00:06:59.508401+00:00,1288212,124,3285,36,0,1790123656,,,SCHEDULED
2026-09-23T00:06:59.508401+00:00,1288212,124,3286,37,0,1790123689,,,SCHEDULED
2026-09-23T00:06:59.508401+00:00,1285581,030,282,1,,,0,1790123121,SCHEDULED
2026-09-23T00:06:59.508401+00:00,1285581,030,414,2,0,1790123351,,,SCHEDULED
2026-09-23T00:06:59.508401+00:00,1285581,030,415,3,0,1790123435,,,SCHEDULED
2026-09-23T00:06:59.508401+00:00,1285581,030,416,4,0,1790123504,,,SCHEDULED
2026-09-23T00:06:59.508401+00:00,1285581,030,418,5,0,1790123573,,,SCHEDULED
2026-09-23T00:06:59.508401+00:00,1285581,030,4763,6,0,1790123668,,,SCHEDULED
2026-09-23T00:06:59.508401+00:00,1285581,030,1716,7,0,1790123727,,,SCHEDULED
2026-09-23T00:06:59.508401+00:00,1285581,030,1717,8,0,1790123779,,,SCHEDULED
2026-09-23T00:06:59.508401+00:00,1288056,093,1069,1,,,0,1790123523,SCHEDULED
2026-09-23T00:06:59.508401+00:00,1288056,093,3332,2,0,1790123552,,,SCHEDULED
2026-09-23T00:06:59.508401+00:00,1288056,093,3333,3,0,1790123589,,,SCHEDULED
2026-09-23T00:06:59.508401+00:00,1288056,093,3334,4,0,1790123625,,,SCHEDULED
2026-09-23T00:06:59.508401+00:00,1288056,093,3335,5,0,1790123659,,,SCHEDULED
2026-09-23T00:06:59.508401+00:00,1288056,093,4655,6,0,1790123703,,,SCHEDULED
2026-09-23T00:06:59.508401+00:00,1288056,093,875,7,0,1790123770,,,SCHEDULED
2026-09-23T00:06:59.508401+00:00,1288211,124,9921,1,,,0,1790122478,SCHEDULED
2026-09-23T00:06:59.508401+00:00,1288211,124,4064,2,0,1790122610,,,SCHEDULED
2026-09-23T00:06:59.508401+00:00,1288211,124,4065,3,0,1790122710,,,SCHEDULED
2026-09-23T00:06:59.508401+00:00,1288211,124,837,4,0,1790122757,,,SCHEDULED
2026-09-23T00:06:59.508401+00:00,1288211,124,3811,5,0,1790122901,,,SCHEDULED
2026-09-23T00:06:59.508401+00:00,1288211,124,3812,6,0,1790122963,,,SCHEDULED
2026-09-23T00:06:59.508401+00:00,1288211,124,3813,7,0,1790122980,,,SCHEDULED
2026-09-23T00:06:59.508401+00:00,1288211,124,4068,8,0,1790123021,,,SCHEDULED
2026-09-23T00:06:59.508401+00:00,1288211,124,953,9,0,1790123109,,,SCHEDULED
2026-09-23T00:06:59.508401+00:00,1288211,124,951,10,0,1790123206,,,SCHEDULED
2026-09-23T00:06:59.508401+00:00,1288211,124,5289,11,0,1790123304,,,SCHEDULED
2026-09-23T00:06:59.508401+00:00,1288211,124,5285,12,0,1790123472,,,SCHEDULED
2026-09-23T00:06:59.508401+00:00,1288057,093,1069,1,,,0,1790122227,SCHEDULED
2026-09-23T00:06:59.508401+00:00,1288057,093,3332,2,0,1790122256,,,SCHEDULED
2026-09-23T00:06:59.508401+00:00,1288057,093,3333,3,0,1790122293,,,SCHEDULED
2026-09-23T00:06:59.508401+00:00,1288057,093,3334,4,0,1790122329,,,SCHEDULED
2026-09-23T00:06:59.508401+00:00,1288057,093,3335,5,0,1790122363,,,SCHEDULED
2026-09-23T00:06:59.508401+00:00,1288057,093,4655,6,0,1790122407,,,SCHEDULED
2026-09-23T00:06:59.508401+00:00,1288057,093,875,7,0,1790122474,,,SCHEDULED
2026-09-23T00:06:59.508401+00:00,1288057,093,5369,8,0,1790122537,,,SCHEDULED
2026-09-23T00:06:59.508401+00:00,1288057,093,4720,9,0,1790122711,,,SCHEDULED
2026-09-23T00:06:59.508401+00:00,1288057,093,4721,10,0,1790122749,,,SCHEDULED
2026-09-23T00:06:59.508401+00:00,1288057,093,4743,11,0,1790122812,,,SCHEDULED
2026-09-23T00:06:59.508401+00:00,1288057,093,1576,12,0,1790122936,,,SCHEDULED
2026-09-23T00:06:59.508401+00:00,1288057,093,3555,13,0,1790123150,,,SCHEDULED
2026-09-23T00:06:59.508401+00:00,1288057,093,3556,14,0,1790123193,,,SCHEDULED
2026-09-23T00:06:59.508401+00:00,1288057,093,3557,15,0,1790123228,,,SCHEDULED
2026-09-23T00:06:59.508401+00:00,1288057,093,3540,16,0,1790123326,,,SCHEDULED
2026-09-23T00:06:59.508401+00:00,1288057,093,3541,17,0,1790123395,,,SCHEDULED
2026-09-23T00:06:59.508401+00:00,1288057,093,3542,18,0,1790123427,,,SCHEDULED
2026-09-23T00:06:59.508401+00:00,1288057,093,3543,19,0,1790123451,,,SCHEDULED
2026-09-23T00:06:59.508401+00:00,1288057,093,3544,20,0,1790123491,,,SCHEDULED
2026-09-23T00:06:59.508401+00:00,1288057,093,3545,21,0,1790123550,,,SCHEDULED
2026-09-23T00:06:59.508401+00:00,1288057,093,3547,22,0,1790123627,,,SCHEDULED
2026-09-23T00:06:59.508401+00:00,1288057,093,3548,23,0,1790123695,,,SCHEDULED
2026-09-23T00:06:59.508401+00:00,1288057,093,3549,24,0,1790123735,,,SCHEDULED
2026-09-23T00:06:59.508401+00:00,1288217,129,328,3,0,1790122000,,,SCHEDULED
2026-09-23T00:06:59.508401+00:00,1288217,129,329,4,0,1790122080,,,SCHEDULED
2026-09-23T00:06:59.508401+00:00,1288217,129,330,5,0,1790122113,,,SCHEDULED
2026-09-23T00:06:59.508401+00:00,1288217,129,331,6,0,1790122134,,,SCHEDULED
2026-09-23T00:06:59.508401+00:00,1288217,129,668,7,0,1790122176,,,SCHEDULED
2026-09-23T00:06:59.508401+00:00,1288217,129,1759,8,0,1790122427,,,SCHEDULED
2026-09-23T00:06:59.508401+00:00,1288217,129,536,9,0,1790122537,,,SCHEDULED
2026-09-23T00:06:59.508401+00:00,1288217,129,1099,10,0,1790123460,,,SCHEDULED
2026-09-23T00:06:59.508401+00:00,1288217,129,1100,11,0,1790123603,,,SCHEDULED
2026-09-23T00:06:59.508401+00:00,1288217,129,1101,12,0,1790123700,,,SCHEDULED
2026-09-23T00:06:59.508401+00:00,1288216,129,1103,14,0,1790122018,,,SCHEDULED
2026-09-23T00:06:59.508401+00:00,1288216,129,1104,15,0,1790122084,,,SCHEDULED
2026-09-23T00:06:59.508401+00:00,1288216,129,1105,16,0,1790122178,,,SCHEDULED
2026-09-23T00:06:59.508401+00:00,1288216,129,1106,17,0,1790122259,,,SCHEDULED
2026-09-23T00:06:59.508401+00:00,1288216,129,1107,18,0,1790122341,,,SCHEDULED
2026-09-23T00:06:59.508401+00:00,1288216,129,1108,19,0,1790122411,,,SCHEDULED
2026-09-23T00:06:59.508401+00:00,1288216,129,1109,20,0,1790122510,,,SCHEDULED
2026-09-23T00:06:59.508401+00:00,1288216,129,1110,21,0,1790122549,,,SCHEDULED
2026-09-23T00:06:59.508401+00:00,1288216,129,1111,22,0,1790122601,,,SCHEDULED
2026-09-23T00:06:59.508401+00:00,1288216,129,1112,23,0,1790122650,,,SCHEDULED
2026-09-23T00:06:59.508401+00:00,1288216,129,1113,24,0,1790122741,,,SCHEDULED
2026-09-23T00:06:59.508401+00:00,1288216,129,1114,25,0,1790122807,,,SCHEDULED
2026-09-23T00:06:59.508401+00:00,1288216,129,1115,26,0,1790122839,,,SCHEDULED
2026-09-23T00:06:59.508401+00:00,1288216,129,1116,27,0,1790122898,,,SCHEDULED
2026-09-23T00:06:59.508401+00:00,1288216,129,1175,28,0,1790123014,,,SCHEDULED
2026-09-23T00:06:59.508401+00:00,1288216,129,1176,29,0,1790123066,,,SCHEDULED
2026-09-23T00:06:59.508401+00:00,1288216,129,1177,30,0,1790123130,,,SCHEDULED
2026-09-23T00:06:59.508401+00:00,1288216,129,1178,31,0,1790123152,,,SCHEDULED
2026-09-23T00:06:59.508401+00:00,1288216,129,1180,32,0,1790123195,,,SCHEDULED
2026-09-23T00:06:59.508401+00:00,1288216,129,1183,33,0,1790123196,,,SCHEDULED
2026-09-23T00:06:59.508401+00:00,1288216,129,1181,34,0,1790123242,,,SCHEDULED
2026-09-23T00:06:59.508401+00:00,1288216,129,1182,35,0,1790123320,,,SCHEDULED
2026-09-23T00:06:59.508401+00:00,1288216,129,1284,36,0,1790123425,,,SCHEDULED
2026-09-23T00:06:59.508401+00:00,1288216,129,1286,37,0,1790123558,,,SCHEDULED
2026-09-23T00:06:59.508401+00:00,1288216,129,1287,38,0,1790123595,,,SCHEDULED
2026-09-23T00:06:59.508401+00:00,1288216,129,1288,39,0,1790123686,,,SCHEDULED
2026-09-23T00:06:59.508401+00:00,1288216,129,1289,40,0,1790123741,,,SCHEDULED
2026-09-23T00:06:59.508401+00:00,1286318,061,3131,1,,,0,1790122440,SCHEDULED
2026-09-23T00:06:59.508401+00:00,1286318,061,1860,2,0,1790122485,,,SCHEDULED
2026-09-23T00:06:59.508401+00:00,1286318,061,1861,3,0,1790122580,,,SCHEDULED
2026-09-23T00:06:59.508401+00:00,1286318,061,1862,4,0,1790122676,,,SCHEDULED
2026-09-23T00:06:59.508401+00:00,1286318,061,1863,5,0,1790122725,,,SCHEDULED
2026-09-23T00:06:59.508401+00:00,1286318,061,1864,6,0,1790122865,,,SCHEDULED
2026-09-23T00:06:59.508401+00:00,1286318,061,1865,7,0,1790122905,,,SCHEDULED
2026-09-23T00:06:59.508401+00:00,1286318,061,1866,8,0,1790122931,,,SCHEDULED
2026-09-23T00:06:59.508401+00:00,1286318,061,1867,9,0,1790122974,,,SCHEDULED
2026-09-23T00:06:59.508401+00:00,1286318,061,1868,10,0,1790123016,,,SCHEDULED
2026-09-23T00:06:59.508401+00:00,1286318,061,1870,11,0,1790123066,,,SCHEDULED
2026-09-23T00:06:59.508401+00:00,1286318,061,1871,12,0,1790123094,,,SCHEDULED
2026-09-23T00:06:59.508401+00:00,1286318,061,1872,13,0,1790123109,,,SCHEDULED
2026-09-23T00:06:59.508401+00:00,1286318,061,1873,14,0,1790123114,,,SCHEDULED
2026-09-23T00:06:59.508401+00:00,1286318,061,1874,15,0,1790123165,,,SCHEDULED
2026-09-23T00:06:59.508401+00:00,1286318,061,1875,16,0,1790123218,,,SCHEDULED
2026-09-23T00:06:59.508401+00:00,1286318,061,1876,17,0,1790123289,,,SCHEDULED
2026-09-23T00:06:59.508401+00:00,1286318,061,1877,18,0,1790123309,,,SCHEDULED
2026-09-23T00:06:59.508401+00:00,1286318,061,1878,19,0,1790123348,,,SCHEDULED
2026-09-23T00:06:59.508401+00:00,1286318,061,1879,20,0,1790123365,,,SCHEDULED
2026-09-23T00:06:59.508401+00:00,1286318,061,2201,21,0,1790123521,,,SCHEDULED
2026-09-23T00:06:59.508401+00:00,1286318,061,2202,22,0,1790123543,,,SCHEDULED
2026-09-23T00:06:59.508401+00:00,1286318,061,2203,23,0,1790123567,,,SCHEDULED
2026-09-23T00:06:59.508401+00:00,1286318,061,2204,24,0,1790123593,,,SCHEDULED
2026-09-23T00:06:59.508401+00:00,1286318,061,2205,25,0,1790123622,,,SCHEDULED
2026-09-23T00:06:59.508401+00:00,1286318,061,2206,26,0,1790123640,,,SCHEDULED
2026-09-23T00:06:59.508401+00:00,1286318,061,2200,27,0,1790123657,,,SCHEDULED
2026-09-23T00:06:59.508401+00:00,1286318,061,2207,28,0,1790123702,,,SCHEDULED
2026-09-23T00:06:59.508401+00:00,1286318,061,2208,29,0,1790123731,,,SCHEDULED
2026-09-23T00:06:59.508401+00:00,1285746,033,628,1,,,0,1790123653,SCHEDULED
2026-09-23T00:06:59.508401+00:00,1285900,051,3131,1,,,0,1790122500,SCHEDULED
2026-09-23T00:06:59.508401+00:00,1285900,051,1884,2,0,1790122580,,,SCHEDULED
2026-09-23T00:06:59.508401+00:00,1285900,051,1885,3,0,1790122668,,,SCHEDULED
2026-09-23T00:06:59.508401+00:00,1285900,051,1887,4,0,1790122758,,,SCHEDULED
2026-09-23T00:06:59.508401+00:00,1285900,051,1888,5,0,1790122794,,,SCHEDULED
2026-09-23T00:06:59.508401+00:00,1285900,051,1889,6,0,1790122868,,,SCHEDULED
2026-09-23T00:06:59.508401+00:00,1285900,051,1890,7,0,1790122920,,,SCHEDULED
2026-09-23T00:06:59.508401+00:00,1285900,051,1891,8,0,1790122972,,,SCHEDULED
2026-09-23T00:06:59.508401+00:00,1285900,051,1892,9,0,1790123040,,,SCHEDULED
2026-09-23T00:06:59.508401+00:00,1285900,051,1893,10,0,1790123073,,,SCHEDULED
2026-09-23T00:06:59.508401+00:00,1285900,051,1894,11,0,1790123120,,,SCHEDULED
2026-09-23T00:06:59.508401+00:00,1285900,051,1895,12,0,1790123169,,,SCHEDULED
2026-09-23T00:06:59.508401+00:00,1285900,051,1896,13,0,1790123200,,,SCHEDULED
2026-09-23T00:06:59.508401+00:00,1285900,051,1898,14,0,1790123265,,,SCHEDULED
2026-09-23T00:06:59.508401+00:00,1285900,051,1899,15,0,1790123308,,,SCHEDULED
2026-09-23T00:06:59.508401+00:00,1285900,051,1901,16,0,1790123351,,,SCHEDULED
2026-09-23T00:06:59.508401+00:00,1285900,051,1902,17,0,1790123388,,,SCHEDULED
2026-09-23T00:06:59.508401+00:00,1285900,051,1904,18,0,1790123460,,,SCHEDULED
2026-09-23T00:06:59.508401+00:00,1285900,051,1905,19,0,1790123504,,,SCHEDULED
2026-09-23T00:06:59.508401+00:00,1285900,051,1906,20,0,1790123552,,,SCHEDULED
2026-09-23T00:06:59.508401+00:00,1285900,051,1907,21,0,1790123600,,,SCHEDULED
2026-09-23T00:06:59.508401+00:00,1285900,051,1908,22,0,1790123636,,,SCHEDULED
2026-09-23T00:06:59.508401+00:00,1285900,051,1911,23,0,1790123728,,,SCHEDULED
2026-09-23T00:06:59.508401+00:00,1284810,015,3098,27,0,1790121978,,,SCHEDULED
2026-09-23T00:06:59.508401+00:00,1287922,088,413,23,0,1790122150,,,SCHEDULED
2026-09-23T00:06:59.508401+00:00,1287922,088,414,24,0,1790122175,,,SCHEDULED
2026-09-23T00:06:59.508401+00:00,1287922,088,415,25,0,1790122200,,,SCHEDULED
2026-09-23T00:06:59.508401+00:00,1287922,088,416,26,0,1790122240,,,SCHEDULED
2026-09-23T00:06:59.508401+00:00,1286319,061,2210,31,0,1790121971,,,SCHEDULED
2026-09-23T00:06:59.508401+00:00,1286319,061,2211,32,0,1790121974,,,SCHEDULED
2026-09-23T00:06:59.508401+00:00,1286319,061,2212,33,0,1790121989,,,SCHEDULED
2026-09-23T00:06:59.508401+00:00,1286319,061,2213,34,0,1790122012,,,SCHEDULED
2026-09-23T00:06:59.508401+00:00,1286319,061,2214,35,0,1790122094,,,SCHEDULED
2026-09-23T00:06:59.508401+00:00,1286319,061,2215,36,0,1790122162,,,SCHEDULED
2026-09-23T00:06:59.508401+00:00,1286319,061,2216,37,0,1790122200,,,SCHEDULED
2026-09-23T00:06:59.508401+00:00,1286319,061,2217,38,0,1790122269,,,SCHEDULED
2026-09-23T00:06:59.508401+00:00,1286319,061,2218,39,0,1790122323,,,SCHEDULED
2026-09-23T00:06:59.508401+00:00,1286319,061,2220,40,0,1790122375,,,SCHEDULED
2026-09-23T00:06:59.508401+00:00,1286319,061,2221,41,0,1790122579,,,SCHEDULED
2026-09-23T00:06:59.508401+00:00,1286319,061,2222,42,0,1790122614,,,SCHEDULED
2026-09-23T00:06:59.508401+00:00,1286319,061,2223,43,0,1790122647,,,SCHEDULED
2026-09-23T00:06:59.508401+00:00,1286319,061,6107,44,0,1790122668,,,SCHEDULED
2026-09-23T00:06:59.508401+00:00,1286319,061,2224,45,0,1790122772,,,SCHEDULED
2026-09-23T00:06:59.508401+00:00,1286319,061,2225,46,0,1790122793,,,SCHEDULED
2026-09-23T00:06:59.508401+00:00,1286319,061,2226,47,0,1790122810,,,SCHEDULED
2026-09-23T00:06:59.508401+00:00,1286319,061,2227,48,0,1790122829,,,SCHEDULED
2026-09-23T00:06:59.508401+00:00,1286319,061,2228,49,0,1790122852,,,SCHEDULED
2026-09-23T00:06:59.508401+00:00,1286319,061,6100,50,0,1790122947,,,SCHEDULED
2026-09-23T00:06:59.508401+00:00,1286319,061,997,51,0,1790123110,,,SCHEDULED
2026-09-23T00:06:59.508401+00:00,1286319,061,998,52,0,1790123170,,,SCHEDULED
2026-09-23T00:06:59.508401+00:00,1286319,061,999,53,0,1790123198,,,SCHEDULED
2026-09-23T00:06:59.508401+00:00,1286319,061,249,54,0,1790123235,,,SCHEDULED
2026-09-23T00:06:59.508401+00:00,1286319,061,248,55,0,1790123287,,,SCHEDULED
2026-09-23T00:06:59.508401+00:00,1286319,061,250,56,0,1790123362,,,SCHEDULED
2026-09-23T00:06:59.508401+00:00,1286319,061,264,57,0,1790123485,,,SCHEDULED
2026-09-23T00:06:59.508401+00:00,1286319,061,263,58,0,1790123512,,,SCHEDULED
2026-09-23T00:06:59.508401+00:00,1286319,061,2180,59,0,1790123544,,,SCHEDULED
2026-09-23T00:06:59.508401+00:00,1286319,061,2181,60,0,1790123574,,,SCHEDULED
2026-09-23T00:06:59.508401+00:00,1286319,061,4395,61,0,1790123769,,,SCHEDULED
2026-09-23T00:06:59.508401+00:00,1284815,015,9807,1,,,0,1790122481,SCHEDULED
2026-09-23T00:06:59.508401+00:00,1284815,015,545,2,0,1790122555,,,SCHEDULED
2026-09-23T00:06:59.508401+00:00,1284815,015,547,3,0,1790122663,,,SCHEDULED
2026-09-23T00:06:59.508401+00:00,1284815,015,548,4,0,1790122709,,,SCHEDULED
2026-09-23T00:06:59.508401+00:00,1284815,015,549,5,0,1790122726,,,SCHEDULED
2026-09-23T00:06:59.508401+00:00,1284815,015,960,6,0,1790122783,,,SCHEDULED
2026-09-23T00:06:59.508401+00:00,1284815,015,961,7,0,1790122817,,,SCHEDULED
2026-09-23T00:06:59.508401+00:00,1284815,015,962,8,0,1790122849,,,SCHEDULED
2026-09-23T00:06:59.508401+00:00,1284815,015,963,9,0,1790122912,,,SCHEDULED
2026-09-23T00:06:59.508401+00:00,1284815,015,964,10,0,1790122935,,,SCHEDULED
2026-09-23T00:06:59.508401+00:00,1284815,015,965,11,0,1790122964,,,SCHEDULED
2026-09-23T00:06:59.508401+00:00,1284815,015,966,12,0,1790123033,,,SCHEDULED
2026-09-23T00:06:59.508401+00:00,1284815,015,967,13,0,1790123061,,,SCHEDULED
2026-09-23T00:06:59.508401+00:00,1284815,015,968,14,0,1790123083,,,SCHEDULED
2026-09-23T00:06:59.508401+00:00,1284815,015,969,15,0,1790123118,,,SCHEDULED
2026-09-23T00:06:59.508401+00:00,1284815,015,836,16,0,1790123170,,,SCHEDULED
2026-09-23T00:06:59.508401+00:00,1284815,015,838,17,0,1790123198,,,SCHEDULED
2026-09-23T00:06:59.508401+00:00,1284815,015,839,18,0,1790123226,,,SCHEDULED
2026-09-23T00:06:59.508401+00:00,1284815,015,840,19,0,1790123275,,,SCHEDULED
2026-09-23T00:06:59.508401+00:00,1284815,015,841,20,0,1790123297,,,SCHEDULED
2026-09-23T00:06:59.508401+00:00,1284815,015,842,21,0,1790123306,,,SCHEDULED
2026-09-23T00:06:59.508401+00:00,1284815,015,843,22,0,1790123340,,,SCHEDULED
2026-09-23T00:06:59.508401+00:00,1284815,015,845,23,0,1790123400,,,SCHEDULED
2026-09-23T00:06:59.508401+00:00,1284815,015,846,24,0,1790123413,,,SCHEDULED
2026-09-23T00:06:59.508401+00:00,1284815,015,847,25,0,1790123462,,,SCHEDULED
2026-09-23T00:06:59.508401+00:00,1284815,015,848,26,0,1790123508,,,SCHEDULED
2026-09-23T00:06:59.508401+00:00,1284815,015,3098,27,0,1790123658,,,SCHEDULED
2026-09-23T00:06:59.508401+00:00,1284935,019,685,4,0,1790122061,,,SCHEDULED
2026-09-23T00:06:59.508401+00:00,1284935,019,686,5,0,1790122136,,,SCHEDULED
2026-09-23T00:06:59.508401+00:00,1284935,019,687,6,0,1790122194,,,SCHEDULED
2026-09-23T00:06:59.508401+00:00,1284935,019,688,7,0,1790122219,,,SCHEDULED
2026-09-23T00:06:59.508401+00:00,1284935,019,689,8,0,1790122242,,,SCHEDULED
2026-09-23T00:06:59.508401+00:00,1284935,019,690,9,0,1790122245,,,SCHEDULED
2026-09-23T00:06:59.508401+00:00,1284935,019,5245,10,0,1790122302,,,SCHEDULED
2026-09-23T00:06:59.508401+00:00,1284935,019,706,11,0,1790122361,,,SCHEDULED
2026-09-23T00:06:59.508401+00:00,1284935,019,707,12,0,1790122404,,,SCHEDULED
2026-09-23T00:06:59.508401+00:00,1284935,019,708,13,0,1790122428,,,SCHEDULED
2026-09-23T00:06:59.508401+00:00,1284935,019,709,14,0,1790122458,,,SCHEDULED
2026-09-23T00:06:59.508401+00:00,1284935,019,710,15,0,1790122591,,,SCHEDULED
2026-09-23T00:06:59.508401+00:00,1284935,019,4866,16,0,1790122643,,,SCHEDULED
2026-09-23T00:06:59.508401+00:00,1284935,019,4840,17,0,1790122665,,,SCHEDULED
2026-09-23T00:06:59.508401+00:00,1284935,019,682,18,0,1790122722,,,SCHEDULED
2026-09-23T00:06:59.508401+00:00,1284935,019,683,19,0,1790122819,,,SCHEDULED
2026-09-23T00:06:59.508401+00:00,1284935,019,716,20,0,1790123242,,,SCHEDULED
2026-09-23T00:06:59.508401+00:00,1284935,019,717,21,0,1790123529,,,SCHEDULED
2026-09-23T00:06:59.508401+00:00,1284935,019,731,22,0,1790123779,,,SCHEDULED
2026-09-23T00:06:59.508401+00:00,1284928,019,1312,8,0,1790122042,,,SCHEDULED
2026-09-23T00:06:59.508401+00:00,1284928,019,780,9,0,1790122204,,,SCHEDULED
2026-09-23T00:06:59.508401+00:00,1284928,019,781,10,0,1790122231,,,SCHEDULED
2026-09-23T00:06:59.508401+00:00,1284928,019,782,11,0,1790122308,,,SCHEDULED
2026-09-23T00:06:59.508401+00:00,1284928,019,783,12,0,1790122337,,,SCHEDULED
2026-09-23T00:06:59.508401+00:00,1284928,019,784,13,0,1790122352,,,SCHEDULED
2026-09-23T00:06:59.508401+00:00,1284928,019,785,14,0,1790122366,,,SCHEDULED
2026-09-23T00:06:59.508401+00:00,1284928,019,786,15,0,1790122414,,,SCHEDULED
2026-09-23T00:06:59.508401+00:00,1284928,019,787,16,0,1790122469,,,SCHEDULED
2026-09-23T00:06:59.508401+00:00,1284928,019,788,17,0,1790122506,,,SCHEDULED
2026-09-23T00:06:59.508401+00:00,1284928,019,789,18,0,1790122532,,,SCHEDULED
2026-09-23T00:06:59.508401+00:00,1284928,019,1212,19,0,1790122620,,,SCHEDULED
2026-09-23T00:06:59.508401+00:00,1284928,019,804,20,0,1790122862,,,SCHEDULED
2026-09-23T00:06:59.508401+00:00,1284928,019,805,21,0,1790122879,,,SCHEDULED
2026-09-23T00:06:59.508401+00:00,1284928,019,806,22,0,1790122905,,,SCHEDULED
2026-09-23T00:06:59.508401+00:00,1284928,019,661,23,0,1790123039,,,SCHEDULED
2026-09-23T00:06:59.508401+00:00,1284928,019,4863,24,0,1790123077,,,SCHEDULED
2026-09-23T00:06:59.508401+00:00,1284928,019,5368,25,0,1790123098,,,SCHEDULED
2026-09-23T00:06:59.508401+00:00,1284928,019,810,26,0,1790123164,,,SCHEDULED
2026-09-23T00:06:59.508401+00:00,1284928,019,811,27,0,1790123221,,,SCHEDULED
2026-09-23T00:06:59.508401+00:00,1284928,019,812,28,0,1790123377,,,SCHEDULED
2026-09-23T00:06:59.508401+00:00,1284928,019,813,29,0,1790123423,,,SCHEDULED
2026-09-23T00:06:59.508401+00:00,1284928,019,814,30,0,1790123459,,,SCHEDULED
2026-09-23T00:06:59.508401+00:00,1284928,019,815,31,0,1790123477,,,SCHEDULED
2026-09-23T00:06:59.508401+00:00,1284928,019,5347,32,0,1790123542,,,SCHEDULED
2026-09-23T00:06:59.508401+00:00,1284928,019,824,33,0,1790123603,,,SCHEDULED
2026-09-23T00:06:59.508401+00:00,1284928,019,825,34,0,1790123621,,,SCHEDULED
2026-09-23T00:06:59.508401+00:00,1284928,019,826,35,0,1790123682,,,SCHEDULED
2026-09-23T00:06:59.508401+00:00,1284928,019,827,36,0,1790123715,,,SCHEDULED
2026-09-23T00:06:59.508401+00:00,1284928,019,5242,37,0,1790123763,,,SCHEDULED
2026-09-23T00:06:59.508401+00:00,1288172,102,668,1,,,0,1790123110,SCHEDULED
2026-09-23T00:06:59.508401+00:00,1288172,102,221,2,0,1790123160,,,SCHEDULED
2026-09-23T00:06:59.508401+00:00,1288172,102,222,3,0,1790123187,,,SCHEDULED
2026-09-23T00:06:59.508401+00:00,1288172,102,223,4,0,1790123296,,,SCHEDULED
2026-09-23T00:06:59.508401+00:00,1288172,102,225,5,0,1790123417,,,SCHEDULED
2026-09-23T00:06:59.508401+00:00,1288172,102,226,6,0,1790123478,,,SCHEDULED
2026-09-23T00:06:59.508401+00:00,1288172,102,108,7,0,1790123547,,,SCHEDULED
2026-09-23T00:06:59.508401+00:00,1288172,102,123,8,0,1790123594,,,SCHEDULED
2026-09-23T00:06:59.508401+00:00,1288172,102,125,9,0,1790123663,,,SCHEDULED
2026-09-23T00:06:59.508401+00:00,1288172,102,126,10,0,1790123685,,,SCHEDULED
2026-09-23T00:06:59.508401+00:00,1288172,102,127,11,0,1790123699,,,SCHEDULED
2026-09-23T00:06:59.508401+00:00,1288172,102,128,12,0,1790123756,,,SCHEDULED
2026-09-23T00:06:59.508401+00:00,1287376,082,665,1,,,0,1790122295,SCHEDULED
2026-09-23T00:06:59.508401+00:00,1287376,082,1447,2,0,1790122576,,,SCHEDULED
2026-09-23T00:06:59.508401+00:00,1287376,082,1448,3,0,1790122626,,,SCHEDULED
2026-09-23T00:06:59.508401+00:00,1287376,082,1449,4,0,1790122657,,,SCHEDULED
2026-09-23T00:06:59.508401+00:00,1287376,082,674,5,0,1790122789,,,SCHEDULED
2026-09-23T00:06:59.508401+00:00,1287376,082,675,6,0,1790122857,,,SCHEDULED
2026-09-23T00:06:59.508401+00:00,1287376,082,676,7,0,1790122857,,,SCHEDULED
2026-09-23T00:06:59.508401+00:00,1287376,082,677,8,0,1790122858,,,SCHEDULED
2026-09-23T00:06:59.508401+00:00,1287376,082,678,9,0,1790122859,,,SCHEDULED
2026-09-23T00:06:59.508401+00:00,1287376,082,679,10,0,1790122945,,,SCHEDULED
2026-09-23T00:06:59.508401+00:00,1287376,082,680,11,0,1790122972,,,SCHEDULED
2026-09-23T00:06:59.508401+00:00,1287376,082,681,12,0,1790122983,,,SCHEDULED
2026-09-23T00:06:59.508401+00:00,1287376,082,3076,13,0,1790122989,,,SCHEDULED
2026-09-23T00:06:59.508401+00:00,1287376,082,3077,14,0,1790123049,,,SCHEDULED
2026-09-23T00:06:59.508401+00:00,1287376,082,3078,15,0,1790123130,,,SCHEDULED
2026-09-23T00:06:59.508401+00:00,1287376,082,3079,16,0,1790123247,,,SCHEDULED
2026-09-23T00:06:59.508401+00:00,1287376,082,3080,17,0,1790123298,,,SCHEDULED
2026-09-23T00:06:59.508401+00:00,1287376,082,1074,18,0,1790123445,,,SCHEDULED
2026-09-23T00:06:59.508401+00:00,1287376,082,1075,19,0,1790123509,,,SCHEDULED
2026-09-23T00:06:59.508401+00:00,1287376,082,1076,20,0,1790123541,,,SCHEDULED
2026-09-23T00:06:59.508401+00:00,1287376,082,1077,21,0,1790123570,,,SCHEDULED
2026-09-23T00:06:59.508401+00:00,1287376,082,1646,22,0,1790123652,,,SCHEDULED
2026-09-23T00:06:59.508401+00:00,1285593,030,414,2,0,1790122118,,,SCHEDULED
2026-09-23T00:06:59.508401+00:00,1285593,030,415,3,0,1790122202,,,SCHEDULED
2026-09-23T00:06:59.508401+00:00,1285593,030,416,4,0,1790122274,,,SCHEDULED
2026-09-23T00:06:59.508401+00:00,1285593,030,418,5,0,1790122349,,,SCHEDULED
2026-09-23T00:06:59.508401+00:00,1285593,030,4763,6,0,1790122451,,,SCHEDULED
2026-09-23T00:06:59.508401+00:00,1285593,030,1716,7,0,1790122515,,,SCHEDULED
2026-09-23T00:06:59.508401+00:00,1285593,030,1717,8,0,1790122571,,,SCHEDULED
2026-09-23T00:06:59.508401+00:00,1285593,030,1718,9,0,1790122617,,,SCHEDULED
2026-09-23T00:06:59.508401+00:00,1285593,030,1720,10,0,1790122706,,,SCHEDULED
2026-09-23T00:06:59.508401+00:00,1285593,030,1721,11,0,1790122785,,,SCHEDULED
2026-09-23T00:06:59.508401+00:00,1285593,030,1722,12,0,1790122838,,,SCHEDULED
2026-09-23T00:06:59.508401+00:00,1285593,030,1723,13,0,1790122868,,,SCHEDULED
2026-09-23T00:06:59.508401+00:00,1285593,030,1725,14,0,1790123016,,,SCHEDULED
2026-09-23T00:06:59.508401+00:00,1285593,030,1726,15,0,1790123083,,,SCHEDULED
2026-09-23T00:06:59.508401+00:00,1285593,030,1727,16,0,1790123156,,,SCHEDULED
2026-09-23T00:06:59.508401+00:00,1285593,030,1728,17,0,1790123214,,,SCHEDULED
2026-09-23T00:06:59.508401+00:00,1285593,030,1729,18,0,1790123288,,,SCHEDULED
2026-09-23T00:06:59.508401+00:00,1285593,030,1730,19,0,1790123354,,,SCHEDULED
2026-09-23T00:06:59.508401+00:00,1285593,030,1732,20,0,1790123388,,,SCHEDULED
2026-09-23T00:06:59.508401+00:00,1285593,030,1734,21,0,1790123434,,,SCHEDULED
2026-09-23T00:06:59.508401+00:00,1285593,030,1735,22,0,1790123456,,,SCHEDULED
2026-09-23T00:06:59.508401+00:00,1286320,061,2181,60,0,1790122049,,,SCHEDULED
2026-09-23T00:06:59.508401+00:00,1286320,061,4395,61,0,1790122124,,,SCHEDULED
2026-09-23T00:06:59.508401+00:00,1286320,061,4396,62,0,1790122153,,,SCHEDULED
2026-09-23T00:06:59.508401+00:00,1286320,061,4397,63,0,1790122177,,,SCHEDULED
2026-09-23T00:06:59.508401+00:00,1286320,061,4398,64,0,1790122221,,,SCHEDULED
2026-09-23T00:06:59.508401+00:00,1286320,061,4391,65,0,1790122279,,,SCHEDULED
2026-09-23T00:06:59.508401+00:00,1286320,061,4399,66,0,1790122300,,,SCHEDULED
2026-09-23T00:06:59.508401+00:00,1286320,061,4392,67,0,1790122336,,,SCHEDULED
2026-09-23T00:06:59.508401+00:00,1287377,082,1649,24,0,1790121873,,,SCHEDULED
2026-09-23T00:06:59.508401+00:00,1287377,082,1650,25,0,1790121917,,,SCHEDULED
2026-09-23T00:06:59.508401+00:00,1287377,082,1651,26,0,1790121966,,,SCHEDULED
2026-09-23T00:06:59.508401+00:00,1287377,082,1652,27,0,1790121991,,,SCHEDULED
2026-09-23T00:06:59.508401+00:00,1287377,082,1653,28,0,1790122093,,,SCHEDULED
2026-09-23T00:06:59.508401+00:00,1287377,082,1654,29,0,1790122152,,,SCHEDULED
2026-09-23T00:06:59.508401+00:00,1287377,082,1655,30,0,1790122222,,,SCHEDULED
2026-09-23T00:06:59.508401+00:00,1287377,082,459,31,0,1790122291,,,SCHEDULED
2026-09-23T00:06:59.508401+00:00,1287377,082,1656,32,0,1790122315,,,SCHEDULED
2026-09-23T00:06:59.508401+00:00,1287377,082,1657,33,0,1790122359,,,SCHEDULED
2026-09-23T00:06:59.508401+00:00,1287377,082,1658,34,0,1790122378,,,SCHEDULED
2026-09-23T00:06:59.508401+00:00,1287377,082,1659,35,0,1790122414,,,SCHEDULED
2026-09-23T00:06:59.508401+00:00,1287377,082,1660,36,0,1790122462,,,SCHEDULED
2026-09-23T00:06:59.508401+00:00,1287377,082,3190,37,0,1790122520,,,SCHEDULED
2026-09-23T00:06:59.508401+00:00,1287377,082,3191,38,0,1790122583,,,SCHEDULED
2026-09-23T00:06:59.508401+00:00,1287377,082,3192,39,0,1790122647,,,SCHEDULED
2026-09-23T00:06:59.508401+00:00,1287377,082,3193,40,0,1790122683,,,SCHEDULED
2026-09-23T00:06:59.508401+00:00,1287377,082,275,41,0,1790122941,,,SCHEDULED
2026-09-23T00:06:59.508401+00:00,1287377,082,276,42,0,1790123191,,,SCHEDULED
2026-09-23T00:06:59.508401+00:00,1286442,062,5252,63,0,1790122054,,,SCHEDULED
2026-09-23T00:06:59.508401+00:00,1286442,062,531,64,0,1790122086,,,SCHEDULED
2026-09-23T00:06:59.508401+00:00,1286442,062,116,65,0,1790122138,,,SCHEDULED
2026-09-23T00:06:59.508401+00:00,1284781,015,851,10,0,1790122010,,,SCHEDULED
2026-09-23T00:06:59.508401+00:00,1284781,015,852,11,0,1790122036,,,SCHEDULED
2026-09-23T00:06:59.508401+00:00,1284781,015,853,12,0,1790122066,,,SCHEDULED
2026-09-23T00:06:59.508401+00:00,1284781,015,859,13,0,1790122105,,,SCHEDULED
2026-09-23T00:06:59.508401+00:00,1284781,015,860,14,0,1790122135,,,SCHEDULED
2026-09-23T00:06:59.508401+00:00,1284781,015,861,15,0,1790122155,,,SCHEDULED
2026-09-23T00:06:59.508401+00:00,1284781,015,862,16,0,1790122169,,,SCHEDULED
2026-09-23T00:06:59.508401+00:00,1284781,015,863,17,0,1790122241,,,SCHEDULED
2026-09-23T00:06:59.508401+00:00,1284781,015,864,18,0,1790122279,,,SCHEDULED
2026-09-23T00:06:59.508401+00:00,1284781,015,865,19,0,1790122317,,,SCHEDULED
2026-09-23T00:06:59.508401+00:00,1284781,015,866,20,0,1790122382,,,SCHEDULED
2026-09-23T00:06:59.508401+00:00,1284781,015,867,21,0,1790122425,,,SCHEDULED
2026-09-23T00:06:59.508401+00:00,1284781,015,593,22,0,1790122442,,,SCHEDULED
2026-09-23T00:06:59.508401+00:00,1284781,015,594,23,0,1790122482,,,SCHEDULED
2026-09-23T00:06:59.508401+00:00,1284781,015,595,24,0,1790122527,,,SCHEDULED
2026-09-23T00:06:59.508401+00:00,1284781,015,596,25,0,1790122578,,,SCHEDULED
2026-09-23T00:06:59.508401+00:00,1284781,015,284,26,0,1790122608,,,SCHEDULED
2026-09-23T00:06:59.508401+00:00,1285594,030,1737,24,0,1790121865,,,SCHEDULED
2026-09-23T00:06:59.508401+00:00,1285594,030,1739,25,0,1790121903,,,SCHEDULED
2026-09-23T00:06:59.508401+00:00,1288228,137,1714,1,,,0,1790122608,SCHEDULED
2026-09-23T00:06:59.508401+00:00,1288228,137,1904,2,0,1790122754,,,SCHEDULED
2026-09-23T00:06:59.508401+00:00,1286720,068,1911,49,0,1790122004,,,SCHEDULED
2026-09-23T00:06:59.508401+00:00,1286720,068,1818,50,0,1790122100,,,SCHEDULED
2026-09-23T00:06:59.508401+00:00,1286720,068,1819,51,0,1790122163,,,SCHEDULED
2026-09-23T00:06:59.508401+00:00,1286720,068,1820,52,0,1790122227,,,SCHEDULED
2026-09-23T00:06:59.508401+00:00,1286720,068,1821,53,0,1790122271,,,SCHEDULED
2026-09-23T00:06:59.508401+00:00,1286720,068,940,54,0,1790122322,,,SCHEDULED
2026-09-23T00:06:59.508401+00:00,1286720,068,941,55,0,1790122354,,,SCHEDULED
2026-09-23T00:06:59.508401+00:00,1286720,068,2633,56,0,1790122422,,,SCHEDULED
2026-09-23T00:06:59.508401+00:00,1286720,068,9812,57,0,1790122458,,,SCHEDULED
2026-09-23T00:06:59.508401+00:00,1286720,068,2629,58,0,1790122516,,,SCHEDULED
2026-09-23T00:06:59.508401+00:00,1286720,068,2634,59,0,1790122562,,,SCHEDULED
2026-09-23T00:06:59.508401+00:00,1286720,068,2635,60,0,1790122638,,,SCHEDULED
2026-09-23T00:06:59.508401+00:00,1286720,068,2636,61,0,1790122651,,,SCHEDULED
2026-09-23T00:06:59.508401+00:00,1286720,068,2637,62,0,1790122665,,,SCHEDULED
2026-09-23T00:06:59.508401+00:00,1286720,068,2638,63,0,1790122697,,,SCHEDULED
2026-09-23T00:06:59.508401+00:00,1286720,068,2639,64,0,1790122751,,,SCHEDULED
2026-09-23T00:06:59.508401+00:00,1286720,068,1086,65,0,1790123298,,,SCHEDULED
2026-09-23T00:06:59.508401+00:00,1286720,068,1088,66,0,1790123350,,,SCHEDULED
2026-09-23T00:06:59.508401+00:00,1286720,068,1087,67,0,1790123384,,,SCHEDULED
2026-09-23T00:06:59.508401+00:00,1286720,068,2642,68,0,1790123414,,,SCHEDULED
2026-09-23T00:06:59.508401+00:00,1287413,082,1664,9,0,1790122031,,,SCHEDULED
2026-09-23T00:06:59.508401+00:00,1287413,082,1665,10,0,1790122074,,,SCHEDULED
2026-09-23T00:06:59.508401+00:00,1287413,082,1666,11,0,1790122095,,,SCHEDULED
2026-09-23T00:06:59.508401+00:00,1287413,082,1668,12,0,1790122215,,,SCHEDULED
2026-09-23T00:06:59.508401+00:00,1287413,082,1669,13,0,1790122266,,,SCHEDULED
2026-09-23T00:06:59.508401+00:00,1287413,082,1670,14,0,1790122316,,,SCHEDULED
2026-09-23T00:06:59.508401+00:00,1287413,082,1671,15,0,1790122406,,,SCHEDULED
2026-09-23T00:06:59.508401+00:00,1287413,082,1672,16,0,1790122449,,,SCHEDULED
2026-09-23T00:06:59.508401+00:00,1287413,082,1673,17,0,1790122503,,,SCHEDULED
2026-09-23T00:06:59.508401+00:00,1287413,082,1674,18,0,1790122525,,,SCHEDULED
2026-09-23T00:06:59.508401+00:00,1287413,082,1675,19,0,1790122586,,,SCHEDULED
2026-09-23T00:06:59.508401+00:00,1287413,082,1677,20,0,1790122650,,,SCHEDULED
2026-09-23T00:06:59.508401+00:00,1287413,082,1127,21,0,1790122750,,,SCHEDULED
2026-09-23T00:06:59.508401+00:00,1287413,082,1128,22,0,1790122805,,,SCHEDULED
2026-09-23T00:06:59.508401+00:00,1287413,082,1129,23,0,1790122845,,,SCHEDULED
2026-09-23T00:06:59.508401+00:00,1287413,082,1130,24,0,1790122878,,,SCHEDULED
2026-09-23T00:06:59.508401+00:00,1287413,082,1131,25,0,1790122926,,,SCHEDULED
2026-09-23T00:06:59.508401+00:00,1287413,082,3089,26,0,1790123247,,,SCHEDULED
2026-09-23T00:06:59.508401+00:00,1287413,082,3090,27,0,1790123336,,,SCHEDULED
2026-09-23T00:06:59.508401+00:00,1287413,082,3091,28,0,1790123470,,,SCHEDULED
2026-09-23T00:06:59.508401+00:00,1287413,082,3092,29,0,1790123502,,,SCHEDULED
2026-09-23T00:06:59.508401+00:00,1287413,082,3093,30,0,1790123537,,,SCHEDULED
2026-09-23T00:06:59.508401+00:00,1287413,082,3094,31,0,1790123575,,,SCHEDULED
2026-09-23T00:06:59.508401+00:00,1287413,082,1421,32,0,1790123639,,,SCHEDULED
2026-09-23T00:06:59.508401+00:00,1287413,082,1422,33,0,1790123705,,,SCHEDULED
2026-09-23T00:06:59.508401+00:00,1286721,068,2691,27,0,1790121999,,,SCHEDULED
2026-09-23T00:06:59.508401+00:00,1286721,068,2692,28,0,1790122074,,,SCHEDULED
2026-09-23T00:06:59.508401+00:00,1286721,068,2693,29,0,1790122117,,,SCHEDULED
2026-09-23T00:06:59.508401+00:00,1286721,068,2694,30,0,1790122181,,,SCHEDULED
2026-09-23T00:06:59.508401+00:00,1286721,068,2695,31,0,1790122219,,,SCHEDULED
2026-09-23T00:06:59.508401+00:00,1286721,068,2696,32,0,1790122257,,,SCHEDULED
2026-09-23T00:06:59.508401+00:00,1286721,068,2699,33,0,1790122286,,,SCHEDULED
2026-09-23T00:06:59.508401+00:00,1286721,068,2700,34,0,1790122323,,,SCHEDULED
2026-09-23T00:06:59.508401+00:00,1286721,068,2703,35,0,1790122360,,,SCHEDULED
2026-09-23T00:06:59.508401+00:00,1286721,068,2704,36,0,1790122460,,,SCHEDULED
2026-09-23T00:06:59.508401+00:00,1286721,068,2706,37,0,1790122550,,,SCHEDULED
2026-09-23T00:06:59.508401+00:00,1286721,068,2707,38,0,1790122606,,,SCHEDULED
2026-09-23T00:06:59.508401+00:00,1286721,068,2708,39,0,1790122670,,,SCHEDULED
2026-09-23T00:06:59.508401+00:00,1286721,068,2709,40,0,1790122717,,,SCHEDULED
2026-09-23T00:06:59.508401+00:00,1286721,068,2710,41,0,1790122733,,,SCHEDULED
2026-09-23T00:06:59.508401+00:00,1286721,068,2711,42,0,1790122764,,,SCHEDULED
2026-09-23T00:06:59.508401+00:00,1286721,068,2712,43,0,1790122815,,,SCHEDULED
2026-09-23T00:06:59.508401+00:00,1286721,068,2713,44,0,1790122834,,,SCHEDULED
2026-09-23T00:06:59.508401+00:00,1286721,068,2715,45,0,1790122865,,,SCHEDULED
2026-09-23T00:06:59.508401+00:00,1286721,068,2610,46,0,1790122928,,,SCHEDULED
2026-09-23T00:06:59.508401+00:00,1286721,068,2611,47,0,1790122958,,,SCHEDULED
2026-09-23T00:06:59.508401+00:00,1286721,068,2612,48,0,1790123019,,,SCHEDULED
2026-09-23T00:06:59.508401+00:00,1286721,068,1911,49,0,1790123093,,,SCHEDULED
2026-09-23T00:06:59.508401+00:00,1286721,068,1818,50,0,1790123171,,,SCHEDULED
2026-09-23T00:06:59.508401+00:00,1286721,068,1819,51,0,1790123207,,,SCHEDULED
2026-09-23T00:06:59.508401+00:00,1286721,068,1820,52,0,1790123242,,,SCHEDULED
2026-09-23T00:06:59.508401+00:00,1286721,068,1821,53,0,1790123294,,,SCHEDULED
2026-09-23T00:06:59.508401+00:00,1286721,068,940,54,0,1790123354,,,SCHEDULED
2026-09-23T00:06:59.508401+00:00,1286721,068,941,55,0,1790123380,,,SCHEDULED
2026-09-23T00:06:59.508401+00:00,1286721,068,2633,56,0,1790123451,,,SCHEDULED
2026-09-23T00:06:59.508401+00:00,1286721,068,9812,57,0,1790123500,,,SCHEDULED
2026-09-23T00:06:59.508401+00:00,1286721,068,2629,58,0,1790123582,,,SCHEDULED
2026-09-23T00:06:59.508401+00:00,1286721,068,2634,59,0,1790123639,,,SCHEDULED
2026-09-23T00:06:59.508401+00:00,1286721,068,2635,60,0,1790123682,,,SCHEDULED
2026-09-23T00:06:59.508401+00:00,1287414,082,1444,40,0,1790121901,,,SCHEDULED
2026-09-23T00:06:59.508401+00:00,1287414,082,1445,41,0,1790121980,,,SCHEDULED
2026-09-23T00:06:59.508401+00:00,1287414,082,1446,42,0,1790122003,,,SCHEDULED
2026-09-23T00:06:59.508401+00:00,1287414,082,563,43,0,1790122343,,,SCHEDULED
2026-09-23T00:06:59.508401+00:00,1287414,082,565,44,0,1790122357,,,SCHEDULED
2026-09-23T00:06:59.508401+00:00,1287414,082,1438,45,0,1790122391,,,SCHEDULED
2026-09-23T00:06:59.508401+00:00,1287414,082,1439,46,0,1790122410,,,SCHEDULED
2026-09-23T00:06:59.508401+00:00,1288227,137,85406,3,0,1790122593,,,SCHEDULED
2026-09-23T00:06:59.508401+00:00,1288227,137,85408,4,0,1790122704,,,SCHEDULED
2026-09-23T00:06:59.508401+00:00,1288227,137,85204,5,0,1790122752,,,SCHEDULED
2026-09-23T00:06:59.508401+00:00,1288227,137,85205,6,0,1790122818,,,SCHEDULED
2026-09-23T00:06:59.508401+00:00,1288227,137,85206,7,0,1790122942,,,SCHEDULED
2026-09-23T00:06:59.508401+00:00,1288227,137,85207,8,0,1790122954,,,SCHEDULED
2026-09-23T00:06:59.508401+00:00,1288227,137,85091,9,0,1790123011,,,SCHEDULED
2026-09-23T00:06:59.508401+00:00,1288227,137,85092,10,0,1790123079,,,SCHEDULED
2026-09-23T00:06:59.508401+00:00,1288227,137,85178,11,0,1790123207,,,SCHEDULED
2026-09-23T00:06:59.508401+00:00,1288227,137,85179,12,0,1790123271,,,SCHEDULED
2026-09-23T00:06:59.508401+00:00,1288227,137,85180,13,0,1790123285,,,SCHEDULED
2026-09-23T00:06:59.508401+00:00,1288227,137,85181,14,0,1790123383,,,SCHEDULED
2026-09-23T00:06:59.508401+00:00,1288227,137,1715,15,0,1790123439,,,SCHEDULED
2026-09-23T00:06:59.508401+00:00,1288227,137,85619,16,0,1790123558,,,SCHEDULED
2026-09-23T00:06:59.508401+00:00,1285995,051,668,1,,,0,1790122785,SCHEDULED
2026-09-23T00:06:59.508401+00:00,1285995,051,221,2,0,1790122866,,,SCHEDULED
2026-09-23T00:06:59.508401+00:00,1285995,051,222,3,0,1790122905,,,SCHEDULED
2026-09-23T00:06:59.508401+00:00,1285995,051,223,4,0,1790122972,,,SCHEDULED
2026-09-23T00:06:59.508401+00:00,1285995,051,225,5,0,1790123175,,,SCHEDULED
2026-09-23T00:06:59.508401+00:00,1285995,051,226,6,0,1790123264,,,SCHEDULED
2026-09-23T00:06:59.508401+00:00,1285995,051,108,7,0,1790123373,,,SCHEDULED
2026-09-23T00:06:59.508401+00:00,1285995,051,123,8,0,1790123420,,,SCHEDULED
2026-09-23T00:06:59.508401+00:00,1285995,051,125,9,0,1790123450,,,SCHEDULED
2026-09-23T00:06:59.508401+00:00,1285995,051,126,10,0,1790123487,,,SCHEDULED
2026-09-23T00:06:59.508401+00:00,1285995,051,127,11,0,1790123515,,,SCHEDULED
2026-09-23T00:06:59.508401+00:00,1285995,051,128,12,0,1790123644,,,SCHEDULED
2026-09-23T00:06:59.508401+00:00,1285995,051,227,13,0,1790123711,,,SCHEDULED
2026-09-23T00:06:59.508401+00:00,1285995,051,229,14,0,1790123780,,,SCHEDULED
2026-09-23T00:06:59.508401+00:00,1287412,082,288,1,,,0,1790122730,SCHEDULED
2026-09-23T00:06:59.508401+00:00,1287412,082,274,2,0,1790122793,,,SCHEDULED
2026-09-23T00:06:59.508401+00:00,1287412,082,275,3,0,1790123003,,,SCHEDULED
2026-09-23T00:06:59.508401+00:00,1287412,082,3893,4,0,1790123264,,,SCHEDULED
2026-09-23T00:06:59.508401+00:00,1287412,082,3894,5,0,1790123496,,,SCHEDULED
2026-09-23T00:06:59.508401+00:00,1287412,082,3895,6,0,1790123555,,,SCHEDULED
2026-09-23T00:06:59.508401+00:00,1287412,082,1662,7,0,1790123618,,,SCHEDULED
2026-09-23T00:06:59.508401+00:00,1287412,082,1663,8,0,1790123660,,,SCHEDULED
2026-09-23T00:06:59.508401+00:00,1287412,082,1664,9,0,1790123703,,,SCHEDULED
2026-09-23T00:06:59.508401+00:00,1287412,082,1665,10,0,1790123746,,,SCHEDULED
2026-09-23T00:06:59.508401+00:00,1287412,082,1666,11,0,1790123767,,,SCHEDULED
2026-09-23T00:06:59.508401+00:00,1284303,010,1817,38,0,1790122036,,,SCHEDULED
2026-09-23T00:06:59.508401+00:00,1285997,051,231,15,0,1790122113,,,SCHEDULED
2026-09-23T00:06:59.508401+00:00,1285997,051,232,16,0,1790122172,,,SCHEDULED
2026-09-23T00:06:59.508401+00:00,1285997,051,233,17,0,1790122237,,,SCHEDULED
2026-09-23T00:06:59.508401+00:00,1285997,051,234,18,0,1790122331,,,SCHEDULED
2026-09-23T00:06:59.508401+00:00,1285997,051,235,19,0,1790122381,,,SCHEDULED
2026-09-23T00:06:59.508401+00:00,1285997,051,236,20,0,1790122440,,,SCHEDULED
2026-09-23T00:06:59.508401+00:00,1285997,051,1927,21,0,1790122560,,,SCHEDULED
2026-09-23T00:06:59.508401+00:00,1285997,051,1930,22,0,1790122657,,,SCHEDULED
2026-09-23T00:06:59.508401+00:00,1285997,051,1931,23,0,1790122704,,,SCHEDULED
2026-09-23T00:06:59.508401+00:00,1285997,051,1949,24,0,1790122755,,,SCHEDULED
2026-09-23T00:06:59.508401+00:00,1285997,051,1932,25,0,1790122785,,,SCHEDULED
2026-09-23T00:06:59.508401+00:00,1285997,051,1936,26,0,1790122853,,,SCHEDULED
2026-09-23T00:06:59.508401+00:00,1285997,051,1937,27,0,1790122891,,,SCHEDULED
2026-09-23T00:06:59.508401+00:00,1285997,051,1938,28,0,1790122929,,,SCHEDULED
2026-09-23T00:06:59.508401+00:00,1285997,051,1939,29,0,1790122993,,,SCHEDULED
2026-09-23T00:06:59.508401+00:00,1285997,051,1839,30,0,1790123040,,,SCHEDULED
2026-09-23T00:06:59.508401+00:00,1285997,051,1841,31,0,1790123102,,,SCHEDULED
2026-09-23T00:06:59.508401+00:00,1285997,051,1842,32,0,1790123148,,,SCHEDULED
2026-09-23T00:06:59.508401+00:00,1285997,051,1843,33,0,1790123193,,,SCHEDULED
2026-09-23T00:06:59.508401+00:00,1285997,051,1844,34,0,1790123231,,,SCHEDULED
2026-09-23T00:06:59.508401+00:00,1285997,051,1845,35,0,1790123268,,,SCHEDULED
2026-09-23T00:06:59.508401+00:00,1285997,051,1846,36,0,1790123318,,,SCHEDULED
2026-09-23T00:06:59.508401+00:00,1285997,051,1847,37,0,1790123347,,,SCHEDULED
2026-09-23T00:06:59.508401+00:00,1285997,051,1848,38,0,1790123401,,,SCHEDULED
2026-09-23T00:06:59.508401+00:00,1285997,051,1849,39,0,1790123459,,,SCHEDULED
2026-09-23T00:06:59.508401+00:00,1285997,051,1850,40,0,1790123509,,,SCHEDULED
2026-09-23T00:06:59.508401+00:00,1285997,051,1851,41,0,1790123580,,,SCHEDULED
2026-09-23T00:06:59.508401+00:00,1285997,051,1852,42,0,1790123626,,,SCHEDULED
2026-09-23T00:06:59.508401+00:00,1285997,051,1853,43,0,1790123666,,,SCHEDULED
2026-09-23T00:06:59.508401+00:00,1285997,051,1854,44,0,1790123703,,,SCHEDULED
2026-09-23T00:06:59.508401+00:00,1285996,051,223,4,0,1790122030,,,SCHEDULED
2026-09-23T00:06:59.508401+00:00,1285996,051,225,5,0,1790122233,,,SCHEDULED
2026-09-23T00:06:59.508401+00:00,1285996,051,226,6,0,1790122322,,,SCHEDULED
2026-09-23T00:06:59.508401+00:00,1285996,051,108,7,0,1790122431,,,SCHEDULED
2026-09-23T00:06:59.508401+00:00,1285996,051,123,8,0,1790122478,,,SCHEDULED
2026-09-23T00:06:59.508401+00:00,1285996,051,125,9,0,1790122508,,,SCHEDULED
2026-09-23T00:06:59.508401+00:00,1285996,051,126,10,0,1790122545,,,SCHEDULED
2026-09-23T00:06:59.508401+00:00,1285996,051,127,11,0,1790122573,,,SCHEDULED
2026-09-23T00:06:59.508401+00:00,1285996,051,128,12,0,1790122702,,,SCHEDULED
2026-09-23T00:06:59.508401+00:00,1285996,051,227,13,0,1790122769,,,SCHEDULED
2026-09-23T00:06:59.508401+00:00,1285996,051,229,14,0,1790122838,,,SCHEDULED
2026-09-23T00:06:59.508401+00:00,1285996,051,231,15,0,1790122943,,,SCHEDULED
2026-09-23T00:06:59.508401+00:00,1285996,051,232,16,0,1790123066,,,SCHEDULED
2026-09-23T00:06:59.508401+00:00,1285996,051,233,17,0,1790123167,,,SCHEDULED
2026-09-23T00:06:59.508401+00:00,1285996,051,234,18,0,1790123236,,,SCHEDULED
2026-09-23T00:06:59.508401+00:00,1285996,051,235,19,0,1790123305,,,SCHEDULED
2026-09-23T00:06:59.508401+00:00,1285996,051,236,20,0,1790123306,,,SCHEDULED
2026-09-23T00:06:59.508401+00:00,1285996,051,1927,21,0,1790123463,,,SCHEDULED
2026-09-23T00:06:59.508401+00:00,1285996,051,1930,22,0,1790123554,,,SCHEDULED
2026-09-23T00:06:59.508401+00:00,1285996,051,1931,23,0,1790123609,,,SCHEDULED
2026-09-23T00:06:59.508401+00:00,1285996,051,1949,24,0,1790123637,,,SCHEDULED
2026-09-23T00:06:59.508401+00:00,1285996,051,1932,25,0,1790123653,,,SCHEDULED
2026-09-23T00:06:59.508401+00:00,1285996,051,1936,26,0,1790123726,,,SCHEDULED
2026-09-23T00:06:59.508401+00:00,1285996,051,1937,27,0,1790123772,,,SCHEDULED
2026-09-23T00:06:59.508401+00:00,1286964,075,318,1,,,0,1790122685,SCHEDULED
2026-09-23T00:06:59.508401+00:00,1286964,075,4210,2,0,1790122887,,,SCHEDULED
2026-09-23T00:06:59.508401+00:00,1286964,075,1432,3,0,1790122969,,,SCHEDULED
2026-09-23T00:06:59.508401+00:00,1286964,075,1398,4,0,1790123034,,,SCHEDULED
2026-09-23T00:06:59.508401+00:00,1286964,075,3851,5,0,1790123073,,,SCHEDULED
2026-09-23T00:06:59.508401+00:00,1286964,075,1418,6,0,1790123155,,,SCHEDULED
2026-09-23T00:06:59.508401+00:00,1286964,075,1420,7,0,1790123291,,,SCHEDULED
2026-09-23T00:06:59.508401+00:00,1285999,051,1849,39,0,1790122009,,,SCHEDULED
2026-09-23T00:06:59.508401+00:00,1285999,051,1850,40,0,1790122039,,,SCHEDULED
2026-09-23T00:06:59.508401+00:00,1285999,051,1851,41,0,1790122160,,,SCHEDULED
2026-09-23T00:06:59.508401+00:00,1285999,051,1852,42,0,1790122249,,,SCHEDULED
2026-09-23T00:06:59.508401+00:00,1285999,051,1853,43,0,1790122250,,,SCHEDULED
2026-09-23T00:06:59.508401+00:00,1285999,051,1854,44,0,1790122284,,,SCHEDULED
2026-09-23T00:06:59.508401+00:00,1285999,051,1855,45,0,1790122319,,,SCHEDULED
2026-09-23T00:06:59.508401+00:00,1285999,051,1856,46,0,1790122370,,,SCHEDULED
2026-09-23T00:06:59.508401+00:00,1285999,051,1857,47,0,1790122442,,,SCHEDULED
2026-09-23T00:06:59.508401+00:00,1285999,051,1858,48,0,1790122474,,,SCHEDULED
2026-09-23T00:06:59.508401+00:00,1285999,051,1859,49,0,1790122476,,,SCHEDULED
2026-09-23T00:06:59.508401+00:00,1285999,051,1860,50,0,1790122586,,,SCHEDULED
2026-09-23T00:06:59.508401+00:00,1285999,051,1861,51,0,1790122687,,,SCHEDULED
2026-09-23T00:06:59.508401+00:00,1285999,051,2020,52,0,1790122724,,,SCHEDULED
2026-09-23T00:06:59.508401+00:00,1285999,051,2021,53,0,1790122815,,,SCHEDULED
2026-09-23T00:06:59.508401+00:00,1285999,051,3130,54,0,1790122874,,,SCHEDULED
2026-09-23T00:06:59.508401+00:00,1286722,068,4439,3,0,1790122043,,,SCHEDULED
2026-09-23T00:06:59.508401+00:00,1286722,068,4440,4,0,1790122088,,,SCHEDULED
2026-09-23T00:06:59.508401+00:00,1286722,068,4441,5,0,1790122109,,,SCHEDULED
2026-09-23T00:06:59.508401+00:00,1286722,068,4015,6,0,1790122197,,,SCHEDULED
2026-09-23T00:06:59.508401+00:00,1286722,068,4016,7,0,1790122228,,,SCHEDULED
2026-09-23T00:06:59.508401+00:00,1286722,068,4017,8,0,1790122293,,,SCHEDULED
2026-09-23T00:06:59.508401+00:00,1286722,068,3914,9,0,1790122424,,,SCHEDULED
2026-09-23T00:06:59.508401+00:00,1286722,068,3836,10,0,1790122485,,,SCHEDULED
2026-09-23T00:06:59.508401+00:00,1286722,068,2375,11,0,1790122757,,,SCHEDULED
2026-09-23T00:06:59.508401+00:00,1286722,068,2376,12,0,1790122813,,,SCHEDULED
2026-09-23T00:06:59.508401+00:00,1286722,068,2377,13,0,1790122862,,,SCHEDULED
2026-09-23T00:06:59.508401+00:00,1286722,068,2378,14,0,1790123014,,,SCHEDULED
2026-09-23T00:06:59.508401+00:00,1286722,068,2379,15,0,1790123048,,,SCHEDULED
2026-09-23T00:06:59.508401+00:00,1286722,068,2381,16,0,1790123125,,,SCHEDULED
2026-09-23T00:06:59.508401+00:00,1286722,068,2382,17,0,1790123248,,,SCHEDULED
2026-09-23T00:06:59.508401+00:00,1286722,068,2383,18,0,1790123319,,,SCHEDULED
2026-09-23T00:06:59.508401+00:00,1286722,068,2385,19,0,1790123471,,,SCHEDULED
2026-09-23T00:06:59.508401+00:00,1286722,068,2014,20,0,1790123524,,,SCHEDULED
2026-09-23T00:06:59.508401+00:00,1286722,068,2015,21,0,1790123583,,,SCHEDULED
2026-09-23T00:06:59.508401+00:00,1286722,068,2016,22,0,1790123598,,,SCHEDULED
2026-09-23T00:06:59.508401+00:00,1286722,068,2166,23,0,1790123612,,,SCHEDULED
2026-09-23T00:06:59.508401+00:00,1285998,051,1949,24,0,1790122018,,,SCHEDULED
2026-09-23T00:06:59.508401+00:00,1285998,051,1932,25,0,1790122034,,,SCHEDULED
2026-09-23T00:06:59.508401+00:00,1285998,051,1936,26,0,1790122107,,,SCHEDULED
2026-09-23T00:06:59.508401+00:00,1285998,051,1937,27,0,1790122153,,,SCHEDULED
2026-09-23T00:06:59.508401+00:00,1285998,051,1938,28,0,1790122203,,,SCHEDULED
2026-09-23T00:06:59.508401+00:00,1285998,051,1939,29,0,1790122260,,,SCHEDULED
2026-09-23T00:06:59.508401+00:00,1285998,051,1839,30,0,1790122301,,,SCHEDULED
2026-09-23T00:06:59.508401+00:00,1285998,051,1841,31,0,1790122382,,,SCHEDULED
2026-09-23T00:06:59.508401+00:00,1285998,051,1842,32,0,1790122402,,,SCHEDULED
2026-09-23T00:06:59.508401+00:00,1285998,051,1843,33,0,1790122445,,,SCHEDULED
2026-09-23T00:06:59.508401+00:00,1285998,051,1844,34,0,1790122518,,,SCHEDULED
2026-09-23T00:06:59.508401+00:00,1285998,051,1845,35,0,1790122544,,,SCHEDULED
2026-09-23T00:06:59.508401+00:00,1285998,051,1846,36,0,1790122577,,,SCHEDULED
2026-09-23T00:06:59.508401+00:00,1285998,051,1847,37,0,1790122593,,,SCHEDULED
2026-09-23T00:06:59.508401+00:00,1285998,051,1848,38,0,1790122623,,,SCHEDULED
2026-09-23T00:06:59.508401+00:00,1285998,051,1849,39,0,1790122693,,,SCHEDULED
2026-09-23T00:06:59.508401+00:00,1285998,051,1850,40,0,1790122743,,,SCHEDULED
2026-09-23T00:06:59.508401+00:00,1285998,051,1851,41,0,1790122864,,,SCHEDULED
2026-09-23T00:06:59.508401+00:00,1285998,051,1852,42,0,1790122953,,,SCHEDULED
2026-09-23T00:06:59.508401+00:00,1285998,051,1853,43,0,1790122954,,,SCHEDULED
2026-09-23T00:06:59.508401+00:00,1285998,051,1854,44,0,1790122988,,,SCHEDULED
2026-09-23T00:06:59.508401+00:00,1285998,051,1855,45,0,1790123023,,,SCHEDULED
2026-09-23T00:06:59.508401+00:00,1285998,051,1856,46,0,1790123074,,,SCHEDULED
2026-09-23T00:06:59.508401+00:00,1285998,051,1857,47,0,1790123146,,,SCHEDULED
2026-09-23T00:06:59.508401+00:00,1285998,051,1858,48,0,1790123178,,,SCHEDULED
2026-09-23T00:06:59.508401+00:00,1285998,051,1859,49,0,1790123180,,,SCHEDULED
2026-09-23T00:06:59.508401+00:00,1285998,051,1860,50,0,1790123290,,,SCHEDULED
2026-09-23T00:06:59.508401+00:00,1285998,051,1861,51,0,1790123391,,,SCHEDULED
2026-09-23T00:06:59.508401+00:00,1285998,051,2020,52,0,1790123428,,,SCHEDULED
2026-09-23T00:06:59.508401+00:00,1285998,051,2021,53,0,1790123519,,,SCHEDULED
2026-09-23T00:06:59.508401+00:00,1285998,051,3130,54,0,1790123578,,,SCHEDULED
2026-09-23T00:06:59.508401+00:00,1286723,068,885,1,,,0,1790123700,SCHEDULED
2026-09-23T00:06:59.508401+00:00,1288182,103,5305,1,,,0,1790122207,SCHEDULED
2026-09-23T00:06:59.508401+00:00,1288182,103,221,2,0,1790122274,,,SCHEDULED
2026-09-23T00:06:59.508401+00:00,1288182,103,222,3,0,1790122322,,,SCHEDULED
2026-09-23T00:06:59.508401+00:00,1288182,103,223,4,0,1790122421,,,SCHEDULED
2026-09-23T00:06:59.508401+00:00,1288182,103,225,5,0,1790122560,,,SCHEDULED
2026-09-23T00:06:59.508401+00:00,1288182,103,226,6,0,1790122617,,,SCHEDULED
2026-09-23T00:06:59.508401+00:00,1288182,103,455,7,0,1790122661,,,SCHEDULED
2026-09-23T00:06:59.508401+00:00,1288182,103,456,8,0,1790122713,,,SCHEDULED
2026-09-23T00:06:59.508401+00:00,1288182,103,458,9,0,1790123122,,,SCHEDULED
2026-09-23T00:06:59.508401+00:00,1288182,103,250,10,0,1790123249,,,SCHEDULED
2026-09-23T00:06:59.508401+00:00,1288182,103,251,11,0,1790123299,,,SCHEDULED
2026-09-23T00:06:59.508401+00:00,1288182,103,252,12,0,1790123336,,,SCHEDULED
2026-09-23T00:06:59.508401+00:00,1288182,103,253,13,0,1790123358,,,SCHEDULED
2026-09-23T00:06:59.508401+00:00,1288182,103,254,14,0,1790123379,,,SCHEDULED
2026-09-23T00:06:59.508401+00:00,1288182,103,255,15,0,1790123402,,,SCHEDULED
2026-09-23T00:06:59.508401+00:00,1288182,103,257,16,0,1790123436,,,SCHEDULED
2026-09-23T00:06:59.508401+00:00,1288182,103,258,17,0,1790123457,,,SCHEDULED
2026-09-23T00:06:59.508401+00:00,1288182,103,259,18,0,1790123502,,,SCHEDULED
2026-09-23T00:06:59.508401+00:00,1288182,103,260,19,0,1790123527,,,SCHEDULED
2026-09-23T00:06:59.508401+00:00,1288182,103,261,20,0,1790123545,,,SCHEDULED
2026-09-23T00:06:59.508401+00:00,1288182,103,262,21,0,1790123576,,,SCHEDULED
2026-09-23T00:06:59.508401+00:00,1288182,103,264,22,0,1790123628,,,SCHEDULED
2026-09-23T00:06:59.508401+00:00,1288182,103,263,23,0,1790123658,,,SCHEDULED
2026-09-23T00:06:59.508401+00:00,1288182,103,157,24,0,1790123679,,,SCHEDULED
2026-09-23T00:06:59.508401+00:00,1288182,103,158,25,0,1790123712,,,SCHEDULED
2026-09-23T00:06:59.508401+00:00,1288182,103,159,26,0,1790123726,,,SCHEDULED
2026-09-23T00:06:59.508401+00:00,1288182,103,160,27,0,1790123744,,,SCHEDULED
2026-09-23T00:06:59.508401+00:00,1288182,103,161,28,0,1790123784,,,SCHEDULED
2026-09-23T00:06:59.508401+00:00,1288183,103,167,35,0,1790121937,,,SCHEDULED
2026-09-23T00:06:59.508401+00:00,1288183,103,173,36,0,1790121949,,,SCHEDULED
2026-09-23T00:06:59.508401+00:00,1288183,103,168,37,0,1790122007,,,SCHEDULED
2026-09-23T00:06:59.508401+00:00,1288183,103,169,38,0,1790122016,,,SCHEDULED
2026-09-23T00:06:59.508401+00:00,1288183,103,170,39,0,1790122046,,,SCHEDULED
2026-09-23T00:06:59.508401+00:00,1288183,103,171,40,0,1790122169,,,SCHEDULED
2026-09-23T00:06:59.508401+00:00,1287097,078,9920,1,,,0,1790122043,SCHEDULED
2026-09-23T00:06:59.508401+00:00,1287097,078,2760,2,0,1790122199,,,SCHEDULED
2026-09-23T00:06:59.508401+00:00,1287097,078,2761,3,0,1790122267,,,SCHEDULED
2026-09-23T00:06:59.508401+00:00,1287097,078,2762,4,0,1790122335,,,SCHEDULED
2026-09-23T00:06:59.508401+00:00,1287097,078,2763,5,0,1790122430,,,SCHEDULED
2026-09-23T00:06:59.508401+00:00,1287097,078,2764,6,0,1790122522,,,SCHEDULED
2026-09-23T00:06:59.508401+00:00,1288184,103,255,15,0,1790121997,,,SCHEDULED
2026-09-23T00:06:59.508401+00:00,1288184,103,257,16,0,1790122050,,,SCHEDULED
2026-09-23T00:06:59.508401+00:00,1288184,103,258,17,0,1790122083,,,SCHEDULED
2026-09-23T00:06:59.508401+00:00,1288184,103,259,18,0,1790122101,,,SCHEDULED
2026-09-23T00:06:59.508401+00:00,1288184,103,260,19,0,1790122140,,,SCHEDULED
2026-09-23T00:06:59.508401+00:00,1288184,103,261,20,0,1790122178,,,SCHEDULED
2026-09-23T00:06:59.508401+00:00,1288184,103,262,21,0,1790122200,,,SCHEDULED
2026-09-23T00:06:59.508401+00:00,1288184,103,264,22,0,1790122256,,,SCHEDULED
2026-09-23T00:06:59.508401+00:00,1288184,103,263,23,0,1790122326,,,SCHEDULED
2026-09-23T00:06:59.508401+00:00,1288184,103,157,24,0,1790122380,,,SCHEDULED
2026-09-23T00:06:59.508401+00:00,1288184,103,158,25,0,1790122417,,,SCHEDULED
2026-09-23T00:06:59.508401+00:00,1288184,103,159,26,0,1790122446,,,SCHEDULED
2026-09-23T00:06:59.508401+00:00,1288184,103,160,27,0,1790122493,,,SCHEDULED
2026-09-23T00:06:59.508401+00:00,1288184,103,161,28,0,1790122554,,,SCHEDULED
2026-09-23T00:06:59.508401+00:00,1288184,103,877,29,0,1790122592,,,SCHEDULED
2026-09-23T00:06:59.508401+00:00,1288184,103,162,30,0,1790122649,,,SCHEDULED
2026-09-23T00:06:59.508401+00:00,1288184,103,163,31,0,1790122696,,,SCHEDULED
2026-09-23T00:06:59.508401+00:00,1288184,103,164,32,0,1790122720,,,SCHEDULED
2026-09-23T00:06:59.508401+00:00,1288184,103,165,33,0,1790122776,,,SCHEDULED
2026-09-23T00:06:59.508401+00:00,1288184,103,166,34,0,1790122875,,,SCHEDULED
2026-09-23T00:06:59.508401+00:00,1288184,103,167,35,0,1790122913,,,SCHEDULED
2026-09-23T00:06:59.508401+00:00,1288184,103,173,36,0,1790122970,,,SCHEDULED
2026-09-23T00:06:59.508401+00:00,1288184,103,168,37,0,1790123031,,,SCHEDULED
2026-09-23T00:06:59.508401+00:00,1288184,103,169,38,0,1790123097,,,SCHEDULED
2026-09-23T00:06:59.508401+00:00,1288184,103,170,39,0,1790123163,,,SCHEDULED
2026-09-23T00:06:59.508401+00:00,1288184,103,171,40,0,1790123324,,,SCHEDULED
