poll_time,trip_id,route_id,stop_id,stop_sequence,arrival_delay,arrival_time,departure_delay,departure_time,schedule_relationship
2026-09-28T00:23:40.817615+00:00,1286298,056,4140,1,,,0,1790556637,SCHEDULED
2026-09-28T00:23:40.817615+00:00,1286298,056,4141,2,0,1790556646,,,SCHEDULED
2026-09-28T00:23:40.817615+00:00,1286298,056,4142,3,0,1790556679,,,SCHEDULED
2026-09-28T00:23:40.817615+00:00,1286298,056,4143,4,0,1790556770,,,SCHEDULED
2026-09-28T00:23:40.817615+00:00,1286299,056,5200,21,0,1790555091,,,SCHEDULED
2026-09-28T00:23:40.817615+00:00,1286299,056,489,22,0,1790555206,,,SCHEDULED
2026-09-28T00:23:40.817615+00:00,1286299,056,490,23,0,1790555235,,,SCHEDULED
2026-09-28T00:23:40.817615+00:00,1286299,056,491,24,0,1790555304,,,SCHEDULED
2026-09-28T00:23:40.817615+00:00,1286299,056,492,25,0,1790555315,,,SCHEDULED
2026-09-28T00:23:40.817615+00:00,1286299,056,493,26,0,1790555330,,,SCHEDULED
2026-09-28T00:23:40.817615+00:00,1286299,056,494,27,0,1790555342,,,SCHEDULED
2026-09-28T00:23:40.817615+00:00,1286299,056,3831,28,0,1790555502,,,SCHEDULED
2026-09-28T00:23:40.817615+00:00,1286299,056,3832,29,0,1790555594,,,SCHEDULED
2026-09-28T00:23:40.817615+00:00,1286299,056,3833,30,0,1790555610,,,SCHEDULED
2026-09-28T00:23:40.817615+00:00,1286299,056,3834,31,0,1790555660,,,SCHEDULED
2026-09-28T00:23:40.817615+00:00,1286299,056,3939,32,0,1790555745,,,SCHEDULED
2026-09-28T00:23:40.817615+00:00,1286299,056,5107,33,0,1790555812,,,SCHEDULED
2026-09-28T00:23:40.817615+00:00,1286299,056,4020,34,0,1790555821,,,SCHEDULED
2026-09-28T00:23:40.817615+00:00,1286299,056,4021,35,0,1790555840,,,SCHEDULED
2026-09-28T00:23:40.817615+00:00,1286299,056,4022,36,0,1790555856,,,SCHEDULED
2026-09-28T00:23:40.817615+00:00,1286299,056,242,37,0,1790555874,,,SCHEDULED
2026-09-28T00:23:40.817615+00:00,1286299,056,243,38,0,1790555884,,,SCHEDULED
2026-09-28T00:23:40.817615+00:00,1286299,056,244,39,0,1790555885,,,SCHEDULED
2026-09-28T00:23:40.817615+00:00,1286299,056,1038,40,0,1790555887,,,SCHEDULED
2026-09-28T00:23:40.817615+00:00,1286299,056,4019,41,0,1790555914,,,SCHEDULED
2026-09-28T00:23:40.817615+00:00,1288037,088,418,1,,,0,1790555302,SCHEDULED
2026-09-28T00:23:40.817615+00:00,1288037,088,4763,2,0,1790555369,,,SCHEDULED
2026-09-28T00:23:40.817615+00:00,1288037,088,113,3,0,1790555391,,,SCHEDULED
2026-09-28T00:23:40.817615+00:00,1288037,088,525,4,0,1790555426,,,SCHEDULED
2026-09-28T00:23:40.817615+00:00,1288037,088,526,5,0,1790555498,,,SCHEDULED
2026-09-28T00:23:40.817615+00:00,1288037,088,527,6,0,1790555520,,,SCHEDULED
2026-09-28T00:23:40.817615+00:00,1288037,088,528,7,0,1790555595,,,SCHEDULED
2026-09-28T00:23:40.817615+00:00,1288037,088,5252,8,0,1790555714,,,SCHEDULED
2026-09-28T00:23:40.817615+00:00,1288037,088,531,9,0,1790555745,,,SCHEDULED
2026-09-28T00:23:40.817615+00:00,1288037,088,610,10,0,1790556051,,,SCHEDULED
2026-09-28T00:23:40.817615+00:00,1288037,088,611,11,0,1790556074,,,SCHEDULED
2026-09-28T00:23:40.817615+00:00,1288037,088,612,12,0,1790556089,,,SCHEDULED
2026-09-28T00:23:40.817615+00:00,1288037,088,613,13,0,1790556105,,,SCHEDULED
2026-09-28T00:23:40.817615+00:00,1288037,088,614,14,0,1790556142,,,SCHEDULED
2026-09-28T00:23:40.817615+00:00,1288037,088,615,15,0,1790556300,,,SCHEDULED
2026-09-28T00:23:40.817615+00:00,1288037,088,616,16,0,1790556336,,,SCHEDULED
2026-09-28T00:23:40.817615+00:00,1288037,088,617,17,0,1790556379,,,SCHEDULED
2026-09-28T00:23:40.817615+00:00,1288037,088,618,18,0,1790556447,,,SCHEDULED
2026-09-28T00:23:40.817615+00:00,1288037,088,619,19,0,1790556509,,,SCHEDULED
2026-09-28T00:23:40.817615+00:00,1288037,088,620,20,0,1790556527,,,SCHEDULED
2026-09-28T00:23:40.817615+00:00,1288037,088,621,21,0,1790556572,,,SCHEDULED
2026-09-28T00:23:40.817615+00:00,1288037,088,622,22,0,1790556619,,,SCHEDULED
2026-09-28T00:23:40.817615+00:00,1288037,088,623,23,0,1790556642,,,SCHEDULED
2026-09-28T00:23:40.817615+00:00,1288037,088,624,24,0,1790556648,,,SCHEDULED
2026-09-28T00:23:40.817615+00:00,1288037,088,625,25,0,1790556657,,,SCHEDULED
2026-09-28T00:23:40.817615+00:00,1288037,088,626,26,0,1790556665,,,SCHEDULED
2026-09-28T00:23:40.817615+00:00,1288037,088,5271,27,0,1790556690,,,SCHEDULED
2026-09-28T00:23:40.817615+00:00,1286131,051,1858,48,0,1790555027,,,SCHEDULED
2026-09-28T00:23:40.817615+00:00,1286131,051,1859,49,0,1790555064,,,SCHEDULED
2026-09-28T00:23:40.817615+00:00,1286131,051,1860,50,0,1790555136,,,SCHEDULED
2026-09-28T00:23:40.817615+00:00,1286131,051,1861,51,0,1790555214,,,SCHEDULED
2026-09-28T00:23:40.817615+00:00,1286131,051,2020,52,0,1790555247,,,SCHEDULED
2026-09-28T00:23:40.817615+00:00,1286131,051,2021,53,0,1790555358,,,SCHEDULED
2026-09-28T00:23:40.817615+00:00,1286131,051,3130,54,0,1790555409,,,SCHEDULED
2026-09-28T00:23:40.817615+00:00,1285121,021,3027,17,0,1790555092,,,SCHEDULED
2026-09-28T00:23:40.817615+00:00,1285121,021,3028,18,0,1790555148,,,SCHEDULED
2026-09-28T00:23:40.817615+00:00,1285121,021,2795,19,0,1790555239,,,SCHEDULED
2026-09-28T00:23:40.817615+00:00,1285121,021,2796,20,0,1790555279,,,SCHEDULED
2026-09-28T00:23:40.817615+00:00,1285121,021,2797,21,0,1790555345,,,SCHEDULED
2026-09-28T00:23:40.817615+00:00,1285121,021,2798,22,0,1790555473,,,SCHEDULED
2026-09-28T00:23:40.817615+00:00,1285121,021,2799,23,0,1790555493,,,SCHEDULED
2026-09-28T00:23:40.817615+00:00,1285121,021,2800,24,0,1790555533,,,SCHEDULED
2026-09-28T00:23:40.817615+00:00,1285121,021,2801,25,0,1790555790,,,SCHEDULED
2026-09-28T00:23:40.817615+00:00,1285121,021,2802,26,0,1790555844,,,SCHEDULED
2026-09-28T00:23:40.817615+00:00,1285121,021,2803,27,0,1790555880,,,SCHEDULED
2026-09-28T00:23:40.817615+00:00,1285121,021,2804,28,0,1790555900,,,SCHEDULED
2026-09-28T00:23:40.817615+00:00,1285121,021,2805,29,0,1790555948,,,SCHEDULED
2026-09-28T00:23:40.817615+00:00,1285121,021,2806,30,0,1790555986,,,SCHEDULED
2026-09-28T00:23:40.817615+00:00,1285121,021,2807,31,0,1790556042,,,SCHEDULED
2026-09-28T00:23:40.817615+00:00,1285121,021,1184,32,0,1790556115,,,SCHEDULED
2026-09-28T00:23:40.817615+00:00,1285121,021,3301,33,0,1790556165,,,SCHEDULED
2026-09-28T00:23:40.817615+00:00,1285121,021,2807,34,0,1790556199,,,SCHEDULED
2026-09-28T00:23:40.817615+00:00,1285121,021,2808,35,0,1790556281,,,SCHEDULED
2026-09-28T00:23:40.817615+00:00,1285121,021,2809,36,0,1790556324,,,SCHEDULED
2026-09-28T00:23:40.817615+00:00,1285121,021,2810,37,0,1790556348,,,SCHEDULED
2026-09-28T00:23:40.817615+00:00,1285121,021,2811,38,0,1790556362,,,SCHEDULED
2026-09-28T00:23:40.817615+00:00,1285121,021,2812,39,0,1790556412,,,SCHEDULED
2026-09-28T00:23:40.817615+00:00,1285121,021,2813,40,0,1790556503,,,SCHEDULED
2026-09-28T00:23:40.817615+00:00,1285121,021,2814,41,0,1790556568,,,SCHEDULED
2026-09-28T00:23:40.817615+00:00,1285121,021,3385,42,0,1790556645,,,SCHEDULED
2026-09-28T00:23:40.817615+00:00,1285121,021,3386,43,0,1790556687,,,SCHEDULED
2026-09-28T00:23:40.817615+00:00,1285121,021,3387,44,0,1790556751,,,SCHEDULED
2026-09-28T00:23:40.817615+00:00,1285121,021,3388,45,0,1790556805,,,SCHEDULED
2026-09-28T00:23:40.817615+00:00,1285401,025,1263,3,0,1790555130,,,SCHEDULED
2026-09-28T00:23:40.817615+00:00,1285401,025,1264,4,0,1790555200,,,SCHEDULED
2026-09-28T00:23:40.817615+00:00,1285401,025,1265,5,0,1790555278,,,SCHEDULED
2026-09-28T00:23:40.817615+00:00,1285401,025,1266,6,0,1790555317,,,SCHEDULED
2026-09-28T00:23:40.817615+00:00,1285401,025,1267,7,0,1790555420,,,SCHEDULED
2026-09-28T00:23:40.817615+00:00,1285401,025,1268,8,0,1790555543,,,SCHEDULED
2026-09-28T00:23:40.817615+00:00,1285401,025,1269,9,0,1790555564,,,SCHEDULED
2026-09-28T00:23:40.817615+00:00,1285401,025,1270,10,0,1790555636,,,SCHEDULED
2026-09-28T00:23:40.817615+00:00,1285401,025,1271,11,0,1790555702,,,SCHEDULED
2026-09-28T00:23:40.817615+00:00,1285401,025,1272,12,0,1790555752,,,SCHEDULED
2026-09-28T00:23:40.817615+00:00,1285401,025,1273,13,0,1790555789,,,SCHEDULED
2026-09-28T00:23:40.817615+00:00,1285401,025,1274,14,0,1790555834,,,SCHEDULED
2026-09-28T00:23:40.817615+00:00,1285401,025,1275,15,0,1790555926,,,SCHEDULED
2026-09-28T00:23:40.817615+00:00,1285401,025,1276,16,0,1790555959,,,SCHEDULED
2026-09-28T00:23:40.817615+00:00,1285401,025,1277,17,0,1790556010,,,SCHEDULED
2026-09-28T00:23:40.817615+00:00,1285401,025,1278,18,0,1790556045,,,SCHEDULED
2026-09-28T00:23:40.817615+00:00,1285401,025,1279,19,0,1790556120,,,SCHEDULED
2026-09-28T00:23:40.817615+00:00,1285401,025,1280,20,0,1790556163,,,SCHEDULED
2026-09-28T00:23:40.817615+00:00,1285401,025,1281,21,0,1790556193,,,SCHEDULED
2026-09-28T00:23:40.817615+00:00,1285401,025,1282,22,0,1790556216,,,SCHEDULED
2026-09-28T00:23:40.817615+00:00,1285401,025,1481,23,0,1790556331,,,SCHEDULED
2026-09-28T00:23:40.817615+00:00,1285401,025,1482,24,0,1790556365,,,SCHEDULED
2026-09-28T00:23:40.817615+00:00,1285401,025,1483,25,0,1790556397,,,SCHEDULED
2026-09-28T00:23:40.817615+00:00,1285401,025,1484,26,0,1790556438,,,SCHEDULED
2026-09-28T00:23:40.817615+00:00,1285401,025,1485,27,0,1790556462,,,SCHEDULED
2026-09-28T00:23:40.817615+00:00,1285401,025,1486,28,0,1790556476,,,SCHEDULED
2026-09-28T00:23:40.817615+00:00,1285401,025,3614,29,0,1790556558,,,SCHEDULED
2026-09-28T00:23:40.817615+00:00,1285401,025,3615,30,0,1790556649,,,SCHEDULED
2026-09-28T00:23:40.817615+00:00,1285401,025,3616,31,0,1790556698,,,SCHEDULED
2026-09-28T00:23:40.817615+00:00,1285401,025,3617,32,0,1790556805,,,SCHEDULED
2026-09-28T00:23:40.817615+00:00,1287345,081,290,1,,,0,1790556358,SCHEDULED
2026-09-28T00:23:40.817615+00:00,1287345,081,1600,2,0,1790556422,,,SCHEDULED
2026-09-28T00:23:40.817615+00:00,1287345,081,1602,3,0,1790556573,,,SCHEDULED
2026-09-28T00:23:40.817615+00:00,1287345,081,1603,4,0,1790556604,,,SCHEDULED
2026-09-28T00:23:40.817615+00:00,1287345,081,1604,5,0,1790556663,,,SCHEDULED
2026-09-28T00:23:40.817615+00:00,1287345,081,1605,6,0,1790556670,,,SCHEDULED
2026-09-28T00:23:40.817615+00:00,1287345,081,1606,7,0,1790556679,,,SCHEDULED
2026-09-28T00:23:40.817615+00:00,1287345,081,1607,8,0,1790556810,,,SCHEDULED
2026-09-28T00:23:40.817615+00:00,1284355,010,11122,14,0,1790554854,,,SCHEDULED
2026-09-28T00:23:40.817615+00:00,1284355,010,11123,15,0,1790554918,,,SCHEDULED
2026-09-28T00:23:40.817615+00:00,1284355,010,11199,16,0,1790554957,,,SCHEDULED
2026-09-28T00:23:40.817615+00:00,1284355,010,11091,17,0,1790555020,,,SCHEDULED
2026-09-28T00:23:40.817615+00:00,1284355,010,11125,18,0,1790555152,,,SCHEDULED
2026-09-28T00:23:40.817615+00:00,1284355,010,11157,19,0,1790555204,,,SCHEDULED
2026-09-28T00:23:40.817615+00:00,1284355,010,11033,20,0,1790555264,,,SCHEDULED
2026-09-28T00:23:40.817615+00:00,1284355,010,11133,21,0,1790555619,,,SCHEDULED
2026-09-28T00:23:40.817615+00:00,1284355,010,11134,22,0,1790555640,,,SCHEDULED
2026-09-28T00:23:40.817615+00:00,1284355,010,11136,23,0,1790555733,,,SCHEDULED
2026-09-28T00:23:40.817615+00:00,1284355,010,11137,24,0,1790555764,,,SCHEDULED
2026-09-28T00:23:40.817615+00:00,1284355,010,11138,25,0,1790555785,,,SCHEDULED
2026-09-28T00:23:40.817615+00:00,1284355,010,11139,26,0,1790555798,,,SCHEDULED
2026-09-28T00:23:40.817615+00:00,1284355,010,11140,27,0,1790555837,,,SCHEDULED
2026-09-28T00:23:40.817615+00:00,1284355,010,11201,28,0,1790556009,,,SCHEDULED
2026-09-28T00:23:40.817615+00:00,1284355,010,11010,29,0,1790556057,,,SCHEDULED
2026-09-28T00:23:40.817615+00:00,1284355,010,11143,30,0,1790556112,,,SCHEDULED
2026-09-28T00:23:40.817615+00:00,1284355,010,11203,31,0,1790556165,,,SCHEDULED
2026-09-28T00:23:40.817615+00:00,1287148,078,336,1,,,0,1790556360,SCHEDULED
2026-09-28T00:23:40.817615+00:00,1287148,078,2739,2,0,1790556455,,,SCHEDULED
2026-09-28T00:23:40.817615+00:00,1287148,078,2740,3,0,1790556505,,,SCHEDULED
2026-09-28T00:23:40.817615+00:00,1287148,078,2741,4,0,1790556564,,,SCHEDULED
2026-09-28T00:23:40.817615+00:00,1287148,078,2742,5,0,1790556609,,,SCHEDULED
2026-09-28T00:23:40.817615+00:00,1287148,078,2743,6,0,1790556654,,,SCHEDULED
2026-09-28T00:23:40.817615+00:00,1287148,078,2744,7,0,1790556751,,,SCHEDULED
2026-09-28T00:23:40.817615+00:00,1287148,078,2745,8,0,1790556781,,,SCHEDULED
2026-09-28T00:23:40.817615+00:00,1287346,081,2319,23,0,1790555019,,,SCHEDULED
2026-09-28T00:23:40.817615+00:00,1287346,081,2320,24,0,1790555055,,,SCHEDULED
2026-09-28T00:23:40.817615+00:00,1287346,081,2321,25,0,1790555118,,,SCHEDULED
2026-09-28T00:23:40.817615+00:00,1287346,081,2322,26,0,1790555145,,,SCHEDULED
2026-09-28T00:23:40.817615+00:00,1287346,081,2323,27,0,1790555160,,,SCHEDULED
2026-09-28T00:23:40.817615+00:00,1287346,081,2324,28,0,1790555205,,,SCHEDULED
2026-09-28T00:23:40.817615+00:00,1287346,081,2325,29,0,1790555259,,,SCHEDULED
2026-09-28T00:23:40.817615+00:00,1287346,081,2326,30,0,1790555273,,,SCHEDULED
2026-09-28T00:23:40.817615+00:00,1287346,081,2328,31,0,1790555377,,,SCHEDULED
2026-09-28T00:23:40.817615+00:00,1287346,081,2329,32,0,1790555434,,,SCHEDULED
2026-09-28T00:23:40.817615+00:00,1287346,081,2330,33,0,1790555466,,,SCHEDULED
2026-09-28T00:23:40.817615+00:00,1287346,081,4811,34,0,1790555740,,,SCHEDULED
2026-09-28T00:23:40.817615+00:00,1287346,081,4810,35,0,1790555762,,,SCHEDULED
2026-09-28T00:23:40.817615+00:00,1285524,026,3072,21,0,1790554811,,,SCHEDULED
2026-09-28T00:23:40.817615+00:00,1285524,026,9801,22,0,1790555036,,,SCHEDULED
2026-09-28T00:23:40.817615+00:00,1285524,026,3073,23,0,1790555076,,,SCHEDULED
2026-09-28T00:23:40.817615+00:00,1285524,026,1518,24,0,1790555202,,,SCHEDULED
2026-09-28T00:23:40.817615+00:00,1285524,026,1519,25,0,1790555233,,,SCHEDULED
2026-09-28T00:23:40.817615+00:00,1285524,026,1520,26,0,1790555334,,,SCHEDULED
2026-09-28T00:23:40.817615+00:00,1285524,026,1521,27,0,1790555418,,,SCHEDULED
2026-09-28T00:23:40.817615+00:00,1285524,026,1522,28,0,1790555458,,,SCHEDULED
2026-09-28T00:23:40.817615+00:00,1285524,026,1523,29,0,1790555521,,,SCHEDULED
2026-09-28T00:23:40.817615+00:00,1285524,026,1524,30,0,1790555589,,,SCHEDULED
2026-09-28T00:23:40.817615+00:00,1285524,026,1525,31,0,1790555660,,,SCHEDULED
2026-09-28T00:23:40.817615+00:00,1285524,026,1526,32,0,1790555702,,,SCHEDULED
2026-09-28T00:23:40.817615+00:00,1285524,026,1527,33,0,1790555784,,,SCHEDULED
2026-09-28T00:23:40.817615+00:00,1285524,026,1528,34,0,1790555853,,,SCHEDULED
2026-09-28T00:23:40.817615+00:00,1285524,026,1529,35,0,1790555942,,,SCHEDULED
2026-09-28T00:23:40.817615+00:00,1285524,026,1530,36,0,1790555993,,,SCHEDULED
2026-09-28T00:23:40.817615+00:00,1285524,026,1531,37,0,1790556049,,,SCHEDULED
2026-09-28T00:23:40.817615+00:00,1285524,026,1532,38,0,1790556086,,,SCHEDULED
2026-09-28T00:23:40.817615+00:00,1285524,026,1533,39,0,1790556180,,,SCHEDULED
2026-09-28T00:23:40.817615+00:00,1285524,026,1534,40,0,1790556231,,,SCHEDULED
2026-09-28T00:23:40.817615+00:00,1285524,026,1535,41,0,1790556280,,,SCHEDULED
2026-09-28T00:23:40.817615+00:00,1285524,026,1536,42,0,1790556317,,,SCHEDULED
2026-09-28T00:23:40.817615+00:00,1285524,026,1537,43,0,1790556428,,,SCHEDULED
2026-09-28T00:23:40.817615+00:00,1285524,026,1538,44,0,1790556469,,,SCHEDULED
2026-09-28T00:23:40.817615+00:00,1285524,026,1539,45,0,1790556506,,,SCHEDULED
2026-09-28T00:23:40.817615+00:00,1285524,026,1540,46,0,1790556527,,,SCHEDULED
2026-09-28T00:23:40.817615+00:00,1285524,026,1542,47,0,1790556669,,,SCHEDULED
2026-09-28T00:23:40.817615+00:00,1287624,084,1155,18,0,1790554873,,,SCHEDULED
2026-09-28T00:23:40.817615+00:00,1287624,084,1156,19,0,1790554927,,,SCHEDULED
2026-09-28T00:23:40.817615+00:00,1287624,084,1674,20,0,1790554960,,,SCHEDULED
2026-09-28T00:23:40.817615+00:00,1287624,084,1675,21,0,1790555037,,,SCHEDULED
2026-09-28T00:23:40.817615+00:00,1287624,084,1677,22,0,1790555075,,,SCHEDULED
2026-09-28T00:23:40.817615+00:00,1287624,084,1127,23,0,1790555123,,,SCHEDULED
2026-09-28T00:23:40.817615+00:00,1287624,084,1128,24,0,1790555160,,,SCHEDULED
2026-09-28T00:23:40.817615+00:00,1287624,084,1129,25,0,1790555208,,,SCHEDULED
2026-09-28T00:23:40.817615+00:00,1287624,084,1130,26,0,1790555278,,,SCHEDULED
2026-09-28T00:23:40.817615+00:00,1287624,084,1131,27,0,1790555310,,,SCHEDULED
2026-09-28T00:23:40.817615+00:00,1287624,084,3089,28,0,1790555401,,,SCHEDULED
2026-09-28T00:23:40.817615+00:00,1287624,084,3090,29,0,1790555497,,,SCHEDULED
2026-09-28T00:23:40.817615+00:00,1287624,084,3091,30,0,1790555568,,,SCHEDULED
2026-09-28T00:23:40.817615+00:00,1287624,084,3092,31,0,1790555672,,,SCHEDULED
2026-09-28T00:23:40.817615+00:00,1287624,084,3093,32,0,1790555705,,,SCHEDULED
2026-09-28T00:23:40.817615+00:00,1287624,084,3094,33,0,1790555723,,,SCHEDULED
2026-09-28T00:23:40.817615+00:00,1287624,084,3095,34,0,1790555794,,,SCHEDULED
2026-09-28T00:23:40.817615+00:00,1287624,084,3096,35,0,1790555857,,,SCHEDULED
2026-09-28T00:23:40.817615+00:00,1287624,084,3097,36,0,1790555991,,,SCHEDULED
2026-09-28T00:23:40.817615+00:00,1287624,084,3098,37,0,1790556077,,,SCHEDULED
2026-09-28T00:23:40.817615+00:00,1287624,084,9800,38,0,1790556126,,,SCHEDULED
2026-09-28T00:23:40.817615+00:00,1287624,084,3099,39,0,1790556434,,,SCHEDULED
2026-09-28T00:23:40.817615+00:00,1287624,084,3100,40,0,1790556441,,,SCHEDULED
2026-09-28T00:23:40.817615+00:00,1287624,084,3101,41,0,1790556474,,,SCHEDULED
2026-09-28T00:23:40.817615+00:00,1287624,084,3102,42,0,1790556527,,,SCHEDULED
2026-09-28T00:23:40.817615+00:00,1287624,084,3103,43,0,1790556568,,,SCHEDULED
2026-09-28T00:23:40.817615+00:00,1287624,084,3104,44,0,1790556587,,,SCHEDULED
2026-09-28T00:23:40.817615+00:00,1287903,087,241,1,,,0,1790555750,SCHEDULED
2026-09-28T00:23:40.817615+00:00,1287903,087,1255,2,0,1790555841,,,SCHEDULED
2026-09-28T00:23:40.817615+00:00,1287903,087,1263,3,0,1790555936,,,SCHEDULED
2026-09-28T00:23:40.817615+00:00,1287903,087,3179,4,0,1790555961,,,SCHEDULED
2026-09-28T00:23:40.817615+00:00,1287903,087,3180,5,0,1790555995,,,SCHEDULED
2026-09-28T00:23:40.817615+00:00,1287903,087,3181,6,0,1790556087,,,SCHEDULED
2026-09-28T00:23:40.817615+00:00,1287903,087,3182,7,0,1790556126,,,SCHEDULED
2026-09-28T00:23:40.817615+00:00,1287903,087,3183,8,0,1790556127,,,SCHEDULED
2026-09-28T00:23:40.817615+00:00,1287903,087,3184,9,0,1790556128,,,SCHEDULED
2026-09-28T00:23:40.817615+00:00,1287903,087,3185,10,0,1790556390,,,SCHEDULED
2026-09-28T00:23:40.817615+00:00,1287903,087,3187,11,0,1790556529,,,SCHEDULED
2026-09-28T00:23:40.817615+00:00,1287903,087,3188,12,0,1790556605,,,SCHEDULED
2026-09-28T00:23:40.817615+00:00,1287903,087,3189,13,0,1790556652,,,SCHEDULED
2026-09-28T00:23:40.817615+00:00,1287903,087,3190,14,0,1790556741,,,SCHEDULED
2026-09-28T00:23:40.817615+00:00,1287903,087,3191,15,0,1790556784,,,SCHEDULED
2026-09-28T00:23:40.817615+00:00,1287903,087,3192,16,0,1790556816,,,SCHEDULED
2026-09-28T00:23:40.817615+00:00,1286936,072,323,1,,,0,1790555251,SCHEDULED
2026-09-28T00:23:40.817615+00:00,1286936,072,4210,2,0,1790555407,,,SCHEDULED
2026-09-28T00:23:40.817615+00:00,1286936,072,4211,3,0,1790555486,,,SCHEDULED
2026-09-28T00:23:40.817615+00:00,1286936,072,4213,4,0,1790555516,,,SCHEDULED
2026-09-28T00:23:40.817615+00:00,1286936,072,4214,5,0,1790555567,,,SCHEDULED
2026-09-28T00:23:40.817615+00:00,1286936,072,4217,6,0,1790555615,,,SCHEDULED
2026-09-28T00:23:40.817615+00:00,1286936,072,5249,7,0,1790555648,,,SCHEDULED
2026-09-28T00:23:40.817615+00:00,1286936,072,4215,8,0,1790555687,,,SCHEDULED
2026-09-28T00:23:40.817615+00:00,1286936,072,4216,9,0,1790555727,,,SCHEDULED
2026-09-28T00:23:40.817615+00:00,1286936,072,2816,10,0,1790555750,,,SCHEDULED
2026-09-28T00:23:40.817615+00:00,1286936,072,2817,11,0,1790555784,,,SCHEDULED
2026-09-28T00:23:40.817615+00:00,1286936,072,2818,12,0,1790555821,,,SCHEDULED
2026-09-28T00:23:40.817615+00:00,1286936,072,2819,13,0,1790555860,,,SCHEDULED
2026-09-28T00:23:40.817615+00:00,1286936,072,2820,14,0,1790555911,,,SCHEDULED
2026-09-28T00:23:40.817615+00:00,1286936,072,2821,15,0,1790555967,,,SCHEDULED
2026-09-28T00:23:40.817615+00:00,1286936,072,2822,16,0,1790555991,,,SCHEDULED
2026-09-28T00:23:40.817615+00:00,1286936,072,2824,17,0,1790556103,,,SCHEDULED
2026-09-28T00:23:40.817615+00:00,1286936,072,2825,18,0,1790556134,,,SCHEDULED
2026-09-28T00:23:40.817615+00:00,1286936,072,2826,19,0,1790556230,,,SCHEDULED
2026-09-28T00:23:40.817615+00:00,1286936,072,3861,20,0,1790556266,,,SCHEDULED
2026-09-28T00:23:40.817615+00:00,1286936,072,3862,21,0,1790556281,,,SCHEDULED
2026-09-28T00:23:40.817615+00:00,1286936,072,3864,22,0,1790556351,,,SCHEDULED
2026-09-28T00:23:40.817615+00:00,1286936,072,3865,23,0,1790556375,,,SCHEDULED
2026-09-28T00:23:40.817615+00:00,1286936,072,496,24,0,1790556447,,,SCHEDULED
2026-09-28T00:23:40.817615+00:00,1286936,072,3866,25,0,1790556484,,,SCHEDULED
2026-09-28T00:23:40.817615+00:00,1286936,072,3867,26,0,1790556492,,,SCHEDULED
2026-09-28T00:23:40.817615+00:00,1286936,072,3868,27,0,1790556499,,,SCHEDULED
2026-09-28T00:23:40.817615+00:00,1286936,072,3869,28,0,1790556566,,,SCHEDULED
2026-09-28T00:23:40.817615+00:00,1286936,072,3870,29,0,1790556609,,,SCHEDULED
2026-09-28T00:23:40.817615+00:00,1286936,072,3871,30,0,1790556664,,,SCHEDULED
2026-09-28T00:23:40.817615+00:00,1286936,072,3872,31,0,1790556711,,,SCHEDULED
2026-09-28T00:23:40.817615+00:00,1284904,015,9807,1,,,0,1790555572,SCHEDULED
2026-09-28T00:23:40.817615+00:00,1284904,015,545,2,0,1790555641,,,SCHEDULED
2026-09-28T00:23:40.817615+00:00,1284904,015,547,3,0,1790555692,,,SCHEDULED
2026-09-28T00:23:40.817615+00:00,1284904,015,548,4,0,1790555719,,,SCHEDULED
2026-09-28T00:23:40.817615+00:00,1284904,015,549,5,0,1790555746,,,SCHEDULED
2026-09-28T00:23:40.817615+00:00,1284904,015,960,6,0,1790555800,,,SCHEDULED
2026-09-28T00:23:40.817615+00:00,1284904,015,961,7,0,1790555825,,,SCHEDULED
2026-09-28T00:23:40.817615+00:00,1284904,015,962,8,0,1790555847,,,SCHEDULED
2026-09-28T00:23:40.817615+00:00,1284904,015,963,9,0,1790555905,,,SCHEDULED
2026-09-28T00:23:40.817615+00:00,1284904,015,964,10,0,1790555951,,,SCHEDULED
2026-09-28T00:23:40.817615+00:00,1284904,015,965,11,0,1790555969,,,SCHEDULED
2026-09-28T00:23:40.817615+00:00,1284904,015,966,12,0,1790556058,,,SCHEDULED
2026-09-28T00:23:40.817615+00:00,1284904,015,967,13,0,1790556078,,,SCHEDULED
2026-09-28T00:23:40.817615+00:00,1284904,015,968,14,0,1790556093,,,SCHEDULED
2026-09-28T00:23:40.817615+00:00,1284904,015,969,15,0,1790556112,,,SCHEDULED
2026-09-28T00:23:40.817615+00:00,1284904,015,836,16,0,1790556199,,,SCHEDULED
2026-09-28T00:23:40.817615+00:00,1284904,015,838,17,0,1790556240,,,SCHEDULED
2026-09-28T00:23:40.817615+00:00,1284904,015,839,18,0,1790556271,,,SCHEDULED
2026-09-28T00:23:40.817615+00:00,1284904,015,840,19,0,1790556300,,,SCHEDULED
2026-09-28T00:23:40.817615+00:00,1284904,015,841,20,0,1790556348,,,SCHEDULED
2026-09-28T00:23:40.817615+00:00,1284904,015,842,21,0,1790556392,,,SCHEDULED
2026-09-28T00:23:40.817615+00:00,1284904,015,843,22,0,1790556428,,,SCHEDULED
2026-09-28T00:23:40.817615+00:00,1284904,015,845,23,0,1790556523,,,SCHEDULED
2026-09-28T00:23:40.817615+00:00,1284904,015,846,24,0,1790556536,,,SCHEDULED
2026-09-28T00:23:40.817615+00:00,1284904,015,847,25,0,1790556571,,,SCHEDULED
2026-09-28T00:23:40.817615+00:00,1284904,015,848,26,0,1790556623,,,SCHEDULED
2026-09-28T00:23:40.817615+00:00,1286130,051,128,12,0,1790555040,,,SCHEDULED
2026-09-28T00:23:40.817615+00:00,1286130,051,227,13,0,1790555166,,,SCHEDULED
2026-09-28T00:23:40.817615+00:00,1286130,051,229,14,0,1790555222,,,SCHEDULED
2026-09-28T00:23:40.817615+00:00,1286130,051,231,15,0,1790555260,,,SCHEDULED
2026-09-28T00:23:40.817615+00:00,1286130,051,232,16,0,1790555310,,,SCHEDULED
2026-09-28T00:23:40.817615+00:00,1286130,051,233,17,0,1790555378,,,SCHEDULED
2026-09-28T00:23:40.817615+00:00,1286130,051,234,18,0,1790555435,,,SCHEDULED
2026-09-28T00:23:40.817615+00:00,1286130,051,235,19,0,1790555457,,,SCHEDULED
2026-09-28T00:23:40.817615+00:00,1286130,051,236,20,0,1790555548,,,SCHEDULED
2026-09-28T00:23:40.817615+00:00,1286130,051,1927,21,0,1790555596,,,SCHEDULED
2026-09-28T00:23:40.817615+00:00,1286130,051,1930,22,0,1790555689,,,SCHEDULED
2026-09-28T00:23:40.817615+00:00,1286130,051,1931,23,0,1790555745,,,SCHEDULED
2026-09-28T00:23:40.817615+00:00,1286130,051,1949,24,0,1790555779,,,SCHEDULED
2026-09-28T00:23:40.817615+00:00,1286130,051,1932,25,0,1790555802,,,SCHEDULED
2026-09-28T00:23:40.817615+00:00,1286130,051,1936,26,0,1790555867,,,SCHEDULED
2026-09-28T00:23:40.817615+00:00,1286130,051,1937,27,0,1790555887,,,SCHEDULED
2026-09-28T00:23:40.817615+00:00,1286130,051,1938,28,0,1790555891,,,SCHEDULED
2026-09-28T00:23:40.817615+00:00,1286130,051,1939,29,0,1790555898,,,SCHEDULED
2026-09-28T00:23:40.817615+00:00,1286130,051,1839,30,0,1790555917,,,SCHEDULED
2026-09-28T00:23:40.817615+00:00,1286130,051,1841,31,0,1790556084,,,SCHEDULED
2026-09-28T00:23:40.817615+00:00,1286130,051,1842,32,0,1790556112,,,SCHEDULED
2026-09-28T00:23:40.817615+00:00,1286130,051,1843,33,0,1790556149,,,SCHEDULED
2026-09-28T00:23:40.817615+00:00,1286130,051,1844,34,0,1790556223,,,SCHEDULED
2026-09-28T00:23:40.817615+00:00,1286130,051,1845,35,0,1790556242,,,SCHEDULED
2026-09-28T00:23:40.817615+00:00,1286130,051,1846,36,0,1790556287,,,SCHEDULED
2026-09-28T00:23:40.817615+00:00,1286130,051,1847,37,0,1790556309,,,SCHEDULED
2026-09-28T00:23:40.817615+00:00,1286130,051,1848,38,0,1790556344,,,SCHEDULED
2026-09-28T00:23:40.817615+00:00,1286130,051,1849,39,0,1790556406,,,SCHEDULED
2026-09-28T00:23:40.817615+00:00,1286130,051,1850,40,0,1790556470,,,SCHEDULED
2026-09-28T00:23:40.817615+00:00,1286130,051,1851,41,0,1790556578,,,SCHEDULED
2026-09-28T00:23:40.817615+00:00,1286130,051,1852,42,0,1790556620,,,SCHEDULED
2026-09-28T00:23:40.817615+00:00,1286130,051,1853,43,0,1790556663,,,SCHEDULED
2026-09-28T00:23:40.817615+00:00,1286130,051,1854,44,0,1790556689,,,SCHEDULED
2026-09-28T00:23:40.817615+00:00,1286130,051,1855,45,0,1790556756,,,SCHEDULED
2026-09-28T00:23:40.817615+00:00,1286130,051,1856,46,0,1790556804,,,SCHEDULED
2026-09-28T00:23:40.817615+00:00,1288151,093,1069,1,,,0,1790556081,SCHEDULED
2026-09-28T00:23:40.817615+00:00,1288151,093,3332,2,0,1790556109,,,SCHEDULED
2026-09-28T00:23:40.817615+00:00,1288151,093,3333,3,0,1790556170,,,SCHEDULED
2026-09-28T00:23:40.817615+00:00,1288151,093,3334,4,0,1790556201,,,SCHEDULED
2026-09-28T00:23:40.817615+00:00,1288151,093,3335,5,0,1790556245,,,SCHEDULED
2026-09-28T00:23:40.817615+00:00,1288151,093,4655,6,0,1790556294,,,SCHEDULED
2026-09-28T00:23:40.817615+00:00,1288151,093,875,7,0,1790556402,,,SCHEDULED
2026-09-28T00:23:40.817615+00:00,1288151,093,5369,8,0,1790556459,,,SCHEDULED
2026-09-28T00:23:40.817615+00:00,1288151,093,4720,9,0,1790556651,,,SCHEDULED
2026-09-28T00:23:40.817615+00:00,1288151,093,4721,10,0,1790556707,,,SCHEDULED
2026-09-28T00:23:40.817615+00:00,1288151,093,4743,11,0,1790556792,,,SCHEDULED
2026-09-28T00:23:40.817615+00:00,1286094,051,1884,2,0,1790555099,,,SCHEDULED
2026-09-28T00:23:40.817615+00:00,1286094,051,1885,3,0,1790555141,,,SCHEDULED
2026-09-28T00:23:40.817615+00:00,1286094,051,1887,4,0,1790555226,,,SCHEDULED
2026-09-28T00:23:40.817615+00:00,1286094,051,1888,5,0,1790555251,,,SCHEDULED
2026-09-28T00:23:40.817615+00:00,1286094,051,1889,6,0,1790555308,,,SCHEDULED
2026-09-28T00:23:40.817615+00:00,1286094,051,1890,7,0,1790555364,,,SCHEDULED
2026-09-28T00:23:40.817615+00:00,1286094,051,1891,8,0,1790555406,,,SCHEDULED
2026-09-28T00:23:40.817615+00:00,1286094,051,1892,9,0,1790555500,,,SCHEDULED
2026-09-28T00:23:40.817615+00:00,1286094,051,1893,10,0,1790555540,,,SCHEDULED
2026-09-28T00:23:40.817615+00:00,1286094,051,1894,11,0,1790555573,,,SCHEDULED
2026-09-28T00:23:40.817615+00:00,1286094,051,1895,12,0,1790555661,,,SCHEDULED
2026-09-28T00:23:40.817615+00:00,1286094,051,1896,13,0,1790555699,,,SCHEDULED
2026-09-28T00:23:40.817615+00:00,1286094,051,1898,14,0,1790555730,,,SCHEDULED
2026-09-28T00:23:40.817615+00:00,1286094,051,1899,15,0,1790555778,,,SCHEDULED
2026-09-28T00:23:40.817615+00:00,1286094,051,1901,16,0,1790555824,,,SCHEDULED
2026-09-28T00:23:40.817615+00:00,1286094,051,1902,17,0,1790555853,,,SCHEDULED
2026-09-28T00:23:40.817615+00:00,1286094,051,1904,18,0,1790555926,,,SCHEDULED
2026-09-28T00:23:40.817615+00:00,1286094,051,1905,19,0,1790555980,,,SCHEDULED
2026-09-28T00:23:40.817615+00:00,1286094,051,1906,20,0,1790556022,,,SCHEDULED
2026-09-28T00:23:40.817615+00:00,1286094,051,1907,21,0,1790556065,,,SCHEDULED
2026-09-28T00:23:40.817615+00:00,1286094,051,1908,22,0,1790556096,,,SCHEDULED
2026-09-28T00:23:40.817615+00:00,1286094,051,1911,23,0,1790556177,,,SCHEDULED
2026-09-28T00:23:40.817615+00:00,1286094,051,1913,24,0,1790556261,,,SCHEDULED
2026-09-28T00:23:40.817615+00:00,1286094,051,1914,25,0,1790556311,,,SCHEDULED
2026-09-28T00:23:40.817615+00:00,1286094,051,1915,26,0,1790556362,,,SCHEDULED
2026-09-28T00:23:40.817615+00:00,1286094,051,1916,27,0,1790556409,,,SCHEDULED
2026-09-28T00:23:40.817615+00:00,1286094,051,1917,28,0,1790556452,,,SCHEDULED
2026-09-28T00:23:40.817615+00:00,1286094,051,1918,29,0,1790556506,,,SCHEDULED
2026-09-28T00:23:40.817615+00:00,1286094,051,1919,30,0,1790556546,,,SCHEDULED
2026-09-28T00:23:40.817615+00:00,1286094,051,1920,31,0,1790556566,,,SCHEDULED
2026-09-28T00:23:40.817615+00:00,1286094,051,1921,32,0,1790556593,,,SCHEDULED
2026-09-28T00:23:40.817615+00:00,1286094,051,1922,33,0,1790556627,,,SCHEDULED
2026-09-28T00:23:40.817615+00:00,1286094,051,1923,34,0,1790556650,,,SCHEDULED
2026-09-28T00:23:40.817615+00:00,1286094,051,1924,35,0,1790556694,,,SCHEDULED
2026-09-28T00:23:40.817615+00:00,1286094,051,1925,36,0,1790556738,,,SCHEDULED
2026-09-28T00:23:40.817615+00:00,1286094,051,1926,37,0,1790556782,,,SCHEDULED
2026-09-28T00:23:40.817615+00:00,1286095,051,1924,35,0,1790555047,,,SCHEDULED
2026-09-28T00:23:40.817615+00:00,1286095,051,1925,36,0,1790555091,,,SCHEDULED
2026-09-28T00:23:40.817615+00:00,1286095,051,1926,37,0,1790555135,,,SCHEDULED
2026-09-28T00:23:40.817615+00:00,1286095,051,1940,38,0,1790555164,,,SCHEDULED
2026-09-28T00:23:40.817615+00:00,1286095,051,320,39,0,1790555213,,,SCHEDULED
2026-09-28T00:23:40.817615+00:00,1286095,051,1209,40,0,1790555242,,,SCHEDULED
2026-09-28T00:23:40.817615+00:00,1286095,051,321,41,0,1790555276,,,SCHEDULED
2026-09-28T00:23:40.817615+00:00,1286095,051,322,42,0,1790555335,,,SCHEDULED
2026-09-28T00:23:40.817615+00:00,1286095,051,324,43,0,1790555455,,,SCHEDULED
2026-09-28T00:23:40.817615+00:00,1286095,051,325,44,0,1790555484,,,SCHEDULED
2026-09-28T00:23:40.817615+00:00,1286095,051,327,46,0,1790555544,,,SCHEDULED
2026-09-28T00:23:40.817615+00:00,1286095,051,328,47,0,1790555570,,,SCHEDULED
2026-09-28T00:23:40.817615+00:00,1286095,051,329,48,0,1790555615,,,SCHEDULED
2026-09-28T00:23:40.817615+00:00,1286095,051,330,49,0,1790555699,,,SCHEDULED
2026-09-28T00:23:40.817615+00:00,1286095,051,331,50,0,1790555751,,,SCHEDULED
2026-09-28T00:23:40.817615+00:00,1285693,030,1734,21,0,1790554920,,,SCHEDULED
2026-09-28T00:23:40.817615+00:00,1285693,030,1735,22,0,1790554930,,,SCHEDULED
2026-09-28T00:23:40.817615+00:00,1285693,030,1736,23,0,1790554951,,,SCHEDULED
2026-09-28T00:23:40.817615+00:00,1285693,030,1737,24,0,1790554964,,,SCHEDULED
2026-09-28T00:23:40.817615+00:00,1285693,030,1739,25,0,1790554996,,,SCHEDULED
2026-09-28T00:23:40.817615+00:00,1286423,061,2289,25,0,1790554994,,,SCHEDULED
2026-09-28T00:23:40.817615+00:00,1286423,061,2290,26,0,1790555062,,,SCHEDULED
2026-09-28T00:23:40.817615+00:00,1286423,061,2291,27,0,1790555124,,,SCHEDULED
2026-09-28T00:23:40.817615+00:00,1286423,061,2292,28,0,1790555197,,,SCHEDULED
2026-09-28T00:23:40.817615+00:00,1286423,061,2293,29,0,1790555247,,,SCHEDULED
2026-09-28T00:23:40.817615+00:00,1286423,061,2294,30,0,1790555288,,,SCHEDULED
2026-09-28T00:23:40.817615+00:00,1286423,061,2295,31,0,1790555353,,,SCHEDULED
2026-09-28T00:23:40.817615+00:00,1286423,061,2296,32,0,1790555385,,,SCHEDULED
2026-09-28T00:23:40.817615+00:00,1286423,061,2297,33,0,1790555411,,,SCHEDULED
2026-09-28T00:23:40.817615+00:00,1286423,061,2298,34,0,1790555515,,,SCHEDULED
2026-09-28T00:23:40.817615+00:00,1286423,061,2299,35,0,1790555597,,,SCHEDULED
2026-09-28T00:23:40.817615+00:00,1286423,061,2300,36,0,1790555618,,,SCHEDULED
2026-09-28T00:23:40.817615+00:00,1286423,061,2301,37,0,1790555643,,,SCHEDULED
2026-09-28T00:23:40.817615+00:00,1286423,061,2302,38,0,1790555673,,,SCHEDULED
2026-09-28T00:23:40.817615+00:00,1286423,061,2303,39,0,1790555721,,,SCHEDULED
2026-09-28T00:23:40.817615+00:00,1286423,061,2304,40,0,1790555739,,,SCHEDULED
2026-09-28T00:23:40.817615+00:00,1286423,061,2305,41,0,1790555779,,,SCHEDULED
2026-09-28T00:23:40.817615+00:00,1286423,061,2306,42,0,1790555810,,,SCHEDULED
2026-09-28T00:23:40.817615+00:00,1286423,061,2307,43,0,1790555835,,,SCHEDULED
2026-09-28T00:23:40.817615+00:00,1286423,061,2308,44,0,1790555865,,,SCHEDULED
2026-09-28T00:23:40.817615+00:00,1286423,061,2309,45,0,1790555918,,,SCHEDULED
2026-09-28T00:23:40.817615+00:00,1286423,061,1999,46,0,1790555934,,,SCHEDULED
2026-09-28T00:23:40.817615+00:00,1286423,061,1998,47,0,1790555973,,,SCHEDULED
2026-09-28T00:23:40.817615+00:00,1286423,061,2001,48,0,1790555999,,,SCHEDULED
2026-09-28T00:23:40.817615+00:00,1286423,061,2002,49,0,1790556017,,,SCHEDULED
2026-09-28T00:23:40.817615+00:00,1286423,061,2003,50,0,1790556043,,,SCHEDULED
2026-09-28T00:23:40.817615+00:00,1286423,061,2004,51,0,1790556078,,,SCHEDULED
2026-09-28T00:23:40.817615+00:00,1286423,061,2005,52,0,1790556104,,,SCHEDULED
2026-09-28T00:23:40.817615+00:00,1286423,061,2006,53,0,1790556126,,,SCHEDULED
2026-09-28T00:23:40.817615+00:00,1286423,061,2007,54,0,1790556155,,,SCHEDULED
2026-09-28T00:23:40.817615+00:00,1286423,061,2008,55,0,1790556171,,,SCHEDULED
2026-09-28T00:23:40.817615+00:00,1286423,061,2010,56,0,1790556221,,,SCHEDULED
2026-09-28T00:23:40.817615+00:00,1286423,061,2011,57,0,1790556396,,,SCHEDULED
2026-09-28T00:23:40.817615+00:00,1286423,061,2012,58,0,1790556432,,,SCHEDULED
2026-09-28T00:23:40.817615+00:00,1286423,061,2013,59,0,1790556461,,,SCHEDULED
2026-09-28T00:23:40.817615+00:00,1286423,061,2014,60,0,1790556501,,,SCHEDULED
2026-09-28T00:23:40.817615+00:00,1286423,061,2015,61,0,1790556566,,,SCHEDULED
2026-09-28T00:23:40.817615+00:00,1286423,061,2016,62,0,1790556596,,,SCHEDULED
2026-09-28T00:23:40.817615+00:00,1286423,061,2020,63,0,1790556659,,,SCHEDULED
2026-09-28T00:23:40.817615+00:00,1287479,082,275,41,0,1790555096,,,SCHEDULED
2026-09-28T00:23:40.817615+00:00,1287479,082,276,42,0,1790555326,,,SCHEDULED
2026-09-28T00:23:40.817615+00:00,1284763,013,1157,9,0,1790555058,,,SCHEDULED
2026-09-28T00:23:40.817615+00:00,1284763,013,1158,10,0,1790555099,,,SCHEDULED
2026-09-28T00:23:40.817615+00:00,1284763,013,1159,11,0,1790555172,,,SCHEDULED
2026-09-28T00:23:40.817615+00:00,1284763,013,1160,12,0,1790555226,,,SCHEDULED
2026-09-28T00:23:40.817615+00:00,1284763,013,1161,13,0,1790555315,,,SCHEDULED
2026-09-28T00:23:40.817615+00:00,1284763,013,1162,14,0,1790555418,,,SCHEDULED
2026-09-28T00:23:40.817615+00:00,1284763,013,1163,15,0,1790555510,,,SCHEDULED
2026-09-28T00:23:40.817615+00:00,1284763,013,1164,16,0,1790555689,,,SCHEDULED
2026-09-28T00:23:40.817615+00:00,1284763,013,1165,17,0,1790556038,,,SCHEDULED
2026-09-28T00:23:40.817615+00:00,1284763,013,1166,18,0,1790556080,,,SCHEDULED
2026-09-28T00:23:40.817615+00:00,1284763,013,1167,19,0,1790556095,,,SCHEDULED
2026-09-28T00:23:40.817615+00:00,1284763,013,1168,20,0,1790556122,,,SCHEDULED
2026-09-28T00:23:40.817615+00:00,1284763,013,284,21,0,1790556235,,,SCHEDULED
2026-09-28T00:23:40.817615+00:00,1284763,013,9807,22,0,1790556266,,,SCHEDULED
2026-09-28T00:23:40.817615+00:00,1284763,013,284,23,0,1790556376,,,SCHEDULED
2026-09-28T00:23:40.817615+00:00,1284763,013,1635,24,0,1790556542,,,SCHEDULED
2026-09-28T00:23:40.817615+00:00,1284763,013,4750,25,0,1790556620,,,SCHEDULED
2026-09-28T00:23:40.817615+00:00,1284763,013,3980,26,0,1790556724,,,SCHEDULED
2026-09-28T00:23:40.817615+00:00,1284763,013,3979,27,0,1790556808,,,SCHEDULED
2026-09-28T00:23:40.817615+00:00,1285258,023,1184,1,,,0,1790556586,SCHEDULED
2026-09-28T00:23:40.817615+00:00,1285258,023,3301,2,0,1790556598,,,SCHEDULED
2026-09-28T00:23:40.817615+00:00,1285258,023,1187,3,0,1790556627,,,SCHEDULED
2026-09-28T00:23:40.817615+00:00,1285258,023,1188,4,0,1790556680,,,SCHEDULED
2026-09-28T00:23:40.817615+00:00,1287752,086,241,1,,,0,1790556292,SCHEDULED
2026-09-28T00:23:40.817615+00:00,1287752,086,558,2,0,1790556411,,,SCHEDULED
2026-09-28T00:23:40.817615+00:00,1287752,086,559,3,0,1790556458,,,SCHEDULED
2026-09-28T00:23:40.817615+00:00,1287752,086,560,4,0,1790556505,,,SCHEDULED
2026-09-28T00:23:40.817615+00:00,1287752,086,561,5,0,1790556523,,,SCHEDULED
2026-09-28T00:23:40.817615+00:00,1287752,086,562,6,0,1790556566,,,SCHEDULED
2026-09-28T00:23:40.817615+00:00,1287752,086,849,7,0,1790556623,,,SCHEDULED
2026-09-28T00:23:40.817615+00:00,1287752,086,850,8,0,1790556648,,,SCHEDULED
2026-09-28T00:23:40.817615+00:00,1287752,086,851,9,0,1790556720,,,SCHEDULED
2026-09-28T00:23:40.817615+00:00,1287752,086,852,10,0,1790556742,,,SCHEDULED
2026-09-28T00:23:40.817615+00:00,1287752,086,853,11,0,1790556763,,,SCHEDULED
2026-09-28T00:23:40.817615+00:00,1287752,086,854,12,0,1790556792,,,SCHEDULED
2026-09-28T00:23:40.817615+00:00,1287752,086,855,13,0,1790556814,,,SCHEDULED
2026-09-28T00:23:40.817615+00:00,1287357,081,1607,8,0,1790555023,,,SCHEDULED
2026-09-28T00:23:40.817615+00:00,1287357,081,1608,9,0,1790555113,,,SCHEDULED
2026-09-28T00:23:40.817615+00:00,1287357,081,1609,10,0,1790555149,,,SCHEDULED
2026-09-28T00:23:40.817615+00:00,1287357,081,1610,11,0,1790555231,,,SCHEDULED
2026-09-28T00:23:40.817615+00:00,1287357,081,1611,12,0,1790555283,,,SCHEDULED
2026-09-28T00:23:40.817615+00:00,1287357,081,1612,13,0,1790555357,,,SCHEDULED
2026-09-28T00:23:40.817615+00:00,1287357,081,1613,14,0,1790555676,,,SCHEDULED
2026-09-28T00:23:40.817615+00:00,1287357,081,2311,15,0,1790555757,,,SCHEDULED
2026-09-28T00:23:40.817615+00:00,1287357,081,2312,16,0,1790555995,,,SCHEDULED
2026-09-28T00:23:40.817615+00:00,1287357,081,2313,17,0,1790556085,,,SCHEDULED
2026-09-28T00:23:40.817615+00:00,1287357,081,2314,18,0,1790556199,,,SCHEDULED
2026-09-28T00:23:40.817615+00:00,1287357,081,2315,19,0,1790556275,,,SCHEDULED
2026-09-28T00:23:40.817615+00:00,1287357,081,5203,20,0,1790556415,,,SCHEDULED
2026-09-28T00:23:40.817615+00:00,1287357,081,2317,21,0,1790556611,,,SCHEDULED
2026-09-28T00:23:40.817615+00:00,1287357,081,2318,22,0,1790556650,,,SCHEDULED
2026-09-28T00:23:40.817615+00:00,1287357,081,2319,23,0,1790556702,,,SCHEDULED
2026-09-28T00:23:40.817615+00:00,1287357,081,2320,24,0,1790556738,,,SCHEDULED
2026-09-28T00:23:40.817615+00:00,1287357,081,2321,25,0,1790556801,,,SCHEDULED
2026-09-28T00:23:40.817615+00:00,1286543,062,2256,8,0,1790555026,,,SCHEDULED
2026-09-28T00:23:40.817615+00:00,1286543,062,2257,9,0,1790555067,,,SCHEDULED
2026-09-28T00:23:40.817615+00:00,1286543,062,2258,10,0,1790555096,,,SCHEDULED
2026-09-28T00:23:40.817615+00:00,1286543,062,2260,11,0,1790555178,,,SCHEDULED
2026-09-28T00:23:40.817615+00:00,1286543,062,2261,12,0,1790555226,,,SCHEDULED
2026-09-28T00:23:40.817615+00:00,1286543,062,2262,13,0,1790555265,,,SCHEDULED
2026-09-28T00:23:40.817615+00:00,1286543,062,2264,14,0,1790555323,,,SCHEDULED
2026-09-28T00:23:40.817615+00:00,1286543,062,380,15,0,1790555493,,,SCHEDULED
2026-09-28T00:23:40.817615+00:00,1286543,062,411,16,0,1790555521,,,SCHEDULED
2026-09-28T00:23:40.817615+00:00,1286543,062,2271,17,0,1790555684,,,SCHEDULED
2026-09-28T00:23:40.817615+00:00,1286543,062,2272,18,0,1790555705,,,SCHEDULED
2026-09-28T00:23:40.817615+00:00,1286543,062,2273,19,0,1790555725,,,SCHEDULED
2026-09-28T00:23:40.817615+00:00,1286543,062,2275,20,0,1790555751,,,SCHEDULED
2026-09-28T00:23:40.817615+00:00,1286543,062,2276,21,0,1790555787,,,SCHEDULED
2026-09-28T00:23:40.817615+00:00,1286543,062,2277,22,0,1790555816,,,SCHEDULED
2026-09-28T00:23:40.817615+00:00,1286543,062,2278,23,0,1790555833,,,SCHEDULED
2026-09-28T00:23:40.817615+00:00,1286543,062,2279,24,0,1790555876,,,SCHEDULED
2026-09-28T00:23:40.817615+00:00,1286543,062,2280,25,0,1790555918,,,SCHEDULED
2026-09-28T00:23:40.817615+00:00,1286543,062,2281,26,0,1790555930,,,SCHEDULED
2026-09-28T00:23:40.817615+00:00,1286543,062,2346,27,0,1790555969,,,SCHEDULED
2026-09-28T00:23:40.817615+00:00,1286543,062,2347,28,0,1790556162,,,SCHEDULED
2026-09-28T00:23:40.817615+00:00,1286543,062,2348,29,0,1790556192,,,SCHEDULED
2026-09-28T00:23:40.817615+00:00,1286543,062,2350,30,0,1790556218,,,SCHEDULED
2026-09-28T00:23:40.817615+00:00,1286543,062,2351,31,0,1790556241,,,SCHEDULED
2026-09-28T00:23:40.817615+00:00,1286543,062,5313,32,0,1790556291,,,SCHEDULED
2026-09-28T00:23:40.817615+00:00,1286543,062,2352,33,0,1790556318,,,SCHEDULED
2026-09-28T00:23:40.817615+00:00,1286543,062,2353,34,0,1790556377,,,SCHEDULED
2026-09-28T00:23:40.817615+00:00,1286543,062,2354,35,0,1790556410,,,SCHEDULED
2026-09-28T00:23:40.817615+00:00,1286543,062,2355,36,0,1790556445,,,SCHEDULED
2026-09-28T00:23:40.817615+00:00,1286543,062,2356,37,0,1790556459,,,SCHEDULED
2026-09-28T00:23:40.817615+00:00,1286543,062,465,38,0,1790556496,,,SCHEDULED
2026-09-28T00:23:40.817615+00:00,1286543,062,466,39,0,1790556521,,,SCHEDULED
2026-09-28T00:23:40.817615+00:00,1286543,062,467,40,0,1790556576,,,SCHEDULED
2026-09-28T00:23:40.817615+00:00,1287753,086,3251,30,0,1790555018,,,SCHEDULED
2026-09-28T00:23:40.817615+00:00,1287753,086,3252,31,0,1790555057,,,SCHEDULED
2026-09-28T00:23:40.817615+00:00,1287753,086,3253,32,0,1790555092,,,SCHEDULED
2026-09-28T00:23:40.817615+00:00,1287753,086,3254,33,0,1790555126,,,SCHEDULED
2026-09-28T00:23:40.817615+00:00,1287753,086,3255,34,0,1790555163,,,SCHEDULED
2026-09-28T00:23:40.817615+00:00,1287753,086,3256,35,0,1790555208,,,SCHEDULED
2026-09-28T00:23:40.817615+00:00,1287753,086,3257,36,0,1790555250,,,SCHEDULED
2026-09-28T00:23:40.817615+00:00,1287753,086,3259,37,0,1790555309,,,SCHEDULED
2026-09-28T00:23:40.817615+00:00,1287753,086,413,38,0,1790555785,,,SCHEDULED
2026-09-28T00:23:40.817615+00:00,1287753,086,414,39,0,1790555859,,,SCHEDULED
2026-09-28T00:23:40.817615+00:00,1287753,086,415,40,0,1790555908,,,SCHEDULED
2026-09-28T00:23:40.817615+00:00,1287753,086,416,41,0,1790555950,,,SCHEDULED
2026-09-28T00:23:40.817615+00:00,1287478,082,665,1,,,0,1790555273,SCHEDULED
2026-09-28T00:23:40.817615+00:00,1287478,082,1447,2,0,1790555453,,,SCHEDULED
2026-09-28T00:23:40.817615+00:00,1287478,082,1448,3,0,1790555481,,,SCHEDULED
2026-09-28T00:23:40.817615+00:00,1287478,082,1449,4,0,1790555502,,,SCHEDULED
2026-09-28T00:23:40.817615+00:00,1287478,082,674,5,0,1790555596,,,SCHEDULED
2026-09-28T00:23:40.817615+00:00,1287478,082,675,6,0,1790555629,,,SCHEDULED
2026-09-28T00:23:40.817615+00:00,1287478,082,676,7,0,1790555663,,,SCHEDULED
2026-09-28T00:23:40.817615+00:00,1287478,082,677,8,0,1790555696,,,SCHEDULED
2026-09-28T00:23:40.817615+00:00,1287478,082,678,9,0,1790555790,,,SCHEDULED
2026-09-28T00:23:40.817615+00:00,1287478,082,679,10,0,1790555899,,,SCHEDULED
2026-09-28T00:23:40.817615+00:00,1287478,082,680,11,0,1790555992,,,SCHEDULED
2026-09-28T00:23:40.817615+00:00,1287478,082,681,12,0,1790556047,,,SCHEDULED
2026-09-28T00:23:40.817615+00:00,1287478,082,3076,13,0,1790556111,,,SCHEDULED
2026-09-28T00:23:40.817615+00:00,1287478,082,3077,14,0,1790556185,,,SCHEDULED
2026-09-28T00:23:40.817615+00:00,1287478,082,3078,15,0,1790556397,,,SCHEDULED
2026-09-28T00:23:40.817615+00:00,1287478,082,3079,16,0,1790556496,,,SCHEDULED
2026-09-28T00:23:40.817615+00:00,1287478,082,3080,17,0,1790556600,,,SCHEDULED
2026-09-28T00:23:40.817615+00:00,1287478,082,1074,18,0,1790556668,,,SCHEDULED
2026-09-28T00:23:40.817615+00:00,1287478,082,1075,19,0,1790556716,,,SCHEDULED
2026-09-28T00:23:40.817615+00:00,1287478,082,1076,20,0,1790556745,,,SCHEDULED
2026-09-28T00:23:40.817615+00:00,1286422,061,4140,1,,,0,1790556540,SCHEDULED
2026-09-28T00:23:40.817615+00:00,1286422,061,4361,2,0,1790556593,,,SCHEDULED
2026-09-28T00:23:40.817615+00:00,1286422,061,4362,3,0,1790556621,,,SCHEDULED
2026-09-28T00:23:40.817615+00:00,1286422,061,4360,4,0,1790556647,,,SCHEDULED
2026-09-28T00:23:40.817615+00:00,1286422,061,4363,5,0,1790556676,,,SCHEDULED
2026-09-28T00:23:40.817615+00:00,1286422,061,4364,6,0,1790556722,,,SCHEDULED
2026-09-28T00:23:40.817615+00:00,1286422,061,4365,7,0,1790556746,,,SCHEDULED
2026-09-28T00:23:40.817615+00:00,1287637,084,1285,1,,,0,1790555907,SCHEDULED
2026-09-28T00:23:40.817615+00:00,1287637,084,1618,2,0,1790555991,,,SCHEDULED
2026-09-28T00:23:40.817615+00:00,1287637,084,1306,3,0,1790556043,,,SCHEDULED
2026-09-28T00:23:40.817615+00:00,1287637,084,1570,4,0,1790556150,,,SCHEDULED
2026-09-28T00:23:40.817615+00:00,1287637,084,1307,5,0,1790556211,,,SCHEDULED
2026-09-28T00:23:40.817615+00:00,1287637,084,4003,6,0,1790556289,,,SCHEDULED
2026-09-28T00:23:40.817615+00:00,1287637,084,4004,7,0,1790556324,,,SCHEDULED
2026-09-28T00:23:40.817615+00:00,1287637,084,4005,8,0,1790556358,,,SCHEDULED
2026-09-28T00:23:40.817615+00:00,1287637,084,4006,9,0,1790556409,,,SCHEDULED
2026-09-28T00:23:40.817615+00:00,1287637,084,4007,10,0,1790556454,,,SCHEDULED
2026-09-28T00:23:40.817615+00:00,1287637,084,3950,11,0,1790556490,,,SCHEDULED
2026-09-28T00:23:40.817615+00:00,1287637,084,3951,12,0,1790556543,,,SCHEDULED
2026-09-28T00:23:40.817615+00:00,1287637,084,3953,13,0,1790556580,,,SCHEDULED
2026-09-28T00:23:40.817615+00:00,1287637,084,3954,14,0,1790556600,,,SCHEDULED
2026-09-28T00:23:40.817615+00:00,1287637,084,3955,15,0,1790556631,,,SCHEDULED
2026-09-28T00:23:40.817615+00:00,1287637,084,3956,16,0,1790556666,,,SCHEDULED
2026-09-28T00:23:40.817615+00:00,1287637,084,3957,17,0,1790556685,,,SCHEDULED
2026-09-28T00:23:40.817615+00:00,1287637,084,3063,18,0,1790556709,,,SCHEDULED
2026-09-28T00:23:40.817615+00:00,1285259,023,5362,16,0,1790555033,,,SCHEDULED
2026-09-28T00:23:40.817615+00:00,1285259,023,5361,17,0,1790555081,,,SCHEDULED
2026-09-28T00:23:40.817615+00:00,1285259,023,1348,18,0,1790555142,,,SCHEDULED
2026-09-28T00:23:40.817615+00:00,1285259,023,1349,19,0,1790555220,,,SCHEDULED
2026-09-28T00:23:40.817615+00:00,1285259,023,1350,20,0,1790555254,,,SCHEDULED
2026-09-28T00:23:40.817615+00:00,1285259,023,1351,21,0,1790555296,,,SCHEDULED
2026-09-28T00:23:40.817615+00:00,1285259,023,1353,22,0,1790555335,,,SCHEDULED
2026-09-28T00:23:40.817615+00:00,1285259,023,1354,23,0,1790555369,,,SCHEDULED
2026-09-28T00:23:40.817615+00:00,1285259,023,1355,24,0,1790555412,,,SCHEDULED
2026-09-28T00:23:40.817615+00:00,1285259,023,1356,25,0,1790555446,,,SCHEDULED
2026-09-28T00:23:40.817615+00:00,1285259,023,1357,26,0,1790555529,,,SCHEDULED
2026-09-28T00:23:40.817615+00:00,1285259,023,1358,27,0,1790555544,,,SCHEDULED
2026-09-28T00:23:40.817615+00:00,1285259,023,1359,28,0,1790555561,,,SCHEDULED
2026-09-28T00:23:40.817615+00:00,1285259,023,1360,29,0,1790555602,,,SCHEDULED
2026-09-28T00:23:40.817615+00:00,1285259,023,1361,30,0,1790556317,,,SCHEDULED
2026-09-28T00:23:40.817615+00:00,1285259,023,1363,31,0,1790556346,,,SCHEDULED
2026-09-28T00:23:40.817615+00:00,1285259,023,1139,32,0,1790556511,,,SCHEDULED
2026-09-28T00:23:40.817615+00:00,1285259,023,1365,33,0,1790556568,,,SCHEDULED
2026-09-28T00:23:40.817615+00:00,1285259,023,1366,34,0,1790556601,,,SCHEDULED
2026-09-28T00:23:40.817615+00:00,1285259,023,1367,35,0,1790556650,,,SCHEDULED
2026-09-28T00:23:40.817615+00:00,1285259,023,1368,36,0,1790556689,,,SCHEDULED
2026-09-28T00:23:40.817615+00:00,1285259,023,1369,37,0,1790556766,,,SCHEDULED
2026-09-28T00:23:40.817615+00:00,1285259,023,1370,38,0,1790556802,,,SCHEDULED
2026-09-28T00:23:40.817615+00:00,1287638,084,3081,46,0,1790555023,,,SCHEDULED
2026-09-28T00:23:40.817615+00:00,1287638,084,3082,47,0,1790555148,,,SCHEDULED
2026-09-28T00:23:40.817615+00:00,1287638,084,3083,48,0,1790555168,,,SCHEDULED
2026-09-28T00:23:40.817615+00:00,1287638,084,3084,49,0,1790555188,,,SCHEDULED
2026-09-28T00:23:40.817615+00:00,1287638,084,3085,50,0,1790555208,,,SCHEDULED
2026-09-28T00:23:40.817615+00:00,1287638,084,3086,51,0,1790555240,,,SCHEDULED
2026-09-28T00:23:40.817615+00:00,1287638,084,3087,52,0,1790555293,,,SCHEDULED
2026-09-28T00:23:40.817615+00:00,1287638,084,3000,53,0,1790555551,,,SCHEDULED
2026-09-28T00:23:40.817615+00:00,1287638,084,3001,54,0,1790555604,,,SCHEDULED
2026-09-28T00:23:40.817615+00:00,1287638,084,3002,55,0,1790555626,,,SCHEDULED
2026-09-28T00:23:40.817615+00:00,1287638,084,3003,56,0,1790555658,,,SCHEDULED
2026-09-28T00:23:40.817615+00:00,1287638,084,3004,57,0,1790555700,,,SCHEDULED
2026-09-28T00:23:40.817615+00:00,1287638,084,3005,58,0,1790555734,,,SCHEDULED
2026-09-28T00:23:40.817615+00:00,1287638,084,3006,59,0,1790555768,,,SCHEDULED
2026-09-28T00:23:40.817615+00:00,1287638,084,3007,60,0,1790555788,,,SCHEDULED
2026-09-28T00:23:40.817615+00:00,1287638,084,2749,61,0,1790555810,,,SCHEDULED
2026-09-28T00:23:40.817615+00:00,1287638,084,2750,62,0,1790555860,,,SCHEDULED
2026-09-28T00:23:40.817615+00:00,1287638,084,2751,63,0,1790555916,,,SCHEDULED
2026-09-28T00:23:40.817615+00:00,1287638,084,2752,64,0,1790555972,,,SCHEDULED
2026-09-28T00:23:40.817615+00:00,1284764,013,8929,40,0,1790555085,,,SCHEDULED
2026-09-28T00:23:40.817615+00:00,1284764,013,8930,41,0,1790555121,,,SCHEDULED
2026-09-28T00:23:40.817615+00:00,1284764,013,543,42,0,1790555159,,,SCHEDULED
2026-09-28T00:23:40.817615+00:00,1284764,013,1731,43,0,1790555222,,,SCHEDULED
2026-09-28T00:23:40.817615+00:00,1284764,013,1680,44,0,1790555251,,,SCHEDULED
2026-09-28T00:23:40.817615+00:00,1284764,013,1364,45,0,1790555315,,,SCHEDULED
2026-09-28T00:23:40.817615+00:00,1287319,081,2180,1,,,0,1790556530,SCHEDULED
2026-09-28T00:23:40.817615+00:00,1287319,081,2181,2,0,1790556541,,,SCHEDULED
2026-09-28T00:23:40.817615+00:00,1287319,081,2183,3,0,1790556575,,,SCHEDULED
2026-09-28T00:23:40.817615+00:00,1287319,081,2184,4,0,1790556612,,,SCHEDULED
2026-09-28T00:23:40.817615+00:00,1287319,081,2185,5,0,1790556675,,,SCHEDULED
2026-09-28T00:23:40.817615+00:00,1285537,026,2989,3,0,1790555036,,,SCHEDULED
2026-09-28T00:23:40.817615+00:00,1285537,026,1545,4,0,1790555216,,,SCHEDULED
2026-09-28T00:23:40.817615+00:00,1285537,026,1546,5,0,1790555284,,,SCHEDULED
2026-09-28T00:23:40.817615+00:00,1285537,026,1547,6,0,1790555292,,,SCHEDULED
2026-09-28T00:23:40.817615+00:00,1285537,026,1548,7,0,1790555296,,,SCHEDULED
2026-09-28T00:23:40.817615+00:00,1285537,026,1549,8,0,1790555310,,,SCHEDULED
2026-09-28T00:23:40.817615+00:00,1285537,026,1550,9,0,1790555321,,,SCHEDULED
2026-09-28T00:23:40.817615+00:00,1285537,026,1551,10,0,1790555356,,,SCHEDULED
2026-09-28T00:23:40.817615+00:00,1285537,026,1552,11,0,1790555472,,,SCHEDULED
2026-09-28T00:23:40.817615+00:00,1285537,026,1553,12,0,1790555522,,,SCHEDULED
2026-09-28T00:23:40.817615+00:00,1285537,026,1554,13,0,1790555563,,,SCHEDULED
2026-09-28T00:23:40.817615+00:00,1285537,026,1555,14,0,1790555611,,,SCHEDULED
2026-09-28T00:23:40.817615+00:00,1285537,026,1556,15,0,1790555698,,,SCHEDULED
2026-09-28T00:23:40.817615+00:00,1285537,026,1557,16,0,1790555768,,,SCHEDULED
2026-09-28T00:23:40.817615+00:00,1285537,026,1558,17,0,1790555806,,,SCHEDULED
2026-09-28T00:23:40.817615+00:00,1285537,026,1559,18,0,1790555890,,,SCHEDULED
2026-09-28T00:23:40.817615+00:00,1285537,026,1560,19,0,1790556028,,,SCHEDULED
2026-09-28T00:23:40.817615+00:00,1285537,026,1561,20,0,1790556067,,,SCHEDULED
2026-09-28T00:23:40.817615+00:00,1285537,026,1562,21,0,1790556142,,,SCHEDULED
2026-09-28T00:23:40.817615+00:00,1285537,026,1564,22,0,1790556222,,,SCHEDULED
2026-09-28T00:23:40.817615+00:00,1285537,026,1565,23,0,1790556270,,,SCHEDULED
2026-09-28T00:23:40.817615+00:00,1285537,026,1566,24,0,1790556343,,,SCHEDULED
2026-09-28T00:23:40.817615+00:00,1285537,026,1596,25,0,1790556392,,,SCHEDULED
2026-09-28T00:23:40.817615+00:00,1285537,026,1597,26,0,1790556485,,,SCHEDULED
2026-09-28T00:23:40.817615+00:00,1285537,026,1598,27,0,1790556512,,,SCHEDULED
2026-09-28T00:23:40.817615+00:00,1285537,026,3097,28,0,1790556649,,,SCHEDULED
2026-09-28T00:23:40.817615+00:00,1285537,026,3098,29,0,1790556723,,,SCHEDULED
2026-09-28T00:23:40.817615+00:00,1285537,026,9800,30,0,1790556763,,,SCHEDULED
2026-09-28T00:23:40.817615+00:00,1284448,011,5345,1,,,0,1790556637,SCHEDULED
2026-09-28T00:23:40.817615+00:00,1284448,011,8909,2,0,1790556817,,,SCHEDULED
2026-09-28T00:23:40.817615+00:00,1284449,011,8914,7,0,1790555165,,,SCHEDULED
2026-09-28T00:23:40.817615+00:00,1284449,011,8915,8,0,1790555202,,,SCHEDULED
2026-09-28T00:23:40.817615+00:00,1284449,011,5329,9,0,1790555243,,,SCHEDULED
2026-09-28T00:23:40.817615+00:00,1284449,011,8917,10,0,1790555273,,,SCHEDULED
2026-09-28T00:23:40.817615+00:00,1284449,011,8918,11,0,1790555299,,,SCHEDULED
2026-09-28T00:23:40.817615+00:00,1284449,011,8919,12,0,1790555357,,,SCHEDULED
2026-09-28T00:23:40.817615+00:00,1284449,011,8920,13,0,1790555392,,,SCHEDULED
2026-09-28T00:23:40.817615+00:00,1284449,011,532,14,0,1790555684,,,SCHEDULED
2026-09-28T00:23:40.817615+00:00,1284449,011,5247,15,0,1790555728,,,SCHEDULED
2026-09-28T00:23:40.817615+00:00,1284449,011,533,16,0,1790555765,,,SCHEDULED
2026-09-28T00:23:40.817615+00:00,1284449,011,534,17,0,1790555790,,,SCHEDULED
2026-09-28T00:23:40.817615+00:00,1284449,011,221,18,0,1790556029,,,SCHEDULED
2026-09-28T00:23:40.817615+00:00,1284449,011,222,19,0,1790556045,,,SCHEDULED
2026-09-28T00:23:40.817615+00:00,1284449,011,223,20,0,1790556066,,,SCHEDULED
2026-09-28T00:23:40.817615+00:00,1284449,011,225,21,0,1790556114,,,SCHEDULED
2026-09-28T00:23:40.817615+00:00,1284449,011,226,22,0,1790556137,,,SCHEDULED
2026-09-28T00:23:40.817615+00:00,1284449,011,455,23,0,1790556155,,,SCHEDULED
2026-09-28T00:23:40.817615+00:00,1284449,011,456,24,0,1790556186,,,SCHEDULED
2026-09-28T00:23:40.817615+00:00,1284449,011,3197,25,0,1790556236,,,SCHEDULED
2026-09-28T00:23:40.817615+00:00,1284449,011,3198,26,0,1790556284,,,SCHEDULED
2026-09-28T00:23:40.817615+00:00,1284449,011,3199,27,0,1790556313,,,SCHEDULED
2026-09-28T00:23:40.817615+00:00,1284449,011,1345,28,0,1790556384,,,SCHEDULED
2026-09-28T00:23:40.817615+00:00,1284449,011,128,29,0,1790556460,,,SCHEDULED
2026-09-28T00:23:40.817615+00:00,1284449,011,130,30,0,1790556497,,,SCHEDULED
2026-09-28T00:23:40.817615+00:00,1284449,011,131,31,0,1790556530,,,SCHEDULED
2026-09-28T00:23:40.817615+00:00,1284449,011,132,32,0,1790556563,,,SCHEDULED
2026-09-28T00:23:40.817615+00:00,1284449,011,133,33,0,1790556609,,,SCHEDULED
2026-09-28T00:23:40.817615+00:00,1284449,011,981,34,0,1790556738,,,SCHEDULED
2026-09-28T00:23:40.817615+00:00,1284449,011,983,35,0,1790556811,,,SCHEDULED
2026-09-28T00:23:40.817615+00:00,1284889,015,575,3,0,1790555039,,,SCHEDULED
2026-09-28T00:23:40.817615+00:00,1284889,015,576,4,0,1790555064,,,SCHEDULED
2026-09-28T00:23:40.817615+00:00,1284889,015,577,5,0,1790555083,,,SCHEDULED
2026-09-28T00:23:40.817615+00:00,1284889,015,579,6,0,1790555124,,,SCHEDULED
2026-09-28T00:23:40.817615+00:00,1284889,015,580,7,0,1790555165,,,SCHEDULED
2026-09-28T00:23:40.817615+00:00,1284889,015,849,8,0,1790555218,,,SCHEDULED
2026-09-28T00:23:40.817615+00:00,1284889,015,850,9,0,1790555236,,,SCHEDULED
2026-09-28T00:23:40.817615+00:00,1284889,015,851,10,0,1790555276,,,SCHEDULED
2026-09-28T00:23:40.817615+00:00,1284889,015,852,11,0,1790555288,,,SCHEDULED
2026-09-28T00:23:40.817615+00:00,1284889,015,853,12,0,1790555314,,,SCHEDULED
2026-09-28T00:23:40.817615+00:00,1284889,015,859,13,0,1790555360,,,SCHEDULED
2026-09-28T00:23:40.817615+00:00,1284889,015,860,14,0,1790555390,,,SCHEDULED
2026-09-28T00:23:40.817615+00:00,1284889,015,861,15,0,1790555419,,,SCHEDULED
2026-09-28T00:23:40.817615+00:00,1284889,015,862,16,0,1790555433,,,SCHEDULED
2026-09-28T00:23:40.817615+00:00,1284889,015,863,17,0,1790555482,,,SCHEDULED
2026-09-28T00:23:40.817615+00:00,1284889,015,864,18,0,1790555500,,,SCHEDULED
2026-09-28T00:23:40.817615+00:00,1284889,015,865,19,0,1790555536,,,SCHEDULED
2026-09-28T00:23:40.817615+00:00,1284889,015,866,20,0,1790555594,,,SCHEDULED
2026-09-28T00:23:40.817615+00:00,1284889,015,867,21,0,1790555620,,,SCHEDULED
2026-09-28T00:23:40.817615+00:00,1284889,015,593,22,0,1790555634,,,SCHEDULED
2026-09-28T00:23:40.817615+00:00,1284889,015,594,23,0,1790555693,,,SCHEDULED
2026-09-28T00:23:40.817615+00:00,1284889,015,595,24,0,1790555716,,,SCHEDULED
2026-09-28T00:23:40.817615+00:00,1284889,015,596,25,0,1790555753,,,SCHEDULED
2026-09-28T00:23:40.817615+00:00,1284889,015,284,26,0,1790555798,,,SCHEDULED
2026-09-28T00:23:40.817615+00:00,1286818,068,885,1,,,0,1790555400,SCHEDULED
2026-09-28T00:23:40.817615+00:00,1286818,068,286,2,0,1790555653,,,SCHEDULED
2026-09-28T00:23:40.817615+00:00,1286818,068,4439,3,0,1790555713,,,SCHEDULED
2026-09-28T00:23:40.817615+00:00,1286818,068,4440,4,0,1790555784,,,SCHEDULED
2026-09-28T00:23:40.817615+00:00,1286818,068,4441,5,0,1790555820,,,SCHEDULED
2026-09-28T00:23:40.817615+00:00,1286818,068,4015,6,0,1790555880,,,SCHEDULED
2026-09-28T00:23:40.817615+00:00,1286818,068,4016,7,0,1790555916,,,SCHEDULED
2026-09-28T00:23:40.817615+00:00,1286818,068,4017,8,0,1790555956,,,SCHEDULED
2026-09-28T00:23:40.817615+00:00,1286818,068,3914,9,0,1790556013,,,SCHEDULED
2026-09-28T00:23:40.817615+00:00,1286818,068,3836,10,0,1790556040,,,SCHEDULED
2026-09-28T00:23:40.817615+00:00,1286818,068,2375,11,0,1790556152,,,SCHEDULED
2026-09-28T00:23:40.817615+00:00,1286818,068,2376,12,0,1790556195,,,SCHEDULED
2026-09-28T00:23:40.817615+00:00,1286818,068,2377,13,0,1790556233,,,SCHEDULED
2026-09-28T00:23:40.817615+00:00,1286818,068,2378,14,0,1790556295,,,SCHEDULED
2026-09-28T00:23:40.817615+00:00,1286818,068,2379,15,0,1790556322,,,SCHEDULED
2026-09-28T00:23:40.817615+00:00,1286818,068,2381,16,0,1790556384,,,SCHEDULED
2026-09-28T00:23:40.817615+00:00,1286818,068,2382,17,0,1790556451,,,SCHEDULED
2026-09-28T00:23:40.817615+00:00,1286818,068,2383,18,0,1790556522,,,SCHEDULED
2026-09-28T00:23:40.817615+00:00,1286818,068,2385,19,0,1790556573,,,SCHEDULED
2026-09-28T00:23:40.817615+00:00,1286818,068,2014,20,0,1790556688,,,SCHEDULED
2026-09-28T00:23:40.817615+00:00,1286818,068,2015,21,0,1790556768,,,SCHEDULED
2026-09-28T00:23:40.817615+00:00,1286818,068,2016,22,0,1790556813,,,SCHEDULED
2026-09-28T00:23:40.817615+00:00,1286819,068,9812,57,0,1790555020,,,SCHEDULED
2026-09-28T00:23:40.817615+00:00,1286819,068,2629,58,0,1790555058,,,SCHEDULED
2026-09-28T00:23:40.817615+00:00,1286819,068,2634,59,0,1790555089,,,SCHEDULED
2026-09-28T00:23:40.817615+00:00,1286819,068,2635,60,0,1790555140,,,SCHEDULED
2026-09-28T00:23:40.817615+00:00,1286819,068,2636,61,0,1790555152,,,SCHEDULED
2026-09-28T00:23:40.817615+00:00,1286819,068,2637,62,0,1790555165,,,SCHEDULED
2026-09-28T00:23:40.817615+00:00,1286819,068,2638,63,0,1790555195,,,SCHEDULED
2026-09-28T00:23:40.817615+00:00,1286819,068,2639,64,0,1790555245,,,SCHEDULED
2026-09-28T00:23:40.817615+00:00,1286819,068,1086,65,0,1790555483,,,SCHEDULED
2026-09-28T00:23:40.817615+00:00,1286819,068,1088,66,0,1790555516,,,SCHEDULED
2026-09-28T00:23:40.817615+00:00,1286819,068,1087,67,0,1790555541,,,SCHEDULED
2026-09-28T00:23:40.817615+00:00,1286819,068,2642,68,0,1790555592,,,SCHEDULED
2026-09-28T00:23:40.817615+00:00,1288164,093,3101,4,0,1790555042,,,SCHEDULED
2026-09-28T00:23:40.817615+00:00,1288164,093,3102,5,0,1790555066,,,SCHEDULED
2026-09-28T00:23:40.817615+00:00,1288164,093,3103,6,0,1790555136,,,SCHEDULED
2026-09-28T00:23:40.817615+00:00,1288164,093,3503,7,0,1790555167,,,SCHEDULED
2026-09-28T00:23:40.817615+00:00,1288164,093,3504,8,0,1790555279,,,SCHEDULED
2026-09-28T00:23:40.817615+00:00,1288164,093,3505,9,0,1790555336,,,SCHEDULED
2026-09-28T00:23:40.817615+00:00,1288164,093,3520,10,0,1790555382,,,SCHEDULED
2026-09-28T00:23:40.817615+00:00,1288164,093,3521,11,0,1790555396,,,SCHEDULED
2026-09-28T00:23:40.817615+00:00,1288164,093,3522,12,0,1790555413,,,SCHEDULED
2026-09-28T00:23:40.817615+00:00,1288164,093,3523,13,0,1790555427,,,SCHEDULED
2026-09-28T00:23:40.817615+00:00,1288164,093,3524,14,0,1790555445,,,SCHEDULED
2026-09-28T00:23:40.817615+00:00,1288164,093,3526,15,0,1790555488,,,SCHEDULED
2026-09-28T00:23:40.817615+00:00,1288164,093,3527,16,0,1790555514,,,SCHEDULED
2026-09-28T00:23:40.817615+00:00,1288164,093,3530,17,0,1790555589,,,SCHEDULED
2026-09-28T00:23:40.817615+00:00,1288164,093,3531,18,0,1790555614,,,SCHEDULED
2026-09-28T00:23:40.817615+00:00,1288164,093,3532,19,0,1790555628,,,SCHEDULED
2026-09-28T00:23:40.817615+00:00,1288164,093,3533,20,0,1790555658,,,SCHEDULED
2026-09-28T00:23:40.817615+00:00,1288164,093,5346,21,0,1790555682,,,SCHEDULED
2026-09-28T00:23:40.817615+00:00,1288164,093,3534,22,0,1790555703,,,SCHEDULED
2026-09-28T00:23:40.817615+00:00,1288164,093,3535,23,0,1790555742,,,SCHEDULED
2026-09-28T00:23:40.817615+00:00,1288164,093,3536,24,0,1790555786,,,SCHEDULED
2026-09-28T00:23:40.817615+00:00,1288164,093,3537,25,0,1790555819,,,SCHEDULED
2026-09-28T00:23:40.817615+00:00,1288164,093,9933,26,0,1790556042,,,SCHEDULED
2026-09-28T00:23:40.817615+00:00,1288164,093,669,27,0,1790556124,,,SCHEDULED
2026-09-28T00:23:40.817615+00:00,1288164,093,4742,28,0,1790556174,,,SCHEDULED
2026-09-28T00:23:40.817615+00:00,1288164,093,4745,29,0,1790556238,,,SCHEDULED
2026-09-28T00:23:40.817615+00:00,1288164,093,4618,30,0,1790556325,,,SCHEDULED
2026-09-28T00:23:40.817615+00:00,1288164,093,4619,31,0,1790556745,,,SCHEDULED
2026-09-28T00:23:40.817615+00:00,1286673,067,3224,13,0,1790555028,,,SCHEDULED
2026-09-28T00:23:40.817615+00:00,1286673,067,3225,14,0,1790555080,,,SCHEDULED
2026-09-28T00:23:40.817615+00:00,1286673,067,2062,15,0,1790555194,,,SCHEDULED
2026-09-28T00:23:40.817615+00:00,1286673,067,2063,16,0,1790555232,,,SCHEDULED
2026-09-28T00:23:40.817615+00:00,1286673,067,6508,17,0,1790555265,,,SCHEDULED
2026-09-28T00:23:40.817615+00:00,1286673,067,2174,18,0,1790555397,,,SCHEDULED
2026-09-28T00:23:40.817615+00:00,1286673,067,2160,19,0,1790555455,,,SCHEDULED
2026-09-28T00:23:40.817615+00:00,1286673,067,2597,20,0,1790555500,,,SCHEDULED
2026-09-28T00:23:40.817615+00:00,1286673,067,2598,21,0,1790555528,,,SCHEDULED
2026-09-28T00:23:40.817615+00:00,1286673,067,2599,22,0,1790555562,,,SCHEDULED
2026-09-28T00:23:40.817615+00:00,1286673,067,2600,23,0,1790555620,,,SCHEDULED
2026-09-28T00:23:40.817615+00:00,1286673,067,2601,24,0,1790555677,,,SCHEDULED
2026-09-28T00:23:40.817615+00:00,1286673,067,2602,25,0,1790555725,,,SCHEDULED
2026-09-28T00:23:40.817615+00:00,1286673,067,2603,26,0,1790555777,,,SCHEDULED
2026-09-28T00:23:40.817615+00:00,1286673,067,2604,27,0,1790555814,,,SCHEDULED
2026-09-28T00:23:40.817615+00:00,1286673,067,2605,28,0,1790555862,,,SCHEDULED
2026-09-28T00:23:40.817615+00:00,1286673,067,2606,29,0,1790555994,,,SCHEDULED
2026-09-28T00:23:40.817615+00:00,1286673,067,2607,30,0,1790556040,,,SCHEDULED
2026-09-28T00:23:40.817615+00:00,1286673,067,2608,31,0,1790556090,,,SCHEDULED
2026-09-28T00:23:40.817615+00:00,1286673,067,2609,32,0,1790556155,,,SCHEDULED
2026-09-28T00:23:40.817615+00:00,1286673,067,2613,33,0,1790556183,,,SCHEDULED
2026-09-28T00:23:40.817615+00:00,1286673,067,2614,34,0,1790556228,,,SCHEDULED
2026-09-28T00:23:40.817615+00:00,1286673,067,2615,35,0,1790556273,,,SCHEDULED
2026-09-28T00:23:40.817615+00:00,1286673,067,601,36,0,1790556307,,,SCHEDULED
2026-09-28T00:23:40.817615+00:00,1286673,067,2617,37,0,1790556358,,,SCHEDULED
2026-09-28T00:23:40.817615+00:00,1286673,067,2620,38,0,1790556460,,,SCHEDULED
2026-09-28T00:23:40.817615+00:00,1286673,067,2621,39,0,1790556481,,,SCHEDULED
2026-09-28T00:23:40.817615+00:00,1286673,067,2622,40,0,1790556502,,,SCHEDULED
2026-09-28T00:23:40.817615+00:00,1286673,067,2623,41,0,1790556540,,,SCHEDULED
2026-09-28T00:23:40.817615+00:00,1286673,067,2624,42,0,1790556579,,,SCHEDULED
2026-09-28T00:23:40.817615+00:00,1286673,067,2625,43,0,1790556593,,,SCHEDULED
2026-09-28T00:23:40.817615+00:00,1286673,067,2626,44,0,1790556619,,,SCHEDULED
2026-09-28T00:23:40.817615+00:00,1286673,067,2627,45,0,1790556676,,,SCHEDULED
2026-09-28T00:23:40.817615+00:00,1286673,067,2628,46,0,1790556707,,,SCHEDULED
2026-09-28T00:23:40.817615+00:00,1286673,067,2630,47,0,1790556760,,,SCHEDULED
2026-09-28T00:23:40.817615+00:00,1286673,067,2631,48,0,1790556817,,,SCHEDULED
2026-09-28T00:23:40.817615+00:00,1284253,001,1801,1,,,0,1790555760,SCHEDULED
2026-09-28T00:23:40.817615+00:00,1284253,001,3073,2,0,1790555768,,,SCHEDULED
2026-09-28T00:23:40.817615+00:00,1284253,001,630,3,0,1790556020,,,SCHEDULED
2026-09-28T00:23:40.817615+00:00,1284253,001,631,4,0,1790556077,,,SCHEDULED
2026-09-28T00:23:40.817615+00:00,1284253,001,632,5,0,1790556102,,,SCHEDULED
2026-09-28T00:23:40.817615+00:00,1284253,001,634,6,0,1790556140,,,SCHEDULED
2026-09-28T00:23:40.817615+00:00,1284253,001,635,7,0,1790556241,,,SCHEDULED
2026-09-28T00:23:40.817615+00:00,1284253,001,636,8,0,1790556286,,,SCHEDULED
2026-09-28T00:23:40.817615+00:00,1284253,001,637,9,0,1790556321,,,SCHEDULED
2026-09-28T00:23:40.817615+00:00,1284253,001,638,10,0,1790556357,,,SCHEDULED
2026-09-28T00:23:40.817615+00:00,1284253,001,639,11,0,1790556398,,,SCHEDULED
2026-09-28T00:23:40.817615+00:00,1284253,001,640,12,0,1790556460,,,SCHEDULED
2026-09-28T00:23:40.817615+00:00,1284253,001,641,13,0,1790556510,,,SCHEDULED
2026-09-28T00:23:40.817615+00:00,1284253,001,642,14,0,1790556645,,,SCHEDULED
2026-09-28T00:23:40.817615+00:00,1284253,001,643,15,0,1790556675,,,SCHEDULED
2026-09-28T00:23:40.817615+00:00,1284253,001,644,16,0,1790556703,,,SCHEDULED
2026-09-28T00:23:40.817615+00:00,1284253,001,645,17,0,1790556729,,,SCHEDULED
2026-09-28T00:23:40.817615+00:00,1284253,001,646,18,0,1790556789,,,SCHEDULED
2026-09-28T00:23:40.817615+00:00,1287886,087,291,1,,,0,1790555581,SCHEDULED
2026-09-28T00:23:40.817615+00:00,1287886,087,274,2,0,1790556027,,,SCHEDULED
2026-09-28T00:23:40.817615+00:00,1287886,087,275,3,0,1790556151,,,SCHEDULED
2026-09-28T00:23:40.817615+00:00,1287886,087,3893,4,0,1790556339,,,SCHEDULED
2026-09-28T00:23:40.817615+00:00,1287886,087,3894,5,0,1790556481,,,SCHEDULED
2026-09-28T00:23:40.817615+00:00,1287886,087,3895,6,0,1790556573,,,SCHEDULED
2026-09-28T00:23:40.817615+00:00,1287886,087,3896,7,0,1790556648,,,SCHEDULED
2026-09-28T00:23:40.817615+00:00,1287886,087,3897,8,0,1790556709,,,SCHEDULED
2026-09-28T00:23:40.817615+00:00,1285387,025,3589,19,0,1790555018,,,SCHEDULED
2026-09-28T00:23:40.817615+00:00,1285387,025,3590,20,0,1790555040,,,SCHEDULED
2026-09-28T00:23:40.817615+00:00,1285387,025,3591,21,0,1790555111,,,SCHEDULED
2026-09-28T00:23:40.817615+00:00,1285387,025,3592,22,0,1790555163,,,SCHEDULED
2026-09-28T00:23:40.817615+00:00,1285387,025,3593,23,0,1790555223,,,SCHEDULED
2026-09-28T00:23:40.817615+00:00,1285387,025,3594,24,0,1790555276,,,SCHEDULED
2026-09-28T00:23:40.817615+00:00,1285387,025,3595,25,0,1790555325,,,SCHEDULED
2026-09-28T00:23:40.817615+00:00,1285387,025,3596,26,0,1790555396,,,SCHEDULED
2026-09-28T00:23:40.817615+00:00,1285387,025,3597,27,0,1790555460,,,SCHEDULED
2026-09-28T00:23:40.817615+00:00,1285387,025,3598,28,0,1790555519,,,SCHEDULED
2026-09-28T00:23:40.817615+00:00,1285387,025,3599,29,0,1790555557,,,SCHEDULED
2026-09-28T00:23:40.817615+00:00,1285387,025,3600,30,0,1790555614,,,SCHEDULED
2026-09-28T00:23:40.817615+00:00,1285387,025,3601,31,0,1790555644,,,SCHEDULED
2026-09-28T00:23:40.817615+00:00,1285387,025,3602,32,0,1790555711,,,SCHEDULED
2026-09-28T00:23:40.817615+00:00,1285387,025,3603,33,0,1790555758,,,SCHEDULED
2026-09-28T00:23:40.817615+00:00,1285387,025,1356,34,0,1790555798,,,SCHEDULED
2026-09-28T00:23:40.817615+00:00,1285387,025,1357,35,0,1790555893,,,SCHEDULED
2026-09-28T00:23:40.817615+00:00,1285387,025,1358,36,0,1790555920,,,SCHEDULED
2026-09-28T00:23:40.817615+00:00,1285387,025,1359,37,0,1790555953,,,SCHEDULED
2026-09-28T00:23:40.817615+00:00,1285387,025,1360,38,0,1790556013,,,SCHEDULED
2026-09-28T00:23:40.817615+00:00,1285387,025,1361,39,0,1790556055,,,SCHEDULED
2026-09-28T00:23:40.817615+00:00,1285387,025,1236,40,0,1790556147,,,SCHEDULED
2026-09-28T00:23:40.817615+00:00,1285387,025,1237,41,0,1790556180,,,SCHEDULED
2026-09-28T00:23:40.817615+00:00,1285387,025,1238,42,0,1790556213,,,SCHEDULED
2026-09-28T00:23:40.817615+00:00,1285387,025,1239,43,0,1790556301,,,SCHEDULED
2026-09-28T00:23:40.817615+00:00,1285387,025,1240,44,0,1790556358,,,SCHEDULED
2026-09-28T00:23:40.817615+00:00,1285387,025,1241,45,0,1790556416,,,SCHEDULED
2026-09-28T00:23:40.817615+00:00,1285387,025,1242,46,0,1790556470,,,SCHEDULED
2026-09-28T00:23:40.817615+00:00,1285387,025,1243,47,0,1790556546,,,SCHEDULED
2026-09-28T00:23:40.817615+00:00,1285387,025,1244,48,0,1790556598,,,SCHEDULED
2026-09-28T00:23:40.817615+00:00,1285387,025,1245,49,0,1790556658,,,SCHEDULED
2026-09-28T00:23:40.817615+00:00,1285387,025,1246,50,0,1790556704,,,SCHEDULED
2026-09-28T00:23:40.817615+00:00,1285387,025,1247,51,0,1790556780,,,SCHEDULED
2026-09-28T00:23:40.817615+00:00,1284254,001,648,20,0,1790555017,,,SCHEDULED
2026-09-28T00:23:40.817615+00:00,1284254,001,649,21,0,1790555053,,,SCHEDULED
2026-09-28T00:23:40.817615+00:00,1284254,001,5351,22,0,1790555059,,,SCHEDULED
2026-09-28T00:23:40.817615+00:00,1284254,001,1308,23,0,1790555120,,,SCHEDULED
2026-09-28T00:23:40.817615+00:00,1284254,001,1309,24,0,1790555183,,,SCHEDULED
2026-09-28T00:23:40.817615+00:00,1284254,001,1310,25,0,1790555269,,,SCHEDULED
2026-09-28T00:23:40.817615+00:00,1284254,001,1311,26,0,1790555271,,,SCHEDULED
2026-09-28T00:23:40.817615+00:00,1284254,001,5363,27,0,1790555274,,,SCHEDULED
2026-09-28T00:23:40.817615+00:00,1284254,001,1313,28,0,1790555275,,,SCHEDULED
2026-09-28T00:23:40.817615+00:00,1284254,001,1314,29,0,1790555333,,,SCHEDULED
2026-09-28T00:23:40.817615+00:00,1284254,001,1315,30,0,1790555381,,,SCHEDULED
2026-09-28T00:23:40.817615+00:00,1284254,001,1316,31,0,1790555409,,,SCHEDULED
2026-09-28T00:23:40.817615+00:00,1284254,001,1317,32,0,1790555428,,,SCHEDULED
2026-09-28T00:23:40.817615+00:00,1284254,001,1318,33,0,1790555468,,,SCHEDULED
2026-09-28T00:23:40.817615+00:00,1284254,001,2807,34,0,1790555549,,,SCHEDULED
2026-09-28T00:23:40.817615+00:00,1288019,088,9807,1,,,0,1790556000,SCHEDULED
2026-09-28T00:23:40.817615+00:00,1288019,088,284,2,0,1790556051,,,SCHEDULED
2026-09-28T00:23:40.817615+00:00,1288019,088,684,3,0,1790556144,,,SCHEDULED
2026-09-28T00:23:40.817615+00:00,1288019,088,685,4,0,1790556189,,,SCHEDULED
2026-09-28T00:23:40.817615+00:00,1288019,088,1400,5,0,1790556209,,,SCHEDULED
2026-09-28T00:23:40.817615+00:00,1288019,088,1401,6,0,1790556233,,,SCHEDULED
2026-09-28T00:23:40.817615+00:00,1288019,088,1402,7,0,1790556249,,,SCHEDULED
2026-09-28T00:23:40.817615+00:00,1288019,088,1403,8,0,1790556315,,,SCHEDULED
2026-09-28T00:23:40.817615+00:00,1288019,088,1404,9,0,1790556357,,,SCHEDULED
2026-09-28T00:23:40.817615+00:00,1288019,088,1405,10,0,1790556450,,,SCHEDULED
2026-09-28T00:23:40.817615+00:00,1288019,088,1406,11,0,1790556474,,,SCHEDULED
2026-09-28T00:23:40.817615+00:00,1288019,088,1407,12,0,1790556507,,,SCHEDULED
2026-09-28T00:23:40.817615+00:00,1288019,088,1408,13,0,1790556540,,,SCHEDULED
2026-09-28T00:23:40.817615+00:00,1288019,088,1409,14,0,1790556561,,,SCHEDULED
2026-09-28T00:23:40.817615+00:00,1288019,088,1410,15,0,1790556627,,,SCHEDULED
2026-09-28T00:23:40.817615+00:00,1288019,088,1411,16,0,1790556644,,,SCHEDULED
2026-09-28T00:23:40.817615+00:00,1288019,088,1412,17,0,1790556707,,,SCHEDULED
2026-09-28T00:23:40.817615+00:00,1288019,088,1413,18,0,1790556720,,,SCHEDULED
2026-09-28T00:23:40.817615+00:00,1287323,081,2358,7,0,1790555100,,,SCHEDULED
2026-09-28T00:23:40.817615+00:00,1287323,081,2359,8,0,1790555166,,,SCHEDULED
2026-09-28T00:23:40.817615+00:00,1287323,081,2360,9,0,1790555226,,,SCHEDULED
2026-09-28T00:23:40.817615+00:00,1287323,081,2361,10,0,1790555293,,,SCHEDULED
2026-09-28T00:23:40.817615+00:00,1287323,081,2362,11,0,1790555349,,,SCHEDULED
2026-09-28T00:23:40.817615+00:00,1287323,081,2363,12,0,1790555422,,,SCHEDULED
2026-09-28T00:23:40.817615+00:00,1287323,081,2364,13,0,1790555517,,,SCHEDULED
2026-09-28T00:23:40.817615+00:00,1287323,081,2365,14,0,1790555559,,,SCHEDULED
2026-09-28T00:23:40.817615+00:00,1287323,081,2366,15,0,1790555591,,,SCHEDULED
2026-09-28T00:23:40.817615+00:00,1287323,081,2367,16,0,1790555654,,,SCHEDULED
2026-09-28T00:23:40.817615+00:00,1287323,081,5203,17,0,1790555760,,,SCHEDULED
2026-09-28T00:23:40.817615+00:00,1287323,081,2368,18,0,1790555848,,,SCHEDULED
2026-09-28T00:23:40.817615+00:00,1287323,081,2370,19,0,1790555981,,,SCHEDULED
2026-09-28T00:23:40.817615+00:00,1287323,081,2371,20,0,1790556040,,,SCHEDULED
2026-09-28T00:23:40.817615+00:00,1287323,081,2372,21,0,1790556078,,,SCHEDULED
2026-09-28T00:23:40.817615+00:00,1287323,081,2373,22,0,1790556117,,,SCHEDULED
2026-09-28T00:23:40.817615+00:00,1287323,081,2374,23,0,1790556170,,,SCHEDULED
2026-09-28T00:23:40.817615+00:00,1287323,081,3130,24,0,1790556336,,,SCHEDULED
2026-09-28T00:23:40.817615+00:00,1287323,081,3131,25,0,1790556420,,,SCHEDULED
2026-09-28T00:23:40.817615+00:00,1287323,081,3132,26,0,1790556470,,,SCHEDULED
2026-09-28T00:23:40.817615+00:00,1287323,081,3134,27,0,1790556635,,,SCHEDULED
2026-09-28T00:23:40.817615+00:00,1287323,081,3135,28,0,1790556710,,,SCHEDULED
2026-09-28T00:23:40.817615+00:00,1287323,081,3136,29,0,1790556765,,,SCHEDULED
2026-09-28T00:23:40.817615+00:00,1285863,038,307,1,,,0,1790556519,SCHEDULED
2026-09-28T00:23:40.817615+00:00,1285863,038,1600,2,0,1790556657,,,SCHEDULED
2026-09-28T00:23:40.817615+00:00,1285863,038,3650,3,0,1790556743,,,SCHEDULED
2026-09-28T00:23:40.817615+00:00,1285863,038,3651,4,0,1790556787,,,SCHEDULED
2026-09-28T00:23:40.817615+00:00,1285863,038,3652,5,0,1790556808,,,SCHEDULED
2026-09-28T00:23:40.817615+00:00,1287324,081,3136,29,0,1790555039,,,SCHEDULED
2026-09-28T00:23:40.817615+00:00,1287324,081,3137,30,0,1790555107,,,SCHEDULED
2026-09-28T00:23:40.817615+00:00,1287324,081,3138,31,0,1790555160,,,SCHEDULED
2026-09-28T00:23:40.817615+00:00,1287324,081,3139,32,0,1790555180,,,SCHEDULED
2026-09-28T00:23:40.817615+00:00,1287324,081,3140,33,0,1790555227,,,SCHEDULED
2026-09-28T00:23:40.817615+00:00,1287324,081,3141,34,0,1790555242,,,SCHEDULED
2026-09-28T00:23:40.817615+00:00,1287324,081,3142,35,0,1790555251,,,SCHEDULED
2026-09-28T00:23:40.817615+00:00,1287324,081,3143,36,0,1790555283,,,SCHEDULED
2026-09-28T00:23:40.817615+00:00,1287324,081,3144,37,0,1790555506,,,SCHEDULED
2026-09-28T00:23:40.817615+00:00,1285106,021,2719,25,0,1790555045,,,SCHEDULED
2026-09-28T00:23:40.817615+00:00,1285106,021,2934,26,0,1790555097,,,SCHEDULED
2026-09-28T00:23:40.817615+00:00,1285106,021,2935,27,0,1790555135,,,SCHEDULED
2026-09-28T00:23:40.817615+00:00,1285106,021,2722,28,0,1790555323,,,SCHEDULED
2026-09-28T00:23:40.817615+00:00,1285106,021,2723,29,0,1790555353,,,SCHEDULED
2026-09-28T00:23:40.817615+00:00,1285106,021,2724,30,0,1790555434,,,SCHEDULED
2026-09-28T00:23:40.817615+00:00,1285106,021,2726,31,0,1790555519,,,SCHEDULED
2026-09-28T00:23:40.817615+00:00,1285106,021,2727,32,0,1790555539,,,SCHEDULED
2026-09-28T00:23:40.817615+00:00,1285106,021,2728,33,0,1790555577,,,SCHEDULED
2026-09-28T00:23:40.817615+00:00,1285106,021,2729,34,0,1790555613,,,SCHEDULED
2026-09-28T00:23:40.817615+00:00,1285106,021,2730,35,0,1790555646,,,SCHEDULED
2026-09-28T00:23:40.817615+00:00,1285106,021,2731,36,0,1790555685,,,SCHEDULED
2026-09-28T00:23:40.817615+00:00,1285106,021,2732,37,0,1790555702,,,SCHEDULED
2026-09-28T00:23:40.817615+00:00,1285106,021,2733,38,0,1790555748,,,SCHEDULED
2026-09-28T00:23:40.817615+00:00,1285106,021,2734,39,0,1790555799,,,SCHEDULED
2026-09-28T00:23:40.817615+00:00,1285106,021,2735,40,0,1790555855,,,SCHEDULED
2026-09-28T00:23:40.817615+00:00,1285106,021,2736,41,0,1790555923,,,SCHEDULED
2026-09-28T00:23:40.817615+00:00,1285106,021,2737,42,0,1790555964,,,SCHEDULED
2026-09-28T00:23:40.817615+00:00,1285106,021,2738,43,0,1790555969,,,SCHEDULED
2026-09-28T00:23:40.817615+00:00,1286834,068,1857,47,0,1790555018,,,SCHEDULED
2026-09-28T00:23:40.817615+00:00,1286834,068,1858,48,0,1790555080,,,SCHEDULED
2026-09-28T00:23:40.817615+00:00,1286834,068,1859,49,0,1790555184,,,SCHEDULED
2026-09-28T00:23:40.817615+00:00,1286834,068,1860,50,0,1790555253,,,SCHEDULED
2026-09-28T00:23:40.817615+00:00,1286834,068,1861,51,0,1790555276,,,SCHEDULED
2026-09-28T00:23:40.817615+00:00,1286834,068,1862,52,0,1790555327,,,SCHEDULED
2026-09-28T00:23:40.817615+00:00,1286834,068,1863,53,0,1790555344,,,SCHEDULED
2026-09-28T00:23:40.817615+00:00,1286834,068,2399,54,0,1790555387,,,SCHEDULED
2026-09-28T00:23:40.817615+00:00,1286834,068,2400,55,0,1790555435,,,SCHEDULED
2026-09-28T00:23:40.817615+00:00,1286834,068,2401,56,0,1790555458,,,SCHEDULED
2026-09-28T00:23:40.817615+00:00,1286834,068,2402,57,0,1790555530,,,SCHEDULED
2026-09-28T00:23:40.817615+00:00,1286834,068,2403,58,0,1790555631,,,SCHEDULED
2026-09-28T00:23:40.817615+00:00,1286834,068,2404,59,0,1790555673,,,SCHEDULED
2026-09-28T00:23:40.817615+00:00,1286834,068,2405,60,0,1790555726,,,SCHEDULED
2026-09-28T00:23:40.817615+00:00,1286834,068,2406,61,0,1790555743,,,SCHEDULED
2026-09-28T00:23:40.817615+00:00,1286834,068,2407,62,0,1790555759,,,SCHEDULED
2026-09-28T00:23:40.817615+00:00,1286834,068,2408,63,0,1790555844,,,SCHEDULED
2026-09-28T00:23:40.817615+00:00,1286834,068,2409,64,0,1790555867,,,SCHEDULED
2026-09-28T00:23:40.817615+00:00,1286834,068,2410,65,0,1790555882,,,SCHEDULED
2026-09-28T00:23:40.817615+00:00,1286834,068,3939,66,0,1790556049,,,SCHEDULED
2026-09-28T00:23:40.817615+00:00,1286834,068,5107,67,0,1790556109,,,SCHEDULED
2026-09-28T00:23:40.817615+00:00,1286834,068,4020,68,0,1790556135,,,SCHEDULED
2026-09-28T00:23:40.817615+00:00,1286834,068,4021,69,0,1790556166,,,SCHEDULED
2026-09-28T00:23:40.817615+00:00,1286834,068,4022,70,0,1790556213,,,SCHEDULED
2026-09-28T00:23:40.817615+00:00,1286834,068,242,71,0,1790556261,,,SCHEDULED
2026-09-28T00:23:40.817615+00:00,1286834,068,243,72,0,1790556282,,,SCHEDULED
2026-09-28T00:23:40.817615+00:00,1286834,068,244,73,0,1790556296,,,SCHEDULED
2026-09-28T00:23:40.817615+00:00,1286834,068,1038,74,0,1790556317,,,SCHEDULED
2026-09-28T00:23:40.817615+00:00,1286834,068,4019,75,0,1790556346,,,SCHEDULED
2026-09-28T00:23:40.817615+00:00,1285864,038,5252,36,0,1790555044,,,SCHEDULED
2026-09-28T00:23:40.817615+00:00,1285864,038,281,37,0,1790555147,,,SCHEDULED
2026-09-28T00:23:40.817615+00:00,1286833,068,1099,1,,,0,1790556051,SCHEDULED
2026-09-28T00:23:40.817615+00:00,1286833,068,2645,2,0,1790556138,,,SCHEDULED
2026-09-28T00:23:40.817615+00:00,1286833,068,2643,3,0,1790556190,,,SCHEDULED
2026-09-28T00:23:40.817615+00:00,1286833,068,2644,4,0,1790556227,,,SCHEDULED
2026-09-28T00:23:40.817615+00:00,1286833,068,2646,5,0,1790556294,,,SCHEDULED
2026-09-28T00:23:40.817615+00:00,1286833,068,2647,6,0,1790556312,,,SCHEDULED
2026-09-28T00:23:40.817615+00:00,1286833,068,2648,7,0,1790556538,,,SCHEDULED
2026-09-28T00:23:40.817615+00:00,1286833,068,5344,8,0,1790556561,,,SCHEDULED
2026-09-28T00:23:40.817615+00:00,1286833,068,2649,9,0,1790556617,,,SCHEDULED
2026-09-28T00:23:40.817615+00:00,1286833,068,2650,10,0,1790556633,,,SCHEDULED
2026-09-28T00:23:40.817615+00:00,1286833,068,2651,11,0,1790556674,,,SCHEDULED
2026-09-28T00:23:40.817615+00:00,1285260,023,284,68,0,1790555019,,,SCHEDULED
2026-09-28T00:23:40.817615+00:00,1285276,023,9807,1,,,0,1790555160,SCHEDULED
2026-09-28T00:23:40.817615+00:00,1285276,023,1096,2,0,1790555269,,,SCHEDULED
2026-09-28T00:23:40.817615+00:00,1285276,023,1098,3,0,1790555462,,,SCHEDULED
2026-09-28T00:23:40.817615+00:00,1285276,023,1099,4,0,1790555640,,,SCHEDULED
2026-09-28T00:23:40.817615+00:00,1285276,023,1090,5,0,1790555819,,,SCHEDULED
2026-09-28T00:23:40.817615+00:00,1285276,023,1091,6,0,1790555917,,,SCHEDULED
2026-09-28T00:23:40.817615+00:00,1285276,023,1092,7,0,1790555971,,,SCHEDULED
2026-09-28T00:23:40.817615+00:00,1285276,023,1093,8,0,1790556012,,,SCHEDULED
2026-09-28T00:23:40.817615+00:00,1285276,023,1094,9,0,1790556052,,,SCHEDULED
2026-09-28T00:23:40.817615+00:00,1285276,023,1455,10,0,1790556123,,,SCHEDULED
2026-09-28T00:23:40.817615+00:00,1285276,023,1456,11,0,1790556188,,,SCHEDULED
2026-09-28T00:23:40.817615+00:00,1285276,023,1457,12,0,1790556248,,,SCHEDULED
2026-09-28T00:23:40.817615+00:00,1285276,023,1458,13,0,1790556300,,,SCHEDULED
2026-09-28T00:23:40.817615+00:00,1285276,023,1460,14,0,1790556351,,,SCHEDULED
2026-09-28T00:23:40.817615+00:00,1285276,023,1461,15,0,1790556384,,,SCHEDULED
2026-09-28T00:23:40.817615+00:00,1285276,023,1462,16,0,1790556406,,,SCHEDULED
2026-09-28T00:23:40.817615+00:00,1285276,023,1463,17,0,1790556453,,,SCHEDULED
2026-09-28T00:23:40.817615+00:00,1285276,023,1464,18,0,1790556480,,,SCHEDULED
2026-09-28T00:23:40.817615+00:00,1285276,023,1465,19,0,1790556517,,,SCHEDULED
2026-09-28T00:23:40.817615+00:00,1285276,023,1466,20,0,1790556545,,,SCHEDULED
2026-09-28T00:23:40.817615+00:00,1285276,023,1467,21,0,1790556582,,,SCHEDULED
2026-09-28T00:23:40.817615+00:00,1285276,023,1468,22,0,1790556615,,,SCHEDULED
2026-09-28T00:23:40.817615+00:00,1285276,023,1469,23,0,1790556660,,,SCHEDULED
2026-09-28T00:23:40.817615+00:00,1285276,023,1470,24,0,1790556697,,,SCHEDULED
2026-09-28T00:23:40.817615+00:00,1285276,023,1471,25,0,1790556746,,,SCHEDULED
2026-09-28T00:23:40.817615+00:00,1287495,082,288,1,,,0,1790556396,SCHEDULED
2026-09-28T00:23:40.817615+00:00,1287495,082,274,2,0,1790556478,,,SCHEDULED
2026-09-28T00:23:40.817615+00:00,1287055,075,1430,4,0,1790554969,,,SCHEDULED
2026-09-28T00:23:40.817615+00:00,1287055,075,3845,5,0,1790555103,,,SCHEDULED
2026-09-28T00:23:40.817615+00:00,1287055,075,3846,6,0,1790555176,,,SCHEDULED
2026-09-28T00:23:40.817615+00:00,1287055,075,3847,7,0,1790555200,,,SCHEDULED
2026-09-28T00:23:40.817615+00:00,1287055,075,1431,8,0,1790555220,,,SCHEDULED
2026-09-28T00:23:40.817615+00:00,1287055,075,1419,9,0,1790555285,,,SCHEDULED
2026-09-28T00:23:40.817615+00:00,1287055,075,9922,10,0,1790555382,,,SCHEDULED
2026-09-28T00:23:40.817615+00:00,1287055,075,1399,11,0,1790555496,,,SCHEDULED
2026-09-28T00:23:40.817615+00:00,1287055,075,1397,12,0,1790555579,,,SCHEDULED
2026-09-28T00:23:40.817615+00:00,1287055,075,9928,13,0,1790555669,,,SCHEDULED
2026-09-28T00:23:40.817615+00:00,1287055,075,3802,14,0,1790555723,,,SCHEDULED
2026-09-28T00:23:40.817615+00:00,1287055,075,3852,15,0,1790555831,,,SCHEDULED
2026-09-28T00:23:40.817615+00:00,1287496,082,1673,17,0,1790554925,,,SCHEDULED
2026-09-28T00:23:40.817615+00:00,1287496,082,1674,18,0,1790554970,,,SCHEDULED
2026-09-28T00:23:40.817615+00:00,1287496,082,1675,19,0,1790554999,,,SCHEDULED
2026-09-28T00:23:40.817615+00:00,1287496,082,1677,20,0,1790555047,,,SCHEDULED
2026-09-28T00:23:40.817615+00:00,1287496,082,1127,21,0,1790555108,,,SCHEDULED
2026-09-28T00:23:40.817615+00:00,1287496,082,1128,22,0,1790555130,,,SCHEDULED
2026-09-28T00:23:40.817615+00:00,1287496,082,1129,23,0,1790555158,,,SCHEDULED
2026-09-28T00:23:40.817615+00:00,1287496,082,1130,24,0,1790555176,,,SCHEDULED
2026-09-28T00:23:40.817615+00:00,1287496,082,1131,25,0,1790555218,,,SCHEDULED
2026-09-28T00:23:40.817615+00:00,1287496,082,3089,26,0,1790555259,,,SCHEDULED
2026-09-28T00:23:40.817615+00:00,1287496,082,3090,27,0,1790555324,,,SCHEDULED
2026-09-28T00:23:40.817615+00:00,1287496,082,3091,28,0,1790555482,,,SCHEDULED
2026-09-28T00:23:40.817615+00:00,1287496,082,3092,29,0,1790555551,,,SCHEDULED
2026-09-28T00:23:40.817615+00:00,1287496,082,3093,30,0,1790555604,,,SCHEDULED
2026-09-28T00:23:40.817615+00:00,1287496,082,3094,31,0,1790555633,,,SCHEDULED
2026-09-28T00:23:40.817615+00:00,1287496,082,1421,32,0,1790555679,,,SCHEDULED
2026-09-28T00:23:40.817615+00:00,1287496,082,1422,33,0,1790555728,,,SCHEDULED
2026-09-28T00:23:40.817615+00:00,1287496,082,1423,34,0,1790555763,,,SCHEDULED
2026-09-28T00:23:40.817615+00:00,1287496,082,1424,35,0,1790555799,,,SCHEDULED
2026-09-28T00:23:40.817615+00:00,1287496,082,1425,36,0,1790555820,,,SCHEDULED
2026-09-28T00:23:40.817615+00:00,1287496,082,1427,37,0,1790555864,,,SCHEDULED
2026-09-28T00:23:40.817615+00:00,1287496,082,1428,38,0,1790555895,,,SCHEDULED
2026-09-28T00:23:40.817615+00:00,1287496,082,9939,39,0,1790555930,,,SCHEDULED
2026-09-28T00:23:40.817615+00:00,1287496,082,1444,40,0,1790556025,,,SCHEDULED
2026-09-28T00:23:40.817615+00:00,1287496,082,1445,41,0,1790556063,,,SCHEDULED
2026-09-28T00:23:40.817615+00:00,1287496,082,1446,42,0,1790556079,,,SCHEDULED
2026-09-28T00:23:40.817615+00:00,1287496,082,563,43,0,1790556261,,,SCHEDULED
2026-09-28T00:23:40.817615+00:00,1287496,082,565,44,0,1790556304,,,SCHEDULED
2026-09-28T00:23:40.817615+00:00,1286688,067,2653,12,0,1790555069,,,SCHEDULED
2026-09-28T00:23:40.817615+00:00,1286688,067,2654,13,0,1790555168,,,SCHEDULED
2026-09-28T00:23:40.817615+00:00,1286688,067,9811,14,0,1790555276,,,SCHEDULED
2026-09-28T00:23:40.817615+00:00,1286688,067,880,15,0,1790555416,,,SCHEDULED
2026-09-28T00:23:40.817615+00:00,1286688,067,2656,16,0,1790555493,,,SCHEDULED
2026-09-28T00:23:40.817615+00:00,1286688,067,2655,17,0,1790555507,,,SCHEDULED
2026-09-28T00:23:40.817615+00:00,1286688,067,1915,18,0,1790555536,,,SCHEDULED
2026-09-28T00:23:40.817615+00:00,1286688,067,2569,19,0,1790555638,,,SCHEDULED
2026-09-28T00:23:40.817615+00:00,1286688,067,2570,20,0,1790555698,,,SCHEDULED
2026-09-28T00:23:40.817615+00:00,1286688,067,2571,21,0,1790555715,,,SCHEDULED
2026-09-28T00:23:40.817615+00:00,1286688,067,2572,22,0,1790555772,,,SCHEDULED
2026-09-28T00:23:40.817615+00:00,1286688,067,2573,23,0,1790555786,,,SCHEDULED
2026-09-28T00:23:40.817615+00:00,1286688,067,2574,24,0,1790555800,,,SCHEDULED
2026-09-28T00:23:40.817615+00:00,1286688,067,2575,25,0,1790555810,,,SCHEDULED
2026-09-28T00:23:40.817615+00:00,1286688,067,2576,26,0,1790555817,,,SCHEDULED
2026-09-28T00:23:40.817615+00:00,1286688,067,2577,27,0,1790555826,,,SCHEDULED
2026-09-28T00:23:40.817615+00:00,1286688,067,2578,28,0,1790555880,,,SCHEDULED
2026-09-28T00:23:40.817615+00:00,1286688,067,2580,29,0,1790555951,,,SCHEDULED
2026-09-28T00:23:40.817615+00:00,1286688,067,2581,30,0,1790555968,,,SCHEDULED
2026-09-28T00:23:40.817615+00:00,1286688,067,2582,31,0,1790555999,,,SCHEDULED
2026-09-28T00:23:40.817615+00:00,1286688,067,2583,32,0,1790556028,,,SCHEDULED
2026-09-28T00:23:40.817615+00:00,1286688,067,2584,33,0,1790556081,,,SCHEDULED
2026-09-28T00:23:40.817615+00:00,1286688,067,2585,34,0,1790556149,,,SCHEDULED
2026-09-28T00:23:40.817615+00:00,1286688,067,2586,35,0,1790556171,,,SCHEDULED
2026-09-28T00:23:40.817615+00:00,1286688,067,2587,36,0,1790556239,,,SCHEDULED
2026-09-28T00:23:40.817615+00:00,1286688,067,2588,37,0,1790556331,,,SCHEDULED
2026-09-28T00:23:40.817615+00:00,1286688,067,2589,38,0,1790556395,,,SCHEDULED
2026-09-28T00:23:40.817615+00:00,1286688,067,2590,39,0,1790556425,,,SCHEDULED
2026-09-28T00:23:40.817615+00:00,1286688,067,2591,40,0,1790556468,,,SCHEDULED
2026-09-28T00:23:40.817615+00:00,1286688,067,2592,41,0,1790556575,,,SCHEDULED
2026-09-28T00:23:40.817615+00:00,1286688,067,2593,42,0,1790556621,,,SCHEDULED
2026-09-28T00:23:40.817615+00:00,1286688,067,2594,43,0,1790556679,,,SCHEDULED
2026-09-28T00:23:40.817615+00:00,1286688,067,2595,44,0,1790556711,,,SCHEDULED
2026-09-28T00:23:40.817615+00:00,1286688,067,2596,45,0,1790556733,,,SCHEDULED
2026-09-28T00:23:40.817615+00:00,1286688,067,2031,46,0,1790556796,,,SCHEDULED
2026-09-28T00:23:40.817615+00:00,1284980,019,780,9,0,1790554815,,,SCHEDULED
2026-09-28T00:23:40.817615+00:00,1284980,019,781,10,0,1790554861,,,SCHEDULED
2026-09-28T00:23:40.817615+00:00,1284980,019,782,11,0,1790555148,,,SCHEDULED
2026-09-28T00:23:40.817615+00:00,1284980,019,783,12,0,1790555169,,,SCHEDULED
2026-09-28T00:23:40.817615+00:00,1284980,019,784,13,0,1790555185,,,SCHEDULED
2026-09-28T00:23:40.817615+00:00,1284980,019,785,14,0,1790555200,,,SCHEDULED
2026-09-28T00:23:40.817615+00:00,1284980,019,786,15,0,1790555254,,,SCHEDULED
2026-09-28T00:23:40.817615+00:00,1284980,019,787,16,0,1790555292,,,SCHEDULED
2026-09-28T00:23:40.817615+00:00,1284980,019,788,17,0,1790555326,,,SCHEDULED
2026-09-28T00:23:40.817615+00:00,1284980,019,789,18,0,1790555353,,,SCHEDULED
2026-09-28T00:23:40.817615+00:00,1284980,019,1212,19,0,1790555410,,,SCHEDULED
2026-09-28T00:23:40.817615+00:00,1284980,019,804,20,0,1790555633,,,SCHEDULED
2026-09-28T00:23:40.817615+00:00,1284980,019,805,21,0,1790555642,,,SCHEDULED
2026-09-28T00:23:40.817615+00:00,1284980,019,806,22,0,1790555665,,,SCHEDULED
2026-09-28T00:23:40.817615+00:00,1284980,019,661,23,0,1790555755,,,SCHEDULED
2026-09-28T00:23:40.817615+00:00,1284980,019,4863,24,0,1790555775,,,SCHEDULED
2026-09-28T00:23:40.817615+00:00,1284980,019,5368,25,0,1790555798,,,SCHEDULED
2026-09-28T00:23:40.817615+00:00,1284980,019,810,26,0,1790555859,,,SCHEDULED
2026-09-28T00:23:40.817615+00:00,1284980,019,811,27,0,1790555894,,,SCHEDULED
2026-09-28T00:23:40.817615+00:00,1284980,019,812,28,0,1790556033,,,SCHEDULED
2026-09-28T00:23:40.817615+00:00,1284980,019,813,29,0,1790556075,,,SCHEDULED
2026-09-28T00:23:40.817615+00:00,1284980,019,814,30,0,1790556107,,,SCHEDULED
2026-09-28T00:23:40.817615+00:00,1284980,019,815,31,0,1790556128,,,SCHEDULED
2026-09-28T00:23:40.817615+00:00,1284980,019,5347,32,0,1790556195,,,SCHEDULED
2026-09-28T00:23:40.817615+00:00,1284980,019,824,33,0,1790556271,,,SCHEDULED
2026-09-28T00:23:40.817615+00:00,1284980,019,825,34,0,1790556326,,,SCHEDULED
2026-09-28T00:23:40.817615+00:00,1284980,019,826,35,0,1790556358,,,SCHEDULED
2026-09-28T00:23:40.817615+00:00,1284980,019,827,36,0,1790556381,,,SCHEDULED
2026-09-28T00:23:40.817615+00:00,1284980,019,5242,37,0,1790556427,,,SCHEDULED
2026-09-28T00:23:40.817615+00:00,1284980,019,829,38,0,1790556464,,,SCHEDULED
2026-09-28T00:23:40.817615+00:00,1284980,019,5271,39,0,1790556576,,,SCHEDULED
2026-09-28T00:23:40.817615+00:00,1285277,023,1482,35,0,1790555093,,,SCHEDULED
2026-09-28T00:23:40.817615+00:00,1285277,023,1483,36,0,1790555125,,,SCHEDULED
2026-09-28T00:23:40.817615+00:00,1285277,023,1484,37,0,1790555150,,,SCHEDULED
2026-09-28T00:23:40.817615+00:00,1285277,023,1485,38,0,1790555193,,,SCHEDULED
2026-09-28T00:23:40.817615+00:00,1285277,023,1486,39,0,1790555209,,,SCHEDULED
2026-09-28T00:23:40.817615+00:00,1285277,023,1488,40,0,1790555291,,,SCHEDULED
2026-09-28T00:23:40.817615+00:00,1285277,023,1489,41,0,1790555342,,,SCHEDULED
2026-09-28T00:23:40.817615+00:00,1285277,023,1490,42,0,1790555361,,,SCHEDULED
2026-09-28T00:23:40.817615+00:00,1285277,023,453,43,0,1790555382,,,SCHEDULED
2026-09-28T00:23:40.817615+00:00,1285277,023,1492,44,0,1790555392,,,SCHEDULED
2026-09-28T00:23:40.817615+00:00,1285277,023,1493,45,0,1790555433,,,SCHEDULED
2026-09-28T00:23:40.817615+00:00,1285277,023,1494,46,0,1790555464,,,SCHEDULED
2026-09-28T00:23:40.817615+00:00,1285277,023,1495,47,0,1790555556,,,SCHEDULED
2026-09-28T00:23:40.817615+00:00,1285277,023,5364,48,0,1790555633,,,SCHEDULED
2026-09-28T00:23:40.817615+00:00,1285277,023,1497,49,0,1790555685,,,SCHEDULED
2026-09-28T00:23:40.817615+00:00,1285277,023,1499,50,0,1790555763,,,SCHEDULED
2026-09-28T00:23:40.817615+00:00,1285277,023,1500,51,0,1790555792,,,SCHEDULED
2026-09-28T00:23:40.817615+00:00,1285277,023,1501,52,0,1790555812,,,SCHEDULED
2026-09-28T00:23:40.817615+00:00,1285277,023,1502,53,0,1790555876,,,SCHEDULED
2026-09-28T00:23:40.817615+00:00,1285277,023,1503,54,0,1790555917,,,SCHEDULED
2026-09-28T00:23:40.817615+00:00,1285277,023,1504,55,0,1790555937,,,SCHEDULED
2026-09-28T00:23:40.817615+00:00,1285277,023,1505,56,0,1790555964,,,SCHEDULED
2026-09-28T00:23:40.817615+00:00,1285277,023,1314,57,0,1790556041,,,SCHEDULED
2026-09-28T00:23:40.817615+00:00,1285277,023,1315,58,0,1790556119,,,SCHEDULED
2026-09-28T00:23:40.817615+00:00,1285277,023,1316,59,0,1790556162,,,SCHEDULED
2026-09-28T00:23:40.817615+00:00,1285277,023,1317,60,0,1790556177,,,SCHEDULED
2026-09-28T00:23:40.817615+00:00,1285277,023,1318,61,0,1790556205,,,SCHEDULED
2026-09-28T00:23:40.817615+00:00,1285277,023,2807,62,0,1790556336,,,SCHEDULED
2026-09-28T00:23:40.817615+00:00,1284342,010,11028,3,0,1790555117,,,SCHEDULED
2026-09-28T00:23:40.817615+00:00,1284342,010,11204,4,0,1790555155,,,SCHEDULED
2026-09-28T00:23:40.817615+00:00,1284342,010,11205,5,0,1790555182,,,SCHEDULED
2026-09-28T00:23:40.817615+00:00,1284342,010,11102,6,0,1790555224,,,SCHEDULED
2026-09-28T00:23:40.817615+00:00,1284342,010,11071,7,0,1790555266,,,SCHEDULED
2026-09-28T00:23:40.817615+00:00,1284342,010,11050,8,0,1790555385,,,SCHEDULED
2026-09-28T00:23:40.817615+00:00,1284342,010,11039,9,0,1790555549,,,SCHEDULED
2026-09-28T00:23:40.817615+00:00,1284342,010,11040,10,0,1790555567,,,SCHEDULED
2026-09-28T00:23:40.817615+00:00,1284342,010,11135,11,0,1790555627,,,SCHEDULED
2026-09-28T00:23:40.817615+00:00,1284342,010,11104,12,0,1790555654,,,SCHEDULED
2026-09-28T00:23:40.817615+00:00,1284342,010,11108,13,0,1790555692,,,SCHEDULED
2026-09-28T00:23:40.817615+00:00,1284342,010,11127,14,0,1790555747,,,SCHEDULED
2026-09-28T00:23:40.817615+00:00,1284342,010,11002,15,0,1790555912,,,SCHEDULED
2026-09-28T00:23:40.817615+00:00,1284342,010,11157,16,0,1790556042,,,SCHEDULED
2026-09-28T00:23:40.817615+00:00,1284342,010,11033,17,0,1790556111,,,SCHEDULED
2026-09-28T00:23:40.817615+00:00,1284342,010,11035,18,0,1790556331,,,SCHEDULED
2026-09-28T00:23:40.817615+00:00,1284342,010,11034,19,0,1790556391,,,SCHEDULED
2026-09-28T00:23:40.817615+00:00,1284342,010,11036,20,0,1790556494,,,SCHEDULED
2026-09-28T00:23:40.817615+00:00,1284342,010,11109,21,0,1790556679,,,SCHEDULED
2026-09-28T00:23:40.817615+00:00,1284342,010,11118,22,0,1790556723,,,SCHEDULED
2026-09-28T00:23:40.817615+00:00,1284342,010,11119,23,0,1790556784,,,SCHEDULED
2026-09-28T00:23:40.817615+00:00,1287777,086,699,27,0,1790555031,,,SCHEDULED
2026-09-28T00:23:40.817615+00:00,1287777,086,703,28,0,1790555110,,,SCHEDULED
2026-09-28T00:23:40.817615+00:00,1287777,086,700,29,0,1790555153,,,SCHEDULED
2026-09-28T00:23:40.817615+00:00,1287777,086,706,30,0,1790555241,,,SCHEDULED
2026-09-28T00:23:40.817615+00:00,1287777,086,707,31,0,1790555280,,,SCHEDULED
2026-09-28T00:23:40.817615+00:00,1287777,086,708,32,0,1790555310,,,SCHEDULED
2026-09-28T00:23:40.817615+00:00,1287777,086,834,33,0,1790555370,,,SCHEDULED
2026-09-28T00:23:40.817615+00:00,1287777,086,835,34,0,1790555400,,,SCHEDULED
2026-09-28T00:23:40.817615+00:00,1287777,086,836,35,0,1790555429,,,SCHEDULED
2026-09-28T00:23:40.817615+00:00,1287777,086,838,36,0,1790555483,,,SCHEDULED
2026-09-28T00:23:40.817615+00:00,1287777,086,839,37,0,1790555521,,,SCHEDULED
2026-09-28T00:23:40.817615+00:00,1287777,086,840,38,0,1790555572,,,SCHEDULED
2026-09-28T00:23:40.817615+00:00,1287777,086,581,39,0,1790555632,,,SCHEDULED
2026-09-28T00:23:40.817615+00:00,1287777,086,582,40,0,1790555666,,,SCHEDULED
2026-09-28T00:23:40.817615+00:00,1287777,086,583,41,0,1790555691,,,SCHEDULED
2026-09-28T00:23:40.817615+00:00,1287777,086,584,42,0,1790555731,,,SCHEDULED
2026-09-28T00:23:40.817615+00:00,1287777,086,585,43,0,1790555800,,,SCHEDULED
2026-09-28T00:23:40.817615+00:00,1287777,086,586,44,0,1790555838,,,SCHEDULED
2026-09-28T00:23:40.817615+00:00,1284224,001,3349,15,0,1790555066,,,SCHEDULED
2026-09-28T00:23:40.817615+00:00,1284224,001,3350,16,0,1790555108,,,SCHEDULED
2026-09-28T00:23:40.817615+00:00,1284224,001,3351,17,0,1790555134,,,SCHEDULED
2026-09-28T00:23:40.817615+00:00,1284224,001,3352,18,0,1790555215,,,SCHEDULED
2026-09-28T00:23:40.817615+00:00,1284224,001,3353,19,0,1790555275,,,SCHEDULED
2026-09-28T00:23:40.817615+00:00,1284224,001,3354,20,0,1790555314,,,SCHEDULED
2026-09-28T00:23:40.817615+00:00,1284224,001,3355,21,0,1790555457,,,SCHEDULED
2026-09-28T00:23:40.817615+00:00,1284224,001,3356,22,0,1790555529,,,SCHEDULED
2026-09-28T00:23:40.817615+00:00,1284224,001,3357,23,0,1790555651,,,SCHEDULED
2026-09-28T00:23:40.817615+00:00,1284224,001,563,24,0,1790555726,,,SCHEDULED
2026-09-28T00:23:40.817615+00:00,1284224,001,565,25,0,1790555790,,,SCHEDULED
2026-09-28T00:23:40.817615+00:00,1284224,001,566,26,0,1790555853,,,SCHEDULED
2026-09-28T00:23:40.817615+00:00,1284224,001,567,27,0,1790555879,,,SCHEDULED
2026-09-28T00:23:40.817615+00:00,1284224,001,568,28,0,1790555948,,,SCHEDULED
2026-09-28T00:23:40.817615+00:00,1284224,001,570,29,0,1790555976,,,SCHEDULED
2026-09-28T00:23:40.817615+00:00,1284224,001,573,30,0,1790556006,,,SCHEDULED
2026-09-28T00:23:40.817615+00:00,1284224,001,3097,31,0,1790556044,,,SCHEDULED
2026-09-28T00:23:40.817615+00:00,1284224,001,3098,32,0,1790556078,,,SCHEDULED
2026-09-28T00:23:40.817615+00:00,1284466,011,2425,1,,,0,1790555100,SCHEDULED
2026-09-28T00:23:40.817615+00:00,1284466,011,2501,2,0,1790555199,,,SCHEDULED
2026-09-28T00:23:40.817615+00:00,1284466,011,5353,3,0,1790555216,,,SCHEDULED
2026-09-28T00:23:40.817615+00:00,1284466,011,3214,4,0,1790555301,,,SCHEDULED
2026-09-28T00:23:40.817615+00:00,1284466,011,2276,5,0,1790555376,,,SCHEDULED
2026-09-28T00:23:40.817615+00:00,1284466,011,8303,6,0,1790555411,,,SCHEDULED
2026-09-28T00:23:40.817615+00:00,1284466,011,8302,7,0,1790555457,,,SCHEDULED
2026-09-28T00:23:40.817615+00:00,1284466,011,1046,8,0,1790555609,,,SCHEDULED
2026-09-28T00:23:40.817615+00:00,1284466,011,1047,9,0,1790555685,,,SCHEDULED
2026-09-28T00:23:40.817615+00:00,1284466,011,1049,10,0,1790555730,,,SCHEDULED
2026-09-28T00:23:40.817615+00:00,1284466,011,1050,11,0,1790555747,,,SCHEDULED
2026-09-28T00:23:40.817615+00:00,1284466,011,1051,12,0,1790555767,,,SCHEDULED
2026-09-28T00:23:40.817615+00:00,1284466,011,215,13,0,1790555961,,,SCHEDULED
2026-09-28T00:23:40.817615+00:00,1284466,011,216,14,0,1790555984,,,SCHEDULED
2026-09-28T00:23:40.817615+00:00,1284466,011,217,15,0,1790555995,,,SCHEDULED
2026-09-28T00:23:40.817615+00:00,1284466,011,218,16,0,1790556012,,,SCHEDULED
2026-09-28T00:23:40.817615+00:00,1284466,011,219,17,0,1790556025,,,SCHEDULED
2026-09-28T00:23:40.817615+00:00,1284466,011,1926,18,0,1790556089,,,SCHEDULED
2026-09-28T00:23:40.817615+00:00,1284466,011,1940,19,0,1790556097,,,SCHEDULED
2026-09-28T00:23:40.817615+00:00,1284466,011,1770,20,0,1790556103,,,SCHEDULED
2026-09-28T00:23:40.817615+00:00,1284466,011,1771,21,0,1790556108,,,SCHEDULED
2026-09-28T00:23:40.817615+00:00,1284466,011,1772,22,0,1790556144,,,SCHEDULED
2026-09-28T00:23:40.817615+00:00,1284466,011,1773,23,0,1790556182,,,SCHEDULED
2026-09-28T00:23:40.817615+00:00,1284466,011,1774,24,0,1790556196,,,SCHEDULED
2026-09-28T00:23:40.817615+00:00,1284466,011,1775,25,0,1790556202,,,SCHEDULED
2026-09-28T00:23:40.817615+00:00,1284466,011,1776,26,0,1790556213,,,SCHEDULED
2026-09-28T00:23:40.817615+00:00,1284466,011,325,27,0,1790556358,,,SCHEDULED
2026-09-28T00:23:40.817615+00:00,1284466,011,327,29,0,1790556446,,,SCHEDULED
2026-09-28T00:23:40.817615+00:00,1284466,011,328,30,0,1790556495,,,SCHEDULED
2026-09-28T00:23:40.817615+00:00,1284466,011,329,31,0,1790556536,,,SCHEDULED
2026-09-28T00:23:40.817615+00:00,1284466,011,330,32,0,1790556735,,,SCHEDULED
2026-09-28T00:23:40.817615+00:00,1284466,011,331,33,0,1790556763,,,SCHEDULED
2026-09-28T00:23:40.817615+00:00,1284466,011,668,34,0,1790556778,,,SCHEDULED
2026-09-28T00:23:40.817615+00:00,1284223,001,1184,1,,,0,1790556227,SCHEDULED
2026-09-28T00:23:40.817615+00:00,1284223,001,3301,2,0,1790556232,,,SCHEDULED
2026-09-28T00:23:40.817615+00:00,1284223,001,1187,3,0,1790556309,,,SCHEDULED
2026-09-28T00:23:40.817615+00:00,1284223,001,1188,4,0,1790556486,,,SCHEDULED
2026-09-28T00:23:40.817615+00:00,1284223,001,1189,5,0,1790556527,,,SCHEDULED
2026-09-28T00:23:40.817615+00:00,1284223,001,1190,6,0,1790556576,,,SCHEDULED
2026-09-28T00:23:40.817615+00:00,1284223,001,1191,7,0,1790556605,,,SCHEDULED
2026-09-28T00:23:40.817615+00:00,1284223,001,1192,8,0,1790556651,,,SCHEDULED
2026-09-28T00:23:40.817615+00:00,1284223,001,1193,9,0,1790556712,,,SCHEDULED
2026-09-28T00:23:40.817615+00:00,1284223,001,1195,10,0,1790556802,,,SCHEDULED
2026-09-28T00:23:40.817615+00:00,1284984,019,717,21,0,1790555027,,,SCHEDULED
2026-09-28T00:23:40.817615+00:00,1284984,019,731,22,0,1790555254,,,SCHEDULED
2026-09-28T00:23:40.817615+00:00,1284984,019,732,23,0,1790555286,,,SCHEDULED
2026-09-28T00:23:40.817615+00:00,1284984,019,733,24,0,1790555307,,,SCHEDULED
2026-09-28T00:23:40.817615+00:00,1284984,019,734,25,0,1790555321,,,SCHEDULED
2026-09-28T00:23:40.817615+00:00,1284984,019,735,26,0,1790555348,,,SCHEDULED
2026-09-28T00:23:40.817615+00:00,1284984,019,736,27,0,1790555391,,,SCHEDULED
2026-09-28T00:23:40.817615+00:00,1284984,019,737,28,0,1790555409,,,SCHEDULED
2026-09-28T00:23:40.817615+00:00,1284984,019,738,29,0,1790555425,,,SCHEDULED
2026-09-28T00:23:40.817615+00:00,1284984,019,739,30,0,1790555444,,,SCHEDULED
2026-09-28T00:23:40.817615+00:00,1284984,019,740,31,0,1790555460,,,SCHEDULED
2026-09-28T00:23:40.817615+00:00,1284984,019,741,32,0,1790555489,,,SCHEDULED
2026-09-28T00:23:40.817615+00:00,1284984,019,1333,33,0,1790555643,,,SCHEDULED
2026-09-28T00:23:40.817615+00:00,1284984,019,3115,34,0,1790556180,,,SCHEDULED
2026-09-28T00:23:40.817615+00:00,1284984,019,3116,35,0,1790556206,,,SCHEDULED
2026-09-28T00:23:40.817615+00:00,1284984,019,3117,36,0,1790556226,,,SCHEDULED
2026-09-28T00:23:40.817615+00:00,1284984,019,3118,37,0,1790556260,,,SCHEDULED
2026-09-28T00:23:40.817615+00:00,1284984,019,3119,38,0,1790556277,,,SCHEDULED
2026-09-28T00:23:40.817615+00:00,1284984,019,3121,39,0,1790556318,,,SCHEDULED
2026-09-28T00:23:40.817615+00:00,1284984,019,3122,40,0,1790556351,,,SCHEDULED
2026-09-28T00:23:40.817615+00:00,1284984,019,3123,41,0,1790556398,,,SCHEDULED
2026-09-28T00:23:40.817615+00:00,1284984,019,3124,42,0,1790556441,,,SCHEDULED
2026-09-28T00:23:40.817615+00:00,1284984,019,3125,43,0,1790556474,,,SCHEDULED
2026-09-28T00:23:40.817615+00:00,1284984,019,3696,44,0,1790556551,,,SCHEDULED
2026-09-28T00:23:40.817615+00:00,1285677,030,275,1,,,0,1790555445,SCHEDULED
2026-09-28T00:23:40.817615+00:00,1285677,030,1689,2,0,1790555584,,,SCHEDULED
2026-09-28T00:23:40.817615+00:00,1285677,030,1691,3,0,1790555642,,,SCHEDULED
2026-09-28T00:23:40.817615+00:00,1285677,030,1692,4,0,1790555652,,,SCHEDULED
2026-09-28T00:23:40.817615+00:00,1285677,030,1693,5,0,1790555678,,,SCHEDULED
2026-09-28T00:23:40.817615+00:00,1285677,030,1694,6,0,1790555694,,,SCHEDULED
2026-09-28T00:23:40.817615+00:00,1285677,030,1695,7,0,1790555703,,,SCHEDULED
2026-09-28T00:23:40.817615+00:00,1285677,030,1697,8,0,1790555735,,,SCHEDULED
2026-09-28T00:23:40.817615+00:00,1285677,030,1699,9,0,1790555774,,,SCHEDULED
2026-09-28T00:23:40.817615+00:00,1285677,030,1700,10,0,1790555817,,,SCHEDULED
2026-09-28T00:23:40.817615+00:00,1285677,030,1701,11,0,1790555836,,,SCHEDULED
2026-09-28T00:23:40.817615+00:00,1285677,030,1702,12,0,1790555875,,,SCHEDULED
2026-09-28T00:23:40.817615+00:00,1285677,030,1703,13,0,1790555904,,,SCHEDULED
2026-09-28T00:23:40.817615+00:00,1285677,030,1704,14,0,1790555956,,,SCHEDULED
2026-09-28T00:23:40.817615+00:00,1285677,030,1705,15,0,1790556063,,,SCHEDULED
2026-09-28T00:23:40.817615+00:00,1285677,030,1707,16,0,1790556174,,,SCHEDULED
2026-09-28T00:23:40.817615+00:00,1285677,030,1708,17,0,1790556257,,,SCHEDULED
2026-09-28T00:23:40.817615+00:00,1285677,030,1709,18,0,1790556304,,,SCHEDULED
2026-09-28T00:23:40.817615+00:00,1285677,030,1710,19,0,1790556347,,,SCHEDULED
2026-09-28T00:23:40.817615+00:00,1285677,030,1711,20,0,1790556403,,,SCHEDULED
2026-09-28T00:23:40.817615+00:00,1285677,030,519,21,0,1790556436,,,SCHEDULED
2026-09-28T00:23:40.817615+00:00,1285677,030,521,22,0,1790556510,,,SCHEDULED
2026-09-28T00:23:40.817615+00:00,1285677,030,522,23,0,1790556576,,,SCHEDULED
2026-09-28T00:23:40.817615+00:00,1285677,030,525,24,0,1790556693,,,SCHEDULED
2026-09-28T00:23:40.817615+00:00,1285677,030,526,25,0,1790556778,,,SCHEDULED
2026-09-28T00:23:40.817615+00:00,1285677,030,527,26,0,1790556801,,,SCHEDULED
2026-09-28T00:23:40.817615+00:00,1286406,061,3131,1,,,0,1790555571,SCHEDULED
2026-09-28T00:23:40.817615+00:00,1286406,061,1860,2,0,1790555587,,,SCHEDULED
2026-09-28T00:23:40.817615+00:00,1286406,061,1861,3,0,1790555645,,,SCHEDULED
2026-09-28T00:23:40.817615+00:00,1286406,061,1862,4,0,1790555841,,,SCHEDULED
2026-09-28T00:23:40.817615+00:00,1286406,061,1863,5,0,1790555919,,,SCHEDULED
2026-09-28T00:23:40.817615+00:00,1286406,061,1864,6,0,1790556030,,,SCHEDULED
2026-09-28T00:23:40.817615+00:00,1286406,061,1865,7,0,1790556066,,,SCHEDULED
2026-09-28T00:23:40.817615+00:00,1286406,061,1866,8,0,1790556093,,,SCHEDULED
2026-09-28T00:23:40.817615+00:00,1286406,061,1867,9,0,1790556138,,,SCHEDULED
2026-09-28T00:23:40.817615+00:00,1286406,061,1868,10,0,1790556180,,,SCHEDULED
2026-09-28T00:23:40.817615+00:00,1286406,061,1870,11,0,1790556227,,,SCHEDULED
2026-09-28T00:23:40.817615+00:00,1286406,061,1871,12,0,1790556260,,,SCHEDULED
2026-09-28T00:23:40.817615+00:00,1286406,061,1872,13,0,1790556274,,,SCHEDULED
2026-09-28T00:23:40.817615+00:00,1286406,061,1873,14,0,1790556316,,,SCHEDULED
2026-09-28T00:23:40.817615+00:00,1286406,061,1874,15,0,1790556372,,,SCHEDULED
2026-09-28T00:23:40.817615+00:00,1286406,061,1875,16,0,1790556414,,,SCHEDULED
2026-09-28T00:23:40.817615+00:00,1286406,061,1876,17,0,1790556449,,,SCHEDULED
2026-09-28T00:23:40.817615+00:00,1286406,061,1877,18,0,1790556491,,,SCHEDULED
2026-09-28T00:23:40.817615+00:00,1286406,061,1878,19,0,1790556559,,,SCHEDULED
2026-09-28T00:23:40.817615+00:00,1286406,061,1879,20,0,1790556594,,,SCHEDULED
2026-09-28T00:23:40.817615+00:00,1286406,061,2201,21,0,1790556660,,,SCHEDULED
2026-09-28T00:23:40.817615+00:00,1286406,061,2202,22,0,1790556695,,,SCHEDULED
2026-09-28T00:23:40.817615+00:00,1286406,061,2203,23,0,1790556728,,,SCHEDULED
2026-09-28T00:23:40.817615+00:00,1286406,061,2204,24,0,1790556763,,,SCHEDULED
2026-09-28T00:23:40.817615+00:00,1284467,011,8923,40,0,1790555041,,,SCHEDULED
2026-09-28T00:23:40.817615+00:00,1284467,011,8924,41,0,1790555074,,,SCHEDULED
2026-09-28T00:23:40.817615+00:00,1284467,011,8925,42,0,1790555109,,,SCHEDULED
2026-09-28T00:23:40.817615+00:00,1284467,011,8926,43,0,1790555155,,,SCHEDULED
2026-09-28T00:23:40.817615+00:00,1284467,011,8927,44,0,1790555204,,,SCHEDULED
2026-09-28T00:23:40.817615+00:00,1284467,011,4710,45,0,1790555390,,,SCHEDULED
2026-09-28T00:23:40.817615+00:00,1284467,011,8928,46,0,1790555455,,,SCHEDULED
2026-09-28T00:23:40.817615+00:00,1284467,011,8929,47,0,1790555558,,,SCHEDULED
2026-09-28T00:23:40.817615+00:00,1284467,011,8930,48,0,1790555607,,,SCHEDULED
2026-09-28T00:23:40.817615+00:00,1284467,011,543,49,0,1790555658,,,SCHEDULED
2026-09-28T00:23:40.817615+00:00,1284467,011,5348,50,0,1790555751,,,SCHEDULED
2026-09-28T00:23:40.817615+00:00,1284467,011,5201,51,0,1790555807,,,SCHEDULED
2026-09-28T00:23:40.817615+00:00,1284467,011,8900,52,0,1790555964,,,SCHEDULED
2026-09-28T00:23:40.817615+00:00,1284467,011,8901,53,0,1790555986,,,SCHEDULED
2026-09-28T00:23:40.817615+00:00,1284467,011,8902,54,0,1790556051,,,SCHEDULED
2026-09-28T00:23:40.817615+00:00,1284467,011,8903,55,0,1790556116,,,SCHEDULED
2026-09-28T00:23:40.817615+00:00,1284467,011,8904,56,0,1790556167,,,SCHEDULED
2026-09-28T00:23:40.817615+00:00,1284467,011,8905,57,0,1790556219,,,SCHEDULED
2026-09-28T00:23:40.817615+00:00,1284467,011,8906,58,0,1790556270,,,SCHEDULED
2026-09-28T00:23:40.817615+00:00,1284467,011,8907,59,0,1790556316,,,SCHEDULED
2026-09-28T00:23:40.817615+00:00,1284467,011,8908,60,0,1790556343,,,SCHEDULED
2026-09-28T00:23:40.817615+00:00,1287778,086,418,1,,,0,1790556015,SCHEDULED
2026-09-28T00:23:40.817615+00:00,1287778,086,4763,2,0,1790556069,,,SCHEDULED
2026-09-28T00:23:40.817615+00:00,1287778,086,113,3,0,1790556124,,,SCHEDULED
2026-09-28T00:23:40.817615+00:00,1287778,086,525,4,0,1790556200,,,SCHEDULED
2026-09-28T00:23:40.817615+00:00,1287778,086,526,5,0,1790556270,,,SCHEDULED
2026-09-28T00:23:40.817615+00:00,1287778,086,527,6,0,1790556326,,,SCHEDULED
2026-09-28T00:23:40.817615+00:00,1287778,086,528,7,0,1790556352,,,SCHEDULED
2026-09-28T00:23:40.817615+00:00,1287778,086,5252,8,0,1790556405,,,SCHEDULED
2026-09-28T00:23:40.817615+00:00,1287778,086,531,9,0,1790556418,,,SCHEDULED
2026-09-28T00:23:40.817615+00:00,1286129,051,668,1,,,0,1790556120,SCHEDULED
2026-09-28T00:23:40.817615+00:00,1286129,051,221,2,0,1790556183,,,SCHEDULED
2026-09-28T00:23:40.817615+00:00,1286129,051,222,3,0,1790556207,,,SCHEDULED
2026-09-28T00:23:40.817615+00:00,1286129,051,223,4,0,1790556236,,,SCHEDULED
2026-09-28T00:23:40.817615+00:00,1286129,051,225,5,0,1790556300,,,SCHEDULED
2026-09-28T00:23:40.817615+00:00,1286129,051,226,6,0,1790556339,,,SCHEDULED
2026-09-28T00:23:40.817615+00:00,1286129,051,108,7,0,1790556390,,,SCHEDULED
2026-09-28T00:23:40.817615+00:00,1286129,051,123,8,0,1790556441,,,SCHEDULED
2026-09-28T00:23:40.817615+00:00,1286129,051,125,9,0,1790556513,,,SCHEDULED
2026-09-28T00:23:40.817615+00:00,1286129,051,126,10,0,1790556557,,,SCHEDULED
2026-09-28T00:23:40.817615+00:00,1286129,051,127,11,0,1790556582,,,SCHEDULED
2026-09-28T00:23:40.817615+00:00,1286129,051,128,12,0,1790556654,,,SCHEDULED
2026-09-28T00:23:40.817615+00:00,1286129,051,227,13,0,1790556720,,,SCHEDULED
2026-09-28T00:23:40.817615+00:00,1286129,051,229,14,0,1790556767,,,SCHEDULED
2026-09-28T00:23:40.817615+00:00,1285877,038,282,1,,,0,1790555460,SCHEDULED
2026-09-28T00:23:40.817615+00:00,1285877,038,414,2,0,1790555770,,,SCHEDULED
2026-09-28T00:23:40.817615+00:00,1285877,038,415,3,0,1790555815,,,SCHEDULED
2026-09-28T00:23:40.817615+00:00,1285877,038,416,4,0,1790555891,,,SCHEDULED
2026-09-28T00:23:40.817615+00:00,1285877,038,418,5,0,1790555978,,,SCHEDULED
2026-09-28T00:23:40.817615+00:00,1285877,038,4763,6,0,1790556128,,,SCHEDULED
2026-09-28T00:23:40.817615+00:00,1285877,038,1716,7,0,1790556199,,,SCHEDULED
2026-09-28T00:23:40.817615+00:00,1285877,038,1717,8,0,1790556243,,,SCHEDULED
2026-09-28T00:23:40.817615+00:00,1285877,038,1718,9,0,1790556307,,,SCHEDULED
2026-09-28T00:23:40.817615+00:00,1285877,038,1720,10,0,1790556389,,,SCHEDULED
2026-09-28T00:23:40.817615+00:00,1285877,038,1721,11,0,1790556501,,,SCHEDULED
2026-09-28T00:23:40.817615+00:00,1285877,038,1722,12,0,1790556552,,,SCHEDULED
2026-09-28T00:23:40.817615+00:00,1285877,038,1723,13,0,1790556581,,,SCHEDULED
2026-09-28T00:23:40.817615+00:00,1285877,038,2651,14,0,1790556719,,,SCHEDULED
2026-09-28T00:23:40.817615+00:00,1285877,038,2653,15,0,1790556798,,,SCHEDULED
2026-09-28T00:23:40.817615+00:00,1284747,013,1334,1,,,0,1790556134,SCHEDULED
2026-09-28T00:23:40.817615+00:00,1284747,013,1335,2,0,1790556266,,,SCHEDULED
2026-09-28T00:23:40.817615+00:00,1284747,013,1347,3,0,1790556483,,,SCHEDULED
2026-09-28T00:23:40.817615+00:00,1284747,013,8909,4,0,1790556574,,,SCHEDULED
2026-09-28T00:23:40.817615+00:00,1284747,013,8911,5,0,1790556605,,,SCHEDULED
2026-09-28T00:23:40.817615+00:00,1284747,013,8910,6,0,1790556682,,,SCHEDULED
2026-09-28T00:23:40.817615+00:00,1286528,062,4144,6,0,1790555002,,,SCHEDULED
2026-09-28T00:23:40.817615+00:00,1286528,062,4145,7,0,1790555012,,,SCHEDULED
2026-09-28T00:23:40.817615+00:00,1286528,062,4146,8,0,1790555030,,,SCHEDULED
2026-09-28T00:23:40.817615+00:00,1286528,062,506,9,0,1790555081,,,SCHEDULED
2026-09-28T00:23:40.817615+00:00,1286528,062,507,10,0,1790555095,,,SCHEDULED
2026-09-28T00:23:40.817615+00:00,1286528,062,508,11,0,1790555220,,,SCHEDULED
2026-09-28T00:23:40.817615+00:00,1286528,062,509,12,0,1790555247,,,SCHEDULED
2026-09-28T00:23:40.817615+00:00,1286528,062,510,13,0,1790555270,,,SCHEDULED
2026-09-28T00:23:40.817615+00:00,1286528,062,511,14,0,1790555304,,,SCHEDULED
2026-09-28T00:23:40.817615+00:00,1286528,062,513,15,0,1790555418,,,SCHEDULED
2026-09-28T00:23:40.817615+00:00,1286528,062,514,16,0,1790555473,,,SCHEDULED
2026-09-28T00:23:40.817615+00:00,1286528,062,515,17,0,1790555498,,,SCHEDULED
2026-09-28T00:23:40.817615+00:00,1286528,062,516,18,0,1790555527,,,SCHEDULED
2026-09-28T00:23:40.817615+00:00,1286528,062,517,19,0,1790555541,,,SCHEDULED
2026-09-28T00:23:40.817615+00:00,1286528,062,518,20,0,1790555582,,,SCHEDULED
2026-09-28T00:23:40.817615+00:00,1286528,062,2331,21,0,1790555608,,,SCHEDULED
2026-09-28T00:23:40.817615+00:00,1286528,062,2332,22,0,1790555637,,,SCHEDULED
2026-09-28T00:23:40.817615+00:00,1286528,062,2333,23,0,1790555660,,,SCHEDULED
2026-09-28T00:23:40.817615+00:00,1286528,062,2334,24,0,1790555686,,,SCHEDULED
2026-09-28T00:23:40.817615+00:00,1286528,062,2335,25,0,1790555718,,,SCHEDULED
2026-09-28T00:23:40.817615+00:00,1286528,062,1352,26,0,1790555727,,,SCHEDULED
2026-09-28T00:23:40.817615+00:00,1286528,062,2337,27,0,1790555785,,,SCHEDULED
2026-09-28T00:23:40.817615+00:00,1286528,062,2338,28,0,1790555846,,,SCHEDULED
2026-09-28T00:23:40.817615+00:00,1286528,062,2339,29,0,1790555903,,,SCHEDULED
2026-09-28T00:23:40.817615+00:00,1286528,062,2341,30,0,1790555928,,,SCHEDULED
2026-09-28T00:23:40.817615+00:00,1286528,062,2342,31,0,1790555977,,,SCHEDULED
2026-09-28T00:23:40.817615+00:00,1286528,062,2229,32,0,1790556111,,,SCHEDULED
2026-09-28T00:23:40.817615+00:00,1286528,062,2230,33,0,1790556204,,,SCHEDULED
2026-09-28T00:23:40.817615+00:00,1286528,062,2231,34,0,1790556239,,,SCHEDULED
2026-09-28T00:23:40.817615+00:00,1286528,062,2232,35,0,1790556262,,,SCHEDULED
2026-09-28T00:23:40.817615+00:00,1286528,062,2233,36,0,1790556342,,,SCHEDULED
2026-09-28T00:23:40.817615+00:00,1286528,062,2234,37,0,1790556363,,,SCHEDULED
2026-09-28T00:23:40.817615+00:00,1286528,062,2235,38,0,1790556406,,,SCHEDULED
2026-09-28T00:23:40.817615+00:00,1286528,062,2236,39,0,1790556460,,,SCHEDULED
2026-09-28T00:23:40.817615+00:00,1286528,062,2237,40,0,1790556493,,,SCHEDULED
2026-09-28T00:23:40.817615+00:00,1286528,062,2238,41,0,1790556507,,,SCHEDULED
2026-09-28T00:23:40.817615+00:00,1286528,062,2239,42,0,1790556525,,,SCHEDULED
2026-09-28T00:23:40.817615+00:00,1286528,062,2240,43,0,1790556557,,,SCHEDULED
2026-09-28T00:23:40.817615+00:00,1286528,062,2241,44,0,1790556586,,,SCHEDULED
2026-09-28T00:23:40.817615+00:00,1286528,062,2242,45,0,1790556692,,,SCHEDULED
2026-09-28T00:23:40.817615+00:00,1286528,062,2243,46,0,1790556703,,,SCHEDULED
2026-09-28T00:23:40.817615+00:00,1286528,062,2244,47,0,1790556728,,,SCHEDULED
2026-09-28T00:23:40.817615+00:00,1286407,061,2224,45,0,1790555037,,,SCHEDULED
2026-09-28T00:23:40.817615+00:00,1286407,061,2225,46,0,1790555060,,,SCHEDULED
2026-09-28T00:23:40.817615+00:00,1286407,061,2226,47,0,1790555094,,,SCHEDULED
2026-09-28T00:23:40.817615+00:00,1286407,061,2227,48,0,1790555128,,,SCHEDULED
2026-09-28T00:23:40.817615+00:00,1286407,061,2228,49,0,1790555160,,,SCHEDULED
2026-09-28T00:23:40.817615+00:00,1286407,061,6100,50,0,1790555199,,,SCHEDULED
2026-09-28T00:23:40.817615+00:00,1286407,061,997,51,0,1790555355,,,SCHEDULED
2026-09-28T00:23:40.817615+00:00,1286407,061,998,52,0,1790555400,,,SCHEDULED
2026-09-28T00:23:40.817615+00:00,1286407,061,999,53,0,1790555428,,,SCHEDULED
2026-09-28T00:23:40.817615+00:00,1286407,061,249,54,0,1790555458,,,SCHEDULED
2026-09-28T00:23:40.817615+00:00,1286407,061,248,55,0,1790555502,,,SCHEDULED
2026-09-28T00:23:40.817615+00:00,1286407,061,250,56,0,1790555536,,,SCHEDULED
2026-09-28T00:23:40.817615+00:00,1286407,061,264,57,0,1790555641,,,SCHEDULED
2026-09-28T00:23:40.817615+00:00,1286407,061,263,58,0,1790555683,,,SCHEDULED
2026-09-28T00:23:40.817615+00:00,1286407,061,2180,59,0,1790555719,,,SCHEDULED
2026-09-28T00:23:40.817615+00:00,1286407,061,2181,60,0,1790555751,,,SCHEDULED
2026-09-28T00:23:40.817615+00:00,1286407,061,4395,61,0,1790555880,,,SCHEDULED
2026-09-28T00:23:40.817615+00:00,1286407,061,4396,62,0,1790555915,,,SCHEDULED
2026-09-28T00:23:40.817615+00:00,1286407,061,4397,63,0,1790555944,,,SCHEDULED
2026-09-28T00:23:40.817615+00:00,1286407,061,4398,64,0,1790555977,,,SCHEDULED
2026-09-28T00:23:40.817615+00:00,1286407,061,4391,65,0,1790556020,,,SCHEDULED
2026-09-28T00:23:40.817615+00:00,1286407,061,4399,66,0,1790556039,,,SCHEDULED
2026-09-28T00:23:40.817615+00:00,1286407,061,4392,67,0,1790556061,,,SCHEDULED
2026-09-28T00:23:40.817615+00:00,1284748,013,9807,22,0,1790554801,,,SCHEDULED
2026-09-28T00:23:40.817615+00:00,1284748,013,1096,23,0,1790555196,,,SCHEDULED
2026-09-28T00:23:40.817615+00:00,1284748,013,1098,24,0,1790555330,,,SCHEDULED
2026-09-28T00:23:40.817615+00:00,1284748,013,1099,25,0,1790555487,,,SCHEDULED
2026-09-28T00:23:40.817615+00:00,1284748,013,1100,26,0,1790555737,,,SCHEDULED
2026-09-28T00:23:40.817615+00:00,1284748,013,1101,27,0,1790555814,,,SCHEDULED
2026-09-28T00:23:40.817615+00:00,1284748,013,1102,28,0,1790555929,,,SCHEDULED
2026-09-28T00:23:40.817615+00:00,1284748,013,1103,29,0,1790556047,,,SCHEDULED
2026-09-28T00:23:40.817615+00:00,1284748,013,1104,30,0,1790556089,,,SCHEDULED
2026-09-28T00:23:40.817615+00:00,1284748,013,1105,31,0,1790556171,,,SCHEDULED
2026-09-28T00:23:40.817615+00:00,1284748,013,1106,32,0,1790556244,,,SCHEDULED
2026-09-28T00:23:40.817615+00:00,1284748,013,1674,33,0,1790556291,,,SCHEDULED
2026-09-28T00:23:40.817615+00:00,1284748,013,1675,34,0,1790556384,,,SCHEDULED
2026-09-28T00:23:40.817615+00:00,1284748,013,1677,35,0,1790556430,,,SCHEDULED
2026-09-28T00:23:40.817615+00:00,1284748,013,1127,36,0,1790556447,,,SCHEDULED
2026-09-28T00:23:40.817615+00:00,1284748,013,1128,37,0,1790556482,,,SCHEDULED
2026-09-28T00:23:40.817615+00:00,1284748,013,1129,38,0,1790556519,,,SCHEDULED
2026-09-28T00:23:40.817615+00:00,1284748,013,1130,39,0,1790556537,,,SCHEDULED
2026-09-28T00:23:40.817615+00:00,1284748,013,1131,40,0,1790556566,,,SCHEDULED
2026-09-28T00:23:40.817615+00:00,1284748,013,3089,41,0,1790556664,,,SCHEDULED
2026-09-28T00:23:40.817615+00:00,1284748,013,1464,42,0,1790556726,,,SCHEDULED
2026-09-28T00:23:40.817615+00:00,1286280,056,906,1,,,0,1790556480,SCHEDULED
2026-09-28T00:23:40.817615+00:00,1286280,056,286,2,0,1790556805,,,SCHEDULED
2026-09-28T00:23:40.817615+00:00,1288341,142,525,1,,,0,1790555814,SCHEDULED
2026-09-28T00:23:40.817615+00:00,1288341,142,526,2,0,1790555867,,,SCHEDULED
2026-09-28T00:23:40.817615+00:00,1288341,142,527,3,0,1790555900,,,SCHEDULED
2026-09-28T00:23:40.817615+00:00,1288341,142,528,4,0,1790555918,,,SCHEDULED
2026-09-28T00:23:40.817615+00:00,1288341,142,5252,5,0,1790556018,,,SCHEDULED
2026-09-28T00:23:40.817615+00:00,1288341,142,531,6,0,1790556045,,,SCHEDULED
2026-09-28T00:23:40.817615+00:00,1286281,056,2070,22,0,1790555063,,,SCHEDULED
2026-09-28T00:23:40.817615+00:00,1286281,056,2071,23,0,1790555082,,,SCHEDULED
2026-09-28T00:23:40.817615+00:00,1286281,056,497,24,0,1790555162,,,SCHEDULED
2026-09-28T00:23:40.817615+00:00,1286281,056,498,25,0,1790555204,,,SCHEDULED
2026-09-28T00:23:40.817615+00:00,1286281,056,500,26,0,1790555234,,,SCHEDULED
2026-09-28T00:23:40.817615+00:00,1286281,056,501,27,0,1790555265,,,SCHEDULED
2026-09-28T00:23:40.817615+00:00,1286281,056,502,28,0,1790555278,,,SCHEDULED
2026-09-28T00:23:40.817615+00:00,1286281,056,503,29,0,1790555403,,,SCHEDULED
2026-09-28T00:23:40.817615+00:00,1286281,056,504,30,0,1790555505,,,SCHEDULED
2026-09-28T00:23:40.817615+00:00,1286281,056,505,31,0,1790555525,,,SCHEDULED
2026-09-28T00:23:40.817615+00:00,1286281,056,4134,32,0,1790555563,,,SCHEDULED
2026-09-28T00:23:40.817615+00:00,1286281,056,4136,33,0,1790555588,,,SCHEDULED
2026-09-28T00:23:40.817615+00:00,1286281,056,4137,34,0,1790555618,,,SCHEDULED
2026-09-28T00:23:40.817615+00:00,1288020,088,416,26,0,1790555038,,,SCHEDULED
