poll_time,trip_id,route_id,stop_id,stop_sequence,arrival_delay,arrival_time,departure_delay,departure_time,schedule_relationship
2026-09-12T00:18:06.824632+00:00,1284394,011,5348,50,0,1789172272,,,SCHEDULED
2026-09-12T00:18:06.824632+00:00,1284394,011,5201,51,0,1789172328,,,SCHEDULED
2026-09-12T00:18:06.824632+00:00,1284394,011,8900,52,0,1789172485,,,SCHEDULED
2026-09-12T00:18:06.824632+00:00,1284394,011,8901,53,0,1789172507,,,SCHEDULED
2026-09-12T00:18:06.824632+00:00,1284394,011,8902,54,0,1789172572,,,SCHEDULED
2026-09-12T00:18:06.824632+00:00,1284394,011,8903,55,0,1789172637,,,SCHEDULED
2026-09-12T00:18:06.824632+00:00,1284394,011,8904,56,0,1789172688,,,SCHEDULED
2026-09-12T00:18:06.824632+00:00,1284394,011,8905,57,0,1789172740,,,SCHEDULED
2026-09-12T00:18:06.824632+00:00,1284394,011,8906,58,0,1789172791,,,SCHEDULED
2026-09-12T00:18:06.824632+00:00,1284394,011,8907,59,0,1789172837,,,SCHEDULED
2026-09-12T00:18:06.824632+00:00,1284394,011,8908,60,0,1789172864,,,SCHEDULED
2026-09-12T00:18:06.824632+00:00,1288235,138,1434,1,,,0,1789172400,SCHEDULED
2026-09-12T00:18:06.824632+00:00,1288235,138,1811,2,0,1789172452,,,SCHEDULED
2026-09-12T00:18:06.824632+00:00,1286178,056,5200,20,0,1789172340,,,SCHEDULED
2026-09-12T00:18:06.824632+00:00,1286178,056,287,21,0,1789172414,,,SCHEDULED
2026-09-12T00:18:06.824632+00:00,1286178,056,2070,22,0,1789172453,,,SCHEDULED
2026-09-12T00:18:06.824632+00:00,1286178,056,2071,23,0,1789172484,,,SCHEDULED
2026-09-12T00:18:06.824632+00:00,1286178,056,497,24,0,1789172546,,,SCHEDULED
2026-09-12T00:18:06.824632+00:00,1286178,056,498,25,0,1789172615,,,SCHEDULED
2026-09-12T00:18:06.824632+00:00,1286178,056,500,26,0,1789172690,,,SCHEDULED
2026-09-12T00:18:06.824632+00:00,1286178,056,501,27,0,1789172726,,,SCHEDULED
2026-09-12T00:18:06.824632+00:00,1286178,056,502,28,0,1789172765,,,SCHEDULED
2026-09-12T00:18:06.824632+00:00,1286178,056,503,29,0,1789172840,,,SCHEDULED
2026-09-12T00:18:06.824632+00:00,1286178,056,504,30,0,1789172951,,,SCHEDULED
2026-09-12T00:18:06.824632+00:00,1286178,056,505,31,0,1789172987,,,SCHEDULED
2026-09-12T00:18:06.824632+00:00,1286178,056,4134,32,0,1789173023,,,SCHEDULED
2026-09-12T00:18:06.824632+00:00,1286178,056,4136,33,0,1789173093,,,SCHEDULED
2026-09-12T00:18:06.824632+00:00,1286178,056,4137,34,0,1789173175,,,SCHEDULED
2026-09-12T00:18:06.824632+00:00,1286453,062,4143,4,0,1789172303,,,SCHEDULED
2026-09-12T00:18:06.824632+00:00,1286453,062,5251,5,0,1789172373,,,SCHEDULED
2026-09-12T00:18:06.824632+00:00,1286453,062,4144,6,0,1789172404,,,SCHEDULED
2026-09-12T00:18:06.824632+00:00,1286453,062,4145,7,0,1789172422,,,SCHEDULED
2026-09-12T00:18:06.824632+00:00,1286453,062,4146,8,0,1789172456,,,SCHEDULED
2026-09-12T00:18:06.824632+00:00,1286453,062,506,9,0,1789172524,,,SCHEDULED
2026-09-12T00:18:06.824632+00:00,1286453,062,507,10,0,1789172552,,,SCHEDULED
2026-09-12T00:18:06.824632+00:00,1286453,062,508,11,0,1789172625,,,SCHEDULED
2026-09-12T00:18:06.824632+00:00,1286453,062,509,12,0,1789172654,,,SCHEDULED
2026-09-12T00:18:06.824632+00:00,1286453,062,510,13,0,1789172685,,,SCHEDULED
2026-09-12T00:18:06.824632+00:00,1286453,062,511,14,0,1789172724,,,SCHEDULED
2026-09-12T00:18:06.824632+00:00,1286453,062,513,15,0,1789172758,,,SCHEDULED
2026-09-12T00:18:06.824632+00:00,1286453,062,514,16,0,1789172809,,,SCHEDULED
2026-09-12T00:18:06.824632+00:00,1286453,062,515,17,0,1789172858,,,SCHEDULED
2026-09-12T00:18:06.824632+00:00,1286453,062,516,18,0,1789172897,,,SCHEDULED
2026-09-12T00:18:06.824632+00:00,1286453,062,517,19,0,1789172923,,,SCHEDULED
2026-09-12T00:18:06.824632+00:00,1286453,062,518,20,0,1789172972,,,SCHEDULED
2026-09-12T00:18:06.824632+00:00,1286453,062,2331,21,0,1789173018,,,SCHEDULED
2026-09-12T00:18:06.824632+00:00,1286453,062,2332,22,0,1789173047,,,SCHEDULED
2026-09-12T00:18:06.824632+00:00,1286453,062,2333,23,0,1789173075,,,SCHEDULED
2026-09-12T00:18:06.824632+00:00,1286453,062,2334,24,0,1789173101,,,SCHEDULED
2026-09-12T00:18:06.824632+00:00,1286453,062,2335,25,0,1789173129,,,SCHEDULED
2026-09-12T00:18:06.824632+00:00,1286453,062,1352,26,0,1789173145,,,SCHEDULED
2026-09-12T00:18:06.824632+00:00,1286453,062,2337,27,0,1789173197,,,SCHEDULED
2026-09-12T00:18:06.824632+00:00,1286453,062,2338,28,0,1789173295,,,SCHEDULED
2026-09-12T00:18:06.824632+00:00,1286453,062,2339,29,0,1789173357,,,SCHEDULED
2026-09-12T00:18:06.824632+00:00,1286453,062,2341,30,0,1789173429,,,SCHEDULED
2026-09-12T00:18:06.824632+00:00,1286453,062,2342,31,0,1789173470,,,SCHEDULED
2026-09-12T00:18:06.824632+00:00,1286453,062,2229,32,0,1789173538,,,SCHEDULED
2026-09-12T00:18:06.824632+00:00,1286453,062,2230,33,0,1789173577,,,SCHEDULED
2026-09-12T00:18:06.824632+00:00,1286453,062,2231,34,0,1789173606,,,SCHEDULED
2026-09-12T00:18:06.824632+00:00,1286453,062,2232,35,0,1789173636,,,SCHEDULED
2026-09-12T00:18:06.824632+00:00,1286453,062,2233,36,0,1789173695,,,SCHEDULED
2026-09-12T00:18:06.824632+00:00,1286453,062,2234,37,0,1789173719,,,SCHEDULED
2026-09-12T00:18:06.824632+00:00,1286453,062,2235,38,0,1789173788,,,SCHEDULED
2026-09-12T00:18:06.824632+00:00,1286453,062,2236,39,0,1789173838,,,SCHEDULED
2026-09-12T00:18:06.824632+00:00,1286453,062,2237,40,0,1789173905,,,SCHEDULED
2026-09-12T00:18:06.824632+00:00,1286453,062,2238,41,0,1789173934,,,SCHEDULED
2026-09-12T00:18:06.824632+00:00,1286453,062,2239,42,0,1789173979,,,SCHEDULED
2026-09-12T00:18:06.824632+00:00,1286453,062,2240,43,0,1789174024,,,SCHEDULED
2026-09-12T00:18:06.824632+00:00,1288199,113,3238,9,0,1789172351,,,SCHEDULED
2026-09-12T00:18:06.824632+00:00,1288199,113,3239,10,0,1789172408,,,SCHEDULED
2026-09-12T00:18:06.824632+00:00,1288199,113,4703,11,0,1789172476,,,SCHEDULED
2026-09-12T00:18:06.824632+00:00,1288199,113,4704,12,0,1789172562,,,SCHEDULED
2026-09-12T00:18:06.824632+00:00,1288199,113,4705,13,0,1789172616,,,SCHEDULED
2026-09-12T00:18:06.824632+00:00,1288199,113,4706,14,0,1789172675,,,SCHEDULED
2026-09-12T00:18:06.824632+00:00,1288199,113,4707,15,0,1789172764,,,SCHEDULED
2026-09-12T00:18:06.824632+00:00,1288199,113,4751,16,0,1789172833,,,SCHEDULED
2026-09-12T00:18:06.824632+00:00,1288199,113,5271,17,0,1789173178,,,SCHEDULED
2026-09-12T00:18:06.824632+00:00,1284791,015,577,5,0,1789172240,,,SCHEDULED
2026-09-12T00:18:06.824632+00:00,1284791,015,579,6,0,1789172279,,,SCHEDULED
2026-09-12T00:18:06.824632+00:00,1284791,015,580,7,0,1789172301,,,SCHEDULED
2026-09-12T00:18:06.824632+00:00,1284791,015,849,8,0,1789172320,,,SCHEDULED
2026-09-12T00:18:06.824632+00:00,1284791,015,850,9,0,1789172351,,,SCHEDULED
2026-09-12T00:18:06.824632+00:00,1284791,015,851,10,0,1789172449,,,SCHEDULED
2026-09-12T00:18:06.824632+00:00,1284791,015,852,11,0,1789172477,,,SCHEDULED
2026-09-12T00:18:06.824632+00:00,1284791,015,853,12,0,1789172512,,,SCHEDULED
2026-09-12T00:18:06.824632+00:00,1284791,015,859,13,0,1789172544,,,SCHEDULED
2026-09-12T00:18:06.824632+00:00,1284791,015,860,14,0,1789172607,,,SCHEDULED
2026-09-12T00:18:06.824632+00:00,1284791,015,861,15,0,1789172648,,,SCHEDULED
2026-09-12T00:18:06.824632+00:00,1284791,015,862,16,0,1789172676,,,SCHEDULED
2026-09-12T00:18:06.824632+00:00,1284791,015,863,17,0,1789172755,,,SCHEDULED
2026-09-12T00:18:06.824632+00:00,1284791,015,864,18,0,1789172790,,,SCHEDULED
2026-09-12T00:18:06.824632+00:00,1284791,015,865,19,0,1789172831,,,SCHEDULED
2026-09-12T00:18:06.824632+00:00,1284791,015,866,20,0,1789172901,,,SCHEDULED
2026-09-12T00:18:06.824632+00:00,1284791,015,867,21,0,1789172935,,,SCHEDULED
2026-09-12T00:18:06.824632+00:00,1284791,015,593,22,0,1789172961,,,SCHEDULED
2026-09-12T00:18:06.824632+00:00,1284791,015,594,23,0,1789173021,,,SCHEDULED
2026-09-12T00:18:06.824632+00:00,1284791,015,595,24,0,1789173043,,,SCHEDULED
2026-09-12T00:18:06.824632+00:00,1284791,015,596,25,0,1789173112,,,SCHEDULED
2026-09-12T00:18:06.824632+00:00,1284791,015,284,26,0,1789173166,,,SCHEDULED
2026-09-12T00:18:06.824632+00:00,1287941,088,684,3,0,1789172291,,,SCHEDULED
2026-09-12T00:18:06.824632+00:00,1287941,088,685,4,0,1789172362,,,SCHEDULED
2026-09-12T00:18:06.824632+00:00,1287941,088,1400,5,0,1789172383,,,SCHEDULED
2026-09-12T00:18:06.824632+00:00,1287941,088,1401,6,0,1789172416,,,SCHEDULED
2026-09-12T00:18:06.824632+00:00,1287941,088,1402,7,0,1789172459,,,SCHEDULED
2026-09-12T00:18:06.824632+00:00,1287941,088,1403,8,0,1789172611,,,SCHEDULED
2026-09-12T00:18:06.824632+00:00,1287941,088,1404,9,0,1789172655,,,SCHEDULED
2026-09-12T00:18:06.824632+00:00,1287941,088,1405,10,0,1789172698,,,SCHEDULED
2026-09-12T00:18:06.824632+00:00,1287941,088,1406,11,0,1789172716,,,SCHEDULED
2026-09-12T00:18:06.824632+00:00,1287941,088,1407,12,0,1789172769,,,SCHEDULED
2026-09-12T00:18:06.824632+00:00,1287941,088,1408,13,0,1789172822,,,SCHEDULED
2026-09-12T00:18:06.824632+00:00,1287941,088,1409,14,0,1789172892,,,SCHEDULED
2026-09-12T00:18:06.824632+00:00,1287941,088,1410,15,0,1789172962,,,SCHEDULED
2026-09-12T00:18:06.824632+00:00,1287941,088,1411,16,0,1789173015,,,SCHEDULED
2026-09-12T00:18:06.824632+00:00,1287941,088,1412,17,0,1789173059,,,SCHEDULED
2026-09-12T00:18:06.824632+00:00,1287941,088,1413,18,0,1789173094,,,SCHEDULED
2026-09-12T00:18:06.824632+00:00,1287941,088,1414,19,0,1789173255,,,SCHEDULED
2026-09-12T00:18:06.824632+00:00,1287941,088,1415,20,0,1789173315,,,SCHEDULED
2026-09-12T00:18:06.824632+00:00,1287941,088,1416,21,0,1789173368,,,SCHEDULED
2026-09-12T00:18:06.824632+00:00,1287941,088,1417,22,0,1789173400,,,SCHEDULED
2026-09-12T00:18:06.824632+00:00,1287941,088,413,23,0,1789173865,,,SCHEDULED
2026-09-12T00:18:06.824632+00:00,1287941,088,414,24,0,1789173890,,,SCHEDULED
2026-09-12T00:18:06.824632+00:00,1287941,088,415,25,0,1789173915,,,SCHEDULED
2026-09-12T00:18:06.824632+00:00,1287941,088,416,26,0,1789173955,,,SCHEDULED
2026-09-12T00:18:06.824632+00:00,1287820,087,3179,4,0,1789171909,,,SCHEDULED
2026-09-12T00:18:06.824632+00:00,1287820,087,3180,5,0,1789171996,,,SCHEDULED
2026-09-12T00:18:06.824632+00:00,1287820,087,3181,6,0,1789172055,,,SCHEDULED
2026-09-12T00:18:06.824632+00:00,1287820,087,3182,7,0,1789172096,,,SCHEDULED
2026-09-12T00:18:06.824632+00:00,1287820,087,3183,8,0,1789172194,,,SCHEDULED
2026-09-12T00:18:06.824632+00:00,1287820,087,3184,9,0,1789172253,,,SCHEDULED
2026-09-12T00:18:06.824632+00:00,1287820,087,3185,10,0,1789172330,,,SCHEDULED
2026-09-12T00:18:06.824632+00:00,1287820,087,3187,11,0,1789172407,,,SCHEDULED
2026-09-12T00:18:06.824632+00:00,1287820,087,3188,12,0,1789172460,,,SCHEDULED
2026-09-12T00:18:06.824632+00:00,1287820,087,3189,13,0,1789172510,,,SCHEDULED
2026-09-12T00:18:06.824632+00:00,1287820,087,3190,14,0,1789172594,,,SCHEDULED
2026-09-12T00:18:06.824632+00:00,1287820,087,3191,15,0,1789172654,,,SCHEDULED
2026-09-12T00:18:06.824632+00:00,1287820,087,3192,16,0,1789172708,,,SCHEDULED
2026-09-12T00:18:06.824632+00:00,1287820,087,3193,17,0,1789172805,,,SCHEDULED
2026-09-12T00:18:06.824632+00:00,1287820,087,275,18,0,1789173050,,,SCHEDULED
2026-09-12T00:18:06.824632+00:00,1287820,087,276,19,0,1789173324,,,SCHEDULED
2026-09-12T00:18:06.824632+00:00,1284673,013,1347,3,0,1789172330,,,SCHEDULED
2026-09-12T00:18:06.824632+00:00,1284673,013,8909,4,0,1789172449,,,SCHEDULED
2026-09-12T00:18:06.824632+00:00,1284673,013,8911,5,0,1789172505,,,SCHEDULED
2026-09-12T00:18:06.824632+00:00,1284673,013,8910,6,0,1789172586,,,SCHEDULED
2026-09-12T00:18:06.824632+00:00,1284673,013,8912,7,0,1789172674,,,SCHEDULED
2026-09-12T00:18:06.824632+00:00,1284673,013,8913,8,0,1789172710,,,SCHEDULED
2026-09-12T00:18:06.824632+00:00,1284673,013,3158,9,0,1789172890,,,SCHEDULED
2026-09-12T00:18:06.824632+00:00,1284673,013,3159,10,0,1789172958,,,SCHEDULED
2026-09-12T00:18:06.824632+00:00,1284673,013,3160,11,0,1789172997,,,SCHEDULED
2026-09-12T00:18:06.824632+00:00,1284673,013,3161,12,0,1789173046,,,SCHEDULED
2026-09-12T00:18:06.824632+00:00,1284673,013,3163,13,0,1789173146,,,SCHEDULED
2026-09-12T00:18:06.824632+00:00,1284673,013,3164,14,0,1789173190,,,SCHEDULED
2026-09-12T00:18:06.824632+00:00,1284673,013,4703,15,0,1789173226,,,SCHEDULED
2026-09-12T00:18:06.824632+00:00,1284673,013,4704,16,0,1789173311,,,SCHEDULED
2026-09-12T00:18:06.824632+00:00,1284673,013,4705,17,0,1789173364,,,SCHEDULED
2026-09-12T00:18:06.824632+00:00,1284673,013,4706,18,0,1789173424,,,SCHEDULED
2026-09-12T00:18:06.824632+00:00,1284673,013,4707,19,0,1789173508,,,SCHEDULED
2026-09-12T00:18:06.824632+00:00,1284673,013,4751,20,0,1789173551,,,SCHEDULED
2026-09-12T00:18:06.824632+00:00,1284673,013,5271,21,0,1789173765,,,SCHEDULED
2026-09-12T00:18:06.824632+00:00,1284673,013,9807,22,0,1789173850,,,SCHEDULED
2026-09-12T00:18:06.824632+00:00,1284673,013,1096,23,0,1789173945,,,SCHEDULED
2026-09-12T00:18:06.824632+00:00,1286214,056,4140,1,,,0,1789173780,SCHEDULED
2026-09-12T00:18:06.824632+00:00,1286214,056,4141,2,0,1789173851,,,SCHEDULED
2026-09-12T00:18:06.824632+00:00,1286214,056,4142,3,0,1789173898,,,SCHEDULED
2026-09-12T00:18:06.824632+00:00,1286214,056,4143,4,0,1789173985,,,SCHEDULED
2026-09-12T00:18:06.824632+00:00,1284277,010,11159,1,,,0,1789172400,SCHEDULED
2026-09-12T00:18:06.824632+00:00,1284277,010,1817,2,0,1789172421,,,SCHEDULED
2026-09-12T00:18:06.824632+00:00,1284277,010,11028,3,0,1789172520,,,SCHEDULED
2026-09-12T00:18:06.824632+00:00,1284277,010,11204,4,0,1789172555,,,SCHEDULED
2026-09-12T00:18:06.824632+00:00,1284277,010,11205,5,0,1789172598,,,SCHEDULED
2026-09-12T00:18:06.824632+00:00,1284277,010,11102,6,0,1789172629,,,SCHEDULED
2026-09-12T00:18:06.824632+00:00,1284277,010,11071,7,0,1789172645,,,SCHEDULED
2026-09-12T00:18:06.824632+00:00,1284277,010,11050,8,0,1789172700,,,SCHEDULED
2026-09-12T00:18:06.824632+00:00,1284277,010,11039,9,0,1789172820,,,SCHEDULED
2026-09-12T00:18:06.824632+00:00,1284277,010,11040,10,0,1789172846,,,SCHEDULED
2026-09-12T00:18:06.824632+00:00,1284277,010,11135,11,0,1789172934,,,SCHEDULED
2026-09-12T00:18:06.824632+00:00,1284277,010,11104,12,0,1789172980,,,SCHEDULED
2026-09-12T00:18:06.824632+00:00,1284277,010,11108,13,0,1789173037,,,SCHEDULED
2026-09-12T00:18:06.824632+00:00,1284277,010,11127,14,0,1789173122,,,SCHEDULED
2026-09-12T00:18:06.824632+00:00,1284277,010,11002,15,0,1789173278,,,SCHEDULED
2026-09-12T00:18:06.824632+00:00,1284277,010,11157,16,0,1789173359,,,SCHEDULED
2026-09-12T00:18:06.824632+00:00,1284277,010,11033,17,0,1789173480,,,SCHEDULED
2026-09-12T00:18:06.824632+00:00,1284277,010,11035,18,0,1789173660,,,SCHEDULED
2026-09-12T00:18:06.824632+00:00,1284277,010,11034,19,0,1789173695,,,SCHEDULED
2026-09-12T00:18:06.824632+00:00,1284277,010,11036,20,0,1789173763,,,SCHEDULED
2026-09-12T00:18:06.824632+00:00,1284277,010,11109,21,0,1789173902,,,SCHEDULED
2026-09-12T00:18:06.824632+00:00,1284277,010,11118,22,0,1789173960,,,SCHEDULED
2026-09-12T00:18:06.824632+00:00,1287545,084,1285,1,,,0,1789172580,SCHEDULED
2026-09-12T00:18:06.824632+00:00,1287545,084,1618,2,0,1789172753,,,SCHEDULED
2026-09-12T00:18:06.824632+00:00,1287545,084,1306,3,0,1789172841,,,SCHEDULED
2026-09-12T00:18:06.824632+00:00,1287545,084,1570,4,0,1789172945,,,SCHEDULED
2026-09-12T00:18:06.824632+00:00,1287545,084,1307,5,0,1789172994,,,SCHEDULED
2026-09-12T00:18:06.824632+00:00,1287545,084,4003,6,0,1789173061,,,SCHEDULED
2026-09-12T00:18:06.824632+00:00,1287545,084,4004,7,0,1789173103,,,SCHEDULED
2026-09-12T00:18:06.824632+00:00,1287545,084,4005,8,0,1789173139,,,SCHEDULED
2026-09-12T00:18:06.824632+00:00,1287545,084,4006,9,0,1789173180,,,SCHEDULED
2026-09-12T00:18:06.824632+00:00,1287545,084,4007,10,0,1789173226,,,SCHEDULED
2026-09-12T00:18:06.824632+00:00,1287545,084,3950,11,0,1789173253,,,SCHEDULED
2026-09-12T00:18:06.824632+00:00,1287545,084,3951,12,0,1789173298,,,SCHEDULED
2026-09-12T00:18:06.824632+00:00,1287545,084,3953,13,0,1789173340,,,SCHEDULED
2026-09-12T00:18:06.824632+00:00,1287545,084,3954,14,0,1789173370,,,SCHEDULED
2026-09-12T00:18:06.824632+00:00,1287545,084,3955,15,0,1789173401,,,SCHEDULED
2026-09-12T00:18:06.824632+00:00,1287545,084,3956,16,0,1789173435,,,SCHEDULED
2026-09-12T00:18:06.824632+00:00,1287545,084,3957,17,0,1789173458,,,SCHEDULED
2026-09-12T00:18:06.824632+00:00,1287545,084,3063,18,0,1789173480,,,SCHEDULED
2026-09-12T00:18:06.824632+00:00,1287545,084,3064,19,0,1789173546,,,SCHEDULED
2026-09-12T00:18:06.824632+00:00,1287545,084,3065,20,0,1789173588,,,SCHEDULED
2026-09-12T00:18:06.824632+00:00,1287545,084,3066,21,0,1789173634,,,SCHEDULED
2026-09-12T00:18:06.824632+00:00,1287545,084,3067,22,0,1789173694,,,SCHEDULED
2026-09-12T00:18:06.824632+00:00,1287545,084,3068,23,0,1789173753,,,SCHEDULED
2026-09-12T00:18:06.824632+00:00,1287545,084,3069,24,0,1789173824,,,SCHEDULED
2026-09-12T00:18:06.824632+00:00,1287545,084,3049,25,0,1789173936,,,SCHEDULED
2026-09-12T00:18:06.824632+00:00,1287545,084,3070,26,0,1789173992,,,SCHEDULED
2026-09-12T00:18:06.824632+00:00,1287666,086,241,1,,,0,1789173420,SCHEDULED
2026-09-12T00:18:06.824632+00:00,1287666,086,558,2,0,1789173536,,,SCHEDULED
2026-09-12T00:18:06.824632+00:00,1287666,086,559,3,0,1789173609,,,SCHEDULED
2026-09-12T00:18:06.824632+00:00,1287666,086,560,4,0,1789173669,,,SCHEDULED
2026-09-12T00:18:06.824632+00:00,1287666,086,561,5,0,1789173693,,,SCHEDULED
2026-09-12T00:18:06.824632+00:00,1287666,086,562,6,0,1789173749,,,SCHEDULED
2026-09-12T00:18:06.824632+00:00,1287666,086,849,7,0,1789173824,,,SCHEDULED
2026-09-12T00:18:06.824632+00:00,1287666,086,850,8,0,1789173856,,,SCHEDULED
2026-09-12T00:18:06.824632+00:00,1287666,086,851,9,0,1789173950,,,SCHEDULED
2026-09-12T00:18:06.824632+00:00,1287666,086,852,10,0,1789173978,,,SCHEDULED
2026-09-12T00:18:06.824632+00:00,1287666,086,853,11,0,1789174006,,,SCHEDULED
2026-09-12T00:18:06.824632+00:00,1287546,084,3069,24,0,1789172336,,,SCHEDULED
2026-09-12T00:18:06.824632+00:00,1287546,084,3049,25,0,1789172448,,,SCHEDULED
2026-09-12T00:18:06.824632+00:00,1287546,084,3070,26,0,1789172504,,,SCHEDULED
2026-09-12T00:18:06.824632+00:00,1287546,084,3071,27,0,1789172560,,,SCHEDULED
2026-09-12T00:18:06.824632+00:00,1287546,084,3072,28,0,1789172606,,,SCHEDULED
2026-09-12T00:18:06.824632+00:00,1287546,084,9801,29,0,1789172712,,,SCHEDULED
2026-09-12T00:18:06.824632+00:00,1287546,084,3073,30,0,1789172772,,,SCHEDULED
2026-09-12T00:18:06.824632+00:00,1287546,084,3074,31,0,1789172892,,,SCHEDULED
2026-09-12T00:18:06.824632+00:00,1287546,084,3075,32,0,1789172945,,,SCHEDULED
2026-09-12T00:18:06.824632+00:00,1287546,084,3076,33,0,1789173077,,,SCHEDULED
2026-09-12T00:18:06.824632+00:00,1287546,084,3077,34,0,1789173133,,,SCHEDULED
2026-09-12T00:18:06.824632+00:00,1287546,084,3078,35,0,1789173295,,,SCHEDULED
2026-09-12T00:18:06.824632+00:00,1287546,084,3079,36,0,1789173370,,,SCHEDULED
2026-09-12T00:18:06.824632+00:00,1287546,084,3080,37,0,1789173449,,,SCHEDULED
2026-09-12T00:18:06.824632+00:00,1287546,084,1074,38,0,1789173547,,,SCHEDULED
2026-09-12T00:18:06.824632+00:00,1287546,084,1075,39,0,1789173615,,,SCHEDULED
2026-09-12T00:18:06.824632+00:00,1287546,084,1076,40,0,1789173656,,,SCHEDULED
2026-09-12T00:18:06.824632+00:00,1287546,084,1077,41,0,1789173712,,,SCHEDULED
2026-09-12T00:18:06.824632+00:00,1287546,084,1646,42,0,1789173792,,,SCHEDULED
2026-09-12T00:18:06.824632+00:00,1287546,084,1648,43,0,1789173860,,,SCHEDULED
2026-09-12T00:18:06.824632+00:00,1287546,084,1107,44,0,1789173923,,,SCHEDULED
2026-09-12T00:18:06.824632+00:00,1287546,084,1108,45,0,1789173980,,,SCHEDULED
2026-09-12T00:18:06.824632+00:00,1287546,084,3081,46,0,1789174036,,,SCHEDULED
2026-09-12T00:18:06.824632+00:00,1287700,086,707,31,0,1789172162,,,SCHEDULED
2026-09-12T00:18:06.824632+00:00,1287700,086,708,32,0,1789172179,,,SCHEDULED
2026-09-12T00:18:06.824632+00:00,1287700,086,834,33,0,1789172239,,,SCHEDULED
2026-09-12T00:18:06.824632+00:00,1287700,086,835,34,0,1789172289,,,SCHEDULED
2026-09-12T00:18:06.824632+00:00,1287700,086,836,35,0,1789172313,,,SCHEDULED
2026-09-12T00:18:06.824632+00:00,1287700,086,838,36,0,1789172359,,,SCHEDULED
2026-09-12T00:18:06.824632+00:00,1287700,086,839,37,0,1789172402,,,SCHEDULED
2026-09-12T00:18:06.824632+00:00,1287700,086,840,38,0,1789172461,,,SCHEDULED
2026-09-12T00:18:06.824632+00:00,1287700,086,581,39,0,1789172509,,,SCHEDULED
2026-09-12T00:18:06.824632+00:00,1287700,086,582,40,0,1789172547,,,SCHEDULED
2026-09-12T00:18:06.824632+00:00,1287700,086,583,41,0,1789172595,,,SCHEDULED
2026-09-12T00:18:06.824632+00:00,1287700,086,584,42,0,1789172632,,,SCHEDULED
2026-09-12T00:18:06.824632+00:00,1287700,086,585,43,0,1789172699,,,SCHEDULED
2026-09-12T00:18:06.824632+00:00,1287700,086,586,44,0,1789172774,,,SCHEDULED
2026-09-12T00:18:06.824632+00:00,1286179,056,906,1,,,0,1789172640,SCHEDULED
2026-09-12T00:18:06.824632+00:00,1286179,056,286,2,0,1789172857,,,SCHEDULED
2026-09-12T00:18:06.824632+00:00,1286179,056,4439,3,0,1789172918,,,SCHEDULED
2026-09-12T00:18:06.824632+00:00,1286179,056,4440,4,0,1789173009,,,SCHEDULED
2026-09-12T00:18:06.824632+00:00,1286179,056,4441,5,0,1789173054,,,SCHEDULED
2026-09-12T00:18:06.824632+00:00,1286179,056,4015,6,0,1789173130,,,SCHEDULED
2026-09-12T00:18:06.824632+00:00,1286179,056,4016,7,0,1789173178,,,SCHEDULED
2026-09-12T00:18:06.824632+00:00,1286179,056,4017,8,0,1789173227,,,SCHEDULED
2026-09-12T00:18:06.824632+00:00,1286179,056,3914,9,0,1789173300,,,SCHEDULED
2026-09-12T00:18:06.824632+00:00,1286179,056,3220,10,0,1789173356,,,SCHEDULED
2026-09-12T00:18:06.824632+00:00,1286179,056,3222,11,0,1789173477,,,SCHEDULED
2026-09-12T00:18:06.824632+00:00,1286179,056,3223,12,0,1789173531,,,SCHEDULED
2026-09-12T00:18:06.824632+00:00,1286179,056,3225,13,0,1789173637,,,SCHEDULED
2026-09-12T00:18:06.824632+00:00,1286179,056,2062,14,0,1789173774,,,SCHEDULED
2026-09-12T00:18:06.824632+00:00,1286179,056,2063,15,0,1789173837,,,SCHEDULED
2026-09-12T00:18:06.824632+00:00,1286179,056,2064,16,0,1789173893,,,SCHEDULED
2026-09-12T00:18:06.824632+00:00,1286179,056,2065,17,0,1789173940,,,SCHEDULED
2026-09-12T00:18:06.824632+00:00,1286179,056,2066,18,0,1789173980,,,SCHEDULED
2026-09-12T00:18:06.824632+00:00,1286212,056,3831,28,0,1789172293,,,SCHEDULED
2026-09-12T00:18:06.824632+00:00,1286212,056,3832,29,0,1789172354,,,SCHEDULED
2026-09-12T00:18:06.824632+00:00,1286212,056,3833,30,0,1789172387,,,SCHEDULED
2026-09-12T00:18:06.824632+00:00,1286212,056,3834,31,0,1789172456,,,SCHEDULED
2026-09-12T00:18:06.824632+00:00,1286212,056,3939,32,0,1789172592,,,SCHEDULED
2026-09-12T00:18:06.824632+00:00,1286212,056,5107,33,0,1789172632,,,SCHEDULED
2026-09-12T00:18:06.824632+00:00,1286212,056,4020,34,0,1789172672,,,SCHEDULED
2026-09-12T00:18:06.824632+00:00,1286212,056,4021,35,0,1789172718,,,SCHEDULED
2026-09-12T00:18:06.824632+00:00,1286212,056,4022,36,0,1789172769,,,SCHEDULED
2026-09-12T00:18:06.824632+00:00,1286212,056,242,37,0,1789172858,,,SCHEDULED
2026-09-12T00:18:06.824632+00:00,1286212,056,243,38,0,1789172907,,,SCHEDULED
2026-09-12T00:18:06.824632+00:00,1286212,056,244,39,0,1789172947,,,SCHEDULED
2026-09-12T00:18:06.824632+00:00,1286212,056,1038,40,0,1789173019,,,SCHEDULED
2026-09-12T00:18:06.824632+00:00,1286212,056,4019,41,0,1789173065,,,SCHEDULED
2026-09-12T00:18:06.824632+00:00,1284674,013,1096,23,0,1789172362,,,SCHEDULED
2026-09-12T00:18:06.824632+00:00,1284674,013,1098,24,0,1789172531,,,SCHEDULED
2026-09-12T00:18:06.824632+00:00,1284674,013,1099,25,0,1789172687,,,SCHEDULED
2026-09-12T00:18:06.824632+00:00,1284674,013,1100,26,0,1789172830,,,SCHEDULED
2026-09-12T00:18:06.824632+00:00,1284674,013,1101,27,0,1789172927,,,SCHEDULED
2026-09-12T00:18:06.824632+00:00,1284674,013,1102,28,0,1789173010,,,SCHEDULED
2026-09-12T00:18:06.824632+00:00,1284674,013,1103,29,0,1789173102,,,SCHEDULED
2026-09-12T00:18:06.824632+00:00,1284674,013,1104,30,0,1789173190,,,SCHEDULED
2026-09-12T00:18:06.824632+00:00,1284674,013,1105,31,0,1789173287,,,SCHEDULED
2026-09-12T00:18:06.824632+00:00,1284674,013,1106,32,0,1789173381,,,SCHEDULED
2026-09-12T00:18:06.824632+00:00,1284674,013,1674,33,0,1789173422,,,SCHEDULED
2026-09-12T00:18:06.824632+00:00,1284674,013,1675,34,0,1789173469,,,SCHEDULED
2026-09-12T00:18:06.824632+00:00,1284674,013,1677,35,0,1789173527,,,SCHEDULED
2026-09-12T00:18:06.824632+00:00,1284674,013,1127,36,0,1789173563,,,SCHEDULED
2026-09-12T00:18:06.824632+00:00,1284674,013,1128,37,0,1789173608,,,SCHEDULED
2026-09-12T00:18:06.824632+00:00,1284674,013,1129,38,0,1789173685,,,SCHEDULED
2026-09-12T00:18:06.824632+00:00,1284674,013,1130,39,0,1789173744,,,SCHEDULED
2026-09-12T00:18:06.824632+00:00,1284674,013,1131,40,0,1789173811,,,SCHEDULED
2026-09-12T00:18:06.824632+00:00,1284674,013,3089,41,0,1789173877,,,SCHEDULED
2026-09-12T00:18:06.824632+00:00,1284674,013,1464,42,0,1789173955,,,SCHEDULED
2026-09-12T00:18:06.824632+00:00,1286213,056,4146,8,0,1789172233,,,SCHEDULED
2026-09-12T00:18:06.824632+00:00,1286213,056,478,9,0,1789172238,,,SCHEDULED
2026-09-12T00:18:06.824632+00:00,1286213,056,172,10,0,1789172297,,,SCHEDULED
2026-09-12T00:18:06.824632+00:00,1286213,056,480,11,0,1789172394,,,SCHEDULED
2026-09-12T00:18:06.824632+00:00,1286213,056,1733,12,0,1789172433,,,SCHEDULED
2026-09-12T00:18:06.824632+00:00,1286213,056,481,13,0,1789172493,,,SCHEDULED
2026-09-12T00:18:06.824632+00:00,1286213,056,482,14,0,1789172532,,,SCHEDULED
2026-09-12T00:18:06.824632+00:00,1286213,056,483,15,0,1789172569,,,SCHEDULED
2026-09-12T00:18:06.824632+00:00,1286213,056,484,16,0,1789172599,,,SCHEDULED
2026-09-12T00:18:06.824632+00:00,1286213,056,485,17,0,1789172653,,,SCHEDULED
2026-09-12T00:18:06.824632+00:00,1286213,056,486,18,0,1789172722,,,SCHEDULED
2026-09-12T00:18:06.824632+00:00,1286213,056,487,19,0,1789172782,,,SCHEDULED
2026-09-12T00:18:06.824632+00:00,1286213,056,488,20,0,1789172811,,,SCHEDULED
2026-09-12T00:18:06.824632+00:00,1286213,056,5200,21,0,1789172886,,,SCHEDULED
2026-09-12T00:18:06.824632+00:00,1286213,056,489,22,0,1789172970,,,SCHEDULED
2026-09-12T00:18:06.824632+00:00,1286213,056,490,23,0,1789173012,,,SCHEDULED
2026-09-12T00:18:06.824632+00:00,1286213,056,491,24,0,1789173090,,,SCHEDULED
2026-09-12T00:18:06.824632+00:00,1286213,056,492,25,0,1789173129,,,SCHEDULED
2026-09-12T00:18:06.824632+00:00,1286213,056,493,26,0,1789173166,,,SCHEDULED
2026-09-12T00:18:06.824632+00:00,1286213,056,494,27,0,1789173193,,,SCHEDULED
2026-09-12T00:18:06.824632+00:00,1286213,056,3831,28,0,1789173367,,,SCHEDULED
2026-09-12T00:18:06.824632+00:00,1286213,056,3832,29,0,1789173428,,,SCHEDULED
2026-09-12T00:18:06.824632+00:00,1286213,056,3833,30,0,1789173461,,,SCHEDULED
2026-09-12T00:18:06.824632+00:00,1286213,056,3834,31,0,1789173530,,,SCHEDULED
2026-09-12T00:18:06.824632+00:00,1286213,056,3939,32,0,1789173666,,,SCHEDULED
2026-09-12T00:18:06.824632+00:00,1286213,056,5107,33,0,1789173706,,,SCHEDULED
2026-09-12T00:18:06.824632+00:00,1286213,056,4020,34,0,1789173746,,,SCHEDULED
2026-09-12T00:18:06.824632+00:00,1286213,056,4021,35,0,1789173792,,,SCHEDULED
2026-09-12T00:18:06.824632+00:00,1286213,056,4022,36,0,1789173843,,,SCHEDULED
2026-09-12T00:18:06.824632+00:00,1286455,062,2246,49,0,1789172250,,,SCHEDULED
2026-09-12T00:18:06.824632+00:00,1286455,062,5365,50,0,1789172292,,,SCHEDULED
2026-09-12T00:18:06.824632+00:00,1286455,062,2248,51,0,1789172332,,,SCHEDULED
2026-09-12T00:18:06.824632+00:00,1286455,062,2250,52,0,1789172440,,,SCHEDULED
2026-09-12T00:18:06.824632+00:00,1286455,062,2251,53,0,1789172494,,,SCHEDULED
2026-09-12T00:18:06.824632+00:00,1286455,062,2252,54,0,1789172521,,,SCHEDULED
2026-09-12T00:18:06.824632+00:00,1286455,062,2254,55,0,1789172629,,,SCHEDULED
2026-09-12T00:18:06.824632+00:00,1286455,062,519,56,0,1789172661,,,SCHEDULED
2026-09-12T00:18:06.824632+00:00,1286455,062,521,57,0,1789172713,,,SCHEDULED
2026-09-12T00:18:06.824632+00:00,1286455,062,522,58,0,1789172785,,,SCHEDULED
2026-09-12T00:18:06.824632+00:00,1286455,062,525,59,0,1789172889,,,SCHEDULED
2026-09-12T00:18:06.824632+00:00,1286455,062,526,60,0,1789173017,,,SCHEDULED
2026-09-12T00:18:06.824632+00:00,1286455,062,527,61,0,1789173049,,,SCHEDULED
2026-09-12T00:18:06.824632+00:00,1286455,062,528,62,0,1789173081,,,SCHEDULED
2026-09-12T00:18:06.824632+00:00,1286455,062,5252,63,0,1789173209,,,SCHEDULED
2026-09-12T00:18:06.824632+00:00,1286455,062,531,64,0,1789173241,,,SCHEDULED
2026-09-12T00:18:06.824632+00:00,1286455,062,116,65,0,1789173293,,,SCHEDULED
2026-09-12T00:18:06.824632+00:00,1287701,086,3146,10,0,1789172381,,,SCHEDULED
2026-09-12T00:18:06.824632+00:00,1287701,086,3148,11,0,1789172451,,,SCHEDULED
2026-09-12T00:18:06.824632+00:00,1287701,086,3149,12,0,1789172526,,,SCHEDULED
2026-09-12T00:18:06.824632+00:00,1287701,086,3150,13,0,1789172585,,,SCHEDULED
2026-09-12T00:18:06.824632+00:00,1287701,086,3151,14,0,1789172637,,,SCHEDULED
2026-09-12T00:18:06.824632+00:00,1287701,086,3152,15,0,1789172681,,,SCHEDULED
2026-09-12T00:18:06.824632+00:00,1287701,086,3153,16,0,1789172718,,,SCHEDULED
2026-09-12T00:18:06.824632+00:00,1287701,086,3154,17,0,1789172758,,,SCHEDULED
2026-09-12T00:18:06.824632+00:00,1287701,086,3155,18,0,1789172799,,,SCHEDULED
2026-09-12T00:18:06.824632+00:00,1287701,086,3156,19,0,1789172839,,,SCHEDULED
2026-09-12T00:18:06.824632+00:00,1287701,086,3157,20,0,1789172887,,,SCHEDULED
2026-09-12T00:18:06.824632+00:00,1287701,086,3158,21,0,1789172940,,,SCHEDULED
2026-09-12T00:18:06.824632+00:00,1287701,086,3159,22,0,1789173010,,,SCHEDULED
2026-09-12T00:18:06.824632+00:00,1287701,086,3160,23,0,1789173051,,,SCHEDULED
2026-09-12T00:18:06.824632+00:00,1287701,086,3161,24,0,1789173101,,,SCHEDULED
2026-09-12T00:18:06.824632+00:00,1287701,086,3163,25,0,1789173205,,,SCHEDULED
2026-09-12T00:18:06.824632+00:00,1287701,086,3164,26,0,1789173251,,,SCHEDULED
2026-09-12T00:18:06.824632+00:00,1287701,086,699,27,0,1789173286,,,SCHEDULED
2026-09-12T00:18:06.824632+00:00,1287701,086,703,28,0,1789173448,,,SCHEDULED
2026-09-12T00:18:06.824632+00:00,1287701,086,700,29,0,1789173486,,,SCHEDULED
2026-09-12T00:18:06.824632+00:00,1287701,086,706,30,0,1789173526,,,SCHEDULED
2026-09-12T00:18:06.824632+00:00,1287701,086,707,31,0,1789173569,,,SCHEDULED
2026-09-12T00:18:06.824632+00:00,1287701,086,708,32,0,1789173600,,,SCHEDULED
2026-09-12T00:18:06.824632+00:00,1287701,086,834,33,0,1789173664,,,SCHEDULED
2026-09-12T00:18:06.824632+00:00,1287701,086,835,34,0,1789173752,,,SCHEDULED
2026-09-12T00:18:06.824632+00:00,1287701,086,836,35,0,1789173776,,,SCHEDULED
2026-09-12T00:18:06.824632+00:00,1287701,086,838,36,0,1789173822,,,SCHEDULED
2026-09-12T00:18:06.824632+00:00,1287701,086,839,37,0,1789173865,,,SCHEDULED
2026-09-12T00:18:06.824632+00:00,1287701,086,840,38,0,1789173924,,,SCHEDULED
2026-09-12T00:18:06.824632+00:00,1287701,086,581,39,0,1789173972,,,SCHEDULED
2026-09-12T00:18:06.824632+00:00,1287701,086,582,40,0,1789174010,,,SCHEDULED
2026-09-12T00:18:06.824632+00:00,1285009,021,1070,1,,,0,1789173960,SCHEDULED
2026-09-12T00:18:06.824632+00:00,1285009,021,3327,2,0,1789174002,,,SCHEDULED
2026-09-12T00:18:06.824632+00:00,1287547,084,3087,52,0,1789172288,,,SCHEDULED
2026-09-12T00:18:06.824632+00:00,1287547,084,3000,53,0,1789172580,,,SCHEDULED
2026-09-12T00:18:06.824632+00:00,1287547,084,3001,54,0,1789172635,,,SCHEDULED
2026-09-12T00:18:06.824632+00:00,1287547,084,3002,55,0,1789172693,,,SCHEDULED
2026-09-12T00:18:06.824632+00:00,1287547,084,3003,56,0,1789172736,,,SCHEDULED
2026-09-12T00:18:06.824632+00:00,1287547,084,3004,57,0,1789172788,,,SCHEDULED
2026-09-12T00:18:06.824632+00:00,1287547,084,3005,58,0,1789172846,,,SCHEDULED
2026-09-12T00:18:06.824632+00:00,1287547,084,3006,59,0,1789172898,,,SCHEDULED
2026-09-12T00:18:06.824632+00:00,1287547,084,3007,60,0,1789172921,,,SCHEDULED
2026-09-12T00:18:06.824632+00:00,1287547,084,2749,61,0,1789172940,,,SCHEDULED
2026-09-12T00:18:06.824632+00:00,1287547,084,2750,62,0,1789173012,,,SCHEDULED
2026-09-12T00:18:06.824632+00:00,1287547,084,2751,63,0,1789173096,,,SCHEDULED
2026-09-12T00:18:06.824632+00:00,1287547,084,2752,64,0,1789173161,,,SCHEDULED
2026-09-12T00:18:06.824632+00:00,1287789,087,291,1,,,0,1789172880,SCHEDULED
2026-09-12T00:18:06.824632+00:00,1287789,087,274,2,0,1789173167,,,SCHEDULED
2026-09-12T00:18:06.824632+00:00,1287789,087,275,3,0,1789173540,,,SCHEDULED
2026-09-12T00:18:06.824632+00:00,1287789,087,3893,4,0,1789173796,,,SCHEDULED
2026-09-12T00:18:06.824632+00:00,1287789,087,3894,5,0,1789173905,,,SCHEDULED
2026-09-12T00:18:06.824632+00:00,1287789,087,3895,6,0,1789173965,,,SCHEDULED
2026-09-12T00:18:06.824632+00:00,1287702,086,418,1,,,0,1789172760,SCHEDULED
2026-09-12T00:18:06.824632+00:00,1287702,086,4763,2,0,1789172803,,,SCHEDULED
2026-09-12T00:18:06.824632+00:00,1287702,086,113,3,0,1789172832,,,SCHEDULED
2026-09-12T00:18:06.824632+00:00,1287702,086,525,4,0,1789172869,,,SCHEDULED
2026-09-12T00:18:06.824632+00:00,1287702,086,526,5,0,1789172921,,,SCHEDULED
2026-09-12T00:18:06.824632+00:00,1287702,086,527,6,0,1789172939,,,SCHEDULED
2026-09-12T00:18:06.824632+00:00,1287702,086,528,7,0,1789172956,,,SCHEDULED
2026-09-12T00:18:06.824632+00:00,1287702,086,5252,8,0,1789173026,,,SCHEDULED
2026-09-12T00:18:06.824632+00:00,1287702,086,531,9,0,1789173044,,,SCHEDULED
2026-09-12T00:18:06.824632+00:00,1287702,086,3146,10,0,1789173641,,,SCHEDULED
2026-09-12T00:18:06.824632+00:00,1287702,086,3148,11,0,1789173711,,,SCHEDULED
2026-09-12T00:18:06.824632+00:00,1287702,086,3149,12,0,1789173786,,,SCHEDULED
2026-09-12T00:18:06.824632+00:00,1287702,086,3150,13,0,1789173845,,,SCHEDULED
2026-09-12T00:18:06.824632+00:00,1287702,086,3151,14,0,1789173897,,,SCHEDULED
2026-09-12T00:18:06.824632+00:00,1287702,086,3152,15,0,1789173941,,,SCHEDULED
2026-09-12T00:18:06.824632+00:00,1287702,086,3153,16,0,1789173978,,,SCHEDULED
2026-09-12T00:18:06.824632+00:00,1287702,086,3154,17,0,1789174018,,,SCHEDULED
2026-09-12T00:18:06.824632+00:00,1287819,087,241,1,,,0,1789173900,SCHEDULED
2026-09-12T00:18:06.824632+00:00,1288190,106,109,8,0,1789172287,,,SCHEDULED
2026-09-12T00:18:06.824632+00:00,1288190,106,110,9,0,1789172307,,,SCHEDULED
2026-09-12T00:18:06.824632+00:00,1288190,106,111,10,0,1789172332,,,SCHEDULED
2026-09-12T00:18:06.824632+00:00,1288190,106,112,11,0,1789172386,,,SCHEDULED
2026-09-12T00:18:06.824632+00:00,1288190,106,973,12,0,1789172530,,,SCHEDULED
2026-09-12T00:18:06.824632+00:00,1288190,106,974,13,0,1789172559,,,SCHEDULED
2026-09-12T00:18:06.824632+00:00,1288190,106,975,14,0,1789172612,,,SCHEDULED
2026-09-12T00:18:06.824632+00:00,1288190,106,976,15,0,1789172720,,,SCHEDULED
2026-09-12T00:18:06.824632+00:00,1288190,106,977,16,0,1789172749,,,SCHEDULED
2026-09-12T00:18:06.824632+00:00,1288190,106,978,17,0,1789172768,,,SCHEDULED
2026-09-12T00:18:06.824632+00:00,1288190,106,979,18,0,1789172789,,,SCHEDULED
2026-09-12T00:18:06.824632+00:00,1288190,106,980,19,0,1789172812,,,SCHEDULED
2026-09-12T00:18:06.824632+00:00,1288190,106,981,20,0,1789172840,,,SCHEDULED
2026-09-12T00:18:06.824632+00:00,1288190,106,983,21,0,1789172888,,,SCHEDULED
2026-09-12T00:18:06.824632+00:00,1288190,106,984,22,0,1789172911,,,SCHEDULED
2026-09-12T00:18:06.824632+00:00,1288190,106,985,23,0,1789172928,,,SCHEDULED
2026-09-12T00:18:06.824632+00:00,1288190,106,986,24,0,1789172960,,,SCHEDULED
2026-09-12T00:18:06.824632+00:00,1288190,106,987,25,0,1789173024,,,SCHEDULED
2026-09-12T00:18:06.824632+00:00,1288190,106,988,26,0,1789173041,,,SCHEDULED
2026-09-12T00:18:06.824632+00:00,1288190,106,989,27,0,1789173061,,,SCHEDULED
2026-09-12T00:18:06.824632+00:00,1288190,106,990,28,0,1789173094,,,SCHEDULED
2026-09-12T00:18:06.824632+00:00,1288190,106,992,29,0,1789173137,,,SCHEDULED
2026-09-12T00:18:06.824632+00:00,1288190,106,993,30,0,1789173164,,,SCHEDULED
2026-09-12T00:18:06.824632+00:00,1288190,106,994,31,0,1789173197,,,SCHEDULED
2026-09-12T00:18:06.824632+00:00,1288190,106,995,32,0,1789173244,,,SCHEDULED
2026-09-12T00:18:06.824632+00:00,1288190,106,997,33,0,1789173273,,,SCHEDULED
2026-09-12T00:18:06.824632+00:00,1288190,106,998,34,0,1789173320,,,SCHEDULED
2026-09-12T00:18:06.824632+00:00,1288190,106,999,35,0,1789173357,,,SCHEDULED
2026-09-12T00:18:06.824632+00:00,1288190,106,1000,36,0,1789173390,,,SCHEDULED
2026-09-12T00:18:06.824632+00:00,1288190,106,1001,37,0,1789173419,,,SCHEDULED
2026-09-12T00:18:06.824632+00:00,1288190,106,1002,38,0,1789173459,,,SCHEDULED
2026-09-12T00:18:06.824632+00:00,1288190,106,1003,39,0,1789173488,,,SCHEDULED
2026-09-12T00:18:06.824632+00:00,1288190,106,2357,40,0,1789173536,,,SCHEDULED
2026-09-12T00:18:06.824632+00:00,1288190,106,1005,41,0,1789173561,,,SCHEDULED
2026-09-12T00:18:06.824632+00:00,1288190,106,1006,42,0,1789173585,,,SCHEDULED
2026-09-12T00:18:06.824632+00:00,1288190,106,1007,43,0,1789173609,,,SCHEDULED
2026-09-12T00:18:06.824632+00:00,1288190,106,450,44,0,1789173638,,,SCHEDULED
2026-09-12T00:18:06.824632+00:00,1288190,106,1008,45,0,1789173654,,,SCHEDULED
2026-09-12T00:18:06.824632+00:00,1288190,106,1009,46,0,1789173671,,,SCHEDULED
2026-09-12T00:18:06.824632+00:00,1288190,106,1010,47,0,1789173713,,,SCHEDULED
2026-09-12T00:18:06.824632+00:00,1288190,106,1011,48,0,1789173747,,,SCHEDULED
2026-09-12T00:18:06.824632+00:00,1288190,106,1012,49,0,1789173800,,,SCHEDULED
2026-09-12T00:18:06.824632+00:00,1288190,106,1013,50,0,1789173826,,,SCHEDULED
2026-09-12T00:18:06.824632+00:00,1288190,106,1014,51,0,1789173860,,,SCHEDULED
2026-09-12T00:18:06.824632+00:00,1288190,106,1016,52,0,1789173906,,,SCHEDULED
2026-09-12T00:18:06.824632+00:00,1288190,106,1017,53,0,1789173940,,,SCHEDULED
2026-09-12T00:18:06.824632+00:00,1288190,106,476,54,0,1789173967,,,SCHEDULED
2026-09-12T00:18:06.824632+00:00,1288190,106,477,55,0,1789173980,,,SCHEDULED
2026-09-12T00:18:06.824632+00:00,1288190,106,4134,56,0,1789174014,,,SCHEDULED
2026-09-12T00:18:06.824632+00:00,1288190,106,4136,57,0,1789174064,,,SCHEDULED
2026-09-12T00:18:06.824632+00:00,1284392,011,329,31,0,1789172276,,,SCHEDULED
2026-09-12T00:18:06.824632+00:00,1284392,011,330,32,0,1789172325,,,SCHEDULED
2026-09-12T00:18:06.824632+00:00,1284392,011,331,33,0,1789172355,,,SCHEDULED
2026-09-12T00:18:06.824632+00:00,1284392,011,668,34,0,1789172416,,,SCHEDULED
2026-09-12T00:18:06.824632+00:00,1284392,011,605,35,0,1789172805,,,SCHEDULED
2026-09-12T00:18:06.824632+00:00,1284392,011,606,36,0,1789172881,,,SCHEDULED
2026-09-12T00:18:06.824632+00:00,1284392,011,608,37,0,1789172926,,,SCHEDULED
2026-09-12T00:18:06.824632+00:00,1284392,011,607,38,0,1789172990,,,SCHEDULED
2026-09-12T00:18:06.824632+00:00,1284392,011,8922,39,0,1789173420,,,SCHEDULED
2026-09-12T00:18:06.824632+00:00,1284392,011,8923,40,0,1789173466,,,SCHEDULED
2026-09-12T00:18:06.824632+00:00,1284392,011,8924,41,0,1789173499,,,SCHEDULED
2026-09-12T00:18:06.824632+00:00,1284392,011,8925,42,0,1789173534,,,SCHEDULED
2026-09-12T00:18:06.824632+00:00,1284392,011,8926,43,0,1789173580,,,SCHEDULED
2026-09-12T00:18:06.824632+00:00,1284392,011,8927,44,0,1789173629,,,SCHEDULED
2026-09-12T00:18:06.824632+00:00,1284392,011,4710,45,0,1789173815,,,SCHEDULED
2026-09-12T00:18:06.824632+00:00,1284392,011,8928,46,0,1789173880,,,SCHEDULED
2026-09-12T00:18:06.824632+00:00,1284392,011,8929,47,0,1789173983,,,SCHEDULED
2026-09-12T00:18:06.824632+00:00,1284392,011,8930,48,0,1789174032,,,SCHEDULED
2026-09-12T00:18:06.824632+00:00,1288195,109,3471,20,0,1789172225,,,SCHEDULED
2026-09-12T00:18:06.824632+00:00,1288195,109,3472,21,0,1789172292,,,SCHEDULED
2026-09-12T00:18:06.824632+00:00,1288195,109,3473,22,0,1789172347,,,SCHEDULED
2026-09-12T00:18:06.824632+00:00,1288195,109,3474,23,0,1789172391,,,SCHEDULED
2026-09-12T00:18:06.824632+00:00,1288195,109,3475,24,0,1789172446,,,SCHEDULED
2026-09-12T00:18:06.824632+00:00,1288195,109,3476,25,0,1789172510,,,SCHEDULED
2026-09-12T00:18:06.824632+00:00,1288195,109,3465,26,0,1789172571,,,SCHEDULED
2026-09-12T00:18:06.824632+00:00,1288195,109,3477,27,0,1789172616,,,SCHEDULED
2026-09-12T00:18:06.824632+00:00,1288195,109,3478,28,0,1789172716,,,SCHEDULED
2026-09-12T00:18:06.824632+00:00,1288195,109,3479,29,0,1789172754,,,SCHEDULED
2026-09-12T00:18:06.824632+00:00,1288195,109,3480,30,0,1789172824,,,SCHEDULED
2026-09-12T00:18:06.824632+00:00,1288195,109,3464,31,0,1789172882,,,SCHEDULED
2026-09-12T00:18:06.824632+00:00,1288195,109,3481,32,0,1789172956,,,SCHEDULED
2026-09-12T00:18:06.824632+00:00,1288195,109,3482,33,0,1789173020,,,SCHEDULED
2026-09-12T00:18:06.824632+00:00,1288195,109,3483,34,0,1789173115,,,SCHEDULED
2026-09-12T00:18:06.824632+00:00,1284391,011,2425,1,,,0,1789172655,SCHEDULED
2026-09-12T00:18:06.824632+00:00,1284391,011,2501,2,0,1789172730,,,SCHEDULED
2026-09-12T00:18:06.824632+00:00,1284391,011,5353,3,0,1789172755,,,SCHEDULED
2026-09-12T00:18:06.824632+00:00,1284391,011,3214,4,0,1789172819,,,SCHEDULED
2026-09-12T00:18:06.824632+00:00,1284391,011,2276,5,0,1789172860,,,SCHEDULED
2026-09-12T00:18:06.824632+00:00,1284391,011,8303,6,0,1789172907,,,SCHEDULED
2026-09-12T00:18:06.824632+00:00,1284391,011,8302,7,0,1789172953,,,SCHEDULED
2026-09-12T00:18:06.824632+00:00,1284391,011,1046,8,0,1789173059,,,SCHEDULED
2026-09-12T00:18:06.824632+00:00,1284391,011,1047,9,0,1789173135,,,SCHEDULED
2026-09-12T00:18:06.824632+00:00,1284391,011,1049,10,0,1789173180,,,SCHEDULED
2026-09-12T00:18:06.824632+00:00,1284391,011,1050,11,0,1789173215,,,SCHEDULED
2026-09-12T00:18:06.824632+00:00,1284391,011,1051,12,0,1789173249,,,SCHEDULED
2026-09-12T00:18:06.824632+00:00,1284391,011,215,13,0,1789173423,,,SCHEDULED
2026-09-12T00:18:06.824632+00:00,1284391,011,216,14,0,1789173452,,,SCHEDULED
2026-09-12T00:18:06.824632+00:00,1284391,011,217,15,0,1789173475,,,SCHEDULED
2026-09-12T00:18:06.824632+00:00,1284391,011,218,16,0,1789173500,,,SCHEDULED
2026-09-12T00:18:06.824632+00:00,1284391,011,219,17,0,1789173520,,,SCHEDULED
2026-09-12T00:18:06.824632+00:00,1284391,011,1926,18,0,1789173555,,,SCHEDULED
2026-09-12T00:18:06.824632+00:00,1284391,011,1940,19,0,1789173585,,,SCHEDULED
2026-09-12T00:18:06.824632+00:00,1284391,011,1770,20,0,1789173635,,,SCHEDULED
2026-09-12T00:18:06.824632+00:00,1284391,011,1771,21,0,1789173666,,,SCHEDULED
2026-09-12T00:18:06.824632+00:00,1284391,011,1772,22,0,1789173712,,,SCHEDULED
2026-09-12T00:18:06.824632+00:00,1284391,011,1773,23,0,1789173773,,,SCHEDULED
2026-09-12T00:18:06.824632+00:00,1284391,011,1774,24,0,1789173838,,,SCHEDULED
2026-09-12T00:18:06.824632+00:00,1284391,011,1775,25,0,1789173880,,,SCHEDULED
2026-09-12T00:18:06.824632+00:00,1284391,011,1776,26,0,1789173907,,,SCHEDULED
2026-09-12T00:18:06.824632+00:00,1284391,011,325,27,0,1789174033,,,SCHEDULED
2026-09-12T00:18:06.824632+00:00,1288196,109,5305,1,,,0,1789172326,SCHEDULED
2026-09-12T00:18:06.824632+00:00,1288196,109,221,2,0,1789172415,,,SCHEDULED
2026-09-12T00:18:06.824632+00:00,1288196,109,222,3,0,1789172457,,,SCHEDULED
2026-09-12T00:18:06.824632+00:00,1288196,109,223,4,0,1789172510,,,SCHEDULED
2026-09-12T00:18:06.824632+00:00,1288196,109,225,5,0,1789172626,,,SCHEDULED
2026-09-12T00:18:06.824632+00:00,1288196,109,226,6,0,1789172686,,,SCHEDULED
2026-09-12T00:18:06.824632+00:00,1288196,109,108,7,0,1789172742,,,SCHEDULED
2026-09-12T00:18:06.824632+00:00,1288196,109,109,8,0,1789172790,,,SCHEDULED
2026-09-12T00:18:06.824632+00:00,1288196,109,111,9,0,1789172834,,,SCHEDULED
2026-09-12T00:18:06.824632+00:00,1288196,109,1782,10,0,1789172959,,,SCHEDULED
2026-09-12T00:18:06.824632+00:00,1288196,109,1784,11,0,1789173036,,,SCHEDULED
2026-09-12T00:18:06.824632+00:00,1288196,109,1785,12,0,1789173096,,,SCHEDULED
2026-09-12T00:18:06.824632+00:00,1288196,109,1790,13,0,1789173286,,,SCHEDULED
2026-09-12T00:18:06.824632+00:00,1288196,109,1792,14,0,1789173304,,,SCHEDULED
2026-09-12T00:18:06.824632+00:00,1288196,109,1793,15,0,1789173322,,,SCHEDULED
2026-09-12T00:18:06.824632+00:00,1285010,021,3328,3,0,1789172270,,,SCHEDULED
2026-09-12T00:18:06.824632+00:00,1285010,021,3329,4,0,1789172322,,,SCHEDULED
2026-09-12T00:18:06.824632+00:00,1285010,021,3330,5,0,1789172374,,,SCHEDULED
2026-09-12T00:18:06.824632+00:00,1285010,021,3331,6,0,1789172453,,,SCHEDULED
2026-09-12T00:18:06.824632+00:00,1285010,021,3706,7,0,1789172515,,,SCHEDULED
2026-09-12T00:18:06.824632+00:00,1285010,021,3707,8,0,1789172585,,,SCHEDULED
2026-09-12T00:18:06.824632+00:00,1285010,021,3708,9,0,1789172695,,,SCHEDULED
2026-09-12T00:18:06.824632+00:00,1285010,021,3709,10,0,1789172760,,,SCHEDULED
2026-09-12T00:18:06.824632+00:00,1285010,021,3710,11,0,1789172810,,,SCHEDULED
2026-09-12T00:18:06.824632+00:00,1285010,021,3711,12,0,1789172873,,,SCHEDULED
2026-09-12T00:18:06.824632+00:00,1285010,021,3712,13,0,1789172949,,,SCHEDULED
2026-09-12T00:18:06.824632+00:00,1285010,021,3713,14,0,1789173060,,,SCHEDULED
2026-09-12T00:18:06.824632+00:00,1285010,021,1184,15,0,1789173240,,,SCHEDULED
2026-09-12T00:18:06.824632+00:00,1285010,021,3301,16,0,1789173270,,,SCHEDULED
2026-09-12T00:18:06.824632+00:00,1285010,021,1200,17,0,1789173360,,,SCHEDULED
2026-09-12T00:18:06.824632+00:00,1285010,021,1201,18,0,1789173410,,,SCHEDULED
2026-09-12T00:18:06.824632+00:00,1285010,021,1202,19,0,1789173451,,,SCHEDULED
2026-09-12T00:18:06.824632+00:00,1285010,021,1203,20,0,1789173491,,,SCHEDULED
2026-09-12T00:18:06.824632+00:00,1285010,021,1204,21,0,1789173544,,,SCHEDULED
2026-09-12T00:18:06.824632+00:00,1285010,021,1205,22,0,1789173598,,,SCHEDULED
2026-09-12T00:18:06.824632+00:00,1285010,021,1206,23,0,1789173655,,,SCHEDULED
2026-09-12T00:18:06.824632+00:00,1285010,021,1207,24,0,1789173806,,,SCHEDULED
2026-09-12T00:18:06.824632+00:00,1285010,021,2719,25,0,1789173976,,,SCHEDULED
2026-09-12T00:18:06.824632+00:00,1288488,177,8007,3,0,1789172303,,,SCHEDULED
2026-09-12T00:18:06.824632+00:00,1288488,177,844,4,0,1789172362,,,SCHEDULED
2026-09-12T00:18:06.824632+00:00,1288488,177,4199,5,0,1789172402,,,SCHEDULED
2026-09-12T00:18:06.824632+00:00,1288488,177,4200,6,0,1789172436,,,SCHEDULED
2026-09-12T00:18:06.824632+00:00,1286464,062,4140,1,,,0,1789173660,SCHEDULED
2026-09-12T00:18:06.824632+00:00,1286464,062,4141,2,0,1789173735,,,SCHEDULED
2026-09-12T00:18:06.824632+00:00,1286464,062,4142,3,0,1789173787,,,SCHEDULED
2026-09-12T00:18:06.824632+00:00,1286464,062,4143,4,0,1789173865,,,SCHEDULED
2026-09-12T00:18:06.824632+00:00,1286464,062,5251,5,0,1789173935,,,SCHEDULED
2026-09-12T00:18:06.824632+00:00,1286464,062,4144,6,0,1789173966,,,SCHEDULED
2026-09-12T00:18:06.824632+00:00,1286464,062,4145,7,0,1789173984,,,SCHEDULED
2026-09-12T00:18:06.824632+00:00,1286464,062,4146,8,0,1789174018,,,SCHEDULED
2026-09-12T00:18:06.824632+00:00,1288487,177,664,1,,,0,1789172940,SCHEDULED
2026-09-12T00:18:06.824632+00:00,1288487,177,8006,2,0,1789172991,,,SCHEDULED
2026-09-12T00:18:06.824632+00:00,1288487,177,8007,3,0,1789173031,,,SCHEDULED
2026-09-12T00:18:06.824632+00:00,1288487,177,844,4,0,1789173090,,,SCHEDULED
2026-09-12T00:18:06.824632+00:00,1288487,177,4199,5,0,1789173130,,,SCHEDULED
2026-09-12T00:18:06.824632+00:00,1288487,177,4200,6,0,1789173164,,,SCHEDULED
2026-09-12T00:18:06.824632+00:00,1288486,177,664,1,,,0,1789173840,SCHEDULED
2026-09-12T00:18:06.824632+00:00,1288486,177,8006,2,0,1789173891,,,SCHEDULED
2026-09-12T00:18:06.824632+00:00,1288486,177,8007,3,0,1789173931,,,SCHEDULED
2026-09-12T00:18:06.824632+00:00,1288486,177,844,4,0,1789173990,,,SCHEDULED
2026-09-12T00:18:06.824632+00:00,1286582,067,887,1,,,,,NO_DATA
2026-09-12T00:18:06.824632+00:00,1286582,067,286,2,,,,,NO_DATA
2026-09-12T00:18:06.824632+00:00,1286582,067,4439,3,,,,,NO_DATA
2026-09-12T00:18:06.824632+00:00,1286582,067,4440,4,,,,,NO_DATA
2026-09-12T00:18:06.824632+00:00,1286582,067,4441,5,,,,,NO_DATA
2026-09-12T00:18:06.824632+00:00,1286582,067,4015,6,,,,,NO_DATA
2026-09-12T00:18:06.824632+00:00,1286582,067,4016,7,,,,,NO_DATA
2026-09-12T00:18:06.824632+00:00,1286582,067,4017,8,,,,,NO_DATA
2026-09-12T00:18:06.824632+00:00,1286582,067,3914,9,,,,,NO_DATA
2026-09-12T00:18:06.824632+00:00,1286582,067,3220,10,,,,,NO_DATA
2026-09-12T00:18:06.824632+00:00,1286582,067,3222,11,,,,,NO_DATA
2026-09-12T00:18:06.824632+00:00,1286582,067,3223,12,,,,,NO_DATA
2026-09-12T00:18:06.824632+00:00,1286582,067,3224,13,,,,,NO_DATA
2026-09-12T00:18:06.824632+00:00,1286582,067,3225,14,,,,,NO_DATA
2026-09-12T00:18:06.824632+00:00,1286582,067,2062,15,,,,,NO_DATA
2026-09-12T00:18:06.824632+00:00,1286582,067,2063,16,,,,,NO_DATA
2026-09-12T00:18:06.824632+00:00,1286582,067,6508,17,,,,,NO_DATA
2026-09-12T00:18:06.824632+00:00,1286582,067,2174,18,,,,,NO_DATA
2026-09-12T00:18:06.824632+00:00,1285012,021,2728,33,0,1789172304,,,SCHEDULED
2026-09-12T00:18:06.824632+00:00,1285012,021,2729,34,0,1789172363,,,SCHEDULED
2026-09-12T00:18:06.824632+00:00,1285012,021,2730,35,0,1789172406,,,SCHEDULED
2026-09-12T00:18:06.824632+00:00,1285012,021,2731,36,0,1789172482,,,SCHEDULED
2026-09-12T00:18:06.824632+00:00,1285012,021,2732,37,0,1789172509,,,SCHEDULED
2026-09-12T00:18:06.824632+00:00,1285012,021,2733,38,0,1789172587,,,SCHEDULED
2026-09-12T00:18:06.824632+00:00,1285012,021,2734,39,0,1789172638,,,SCHEDULED
2026-09-12T00:18:06.824632+00:00,1285012,021,2735,40,0,1789172709,,,SCHEDULED
2026-09-12T00:18:06.824632+00:00,1285012,021,2736,41,0,1789172782,,,SCHEDULED
2026-09-12T00:18:06.824632+00:00,1285012,021,2737,42,0,1789172817,,,SCHEDULED
2026-09-12T00:18:06.824632+00:00,1285012,021,2738,43,0,1789172844,,,SCHEDULED
2026-09-12T00:18:06.824632+00:00,1287671,086,852,10,0,1789172274,,,SCHEDULED
2026-09-12T00:18:06.824632+00:00,1287671,086,853,11,0,1789172302,,,SCHEDULED
2026-09-12T00:18:06.824632+00:00,1287671,086,854,12,0,1789172339,,,SCHEDULED
2026-09-12T00:18:06.824632+00:00,1287671,086,855,13,0,1789172367,,,SCHEDULED
2026-09-12T00:18:06.824632+00:00,1287671,086,856,14,0,1789172423,,,SCHEDULED
2026-09-12T00:18:06.824632+00:00,1287671,086,813,15,0,1789172496,,,SCHEDULED
2026-09-12T00:18:06.824632+00:00,1287671,086,814,16,0,1789172545,,,SCHEDULED
2026-09-12T00:18:06.824632+00:00,1287671,086,815,17,0,1789172584,,,SCHEDULED
2026-09-12T00:18:06.824632+00:00,1287671,086,701,18,0,1789172626,,,SCHEDULED
2026-09-12T00:18:06.824632+00:00,1287671,086,702,19,0,1789172665,,,SCHEDULED
2026-09-12T00:18:06.824632+00:00,1287671,086,3240,20,0,1789172891,,,SCHEDULED
2026-09-12T00:18:06.824632+00:00,1287671,086,3241,21,0,1789172921,,,SCHEDULED
2026-09-12T00:18:06.824632+00:00,1287671,086,3242,22,0,1789172945,,,SCHEDULED
2026-09-12T00:18:06.824632+00:00,1287671,086,3243,23,0,1789173034,,,SCHEDULED
2026-09-12T00:18:06.824632+00:00,1287671,086,3244,24,0,1789173063,,,SCHEDULED
2026-09-12T00:18:06.824632+00:00,1287671,086,3246,25,0,1789173166,,,SCHEDULED
2026-09-12T00:18:06.824632+00:00,1287671,086,3247,26,0,1789173216,,,SCHEDULED
2026-09-12T00:18:06.824632+00:00,1287671,086,3248,27,0,1789173263,,,SCHEDULED
2026-09-12T00:18:06.824632+00:00,1287671,086,3249,28,0,1789173307,,,SCHEDULED
2026-09-12T00:18:06.824632+00:00,1287671,086,3250,29,0,1789173342,,,SCHEDULED
2026-09-12T00:18:06.824632+00:00,1287671,086,3251,30,0,1789173368,,,SCHEDULED
2026-09-12T00:18:06.824632+00:00,1287671,086,3252,31,0,1789173416,,,SCHEDULED
2026-09-12T00:18:06.824632+00:00,1287671,086,3253,32,0,1789173459,,,SCHEDULED
2026-09-12T00:18:06.824632+00:00,1287671,086,3254,33,0,1789173503,,,SCHEDULED
2026-09-12T00:18:06.824632+00:00,1287671,086,3255,34,0,1789173549,,,SCHEDULED
2026-09-12T00:18:06.824632+00:00,1287671,086,3256,35,0,1789173605,,,SCHEDULED
2026-09-12T00:18:06.824632+00:00,1287671,086,3257,36,0,1789173658,,,SCHEDULED
2026-09-12T00:18:06.824632+00:00,1287671,086,3259,37,0,1789173732,,,SCHEDULED
2026-09-12T00:18:06.824632+00:00,1285011,021,2719,25,0,1789172287,,,SCHEDULED
2026-09-12T00:18:06.824632+00:00,1285011,021,2934,26,0,1789172338,,,SCHEDULED
2026-09-12T00:18:06.824632+00:00,1285011,021,2935,27,0,1789172381,,,SCHEDULED
2026-09-12T00:18:06.824632+00:00,1285011,021,2722,28,0,1789172776,,,SCHEDULED
2026-09-12T00:18:06.824632+00:00,1285011,021,2723,29,0,1789172847,,,SCHEDULED
2026-09-12T00:18:06.824632+00:00,1285011,021,2724,30,0,1789172931,,,SCHEDULED
2026-09-12T00:18:06.824632+00:00,1285011,021,2726,31,0,1789173020,,,SCHEDULED
2026-09-12T00:18:06.824632+00:00,1285011,021,2727,32,0,1789173049,,,SCHEDULED
2026-09-12T00:18:06.824632+00:00,1285011,021,2728,33,0,1789173093,,,SCHEDULED
2026-09-12T00:18:06.824632+00:00,1285011,021,2729,34,0,1789173152,,,SCHEDULED
2026-09-12T00:18:06.824632+00:00,1285011,021,2730,35,0,1789173195,,,SCHEDULED
2026-09-12T00:18:06.824632+00:00,1285011,021,2731,36,0,1789173271,,,SCHEDULED
2026-09-12T00:18:06.824632+00:00,1285011,021,2732,37,0,1789173298,,,SCHEDULED
2026-09-12T00:18:06.824632+00:00,1285011,021,2733,38,0,1789173376,,,SCHEDULED
2026-09-12T00:18:06.824632+00:00,1285011,021,2734,39,0,1789173427,,,SCHEDULED
2026-09-12T00:18:06.824632+00:00,1285011,021,2735,40,0,1789173498,,,SCHEDULED
2026-09-12T00:18:06.824632+00:00,1285011,021,2736,41,0,1789173571,,,SCHEDULED
2026-09-12T00:18:06.824632+00:00,1285011,021,2737,42,0,1789173606,,,SCHEDULED
2026-09-12T00:18:06.824632+00:00,1285011,021,2738,43,0,1789173633,,,SCHEDULED
2026-09-12T00:18:06.824632+00:00,1286346,061,4140,1,,,0,1789173000,SCHEDULED
2026-09-12T00:18:06.824632+00:00,1286346,061,4361,2,0,1789173066,,,SCHEDULED
2026-09-12T00:18:06.824632+00:00,1286346,061,4362,3,0,1789173101,,,SCHEDULED
2026-09-12T00:18:06.824632+00:00,1286346,061,4360,4,0,1789173134,,,SCHEDULED
2026-09-12T00:18:06.824632+00:00,1286346,061,4363,5,0,1789173170,,,SCHEDULED
2026-09-12T00:18:06.824632+00:00,1286346,061,4364,6,0,1789173227,,,SCHEDULED
2026-09-12T00:18:06.824632+00:00,1286346,061,4365,7,0,1789173258,,,SCHEDULED
2026-09-12T00:18:06.824632+00:00,1286346,061,4811,8,0,1789173384,,,SCHEDULED
2026-09-12T00:18:06.824632+00:00,1286346,061,4810,9,0,1789173444,,,SCHEDULED
2026-09-12T00:18:06.824632+00:00,1286346,061,4266,10,0,1789173495,,,SCHEDULED
2026-09-12T00:18:06.824632+00:00,1286346,061,4267,11,0,1789173546,,,SCHEDULED
2026-09-12T00:18:06.824632+00:00,1286346,061,4268,12,0,1789173583,,,SCHEDULED
2026-09-12T00:18:06.824632+00:00,1286346,061,187,13,0,1789173698,,,SCHEDULED
2026-09-12T00:18:06.824632+00:00,1286346,061,189,14,0,1789173756,,,SCHEDULED
2026-09-12T00:18:06.824632+00:00,1286346,061,1034,15,0,1789173855,,,SCHEDULED
2026-09-12T00:18:06.824632+00:00,1286346,061,1035,16,0,1789173900,,,SCHEDULED
2026-09-12T00:18:06.824632+00:00,1286346,061,6101,17,0,1789173970,,,SCHEDULED
2026-09-12T00:18:06.824632+00:00,1286742,068,1858,48,0,1789172287,,,SCHEDULED
2026-09-12T00:18:06.824632+00:00,1286742,068,1859,49,0,1789172391,,,SCHEDULED
2026-09-12T00:18:06.824632+00:00,1286742,068,1860,50,0,1789172460,,,SCHEDULED
2026-09-12T00:18:06.824632+00:00,1286742,068,1861,51,0,1789172483,,,SCHEDULED
2026-09-12T00:18:06.824632+00:00,1286742,068,1862,52,0,1789172534,,,SCHEDULED
2026-09-12T00:18:06.824632+00:00,1286742,068,1863,53,0,1789172600,,,SCHEDULED
2026-09-12T00:18:06.824632+00:00,1286742,068,2399,54,0,1789172763,,,SCHEDULED
2026-09-12T00:18:06.824632+00:00,1286742,068,2400,55,0,1789172803,,,SCHEDULED
2026-09-12T00:18:06.824632+00:00,1286742,068,2401,56,0,1789172821,,,SCHEDULED
2026-09-12T00:18:06.824632+00:00,1286742,068,2402,57,0,1789172880,,,SCHEDULED
2026-09-12T00:18:06.824632+00:00,1286742,068,2403,58,0,1789172991,,,SCHEDULED
2026-09-12T00:18:06.824632+00:00,1286742,068,2404,59,0,1789173037,,,SCHEDULED
2026-09-12T00:18:06.824632+00:00,1286742,068,2405,60,0,1789173093,,,SCHEDULED
2026-09-12T00:18:06.824632+00:00,1286742,068,2406,61,0,1789173145,,,SCHEDULED
2026-09-12T00:18:06.824632+00:00,1286742,068,2407,62,0,1789173194,,,SCHEDULED
2026-09-12T00:18:06.824632+00:00,1286742,068,2408,63,0,1789173260,,,SCHEDULED
2026-09-12T00:18:06.824632+00:00,1286742,068,2409,64,0,1789173295,,,SCHEDULED
2026-09-12T00:18:06.824632+00:00,1286742,068,2410,65,0,1789173344,,,SCHEDULED
2026-09-12T00:18:06.824632+00:00,1286742,068,3939,66,0,1789173529,,,SCHEDULED
2026-09-12T00:18:06.824632+00:00,1286742,068,5107,67,0,1789173578,,,SCHEDULED
2026-09-12T00:18:06.824632+00:00,1286742,068,4020,68,0,1789173631,,,SCHEDULED
2026-09-12T00:18:06.824632+00:00,1286742,068,4021,69,0,1789173687,,,SCHEDULED
2026-09-12T00:18:06.824632+00:00,1286742,068,4022,70,0,1789173749,,,SCHEDULED
2026-09-12T00:18:06.824632+00:00,1286742,068,242,71,0,1789173851,,,SCHEDULED
2026-09-12T00:18:06.824632+00:00,1286742,068,243,72,0,1789173907,,,SCHEDULED
2026-09-12T00:18:06.824632+00:00,1286742,068,244,73,0,1789173956,,,SCHEDULED
2026-09-12T00:18:06.824632+00:00,1287952,088,612,12,0,1789172296,,,SCHEDULED
2026-09-12T00:18:06.824632+00:00,1287952,088,613,13,0,1789172325,,,SCHEDULED
2026-09-12T00:18:06.824632+00:00,1287952,088,614,14,0,1789172370,,,SCHEDULED
2026-09-12T00:18:06.824632+00:00,1287952,088,615,15,0,1789172531,,,SCHEDULED
2026-09-12T00:18:06.824632+00:00,1287952,088,616,16,0,1789172563,,,SCHEDULED
2026-09-12T00:18:06.824632+00:00,1287952,088,617,17,0,1789172602,,,SCHEDULED
2026-09-12T00:18:06.824632+00:00,1287952,088,618,18,0,1789172645,,,SCHEDULED
2026-09-12T00:18:06.824632+00:00,1287952,088,619,19,0,1789172698,,,SCHEDULED
2026-09-12T00:18:06.824632+00:00,1287952,088,620,20,0,1789172732,,,SCHEDULED
2026-09-12T00:18:06.824632+00:00,1287952,088,621,21,0,1789172782,,,SCHEDULED
2026-09-12T00:18:06.824632+00:00,1287952,088,622,22,0,1789172835,,,SCHEDULED
2026-09-12T00:18:06.824632+00:00,1287952,088,623,23,0,1789172862,,,SCHEDULED
2026-09-12T00:18:06.824632+00:00,1287952,088,624,24,0,1789172910,,,SCHEDULED
2026-09-12T00:18:06.824632+00:00,1287952,088,625,25,0,1789172969,,,SCHEDULED
2026-09-12T00:18:06.824632+00:00,1287952,088,626,26,0,1789173042,,,SCHEDULED
2026-09-12T00:18:06.824632+00:00,1287952,088,5271,27,0,1789173128,,,SCHEDULED
2026-09-12T00:18:06.824632+00:00,1286743,068,4022,70,0,1789172316,,,SCHEDULED
2026-09-12T00:18:06.824632+00:00,1286743,068,242,71,0,1789172418,,,SCHEDULED
2026-09-12T00:18:06.824632+00:00,1286743,068,243,72,0,1789172474,,,SCHEDULED
2026-09-12T00:18:06.824632+00:00,1286743,068,244,73,0,1789172523,,,SCHEDULED
2026-09-12T00:18:06.824632+00:00,1286743,068,1038,74,0,1789172599,,,SCHEDULED
2026-09-12T00:18:06.824632+00:00,1286743,068,4019,75,0,1789172666,,,SCHEDULED
2026-09-12T00:18:06.824632+00:00,1286347,061,6101,17,0,1789172272,,,SCHEDULED
2026-09-12T00:18:06.824632+00:00,1286347,061,2282,18,0,1789172458,,,SCHEDULED
2026-09-12T00:18:06.824632+00:00,1286347,061,2283,19,0,1789172484,,,SCHEDULED
2026-09-12T00:18:06.824632+00:00,1286347,061,2284,20,0,1789172518,,,SCHEDULED
2026-09-12T00:18:06.824632+00:00,1286347,061,2285,21,0,1789172554,,,SCHEDULED
2026-09-12T00:18:06.824632+00:00,1286347,061,2286,22,0,1789172600,,,SCHEDULED
2026-09-12T00:18:06.824632+00:00,1286347,061,2287,23,0,1789172645,,,SCHEDULED
2026-09-12T00:18:06.824632+00:00,1286347,061,2288,24,0,1789172682,,,SCHEDULED
2026-09-12T00:18:06.824632+00:00,1286347,061,2289,25,0,1789172740,,,SCHEDULED
2026-09-12T00:18:06.824632+00:00,1286347,061,2290,26,0,1789172802,,,SCHEDULED
2026-09-12T00:18:06.824632+00:00,1286347,061,2291,27,0,1789172852,,,SCHEDULED
2026-09-12T00:18:06.824632+00:00,1286347,061,2292,28,0,1789172981,,,SCHEDULED
2026-09-12T00:18:06.824632+00:00,1286347,061,2293,29,0,1789173056,,,SCHEDULED
2026-09-12T00:18:06.824632+00:00,1286347,061,2294,30,0,1789173094,,,SCHEDULED
2026-09-12T00:18:06.824632+00:00,1286347,061,2295,31,0,1789173156,,,SCHEDULED
2026-09-12T00:18:06.824632+00:00,1286347,061,2296,32,0,1789173218,,,SCHEDULED
2026-09-12T00:18:06.824632+00:00,1286347,061,2297,33,0,1789173272,,,SCHEDULED
2026-09-12T00:18:06.824632+00:00,1286347,061,2298,34,0,1789173402,,,SCHEDULED
2026-09-12T00:18:06.824632+00:00,1286347,061,2299,35,0,1789173440,,,SCHEDULED
2026-09-12T00:18:06.824632+00:00,1286347,061,2300,36,0,1789173465,,,SCHEDULED
2026-09-12T00:18:06.824632+00:00,1286347,061,2301,37,0,1789173511,,,SCHEDULED
2026-09-12T00:18:06.824632+00:00,1286347,061,2302,38,0,1789173557,,,SCHEDULED
2026-09-12T00:18:06.824632+00:00,1286347,061,2303,39,0,1789173575,,,SCHEDULED
2026-09-12T00:18:06.824632+00:00,1286347,061,2304,40,0,1789173601,,,SCHEDULED
2026-09-12T00:18:06.824632+00:00,1286347,061,2305,41,0,1789173642,,,SCHEDULED
2026-09-12T00:18:06.824632+00:00,1286347,061,2306,42,0,1789173662,,,SCHEDULED
2026-09-12T00:18:06.824632+00:00,1286347,061,2307,43,0,1789173690,,,SCHEDULED
2026-09-12T00:18:06.824632+00:00,1286347,061,2308,44,0,1789173721,,,SCHEDULED
2026-09-12T00:18:06.824632+00:00,1286347,061,2309,45,0,1789173762,,,SCHEDULED
2026-09-12T00:18:06.824632+00:00,1286347,061,1999,46,0,1789173806,,,SCHEDULED
2026-09-12T00:18:06.824632+00:00,1286347,061,1998,47,0,1789173900,,,SCHEDULED
2026-09-12T00:18:06.824632+00:00,1286347,061,2001,48,0,1789173932,,,SCHEDULED
2026-09-12T00:18:06.824632+00:00,1286347,061,2002,49,0,1789173989,,,SCHEDULED
2026-09-12T00:18:06.824632+00:00,1286347,061,2003,50,0,1789174065,,,SCHEDULED
2026-09-12T00:18:06.824632+00:00,1284048,001,1195,10,0,1789172330,,,SCHEDULED
2026-09-12T00:18:06.824632+00:00,1284048,001,1196,11,0,1789172417,,,SCHEDULED
2026-09-12T00:18:06.824632+00:00,1284048,001,1197,12,0,1789172464,,,SCHEDULED
2026-09-12T00:18:06.824632+00:00,1284048,001,1198,13,0,1789172493,,,SCHEDULED
2026-09-12T00:18:06.824632+00:00,1284048,001,3348,14,0,1789172580,,,SCHEDULED
2026-09-12T00:18:06.824632+00:00,1284048,001,3349,15,0,1789172686,,,SCHEDULED
2026-09-12T00:18:06.824632+00:00,1284048,001,3350,16,0,1789172747,,,SCHEDULED
2026-09-12T00:18:06.824632+00:00,1284048,001,3351,17,0,1789172803,,,SCHEDULED
2026-09-12T00:18:06.824632+00:00,1284048,001,3352,18,0,1789172867,,,SCHEDULED
2026-09-12T00:18:06.824632+00:00,1284048,001,3353,19,0,1789172920,,,SCHEDULED
2026-09-12T00:18:06.824632+00:00,1284048,001,3354,20,0,1789172968,,,SCHEDULED
2026-09-12T00:18:06.824632+00:00,1284048,001,3355,21,0,1789173032,,,SCHEDULED
2026-09-12T00:18:06.824632+00:00,1284048,001,3356,22,0,1789173093,,,SCHEDULED
2026-09-12T00:18:06.824632+00:00,1284048,001,3357,23,0,1789173125,,,SCHEDULED
2026-09-12T00:18:06.824632+00:00,1284048,001,563,24,0,1789173240,,,SCHEDULED
2026-09-12T00:18:06.824632+00:00,1284048,001,565,25,0,1789173310,,,SCHEDULED
2026-09-12T00:18:06.824632+00:00,1284048,001,566,26,0,1789173376,,,SCHEDULED
2026-09-12T00:18:06.824632+00:00,1284048,001,567,27,0,1789173411,,,SCHEDULED
2026-09-12T00:18:06.824632+00:00,1284048,001,568,28,0,1789173500,,,SCHEDULED
2026-09-12T00:18:06.824632+00:00,1284048,001,570,29,0,1789173561,,,SCHEDULED
2026-09-12T00:18:06.824632+00:00,1284048,001,573,30,0,1789173632,,,SCHEDULED
2026-09-12T00:18:06.824632+00:00,1284048,001,3097,31,0,1789173674,,,SCHEDULED
2026-09-12T00:18:06.824632+00:00,1284048,001,3098,32,0,1789173727,,,SCHEDULED
2026-09-12T00:18:06.824632+00:00,1286740,068,1099,1,,,0,1789173314,SCHEDULED
2026-09-12T00:18:06.824632+00:00,1286740,068,2645,2,0,1789173425,,,SCHEDULED
2026-09-12T00:18:06.824632+00:00,1286740,068,2643,3,0,1789173443,,,SCHEDULED
2026-09-12T00:18:06.824632+00:00,1286740,068,2644,4,0,1789173499,,,SCHEDULED
2026-09-12T00:18:06.824632+00:00,1286740,068,2646,5,0,1789173585,,,SCHEDULED
2026-09-12T00:18:06.824632+00:00,1286740,068,2647,6,0,1789173613,,,SCHEDULED
2026-09-12T00:18:06.824632+00:00,1284047,001,563,24,0,1789172340,,,SCHEDULED
2026-09-12T00:18:06.824632+00:00,1284047,001,565,25,0,1789172410,,,SCHEDULED
2026-09-12T00:18:06.824632+00:00,1284047,001,566,26,0,1789172476,,,SCHEDULED
2026-09-12T00:18:06.824632+00:00,1284047,001,567,27,0,1789172511,,,SCHEDULED
2026-09-12T00:18:06.824632+00:00,1284047,001,568,28,0,1789172600,,,SCHEDULED
2026-09-12T00:18:06.824632+00:00,1284047,001,570,29,0,1789172661,,,SCHEDULED
2026-09-12T00:18:06.824632+00:00,1284047,001,573,30,0,1789172732,,,SCHEDULED
2026-09-12T00:18:06.824632+00:00,1284047,001,3097,31,0,1789172774,,,SCHEDULED
2026-09-12T00:18:06.824632+00:00,1284047,001,3098,32,0,1789172827,,,SCHEDULED
2026-09-12T00:18:06.824632+00:00,1287951,088,4763,2,0,1789172296,,,SCHEDULED
2026-09-12T00:18:06.824632+00:00,1287951,088,113,3,0,1789172320,,,SCHEDULED
2026-09-12T00:18:06.824632+00:00,1287951,088,525,4,0,1789172359,,,SCHEDULED
2026-09-12T00:18:06.824632+00:00,1287951,088,526,5,0,1789172403,,,SCHEDULED
2026-09-12T00:18:06.824632+00:00,1287951,088,527,6,0,1789172418,,,SCHEDULED
2026-09-12T00:18:06.824632+00:00,1287951,088,528,7,0,1789172433,,,SCHEDULED
2026-09-12T00:18:06.824632+00:00,1287951,088,5252,8,0,1789172492,,,SCHEDULED
2026-09-12T00:18:06.824632+00:00,1287951,088,531,9,0,1789172507,,,SCHEDULED
2026-09-12T00:18:06.824632+00:00,1287951,088,610,10,0,1789172916,,,SCHEDULED
2026-09-12T00:18:06.824632+00:00,1287951,088,611,11,0,1789172938,,,SCHEDULED
2026-09-12T00:18:06.824632+00:00,1287951,088,612,12,0,1789172966,,,SCHEDULED
2026-09-12T00:18:06.824632+00:00,1287951,088,613,13,0,1789172995,,,SCHEDULED
2026-09-12T00:18:06.824632+00:00,1287951,088,614,14,0,1789173040,,,SCHEDULED
2026-09-12T00:18:06.824632+00:00,1287951,088,615,15,0,1789173201,,,SCHEDULED
2026-09-12T00:18:06.824632+00:00,1287951,088,616,16,0,1789173233,,,SCHEDULED
2026-09-12T00:18:06.824632+00:00,1287951,088,617,17,0,1789173272,,,SCHEDULED
2026-09-12T00:18:06.824632+00:00,1287951,088,618,18,0,1789173315,,,SCHEDULED
2026-09-12T00:18:06.824632+00:00,1287951,088,619,19,0,1789173368,,,SCHEDULED
2026-09-12T00:18:06.824632+00:00,1287951,088,620,20,0,1789173402,,,SCHEDULED
2026-09-12T00:18:06.824632+00:00,1287951,088,621,21,0,1789173452,,,SCHEDULED
2026-09-12T00:18:06.824632+00:00,1287951,088,622,22,0,1789173505,,,SCHEDULED
2026-09-12T00:18:06.824632+00:00,1287951,088,623,23,0,1789173532,,,SCHEDULED
2026-09-12T00:18:06.824632+00:00,1287951,088,624,24,0,1789173580,,,SCHEDULED
2026-09-12T00:18:06.824632+00:00,1287951,088,625,25,0,1789173639,,,SCHEDULED
2026-09-12T00:18:06.824632+00:00,1287951,088,626,26,0,1789173712,,,SCHEDULED
2026-09-12T00:18:06.824632+00:00,1287951,088,5271,27,0,1789173798,,,SCHEDULED
2026-09-12T00:18:06.824632+00:00,1288401,176,658,1,,,0,1789173540,SCHEDULED
2026-09-12T00:18:06.824632+00:00,1288401,176,832,2,0,1789173665,,,SCHEDULED
2026-09-12T00:18:06.824632+00:00,1288401,176,3845,3,0,1789173691,,,SCHEDULED
2026-09-12T00:18:06.824632+00:00,1288401,176,795,4,0,1789173773,,,SCHEDULED
2026-09-12T00:18:06.824632+00:00,1288401,176,870,5,0,1789173867,,,SCHEDULED
2026-09-12T00:18:06.824632+00:00,1286741,068,9811,14,0,1789172237,,,SCHEDULED
2026-09-12T00:18:06.824632+00:00,1286741,068,880,15,0,1789172352,,,SCHEDULED
2026-09-12T00:18:06.824632+00:00,1286741,068,881,16,0,1789172386,,,SCHEDULED
2026-09-12T00:18:06.824632+00:00,1286741,068,1795,17,0,1789172464,,,SCHEDULED
2026-09-12T00:18:06.824632+00:00,1286741,068,1796,18,0,1789172507,,,SCHEDULED
2026-09-12T00:18:06.824632+00:00,1286741,068,1797,19,0,1789172567,,,SCHEDULED
2026-09-12T00:18:06.824632+00:00,1286741,068,1798,20,0,1789172619,,,SCHEDULED
2026-09-12T00:18:06.824632+00:00,1286741,068,1930,21,0,1789172671,,,SCHEDULED
2026-09-12T00:18:06.824632+00:00,1286741,068,1931,22,0,1789172718,,,SCHEDULED
2026-09-12T00:18:06.824632+00:00,1286741,068,1949,23,0,1789172770,,,SCHEDULED
2026-09-12T00:18:06.824632+00:00,1286741,068,1932,24,0,1789172800,,,SCHEDULED
2026-09-12T00:18:06.824632+00:00,1286741,068,1933,25,0,1789172865,,,SCHEDULED
2026-09-12T00:18:06.824632+00:00,1286741,068,1934,26,0,1789172929,,,SCHEDULED
2026-09-12T00:18:06.824632+00:00,1286741,068,1935,27,0,1789172972,,,SCHEDULED
2026-09-12T00:18:06.824632+00:00,1286741,068,2657,28,0,1789173046,,,SCHEDULED
2026-09-12T00:18:06.824632+00:00,1286741,068,2658,29,0,1789173078,,,SCHEDULED
2026-09-12T00:18:06.824632+00:00,1286741,068,2659,30,0,1789173100,,,SCHEDULED
2026-09-12T00:18:06.824632+00:00,1286741,068,2660,31,0,1789173148,,,SCHEDULED
2026-09-12T00:18:06.824632+00:00,1286741,068,2662,32,0,1789173229,,,SCHEDULED
2026-09-12T00:18:06.824632+00:00,1286741,068,2664,33,0,1789173291,,,SCHEDULED
2026-09-12T00:18:06.824632+00:00,1286741,068,2665,34,0,1789173346,,,SCHEDULED
2026-09-12T00:18:06.824632+00:00,1286741,068,2666,35,0,1789173386,,,SCHEDULED
2026-09-12T00:18:06.824632+00:00,1286741,068,2667,36,0,1789173438,,,SCHEDULED
2026-09-12T00:18:06.824632+00:00,1286741,068,2670,37,0,1789173526,,,SCHEDULED
2026-09-12T00:18:06.824632+00:00,1286741,068,2671,38,0,1789173557,,,SCHEDULED
2026-09-12T00:18:06.824632+00:00,1286741,068,2672,39,0,1789173591,,,SCHEDULED
2026-09-12T00:18:06.824632+00:00,1286741,068,2675,40,0,1789173643,,,SCHEDULED
2026-09-12T00:18:06.824632+00:00,1286741,068,2676,41,0,1789173683,,,SCHEDULED
2026-09-12T00:18:06.824632+00:00,1286741,068,2679,42,0,1789173706,,,SCHEDULED
2026-09-12T00:18:06.824632+00:00,1286741,068,2680,43,0,1789173749,,,SCHEDULED
2026-09-12T00:18:06.824632+00:00,1286741,068,2681,44,0,1789173775,,,SCHEDULED
2026-09-12T00:18:06.824632+00:00,1286741,068,2678,45,0,1789173832,,,SCHEDULED
2026-09-12T00:18:06.824632+00:00,1286741,068,2682,46,0,1789173858,,,SCHEDULED
2026-09-12T00:18:06.824632+00:00,1285777,038,307,1,,,0,1789172940,SCHEDULED
2026-09-12T00:18:06.824632+00:00,1285777,038,1600,2,0,1789173102,,,SCHEDULED
2026-09-12T00:18:06.824632+00:00,1285777,038,3650,3,0,1789173218,,,SCHEDULED
2026-09-12T00:18:06.824632+00:00,1285777,038,3651,4,0,1789173297,,,SCHEDULED
2026-09-12T00:18:06.824632+00:00,1285777,038,3652,5,0,1789173351,,,SCHEDULED
2026-09-12T00:18:06.824632+00:00,1285777,038,3653,6,0,1789173392,,,SCHEDULED
2026-09-12T00:18:06.824632+00:00,1285777,038,3654,7,0,1789173434,,,SCHEDULED
2026-09-12T00:18:06.824632+00:00,1285777,038,3655,8,0,1789173488,,,SCHEDULED
2026-09-12T00:18:06.824632+00:00,1285777,038,3656,9,0,1789173546,,,SCHEDULED
2026-09-12T00:18:06.824632+00:00,1285777,038,3657,10,0,1789173604,,,SCHEDULED
2026-09-12T00:18:06.824632+00:00,1285777,038,1807,11,0,1789173679,,,SCHEDULED
2026-09-12T00:18:06.824632+00:00,1285777,038,1808,12,0,1789173742,,,SCHEDULED
2026-09-12T00:18:06.824632+00:00,1285777,038,1809,13,0,1789173783,,,SCHEDULED
2026-09-12T00:18:06.824632+00:00,1285777,038,1810,14,0,1789173845,,,SCHEDULED
2026-09-12T00:18:06.824632+00:00,1285777,038,1811,15,0,1789173900,,,SCHEDULED
2026-09-12T00:18:06.824632+00:00,1285777,038,938,16,0,1789174016,,,SCHEDULED
2026-09-12T00:18:06.824632+00:00,1285898,051,3131,1,,,0,1789173900,SCHEDULED
2026-09-12T00:18:06.824632+00:00,1285898,051,1884,2,0,1789173980,,,SCHEDULED
2026-09-12T00:18:06.824632+00:00,1284049,001,1184,1,,,0,1789172700,SCHEDULED
2026-09-12T00:18:06.824632+00:00,1284049,001,3301,2,0,1789172726,,,SCHEDULED
2026-09-12T00:18:06.824632+00:00,1284049,001,1187,3,0,1789172775,,,SCHEDULED
2026-09-12T00:18:06.824632+00:00,1284049,001,1188,4,0,1789172839,,,SCHEDULED
2026-09-12T00:18:06.824632+00:00,1284049,001,1189,5,0,1789172894,,,SCHEDULED
2026-09-12T00:18:06.824632+00:00,1284049,001,1190,6,0,1789173010,,,SCHEDULED
2026-09-12T00:18:06.824632+00:00,1284049,001,1191,7,0,1789173056,,,SCHEDULED
2026-09-12T00:18:06.824632+00:00,1284049,001,1192,8,0,1789173100,,,SCHEDULED
2026-09-12T00:18:06.824632+00:00,1284049,001,1193,9,0,1789173146,,,SCHEDULED
2026-09-12T00:18:06.824632+00:00,1284049,001,1195,10,0,1789173230,,,SCHEDULED
2026-09-12T00:18:06.824632+00:00,1284049,001,1196,11,0,1789173317,,,SCHEDULED
2026-09-12T00:18:06.824632+00:00,1284049,001,1197,12,0,1789173364,,,SCHEDULED
2026-09-12T00:18:06.824632+00:00,1284049,001,1198,13,0,1789173393,,,SCHEDULED
2026-09-12T00:18:06.824632+00:00,1284049,001,3348,14,0,1789173480,,,SCHEDULED
2026-09-12T00:18:06.824632+00:00,1284049,001,3349,15,0,1789173586,,,SCHEDULED
2026-09-12T00:18:06.824632+00:00,1284049,001,3350,16,0,1789173647,,,SCHEDULED
2026-09-12T00:18:06.824632+00:00,1284049,001,3351,17,0,1789173703,,,SCHEDULED
2026-09-12T00:18:06.824632+00:00,1284049,001,3352,18,0,1789173767,,,SCHEDULED
2026-09-12T00:18:06.824632+00:00,1284049,001,3353,19,0,1789173820,,,SCHEDULED
2026-09-12T00:18:06.824632+00:00,1284049,001,3354,20,0,1789173868,,,SCHEDULED
2026-09-12T00:18:06.824632+00:00,1284049,001,3355,21,0,1789173932,,,SCHEDULED
2026-09-12T00:18:06.824632+00:00,1284049,001,3356,22,0,1789173993,,,SCHEDULED
2026-09-12T00:18:06.824632+00:00,1285930,051,1923,34,0,1789172273,,,SCHEDULED
2026-09-12T00:18:06.824632+00:00,1285930,051,1924,35,0,1789172323,,,SCHEDULED
2026-09-12T00:18:06.824632+00:00,1285930,051,1925,36,0,1789172373,,,SCHEDULED
2026-09-12T00:18:06.824632+00:00,1285930,051,1926,37,0,1789172423,,,SCHEDULED
2026-09-12T00:18:06.824632+00:00,1285930,051,1940,38,0,1789172456,,,SCHEDULED
2026-09-12T00:18:06.824632+00:00,1285930,051,320,39,0,1789172510,,,SCHEDULED
2026-09-12T00:18:06.824632+00:00,1285930,051,1209,40,0,1789172544,,,SCHEDULED
2026-09-12T00:18:06.824632+00:00,1285930,051,321,41,0,1789172582,,,SCHEDULED
2026-09-12T00:18:06.824632+00:00,1285930,051,322,42,0,1789172649,,,SCHEDULED
2026-09-12T00:18:06.824632+00:00,1285930,051,324,43,0,1789172783,,,SCHEDULED
2026-09-12T00:18:06.824632+00:00,1285930,051,325,44,0,1789172816,,,SCHEDULED
2026-09-12T00:18:06.824632+00:00,1285930,051,327,46,0,1789172883,,,SCHEDULED
2026-09-12T00:18:06.824632+00:00,1285930,051,328,47,0,1789172912,,,SCHEDULED
2026-09-12T00:18:06.824632+00:00,1285930,051,329,48,0,1789172963,,,SCHEDULED
2026-09-12T00:18:06.824632+00:00,1285930,051,330,49,0,1789173110,,,SCHEDULED
2026-09-12T00:18:06.824632+00:00,1285930,051,331,50,0,1789173201,,,SCHEDULED
2026-09-12T00:18:06.824632+00:00,1285779,038,5252,36,0,1789172366,,,SCHEDULED
2026-09-12T00:18:06.824632+00:00,1285779,038,281,37,0,1789172472,,,SCHEDULED
2026-09-12T00:18:06.824632+00:00,1286348,061,2305,41,0,1789172310,,,SCHEDULED
2026-09-12T00:18:06.824632+00:00,1286348,061,2306,42,0,1789172330,,,SCHEDULED
2026-09-12T00:18:06.824632+00:00,1286348,061,2307,43,0,1789172358,,,SCHEDULED
2026-09-12T00:18:06.824632+00:00,1286348,061,2308,44,0,1789172389,,,SCHEDULED
2026-09-12T00:18:06.824632+00:00,1286348,061,2309,45,0,1789172430,,,SCHEDULED
2026-09-12T00:18:06.824632+00:00,1286348,061,1999,46,0,1789172474,,,SCHEDULED
2026-09-12T00:18:06.824632+00:00,1286348,061,1998,47,0,1789172568,,,SCHEDULED
2026-09-12T00:18:06.824632+00:00,1286348,061,2001,48,0,1789172600,,,SCHEDULED
2026-09-12T00:18:06.824632+00:00,1286348,061,2002,49,0,1789172657,,,SCHEDULED
2026-09-12T00:18:06.824632+00:00,1286348,061,2003,50,0,1789172733,,,SCHEDULED
2026-09-12T00:18:06.824632+00:00,1286348,061,2004,51,0,1789172790,,,SCHEDULED
2026-09-12T00:18:06.824632+00:00,1286348,061,2005,52,0,1789172831,,,SCHEDULED
2026-09-12T00:18:06.824632+00:00,1286348,061,2006,53,0,1789172884,,,SCHEDULED
2026-09-12T00:18:06.824632+00:00,1286348,061,2007,54,0,1789172925,,,SCHEDULED
2026-09-12T00:18:06.824632+00:00,1286348,061,2008,55,0,1789172954,,,SCHEDULED
2026-09-12T00:18:06.824632+00:00,1286348,061,2010,56,0,1789173030,,,SCHEDULED
2026-09-12T00:18:06.824632+00:00,1286348,061,2011,57,0,1789173086,,,SCHEDULED
2026-09-12T00:18:06.824632+00:00,1286348,061,2012,58,0,1789173135,,,SCHEDULED
2026-09-12T00:18:06.824632+00:00,1286348,061,2013,59,0,1789173181,,,SCHEDULED
2026-09-12T00:18:06.824632+00:00,1286348,061,2014,60,0,1789173247,,,SCHEDULED
2026-09-12T00:18:06.824632+00:00,1286348,061,2015,61,0,1789173340,,,SCHEDULED
2026-09-12T00:18:06.824632+00:00,1286348,061,2016,62,0,1789173393,,,SCHEDULED
2026-09-12T00:18:06.824632+00:00,1286348,061,2020,63,0,1789173445,,,SCHEDULED
2026-09-12T00:18:06.824632+00:00,1286348,061,2021,64,0,1789173518,,,SCHEDULED
2026-09-12T00:18:06.824632+00:00,1286348,061,3130,65,0,1789173591,,,SCHEDULED
2026-09-12T00:18:06.824632+00:00,1285778,038,938,16,0,1789172325,,,SCHEDULED
2026-09-12T00:18:06.824632+00:00,1285778,038,940,17,0,1789172381,,,SCHEDULED
2026-09-12T00:18:06.824632+00:00,1285778,038,941,18,0,1789172411,,,SCHEDULED
2026-09-12T00:18:06.824632+00:00,1285778,038,2633,19,0,1789172475,,,SCHEDULED
2026-09-12T00:18:06.824632+00:00,1285778,038,9812,20,0,1789172509,,,SCHEDULED
2026-09-12T00:18:06.824632+00:00,1285778,038,2629,21,0,1789172547,,,SCHEDULED
2026-09-12T00:18:06.824632+00:00,1285778,038,2634,22,0,1789172578,,,SCHEDULED
2026-09-12T00:18:06.824632+00:00,1285778,038,2635,23,0,1789172629,,,SCHEDULED
2026-09-12T00:18:06.824632+00:00,1285778,038,1707,24,0,1789172749,,,SCHEDULED
2026-09-12T00:18:06.824632+00:00,1285778,038,1708,25,0,1789172789,,,SCHEDULED
2026-09-12T00:18:06.824632+00:00,1285778,038,1709,26,0,1789172838,,,SCHEDULED
2026-09-12T00:18:06.824632+00:00,1285778,038,1710,27,0,1789172899,,,SCHEDULED
2026-09-12T00:18:06.824632+00:00,1285778,038,1711,28,0,1789172952,,,SCHEDULED
2026-09-12T00:18:06.824632+00:00,1285778,038,519,29,0,1789172981,,,SCHEDULED
2026-09-12T00:18:06.824632+00:00,1285778,038,521,30,0,1789173034,,,SCHEDULED
2026-09-12T00:18:06.824632+00:00,1285778,038,522,31,0,1789173107,,,SCHEDULED
2026-09-12T00:18:06.824632+00:00,1285778,038,525,32,0,1789173213,,,SCHEDULED
2026-09-12T00:18:06.824632+00:00,1285778,038,526,33,0,1789173343,,,SCHEDULED
2026-09-12T00:18:06.824632+00:00,1285778,038,527,34,0,1789173376,,,SCHEDULED
2026-09-12T00:18:06.824632+00:00,1285778,038,528,35,0,1789173409,,,SCHEDULED
2026-09-12T00:18:06.824632+00:00,1285778,038,5252,36,0,1789173526,,,SCHEDULED
2026-09-12T00:18:06.824632+00:00,1285778,038,281,37,0,1789173632,,,SCHEDULED
2026-09-12T00:18:06.824632+00:00,1285899,051,3131,1,,,0,1789173000,SCHEDULED
2026-09-12T00:18:06.824632+00:00,1285899,051,1884,2,0,1789173080,,,SCHEDULED
2026-09-12T00:18:06.824632+00:00,1285899,051,1885,3,0,1789173168,,,SCHEDULED
2026-09-12T00:18:06.824632+00:00,1285899,051,1887,4,0,1789173258,,,SCHEDULED
2026-09-12T00:18:06.824632+00:00,1285899,051,1888,5,0,1789173294,,,SCHEDULED
2026-09-12T00:18:06.824632+00:00,1285899,051,1889,6,0,1789173368,,,SCHEDULED
2026-09-12T00:18:06.824632+00:00,1285899,051,1890,7,0,1789173420,,,SCHEDULED
2026-09-12T00:18:06.824632+00:00,1285899,051,1891,8,0,1789173472,,,SCHEDULED
2026-09-12T00:18:06.824632+00:00,1285899,051,1892,9,0,1789173540,,,SCHEDULED
2026-09-12T00:18:06.824632+00:00,1285899,051,1893,10,0,1789173573,,,SCHEDULED
2026-09-12T00:18:06.824632+00:00,1285899,051,1894,11,0,1789173620,,,SCHEDULED
2026-09-12T00:18:06.824632+00:00,1285899,051,1895,12,0,1789173669,,,SCHEDULED
2026-09-12T00:18:06.824632+00:00,1285899,051,1896,13,0,1789173700,,,SCHEDULED
2026-09-12T00:18:06.824632+00:00,1285899,051,1898,14,0,1789173765,,,SCHEDULED
2026-09-12T00:18:06.824632+00:00,1285899,051,1899,15,0,1789173808,,,SCHEDULED
2026-09-12T00:18:06.824632+00:00,1285899,051,1901,16,0,1789173851,,,SCHEDULED
2026-09-12T00:18:06.824632+00:00,1285899,051,1902,17,0,1789173888,,,SCHEDULED
2026-09-12T00:18:06.824632+00:00,1285899,051,1904,18,0,1789173960,,,SCHEDULED
2026-09-12T00:18:06.824632+00:00,1285899,051,1905,19,0,1789174004,,,SCHEDULED
2026-09-12T00:18:06.824632+00:00,1285419,026,3052,1,,,0,1789173240,SCHEDULED
2026-09-12T00:18:06.824632+00:00,1285419,026,3054,2,0,1789173309,,,SCHEDULED
2026-09-12T00:18:06.824632+00:00,1285419,026,3055,3,0,1789173365,,,SCHEDULED
2026-09-12T00:18:06.824632+00:00,1285419,026,3056,4,0,1789173414,,,SCHEDULED
2026-09-12T00:18:06.824632+00:00,1285419,026,3057,5,0,1789173446,,,SCHEDULED
2026-09-12T00:18:06.824632+00:00,1285419,026,3058,6,0,1789173497,,,SCHEDULED
2026-09-12T00:18:06.824632+00:00,1285419,026,3059,7,0,1789173541,,,SCHEDULED
2026-09-12T00:18:06.824632+00:00,1285419,026,3060,8,0,1789173600,,,SCHEDULED
2026-09-12T00:18:06.824632+00:00,1285419,026,3061,9,0,1789173650,,,SCHEDULED
2026-09-12T00:18:06.824632+00:00,1285419,026,3062,10,0,1789173709,,,SCHEDULED
2026-09-12T00:18:06.824632+00:00,1285419,026,3063,11,0,1789173777,,,SCHEDULED
2026-09-12T00:18:06.824632+00:00,1285419,026,3064,12,0,1789173833,,,SCHEDULED
2026-09-12T00:18:06.824632+00:00,1285419,026,3065,13,0,1789173868,,,SCHEDULED
2026-09-12T00:18:06.824632+00:00,1285419,026,3066,14,0,1789173907,,,SCHEDULED
2026-09-12T00:18:06.824632+00:00,1285419,026,629,15,0,1789174010,,,SCHEDULED
2026-09-12T00:18:06.824632+00:00,1288409,176,663,4,0,1789172517,,,SCHEDULED
2026-09-12T00:18:06.824632+00:00,1288409,176,8005,5,0,1789172662,,,SCHEDULED
2026-09-12T00:18:06.824632+00:00,1288409,176,837,6,0,1789172743,,,SCHEDULED
2026-09-12T00:18:06.824632+00:00,1285928,051,1896,13,0,1789172301,,,SCHEDULED
2026-09-12T00:18:06.824632+00:00,1285928,051,1898,14,0,1789172375,,,SCHEDULED
2026-09-12T00:18:06.824632+00:00,1285928,051,1899,15,0,1789172425,,,SCHEDULED
2026-09-12T00:18:06.824632+00:00,1285928,051,1901,16,0,1789172474,,,SCHEDULED
2026-09-12T00:18:06.824632+00:00,1285928,051,1902,17,0,1789172516,,,SCHEDULED
2026-09-12T00:18:06.824632+00:00,1285928,051,1904,18,0,1789172598,,,SCHEDULED
2026-09-12T00:18:06.824632+00:00,1285928,051,1905,19,0,1789172647,,,SCHEDULED
2026-09-12T00:18:06.824632+00:00,1285928,051,1906,20,0,1789172702,,,SCHEDULED
2026-09-12T00:18:06.824632+00:00,1285928,051,1907,21,0,1789172756,,,SCHEDULED
2026-09-12T00:18:06.824632+00:00,1285928,051,1908,22,0,1789172796,,,SCHEDULED
2026-09-12T00:18:06.824632+00:00,1285928,051,1911,23,0,1789172900,,,SCHEDULED
2026-09-12T00:18:06.824632+00:00,1285928,051,1913,24,0,1789173009,,,SCHEDULED
2026-09-12T00:18:06.824632+00:00,1285928,051,1914,25,0,1789173073,,,SCHEDULED
2026-09-12T00:18:06.824632+00:00,1285928,051,1915,26,0,1789173138,,,SCHEDULED
2026-09-12T00:18:06.824632+00:00,1285928,051,1916,27,0,1789173191,,,SCHEDULED
2026-09-12T00:18:06.824632+00:00,1285928,051,1917,28,0,1789173241,,,SCHEDULED
2026-09-12T00:18:06.824632+00:00,1285928,051,1918,29,0,1789173303,,,SCHEDULED
2026-09-12T00:18:06.824632+00:00,1285928,051,1919,30,0,1789173349,,,SCHEDULED
2026-09-12T00:18:06.824632+00:00,1285928,051,1920,31,0,1789173372,,,SCHEDULED
2026-09-12T00:18:06.824632+00:00,1285928,051,1921,32,0,1789173402,,,SCHEDULED
2026-09-12T00:18:06.824632+00:00,1285928,051,1922,33,0,1789173441,,,SCHEDULED
2026-09-12T00:18:06.824632+00:00,1285928,051,1923,34,0,1789173468,,,SCHEDULED
2026-09-12T00:18:06.824632+00:00,1285928,051,1924,35,0,1789173518,,,SCHEDULED
2026-09-12T00:18:06.824632+00:00,1285928,051,1925,36,0,1789173568,,,SCHEDULED
2026-09-12T00:18:06.824632+00:00,1285928,051,1926,37,0,1789173618,,,SCHEDULED
2026-09-12T00:18:06.824632+00:00,1285928,051,1940,38,0,1789173651,,,SCHEDULED
2026-09-12T00:18:06.824632+00:00,1285928,051,320,39,0,1789173705,,,SCHEDULED
2026-09-12T00:18:06.824632+00:00,1285928,051,1209,40,0,1789173739,,,SCHEDULED
2026-09-12T00:18:06.824632+00:00,1285928,051,321,41,0,1789173777,,,SCHEDULED
2026-09-12T00:18:06.824632+00:00,1285928,051,322,42,0,1789173844,,,SCHEDULED
2026-09-12T00:18:06.824632+00:00,1285928,051,324,43,0,1789173978,,,SCHEDULED
2026-09-12T00:18:06.824632+00:00,1285928,051,325,44,0,1789174011,,,SCHEDULED
2026-09-12T00:18:06.824632+00:00,1285807,038,282,1,,,0,1789172640,SCHEDULED
2026-09-12T00:18:06.824632+00:00,1285807,038,414,2,0,1789172891,,,SCHEDULED
2026-09-12T00:18:06.824632+00:00,1285807,038,415,3,0,1789172940,,,SCHEDULED
2026-09-12T00:18:06.824632+00:00,1285807,038,416,4,0,1789172976,,,SCHEDULED
2026-09-12T00:18:06.824632+00:00,1285807,038,418,5,0,1789173048,,,SCHEDULED
2026-09-12T00:18:06.824632+00:00,1285807,038,4763,6,0,1789173130,,,SCHEDULED
2026-09-12T00:18:06.824632+00:00,1285807,038,1716,7,0,1789173189,,,SCHEDULED
2026-09-12T00:18:06.824632+00:00,1285807,038,1717,8,0,1789173234,,,SCHEDULED
2026-09-12T00:18:06.824632+00:00,1285807,038,1718,9,0,1789173306,,,SCHEDULED
2026-09-12T00:18:06.824632+00:00,1285807,038,1720,10,0,1789173415,,,SCHEDULED
2026-09-12T00:18:06.824632+00:00,1285807,038,1721,11,0,1789173560,,,SCHEDULED
2026-09-12T00:18:06.824632+00:00,1285807,038,1722,12,0,1789173632,,,SCHEDULED
2026-09-12T00:18:06.824632+00:00,1285807,038,1723,13,0,1789173660,,,SCHEDULED
2026-09-12T00:18:06.824632+00:00,1285807,038,2651,14,0,1789173738,,,SCHEDULED
2026-09-12T00:18:06.824632+00:00,1285807,038,2653,15,0,1789173840,,,SCHEDULED
2026-09-12T00:18:06.824632+00:00,1285807,038,2654,16,0,1789173904,,,SCHEDULED
2026-09-12T00:18:06.824632+00:00,1285807,038,9811,17,0,1789173960,,,SCHEDULED
2026-09-12T00:18:06.824632+00:00,1285808,038,2654,16,0,1789172271,,,SCHEDULED
2026-09-12T00:18:06.824632+00:00,1285808,038,9811,17,0,1789172327,,,SCHEDULED
2026-09-12T00:18:06.824632+00:00,1285808,038,880,18,0,1789172394,,,SCHEDULED
2026-09-12T00:18:06.824632+00:00,1285808,038,881,19,0,1789172421,,,SCHEDULED
2026-09-12T00:18:06.824632+00:00,1285808,038,883,20,0,1789172495,,,SCHEDULED
2026-09-12T00:18:06.824632+00:00,1285808,038,884,21,0,1789172538,,,SCHEDULED
2026-09-12T00:18:06.824632+00:00,1285808,038,3717,22,0,1789172633,,,SCHEDULED
2026-09-12T00:18:06.824632+00:00,1285808,038,3718,23,0,1789172666,,,SCHEDULED
2026-09-12T00:18:06.824632+00:00,1285808,038,3719,24,0,1789172687,,,SCHEDULED
2026-09-12T00:18:06.824632+00:00,1285808,038,3720,25,0,1789172762,,,SCHEDULED
2026-09-12T00:18:06.824632+00:00,1285808,038,3721,26,0,1789172791,,,SCHEDULED
2026-09-12T00:18:06.824632+00:00,1285808,038,3722,27,0,1789172855,,,SCHEDULED
2026-09-12T00:18:06.824632+00:00,1285808,038,3723,28,0,1789172891,,,SCHEDULED
2026-09-12T00:18:06.824632+00:00,1285808,038,3724,29,0,1789172956,,,SCHEDULED
2026-09-12T00:18:06.824632+00:00,1285808,038,3725,30,0,1789172988,,,SCHEDULED
2026-09-12T00:18:06.824632+00:00,1285808,038,901,31,0,1789173035,,,SCHEDULED
2026-09-12T00:18:06.824632+00:00,1285808,038,902,32,0,1789173081,,,SCHEDULED
2026-09-12T00:18:06.824632+00:00,1285808,038,903,33,0,1789173139,,,SCHEDULED
2026-09-12T00:18:06.824632+00:00,1285808,038,905,34,0,1789173254,,,SCHEDULED
2026-09-12T00:18:06.824632+00:00,1285808,038,3143,35,0,1789173300,,,SCHEDULED
2026-09-12T00:18:06.824632+00:00,1285808,038,3144,36,0,1789173336,,,SCHEDULED
2026-09-12T00:18:06.824632+00:00,1285929,051,1925,36,0,1789172287,,,SCHEDULED
2026-09-12T00:18:06.824632+00:00,1285929,051,1926,37,0,1789172296,,,SCHEDULED
2026-09-12T00:18:06.824632+00:00,1285929,051,1940,38,0,1789172329,,,SCHEDULED
2026-09-12T00:18:06.824632+00:00,1285929,051,320,39,0,1789172383,,,SCHEDULED
2026-09-12T00:18:06.824632+00:00,1285929,051,1209,40,0,1789172417,,,SCHEDULED
2026-09-12T00:18:06.824632+00:00,1285929,051,321,41,0,1789172455,,,SCHEDULED
2026-09-12T00:18:06.824632+00:00,1285929,051,322,42,0,1789172522,,,SCHEDULED
2026-09-12T00:18:06.824632+00:00,1285929,051,324,43,0,1789172656,,,SCHEDULED
2026-09-12T00:18:06.824632+00:00,1285929,051,325,44,0,1789172689,,,SCHEDULED
2026-09-12T00:18:06.824632+00:00,1285929,051,327,46,0,1789172756,,,SCHEDULED
2026-09-12T00:18:06.824632+00:00,1285929,051,328,47,0,1789172785,,,SCHEDULED
2026-09-12T00:18:06.824632+00:00,1285929,051,329,48,0,1789172836,,,SCHEDULED
2026-09-12T00:18:06.824632+00:00,1285929,051,330,49,0,1789172983,,,SCHEDULED
2026-09-12T00:18:06.824632+00:00,1285929,051,331,50,0,1789173074,,,SCHEDULED
2026-09-12T00:18:06.824632+00:00,1288081,093,9800,1,,,0,1789172340,SCHEDULED
2026-09-12T00:18:06.824632+00:00,1288081,093,3099,2,0,1789172445,,,SCHEDULED
2026-09-12T00:18:06.824632+00:00,1288081,093,3100,3,0,1789172494,,,SCHEDULED
2026-09-12T00:18:06.824632+00:00,1288081,093,3101,4,0,1789172533,,,SCHEDULED
2026-09-12T00:18:06.824632+00:00,1288081,093,3102,5,0,1789172566,,,SCHEDULED
2026-09-12T00:18:06.824632+00:00,1288081,093,3103,6,0,1789172661,,,SCHEDULED
2026-09-12T00:18:06.824632+00:00,1288081,093,3503,7,0,1789172704,,,SCHEDULED
2026-09-12T00:18:06.824632+00:00,1288081,093,3504,8,0,1789172858,,,SCHEDULED
2026-09-12T00:18:06.824632+00:00,1288081,093,3505,9,0,1789172937,,,SCHEDULED
2026-09-12T00:18:06.824632+00:00,1288081,093,3520,10,0,1789173000,,,SCHEDULED
2026-09-12T00:18:06.824632+00:00,1288081,093,3521,11,0,1789173023,,,SCHEDULED
2026-09-12T00:18:06.824632+00:00,1288081,093,3522,12,0,1789173050,,,SCHEDULED
2026-09-12T00:18:06.824632+00:00,1288081,093,3523,13,0,1789173072,,,SCHEDULED
2026-09-12T00:18:06.824632+00:00,1288081,093,3524,14,0,1789173101,,,SCHEDULED
2026-09-12T00:18:06.824632+00:00,1288081,093,3526,15,0,1789173169,,,SCHEDULED
2026-09-12T00:18:06.824632+00:00,1288081,093,3527,16,0,1789173212,,,SCHEDULED
2026-09-12T00:18:06.824632+00:00,1288081,093,3530,17,0,1789173331,,,SCHEDULED
2026-09-12T00:18:06.824632+00:00,1288081,093,3531,18,0,1789173371,,,SCHEDULED
2026-09-12T00:18:06.824632+00:00,1288081,093,3532,19,0,1789173395,,,SCHEDULED
2026-09-12T00:18:06.824632+00:00,1288081,093,3533,20,0,1789173441,,,SCHEDULED
2026-09-12T00:18:06.824632+00:00,1288081,093,5346,21,0,1789173480,,,SCHEDULED
2026-09-12T00:18:06.824632+00:00,1288081,093,3534,22,0,1789173498,,,SCHEDULED
2026-09-12T00:18:06.824632+00:00,1288081,093,3535,23,0,1789173530,,,SCHEDULED
2026-09-12T00:18:06.824632+00:00,1288081,093,3536,24,0,1789173567,,,SCHEDULED
2026-09-12T00:18:06.824632+00:00,1288081,093,3537,25,0,1789173594,,,SCHEDULED
2026-09-12T00:18:06.824632+00:00,1288081,093,9933,26,0,1789173780,,,SCHEDULED
2026-09-12T00:18:06.824632+00:00,1288081,093,669,27,0,1789173877,,,SCHEDULED
2026-09-12T00:18:06.824632+00:00,1288081,093,4742,28,0,1789173936,,,SCHEDULED
2026-09-12T00:18:06.824632+00:00,1288081,093,4745,29,0,1789174012,,,SCHEDULED
2026-09-12T00:18:06.824632+00:00,1288082,093,4618,30,0,1789172314,,,SCHEDULED
2026-09-12T00:18:06.824632+00:00,1288082,093,4619,31,0,1789172390,,,SCHEDULED
2026-09-12T00:18:06.824632+00:00,1288082,093,3381,32,0,1789172505,,,SCHEDULED
2026-09-12T00:18:06.824632+00:00,1288082,093,3382,33,0,1789172544,,,SCHEDULED
2026-09-12T00:18:06.824632+00:00,1288082,093,3383,34,0,1789172623,,,SCHEDULED
2026-09-12T00:18:06.824632+00:00,1288082,093,3389,35,0,1789172701,,,SCHEDULED
2026-09-12T00:18:06.824632+00:00,1286580,067,2630,47,0,1789172342,,,SCHEDULED
2026-09-12T00:18:06.824632+00:00,1286580,067,2631,48,0,1789172414,,,SCHEDULED
2026-09-12T00:18:06.824632+00:00,1286580,067,2632,49,0,1789172462,,,SCHEDULED
2026-09-12T00:18:06.824632+00:00,1286580,067,2633,50,0,1789172588,,,SCHEDULED
2026-09-12T00:18:06.824632+00:00,1286580,067,9812,51,0,1789172642,,,SCHEDULED
2026-09-12T00:18:06.824632+00:00,1286580,067,2629,52,0,1789172680,,,SCHEDULED
2026-09-12T00:18:06.824632+00:00,1286580,067,2634,53,0,1789172711,,,SCHEDULED
2026-09-12T00:18:06.824632+00:00,1286580,067,2635,54,0,1789172762,,,SCHEDULED
2026-09-12T00:18:06.824632+00:00,1286580,067,2636,55,0,1789172776,,,SCHEDULED
2026-09-12T00:18:06.824632+00:00,1286580,067,2637,56,0,1789172791,,,SCHEDULED
2026-09-12T00:18:06.824632+00:00,1286580,067,2638,57,0,1789172826,,,SCHEDULED
2026-09-12T00:18:06.824632+00:00,1286580,067,2639,58,0,1789172883,,,SCHEDULED
2026-09-12T00:18:06.824632+00:00,1286580,067,1086,59,0,1789173469,,,SCHEDULED
2026-09-12T00:18:06.824632+00:00,1286580,067,1088,60,0,1789173525,,,SCHEDULED
2026-09-12T00:18:06.824632+00:00,1286580,067,1087,61,0,1789173561,,,SCHEDULED
2026-09-12T00:18:06.824632+00:00,1286580,067,2642,62,0,1789173593,,,SCHEDULED
2026-09-12T00:18:06.824632+00:00,1287790,087,3897,8,0,1789172219,,,SCHEDULED
2026-09-12T00:18:06.824632+00:00,1287790,087,3898,9,0,1789172295,,,SCHEDULED
2026-09-12T00:18:06.824632+00:00,1287790,087,3899,10,0,1789172348,,,SCHEDULED
2026-09-12T00:18:06.824632+00:00,1287790,087,3900,11,0,1789172433,,,SCHEDULED
2026-09-12T00:18:06.824632+00:00,1287790,087,3901,12,0,1789172515,,,SCHEDULED
2026-09-12T00:18:06.824632+00:00,1287790,087,3902,13,0,1789172567,,,SCHEDULED
2026-09-12T00:18:06.824632+00:00,1287790,087,3903,14,0,1789172714,,,SCHEDULED
2026-09-12T00:18:06.824632+00:00,1287790,087,3904,15,0,1789172770,,,SCHEDULED
2026-09-12T00:18:06.824632+00:00,1287790,087,3905,16,0,1789172865,,,SCHEDULED
2026-09-12T00:18:06.824632+00:00,1287790,087,1254,17,0,1789172956,,,SCHEDULED
2026-09-12T00:18:06.824632+00:00,1287790,087,1262,18,0,1789173056,,,SCHEDULED
2026-09-12T00:18:06.824632+00:00,1287670,086,413,38,0,1789172185,,,SCHEDULED
2026-09-12T00:18:06.824632+00:00,1287670,086,414,39,0,1789172252,,,SCHEDULED
2026-09-12T00:18:06.824632+00:00,1287670,086,415,40,0,1789172299,,,SCHEDULED
2026-09-12T00:18:06.824632+00:00,1287670,086,416,41,0,1789172325,,,SCHEDULED
2026-09-12T00:18:06.824632+00:00,1286581,067,2174,18,0,1789172354,,,SCHEDULED
2026-09-12T00:18:06.824632+00:00,1286581,067,2160,19,0,1789172412,,,SCHEDULED
2026-09-12T00:18:06.824632+00:00,1286581,067,2597,20,0,1789172457,,,SCHEDULED
2026-09-12T00:18:06.824632+00:00,1286581,067,2598,21,0,1789172488,,,SCHEDULED
2026-09-12T00:18:06.824632+00:00,1286581,067,2599,22,0,1789172526,,,SCHEDULED
2026-09-12T00:18:06.824632+00:00,1286581,067,2600,23,0,1789172590,,,SCHEDULED
2026-09-12T00:18:06.824632+00:00,1286581,067,2601,24,0,1789172653,,,SCHEDULED
2026-09-12T00:18:06.824632+00:00,1286581,067,2602,25,0,1789172707,,,SCHEDULED
2026-09-12T00:18:06.824632+00:00,1286581,067,2603,26,0,1789172764,,,SCHEDULED
2026-09-12T00:18:06.824632+00:00,1286581,067,2604,27,0,1789172806,,,SCHEDULED
2026-09-12T00:18:06.824632+00:00,1286581,067,2605,28,0,1789172860,,,SCHEDULED
2026-09-12T00:18:06.824632+00:00,1286581,067,2606,29,0,1789173006,,,SCHEDULED
2026-09-12T00:18:06.824632+00:00,1286581,067,2607,30,0,1789173057,,,SCHEDULED
2026-09-12T00:18:06.824632+00:00,1286581,067,2608,31,0,1789173114,,,SCHEDULED
2026-09-12T00:18:06.824632+00:00,1286581,067,2609,32,0,1789173189,,,SCHEDULED
2026-09-12T00:18:06.824632+00:00,1286581,067,2613,33,0,1789173221,,,SCHEDULED
2026-09-12T00:18:06.824632+00:00,1286581,067,2614,34,0,1789173272,,,SCHEDULED
2026-09-12T00:18:06.824632+00:00,1286581,067,2615,35,0,1789173324,,,SCHEDULED
2026-09-12T00:18:06.824632+00:00,1286581,067,601,36,0,1789173363,,,SCHEDULED
2026-09-12T00:18:06.824632+00:00,1286581,067,2617,37,0,1789173421,,,SCHEDULED
2026-09-12T00:18:06.824632+00:00,1286581,067,2620,38,0,1789173537,,,SCHEDULED
2026-09-12T00:18:06.824632+00:00,1286581,067,2621,39,0,1789173567,,,SCHEDULED
2026-09-12T00:18:06.824632+00:00,1286581,067,2622,40,0,1789173597,,,SCHEDULED
2026-09-12T00:18:06.824632+00:00,1286581,067,2623,41,0,1789173650,,,SCHEDULED
2026-09-12T00:18:06.824632+00:00,1286581,067,2624,42,0,1789173703,,,SCHEDULED
2026-09-12T00:18:06.824632+00:00,1286581,067,2625,43,0,1789173723,,,SCHEDULED
2026-09-12T00:18:06.824632+00:00,1286581,067,2626,44,0,1789173760,,,SCHEDULED
2026-09-12T00:18:06.824632+00:00,1286581,067,2627,45,0,1789173840,,,SCHEDULED
2026-09-12T00:18:06.824632+00:00,1286581,067,2628,46,0,1789173883,,,SCHEDULED
2026-09-12T00:18:06.824632+00:00,1286581,067,2630,47,0,1789173957,,,SCHEDULED
2026-09-12T00:18:06.824632+00:00,1286581,067,2631,48,0,1789174029,,,SCHEDULED
2026-09-12T00:18:06.824632+00:00,1285142,023,1390,56,0,1789172299,,,SCHEDULED
2026-09-12T00:18:06.824632+00:00,1285142,023,1391,57,0,1789172339,,,SCHEDULED
2026-09-12T00:18:06.824632+00:00,1285142,023,1392,58,0,1789172396,,,SCHEDULED
2026-09-12T00:18:06.824632+00:00,1285142,023,1393,59,0,1789172433,,,SCHEDULED
2026-09-12T00:18:06.824632+00:00,1285142,023,1394,60,0,1789172467,,,SCHEDULED
2026-09-12T00:18:06.824632+00:00,1285142,023,1395,61,0,1789172524,,,SCHEDULED
2026-09-12T00:18:06.824632+00:00,1285142,023,1163,62,0,1789172609,,,SCHEDULED
2026-09-12T00:18:06.824632+00:00,1285142,023,1164,63,0,1789172700,,,SCHEDULED
2026-09-12T00:18:06.824632+00:00,1285142,023,1165,64,0,1789172885,,,SCHEDULED
2026-09-12T00:18:06.824632+00:00,1285142,023,1166,65,0,1789172997,,,SCHEDULED
2026-09-12T00:18:06.824632+00:00,1285142,023,1167,66,0,1789173032,,,SCHEDULED
2026-09-12T00:18:06.824632+00:00,1285142,023,1168,67,0,1789173070,,,SCHEDULED
2026-09-12T00:18:06.824632+00:00,1285142,023,284,68,0,1789173185,,,SCHEDULED
2026-09-12T00:18:06.824632+00:00,1286991,075,4061,1,,,0,1789172923,SCHEDULED
2026-09-12T00:18:06.824632+00:00,1286991,075,1426,2,0,1789172997,,,SCHEDULED
2026-09-12T00:18:06.824632+00:00,1286991,075,1429,3,0,1789173064,,,SCHEDULED
2026-09-12T00:18:06.824632+00:00,1286991,075,1430,4,0,1789173101,,,SCHEDULED
2026-09-12T00:18:06.824632+00:00,1286991,075,3845,5,0,1789173186,,,SCHEDULED
2026-09-12T00:18:06.824632+00:00,1286991,075,3846,6,0,1789173238,,,SCHEDULED
2026-09-12T00:18:06.824632+00:00,1286991,075,3847,7,0,1789173280,,,SCHEDULED
2026-09-12T00:18:06.824632+00:00,1286991,075,1431,8,0,1789173313,,,SCHEDULED
2026-09-12T00:18:06.824632+00:00,1286991,075,1419,9,0,1789173384,,,SCHEDULED
2026-09-12T00:18:06.824632+00:00,1286991,075,9922,10,0,1789173461,,,SCHEDULED
2026-09-12T00:18:06.824632+00:00,1286991,075,1399,11,0,1789173529,,,SCHEDULED
2026-09-12T00:18:06.824632+00:00,1286991,075,1397,12,0,1789173581,,,SCHEDULED
2026-09-12T00:18:06.824632+00:00,1286991,075,9928,13,0,1789173662,,,SCHEDULED
2026-09-12T00:18:06.824632+00:00,1286991,075,3802,14,0,1789173722,,,SCHEDULED
2026-09-12T00:18:06.824632+00:00,1286991,075,3852,15,0,1789173753,,,SCHEDULED
2026-09-12T00:18:06.824632+00:00,1286596,067,1099,1,,,0,1789173960,SCHEDULED
2026-09-12T00:18:06.824632+00:00,1285141,023,1340,10,0,1789172281,,,SCHEDULED
2026-09-12T00:18:06.824632+00:00,1285141,023,1341,11,0,1789172330,,,SCHEDULED
2026-09-12T00:18:06.824632+00:00,1285141,023,1342,12,0,1789172361,,,SCHEDULED
2026-09-12T00:18:06.824632+00:00,1285141,023,1343,13,0,1789172400,,,SCHEDULED
2026-09-12T00:18:06.824632+00:00,1285141,023,1344,14,0,1789172437,,,SCHEDULED
2026-09-12T00:18:06.824632+00:00,1285141,023,1346,15,0,1789172477,,,SCHEDULED
2026-09-12T00:18:06.824632+00:00,1285141,023,5362,16,0,1789172540,,,SCHEDULED
2026-09-12T00:18:06.824632+00:00,1285141,023,5361,17,0,1789172602,,,SCHEDULED
2026-09-12T00:18:06.824632+00:00,1285141,023,1348,18,0,1789172644,,,SCHEDULED
2026-09-12T00:18:06.824632+00:00,1285141,023,1349,19,0,1789172668,,,SCHEDULED
2026-09-12T00:18:06.824632+00:00,1285141,023,1350,20,0,1789172731,,,SCHEDULED
2026-09-12T00:18:06.824632+00:00,1285141,023,1351,21,0,1789172810,,,SCHEDULED
2026-09-12T00:18:06.824632+00:00,1285141,023,1353,22,0,1789172876,,,SCHEDULED
2026-09-12T00:18:06.824632+00:00,1285141,023,1354,23,0,1789172938,,,SCHEDULED
2026-09-12T00:18:06.824632+00:00,1285141,023,1355,24,0,1789172992,,,SCHEDULED
2026-09-12T00:18:06.824632+00:00,1285141,023,1356,25,0,1789173028,,,SCHEDULED
2026-09-12T00:18:06.824632+00:00,1285141,023,1357,26,0,1789173110,,,SCHEDULED
2026-09-12T00:18:06.824632+00:00,1285141,023,1358,27,0,1789173137,,,SCHEDULED
2026-09-12T00:18:06.824632+00:00,1285141,023,1359,28,0,1789173168,,,SCHEDULED
2026-09-12T00:18:06.824632+00:00,1285141,023,1360,29,0,1789173226,,,SCHEDULED
2026-09-12T00:18:06.824632+00:00,1285141,023,1361,30,0,1789173267,,,SCHEDULED
2026-09-12T00:18:06.824632+00:00,1285141,023,1363,31,0,1789173304,,,SCHEDULED
2026-09-12T00:18:06.824632+00:00,1285141,023,1139,32,0,1789173348,,,SCHEDULED
2026-09-12T00:18:06.824632+00:00,1285141,023,1365,33,0,1789173384,,,SCHEDULED
2026-09-12T00:18:06.824632+00:00,1285141,023,1366,34,0,1789173411,,,SCHEDULED
2026-09-12T00:18:06.824632+00:00,1285141,023,1367,35,0,1789173450,,,SCHEDULED
2026-09-12T00:18:06.824632+00:00,1285141,023,1368,36,0,1789173476,,,SCHEDULED
2026-09-12T00:18:06.824632+00:00,1285141,023,1369,37,0,1789173528,,,SCHEDULED
2026-09-12T00:18:06.824632+00:00,1285141,023,1370,38,0,1789173553,,,SCHEDULED
2026-09-12T00:18:06.824632+00:00,1285141,023,1372,39,0,1789173615,,,SCHEDULED
2026-09-12T00:18:06.824632+00:00,1285141,023,1373,40,0,1789173651,,,SCHEDULED
2026-09-12T00:18:06.824632+00:00,1285141,023,1374,41,0,1789173696,,,SCHEDULED
2026-09-12T00:18:06.824632+00:00,1285141,023,1375,42,0,1789173728,,,SCHEDULED
2026-09-12T00:18:06.824632+00:00,1285141,023,1376,43,0,1789173751,,,SCHEDULED
2026-09-12T00:18:06.824632+00:00,1285141,023,1377,44,0,1789173786,,,SCHEDULED
2026-09-12T00:18:06.824632+00:00,1285141,023,1378,45,0,1789173813,,,SCHEDULED
2026-09-12T00:18:06.824632+00:00,1285141,023,1380,46,0,1789173844,,,SCHEDULED
2026-09-12T00:18:06.824632+00:00,1285141,023,1381,47,0,1789173878,,,SCHEDULED
2026-09-12T00:18:06.824632+00:00,1285141,023,1382,48,0,1789173950,,,SCHEDULED
2026-09-12T00:18:06.824632+00:00,1285141,023,1383,49,0,1789173984,,,SCHEDULED
2026-09-12T00:18:06.824632+00:00,1285141,023,1384,50,0,1789174060,,,SCHEDULED
2026-09-12T00:18:06.824632+00:00,1284693,013,1071,1,,,0,1789174007,SCHEDULED
2026-09-12T00:18:06.824632+00:00,1285143,023,1354,23,0,1789172286,,,SCHEDULED
2026-09-12T00:18:06.824632+00:00,1285143,023,1355,24,0,1789172344,,,SCHEDULED
2026-09-12T00:18:06.824632+00:00,1285143,023,1356,25,0,1789172384,,,SCHEDULED
2026-09-12T00:18:06.824632+00:00,1285143,023,1357,26,0,1789172474,,,SCHEDULED
2026-09-12T00:18:06.824632+00:00,1285143,023,1358,27,0,1789172503,,,SCHEDULED
2026-09-12T00:18:06.824632+00:00,1285143,023,1359,28,0,1789172537,,,SCHEDULED
2026-09-12T00:18:06.824632+00:00,1285143,023,1360,29,0,1789172600,,,SCHEDULED
2026-09-12T00:18:06.824632+00:00,1285143,023,1361,30,0,1789172645,,,SCHEDULED
2026-09-12T00:18:06.824632+00:00,1285143,023,1363,31,0,1789172685,,,SCHEDULED
2026-09-12T00:18:06.824632+00:00,1285143,023,1139,32,0,1789172739,,,SCHEDULED
2026-09-12T00:18:06.824632+00:00,1285143,023,1365,33,0,1789172783,,,SCHEDULED
2026-09-12T00:18:06.824632+00:00,1285143,023,1366,34,0,1789172816,,,SCHEDULED
2026-09-12T00:18:06.824632+00:00,1285143,023,1367,35,0,1789172863,,,SCHEDULED
2026-09-12T00:18:06.824632+00:00,1285143,023,1368,36,0,1789172896,,,SCHEDULED
2026-09-12T00:18:06.824632+00:00,1285143,023,1369,37,0,1789172959,,,SCHEDULED
2026-09-12T00:18:06.824632+00:00,1285143,023,1370,38,0,1789172990,,,SCHEDULED
2026-09-12T00:18:06.824632+00:00,1285143,023,1372,39,0,1789173065,,,SCHEDULED
2026-09-12T00:18:06.824632+00:00,1285143,023,1373,40,0,1789173110,,,SCHEDULED
2026-09-12T00:18:06.824632+00:00,1285143,023,1374,41,0,1789173164,,,SCHEDULED
2026-09-12T00:18:06.824632+00:00,1285143,023,1375,42,0,1789173204,,,SCHEDULED
2026-09-12T00:18:06.824632+00:00,1285143,023,1376,43,0,1789173232,,,SCHEDULED
2026-09-12T00:18:06.824632+00:00,1285143,023,1377,44,0,1789173274,,,SCHEDULED
2026-09-12T00:18:06.824632+00:00,1285143,023,1378,45,0,1789173307,,,SCHEDULED
2026-09-12T00:18:06.824632+00:00,1285143,023,1380,46,0,1789173345,,,SCHEDULED
2026-09-12T00:18:06.824632+00:00,1285143,023,1381,47,0,1789173386,,,SCHEDULED
2026-09-12T00:18:06.824632+00:00,1285143,023,1382,48,0,1789173472,,,SCHEDULED
2026-09-12T00:18:06.824632+00:00,1285143,023,1383,49,0,1789173513,,,SCHEDULED
2026-09-12T00:18:06.824632+00:00,1285143,023,1384,50,0,1789173604,,,SCHEDULED
2026-09-12T00:18:06.824632+00:00,1285143,023,1385,51,0,1789173632,,,SCHEDULED
2026-09-12T00:18:06.824632+00:00,1285143,023,1386,52,0,1789173705,,,SCHEDULED
2026-09-12T00:18:06.824632+00:00,1285143,023,1387,53,0,1789173762,,,SCHEDULED
2026-09-12T00:18:06.824632+00:00,1285143,023,1388,54,0,1789173829,,,SCHEDULED
2026-09-12T00:18:06.824632+00:00,1285143,023,1389,55,0,1789173900,,,SCHEDULED
2026-09-12T00:18:06.824632+00:00,1285143,023,1390,56,0,1789173964,,,SCHEDULED
2026-09-12T00:18:06.824632+00:00,1285143,023,1391,57,0,1789174004,,,SCHEDULED
2026-09-12T00:18:06.824632+00:00,1285143,023,1392,58,0,1789174061,,,SCHEDULED
2026-09-12T00:18:06.824632+00:00,1286599,067,3831,50,0,1789172285,,,SCHEDULED
2026-09-12T00:18:06.824632+00:00,1286599,067,3833,51,0,1789172396,,,SCHEDULED
2026-09-12T00:18:06.824632+00:00,1286599,067,3834,52,0,1789172480,,,SCHEDULED
2026-09-12T00:18:06.824632+00:00,1286599,067,3939,53,0,1789172645,,,SCHEDULED
2026-09-12T00:18:06.824632+00:00,1286599,067,5107,54,0,1789172685,,,SCHEDULED
2026-09-12T00:18:06.824632+00:00,1286599,067,4020,55,0,1789172728,,,SCHEDULED
2026-09-12T00:18:06.824632+00:00,1286599,067,4021,56,0,1789172774,,,SCHEDULED
2026-09-12T00:18:06.824632+00:00,1286599,067,4022,57,0,1789172826,,,SCHEDULED
2026-09-12T00:18:06.824632+00:00,1286599,067,242,58,0,1789172910,,,SCHEDULED
2026-09-12T00:18:06.824632+00:00,1286599,067,243,59,0,1789172956,,,SCHEDULED
2026-09-12T00:18:06.824632+00:00,1286599,067,244,60,0,1789172996,,,SCHEDULED
2026-09-12T00:18:06.824632+00:00,1286599,067,1038,61,0,1789173066,,,SCHEDULED
2026-09-12T00:18:06.824632+00:00,1286599,067,4019,62,0,1789173112,,,SCHEDULED
2026-09-12T00:18:06.824632+00:00,1285421,026,1535,41,0,1789172281,,,SCHEDULED
2026-09-12T00:18:06.824632+00:00,1285421,026,1536,42,0,1789172363,,,SCHEDULED
2026-09-12T00:18:06.824632+00:00,1285421,026,1537,43,0,1789172418,,,SCHEDULED
2026-09-12T00:18:06.824632+00:00,1285421,026,1538,44,0,1789172477,,,SCHEDULED
2026-09-12T00:18:06.824632+00:00,1285421,026,1539,45,0,1789172532,,,SCHEDULED
2026-09-12T00:18:06.824632+00:00,1285421,026,1540,46,0,1789172583,,,SCHEDULED
2026-09-12T00:18:06.824632+00:00,1285421,026,1542,47,0,1789172701,,,SCHEDULED
2026-09-12T00:18:06.824632+00:00,1285421,026,1541,48,0,1789172854,,,SCHEDULED
2026-09-12T00:18:06.824632+00:00,1285421,026,2980,49,0,1789172887,,,SCHEDULED
2026-09-12T00:18:06.824632+00:00,1285421,026,8958,50,0,1789172950,,,SCHEDULED
2026-09-12T00:18:06.824632+00:00,1284694,013,1161,13,0,1789172352,,,SCHEDULED
2026-09-12T00:18:06.824632+00:00,1284694,013,1162,14,0,1789172419,,,SCHEDULED
2026-09-12T00:18:06.824632+00:00,1284694,013,1163,15,0,1789172548,,,SCHEDULED
2026-09-12T00:18:06.824632+00:00,1284694,013,1164,16,0,1789172622,,,SCHEDULED
2026-09-12T00:18:06.824632+00:00,1284694,013,1165,17,0,1789172843,,,SCHEDULED
2026-09-12T00:18:06.824632+00:00,1284694,013,1166,18,0,1789172983,,,SCHEDULED
2026-09-12T00:18:06.824632+00:00,1284694,013,1167,19,0,1789173029,,,SCHEDULED
2026-09-12T00:18:06.824632+00:00,1284694,013,1168,20,0,1789173076,,,SCHEDULED
2026-09-12T00:18:06.824632+00:00,1284694,013,284,21,0,1789173216,,,SCHEDULED
2026-09-12T00:18:06.824632+00:00,1284694,013,9807,22,0,1789173282,,,SCHEDULED
2026-09-12T00:18:06.824632+00:00,1284694,013,284,23,0,1789173370,,,SCHEDULED
2026-09-12T00:18:06.824632+00:00,1284694,013,1635,24,0,1789173458,,,SCHEDULED
2026-09-12T00:18:06.824632+00:00,1284694,013,4750,25,0,1789173662,,,SCHEDULED
2026-09-12T00:18:06.824632+00:00,1284694,013,3980,26,0,1789173744,,,SCHEDULED
2026-09-12T00:18:06.824632+00:00,1284694,013,3979,27,0,1789173822,,,SCHEDULED
2026-09-12T00:18:06.824632+00:00,1284694,013,3981,28,0,1789173882,,,SCHEDULED
2026-09-12T00:18:06.824632+00:00,1284694,013,3982,29,0,1789173942,,,SCHEDULED
2026-09-12T00:18:06.824632+00:00,1284694,013,103,30,0,1789173989,,,SCHEDULED
2026-09-12T00:18:06.824632+00:00,1284694,013,3240,31,0,1789174062,,,SCHEDULED
2026-09-12T00:18:06.824632+00:00,1285420,026,3060,8,0,1789172276,,,SCHEDULED
2026-09-12T00:18:06.824632+00:00,1285420,026,3061,9,0,1789172326,,,SCHEDULED
2026-09-12T00:18:06.824632+00:00,1285420,026,3062,10,0,1789172385,,,SCHEDULED
2026-09-12T00:18:06.824632+00:00,1285420,026,3063,11,0,1789172453,,,SCHEDULED
2026-09-12T00:18:06.824632+00:00,1285420,026,3064,12,0,1789172509,,,SCHEDULED
2026-09-12T00:18:06.824632+00:00,1285420,026,3065,13,0,1789172544,,,SCHEDULED
2026-09-12T00:18:06.824632+00:00,1285420,026,3066,14,0,1789172583,,,SCHEDULED
2026-09-12T00:18:06.824632+00:00,1285420,026,629,15,0,1789172686,,,SCHEDULED
2026-09-12T00:18:06.824632+00:00,1285420,026,651,16,0,1789172787,,,SCHEDULED
2026-09-12T00:18:06.824632+00:00,1285420,026,544,17,0,1789172876,,,SCHEDULED
2026-09-12T00:18:06.824632+00:00,1285420,026,3049,18,0,1789173201,,,SCHEDULED
2026-09-12T00:18:06.824632+00:00,1285420,026,3070,19,0,1789173272,,,SCHEDULED
2026-09-12T00:18:06.824632+00:00,1285420,026,3071,20,0,1789173344,,,SCHEDULED
2026-09-12T00:18:06.824632+00:00,1285420,026,3072,21,0,1789173402,,,SCHEDULED
2026-09-12T00:18:06.824632+00:00,1285420,026,9801,22,0,1789173536,,,SCHEDULED
2026-09-12T00:18:06.824632+00:00,1285420,026,3073,23,0,1789173583,,,SCHEDULED
2026-09-12T00:18:06.824632+00:00,1285420,026,1518,24,0,1789173680,,,SCHEDULED
2026-09-12T00:18:06.824632+00:00,1285420,026,1519,25,0,1789173831,,,SCHEDULED
2026-09-12T00:18:06.824632+00:00,1285420,026,1520,26,0,1789173943,,,SCHEDULED
2026-09-12T00:18:06.824632+00:00,1285420,026,1521,27,0,1789173994,,,SCHEDULED
2026-09-12T00:18:06.824632+00:00,1285420,026,1522,28,0,1789174020,,,SCHEDULED
2026-09-12T00:18:06.824632+00:00,1286597,067,2645,2,0,1789172371,,,SCHEDULED
2026-09-12T00:18:06.824632+00:00,1286597,067,2643,3,0,1789172388,,,SCHEDULED
2026-09-12T00:18:06.824632+00:00,1286597,067,2644,4,0,1789172441,,,SCHEDULED
2026-09-12T00:18:06.824632+00:00,1286597,067,2646,5,0,1789172523,,,SCHEDULED
2026-09-12T00:18:06.824632+00:00,1286597,067,2647,6,0,1789172549,,,SCHEDULED
2026-09-12T00:18:06.824632+00:00,1286597,067,2648,7,0,1789173193,,,SCHEDULED
2026-09-12T00:18:06.824632+00:00,1286597,067,5344,8,0,1789173220,,,SCHEDULED
2026-09-12T00:18:06.824632+00:00,1286597,067,2649,9,0,1789173243,,,SCHEDULED
2026-09-12T00:18:06.824632+00:00,1286597,067,2650,10,0,1789173269,,,SCHEDULED
2026-09-12T00:18:06.824632+00:00,1286597,067,2651,11,0,1789173296,,,SCHEDULED
2026-09-12T00:18:06.824632+00:00,1286597,067,2653,12,0,1789173346,,,SCHEDULED
2026-09-12T00:18:06.824632+00:00,1286597,067,2654,13,0,1789173474,,,SCHEDULED
2026-09-12T00:18:06.824632+00:00,1286597,067,9811,14,0,1789173586,,,SCHEDULED
2026-09-12T00:18:06.824632+00:00,1286597,067,880,15,0,1789173663,,,SCHEDULED
2026-09-12T00:18:06.824632+00:00,1286597,067,2656,16,0,1789173736,,,SCHEDULED
2026-09-12T00:18:06.824632+00:00,1286597,067,2655,17,0,1789173771,,,SCHEDULED
2026-09-12T00:18:06.824632+00:00,1286597,067,1915,18,0,1789173826,,,SCHEDULED
2026-09-12T00:18:06.824632+00:00,1286597,067,2569,19,0,1789173901,,,SCHEDULED
2026-09-12T00:18:06.824632+00:00,1286597,067,2570,20,0,1789173972,,,SCHEDULED
2026-09-12T00:18:06.824632+00:00,1286597,067,2571,21,0,1789174008,,,SCHEDULED
2026-09-12T00:18:06.824632+00:00,1286872,072,323,1,,,0,1789172280,SCHEDULED
2026-09-12T00:18:06.824632+00:00,1286872,072,4210,2,0,1789172523,,,SCHEDULED
2026-09-12T00:18:06.824632+00:00,1286872,072,4211,3,0,1789172564,,,SCHEDULED
2026-09-12T00:18:06.824632+00:00,1286872,072,4213,4,0,1789172587,,,SCHEDULED
2026-09-12T00:18:06.824632+00:00,1286872,072,4214,5,0,1789172630,,,SCHEDULED
2026-09-12T00:18:06.824632+00:00,1286872,072,4217,6,0,1789172669,,,SCHEDULED
2026-09-12T00:18:06.824632+00:00,1286872,072,5249,7,0,1789172704,,,SCHEDULED
2026-09-12T00:18:06.824632+00:00,1286872,072,4215,8,0,1789172761,,,SCHEDULED
2026-09-12T00:18:06.824632+00:00,1286872,072,4216,9,0,1789172786,,,SCHEDULED
2026-09-12T00:18:06.824632+00:00,1286872,072,2816,10,0,1789172820,,,SCHEDULED
2026-09-12T00:18:06.824632+00:00,1286872,072,2817,11,0,1789172850,,,SCHEDULED
2026-09-12T00:18:06.824632+00:00,1286872,072,2818,12,0,1789172880,,,SCHEDULED
2026-09-12T00:18:06.824632+00:00,1286872,072,2819,13,0,1789172905,,,SCHEDULED
2026-09-12T00:18:06.824632+00:00,1286872,072,2820,14,0,1789172943,,,SCHEDULED
2026-09-12T00:18:06.824632+00:00,1286872,072,2821,15,0,1789172978,,,SCHEDULED
2026-09-12T00:18:06.824632+00:00,1286872,072,2822,16,0,1789173015,,,SCHEDULED
2026-09-12T00:18:06.824632+00:00,1286872,072,2824,17,0,1789173076,,,SCHEDULED
2026-09-12T00:18:06.824632+00:00,1286872,072,2825,18,0,1789173126,,,SCHEDULED
2026-09-12T00:18:06.824632+00:00,1286872,072,2826,19,0,1789173161,,,SCHEDULED
2026-09-12T00:18:06.824632+00:00,1286872,072,3861,20,0,1789173219,,,SCHEDULED
2026-09-12T00:18:06.824632+00:00,1286872,072,3862,21,0,1789173249,,,SCHEDULED
2026-09-12T00:18:06.824632+00:00,1286872,072,3864,22,0,1789173329,,,SCHEDULED
2026-09-12T00:18:06.824632+00:00,1286872,072,3865,23,0,1789173360,,,SCHEDULED
2026-09-12T00:18:06.824632+00:00,1286872,072,496,24,0,1789173475,,,SCHEDULED
2026-09-12T00:18:06.824632+00:00,1286872,072,3866,25,0,1789173544,,,SCHEDULED
2026-09-12T00:18:06.824632+00:00,1286872,072,3867,26,0,1789173585,,,SCHEDULED
2026-09-12T00:18:06.824632+00:00,1286872,072,3868,27,0,1789173619,,,SCHEDULED
2026-09-12T00:18:06.824632+00:00,1286872,072,3869,28,0,1789173662,,,SCHEDULED
2026-09-12T00:18:06.824632+00:00,1286872,072,3870,29,0,1789173700,,,SCHEDULED
2026-09-12T00:18:06.824632+00:00,1286872,072,3871,30,0,1789173784,,,SCHEDULED
2026-09-12T00:18:06.824632+00:00,1286872,072,3872,31,0,1789173838,,,SCHEDULED
2026-09-12T00:18:06.824632+00:00,1286477,062,2350,30,0,1789172287,,,SCHEDULED
2026-09-12T00:18:06.824632+00:00,1286477,062,2351,31,0,1789172330,,,SCHEDULED
2026-09-12T00:18:06.824632+00:00,1286477,062,5313,32,0,1789172383,,,SCHEDULED
2026-09-12T00:18:06.824632+00:00,1286477,062,2352,33,0,1789172414,,,SCHEDULED
2026-09-12T00:18:06.824632+00:00,1286477,062,2353,34,0,1789172467,,,SCHEDULED
2026-09-12T00:18:06.824632+00:00,1286477,062,2354,35,0,1789172497,,,SCHEDULED
2026-09-12T00:18:06.824632+00:00,1286477,062,2355,36,0,1789172528,,,SCHEDULED
2026-09-12T00:18:06.824632+00:00,1286477,062,2356,37,0,1789172545,,,SCHEDULED
2026-09-12T00:18:06.824632+00:00,1286477,062,465,38,0,1789172583,,,SCHEDULED
2026-09-12T00:18:06.824632+00:00,1286477,062,466,39,0,1789172614,,,SCHEDULED
2026-09-12T00:18:06.824632+00:00,1286477,062,467,40,0,1789172664,,,SCHEDULED
2026-09-12T00:18:06.824632+00:00,1286477,062,468,41,0,1789172684,,,SCHEDULED
2026-09-12T00:18:06.824632+00:00,1286477,062,469,42,0,1789172720,,,SCHEDULED
2026-09-12T00:18:06.824632+00:00,1286477,062,470,43,0,1789172768,,,SCHEDULED
2026-09-12T00:18:06.824632+00:00,1286477,062,471,44,0,1789172793,,,SCHEDULED
2026-09-12T00:18:06.824632+00:00,1286477,062,472,45,0,1789172829,,,SCHEDULED
2026-09-12T00:18:06.824632+00:00,1286477,062,473,46,0,1789172876,,,SCHEDULED
2026-09-12T00:18:06.824632+00:00,1286477,062,474,47,0,1789172908,,,SCHEDULED
2026-09-12T00:18:06.824632+00:00,1286477,062,475,48,0,1789172937,,,SCHEDULED
2026-09-12T00:18:06.824632+00:00,1286477,062,476,49,0,1789173000,,,SCHEDULED
2026-09-12T00:18:06.824632+00:00,1286477,062,477,50,0,1789173021,,,SCHEDULED
2026-09-12T00:18:06.824632+00:00,1286477,062,4134,51,0,1789173076,,,SCHEDULED
2026-09-12T00:18:06.824632+00:00,1286477,062,4136,52,0,1789173156,,,SCHEDULED
2026-09-12T00:18:06.824632+00:00,1286477,062,4137,53,0,1789173240,,,SCHEDULED
2026-09-12T00:18:06.824632+00:00,1287203,081,2373,22,0,1789172306,,,SCHEDULED
2026-09-12T00:18:06.824632+00:00,1287203,081,2374,23,0,1789172388,,,SCHEDULED
2026-09-12T00:18:06.824632+00:00,1287203,081,3130,24,0,1789172645,,,SCHEDULED
2026-09-12T00:18:06.824632+00:00,1287203,081,3131,25,0,1789172774,,,SCHEDULED
2026-09-12T00:18:06.824632+00:00,1287203,081,3132,26,0,1789172831,,,SCHEDULED
2026-09-12T00:18:06.824632+00:00,1287203,081,3134,27,0,1789173019,,,SCHEDULED
2026-09-12T00:18:06.824632+00:00,1287203,081,3135,28,0,1789173105,,,SCHEDULED
2026-09-12T00:18:06.824632+00:00,1287203,081,3136,29,0,1789173168,,,SCHEDULED
2026-09-12T00:18:06.824632+00:00,1287203,081,3137,30,0,1789173254,,,SCHEDULED
2026-09-12T00:18:06.824632+00:00,1287203,081,3138,31,0,1789173359,,,SCHEDULED
2026-09-12T00:18:06.824632+00:00,1287203,081,3139,32,0,1789173414,,,SCHEDULED
2026-09-12T00:18:06.824632+00:00,1287203,081,3140,33,0,1789173467,,,SCHEDULED
2026-09-12T00:18:06.824632+00:00,1287203,081,3141,34,0,1789173497,,,SCHEDULED
2026-09-12T00:18:06.824632+00:00,1287203,081,3142,35,0,1789173522,,,SCHEDULED
2026-09-12T00:18:06.824632+00:00,1287203,081,3143,36,0,1789173568,,,SCHEDULED
2026-09-12T00:18:06.824632+00:00,1287203,081,3144,37,0,1789173593,,,SCHEDULED
2026-09-12T00:18:06.824632+00:00,1286598,067,2570,20,0,1789172340,,,SCHEDULED
2026-09-12T00:18:06.824632+00:00,1286598,067,2571,21,0,1789172376,,,SCHEDULED
2026-09-12T00:18:06.824632+00:00,1286598,067,2572,22,0,1789172460,,,SCHEDULED
2026-09-12T00:18:06.824632+00:00,1286598,067,2573,23,0,1789172500,,,SCHEDULED
2026-09-12T00:18:06.824632+00:00,1286598,067,2574,24,0,1789172536,,,SCHEDULED
2026-09-12T00:18:06.824632+00:00,1286598,067,2575,25,0,1789172567,,,SCHEDULED
2026-09-12T00:18:06.824632+00:00,1286598,067,2576,26,0,1789172594,,,SCHEDULED
2026-09-12T00:18:06.824632+00:00,1286598,067,2577,27,0,1789172620,,,SCHEDULED
2026-09-12T00:18:06.824632+00:00,1286598,067,2578,28,0,1789172674,,,SCHEDULED
2026-09-12T00:18:06.824632+00:00,1286598,067,2580,29,0,1789172863,,,SCHEDULED
2026-09-12T00:18:06.824632+00:00,1286598,067,2581,30,0,1789172918,,,SCHEDULED
2026-09-12T00:18:06.824632+00:00,1286598,067,2582,31,0,1789172970,,,SCHEDULED
2026-09-12T00:18:06.824632+00:00,1286598,067,2583,32,0,1789173009,,,SCHEDULED
2026-09-12T00:18:06.824632+00:00,1286598,067,2584,33,0,1789173052,,,SCHEDULED
2026-09-12T00:18:06.824632+00:00,1286598,067,2585,34,0,1789173127,,,SCHEDULED
2026-09-12T00:18:06.824632+00:00,1286598,067,2586,35,0,1789173183,,,SCHEDULED
2026-09-12T00:18:06.824632+00:00,1286598,067,2587,36,0,1789173274,,,SCHEDULED
2026-09-12T00:18:06.824632+00:00,1286598,067,2588,37,0,1789173313,,,SCHEDULED
2026-09-12T00:18:06.824632+00:00,1286598,067,2589,38,0,1789173420,,,SCHEDULED
2026-09-12T00:18:06.824632+00:00,1286598,067,2590,39,0,1789173460,,,SCHEDULED
2026-09-12T00:18:06.824632+00:00,1286598,067,2591,40,0,1789173508,,,SCHEDULED
2026-09-12T00:18:06.824632+00:00,1286598,067,2592,41,0,1789173558,,,SCHEDULED
2026-09-12T00:18:06.824632+00:00,1286598,067,2593,42,0,1789173618,,,SCHEDULED
2026-09-12T00:18:06.824632+00:00,1286598,067,2594,43,0,1789173671,,,SCHEDULED
2026-09-12T00:18:06.824632+00:00,1286598,067,2595,44,0,1789173711,,,SCHEDULED
2026-09-12T00:18:06.824632+00:00,1286598,067,2596,45,0,1789173739,,,SCHEDULED
2026-09-12T00:18:06.824632+00:00,1286598,067,2031,46,0,1789173795,,,SCHEDULED
2026-09-12T00:18:06.824632+00:00,1286598,067,2032,47,0,1789173838,,,SCHEDULED
2026-09-12T00:18:06.824632+00:00,1286598,067,2173,48,0,1789173897,,,SCHEDULED
2026-09-12T00:18:06.824632+00:00,1286598,067,494,49,0,1789174018,,,SCHEDULED
2026-09-12T00:18:06.824632+00:00,1286471,062,4763,6,0,1789172296,,,SCHEDULED
2026-09-12T00:18:06.824632+00:00,1286471,062,1716,7,0,1789172361,,,SCHEDULED
2026-09-12T00:18:06.824632+00:00,1286471,062,2256,8,0,1789172486,,,SCHEDULED
2026-09-12T00:18:06.824632+00:00,1286471,062,2257,9,0,1789172521,,,SCHEDULED
2026-09-12T00:18:06.824632+00:00,1286471,062,2258,10,0,1789172566,,,SCHEDULED
2026-09-12T00:18:06.824632+00:00,1286471,062,2260,11,0,1789172688,,,SCHEDULED
2026-09-12T00:18:06.824632+00:00,1286471,062,2261,12,0,1789172719,,,SCHEDULED
2026-09-12T00:18:06.824632+00:00,1286471,062,2262,13,0,1789172781,,,SCHEDULED
2026-09-12T00:18:06.824632+00:00,1286471,062,2264,14,0,1789172903,,,SCHEDULED
2026-09-12T00:18:06.824632+00:00,1286471,062,380,15,0,1789173046,,,SCHEDULED
2026-09-12T00:18:06.824632+00:00,1286471,062,411,16,0,1789173113,,,SCHEDULED
2026-09-12T00:18:06.824632+00:00,1286471,062,2271,17,0,1789173343,,,SCHEDULED
2026-09-12T00:18:06.824632+00:00,1286471,062,2272,18,0,1789173406,,,SCHEDULED
2026-09-12T00:18:06.824632+00:00,1286471,062,2273,19,0,1789173445,,,SCHEDULED
2026-09-12T00:18:06.824632+00:00,1286471,062,2275,20,0,1789173508,,,SCHEDULED
2026-09-12T00:18:06.824632+00:00,1286471,062,2276,21,0,1789173575,,,SCHEDULED
2026-09-12T00:18:06.824632+00:00,1286471,062,2277,22,0,1789173649,,,SCHEDULED
2026-09-12T00:18:06.824632+00:00,1286471,062,2278,23,0,1789173677,,,SCHEDULED
2026-09-12T00:18:06.824632+00:00,1286471,062,2279,24,0,1789173736,,,SCHEDULED
2026-09-12T00:18:06.824632+00:00,1286471,062,2280,25,0,1789173791,,,SCHEDULED
2026-09-12T00:18:06.824632+00:00,1286471,062,2281,26,0,1789173823,,,SCHEDULED
2026-09-12T00:18:06.824632+00:00,1286471,062,2346,27,0,1789173886,,,SCHEDULED
2026-09-12T00:18:06.824632+00:00,1286471,062,2347,28,0,1789173926,,,SCHEDULED
2026-09-12T00:18:06.824632+00:00,1286471,062,2348,29,0,1789173966,,,SCHEDULED
2026-09-12T00:18:06.824632+00:00,1286471,062,2350,30,0,1789174004,,,SCHEDULED
2026-09-12T00:18:06.824632+00:00,1286471,062,2351,31,0,1789174047,,,SCHEDULED
2026-09-12T00:18:06.824632+00:00,1285140,023,1184,1,,,0,1789173660,SCHEDULED
2026-09-12T00:18:06.824632+00:00,1285140,023,3301,2,0,1789173686,,,SCHEDULED
2026-09-12T00:18:06.824632+00:00,1285140,023,1187,3,0,1789173735,,,SCHEDULED
2026-09-12T00:18:06.824632+00:00,1285140,023,1188,4,0,1789173799,,,SCHEDULED
2026-09-12T00:18:06.824632+00:00,1285140,023,1189,5,0,1789173854,,,SCHEDULED
2026-09-12T00:18:06.824632+00:00,1285140,023,1190,6,0,1789173969,,,SCHEDULED
2026-09-12T00:18:06.824632+00:00,1284050,001,1184,1,,,0,1789173840,SCHEDULED
2026-09-12T00:18:06.824632+00:00,1284050,001,3301,2,0,1789173860,,,SCHEDULED
2026-09-12T00:18:06.824632+00:00,1284050,001,1187,3,0,1789173897,,,SCHEDULED
2026-09-12T00:18:06.824632+00:00,1284050,001,1188,4,0,1789173947,,,SCHEDULED
2026-09-12T00:18:06.824632+00:00,1284050,001,1189,5,0,1789173989,,,SCHEDULED
2026-09-12T00:18:06.824632+00:00,1284292,010,11114,10,0,1789172352,,,SCHEDULED
2026-09-12T00:18:06.824632+00:00,1284292,010,11221,11,0,1789172425,,,SCHEDULED
2026-09-12T00:18:06.824632+00:00,1284292,010,11116,12,0,1789172545,,,SCHEDULED
2026-09-12T00:18:06.824632+00:00,1284292,010,11117,13,0,1789172651,,,SCHEDULED
2026-09-12T00:18:06.824632+00:00,1284292,010,11122,14,0,1789172739,,,SCHEDULED
2026-09-12T00:18:06.824632+00:00,1284292,010,11123,15,0,1789172781,,,SCHEDULED
2026-09-12T00:18:06.824632+00:00,1284292,010,11199,16,0,1789172844,,,SCHEDULED
2026-09-12T00:18:06.824632+00:00,1284292,010,11091,17,0,1789172938,,,SCHEDULED
2026-09-12T00:18:06.824632+00:00,1284292,010,11125,18,0,1789173030,,,SCHEDULED
2026-09-12T00:18:06.824632+00:00,1284292,010,11157,19,0,1789173096,,,SCHEDULED
2026-09-12T00:18:06.824632+00:00,1284292,010,11033,20,0,1789173192,,,SCHEDULED
2026-09-12T00:18:06.824632+00:00,1284292,010,11133,21,0,1789173374,,,SCHEDULED
2026-09-12T00:18:06.824632+00:00,1284292,010,11134,22,0,1789173415,,,SCHEDULED
2026-09-12T00:18:06.824632+00:00,1284292,010,11136,23,0,1789173449,,,SCHEDULED
2026-09-12T00:18:06.824632+00:00,1284292,010,11137,24,0,1789173497,,,SCHEDULED
2026-09-12T00:18:06.824632+00:00,1284292,010,11138,25,0,1789173538,,,SCHEDULED
2026-09-12T00:18:06.824632+00:00,1284292,010,11139,26,0,1789173563,,,SCHEDULED
2026-09-12T00:18:06.824632+00:00,1284292,010,11140,27,0,1789173612,,,SCHEDULED
2026-09-12T00:18:06.824632+00:00,1284292,010,11201,28,0,1789173841,,,SCHEDULED
2026-09-12T00:18:06.824632+00:00,1284292,010,11010,29,0,1789173907,,,SCHEDULED
2026-09-12T00:18:06.824632+00:00,1287178,081,2374,23,0,1789172310,,,SCHEDULED
2026-09-12T00:18:06.824632+00:00,1287178,081,5223,24,0,1789172435,,,SCHEDULED
2026-09-12T00:18:06.824632+00:00,1287178,081,2165,25,0,1789172527,,,SCHEDULED
2026-09-12T00:18:06.824632+00:00,1287178,081,2166,26,0,1789172626,,,SCHEDULED
2026-09-12T00:18:06.824632+00:00,1288387,175,1760,6,0,1789172518,,,SCHEDULED
2026-09-12T00:18:06.824632+00:00,1288387,175,1015,7,0,1789172582,,,SCHEDULED
2026-09-12T00:18:06.824632+00:00,1288387,175,659,8,0,1789172702,,,SCHEDULED
2026-09-12T00:18:06.824632+00:00,1288387,175,1781,9,0,1789172760,,,SCHEDULED
2026-09-12T00:18:06.824632+00:00,1288387,175,1794,10,0,1789172817,,,SCHEDULED
2026-09-12T00:18:06.824632+00:00,1288387,175,1800,11,0,1789172925,,,SCHEDULED
2026-09-12T00:18:06.824632+00:00,1288387,175,1645,12,0,1789172942,,,SCHEDULED
2026-09-12T00:18:06.824632+00:00,1288387,175,948,13,0,1789173002,,,SCHEDULED
2026-09-12T00:18:06.824632+00:00,1287177,081,2185,5,0,1789172302,,,SCHEDULED
2026-09-12T00:18:06.824632+00:00,1287177,081,2186,6,0,1789172391,,,SCHEDULED
2026-09-12T00:18:06.824632+00:00,1287177,081,2358,7,0,1789172527,,,SCHEDULED
2026-09-12T00:18:06.824632+00:00,1287177,081,2359,8,0,1789172599,,,SCHEDULED
2026-09-12T00:18:06.824632+00:00,1287177,081,2360,9,0,1789172664,,,SCHEDULED
2026-09-12T00:18:06.824632+00:00,1287177,081,2361,10,0,1789172737,,,SCHEDULED
2026-09-12T00:18:06.824632+00:00,1287177,081,2362,11,0,1789172798,,,SCHEDULED
2026-09-12T00:18:06.824632+00:00,1287177,081,2363,12,0,1789172879,,,SCHEDULED
2026-09-12T00:18:06.824632+00:00,1287177,081,2364,13,0,1789172982,,,SCHEDULED
2026-09-12T00:18:06.824632+00:00,1287177,081,2365,14,0,1789173028,,,SCHEDULED
2026-09-12T00:18:06.824632+00:00,1287177,081,2366,15,0,1789173063,,,SCHEDULED
2026-09-12T00:18:06.824632+00:00,1287177,081,2367,16,0,1789173132,,,SCHEDULED
2026-09-12T00:18:06.824632+00:00,1287177,081,5203,17,0,1789173247,,,SCHEDULED
2026-09-12T00:18:06.824632+00:00,1287177,081,2368,18,0,1789173376,,,SCHEDULED
2026-09-12T00:18:06.824632+00:00,1287177,081,2370,19,0,1789173569,,,SCHEDULED
2026-09-12T00:18:06.824632+00:00,1287177,081,2371,20,0,1789173654,,,SCHEDULED
2026-09-12T00:18:06.824632+00:00,1287177,081,2372,21,0,1789173710,,,SCHEDULED
2026-09-12T00:18:06.824632+00:00,1287177,081,2373,22,0,1789173767,,,SCHEDULED
2026-09-12T00:18:06.824632+00:00,1287177,081,2374,23,0,1789173843,,,SCHEDULED
2026-09-12T00:18:06.824632+00:00,1287699,086,583,41,0,1789172306,,,SCHEDULED
2026-09-12T00:18:06.824632+00:00,1287699,086,584,42,0,1789172343,,,SCHEDULED
2026-09-12T00:18:06.824632+00:00,1287699,086,585,43,0,1789172410,,,SCHEDULED
2026-09-12T00:18:06.824632+00:00,1287699,086,586,44,0,1789172485,,,SCHEDULED
2026-09-12T00:18:06.824632+00:00,1288269,142,525,1,,,0,1789173151,SCHEDULED
2026-09-12T00:18:06.824632+00:00,1288269,142,526,2,0,1789173181,,,SCHEDULED
2026-09-12T00:18:06.824632+00:00,1288269,142,527,3,0,1789173189,,,SCHEDULED
2026-09-12T00:18:06.824632+00:00,1288269,142,528,4,0,1789173197,,,SCHEDULED
2026-09-12T00:18:06.824632+00:00,1288269,142,5252,5,0,1789173228,,,SCHEDULED
2026-09-12T00:18:06.824632+00:00,1288269,142,531,6,0,1789173236,,,SCHEDULED
2026-09-12T00:18:06.824632+00:00,1285557,030,275,1,,,0,1789172760,SCHEDULED
2026-09-12T00:18:06.824632+00:00,1285557,030,1689,2,0,1789172887,,,SCHEDULED
2026-09-12T00:18:06.824632+00:00,1285557,030,1691,3,0,1789172930,,,SCHEDULED
2026-09-12T00:18:06.824632+00:00,1285557,030,1692,4,0,1789172944,,,SCHEDULED
2026-09-12T00:18:06.824632+00:00,1285557,030,1693,5,0,1789172966,,,SCHEDULED
2026-09-12T00:18:06.824632+00:00,1285557,030,1694,6,0,1789172985,,,SCHEDULED
2026-09-12T00:18:06.824632+00:00,1285557,030,1695,7,0,1789173000,,,SCHEDULED
2026-09-12T00:18:06.824632+00:00,1285557,030,1697,8,0,1789173043,,,SCHEDULED
2026-09-12T00:18:06.824632+00:00,1285557,030,1699,9,0,1789173091,,,SCHEDULED
2026-09-12T00:18:06.824632+00:00,1285557,030,1700,10,0,1789173120,,,SCHEDULED
2026-09-12T00:18:06.824632+00:00,1285557,030,1701,11,0,1789173145,,,SCHEDULED
2026-09-12T00:18:06.824632+00:00,1285557,030,1702,12,0,1789173184,,,SCHEDULED
2026-09-12T00:18:06.824632+00:00,1285557,030,1703,13,0,1789173222,,,SCHEDULED
2026-09-12T00:18:06.824632+00:00,1285557,030,1704,14,0,1789173287,,,SCHEDULED
2026-09-12T00:18:06.824632+00:00,1285557,030,1705,15,0,1789173355,,,SCHEDULED
2026-09-12T00:18:06.824632+00:00,1285557,030,1707,16,0,1789173420,,,SCHEDULED
2026-09-12T00:18:06.824632+00:00,1285557,030,1708,17,0,1789173457,,,SCHEDULED
2026-09-12T00:18:06.824632+00:00,1285557,030,1709,18,0,1789173501,,,SCHEDULED
2026-09-12T00:18:06.824632+00:00,1285557,030,1710,19,0,1789173557,,,SCHEDULED
2026-09-12T00:18:06.824632+00:00,1285557,030,1711,20,0,1789173605,,,SCHEDULED
2026-09-12T00:18:06.824632+00:00,1285557,030,519,21,0,1789173631,,,SCHEDULED
2026-09-12T00:18:06.824632+00:00,1285557,030,521,22,0,1789173679,,,SCHEDULED
2026-09-12T00:18:06.824632+00:00,1285557,030,522,23,0,1789173745,,,SCHEDULED
2026-09-12T00:18:06.824632+00:00,1285557,030,525,24,0,1789173842,,,SCHEDULED
2026-09-12T00:18:06.824632+00:00,1285557,030,526,25,0,1789173960,,,SCHEDULED
2026-09-12T00:18:06.824632+00:00,1285557,030,527,26,0,1789173990,,,SCHEDULED
2026-09-12T00:18:06.824632+00:00,1285557,030,528,27,0,1789174020,,,SCHEDULED
2026-09-12T00:18:06.824632+00:00,1287219,081,1613,2,0,1789172357,,,SCHEDULED
2026-09-12T00:18:06.824632+00:00,1287219,081,2311,3,0,1789172406,,,SCHEDULED
2026-09-12T00:18:06.824632+00:00,1287219,081,2312,4,0,1789172599,,,SCHEDULED
2026-09-12T00:18:06.824632+00:00,1287219,081,2313,5,0,1789172657,,,SCHEDULED
2026-09-12T00:18:06.824632+00:00,1287219,081,2314,6,0,1789172740,,,SCHEDULED
2026-09-12T00:18:06.824632+00:00,1287219,081,2315,7,0,1789172833,,,SCHEDULED
2026-09-12T00:18:06.824632+00:00,1287219,081,5203,8,0,1789172978,,,SCHEDULED
2026-09-12T00:18:06.824632+00:00,1287219,081,2317,9,0,1789173089,,,SCHEDULED
2026-09-12T00:18:06.824632+00:00,1287219,081,2318,10,0,1789173173,,,SCHEDULED
2026-09-12T00:18:06.824632+00:00,1287219,081,2319,11,0,1789173236,,,SCHEDULED
2026-09-12T00:18:06.824632+00:00,1287219,081,2320,12,0,1789173271,,,SCHEDULED
2026-09-12T00:18:06.824632+00:00,1287219,081,2321,13,0,1789173351,,,SCHEDULED
2026-09-12T00:18:06.824632+00:00,1287219,081,2322,14,0,1789173418,,,SCHEDULED
2026-09-12T00:18:06.824632+00:00,1287219,081,2323,15,0,1789173470,,,SCHEDULED
2026-09-12T00:18:06.824632+00:00,1287219,081,2324,16,0,1789173529,,,SCHEDULED
2026-09-12T00:18:06.824632+00:00,1287219,081,2325,17,0,1789173578,,,SCHEDULED
2026-09-12T00:18:06.824632+00:00,1287219,081,2326,18,0,1789173638,,,SCHEDULED
2026-09-12T00:18:06.824632+00:00,1287219,081,2328,19,0,1789173730,,,SCHEDULED
2026-09-12T00:18:06.824632+00:00,1287219,081,2329,20,0,1789173784,,,SCHEDULED
2026-09-12T00:18:06.824632+00:00,1287219,081,2330,21,0,1789173843,,,SCHEDULED
2026-09-12T00:18:06.824632+00:00,1287219,081,4811,22,0,1789173903,,,SCHEDULED
2026-09-12T00:18:06.824632+00:00,1287219,081,4810,23,0,1789173949,,,SCHEDULED
2026-09-12T00:18:06.824632+00:00,1284105,001,1801,1,,,0,1789173240,SCHEDULED
2026-09-12T00:18:06.824632+00:00,1284105,001,3073,2,0,1789173284,,,SCHEDULED
2026-09-12T00:18:06.824632+00:00,1284105,001,630,3,0,1789173415,,,SCHEDULED
2026-09-12T00:18:06.824632+00:00,1284105,001,631,4,0,1789173464,,,SCHEDULED
2026-09-12T00:18:06.824632+00:00,1284105,001,632,5,0,1789173493,,,SCHEDULED
2026-09-12T00:18:06.824632+00:00,1284105,001,634,6,0,1789173564,,,SCHEDULED
2026-09-12T00:18:06.824632+00:00,1284105,001,635,7,0,1789173635,,,SCHEDULED
2026-09-12T00:18:06.824632+00:00,1284105,001,636,8,0,1789173715,,,SCHEDULED
2026-09-12T00:18:06.824632+00:00,1284105,001,637,9,0,1789173751,,,SCHEDULED
2026-09-12T00:18:06.824632+00:00,1284105,001,638,10,0,1789173795,,,SCHEDULED
2026-09-12T00:18:06.824632+00:00,1284105,001,639,11,0,1789173840,,,SCHEDULED
2026-09-12T00:18:06.824632+00:00,1284105,001,640,12,0,1789173892,,,SCHEDULED
2026-09-12T00:18:06.824632+00:00,1284105,001,641,13,0,1789173934,,,SCHEDULED
2026-09-12T00:18:06.824632+00:00,1284107,001,637,9,0,1789172302,,,SCHEDULED
2026-09-12T00:18:06.824632+00:00,1284107,001,638,10,0,1789172351,,,SCHEDULED
2026-09-12T00:18:06.824632+00:00,1284107,001,639,11,0,1789172400,,,SCHEDULED
2026-09-12T00:18:06.824632+00:00,1284107,001,640,12,0,1789172457,,,SCHEDULED
2026-09-12T00:18:06.824632+00:00,1284107,001,641,13,0,1789172504,,,SCHEDULED
2026-09-12T00:18:06.824632+00:00,1284107,001,642,14,0,1789172599,,,SCHEDULED
2026-09-12T00:18:06.824632+00:00,1284107,001,643,15,0,1789172648,,,SCHEDULED
2026-09-12T00:18:06.824632+00:00,1284107,001,644,16,0,1789172695,,,SCHEDULED
2026-09-12T00:18:06.824632+00:00,1284107,001,645,17,0,1789172747,,,SCHEDULED
2026-09-12T00:18:06.824632+00:00,1284107,001,646,18,0,1789172782,,,SCHEDULED
2026-09-12T00:18:06.824632+00:00,1284107,001,647,19,0,1789172851,,,SCHEDULED
2026-09-12T00:18:06.824632+00:00,1284107,001,648,20,0,1789172923,,,SCHEDULED
2026-09-12T00:18:06.824632+00:00,1284107,001,649,21,0,1789172978,,,SCHEDULED
2026-09-12T00:18:06.824632+00:00,1284107,001,5351,22,0,1789172999,,,SCHEDULED
2026-09-12T00:18:06.824632+00:00,1284107,001,1308,23,0,1789173060,,,SCHEDULED
2026-09-12T00:18:06.824632+00:00,1284107,001,1309,24,0,1789173131,,,SCHEDULED
2026-09-12T00:18:06.824632+00:00,1284107,001,1310,25,0,1789173228,,,SCHEDULED
2026-09-12T00:18:06.824632+00:00,1284107,001,1311,26,0,1789173303,,,SCHEDULED
2026-09-12T00:18:06.824632+00:00,1284107,001,5363,27,0,1789173412,,,SCHEDULED
2026-09-12T00:18:06.824632+00:00,1284107,001,1313,28,0,1789173457,,,SCHEDULED
2026-09-12T00:18:06.824632+00:00,1284107,001,1314,29,0,1789173510,,,SCHEDULED
2026-09-12T00:18:06.824632+00:00,1284107,001,1315,30,0,1789173637,,,SCHEDULED
2026-09-12T00:18:06.824632+00:00,1284107,001,1316,31,0,1789173678,,,SCHEDULED
2026-09-12T00:18:06.824632+00:00,1284107,001,1317,32,0,1789173723,,,SCHEDULED
2026-09-12T00:18:06.824632+00:00,1284107,001,1318,33,0,1789173768,,,SCHEDULED
2026-09-12T00:18:06.824632+00:00,1284107,001,2807,34,0,1789173858,,,SCHEDULED
2026-09-12T00:18:06.824632+00:00,1284106,001,3073,2,0,1789172300,,,SCHEDULED
2026-09-12T00:18:06.824632+00:00,1284106,001,630,3,0,1789172431,,,SCHEDULED
2026-09-12T00:18:06.824632+00:00,1284106,001,631,4,0,1789172480,,,SCHEDULED
2026-09-12T00:18:06.824632+00:00,1284106,001,632,5,0,1789172509,,,SCHEDULED
2026-09-12T00:18:06.824632+00:00,1284106,001,634,6,0,1789172580,,,SCHEDULED
2026-09-12T00:18:06.824632+00:00,1284106,001,635,7,0,1789172651,,,SCHEDULED
2026-09-12T00:18:06.824632+00:00,1284106,001,636,8,0,1789172731,,,SCHEDULED
2026-09-12T00:18:06.824632+00:00,1284106,001,637,9,0,1789172767,,,SCHEDULED
2026-09-12T00:18:06.824632+00:00,1284106,001,638,10,0,1789172811,,,SCHEDULED
2026-09-12T00:18:06.824632+00:00,1284106,001,639,11,0,1789172856,,,SCHEDULED
2026-09-12T00:18:06.824632+00:00,1284106,001,640,12,0,1789172908,,,SCHEDULED
2026-09-12T00:18:06.824632+00:00,1284106,001,641,13,0,1789172950,,,SCHEDULED
2026-09-12T00:18:06.824632+00:00,1284106,001,642,14,0,1789173037,,,SCHEDULED
2026-09-12T00:18:06.824632+00:00,1284106,001,643,15,0,1789173082,,,SCHEDULED
2026-09-12T00:18:06.824632+00:00,1284106,001,644,16,0,1789173124,,,SCHEDULED
2026-09-12T00:18:06.824632+00:00,1284106,001,645,17,0,1789173171,,,SCHEDULED
2026-09-12T00:18:06.824632+00:00,1284106,001,646,18,0,1789173203,,,SCHEDULED
2026-09-12T00:18:06.824632+00:00,1284106,001,647,19,0,1789173266,,,SCHEDULED
2026-09-12T00:18:06.824632+00:00,1284106,001,648,20,0,1789173332,,,SCHEDULED
2026-09-12T00:18:06.824632+00:00,1284106,001,649,21,0,1789173382,,,SCHEDULED
2026-09-12T00:18:06.824632+00:00,1284106,001,5351,22,0,1789173400,,,SCHEDULED
2026-09-12T00:18:06.824632+00:00,1284106,001,1308,23,0,1789173456,,,SCHEDULED
2026-09-12T00:18:06.824632+00:00,1284106,001,1309,24,0,1789173518,,,SCHEDULED
2026-09-12T00:18:06.824632+00:00,1284106,001,1310,25,0,1789173603,,,SCHEDULED
2026-09-12T00:18:06.824632+00:00,1284106,001,1311,26,0,1789173669,,,SCHEDULED
2026-09-12T00:18:06.824632+00:00,1284106,001,5363,27,0,1789173764,,,SCHEDULED
2026-09-12T00:18:06.824632+00:00,1284106,001,1313,28,0,1789173803,,,SCHEDULED
2026-09-12T00:18:06.824632+00:00,1284106,001,1314,29,0,1789173849,,,SCHEDULED
2026-09-12T00:18:06.824632+00:00,1285558,030,1707,16,0,1789172330,,,SCHEDULED
2026-09-12T00:18:06.824632+00:00,1285558,030,1708,17,0,1789172367,,,SCHEDULED
2026-09-12T00:18:06.824632+00:00,1285558,030,1709,18,0,1789172411,,,SCHEDULED
2026-09-12T00:18:06.824632+00:00,1285558,030,1710,19,0,1789172467,,,SCHEDULED
2026-09-12T00:18:06.824632+00:00,1285558,030,1711,20,0,1789172515,,,SCHEDULED
2026-09-12T00:18:06.824632+00:00,1285558,030,519,21,0,1789172541,,,SCHEDULED
2026-09-12T00:18:06.824632+00:00,1285558,030,521,22,0,1789172589,,,SCHEDULED
2026-09-12T00:18:06.824632+00:00,1285558,030,522,23,0,1789172655,,,SCHEDULED
2026-09-12T00:18:06.824632+00:00,1285558,030,525,24,0,1789172752,,,SCHEDULED
2026-09-12T00:18:06.824632+00:00,1285558,030,526,25,0,1789172870,,,SCHEDULED
2026-09-12T00:18:06.824632+00:00,1285558,030,527,26,0,1789172900,,,SCHEDULED
2026-09-12T00:18:06.824632+00:00,1285558,030,528,27,0,1789172930,,,SCHEDULED
2026-09-12T00:18:06.824632+00:00,1285558,030,5252,28,0,1789173047,,,SCHEDULED
2026-09-12T00:18:06.824632+00:00,1285558,030,281,29,0,1789173153,,,SCHEDULED
2026-09-12T00:18:06.824632+00:00,1284108,001,1314,29,0,1789172310,,,SCHEDULED
2026-09-12T00:18:06.824632+00:00,1284108,001,1315,30,0,1789172437,,,SCHEDULED
2026-09-12T00:18:06.824632+00:00,1284108,001,1316,31,0,1789172478,,,SCHEDULED
2026-09-12T00:18:06.824632+00:00,1284108,001,1317,32,0,1789172523,,,SCHEDULED
2026-09-12T00:18:06.824632+00:00,1284108,001,1318,33,0,1789172568,,,SCHEDULED
2026-09-12T00:18:06.824632+00:00,1284108,001,2807,34,0,1789172658,,,SCHEDULED
2026-09-12T00:18:06.824632+00:00,1286896,072,2884,4,0,1789172278,,,SCHEDULED
2026-09-12T00:18:06.824632+00:00,1286896,072,2885,5,0,1789172334,,,SCHEDULED
2026-09-12T00:18:06.824632+00:00,1286896,072,2886,6,0,1789172375,,,SCHEDULED
2026-09-12T00:18:06.824632+00:00,1286896,072,2887,7,0,1789172444,,,SCHEDULED
2026-09-12T00:18:06.824632+00:00,1286896,072,2888,8,0,1789172505,,,SCHEDULED
2026-09-12T00:18:06.824632+00:00,1286896,072,2889,9,0,1789172579,,,SCHEDULED
2026-09-12T00:18:06.824632+00:00,1286896,072,2891,10,0,1789172646,,,SCHEDULED
2026-09-12T00:18:06.824632+00:00,1286896,072,2892,11,0,1789172684,,,SCHEDULED
2026-09-12T00:18:06.824632+00:00,1286896,072,3860,12,0,1789172729,,,SCHEDULED
2026-09-12T00:18:06.824632+00:00,1286896,072,3787,13,0,1789172823,,,SCHEDULED
2026-09-12T00:18:06.824632+00:00,1286896,072,3788,14,0,1789172873,,,SCHEDULED
2026-09-12T00:18:06.824632+00:00,1286896,072,3789,15,0,1789172914,,,SCHEDULED
2026-09-12T00:18:06.824632+00:00,1286896,072,3790,16,0,1789172976,,,SCHEDULED
2026-09-12T00:18:06.824632+00:00,1286896,072,3791,17,0,1789173014,,,SCHEDULED
2026-09-12T00:18:06.824632+00:00,1286896,072,3785,18,0,1789173052,,,SCHEDULED
2026-09-12T00:18:06.824632+00:00,1286896,072,3792,19,0,1789173087,,,SCHEDULED
2026-09-12T00:18:06.824632+00:00,1286896,072,3793,20,0,1789173137,,,SCHEDULED
2026-09-12T00:18:06.824632+00:00,1286896,072,3794,21,0,1789173179,,,SCHEDULED
2026-09-12T00:18:06.824632+00:00,1286896,072,3795,22,0,1789173215,,,SCHEDULED
2026-09-12T00:18:06.824632+00:00,1286896,072,3796,23,0,1789173257,,,SCHEDULED
2026-09-12T00:18:06.824632+00:00,1286896,072,5250,24,0,1789173303,,,SCHEDULED
2026-09-12T00:18:06.824632+00:00,1286896,072,3798,25,0,1789173336,,,SCHEDULED
2026-09-12T00:18:06.824632+00:00,1286896,072,3799,26,0,1789173388,,,SCHEDULED
2026-09-12T00:18:06.824632+00:00,1286896,072,3800,27,0,1789173451,,,SCHEDULED
2026-09-12T00:18:06.824632+00:00,1286896,072,3801,28,0,1789173479,,,SCHEDULED
2026-09-12T00:18:06.824632+00:00,1286896,072,3802,29,0,1789173515,,,SCHEDULED
2026-09-12T00:18:06.824632+00:00,1286896,072,3852,30,0,1789173560,,,SCHEDULED
2026-09-12T00:18:06.824632+00:00,1286895,072,377,1,,,0,1789173720,SCHEDULED
2026-09-12T00:18:06.824632+00:00,1286895,072,2873,2,0,1789173844,,,SCHEDULED
2026-09-12T00:18:06.824632+00:00,1286895,072,2874,3,0,1789173883,,,SCHEDULED
2026-09-12T00:18:06.824632+00:00,1286895,072,2884,4,0,1789173959,,,SCHEDULED
2026-09-12T00:18:06.824632+00:00,1286895,072,2885,5,0,1789174015,,,SCHEDULED
2026-09-12T00:18:06.824632+00:00,1285326,025,241,1,,,0,1789174020,SCHEDULED
2026-09-12T00:18:06.824632+00:00,1285328,025,1484,26,0,1789172302,,,SCHEDULED
2026-09-12T00:18:06.824632+00:00,1285328,025,1485,27,0,1789172369,,,SCHEDULED
2026-09-12T00:18:06.824632+00:00,1285328,025,1486,28,0,1789172408,,,SCHEDULED
2026-09-12T00:18:06.824632+00:00,1285328,025,3614,29,0,1789172490,,,SCHEDULED
2026-09-12T00:18:06.824632+00:00,1285328,025,3615,30,0,1789172556,,,SCHEDULED
2026-09-12T00:18:06.824632+00:00,1285328,025,3616,31,0,1789172638,,,SCHEDULED
2026-09-12T00:18:06.824632+00:00,1285328,025,3617,32,0,1789172698,,,SCHEDULED
2026-09-12T00:18:06.824632+00:00,1285328,025,3618,33,0,1789172759,,,SCHEDULED
2026-09-12T00:18:06.824632+00:00,1285328,025,3619,34,0,1789172795,,,SCHEDULED
2026-09-12T00:18:06.824632+00:00,1285328,025,3620,35,0,1789172889,,,SCHEDULED
2026-09-12T00:18:06.824632+00:00,1285328,025,3621,36,0,1789172939,,,SCHEDULED
2026-09-12T00:18:06.824632+00:00,1285328,025,3622,37,0,1789172983,,,SCHEDULED
2026-09-12T00:18:06.824632+00:00,1285328,025,3623,38,0,1789173009,,,SCHEDULED
2026-09-12T00:18:06.824632+00:00,1285328,025,3624,39,0,1789173065,,,SCHEDULED
2026-09-12T00:18:06.824632+00:00,1285328,025,3625,40,0,1789173112,,,SCHEDULED
2026-09-12T00:18:06.824632+00:00,1285328,025,3626,41,0,1789173153,,,SCHEDULED
2026-09-12T00:18:06.824632+00:00,1285328,025,3627,42,0,1789173189,,,SCHEDULED
2026-09-12T00:18:06.824632+00:00,1285328,025,3628,43,0,1789173207,,,SCHEDULED
2026-09-12T00:18:06.824632+00:00,1285328,025,4603,44,0,1789173302,,,SCHEDULED
2026-09-12T00:18:06.824632+00:00,1285328,025,4604,45,0,1789173368,,,SCHEDULED
2026-09-12T00:18:06.824632+00:00,1285328,025,3371,46,0,1789173520,,,SCHEDULED
2026-09-12T00:18:06.824632+00:00,1285328,025,3372,47,0,1789173553,,,SCHEDULED
2026-09-12T00:18:06.824632+00:00,1285328,025,3373,48,0,1789173603,,,SCHEDULED
2026-09-12T00:18:06.824632+00:00,1285328,025,3374,49,0,1789173677,,,SCHEDULED
2026-09-12T00:18:06.824632+00:00,1285328,025,3375,50,0,1789173727,,,SCHEDULED
2026-09-12T00:18:06.824632+00:00,1285328,025,3376,51,0,1789173789,,,SCHEDULED
2026-09-12T00:18:06.824632+00:00,1285328,025,3377,52,0,1789173824,,,SCHEDULED
2026-09-12T00:18:06.824632+00:00,1285328,025,3378,53,0,1789173844,,,SCHEDULED
2026-09-12T00:18:06.824632+00:00,1285328,025,3379,54,0,1789173898,,,SCHEDULED
2026-09-12T00:18:06.824632+00:00,1285328,025,3380,55,0,1789173925,,,SCHEDULED
2026-09-12T00:18:06.824632+00:00,1285328,025,3381,56,0,1789173963,,,SCHEDULED
2026-09-12T00:18:06.824632+00:00,1285328,025,3382,57,0,1789173999,,,SCHEDULED
2026-09-12T00:18:06.824632+00:00,1285328,025,3383,58,0,1789174070,,,SCHEDULED
2026-09-12T00:18:06.824632+00:00,1288439,177,658,1,,,0,1789173540,SCHEDULED
2026-09-12T00:18:06.824632+00:00,1288439,177,832,2,0,1789173674,,,SCHEDULED
2026-09-12T00:18:06.824632+00:00,1288439,177,3845,3,0,1789173701,,,SCHEDULED
2026-09-12T00:18:06.824632+00:00,1288439,177,795,4,0,1789173789,,,SCHEDULED
2026-09-12T00:18:06.824632+00:00,1285327,025,1255,2,0,1789172428,,,SCHEDULED
2026-09-12T00:18:06.824632+00:00,1285327,025,1263,3,0,1789172513,,,SCHEDULED
2026-09-12T00:18:06.824632+00:00,1285327,025,1264,4,0,1789172561,,,SCHEDULED
2026-09-12T00:18:06.824632+00:00,1285327,025,1265,5,0,1789172633,,,SCHEDULED
2026-09-12T00:18:06.824632+00:00,1285327,025,1266,6,0,1789172710,,,SCHEDULED
2026-09-12T00:18:06.824632+00:00,1285327,025,1267,7,0,1789172799,,,SCHEDULED
2026-09-12T00:18:06.824632+00:00,1285327,025,1268,8,0,1789172870,,,SCHEDULED
2026-09-12T00:18:06.824632+00:00,1285327,025,1269,9,0,1789172927,,,SCHEDULED
2026-09-12T00:18:06.824632+00:00,1285327,025,1270,10,0,1789173047,,,SCHEDULED
2026-09-12T00:18:06.824632+00:00,1285327,025,1271,11,0,1789173159,,,SCHEDULED
2026-09-12T00:18:06.824632+00:00,1285327,025,1272,12,0,1789173203,,,SCHEDULED
2026-09-12T00:18:06.824632+00:00,1285327,025,1273,13,0,1789173268,,,SCHEDULED
2026-09-12T00:18:06.824632+00:00,1285327,025,1274,14,0,1789173330,,,SCHEDULED
2026-09-12T00:18:06.824632+00:00,1285327,025,1275,15,0,1789173401,,,SCHEDULED
2026-09-12T00:18:06.824632+00:00,1285327,025,1276,16,0,1789173451,,,SCHEDULED
2026-09-12T00:18:06.824632+00:00,1285327,025,1277,17,0,1789173522,,,SCHEDULED
2026-09-12T00:18:06.824632+00:00,1285327,025,1278,18,0,1789173578,,,SCHEDULED
2026-09-12T00:18:06.824632+00:00,1285327,025,1279,19,0,1789173640,,,SCHEDULED
2026-09-12T00:18:06.824632+00:00,1285327,025,1280,20,0,1789173714,,,SCHEDULED
2026-09-12T00:18:06.824632+00:00,1285327,025,1281,21,0,1789173759,,,SCHEDULED
2026-09-12T00:18:06.824632+00:00,1285327,025,1282,22,0,1789173789,,,SCHEDULED
2026-09-12T00:18:06.824632+00:00,1285327,025,1481,23,0,1789173876,,,SCHEDULED
2026-09-12T00:18:06.824632+00:00,1285327,025,1482,24,0,1789173910,,,SCHEDULED
2026-09-12T00:18:06.824632+00:00,1285327,025,1483,25,0,1789173961,,,SCHEDULED
2026-09-12T00:18:06.824632+00:00,1285327,025,1484,26,0,1789174012,,,SCHEDULED
2026-09-12T00:18:06.824632+00:00,1286492,062,413,1,,,0,1789173600,SCHEDULED
2026-09-12T00:18:06.824632+00:00,1286492,062,414,2,0,1789173655,,,SCHEDULED
2026-09-12T00:18:06.824632+00:00,1286492,062,415,3,0,1789173720,,,SCHEDULED
2026-09-12T00:18:06.824632+00:00,1286492,062,416,4,0,1789173760,,,SCHEDULED
2026-09-12T00:18:06.824632+00:00,1286492,062,418,5,0,1789173840,,,SCHEDULED
2026-09-12T00:18:06.824632+00:00,1286492,062,4763,6,0,1789173930,,,SCHEDULED
2026-09-12T00:18:06.824632+00:00,1286492,062,1716,7,0,1789173995,,,SCHEDULED
2026-09-12T00:18:06.824632+00:00,1288394,175,1661,1,,,0,1789173300,SCHEDULED
2026-09-12T00:18:06.824632+00:00,1288394,175,1667,2,0,1789173480,,,SCHEDULED
2026-09-12T00:18:06.824632+00:00,1287184,081,2180,1,,,0,1789172820,SCHEDULED
2026-09-12T00:18:06.824632+00:00,1287184,081,2181,2,0,1789172856,,,SCHEDULED
2026-09-12T00:18:06.824632+00:00,1287184,081,2183,3,0,1789172909,,,SCHEDULED
2026-09-12T00:18:06.824632+00:00,1287184,081,2184,4,0,1789172952,,,SCHEDULED
2026-09-12T00:18:06.824632+00:00,1287184,081,2185,5,0,1789173043,,,SCHEDULED
2026-09-12T00:18:06.824632+00:00,1287184,081,2186,6,0,1789173121,,,SCHEDULED
2026-09-12T00:18:06.824632+00:00,1287184,081,2358,7,0,1789173240,,,SCHEDULED
2026-09-12T00:18:06.824632+00:00,1287184,081,2359,8,0,1789173300,,,SCHEDULED
2026-09-12T00:18:06.824632+00:00,1287184,081,2360,9,0,1789173354,,,SCHEDULED
2026-09-12T00:18:06.824632+00:00,1287184,081,2361,10,0,1789173415,,,SCHEDULED
2026-09-12T00:18:06.824632+00:00,1287184,081,2362,11,0,1789173466,,,SCHEDULED
2026-09-12T00:18:06.824632+00:00,1287184,081,2363,12,0,1789173533,,,SCHEDULED
2026-09-12T00:18:06.824632+00:00,1287184,081,2364,13,0,1789173619,,,SCHEDULED
2026-09-12T00:18:06.824632+00:00,1287184,081,2365,14,0,1789173658,,,SCHEDULED
2026-09-12T00:18:06.824632+00:00,1287184,081,2366,15,0,1789173686,,,SCHEDULED
2026-09-12T00:18:06.824632+00:00,1287184,081,2367,16,0,1789173744,,,SCHEDULED
2026-09-12T00:18:06.824632+00:00,1287184,081,5203,17,0,1789173840,,,SCHEDULED
2026-09-12T00:18:06.824632+00:00,1287184,081,2368,18,0,1789173942,,,SCHEDULED
2026-09-12T00:18:06.824632+00:00,1285450,026,316,1,,,0,1789174020,SCHEDULED
2026-09-12T00:18:06.824632+00:00,1285296,025,1247,51,0,1789172340,,,SCHEDULED
2026-09-12T00:18:06.824632+00:00,1285296,025,1248,52,0,1789172426,,,SCHEDULED
2026-09-12T00:18:06.824632+00:00,1285296,025,1249,53,0,1789172545,,,SCHEDULED
2026-09-12T00:18:06.824632+00:00,1285296,025,1250,54,0,1789172608,,,SCHEDULED
2026-09-12T00:18:06.824632+00:00,1285296,025,1251,55,0,1789172700,,,SCHEDULED
2026-09-12T00:18:06.824632+00:00,1285296,025,1252,56,0,1789172751,,,SCHEDULED
2026-09-12T00:18:06.824632+00:00,1285296,025,1253,57,0,1789172845,,,SCHEDULED
2026-09-12T00:18:06.824632+00:00,1285296,025,1254,58,0,1789172922,,,SCHEDULED
2026-09-12T00:18:06.824632+00:00,1285296,025,1262,59,0,1789173006,,,SCHEDULED
2026-09-12T00:18:06.824632+00:00,1287234,081,290,1,,,0,1789173900,SCHEDULED
2026-09-12T00:18:06.824632+00:00,1287234,081,1600,2,0,1789173975,,,SCHEDULED
2026-09-12T00:18:06.824632+00:00,1285295,025,3339,9,0,1789172283,,,SCHEDULED
2026-09-12T00:18:06.824632+00:00,1285295,025,753,10,0,1789172310,,,SCHEDULED
2026-09-12T00:18:06.824632+00:00,1285295,025,3340,11,0,1789172331,,,SCHEDULED
2026-09-12T00:18:06.824632+00:00,1285295,025,3341,12,0,1789172367,,,SCHEDULED
2026-09-12T00:18:06.824632+00:00,1285295,025,3342,13,0,1789172414,,,SCHEDULED
2026-09-12T00:18:06.824632+00:00,1285295,025,3343,14,0,1789172439,,,SCHEDULED
2026-09-12T00:18:06.824632+00:00,1285295,025,4660,15,0,1789172507,,,SCHEDULED
2026-09-12T00:18:06.824632+00:00,1285295,025,5265,16,0,1789172564,,,SCHEDULED
2026-09-12T00:18:06.824632+00:00,1285295,025,4661,17,0,1789172636,,,SCHEDULED
2026-09-12T00:18:06.824632+00:00,1285295,025,4662,18,0,1789172712,,,SCHEDULED
2026-09-12T00:18:06.824632+00:00,1285295,025,3589,19,0,1789172801,,,SCHEDULED
2026-09-12T00:18:06.824632+00:00,1285295,025,3590,20,0,1789172823,,,SCHEDULED
2026-09-12T00:18:06.824632+00:00,1285295,025,3591,21,0,1789172894,,,SCHEDULED
2026-09-12T00:18:06.824632+00:00,1285295,025,3592,22,0,1789172946,,,SCHEDULED
2026-09-12T00:18:06.824632+00:00,1285295,025,3593,23,0,1789173006,,,SCHEDULED
2026-09-12T00:18:06.824632+00:00,1285295,025,3594,24,0,1789173059,,,SCHEDULED
2026-09-12T00:18:06.824632+00:00,1285295,025,3595,25,0,1789173108,,,SCHEDULED
2026-09-12T00:18:06.824632+00:00,1285295,025,3596,26,0,1789173179,,,SCHEDULED
2026-09-12T00:18:06.824632+00:00,1285295,025,3597,27,0,1789173243,,,SCHEDULED
2026-09-12T00:18:06.824632+00:00,1285295,025,3598,28,0,1789173302,,,SCHEDULED
2026-09-12T00:18:06.824632+00:00,1285295,025,3599,29,0,1789173340,,,SCHEDULED
2026-09-12T00:18:06.824632+00:00,1285295,025,3600,30,0,1789173397,,,SCHEDULED
2026-09-12T00:18:06.824632+00:00,1285295,025,3601,31,0,1789173427,,,SCHEDULED
2026-09-12T00:18:06.824632+00:00,1285295,025,3602,32,0,1789173494,,,SCHEDULED
2026-09-12T00:18:06.824632+00:00,1285295,025,3603,33,0,1789173541,,,SCHEDULED
2026-09-12T00:18:06.824632+00:00,1285295,025,1356,34,0,1789173581,,,SCHEDULED
2026-09-12T00:18:06.824632+00:00,1285295,025,1357,35,0,1789173676,,,SCHEDULED
2026-09-12T00:18:06.824632+00:00,1285295,025,1358,36,0,1789173703,,,SCHEDULED
2026-09-12T00:18:06.824632+00:00,1285295,025,1359,37,0,1789173736,,,SCHEDULED
2026-09-12T00:18:06.824632+00:00,1285295,025,1360,38,0,1789173796,,,SCHEDULED
2026-09-12T00:18:06.824632+00:00,1285295,025,1361,39,0,1789173838,,,SCHEDULED
2026-09-12T00:18:06.824632+00:00,1285295,025,1236,40,0,1789173930,,,SCHEDULED
2026-09-12T00:18:06.824632+00:00,1285295,025,1237,41,0,1789173963,,,SCHEDULED
2026-09-12T00:18:06.824632+00:00,1285295,025,1238,42,0,1789173996,,,SCHEDULED
2026-09-12T00:18:06.824632+00:00,1285177,023,9807,1,,,0,1789172640,SCHEDULED
2026-09-12T00:18:06.824632+00:00,1285177,023,1096,2,0,1789172749,,,SCHEDULED
2026-09-12T00:18:06.824632+00:00,1285177,023,1098,3,0,1789172942,,,SCHEDULED
2026-09-12T00:18:06.824632+00:00,1285177,023,1099,4,0,1789173120,,,SCHEDULED
2026-09-12T00:18:06.824632+00:00,1285177,023,1090,5,0,1789173348,,,SCHEDULED
2026-09-12T00:18:06.824632+00:00,1285177,023,1091,6,0,1789173472,,,SCHEDULED
2026-09-12T00:18:06.824632+00:00,1285177,023,1092,7,0,1789173541,,,SCHEDULED
2026-09-12T00:18:06.824632+00:00,1285177,023,1093,8,0,1789173593,,,SCHEDULED
2026-09-12T00:18:06.824632+00:00,1285177,023,1094,9,0,1789173645,,,SCHEDULED
2026-09-12T00:18:06.824632+00:00,1285177,023,1455,10,0,1789173735,,,SCHEDULED
2026-09-12T00:18:06.824632+00:00,1285177,023,1456,11,0,1789173818,,,SCHEDULED
2026-09-12T00:18:06.824632+00:00,1285177,023,1457,12,0,1789173894,,,SCHEDULED
2026-09-12T00:18:06.824632+00:00,1285177,023,1458,13,0,1789173960,,,SCHEDULED
2026-09-12T00:18:06.824632+00:00,1288288,142,413,3,0,1789172647,,,SCHEDULED
2026-09-12T00:18:06.824632+00:00,1288288,142,414,4,0,1789172658,,,SCHEDULED
2026-09-12T00:18:06.824632+00:00,1288288,142,415,5,0,1789172671,,,SCHEDULED
2026-09-12T00:18:06.824632+00:00,1288288,142,416,6,0,1789172714,,,SCHEDULED
2026-09-12T00:18:06.824632+00:00,1288288,142,418,7,0,1789172800,,,SCHEDULED
2026-09-12T00:18:06.824632+00:00,1288288,142,4763,8,0,1789172951,,,SCHEDULED
2026-09-12T00:18:06.824632+00:00,1288288,142,113,9,0,1789173021,,,SCHEDULED
2026-09-12T00:18:06.824632+00:00,1285452,026,1565,23,0,1789172304,,,SCHEDULED
2026-09-12T00:18:06.824632+00:00,1285452,026,1566,24,0,1789172352,,,SCHEDULED
2026-09-12T00:18:06.824632+00:00,1285452,026,1596,25,0,1789172403,,,SCHEDULED
2026-09-12T00:18:06.824632+00:00,1285452,026,1597,26,0,1789172503,,,SCHEDULED
2026-09-12T00:18:06.824632+00:00,1285452,026,1598,27,0,1789172599,,,SCHEDULED
2026-09-12T00:18:06.824632+00:00,1285452,026,3097,28,0,1789172693,,,SCHEDULED
2026-09-12T00:18:06.824632+00:00,1285452,026,3098,29,0,1789172765,,,SCHEDULED
2026-09-12T00:18:06.824632+00:00,1285452,026,9800,30,0,1789172814,,,SCHEDULED
2026-09-12T00:18:06.824632+00:00,1285452,026,3099,31,0,1789172942,,,SCHEDULED
2026-09-12T00:18:06.824632+00:00,1285452,026,3100,32,0,1789173002,,,SCHEDULED
2026-09-12T00:18:06.824632+00:00,1285452,026,3101,33,0,1789173050,,,SCHEDULED
2026-09-12T00:18:06.824632+00:00,1285452,026,3102,34,0,1789173090,,,SCHEDULED
2026-09-12T00:18:06.824632+00:00,1285452,026,5366,35,0,1789173238,,,SCHEDULED
2026-09-12T00:18:06.824632+00:00,1285452,026,1283,36,0,1789173294,,,SCHEDULED
2026-09-12T00:18:06.824632+00:00,1285452,026,650,37,0,1789173446,,,SCHEDULED
2026-09-12T00:18:06.824632+00:00,1285452,026,3107,38,0,1789173511,,,SCHEDULED
2026-09-12T00:18:06.824632+00:00,1285452,026,3108,39,0,1789173555,,,SCHEDULED
2026-09-12T00:18:06.824632+00:00,1285452,026,3109,40,0,1789173604,,,SCHEDULED
2026-09-12T00:18:06.824632+00:00,1285452,026,3110,41,0,1789173654,,,SCHEDULED
2026-09-12T00:18:06.824632+00:00,1285452,026,3112,42,0,1789173763,,,SCHEDULED
2026-09-12T00:18:06.824632+00:00,1285452,026,3113,43,0,1789173800,,,SCHEDULED
2026-09-12T00:18:06.824632+00:00,1285452,026,3115,44,0,1789173894,,,SCHEDULED
2026-09-12T00:18:06.824632+00:00,1285452,026,3116,45,0,1789173931,,,SCHEDULED
2026-09-12T00:18:06.824632+00:00,1285452,026,3117,46,0,1789173961,,,SCHEDULED
2026-09-12T00:18:06.824632+00:00,1285452,026,3118,47,0,1789174010,,,SCHEDULED
2026-09-12T00:18:06.824632+00:00,1285452,026,3119,48,0,1789174034,,,SCHEDULED
2026-09-12T00:18:06.824632+00:00,1285056,021,319,1,,,0,1789172982,SCHEDULED
2026-09-12T00:18:06.824632+00:00,1285056,021,2770,2,0,1789173184,,,SCHEDULED
2026-09-12T00:18:06.824632+00:00,1285056,021,2771,3,0,1789173270,,,SCHEDULED
2026-09-12T00:18:06.824632+00:00,1285056,021,2772,4,0,1789173350,,,SCHEDULED
2026-09-12T00:18:06.824632+00:00,1285056,021,2773,5,0,1789173402,,,SCHEDULED
2026-09-12T00:18:06.824632+00:00,1285056,021,2774,6,0,1789173496,,,SCHEDULED
2026-09-12T00:18:06.824632+00:00,1285056,021,2775,7,0,1789173530,,,SCHEDULED
2026-09-12T00:18:06.824632+00:00,1285056,021,2776,8,0,1789173584,,,SCHEDULED
2026-09-12T00:18:06.824632+00:00,1285056,021,2777,9,0,1789173656,,,SCHEDULED
2026-09-12T00:18:06.824632+00:00,1285056,021,2778,10,0,1789173707,,,SCHEDULED
2026-09-12T00:18:06.824632+00:00,1285056,021,2779,11,0,1789173739,,,SCHEDULED
2026-09-12T00:18:06.824632+00:00,1285056,021,2780,12,0,1789173782,,,SCHEDULED
2026-09-12T00:18:06.824632+00:00,1285056,021,2781,13,0,1789173822,,,SCHEDULED
2026-09-12T00:18:06.824632+00:00,1285056,021,2782,14,0,1789173882,,,SCHEDULED
2026-09-12T00:18:06.824632+00:00,1285056,021,2783,15,0,1789173942,,,SCHEDULED
2026-09-12T00:18:06.824632+00:00,1285056,021,2784,16,0,1789173991,,,SCHEDULED
2026-09-12T00:18:06.824632+00:00,1285056,021,3027,17,0,1789174037,,,SCHEDULED
2026-09-12T00:18:06.824632+00:00,1284363,011,5329,9,0,1789172278,,,SCHEDULED
2026-09-12T00:18:06.824632+00:00,1284363,011,8917,10,0,1789172323,,,SCHEDULED
2026-09-12T00:18:06.824632+00:00,1284363,011,8918,11,0,1789172361,,,SCHEDULED
2026-09-12T00:18:06.824632+00:00,1284363,011,8919,12,0,1789172448,,,SCHEDULED
2026-09-12T00:18:06.824632+00:00,1284363,011,8920,13,0,1789172494,,,SCHEDULED
2026-09-12T00:18:06.824632+00:00,1284363,011,532,14,0,1789172876,,,SCHEDULED
2026-09-12T00:18:06.824632+00:00,1284363,011,5247,15,0,1789172933,,,SCHEDULED
2026-09-12T00:18:06.824632+00:00,1284363,011,533,16,0,1789172982,,,SCHEDULED
2026-09-12T00:18:06.824632+00:00,1284363,011,534,17,0,1789173014,,,SCHEDULED
2026-09-12T00:18:06.824632+00:00,1284363,011,221,18,0,1789173326,,,SCHEDULED
2026-09-12T00:18:06.824632+00:00,1284363,011,222,19,0,1789173348,,,SCHEDULED
2026-09-12T00:18:06.824632+00:00,1284363,011,223,20,0,1789173375,,,SCHEDULED
2026-09-12T00:18:06.824632+00:00,1284363,011,225,21,0,1789173438,,,SCHEDULED
2026-09-12T00:18:06.824632+00:00,1284363,011,226,22,0,1789173468,,,SCHEDULED
2026-09-12T00:18:06.824632+00:00,1284363,011,455,23,0,1789173492,,,SCHEDULED
2026-09-12T00:18:06.824632+00:00,1284363,011,456,24,0,1789173534,,,SCHEDULED
2026-09-12T00:18:06.824632+00:00,1284363,011,3197,25,0,1789173601,,,SCHEDULED
2026-09-12T00:18:06.824632+00:00,1284363,011,3198,26,0,1789173664,,,SCHEDULED
2026-09-12T00:18:06.824632+00:00,1284363,011,3199,27,0,1789173702,,,SCHEDULED
2026-09-12T00:18:06.824632+00:00,1284363,011,1345,28,0,1789173797,,,SCHEDULED
2026-09-12T00:18:06.824632+00:00,1284363,011,128,29,0,1789173898,,,SCHEDULED
2026-09-12T00:18:06.824632+00:00,1284363,011,130,30,0,1789173948,,,SCHEDULED
2026-09-12T00:18:06.824632+00:00,1284363,011,131,31,0,1789173976,,,SCHEDULED
2026-09-12T00:18:06.824632+00:00,1284363,011,132,32,0,1789174004,,,SCHEDULED
2026-09-12T00:18:06.824632+00:00,1284363,011,133,33,0,1789174044,,,SCHEDULED
2026-09-12T00:18:06.824632+00:00,1285055,021,2804,28,0,1789172281,,,SCHEDULED
2026-09-12T00:18:06.824632+00:00,1285055,021,2805,29,0,1789172321,,,SCHEDULED
2026-09-12T00:18:06.824632+00:00,1285055,021,2806,30,0,1789172364,,,SCHEDULED
2026-09-12T00:18:06.824632+00:00,1285055,021,2807,31,0,1789172403,,,SCHEDULED
2026-09-12T00:18:06.824632+00:00,1285055,021,1184,32,0,1789172535,,,SCHEDULED
2026-09-12T00:18:06.824632+00:00,1285055,021,3301,33,0,1789172555,,,SCHEDULED
2026-09-12T00:18:06.824632+00:00,1285055,021,2807,34,0,1789172591,,,SCHEDULED
2026-09-12T00:18:06.824632+00:00,1285055,021,2808,35,0,1789172670,,,SCHEDULED
2026-09-12T00:18:06.824632+00:00,1285055,021,2809,36,0,1789172779,,,SCHEDULED
2026-09-12T00:18:06.824632+00:00,1285055,021,2810,37,0,1789172851,,,SCHEDULED
2026-09-12T00:18:06.824632+00:00,1285055,021,2811,38,0,1789172942,,,SCHEDULED
2026-09-12T00:18:06.824632+00:00,1285055,021,2812,39,0,1789173015,,,SCHEDULED
2026-09-12T00:18:06.824632+00:00,1285055,021,2813,40,0,1789173070,,,SCHEDULED
2026-09-12T00:18:06.824632+00:00,1285055,021,2814,41,0,1789173172,,,SCHEDULED
2026-09-12T00:18:06.824632+00:00,1285055,021,3385,42,0,1789173270,,,SCHEDULED
2026-09-12T00:18:06.824632+00:00,1285055,021,3386,43,0,1789173319,,,SCHEDULED
2026-09-12T00:18:06.824632+00:00,1285055,021,3387,44,0,1789173395,,,SCHEDULED
2026-09-12T00:18:06.824632+00:00,1285055,021,3388,45,0,1789173457,,,SCHEDULED
2026-09-12T00:18:06.824632+00:00,1285055,021,3389,46,0,1789173536,,,SCHEDULED
2026-09-12T00:18:06.824632+00:00,1285451,026,316,1,,,0,1789172325,SCHEDULED
2026-09-12T00:18:06.824632+00:00,1285451,026,8959,2,0,1789172477,,,SCHEDULED
2026-09-12T00:18:06.824632+00:00,1285451,026,2989,3,0,1789172573,,,SCHEDULED
2026-09-12T00:18:06.824632+00:00,1285451,026,1545,4,0,1789172793,,,SCHEDULED
2026-09-12T00:18:06.824632+00:00,1285451,026,1546,5,0,1789172865,,,SCHEDULED
2026-09-12T00:18:06.824632+00:00,1285451,026,1547,6,0,1789172961,,,SCHEDULED
2026-09-12T00:18:06.824632+00:00,1285451,026,1548,7,0,1789173015,,,SCHEDULED
2026-09-12T00:18:06.824632+00:00,1285451,026,1549,8,0,1789173091,,,SCHEDULED
2026-09-12T00:18:06.824632+00:00,1285451,026,1550,9,0,1789173153,,,SCHEDULED
2026-09-12T00:18:06.824632+00:00,1285451,026,1551,10,0,1789173225,,,SCHEDULED
2026-09-12T00:18:06.824632+00:00,1285451,026,1552,11,0,1789173295,,,SCHEDULED
2026-09-12T00:18:06.824632+00:00,1285451,026,1553,12,0,1789173359,,,SCHEDULED
2026-09-12T00:18:06.824632+00:00,1285451,026,1554,13,0,1789173438,,,SCHEDULED
2026-09-12T00:18:06.824632+00:00,1285451,026,1555,14,0,1789173486,,,SCHEDULED
2026-09-12T00:18:06.824632+00:00,1285451,026,1556,15,0,1789173556,,,SCHEDULED
2026-09-12T00:18:06.824632+00:00,1285451,026,1557,16,0,1789173671,,,SCHEDULED
2026-09-12T00:18:06.824632+00:00,1285451,026,1558,17,0,1789173735,,,SCHEDULED
2026-09-12T00:18:06.824632+00:00,1285451,026,1559,18,0,1789173825,,,SCHEDULED
2026-09-12T00:18:06.824632+00:00,1285451,026,1560,19,0,1789173870,,,SCHEDULED
2026-09-12T00:18:06.824632+00:00,1285451,026,1561,20,0,1789173916,,,SCHEDULED
2026-09-12T00:18:06.824632+00:00,1285451,026,1562,21,0,1789174005,,,SCHEDULED
2026-09-12T00:18:06.824632+00:00,1285451,026,1564,22,0,1789174053,,,SCHEDULED
2026-09-12T00:18:06.824632+00:00,1284362,011,5345,1,,,0,1789173051,SCHEDULED
2026-09-12T00:18:06.824632+00:00,1284362,011,8909,2,0,1789173231,,,SCHEDULED
2026-09-12T00:18:06.824632+00:00,1284362,011,8911,3,0,1789173295,,,SCHEDULED
2026-09-12T00:18:06.824632+00:00,1284362,011,8910,4,0,1789173383,,,SCHEDULED
2026-09-12T00:18:06.824632+00:00,1284362,011,8912,5,0,1789173485,,,SCHEDULED
2026-09-12T00:18:06.824632+00:00,1284362,011,8913,6,0,1789173531,,,SCHEDULED
2026-09-12T00:18:06.824632+00:00,1284362,011,8914,7,0,1789173755,,,SCHEDULED
2026-09-12T00:18:06.824632+00:00,1284362,011,8915,8,0,1789173804,,,SCHEDULED
2026-09-12T00:18:06.824632+00:00,1284362,011,5329,9,0,1789173860,,,SCHEDULED
2026-09-12T00:18:06.824632+00:00,1284362,011,8917,10,0,1789173900,,,SCHEDULED
2026-09-12T00:18:06.824632+00:00,1284362,011,8918,11,0,1789173934,,,SCHEDULED
2026-09-12T00:18:06.824632+00:00,1284362,011,8919,12,0,1789174011,,,SCHEDULED
2026-09-12T00:18:06.824632+00:00,1284362,011,8920,13,0,1789174043,,,SCHEDULED
2026-09-12T00:18:06.824632+00:00,1284365,011,2234,41,0,1789172333,,,SCHEDULED
2026-09-12T00:18:06.824632+00:00,1284365,011,2502,42,0,1789172422,,,SCHEDULED
2026-09-12T00:18:06.824632+00:00,1284365,011,2503,43,0,1789172472,,,SCHEDULED
2026-09-12T00:18:06.824632+00:00,1285179,023,1501,52,0,1789171991,,,SCHEDULED
2026-09-12T00:18:06.824632+00:00,1285179,023,1502,53,0,1789172067,,,SCHEDULED
2026-09-12T00:18:06.824632+00:00,1285179,023,1503,54,0,1789172141,,,SCHEDULED
2026-09-12T00:18:06.824632+00:00,1285179,023,1504,55,0,1789172183,,,SCHEDULED
2026-09-12T00:18:06.824632+00:00,1285179,023,1505,56,0,1789172211,,,SCHEDULED
2026-09-12T00:18:06.824632+00:00,1285179,023,1314,57,0,1789172254,,,SCHEDULED
2026-09-12T00:18:06.824632+00:00,1285179,023,1315,58,0,1789172400,,,SCHEDULED
2026-09-12T00:18:06.824632+00:00,1285179,023,1316,59,0,1789172443,,,SCHEDULED
2026-09-12T00:18:06.824632+00:00,1285179,023,1317,60,0,1789172491,,,SCHEDULED
2026-09-12T00:18:06.824632+00:00,1285179,023,1318,61,0,1789172538,,,SCHEDULED
2026-09-12T00:18:06.824632+00:00,1285179,023,2807,62,0,1789172634,,,SCHEDULED
2026-09-12T00:18:06.824632+00:00,1285453,026,3123,51,0,1789172201,,,SCHEDULED
2026-09-12T00:18:06.824632+00:00,1285453,026,3124,52,0,1789172290,,,SCHEDULED
2026-09-12T00:18:06.824632+00:00,1285178,023,1461,15,0,1789172272,,,SCHEDULED
2026-09-12T00:18:06.824632+00:00,1285178,023,1462,16,0,1789172309,,,SCHEDULED
2026-09-12T00:18:06.824632+00:00,1285178,023,1463,17,0,1789172387,,,SCHEDULED
2026-09-12T00:18:06.824632+00:00,1285178,023,1464,18,0,1789172432,,,SCHEDULED
2026-09-12T00:18:06.824632+00:00,1285178,023,1465,19,0,1789172469,,,SCHEDULED
2026-09-12T00:18:06.824632+00:00,1285178,023,1466,20,0,1789172497,,,SCHEDULED
2026-09-12T00:18:06.824632+00:00,1285178,023,1467,21,0,1789172534,,,SCHEDULED
2026-09-12T00:18:06.824632+00:00,1285178,023,1468,22,0,1789172567,,,SCHEDULED
2026-09-12T00:18:06.824632+00:00,1285178,023,1469,23,0,1789172612,,,SCHEDULED
2026-09-12T00:18:06.824632+00:00,1285178,023,1470,24,0,1789172649,,,SCHEDULED
2026-09-12T00:18:06.824632+00:00,1285178,023,1471,25,0,1789172698,,,SCHEDULED
2026-09-12T00:18:06.824632+00:00,1285178,023,1473,26,0,1789172773,,,SCHEDULED
2026-09-12T00:18:06.824632+00:00,1285178,023,1474,27,0,1789172790,,,SCHEDULED
2026-09-12T00:18:06.824632+00:00,1285178,023,1475,28,0,1789172825,,,SCHEDULED
2026-09-12T00:18:06.824632+00:00,1285178,023,1476,29,0,1789172864,,,SCHEDULED
2026-09-12T00:18:06.824632+00:00,1285178,023,1477,30,0,1789172918,,,SCHEDULED
2026-09-12T00:18:06.824632+00:00,1285178,023,1478,31,0,1789172949,,,SCHEDULED
2026-09-12T00:18:06.824632+00:00,1285178,023,1181,32,0,1789172993,,,SCHEDULED
2026-09-12T00:18:06.824632+00:00,1285178,023,1182,33,0,1789173045,,,SCHEDULED
2026-09-12T00:18:06.824632+00:00,1285178,023,1481,34,0,1789173092,,,SCHEDULED
2026-09-12T00:18:06.824632+00:00,1285178,023,1482,35,0,1789173120,,,SCHEDULED
2026-09-12T00:18:06.824632+00:00,1285178,023,1483,36,0,1789173164,,,SCHEDULED
2026-09-12T00:18:06.824632+00:00,1285178,023,1484,37,0,1789173208,,,SCHEDULED
2026-09-12T00:18:06.824632+00:00,1285178,023,1485,38,0,1789173264,,,SCHEDULED
2026-09-12T00:18:06.824632+00:00,1285178,023,1486,39,0,1789173298,,,SCHEDULED
2026-09-12T00:18:06.824632+00:00,1285178,023,1488,40,0,1789173399,,,SCHEDULED
2026-09-12T00:18:06.824632+00:00,1285178,023,1489,41,0,1789173445,,,SCHEDULED
2026-09-12T00:18:06.824632+00:00,1285178,023,1490,42,0,1789173492,,,SCHEDULED
2026-09-12T00:18:06.824632+00:00,1285178,023,453,43,0,1789173546,,,SCHEDULED
2026-09-12T00:18:06.824632+00:00,1285178,023,1492,44,0,1789173579,,,SCHEDULED
2026-09-12T00:18:06.824632+00:00,1285178,023,1493,45,0,1789173703,,,SCHEDULED
2026-09-12T00:18:06.824632+00:00,1285178,023,1494,46,0,1789173744,,,SCHEDULED
2026-09-12T00:18:06.824632+00:00,1285178,023,1495,47,0,1789173812,,,SCHEDULED
2026-09-12T00:18:06.824632+00:00,1285178,023,5364,48,0,1789173837,,,SCHEDULED
2026-09-12T00:18:06.824632+00:00,1285178,023,1497,49,0,1789173902,,,SCHEDULED
2026-09-12T00:18:06.824632+00:00,1284364,011,131,31,0,1789172271,,,SCHEDULED
2026-09-12T00:18:06.824632+00:00,1284364,011,132,32,0,1789172299,,,SCHEDULED
2026-09-12T00:18:06.824632+00:00,1284364,011,133,33,0,1789172339,,,SCHEDULED
2026-09-12T00:18:06.824632+00:00,1284364,011,981,34,0,1789172449,,,SCHEDULED
2026-09-12T00:18:06.824632+00:00,1284364,011,983,35,0,1789172512,,,SCHEDULED
2026-09-12T00:18:06.824632+00:00,1284364,011,984,36,0,1789172543,,,SCHEDULED
2026-09-12T00:18:06.824632+00:00,1284364,011,985,37,0,1789172566,,,SCHEDULED
2026-09-12T00:18:06.824632+00:00,1284364,011,986,38,0,1789172603,,,SCHEDULED
2026-09-12T00:18:06.824632+00:00,1284364,011,987,39,0,1789172734,,,SCHEDULED
2026-09-12T00:18:06.824632+00:00,1284364,011,8315,40,0,1789172886,,,SCHEDULED
2026-09-12T00:18:06.824632+00:00,1284364,011,2234,41,0,1789173001,,,SCHEDULED
2026-09-12T00:18:06.824632+00:00,1284364,011,2502,42,0,1789173090,,,SCHEDULED
2026-09-12T00:18:06.824632+00:00,1284364,011,2503,43,0,1789173140,,,SCHEDULED
2026-09-12T00:18:06.824632+00:00,1287235,081,1600,2,0,1789172333,,,SCHEDULED
2026-09-12T00:18:06.824632+00:00,1287235,081,1602,3,0,1789172410,,,SCHEDULED
2026-09-12T00:18:06.824632+00:00,1287235,081,1603,4,0,1789172449,,,SCHEDULED
2026-09-12T00:18:06.824632+00:00,1287235,081,1604,5,0,1789172507,,,SCHEDULED
2026-09-12T00:18:06.824632+00:00,1287235,081,1605,6,0,1789172575,,,SCHEDULED
2026-09-12T00:18:06.824632+00:00,1287235,081,1606,7,0,1789172652,,,SCHEDULED
2026-09-12T00:18:06.824632+00:00,1287235,081,1607,8,0,1789172798,,,SCHEDULED
2026-09-12T00:18:06.824632+00:00,1287235,081,1608,9,0,1789172862,,,SCHEDULED
2026-09-12T00:18:06.824632+00:00,1287235,081,1609,10,0,1789172906,,,SCHEDULED
2026-09-12T00:18:06.824632+00:00,1287235,081,1610,11,0,1789172973,,,SCHEDULED
2026-09-12T00:18:06.824632+00:00,1287235,081,1611,12,0,1789173146,,,SCHEDULED
2026-09-12T00:18:06.824632+00:00,1287235,081,1612,13,0,1789173218,,,SCHEDULED
2026-09-12T00:18:06.824632+00:00,1287235,081,1613,14,0,1789173317,,,SCHEDULED
2026-09-12T00:18:06.824632+00:00,1287235,081,2311,15,0,1789173366,,,SCHEDULED
2026-09-12T00:18:06.824632+00:00,1287235,081,2312,16,0,1789173559,,,SCHEDULED
2026-09-12T00:18:06.824632+00:00,1287235,081,2313,17,0,1789173617,,,SCHEDULED
2026-09-12T00:18:06.824632+00:00,1287235,081,2314,18,0,1789173700,,,SCHEDULED
2026-09-12T00:18:06.824632+00:00,1287235,081,2315,19,0,1789173793,,,SCHEDULED
2026-09-12T00:18:06.824632+00:00,1287235,081,5203,20,0,1789173938,,,SCHEDULED
2026-09-12T00:18:06.824632+00:00,1287235,081,2317,21,0,1789174059,,,SCHEDULED
2026-09-12T00:18:06.824632+00:00,1287236,081,1612,13,0,1789172302,,,SCHEDULED
2026-09-12T00:18:06.824632+00:00,1287236,081,1613,14,0,1789172401,,,SCHEDULED
2026-09-12T00:18:06.824632+00:00,1287236,081,2311,15,0,1789172450,,,SCHEDULED
2026-09-12T00:18:06.824632+00:00,1287236,081,2312,16,0,1789172643,,,SCHEDULED
2026-09-12T00:18:06.824632+00:00,1287236,081,2313,17,0,1789172701,,,SCHEDULED
2026-09-12T00:18:06.824632+00:00,1287236,081,2314,18,0,1789172784,,,SCHEDULED
2026-09-12T00:18:06.824632+00:00,1287236,081,2315,19,0,1789172877,,,SCHEDULED
2026-09-12T00:18:06.824632+00:00,1287236,081,5203,20,0,1789173022,,,SCHEDULED
2026-09-12T00:18:06.824632+00:00,1287236,081,2317,21,0,1789173143,,,SCHEDULED
2026-09-12T00:18:06.824632+00:00,1287236,081,2318,22,0,1789173235,,,SCHEDULED
2026-09-12T00:18:06.824632+00:00,1287236,081,2319,23,0,1789173303,,,SCHEDULED
2026-09-12T00:18:06.824632+00:00,1287236,081,2320,24,0,1789173342,,,SCHEDULED
2026-09-12T00:18:06.824632+00:00,1287236,081,2321,25,0,1789173429,,,SCHEDULED
2026-09-12T00:18:06.824632+00:00,1287236,081,2322,26,0,1789173502,,,SCHEDULED
2026-09-12T00:18:06.824632+00:00,1287236,081,2323,27,0,1789173559,,,SCHEDULED
2026-09-12T00:18:06.824632+00:00,1287236,081,2324,28,0,1789173623,,,SCHEDULED
2026-09-12T00:18:06.824632+00:00,1287236,081,2325,29,0,1789173677,,,SCHEDULED
2026-09-12T00:18:06.824632+00:00,1287236,081,2326,30,0,1789173742,,,SCHEDULED
2026-09-12T00:18:06.824632+00:00,1287236,081,2328,31,0,1789173834,,,SCHEDULED
2026-09-12T00:18:06.824632+00:00,1287236,081,2329,32,0,1789173888,,,SCHEDULED
2026-09-12T00:18:06.824632+00:00,1287236,081,2330,33,0,1789173947,,,SCHEDULED
2026-09-12T00:18:06.824632+00:00,1287236,081,4811,34,0,1789174007,,,SCHEDULED
2026-09-12T00:18:06.824632+00:00,1287236,081,4810,35,0,1789174053,,,SCHEDULED
2026-09-12T00:18:06.824632+00:00,1287516,084,1155,18,0,1789172290,,,SCHEDULED
2026-09-12T00:18:06.824632+00:00,1287516,084,1156,19,0,1789172345,,,SCHEDULED
2026-09-12T00:18:06.824632+00:00,1287516,084,1674,20,0,1789172410,,,SCHEDULED
2026-09-12T00:18:06.824632+00:00,1287516,084,1675,21,0,1789172455,,,SCHEDULED
2026-09-12T00:18:06.824632+00:00,1287516,084,1677,22,0,1789172511,,,SCHEDULED
2026-09-12T00:18:06.824632+00:00,1287516,084,1127,23,0,1789172551,,,SCHEDULED
2026-09-12T00:18:06.824632+00:00,1287516,084,1128,24,0,1789172600,,,SCHEDULED
2026-09-12T00:18:06.824632+00:00,1287516,084,1129,25,0,1789172685,,,SCHEDULED
2026-09-12T00:18:06.824632+00:00,1287516,084,1130,26,0,1789172750,,,SCHEDULED
2026-09-12T00:18:06.824632+00:00,1287516,084,1131,27,0,1789172823,,,SCHEDULED
2026-09-12T00:18:06.824632+00:00,1287516,084,3089,28,0,1789172896,,,SCHEDULED
2026-09-12T00:18:06.824632+00:00,1287516,084,3090,29,0,1789172978,,,SCHEDULED
2026-09-12T00:18:06.824632+00:00,1287516,084,3091,30,0,1789173108,,,SCHEDULED
2026-09-12T00:18:06.824632+00:00,1287516,084,3092,31,0,1789173205,,,SCHEDULED
2026-09-12T00:18:06.824632+00:00,1287516,084,3093,32,0,1789173311,,,SCHEDULED
2026-09-12T00:18:06.824632+00:00,1287516,084,3094,33,0,1789173363,,,SCHEDULED
2026-09-12T00:18:06.824632+00:00,1287516,084,3095,34,0,1789173449,,,SCHEDULED
2026-09-12T00:18:06.824632+00:00,1287516,084,3096,35,0,1789173575,,,SCHEDULED
2026-09-12T00:18:06.824632+00:00,1287516,084,3097,36,0,1789173668,,,SCHEDULED
2026-09-12T00:18:06.824632+00:00,1287516,084,3098,37,0,1789173766,,,SCHEDULED
2026-09-12T00:18:06.824632+00:00,1287516,084,9800,38,0,1789173831,,,SCHEDULED
2026-09-12T00:18:06.824632+00:00,1287516,084,3099,39,0,1789173926,,,SCHEDULED
2026-09-12T00:18:06.824632+00:00,1287516,084,3100,40,0,1789173970,,,SCHEDULED
2026-09-12T00:18:06.824632+00:00,1287516,084,3101,41,0,1789174006,,,SCHEDULED
2026-09-12T00:18:06.824632+00:00,1287517,084,3098,37,0,1789172300,,,SCHEDULED
2026-09-12T00:18:06.824632+00:00,1287517,084,9800,38,0,1789172365,,,SCHEDULED
2026-09-12T00:18:06.824632+00:00,1287517,084,3099,39,0,1789172460,,,SCHEDULED
2026-09-12T00:18:06.824632+00:00,1287517,084,3100,40,0,1789172504,,,SCHEDULED
2026-09-12T00:18:06.824632+00:00,1287517,084,3101,41,0,1789172540,,,SCHEDULED
2026-09-12T00:18:06.824632+00:00,1287517,084,3102,42,0,1789172569,,,SCHEDULED
2026-09-12T00:18:06.824632+00:00,1287517,084,3103,43,0,1789172656,,,SCHEDULED
2026-09-12T00:18:06.824632+00:00,1287517,084,3104,44,0,1789172694,,,SCHEDULED
2026-09-12T00:18:06.824632+00:00,1287517,084,3106,45,0,1789172754,,,SCHEDULED
2026-09-12T00:18:06.824632+00:00,1287517,084,3107,46,0,1789172786,,,SCHEDULED
2026-09-12T00:18:06.824632+00:00,1287517,084,3108,47,0,1789172828,,,SCHEDULED
2026-09-12T00:18:06.824632+00:00,1287517,084,3109,48,0,1789172875,,,SCHEDULED
2026-09-12T00:18:06.824632+00:00,1287517,084,3110,49,0,1789172923,,,SCHEDULED
2026-09-12T00:18:06.824632+00:00,1287517,084,3769,50,0,1789172965,,,SCHEDULED
2026-09-12T00:18:06.824632+00:00,1287517,084,3770,51,0,1789173013,,,SCHEDULED
2026-09-12T00:18:06.824632+00:00,1287517,084,3771,52,0,1789173046,,,SCHEDULED
2026-09-12T00:18:06.824632+00:00,1287517,084,3772,53,0,1789173090,,,SCHEDULED
2026-09-12T00:18:06.824632+00:00,1287517,084,3773,54,0,1789173141,,,SCHEDULED
2026-09-12T00:18:06.824632+00:00,1287517,084,3774,55,0,1789173187,,,SCHEDULED
2026-09-12T00:18:06.824632+00:00,1287517,084,3775,56,0,1789173217,,,SCHEDULED
2026-09-12T00:18:06.824632+00:00,1287517,084,3776,57,0,1789173256,,,SCHEDULED
2026-09-12T00:18:06.824632+00:00,1287517,084,3777,58,0,1789173378,,,SCHEDULED
2026-09-12T00:18:06.824632+00:00,1287517,084,3778,59,0,1789173439,,,SCHEDULED
2026-09-12T00:18:06.824632+00:00,1287517,084,3780,60,0,1789173521,,,SCHEDULED
2026-09-12T00:18:06.824632+00:00,1287517,084,1688,61,0,1789173562,,,SCHEDULED
2026-09-12T00:18:06.824632+00:00,1287517,084,1687,62,0,1789173654,,,SCHEDULED
2026-09-12T00:18:06.824632+00:00,1287517,084,265,63,0,1789173756,,,SCHEDULED
2026-09-12T00:18:06.824632+00:00,1287517,084,4731,64,0,1789173879,,,SCHEDULED
2026-09-12T00:18:06.824632+00:00,1287517,084,1303,65,0,1789173917,,,SCHEDULED
2026-09-12T00:18:06.824632+00:00,1287517,084,1291,66,0,1789174009,,,SCHEDULED
2026-09-12T00:18:06.824632+00:00,1287515,084,9817,1,,,0,1789172760,SCHEDULED
2026-09-12T00:18:06.824632+00:00,1287515,084,2755,2,0,1789172875,,,SCHEDULED
2026-09-12T00:18:06.824632+00:00,1287515,084,2756,3,0,1789172947,,,SCHEDULED
2026-09-12T00:18:06.824632+00:00,1287515,084,2757,4,0,1789173020,,,SCHEDULED
2026-09-12T00:18:06.824632+00:00,1287515,084,2954,5,0,1789173130,,,SCHEDULED
2026-09-12T00:18:06.824632+00:00,1287515,084,2955,6,0,1789173189,,,SCHEDULED
2026-09-12T00:18:06.824632+00:00,1287515,084,2956,7,0,1789173232,,,SCHEDULED
2026-09-12T00:18:06.824632+00:00,1287515,084,2957,8,0,1789173264,,,SCHEDULED
2026-09-12T00:18:06.824632+00:00,1287515,084,2958,9,0,1789173307,,,SCHEDULED
2026-09-12T00:18:06.824632+00:00,1287515,084,2959,10,0,1789173347,,,SCHEDULED
2026-09-12T00:18:06.824632+00:00,1287515,084,2960,11,0,1789173385,,,SCHEDULED
2026-09-12T00:18:06.824632+00:00,1287515,084,2961,12,0,1789173420,,,SCHEDULED
2026-09-12T00:18:06.824632+00:00,1287515,084,2962,13,0,1789173636,,,SCHEDULED
2026-09-12T00:18:06.824632+00:00,1287515,084,2963,14,0,1789173730,,,SCHEDULED
2026-09-12T00:18:06.824632+00:00,1287515,084,2964,15,0,1789173815,,,SCHEDULED
2026-09-12T00:18:06.824632+00:00,1287515,084,2965,16,0,1789173878,,,SCHEDULED
2026-09-12T00:18:06.824632+00:00,1287515,084,2966,17,0,1789173941,,,SCHEDULED
2026-09-12T00:18:06.824632+00:00,1287515,084,1155,18,0,1789174020,,,SCHEDULED
2026-09-12T00:18:06.824632+00:00,1285734,033,536,1,,,0,1789173840,SCHEDULED
2026-09-12T00:18:06.824632+00:00,1285734,033,537,2,0,1789173997,,,SCHEDULED
2026-09-12T00:18:06.824632+00:00,1287071,078,2741,4,0,1789172298,,,SCHEDULED
2026-09-12T00:18:06.824632+00:00,1287071,078,2742,5,0,1789172355,,,SCHEDULED
2026-09-12T00:18:06.824632+00:00,1287071,078,2743,6,0,1789172479,,,SCHEDULED
2026-09-12T00:18:06.824632+00:00,1287071,078,2744,7,0,1789172593,,,SCHEDULED
2026-09-12T00:18:06.824632+00:00,1287071,078,2745,8,0,1789172682,,,SCHEDULED
2026-09-12T00:18:06.824632+00:00,1287070,078,336,1,,,0,1789173943,SCHEDULED
2026-09-12T00:18:06.824632+00:00,1287070,078,2739,2,0,1789174011,,,SCHEDULED
2026-09-12T00:18:06.824632+00:00,1287070,078,2740,3,0,1789174064,,,SCHEDULED
2026-09-12T00:18:06.824632+00:00,1288440,177,658,1,,,0,1789172640,SCHEDULED
2026-09-12T00:18:06.824632+00:00,1288440,177,832,2,0,1789172774,,,SCHEDULED
2026-09-12T00:18:06.824632+00:00,1288440,177,3845,3,0,1789172801,,,SCHEDULED
2026-09-12T00:18:06.824632+00:00,1288440,177,795,4,0,1789172889,,,SCHEDULED
2026-09-12T00:18:06.824632+00:00,1285294,025,1057,1,,,0,1789173420,SCHEDULED
2026-09-12T00:18:06.824632+00:00,1285294,025,3332,2,0,1789173513,,,SCHEDULED
2026-09-12T00:18:06.824632+00:00,1285294,025,3333,3,0,1789173614,,,SCHEDULED
2026-09-12T00:18:06.824632+00:00,1285294,025,3334,4,0,1789173681,,,SCHEDULED
2026-09-12T00:18:06.824632+00:00,1285294,025,3335,5,0,1789173729,,,SCHEDULED
2026-09-12T00:18:06.824632+00:00,1285294,025,3336,6,0,1789173787,,,SCHEDULED
2026-09-12T00:18:06.824632+00:00,1285294,025,3337,7,0,1789173835,,,SCHEDULED
2026-09-12T00:18:06.824632+00:00,1285294,025,3338,8,0,1789173876,,,SCHEDULED
2026-09-12T00:18:06.824632+00:00,1285294,025,3339,9,0,1789173900,,,SCHEDULED
2026-09-12T00:18:06.824632+00:00,1285294,025,753,10,0,1789173927,,,SCHEDULED
2026-09-12T00:18:06.824632+00:00,1285294,025,3340,11,0,1789173948,,,SCHEDULED
2026-09-12T00:18:06.824632+00:00,1285294,025,3341,12,0,1789173984,,,SCHEDULED
2026-09-12T00:18:06.824632+00:00,1285582,030,1729,18,0,1789172279,,,SCHEDULED
2026-09-12T00:18:06.824632+00:00,1285582,030,1730,19,0,1789172313,,,SCHEDULED
2026-09-12T00:18:06.824632+00:00,1285582,030,1732,20,0,1789172358,,,SCHEDULED
2026-09-12T00:18:06.824632+00:00,1285582,030,1734,21,0,1789172425,,,SCHEDULED
2026-09-12T00:18:06.824632+00:00,1285582,030,1735,22,0,1789172447,,,SCHEDULED
2026-09-12T00:18:06.824632+00:00,1285582,030,1736,23,0,1789172476,,,SCHEDULED
2026-09-12T00:18:06.824632+00:00,1285582,030,1737,24,0,1789172504,,,SCHEDULED
2026-09-12T00:18:06.824632+00:00,1285582,030,1739,25,0,1789172580,,,SCHEDULED
2026-09-12T00:18:06.824632+00:00,1288212,124,627,24,0,1789172274,,,SCHEDULED
2026-09-12T00:18:06.824632+00:00,1288212,124,1322,25,0,1789172311,,,SCHEDULED
2026-09-12T00:18:06.824632+00:00,1288212,124,1323,26,0,1789172355,,,SCHEDULED
2026-09-12T00:18:06.824632+00:00,1288212,124,1324,27,0,1789172406,,,SCHEDULED
2026-09-12T00:18:06.824632+00:00,1288212,124,1325,28,0,1789172465,,,SCHEDULED
2026-09-12T00:18:06.824632+00:00,1288212,124,1326,29,0,1789172516,,,SCHEDULED
2026-09-12T00:18:06.824632+00:00,1288212,124,1327,30,0,1789172558,,,SCHEDULED
2026-09-12T00:18:06.824632+00:00,1288212,124,3456,31,0,1789172644,,,SCHEDULED
2026-09-12T00:18:06.824632+00:00,1288212,124,5359,32,0,1789172695,,,SCHEDULED
2026-09-12T00:18:06.824632+00:00,1288212,124,3457,33,0,1789172746,,,SCHEDULED
2026-09-12T00:18:06.824632+00:00,1288212,124,3282,34,0,1789172830,,,SCHEDULED
2026-09-12T00:18:06.824632+00:00,1288212,124,3283,35,0,1789172881,,,SCHEDULED
2026-09-12T00:18:06.824632+00:00,1288212,124,3285,36,0,1789172984,,,SCHEDULED
2026-09-12T00:18:06.824632+00:00,1288212,124,3286,37,0,1789173035,,,SCHEDULED
2026-09-12T00:18:06.824632+00:00,1288212,124,3287,38,0,1789173133,,,SCHEDULED
2026-09-12T00:18:06.824632+00:00,1285581,030,282,1,,,0,1789172700,SCHEDULED
2026-09-12T00:18:06.824632+00:00,1285581,030,414,2,0,1789172951,,,SCHEDULED
2026-09-12T00:18:06.824632+00:00,1285581,030,415,3,0,1789173000,,,SCHEDULED
2026-09-12T00:18:06.824632+00:00,1285581,030,416,4,0,1789173033,,,SCHEDULED
2026-09-12T00:18:06.824632+00:00,1285581,030,418,5,0,1789173099,,,SCHEDULED
2026-09-12T00:18:06.824632+00:00,1285581,030,4763,6,0,1789173174,,,SCHEDULED
2026-09-12T00:18:06.824632+00:00,1285581,030,1716,7,0,1789173228,,,SCHEDULED
2026-09-12T00:18:06.824632+00:00,1285581,030,1717,8,0,1789173269,,,SCHEDULED
2026-09-12T00:18:06.824632+00:00,1285581,030,1718,9,0,1789173336,,,SCHEDULED
2026-09-12T00:18:06.824632+00:00,1285581,030,1720,10,0,1789173435,,,SCHEDULED
2026-09-12T00:18:06.824632+00:00,1285581,030,1721,11,0,1789173568,,,SCHEDULED
2026-09-12T00:18:06.824632+00:00,1285581,030,1722,12,0,1789173635,,,SCHEDULED
2026-09-12T00:18:06.824632+00:00,1285581,030,1723,13,0,1789173660,,,SCHEDULED
2026-09-12T00:18:06.824632+00:00,1285581,030,1725,14,0,1789173735,,,SCHEDULED
2026-09-12T00:18:06.824632+00:00,1285581,030,1726,15,0,1789173786,,,SCHEDULED
2026-09-12T00:18:06.824632+00:00,1285581,030,1727,16,0,1789173837,,,SCHEDULED
2026-09-12T00:18:06.824632+00:00,1285581,030,1728,17,0,1789173892,,,SCHEDULED
2026-09-12T00:18:06.824632+00:00,1285581,030,1729,18,0,1789173960,,,SCHEDULED
2026-09-12T00:18:06.824632+00:00,1285581,030,1730,19,0,1789173990,,,SCHEDULED
2026-09-12T00:18:06.824632+00:00,1288056,093,1069,1,,,0,1789173000,SCHEDULED
2026-09-12T00:18:06.824632+00:00,1288056,093,3332,2,0,1789173074,,,SCHEDULED
2026-09-12T00:18:06.824632+00:00,1288056,093,3333,3,0,1789173145,,,SCHEDULED
2026-09-12T00:18:06.824632+00:00,1288056,093,3334,4,0,1789173204,,,SCHEDULED
2026-09-12T00:18:06.824632+00:00,1288056,093,3335,5,0,1789173258,,,SCHEDULED
2026-09-12T00:18:06.824632+00:00,1288056,093,4655,6,0,1789173285,,,SCHEDULED
2026-09-12T00:18:06.824632+00:00,1288056,093,875,7,0,1789173347,,,SCHEDULED
2026-09-12T00:18:06.824632+00:00,1288056,093,5369,8,0,1789173428,,,SCHEDULED
2026-09-12T00:18:06.824632+00:00,1288056,093,4720,9,0,1789173534,,,SCHEDULED
2026-09-12T00:18:06.824632+00:00,1288056,093,4721,10,0,1789173588,,,SCHEDULED
2026-09-12T00:18:06.824632+00:00,1288056,093,4743,11,0,1789173660,,,SCHEDULED
2026-09-12T00:18:06.824632+00:00,1288056,093,1576,12,0,1789173754,,,SCHEDULED
2026-09-12T00:18:06.824632+00:00,1288056,093,3555,13,0,1789173989,,,SCHEDULED
2026-09-12T00:18:06.824632+00:00,1288211,124,4065,3,0,1789171999,,,SCHEDULED
2026-09-12T00:18:06.824632+00:00,1288211,124,837,4,0,1789172167,,,SCHEDULED
2026-09-12T00:18:06.824632+00:00,1288211,124,3811,5,0,1789172290,,,SCHEDULED
2026-09-12T00:18:06.824632+00:00,1288211,124,3812,6,0,1789172331,,,SCHEDULED
2026-09-12T00:18:06.824632+00:00,1288211,124,3813,7,0,1789172355,,,SCHEDULED
2026-09-12T00:18:06.824632+00:00,1288211,124,4068,8,0,1789172408,,,SCHEDULED
2026-09-12T00:18:06.824632+00:00,1288211,124,953,9,0,1789172479,,,SCHEDULED
2026-09-12T00:18:06.824632+00:00,1288211,124,951,10,0,1789172596,,,SCHEDULED
2026-09-12T00:18:06.824632+00:00,1288211,124,5289,11,0,1789172706,,,SCHEDULED
2026-09-12T00:18:06.824632+00:00,1288211,124,5285,12,0,1789172770,,,SCHEDULED
2026-09-12T00:18:06.824632+00:00,1288211,124,3026,13,0,1789173048,,,SCHEDULED
2026-09-12T00:18:06.824632+00:00,1288211,124,3027,14,0,1789173120,,,SCHEDULED
2026-09-12T00:18:06.824632+00:00,1288211,124,3028,15,0,1789173192,,,SCHEDULED
2026-09-12T00:18:06.824632+00:00,1288211,124,2798,16,0,1789173550,,,SCHEDULED
2026-09-12T00:18:06.824632+00:00,1288211,124,2799,17,0,1789173579,,,SCHEDULED
2026-09-12T00:18:06.824632+00:00,1288211,124,2800,18,0,1789173652,,,SCHEDULED
2026-09-12T00:18:06.824632+00:00,1288211,124,3273,19,0,1789173690,,,SCHEDULED
2026-09-12T00:18:06.824632+00:00,1288211,124,3040,20,0,1789173787,,,SCHEDULED
2026-09-12T00:18:06.824632+00:00,1288211,124,4775,21,0,1789173853,,,SCHEDULED
2026-09-12T00:18:06.824632+00:00,1288211,124,3042,22,0,1789173889,,,SCHEDULED
2026-09-12T00:18:06.824632+00:00,1288210,124,9921,1,,,0,1789173780,SCHEDULED
2026-09-12T00:18:06.824632+00:00,1288057,093,3332,2,0,1789172342,,,SCHEDULED
2026-09-12T00:18:06.824632+00:00,1288057,093,3333,3,0,1789172413,,,SCHEDULED
2026-09-12T00:18:06.824632+00:00,1288057,093,3334,4,0,1789172472,,,SCHEDULED
2026-09-12T00:18:06.824632+00:00,1288057,093,3335,5,0,1789172526,,,SCHEDULED
2026-09-12T00:18:06.824632+00:00,1288057,093,4655,6,0,1789172553,,,SCHEDULED
2026-09-12T00:18:06.824632+00:00,1288057,093,875,7,0,1789172615,,,SCHEDULED
2026-09-12T00:18:06.824632+00:00,1288057,093,5369,8,0,1789172696,,,SCHEDULED
2026-09-12T00:18:06.824632+00:00,1288057,093,4720,9,0,1789172802,,,SCHEDULED
2026-09-12T00:18:06.824632+00:00,1288057,093,4721,10,0,1789172856,,,SCHEDULED
2026-09-12T00:18:06.824632+00:00,1288057,093,4743,11,0,1789172928,,,SCHEDULED
2026-09-12T00:18:06.824632+00:00,1288057,093,1576,12,0,1789173022,,,SCHEDULED
2026-09-12T00:18:06.824632+00:00,1288057,093,3555,13,0,1789173257,,,SCHEDULED
2026-09-12T00:18:06.824632+00:00,1288057,093,3556,14,0,1789173298,,,SCHEDULED
2026-09-12T00:18:06.824632+00:00,1288057,093,3557,15,0,1789173348,,,SCHEDULED
2026-09-12T00:18:06.824632+00:00,1288057,093,3540,16,0,1789173408,,,SCHEDULED
2026-09-12T00:18:06.824632+00:00,1288057,093,3541,17,0,1789173445,,,SCHEDULED
2026-09-12T00:18:06.824632+00:00,1288057,093,3542,18,0,1789173469,,,SCHEDULED
2026-09-12T00:18:06.824632+00:00,1288057,093,3543,19,0,1789173504,,,SCHEDULED
2026-09-12T00:18:06.824632+00:00,1288057,093,3544,20,0,1789173540,,,SCHEDULED
2026-09-12T00:18:06.824632+00:00,1288057,093,3545,21,0,1789173582,,,SCHEDULED
2026-09-12T00:18:06.824632+00:00,1288057,093,3547,22,0,1789173672,,,SCHEDULED
2026-09-12T00:18:06.824632+00:00,1288057,093,3548,23,0,1789173723,,,SCHEDULED
2026-09-12T00:18:06.824632+00:00,1288057,093,3549,24,0,1789173761,,,SCHEDULED
2026-09-12T00:18:06.824632+00:00,1288057,093,3550,25,0,1789173808,,,SCHEDULED
2026-09-12T00:18:06.824632+00:00,1288057,093,3551,26,0,1789173856,,,SCHEDULED
2026-09-12T00:18:06.824632+00:00,1288057,093,3552,27,0,1789173903,,,SCHEDULED
2026-09-12T00:18:06.824632+00:00,1288057,093,3508,28,0,1789173948,,,SCHEDULED
2026-09-12T00:18:06.824632+00:00,1288057,093,3509,29,0,1789173997,,,SCHEDULED
2026-09-12T00:18:06.824632+00:00,1288057,093,3510,30,0,1789174054,,,SCHEDULED
2026-09-12T00:18:06.824632+00:00,1288217,129,536,9,0,1789172292,,,SCHEDULED
2026-09-12T00:18:06.824632+00:00,1288217,129,1099,10,0,1789173215,,,SCHEDULED
2026-09-12T00:18:06.824632+00:00,1288217,129,1100,11,0,1789173358,,,SCHEDULED
2026-09-12T00:18:06.824632+00:00,1288217,129,1101,12,0,1789173455,,,SCHEDULED
2026-09-12T00:18:06.824632+00:00,1288217,129,1102,13,0,1789173538,,,SCHEDULED
2026-09-12T00:18:06.824632+00:00,1288217,129,1103,14,0,1789173630,,,SCHEDULED
2026-09-12T00:18:06.824632+00:00,1288217,129,1104,15,0,1789173718,,,SCHEDULED
2026-09-12T00:18:06.824632+00:00,1288217,129,1105,16,0,1789173815,,,SCHEDULED
2026-09-12T00:18:06.824632+00:00,1288217,129,1106,17,0,1789173899,,,SCHEDULED
2026-09-12T00:18:06.824632+00:00,1288217,129,1107,18,0,1789173947,,,SCHEDULED
2026-09-12T00:18:06.824632+00:00,1288217,129,1108,19,0,1789174001,,,SCHEDULED
2026-09-12T00:18:06.824632+00:00,1288217,129,1109,20,0,1789174055,,,SCHEDULED
2026-09-12T00:18:06.824632+00:00,1288216,129,1116,27,0,1789172163,,,SCHEDULED
2026-09-12T00:18:06.824632+00:00,1288216,129,1175,28,0,1789172186,,,SCHEDULED
2026-09-12T00:18:06.824632+00:00,1288216,129,1176,29,0,1789172217,,,SCHEDULED
2026-09-12T00:18:06.824632+00:00,1288216,129,1177,30,0,1789172239,,,SCHEDULED
2026-09-12T00:18:06.824632+00:00,1288216,129,1178,31,0,1789172263,,,SCHEDULED
2026-09-12T00:18:06.824632+00:00,1288216,129,1180,32,0,1789172285,,,SCHEDULED
2026-09-12T00:18:06.824632+00:00,1288216,129,1183,33,0,1789172331,,,SCHEDULED
2026-09-12T00:18:06.824632+00:00,1288216,129,1181,34,0,1789172363,,,SCHEDULED
2026-09-12T00:18:06.824632+00:00,1288216,129,1182,35,0,1789172409,,,SCHEDULED
2026-09-12T00:18:06.824632+00:00,1288216,129,1284,36,0,1789172465,,,SCHEDULED
2026-09-12T00:18:06.824632+00:00,1288216,129,1286,37,0,1789172575,,,SCHEDULED
2026-09-12T00:18:06.824632+00:00,1288216,129,1287,38,0,1789172607,,,SCHEDULED
2026-09-12T00:18:06.824632+00:00,1288216,129,1288,39,0,1789172653,,,SCHEDULED
2026-09-12T00:18:06.824632+00:00,1288216,129,1289,40,0,1789172712,,,SCHEDULED
2026-09-12T00:18:06.824632+00:00,1288216,129,1290,41,0,1789172760,,,SCHEDULED
2026-09-12T00:18:06.824632+00:00,1288216,129,1292,42,0,1789172825,,,SCHEDULED
2026-09-12T00:18:06.824632+00:00,1288216,129,1293,43,0,1789172868,,,SCHEDULED
2026-09-12T00:18:06.824632+00:00,1288216,129,1294,44,0,1789172919,,,SCHEDULED
2026-09-12T00:18:06.824632+00:00,1288216,129,1295,45,0,1789172960,,,SCHEDULED
2026-09-12T00:18:06.824632+00:00,1288216,129,1296,46,0,1789173019,,,SCHEDULED
2026-09-12T00:18:06.824632+00:00,1288216,129,1298,47,0,1789173070,,,SCHEDULED
2026-09-12T00:18:06.824632+00:00,1288216,129,1299,48,0,1789173131,,,SCHEDULED
2026-09-12T00:18:06.824632+00:00,1288216,129,1300,49,0,1789173172,,,SCHEDULED
2026-09-12T00:18:06.824632+00:00,1288216,129,1301,50,0,1789173205,,,SCHEDULED
2026-09-12T00:18:06.824632+00:00,1288216,129,1302,51,0,1789173261,,,SCHEDULED
2026-09-12T00:18:06.824632+00:00,1286317,061,3131,1,,,0,1789173840,SCHEDULED
2026-09-12T00:18:06.824632+00:00,1286317,061,1860,2,0,1789173899,,,SCHEDULED
2026-09-12T00:18:06.824632+00:00,1286317,061,1861,3,0,1789173930,,,SCHEDULED
2026-09-12T00:18:06.824632+00:00,1286317,061,1862,4,0,1789173999,,,SCHEDULED
2026-09-12T00:18:06.824632+00:00,1286318,061,1863,5,0,1789172355,,,SCHEDULED
2026-09-12T00:18:06.824632+00:00,1286318,061,1864,6,0,1789172480,,,SCHEDULED
2026-09-12T00:18:06.824632+00:00,1286318,061,1865,7,0,1789172521,,,SCHEDULED
2026-09-12T00:18:06.824632+00:00,1286318,061,1866,8,0,1789172552,,,SCHEDULED
2026-09-12T00:18:06.824632+00:00,1286318,061,1867,9,0,1789172602,,,SCHEDULED
2026-09-12T00:18:06.824632+00:00,1286318,061,1868,10,0,1789172649,,,SCHEDULED
2026-09-12T00:18:06.824632+00:00,1286318,061,1870,11,0,1789172696,,,SCHEDULED
2026-09-12T00:18:06.824632+00:00,1286318,061,1871,12,0,1789172729,,,SCHEDULED
2026-09-12T00:18:06.824632+00:00,1286318,061,1872,13,0,1789172743,,,SCHEDULED
2026-09-12T00:18:06.824632+00:00,1286318,061,1873,14,0,1789172785,,,SCHEDULED
2026-09-12T00:18:06.824632+00:00,1286318,061,1874,15,0,1789172841,,,SCHEDULED
2026-09-12T00:18:06.824632+00:00,1286318,061,1875,16,0,1789172883,,,SCHEDULED
2026-09-12T00:18:06.824632+00:00,1286318,061,1876,17,0,1789172918,,,SCHEDULED
2026-09-12T00:18:06.824632+00:00,1286318,061,1877,18,0,1789172960,,,SCHEDULED
2026-09-12T00:18:06.824632+00:00,1286318,061,1878,19,0,1789173028,,,SCHEDULED
2026-09-12T00:18:06.824632+00:00,1286318,061,1879,20,0,1789173063,,,SCHEDULED
2026-09-12T00:18:06.824632+00:00,1286318,061,2201,21,0,1789173129,,,SCHEDULED
2026-09-12T00:18:06.824632+00:00,1286318,061,2202,22,0,1789173164,,,SCHEDULED
2026-09-12T00:18:06.824632+00:00,1286318,061,2203,23,0,1789173197,,,SCHEDULED
2026-09-12T00:18:06.824632+00:00,1286318,061,2204,24,0,1789173232,,,SCHEDULED
2026-09-12T00:18:06.824632+00:00,1286318,061,2205,25,0,1789173271,,,SCHEDULED
2026-09-12T00:18:06.824632+00:00,1286318,061,2206,26,0,1789173300,,,SCHEDULED
2026-09-12T00:18:06.824632+00:00,1286318,061,2200,27,0,1789173333,,,SCHEDULED
2026-09-12T00:18:06.824632+00:00,1286318,061,2207,28,0,1789173385,,,SCHEDULED
2026-09-12T00:18:06.824632+00:00,1286318,061,2208,29,0,1789173407,,,SCHEDULED
2026-09-12T00:18:06.824632+00:00,1286318,061,2209,30,0,1789173443,,,SCHEDULED
2026-09-12T00:18:06.824632+00:00,1286318,061,2210,31,0,1789173472,,,SCHEDULED
2026-09-12T00:18:06.824632+00:00,1286318,061,2211,32,0,1789173511,,,SCHEDULED
2026-09-12T00:18:06.824632+00:00,1286318,061,2212,33,0,1789173534,,,SCHEDULED
2026-09-12T00:18:06.824632+00:00,1286318,061,2213,34,0,1789173563,,,SCHEDULED
2026-09-12T00:18:06.824632+00:00,1286318,061,2214,35,0,1789173609,,,SCHEDULED
2026-09-12T00:18:06.824632+00:00,1286318,061,2215,36,0,1789173674,,,SCHEDULED
2026-09-12T00:18:06.824632+00:00,1286318,061,2216,37,0,1789173728,,,SCHEDULED
2026-09-12T00:18:06.824632+00:00,1286318,061,2217,38,0,1789173781,,,SCHEDULED
2026-09-12T00:18:06.824632+00:00,1286318,061,2218,39,0,1789173828,,,SCHEDULED
2026-09-12T00:18:06.824632+00:00,1286318,061,2220,40,0,1789173881,,,SCHEDULED
2026-09-12T00:18:06.824632+00:00,1286318,061,2221,41,0,1789173988,,,SCHEDULED
2026-09-12T00:18:06.824632+00:00,1286318,061,2222,42,0,1789174016,,,SCHEDULED
2026-09-12T00:18:06.824632+00:00,1286318,061,2223,43,0,1789174063,,,SCHEDULED
2026-09-12T00:18:06.824632+00:00,1287921,088,9807,1,,,0,1789173660,SCHEDULED
2026-09-12T00:18:06.824632+00:00,1287921,088,284,2,0,1789173735,,,SCHEDULED
2026-09-12T00:18:06.824632+00:00,1287921,088,684,3,0,1789173776,,,SCHEDULED
2026-09-12T00:18:06.824632+00:00,1287921,088,685,4,0,1789173847,,,SCHEDULED
2026-09-12T00:18:06.824632+00:00,1287921,088,1400,5,0,1789173868,,,SCHEDULED
2026-09-12T00:18:06.824632+00:00,1287921,088,1401,6,0,1789173901,,,SCHEDULED
2026-09-12T00:18:06.824632+00:00,1287921,088,1402,7,0,1789173944,,,SCHEDULED
2026-09-12T00:18:06.824632+00:00,1285746,033,628,1,,,0,1789173240,SCHEDULED
2026-09-12T00:18:06.824632+00:00,1285746,033,5259,2,0,1789173401,,,SCHEDULED
2026-09-12T00:18:06.824632+00:00,1285746,033,5260,3,0,1789173456,,,SCHEDULED
2026-09-12T00:18:06.824632+00:00,1285746,033,5257,4,0,1789173482,,,SCHEDULED
2026-09-12T00:18:06.824632+00:00,1285746,033,5247,5,0,1789173660,,,SCHEDULED
2026-09-12T00:18:06.824632+00:00,1285900,051,1884,2,0,1789172274,,,SCHEDULED
2026-09-12T00:18:06.824632+00:00,1285900,051,1885,3,0,1789172362,,,SCHEDULED
2026-09-12T00:18:06.824632+00:00,1285900,051,1887,4,0,1789172452,,,SCHEDULED
2026-09-12T00:18:06.824632+00:00,1285900,051,1888,5,0,1789172488,,,SCHEDULED
2026-09-12T00:18:06.824632+00:00,1285900,051,1889,6,0,1789172562,,,SCHEDULED
2026-09-12T00:18:06.824632+00:00,1285900,051,1890,7,0,1789172614,,,SCHEDULED
2026-09-12T00:18:06.824632+00:00,1285900,051,1891,8,0,1789172666,,,SCHEDULED
2026-09-12T00:18:06.824632+00:00,1285900,051,1892,9,0,1789172734,,,SCHEDULED
2026-09-12T00:18:06.824632+00:00,1285900,051,1893,10,0,1789172767,,,SCHEDULED
2026-09-12T00:18:06.824632+00:00,1285900,051,1894,11,0,1789172814,,,SCHEDULED
2026-09-12T00:18:06.824632+00:00,1285900,051,1895,12,0,1789172863,,,SCHEDULED
2026-09-12T00:18:06.824632+00:00,1285900,051,1896,13,0,1789172894,,,SCHEDULED
2026-09-12T00:18:06.824632+00:00,1285900,051,1898,14,0,1789172959,,,SCHEDULED
2026-09-12T00:18:06.824632+00:00,1285900,051,1899,15,0,1789173002,,,SCHEDULED
2026-09-12T00:18:06.824632+00:00,1285900,051,1901,16,0,1789173045,,,SCHEDULED
2026-09-12T00:18:06.824632+00:00,1285900,051,1902,17,0,1789173082,,,SCHEDULED
2026-09-12T00:18:06.824632+00:00,1285900,051,1904,18,0,1789173154,,,SCHEDULED
2026-09-12T00:18:06.824632+00:00,1285900,051,1905,19,0,1789173198,,,SCHEDULED
2026-09-12T00:18:06.824632+00:00,1285900,051,1906,20,0,1789173246,,,SCHEDULED
2026-09-12T00:18:06.824632+00:00,1285900,051,1907,21,0,1789173294,,,SCHEDULED
2026-09-12T00:18:06.824632+00:00,1285900,051,1908,22,0,1789173330,,,SCHEDULED
2026-09-12T00:18:06.824632+00:00,1285900,051,1911,23,0,1789173422,,,SCHEDULED
2026-09-12T00:18:06.824632+00:00,1285900,051,1913,24,0,1789173519,,,SCHEDULED
2026-09-12T00:18:06.824632+00:00,1285900,051,1914,25,0,1789173576,,,SCHEDULED
2026-09-12T00:18:06.824632+00:00,1285900,051,1915,26,0,1789173634,,,SCHEDULED
2026-09-12T00:18:06.824632+00:00,1285900,051,1916,27,0,1789173687,,,SCHEDULED
2026-09-12T00:18:06.824632+00:00,1285900,051,1917,28,0,1789173737,,,SCHEDULED
2026-09-12T00:18:06.824632+00:00,1285900,051,1918,29,0,1789173799,,,SCHEDULED
2026-09-12T00:18:06.824632+00:00,1285900,051,1919,30,0,1789173845,,,SCHEDULED
2026-09-12T00:18:06.824632+00:00,1285900,051,1920,31,0,1789173868,,,SCHEDULED
2026-09-12T00:18:06.824632+00:00,1285900,051,1921,32,0,1789173898,,,SCHEDULED
2026-09-12T00:18:06.824632+00:00,1285900,051,1922,33,0,1789173937,,,SCHEDULED
2026-09-12T00:18:06.824632+00:00,1285900,051,1923,34,0,1789173964,,,SCHEDULED
2026-09-12T00:18:06.824632+00:00,1285900,051,1924,35,0,1789174014,,,SCHEDULED
2026-09-12T00:18:06.824632+00:00,1285900,051,1925,36,0,1789174064,,,SCHEDULED
2026-09-12T00:18:06.824632+00:00,1286319,061,2224,45,0,1789172277,,,SCHEDULED
2026-09-12T00:18:06.824632+00:00,1286319,061,2225,46,0,1789172300,,,SCHEDULED
2026-09-12T00:18:06.824632+00:00,1286319,061,2226,47,0,1789172334,,,SCHEDULED
2026-09-12T00:18:06.824632+00:00,1286319,061,2227,48,0,1789172368,,,SCHEDULED
2026-09-12T00:18:06.824632+00:00,1286319,061,2228,49,0,1789172400,,,SCHEDULED
2026-09-12T00:18:06.824632+00:00,1286319,061,6100,50,0,1789172439,,,SCHEDULED
2026-09-12T00:18:06.824632+00:00,1286319,061,997,51,0,1789172595,,,SCHEDULED
2026-09-12T00:18:06.824632+00:00,1286319,061,998,52,0,1789172640,,,SCHEDULED
2026-09-12T00:18:06.824632+00:00,1286319,061,999,53,0,1789172670,,,SCHEDULED
2026-09-12T00:18:06.824632+00:00,1286319,061,249,54,0,1789172703,,,SCHEDULED
2026-09-12T00:18:06.824632+00:00,1286319,061,248,55,0,1789172750,,,SCHEDULED
2026-09-12T00:18:06.824632+00:00,1286319,061,250,56,0,1789172787,,,SCHEDULED
2026-09-12T00:18:06.824632+00:00,1286319,061,264,57,0,1789172899,,,SCHEDULED
2026-09-12T00:18:06.824632+00:00,1286319,061,263,58,0,1789172945,,,SCHEDULED
2026-09-12T00:18:06.824632+00:00,1286319,061,2180,59,0,1789172983,,,SCHEDULED
2026-09-12T00:18:06.824632+00:00,1286319,061,2181,60,0,1789173018,,,SCHEDULED
2026-09-12T00:18:06.824632+00:00,1286319,061,4395,61,0,1789173157,,,SCHEDULED
2026-09-12T00:18:06.824632+00:00,1286319,061,4396,62,0,1789173195,,,SCHEDULED
2026-09-12T00:18:06.824632+00:00,1286319,061,4397,63,0,1789173226,,,SCHEDULED
2026-09-12T00:18:06.824632+00:00,1286319,061,4398,64,0,1789173262,,,SCHEDULED
2026-09-12T00:18:06.824632+00:00,1286319,061,4391,65,0,1789173308,,,SCHEDULED
2026-09-12T00:18:06.824632+00:00,1286319,061,4399,66,0,1789173329,,,SCHEDULED
2026-09-12T00:18:06.824632+00:00,1286319,061,4392,67,0,1789173352,,,SCHEDULED
2026-09-12T00:18:06.824632+00:00,1284815,015,965,11,0,1789172272,,,SCHEDULED
2026-09-12T00:18:06.824632+00:00,1284815,015,966,12,0,1789172349,,,SCHEDULED
2026-09-12T00:18:06.824632+00:00,1284815,015,967,13,0,1789172385,,,SCHEDULED
2026-09-12T00:18:06.824632+00:00,1284815,015,968,14,0,1789172418,,,SCHEDULED
2026-09-12T00:18:06.824632+00:00,1284815,015,969,15,0,1789172456,,,SCHEDULED
2026-09-12T00:18:06.824632+00:00,1284815,015,836,16,0,1789172492,,,SCHEDULED
2026-09-12T00:18:06.824632+00:00,1284815,015,838,17,0,1789172542,,,SCHEDULED
2026-09-12T00:18:06.824632+00:00,1284815,015,839,18,0,1789172593,,,SCHEDULED
2026-09-12T00:18:06.824632+00:00,1284815,015,840,19,0,1789172658,,,SCHEDULED
2026-09-12T00:18:06.824632+00:00,1284815,015,841,20,0,1789172700,,,SCHEDULED
2026-09-12T00:18:06.824632+00:00,1284815,015,842,21,0,1789172717,,,SCHEDULED
2026-09-12T00:18:06.824632+00:00,1284815,015,843,22,0,1789172735,,,SCHEDULED
2026-09-12T00:18:06.824632+00:00,1284815,015,845,23,0,1789172772,,,SCHEDULED
2026-09-12T00:18:06.824632+00:00,1284815,015,846,24,0,1789172782,,,SCHEDULED
2026-09-12T00:18:06.824632+00:00,1284815,015,847,25,0,1789172802,,,SCHEDULED
2026-09-12T00:18:06.824632+00:00,1284815,015,848,26,0,1789172818,,,SCHEDULED
2026-09-12T00:18:06.824632+00:00,1284815,015,3098,27,0,1789173097,,,SCHEDULED
2026-09-12T00:18:06.824632+00:00,1284935,019,731,22,0,1789172287,,,SCHEDULED
2026-09-12T00:18:06.824632+00:00,1284935,019,732,23,0,1789172319,,,SCHEDULED
2026-09-12T00:18:06.824632+00:00,1284935,019,733,24,0,1789172340,,,SCHEDULED
2026-09-12T00:18:06.824632+00:00,1284935,019,734,25,0,1789172354,,,SCHEDULED
2026-09-12T00:18:06.824632+00:00,1284935,019,735,26,0,1789172381,,,SCHEDULED
2026-09-12T00:18:06.824632+00:00,1284935,019,736,27,0,1789172424,,,SCHEDULED
2026-09-12T00:18:06.824632+00:00,1284935,019,737,28,0,1789172442,,,SCHEDULED
2026-09-12T00:18:06.824632+00:00,1284935,019,738,29,0,1789172458,,,SCHEDULED
2026-09-12T00:18:06.824632+00:00,1284935,019,739,30,0,1789172477,,,SCHEDULED
2026-09-12T00:18:06.824632+00:00,1284935,019,740,31,0,1789172493,,,SCHEDULED
2026-09-12T00:18:06.824632+00:00,1284935,019,741,32,0,1789172522,,,SCHEDULED
2026-09-12T00:18:06.824632+00:00,1284935,019,1333,33,0,1789172676,,,SCHEDULED
2026-09-12T00:18:06.824632+00:00,1284935,019,3115,34,0,1789173213,,,SCHEDULED
2026-09-12T00:18:06.824632+00:00,1284935,019,3116,35,0,1789173239,,,SCHEDULED
2026-09-12T00:18:06.824632+00:00,1284935,019,3117,36,0,1789173259,,,SCHEDULED
2026-09-12T00:18:06.824632+00:00,1284935,019,3118,37,0,1789173293,,,SCHEDULED
2026-09-12T00:18:06.824632+00:00,1284935,019,3119,38,0,1789173310,,,SCHEDULED
2026-09-12T00:18:06.824632+00:00,1284935,019,3121,39,0,1789173351,,,SCHEDULED
2026-09-12T00:18:06.824632+00:00,1284935,019,3122,40,0,1789173384,,,SCHEDULED
2026-09-12T00:18:06.824632+00:00,1284935,019,3123,41,0,1789173431,,,SCHEDULED
2026-09-12T00:18:06.824632+00:00,1284935,019,3124,42,0,1789173474,,,SCHEDULED
2026-09-12T00:18:06.824632+00:00,1284935,019,3125,43,0,1789173507,,,SCHEDULED
2026-09-12T00:18:06.824632+00:00,1284935,019,3696,44,0,1789173584,,,SCHEDULED
2026-09-12T00:18:06.824632+00:00,1284928,019,786,15,0,1789172315,,,SCHEDULED
2026-09-12T00:18:06.824632+00:00,1284928,019,787,16,0,1789172341,,,SCHEDULED
2026-09-12T00:18:06.824632+00:00,1284928,019,788,17,0,1789172369,,,SCHEDULED
2026-09-12T00:18:06.824632+00:00,1284928,019,789,18,0,1789172387,,,SCHEDULED
2026-09-12T00:18:06.824632+00:00,1284928,019,1212,19,0,1789172431,,,SCHEDULED
2026-09-12T00:18:06.824632+00:00,1284928,019,804,20,0,1789172747,,,SCHEDULED
2026-09-12T00:18:06.824632+00:00,1284928,019,805,21,0,1789172759,,,SCHEDULED
2026-09-12T00:18:06.824632+00:00,1284928,019,806,22,0,1789172789,,,SCHEDULED
2026-09-12T00:18:06.824632+00:00,1284928,019,661,23,0,1789172894,,,SCHEDULED
2026-09-12T00:18:06.824632+00:00,1284928,019,4863,24,0,1789172913,,,SCHEDULED
2026-09-12T00:18:06.824632+00:00,1284928,019,5368,25,0,1789172949,,,SCHEDULED
2026-09-12T00:18:06.824632+00:00,1284928,019,810,26,0,1789173002,,,SCHEDULED
2026-09-12T00:18:06.824632+00:00,1284928,019,811,27,0,1789173041,,,SCHEDULED
2026-09-12T00:18:06.824632+00:00,1284928,019,812,28,0,1789173117,,,SCHEDULED
2026-09-12T00:18:06.824632+00:00,1284928,019,813,29,0,1789173149,,,SCHEDULED
2026-09-12T00:18:06.824632+00:00,1284928,019,814,30,0,1789173194,,,SCHEDULED
2026-09-12T00:18:06.824632+00:00,1284928,019,815,31,0,1789173239,,,SCHEDULED
2026-09-12T00:18:06.824632+00:00,1284928,019,5347,32,0,1789173303,,,SCHEDULED
2026-09-12T00:18:06.824632+00:00,1284928,019,824,33,0,1789173406,,,SCHEDULED
2026-09-12T00:18:06.824632+00:00,1284928,019,825,34,0,1789173447,,,SCHEDULED
2026-09-12T00:18:06.824632+00:00,1284928,019,826,35,0,1789173499,,,SCHEDULED
2026-09-12T00:18:06.824632+00:00,1284928,019,827,36,0,1789173531,,,SCHEDULED
2026-09-12T00:18:06.824632+00:00,1284928,019,5242,37,0,1789173608,,,SCHEDULED
2026-09-12T00:18:06.824632+00:00,1284928,019,829,38,0,1789173634,,,SCHEDULED
2026-09-12T00:18:06.824632+00:00,1284928,019,5271,39,0,1789173753,,,SCHEDULED
2026-09-12T00:18:06.824632+00:00,1288172,102,668,1,,,0,1789172700,SCHEDULED
2026-09-12T00:18:06.824632+00:00,1288172,102,221,2,0,1789172763,,,SCHEDULED
2026-09-12T00:18:06.824632+00:00,1288172,102,222,3,0,1789172787,,,SCHEDULED
2026-09-12T00:18:06.824632+00:00,1288172,102,223,4,0,1789172816,,,SCHEDULED
2026-09-12T00:18:06.824632+00:00,1288172,102,225,5,0,1789172880,,,SCHEDULED
2026-09-12T00:18:06.824632+00:00,1288172,102,226,6,0,1789172931,,,SCHEDULED
2026-09-12T00:18:06.824632+00:00,1288172,102,108,7,0,1789172996,,,SCHEDULED
2026-09-12T00:18:06.824632+00:00,1288172,102,123,8,0,1789173061,,,SCHEDULED
2026-09-12T00:18:06.824632+00:00,1288172,102,125,9,0,1789173154,,,SCHEDULED
2026-09-12T00:18:06.824632+00:00,1288172,102,126,10,0,1789173210,,,SCHEDULED
2026-09-12T00:18:06.824632+00:00,1288172,102,127,11,0,1789173243,,,SCHEDULED
2026-09-12T00:18:06.824632+00:00,1288172,102,128,12,0,1789173336,,,SCHEDULED
2026-09-12T00:18:06.824632+00:00,1288172,102,130,13,0,1789173420,,,SCHEDULED
2026-09-12T00:18:06.824632+00:00,1288172,102,131,14,0,1789173435,,,SCHEDULED
2026-09-12T00:18:06.824632+00:00,1288172,102,132,15,0,1789173448,,,SCHEDULED
2026-09-12T00:18:06.824632+00:00,1288172,102,133,16,0,1789173468,,,SCHEDULED
2026-09-12T00:18:06.824632+00:00,1288172,102,134,17,0,1789173480,,,SCHEDULED
2026-09-12T00:18:06.824632+00:00,1288172,102,135,18,0,1789173496,,,SCHEDULED
2026-09-12T00:18:06.824632+00:00,1288172,102,136,19,0,1789173514,,,SCHEDULED
2026-09-12T00:18:06.824632+00:00,1288172,102,137,20,0,1789173524,,,SCHEDULED
2026-09-12T00:18:06.824632+00:00,1288172,102,138,21,0,1789173540,,,SCHEDULED
2026-09-12T00:18:06.824632+00:00,1288172,102,139,22,0,1789173557,,,SCHEDULED
2026-09-12T00:18:06.824632+00:00,1288172,102,141,23,0,1789173600,,,SCHEDULED
2026-09-12T00:18:06.824632+00:00,1288172,102,142,24,0,1789173622,,,SCHEDULED
2026-09-12T00:18:06.824632+00:00,1288172,102,143,25,0,1789173639,,,SCHEDULED
2026-09-12T00:18:06.824632+00:00,1288172,102,144,26,0,1789173667,,,SCHEDULED
2026-09-12T00:18:06.824632+00:00,1288172,102,145,27,0,1789173694,,,SCHEDULED
2026-09-12T00:18:06.824632+00:00,1288172,102,146,28,0,1789173713,,,SCHEDULED
2026-09-12T00:18:06.824632+00:00,1288172,102,147,29,0,1789173748,,,SCHEDULED
2026-09-12T00:18:06.824632+00:00,1288172,102,148,30,0,1789173803,,,SCHEDULED
2026-09-12T00:18:06.824632+00:00,1288172,102,149,31,0,1789173830,,,SCHEDULED
2026-09-12T00:18:06.824632+00:00,1288172,102,150,32,0,1789173850,,,SCHEDULED
2026-09-12T00:18:06.824632+00:00,1288172,102,151,33,0,1789173885,,,SCHEDULED
2026-09-12T00:18:06.824632+00:00,1288172,102,156,34,0,1789173918,,,SCHEDULED
2026-09-12T00:18:06.824632+00:00,1288172,102,152,35,0,1789173931,,,SCHEDULED
2026-09-12T00:18:06.824632+00:00,1288172,102,153,36,0,1789173960,,,SCHEDULED
2026-09-12T00:18:06.824632+00:00,1288172,102,154,37,0,1789174012,,,SCHEDULED
2026-09-12T00:18:06.824632+00:00,1287376,082,674,5,0,1789172271,,,SCHEDULED
2026-09-12T00:18:06.824632+00:00,1287376,082,675,6,0,1789172313,,,SCHEDULED
2026-09-12T00:18:06.824632+00:00,1287376,082,676,7,0,1789172394,,,SCHEDULED
2026-09-12T00:18:06.824632+00:00,1287376,082,677,8,0,1789172475,,,SCHEDULED
2026-09-12T00:18:06.824632+00:00,1287376,082,678,9,0,1789172539,,,SCHEDULED
2026-09-12T00:18:06.824632+00:00,1287376,082,679,10,0,1789172613,,,SCHEDULED
2026-09-12T00:18:06.824632+00:00,1287376,082,680,11,0,1789172677,,,SCHEDULED
2026-09-12T00:18:06.824632+00:00,1287376,082,681,12,0,1789172714,,,SCHEDULED
2026-09-12T00:18:06.824632+00:00,1287376,082,3076,13,0,1789172758,,,SCHEDULED
2026-09-12T00:18:06.824632+00:00,1287376,082,3077,14,0,1789172809,,,SCHEDULED
2026-09-12T00:18:06.824632+00:00,1287376,082,3078,15,0,1789172954,,,SCHEDULED
2026-09-12T00:18:06.824632+00:00,1287376,082,3079,16,0,1789173022,,,SCHEDULED
2026-09-12T00:18:06.824632+00:00,1287376,082,3080,17,0,1789173093,,,SCHEDULED
2026-09-12T00:18:06.824632+00:00,1287376,082,1074,18,0,1789173195,,,SCHEDULED
2026-09-12T00:18:06.824632+00:00,1287376,082,1075,19,0,1789173267,,,SCHEDULED
2026-09-12T00:18:06.824632+00:00,1287376,082,1076,20,0,1789173310,,,SCHEDULED
2026-09-12T00:18:06.824632+00:00,1287376,082,1077,21,0,1789173369,,,SCHEDULED
2026-09-12T00:18:06.824632+00:00,1287376,082,1646,22,0,1789173453,,,SCHEDULED
2026-09-12T00:18:06.824632+00:00,1287376,082,1648,23,0,1789173530,,,SCHEDULED
2026-09-12T00:18:06.824632+00:00,1287376,082,1649,24,0,1789173586,,,SCHEDULED
2026-09-12T00:18:06.824632+00:00,1287376,082,1650,25,0,1789173631,,,SCHEDULED
2026-09-12T00:18:06.824632+00:00,1287376,082,1651,26,0,1789173663,,,SCHEDULED
2026-09-12T00:18:06.824632+00:00,1287376,082,1652,27,0,1789173712,,,SCHEDULED
2026-09-12T00:18:06.824632+00:00,1287376,082,1653,28,0,1789173789,,,SCHEDULED
2026-09-12T00:18:06.824632+00:00,1287376,082,1654,29,0,1789173852,,,SCHEDULED
2026-09-12T00:18:06.824632+00:00,1287376,082,1655,30,0,1789173946,,,SCHEDULED
2026-09-12T00:18:06.824632+00:00,1287376,082,459,31,0,1789173992,,,SCHEDULED
2026-09-12T00:18:06.824632+00:00,1287376,082,1656,32,0,1789174016,,,SCHEDULED
2026-09-12T00:18:06.824632+00:00,1287376,082,1657,33,0,1789174065,,,SCHEDULED
2026-09-12T00:18:06.824632+00:00,1285593,030,1716,7,0,1789172289,,,SCHEDULED
2026-09-12T00:18:06.824632+00:00,1285593,030,1717,8,0,1789172334,,,SCHEDULED
2026-09-12T00:18:06.824632+00:00,1285593,030,1718,9,0,1789172406,,,SCHEDULED
2026-09-12T00:18:06.824632+00:00,1285593,030,1720,10,0,1789172515,,,SCHEDULED
2026-09-12T00:18:06.824632+00:00,1285593,030,1721,11,0,1789172660,,,SCHEDULED
2026-09-12T00:18:06.824632+00:00,1285593,030,1722,12,0,1789172732,,,SCHEDULED
2026-09-12T00:18:06.824632+00:00,1285593,030,1723,13,0,1789172760,,,SCHEDULED
2026-09-12T00:18:06.824632+00:00,1285593,030,1725,14,0,1789172865,,,SCHEDULED
2026-09-12T00:18:06.824632+00:00,1285593,030,1726,15,0,1789172936,,,SCHEDULED
2026-09-12T00:18:06.824632+00:00,1285593,030,1727,16,0,1789173008,,,SCHEDULED
2026-09-12T00:18:06.824632+00:00,1285593,030,1728,17,0,1789173086,,,SCHEDULED
2026-09-12T00:18:06.824632+00:00,1285593,030,1729,18,0,1789173180,,,SCHEDULED
2026-09-12T00:18:06.824632+00:00,1285593,030,1730,19,0,1789173214,,,SCHEDULED
2026-09-12T00:18:06.824632+00:00,1285593,030,1732,20,0,1789173259,,,SCHEDULED
2026-09-12T00:18:06.824632+00:00,1285593,030,1734,21,0,1789173326,,,SCHEDULED
2026-09-12T00:18:06.824632+00:00,1285593,030,1735,22,0,1789173348,,,SCHEDULED
2026-09-12T00:18:06.824632+00:00,1285593,030,1736,23,0,1789173377,,,SCHEDULED
2026-09-12T00:18:06.824632+00:00,1285593,030,1737,24,0,1789173405,,,SCHEDULED
2026-09-12T00:18:06.824632+00:00,1285593,030,1739,25,0,1789173481,,,SCHEDULED
2026-09-12T00:18:06.824632+00:00,1287377,082,3190,37,0,1789172248,,,SCHEDULED
2026-09-12T00:18:06.824632+00:00,1287377,082,3191,38,0,1789172320,,,SCHEDULED
2026-09-12T00:18:06.824632+00:00,1287377,082,3192,39,0,1789172376,,,SCHEDULED
2026-09-12T00:18:06.824632+00:00,1287377,082,3193,40,0,1789172477,,,SCHEDULED
2026-09-12T00:18:06.824632+00:00,1287377,082,275,41,0,1789172733,,,SCHEDULED
2026-09-12T00:18:06.824632+00:00,1287377,082,276,42,0,1789173018,,,SCHEDULED
2026-09-12T00:18:06.824632+00:00,1285592,030,282,1,,,0,1789173540,SCHEDULED
2026-09-12T00:18:06.824632+00:00,1285592,030,414,2,0,1789173791,,,SCHEDULED
2026-09-12T00:18:06.824632+00:00,1285592,030,415,3,0,1789173840,,,SCHEDULED
2026-09-12T00:18:06.824632+00:00,1285592,030,416,4,0,1789173873,,,SCHEDULED
2026-09-12T00:18:06.824632+00:00,1285592,030,418,5,0,1789173939,,,SCHEDULED
2026-09-12T00:18:06.824632+00:00,1285592,030,4763,6,0,1789174014,,,SCHEDULED
2026-09-12T00:18:06.824632+00:00,1286442,062,521,57,0,1789172293,,,SCHEDULED
2026-09-12T00:18:06.824632+00:00,1286442,062,522,58,0,1789172365,,,SCHEDULED
2026-09-12T00:18:06.824632+00:00,1286442,062,525,59,0,1789172469,,,SCHEDULED
2026-09-12T00:18:06.824632+00:00,1286442,062,526,60,0,1789172597,,,SCHEDULED
2026-09-12T00:18:06.824632+00:00,1286442,062,527,61,0,1789172629,,,SCHEDULED
2026-09-12T00:18:06.824632+00:00,1286442,062,528,62,0,1789172661,,,SCHEDULED
2026-09-12T00:18:06.824632+00:00,1286442,062,5252,63,0,1789172789,,,SCHEDULED
2026-09-12T00:18:06.824632+00:00,1286442,062,531,64,0,1789172821,,,SCHEDULED
2026-09-12T00:18:06.824632+00:00,1286442,062,116,65,0,1789172873,,,SCHEDULED
2026-09-12T00:18:06.824632+00:00,1287375,082,665,1,,,0,1789173480,SCHEDULED
2026-09-12T00:18:06.824632+00:00,1287375,082,1447,2,0,1789173688,,,SCHEDULED
2026-09-12T00:18:06.824632+00:00,1287375,082,1448,3,0,1789173732,,,SCHEDULED
2026-09-12T00:18:06.824632+00:00,1287375,082,1449,4,0,1789173760,,,SCHEDULED
2026-09-12T00:18:06.824632+00:00,1287375,082,674,5,0,1789173863,,,SCHEDULED
2026-09-12T00:18:06.824632+00:00,1287375,082,675,6,0,1789173900,,,SCHEDULED
2026-09-12T00:18:06.824632+00:00,1287375,082,676,7,0,1789173981,,,SCHEDULED
2026-09-12T00:18:06.824632+00:00,1288228,137,1904,2,0,1789172283,,,SCHEDULED
2026-09-12T00:18:06.824632+00:00,1288228,137,85406,3,0,1789173909,,,SCHEDULED
2026-09-12T00:18:06.824632+00:00,1288228,137,85408,4,0,1789174005,,,SCHEDULED
2026-09-12T00:18:06.824632+00:00,1288228,137,85204,5,0,1789174029,,,SCHEDULED
2026-09-12T00:18:06.824632+00:00,1286720,068,9812,57,0,1789172294,,,SCHEDULED
2026-09-12T00:18:06.824632+00:00,1286720,068,2629,58,0,1789172352,,,SCHEDULED
2026-09-12T00:18:06.824632+00:00,1286720,068,2634,59,0,1789172398,,,SCHEDULED
2026-09-12T00:18:06.824632+00:00,1286720,068,2635,60,0,1789172474,,,SCHEDULED
2026-09-12T00:18:06.824632+00:00,1286720,068,2636,61,0,1789172487,,,SCHEDULED
2026-09-12T00:18:06.824632+00:00,1286720,068,2637,62,0,1789172501,,,SCHEDULED
2026-09-12T00:18:06.824632+00:00,1286720,068,2638,63,0,1789172533,,,SCHEDULED
2026-09-12T00:18:06.824632+00:00,1286720,068,2639,64,0,1789172587,,,SCHEDULED
2026-09-12T00:18:06.824632+00:00,1286720,068,1086,65,0,1789173134,,,SCHEDULED
2026-09-12T00:18:06.824632+00:00,1286720,068,1088,66,0,1789173186,,,SCHEDULED
2026-09-12T00:18:06.824632+00:00,1286720,068,1087,67,0,1789173220,,,SCHEDULED
2026-09-12T00:18:06.824632+00:00,1286720,068,2642,68,0,1789173250,,,SCHEDULED
2026-09-12T00:18:06.824632+00:00,1287413,082,1674,18,0,1789172282,,,SCHEDULED
2026-09-12T00:18:06.824632+00:00,1287413,082,1675,19,0,1789172330,,,SCHEDULED
2026-09-12T00:18:06.824632+00:00,1287413,082,1677,20,0,1789172388,,,SCHEDULED
2026-09-12T00:18:06.824632+00:00,1287413,082,1127,21,0,1789172434,,,SCHEDULED
2026-09-12T00:18:06.824632+00:00,1287413,082,1128,22,0,1789172491,,,SCHEDULED
2026-09-12T00:18:06.824632+00:00,1287413,082,1129,23,0,1789172589,,,SCHEDULED
2026-09-12T00:18:06.824632+00:00,1287413,082,1130,24,0,1789172665,,,SCHEDULED
2026-09-12T00:18:06.824632+00:00,1287413,082,1131,25,0,1789172749,,,SCHEDULED
2026-09-12T00:18:06.824632+00:00,1287413,082,3089,26,0,1789172834,,,SCHEDULED
2026-09-12T00:18:06.824632+00:00,1287413,082,3090,27,0,1789172928,,,SCHEDULED
2026-09-12T00:18:06.824632+00:00,1287413,082,3091,28,0,1789173025,,,SCHEDULED
2026-09-12T00:18:06.824632+00:00,1287413,082,3092,29,0,1789173098,,,SCHEDULED
2026-09-12T00:18:06.824632+00:00,1287413,082,3093,30,0,1789173177,,,SCHEDULED
2026-09-12T00:18:06.824632+00:00,1287413,082,3094,31,0,1789173216,,,SCHEDULED
2026-09-12T00:18:06.824632+00:00,1287413,082,1421,32,0,1789173283,,,SCHEDULED
2026-09-12T00:18:06.824632+00:00,1287413,082,1422,33,0,1789173341,,,SCHEDULED
2026-09-12T00:18:06.824632+00:00,1287413,082,1423,34,0,1789173398,,,SCHEDULED
2026-09-12T00:18:06.824632+00:00,1287413,082,1424,35,0,1789173459,,,SCHEDULED
2026-09-12T00:18:06.824632+00:00,1287413,082,1425,36,0,1789173511,,,SCHEDULED
2026-09-12T00:18:06.824632+00:00,1287413,082,1427,37,0,1789173590,,,SCHEDULED
2026-09-12T00:18:06.824632+00:00,1287413,082,1428,38,0,1789173648,,,SCHEDULED
2026-09-12T00:18:06.824632+00:00,1287413,082,9939,39,0,1789173689,,,SCHEDULED
2026-09-12T00:18:06.824632+00:00,1287413,082,1444,40,0,1789173817,,,SCHEDULED
2026-09-12T00:18:06.824632+00:00,1287413,082,1445,41,0,1789173861,,,SCHEDULED
2026-09-12T00:18:06.824632+00:00,1287413,082,1446,42,0,1789173893,,,SCHEDULED
2026-09-12T00:18:06.824632+00:00,1286721,068,2710,41,0,1789172273,,,SCHEDULED
2026-09-12T00:18:06.824632+00:00,1286721,068,2711,42,0,1789172310,,,SCHEDULED
2026-09-12T00:18:06.824632+00:00,1286721,068,2712,43,0,1789172366,,,SCHEDULED
2026-09-12T00:18:06.824632+00:00,1286721,068,2713,44,0,1789172396,,,SCHEDULED
2026-09-12T00:18:06.824632+00:00,1286721,068,2715,45,0,1789172443,,,SCHEDULED
2026-09-12T00:18:06.824632+00:00,1286721,068,2610,46,0,1789172520,,,SCHEDULED
2026-09-12T00:18:06.824632+00:00,1286721,068,2611,47,0,1789172575,,,SCHEDULED
2026-09-12T00:18:06.824632+00:00,1286721,068,2612,48,0,1789172639,,,SCHEDULED
2026-09-12T00:18:06.824632+00:00,1286721,068,1911,49,0,1789172726,,,SCHEDULED
2026-09-12T00:18:06.824632+00:00,1286721,068,1818,50,0,1789172822,,,SCHEDULED
2026-09-12T00:18:06.824632+00:00,1286721,068,1819,51,0,1789172885,,,SCHEDULED
2026-09-12T00:18:06.824632+00:00,1286721,068,1820,52,0,1789172949,,,SCHEDULED
2026-09-12T00:18:06.824632+00:00,1286721,068,1821,53,0,1789172993,,,SCHEDULED
2026-09-12T00:18:06.824632+00:00,1286721,068,940,54,0,1789173044,,,SCHEDULED
2026-09-12T00:18:06.824632+00:00,1286721,068,941,55,0,1789173076,,,SCHEDULED
2026-09-12T00:18:06.824632+00:00,1286721,068,2633,56,0,1789173144,,,SCHEDULED
2026-09-12T00:18:06.824632+00:00,1286721,068,9812,57,0,1789173180,,,SCHEDULED
2026-09-12T00:18:06.824632+00:00,1286721,068,2629,58,0,1789173238,,,SCHEDULED
2026-09-12T00:18:06.824632+00:00,1286721,068,2634,59,0,1789173284,,,SCHEDULED
2026-09-12T00:18:06.824632+00:00,1286721,068,2635,60,0,1789173360,,,SCHEDULED
2026-09-12T00:18:06.824632+00:00,1286721,068,2636,61,0,1789173373,,,SCHEDULED
2026-09-12T00:18:06.824632+00:00,1286721,068,2637,62,0,1789173387,,,SCHEDULED
2026-09-12T00:18:06.824632+00:00,1286721,068,2638,63,0,1789173419,,,SCHEDULED
2026-09-12T00:18:06.824632+00:00,1286721,068,2639,64,0,1789173473,,,SCHEDULED
2026-09-12T00:18:06.824632+00:00,1286721,068,1086,65,0,1789174020,,,SCHEDULED
2026-09-12T00:18:06.824632+00:00,1286963,075,318,1,,,0,1789173960,SCHEDULED
2026-09-12T00:18:06.824632+00:00,1288227,137,85091,9,0,1789172188,,,SCHEDULED
2026-09-12T00:18:06.824632+00:00,1288227,137,85092,10,0,1789172267,,,SCHEDULED
2026-09-12T00:18:06.824632+00:00,1288227,137,85178,11,0,1789172304,,,SCHEDULED
2026-09-12T00:18:06.824632+00:00,1288227,137,85179,12,0,1789172395,,,SCHEDULED
2026-09-12T00:18:06.824632+00:00,1288227,137,85180,13,0,1789172439,,,SCHEDULED
2026-09-12T00:18:06.824632+00:00,1288227,137,85181,14,0,1789172547,,,SCHEDULED
2026-09-12T00:18:06.824632+00:00,1288227,137,1715,15,0,1789172593,,,SCHEDULED
2026-09-12T00:18:06.824632+00:00,1288227,137,85619,16,0,1789172714,,,SCHEDULED
2026-09-12T00:18:06.824632+00:00,1287411,082,288,1,,,0,1789173780,SCHEDULED
2026-09-12T00:18:06.824632+00:00,1284389,011,2425,1,,,0,1789173960,SCHEDULED
2026-09-12T00:18:06.824632+00:00,1285995,051,668,1,,,0,1789173229,SCHEDULED
2026-09-12T00:18:06.824632+00:00,1285995,051,221,2,0,1789173356,,,SCHEDULED
2026-09-12T00:18:06.824632+00:00,1285995,051,222,3,0,1789173403,,,SCHEDULED
2026-09-12T00:18:06.824632+00:00,1285995,051,223,4,0,1789173461,,,SCHEDULED
2026-09-12T00:18:06.824632+00:00,1285995,051,225,5,0,1789173589,,,SCHEDULED
2026-09-12T00:18:06.824632+00:00,1285995,051,226,6,0,1789173640,,,SCHEDULED
2026-09-12T00:18:06.824632+00:00,1285995,051,108,7,0,1789173705,,,SCHEDULED
2026-09-12T00:18:06.824632+00:00,1285995,051,123,8,0,1789173770,,,SCHEDULED
2026-09-12T00:18:06.824632+00:00,1285995,051,125,9,0,1789173863,,,SCHEDULED
2026-09-12T00:18:06.824632+00:00,1285995,051,126,10,0,1789173919,,,SCHEDULED
2026-09-12T00:18:06.824632+00:00,1285995,051,127,11,0,1789173952,,,SCHEDULED
2026-09-12T00:18:06.824632+00:00,1285995,051,128,12,0,1789174045,,,SCHEDULED
2026-09-12T00:18:06.824632+00:00,1285994,051,668,1,,,0,1789173383,SCHEDULED
2026-09-12T00:18:06.824632+00:00,1285994,051,221,2,0,1789173510,,,SCHEDULED
2026-09-12T00:18:06.824632+00:00,1285994,051,222,3,0,1789173557,,,SCHEDULED
2026-09-12T00:18:06.824632+00:00,1285994,051,223,4,0,1789173615,,,SCHEDULED
2026-09-12T00:18:06.824632+00:00,1285994,051,225,5,0,1789173743,,,SCHEDULED
2026-09-12T00:18:06.824632+00:00,1285994,051,226,6,0,1789173794,,,SCHEDULED
2026-09-12T00:18:06.824632+00:00,1285994,051,108,7,0,1789173859,,,SCHEDULED
2026-09-12T00:18:06.824632+00:00,1285994,051,123,8,0,1789173924,,,SCHEDULED
2026-09-12T00:18:06.824632+00:00,1285994,051,125,9,0,1789174017,,,SCHEDULED
2026-09-12T00:18:06.824632+00:00,1287412,082,274,2,0,1789172566,,,SCHEDULED
2026-09-12T00:18:06.824632+00:00,1287412,082,275,3,0,1789172928,,,SCHEDULED
2026-09-12T00:18:06.824632+00:00,1287412,082,3893,4,0,1789173176,,,SCHEDULED
2026-09-12T00:18:06.824632+00:00,1287412,082,3894,5,0,1789173281,,,SCHEDULED
2026-09-12T00:18:06.824632+00:00,1287412,082,3895,6,0,1789173339,,,SCHEDULED
2026-09-12T00:18:06.824632+00:00,1287412,082,1662,7,0,1789173414,,,SCHEDULED
2026-09-12T00:18:06.824632+00:00,1287412,082,1663,8,0,1789173468,,,SCHEDULED
2026-09-12T00:18:06.824632+00:00,1287412,082,1664,9,0,1789173512,,,SCHEDULED
2026-09-12T00:18:06.824632+00:00,1287412,082,1665,10,0,1789173563,,,SCHEDULED
2026-09-12T00:18:06.824632+00:00,1287412,082,1666,11,0,1789173594,,,SCHEDULED
2026-09-12T00:18:06.824632+00:00,1287412,082,1668,12,0,1789173679,,,SCHEDULED
2026-09-12T00:18:06.824632+00:00,1287412,082,1669,13,0,1789173754,,,SCHEDULED
2026-09-12T00:18:06.824632+00:00,1287412,082,1670,14,0,1789173811,,,SCHEDULED
2026-09-12T00:18:06.824632+00:00,1287412,082,1671,15,0,1789173890,,,SCHEDULED
2026-09-12T00:18:06.824632+00:00,1287412,082,1672,16,0,1789173947,,,SCHEDULED
2026-09-12T00:18:06.824632+00:00,1287412,082,1673,17,0,1789173988,,,SCHEDULED
2026-09-12T00:18:06.824632+00:00,1287412,082,1674,18,0,1789174022,,,SCHEDULED
2026-09-12T00:18:06.824632+00:00,1287412,082,1675,19,0,1789174038,,,SCHEDULED
2026-09-12T00:18:06.824632+00:00,1285997,051,1931,23,0,1789172211,,,SCHEDULED
2026-09-12T00:18:06.824632+00:00,1285997,051,1949,24,0,1789172287,,,SCHEDULED
2026-09-12T00:18:06.824632+00:00,1285997,051,1932,25,0,1789172317,,,SCHEDULED
2026-09-12T00:18:06.824632+00:00,1285997,051,1936,26,0,1789172385,,,SCHEDULED
2026-09-12T00:18:06.824632+00:00,1285997,051,1937,27,0,1789172423,,,SCHEDULED
2026-09-12T00:18:06.824632+00:00,1285997,051,1938,28,0,1789172461,,,SCHEDULED
2026-09-12T00:18:06.824632+00:00,1285997,051,1939,29,0,1789172525,,,SCHEDULED
2026-09-12T00:18:06.824632+00:00,1285997,051,1839,30,0,1789172572,,,SCHEDULED
2026-09-12T00:18:06.824632+00:00,1285997,051,1841,31,0,1789172634,,,SCHEDULED
2026-09-12T00:18:06.824632+00:00,1285997,051,1842,32,0,1789172680,,,SCHEDULED
2026-09-12T00:18:06.824632+00:00,1285997,051,1843,33,0,1789172725,,,SCHEDULED
2026-09-12T00:18:06.824632+00:00,1285997,051,1844,34,0,1789172763,,,SCHEDULED
2026-09-12T00:18:06.824632+00:00,1285997,051,1845,35,0,1789172800,,,SCHEDULED
2026-09-12T00:18:06.824632+00:00,1285997,051,1846,36,0,1789172850,,,SCHEDULED
2026-09-12T00:18:06.824632+00:00,1285997,051,1847,37,0,1789172879,,,SCHEDULED
2026-09-12T00:18:06.824632+00:00,1285997,051,1848,38,0,1789172933,,,SCHEDULED
2026-09-12T00:18:06.824632+00:00,1285997,051,1849,39,0,1789172991,,,SCHEDULED
2026-09-12T00:18:06.824632+00:00,1285997,051,1850,40,0,1789173041,,,SCHEDULED
2026-09-12T00:18:06.824632+00:00,1285997,051,1851,41,0,1789173112,,,SCHEDULED
2026-09-12T00:18:06.824632+00:00,1285997,051,1852,42,0,1789173158,,,SCHEDULED
2026-09-12T00:18:06.824632+00:00,1285997,051,1853,43,0,1789173198,,,SCHEDULED
2026-09-12T00:18:06.824632+00:00,1285997,051,1854,44,0,1789173235,,,SCHEDULED
2026-09-12T00:18:06.824632+00:00,1285997,051,1855,45,0,1789173302,,,SCHEDULED
2026-09-12T00:18:06.824632+00:00,1285997,051,1856,46,0,1789173372,,,SCHEDULED
2026-09-12T00:18:06.824632+00:00,1285997,051,1857,47,0,1789173409,,,SCHEDULED
2026-09-12T00:18:06.824632+00:00,1285997,051,1858,48,0,1789173453,,,SCHEDULED
2026-09-12T00:18:06.824632+00:00,1285997,051,1859,49,0,1789173573,,,SCHEDULED
2026-09-12T00:18:06.824632+00:00,1285997,051,1860,50,0,1789173654,,,SCHEDULED
2026-09-12T00:18:06.824632+00:00,1285997,051,1861,51,0,1789173687,,,SCHEDULED
2026-09-12T00:18:06.824632+00:00,1285997,051,2020,52,0,1789173751,,,SCHEDULED
2026-09-12T00:18:06.824632+00:00,1285997,051,2021,53,0,1789173848,,,SCHEDULED
2026-09-12T00:18:06.824632+00:00,1285997,051,3130,54,0,1789173911,,,SCHEDULED
2026-09-12T00:18:06.824632+00:00,1285996,051,229,14,0,1789172294,,,SCHEDULED
2026-09-12T00:18:06.824632+00:00,1285996,051,231,15,0,1789172433,,,SCHEDULED
2026-09-12T00:18:06.824632+00:00,1285996,051,232,16,0,1789172492,,,SCHEDULED
2026-09-12T00:18:06.824632+00:00,1285996,051,233,17,0,1789172557,,,SCHEDULED
2026-09-12T00:18:06.824632+00:00,1285996,051,234,18,0,1789172651,,,SCHEDULED
2026-09-12T00:18:06.824632+00:00,1285996,051,235,19,0,1789172701,,,SCHEDULED
2026-09-12T00:18:06.824632+00:00,1285996,051,236,20,0,1789172760,,,SCHEDULED
2026-09-12T00:18:06.824632+00:00,1285996,051,1927,21,0,1789172880,,,SCHEDULED
2026-09-12T00:18:06.824632+00:00,1285996,051,1930,22,0,1789172977,,,SCHEDULED
2026-09-12T00:18:06.824632+00:00,1285996,051,1931,23,0,1789173024,,,SCHEDULED
2026-09-12T00:18:06.824632+00:00,1285996,051,1949,24,0,1789173075,,,SCHEDULED
2026-09-12T00:18:06.824632+00:00,1285996,051,1932,25,0,1789173105,,,SCHEDULED
2026-09-12T00:18:06.824632+00:00,1285996,051,1936,26,0,1789173173,,,SCHEDULED
2026-09-12T00:18:06.824632+00:00,1285996,051,1937,27,0,1789173211,,,SCHEDULED
2026-09-12T00:18:06.824632+00:00,1285996,051,1938,28,0,1789173249,,,SCHEDULED
2026-09-12T00:18:06.824632+00:00,1285996,051,1939,29,0,1789173313,,,SCHEDULED
2026-09-12T00:18:06.824632+00:00,1285996,051,1839,30,0,1789173360,,,SCHEDULED
2026-09-12T00:18:06.824632+00:00,1285996,051,1841,31,0,1789173422,,,SCHEDULED
2026-09-12T00:18:06.824632+00:00,1285996,051,1842,32,0,1789173468,,,SCHEDULED
2026-09-12T00:18:06.824632+00:00,1285996,051,1843,33,0,1789173513,,,SCHEDULED
2026-09-12T00:18:06.824632+00:00,1285996,051,1844,34,0,1789173551,,,SCHEDULED
2026-09-12T00:18:06.824632+00:00,1285996,051,1845,35,0,1789173588,,,SCHEDULED
2026-09-12T00:18:06.824632+00:00,1285996,051,1846,36,0,1789173638,,,SCHEDULED
2026-09-12T00:18:06.824632+00:00,1285996,051,1847,37,0,1789173667,,,SCHEDULED
2026-09-12T00:18:06.824632+00:00,1285996,051,1848,38,0,1789173721,,,SCHEDULED
2026-09-12T00:18:06.824632+00:00,1285996,051,1849,39,0,1789173779,,,SCHEDULED
2026-09-12T00:18:06.824632+00:00,1285996,051,1850,40,0,1789173829,,,SCHEDULED
2026-09-12T00:18:06.824632+00:00,1285996,051,1851,41,0,1789173900,,,SCHEDULED
2026-09-12T00:18:06.824632+00:00,1285996,051,1852,42,0,1789173946,,,SCHEDULED
2026-09-12T00:18:06.824632+00:00,1285996,051,1853,43,0,1789173986,,,SCHEDULED
2026-09-12T00:18:06.824632+00:00,1286964,075,4210,2,0,1789172495,,,SCHEDULED
2026-09-12T00:18:06.824632+00:00,1286964,075,1432,3,0,1789172561,,,SCHEDULED
2026-09-12T00:18:06.824632+00:00,1286964,075,1398,4,0,1789172645,,,SCHEDULED
2026-09-12T00:18:06.824632+00:00,1286964,075,3851,5,0,1789172685,,,SCHEDULED
2026-09-12T00:18:06.824632+00:00,1286964,075,1418,6,0,1789172763,,,SCHEDULED
2026-09-12T00:18:06.824632+00:00,1286964,075,1420,7,0,1789172878,,,SCHEDULED
2026-09-12T00:18:06.824632+00:00,1285999,051,1860,50,0,1789172090,,,SCHEDULED
2026-09-12T00:18:06.824632+00:00,1285999,051,1861,51,0,1789172155,,,SCHEDULED
2026-09-12T00:18:06.824632+00:00,1285999,051,2020,52,0,1789172213,,,SCHEDULED
2026-09-12T00:18:06.824632+00:00,1285999,051,2021,53,0,1789172270,,,SCHEDULED
2026-09-12T00:18:06.824632+00:00,1285999,051,3130,54,0,1789172323,,,SCHEDULED
2026-09-12T00:18:06.824632+00:00,1286722,068,2379,15,0,1789172210,,,SCHEDULED
2026-09-12T00:18:06.824632+00:00,1286722,068,2381,16,0,1789172303,,,SCHEDULED
2026-09-12T00:18:06.824632+00:00,1286722,068,2382,17,0,1789172400,,,SCHEDULED
2026-09-12T00:18:06.824632+00:00,1286722,068,2383,18,0,1789172480,,,SCHEDULED
2026-09-12T00:18:06.824632+00:00,1286722,068,2385,19,0,1789172538,,,SCHEDULED
2026-09-12T00:18:06.824632+00:00,1286722,068,2014,20,0,1789172666,,,SCHEDULED
2026-09-12T00:18:06.824632+00:00,1286722,068,2015,21,0,1789172756,,,SCHEDULED
2026-09-12T00:18:06.824632+00:00,1286722,068,2016,22,0,1789172808,,,SCHEDULED
2026-09-12T00:18:06.824632+00:00,1286722,068,2166,23,0,1789172859,,,SCHEDULED
2026-09-12T00:18:06.824632+00:00,1286722,068,1884,24,0,1789172940,,,SCHEDULED
2026-09-12T00:18:06.824632+00:00,1286722,068,1885,25,0,1789173015,,,SCHEDULED
2026-09-12T00:18:06.824632+00:00,1286722,068,1686,26,0,1789173137,,,SCHEDULED
2026-09-12T00:18:06.824632+00:00,1286722,068,2691,27,0,1789173271,,,SCHEDULED
2026-09-12T00:18:06.824632+00:00,1286722,068,2692,28,0,1789173318,,,SCHEDULED
2026-09-12T00:18:06.824632+00:00,1286722,068,2693,29,0,1789173369,,,SCHEDULED
2026-09-12T00:18:06.824632+00:00,1286722,068,2694,30,0,1789173427,,,SCHEDULED
2026-09-12T00:18:06.824632+00:00,1286722,068,2695,31,0,1789173472,,,SCHEDULED
2026-09-12T00:18:06.824632+00:00,1286722,068,2696,32,0,1789173516,,,SCHEDULED
2026-09-12T00:18:06.824632+00:00,1286722,068,2699,33,0,1789173538,,,SCHEDULED
2026-09-12T00:18:06.824632+00:00,1286722,068,2700,34,0,1789173605,,,SCHEDULED
2026-09-12T00:18:06.824632+00:00,1286722,068,2703,35,0,1789173655,,,SCHEDULED
2026-09-12T00:18:06.824632+00:00,1286722,068,2704,36,0,1789173720,,,SCHEDULED
2026-09-12T00:18:06.824632+00:00,1286722,068,2706,37,0,1789173826,,,SCHEDULED
2026-09-12T00:18:06.824632+00:00,1286722,068,2707,38,0,1789173880,,,SCHEDULED
2026-09-12T00:18:06.824632+00:00,1286722,068,2708,39,0,1789173936,,,SCHEDULED
2026-09-12T00:18:06.824632+00:00,1285998,051,1848,38,0,1789172171,,,SCHEDULED
2026-09-12T00:18:06.824632+00:00,1285998,051,1849,39,0,1789172217,,,SCHEDULED
2026-09-12T00:18:06.824632+00:00,1285998,051,1850,40,0,1789172231,,,SCHEDULED
2026-09-12T00:18:06.824632+00:00,1285998,051,1851,41,0,1789172309,,,SCHEDULED
2026-09-12T00:18:06.824632+00:00,1285998,051,1852,42,0,1789172355,,,SCHEDULED
2026-09-12T00:18:06.824632+00:00,1285998,051,1853,43,0,1789172395,,,SCHEDULED
2026-09-12T00:18:06.824632+00:00,1285998,051,1854,44,0,1789172432,,,SCHEDULED
2026-09-12T00:18:06.824632+00:00,1285998,051,1855,45,0,1789172499,,,SCHEDULED
2026-09-12T00:18:06.824632+00:00,1285998,051,1856,46,0,1789172569,,,SCHEDULED
2026-09-12T00:18:06.824632+00:00,1285998,051,1857,47,0,1789172606,,,SCHEDULED
2026-09-12T00:18:06.824632+00:00,1285998,051,1858,48,0,1789172650,,,SCHEDULED
2026-09-12T00:18:06.824632+00:00,1285998,051,1859,49,0,1789172770,,,SCHEDULED
2026-09-12T00:18:06.824632+00:00,1285998,051,1860,50,0,1789172851,,,SCHEDULED
2026-09-12T00:18:06.824632+00:00,1285998,051,1861,51,0,1789172884,,,SCHEDULED
2026-09-12T00:18:06.824632+00:00,1285998,051,2020,52,0,1789172948,,,SCHEDULED
2026-09-12T00:18:06.824632+00:00,1285998,051,2021,53,0,1789173045,,,SCHEDULED
2026-09-12T00:18:06.824632+00:00,1285998,051,3130,54,0,1789173108,,,SCHEDULED
2026-09-12T00:18:06.824632+00:00,1288229,137,1714,1,,,0,1789174067,SCHEDULED
2026-09-12T00:18:06.824632+00:00,1286723,068,885,1,,,0,1789173300,SCHEDULED
2026-09-12T00:18:06.824632+00:00,1286723,068,286,2,0,1789173507,,,SCHEDULED
2026-09-12T00:18:06.824632+00:00,1286723,068,4439,3,0,1789173563,,,SCHEDULED
2026-09-12T00:18:06.824632+00:00,1286723,068,4440,4,0,1789173648,,,SCHEDULED
2026-09-12T00:18:06.824632+00:00,1286723,068,4441,5,0,1789173691,,,SCHEDULED
2026-09-12T00:18:06.824632+00:00,1286723,068,4015,6,0,1789173762,,,SCHEDULED
2026-09-12T00:18:06.824632+00:00,1286723,068,4016,7,0,1789173804,,,SCHEDULED
2026-09-12T00:18:06.824632+00:00,1286723,068,4017,8,0,1789173852,,,SCHEDULED
2026-09-12T00:18:06.824632+00:00,1286723,068,3914,9,0,1789173921,,,SCHEDULED
2026-09-12T00:18:06.824632+00:00,1286723,068,3836,10,0,1789173952,,,SCHEDULED
2026-09-12T00:18:06.824632+00:00,1284826,015,9807,1,,,0,1789173660,SCHEDULED
2026-09-12T00:18:06.824632+00:00,1284826,015,545,2,0,1789173731,,,SCHEDULED
2026-09-12T00:18:06.824632+00:00,1284826,015,547,3,0,1789173799,,,SCHEDULED
2026-09-12T00:18:06.824632+00:00,1284826,015,548,4,0,1789173826,,,SCHEDULED
2026-09-12T00:18:06.824632+00:00,1284826,015,549,5,0,1789173858,,,SCHEDULED
2026-09-12T00:18:06.824632+00:00,1284826,015,960,6,0,1789173891,,,SCHEDULED
2026-09-12T00:18:06.824632+00:00,1284826,015,961,7,0,1789173912,,,SCHEDULED
2026-09-12T00:18:06.824632+00:00,1284826,015,962,8,0,1789173941,,,SCHEDULED
2026-09-12T00:18:06.824632+00:00,1284826,015,963,9,0,1789173998,,,SCHEDULED
2026-09-12T00:18:06.824632+00:00,1288182,103,458,9,0,1789172466,,,SCHEDULED
2026-09-12T00:18:06.824632+00:00,1288182,103,250,10,0,1789172646,,,SCHEDULED
2026-09-12T00:18:06.824632+00:00,1288182,103,251,11,0,1789172716,,,SCHEDULED
2026-09-12T00:18:06.824632+00:00,1288182,103,252,12,0,1789172742,,,SCHEDULED
2026-09-12T00:18:06.824632+00:00,1288182,103,253,13,0,1789172765,,,SCHEDULED
2026-09-12T00:18:06.824632+00:00,1288182,103,254,14,0,1789172801,,,SCHEDULED
2026-09-12T00:18:06.824632+00:00,1288182,103,255,15,0,1789172835,,,SCHEDULED
2026-09-12T00:18:06.824632+00:00,1288182,103,257,16,0,1789172882,,,SCHEDULED
2026-09-12T00:18:06.824632+00:00,1288182,103,258,17,0,1789172921,,,SCHEDULED
2026-09-12T00:18:06.824632+00:00,1288182,103,259,18,0,1789172941,,,SCHEDULED
2026-09-12T00:18:06.824632+00:00,1288182,103,260,19,0,1789172973,,,SCHEDULED
2026-09-12T00:18:06.824632+00:00,1288182,103,261,20,0,1789173004,,,SCHEDULED
2026-09-12T00:18:06.824632+00:00,1288182,103,262,21,0,1789173027,,,SCHEDULED
2026-09-12T00:18:06.824632+00:00,1288182,103,264,22,0,1789173076,,,SCHEDULED
2026-09-12T00:18:06.824632+00:00,1288182,103,263,23,0,1789173141,,,SCHEDULED
2026-09-12T00:18:06.824632+00:00,1288182,103,157,24,0,1789173186,,,SCHEDULED
2026-09-12T00:18:06.824632+00:00,1288182,103,158,25,0,1789173228,,,SCHEDULED
2026-09-12T00:18:06.824632+00:00,1288182,103,159,26,0,1789173261,,,SCHEDULED
2026-09-12T00:18:06.824632+00:00,1288182,103,160,27,0,1789173306,,,SCHEDULED
2026-09-12T00:18:06.824632+00:00,1288182,103,161,28,0,1789173363,,,SCHEDULED
2026-09-12T00:18:06.824632+00:00,1288182,103,877,29,0,1789173411,,,SCHEDULED
2026-09-12T00:18:06.824632+00:00,1288182,103,162,30,0,1789173471,,,SCHEDULED
2026-09-12T00:18:06.824632+00:00,1288182,103,163,31,0,1789173513,,,SCHEDULED
2026-09-12T00:18:06.824632+00:00,1288182,103,164,32,0,1789173544,,,SCHEDULED
2026-09-12T00:18:06.824632+00:00,1288182,103,165,33,0,1789173601,,,SCHEDULED
2026-09-12T00:18:06.824632+00:00,1288182,103,166,34,0,1789173679,,,SCHEDULED
2026-09-12T00:18:06.824632+00:00,1288182,103,167,35,0,1789173715,,,SCHEDULED
2026-09-12T00:18:06.824632+00:00,1288182,103,173,36,0,1789173763,,,SCHEDULED
2026-09-12T00:18:06.824632+00:00,1288182,103,168,37,0,1789173820,,,SCHEDULED
2026-09-12T00:18:06.824632+00:00,1288182,103,169,38,0,1789173881,,,SCHEDULED
2026-09-12T00:18:06.824632+00:00,1288182,103,170,39,0,1789173944,,,SCHEDULED
2026-09-12T00:18:06.824632+00:00,1288184,103,164,32,0,1789171895,,,SCHEDULED
2026-09-12T00:18:06.824632+00:00,1288184,103,165,33,0,1789171910,,,SCHEDULED
2026-09-12T00:18:06.824632+00:00,1288184,103,166,34,0,1789171944,,,SCHEDULED
2026-09-12T00:18:06.824632+00:00,1288184,103,167,35,0,1789171981,,,SCHEDULED
2026-09-12T00:18:06.824632+00:00,1288184,103,173,36,0,1789171982,,,SCHEDULED
2026-09-12T00:18:06.824632+00:00,1288184,103,168,37,0,1789172000,,,SCHEDULED
2026-09-12T00:18:06.824632+00:00,1288184,103,169,38,0,1789172051,,,SCHEDULED
2026-09-12T00:18:06.824632+00:00,1288184,103,170,39,0,1789172121,,,SCHEDULED
2026-09-12T00:18:06.824632+00:00,1288184,103,171,40,0,1789172162,,,SCHEDULED
2026-09-12T00:18:06.824632+00:00,1287096,078,9920,1,,,0,1789173360,SCHEDULED
2026-09-12T00:18:06.824632+00:00,1287096,078,2760,2,0,1789173586,,,SCHEDULED
2026-09-12T00:18:06.824632+00:00,1287096,078,2761,3,0,1789173676,,,SCHEDULED
2026-09-12T00:18:06.824632+00:00,1287096,078,2762,4,0,1789173765,,,SCHEDULED
2026-09-12T00:18:06.824632+00:00,1287096,078,2763,5,0,1789173810,,,SCHEDULED
2026-09-12T00:18:06.824632+00:00,1287096,078,2764,6,0,1789173891,,,SCHEDULED
2026-09-12T00:24:07.040797+00:00,1284394,011,8902,54,0,1789172655,,,SCHEDULED
2026-09-12T00:24:07.040797+00:00,1284394,011,8903,55,0,1789172720,,,SCHEDULED
2026-09-12T00:24:07.040797+00:00,1284394,011,8904,56,0,1789172771,,,SCHEDULED
2026-09-12T00:24:07.040797+00:00,1284394,011,8905,57,0,1789172823,,,SCHEDULED
2026-09-12T00:24:07.040797+00:00,1284394,011,8906,58,0,1789172874,,,SCHEDULED
2026-09-12T00:24:07.040797+00:00,1284394,011,8907,59,0,1789172920,,,SCHEDULED
2026-09-12T00:24:07.040797+00:00,1284394,011,8908,60,0,1789172947,,,SCHEDULED
2026-09-12T00:24:07.040797+00:00,1288235,138,1811,2,0,1789172646,,,SCHEDULED
2026-09-12T00:24:07.040797+00:00,1286178,056,500,26,0,1789172690,,,SCHEDULED
2026-09-12T00:24:07.040797+00:00,1286178,056,501,27,0,1789172726,,,SCHEDULED
2026-09-12T00:24:07.040797+00:00,1286178,056,502,28,0,1789172765,,,SCHEDULED
2026-09-12T00:24:07.040797+00:00,1286178,056,503,29,0,1789172840,,,SCHEDULED
2026-09-12T00:24:07.040797+00:00,1286178,056,504,30,0,1789172951,,,SCHEDULED
2026-09-12T00:24:07.040797+00:00,1286178,056,505,31,0,1789172987,,,SCHEDULED
2026-09-12T00:24:07.040797+00:00,1286178,056,4134,32,0,1789173023,,,SCHEDULED
2026-09-12T00:24:07.040797+00:00,1286178,056,4136,33,0,1789173093,,,SCHEDULED
2026-09-12T00:24:07.040797+00:00,1286178,056,4137,34,0,1789173175,,,SCHEDULED
2026-09-12T00:24:07.040797+00:00,1286453,062,513,15,0,1789172641,,,SCHEDULED
2026-09-12T00:24:07.040797+00:00,1286453,062,514,16,0,1789172692,,,SCHEDULED
2026-09-12T00:24:07.040797+00:00,1286453,062,515,17,0,1789172741,,,SCHEDULED
2026-09-12T00:24:07.040797+00:00,1286453,062,516,18,0,1789172780,,,SCHEDULED
2026-09-12T00:24:07.040797+00:00,1286453,062,517,19,0,1789172806,,,SCHEDULED
2026-09-12T00:24:07.040797+00:00,1286453,062,518,20,0,1789172855,,,SCHEDULED
2026-09-12T00:24:07.040797+00:00,1286453,062,2331,21,0,1789172901,,,SCHEDULED
2026-09-12T00:24:07.040797+00:00,1286453,062,2332,22,0,1789172930,,,SCHEDULED
2026-09-12T00:24:07.040797+00:00,1286453,062,2333,23,0,1789172958,,,SCHEDULED
2026-09-12T00:24:07.040797+00:00,1286453,062,2334,24,0,1789172984,,,SCHEDULED
2026-09-12T00:24:07.040797+00:00,1286453,062,2335,25,0,1789173012,,,SCHEDULED
2026-09-12T00:24:07.040797+00:00,1286453,062,1352,26,0,1789173028,,,SCHEDULED
2026-09-12T00:24:07.040797+00:00,1286453,062,2337,27,0,1789173080,,,SCHEDULED
2026-09-12T00:24:07.040797+00:00,1286453,062,2338,28,0,1789173178,,,SCHEDULED
2026-09-12T00:24:07.040797+00:00,1286453,062,2339,29,0,1789173240,,,SCHEDULED
2026-09-12T00:24:07.040797+00:00,1286453,062,2341,30,0,1789173312,,,SCHEDULED
2026-09-12T00:24:07.040797+00:00,1286453,062,2342,31,0,1789173353,,,SCHEDULED
2026-09-12T00:24:07.040797+00:00,1286453,062,2229,32,0,1789173421,,,SCHEDULED
2026-09-12T00:24:07.040797+00:00,1286453,062,2230,33,0,1789173460,,,SCHEDULED
2026-09-12T00:24:07.040797+00:00,1286453,062,2231,34,0,1789173489,,,SCHEDULED
2026-09-12T00:24:07.040797+00:00,1286453,062,2232,35,0,1789173519,,,SCHEDULED
2026-09-12T00:24:07.040797+00:00,1286453,062,2233,36,0,1789173578,,,SCHEDULED
2026-09-12T00:24:07.040797+00:00,1286453,062,2234,37,0,1789173602,,,SCHEDULED
2026-09-12T00:24:07.040797+00:00,1286453,062,2235,38,0,1789173671,,,SCHEDULED
2026-09-12T00:24:07.040797+00:00,1286453,062,2236,39,0,1789173721,,,SCHEDULED
2026-09-12T00:24:07.040797+00:00,1286453,062,2237,40,0,1789173788,,,SCHEDULED
2026-09-12T00:24:07.040797+00:00,1286453,062,2238,41,0,1789173817,,,SCHEDULED
2026-09-12T00:24:07.040797+00:00,1286453,062,2239,42,0,1789173862,,,SCHEDULED
2026-09-12T00:24:07.040797+00:00,1286453,062,2240,43,0,1789173907,,,SCHEDULED
2026-09-12T00:24:07.040797+00:00,1286453,062,2241,44,0,1789173975,,,SCHEDULED
2026-09-12T00:24:07.040797+00:00,1286453,062,2242,45,0,1789174021,,,SCHEDULED
2026-09-12T00:24:07.040797+00:00,1286453,062,2243,46,0,1789174057,,,SCHEDULED
2026-09-12T00:24:07.040797+00:00,1286453,062,2244,47,0,1789174115,,,SCHEDULED
2026-09-12T00:24:07.040797+00:00,1286453,062,2245,48,0,1789174151,,,SCHEDULED
2026-09-12T00:24:07.040797+00:00,1286453,062,2246,49,0,1789174201,,,SCHEDULED
2026-09-12T00:24:07.040797+00:00,1286453,062,5365,50,0,1789174224,,,SCHEDULED
2026-09-12T00:24:07.040797+00:00,1286453,062,2248,51,0,1789174264,,,SCHEDULED
2026-09-12T00:24:07.040797+00:00,1286453,062,2250,52,0,1789174372,,,SCHEDULED
2026-09-12T00:24:07.040797+00:00,1286453,062,2251,53,0,1789174426,,,SCHEDULED
2026-09-12T00:24:07.040797+00:00,1288199,113,4703,11,0,1789172649,,,SCHEDULED
2026-09-12T00:24:07.040797+00:00,1288199,113,4704,12,0,1789172735,,,SCHEDULED
2026-09-12T00:24:07.040797+00:00,1288199,113,4705,13,0,1789172789,,,SCHEDULED
2026-09-12T00:24:07.040797+00:00,1288199,113,4706,14,0,1789172848,,,SCHEDULED
2026-09-12T00:24:07.040797+00:00,1288199,113,4707,15,0,1789172937,,,SCHEDULED
2026-09-12T00:24:07.040797+00:00,1288199,113,4751,16,0,1789173006,,,SCHEDULED
2026-09-12T00:24:07.040797+00:00,1288199,113,5271,17,0,1789173351,,,SCHEDULED
2026-09-12T00:24:07.040797+00:00,1284791,015,851,10,0,1789172645,,,SCHEDULED
2026-09-12T00:24:07.040797+00:00,1284791,015,852,11,0,1789172673,,,SCHEDULED
2026-09-12T00:24:07.040797+00:00,1284791,015,853,12,0,1789172708,,,SCHEDULED
2026-09-12T00:24:07.040797+00:00,1284791,015,859,13,0,1789172740,,,SCHEDULED
2026-09-12T00:24:07.040797+00:00,1284791,015,860,14,0,1789172803,,,SCHEDULED
2026-09-12T00:24:07.040797+00:00,1284791,015,861,15,0,1789172844,,,SCHEDULED
2026-09-12T00:24:07.040797+00:00,1284791,015,862,16,0,1789172872,,,SCHEDULED
2026-09-12T00:24:07.040797+00:00,1284791,015,863,17,0,1789172951,,,SCHEDULED
2026-09-12T00:24:07.040797+00:00,1284791,015,864,18,0,1789172986,,,SCHEDULED
2026-09-12T00:24:07.040797+00:00,1284791,015,865,19,0,1789173027,,,SCHEDULED
2026-09-12T00:24:07.040797+00:00,1284791,015,866,20,0,1789173097,,,SCHEDULED
2026-09-12T00:24:07.040797+00:00,1284791,015,867,21,0,1789173131,,,SCHEDULED
2026-09-12T00:24:07.040797+00:00,1284791,015,593,22,0,1789173157,,,SCHEDULED
2026-09-12T00:24:07.040797+00:00,1284791,015,594,23,0,1789173217,,,SCHEDULED
2026-09-12T00:24:07.040797+00:00,1284791,015,595,24,0,1789173239,,,SCHEDULED
2026-09-12T00:24:07.040797+00:00,1284791,015,596,25,0,1789173308,,,SCHEDULED
2026-09-12T00:24:07.040797+00:00,1284791,015,284,26,0,1789173362,,,SCHEDULED
2026-09-12T00:24:07.040797+00:00,1287941,088,1405,10,0,1789172658,,,SCHEDULED
2026-09-12T00:24:07.040797+00:00,1287941,088,1406,11,0,1789172676,,,SCHEDULED
2026-09-12T00:24:07.040797+00:00,1287941,088,1407,12,0,1789172729,,,SCHEDULED
2026-09-12T00:24:07.040797+00:00,1287941,088,1408,13,0,1789172782,,,SCHEDULED
2026-09-12T00:24:07.040797+00:00,1287941,088,1409,14,0,1789172852,,,SCHEDULED
2026-09-12T00:24:07.040797+00:00,1287941,088,1410,15,0,1789172922,,,SCHEDULED
2026-09-12T00:24:07.040797+00:00,1287941,088,1411,16,0,1789172975,,,SCHEDULED
2026-09-12T00:24:07.040797+00:00,1287941,088,1412,17,0,1789173019,,,SCHEDULED
2026-09-12T00:24:07.040797+00:00,1287941,088,1413,18,0,1789173054,,,SCHEDULED
2026-09-12T00:24:07.040797+00:00,1287941,088,1414,19,0,1789173215,,,SCHEDULED
2026-09-12T00:24:07.040797+00:00,1287941,088,1415,20,0,1789173275,,,SCHEDULED
2026-09-12T00:24:07.040797+00:00,1287941,088,1416,21,0,1789173328,,,SCHEDULED
2026-09-12T00:24:07.040797+00:00,1287941,088,1417,22,0,1789173360,,,SCHEDULED
2026-09-12T00:24:07.040797+00:00,1287941,088,413,23,0,1789173825,,,SCHEDULED
2026-09-12T00:24:07.040797+00:00,1287941,088,414,24,0,1789173850,,,SCHEDULED
2026-09-12T00:24:07.040797+00:00,1287941,088,415,25,0,1789173875,,,SCHEDULED
2026-09-12T00:24:07.040797+00:00,1287941,088,416,26,0,1789173915,,,SCHEDULED
2026-09-12T00:24:07.040797+00:00,1287820,087,3185,10,0,1789172700,,,SCHEDULED
2026-09-12T00:24:07.040797+00:00,1287820,087,3187,11,0,1789172777,,,SCHEDULED
2026-09-12T00:24:07.040797+00:00,1287820,087,3188,12,0,1789172830,,,SCHEDULED
2026-09-12T00:24:07.040797+00:00,1287820,087,3189,13,0,1789172880,,,SCHEDULED
2026-09-12T00:24:07.040797+00:00,1287820,087,3190,14,0,1789172964,,,SCHEDULED
2026-09-12T00:24:07.040797+00:00,1287820,087,3191,15,0,1789173024,,,SCHEDULED
2026-09-12T00:24:07.040797+00:00,1287820,087,3192,16,0,1789173078,,,SCHEDULED
2026-09-12T00:24:07.040797+00:00,1287820,087,3193,17,0,1789173175,,,SCHEDULED
2026-09-12T00:24:07.040797+00:00,1287820,087,275,18,0,1789173420,,,SCHEDULED
2026-09-12T00:24:07.040797+00:00,1287820,087,276,19,0,1789173694,,,SCHEDULED
2026-09-12T00:24:07.040797+00:00,1284673,013,8910,6,0,1789172657,,,SCHEDULED
2026-09-12T00:24:07.040797+00:00,1284673,013,8912,7,0,1789172745,,,SCHEDULED
2026-09-12T00:24:07.040797+00:00,1284673,013,8913,8,0,1789172781,,,SCHEDULED
2026-09-12T00:24:07.040797+00:00,1284673,013,3158,9,0,1789172961,,,SCHEDULED
2026-09-12T00:24:07.040797+00:00,1284673,013,3159,10,0,1789173029,,,SCHEDULED
2026-09-12T00:24:07.040797+00:00,1284673,013,3160,11,0,1789173068,,,SCHEDULED
2026-09-12T00:24:07.040797+00:00,1284673,013,3161,12,0,1789173117,,,SCHEDULED
2026-09-12T00:24:07.040797+00:00,1284673,013,3163,13,0,1789173217,,,SCHEDULED
2026-09-12T00:24:07.040797+00:00,1284673,013,3164,14,0,1789173261,,,SCHEDULED
2026-09-12T00:24:07.040797+00:00,1284673,013,4703,15,0,1789173297,,,SCHEDULED
2026-09-12T00:24:07.040797+00:00,1284673,013,4704,16,0,1789173382,,,SCHEDULED
2026-09-12T00:24:07.040797+00:00,1284673,013,4705,17,0,1789173435,,,SCHEDULED
2026-09-12T00:24:07.040797+00:00,1284673,013,4706,18,0,1789173495,,,SCHEDULED
2026-09-12T00:24:07.040797+00:00,1284673,013,4707,19,0,1789173579,,,SCHEDULED
2026-09-12T00:24:07.040797+00:00,1284673,013,4751,20,0,1789173622,,,SCHEDULED
2026-09-12T00:24:07.040797+00:00,1284673,013,5271,21,0,1789173836,,,SCHEDULED
2026-09-12T00:24:07.040797+00:00,1284673,013,9807,22,0,1789173921,,,SCHEDULED
2026-09-12T00:24:07.040797+00:00,1284673,013,1096,23,0,1789174016,,,SCHEDULED
2026-09-12T00:24:07.040797+00:00,1284673,013,1098,24,0,1789174185,,,SCHEDULED
2026-09-12T00:24:07.040797+00:00,1284673,013,1099,25,0,1789174341,,,SCHEDULED
2026-09-12T00:24:07.040797+00:00,1286214,056,4140,1,,,0,1789173780,SCHEDULED
2026-09-12T00:24:07.040797+00:00,1286214,056,4141,2,0,1789173851,,,SCHEDULED
2026-09-12T00:24:07.040797+00:00,1286214,056,4142,3,0,1789173898,,,SCHEDULED
2026-09-12T00:24:07.040797+00:00,1286214,056,4143,4,0,1789173985,,,SCHEDULED
2026-09-12T00:24:07.040797+00:00,1286214,056,5251,5,0,1789174064,,,SCHEDULED
2026-09-12T00:24:07.040797+00:00,1286214,056,4144,6,0,1789174101,,,SCHEDULED
2026-09-12T00:24:07.040797+00:00,1286214,056,4145,7,0,1789174123,,,SCHEDULED
2026-09-12T00:24:07.040797+00:00,1286214,056,4146,8,0,1789174160,,,SCHEDULED
2026-09-12T00:24:07.040797+00:00,1286214,056,478,9,0,1789174210,,,SCHEDULED
2026-09-12T00:24:07.040797+00:00,1286214,056,172,10,0,1789174271,,,SCHEDULED
2026-09-12T00:24:07.040797+00:00,1286214,056,480,11,0,1789174368,,,SCHEDULED
2026-09-12T00:24:07.040797+00:00,1284277,010,11071,7,0,1789172637,,,SCHEDULED
2026-09-12T00:24:07.040797+00:00,1284277,010,11050,8,0,1789172692,,,SCHEDULED
2026-09-12T00:24:07.040797+00:00,1284277,010,11039,9,0,1789172812,,,SCHEDULED
2026-09-12T00:24:07.040797+00:00,1284277,010,11040,10,0,1789172838,,,SCHEDULED
2026-09-12T00:24:07.040797+00:00,1284277,010,11135,11,0,1789172926,,,SCHEDULED
2026-09-12T00:24:07.040797+00:00,1284277,010,11104,12,0,1789172972,,,SCHEDULED
2026-09-12T00:24:07.040797+00:00,1284277,010,11108,13,0,1789173029,,,SCHEDULED
2026-09-12T00:24:07.040797+00:00,1284277,010,11127,14,0,1789173114,,,SCHEDULED
2026-09-12T00:24:07.040797+00:00,1284277,010,11002,15,0,1789173270,,,SCHEDULED
2026-09-12T00:24:07.040797+00:00,1284277,010,11157,16,0,1789173351,,,SCHEDULED
2026-09-12T00:24:07.040797+00:00,1284277,010,11033,17,0,1789173472,,,SCHEDULED
2026-09-12T00:24:07.040797+00:00,1284277,010,11035,18,0,1789173652,,,SCHEDULED
2026-09-12T00:24:07.040797+00:00,1284277,010,11034,19,0,1789173687,,,SCHEDULED
2026-09-12T00:24:07.040797+00:00,1284277,010,11036,20,0,1789173755,,,SCHEDULED
2026-09-12T00:24:07.040797+00:00,1284277,010,11109,21,0,1789173894,,,SCHEDULED
2026-09-12T00:24:07.040797+00:00,1284277,010,11118,22,0,1789173952,,,SCHEDULED
2026-09-12T00:24:07.040797+00:00,1284277,010,11119,23,0,1789174063,,,SCHEDULED
2026-09-12T00:24:07.040797+00:00,1284277,010,11120,24,0,1789174163,,,SCHEDULED
2026-09-12T00:24:07.040797+00:00,1284277,010,11121,25,0,1789174209,,,SCHEDULED
2026-09-12T00:24:07.040797+00:00,1284277,010,11156,26,0,1789174308,,,SCHEDULED
2026-09-12T00:24:07.040797+00:00,1284277,010,11207,27,0,1789174362,,,SCHEDULED
2026-09-12T00:24:07.040797+00:00,1287545,084,1618,2,0,1789172755,,,SCHEDULED
2026-09-12T00:24:07.040797+00:00,1287545,084,1306,3,0,1789172843,,,SCHEDULED
2026-09-12T00:24:07.040797+00:00,1287545,084,1570,4,0,1789172947,,,SCHEDULED
2026-09-12T00:24:07.040797+00:00,1287545,084,1307,5,0,1789172996,,,SCHEDULED
2026-09-12T00:24:07.040797+00:00,1287545,084,4003,6,0,1789173063,,,SCHEDULED
2026-09-12T00:24:07.040797+00:00,1287545,084,4004,7,0,1789173105,,,SCHEDULED
2026-09-12T00:24:07.040797+00:00,1287545,084,4005,8,0,1789173141,,,SCHEDULED
2026-09-12T00:24:07.040797+00:00,1287545,084,4006,9,0,1789173182,,,SCHEDULED
2026-09-12T00:24:07.040797+00:00,1287545,084,4007,10,0,1789173228,,,SCHEDULED
2026-09-12T00:24:07.040797+00:00,1287545,084,3950,11,0,1789173255,,,SCHEDULED
2026-09-12T00:24:07.040797+00:00,1287545,084,3951,12,0,1789173300,,,SCHEDULED
2026-09-12T00:24:07.040797+00:00,1287545,084,3953,13,0,1789173342,,,SCHEDULED
2026-09-12T00:24:07.040797+00:00,1287545,084,3954,14,0,1789173372,,,SCHEDULED
2026-09-12T00:24:07.040797+00:00,1287545,084,3955,15,0,1789173403,,,SCHEDULED
2026-09-12T00:24:07.040797+00:00,1287545,084,3956,16,0,1789173437,,,SCHEDULED
2026-09-12T00:24:07.040797+00:00,1287545,084,3957,17,0,1789173460,,,SCHEDULED
2026-09-12T00:24:07.040797+00:00,1287545,084,3063,18,0,1789173482,,,SCHEDULED
2026-09-12T00:24:07.040797+00:00,1287545,084,3064,19,0,1789173548,,,SCHEDULED
2026-09-12T00:24:07.040797+00:00,1287545,084,3065,20,0,1789173590,,,SCHEDULED
2026-09-12T00:24:07.040797+00:00,1287545,084,3066,21,0,1789173636,,,SCHEDULED
2026-09-12T00:24:07.040797+00:00,1287545,084,3067,22,0,1789173696,,,SCHEDULED
2026-09-12T00:24:07.040797+00:00,1287545,084,3068,23,0,1789173755,,,SCHEDULED
2026-09-12T00:24:07.040797+00:00,1287545,084,3069,24,0,1789173826,,,SCHEDULED
2026-09-12T00:24:07.040797+00:00,1287545,084,3049,25,0,1789173938,,,SCHEDULED
2026-09-12T00:24:07.040797+00:00,1287545,084,3070,26,0,1789173994,,,SCHEDULED
2026-09-12T00:24:07.040797+00:00,1287545,084,3071,27,0,1789174050,,,SCHEDULED
2026-09-12T00:24:07.040797+00:00,1287545,084,3072,28,0,1789174096,,,SCHEDULED
2026-09-12T00:24:07.040797+00:00,1287545,084,9801,29,0,1789174202,,,SCHEDULED
2026-09-12T00:24:07.040797+00:00,1287545,084,3073,30,0,1789174262,,,SCHEDULED
2026-09-12T00:24:07.040797+00:00,1287545,084,3074,31,0,1789174382,,,SCHEDULED
2026-09-12T00:24:07.040797+00:00,1287666,086,241,1,,,0,1789173420,SCHEDULED
2026-09-12T00:24:07.040797+00:00,1287666,086,558,2,0,1789173536,,,SCHEDULED
2026-09-12T00:24:07.040797+00:00,1287666,086,559,3,0,1789173609,,,SCHEDULED
2026-09-12T00:24:07.040797+00:00,1287666,086,560,4,0,1789173669,,,SCHEDULED
2026-09-12T00:24:07.040797+00:00,1287666,086,561,5,0,1789173693,,,SCHEDULED
2026-09-12T00:24:07.040797+00:00,1287666,086,562,6,0,1789173749,,,SCHEDULED
2026-09-12T00:24:07.040797+00:00,1287666,086,849,7,0,1789173824,,,SCHEDULED
2026-09-12T00:24:07.040797+00:00,1287666,086,850,8,0,1789173856,,,SCHEDULED
2026-09-12T00:24:07.040797+00:00,1287666,086,851,9,0,1789173950,,,SCHEDULED
2026-09-12T00:24:07.040797+00:00,1287666,086,852,10,0,1789173978,,,SCHEDULED
2026-09-12T00:24:07.040797+00:00,1287666,086,853,11,0,1789174006,,,SCHEDULED
2026-09-12T00:24:07.040797+00:00,1287666,086,854,12,0,1789174043,,,SCHEDULED
2026-09-12T00:24:07.040797+00:00,1287666,086,855,13,0,1789174071,,,SCHEDULED
2026-09-12T00:24:07.040797+00:00,1287666,086,856,14,0,1789174127,,,SCHEDULED
2026-09-12T00:24:07.040797+00:00,1287666,086,813,15,0,1789174200,,,SCHEDULED
2026-09-12T00:24:07.040797+00:00,1287666,086,814,16,0,1789174249,,,SCHEDULED
2026-09-12T00:24:07.040797+00:00,1287666,086,815,17,0,1789174288,,,SCHEDULED
2026-09-12T00:24:07.040797+00:00,1287666,086,701,18,0,1789174330,,,SCHEDULED
2026-09-12T00:24:07.040797+00:00,1287666,086,702,19,0,1789174369,,,SCHEDULED
2026-09-12T00:24:07.040797+00:00,1287700,086,840,38,0,1789172398,,,SCHEDULED
2026-09-12T00:24:07.040797+00:00,1287700,086,581,39,0,1789172426,,,SCHEDULED
2026-09-12T00:24:07.040797+00:00,1287700,086,582,40,0,1789172450,,,SCHEDULED
2026-09-12T00:24:07.040797+00:00,1287700,086,583,41,0,1789172506,,,SCHEDULED
2026-09-12T00:24:07.040797+00:00,1287700,086,584,42,0,1789172514,,,SCHEDULED
2026-09-12T00:24:07.040797+00:00,1287700,086,585,43,0,1789172561,,,SCHEDULED
2026-09-12T00:24:07.040797+00:00,1287700,086,586,44,0,1789172604,,,SCHEDULED
2026-09-12T00:24:07.040797+00:00,1287546,084,3071,27,0,1789172636,,,SCHEDULED
2026-09-12T00:24:07.040797+00:00,1287546,084,3072,28,0,1789172682,,,SCHEDULED
2026-09-12T00:24:07.040797+00:00,1287546,084,9801,29,0,1789172788,,,SCHEDULED
2026-09-12T00:24:07.040797+00:00,1287546,084,3073,30,0,1789172848,,,SCHEDULED
2026-09-12T00:24:07.040797+00:00,1287546,084,3074,31,0,1789172968,,,SCHEDULED
2026-09-12T00:24:07.040797+00:00,1287546,084,3075,32,0,1789173021,,,SCHEDULED
2026-09-12T00:24:07.040797+00:00,1287546,084,3076,33,0,1789173153,,,SCHEDULED
2026-09-12T00:24:07.040797+00:00,1287546,084,3077,34,0,1789173209,,,SCHEDULED
2026-09-12T00:24:07.040797+00:00,1287546,084,3078,35,0,1789173371,,,SCHEDULED
2026-09-12T00:24:07.040797+00:00,1287546,084,3079,36,0,1789173446,,,SCHEDULED
2026-09-12T00:24:07.040797+00:00,1287546,084,3080,37,0,1789173525,,,SCHEDULED
2026-09-12T00:24:07.040797+00:00,1287546,084,1074,38,0,1789173623,,,SCHEDULED
2026-09-12T00:24:07.040797+00:00,1287546,084,1075,39,0,1789173691,,,SCHEDULED
2026-09-12T00:24:07.040797+00:00,1287546,084,1076,40,0,1789173732,,,SCHEDULED
2026-09-12T00:24:07.040797+00:00,1287546,084,1077,41,0,1789173788,,,SCHEDULED
2026-09-12T00:24:07.040797+00:00,1287546,084,1646,42,0,1789173868,,,SCHEDULED
2026-09-12T00:24:07.040797+00:00,1287546,084,1648,43,0,1789173936,,,SCHEDULED
2026-09-12T00:24:07.040797+00:00,1287546,084,1107,44,0,1789173999,,,SCHEDULED
2026-09-12T00:24:07.040797+00:00,1287546,084,1108,45,0,1789174056,,,SCHEDULED
2026-09-12T00:24:07.040797+00:00,1287546,084,3081,46,0,1789174112,,,SCHEDULED
2026-09-12T00:24:07.040797+00:00,1287546,084,3082,47,0,1789174147,,,SCHEDULED
2026-09-12T00:24:07.040797+00:00,1287546,084,3083,48,0,1789174187,,,SCHEDULED
2026-09-12T00:24:07.040797+00:00,1287546,084,3084,49,0,1789174238,,,SCHEDULED
2026-09-12T00:24:07.040797+00:00,1287546,084,3085,50,0,1789174294,,,SCHEDULED
2026-09-12T00:24:07.040797+00:00,1287546,084,3086,51,0,1789174369,,,SCHEDULED
2026-09-12T00:24:07.040797+00:00,1286179,056,906,1,,,0,1789172640,SCHEDULED
2026-09-12T00:24:07.040797+00:00,1286179,056,286,2,0,1789172857,,,SCHEDULED
2026-09-12T00:24:07.040797+00:00,1286179,056,4439,3,0,1789172918,,,SCHEDULED
2026-09-12T00:24:07.040797+00:00,1286179,056,4440,4,0,1789173009,,,SCHEDULED
2026-09-12T00:24:07.040797+00:00,1286179,056,4441,5,0,1789173054,,,SCHEDULED
2026-09-12T00:24:07.040797+00:00,1286179,056,4015,6,0,1789173130,,,SCHEDULED
2026-09-12T00:24:07.040797+00:00,1286179,056,4016,7,0,1789173178,,,SCHEDULED
2026-09-12T00:24:07.040797+00:00,1286179,056,4017,8,0,1789173227,,,SCHEDULED
2026-09-12T00:24:07.040797+00:00,1286179,056,3914,9,0,1789173300,,,SCHEDULED
2026-09-12T00:24:07.040797+00:00,1286179,056,3220,10,0,1789173356,,,SCHEDULED
2026-09-12T00:24:07.040797+00:00,1286179,056,3222,11,0,1789173477,,,SCHEDULED
2026-09-12T00:24:07.040797+00:00,1286179,056,3223,12,0,1789173531,,,SCHEDULED
2026-09-12T00:24:07.040797+00:00,1286179,056,3225,13,0,1789173637,,,SCHEDULED
2026-09-12T00:24:07.040797+00:00,1286179,056,2062,14,0,1789173774,,,SCHEDULED
2026-09-12T00:24:07.040797+00:00,1286179,056,2063,15,0,1789173837,,,SCHEDULED
2026-09-12T00:24:07.040797+00:00,1286179,056,2064,16,0,1789173893,,,SCHEDULED
2026-09-12T00:24:07.040797+00:00,1286179,056,2065,17,0,1789173940,,,SCHEDULED
2026-09-12T00:24:07.040797+00:00,1286179,056,2066,18,0,1789173980,,,SCHEDULED
2026-09-12T00:24:07.040797+00:00,1286179,056,2068,19,0,1789174040,,,SCHEDULED
2026-09-12T00:24:07.040797+00:00,1286179,056,5200,20,0,1789174140,,,SCHEDULED
2026-09-12T00:24:07.040797+00:00,1286179,056,287,21,0,1789174214,,,SCHEDULED
2026-09-12T00:24:07.040797+00:00,1286179,056,2070,22,0,1789174253,,,SCHEDULED
2026-09-12T00:24:07.040797+00:00,1286179,056,2071,23,0,1789174284,,,SCHEDULED
2026-09-12T00:24:07.040797+00:00,1286179,056,497,24,0,1789174346,,,SCHEDULED
2026-09-12T00:24:07.040797+00:00,1286212,056,5107,33,0,1789172652,,,SCHEDULED
2026-09-12T00:24:07.040797+00:00,1286212,056,4020,34,0,1789172692,,,SCHEDULED
2026-09-12T00:24:07.040797+00:00,1286212,056,4021,35,0,1789172738,,,SCHEDULED
2026-09-12T00:24:07.040797+00:00,1286212,056,4022,36,0,1789172789,,,SCHEDULED
2026-09-12T00:24:07.040797+00:00,1286212,056,242,37,0,1789172878,,,SCHEDULED
2026-09-12T00:24:07.040797+00:00,1286212,056,243,38,0,1789172927,,,SCHEDULED
2026-09-12T00:24:07.040797+00:00,1286212,056,244,39,0,1789172967,,,SCHEDULED
2026-09-12T00:24:07.040797+00:00,1286212,056,1038,40,0,1789173039,,,SCHEDULED
2026-09-12T00:24:07.040797+00:00,1286212,056,4019,41,0,1789173085,,,SCHEDULED
2026-09-12T00:24:07.040797+00:00,1284674,013,1099,25,0,1789172670,,,SCHEDULED
2026-09-12T00:24:07.040797+00:00,1284674,013,1100,26,0,1789172813,,,SCHEDULED
2026-09-12T00:24:07.040797+00:00,1284674,013,1101,27,0,1789172910,,,SCHEDULED
2026-09-12T00:24:07.040797+00:00,1284674,013,1102,28,0,1789172993,,,SCHEDULED
2026-09-12T00:24:07.040797+00:00,1284674,013,1103,29,0,1789173085,,,SCHEDULED
2026-09-12T00:24:07.040797+00:00,1284674,013,1104,30,0,1789173173,,,SCHEDULED
2026-09-12T00:24:07.040797+00:00,1284674,013,1105,31,0,1789173270,,,SCHEDULED
2026-09-12T00:24:07.040797+00:00,1284674,013,1106,32,0,1789173364,,,SCHEDULED
2026-09-12T00:24:07.040797+00:00,1284674,013,1674,33,0,1789173405,,,SCHEDULED
2026-09-12T00:24:07.040797+00:00,1284674,013,1675,34,0,1789173452,,,SCHEDULED
2026-09-12T00:24:07.040797+00:00,1284674,013,1677,35,0,1789173510,,,SCHEDULED
2026-09-12T00:24:07.040797+00:00,1284674,013,1127,36,0,1789173546,,,SCHEDULED
2026-09-12T00:24:07.040797+00:00,1284674,013,1128,37,0,1789173591,,,SCHEDULED
2026-09-12T00:24:07.040797+00:00,1284674,013,1129,38,0,1789173668,,,SCHEDULED
2026-09-12T00:24:07.040797+00:00,1284674,013,1130,39,0,1789173727,,,SCHEDULED
2026-09-12T00:24:07.040797+00:00,1284674,013,1131,40,0,1789173794,,,SCHEDULED
2026-09-12T00:24:07.040797+00:00,1284674,013,3089,41,0,1789173860,,,SCHEDULED
2026-09-12T00:24:07.040797+00:00,1284674,013,1464,42,0,1789173938,,,SCHEDULED
2026-09-12T00:24:07.040797+00:00,1287544,084,1285,1,,,0,1789174380,SCHEDULED
2026-09-12T00:24:07.040797+00:00,1286213,056,1733,12,0,1789172630,,,SCHEDULED
2026-09-12T00:24:07.040797+00:00,1286213,056,481,13,0,1789172690,,,SCHEDULED
2026-09-12T00:24:07.040797+00:00,1286213,056,482,14,0,1789172729,,,SCHEDULED
2026-09-12T00:24:07.040797+00:00,1286213,056,483,15,0,1789172766,,,SCHEDULED
2026-09-12T00:24:07.040797+00:00,1286213,056,484,16,0,1789172796,,,SCHEDULED
2026-09-12T00:24:07.040797+00:00,1286213,056,485,17,0,1789172850,,,SCHEDULED
2026-09-12T00:24:07.040797+00:00,1286213,056,486,18,0,1789172919,,,SCHEDULED
2026-09-12T00:24:07.040797+00:00,1286213,056,487,19,0,1789172979,,,SCHEDULED
2026-09-12T00:24:07.040797+00:00,1286213,056,488,20,0,1789173008,,,SCHEDULED
2026-09-12T00:24:07.040797+00:00,1286213,056,5200,21,0,1789173083,,,SCHEDULED
2026-09-12T00:24:07.040797+00:00,1286213,056,489,22,0,1789173167,,,SCHEDULED
2026-09-12T00:24:07.040797+00:00,1286213,056,490,23,0,1789173209,,,SCHEDULED
2026-09-12T00:24:07.040797+00:00,1286213,056,491,24,0,1789173287,,,SCHEDULED
2026-09-12T00:24:07.040797+00:00,1286213,056,492,25,0,1789173326,,,SCHEDULED
2026-09-12T00:24:07.040797+00:00,1286213,056,493,26,0,1789173363,,,SCHEDULED
2026-09-12T00:24:07.040797+00:00,1286213,056,494,27,0,1789173390,,,SCHEDULED
2026-09-12T00:24:07.040797+00:00,1286213,056,3831,28,0,1789173564,,,SCHEDULED
2026-09-12T00:24:07.040797+00:00,1286213,056,3832,29,0,1789173625,,,SCHEDULED
2026-09-12T00:24:07.040797+00:00,1286213,056,3833,30,0,1789173658,,,SCHEDULED
2026-09-12T00:24:07.040797+00:00,1286213,056,3834,31,0,1789173727,,,SCHEDULED
2026-09-12T00:24:07.040797+00:00,1286213,056,3939,32,0,1789173863,,,SCHEDULED
2026-09-12T00:24:07.040797+00:00,1286213,056,5107,33,0,1789173903,,,SCHEDULED
2026-09-12T00:24:07.040797+00:00,1286213,056,4020,34,0,1789173943,,,SCHEDULED
2026-09-12T00:24:07.040797+00:00,1286213,056,4021,35,0,1789173989,,,SCHEDULED
2026-09-12T00:24:07.040797+00:00,1286213,056,4022,36,0,1789174040,,,SCHEDULED
2026-09-12T00:24:07.040797+00:00,1286213,056,242,37,0,1789174129,,,SCHEDULED
2026-09-12T00:24:07.040797+00:00,1286213,056,243,38,0,1789174178,,,SCHEDULED
2026-09-12T00:24:07.040797+00:00,1286213,056,244,39,0,1789174218,,,SCHEDULED
2026-09-12T00:24:07.040797+00:00,1286213,056,1038,40,0,1789174290,,,SCHEDULED
2026-09-12T00:24:07.040797+00:00,1286213,056,4019,41,0,1789174336,,,SCHEDULED
2026-09-12T00:24:07.040797+00:00,1286455,062,2254,55,0,1789172597,,,SCHEDULED
2026-09-12T00:24:07.040797+00:00,1286455,062,519,56,0,1789172622,,,SCHEDULED
2026-09-12T00:24:07.040797+00:00,1286455,062,521,57,0,1789172676,,,SCHEDULED
2026-09-12T00:24:07.040797+00:00,1286455,062,522,58,0,1789172748,,,SCHEDULED
2026-09-12T00:24:07.040797+00:00,1286455,062,525,59,0,1789172852,,,SCHEDULED
2026-09-12T00:24:07.040797+00:00,1286455,062,526,60,0,1789172980,,,SCHEDULED
2026-09-12T00:24:07.040797+00:00,1286455,062,527,61,0,1789173012,,,SCHEDULED
2026-09-12T00:24:07.040797+00:00,1286455,062,528,62,0,1789173044,,,SCHEDULED
2026-09-12T00:24:07.040797+00:00,1286455,062,5252,63,0,1789173172,,,SCHEDULED
2026-09-12T00:24:07.040797+00:00,1286455,062,531,64,0,1789173204,,,SCHEDULED
2026-09-12T00:24:07.040797+00:00,1286455,062,116,65,0,1789173256,,,SCHEDULED
2026-09-12T00:24:07.040797+00:00,1287701,086,3151,14,0,1789172637,,,SCHEDULED
2026-09-12T00:24:07.040797+00:00,1287701,086,3152,15,0,1789172681,,,SCHEDULED
2026-09-12T00:24:07.040797+00:00,1287701,086,3153,16,0,1789172718,,,SCHEDULED
2026-09-12T00:24:07.040797+00:00,1287701,086,3154,17,0,1789172758,,,SCHEDULED
2026-09-12T00:24:07.040797+00:00,1287701,086,3155,18,0,1789172799,,,SCHEDULED
2026-09-12T00:24:07.040797+00:00,1287701,086,3156,19,0,1789172839,,,SCHEDULED
2026-09-12T00:24:07.040797+00:00,1287701,086,3157,20,0,1789172887,,,SCHEDULED
2026-09-12T00:24:07.040797+00:00,1287701,086,3158,21,0,1789172940,,,SCHEDULED
2026-09-12T00:24:07.040797+00:00,1287701,086,3159,22,0,1789173010,,,SCHEDULED
2026-09-12T00:24:07.040797+00:00,1287701,086,3160,23,0,1789173051,,,SCHEDULED
2026-09-12T00:24:07.040797+00:00,1287701,086,3161,24,0,1789173101,,,SCHEDULED
2026-09-12T00:24:07.040797+00:00,1287701,086,3163,25,0,1789173205,,,SCHEDULED
2026-09-12T00:24:07.040797+00:00,1287701,086,3164,26,0,1789173251,,,SCHEDULED
2026-09-12T00:24:07.040797+00:00,1287701,086,699,27,0,1789173286,,,SCHEDULED
2026-09-12T00:24:07.040797+00:00,1287701,086,703,28,0,1789173448,,,SCHEDULED
2026-09-12T00:24:07.040797+00:00,1287701,086,700,29,0,1789173486,,,SCHEDULED
2026-09-12T00:24:07.040797+00:00,1287701,086,706,30,0,1789173526,,,SCHEDULED
2026-09-12T00:24:07.040797+00:00,1287701,086,707,31,0,1789173569,,,SCHEDULED
2026-09-12T00:24:07.040797+00:00,1287701,086,708,32,0,1789173600,,,SCHEDULED
2026-09-12T00:24:07.040797+00:00,1287701,086,834,33,0,1789173664,,,SCHEDULED
2026-09-12T00:24:07.040797+00:00,1287701,086,835,34,0,1789173752,,,SCHEDULED
2026-09-12T00:24:07.040797+00:00,1287701,086,836,35,0,1789173776,,,SCHEDULED
2026-09-12T00:24:07.040797+00:00,1287701,086,838,36,0,1789173822,,,SCHEDULED
2026-09-12T00:24:07.040797+00:00,1287701,086,839,37,0,1789173865,,,SCHEDULED
2026-09-12T00:24:07.040797+00:00,1287701,086,840,38,0,1789173924,,,SCHEDULED
2026-09-12T00:24:07.040797+00:00,1287701,086,581,39,0,1789173972,,,SCHEDULED
2026-09-12T00:24:07.040797+00:00,1287701,086,582,40,0,1789174010,,,SCHEDULED
2026-09-12T00:24:07.040797+00:00,1287701,086,583,41,0,1789174058,,,SCHEDULED
2026-09-12T00:24:07.040797+00:00,1287701,086,584,42,0,1789174095,,,SCHEDULED
2026-09-12T00:24:07.040797+00:00,1287701,086,585,43,0,1789174162,,,SCHEDULED
2026-09-12T00:24:07.040797+00:00,1287701,086,586,44,0,1789174237,,,SCHEDULED
2026-09-12T00:24:07.040797+00:00,1285009,021,1070,1,,,0,1789173960,SCHEDULED
2026-09-12T00:24:07.040797+00:00,1285009,021,3327,2,0,1789174002,,,SCHEDULED
2026-09-12T00:24:07.040797+00:00,1285009,021,3328,3,0,1789174070,,,SCHEDULED
2026-09-12T00:24:07.040797+00:00,1285009,021,3329,4,0,1789174122,,,SCHEDULED
2026-09-12T00:24:07.040797+00:00,1285009,021,3330,5,0,1789174174,,,SCHEDULED
2026-09-12T00:24:07.040797+00:00,1285009,021,3331,6,0,1789174253,,,SCHEDULED
2026-09-12T00:24:07.040797+00:00,1285009,021,3706,7,0,1789174315,,,SCHEDULED
2026-09-12T00:24:07.040797+00:00,1287547,084,3001,54,0,1789172635,,,SCHEDULED
2026-09-12T00:24:07.040797+00:00,1287547,084,3002,55,0,1789172693,,,SCHEDULED
2026-09-12T00:24:07.040797+00:00,1287547,084,3003,56,0,1789172736,,,SCHEDULED
2026-09-12T00:24:07.040797+00:00,1287547,084,3004,57,0,1789172788,,,SCHEDULED
2026-09-12T00:24:07.040797+00:00,1287547,084,3005,58,0,1789172846,,,SCHEDULED
2026-09-12T00:24:07.040797+00:00,1287547,084,3006,59,0,1789172898,,,SCHEDULED
2026-09-12T00:24:07.040797+00:00,1287547,084,3007,60,0,1789172921,,,SCHEDULED
2026-09-12T00:24:07.040797+00:00,1287547,084,2749,61,0,1789172940,,,SCHEDULED
2026-09-12T00:24:07.040797+00:00,1287547,084,2750,62,0,1789173012,,,SCHEDULED
2026-09-12T00:24:07.040797+00:00,1287547,084,2751,63,0,1789173096,,,SCHEDULED
2026-09-12T00:24:07.040797+00:00,1287547,084,2752,64,0,1789173161,,,SCHEDULED
2026-09-12T00:24:07.040797+00:00,1287789,087,291,1,,,0,1789172880,SCHEDULED
2026-09-12T00:24:07.040797+00:00,1287789,087,274,2,0,1789173167,,,SCHEDULED
2026-09-12T00:24:07.040797+00:00,1287789,087,275,3,0,1789173540,,,SCHEDULED
2026-09-12T00:24:07.040797+00:00,1287789,087,3893,4,0,1789173796,,,SCHEDULED
2026-09-12T00:24:07.040797+00:00,1287789,087,3894,5,0,1789173905,,,SCHEDULED
2026-09-12T00:24:07.040797+00:00,1287789,087,3895,6,0,1789173965,,,SCHEDULED
2026-09-12T00:24:07.040797+00:00,1287789,087,3896,7,0,1789174038,,,SCHEDULED
2026-09-12T00:24:07.040797+00:00,1287789,087,3897,8,0,1789174095,,,SCHEDULED
2026-09-12T00:24:07.040797+00:00,1287789,087,3898,9,0,1789174182,,,SCHEDULED
2026-09-12T00:24:07.040797+00:00,1287789,087,3899,10,0,1789174235,,,SCHEDULED
2026-09-12T00:24:07.040797+00:00,1287789,087,3900,11,0,1789174320,,,SCHEDULED
2026-09-12T00:24:07.040797+00:00,1287702,086,418,1,,,0,1789172760,SCHEDULED
2026-09-12T00:24:07.040797+00:00,1287702,086,4763,2,0,1789172803,,,SCHEDULED
2026-09-12T00:24:07.040797+00:00,1287702,086,113,3,0,1789172832,,,SCHEDULED
2026-09-12T00:24:07.040797+00:00,1287702,086,525,4,0,1789172869,,,SCHEDULED
2026-09-12T00:24:07.040797+00:00,1287702,086,526,5,0,1789172921,,,SCHEDULED
2026-09-12T00:24:07.040797+00:00,1287702,086,527,6,0,1789172939,,,SCHEDULED
2026-09-12T00:24:07.040797+00:00,1287702,086,528,7,0,1789172956,,,SCHEDULED
2026-09-12T00:24:07.040797+00:00,1287702,086,5252,8,0,1789173026,,,SCHEDULED
2026-09-12T00:24:07.040797+00:00,1287702,086,531,9,0,1789173044,,,SCHEDULED
2026-09-12T00:24:07.040797+00:00,1287702,086,3146,10,0,1789173641,,,SCHEDULED
2026-09-12T00:24:07.040797+00:00,1287702,086,3148,11,0,1789173711,,,SCHEDULED
2026-09-12T00:24:07.040797+00:00,1287702,086,3149,12,0,1789173786,,,SCHEDULED
2026-09-12T00:24:07.040797+00:00,1287702,086,3150,13,0,1789173845,,,SCHEDULED
2026-09-12T00:24:07.040797+00:00,1287702,086,3151,14,0,1789173897,,,SCHEDULED
2026-09-12T00:24:07.040797+00:00,1287702,086,3152,15,0,1789173941,,,SCHEDULED
2026-09-12T00:24:07.040797+00:00,1287702,086,3153,16,0,1789173978,,,SCHEDULED
2026-09-12T00:24:07.040797+00:00,1287702,086,3154,17,0,1789174018,,,SCHEDULED
2026-09-12T00:24:07.040797+00:00,1287702,086,3155,18,0,1789174059,,,SCHEDULED
2026-09-12T00:24:07.040797+00:00,1287702,086,3156,19,0,1789174099,,,SCHEDULED
2026-09-12T00:24:07.040797+00:00,1287702,086,3157,20,0,1789174147,,,SCHEDULED
2026-09-12T00:24:07.040797+00:00,1287702,086,3158,21,0,1789174200,,,SCHEDULED
2026-09-12T00:24:07.040797+00:00,1287702,086,3159,22,0,1789174270,,,SCHEDULED
2026-09-12T00:24:07.040797+00:00,1287702,086,3160,23,0,1789174311,,,SCHEDULED
2026-09-12T00:24:07.040797+00:00,1287702,086,3161,24,0,1789174361,,,SCHEDULED
2026-09-12T00:24:07.040797+00:00,1287819,087,241,1,,,0,1789173900,SCHEDULED
2026-09-12T00:24:07.040797+00:00,1287819,087,1255,2,0,1789174098,,,SCHEDULED
2026-09-12T00:24:07.040797+00:00,1287819,087,1263,3,0,1789174171,,,SCHEDULED
2026-09-12T00:24:07.040797+00:00,1287819,087,3179,4,0,1789174199,,,SCHEDULED
2026-09-12T00:24:07.040797+00:00,1287819,087,3180,5,0,1789174286,,,SCHEDULED
2026-09-12T00:24:07.040797+00:00,1287819,087,3181,6,0,1789174345,,,SCHEDULED
2026-09-12T00:24:07.040797+00:00,1288190,106,976,15,0,1789172722,,,SCHEDULED
2026-09-12T00:24:07.040797+00:00,1288190,106,977,16,0,1789172751,,,SCHEDULED
2026-09-12T00:24:07.040797+00:00,1288190,106,978,17,0,1789172770,,,SCHEDULED
2026-09-12T00:24:07.040797+00:00,1288190,106,979,18,0,1789172791,,,SCHEDULED
2026-09-12T00:24:07.040797+00:00,1288190,106,980,19,0,1789172814,,,SCHEDULED
2026-09-12T00:24:07.040797+00:00,1288190,106,981,20,0,1789172842,,,SCHEDULED
2026-09-12T00:24:07.040797+00:00,1288190,106,983,21,0,1789172890,,,SCHEDULED
2026-09-12T00:24:07.040797+00:00,1288190,106,984,22,0,1789172913,,,SCHEDULED
2026-09-12T00:24:07.040797+00:00,1288190,106,985,23,0,1789172930,,,SCHEDULED
2026-09-12T00:24:07.040797+00:00,1288190,106,986,24,0,1789172962,,,SCHEDULED
2026-09-12T00:24:07.040797+00:00,1288190,106,987,25,0,1789173026,,,SCHEDULED
2026-09-12T00:24:07.040797+00:00,1288190,106,988,26,0,1789173043,,,SCHEDULED
2026-09-12T00:24:07.040797+00:00,1288190,106,989,27,0,1789173063,,,SCHEDULED
2026-09-12T00:24:07.040797+00:00,1288190,106,990,28,0,1789173096,,,SCHEDULED
2026-09-12T00:24:07.040797+00:00,1288190,106,992,29,0,1789173139,,,SCHEDULED
2026-09-12T00:24:07.040797+00:00,1288190,106,993,30,0,1789173166,,,SCHEDULED
2026-09-12T00:24:07.040797+00:00,1288190,106,994,31,0,1789173199,,,SCHEDULED
2026-09-12T00:24:07.040797+00:00,1288190,106,995,32,0,1789173246,,,SCHEDULED
2026-09-12T00:24:07.040797+00:00,1288190,106,997,33,0,1789173275,,,SCHEDULED
2026-09-12T00:24:07.040797+00:00,1288190,106,998,34,0,1789173322,,,SCHEDULED
2026-09-12T00:24:07.040797+00:00,1288190,106,999,35,0,1789173359,,,SCHEDULED
2026-09-12T00:24:07.040797+00:00,1288190,106,1000,36,0,1789173392,,,SCHEDULED
2026-09-12T00:24:07.040797+00:00,1288190,106,1001,37,0,1789173421,,,SCHEDULED
2026-09-12T00:24:07.040797+00:00,1288190,106,1002,38,0,1789173461,,,SCHEDULED
2026-09-12T00:24:07.040797+00:00,1288190,106,1003,39,0,1789173490,,,SCHEDULED
2026-09-12T00:24:07.040797+00:00,1288190,106,2357,40,0,1789173538,,,SCHEDULED
2026-09-12T00:24:07.040797+00:00,1288190,106,1005,41,0,1789173563,,,SCHEDULED
2026-09-12T00:24:07.040797+00:00,1288190,106,1006,42,0,1789173587,,,SCHEDULED
2026-09-12T00:24:07.040797+00:00,1288190,106,1007,43,0,1789173611,,,SCHEDULED
2026-09-12T00:24:07.040797+00:00,1288190,106,450,44,0,1789173640,,,SCHEDULED
2026-09-12T00:24:07.040797+00:00,1288190,106,1008,45,0,1789173656,,,SCHEDULED
2026-09-12T00:24:07.040797+00:00,1288190,106,1009,46,0,1789173673,,,SCHEDULED
2026-09-12T00:24:07.040797+00:00,1288190,106,1010,47,0,1789173715,,,SCHEDULED
2026-09-12T00:24:07.040797+00:00,1288190,106,1011,48,0,1789173749,,,SCHEDULED
2026-09-12T00:24:07.040797+00:00,1288190,106,1012,49,0,1789173802,,,SCHEDULED
2026-09-12T00:24:07.040797+00:00,1288190,106,1013,50,0,1789173828,,,SCHEDULED
2026-09-12T00:24:07.040797+00:00,1288190,106,1014,51,0,1789173862,,,SCHEDULED
2026-09-12T00:24:07.040797+00:00,1288190,106,1016,52,0,1789173908,,,SCHEDULED
2026-09-12T00:24:07.040797+00:00,1288190,106,1017,53,0,1789173942,,,SCHEDULED
2026-09-12T00:24:07.040797+00:00,1288190,106,476,54,0,1789173969,,,SCHEDULED
2026-09-12T00:24:07.040797+00:00,1288190,106,477,55,0,1789173982,,,SCHEDULED
2026-09-12T00:24:07.040797+00:00,1288190,106,4134,56,0,1789174016,,,SCHEDULED
2026-09-12T00:24:07.040797+00:00,1288190,106,4136,57,0,1789174066,,,SCHEDULED
2026-09-12T00:24:07.040797+00:00,1288190,106,4137,58,0,1789174119,,,SCHEDULED
2026-09-12T00:24:07.040797+00:00,1284392,011,605,35,0,1789173007,,,SCHEDULED
2026-09-12T00:24:07.040797+00:00,1284392,011,606,36,0,1789173083,,,SCHEDULED
2026-09-12T00:24:07.040797+00:00,1284392,011,608,37,0,1789173128,,,SCHEDULED
2026-09-12T00:24:07.040797+00:00,1284392,011,607,38,0,1789173192,,,SCHEDULED
2026-09-12T00:24:07.040797+00:00,1284392,011,8922,39,0,1789173622,,,SCHEDULED
2026-09-12T00:24:07.040797+00:00,1284392,011,8923,40,0,1789173668,,,SCHEDULED
2026-09-12T00:24:07.040797+00:00,1284392,011,8924,41,0,1789173701,,,SCHEDULED
2026-09-12T00:24:07.040797+00:00,1284392,011,8925,42,0,1789173736,,,SCHEDULED
2026-09-12T00:24:07.040797+00:00,1284392,011,8926,43,0,1789173782,,,SCHEDULED
2026-09-12T00:24:07.040797+00:00,1284392,011,8927,44,0,1789173831,,,SCHEDULED
2026-09-12T00:24:07.040797+00:00,1284392,011,4710,45,0,1789174017,,,SCHEDULED
2026-09-12T00:24:07.040797+00:00,1284392,011,8928,46,0,1789174082,,,SCHEDULED
2026-09-12T00:24:07.040797+00:00,1284392,011,8929,47,0,1789174185,,,SCHEDULED
2026-09-12T00:24:07.040797+00:00,1284392,011,8930,48,0,1789174234,,,SCHEDULED
2026-09-12T00:24:07.040797+00:00,1284392,011,543,49,0,1789174285,,,SCHEDULED
2026-09-12T00:24:07.040797+00:00,1284392,011,5348,50,0,1789174378,,,SCHEDULED
2026-09-12T00:24:07.040797+00:00,1288195,109,3465,26,0,1789172521,,,SCHEDULED
2026-09-12T00:24:07.040797+00:00,1288195,109,3477,27,0,1789172576,,,SCHEDULED
2026-09-12T00:24:07.040797+00:00,1288195,109,3478,28,0,1789172658,,,SCHEDULED
2026-09-12T00:24:07.040797+00:00,1288195,109,3479,29,0,1789172696,,,SCHEDULED
2026-09-12T00:24:07.040797+00:00,1288195,109,3480,30,0,1789172766,,,SCHEDULED
2026-09-12T00:24:07.040797+00:00,1288195,109,3464,31,0,1789172824,,,SCHEDULED
2026-09-12T00:24:07.040797+00:00,1288195,109,3481,32,0,1789172898,,,SCHEDULED
2026-09-12T00:24:07.040797+00:00,1288195,109,3482,33,0,1789172962,,,SCHEDULED
2026-09-12T00:24:07.040797+00:00,1288195,109,3483,34,0,1789173057,,,SCHEDULED
2026-09-12T00:24:07.040797+00:00,1284391,011,2501,2,0,1789172703,,,SCHEDULED
2026-09-12T00:24:07.040797+00:00,1284391,011,5353,3,0,1789172728,,,SCHEDULED
2026-09-12T00:24:07.040797+00:00,1284391,011,3214,4,0,1789172792,,,SCHEDULED
2026-09-12T00:24:07.040797+00:00,1284391,011,2276,5,0,1789172833,,,SCHEDULED
2026-09-12T00:24:07.040797+00:00,1284391,011,8303,6,0,1789172880,,,SCHEDULED
2026-09-12T00:24:07.040797+00:00,1284391,011,8302,7,0,1789172926,,,SCHEDULED
2026-09-12T00:24:07.040797+00:00,1284391,011,1046,8,0,1789173032,,,SCHEDULED
2026-09-12T00:24:07.040797+00:00,1284391,011,1047,9,0,1789173108,,,SCHEDULED
2026-09-12T00:24:07.040797+00:00,1284391,011,1049,10,0,1789173153,,,SCHEDULED
2026-09-12T00:24:07.040797+00:00,1284391,011,1050,11,0,1789173188,,,SCHEDULED
2026-09-12T00:24:07.040797+00:00,1284391,011,1051,12,0,1789173222,,,SCHEDULED
2026-09-12T00:24:07.040797+00:00,1284391,011,215,13,0,1789173396,,,SCHEDULED
2026-09-12T00:24:07.040797+00:00,1284391,011,216,14,0,1789173425,,,SCHEDULED
2026-09-12T00:24:07.040797+00:00,1284391,011,217,15,0,1789173448,,,SCHEDULED
2026-09-12T00:24:07.040797+00:00,1284391,011,218,16,0,1789173473,,,SCHEDULED
2026-09-12T00:24:07.040797+00:00,1284391,011,219,17,0,1789173493,,,SCHEDULED
2026-09-12T00:24:07.040797+00:00,1284391,011,1926,18,0,1789173528,,,SCHEDULED
2026-09-12T00:24:07.040797+00:00,1284391,011,1940,19,0,1789173558,,,SCHEDULED
2026-09-12T00:24:07.040797+00:00,1284391,011,1770,20,0,1789173608,,,SCHEDULED
2026-09-12T00:24:07.040797+00:00,1284391,011,1771,21,0,1789173639,,,SCHEDULED
2026-09-12T00:24:07.040797+00:00,1284391,011,1772,22,0,1789173685,,,SCHEDULED
2026-09-12T00:24:07.040797+00:00,1284391,011,1773,23,0,1789173746,,,SCHEDULED
2026-09-12T00:24:07.040797+00:00,1284391,011,1774,24,0,1789173811,,,SCHEDULED
2026-09-12T00:24:07.040797+00:00,1284391,011,1775,25,0,1789173853,,,SCHEDULED
2026-09-12T00:24:07.040797+00:00,1284391,011,1776,26,0,1789173880,,,SCHEDULED
2026-09-12T00:24:07.040797+00:00,1284391,011,325,27,0,1789174006,,,SCHEDULED
2026-09-12T00:24:07.040797+00:00,1284391,011,327,29,0,1789174068,,,SCHEDULED
2026-09-12T00:24:07.040797+00:00,1284391,011,328,30,0,1789174098,,,SCHEDULED
2026-09-12T00:24:07.040797+00:00,1284391,011,329,31,0,1789174147,,,SCHEDULED
2026-09-12T00:24:07.040797+00:00,1284391,011,330,32,0,1789174196,,,SCHEDULED
2026-09-12T00:24:07.040797+00:00,1284391,011,331,33,0,1789174226,,,SCHEDULED
2026-09-12T00:24:07.040797+00:00,1284391,011,668,34,0,1789174287,,,SCHEDULED
2026-09-12T00:24:07.040797+00:00,1288196,109,5305,1,,,,,NO_DATA
2026-09-12T00:24:07.040797+00:00,1288196,109,221,2,,,,,NO_DATA
2026-09-12T00:24:07.040797+00:00,1288196,109,222,3,,,,,NO_DATA
2026-09-12T00:24:07.040797+00:00,1288196,109,223,4,,,,,NO_DATA
2026-09-12T00:24:07.040797+00:00,1288196,109,225,5,,,,,NO_DATA
2026-09-12T00:24:07.040797+00:00,1288196,109,226,6,,,,,NO_DATA
2026-09-12T00:24:07.040797+00:00,1288196,109,108,7,,,,,NO_DATA
2026-09-12T00:24:07.040797+00:00,1288196,109,109,8,,,,,NO_DATA
2026-09-12T00:24:07.040797+00:00,1288196,109,111,9,,,,,NO_DATA
2026-09-12T00:24:07.040797+00:00,1288196,109,1782,10,,,,,NO_DATA
2026-09-12T00:24:07.040797+00:00,1288196,109,1784,11,,,,,NO_DATA
2026-09-12T00:24:07.040797+00:00,1288196,109,1785,12,,,,,NO_DATA
2026-09-12T00:24:07.040797+00:00,1288196,109,1790,13,,,,,NO_DATA
2026-09-12T00:24:07.040797+00:00,1288196,109,1792,14,,,,,NO_DATA
2026-09-12T00:24:07.040797+00:00,1288196,109,1793,15,,,,,NO_DATA
2026-09-12T00:24:07.040797+00:00,1285010,021,3708,9,0,1789172695,,,SCHEDULED
2026-09-12T00:24:07.040797+00:00,1285010,021,3709,10,0,1789172760,,,SCHEDULED
2026-09-12T00:24:07.040797+00:00,1285010,021,3710,11,0,1789172810,,,SCHEDULED
2026-09-12T00:24:07.040797+00:00,1285010,021,3711,12,0,1789172873,,,SCHEDULED
2026-09-12T00:24:07.040797+00:00,1285010,021,3712,13,0,1789172949,,,SCHEDULED
2026-09-12T00:24:07.040797+00:00,1285010,021,3713,14,0,1789173060,,,SCHEDULED
2026-09-12T00:24:07.040797+00:00,1285010,021,1184,15,0,1789173240,,,SCHEDULED
2026-09-12T00:24:07.040797+00:00,1285010,021,3301,16,0,1789173270,,,SCHEDULED
2026-09-12T00:24:07.040797+00:00,1285010,021,1200,17,0,1789173360,,,SCHEDULED
2026-09-12T00:24:07.040797+00:00,1285010,021,1201,18,0,1789173410,,,SCHEDULED
2026-09-12T00:24:07.040797+00:00,1285010,021,1202,19,0,1789173451,,,SCHEDULED
2026-09-12T00:24:07.040797+00:00,1285010,021,1203,20,0,1789173491,,,SCHEDULED
2026-09-12T00:24:07.040797+00:00,1285010,021,1204,21,0,1789173544,,,SCHEDULED
2026-09-12T00:24:07.040797+00:00,1285010,021,1205,22,0,1789173598,,,SCHEDULED
2026-09-12T00:24:07.040797+00:00,1285010,021,1206,23,0,1789173655,,,SCHEDULED
2026-09-12T00:24:07.040797+00:00,1285010,021,1207,24,0,1789173806,,,SCHEDULED
2026-09-12T00:24:07.040797+00:00,1285010,021,2719,25,0,1789173976,,,SCHEDULED
2026-09-12T00:24:07.040797+00:00,1285010,021,2934,26,0,1789174027,,,SCHEDULED
2026-09-12T00:24:07.040797+00:00,1285010,021,2935,27,0,1789174070,,,SCHEDULED
2026-09-12T00:24:07.040797+00:00,1286464,062,4140,1,,,0,1789173660,SCHEDULED
2026-09-12T00:24:07.040797+00:00,1286464,062,4141,2,0,1789173735,,,SCHEDULED
2026-09-12T00:24:07.040797+00:00,1286464,062,4142,3,0,1789173787,,,SCHEDULED
2026-09-12T00:24:07.040797+00:00,1286464,062,4143,4,0,1789173865,,,SCHEDULED
2026-09-12T00:24:07.040797+00:00,1286464,062,5251,5,0,1789173935,,,SCHEDULED
2026-09-12T00:24:07.040797+00:00,1286464,062,4144,6,0,1789173966,,,SCHEDULED
2026-09-12T00:24:07.040797+00:00,1286464,062,4145,7,0,1789173984,,,SCHEDULED
2026-09-12T00:24:07.040797+00:00,1286464,062,4146,8,0,1789174018,,,SCHEDULED
2026-09-12T00:24:07.040797+00:00,1286464,062,506,9,0,1789174086,,,SCHEDULED
2026-09-12T00:24:07.040797+00:00,1286464,062,507,10,0,1789174114,,,SCHEDULED
2026-09-12T00:24:07.040797+00:00,1286464,062,508,11,0,1789174187,,,SCHEDULED
2026-09-12T00:24:07.040797+00:00,1286464,062,509,12,0,1789174216,,,SCHEDULED
2026-09-12T00:24:07.040797+00:00,1286464,062,510,13,0,1789174247,,,SCHEDULED
2026-09-12T00:24:07.040797+00:00,1286464,062,511,14,0,1789174286,,,SCHEDULED
2026-09-12T00:24:07.040797+00:00,1286464,062,513,15,0,1789174320,,,SCHEDULED
2026-09-12T00:24:07.040797+00:00,1286464,062,514,16,0,1789174371,,,SCHEDULED
2026-09-12T00:24:07.040797+00:00,1288487,177,664,1,,,0,1789172940,SCHEDULED
2026-09-12T00:24:07.040797+00:00,1288487,177,8006,2,0,1789172991,,,SCHEDULED
2026-09-12T00:24:07.040797+00:00,1288487,177,8007,3,0,1789173031,,,SCHEDULED
2026-09-12T00:24:07.040797+00:00,1288487,177,844,4,0,1789173090,,,SCHEDULED
2026-09-12T00:24:07.040797+00:00,1288487,177,4199,5,0,1789173130,,,SCHEDULED
2026-09-12T00:24:07.040797+00:00,1288487,177,4200,6,0,1789173164,,,SCHEDULED
2026-09-12T00:24:07.040797+00:00,1288486,177,664,1,,,0,1789173840,SCHEDULED
2026-09-12T00:24:07.040797+00:00,1288486,177,8006,2,0,1789173891,,,SCHEDULED
2026-09-12T00:24:07.040797+00:00,1288486,177,8007,3,0,1789173931,,,SCHEDULED
2026-09-12T00:24:07.040797+00:00,1288486,177,844,4,0,1789173990,,,SCHEDULED
2026-09-12T00:24:07.040797+00:00,1288486,177,4199,5,0,1789174030,,,SCHEDULED
2026-09-12T00:24:07.040797+00:00,1288486,177,4200,6,0,1789174064,,,SCHEDULED
2026-09-12T00:24:07.040797+00:00,1286582,067,286,2,0,1789172850,,,SCHEDULED
2026-09-12T00:24:07.040797+00:00,1286582,067,4439,3,0,1789172918,,,SCHEDULED
2026-09-12T00:24:07.040797+00:00,1286582,067,4440,4,0,1789173021,,,SCHEDULED
2026-09-12T00:24:07.040797+00:00,1286582,067,4441,5,0,1789173073,,,SCHEDULED
2026-09-12T00:24:07.040797+00:00,1286582,067,4015,6,0,1789173158,,,SCHEDULED
2026-09-12T00:24:07.040797+00:00,1286582,067,4016,7,0,1789173210,,,SCHEDULED
2026-09-12T00:24:07.040797+00:00,1286582,067,4017,8,0,1789173268,,,SCHEDULED
2026-09-12T00:24:07.040797+00:00,1286582,067,3914,9,0,1789173350,,,SCHEDULED
2026-09-12T00:24:07.040797+00:00,1286582,067,3220,10,0,1789173409,,,SCHEDULED
2026-09-12T00:24:07.040797+00:00,1286582,067,3222,11,0,1789173536,,,SCHEDULED
2026-09-12T00:24:07.040797+00:00,1286582,067,3223,12,0,1789173590,,,SCHEDULED
2026-09-12T00:24:07.040797+00:00,1286582,067,3224,13,0,1789173632,,,SCHEDULED
2026-09-12T00:24:07.040797+00:00,1286582,067,3225,14,0,1789173704,,,SCHEDULED
2026-09-12T00:24:07.040797+00:00,1286582,067,2062,15,0,1789173818,,,SCHEDULED
2026-09-12T00:24:07.040797+00:00,1286582,067,2063,16,0,1789173856,,,SCHEDULED
2026-09-12T00:24:07.040797+00:00,1286582,067,6508,17,0,1789173889,,,SCHEDULED
2026-09-12T00:24:07.040797+00:00,1286582,067,2174,18,0,1789174021,,,SCHEDULED
2026-09-12T00:24:07.040797+00:00,1286582,067,2160,19,0,1789174079,,,SCHEDULED
2026-09-12T00:24:07.040797+00:00,1286582,067,2597,20,0,1789174124,,,SCHEDULED
2026-09-12T00:24:07.040797+00:00,1286582,067,2598,21,0,1789174155,,,SCHEDULED
2026-09-12T00:24:07.040797+00:00,1286582,067,2599,22,0,1789174193,,,SCHEDULED
2026-09-12T00:24:07.040797+00:00,1286582,067,2600,23,0,1789174257,,,SCHEDULED
2026-09-12T00:24:07.040797+00:00,1286582,067,2601,24,0,1789174320,,,SCHEDULED
2026-09-12T00:24:07.040797+00:00,1286582,067,2602,25,0,1789174374,,,SCHEDULED
2026-09-12T00:24:07.040797+00:00,1285012,021,2735,40,0,1789172655,,,SCHEDULED
2026-09-12T00:24:07.040797+00:00,1285012,021,2736,41,0,1789172728,,,SCHEDULED
2026-09-12T00:24:07.040797+00:00,1285012,021,2737,42,0,1789172763,,,SCHEDULED
2026-09-12T00:24:07.040797+00:00,1285012,021,2738,43,0,1789172790,,,SCHEDULED
2026-09-12T00:24:07.040797+00:00,1287671,086,702,19,0,1789172652,,,SCHEDULED
2026-09-12T00:24:07.040797+00:00,1287671,086,3240,20,0,1789172878,,,SCHEDULED
2026-09-12T00:24:07.040797+00:00,1287671,086,3241,21,0,1789172908,,,SCHEDULED
2026-09-12T00:24:07.040797+00:00,1287671,086,3242,22,0,1789172932,,,SCHEDULED
2026-09-12T00:24:07.040797+00:00,1287671,086,3243,23,0,1789173021,,,SCHEDULED
2026-09-12T00:24:07.040797+00:00,1287671,086,3244,24,0,1789173050,,,SCHEDULED
2026-09-12T00:24:07.040797+00:00,1287671,086,3246,25,0,1789173153,,,SCHEDULED
2026-09-12T00:24:07.040797+00:00,1287671,086,3247,26,0,1789173203,,,SCHEDULED
2026-09-12T00:24:07.040797+00:00,1287671,086,3248,27,0,1789173250,,,SCHEDULED
2026-09-12T00:24:07.040797+00:00,1287671,086,3249,28,0,1789173294,,,SCHEDULED
2026-09-12T00:24:07.040797+00:00,1287671,086,3250,29,0,1789173329,,,SCHEDULED
2026-09-12T00:24:07.040797+00:00,1287671,086,3251,30,0,1789173355,,,SCHEDULED
2026-09-12T00:24:07.040797+00:00,1287671,086,3252,31,0,1789173403,,,SCHEDULED
2026-09-12T00:24:07.040797+00:00,1287671,086,3253,32,0,1789173446,,,SCHEDULED
2026-09-12T00:24:07.040797+00:00,1287671,086,3254,33,0,1789173490,,,SCHEDULED
2026-09-12T00:24:07.040797+00:00,1287671,086,3255,34,0,1789173536,,,SCHEDULED
2026-09-12T00:24:07.040797+00:00,1287671,086,3256,35,0,1789173592,,,SCHEDULED
2026-09-12T00:24:07.040797+00:00,1287671,086,3257,36,0,1789173645,,,SCHEDULED
2026-09-12T00:24:07.040797+00:00,1287671,086,3259,37,0,1789173719,,,SCHEDULED
2026-09-12T00:24:07.040797+00:00,1287671,086,413,38,0,1789174281,,,SCHEDULED
2026-09-12T00:24:07.040797+00:00,1287671,086,414,39,0,1789174307,,,SCHEDULED
2026-09-12T00:24:07.040797+00:00,1287671,086,415,40,0,1789174342,,,SCHEDULED
2026-09-12T00:24:07.040797+00:00,1287671,086,416,41,0,1789174368,,,SCHEDULED
2026-09-12T00:24:07.040797+00:00,1285011,021,2722,28,0,1789172738,,,SCHEDULED
2026-09-12T00:24:07.040797+00:00,1285011,021,2723,29,0,1789172809,,,SCHEDULED
2026-09-12T00:24:07.040797+00:00,1285011,021,2724,30,0,1789172893,,,SCHEDULED
2026-09-12T00:24:07.040797+00:00,1285011,021,2726,31,0,1789172982,,,SCHEDULED
2026-09-12T00:24:07.040797+00:00,1285011,021,2727,32,0,1789173011,,,SCHEDULED
2026-09-12T00:24:07.040797+00:00,1285011,021,2728,33,0,1789173055,,,SCHEDULED
2026-09-12T00:24:07.040797+00:00,1285011,021,2729,34,0,1789173114,,,SCHEDULED
2026-09-12T00:24:07.040797+00:00,1285011,021,2730,35,0,1789173157,,,SCHEDULED
2026-09-12T00:24:07.040797+00:00,1285011,021,2731,36,0,1789173233,,,SCHEDULED
2026-09-12T00:24:07.040797+00:00,1285011,021,2732,37,0,1789173260,,,SCHEDULED
2026-09-12T00:24:07.040797+00:00,1285011,021,2733,38,0,1789173338,,,SCHEDULED
2026-09-12T00:24:07.040797+00:00,1285011,021,2734,39,0,1789173389,,,SCHEDULED
2026-09-12T00:24:07.040797+00:00,1285011,021,2735,40,0,1789173460,,,SCHEDULED
2026-09-12T00:24:07.040797+00:00,1285011,021,2736,41,0,1789173533,,,SCHEDULED
2026-09-12T00:24:07.040797+00:00,1285011,021,2737,42,0,1789173568,,,SCHEDULED
2026-09-12T00:24:07.040797+00:00,1285011,021,2738,43,0,1789173595,,,SCHEDULED
2026-09-12T00:24:07.040797+00:00,1286583,067,887,1,,,0,1789174380,SCHEDULED
2026-09-12T00:24:07.040797+00:00,1286346,061,4140,1,,,0,1789173000,SCHEDULED
2026-09-12T00:24:07.040797+00:00,1286346,061,4361,2,0,1789173066,,,SCHEDULED
2026-09-12T00:24:07.040797+00:00,1286346,061,4362,3,0,1789173101,,,SCHEDULED
2026-09-12T00:24:07.040797+00:00,1286346,061,4360,4,0,1789173134,,,SCHEDULED
2026-09-12T00:24:07.040797+00:00,1286346,061,4363,5,0,1789173170,,,SCHEDULED
2026-09-12T00:24:07.040797+00:00,1286346,061,4364,6,0,1789173227,,,SCHEDULED
2026-09-12T00:24:07.040797+00:00,1286346,061,4365,7,0,1789173258,,,SCHEDULED
2026-09-12T00:24:07.040797+00:00,1286346,061,4811,8,0,1789173384,,,SCHEDULED
2026-09-12T00:24:07.040797+00:00,1286346,061,4810,9,0,1789173444,,,SCHEDULED
2026-09-12T00:24:07.040797+00:00,1286346,061,4266,10,0,1789173495,,,SCHEDULED
2026-09-12T00:24:07.040797+00:00,1286346,061,4267,11,0,1789173546,,,SCHEDULED
2026-09-12T00:24:07.040797+00:00,1286346,061,4268,12,0,1789173583,,,SCHEDULED
2026-09-12T00:24:07.040797+00:00,1286346,061,187,13,0,1789173698,,,SCHEDULED
2026-09-12T00:24:07.040797+00:00,1286346,061,189,14,0,1789173756,,,SCHEDULED
2026-09-12T00:24:07.040797+00:00,1286346,061,1034,15,0,1789173855,,,SCHEDULED
2026-09-12T00:24:07.040797+00:00,1286346,061,1035,16,0,1789173900,,,SCHEDULED
2026-09-12T00:24:07.040797+00:00,1286346,061,6101,17,0,1789173970,,,SCHEDULED
2026-09-12T00:24:07.040797+00:00,1286346,061,2282,18,0,1789174156,,,SCHEDULED
2026-09-12T00:24:07.040797+00:00,1286346,061,2283,19,0,1789174182,,,SCHEDULED
2026-09-12T00:24:07.040797+00:00,1286346,061,2284,20,0,1789174216,,,SCHEDULED
2026-09-12T00:24:07.040797+00:00,1286346,061,2285,21,0,1789174252,,,SCHEDULED
2026-09-12T00:24:07.040797+00:00,1286346,061,2286,22,0,1789174298,,,SCHEDULED
2026-09-12T00:24:07.040797+00:00,1286346,061,2287,23,0,1789174343,,,SCHEDULED
2026-09-12T00:24:07.040797+00:00,1286346,061,2288,24,0,1789174380,,,SCHEDULED
2026-09-12T00:24:07.040797+00:00,1286742,068,2399,54,0,1789172763,,,SCHEDULED
2026-09-12T00:24:07.040797+00:00,1286742,068,2400,55,0,1789172803,,,SCHEDULED
2026-09-12T00:24:07.040797+00:00,1286742,068,2401,56,0,1789172821,,,SCHEDULED
2026-09-12T00:24:07.040797+00:00,1286742,068,2402,57,0,1789172880,,,SCHEDULED
2026-09-12T00:24:07.040797+00:00,1286742,068,2403,58,0,1789172991,,,SCHEDULED
2026-09-12T00:24:07.040797+00:00,1286742,068,2404,59,0,1789173037,,,SCHEDULED
2026-09-12T00:24:07.040797+00:00,1286742,068,2405,60,0,1789173093,,,SCHEDULED
2026-09-12T00:24:07.040797+00:00,1286742,068,2406,61,0,1789173145,,,SCHEDULED
2026-09-12T00:24:07.040797+00:00,1286742,068,2407,62,0,1789173194,,,SCHEDULED
2026-09-12T00:24:07.040797+00:00,1286742,068,2408,63,0,1789173260,,,SCHEDULED
2026-09-12T00:24:07.040797+00:00,1286742,068,2409,64,0,1789173295,,,SCHEDULED
2026-09-12T00:24:07.040797+00:00,1286742,068,2410,65,0,1789173344,,,SCHEDULED
2026-09-12T00:24:07.040797+00:00,1286742,068,3939,66,0,1789173529,,,SCHEDULED
2026-09-12T00:24:07.040797+00:00,1286742,068,5107,67,0,1789173578,,,SCHEDULED
2026-09-12T00:24:07.040797+00:00,1286742,068,4020,68,0,1789173631,,,SCHEDULED
2026-09-12T00:24:07.040797+00:00,1286742,068,4021,69,0,1789173687,,,SCHEDULED
2026-09-12T00:24:07.040797+00:00,1286742,068,4022,70,0,1789173749,,,SCHEDULED
2026-09-12T00:24:07.040797+00:00,1286742,068,242,71,0,1789173851,,,SCHEDULED
2026-09-12T00:24:07.040797+00:00,1286742,068,243,72,0,1789173907,,,SCHEDULED
2026-09-12T00:24:07.040797+00:00,1286742,068,244,73,0,1789173956,,,SCHEDULED
2026-09-12T00:24:07.040797+00:00,1286742,068,1038,74,0,1789174032,,,SCHEDULED
2026-09-12T00:24:07.040797+00:00,1286742,068,4019,75,0,1789174099,,,SCHEDULED
2026-09-12T00:24:07.040797+00:00,1287952,088,615,15,0,1789172785,,,SCHEDULED
2026-09-12T00:24:07.040797+00:00,1287952,088,616,16,0,1789172817,,,SCHEDULED
2026-09-12T00:24:07.040797+00:00,1287952,088,617,17,0,1789172856,,,SCHEDULED
2026-09-12T00:24:07.040797+00:00,1287952,088,618,18,0,1789172899,,,SCHEDULED
2026-09-12T00:24:07.040797+00:00,1287952,088,619,19,0,1789172952,,,SCHEDULED
2026-09-12T00:24:07.040797+00:00,1287952,088,620,20,0,1789172986,,,SCHEDULED
2026-09-12T00:24:07.040797+00:00,1287952,088,621,21,0,1789173036,,,SCHEDULED
2026-09-12T00:24:07.040797+00:00,1287952,088,622,22,0,1789173089,,,SCHEDULED
2026-09-12T00:24:07.040797+00:00,1287952,088,623,23,0,1789173116,,,SCHEDULED
2026-09-12T00:24:07.040797+00:00,1287952,088,624,24,0,1789173164,,,SCHEDULED
2026-09-12T00:24:07.040797+00:00,1287952,088,625,25,0,1789173223,,,SCHEDULED
2026-09-12T00:24:07.040797+00:00,1287952,088,626,26,0,1789173296,,,SCHEDULED
2026-09-12T00:24:07.040797+00:00,1287952,088,5271,27,0,1789173382,,,SCHEDULED
2026-09-12T00:24:07.040797+00:00,1286347,061,2287,23,0,1789172643,,,SCHEDULED
2026-09-12T00:24:07.040797+00:00,1286347,061,2288,24,0,1789172680,,,SCHEDULED
2026-09-12T00:24:07.040797+00:00,1286347,061,2289,25,0,1789172738,,,SCHEDULED
2026-09-12T00:24:07.040797+00:00,1286347,061,2290,26,0,1789172800,,,SCHEDULED
2026-09-12T00:24:07.040797+00:00,1286347,061,2291,27,0,1789172850,,,SCHEDULED
2026-09-12T00:24:07.040797+00:00,1286347,061,2292,28,0,1789172979,,,SCHEDULED
2026-09-12T00:24:07.040797+00:00,1286347,061,2293,29,0,1789173054,,,SCHEDULED
2026-09-12T00:24:07.040797+00:00,1286347,061,2294,30,0,1789173092,,,SCHEDULED
2026-09-12T00:24:07.040797+00:00,1286347,061,2295,31,0,1789173154,,,SCHEDULED
2026-09-12T00:24:07.040797+00:00,1286347,061,2296,32,0,1789173216,,,SCHEDULED
2026-09-12T00:24:07.040797+00:00,1286347,061,2297,33,0,1789173270,,,SCHEDULED
2026-09-12T00:24:07.040797+00:00,1286347,061,2298,34,0,1789173400,,,SCHEDULED
2026-09-12T00:24:07.040797+00:00,1286347,061,2299,35,0,1789173438,,,SCHEDULED
2026-09-12T00:24:07.040797+00:00,1286347,061,2300,36,0,1789173463,,,SCHEDULED
2026-09-12T00:24:07.040797+00:00,1286347,061,2301,37,0,1789173509,,,SCHEDULED
2026-09-12T00:24:07.040797+00:00,1286347,061,2302,38,0,1789173555,,,SCHEDULED
2026-09-12T00:24:07.040797+00:00,1286347,061,2303,39,0,1789173573,,,SCHEDULED
2026-09-12T00:24:07.040797+00:00,1286347,061,2304,40,0,1789173599,,,SCHEDULED
2026-09-12T00:24:07.040797+00:00,1286347,061,2305,41,0,1789173640,,,SCHEDULED
2026-09-12T00:24:07.040797+00:00,1286347,061,2306,42,0,1789173660,,,SCHEDULED
2026-09-12T00:24:07.040797+00:00,1286347,061,2307,43,0,1789173688,,,SCHEDULED
2026-09-12T00:24:07.040797+00:00,1286347,061,2308,44,0,1789173719,,,SCHEDULED
2026-09-12T00:24:07.040797+00:00,1286347,061,2309,45,0,1789173760,,,SCHEDULED
2026-09-12T00:24:07.040797+00:00,1286347,061,1999,46,0,1789173804,,,SCHEDULED
2026-09-12T00:24:07.040797+00:00,1286347,061,1998,47,0,1789173898,,,SCHEDULED
2026-09-12T00:24:07.040797+00:00,1286347,061,2001,48,0,1789173930,,,SCHEDULED
2026-09-12T00:24:07.040797+00:00,1286347,061,2002,49,0,1789173987,,,SCHEDULED
2026-09-12T00:24:07.040797+00:00,1286347,061,2003,50,0,1789174063,,,SCHEDULED
2026-09-12T00:24:07.040797+00:00,1286347,061,2004,51,0,1789174120,,,SCHEDULED
2026-09-12T00:24:07.040797+00:00,1286347,061,2005,52,0,1789174161,,,SCHEDULED
2026-09-12T00:24:07.040797+00:00,1286347,061,2006,53,0,1789174214,,,SCHEDULED
2026-09-12T00:24:07.040797+00:00,1286347,061,2007,54,0,1789174255,,,SCHEDULED
2026-09-12T00:24:07.040797+00:00,1286347,061,2008,55,0,1789174284,,,SCHEDULED
2026-09-12T00:24:07.040797+00:00,1286347,061,2010,56,0,1789174360,,,SCHEDULED
2026-09-12T00:24:07.040797+00:00,1286347,061,2011,57,0,1789174416,,,SCHEDULED
2026-09-12T00:24:07.040797+00:00,1287950,088,418,1,,,0,1789174140,SCHEDULED
2026-09-12T00:24:07.040797+00:00,1287950,088,4763,2,0,1789174176,,,SCHEDULED
2026-09-12T00:24:07.040797+00:00,1287950,088,113,3,0,1789174200,,,SCHEDULED
2026-09-12T00:24:07.040797+00:00,1287950,088,525,4,0,1789174239,,,SCHEDULED
2026-09-12T00:24:07.040797+00:00,1287950,088,526,5,0,1789174283,,,SCHEDULED
2026-09-12T00:24:07.040797+00:00,1287950,088,527,6,0,1789174298,,,SCHEDULED
2026-09-12T00:24:07.040797+00:00,1287950,088,528,7,0,1789174313,,,SCHEDULED
2026-09-12T00:24:07.040797+00:00,1287950,088,5252,8,0,1789174372,,,SCHEDULED
2026-09-12T00:24:07.040797+00:00,1284048,001,3349,15,0,1789172686,,,SCHEDULED
2026-09-12T00:24:07.040797+00:00,1284048,001,3350,16,0,1789172747,,,SCHEDULED
2026-09-12T00:24:07.040797+00:00,1284048,001,3351,17,0,1789172803,,,SCHEDULED
2026-09-12T00:24:07.040797+00:00,1284048,001,3352,18,0,1789172867,,,SCHEDULED
2026-09-12T00:24:07.040797+00:00,1284048,001,3353,19,0,1789172920,,,SCHEDULED
2026-09-12T00:24:07.040797+00:00,1284048,001,3354,20,0,1789172968,,,SCHEDULED
2026-09-12T00:24:07.040797+00:00,1284048,001,3355,21,0,1789173032,,,SCHEDULED
2026-09-12T00:24:07.040797+00:00,1284048,001,3356,22,0,1789173093,,,SCHEDULED
2026-09-12T00:24:07.040797+00:00,1284048,001,3357,23,0,1789173125,,,SCHEDULED
2026-09-12T00:24:07.040797+00:00,1284048,001,563,24,0,1789173240,,,SCHEDULED
2026-09-12T00:24:07.040797+00:00,1284048,001,565,25,0,1789173310,,,SCHEDULED
2026-09-12T00:24:07.040797+00:00,1284048,001,566,26,0,1789173376,,,SCHEDULED
2026-09-12T00:24:07.040797+00:00,1284048,001,567,27,0,1789173411,,,SCHEDULED
2026-09-12T00:24:07.040797+00:00,1284048,001,568,28,0,1789173500,,,SCHEDULED
2026-09-12T00:24:07.040797+00:00,1284048,001,570,29,0,1789173561,,,SCHEDULED
2026-09-12T00:24:07.040797+00:00,1284048,001,573,30,0,1789173632,,,SCHEDULED
2026-09-12T00:24:07.040797+00:00,1284048,001,3097,31,0,1789173674,,,SCHEDULED
2026-09-12T00:24:07.040797+00:00,1284048,001,3098,32,0,1789173727,,,SCHEDULED
2026-09-12T00:24:07.040797+00:00,1286740,068,1099,1,,,0,1789173469,SCHEDULED
2026-09-12T00:24:07.040797+00:00,1286740,068,2645,2,0,1789173580,,,SCHEDULED
2026-09-12T00:24:07.040797+00:00,1286740,068,2643,3,0,1789173598,,,SCHEDULED
2026-09-12T00:24:07.040797+00:00,1286740,068,2644,4,0,1789173654,,,SCHEDULED
2026-09-12T00:24:07.040797+00:00,1286740,068,2646,5,0,1789173740,,,SCHEDULED
2026-09-12T00:24:07.040797+00:00,1286740,068,2647,6,0,1789173768,,,SCHEDULED
2026-09-12T00:24:07.040797+00:00,1284047,001,570,29,0,1789172661,,,SCHEDULED
2026-09-12T00:24:07.040797+00:00,1284047,001,573,30,0,1789172732,,,SCHEDULED
2026-09-12T00:24:07.040797+00:00,1284047,001,3097,31,0,1789172774,,,SCHEDULED
2026-09-12T00:24:07.040797+00:00,1284047,001,3098,32,0,1789172827,,,SCHEDULED
2026-09-12T00:24:07.040797+00:00,1287951,088,526,5,0,1789172635,,,SCHEDULED
2026-09-12T00:24:07.040797+00:00,1287951,088,527,6,0,1789172650,,,SCHEDULED
2026-09-12T00:24:07.040797+00:00,1287951,088,528,7,0,1789172665,,,SCHEDULED
2026-09-12T00:24:07.040797+00:00,1287951,088,5252,8,0,1789172724,,,SCHEDULED
2026-09-12T00:24:07.040797+00:00,1287951,088,531,9,0,1789172739,,,SCHEDULED
2026-09-12T00:24:07.040797+00:00,1287951,088,610,10,0,1789173148,,,SCHEDULED
2026-09-12T00:24:07.040797+00:00,1287951,088,611,11,0,1789173170,,,SCHEDULED
2026-09-12T00:24:07.040797+00:00,1287951,088,612,12,0,1789173198,,,SCHEDULED
2026-09-12T00:24:07.040797+00:00,1287951,088,613,13,0,1789173227,,,SCHEDULED
2026-09-12T00:24:07.040797+00:00,1287951,088,614,14,0,1789173272,,,SCHEDULED
2026-09-12T00:24:07.040797+00:00,1287951,088,615,15,0,1789173433,,,SCHEDULED
2026-09-12T00:24:07.040797+00:00,1287951,088,616,16,0,1789173465,,,SCHEDULED
2026-09-12T00:24:07.040797+00:00,1287951,088,617,17,0,1789173504,,,SCHEDULED
2026-09-12T00:24:07.040797+00:00,1287951,088,618,18,0,1789173547,,,SCHEDULED
2026-09-12T00:24:07.040797+00:00,1287951,088,619,19,0,1789173600,,,SCHEDULED
2026-09-12T00:24:07.040797+00:00,1287951,088,620,20,0,1789173634,,,SCHEDULED
2026-09-12T00:24:07.040797+00:00,1287951,088,621,21,0,1789173684,,,SCHEDULED
2026-09-12T00:24:07.040797+00:00,1287951,088,622,22,0,1789173737,,,SCHEDULED
2026-09-12T00:24:07.040797+00:00,1287951,088,623,23,0,1789173764,,,SCHEDULED
2026-09-12T00:24:07.040797+00:00,1287951,088,624,24,0,1789173812,,,SCHEDULED
2026-09-12T00:24:07.040797+00:00,1287951,088,625,25,0,1789173871,,,SCHEDULED
2026-09-12T00:24:07.040797+00:00,1287951,088,626,26,0,1789173944,,,SCHEDULED
2026-09-12T00:24:07.040797+00:00,1287951,088,5271,27,0,1789174030,,,SCHEDULED
2026-09-12T00:24:07.040797+00:00,1288401,176,658,1,,,0,1789173540,SCHEDULED
2026-09-12T00:24:07.040797+00:00,1288401,176,832,2,0,1789173665,,,SCHEDULED
2026-09-12T00:24:07.040797+00:00,1288401,176,3845,3,0,1789173691,,,SCHEDULED
2026-09-12T00:24:07.040797+00:00,1288401,176,795,4,0,1789173773,,,SCHEDULED
2026-09-12T00:24:07.040797+00:00,1288401,176,870,5,0,1789173867,,,SCHEDULED
2026-09-12T00:24:07.040797+00:00,1286741,068,1798,20,0,1789172574,,,SCHEDULED
2026-09-12T00:24:07.040797+00:00,1286741,068,1930,21,0,1789172653,,,SCHEDULED
2026-09-12T00:24:07.040797+00:00,1286741,068,1931,22,0,1789172700,,,SCHEDULED
2026-09-12T00:24:07.040797+00:00,1286741,068,1949,23,0,1789172752,,,SCHEDULED
2026-09-12T00:24:07.040797+00:00,1286741,068,1932,24,0,1789172782,,,SCHEDULED
2026-09-12T00:24:07.040797+00:00,1286741,068,1933,25,0,1789172847,,,SCHEDULED
2026-09-12T00:24:07.040797+00:00,1286741,068,1934,26,0,1789172911,,,SCHEDULED
2026-09-12T00:24:07.040797+00:00,1286741,068,1935,27,0,1789172954,,,SCHEDULED
2026-09-12T00:24:07.040797+00:00,1286741,068,2657,28,0,1789173028,,,SCHEDULED
2026-09-12T00:24:07.040797+00:00,1286741,068,2658,29,0,1789173060,,,SCHEDULED
2026-09-12T00:24:07.040797+00:00,1286741,068,2659,30,0,1789173082,,,SCHEDULED
2026-09-12T00:24:07.040797+00:00,1286741,068,2660,31,0,1789173130,,,SCHEDULED
2026-09-12T00:24:07.040797+00:00,1286741,068,2662,32,0,1789173211,,,SCHEDULED
2026-09-12T00:24:07.040797+00:00,1286741,068,2664,33,0,1789173273,,,SCHEDULED
2026-09-12T00:24:07.040797+00:00,1286741,068,2665,34,0,1789173328,,,SCHEDULED
2026-09-12T00:24:07.040797+00:00,1286741,068,2666,35,0,1789173368,,,SCHEDULED
2026-09-12T00:24:07.040797+00:00,1286741,068,2667,36,0,1789173420,,,SCHEDULED
2026-09-12T00:24:07.040797+00:00,1286741,068,2670,37,0,1789173508,,,SCHEDULED
2026-09-12T00:24:07.040797+00:00,1286741,068,2671,38,0,1789173539,,,SCHEDULED
2026-09-12T00:24:07.040797+00:00,1286741,068,2672,39,0,1789173573,,,SCHEDULED
2026-09-12T00:24:07.040797+00:00,1286741,068,2675,40,0,1789173625,,,SCHEDULED
2026-09-12T00:24:07.040797+00:00,1286741,068,2676,41,0,1789173665,,,SCHEDULED
2026-09-12T00:24:07.040797+00:00,1286741,068,2679,42,0,1789173688,,,SCHEDULED
2026-09-12T00:24:07.040797+00:00,1286741,068,2680,43,0,1789173731,,,SCHEDULED
2026-09-12T00:24:07.040797+00:00,1286741,068,2681,44,0,1789173757,,,SCHEDULED
2026-09-12T00:24:07.040797+00:00,1286741,068,2678,45,0,1789173814,,,SCHEDULED
2026-09-12T00:24:07.040797+00:00,1286741,068,2682,46,0,1789173840,,,SCHEDULED
2026-09-12T00:24:07.040797+00:00,1286741,068,1857,47,0,1789174018,,,SCHEDULED
2026-09-12T00:24:07.040797+00:00,1286741,068,1858,48,0,1789174055,,,SCHEDULED
2026-09-12T00:24:07.040797+00:00,1286741,068,1859,49,0,1789174159,,,SCHEDULED
2026-09-12T00:24:07.040797+00:00,1286741,068,1860,50,0,1789174228,,,SCHEDULED
2026-09-12T00:24:07.040797+00:00,1286741,068,1861,51,0,1789174251,,,SCHEDULED
2026-09-12T00:24:07.040797+00:00,1286741,068,1862,52,0,1789174302,,,SCHEDULED
2026-09-12T00:24:07.040797+00:00,1285777,038,307,1,,,0,1789172940,SCHEDULED
2026-09-12T00:24:07.040797+00:00,1285777,038,1600,2,0,1789173102,,,SCHEDULED
2026-09-12T00:24:07.040797+00:00,1285777,038,3650,3,0,1789173218,,,SCHEDULED
2026-09-12T00:24:07.040797+00:00,1285777,038,3651,4,0,1789173297,,,SCHEDULED
2026-09-12T00:24:07.040797+00:00,1285777,038,3652,5,0,1789173351,,,SCHEDULED
2026-09-12T00:24:07.040797+00:00,1285777,038,3653,6,0,1789173392,,,SCHEDULED
2026-09-12T00:24:07.040797+00:00,1285777,038,3654,7,0,1789173434,,,SCHEDULED
2026-09-12T00:24:07.040797+00:00,1285777,038,3655,8,0,1789173488,,,SCHEDULED
2026-09-12T00:24:07.040797+00:00,1285777,038,3656,9,0,1789173546,,,SCHEDULED
2026-09-12T00:24:07.040797+00:00,1285777,038,3657,10,0,1789173604,,,SCHEDULED
2026-09-12T00:24:07.040797+00:00,1285777,038,1807,11,0,1789173679,,,SCHEDULED
2026-09-12T00:24:07.040797+00:00,1285777,038,1808,12,0,1789173742,,,SCHEDULED
2026-09-12T00:24:07.040797+00:00,1285777,038,1809,13,0,1789173783,,,SCHEDULED
2026-09-12T00:24:07.040797+00:00,1285777,038,1810,14,0,1789173845,,,SCHEDULED
2026-09-12T00:24:07.040797+00:00,1285777,038,1811,15,0,1789173900,,,SCHEDULED
2026-09-12T00:24:07.040797+00:00,1285777,038,938,16,0,1789174016,,,SCHEDULED
2026-09-12T00:24:07.040797+00:00,1285777,038,940,17,0,1789174072,,,SCHEDULED
2026-09-12T00:24:07.040797+00:00,1285777,038,941,18,0,1789174102,,,SCHEDULED
2026-09-12T00:24:07.040797+00:00,1285777,038,2633,19,0,1789174166,,,SCHEDULED
2026-09-12T00:24:07.040797+00:00,1285777,038,9812,20,0,1789174200,,,SCHEDULED
2026-09-12T00:24:07.040797+00:00,1285777,038,2629,21,0,1789174238,,,SCHEDULED
2026-09-12T00:24:07.040797+00:00,1285777,038,2634,22,0,1789174269,,,SCHEDULED
2026-09-12T00:24:07.040797+00:00,1285777,038,2635,23,0,1789174320,,,SCHEDULED
2026-09-12T00:24:07.040797+00:00,1285898,051,3131,1,,,0,1789173900,SCHEDULED
2026-09-12T00:24:07.040797+00:00,1285898,051,1884,2,0,1789173980,,,SCHEDULED
2026-09-12T00:24:07.040797+00:00,1285898,051,1885,3,0,1789174068,,,SCHEDULED
2026-09-12T00:24:07.040797+00:00,1285898,051,1887,4,0,1789174158,,,SCHEDULED
2026-09-12T00:24:07.040797+00:00,1285898,051,1888,5,0,1789174194,,,SCHEDULED
2026-09-12T00:24:07.040797+00:00,1285898,051,1889,6,0,1789174268,,,SCHEDULED
2026-09-12T00:24:07.040797+00:00,1285898,051,1890,7,0,1789174320,,,SCHEDULED
2026-09-12T00:24:07.040797+00:00,1285898,051,1891,8,0,1789174372,,,SCHEDULED
2026-09-12T00:24:07.040797+00:00,1284049,001,1184,1,,,0,1789172700,SCHEDULED
2026-09-12T00:24:07.040797+00:00,1284049,001,3301,2,0,1789172726,,,SCHEDULED
2026-09-12T00:24:07.040797+00:00,1284049,001,1187,3,0,1789172775,,,SCHEDULED
2026-09-12T00:24:07.040797+00:00,1284049,001,1188,4,0,1789172839,,,SCHEDULED
2026-09-12T00:24:07.040797+00:00,1284049,001,1189,5,0,1789172894,,,SCHEDULED
2026-09-12T00:24:07.040797+00:00,1284049,001,1190,6,0,1789173010,,,SCHEDULED
2026-09-12T00:24:07.040797+00:00,1284049,001,1191,7,0,1789173056,,,SCHEDULED
2026-09-12T00:24:07.040797+00:00,1284049,001,1192,8,0,1789173100,,,SCHEDULED
2026-09-12T00:24:07.040797+00:00,1284049,001,1193,9,0,1789173146,,,SCHEDULED
2026-09-12T00:24:07.040797+00:00,1284049,001,1195,10,0,1789173230,,,SCHEDULED
2026-09-12T00:24:07.040797+00:00,1284049,001,1196,11,0,1789173317,,,SCHEDULED
2026-09-12T00:24:07.040797+00:00,1284049,001,1197,12,0,1789173364,,,SCHEDULED
2026-09-12T00:24:07.040797+00:00,1284049,001,1198,13,0,1789173393,,,SCHEDULED
2026-09-12T00:24:07.040797+00:00,1284049,001,3348,14,0,1789173480,,,SCHEDULED
2026-09-12T00:24:07.040797+00:00,1284049,001,3349,15,0,1789173586,,,SCHEDULED
2026-09-12T00:24:07.040797+00:00,1284049,001,3350,16,0,1789173647,,,SCHEDULED
2026-09-12T00:24:07.040797+00:00,1284049,001,3351,17,0,1789173703,,,SCHEDULED
2026-09-12T00:24:07.040797+00:00,1284049,001,3352,18,0,1789173767,,,SCHEDULED
2026-09-12T00:24:07.040797+00:00,1284049,001,3353,19,0,1789173820,,,SCHEDULED
2026-09-12T00:24:07.040797+00:00,1284049,001,3354,20,0,1789173868,,,SCHEDULED
2026-09-12T00:24:07.040797+00:00,1284049,001,3355,21,0,1789173932,,,SCHEDULED
2026-09-12T00:24:07.040797+00:00,1284049,001,3356,22,0,1789173993,,,SCHEDULED
2026-09-12T00:24:07.040797+00:00,1284049,001,3357,23,0,1789174025,,,SCHEDULED
2026-09-12T00:24:07.040797+00:00,1284049,001,563,24,0,1789174140,,,SCHEDULED
2026-09-12T00:24:07.040797+00:00,1284049,001,565,25,0,1789174210,,,SCHEDULED
2026-09-12T00:24:07.040797+00:00,1284049,001,566,26,0,1789174276,,,SCHEDULED
2026-09-12T00:24:07.040797+00:00,1284049,001,567,27,0,1789174311,,,SCHEDULED
2026-09-12T00:24:07.040797+00:00,1286348,061,2003,50,0,1789172634,,,SCHEDULED
2026-09-12T00:24:07.040797+00:00,1286348,061,2004,51,0,1789172691,,,SCHEDULED
2026-09-12T00:24:07.040797+00:00,1286348,061,2005,52,0,1789172732,,,SCHEDULED
2026-09-12T00:24:07.040797+00:00,1286348,061,2006,53,0,1789172785,,,SCHEDULED
2026-09-12T00:24:07.040797+00:00,1286348,061,2007,54,0,1789172826,,,SCHEDULED
2026-09-12T00:24:07.040797+00:00,1286348,061,2008,55,0,1789172855,,,SCHEDULED
2026-09-12T00:24:07.040797+00:00,1286348,061,2010,56,0,1789172931,,,SCHEDULED
2026-09-12T00:24:07.040797+00:00,1286348,061,2011,57,0,1789172987,,,SCHEDULED
2026-09-12T00:24:07.040797+00:00,1286348,061,2012,58,0,1789173036,,,SCHEDULED
2026-09-12T00:24:07.040797+00:00,1286348,061,2013,59,0,1789173082,,,SCHEDULED
2026-09-12T00:24:07.040797+00:00,1286348,061,2014,60,0,1789173148,,,SCHEDULED
2026-09-12T00:24:07.040797+00:00,1286348,061,2015,61,0,1789173241,,,SCHEDULED
2026-09-12T00:24:07.040797+00:00,1286348,061,2016,62,0,1789173294,,,SCHEDULED
2026-09-12T00:24:07.040797+00:00,1286348,061,2020,63,0,1789173346,,,SCHEDULED
2026-09-12T00:24:07.040797+00:00,1286348,061,2021,64,0,1789173419,,,SCHEDULED
2026-09-12T00:24:07.040797+00:00,1286348,061,3130,65,0,1789173492,,,SCHEDULED
2026-09-12T00:24:07.040797+00:00,1285778,038,1707,24,0,1789172716,,,SCHEDULED
2026-09-12T00:24:07.040797+00:00,1285778,038,1708,25,0,1789172756,,,SCHEDULED
2026-09-12T00:24:07.040797+00:00,1285778,038,1709,26,0,1789172805,,,SCHEDULED
2026-09-12T00:24:07.040797+00:00,1285778,038,1710,27,0,1789172866,,,SCHEDULED
2026-09-12T00:24:07.040797+00:00,1285778,038,1711,28,0,1789172919,,,SCHEDULED
2026-09-12T00:24:07.040797+00:00,1285778,038,519,29,0,1789172948,,,SCHEDULED
2026-09-12T00:24:07.040797+00:00,1285778,038,521,30,0,1789173001,,,SCHEDULED
2026-09-12T00:24:07.040797+00:00,1285778,038,522,31,0,1789173074,,,SCHEDULED
2026-09-12T00:24:07.040797+00:00,1285778,038,525,32,0,1789173180,,,SCHEDULED
2026-09-12T00:24:07.040797+00:00,1285778,038,526,33,0,1789173310,,,SCHEDULED
2026-09-12T00:24:07.040797+00:00,1285778,038,527,34,0,1789173343,,,SCHEDULED
2026-09-12T00:24:07.040797+00:00,1285778,038,528,35,0,1789173376,,,SCHEDULED
2026-09-12T00:24:07.040797+00:00,1285778,038,5252,36,0,1789173493,,,SCHEDULED
2026-09-12T00:24:07.040797+00:00,1285778,038,281,37,0,1789173599,,,SCHEDULED
2026-09-12T00:24:07.040797+00:00,1285899,051,3131,1,,,0,1789173000,SCHEDULED
2026-09-12T00:24:07.040797+00:00,1285899,051,1884,2,0,1789173080,,,SCHEDULED
2026-09-12T00:24:07.040797+00:00,1285899,051,1885,3,0,1789173168,,,SCHEDULED
2026-09-12T00:24:07.040797+00:00,1285899,051,1887,4,0,1789173258,,,SCHEDULED
2026-09-12T00:24:07.040797+00:00,1285899,051,1888,5,0,1789173294,,,SCHEDULED
2026-09-12T00:24:07.040797+00:00,1285899,051,1889,6,0,1789173368,,,SCHEDULED
2026-09-12T00:24:07.040797+00:00,1285899,051,1890,7,0,1789173420,,,SCHEDULED
2026-09-12T00:24:07.040797+00:00,1285899,051,1891,8,0,1789173472,,,SCHEDULED
2026-09-12T00:24:07.040797+00:00,1285899,051,1892,9,0,1789173540,,,SCHEDULED
2026-09-12T00:24:07.040797+00:00,1285899,051,1893,10,0,1789173573,,,SCHEDULED
2026-09-12T00:24:07.040797+00:00,1285899,051,1894,11,0,1789173620,,,SCHEDULED
2026-09-12T00:24:07.040797+00:00,1285899,051,1895,12,0,1789173669,,,SCHEDULED
2026-09-12T00:24:07.040797+00:00,1285899,051,1896,13,0,1789173700,,,SCHEDULED
2026-09-12T00:24:07.040797+00:00,1285899,051,1898,14,0,1789173765,,,SCHEDULED
2026-09-12T00:24:07.040797+00:00,1285899,051,1899,15,0,1789173808,,,SCHEDULED
2026-09-12T00:24:07.040797+00:00,1285899,051,1901,16,0,1789173851,,,SCHEDULED
2026-09-12T00:24:07.040797+00:00,1285899,051,1902,17,0,1789173888,,,SCHEDULED
2026-09-12T00:24:07.040797+00:00,1285899,051,1904,18,0,1789173960,,,SCHEDULED
2026-09-12T00:24:07.040797+00:00,1285899,051,1905,19,0,1789174004,,,SCHEDULED
2026-09-12T00:24:07.040797+00:00,1285899,051,1906,20,0,1789174052,,,SCHEDULED
2026-09-12T00:24:07.040797+00:00,1285899,051,1907,21,0,1789174100,,,SCHEDULED
2026-09-12T00:24:07.040797+00:00,1285899,051,1908,22,0,1789174136,,,SCHEDULED
2026-09-12T00:24:07.040797+00:00,1285899,051,1911,23,0,1789174228,,,SCHEDULED
2026-09-12T00:24:07.040797+00:00,1285899,051,1913,24,0,1789174325,,,SCHEDULED
2026-09-12T00:24:07.040797+00:00,1285419,026,3052,1,,,0,1789173240,SCHEDULED
2026-09-12T00:24:07.040797+00:00,1285419,026,3054,2,0,1789173309,,,SCHEDULED
2026-09-12T00:24:07.040797+00:00,1285419,026,3055,3,0,1789173365,,,SCHEDULED
2026-09-12T00:24:07.040797+00:00,1285419,026,3056,4,0,1789173414,,,SCHEDULED
2026-09-12T00:24:07.040797+00:00,1285419,026,3057,5,0,1789173446,,,SCHEDULED
2026-09-12T00:24:07.040797+00:00,1285419,026,3058,6,0,1789173497,,,SCHEDULED
2026-09-12T00:24:07.040797+00:00,1285419,026,3059,7,0,1789173541,,,SCHEDULED
2026-09-12T00:24:07.040797+00:00,1285419,026,3060,8,0,1789173600,,,SCHEDULED
2026-09-12T00:24:07.040797+00:00,1285419,026,3061,9,0,1789173650,,,SCHEDULED
2026-09-12T00:24:07.040797+00:00,1285419,026,3062,10,0,1789173709,,,SCHEDULED
2026-09-12T00:24:07.040797+00:00,1285419,026,3063,11,0,1789173777,,,SCHEDULED
2026-09-12T00:24:07.040797+00:00,1285419,026,3064,12,0,1789173833,,,SCHEDULED
2026-09-12T00:24:07.040797+00:00,1285419,026,3065,13,0,1789173868,,,SCHEDULED
2026-09-12T00:24:07.040797+00:00,1285419,026,3066,14,0,1789173907,,,SCHEDULED
2026-09-12T00:24:07.040797+00:00,1285419,026,629,15,0,1789174010,,,SCHEDULED
2026-09-12T00:24:07.040797+00:00,1285419,026,651,16,0,1789174111,,,SCHEDULED
2026-09-12T00:24:07.040797+00:00,1285419,026,544,17,0,1789174200,,,SCHEDULED
2026-09-12T00:24:07.040797+00:00,1288409,176,8005,5,0,1789172642,,,SCHEDULED
2026-09-12T00:24:07.040797+00:00,1288409,176,837,6,0,1789172705,,,SCHEDULED
2026-09-12T00:24:07.040797+00:00,1285928,051,1905,19,0,1789172674,,,SCHEDULED
2026-09-12T00:24:07.040797+00:00,1285928,051,1906,20,0,1789172729,,,SCHEDULED
2026-09-12T00:24:07.040797+00:00,1285928,051,1907,21,0,1789172783,,,SCHEDULED
2026-09-12T00:24:07.040797+00:00,1285928,051,1908,22,0,1789172823,,,SCHEDULED
2026-09-12T00:24:07.040797+00:00,1285928,051,1911,23,0,1789172927,,,SCHEDULED
2026-09-12T00:24:07.040797+00:00,1285928,051,1913,24,0,1789173036,,,SCHEDULED
2026-09-12T00:24:07.040797+00:00,1285928,051,1914,25,0,1789173100,,,SCHEDULED
2026-09-12T00:24:07.040797+00:00,1285928,051,1915,26,0,1789173165,,,SCHEDULED
2026-09-12T00:24:07.040797+00:00,1285928,051,1916,27,0,1789173218,,,SCHEDULED
2026-09-12T00:24:07.040797+00:00,1285928,051,1917,28,0,1789173268,,,SCHEDULED
2026-09-12T00:24:07.040797+00:00,1285928,051,1918,29,0,1789173330,,,SCHEDULED
2026-09-12T00:24:07.040797+00:00,1285928,051,1919,30,0,1789173376,,,SCHEDULED
2026-09-12T00:24:07.040797+00:00,1285928,051,1920,31,0,1789173399,,,SCHEDULED
2026-09-12T00:24:07.040797+00:00,1285928,051,1921,32,0,1789173429,,,SCHEDULED
2026-09-12T00:24:07.040797+00:00,1285928,051,1922,33,0,1789173468,,,SCHEDULED
2026-09-12T00:24:07.040797+00:00,1285928,051,1923,34,0,1789173495,,,SCHEDULED
2026-09-12T00:24:07.040797+00:00,1285928,051,1924,35,0,1789173545,,,SCHEDULED
2026-09-12T00:24:07.040797+00:00,1285928,051,1925,36,0,1789173595,,,SCHEDULED
2026-09-12T00:24:07.040797+00:00,1285928,051,1926,37,0,1789173645,,,SCHEDULED
2026-09-12T00:24:07.040797+00:00,1285928,051,1940,38,0,1789173678,,,SCHEDULED
2026-09-12T00:24:07.040797+00:00,1285928,051,320,39,0,1789173732,,,SCHEDULED
2026-09-12T00:24:07.040797+00:00,1285928,051,1209,40,0,1789173766,,,SCHEDULED
2026-09-12T00:24:07.040797+00:00,1285928,051,321,41,0,1789173804,,,SCHEDULED
2026-09-12T00:24:07.040797+00:00,1285928,051,322,42,0,1789173871,,,SCHEDULED
2026-09-12T00:24:07.040797+00:00,1285928,051,324,43,0,1789174005,,,SCHEDULED
2026-09-12T00:24:07.040797+00:00,1285928,051,325,44,0,1789174038,,,SCHEDULED
2026-09-12T00:24:07.040797+00:00,1285928,051,327,46,0,1789174105,,,SCHEDULED
2026-09-12T00:24:07.040797+00:00,1285928,051,328,47,0,1789174134,,,SCHEDULED
2026-09-12T00:24:07.040797+00:00,1285928,051,329,48,0,1789174185,,,SCHEDULED
2026-09-12T00:24:07.040797+00:00,1285928,051,330,49,0,1789174332,,,SCHEDULED
2026-09-12T00:24:07.040797+00:00,1285928,051,331,50,0,1789174423,,,SCHEDULED
2026-09-12T00:24:07.040797+00:00,1285807,038,282,1,,,0,1789172640,SCHEDULED
2026-09-12T00:24:07.040797+00:00,1285807,038,414,2,0,1789172891,,,SCHEDULED
2026-09-12T00:24:07.040797+00:00,1285807,038,415,3,0,1789172940,,,SCHEDULED
2026-09-12T00:24:07.040797+00:00,1285807,038,416,4,0,1789172976,,,SCHEDULED
2026-09-12T00:24:07.040797+00:00,1285807,038,418,5,0,1789173048,,,SCHEDULED
2026-09-12T00:24:07.040797+00:00,1285807,038,4763,6,0,1789173130,,,SCHEDULED
2026-09-12T00:24:07.040797+00:00,1285807,038,1716,7,0,1789173189,,,SCHEDULED
2026-09-12T00:24:07.040797+00:00,1285807,038,1717,8,0,1789173234,,,SCHEDULED
2026-09-12T00:24:07.040797+00:00,1285807,038,1718,9,0,1789173306,,,SCHEDULED
2026-09-12T00:24:07.040797+00:00,1285807,038,1720,10,0,1789173415,,,SCHEDULED
2026-09-12T00:24:07.040797+00:00,1285807,038,1721,11,0,1789173560,,,SCHEDULED
2026-09-12T00:24:07.040797+00:00,1285807,038,1722,12,0,1789173632,,,SCHEDULED
2026-09-12T00:24:07.040797+00:00,1285807,038,1723,13,0,1789173660,,,SCHEDULED
2026-09-12T00:24:07.040797+00:00,1285807,038,2651,14,0,1789173738,,,SCHEDULED
2026-09-12T00:24:07.040797+00:00,1285807,038,2653,15,0,1789173840,,,SCHEDULED
2026-09-12T00:24:07.040797+00:00,1285807,038,2654,16,0,1789173904,,,SCHEDULED
2026-09-12T00:24:07.040797+00:00,1285807,038,9811,17,0,1789173960,,,SCHEDULED
2026-09-12T00:24:07.040797+00:00,1285807,038,880,18,0,1789174027,,,SCHEDULED
2026-09-12T00:24:07.040797+00:00,1285807,038,881,19,0,1789174054,,,SCHEDULED
2026-09-12T00:24:07.040797+00:00,1285807,038,883,20,0,1789174128,,,SCHEDULED
2026-09-12T00:24:07.040797+00:00,1285807,038,884,21,0,1789174171,,,SCHEDULED
2026-09-12T00:24:07.040797+00:00,1285807,038,3717,22,0,1789174266,,,SCHEDULED
2026-09-12T00:24:07.040797+00:00,1285807,038,3718,23,0,1789174299,,,SCHEDULED
2026-09-12T00:24:07.040797+00:00,1285807,038,3719,24,0,1789174320,,,SCHEDULED
2026-09-12T00:24:07.040797+00:00,1285808,038,3720,25,0,1789172649,,,SCHEDULED
2026-09-12T00:24:07.040797+00:00,1285808,038,3721,26,0,1789172678,,,SCHEDULED
2026-09-12T00:24:07.040797+00:00,1285808,038,3722,27,0,1789172742,,,SCHEDULED
2026-09-12T00:24:07.040797+00:00,1285808,038,3723,28,0,1789172778,,,SCHEDULED
2026-09-12T00:24:07.040797+00:00,1285808,038,3724,29,0,1789172843,,,SCHEDULED
2026-09-12T00:24:07.040797+00:00,1285808,038,3725,30,0,1789172875,,,SCHEDULED
2026-09-12T00:24:07.040797+00:00,1285808,038,901,31,0,1789172922,,,SCHEDULED
2026-09-12T00:24:07.040797+00:00,1285808,038,902,32,0,1789172968,,,SCHEDULED
2026-09-12T00:24:07.040797+00:00,1285808,038,903,33,0,1789173026,,,SCHEDULED
2026-09-12T00:24:07.040797+00:00,1285808,038,905,34,0,1789173141,,,SCHEDULED
2026-09-12T00:24:07.040797+00:00,1285808,038,3143,35,0,1789173187,,,SCHEDULED
2026-09-12T00:24:07.040797+00:00,1285808,038,3144,36,0,1789173223,,,SCHEDULED
2026-09-12T00:24:07.040797+00:00,1285929,051,325,44,0,1789172635,,,SCHEDULED
2026-09-12T00:24:07.040797+00:00,1285929,051,327,46,0,1789172702,,,SCHEDULED
2026-09-12T00:24:07.040797+00:00,1285929,051,328,47,0,1789172731,,,SCHEDULED
2026-09-12T00:24:07.040797+00:00,1285929,051,329,48,0,1789172782,,,SCHEDULED
2026-09-12T00:24:07.040797+00:00,1285929,051,330,49,0,1789172929,,,SCHEDULED
2026-09-12T00:24:07.040797+00:00,1285929,051,331,50,0,1789173020,,,SCHEDULED
2026-09-12T00:24:07.040797+00:00,1288081,093,3099,2,0,1789172733,,,SCHEDULED
2026-09-12T00:24:07.040797+00:00,1288081,093,3100,3,0,1789172782,,,SCHEDULED
2026-09-12T00:24:07.040797+00:00,1288081,093,3101,4,0,1789172821,,,SCHEDULED
2026-09-12T00:24:07.040797+00:00,1288081,093,3102,5,0,1789172854,,,SCHEDULED
2026-09-12T00:24:07.040797+00:00,1288081,093,3103,6,0,1789172949,,,SCHEDULED
2026-09-12T00:24:07.040797+00:00,1288081,093,3503,7,0,1789172992,,,SCHEDULED
2026-09-12T00:24:07.040797+00:00,1288081,093,3504,8,0,1789173146,,,SCHEDULED
2026-09-12T00:24:07.040797+00:00,1288081,093,3505,9,0,1789173225,,,SCHEDULED
2026-09-12T00:24:07.040797+00:00,1288081,093,3520,10,0,1789173288,,,SCHEDULED
2026-09-12T00:24:07.040797+00:00,1288081,093,3521,11,0,1789173311,,,SCHEDULED
2026-09-12T00:24:07.040797+00:00,1288081,093,3522,12,0,1789173338,,,SCHEDULED
2026-09-12T00:24:07.040797+00:00,1288081,093,3523,13,0,1789173360,,,SCHEDULED
2026-09-12T00:24:07.040797+00:00,1288081,093,3524,14,0,1789173389,,,SCHEDULED
2026-09-12T00:24:07.040797+00:00,1288081,093,3526,15,0,1789173457,,,SCHEDULED
2026-09-12T00:24:07.040797+00:00,1288081,093,3527,16,0,1789173500,,,SCHEDULED
2026-09-12T00:24:07.040797+00:00,1288081,093,3530,17,0,1789173619,,,SCHEDULED
2026-09-12T00:24:07.040797+00:00,1288081,093,3531,18,0,1789173659,,,SCHEDULED
2026-09-12T00:24:07.040797+00:00,1288081,093,3532,19,0,1789173683,,,SCHEDULED
2026-09-12T00:24:07.040797+00:00,1288081,093,3533,20,0,1789173729,,,SCHEDULED
2026-09-12T00:24:07.040797+00:00,1288081,093,5346,21,0,1789173768,,,SCHEDULED
2026-09-12T00:24:07.040797+00:00,1288081,093,3534,22,0,1789173786,,,SCHEDULED
2026-09-12T00:24:07.040797+00:00,1288081,093,3535,23,0,1789173818,,,SCHEDULED
2026-09-12T00:24:07.040797+00:00,1288081,093,3536,24,0,1789173855,,,SCHEDULED
2026-09-12T00:24:07.040797+00:00,1288081,093,3537,25,0,1789173882,,,SCHEDULED
2026-09-12T00:24:07.040797+00:00,1288081,093,9933,26,0,1789174068,,,SCHEDULED
2026-09-12T00:24:07.040797+00:00,1288081,093,669,27,0,1789174165,,,SCHEDULED
2026-09-12T00:24:07.040797+00:00,1288081,093,4742,28,0,1789174224,,,SCHEDULED
2026-09-12T00:24:07.040797+00:00,1288081,093,4745,29,0,1789174300,,,SCHEDULED
2026-09-12T00:24:07.040797+00:00,1288081,093,4618,30,0,1789174402,,,SCHEDULED
2026-09-12T00:24:07.040797+00:00,1288082,093,3389,35,0,1789172701,,,SCHEDULED
2026-09-12T00:24:07.040797+00:00,1286580,067,2638,57,0,1789172657,,,SCHEDULED
2026-09-12T00:24:07.040797+00:00,1286580,067,2639,58,0,1789172714,,,SCHEDULED
2026-09-12T00:24:07.040797+00:00,1286580,067,1086,59,0,1789173300,,,SCHEDULED
2026-09-12T00:24:07.040797+00:00,1286580,067,1088,60,0,1789173356,,,SCHEDULED
2026-09-12T00:24:07.040797+00:00,1286580,067,1087,61,0,1789173392,,,SCHEDULED
2026-09-12T00:24:07.040797+00:00,1286580,067,2642,62,0,1789173424,,,SCHEDULED
2026-09-12T00:24:07.040797+00:00,1287790,087,3900,11,0,1789172691,,,SCHEDULED
2026-09-12T00:24:07.040797+00:00,1287790,087,3901,12,0,1789172773,,,SCHEDULED
2026-09-12T00:24:07.040797+00:00,1287790,087,3902,13,0,1789172825,,,SCHEDULED
2026-09-12T00:24:07.040797+00:00,1287790,087,3903,14,0,1789172972,,,SCHEDULED
2026-09-12T00:24:07.040797+00:00,1287790,087,3904,15,0,1789173028,,,SCHEDULED
2026-09-12T00:24:07.040797+00:00,1287790,087,3905,16,0,1789173123,,,SCHEDULED
2026-09-12T00:24:07.040797+00:00,1287790,087,1254,17,0,1789173214,,,SCHEDULED
2026-09-12T00:24:07.040797+00:00,1287790,087,1262,18,0,1789173314,,,SCHEDULED
2026-09-12T00:24:07.040797+00:00,1286581,067,2599,22,0,1789172662,,,SCHEDULED
2026-09-12T00:24:07.040797+00:00,1286581,067,2600,23,0,1789172726,,,SCHEDULED
2026-09-12T00:24:07.040797+00:00,1286581,067,2601,24,0,1789172789,,,SCHEDULED
2026-09-12T00:24:07.040797+00:00,1286581,067,2602,25,0,1789172843,,,SCHEDULED
2026-09-12T00:24:07.040797+00:00,1286581,067,2603,26,0,1789172900,,,SCHEDULED
2026-09-12T00:24:07.040797+00:00,1286581,067,2604,27,0,1789172942,,,SCHEDULED
2026-09-12T00:24:07.040797+00:00,1286581,067,2605,28,0,1789172996,,,SCHEDULED
2026-09-12T00:24:07.040797+00:00,1286581,067,2606,29,0,1789173142,,,SCHEDULED
2026-09-12T00:24:07.040797+00:00,1286581,067,2607,30,0,1789173193,,,SCHEDULED
2026-09-12T00:24:07.040797+00:00,1286581,067,2608,31,0,1789173250,,,SCHEDULED
2026-09-12T00:24:07.040797+00:00,1286581,067,2609,32,0,1789173325,,,SCHEDULED
2026-09-12T00:24:07.040797+00:00,1286581,067,2613,33,0,1789173357,,,SCHEDULED
2026-09-12T00:24:07.040797+00:00,1286581,067,2614,34,0,1789173408,,,SCHEDULED
2026-09-12T00:24:07.040797+00:00,1286581,067,2615,35,0,1789173460,,,SCHEDULED
2026-09-12T00:24:07.040797+00:00,1286581,067,601,36,0,1789173499,,,SCHEDULED
2026-09-12T00:24:07.040797+00:00,1286581,067,2617,37,0,1789173557,,,SCHEDULED
2026-09-12T00:24:07.040797+00:00,1286581,067,2620,38,0,1789173673,,,SCHEDULED
2026-09-12T00:24:07.040797+00:00,1286581,067,2621,39,0,1789173703,,,SCHEDULED
2026-09-12T00:24:07.040797+00:00,1286581,067,2622,40,0,1789173733,,,SCHEDULED
2026-09-12T00:24:07.040797+00:00,1286581,067,2623,41,0,1789173786,,,SCHEDULED
2026-09-12T00:24:07.040797+00:00,1286581,067,2624,42,0,1789173839,,,SCHEDULED
2026-09-12T00:24:07.040797+00:00,1286581,067,2625,43,0,1789173859,,,SCHEDULED
2026-09-12T00:24:07.040797+00:00,1286581,067,2626,44,0,1789173896,,,SCHEDULED
2026-09-12T00:24:07.040797+00:00,1286581,067,2627,45,0,1789173976,,,SCHEDULED
2026-09-12T00:24:07.040797+00:00,1286581,067,2628,46,0,1789174019,,,SCHEDULED
2026-09-12T00:24:07.040797+00:00,1286581,067,2630,47,0,1789174093,,,SCHEDULED
2026-09-12T00:24:07.040797+00:00,1286581,067,2631,48,0,1789174165,,,SCHEDULED
2026-09-12T00:24:07.040797+00:00,1286581,067,2632,49,0,1789174213,,,SCHEDULED
2026-09-12T00:24:07.040797+00:00,1286581,067,2633,50,0,1789174339,,,SCHEDULED
2026-09-12T00:24:07.040797+00:00,1286581,067,9812,51,0,1789174393,,,SCHEDULED
2026-09-12T00:24:07.040797+00:00,1285142,023,1164,63,0,1789172700,,,SCHEDULED
2026-09-12T00:24:07.040797+00:00,1285142,023,1165,64,0,1789172885,,,SCHEDULED
2026-09-12T00:24:07.040797+00:00,1285142,023,1166,65,0,1789172997,,,SCHEDULED
2026-09-12T00:24:07.040797+00:00,1285142,023,1167,66,0,1789173032,,,SCHEDULED
2026-09-12T00:24:07.040797+00:00,1285142,023,1168,67,0,1789173070,,,SCHEDULED
2026-09-12T00:24:07.040797+00:00,1285142,023,284,68,0,1789173185,,,SCHEDULED
2026-09-12T00:24:07.040797+00:00,1286991,075,4061,1,,,0,1789172893,SCHEDULED
2026-09-12T00:24:07.040797+00:00,1286991,075,1426,2,0,1789172967,,,SCHEDULED
2026-09-12T00:24:07.040797+00:00,1286991,075,1429,3,0,1789173034,,,SCHEDULED
2026-09-12T00:24:07.040797+00:00,1286991,075,1430,4,0,1789173071,,,SCHEDULED
2026-09-12T00:24:07.040797+00:00,1286991,075,3845,5,0,1789173156,,,SCHEDULED
2026-09-12T00:24:07.040797+00:00,1286991,075,3846,6,0,1789173208,,,SCHEDULED
2026-09-12T00:24:07.040797+00:00,1286991,075,3847,7,0,1789173250,,,SCHEDULED
2026-09-12T00:24:07.040797+00:00,1286991,075,1431,8,0,1789173283,,,SCHEDULED
2026-09-12T00:24:07.040797+00:00,1286991,075,1419,9,0,1789173354,,,SCHEDULED
2026-09-12T00:24:07.040797+00:00,1286991,075,9922,10,0,1789173431,,,SCHEDULED
2026-09-12T00:24:07.040797+00:00,1286991,075,1399,11,0,1789173499,,,SCHEDULED
2026-09-12T00:24:07.040797+00:00,1286991,075,1397,12,0,1789173551,,,SCHEDULED
2026-09-12T00:24:07.040797+00:00,1286991,075,9928,13,0,1789173632,,,SCHEDULED
2026-09-12T00:24:07.040797+00:00,1286991,075,3802,14,0,1789173692,,,SCHEDULED
2026-09-12T00:24:07.040797+00:00,1286991,075,3852,15,0,1789173723,,,SCHEDULED
2026-09-12T00:24:07.040797+00:00,1286596,067,1099,1,,,0,1789173960,SCHEDULED
2026-09-12T00:24:07.040797+00:00,1286596,067,2645,2,0,1789174047,,,SCHEDULED
2026-09-12T00:24:07.040797+00:00,1286596,067,2643,3,0,1789174062,,,SCHEDULED
2026-09-12T00:24:07.040797+00:00,1286596,067,2644,4,0,1789174106,,,SCHEDULED
2026-09-12T00:24:07.040797+00:00,1286596,067,2646,5,0,1789174174,,,SCHEDULED
2026-09-12T00:24:07.040797+00:00,1286596,067,2647,6,0,1789174196,,,SCHEDULED
2026-09-12T00:24:07.040797+00:00,1285141,023,1349,19,0,1789172651,,,SCHEDULED
2026-09-12T00:24:07.040797+00:00,1285141,023,1350,20,0,1789172714,,,SCHEDULED
2026-09-12T00:24:07.040797+00:00,1285141,023,1351,21,0,1789172793,,,SCHEDULED
2026-09-12T00:24:07.040797+00:00,1285141,023,1353,22,0,1789172859,,,SCHEDULED
2026-09-12T00:24:07.040797+00:00,1285141,023,1354,23,0,1789172921,,,SCHEDULED
2026-09-12T00:24:07.040797+00:00,1285141,023,1355,24,0,1789172975,,,SCHEDULED
2026-09-12T00:24:07.040797+00:00,1285141,023,1356,25,0,1789173011,,,SCHEDULED
2026-09-12T00:24:07.040797+00:00,1285141,023,1357,26,0,1789173093,,,SCHEDULED
2026-09-12T00:24:07.040797+00:00,1285141,023,1358,27,0,1789173120,,,SCHEDULED
2026-09-12T00:24:07.040797+00:00,1285141,023,1359,28,0,1789173151,,,SCHEDULED
2026-09-12T00:24:07.040797+00:00,1285141,023,1360,29,0,1789173209,,,SCHEDULED
2026-09-12T00:24:07.040797+00:00,1285141,023,1361,30,0,1789173250,,,SCHEDULED
2026-09-12T00:24:07.040797+00:00,1285141,023,1363,31,0,1789173287,,,SCHEDULED
2026-09-12T00:24:07.040797+00:00,1285141,023,1139,32,0,1789173331,,,SCHEDULED
2026-09-12T00:24:07.040797+00:00,1285141,023,1365,33,0,1789173367,,,SCHEDULED
2026-09-12T00:24:07.040797+00:00,1285141,023,1366,34,0,1789173394,,,SCHEDULED
2026-09-12T00:24:07.040797+00:00,1285141,023,1367,35,0,1789173433,,,SCHEDULED
2026-09-12T00:24:07.040797+00:00,1285141,023,1368,36,0,1789173459,,,SCHEDULED
2026-09-12T00:24:07.040797+00:00,1285141,023,1369,37,0,1789173511,,,SCHEDULED
2026-09-12T00:24:07.040797+00:00,1285141,023,1370,38,0,1789173536,,,SCHEDULED
2026-09-12T00:24:07.040797+00:00,1285141,023,1372,39,0,1789173598,,,SCHEDULED
2026-09-12T00:24:07.040797+00:00,1285141,023,1373,40,0,1789173634,,,SCHEDULED
2026-09-12T00:24:07.040797+00:00,1285141,023,1374,41,0,1789173679,,,SCHEDULED
2026-09-12T00:24:07.040797+00:00,1285141,023,1375,42,0,1789173711,,,SCHEDULED
2026-09-12T00:24:07.040797+00:00,1285141,023,1376,43,0,1789173734,,,SCHEDULED
2026-09-12T00:24:07.040797+00:00,1285141,023,1377,44,0,1789173769,,,SCHEDULED
2026-09-12T00:24:07.040797+00:00,1285141,023,1378,45,0,1789173796,,,SCHEDULED
2026-09-12T00:24:07.040797+00:00,1285141,023,1380,46,0,1789173827,,,SCHEDULED
2026-09-12T00:24:07.040797+00:00,1285141,023,1381,47,0,1789173861,,,SCHEDULED
2026-09-12T00:24:07.040797+00:00,1285141,023,1382,48,0,1789173933,,,SCHEDULED
2026-09-12T00:24:07.040797+00:00,1285141,023,1383,49,0,1789173967,,,SCHEDULED
2026-09-12T00:24:07.040797+00:00,1285141,023,1384,50,0,1789174043,,,SCHEDULED
2026-09-12T00:24:07.040797+00:00,1285141,023,1385,51,0,1789174066,,,SCHEDULED
2026-09-12T00:24:07.040797+00:00,1285141,023,1386,52,0,1789174127,,,SCHEDULED
2026-09-12T00:24:07.040797+00:00,1285141,023,1387,53,0,1789174179,,,SCHEDULED
2026-09-12T00:24:07.040797+00:00,1285141,023,1388,54,0,1789174240,,,SCHEDULED
2026-09-12T00:24:07.040797+00:00,1285141,023,1389,55,0,1789174304,,,SCHEDULED
2026-09-12T00:24:07.040797+00:00,1285141,023,1390,56,0,1789174362,,,SCHEDULED
2026-09-12T00:24:07.040797+00:00,1285141,023,1391,57,0,1789174399,,,SCHEDULED
2026-09-12T00:24:07.040797+00:00,1284693,013,1071,1,,,0,1789173990,SCHEDULED
2026-09-12T00:24:07.040797+00:00,1284693,013,1073,2,0,1789174086,,,SCHEDULED
2026-09-12T00:24:07.040797+00:00,1284693,013,1074,3,0,1789174121,,,SCHEDULED
2026-09-12T00:24:07.040797+00:00,1284693,013,1075,4,0,1789174172,,,SCHEDULED
2026-09-12T00:24:07.040797+00:00,1284693,013,1076,5,0,1789174201,,,SCHEDULED
2026-09-12T00:24:07.040797+00:00,1284693,013,1077,6,0,1789174239,,,SCHEDULED
2026-09-12T00:24:07.040797+00:00,1284693,013,1646,7,0,1789174290,,,SCHEDULED
2026-09-12T00:24:07.040797+00:00,1284693,013,1648,8,0,1789174373,,,SCHEDULED
2026-09-12T00:24:07.040797+00:00,1285143,023,1359,28,0,1789172636,,,SCHEDULED
2026-09-12T00:24:07.040797+00:00,1285143,023,1360,29,0,1789172699,,,SCHEDULED
2026-09-12T00:24:07.040797+00:00,1285143,023,1361,30,0,1789172744,,,SCHEDULED
2026-09-12T00:24:07.040797+00:00,1285143,023,1363,31,0,1789172784,,,SCHEDULED
2026-09-12T00:24:07.040797+00:00,1285143,023,1139,32,0,1789172838,,,SCHEDULED
2026-09-12T00:24:07.040797+00:00,1285143,023,1365,33,0,1789172882,,,SCHEDULED
2026-09-12T00:24:07.040797+00:00,1285143,023,1366,34,0,1789172915,,,SCHEDULED
2026-09-12T00:24:07.040797+00:00,1285143,023,1367,35,0,1789172962,,,SCHEDULED
2026-09-12T00:24:07.040797+00:00,1285143,023,1368,36,0,1789172995,,,SCHEDULED
2026-09-12T00:24:07.040797+00:00,1285143,023,1369,37,0,1789173058,,,SCHEDULED
2026-09-12T00:24:07.040797+00:00,1285143,023,1370,38,0,1789173089,,,SCHEDULED
2026-09-12T00:24:07.040797+00:00,1285143,023,1372,39,0,1789173164,,,SCHEDULED
2026-09-12T00:24:07.040797+00:00,1285143,023,1373,40,0,1789173209,,,SCHEDULED
2026-09-12T00:24:07.040797+00:00,1285143,023,1374,41,0,1789173263,,,SCHEDULED
2026-09-12T00:24:07.040797+00:00,1285143,023,1375,42,0,1789173303,,,SCHEDULED
2026-09-12T00:24:07.040797+00:00,1285143,023,1376,43,0,1789173331,,,SCHEDULED
2026-09-12T00:24:07.040797+00:00,1285143,023,1377,44,0,1789173373,,,SCHEDULED
2026-09-12T00:24:07.040797+00:00,1285143,023,1378,45,0,1789173406,,,SCHEDULED
2026-09-12T00:24:07.040797+00:00,1285143,023,1380,46,0,1789173444,,,SCHEDULED
2026-09-12T00:24:07.040797+00:00,1285143,023,1381,47,0,1789173485,,,SCHEDULED
2026-09-12T00:24:07.040797+00:00,1285143,023,1382,48,0,1789173571,,,SCHEDULED
2026-09-12T00:24:07.040797+00:00,1285143,023,1383,49,0,1789173612,,,SCHEDULED
2026-09-12T00:24:07.040797+00:00,1285143,023,1384,50,0,1789173703,,,SCHEDULED
2026-09-12T00:24:07.040797+00:00,1285143,023,1385,51,0,1789173731,,,SCHEDULED
2026-09-12T00:24:07.040797+00:00,1285143,023,1386,52,0,1789173804,,,SCHEDULED
2026-09-12T00:24:07.040797+00:00,1285143,023,1387,53,0,1789173861,,,SCHEDULED
2026-09-12T00:24:07.040797+00:00,1285143,023,1388,54,0,1789173928,,,SCHEDULED
2026-09-12T00:24:07.040797+00:00,1285143,023,1389,55,0,1789173999,,,SCHEDULED
2026-09-12T00:24:07.040797+00:00,1285143,023,1390,56,0,1789174063,,,SCHEDULED
2026-09-12T00:24:07.040797+00:00,1285143,023,1391,57,0,1789174103,,,SCHEDULED
2026-09-12T00:24:07.040797+00:00,1285143,023,1392,58,0,1789174160,,,SCHEDULED
2026-09-12T00:24:07.040797+00:00,1285143,023,1393,59,0,1789174197,,,SCHEDULED
2026-09-12T00:24:07.040797+00:00,1285143,023,1394,60,0,1789174231,,,SCHEDULED
2026-09-12T00:24:07.040797+00:00,1285143,023,1395,61,0,1789174288,,,SCHEDULED
2026-09-12T00:24:07.040797+00:00,1285143,023,1163,62,0,1789174373,,,SCHEDULED
2026-09-12T00:24:07.040797+00:00,1286599,067,5107,54,0,1789172664,,,SCHEDULED
2026-09-12T00:24:07.040797+00:00,1286599,067,4020,55,0,1789172707,,,SCHEDULED
2026-09-12T00:24:07.040797+00:00,1286599,067,4021,56,0,1789172753,,,SCHEDULED
2026-09-12T00:24:07.040797+00:00,1286599,067,4022,57,0,1789172805,,,SCHEDULED
2026-09-12T00:24:07.040797+00:00,1286599,067,242,58,0,1789172889,,,SCHEDULED
2026-09-12T00:24:07.040797+00:00,1286599,067,243,59,0,1789172935,,,SCHEDULED
2026-09-12T00:24:07.040797+00:00,1286599,067,244,60,0,1789172975,,,SCHEDULED
2026-09-12T00:24:07.040797+00:00,1286599,067,1038,61,0,1789173045,,,SCHEDULED
2026-09-12T00:24:07.040797+00:00,1286599,067,4019,62,0,1789173091,,,SCHEDULED
2026-09-12T00:24:07.040797+00:00,1285421,026,1542,47,0,1789172733,,,SCHEDULED
2026-09-12T00:24:07.040797+00:00,1285421,026,1541,48,0,1789172886,,,SCHEDULED
2026-09-12T00:24:07.040797+00:00,1285421,026,2980,49,0,1789172919,,,SCHEDULED
2026-09-12T00:24:07.040797+00:00,1285421,026,8958,50,0,1789172982,,,SCHEDULED
2026-09-12T00:24:07.040797+00:00,1284694,013,1163,15,0,1789172754,,,SCHEDULED
2026-09-12T00:24:07.040797+00:00,1284694,013,1164,16,0,1789172828,,,SCHEDULED
2026-09-12T00:24:07.040797+00:00,1284694,013,1165,17,0,1789173049,,,SCHEDULED
2026-09-12T00:24:07.040797+00:00,1284694,013,1166,18,0,1789173189,,,SCHEDULED
2026-09-12T00:24:07.040797+00:00,1284694,013,1167,19,0,1789173235,,,SCHEDULED
2026-09-12T00:24:07.040797+00:00,1284694,013,1168,20,0,1789173282,,,SCHEDULED
2026-09-12T00:24:07.040797+00:00,1284694,013,284,21,0,1789173422,,,SCHEDULED
2026-09-12T00:24:07.040797+00:00,1284694,013,9807,22,0,1789173488,,,SCHEDULED
2026-09-12T00:24:07.040797+00:00,1284694,013,284,23,0,1789173576,,,SCHEDULED
2026-09-12T00:24:07.040797+00:00,1284694,013,1635,24,0,1789173664,,,SCHEDULED
2026-09-12T00:24:07.040797+00:00,1284694,013,4750,25,0,1789173868,,,SCHEDULED
2026-09-12T00:24:07.040797+00:00,1284694,013,3980,26,0,1789173950,,,SCHEDULED
2026-09-12T00:24:07.040797+00:00,1284694,013,3979,27,0,1789174028,,,SCHEDULED
2026-09-12T00:24:07.040797+00:00,1284694,013,3981,28,0,1789174088,,,SCHEDULED
2026-09-12T00:24:07.040797+00:00,1284694,013,3982,29,0,1789174148,,,SCHEDULED
2026-09-12T00:24:07.040797+00:00,1284694,013,103,30,0,1789174195,,,SCHEDULED
2026-09-12T00:24:07.040797+00:00,1284694,013,3240,31,0,1789174268,,,SCHEDULED
2026-09-12T00:24:07.040797+00:00,1284694,013,3241,32,0,1789174291,,,SCHEDULED
2026-09-12T00:24:07.040797+00:00,1284694,013,3242,33,0,1789174314,,,SCHEDULED
2026-09-12T00:24:07.040797+00:00,1284694,013,3243,34,0,1789174386,,,SCHEDULED
2026-09-12T00:24:07.040797+00:00,1284694,013,3244,35,0,1789174409,,,SCHEDULED
2026-09-12T00:24:07.040797+00:00,1285420,026,3066,14,0,1789172652,,,SCHEDULED
2026-09-12T00:24:07.040797+00:00,1285420,026,629,15,0,1789172755,,,SCHEDULED
2026-09-12T00:24:07.040797+00:00,1285420,026,651,16,0,1789172856,,,SCHEDULED
2026-09-12T00:24:07.040797+00:00,1285420,026,544,17,0,1789172945,,,SCHEDULED
2026-09-12T00:24:07.040797+00:00,1285420,026,3049,18,0,1789173270,,,SCHEDULED
2026-09-12T00:24:07.040797+00:00,1285420,026,3070,19,0,1789173341,,,SCHEDULED
2026-09-12T00:24:07.040797+00:00,1285420,026,3071,20,0,1789173413,,,SCHEDULED
2026-09-12T00:24:07.040797+00:00,1285420,026,3072,21,0,1789173471,,,SCHEDULED
2026-09-12T00:24:07.040797+00:00,1285420,026,9801,22,0,1789173605,,,SCHEDULED
2026-09-12T00:24:07.040797+00:00,1285420,026,3073,23,0,1789173652,,,SCHEDULED
2026-09-12T00:24:07.040797+00:00,1285420,026,1518,24,0,1789173749,,,SCHEDULED
2026-09-12T00:24:07.040797+00:00,1285420,026,1519,25,0,1789173900,,,SCHEDULED
2026-09-12T00:24:07.040797+00:00,1285420,026,1520,26,0,1789174012,,,SCHEDULED
2026-09-12T00:24:07.040797+00:00,1285420,026,1521,27,0,1789174063,,,SCHEDULED
2026-09-12T00:24:07.040797+00:00,1285420,026,1522,28,0,1789174089,,,SCHEDULED
2026-09-12T00:24:07.040797+00:00,1285420,026,1523,29,0,1789174145,,,SCHEDULED
2026-09-12T00:24:07.040797+00:00,1285420,026,1524,30,0,1789174205,,,SCHEDULED
2026-09-12T00:24:07.040797+00:00,1285420,026,1525,31,0,1789174243,,,SCHEDULED
2026-09-12T00:24:07.040797+00:00,1285420,026,1526,32,0,1789174284,,,SCHEDULED
2026-09-12T00:24:07.040797+00:00,1285420,026,1527,33,0,1789174325,,,SCHEDULED
2026-09-12T00:24:07.040797+00:00,1285420,026,1528,34,0,1789174405,,,SCHEDULED
2026-09-12T00:24:07.040797+00:00,1286597,067,2644,4,0,1789172636,,,SCHEDULED
2026-09-12T00:24:07.040797+00:00,1286597,067,2646,5,0,1789172718,,,SCHEDULED
2026-09-12T00:24:07.040797+00:00,1286597,067,2647,6,0,1789172744,,,SCHEDULED
2026-09-12T00:24:07.040797+00:00,1286597,067,2648,7,0,1789173388,,,SCHEDULED
2026-09-12T00:24:07.040797+00:00,1286597,067,5344,8,0,1789173415,,,SCHEDULED
2026-09-12T00:24:07.040797+00:00,1286597,067,2649,9,0,1789173438,,,SCHEDULED
2026-09-12T00:24:07.040797+00:00,1286597,067,2650,10,0,1789173464,,,SCHEDULED
2026-09-12T00:24:07.040797+00:00,1286597,067,2651,11,0,1789173491,,,SCHEDULED
2026-09-12T00:24:07.040797+00:00,1286597,067,2653,12,0,1789173541,,,SCHEDULED
2026-09-12T00:24:07.040797+00:00,1286597,067,2654,13,0,1789173669,,,SCHEDULED
2026-09-12T00:24:07.040797+00:00,1286597,067,9811,14,0,1789173781,,,SCHEDULED
2026-09-12T00:24:07.040797+00:00,1286597,067,880,15,0,1789173858,,,SCHEDULED
2026-09-12T00:24:07.040797+00:00,1286597,067,2656,16,0,1789173931,,,SCHEDULED
2026-09-12T00:24:07.040797+00:00,1286597,067,2655,17,0,1789173966,,,SCHEDULED
2026-09-12T00:24:07.040797+00:00,1286597,067,1915,18,0,1789174021,,,SCHEDULED
2026-09-12T00:24:07.040797+00:00,1286597,067,2569,19,0,1789174096,,,SCHEDULED
2026-09-12T00:24:07.040797+00:00,1286597,067,2570,20,0,1789174167,,,SCHEDULED
2026-09-12T00:24:07.040797+00:00,1286597,067,2571,21,0,1789174203,,,SCHEDULED
2026-09-12T00:24:07.040797+00:00,1286597,067,2572,22,0,1789174287,,,SCHEDULED
2026-09-12T00:24:07.040797+00:00,1286597,067,2573,23,0,1789174327,,,SCHEDULED
2026-09-12T00:24:07.040797+00:00,1286597,067,2574,24,0,1789174363,,,SCHEDULED
2026-09-12T00:24:07.040797+00:00,1286597,067,2575,25,0,1789174394,,,SCHEDULED
2026-09-12T00:24:07.040797+00:00,1286597,067,2576,26,0,1789174421,,,SCHEDULED
2026-09-12T00:24:07.040797+00:00,1286872,072,4211,3,0,1789172652,,,SCHEDULED
2026-09-12T00:24:07.040797+00:00,1286872,072,4213,4,0,1789172675,,,SCHEDULED
2026-09-12T00:24:07.040797+00:00,1286872,072,4214,5,0,1789172718,,,SCHEDULED
2026-09-12T00:24:07.040797+00:00,1286872,072,4217,6,0,1789172757,,,SCHEDULED
2026-09-12T00:24:07.040797+00:00,1286872,072,5249,7,0,1789172792,,,SCHEDULED
2026-09-12T00:24:07.040797+00:00,1286872,072,4215,8,0,1789172849,,,SCHEDULED
2026-09-12T00:24:07.040797+00:00,1286872,072,4216,9,0,1789172874,,,SCHEDULED
2026-09-12T00:24:07.040797+00:00,1286872,072,2816,10,0,1789172908,,,SCHEDULED
2026-09-12T00:24:07.040797+00:00,1286872,072,2817,11,0,1789172938,,,SCHEDULED
2026-09-12T00:24:07.040797+00:00,1286872,072,2818,12,0,1789172968,,,SCHEDULED
2026-09-12T00:24:07.040797+00:00,1286872,072,2819,13,0,1789172993,,,SCHEDULED
2026-09-12T00:24:07.040797+00:00,1286872,072,2820,14,0,1789173031,,,SCHEDULED
2026-09-12T00:24:07.040797+00:00,1286872,072,2821,15,0,1789173066,,,SCHEDULED
2026-09-12T00:24:07.040797+00:00,1286872,072,2822,16,0,1789173103,,,SCHEDULED
2026-09-12T00:24:07.040797+00:00,1286872,072,2824,17,0,1789173164,,,SCHEDULED
2026-09-12T00:24:07.040797+00:00,1286872,072,2825,18,0,1789173214,,,SCHEDULED
2026-09-12T00:24:07.040797+00:00,1286872,072,2826,19,0,1789173249,,,SCHEDULED
2026-09-12T00:24:07.040797+00:00,1286872,072,3861,20,0,1789173307,,,SCHEDULED
2026-09-12T00:24:07.040797+00:00,1286872,072,3862,21,0,1789173337,,,SCHEDULED
2026-09-12T00:24:07.040797+00:00,1286872,072,3864,22,0,1789173417,,,SCHEDULED
2026-09-12T00:24:07.040797+00:00,1286872,072,3865,23,0,1789173448,,,SCHEDULED
2026-09-12T00:24:07.040797+00:00,1286872,072,496,24,0,1789173563,,,SCHEDULED
2026-09-12T00:24:07.040797+00:00,1286872,072,3866,25,0,1789173632,,,SCHEDULED
2026-09-12T00:24:07.040797+00:00,1286872,072,3867,26,0,1789173673,,,SCHEDULED
2026-09-12T00:24:07.040797+00:00,1286872,072,3868,27,0,1789173707,,,SCHEDULED
2026-09-12T00:24:07.040797+00:00,1286872,072,3869,28,0,1789173750,,,SCHEDULED
2026-09-12T00:24:07.040797+00:00,1286872,072,3870,29,0,1789173788,,,SCHEDULED
2026-09-12T00:24:07.040797+00:00,1286872,072,3871,30,0,1789173872,,,SCHEDULED
2026-09-12T00:24:07.040797+00:00,1286872,072,3872,31,0,1789173926,,,SCHEDULED
2026-09-12T00:24:07.040797+00:00,1286477,062,466,39,0,1789172652,,,SCHEDULED
2026-09-12T00:24:07.040797+00:00,1286477,062,467,40,0,1789172702,,,SCHEDULED
2026-09-12T00:24:07.040797+00:00,1286477,062,468,41,0,1789172722,,,SCHEDULED
2026-09-12T00:24:07.040797+00:00,1286477,062,469,42,0,1789172758,,,SCHEDULED
2026-09-12T00:24:07.040797+00:00,1286477,062,470,43,0,1789172806,,,SCHEDULED
2026-09-12T00:24:07.040797+00:00,1286477,062,471,44,0,1789172831,,,SCHEDULED
2026-09-12T00:24:07.040797+00:00,1286477,062,472,45,0,1789172867,,,SCHEDULED
2026-09-12T00:24:07.040797+00:00,1286477,062,473,46,0,1789172914,,,SCHEDULED
2026-09-12T00:24:07.040797+00:00,1286477,062,474,47,0,1789172946,,,SCHEDULED
2026-09-12T00:24:07.040797+00:00,1286477,062,475,48,0,1789172975,,,SCHEDULED
2026-09-12T00:24:07.040797+00:00,1286477,062,476,49,0,1789173038,,,SCHEDULED
2026-09-12T00:24:07.040797+00:00,1286477,062,477,50,0,1789173059,,,SCHEDULED
2026-09-12T00:24:07.040797+00:00,1286477,062,4134,51,0,1789173114,,,SCHEDULED
2026-09-12T00:24:07.040797+00:00,1286477,062,4136,52,0,1789173194,,,SCHEDULED
2026-09-12T00:24:07.040797+00:00,1286477,062,4137,53,0,1789173278,,,SCHEDULED
2026-09-12T00:24:07.040797+00:00,1287203,081,3130,24,0,1789172719,,,SCHEDULED
2026-09-12T00:24:07.040797+00:00,1287203,081,3131,25,0,1789172848,,,SCHEDULED
2026-09-12T00:24:07.040797+00:00,1287203,081,3132,26,0,1789172905,,,SCHEDULED
2026-09-12T00:24:07.040797+00:00,1287203,081,3134,27,0,1789173093,,,SCHEDULED
2026-09-12T00:24:07.040797+00:00,1287203,081,3135,28,0,1789173179,,,SCHEDULED
2026-09-12T00:24:07.040797+00:00,1287203,081,3136,29,0,1789173242,,,SCHEDULED
2026-09-12T00:24:07.040797+00:00,1287203,081,3137,30,0,1789173328,,,SCHEDULED
2026-09-12T00:24:07.040797+00:00,1287203,081,3138,31,0,1789173433,,,SCHEDULED
2026-09-12T00:24:07.040797+00:00,1287203,081,3139,32,0,1789173488,,,SCHEDULED
2026-09-12T00:24:07.040797+00:00,1287203,081,3140,33,0,1789173541,,,SCHEDULED
2026-09-12T00:24:07.040797+00:00,1287203,081,3141,34,0,1789173571,,,SCHEDULED
2026-09-12T00:24:07.040797+00:00,1287203,081,3142,35,0,1789173596,,,SCHEDULED
2026-09-12T00:24:07.040797+00:00,1287203,081,3143,36,0,1789173642,,,SCHEDULED
2026-09-12T00:24:07.040797+00:00,1287203,081,3144,37,0,1789173667,,,SCHEDULED
2026-09-12T00:24:07.040797+00:00,1286598,067,2580,29,0,1789172792,,,SCHEDULED
2026-09-12T00:24:07.040797+00:00,1286598,067,2581,30,0,1789172847,,,SCHEDULED
2026-09-12T00:24:07.040797+00:00,1286598,067,2582,31,0,1789172899,,,SCHEDULED
2026-09-12T00:24:07.040797+00:00,1286598,067,2583,32,0,1789172938,,,SCHEDULED
2026-09-12T00:24:07.040797+00:00,1286598,067,2584,33,0,1789172981,,,SCHEDULED
2026-09-12T00:24:07.040797+00:00,1286598,067,2585,34,0,1789173056,,,SCHEDULED
2026-09-12T00:24:07.040797+00:00,1286598,067,2586,35,0,1789173112,,,SCHEDULED
2026-09-12T00:24:07.040797+00:00,1286598,067,2587,36,0,1789173203,,,SCHEDULED
2026-09-12T00:24:07.040797+00:00,1286598,067,2588,37,0,1789173242,,,SCHEDULED
2026-09-12T00:24:07.040797+00:00,1286598,067,2589,38,0,1789173349,,,SCHEDULED
2026-09-12T00:24:07.040797+00:00,1286598,067,2590,39,0,1789173389,,,SCHEDULED
2026-09-12T00:24:07.040797+00:00,1286598,067,2591,40,0,1789173437,,,SCHEDULED
2026-09-12T00:24:07.040797+00:00,1286598,067,2592,41,0,1789173487,,,SCHEDULED
2026-09-12T00:24:07.040797+00:00,1286598,067,2593,42,0,1789173547,,,SCHEDULED
2026-09-12T00:24:07.040797+00:00,1286598,067,2594,43,0,1789173600,,,SCHEDULED
2026-09-12T00:24:07.040797+00:00,1286598,067,2595,44,0,1789173640,,,SCHEDULED
2026-09-12T00:24:07.040797+00:00,1286598,067,2596,45,0,1789173668,,,SCHEDULED
2026-09-12T00:24:07.040797+00:00,1286598,067,2031,46,0,1789173724,,,SCHEDULED
2026-09-12T00:24:07.040797+00:00,1286598,067,2032,47,0,1789173767,,,SCHEDULED
2026-09-12T00:24:07.040797+00:00,1286598,067,2173,48,0,1789173826,,,SCHEDULED
2026-09-12T00:24:07.040797+00:00,1286598,067,494,49,0,1789173947,,,SCHEDULED
2026-09-12T00:24:07.040797+00:00,1286598,067,3831,50,0,1789174103,,,SCHEDULED
2026-09-12T00:24:07.040797+00:00,1286598,067,3833,51,0,1789174214,,,SCHEDULED
2026-09-12T00:24:07.040797+00:00,1286598,067,3834,52,0,1789174298,,,SCHEDULED
2026-09-12T00:24:07.040797+00:00,1286471,062,2262,13,0,1789172653,,,SCHEDULED
2026-09-12T00:24:07.040797+00:00,1286471,062,2264,14,0,1789172775,,,SCHEDULED
2026-09-12T00:24:07.040797+00:00,1286471,062,380,15,0,1789172918,,,SCHEDULED
2026-09-12T00:24:07.040797+00:00,1286471,062,411,16,0,1789172985,,,SCHEDULED
2026-09-12T00:24:07.040797+00:00,1286471,062,2271,17,0,1789173215,,,SCHEDULED
2026-09-12T00:24:07.040797+00:00,1286471,062,2272,18,0,1789173278,,,SCHEDULED
2026-09-12T00:24:07.040797+00:00,1286471,062,2273,19,0,1789173317,,,SCHEDULED
2026-09-12T00:24:07.040797+00:00,1286471,062,2275,20,0,1789173380,,,SCHEDULED
2026-09-12T00:24:07.040797+00:00,1286471,062,2276,21,0,1789173447,,,SCHEDULED
2026-09-12T00:24:07.040797+00:00,1286471,062,2277,22,0,1789173521,,,SCHEDULED
2026-09-12T00:24:07.040797+00:00,1286471,062,2278,23,0,1789173549,,,SCHEDULED
2026-09-12T00:24:07.040797+00:00,1286471,062,2279,24,0,1789173608,,,SCHEDULED
2026-09-12T00:24:07.040797+00:00,1286471,062,2280,25,0,1789173663,,,SCHEDULED
2026-09-12T00:24:07.040797+00:00,1286471,062,2281,26,0,1789173695,,,SCHEDULED
2026-09-12T00:24:07.040797+00:00,1286471,062,2346,27,0,1789173758,,,SCHEDULED
2026-09-12T00:24:07.040797+00:00,1286471,062,2347,28,0,1789173798,,,SCHEDULED
2026-09-12T00:24:07.040797+00:00,1286471,062,2348,29,0,1789173838,,,SCHEDULED
2026-09-12T00:24:07.040797+00:00,1286471,062,2350,30,0,1789173876,,,SCHEDULED
2026-09-12T00:24:07.040797+00:00,1286471,062,2351,31,0,1789173919,,,SCHEDULED
2026-09-12T00:24:07.040797+00:00,1286471,062,5313,32,0,1789173972,,,SCHEDULED
2026-09-12T00:24:07.040797+00:00,1286471,062,2352,33,0,1789174003,,,SCHEDULED
2026-09-12T00:24:07.040797+00:00,1286471,062,2353,34,0,1789174056,,,SCHEDULED
2026-09-12T00:24:07.040797+00:00,1286471,062,2354,35,0,1789174086,,,SCHEDULED
2026-09-12T00:24:07.040797+00:00,1286471,062,2355,36,0,1789174117,,,SCHEDULED
2026-09-12T00:24:07.040797+00:00,1286471,062,2356,37,0,1789174134,,,SCHEDULED
2026-09-12T00:24:07.040797+00:00,1286471,062,465,38,0,1789174172,,,SCHEDULED
2026-09-12T00:24:07.040797+00:00,1286471,062,466,39,0,1789174203,,,SCHEDULED
2026-09-12T00:24:07.040797+00:00,1286471,062,467,40,0,1789174253,,,SCHEDULED
2026-09-12T00:24:07.040797+00:00,1286471,062,468,41,0,1789174273,,,SCHEDULED
2026-09-12T00:24:07.040797+00:00,1286471,062,469,42,0,1789174309,,,SCHEDULED
2026-09-12T00:24:07.040797+00:00,1286471,062,470,43,0,1789174357,,,SCHEDULED
2026-09-12T00:24:07.040797+00:00,1286471,062,471,44,0,1789174382,,,SCHEDULED
2026-09-12T00:24:07.040797+00:00,1286471,062,472,45,0,1789174418,,,SCHEDULED
2026-09-12T00:24:07.040797+00:00,1285140,023,1184,1,,,0,1789173660,SCHEDULED
2026-09-12T00:24:07.040797+00:00,1285140,023,3301,2,0,1789173686,,,SCHEDULED
2026-09-12T00:24:07.040797+00:00,1285140,023,1187,3,0,1789173735,,,SCHEDULED
2026-09-12T00:24:07.040797+00:00,1285140,023,1188,4,0,1789173799,,,SCHEDULED
2026-09-12T00:24:07.040797+00:00,1285140,023,1189,5,0,1789173854,,,SCHEDULED
2026-09-12T00:24:07.040797+00:00,1285140,023,1190,6,0,1789173969,,,SCHEDULED
2026-09-12T00:24:07.040797+00:00,1285140,023,1337,7,0,1789174080,,,SCHEDULED
2026-09-12T00:24:07.040797+00:00,1285140,023,1338,8,0,1789174110,,,SCHEDULED
2026-09-12T00:24:07.040797+00:00,1285140,023,1339,9,0,1789174172,,,SCHEDULED
2026-09-12T00:24:07.040797+00:00,1285140,023,1340,10,0,1789174197,,,SCHEDULED
2026-09-12T00:24:07.040797+00:00,1285140,023,1341,11,0,1789174246,,,SCHEDULED
2026-09-12T00:24:07.040797+00:00,1285140,023,1342,12,0,1789174277,,,SCHEDULED
2026-09-12T00:24:07.040797+00:00,1285140,023,1343,13,0,1789174316,,,SCHEDULED
2026-09-12T00:24:07.040797+00:00,1285140,023,1344,14,0,1789174353,,,SCHEDULED
2026-09-12T00:24:07.040797+00:00,1284050,001,1184,1,,,0,1789173840,SCHEDULED
2026-09-12T00:24:07.040797+00:00,1284050,001,3301,2,0,1789173860,,,SCHEDULED
2026-09-12T00:24:07.040797+00:00,1284050,001,1187,3,0,1789173897,,,SCHEDULED
2026-09-12T00:24:07.040797+00:00,1284050,001,1188,4,0,1789173947,,,SCHEDULED
2026-09-12T00:24:07.040797+00:00,1284050,001,1189,5,0,1789173989,,,SCHEDULED
2026-09-12T00:24:07.040797+00:00,1284050,001,1190,6,0,1789174078,,,SCHEDULED
2026-09-12T00:24:07.040797+00:00,1284050,001,1191,7,0,1789174114,,,SCHEDULED
2026-09-12T00:24:07.040797+00:00,1284050,001,1192,8,0,1789174147,,,SCHEDULED
2026-09-12T00:24:07.040797+00:00,1284050,001,1193,9,0,1789174183,,,SCHEDULED
2026-09-12T00:24:07.040797+00:00,1284050,001,1195,10,0,1789174248,,,SCHEDULED
2026-09-12T00:24:07.040797+00:00,1284050,001,1196,11,0,1789174315,,,SCHEDULED
2026-09-12T00:24:07.040797+00:00,1284050,001,1197,12,0,1789174350,,,SCHEDULED
2026-09-12T00:24:07.040797+00:00,1284050,001,1198,13,0,1789174373,,,SCHEDULED
2026-09-12T00:24:07.040797+00:00,1284292,010,11122,14,0,1789172650,,,SCHEDULED
2026-09-12T00:24:07.040797+00:00,1284292,010,11123,15,0,1789172692,,,SCHEDULED
2026-09-12T00:24:07.040797+00:00,1284292,010,11199,16,0,1789172755,,,SCHEDULED
2026-09-12T00:24:07.040797+00:00,1284292,010,11091,17,0,1789172849,,,SCHEDULED
2026-09-12T00:24:07.040797+00:00,1284292,010,11125,18,0,1789172941,,,SCHEDULED
2026-09-12T00:24:07.040797+00:00,1284292,010,11157,19,0,1789173007,,,SCHEDULED
2026-09-12T00:24:07.040797+00:00,1284292,010,11033,20,0,1789173103,,,SCHEDULED
2026-09-12T00:24:07.040797+00:00,1284292,010,11133,21,0,1789173285,,,SCHEDULED
2026-09-12T00:24:07.040797+00:00,1284292,010,11134,22,0,1789173326,,,SCHEDULED
2026-09-12T00:24:07.040797+00:00,1284292,010,11136,23,0,1789173360,,,SCHEDULED
2026-09-12T00:24:07.040797+00:00,1284292,010,11137,24,0,1789173408,,,SCHEDULED
2026-09-12T00:24:07.040797+00:00,1284292,010,11138,25,0,1789173449,,,SCHEDULED
2026-09-12T00:24:07.040797+00:00,1284292,010,11139,26,0,1789173474,,,SCHEDULED
2026-09-12T00:24:07.040797+00:00,1284292,010,11140,27,0,1789173523,,,SCHEDULED
2026-09-12T00:24:07.040797+00:00,1284292,010,11201,28,0,1789173752,,,SCHEDULED
2026-09-12T00:24:07.040797+00:00,1284292,010,11010,29,0,1789173818,,,SCHEDULED
2026-09-12T00:24:07.040797+00:00,1284292,010,11143,30,0,1789174054,,,SCHEDULED
2026-09-12T00:24:07.040797+00:00,1284292,010,11203,31,0,1789174139,,,SCHEDULED
2026-09-12T00:24:07.040797+00:00,1287178,081,2166,26,0,1789172655,,,SCHEDULED
2026-09-12T00:24:07.040797+00:00,1288387,175,1760,6,0,1789172412,,,SCHEDULED
2026-09-12T00:24:07.040797+00:00,1288387,175,1015,7,0,1789172535,,,SCHEDULED
2026-09-12T00:24:07.040797+00:00,1288387,175,659,8,0,1789172663,,,SCHEDULED
2026-09-12T00:24:07.040797+00:00,1288387,175,1781,9,0,1789172721,,,SCHEDULED
2026-09-12T00:24:07.040797+00:00,1288387,175,1794,10,0,1789172778,,,SCHEDULED
2026-09-12T00:24:07.040797+00:00,1288387,175,1800,11,0,1789172886,,,SCHEDULED
2026-09-12T00:24:07.040797+00:00,1288387,175,1645,12,0,1789172903,,,SCHEDULED
2026-09-12T00:24:07.040797+00:00,1288387,175,948,13,0,1789172963,,,SCHEDULED
2026-09-12T00:24:07.040797+00:00,1287177,081,2359,8,0,1789172649,,,SCHEDULED
2026-09-12T00:24:07.040797+00:00,1287177,081,2360,9,0,1789172714,,,SCHEDULED
2026-09-12T00:24:07.040797+00:00,1287177,081,2361,10,0,1789172787,,,SCHEDULED
2026-09-12T00:24:07.040797+00:00,1287177,081,2362,11,0,1789172848,,,SCHEDULED
2026-09-12T00:24:07.040797+00:00,1287177,081,2363,12,0,1789172929,,,SCHEDULED
2026-09-12T00:24:07.040797+00:00,1287177,081,2364,13,0,1789173032,,,SCHEDULED
2026-09-12T00:24:07.040797+00:00,1287177,081,2365,14,0,1789173078,,,SCHEDULED
2026-09-12T00:24:07.040797+00:00,1287177,081,2366,15,0,1789173113,,,SCHEDULED
2026-09-12T00:24:07.040797+00:00,1287177,081,2367,16,0,1789173182,,,SCHEDULED
2026-09-12T00:24:07.040797+00:00,1287177,081,5203,17,0,1789173297,,,SCHEDULED
2026-09-12T00:24:07.040797+00:00,1287177,081,2368,18,0,1789173426,,,SCHEDULED
2026-09-12T00:24:07.040797+00:00,1287177,081,2370,19,0,1789173619,,,SCHEDULED
2026-09-12T00:24:07.040797+00:00,1287177,081,2371,20,0,1789173704,,,SCHEDULED
2026-09-12T00:24:07.040797+00:00,1287177,081,2372,21,0,1789173760,,,SCHEDULED
2026-09-12T00:24:07.040797+00:00,1287177,081,2373,22,0,1789173817,,,SCHEDULED
2026-09-12T00:24:07.040797+00:00,1287177,081,2374,23,0,1789173893,,,SCHEDULED
2026-09-12T00:24:07.040797+00:00,1287177,081,3130,24,0,1789174135,,,SCHEDULED
2026-09-12T00:24:07.040797+00:00,1287177,081,3131,25,0,1789174257,,,SCHEDULED
2026-09-12T00:24:07.040797+00:00,1287177,081,3132,26,0,1789174314,,,SCHEDULED
2026-09-12T00:24:07.040797+00:00,1288269,142,525,1,,,0,1789173334,SCHEDULED
2026-09-12T00:24:07.040797+00:00,1288269,142,526,2,0,1789173364,,,SCHEDULED
2026-09-12T00:24:07.040797+00:00,1288269,142,527,3,0,1789173372,,,SCHEDULED
2026-09-12T00:24:07.040797+00:00,1288269,142,528,4,0,1789173380,,,SCHEDULED
2026-09-12T00:24:07.040797+00:00,1288269,142,5252,5,0,1789173411,,,SCHEDULED
2026-09-12T00:24:07.040797+00:00,1288269,142,531,6,0,1789173419,,,SCHEDULED
2026-09-12T00:24:07.040797+00:00,1285557,030,275,1,,,0,1789172760,SCHEDULED
2026-09-12T00:24:07.040797+00:00,1285557,030,1689,2,0,1789172887,,,SCHEDULED
2026-09-12T00:24:07.040797+00:00,1285557,030,1691,3,0,1789172930,,,SCHEDULED
2026-09-12T00:24:07.040797+00:00,1285557,030,1692,4,0,1789172944,,,SCHEDULED
2026-09-12T00:24:07.040797+00:00,1285557,030,1693,5,0,1789172966,,,SCHEDULED
2026-09-12T00:24:07.040797+00:00,1285557,030,1694,6,0,1789172985,,,SCHEDULED
2026-09-12T00:24:07.040797+00:00,1285557,030,1695,7,0,1789173000,,,SCHEDULED
2026-09-12T00:24:07.040797+00:00,1285557,030,1697,8,0,1789173043,,,SCHEDULED
2026-09-12T00:24:07.040797+00:00,1285557,030,1699,9,0,1789173091,,,SCHEDULED
2026-09-12T00:24:07.040797+00:00,1285557,030,1700,10,0,1789173120,,,SCHEDULED
2026-09-12T00:24:07.040797+00:00,1285557,030,1701,11,0,1789173145,,,SCHEDULED
2026-09-12T00:24:07.040797+00:00,1285557,030,1702,12,0,1789173184,,,SCHEDULED
2026-09-12T00:24:07.040797+00:00,1285557,030,1703,13,0,1789173222,,,SCHEDULED
2026-09-12T00:24:07.040797+00:00,1285557,030,1704,14,0,1789173287,,,SCHEDULED
2026-09-12T00:24:07.040797+00:00,1285557,030,1705,15,0,1789173355,,,SCHEDULED
2026-09-12T00:24:07.040797+00:00,1285557,030,1707,16,0,1789173420,,,SCHEDULED
2026-09-12T00:24:07.040797+00:00,1285557,030,1708,17,0,1789173457,,,SCHEDULED
2026-09-12T00:24:07.040797+00:00,1285557,030,1709,18,0,1789173501,,,SCHEDULED
2026-09-12T00:24:07.040797+00:00,1285557,030,1710,19,0,1789173557,,,SCHEDULED
2026-09-12T00:24:07.040797+00:00,1285557,030,1711,20,0,1789173605,,,SCHEDULED
2026-09-12T00:24:07.040797+00:00,1285557,030,519,21,0,1789173631,,,SCHEDULED
2026-09-12T00:24:07.040797+00:00,1285557,030,521,22,0,1789173679,,,SCHEDULED
2026-09-12T00:24:07.040797+00:00,1285557,030,522,23,0,1789173745,,,SCHEDULED
2026-09-12T00:24:07.040797+00:00,1285557,030,525,24,0,1789173842,,,SCHEDULED
2026-09-12T00:24:07.040797+00:00,1285557,030,526,25,0,1789173960,,,SCHEDULED
2026-09-12T00:24:07.040797+00:00,1285557,030,527,26,0,1789173990,,,SCHEDULED
2026-09-12T00:24:07.040797+00:00,1285557,030,528,27,0,1789174020,,,SCHEDULED
2026-09-12T00:24:07.040797+00:00,1285557,030,5252,28,0,1789174137,,,SCHEDULED
2026-09-12T00:24:07.040797+00:00,1285557,030,281,29,0,1789174243,,,SCHEDULED
2026-09-12T00:24:07.040797+00:00,1287219,081,2312,4,0,1789172780,,,SCHEDULED
2026-09-12T00:24:07.040797+00:00,1287219,081,2313,5,0,1789172838,,,SCHEDULED
2026-09-12T00:24:07.040797+00:00,1287219,081,2314,6,0,1789172921,,,SCHEDULED
2026-09-12T00:24:07.040797+00:00,1287219,081,2315,7,0,1789173014,,,SCHEDULED
2026-09-12T00:24:07.040797+00:00,1287219,081,5203,8,0,1789173159,,,SCHEDULED
2026-09-12T00:24:07.040797+00:00,1287219,081,2317,9,0,1789173270,,,SCHEDULED
2026-09-12T00:24:07.040797+00:00,1287219,081,2318,10,0,1789173354,,,SCHEDULED
2026-09-12T00:24:07.040797+00:00,1287219,081,2319,11,0,1789173417,,,SCHEDULED
2026-09-12T00:24:07.040797+00:00,1287219,081,2320,12,0,1789173452,,,SCHEDULED
2026-09-12T00:24:07.040797+00:00,1287219,081,2321,13,0,1789173532,,,SCHEDULED
2026-09-12T00:24:07.040797+00:00,1287219,081,2322,14,0,1789173599,,,SCHEDULED
2026-09-12T00:24:07.040797+00:00,1287219,081,2323,15,0,1789173651,,,SCHEDULED
2026-09-12T00:24:07.040797+00:00,1287219,081,2324,16,0,1789173710,,,SCHEDULED
2026-09-12T00:24:07.040797+00:00,1287219,081,2325,17,0,1789173759,,,SCHEDULED
2026-09-12T00:24:07.040797+00:00,1287219,081,2326,18,0,1789173819,,,SCHEDULED
2026-09-12T00:24:07.040797+00:00,1287219,081,2328,19,0,1789173911,,,SCHEDULED
2026-09-12T00:24:07.040797+00:00,1287219,081,2329,20,0,1789173965,,,SCHEDULED
2026-09-12T00:24:07.040797+00:00,1287219,081,2330,21,0,1789174024,,,SCHEDULED
2026-09-12T00:24:07.040797+00:00,1287219,081,4811,22,0,1789174084,,,SCHEDULED
2026-09-12T00:24:07.040797+00:00,1287219,081,4810,23,0,1789174130,,,SCHEDULED
2026-09-12T00:24:07.040797+00:00,1284105,001,1801,1,,,0,1789173240,SCHEDULED
2026-09-12T00:24:07.040797+00:00,1284105,001,3073,2,0,1789173284,,,SCHEDULED
2026-09-12T00:24:07.040797+00:00,1284105,001,630,3,0,1789173415,,,SCHEDULED
2026-09-12T00:24:07.040797+00:00,1284105,001,631,4,0,1789173464,,,SCHEDULED
2026-09-12T00:24:07.040797+00:00,1284105,001,632,5,0,1789173493,,,SCHEDULED
2026-09-12T00:24:07.040797+00:00,1284105,001,634,6,0,1789173564,,,SCHEDULED
2026-09-12T00:24:07.040797+00:00,1284105,001,635,7,0,1789173635,,,SCHEDULED
2026-09-12T00:24:07.040797+00:00,1284105,001,636,8,0,1789173715,,,SCHEDULED
2026-09-12T00:24:07.040797+00:00,1284105,001,637,9,0,1789173751,,,SCHEDULED
2026-09-12T00:24:07.040797+00:00,1284105,001,638,10,0,1789173795,,,SCHEDULED
2026-09-12T00:24:07.040797+00:00,1284105,001,639,11,0,1789173840,,,SCHEDULED
2026-09-12T00:24:07.040797+00:00,1284105,001,640,12,0,1789173892,,,SCHEDULED
2026-09-12T00:24:07.040797+00:00,1284105,001,641,13,0,1789173934,,,SCHEDULED
2026-09-12T00:24:07.040797+00:00,1284105,001,642,14,0,1789174021,,,SCHEDULED
2026-09-12T00:24:07.040797+00:00,1284105,001,643,15,0,1789174066,,,SCHEDULED
2026-09-12T00:24:07.040797+00:00,1284105,001,644,16,0,1789174108,,,SCHEDULED
2026-09-12T00:24:07.040797+00:00,1284105,001,645,17,0,1789174155,,,SCHEDULED
2026-09-12T00:24:07.040797+00:00,1284105,001,646,18,0,1789174187,,,SCHEDULED
2026-09-12T00:24:07.040797+00:00,1284105,001,647,19,0,1789174250,,,SCHEDULED
2026-09-12T00:24:07.040797+00:00,1284105,001,648,20,0,1789174316,,,SCHEDULED
2026-09-12T00:24:07.040797+00:00,1284105,001,649,21,0,1789174366,,,SCHEDULED
2026-09-12T00:24:07.040797+00:00,1284104,001,1801,1,,,0,1789174140,SCHEDULED
2026-09-12T00:24:07.040797+00:00,1284104,001,3073,2,0,1789174184,,,SCHEDULED
2026-09-12T00:24:07.040797+00:00,1284104,001,630,3,0,1789174315,,,SCHEDULED
2026-09-12T00:24:07.040797+00:00,1284104,001,631,4,0,1789174364,,,SCHEDULED
2026-09-12T00:24:07.040797+00:00,1284107,001,643,15,0,1789172674,,,SCHEDULED
2026-09-12T00:24:07.040797+00:00,1284107,001,644,16,0,1789172721,,,SCHEDULED
2026-09-12T00:24:07.040797+00:00,1284107,001,645,17,0,1789172773,,,SCHEDULED
2026-09-12T00:24:07.040797+00:00,1284107,001,646,18,0,1789172808,,,SCHEDULED
2026-09-12T00:24:07.040797+00:00,1284107,001,647,19,0,1789172877,,,SCHEDULED
2026-09-12T00:24:07.040797+00:00,1284107,001,648,20,0,1789172949,,,SCHEDULED
2026-09-12T00:24:07.040797+00:00,1284107,001,649,21,0,1789173004,,,SCHEDULED
2026-09-12T00:24:07.040797+00:00,1284107,001,5351,22,0,1789173025,,,SCHEDULED
2026-09-12T00:24:07.040797+00:00,1284107,001,1308,23,0,1789173086,,,SCHEDULED
2026-09-12T00:24:07.040797+00:00,1284107,001,1309,24,0,1789173157,,,SCHEDULED
2026-09-12T00:24:07.040797+00:00,1284107,001,1310,25,0,1789173254,,,SCHEDULED
2026-09-12T00:24:07.040797+00:00,1284107,001,1311,26,0,1789173329,,,SCHEDULED
2026-09-12T00:24:07.040797+00:00,1284107,001,5363,27,0,1789173438,,,SCHEDULED
2026-09-12T00:24:07.040797+00:00,1284107,001,1313,28,0,1789173483,,,SCHEDULED
2026-09-12T00:24:07.040797+00:00,1284107,001,1314,29,0,1789173536,,,SCHEDULED
2026-09-12T00:24:07.040797+00:00,1284107,001,1315,30,0,1789173663,,,SCHEDULED
2026-09-12T00:24:07.040797+00:00,1284107,001,1316,31,0,1789173704,,,SCHEDULED
2026-09-12T00:24:07.040797+00:00,1284107,001,1317,32,0,1789173749,,,SCHEDULED
2026-09-12T00:24:07.040797+00:00,1284107,001,1318,33,0,1789173794,,,SCHEDULED
2026-09-12T00:24:07.040797+00:00,1284107,001,2807,34,0,1789173884,,,SCHEDULED
2026-09-12T00:24:07.040797+00:00,1284106,001,634,6,0,1789172635,,,SCHEDULED
2026-09-12T00:24:07.040797+00:00,1284106,001,635,7,0,1789172706,,,SCHEDULED
2026-09-12T00:24:07.040797+00:00,1284106,001,636,8,0,1789172786,,,SCHEDULED
2026-09-12T00:24:07.040797+00:00,1284106,001,637,9,0,1789172822,,,SCHEDULED
2026-09-12T00:24:07.040797+00:00,1284106,001,638,10,0,1789172866,,,SCHEDULED
2026-09-12T00:24:07.040797+00:00,1284106,001,639,11,0,1789172911,,,SCHEDULED
2026-09-12T00:24:07.040797+00:00,1284106,001,640,12,0,1789172963,,,SCHEDULED
2026-09-12T00:24:07.040797+00:00,1284106,001,641,13,0,1789173005,,,SCHEDULED
2026-09-12T00:24:07.040797+00:00,1284106,001,642,14,0,1789173092,,,SCHEDULED
2026-09-12T00:24:07.040797+00:00,1284106,001,643,15,0,1789173137,,,SCHEDULED
2026-09-12T00:24:07.040797+00:00,1284106,001,644,16,0,1789173179,,,SCHEDULED
2026-09-12T00:24:07.040797+00:00,1284106,001,645,17,0,1789173226,,,SCHEDULED
2026-09-12T00:24:07.040797+00:00,1284106,001,646,18,0,1789173258,,,SCHEDULED
2026-09-12T00:24:07.040797+00:00,1284106,001,647,19,0,1789173321,,,SCHEDULED
2026-09-12T00:24:07.040797+00:00,1284106,001,648,20,0,1789173387,,,SCHEDULED
2026-09-12T00:24:07.040797+00:00,1284106,001,649,21,0,1789173437,,,SCHEDULED
2026-09-12T00:24:07.040797+00:00,1284106,001,5351,22,0,1789173455,,,SCHEDULED
2026-09-12T00:24:07.040797+00:00,1284106,001,1308,23,0,1789173511,,,SCHEDULED
2026-09-12T00:24:07.040797+00:00,1284106,001,1309,24,0,1789173573,,,SCHEDULED
2026-09-12T00:24:07.040797+00:00,1284106,001,1310,25,0,1789173658,,,SCHEDULED
2026-09-12T00:24:07.040797+00:00,1284106,001,1311,26,0,1789173724,,,SCHEDULED
2026-09-12T00:24:07.040797+00:00,1284106,001,5363,27,0,1789173819,,,SCHEDULED
2026-09-12T00:24:07.040797+00:00,1284106,001,1313,28,0,1789173858,,,SCHEDULED
2026-09-12T00:24:07.040797+00:00,1284106,001,1314,29,0,1789173904,,,SCHEDULED
2026-09-12T00:24:07.040797+00:00,1284106,001,1315,30,0,1789174016,,,SCHEDULED
2026-09-12T00:24:07.040797+00:00,1284106,001,1316,31,0,1789174052,,,SCHEDULED
2026-09-12T00:24:07.040797+00:00,1284106,001,1317,32,0,1789174091,,,SCHEDULED
2026-09-12T00:24:07.040797+00:00,1284106,001,1318,33,0,1789174131,,,SCHEDULED
2026-09-12T00:24:07.040797+00:00,1284106,001,2807,34,0,1789174209,,,SCHEDULED
2026-09-12T00:24:07.040797+00:00,1287218,081,1612,1,,,0,1789174080,SCHEDULED
2026-09-12T00:24:07.040797+00:00,1287218,081,1613,2,0,1789174179,,,SCHEDULED
2026-09-12T00:24:07.040797+00:00,1287218,081,2311,3,0,1789174228,,,SCHEDULED
2026-09-12T00:24:07.040797+00:00,1285558,030,1708,17,0,1789172631,,,SCHEDULED
2026-09-12T00:24:07.040797+00:00,1285558,030,1709,18,0,1789172675,,,SCHEDULED
2026-09-12T00:24:07.040797+00:00,1285558,030,1710,19,0,1789172731,,,SCHEDULED
2026-09-12T00:24:07.040797+00:00,1285558,030,1711,20,0,1789172779,,,SCHEDULED
2026-09-12T00:24:07.040797+00:00,1285558,030,519,21,0,1789172805,,,SCHEDULED
2026-09-12T00:24:07.040797+00:00,1285558,030,521,22,0,1789172853,,,SCHEDULED
2026-09-12T00:24:07.040797+00:00,1285558,030,522,23,0,1789172919,,,SCHEDULED
2026-09-12T00:24:07.040797+00:00,1285558,030,525,24,0,1789173016,,,SCHEDULED
2026-09-12T00:24:07.040797+00:00,1285558,030,526,25,0,1789173134,,,SCHEDULED
2026-09-12T00:24:07.040797+00:00,1285558,030,527,26,0,1789173164,,,SCHEDULED
2026-09-12T00:24:07.040797+00:00,1285558,030,528,27,0,1789173194,,,SCHEDULED
2026-09-12T00:24:07.040797+00:00,1285558,030,5252,28,0,1789173311,,,SCHEDULED
2026-09-12T00:24:07.040797+00:00,1285558,030,281,29,0,1789173417,,,SCHEDULED
2026-09-12T00:24:07.040797+00:00,1284108,001,2807,34,0,1789172658,,,SCHEDULED
2026-09-12T00:24:07.040797+00:00,1286896,072,3860,12,0,1789172638,,,SCHEDULED
2026-09-12T00:24:07.040797+00:00,1286896,072,3787,13,0,1789172732,,,SCHEDULED
2026-09-12T00:24:07.040797+00:00,1286896,072,3788,14,0,1789172782,,,SCHEDULED
2026-09-12T00:24:07.040797+00:00,1286896,072,3789,15,0,1789172823,,,SCHEDULED
2026-09-12T00:24:07.040797+00:00,1286896,072,3790,16,0,1789172885,,,SCHEDULED
2026-09-12T00:24:07.040797+00:00,1286896,072,3791,17,0,1789172923,,,SCHEDULED
2026-09-12T00:24:07.040797+00:00,1286896,072,3785,18,0,1789172961,,,SCHEDULED
2026-09-12T00:24:07.040797+00:00,1286896,072,3792,19,0,1789172996,,,SCHEDULED
2026-09-12T00:24:07.040797+00:00,1286896,072,3793,20,0,1789173046,,,SCHEDULED
2026-09-12T00:24:07.040797+00:00,1286896,072,3794,21,0,1789173088,,,SCHEDULED
2026-09-12T00:24:07.040797+00:00,1286896,072,3795,22,0,1789173124,,,SCHEDULED
2026-09-12T00:24:07.040797+00:00,1286896,072,3796,23,0,1789173166,,,SCHEDULED
2026-09-12T00:24:07.040797+00:00,1286896,072,5250,24,0,1789173212,,,SCHEDULED
2026-09-12T00:24:07.040797+00:00,1286896,072,3798,25,0,1789173245,,,SCHEDULED
2026-09-12T00:24:07.040797+00:00,1286896,072,3799,26,0,1789173297,,,SCHEDULED
2026-09-12T00:24:07.040797+00:00,1286896,072,3800,27,0,1789173360,,,SCHEDULED
2026-09-12T00:24:07.040797+00:00,1286896,072,3801,28,0,1789173388,,,SCHEDULED
2026-09-12T00:24:07.040797+00:00,1286896,072,3802,29,0,1789173424,,,SCHEDULED
2026-09-12T00:24:07.040797+00:00,1286896,072,3852,30,0,1789173469,,,SCHEDULED
2026-09-12T00:24:07.040797+00:00,1286895,072,377,1,,,0,1789173720,SCHEDULED
2026-09-12T00:24:07.040797+00:00,1286895,072,2873,2,0,1789173844,,,SCHEDULED
2026-09-12T00:24:07.040797+00:00,1286895,072,2874,3,0,1789173883,,,SCHEDULED
2026-09-12T00:24:07.040797+00:00,1286895,072,2884,4,0,1789173959,,,SCHEDULED
2026-09-12T00:24:07.040797+00:00,1286895,072,2885,5,0,1789174015,,,SCHEDULED
2026-09-12T00:24:07.040797+00:00,1286895,072,2886,6,0,1789174056,,,SCHEDULED
2026-09-12T00:24:07.040797+00:00,1286895,072,2887,7,0,1789174125,,,SCHEDULED
2026-09-12T00:24:07.040797+00:00,1286895,072,2888,8,0,1789174186,,,SCHEDULED
2026-09-12T00:24:07.040797+00:00,1286895,072,2889,9,0,1789174260,,,SCHEDULED
2026-09-12T00:24:07.040797+00:00,1286895,072,2891,10,0,1789174327,,,SCHEDULED
2026-09-12T00:24:07.040797+00:00,1286895,072,2892,11,0,1789174365,,,SCHEDULED
2026-09-12T00:24:07.040797+00:00,1285326,025,241,1,,,0,1789174020,SCHEDULED
2026-09-12T00:24:07.040797+00:00,1285326,025,1255,2,0,1789174249,,,SCHEDULED
2026-09-12T00:24:07.040797+00:00,1285326,025,1263,3,0,1789174334,,,SCHEDULED
2026-09-12T00:24:07.040797+00:00,1285328,025,3617,32,0,1789172661,,,SCHEDULED
2026-09-12T00:24:07.040797+00:00,1285328,025,3618,33,0,1789172722,,,SCHEDULED
2026-09-12T00:24:07.040797+00:00,1285328,025,3619,34,0,1789172758,,,SCHEDULED
2026-09-12T00:24:07.040797+00:00,1285328,025,3620,35,0,1789172852,,,SCHEDULED
2026-09-12T00:24:07.040797+00:00,1285328,025,3621,36,0,1789172902,,,SCHEDULED
2026-09-12T00:24:07.040797+00:00,1285328,025,3622,37,0,1789172946,,,SCHEDULED
2026-09-12T00:24:07.040797+00:00,1285328,025,3623,38,0,1789172972,,,SCHEDULED
2026-09-12T00:24:07.040797+00:00,1285328,025,3624,39,0,1789173028,,,SCHEDULED
2026-09-12T00:24:07.040797+00:00,1285328,025,3625,40,0,1789173075,,,SCHEDULED
2026-09-12T00:24:07.040797+00:00,1285328,025,3626,41,0,1789173116,,,SCHEDULED
2026-09-12T00:24:07.040797+00:00,1285328,025,3627,42,0,1789173152,,,SCHEDULED
2026-09-12T00:24:07.040797+00:00,1285328,025,3628,43,0,1789173170,,,SCHEDULED
2026-09-12T00:24:07.040797+00:00,1285328,025,4603,44,0,1789173265,,,SCHEDULED
2026-09-12T00:24:07.040797+00:00,1285328,025,4604,45,0,1789173331,,,SCHEDULED
2026-09-12T00:24:07.040797+00:00,1285328,025,3371,46,0,1789173483,,,SCHEDULED
2026-09-12T00:24:07.040797+00:00,1285328,025,3372,47,0,1789173516,,,SCHEDULED
2026-09-12T00:24:07.040797+00:00,1285328,025,3373,48,0,1789173566,,,SCHEDULED
2026-09-12T00:24:07.040797+00:00,1285328,025,3374,49,0,1789173640,,,SCHEDULED
2026-09-12T00:24:07.040797+00:00,1285328,025,3375,50,0,1789173690,,,SCHEDULED
2026-09-12T00:24:07.040797+00:00,1285328,025,3376,51,0,1789173752,,,SCHEDULED
2026-09-12T00:24:07.040797+00:00,1285328,025,3377,52,0,1789173787,,,SCHEDULED
2026-09-12T00:24:07.040797+00:00,1285328,025,3378,53,0,1789173807,,,SCHEDULED
2026-09-12T00:24:07.040797+00:00,1285328,025,3379,54,0,1789173861,,,SCHEDULED
2026-09-12T00:24:07.040797+00:00,1285328,025,3380,55,0,1789173888,,,SCHEDULED
2026-09-12T00:24:07.040797+00:00,1285328,025,3381,56,0,1789173926,,,SCHEDULED
2026-09-12T00:24:07.040797+00:00,1285328,025,3382,57,0,1789173962,,,SCHEDULED
2026-09-12T00:24:07.040797+00:00,1285328,025,3383,58,0,1789174033,,,SCHEDULED
2026-09-12T00:24:07.040797+00:00,1285328,025,3389,59,0,1789174104,,,SCHEDULED
2026-09-12T00:24:07.040797+00:00,1288439,177,658,1,,,0,1789173540,SCHEDULED
2026-09-12T00:24:07.040797+00:00,1288439,177,832,2,0,1789173674,,,SCHEDULED
2026-09-12T00:24:07.040797+00:00,1288439,177,3845,3,0,1789173701,,,SCHEDULED
2026-09-12T00:24:07.040797+00:00,1288439,177,795,4,0,1789173789,,,SCHEDULED
2026-09-12T00:24:07.040797+00:00,1285327,025,1267,7,0,1789172682,,,SCHEDULED
2026-09-12T00:24:07.040797+00:00,1285327,025,1268,8,0,1789172753,,,SCHEDULED
2026-09-12T00:24:07.040797+00:00,1285327,025,1269,9,0,1789172810,,,SCHEDULED
2026-09-12T00:24:07.040797+00:00,1285327,025,1270,10,0,1789172930,,,SCHEDULED
2026-09-12T00:24:07.040797+00:00,1285327,025,1271,11,0,1789173042,,,SCHEDULED
2026-09-12T00:24:07.040797+00:00,1285327,025,1272,12,0,1789173086,,,SCHEDULED
2026-09-12T00:24:07.040797+00:00,1285327,025,1273,13,0,1789173151,,,SCHEDULED
2026-09-12T00:24:07.040797+00:00,1285327,025,1274,14,0,1789173213,,,SCHEDULED
2026-09-12T00:24:07.040797+00:00,1285327,025,1275,15,0,1789173284,,,SCHEDULED
2026-09-12T00:24:07.040797+00:00,1285327,025,1276,16,0,1789173334,,,SCHEDULED
2026-09-12T00:24:07.040797+00:00,1285327,025,1277,17,0,1789173405,,,SCHEDULED
2026-09-12T00:24:07.040797+00:00,1285327,025,1278,18,0,1789173461,,,SCHEDULED
2026-09-12T00:24:07.040797+00:00,1285327,025,1279,19,0,1789173523,,,SCHEDULED
2026-09-12T00:24:07.040797+00:00,1285327,025,1280,20,0,1789173597,,,SCHEDULED
2026-09-12T00:24:07.040797+00:00,1285327,025,1281,21,0,1789173642,,,SCHEDULED
2026-09-12T00:24:07.040797+00:00,1285327,025,1282,22,0,1789173672,,,SCHEDULED
2026-09-12T00:24:07.040797+00:00,1285327,025,1481,23,0,1789173759,,,SCHEDULED
2026-09-12T00:24:07.040797+00:00,1285327,025,1482,24,0,1789173793,,,SCHEDULED
2026-09-12T00:24:07.040797+00:00,1285327,025,1483,25,0,1789173844,,,SCHEDULED
2026-09-12T00:24:07.040797+00:00,1285327,025,1484,26,0,1789173895,,,SCHEDULED
2026-09-12T00:24:07.040797+00:00,1285327,025,1485,27,0,1789173962,,,SCHEDULED
2026-09-12T00:24:07.040797+00:00,1285327,025,1486,28,0,1789174001,,,SCHEDULED
2026-09-12T00:24:07.040797+00:00,1285327,025,3614,29,0,1789174083,,,SCHEDULED
2026-09-12T00:24:07.040797+00:00,1285327,025,3615,30,0,1789174149,,,SCHEDULED
2026-09-12T00:24:07.040797+00:00,1285327,025,3616,31,0,1789174231,,,SCHEDULED
2026-09-12T00:24:07.040797+00:00,1285327,025,3617,32,0,1789174291,,,SCHEDULED
2026-09-12T00:24:07.040797+00:00,1285327,025,3618,33,0,1789174352,,,SCHEDULED
2026-09-12T00:24:07.040797+00:00,1285965,051,668,1,,,0,1789174320,SCHEDULED
2026-09-12T00:24:07.040797+00:00,1286492,062,413,1,,,0,1789173600,SCHEDULED
2026-09-12T00:24:07.040797+00:00,1286492,062,414,2,0,1789173655,,,SCHEDULED
2026-09-12T00:24:07.040797+00:00,1286492,062,415,3,0,1789173720,,,SCHEDULED
2026-09-12T00:24:07.040797+00:00,1286492,062,416,4,0,1789173760,,,SCHEDULED
2026-09-12T00:24:07.040797+00:00,1286492,062,418,5,0,1789173840,,,SCHEDULED
2026-09-12T00:24:07.040797+00:00,1286492,062,4763,6,0,1789173930,,,SCHEDULED
2026-09-12T00:24:07.040797+00:00,1286492,062,1716,7,0,1789173995,,,SCHEDULED
2026-09-12T00:24:07.040797+00:00,1286492,062,2256,8,0,1789174120,,,SCHEDULED
2026-09-12T00:24:07.040797+00:00,1286492,062,2257,9,0,1789174155,,,SCHEDULED
2026-09-12T00:24:07.040797+00:00,1286492,062,2258,10,0,1789174200,,,SCHEDULED
2026-09-12T00:24:07.040797+00:00,1286492,062,2260,11,0,1789174322,,,SCHEDULED
2026-09-12T00:24:07.040797+00:00,1286492,062,2261,12,0,1789174353,,,SCHEDULED
2026-09-12T00:24:07.040797+00:00,1287183,081,2180,1,,,0,1789174247,SCHEDULED
2026-09-12T00:24:07.040797+00:00,1287183,081,2181,2,0,1789174288,,,SCHEDULED
2026-09-12T00:24:07.040797+00:00,1287183,081,2183,3,0,1789174348,,,SCHEDULED
2026-09-12T00:24:07.040797+00:00,1287183,081,2184,4,0,1789174398,,,SCHEDULED
2026-09-12T00:24:07.040797+00:00,1288394,175,1661,1,,,0,1789173300,SCHEDULED
2026-09-12T00:24:07.040797+00:00,1288394,175,1667,2,0,1789173480,,,SCHEDULED
2026-09-12T00:24:07.040797+00:00,1288394,175,957,3,0,1789174268,,,SCHEDULED
2026-09-12T00:24:07.040797+00:00,1288394,175,955,4,0,1789174343,,,SCHEDULED
2026-09-12T00:24:07.040797+00:00,1287184,081,2180,1,,,0,1789172820,SCHEDULED
2026-09-12T00:24:07.040797+00:00,1287184,081,2181,2,0,1789172856,,,SCHEDULED
2026-09-12T00:24:07.040797+00:00,1287184,081,2183,3,0,1789172909,,,SCHEDULED
2026-09-12T00:24:07.040797+00:00,1287184,081,2184,4,0,1789172952,,,SCHEDULED
2026-09-12T00:24:07.040797+00:00,1287184,081,2185,5,0,1789173043,,,SCHEDULED
2026-09-12T00:24:07.040797+00:00,1287184,081,2186,6,0,1789173121,,,SCHEDULED
2026-09-12T00:24:07.040797+00:00,1287184,081,2358,7,0,1789173240,,,SCHEDULED
2026-09-12T00:24:07.040797+00:00,1287184,081,2359,8,0,1789173300,,,SCHEDULED
2026-09-12T00:24:07.040797+00:00,1287184,081,2360,9,0,1789173354,,,SCHEDULED
2026-09-12T00:24:07.040797+00:00,1287184,081,2361,10,0,1789173415,,,SCHEDULED
2026-09-12T00:24:07.040797+00:00,1287184,081,2362,11,0,1789173466,,,SCHEDULED
2026-09-12T00:24:07.040797+00:00,1287184,081,2363,12,0,1789173533,,,SCHEDULED
2026-09-12T00:24:07.040797+00:00,1287184,081,2364,13,0,1789173619,,,SCHEDULED
2026-09-12T00:24:07.040797+00:00,1287184,081,2365,14,0,1789173658,,,SCHEDULED
2026-09-12T00:24:07.040797+00:00,1287184,081,2366,15,0,1789173686,,,SCHEDULED
2026-09-12T00:24:07.040797+00:00,1287184,081,2367,16,0,1789173744,,,SCHEDULED
2026-09-12T00:24:07.040797+00:00,1287184,081,5203,17,0,1789173840,,,SCHEDULED
2026-09-12T00:24:07.040797+00:00,1287184,081,2368,18,0,1789173942,,,SCHEDULED
2026-09-12T00:24:07.040797+00:00,1287184,081,2370,19,0,1789174069,,,SCHEDULED
2026-09-12T00:24:07.040797+00:00,1287184,081,2371,20,0,1789174136,,,SCHEDULED
2026-09-12T00:24:07.040797+00:00,1287184,081,2372,21,0,1789174181,,,SCHEDULED
2026-09-12T00:24:07.040797+00:00,1287184,081,2373,22,0,1789174226,,,SCHEDULED
2026-09-12T00:24:07.040797+00:00,1287184,081,2374,23,0,1789174286,,,SCHEDULED
2026-09-12T00:24:07.040797+00:00,1285450,026,316,1,,,0,1789174020,SCHEDULED
2026-09-12T00:24:07.040797+00:00,1285450,026,8959,2,0,1789174172,,,SCHEDULED
2026-09-12T00:24:07.040797+00:00,1285450,026,2989,3,0,1789174268,,,SCHEDULED
2026-09-12T00:24:07.040797+00:00,1285296,025,1251,55,0,1789172700,,,SCHEDULED
2026-09-12T00:24:07.040797+00:00,1285296,025,1252,56,0,1789172751,,,SCHEDULED
2026-09-12T00:24:07.040797+00:00,1285296,025,1253,57,0,1789172845,,,SCHEDULED
2026-09-12T00:24:07.040797+00:00,1285296,025,1254,58,0,1789172922,,,SCHEDULED
2026-09-12T00:24:07.040797+00:00,1285296,025,1262,59,0,1789173006,,,SCHEDULED
2026-09-12T00:24:07.040797+00:00,1287234,081,290,1,,,0,1789173900,SCHEDULED
2026-09-12T00:24:07.040797+00:00,1287234,081,1600,2,0,1789173975,,,SCHEDULED
2026-09-12T00:24:07.040797+00:00,1287234,081,1602,3,0,1789174052,,,SCHEDULED
2026-09-12T00:24:07.040797+00:00,1287234,081,1603,4,0,1789174091,,,SCHEDULED
2026-09-12T00:24:07.040797+00:00,1287234,081,1604,5,0,1789174149,,,SCHEDULED
2026-09-12T00:24:07.040797+00:00,1287234,081,1605,6,0,1789174217,,,SCHEDULED
2026-09-12T00:24:07.040797+00:00,1287234,081,1606,7,0,1789174294,,,SCHEDULED
2026-09-12T00:24:07.040797+00:00,1285295,025,5265,16,0,1789172649,,,SCHEDULED
2026-09-12T00:24:07.040797+00:00,1285295,025,4661,17,0,1789172721,,,SCHEDULED
2026-09-12T00:24:07.040797+00:00,1285295,025,4662,18,0,1789172797,,,SCHEDULED
2026-09-12T00:24:07.040797+00:00,1285295,025,3589,19,0,1789172886,,,SCHEDULED
2026-09-12T00:24:07.040797+00:00,1285295,025,3590,20,0,1789172908,,,SCHEDULED
2026-09-12T00:24:07.040797+00:00,1285295,025,3591,21,0,1789172979,,,SCHEDULED
2026-09-12T00:24:07.040797+00:00,1285295,025,3592,22,0,1789173031,,,SCHEDULED
2026-09-12T00:24:07.040797+00:00,1285295,025,3593,23,0,1789173091,,,SCHEDULED
2026-09-12T00:24:07.040797+00:00,1285295,025,3594,24,0,1789173144,,,SCHEDULED
2026-09-12T00:24:07.040797+00:00,1285295,025,3595,25,0,1789173193,,,SCHEDULED
2026-09-12T00:24:07.040797+00:00,1285295,025,3596,26,0,1789173264,,,SCHEDULED
2026-09-12T00:24:07.040797+00:00,1285295,025,3597,27,0,1789173328,,,SCHEDULED
2026-09-12T00:24:07.040797+00:00,1285295,025,3598,28,0,1789173387,,,SCHEDULED
2026-09-12T00:24:07.040797+00:00,1285295,025,3599,29,0,1789173425,,,SCHEDULED
2026-09-12T00:24:07.040797+00:00,1285295,025,3600,30,0,1789173482,,,SCHEDULED
2026-09-12T00:24:07.040797+00:00,1285295,025,3601,31,0,1789173512,,,SCHEDULED
2026-09-12T00:24:07.040797+00:00,1285295,025,3602,32,0,1789173579,,,SCHEDULED
2026-09-12T00:24:07.040797+00:00,1285295,025,3603,33,0,1789173626,,,SCHEDULED
2026-09-12T00:24:07.040797+00:00,1285295,025,1356,34,0,1789173666,,,SCHEDULED
2026-09-12T00:24:07.040797+00:00,1285295,025,1357,35,0,1789173761,,,SCHEDULED
2026-09-12T00:24:07.040797+00:00,1285295,025,1358,36,0,1789173788,,,SCHEDULED
2026-09-12T00:24:07.040797+00:00,1285295,025,1359,37,0,1789173821,,,SCHEDULED
2026-09-12T00:24:07.040797+00:00,1285295,025,1360,38,0,1789173881,,,SCHEDULED
2026-09-12T00:24:07.040797+00:00,1285295,025,1361,39,0,1789173923,,,SCHEDULED
2026-09-12T00:24:07.040797+00:00,1285295,025,1236,40,0,1789174015,,,SCHEDULED
2026-09-12T00:24:07.040797+00:00,1285295,025,1237,41,0,1789174048,,,SCHEDULED
2026-09-12T00:24:07.040797+00:00,1285295,025,1238,42,0,1789174081,,,SCHEDULED
2026-09-12T00:24:07.040797+00:00,1285295,025,1239,43,0,1789174169,,,SCHEDULED
2026-09-12T00:24:07.040797+00:00,1285295,025,1240,44,0,1789174226,,,SCHEDULED
2026-09-12T00:24:07.040797+00:00,1285295,025,1241,45,0,1789174284,,,SCHEDULED
2026-09-12T00:24:07.040797+00:00,1285295,025,1242,46,0,1789174338,,,SCHEDULED
2026-09-12T00:24:07.040797+00:00,1285295,025,1243,47,0,1789174414,,,SCHEDULED
2026-09-12T00:24:07.040797+00:00,1285177,023,1096,2,0,1789172726,,,SCHEDULED
2026-09-12T00:24:07.040797+00:00,1285177,023,1098,3,0,1789172919,,,SCHEDULED
2026-09-12T00:24:07.040797+00:00,1285177,023,1099,4,0,1789173097,,,SCHEDULED
2026-09-12T00:24:07.040797+00:00,1285177,023,1090,5,0,1789173325,,,SCHEDULED
2026-09-12T00:24:07.040797+00:00,1285177,023,1091,6,0,1789173449,,,SCHEDULED
2026-09-12T00:24:07.040797+00:00,1285177,023,1092,7,0,1789173518,,,SCHEDULED
2026-09-12T00:24:07.040797+00:00,1285177,023,1093,8,0,1789173570,,,SCHEDULED
2026-09-12T00:24:07.040797+00:00,1285177,023,1094,9,0,1789173622,,,SCHEDULED
2026-09-12T00:24:07.040797+00:00,1285177,023,1455,10,0,1789173712,,,SCHEDULED
2026-09-12T00:24:07.040797+00:00,1285177,023,1456,11,0,1789173795,,,SCHEDULED
2026-09-12T00:24:07.040797+00:00,1285177,023,1457,12,0,1789173871,,,SCHEDULED
2026-09-12T00:24:07.040797+00:00,1285177,023,1458,13,0,1789173937,,,SCHEDULED
2026-09-12T00:24:07.040797+00:00,1285177,023,1460,14,0,1789174022,,,SCHEDULED
2026-09-12T00:24:07.040797+00:00,1285177,023,1461,15,0,1789174077,,,SCHEDULED
2026-09-12T00:24:07.040797+00:00,1285177,023,1462,16,0,1789174114,,,SCHEDULED
2026-09-12T00:24:07.040797+00:00,1285177,023,1463,17,0,1789174192,,,SCHEDULED
2026-09-12T00:24:07.040797+00:00,1285177,023,1464,18,0,1789174237,,,SCHEDULED
2026-09-12T00:24:07.040797+00:00,1285177,023,1465,19,0,1789174274,,,SCHEDULED
2026-09-12T00:24:07.040797+00:00,1285177,023,1466,20,0,1789174302,,,SCHEDULED
2026-09-12T00:24:07.040797+00:00,1285177,023,1467,21,0,1789174339,,,SCHEDULED
2026-09-12T00:24:07.040797+00:00,1288288,142,413,3,0,1789172830,,,SCHEDULED
2026-09-12T00:24:07.040797+00:00,1288288,142,414,4,0,1789172841,,,SCHEDULED
2026-09-12T00:24:07.040797+00:00,1288288,142,415,5,0,1789172854,,,SCHEDULED
2026-09-12T00:24:07.040797+00:00,1288288,142,416,6,0,1789172897,,,SCHEDULED
2026-09-12T00:24:07.040797+00:00,1288288,142,418,7,0,1789172983,,,SCHEDULED
2026-09-12T00:24:07.040797+00:00,1288288,142,4763,8,0,1789173134,,,SCHEDULED
2026-09-12T00:24:07.040797+00:00,1288288,142,113,9,0,1789173204,,,SCHEDULED
2026-09-12T00:24:07.040797+00:00,1285452,026,3097,28,0,1789172649,,,SCHEDULED
2026-09-12T00:24:07.040797+00:00,1285452,026,3098,29,0,1789172721,,,SCHEDULED
2026-09-12T00:24:07.040797+00:00,1285452,026,9800,30,0,1789172770,,,SCHEDULED
2026-09-12T00:24:07.040797+00:00,1285452,026,3099,31,0,1789172898,,,SCHEDULED
2026-09-12T00:24:07.040797+00:00,1285452,026,3100,32,0,1789172958,,,SCHEDULED
2026-09-12T00:24:07.040797+00:00,1285452,026,3101,33,0,1789173006,,,SCHEDULED
2026-09-12T00:24:07.040797+00:00,1285452,026,3102,34,0,1789173046,,,SCHEDULED
2026-09-12T00:24:07.040797+00:00,1285452,026,5366,35,0,1789173194,,,SCHEDULED
2026-09-12T00:24:07.040797+00:00,1285452,026,1283,36,0,1789173250,,,SCHEDULED
2026-09-12T00:24:07.040797+00:00,1285452,026,650,37,0,1789173402,,,SCHEDULED
2026-09-12T00:24:07.040797+00:00,1285452,026,3107,38,0,1789173467,,,SCHEDULED
2026-09-12T00:24:07.040797+00:00,1285452,026,3108,39,0,1789173511,,,SCHEDULED
2026-09-12T00:24:07.040797+00:00,1285452,026,3109,40,0,1789173560,,,SCHEDULED
2026-09-12T00:24:07.040797+00:00,1285452,026,3110,41,0,1789173610,,,SCHEDULED
2026-09-12T00:24:07.040797+00:00,1285452,026,3112,42,0,1789173719,,,SCHEDULED
2026-09-12T00:24:07.040797+00:00,1285452,026,3113,43,0,1789173756,,,SCHEDULED
2026-09-12T00:24:07.040797+00:00,1285452,026,3115,44,0,1789173850,,,SCHEDULED
2026-09-12T00:24:07.040797+00:00,1285452,026,3116,45,0,1789173887,,,SCHEDULED
2026-09-12T00:24:07.040797+00:00,1285452,026,3117,46,0,1789173917,,,SCHEDULED
2026-09-12T00:24:07.040797+00:00,1285452,026,3118,47,0,1789173966,,,SCHEDULED
2026-09-12T00:24:07.040797+00:00,1285452,026,3119,48,0,1789173990,,,SCHEDULED
2026-09-12T00:24:07.040797+00:00,1285452,026,3121,49,0,1789174050,,,SCHEDULED
2026-09-12T00:24:07.040797+00:00,1285452,026,3122,50,0,1789174099,,,SCHEDULED
2026-09-12T00:24:07.040797+00:00,1285452,026,3123,51,0,1789174167,,,SCHEDULED
2026-09-12T00:24:07.040797+00:00,1285452,026,3124,52,0,1789174229,,,SCHEDULED
2026-09-12T00:24:07.040797+00:00,1285056,021,319,1,,,0,1789172928,SCHEDULED
2026-09-12T00:24:07.040797+00:00,1285056,021,2770,2,0,1789173130,,,SCHEDULED
2026-09-12T00:24:07.040797+00:00,1285056,021,2771,3,0,1789173216,,,SCHEDULED
2026-09-12T00:24:07.040797+00:00,1285056,021,2772,4,0,1789173296,,,SCHEDULED
2026-09-12T00:24:07.040797+00:00,1285056,021,2773,5,0,1789173348,,,SCHEDULED
2026-09-12T00:24:07.040797+00:00,1285056,021,2774,6,0,1789173442,,,SCHEDULED
2026-09-12T00:24:07.040797+00:00,1285056,021,2775,7,0,1789173476,,,SCHEDULED
2026-09-12T00:24:07.040797+00:00,1285056,021,2776,8,0,1789173530,,,SCHEDULED
2026-09-12T00:24:07.040797+00:00,1285056,021,2777,9,0,1789173602,,,SCHEDULED
2026-09-12T00:24:07.040797+00:00,1285056,021,2778,10,0,1789173653,,,SCHEDULED
2026-09-12T00:24:07.040797+00:00,1285056,021,2779,11,0,1789173685,,,SCHEDULED
2026-09-12T00:24:07.040797+00:00,1285056,021,2780,12,0,1789173728,,,SCHEDULED
2026-09-12T00:24:07.040797+00:00,1285056,021,2781,13,0,1789173768,,,SCHEDULED
2026-09-12T00:24:07.040797+00:00,1285056,021,2782,14,0,1789173828,,,SCHEDULED
2026-09-12T00:24:07.040797+00:00,1285056,021,2783,15,0,1789173888,,,SCHEDULED
2026-09-12T00:24:07.040797+00:00,1285056,021,2784,16,0,1789173937,,,SCHEDULED
2026-09-12T00:24:07.040797+00:00,1285056,021,3027,17,0,1789173983,,,SCHEDULED
2026-09-12T00:24:07.040797+00:00,1285056,021,3028,18,0,1789174071,,,SCHEDULED
2026-09-12T00:24:07.040797+00:00,1285056,021,2795,19,0,1789174294,,,SCHEDULED
2026-09-12T00:24:07.040797+00:00,1285056,021,2796,20,0,1789174340,,,SCHEDULED
2026-09-12T00:24:07.040797+00:00,1285056,021,2797,21,0,1789174422,,,SCHEDULED
2026-09-12T00:24:07.040797+00:00,1284363,011,532,14,0,1789172970,,,SCHEDULED
2026-09-12T00:24:07.040797+00:00,1284363,011,5247,15,0,1789173027,,,SCHEDULED
2026-09-12T00:24:07.040797+00:00,1284363,011,533,16,0,1789173076,,,SCHEDULED
2026-09-12T00:24:07.040797+00:00,1284363,011,534,17,0,1789173108,,,SCHEDULED
2026-09-12T00:24:07.040797+00:00,1284363,011,221,18,0,1789173420,,,SCHEDULED
2026-09-12T00:24:07.040797+00:00,1284363,011,222,19,0,1789173442,,,SCHEDULED
2026-09-12T00:24:07.040797+00:00,1284363,011,223,20,0,1789173469,,,SCHEDULED
2026-09-12T00:24:07.040797+00:00,1284363,011,225,21,0,1789173532,,,SCHEDULED
2026-09-12T00:24:07.040797+00:00,1284363,011,226,22,0,1789173562,,,SCHEDULED
2026-09-12T00:24:07.040797+00:00,1284363,011,455,23,0,1789173586,,,SCHEDULED
2026-09-12T00:24:07.040797+00:00,1284363,011,456,24,0,1789173628,,,SCHEDULED
2026-09-12T00:24:07.040797+00:00,1284363,011,3197,25,0,1789173695,,,SCHEDULED
2026-09-12T00:24:07.040797+00:00,1284363,011,3198,26,0,1789173758,,,SCHEDULED
2026-09-12T00:24:07.040797+00:00,1284363,011,3199,27,0,1789173796,,,SCHEDULED
2026-09-12T00:24:07.040797+00:00,1284363,011,1345,28,0,1789173891,,,SCHEDULED
2026-09-12T00:24:07.040797+00:00,1284363,011,128,29,0,1789173992,,,SCHEDULED
2026-09-12T00:24:07.040797+00:00,1284363,011,130,30,0,1789174042,,,SCHEDULED
2026-09-12T00:24:07.040797+00:00,1284363,011,131,31,0,1789174070,,,SCHEDULED
2026-09-12T00:24:07.040797+00:00,1284363,011,132,32,0,1789174098,,,SCHEDULED
2026-09-12T00:24:07.040797+00:00,1284363,011,133,33,0,1789174138,,,SCHEDULED
2026-09-12T00:24:07.040797+00:00,1284363,011,981,34,0,1789174248,,,SCHEDULED
2026-09-12T00:24:07.040797+00:00,1284363,011,983,35,0,1789174311,,,SCHEDULED
2026-09-12T00:24:07.040797+00:00,1284363,011,984,36,0,1789174342,,,SCHEDULED
2026-09-12T00:24:07.040797+00:00,1284363,011,985,37,0,1789174365,,,SCHEDULED
2026-09-12T00:24:07.040797+00:00,1284363,011,986,38,0,1789174402,,,SCHEDULED
2026-09-12T00:24:07.040797+00:00,1285055,021,1184,32,0,1789172636,,,SCHEDULED
2026-09-12T00:24:07.040797+00:00,1285055,021,3301,33,0,1789172656,,,SCHEDULED
2026-09-12T00:24:07.040797+00:00,1285055,021,2807,34,0,1789172692,,,SCHEDULED
2026-09-12T00:24:07.040797+00:00,1285055,021,2808,35,0,1789172771,,,SCHEDULED
2026-09-12T00:24:07.040797+00:00,1285055,021,2809,36,0,1789172880,,,SCHEDULED
2026-09-12T00:24:07.040797+00:00,1285055,021,2810,37,0,1789172952,,,SCHEDULED
2026-09-12T00:24:07.040797+00:00,1285055,021,2811,38,0,1789173043,,,SCHEDULED
2026-09-12T00:24:07.040797+00:00,1285055,021,2812,39,0,1789173116,,,SCHEDULED
2026-09-12T00:24:07.040797+00:00,1285055,021,2813,40,0,1789173171,,,SCHEDULED
2026-09-12T00:24:07.040797+00:00,1285055,021,2814,41,0,1789173273,,,SCHEDULED
2026-09-12T00:24:07.040797+00:00,1285055,021,3385,42,0,1789173371,,,SCHEDULED
2026-09-12T00:24:07.040797+00:00,1285055,021,3386,43,0,1789173420,,,SCHEDULED
2026-09-12T00:24:07.040797+00:00,1285055,021,3387,44,0,1789173496,,,SCHEDULED
2026-09-12T00:24:07.040797+00:00,1285055,021,3388,45,0,1789173558,,,SCHEDULED
2026-09-12T00:24:07.040797+00:00,1285055,021,3389,46,0,1789173637,,,SCHEDULED
2026-09-12T00:24:07.040797+00:00,1285451,026,8959,2,0,1789172779,,,SCHEDULED
2026-09-12T00:24:07.040797+00:00,1285451,026,2989,3,0,1789172875,,,SCHEDULED
2026-09-12T00:24:07.040797+00:00,1285451,026,1545,4,0,1789173095,,,SCHEDULED
2026-09-12T00:24:07.040797+00:00,1285451,026,1546,5,0,1789173167,,,SCHEDULED
2026-09-12T00:24:07.040797+00:00,1285451,026,1547,6,0,1789173263,,,SCHEDULED
2026-09-12T00:24:07.040797+00:00,1285451,026,1548,7,0,1789173317,,,SCHEDULED
2026-09-12T00:24:07.040797+00:00,1285451,026,1549,8,0,1789173393,,,SCHEDULED
2026-09-12T00:24:07.040797+00:00,1285451,026,1550,9,0,1789173455,,,SCHEDULED
2026-09-12T00:24:07.040797+00:00,1285451,026,1551,10,0,1789173527,,,SCHEDULED
2026-09-12T00:24:07.040797+00:00,1285451,026,1552,11,0,1789173597,,,SCHEDULED
2026-09-12T00:24:07.040797+00:00,1285451,026,1553,12,0,1789173661,,,SCHEDULED
2026-09-12T00:24:07.040797+00:00,1285451,026,1554,13,0,1789173740,,,SCHEDULED
2026-09-12T00:24:07.040797+00:00,1285451,026,1555,14,0,1789173788,,,SCHEDULED
2026-09-12T00:24:07.040797+00:00,1285451,026,1556,15,0,1789173858,,,SCHEDULED
2026-09-12T00:24:07.040797+00:00,1285451,026,1557,16,0,1789173973,,,SCHEDULED
2026-09-12T00:24:07.040797+00:00,1285451,026,1558,17,0,1789174037,,,SCHEDULED
2026-09-12T00:24:07.040797+00:00,1285451,026,1559,18,0,1789174127,,,SCHEDULED
2026-09-12T00:24:07.040797+00:00,1285451,026,1560,19,0,1789174172,,,SCHEDULED
2026-09-12T00:24:07.040797+00:00,1285451,026,1561,20,0,1789174218,,,SCHEDULED
2026-09-12T00:24:07.040797+00:00,1285451,026,1562,21,0,1789174307,,,SCHEDULED
2026-09-12T00:24:07.040797+00:00,1285451,026,1564,22,0,1789174355,,,SCHEDULED
2026-09-12T00:24:07.040797+00:00,1285451,026,1565,23,0,1789174397,,,SCHEDULED
2026-09-12T00:24:07.040797+00:00,1284362,011,5345,1,,,0,1789173134,SCHEDULED
2026-09-12T00:24:07.040797+00:00,1284362,011,8909,2,0,1789173314,,,SCHEDULED
2026-09-12T00:24:07.040797+00:00,1284362,011,8911,3,0,1789173378,,,SCHEDULED
2026-09-12T00:24:07.040797+00:00,1284362,011,8910,4,0,1789173466,,,SCHEDULED
2026-09-12T00:24:07.040797+00:00,1284362,011,8912,5,0,1789173568,,,SCHEDULED
2026-09-12T00:24:07.040797+00:00,1284362,011,8913,6,0,1789173614,,,SCHEDULED
2026-09-12T00:24:07.040797+00:00,1284362,011,8914,7,0,1789173838,,,SCHEDULED
2026-09-12T00:24:07.040797+00:00,1284362,011,8915,8,0,1789173887,,,SCHEDULED
2026-09-12T00:24:07.040797+00:00,1284362,011,5329,9,0,1789173943,,,SCHEDULED
2026-09-12T00:24:07.040797+00:00,1284362,011,8917,10,0,1789173983,,,SCHEDULED
2026-09-12T00:24:07.040797+00:00,1284362,011,8918,11,0,1789174017,,,SCHEDULED
2026-09-12T00:24:07.040797+00:00,1284362,011,8919,12,0,1789174094,,,SCHEDULED
2026-09-12T00:24:07.040797+00:00,1284362,011,8920,13,0,1789174126,,,SCHEDULED
2026-09-12T00:24:07.040797+00:00,1284362,011,532,14,0,1789174396,,,SCHEDULED
2026-09-12T00:24:07.040797+00:00,1285179,023,1315,58,0,1789172334,,,SCHEDULED
2026-09-12T00:24:07.040797+00:00,1285179,023,1316,59,0,1789172395,,,SCHEDULED
2026-09-12T00:24:07.040797+00:00,1285179,023,1317,60,0,1789172443,,,SCHEDULED
2026-09-12T00:24:07.040797+00:00,1285179,023,1318,61,0,1789172447,,,SCHEDULED
2026-09-12T00:24:07.040797+00:00,1285179,023,2807,62,0,1789172638,,,SCHEDULED
2026-09-12T00:24:07.040797+00:00,1285178,023,1468,22,0,1789172632,,,SCHEDULED
2026-09-12T00:24:07.040797+00:00,1285178,023,1469,23,0,1789172677,,,SCHEDULED
2026-09-12T00:24:07.040797+00:00,1285178,023,1470,24,0,1789172714,,,SCHEDULED
2026-09-12T00:24:07.040797+00:00,1285178,023,1471,25,0,1789172763,,,SCHEDULED
2026-09-12T00:24:07.040797+00:00,1285178,023,1473,26,0,1789172838,,,SCHEDULED
2026-09-12T00:24:07.040797+00:00,1285178,023,1474,27,0,1789172855,,,SCHEDULED
2026-09-12T00:24:07.040797+00:00,1285178,023,1475,28,0,1789172890,,,SCHEDULED
2026-09-12T00:24:07.040797+00:00,1285178,023,1476,29,0,1789172929,,,SCHEDULED
2026-09-12T00:24:07.040797+00:00,1285178,023,1477,30,0,1789172983,,,SCHEDULED
2026-09-12T00:24:07.040797+00:00,1285178,023,1478,31,0,1789173014,,,SCHEDULED
2026-09-12T00:24:07.040797+00:00,1285178,023,1181,32,0,1789173058,,,SCHEDULED
2026-09-12T00:24:07.040797+00:00,1285178,023,1182,33,0,1789173110,,,SCHEDULED
2026-09-12T00:24:07.040797+00:00,1285178,023,1481,34,0,1789173157,,,SCHEDULED
2026-09-12T00:24:07.040797+00:00,1285178,023,1482,35,0,1789173185,,,SCHEDULED
2026-09-12T00:24:07.040797+00:00,1285178,023,1483,36,0,1789173229,,,SCHEDULED
2026-09-12T00:24:07.040797+00:00,1285178,023,1484,37,0,1789173273,,,SCHEDULED
2026-09-12T00:24:07.040797+00:00,1285178,023,1485,38,0,1789173329,,,SCHEDULED
2026-09-12T00:24:07.040797+00:00,1285178,023,1486,39,0,1789173363,,,SCHEDULED
2026-09-12T00:24:07.040797+00:00,1285178,023,1488,40,0,1789173464,,,SCHEDULED
2026-09-12T00:24:07.040797+00:00,1285178,023,1489,41,0,1789173510,,,SCHEDULED
2026-09-12T00:24:07.040797+00:00,1285178,023,1490,42,0,1789173557,,,SCHEDULED
2026-09-12T00:24:07.040797+00:00,1285178,023,453,43,0,1789173611,,,SCHEDULED
2026-09-12T00:24:07.040797+00:00,1285178,023,1492,44,0,1789173644,,,SCHEDULED
2026-09-12T00:24:07.040797+00:00,1285178,023,1493,45,0,1789173768,,,SCHEDULED
2026-09-12T00:24:07.040797+00:00,1285178,023,1494,46,0,1789173809,,,SCHEDULED
2026-09-12T00:24:07.040797+00:00,1285178,023,1495,47,0,1789173877,,,SCHEDULED
2026-09-12T00:24:07.040797+00:00,1285178,023,5364,48,0,1789173902,,,SCHEDULED
2026-09-12T00:24:07.040797+00:00,1285178,023,1497,49,0,1789173967,,,SCHEDULED
2026-09-12T00:24:07.040797+00:00,1285178,023,1499,50,0,1789174062,,,SCHEDULED
2026-09-12T00:24:07.040797+00:00,1285178,023,1500,51,0,1789174106,,,SCHEDULED
2026-09-12T00:24:07.040797+00:00,1285178,023,1501,52,0,1789174147,,,SCHEDULED
2026-09-12T00:24:07.040797+00:00,1285178,023,1502,53,0,1789174190,,,SCHEDULED
2026-09-12T00:24:07.040797+00:00,1285178,023,1503,54,0,1789174233,,,SCHEDULED
2026-09-12T00:24:07.040797+00:00,1285178,023,1504,55,0,1789174261,,,SCHEDULED
2026-09-12T00:24:07.040797+00:00,1285178,023,1505,56,0,1789174305,,,SCHEDULED
2026-09-12T00:24:07.040797+00:00,1285178,023,1314,57,0,1789174357,,,SCHEDULED
2026-09-12T00:24:07.040797+00:00,1285057,021,319,1,,,0,1789174080,SCHEDULED
2026-09-12T00:24:07.040797+00:00,1285057,021,2770,2,0,1789174255,,,SCHEDULED
2026-09-12T00:24:07.040797+00:00,1285057,021,2771,3,0,1789174330,,,SCHEDULED
2026-09-12T00:24:07.040797+00:00,1284364,011,8315,40,0,1789172738,,,SCHEDULED
2026-09-12T00:24:07.040797+00:00,1284364,011,2234,41,0,1789172853,,,SCHEDULED
2026-09-12T00:24:07.040797+00:00,1284364,011,2502,42,0,1789172942,,,SCHEDULED
2026-09-12T00:24:07.040797+00:00,1284364,011,2503,43,0,1789172992,,,SCHEDULED
2026-09-12T00:24:07.040797+00:00,1287235,081,1607,8,0,1789172683,,,SCHEDULED
2026-09-12T00:24:07.040797+00:00,1287235,081,1608,9,0,1789172747,,,SCHEDULED
2026-09-12T00:24:07.040797+00:00,1287235,081,1609,10,0,1789172791,,,SCHEDULED
2026-09-12T00:24:07.040797+00:00,1287235,081,1610,11,0,1789172858,,,SCHEDULED
2026-09-12T00:24:07.040797+00:00,1287235,081,1611,12,0,1789173031,,,SCHEDULED
2026-09-12T00:24:07.040797+00:00,1287235,081,1612,13,0,1789173103,,,SCHEDULED
2026-09-12T00:24:07.040797+00:00,1287235,081,1613,14,0,1789173202,,,SCHEDULED
2026-09-12T00:24:07.040797+00:00,1287235,081,2311,15,0,1789173251,,,SCHEDULED
2026-09-12T00:24:07.040797+00:00,1287235,081,2312,16,0,1789173444,,,SCHEDULED
2026-09-12T00:24:07.040797+00:00,1287235,081,2313,17,0,1789173502,,,SCHEDULED
2026-09-12T00:24:07.040797+00:00,1287235,081,2314,18,0,1789173585,,,SCHEDULED
2026-09-12T00:24:07.040797+00:00,1287235,081,2315,19,0,1789173678,,,SCHEDULED
2026-09-12T00:24:07.040797+00:00,1287235,081,5203,20,0,1789173823,,,SCHEDULED
2026-09-12T00:24:07.040797+00:00,1287235,081,2317,21,0,1789173944,,,SCHEDULED
2026-09-12T00:24:07.040797+00:00,1287235,081,2318,22,0,1789174036,,,SCHEDULED
2026-09-12T00:24:07.040797+00:00,1287235,081,2319,23,0,1789174104,,,SCHEDULED
2026-09-12T00:24:07.040797+00:00,1287235,081,2320,24,0,1789174143,,,SCHEDULED
2026-09-12T00:24:07.040797+00:00,1287235,081,2321,25,0,1789174230,,,SCHEDULED
2026-09-12T00:24:07.040797+00:00,1287235,081,2322,26,0,1789174303,,,SCHEDULED
2026-09-12T00:24:07.040797+00:00,1287235,081,2323,27,0,1789174360,,,SCHEDULED
2026-09-12T00:24:07.040797+00:00,1287236,081,2312,16,0,1789172788,,,SCHEDULED
2026-09-12T00:24:07.040797+00:00,1287236,081,2313,17,0,1789172846,,,SCHEDULED
2026-09-12T00:24:07.040797+00:00,1287236,081,2314,18,0,1789172929,,,SCHEDULED
2026-09-12T00:24:07.040797+00:00,1287236,081,2315,19,0,1789173022,,,SCHEDULED
2026-09-12T00:24:07.040797+00:00,1287236,081,5203,20,0,1789173167,,,SCHEDULED
2026-09-12T00:24:07.040797+00:00,1287236,081,2317,21,0,1789173288,,,SCHEDULED
2026-09-12T00:24:07.040797+00:00,1287236,081,2318,22,0,1789173380,,,SCHEDULED
2026-09-12T00:24:07.040797+00:00,1287236,081,2319,23,0,1789173448,,,SCHEDULED
2026-09-12T00:24:07.040797+00:00,1287236,081,2320,24,0,1789173487,,,SCHEDULED
2026-09-12T00:24:07.040797+00:00,1287236,081,2321,25,0,1789173574,,,SCHEDULED
2026-09-12T00:24:07.040797+00:00,1287236,081,2322,26,0,1789173647,,,SCHEDULED
2026-09-12T00:24:07.040797+00:00,1287236,081,2323,27,0,1789173704,,,SCHEDULED
2026-09-12T00:24:07.040797+00:00,1287236,081,2324,28,0,1789173768,,,SCHEDULED
2026-09-12T00:24:07.040797+00:00,1287236,081,2325,29,0,1789173822,,,SCHEDULED
2026-09-12T00:24:07.040797+00:00,1287236,081,2326,30,0,1789173887,,,SCHEDULED
2026-09-12T00:24:07.040797+00:00,1287236,081,2328,31,0,1789173979,,,SCHEDULED
2026-09-12T00:24:07.040797+00:00,1287236,081,2329,32,0,1789174033,,,SCHEDULED
2026-09-12T00:24:07.040797+00:00,1287236,081,2330,33,0,1789174092,,,SCHEDULED
2026-09-12T00:24:07.040797+00:00,1287236,081,4811,34,0,1789174152,,,SCHEDULED
2026-09-12T00:24:07.040797+00:00,1287236,081,4810,35,0,1789174198,,,SCHEDULED
2026-09-12T00:24:07.040797+00:00,1287516,084,1129,25,0,1789172673,,,SCHEDULED
2026-09-12T00:24:07.040797+00:00,1287516,084,1130,26,0,1789172738,,,SCHEDULED
2026-09-12T00:24:07.040797+00:00,1287516,084,1131,27,0,1789172811,,,SCHEDULED
2026-09-12T00:24:07.040797+00:00,1287516,084,3089,28,0,1789172884,,,SCHEDULED
2026-09-12T00:24:07.040797+00:00,1287516,084,3090,29,0,1789172966,,,SCHEDULED
2026-09-12T00:24:07.040797+00:00,1287516,084,3091,30,0,1789173096,,,SCHEDULED
2026-09-12T00:24:07.040797+00:00,1287516,084,3092,31,0,1789173193,,,SCHEDULED
2026-09-12T00:24:07.040797+00:00,1287516,084,3093,32,0,1789173299,,,SCHEDULED
2026-09-12T00:24:07.040797+00:00,1287516,084,3094,33,0,1789173351,,,SCHEDULED
2026-09-12T00:24:07.040797+00:00,1287516,084,3095,34,0,1789173437,,,SCHEDULED
2026-09-12T00:24:07.040797+00:00,1287516,084,3096,35,0,1789173563,,,SCHEDULED
2026-09-12T00:24:07.040797+00:00,1287516,084,3097,36,0,1789173656,,,SCHEDULED
2026-09-12T00:24:07.040797+00:00,1287516,084,3098,37,0,1789173754,,,SCHEDULED
2026-09-12T00:24:07.040797+00:00,1287516,084,9800,38,0,1789173819,,,SCHEDULED
2026-09-12T00:24:07.040797+00:00,1287516,084,3099,39,0,1789173914,,,SCHEDULED
2026-09-12T00:24:07.040797+00:00,1287516,084,3100,40,0,1789173958,,,SCHEDULED
2026-09-12T00:24:07.040797+00:00,1287516,084,3101,41,0,1789173994,,,SCHEDULED
2026-09-12T00:24:07.040797+00:00,1287516,084,3102,42,0,1789174023,,,SCHEDULED
2026-09-12T00:24:07.040797+00:00,1287516,084,3103,43,0,1789174110,,,SCHEDULED
2026-09-12T00:24:07.040797+00:00,1287516,084,3104,44,0,1789174148,,,SCHEDULED
2026-09-12T00:24:07.040797+00:00,1287516,084,3106,45,0,1789174208,,,SCHEDULED
2026-09-12T00:24:07.040797+00:00,1287516,084,3107,46,0,1789174240,,,SCHEDULED
2026-09-12T00:24:07.040797+00:00,1287516,084,3108,47,0,1789174282,,,SCHEDULED
2026-09-12T00:24:07.040797+00:00,1287516,084,3109,48,0,1789174329,,,SCHEDULED
2026-09-12T00:24:07.040797+00:00,1287517,084,3099,39,0,1789172632,,,SCHEDULED
2026-09-12T00:24:07.040797+00:00,1287517,084,3100,40,0,1789172676,,,SCHEDULED
2026-09-12T00:24:07.040797+00:00,1287517,084,3101,41,0,1789172712,,,SCHEDULED
2026-09-12T00:24:07.040797+00:00,1287517,084,3102,42,0,1789172741,,,SCHEDULED
2026-09-12T00:24:07.040797+00:00,1287517,084,3103,43,0,1789172828,,,SCHEDULED
2026-09-12T00:24:07.040797+00:00,1287517,084,3104,44,0,1789172866,,,SCHEDULED
2026-09-12T00:24:07.040797+00:00,1287517,084,3106,45,0,1789172926,,,SCHEDULED
2026-09-12T00:24:07.040797+00:00,1287517,084,3107,46,0,1789172958,,,SCHEDULED
2026-09-12T00:24:07.040797+00:00,1287517,084,3108,47,0,1789173000,,,SCHEDULED
2026-09-12T00:24:07.040797+00:00,1287517,084,3109,48,0,1789173047,,,SCHEDULED
2026-09-12T00:24:07.040797+00:00,1287517,084,3110,49,0,1789173095,,,SCHEDULED
2026-09-12T00:24:07.040797+00:00,1287517,084,3769,50,0,1789173137,,,SCHEDULED
2026-09-12T00:24:07.040797+00:00,1287517,084,3770,51,0,1789173185,,,SCHEDULED
2026-09-12T00:24:07.040797+00:00,1287517,084,3771,52,0,1789173218,,,SCHEDULED
2026-09-12T00:24:07.040797+00:00,1287517,084,3772,53,0,1789173262,,,SCHEDULED
2026-09-12T00:24:07.040797+00:00,1287517,084,3773,54,0,1789173313,,,SCHEDULED
2026-09-12T00:24:07.040797+00:00,1287517,084,3774,55,0,1789173359,,,SCHEDULED
2026-09-12T00:24:07.040797+00:00,1287517,084,3775,56,0,1789173389,,,SCHEDULED
2026-09-12T00:24:07.040797+00:00,1287517,084,3776,57,0,1789173428,,,SCHEDULED
2026-09-12T00:24:07.040797+00:00,1287517,084,3777,58,0,1789173550,,,SCHEDULED
2026-09-12T00:24:07.040797+00:00,1287517,084,3778,59,0,1789173611,,,SCHEDULED
2026-09-12T00:24:07.040797+00:00,1287517,084,3780,60,0,1789173693,,,SCHEDULED
2026-09-12T00:24:07.040797+00:00,1287517,084,1688,61,0,1789173734,,,SCHEDULED
2026-09-12T00:24:07.040797+00:00,1287517,084,1687,62,0,1789173826,,,SCHEDULED
2026-09-12T00:24:07.040797+00:00,1287517,084,265,63,0,1789173928,,,SCHEDULED
2026-09-12T00:24:07.040797+00:00,1287517,084,4731,64,0,1789174051,,,SCHEDULED
2026-09-12T00:24:07.040797+00:00,1287517,084,1303,65,0,1789174089,,,SCHEDULED
2026-09-12T00:24:07.040797+00:00,1287517,084,1291,66,0,1789174181,,,SCHEDULED
2026-09-12T00:24:07.040797+00:00,1287517,084,3696,67,0,1789174283,,,SCHEDULED
2026-09-12T00:24:07.040797+00:00,1287515,084,9817,1,,,0,1789172760,SCHEDULED
2026-09-12T00:24:07.040797+00:00,1287515,084,2755,2,0,1789172875,,,SCHEDULED
2026-09-12T00:24:07.040797+00:00,1287515,084,2756,3,0,1789172947,,,SCHEDULED
2026-09-12T00:24:07.040797+00:00,1287515,084,2757,4,0,1789173020,,,SCHEDULED
2026-09-12T00:24:07.040797+00:00,1287515,084,2954,5,0,1789173130,,,SCHEDULED
2026-09-12T00:24:07.040797+00:00,1287515,084,2955,6,0,1789173189,,,SCHEDULED
2026-09-12T00:24:07.040797+00:00,1287515,084,2956,7,0,1789173232,,,SCHEDULED
2026-09-12T00:24:07.040797+00:00,1287515,084,2957,8,0,1789173264,,,SCHEDULED
2026-09-12T00:24:07.040797+00:00,1287515,084,2958,9,0,1789173307,,,SCHEDULED
2026-09-12T00:24:07.040797+00:00,1287515,084,2959,10,0,1789173347,,,SCHEDULED
2026-09-12T00:24:07.040797+00:00,1287515,084,2960,11,0,1789173385,,,SCHEDULED
2026-09-12T00:24:07.040797+00:00,1287515,084,2961,12,0,1789173420,,,SCHEDULED
2026-09-12T00:24:07.040797+00:00,1287515,084,2962,13,0,1789173636,,,SCHEDULED
2026-09-12T00:24:07.040797+00:00,1287515,084,2963,14,0,1789173730,,,SCHEDULED
2026-09-12T00:24:07.040797+00:00,1287515,084,2964,15,0,1789173815,,,SCHEDULED
2026-09-12T00:24:07.040797+00:00,1287515,084,2965,16,0,1789173878,,,SCHEDULED
2026-09-12T00:24:07.040797+00:00,1287515,084,2966,17,0,1789173941,,,SCHEDULED
2026-09-12T00:24:07.040797+00:00,1287515,084,1155,18,0,1789174020,,,SCHEDULED
2026-09-12T00:24:07.040797+00:00,1287515,084,1156,19,0,1789174065,,,SCHEDULED
2026-09-12T00:24:07.040797+00:00,1287515,084,1674,20,0,1789174118,,,SCHEDULED
2026-09-12T00:24:07.040797+00:00,1287515,084,1675,21,0,1789174155,,,SCHEDULED
2026-09-12T00:24:07.040797+00:00,1287515,084,1677,22,0,1789174200,,,SCHEDULED
2026-09-12T00:24:07.040797+00:00,1287515,084,1127,23,0,1789174240,,,SCHEDULED
2026-09-12T00:24:07.040797+00:00,1287515,084,1128,24,0,1789174289,,,SCHEDULED
2026-09-12T00:24:07.040797+00:00,1287515,084,1129,25,0,1789174374,,,SCHEDULED
2026-09-12T00:24:07.040797+00:00,1285734,033,536,1,,,0,1789173840,SCHEDULED
2026-09-12T00:24:07.040797+00:00,1285734,033,537,2,0,1789173997,,,SCHEDULED
2026-09-12T00:24:07.040797+00:00,1287071,078,2744,7,0,1789172639,,,SCHEDULED
2026-09-12T00:24:07.040797+00:00,1287071,078,2745,8,0,1789172728,,,SCHEDULED
2026-09-12T00:24:07.040797+00:00,1287070,078,336,1,,,0,1789173913,SCHEDULED
2026-09-12T00:24:07.040797+00:00,1287070,078,2739,2,0,1789173981,,,SCHEDULED
2026-09-12T00:24:07.040797+00:00,1287070,078,2740,3,0,1789174034,,,SCHEDULED
2026-09-12T00:24:07.040797+00:00,1287070,078,2741,4,0,1789174105,,,SCHEDULED
2026-09-12T00:24:07.040797+00:00,1287070,078,2742,5,0,1789174162,,,SCHEDULED
2026-09-12T00:24:07.040797+00:00,1287070,078,2743,6,0,1789174286,,,SCHEDULED
2026-09-12T00:24:07.040797+00:00,1287070,078,2744,7,0,1789174400,,,SCHEDULED
2026-09-12T00:24:07.040797+00:00,1288440,177,658,1,,,0,1789172640,SCHEDULED
2026-09-12T00:24:07.040797+00:00,1288440,177,832,2,0,1789172774,,,SCHEDULED
2026-09-12T00:24:07.040797+00:00,1288440,177,3845,3,0,1789172801,,,SCHEDULED
2026-09-12T00:24:07.040797+00:00,1288440,177,795,4,0,1789172889,,,SCHEDULED
2026-09-12T00:24:07.040797+00:00,1285294,025,1057,1,,,0,1789173420,SCHEDULED
2026-09-12T00:24:07.040797+00:00,1285294,025,3332,2,0,1789173513,,,SCHEDULED
2026-09-12T00:24:07.040797+00:00,1285294,025,3333,3,0,1789173614,,,SCHEDULED
2026-09-12T00:24:07.040797+00:00,1285294,025,3334,4,0,1789173681,,,SCHEDULED
2026-09-12T00:24:07.040797+00:00,1285294,025,3335,5,0,1789173729,,,SCHEDULED
2026-09-12T00:24:07.040797+00:00,1285294,025,3336,6,0,1789173787,,,SCHEDULED
2026-09-12T00:24:07.040797+00:00,1285294,025,3337,7,0,1789173835,,,SCHEDULED
2026-09-12T00:24:07.040797+00:00,1285294,025,3338,8,0,1789173876,,,SCHEDULED
2026-09-12T00:24:07.040797+00:00,1285294,025,3339,9,0,1789173900,,,SCHEDULED
2026-09-12T00:24:07.040797+00:00,1285294,025,753,10,0,1789173927,,,SCHEDULED
2026-09-12T00:24:07.040797+00:00,1285294,025,3340,11,0,1789173948,,,SCHEDULED
2026-09-12T00:24:07.040797+00:00,1285294,025,3341,12,0,1789173984,,,SCHEDULED
2026-09-12T00:24:07.040797+00:00,1285294,025,3342,13,0,1789174031,,,SCHEDULED
2026-09-12T00:24:07.040797+00:00,1285294,025,3343,14,0,1789174056,,,SCHEDULED
2026-09-12T00:24:07.040797+00:00,1285294,025,4660,15,0,1789174124,,,SCHEDULED
2026-09-12T00:24:07.040797+00:00,1285294,025,5265,16,0,1789174181,,,SCHEDULED
2026-09-12T00:24:07.040797+00:00,1285294,025,4661,17,0,1789174253,,,SCHEDULED
2026-09-12T00:24:07.040797+00:00,1285294,025,4662,18,0,1789174329,,,SCHEDULED
2026-09-12T00:24:07.040797+00:00,1285582,030,1739,25,0,1789172593,,,SCHEDULED
2026-09-12T00:24:07.040797+00:00,1288212,124,3456,31,0,1789172644,,,SCHEDULED
2026-09-12T00:24:07.040797+00:00,1288212,124,5359,32,0,1789172695,,,SCHEDULED
2026-09-12T00:24:07.040797+00:00,1288212,124,3457,33,0,1789172746,,,SCHEDULED
2026-09-12T00:24:07.040797+00:00,1288212,124,3282,34,0,1789172830,,,SCHEDULED
2026-09-12T00:24:07.040797+00:00,1288212,124,3283,35,0,1789172881,,,SCHEDULED
2026-09-12T00:24:07.040797+00:00,1288212,124,3285,36,0,1789172984,,,SCHEDULED
2026-09-12T00:24:07.040797+00:00,1288212,124,3286,37,0,1789173035,,,SCHEDULED
2026-09-12T00:24:07.040797+00:00,1288212,124,3287,38,0,1789173133,,,SCHEDULED
2026-09-12T00:24:07.040797+00:00,1285581,030,415,3,0,1789172458,,,SCHEDULED
2026-09-12T00:24:07.040797+00:00,1285581,030,416,4,0,1789172491,,,SCHEDULED
2026-09-12T00:24:07.040797+00:00,1285581,030,418,5,0,1789172557,,,SCHEDULED
2026-09-12T00:24:07.040797+00:00,1285581,030,4763,6,0,1789172632,,,SCHEDULED
2026-09-12T00:24:07.040797+00:00,1285581,030,1716,7,0,1789172686,,,SCHEDULED
2026-09-12T00:24:07.040797+00:00,1285581,030,1717,8,0,1789172727,,,SCHEDULED
2026-09-12T00:24:07.040797+00:00,1285581,030,1718,9,0,1789172794,,,SCHEDULED
2026-09-12T00:24:07.040797+00:00,1285581,030,1720,10,0,1789172893,,,SCHEDULED
2026-09-12T00:24:07.040797+00:00,1285581,030,1721,11,0,1789173026,,,SCHEDULED
2026-09-12T00:24:07.040797+00:00,1285581,030,1722,12,0,1789173093,,,SCHEDULED
2026-09-12T00:24:07.040797+00:00,1285581,030,1723,13,0,1789173118,,,SCHEDULED
2026-09-12T00:24:07.040797+00:00,1285581,030,1725,14,0,1789173193,,,SCHEDULED
2026-09-12T00:24:07.040797+00:00,1285581,030,1726,15,0,1789173244,,,SCHEDULED
2026-09-12T00:24:07.040797+00:00,1285581,030,1727,16,0,1789173295,,,SCHEDULED
2026-09-12T00:24:07.040797+00:00,1285581,030,1728,17,0,1789173350,,,SCHEDULED
2026-09-12T00:24:07.040797+00:00,1285581,030,1729,18,0,1789173418,,,SCHEDULED
2026-09-12T00:24:07.040797+00:00,1285581,030,1730,19,0,1789173448,,,SCHEDULED
2026-09-12T00:24:07.040797+00:00,1285581,030,1732,20,0,1789173487,,,SCHEDULED
2026-09-12T00:24:07.040797+00:00,1285581,030,1734,21,0,1789173545,,,SCHEDULED
2026-09-12T00:24:07.040797+00:00,1285581,030,1735,22,0,1789173565,,,SCHEDULED
2026-09-12T00:24:07.040797+00:00,1285581,030,1736,23,0,1789173590,,,SCHEDULED
2026-09-12T00:24:07.040797+00:00,1285581,030,1737,24,0,1789173615,,,SCHEDULED
2026-09-12T00:24:07.040797+00:00,1285581,030,1739,25,0,1789173682,,,SCHEDULED
2026-09-12T00:24:07.040797+00:00,1288056,093,1069,1,,,0,1789173000,SCHEDULED
2026-09-12T00:24:07.040797+00:00,1288056,093,3332,2,0,1789173074,,,SCHEDULED
2026-09-12T00:24:07.040797+00:00,1288056,093,3333,3,0,1789173145,,,SCHEDULED
2026-09-12T00:24:07.040797+00:00,1288056,093,3334,4,0,1789173204,,,SCHEDULED
2026-09-12T00:24:07.040797+00:00,1288056,093,3335,5,0,1789173258,,,SCHEDULED
2026-09-12T00:24:07.040797+00:00,1288056,093,4655,6,0,1789173285,,,SCHEDULED
2026-09-12T00:24:07.040797+00:00,1288056,093,875,7,0,1789173347,,,SCHEDULED
2026-09-12T00:24:07.040797+00:00,1288056,093,5369,8,0,1789173428,,,SCHEDULED
2026-09-12T00:24:07.040797+00:00,1288056,093,4720,9,0,1789173534,,,SCHEDULED
2026-09-12T00:24:07.040797+00:00,1288056,093,4721,10,0,1789173588,,,SCHEDULED
2026-09-12T00:24:07.040797+00:00,1288056,093,4743,11,0,1789173660,,,SCHEDULED
2026-09-12T00:24:07.040797+00:00,1288056,093,1576,12,0,1789173754,,,SCHEDULED
2026-09-12T00:24:07.040797+00:00,1288056,093,3555,13,0,1789173989,,,SCHEDULED
2026-09-12T00:24:07.040797+00:00,1288056,093,3556,14,0,1789174030,,,SCHEDULED
2026-09-12T00:24:07.040797+00:00,1288056,093,3557,15,0,1789174080,,,SCHEDULED
2026-09-12T00:24:07.040797+00:00,1288056,093,3540,16,0,1789174140,,,SCHEDULED
2026-09-12T00:24:07.040797+00:00,1288056,093,3541,17,0,1789174177,,,SCHEDULED
2026-09-12T00:24:07.040797+00:00,1288056,093,3542,18,0,1789174201,,,SCHEDULED
2026-09-12T00:24:07.040797+00:00,1288056,093,3543,19,0,1789174236,,,SCHEDULED
2026-09-12T00:24:07.040797+00:00,1288056,093,3544,20,0,1789174272,,,SCHEDULED
2026-09-12T00:24:07.040797+00:00,1288056,093,3545,21,0,1789174314,,,SCHEDULED
2026-09-12T00:24:07.040797+00:00,1288211,124,951,10,0,1789172602,,,SCHEDULED
2026-09-12T00:24:07.040797+00:00,1288211,124,5289,11,0,1789172700,,,SCHEDULED
2026-09-12T00:24:07.040797+00:00,1288211,124,5285,12,0,1789172764,,,SCHEDULED
2026-09-12T00:24:07.040797+00:00,1288211,124,3026,13,0,1789173042,,,SCHEDULED
2026-09-12T00:24:07.040797+00:00,1288211,124,3027,14,0,1789173114,,,SCHEDULED
2026-09-12T00:24:07.040797+00:00,1288211,124,3028,15,0,1789173186,,,SCHEDULED
2026-09-12T00:24:07.040797+00:00,1288211,124,2798,16,0,1789173544,,,SCHEDULED
2026-09-12T00:24:07.040797+00:00,1288211,124,2799,17,0,1789173573,,,SCHEDULED
2026-09-12T00:24:07.040797+00:00,1288211,124,2800,18,0,1789173646,,,SCHEDULED
2026-09-12T00:24:07.040797+00:00,1288211,124,3273,19,0,1789173684,,,SCHEDULED
2026-09-12T00:24:07.040797+00:00,1288211,124,3040,20,0,1789173781,,,SCHEDULED
2026-09-12T00:24:07.040797+00:00,1288211,124,4775,21,0,1789173847,,,SCHEDULED
2026-09-12T00:24:07.040797+00:00,1288211,124,3042,22,0,1789173883,,,SCHEDULED
2026-09-12T00:24:07.040797+00:00,1288211,124,3043,23,0,1789173913,,,SCHEDULED
2026-09-12T00:24:07.040797+00:00,1288211,124,627,24,0,1789173958,,,SCHEDULED
2026-09-12T00:24:07.040797+00:00,1288211,124,1322,25,0,1789173995,,,SCHEDULED
2026-09-12T00:24:07.040797+00:00,1288211,124,1323,26,0,1789174039,,,SCHEDULED
2026-09-12T00:24:07.040797+00:00,1288211,124,1324,27,0,1789174090,,,SCHEDULED
2026-09-12T00:24:07.040797+00:00,1288211,124,1325,28,0,1789174149,,,SCHEDULED
2026-09-12T00:24:07.040797+00:00,1288211,124,1326,29,0,1789174200,,,SCHEDULED
2026-09-12T00:24:07.040797+00:00,1288211,124,1327,30,0,1789174242,,,SCHEDULED
2026-09-12T00:24:07.040797+00:00,1288210,124,9921,1,,,0,1789173780,SCHEDULED
2026-09-12T00:24:07.040797+00:00,1288210,124,4064,2,0,1789174029,,,SCHEDULED
2026-09-12T00:24:07.040797+00:00,1288210,124,4065,3,0,1789174098,,,SCHEDULED
2026-09-12T00:24:07.040797+00:00,1288210,124,837,4,0,1789174130,,,SCHEDULED
2026-09-12T00:24:07.040797+00:00,1288210,124,3811,5,0,1789174200,,,SCHEDULED
2026-09-12T00:24:07.040797+00:00,1288210,124,3812,6,0,1789174241,,,SCHEDULED
2026-09-12T00:24:07.040797+00:00,1288210,124,3813,7,0,1789174265,,,SCHEDULED
2026-09-12T00:24:07.040797+00:00,1288210,124,4068,8,0,1789174318,,,SCHEDULED
2026-09-12T00:24:07.040797+00:00,1288057,093,4721,10,0,1789172638,,,SCHEDULED
2026-09-12T00:24:07.040797+00:00,1288057,093,4743,11,0,1789172710,,,SCHEDULED
2026-09-12T00:24:07.040797+00:00,1288057,093,1576,12,0,1789172804,,,SCHEDULED
2026-09-12T00:24:07.040797+00:00,1288057,093,3555,13,0,1789173039,,,SCHEDULED
2026-09-12T00:24:07.040797+00:00,1288057,093,3556,14,0,1789173080,,,SCHEDULED
2026-09-12T00:24:07.040797+00:00,1288057,093,3557,15,0,1789173130,,,SCHEDULED
2026-09-12T00:24:07.040797+00:00,1288057,093,3540,16,0,1789173190,,,SCHEDULED
2026-09-12T00:24:07.040797+00:00,1288057,093,3541,17,0,1789173227,,,SCHEDULED
2026-09-12T00:24:07.040797+00:00,1288057,093,3542,18,0,1789173251,,,SCHEDULED
2026-09-12T00:24:07.040797+00:00,1288057,093,3543,19,0,1789173286,,,SCHEDULED
2026-09-12T00:24:07.040797+00:00,1288057,093,3544,20,0,1789173322,,,SCHEDULED
2026-09-12T00:24:07.040797+00:00,1288057,093,3545,21,0,1789173364,,,SCHEDULED
2026-09-12T00:24:07.040797+00:00,1288057,093,3547,22,0,1789173454,,,SCHEDULED
2026-09-12T00:24:07.040797+00:00,1288057,093,3548,23,0,1789173505,,,SCHEDULED
2026-09-12T00:24:07.040797+00:00,1288057,093,3549,24,0,1789173543,,,SCHEDULED
2026-09-12T00:24:07.040797+00:00,1288057,093,3550,25,0,1789173590,,,SCHEDULED
2026-09-12T00:24:07.040797+00:00,1288057,093,3551,26,0,1789173638,,,SCHEDULED
2026-09-12T00:24:07.040797+00:00,1288057,093,3552,27,0,1789173685,,,SCHEDULED
2026-09-12T00:24:07.040797+00:00,1288057,093,3508,28,0,1789173730,,,SCHEDULED
2026-09-12T00:24:07.040797+00:00,1288057,093,3509,29,0,1789173779,,,SCHEDULED
2026-09-12T00:24:07.040797+00:00,1288057,093,3510,30,0,1789173836,,,SCHEDULED
2026-09-12T00:24:07.040797+00:00,1288057,093,3069,31,0,1789173982,,,SCHEDULED
2026-09-12T00:24:07.040797+00:00,1288057,093,3049,32,0,1789174069,,,SCHEDULED
2026-09-12T00:24:07.040797+00:00,1288057,093,3070,33,0,1789174113,,,SCHEDULED
2026-09-12T00:24:07.040797+00:00,1288057,093,3071,34,0,1789174157,,,SCHEDULED
2026-09-12T00:24:07.040797+00:00,1288057,093,3072,35,0,1789174193,,,SCHEDULED
2026-09-12T00:24:07.040797+00:00,1288217,129,1099,10,0,1789172722,,,SCHEDULED
2026-09-12T00:24:07.040797+00:00,1288217,129,1100,11,0,1789172865,,,SCHEDULED
2026-09-12T00:24:07.040797+00:00,1288217,129,1101,12,0,1789172962,,,SCHEDULED
2026-09-12T00:24:07.040797+00:00,1288217,129,1102,13,0,1789173045,,,SCHEDULED
2026-09-12T00:24:07.040797+00:00,1288217,129,1103,14,0,1789173137,,,SCHEDULED
2026-09-12T00:24:07.040797+00:00,1288217,129,1104,15,0,1789173225,,,SCHEDULED
2026-09-12T00:24:07.040797+00:00,1288217,129,1105,16,0,1789173322,,,SCHEDULED
2026-09-12T00:24:07.040797+00:00,1288217,129,1106,17,0,1789173406,,,SCHEDULED
2026-09-12T00:24:07.040797+00:00,1288217,129,1107,18,0,1789173454,,,SCHEDULED
2026-09-12T00:24:07.040797+00:00,1288217,129,1108,19,0,1789173508,,,SCHEDULED
2026-09-12T00:24:07.040797+00:00,1288217,129,1109,20,0,1789173562,,,SCHEDULED
2026-09-12T00:24:07.040797+00:00,1288217,129,1110,21,0,1789173609,,,SCHEDULED
2026-09-12T00:24:07.040797+00:00,1288217,129,1111,22,0,1789173667,,,SCHEDULED
2026-09-12T00:24:07.040797+00:00,1288217,129,1112,23,0,1789173722,,,SCHEDULED
2026-09-12T00:24:07.040797+00:00,1288217,129,1113,24,0,1789173769,,,SCHEDULED
2026-09-12T00:24:07.040797+00:00,1288217,129,1114,25,0,1789173832,,,SCHEDULED
2026-09-12T00:24:07.040797+00:00,1288217,129,1115,26,0,1789173866,,,SCHEDULED
2026-09-12T00:24:07.040797+00:00,1288217,129,1116,27,0,1789173932,,,SCHEDULED
2026-09-12T00:24:07.040797+00:00,1288217,129,1175,28,0,1789173982,,,SCHEDULED
2026-09-12T00:24:07.040797+00:00,1288217,129,1176,29,0,1789174008,,,SCHEDULED
2026-09-12T00:24:07.040797+00:00,1288216,129,1181,34,0,1789172334,,,SCHEDULED
2026-09-12T00:24:07.040797+00:00,1288216,129,1182,35,0,1789172440,,,SCHEDULED
2026-09-12T00:24:07.040797+00:00,1288216,129,1284,36,0,1789172545,,,SCHEDULED
2026-09-12T00:24:07.040797+00:00,1288216,129,1286,37,0,1789172641,,,SCHEDULED
2026-09-12T00:24:07.040797+00:00,1288216,129,1287,38,0,1789172673,,,SCHEDULED
2026-09-12T00:24:07.040797+00:00,1288216,129,1288,39,0,1789172719,,,SCHEDULED
2026-09-12T00:24:07.040797+00:00,1288216,129,1289,40,0,1789172778,,,SCHEDULED
2026-09-12T00:24:07.040797+00:00,1288216,129,1290,41,0,1789172826,,,SCHEDULED
2026-09-12T00:24:07.040797+00:00,1288216,129,1292,42,0,1789172891,,,SCHEDULED
2026-09-12T00:24:07.040797+00:00,1288216,129,1293,43,0,1789172934,,,SCHEDULED
2026-09-12T00:24:07.040797+00:00,1288216,129,1294,44,0,1789172985,,,SCHEDULED
2026-09-12T00:24:07.040797+00:00,1288216,129,1295,45,0,1789173026,,,SCHEDULED
2026-09-12T00:24:07.040797+00:00,1288216,129,1296,46,0,1789173085,,,SCHEDULED
2026-09-12T00:24:07.040797+00:00,1288216,129,1298,47,0,1789173136,,,SCHEDULED
2026-09-12T00:24:07.040797+00:00,1288216,129,1299,48,0,1789173197,,,SCHEDULED
2026-09-12T00:24:07.040797+00:00,1288216,129,1300,49,0,1789173238,,,SCHEDULED
2026-09-12T00:24:07.040797+00:00,1288216,129,1301,50,0,1789173271,,,SCHEDULED
2026-09-12T00:24:07.040797+00:00,1288216,129,1302,51,0,1789173327,,,SCHEDULED
2026-09-12T00:24:07.040797+00:00,1286317,061,3131,1,,,0,1789173840,SCHEDULED
2026-09-12T00:24:07.040797+00:00,1286317,061,1860,2,0,1789173899,,,SCHEDULED
2026-09-12T00:24:07.040797+00:00,1286317,061,1861,3,0,1789173930,,,SCHEDULED
2026-09-12T00:24:07.040797+00:00,1286317,061,1862,4,0,1789173999,,,SCHEDULED
2026-09-12T00:24:07.040797+00:00,1286317,061,1863,5,0,1789174086,,,SCHEDULED
2026-09-12T00:24:07.040797+00:00,1286317,061,1864,6,0,1789174211,,,SCHEDULED
2026-09-12T00:24:07.040797+00:00,1286317,061,1865,7,0,1789174252,,,SCHEDULED
2026-09-12T00:24:07.040797+00:00,1286317,061,1866,8,0,1789174283,,,SCHEDULED
2026-09-12T00:24:07.040797+00:00,1286317,061,1867,9,0,1789174333,,,SCHEDULED
2026-09-12T00:24:07.040797+00:00,1286317,061,1868,10,0,1789174380,,,SCHEDULED
2026-09-12T00:24:07.040797+00:00,1286318,061,1870,11,0,1789172632,,,SCHEDULED
2026-09-12T00:24:07.040797+00:00,1286318,061,1871,12,0,1789172665,,,SCHEDULED
2026-09-12T00:24:07.040797+00:00,1286318,061,1872,13,0,1789172679,,,SCHEDULED
2026-09-12T00:24:07.040797+00:00,1286318,061,1873,14,0,1789172721,,,SCHEDULED
2026-09-12T00:24:07.040797+00:00,1286318,061,1874,15,0,1789172777,,,SCHEDULED
2026-09-12T00:24:07.040797+00:00,1286318,061,1875,16,0,1789172819,,,SCHEDULED
2026-09-12T00:24:07.040797+00:00,1286318,061,1876,17,0,1789172854,,,SCHEDULED
2026-09-12T00:24:07.040797+00:00,1286318,061,1877,18,0,1789172896,,,SCHEDULED
2026-09-12T00:24:07.040797+00:00,1286318,061,1878,19,0,1789172964,,,SCHEDULED
2026-09-12T00:24:07.040797+00:00,1286318,061,1879,20,0,1789172999,,,SCHEDULED
2026-09-12T00:24:07.040797+00:00,1286318,061,2201,21,0,1789173065,,,SCHEDULED
2026-09-12T00:24:07.040797+00:00,1286318,061,2202,22,0,1789173100,,,SCHEDULED
2026-09-12T00:24:07.040797+00:00,1286318,061,2203,23,0,1789173133,,,SCHEDULED
2026-09-12T00:24:07.040797+00:00,1286318,061,2204,24,0,1789173168,,,SCHEDULED
2026-09-12T00:24:07.040797+00:00,1286318,061,2205,25,0,1789173207,,,SCHEDULED
2026-09-12T00:24:07.040797+00:00,1286318,061,2206,26,0,1789173236,,,SCHEDULED
2026-09-12T00:24:07.040797+00:00,1286318,061,2200,27,0,1789173269,,,SCHEDULED
2026-09-12T00:24:07.040797+00:00,1286318,061,2207,28,0,1789173321,,,SCHEDULED
2026-09-12T00:24:07.040797+00:00,1286318,061,2208,29,0,1789173343,,,SCHEDULED
2026-09-12T00:24:07.040797+00:00,1286318,061,2209,30,0,1789173379,,,SCHEDULED
2026-09-12T00:24:07.040797+00:00,1286318,061,2210,31,0,1789173408,,,SCHEDULED
2026-09-12T00:24:07.040797+00:00,1286318,061,2211,32,0,1789173447,,,SCHEDULED
2026-09-12T00:24:07.040797+00:00,1286318,061,2212,33,0,1789173470,,,SCHEDULED
2026-09-12T00:24:07.040797+00:00,1286318,061,2213,34,0,1789173499,,,SCHEDULED
2026-09-12T00:24:07.040797+00:00,1286318,061,2214,35,0,1789173545,,,SCHEDULED
2026-09-12T00:24:07.040797+00:00,1286318,061,2215,36,0,1789173610,,,SCHEDULED
2026-09-12T00:24:07.040797+00:00,1286318,061,2216,37,0,1789173664,,,SCHEDULED
2026-09-12T00:24:07.040797+00:00,1286318,061,2217,38,0,1789173717,,,SCHEDULED
2026-09-12T00:24:07.040797+00:00,1286318,061,2218,39,0,1789173764,,,SCHEDULED
2026-09-12T00:24:07.040797+00:00,1286318,061,2220,40,0,1789173817,,,SCHEDULED
2026-09-12T00:24:07.040797+00:00,1286318,061,2221,41,0,1789173924,,,SCHEDULED
2026-09-12T00:24:07.040797+00:00,1286318,061,2222,42,0,1789173952,,,SCHEDULED
2026-09-12T00:24:07.040797+00:00,1286318,061,2223,43,0,1789173999,,,SCHEDULED
2026-09-12T00:24:07.040797+00:00,1286318,061,6107,44,0,1789174025,,,SCHEDULED
2026-09-12T00:24:07.040797+00:00,1286318,061,2224,45,0,1789174082,,,SCHEDULED
2026-09-12T00:24:07.040797+00:00,1286318,061,2225,46,0,1789174105,,,SCHEDULED
2026-09-12T00:24:07.040797+00:00,1286318,061,2226,47,0,1789174139,,,SCHEDULED
2026-09-12T00:24:07.040797+00:00,1286318,061,2227,48,0,1789174173,,,SCHEDULED
2026-09-12T00:24:07.040797+00:00,1286318,061,2228,49,0,1789174205,,,SCHEDULED
2026-09-12T00:24:07.040797+00:00,1286318,061,6100,50,0,1789174244,,,SCHEDULED
2026-09-12T00:24:07.040797+00:00,1287921,088,9807,1,,,0,1789173660,SCHEDULED
2026-09-12T00:24:07.040797+00:00,1287921,088,284,2,0,1789173735,,,SCHEDULED
2026-09-12T00:24:07.040797+00:00,1287921,088,684,3,0,1789173776,,,SCHEDULED
2026-09-12T00:24:07.040797+00:00,1287921,088,685,4,0,1789173847,,,SCHEDULED
2026-09-12T00:24:07.040797+00:00,1287921,088,1400,5,0,1789173868,,,SCHEDULED
2026-09-12T00:24:07.040797+00:00,1287921,088,1401,6,0,1789173901,,,SCHEDULED
2026-09-12T00:24:07.040797+00:00,1287921,088,1402,7,0,1789173944,,,SCHEDULED
2026-09-12T00:24:07.040797+00:00,1287921,088,1403,8,0,1789174096,,,SCHEDULED
2026-09-12T00:24:07.040797+00:00,1287921,088,1404,9,0,1789174140,,,SCHEDULED
2026-09-12T00:24:07.040797+00:00,1287921,088,1405,10,0,1789174179,,,SCHEDULED
2026-09-12T00:24:07.040797+00:00,1287921,088,1406,11,0,1789174195,,,SCHEDULED
2026-09-12T00:24:07.040797+00:00,1287921,088,1407,12,0,1789174242,,,SCHEDULED
2026-09-12T00:24:07.040797+00:00,1287921,088,1408,13,0,1789174290,,,SCHEDULED
2026-09-12T00:24:07.040797+00:00,1287921,088,1409,14,0,1789174353,,,SCHEDULED
2026-09-12T00:24:07.040797+00:00,1285746,033,628,1,,,0,1789173240,SCHEDULED
2026-09-12T00:24:07.040797+00:00,1285746,033,5259,2,0,1789173401,,,SCHEDULED
2026-09-12T00:24:07.040797+00:00,1285746,033,5260,3,0,1789173456,,,SCHEDULED
2026-09-12T00:24:07.040797+00:00,1285746,033,5257,4,0,1789173482,,,SCHEDULED
2026-09-12T00:24:07.040797+00:00,1285746,033,5247,5,0,1789173660,,,SCHEDULED
2026-09-12T00:24:07.040797+00:00,1285900,051,1892,9,0,1789172586,,,SCHEDULED
2026-09-12T00:24:07.040797+00:00,1285900,051,1893,10,0,1789172658,,,SCHEDULED
2026-09-12T00:24:07.040797+00:00,1285900,051,1894,11,0,1789172705,,,SCHEDULED
2026-09-12T00:24:07.040797+00:00,1285900,051,1895,12,0,1789172754,,,SCHEDULED
2026-09-12T00:24:07.040797+00:00,1285900,051,1896,13,0,1789172785,,,SCHEDULED
2026-09-12T00:24:07.040797+00:00,1285900,051,1898,14,0,1789172850,,,SCHEDULED
2026-09-12T00:24:07.040797+00:00,1285900,051,1899,15,0,1789172893,,,SCHEDULED
2026-09-12T00:24:07.040797+00:00,1285900,051,1901,16,0,1789172936,,,SCHEDULED
2026-09-12T00:24:07.040797+00:00,1285900,051,1902,17,0,1789172973,,,SCHEDULED
2026-09-12T00:24:07.040797+00:00,1285900,051,1904,18,0,1789173045,,,SCHEDULED
2026-09-12T00:24:07.040797+00:00,1285900,051,1905,19,0,1789173089,,,SCHEDULED
2026-09-12T00:24:07.040797+00:00,1285900,051,1906,20,0,1789173137,,,SCHEDULED
2026-09-12T00:24:07.040797+00:00,1285900,051,1907,21,0,1789173185,,,SCHEDULED
2026-09-12T00:24:07.040797+00:00,1285900,051,1908,22,0,1789173221,,,SCHEDULED
2026-09-12T00:24:07.040797+00:00,1285900,051,1911,23,0,1789173313,,,SCHEDULED
2026-09-12T00:24:07.040797+00:00,1285900,051,1913,24,0,1789173410,,,SCHEDULED
2026-09-12T00:24:07.040797+00:00,1285900,051,1914,25,0,1789173467,,,SCHEDULED
2026-09-12T00:24:07.040797+00:00,1285900,051,1915,26,0,1789173525,,,SCHEDULED
2026-09-12T00:24:07.040797+00:00,1285900,051,1916,27,0,1789173578,,,SCHEDULED
2026-09-12T00:24:07.040797+00:00,1285900,051,1917,28,0,1789173628,,,SCHEDULED
2026-09-12T00:24:07.040797+00:00,1285900,051,1918,29,0,1789173690,,,SCHEDULED
2026-09-12T00:24:07.040797+00:00,1285900,051,1919,30,0,1789173736,,,SCHEDULED
2026-09-12T00:24:07.040797+00:00,1285900,051,1920,31,0,1789173759,,,SCHEDULED
2026-09-12T00:24:07.040797+00:00,1285900,051,1921,32,0,1789173789,,,SCHEDULED
2026-09-12T00:24:07.040797+00:00,1285900,051,1922,33,0,1789173828,,,SCHEDULED
2026-09-12T00:24:07.040797+00:00,1285900,051,1923,34,0,1789173855,,,SCHEDULED
2026-09-12T00:24:07.040797+00:00,1285900,051,1924,35,0,1789173905,,,SCHEDULED
2026-09-12T00:24:07.040797+00:00,1285900,051,1925,36,0,1789173955,,,SCHEDULED
2026-09-12T00:24:07.040797+00:00,1285900,051,1926,37,0,1789174005,,,SCHEDULED
2026-09-12T00:24:07.040797+00:00,1285900,051,1940,38,0,1789174027,,,SCHEDULED
2026-09-12T00:24:07.040797+00:00,1285900,051,320,39,0,1789174063,,,SCHEDULED
2026-09-12T00:24:07.040797+00:00,1285900,051,1209,40,0,1789174085,,,SCHEDULED
2026-09-12T00:24:07.040797+00:00,1285900,051,321,41,0,1789174111,,,SCHEDULED
2026-09-12T00:24:07.040797+00:00,1285900,051,322,42,0,1789174155,,,SCHEDULED
2026-09-12T00:24:07.040797+00:00,1285900,051,324,43,0,1789174245,,,SCHEDULED
2026-09-12T00:24:07.040797+00:00,1285900,051,325,44,0,1789174267,,,SCHEDULED
2026-09-12T00:24:07.040797+00:00,1285900,051,327,46,0,1789174311,,,SCHEDULED
2026-09-12T00:24:07.040797+00:00,1285900,051,328,47,0,1789174331,,,SCHEDULED
2026-09-12T00:24:07.040797+00:00,1285900,051,329,48,0,1789174365,,,SCHEDULED
2026-09-12T00:24:07.040797+00:00,1286319,061,998,52,0,1789172640,,,SCHEDULED
2026-09-12T00:24:07.040797+00:00,1286319,061,999,53,0,1789172670,,,SCHEDULED
2026-09-12T00:24:07.040797+00:00,1286319,061,249,54,0,1789172703,,,SCHEDULED
2026-09-12T00:24:07.040797+00:00,1286319,061,248,55,0,1789172750,,,SCHEDULED
2026-09-12T00:24:07.040797+00:00,1286319,061,250,56,0,1789172787,,,SCHEDULED
2026-09-12T00:24:07.040797+00:00,1286319,061,264,57,0,1789172899,,,SCHEDULED
2026-09-12T00:24:07.040797+00:00,1286319,061,263,58,0,1789172945,,,SCHEDULED
2026-09-12T00:24:07.040797+00:00,1286319,061,2180,59,0,1789172983,,,SCHEDULED
2026-09-12T00:24:07.040797+00:00,1286319,061,2181,60,0,1789173018,,,SCHEDULED
2026-09-12T00:24:07.040797+00:00,1286319,061,4395,61,0,1789173157,,,SCHEDULED
2026-09-12T00:24:07.040797+00:00,1286319,061,4396,62,0,1789173195,,,SCHEDULED
2026-09-12T00:24:07.040797+00:00,1286319,061,4397,63,0,1789173226,,,SCHEDULED
2026-09-12T00:24:07.040797+00:00,1286319,061,4398,64,0,1789173262,,,SCHEDULED
2026-09-12T00:24:07.040797+00:00,1286319,061,4391,65,0,1789173308,,,SCHEDULED
2026-09-12T00:24:07.040797+00:00,1286319,061,4399,66,0,1789173329,,,SCHEDULED
2026-09-12T00:24:07.040797+00:00,1286319,061,4392,67,0,1789173352,,,SCHEDULED
2026-09-12T00:24:07.040797+00:00,1284815,015,840,19,0,1789172658,,,SCHEDULED
2026-09-12T00:24:07.040797+00:00,1284815,015,841,20,0,1789172700,,,SCHEDULED
2026-09-12T00:24:07.040797+00:00,1284815,015,842,21,0,1789172717,,,SCHEDULED
2026-09-12T00:24:07.040797+00:00,1284815,015,843,22,0,1789172735,,,SCHEDULED
2026-09-12T00:24:07.040797+00:00,1284815,015,845,23,0,1789172772,,,SCHEDULED
2026-09-12T00:24:07.040797+00:00,1284815,015,846,24,0,1789172782,,,SCHEDULED
2026-09-12T00:24:07.040797+00:00,1284815,015,847,25,0,1789172802,,,SCHEDULED
2026-09-12T00:24:07.040797+00:00,1284815,015,848,26,0,1789172818,,,SCHEDULED
2026-09-12T00:24:07.040797+00:00,1284815,015,3098,27,0,1789173097,,,SCHEDULED
2026-09-12T00:24:07.040797+00:00,1284935,019,737,28,0,1789172636,,,SCHEDULED
2026-09-12T00:24:07.040797+00:00,1284935,019,738,29,0,1789172652,,,SCHEDULED
2026-09-12T00:24:07.040797+00:00,1284935,019,739,30,0,1789172671,,,SCHEDULED
2026-09-12T00:24:07.040797+00:00,1284935,019,740,31,0,1789172687,,,SCHEDULED
2026-09-12T00:24:07.040797+00:00,1284935,019,741,32,0,1789172716,,,SCHEDULED
2026-09-12T00:24:07.040797+00:00,1284935,019,1333,33,0,1789172870,,,SCHEDULED
2026-09-12T00:24:07.040797+00:00,1284935,019,3115,34,0,1789173407,,,SCHEDULED
2026-09-12T00:24:07.040797+00:00,1284935,019,3116,35,0,1789173433,,,SCHEDULED
2026-09-12T00:24:07.040797+00:00,1284935,019,3117,36,0,1789173453,,,SCHEDULED
2026-09-12T00:24:07.040797+00:00,1284935,019,3118,37,0,1789173487,,,SCHEDULED
2026-09-12T00:24:07.040797+00:00,1284935,019,3119,38,0,1789173504,,,SCHEDULED
2026-09-12T00:24:07.040797+00:00,1284935,019,3121,39,0,1789173545,,,SCHEDULED
2026-09-12T00:24:07.040797+00:00,1284935,019,3122,40,0,1789173578,,,SCHEDULED
2026-09-12T00:24:07.040797+00:00,1284935,019,3123,41,0,1789173625,,,SCHEDULED
2026-09-12T00:24:07.040797+00:00,1284935,019,3124,42,0,1789173668,,,SCHEDULED
2026-09-12T00:24:07.040797+00:00,1284935,019,3125,43,0,1789173701,,,SCHEDULED
2026-09-12T00:24:07.040797+00:00,1284935,019,3696,44,0,1789173778,,,SCHEDULED
2026-09-12T00:24:07.040797+00:00,1284929,019,3052,1,,,0,1789174380,SCHEDULED
2026-09-12T00:24:07.040797+00:00,1284928,019,804,20,0,1789172795,,,SCHEDULED
2026-09-12T00:24:07.040797+00:00,1284928,019,805,21,0,1789172807,,,SCHEDULED
2026-09-12T00:24:07.040797+00:00,1284928,019,806,22,0,1789172837,,,SCHEDULED
2026-09-12T00:24:07.040797+00:00,1284928,019,661,23,0,1789172942,,,SCHEDULED
2026-09-12T00:24:07.040797+00:00,1284928,019,4863,24,0,1789172961,,,SCHEDULED
2026-09-12T00:24:07.040797+00:00,1284928,019,5368,25,0,1789172997,,,SCHEDULED
2026-09-12T00:24:07.040797+00:00,1284928,019,810,26,0,1789173050,,,SCHEDULED
2026-09-12T00:24:07.040797+00:00,1284928,019,811,27,0,1789173089,,,SCHEDULED
2026-09-12T00:24:07.040797+00:00,1284928,019,812,28,0,1789173165,,,SCHEDULED
2026-09-12T00:24:07.040797+00:00,1284928,019,813,29,0,1789173197,,,SCHEDULED
2026-09-12T00:24:07.040797+00:00,1284928,019,814,30,0,1789173242,,,SCHEDULED
2026-09-12T00:24:07.040797+00:00,1284928,019,815,31,0,1789173287,,,SCHEDULED
2026-09-12T00:24:07.040797+00:00,1284928,019,5347,32,0,1789173351,,,SCHEDULED
2026-09-12T00:24:07.040797+00:00,1284928,019,824,33,0,1789173454,,,SCHEDULED
2026-09-12T00:24:07.040797+00:00,1284928,019,825,34,0,1789173495,,,SCHEDULED
2026-09-12T00:24:07.040797+00:00,1284928,019,826,35,0,1789173547,,,SCHEDULED
2026-09-12T00:24:07.040797+00:00,1284928,019,827,36,0,1789173579,,,SCHEDULED
2026-09-12T00:24:07.040797+00:00,1284928,019,5242,37,0,1789173656,,,SCHEDULED
2026-09-12T00:24:07.040797+00:00,1284928,019,829,38,0,1789173682,,,SCHEDULED
2026-09-12T00:24:07.040797+00:00,1284928,019,5271,39,0,1789173801,,,SCHEDULED
2026-09-12T00:24:07.040797+00:00,1288172,102,668,1,,,0,1789172700,SCHEDULED
2026-09-12T00:24:07.040797+00:00,1288172,102,221,2,0,1789172763,,,SCHEDULED
2026-09-12T00:24:07.040797+00:00,1288172,102,222,3,0,1789172787,,,SCHEDULED
2026-09-12T00:24:07.040797+00:00,1288172,102,223,4,0,1789172816,,,SCHEDULED
2026-09-12T00:24:07.040797+00:00,1288172,102,225,5,0,1789172880,,,SCHEDULED
2026-09-12T00:24:07.040797+00:00,1288172,102,226,6,0,1789172931,,,SCHEDULED
2026-09-12T00:24:07.040797+00:00,1288172,102,108,7,0,1789172996,,,SCHEDULED
2026-09-12T00:24:07.040797+00:00,1288172,102,123,8,0,1789173061,,,SCHEDULED
2026-09-12T00:24:07.040797+00:00,1288172,102,125,9,0,1789173154,,,SCHEDULED
2026-09-12T00:24:07.040797+00:00,1288172,102,126,10,0,1789173210,,,SCHEDULED
2026-09-12T00:24:07.040797+00:00,1288172,102,127,11,0,1789173243,,,SCHEDULED
2026-09-12T00:24:07.040797+00:00,1288172,102,128,12,0,1789173336,,,SCHEDULED
2026-09-12T00:24:07.040797+00:00,1288172,102,130,13,0,1789173420,,,SCHEDULED
2026-09-12T00:24:07.040797+00:00,1288172,102,131,14,0,1789173435,,,SCHEDULED
2026-09-12T00:24:07.040797+00:00,1288172,102,132,15,0,1789173448,,,SCHEDULED
2026-09-12T00:24:07.040797+00:00,1288172,102,133,16,0,1789173468,,,SCHEDULED
2026-09-12T00:24:07.040797+00:00,1288172,102,134,17,0,1789173480,,,SCHEDULED
2026-09-12T00:24:07.040797+00:00,1288172,102,135,18,0,1789173496,,,SCHEDULED
2026-09-12T00:24:07.040797+00:00,1288172,102,136,19,0,1789173514,,,SCHEDULED
2026-09-12T00:24:07.040797+00:00,1288172,102,137,20,0,1789173524,,,SCHEDULED
2026-09-12T00:24:07.040797+00:00,1288172,102,138,21,0,1789173540,,,SCHEDULED
2026-09-12T00:24:07.040797+00:00,1288172,102,139,22,0,1789173557,,,SCHEDULED
2026-09-12T00:24:07.040797+00:00,1288172,102,141,23,0,1789173600,,,SCHEDULED
2026-09-12T00:24:07.040797+00:00,1288172,102,142,24,0,1789173622,,,SCHEDULED
2026-09-12T00:24:07.040797+00:00,1288172,102,143,25,0,1789173639,,,SCHEDULED
2026-09-12T00:24:07.040797+00:00,1288172,102,144,26,0,1789173667,,,SCHEDULED
2026-09-12T00:24:07.040797+00:00,1288172,102,145,27,0,1789173694,,,SCHEDULED
2026-09-12T00:24:07.040797+00:00,1288172,102,146,28,0,1789173713,,,SCHEDULED
2026-09-12T00:24:07.040797+00:00,1288172,102,147,29,0,1789173748,,,SCHEDULED
2026-09-12T00:24:07.040797+00:00,1288172,102,148,30,0,1789173803,,,SCHEDULED
2026-09-12T00:24:07.040797+00:00,1288172,102,149,31,0,1789173830,,,SCHEDULED
2026-09-12T00:24:07.040797+00:00,1288172,102,150,32,0,1789173850,,,SCHEDULED
2026-09-12T00:24:07.040797+00:00,1288172,102,151,33,0,1789173885,,,SCHEDULED
2026-09-12T00:24:07.040797+00:00,1288172,102,156,34,0,1789173918,,,SCHEDULED
2026-09-12T00:24:07.040797+00:00,1288172,102,152,35,0,1789173931,,,SCHEDULED
2026-09-12T00:24:07.040797+00:00,1288172,102,153,36,0,1789173960,,,SCHEDULED
2026-09-12T00:24:07.040797+00:00,1288172,102,154,37,0,1789174012,,,SCHEDULED
2026-09-12T00:24:07.040797+00:00,1288172,102,155,38,0,1789174071,,,SCHEDULED
2026-09-12T00:24:07.040797+00:00,1288172,102,246,39,0,1789174155,,,SCHEDULED
2026-09-12T00:24:07.040797+00:00,1288172,102,247,40,0,1789174211,,,SCHEDULED
2026-09-12T00:24:07.040797+00:00,1288172,102,248,41,0,1789174283,,,SCHEDULED
2026-09-12T00:24:07.040797+00:00,1288172,102,250,42,0,1789174351,,,SCHEDULED
2026-09-12T00:24:07.040797+00:00,1287376,082,678,9,0,1789172635,,,SCHEDULED
2026-09-12T00:24:07.040797+00:00,1287376,082,679,10,0,1789172709,,,SCHEDULED
2026-09-12T00:24:07.040797+00:00,1287376,082,680,11,0,1789172773,,,SCHEDULED
2026-09-12T00:24:07.040797+00:00,1287376,082,681,12,0,1789172810,,,SCHEDULED
2026-09-12T00:24:07.040797+00:00,1287376,082,3076,13,0,1789172854,,,SCHEDULED
2026-09-12T00:24:07.040797+00:00,1287376,082,3077,14,0,1789172905,,,SCHEDULED
2026-09-12T00:24:07.040797+00:00,1287376,082,3078,15,0,1789173050,,,SCHEDULED
2026-09-12T00:24:07.040797+00:00,1287376,082,3079,16,0,1789173118,,,SCHEDULED
2026-09-12T00:24:07.040797+00:00,1287376,082,3080,17,0,1789173189,,,SCHEDULED
2026-09-12T00:24:07.040797+00:00,1287376,082,1074,18,0,1789173291,,,SCHEDULED
2026-09-12T00:24:07.040797+00:00,1287376,082,1075,19,0,1789173363,,,SCHEDULED
2026-09-12T00:24:07.040797+00:00,1287376,082,1076,20,0,1789173406,,,SCHEDULED
2026-09-12T00:24:07.040797+00:00,1287376,082,1077,21,0,1789173465,,,SCHEDULED
2026-09-12T00:24:07.040797+00:00,1287376,082,1646,22,0,1789173549,,,SCHEDULED
2026-09-12T00:24:07.040797+00:00,1287376,082,1648,23,0,1789173626,,,SCHEDULED
2026-09-12T00:24:07.040797+00:00,1287376,082,1649,24,0,1789173682,,,SCHEDULED
2026-09-12T00:24:07.040797+00:00,1287376,082,1650,25,0,1789173727,,,SCHEDULED
2026-09-12T00:24:07.040797+00:00,1287376,082,1651,26,0,1789173759,,,SCHEDULED
2026-09-12T00:24:07.040797+00:00,1287376,082,1652,27,0,1789173808,,,SCHEDULED
2026-09-12T00:24:07.040797+00:00,1287376,082,1653,28,0,1789173885,,,SCHEDULED
2026-09-12T00:24:07.040797+00:00,1287376,082,1654,29,0,1789173948,,,SCHEDULED
2026-09-12T00:24:07.040797+00:00,1287376,082,1655,30,0,1789174042,,,SCHEDULED
2026-09-12T00:24:07.040797+00:00,1287376,082,459,31,0,1789174088,,,SCHEDULED
2026-09-12T00:24:07.040797+00:00,1287376,082,1656,32,0,1789174112,,,SCHEDULED
2026-09-12T00:24:07.040797+00:00,1287376,082,1657,33,0,1789174161,,,SCHEDULED
2026-09-12T00:24:07.040797+00:00,1287376,082,1658,34,0,1789174200,,,SCHEDULED
2026-09-12T00:24:07.040797+00:00,1287376,082,1659,35,0,1789174252,,,SCHEDULED
2026-09-12T00:24:07.040797+00:00,1287376,082,1660,36,0,1789174298,,,SCHEDULED
2026-09-12T00:24:07.040797+00:00,1287376,082,3190,37,0,1789174333,,,SCHEDULED
2026-09-12T00:24:07.040797+00:00,1287376,082,3191,38,0,1789174396,,,SCHEDULED
2026-09-12T00:24:07.040797+00:00,1285593,030,1721,11,0,1789172660,,,SCHEDULED
2026-09-12T00:24:07.040797+00:00,1285593,030,1722,12,0,1789172732,,,SCHEDULED
2026-09-12T00:24:07.040797+00:00,1285593,030,1723,13,0,1789172760,,,SCHEDULED
2026-09-12T00:24:07.040797+00:00,1285593,030,1725,14,0,1789172865,,,SCHEDULED
2026-09-12T00:24:07.040797+00:00,1285593,030,1726,15,0,1789172936,,,SCHEDULED
2026-09-12T00:24:07.040797+00:00,1285593,030,1727,16,0,1789173008,,,SCHEDULED
2026-09-12T00:24:07.040797+00:00,1285593,030,1728,17,0,1789173086,,,SCHEDULED
2026-09-12T00:24:07.040797+00:00,1285593,030,1729,18,0,1789173180,,,SCHEDULED
2026-09-12T00:24:07.040797+00:00,1285593,030,1730,19,0,1789173214,,,SCHEDULED
2026-09-12T00:24:07.040797+00:00,1285593,030,1732,20,0,1789173259,,,SCHEDULED
2026-09-12T00:24:07.040797+00:00,1285593,030,1734,21,0,1789173326,,,SCHEDULED
2026-09-12T00:24:07.040797+00:00,1285593,030,1735,22,0,1789173348,,,SCHEDULED
2026-09-12T00:24:07.040797+00:00,1285593,030,1736,23,0,1789173377,,,SCHEDULED
2026-09-12T00:24:07.040797+00:00,1285593,030,1737,24,0,1789173405,,,SCHEDULED
2026-09-12T00:24:07.040797+00:00,1285593,030,1739,25,0,1789173481,,,SCHEDULED
2026-09-12T00:24:07.040797+00:00,1287377,082,275,41,0,1789172602,,,SCHEDULED
2026-09-12T00:24:07.040797+00:00,1287377,082,276,42,0,1789172913,,,SCHEDULED
2026-09-12T00:24:07.040797+00:00,1285592,030,282,1,,,0,1789173540,SCHEDULED
2026-09-12T00:24:07.040797+00:00,1285592,030,414,2,0,1789173791,,,SCHEDULED
2026-09-12T00:24:07.040797+00:00,1285592,030,415,3,0,1789173840,,,SCHEDULED
2026-09-12T00:24:07.040797+00:00,1285592,030,416,4,0,1789173873,,,SCHEDULED
2026-09-12T00:24:07.040797+00:00,1285592,030,418,5,0,1789173939,,,SCHEDULED
2026-09-12T00:24:07.040797+00:00,1285592,030,4763,6,0,1789174014,,,SCHEDULED
2026-09-12T00:24:07.040797+00:00,1285592,030,1716,7,0,1789174068,,,SCHEDULED
2026-09-12T00:24:07.040797+00:00,1285592,030,1717,8,0,1789174109,,,SCHEDULED
2026-09-12T00:24:07.040797+00:00,1285592,030,1718,9,0,1789174176,,,SCHEDULED
2026-09-12T00:24:07.040797+00:00,1285592,030,1720,10,0,1789174275,,,SCHEDULED
2026-09-12T00:24:07.040797+00:00,1286442,062,521,57,,,,,NO_DATA
2026-09-12T00:24:07.040797+00:00,1286442,062,522,58,,,,,NO_DATA
2026-09-12T00:24:07.040797+00:00,1286442,062,525,59,,,,,NO_DATA
2026-09-12T00:24:07.040797+00:00,1286442,062,526,60,,,,,NO_DATA
2026-09-12T00:24:07.040797+00:00,1286442,062,527,61,,,,,NO_DATA
2026-09-12T00:24:07.040797+00:00,1286442,062,528,62,,,,,NO_DATA
2026-09-12T00:24:07.040797+00:00,1286442,062,5252,63,,,,,NO_DATA
2026-09-12T00:24:07.040797+00:00,1286442,062,531,64,,,,,NO_DATA
2026-09-12T00:24:07.040797+00:00,1286442,062,116,65,,,,,NO_DATA
2026-09-12T00:24:07.040797+00:00,1287375,082,665,1,,,0,1789173480,SCHEDULED
2026-09-12T00:24:07.040797+00:00,1287375,082,1447,2,0,1789173688,,,SCHEDULED
2026-09-12T00:24:07.040797+00:00,1287375,082,1448,3,0,1789173732,,,SCHEDULED
2026-09-12T00:24:07.040797+00:00,1287375,082,1449,4,0,1789173760,,,SCHEDULED
2026-09-12T00:24:07.040797+00:00,1287375,082,674,5,0,1789173863,,,SCHEDULED
2026-09-12T00:24:07.040797+00:00,1287375,082,675,6,0,1789173900,,,SCHEDULED
2026-09-12T00:24:07.040797+00:00,1287375,082,676,7,0,1789173981,,,SCHEDULED
2026-09-12T00:24:07.040797+00:00,1287375,082,677,8,0,1789174062,,,SCHEDULED
2026-09-12T00:24:07.040797+00:00,1287375,082,678,9,0,1789174126,,,SCHEDULED
2026-09-12T00:24:07.040797+00:00,1287375,082,679,10,0,1789174200,,,SCHEDULED
2026-09-12T00:24:07.040797+00:00,1287375,082,680,11,0,1789174264,,,SCHEDULED
2026-09-12T00:24:07.040797+00:00,1287375,082,681,12,0,1789174301,,,SCHEDULED
2026-09-12T00:24:07.040797+00:00,1287375,082,3076,13,0,1789174345,,,SCHEDULED
2026-09-12T00:24:07.040797+00:00,1288228,137,85406,3,0,1789174055,,,SCHEDULED
2026-09-12T00:24:07.040797+00:00,1288228,137,85408,4,0,1789174151,,,SCHEDULED
2026-09-12T00:24:07.040797+00:00,1288228,137,85204,5,0,1789174175,,,SCHEDULED
2026-09-12T00:24:07.040797+00:00,1288228,137,85205,6,0,1789174250,,,SCHEDULED
2026-09-12T00:24:07.040797+00:00,1286720,068,2636,61,0,1789172642,,,SCHEDULED
2026-09-12T00:24:07.040797+00:00,1286720,068,2637,62,0,1789172656,,,SCHEDULED
2026-09-12T00:24:07.040797+00:00,1286720,068,2638,63,0,1789172688,,,SCHEDULED
2026-09-12T00:24:07.040797+00:00,1286720,068,2639,64,0,1789172742,,,SCHEDULED
2026-09-12T00:24:07.040797+00:00,1286720,068,1086,65,0,1789173289,,,SCHEDULED
2026-09-12T00:24:07.040797+00:00,1286720,068,1088,66,0,1789173341,,,SCHEDULED
2026-09-12T00:24:07.040797+00:00,1286720,068,1087,67,0,1789173375,,,SCHEDULED
2026-09-12T00:24:07.040797+00:00,1286720,068,2642,68,0,1789173405,,,SCHEDULED
2026-09-12T00:24:07.040797+00:00,1287413,082,3089,26,0,1789172686,,,SCHEDULED
2026-09-12T00:24:07.040797+00:00,1287413,082,3090,27,0,1789172780,,,SCHEDULED
2026-09-12T00:24:07.040797+00:00,1287413,082,3091,28,0,1789172877,,,SCHEDULED
2026-09-12T00:24:07.040797+00:00,1287413,082,3092,29,0,1789172950,,,SCHEDULED
2026-09-12T00:24:07.040797+00:00,1287413,082,3093,30,0,1789173029,,,SCHEDULED
2026-09-12T00:24:07.040797+00:00,1287413,082,3094,31,0,1789173068,,,SCHEDULED
2026-09-12T00:24:07.040797+00:00,1287413,082,1421,32,0,1789173135,,,SCHEDULED
2026-09-12T00:24:07.040797+00:00,1287413,082,1422,33,0,1789173193,,,SCHEDULED
2026-09-12T00:24:07.040797+00:00,1287413,082,1423,34,0,1789173250,,,SCHEDULED
2026-09-12T00:24:07.040797+00:00,1287413,082,1424,35,0,1789173311,,,SCHEDULED
2026-09-12T00:24:07.040797+00:00,1287413,082,1425,36,0,1789173363,,,SCHEDULED
2026-09-12T00:24:07.040797+00:00,1287413,082,1427,37,0,1789173442,,,SCHEDULED
2026-09-12T00:24:07.040797+00:00,1287413,082,1428,38,0,1789173500,,,SCHEDULED
2026-09-12T00:24:07.040797+00:00,1287413,082,9939,39,0,1789173541,,,SCHEDULED
2026-09-12T00:24:07.040797+00:00,1287413,082,1444,40,0,1789173669,,,SCHEDULED
2026-09-12T00:24:07.040797+00:00,1287413,082,1445,41,0,1789173713,,,SCHEDULED
2026-09-12T00:24:07.040797+00:00,1287413,082,1446,42,0,1789173745,,,SCHEDULED
2026-09-12T00:24:07.040797+00:00,1287413,082,563,43,0,1789174013,,,SCHEDULED
2026-09-12T00:24:07.040797+00:00,1287413,082,565,44,0,1789174081,,,SCHEDULED
2026-09-12T00:24:07.040797+00:00,1287413,082,1438,45,0,1789174243,,,SCHEDULED
2026-09-12T00:24:07.040797+00:00,1287413,082,1439,46,0,1789174269,,,SCHEDULED
2026-09-12T00:24:07.040797+00:00,1286721,068,2612,48,0,1789172639,,,SCHEDULED
2026-09-12T00:24:07.040797+00:00,1286721,068,1911,49,0,1789172726,,,SCHEDULED
2026-09-12T00:24:07.040797+00:00,1286721,068,1818,50,0,1789172822,,,SCHEDULED
2026-09-12T00:24:07.040797+00:00,1286721,068,1819,51,0,1789172885,,,SCHEDULED
2026-09-12T00:24:07.040797+00:00,1286721,068,1820,52,0,1789172949,,,SCHEDULED
2026-09-12T00:24:07.040797+00:00,1286721,068,1821,53,0,1789172993,,,SCHEDULED
2026-09-12T00:24:07.040797+00:00,1286721,068,940,54,0,1789173044,,,SCHEDULED
2026-09-12T00:24:07.040797+00:00,1286721,068,941,55,0,1789173076,,,SCHEDULED
2026-09-12T00:24:07.040797+00:00,1286721,068,2633,56,0,1789173144,,,SCHEDULED
2026-09-12T00:24:07.040797+00:00,1286721,068,9812,57,0,1789173180,,,SCHEDULED
2026-09-12T00:24:07.040797+00:00,1286721,068,2629,58,0,1789173238,,,SCHEDULED
2026-09-12T00:24:07.040797+00:00,1286721,068,2634,59,0,1789173284,,,SCHEDULED
2026-09-12T00:24:07.040797+00:00,1286721,068,2635,60,0,1789173360,,,SCHEDULED
2026-09-12T00:24:07.040797+00:00,1286721,068,2636,61,0,1789173373,,,SCHEDULED
2026-09-12T00:24:07.040797+00:00,1286721,068,2637,62,0,1789173387,,,SCHEDULED
2026-09-12T00:24:07.040797+00:00,1286721,068,2638,63,0,1789173419,,,SCHEDULED
2026-09-12T00:24:07.040797+00:00,1286721,068,2639,64,0,1789173473,,,SCHEDULED
2026-09-12T00:24:07.040797+00:00,1286721,068,1086,65,0,1789174020,,,SCHEDULED
2026-09-12T00:24:07.040797+00:00,1286721,068,1088,66,0,1789174072,,,SCHEDULED
2026-09-12T00:24:07.040797+00:00,1286721,068,1087,67,0,1789174106,,,SCHEDULED
2026-09-12T00:24:07.040797+00:00,1286721,068,2642,68,0,1789174136,,,SCHEDULED
2026-09-12T00:24:07.040797+00:00,1286963,075,318,1,,,0,1789173960,SCHEDULED
2026-09-12T00:24:07.040797+00:00,1286963,075,4210,2,0,1789174192,,,SCHEDULED
2026-09-12T00:24:07.040797+00:00,1286963,075,1432,3,0,1789174258,,,SCHEDULED
2026-09-12T00:24:07.040797+00:00,1286963,075,1398,4,0,1789174342,,,SCHEDULED
2026-09-12T00:24:07.040797+00:00,1288227,137,85180,13,0,1789172513,,,SCHEDULED
2026-09-12T00:24:07.040797+00:00,1288227,137,85181,14,0,1789172578,,,SCHEDULED
2026-09-12T00:24:07.040797+00:00,1288227,137,1715,15,0,1789172664,,,SCHEDULED
2026-09-12T00:24:07.040797+00:00,1288227,137,85619,16,0,1789172785,,,SCHEDULED
2026-09-12T00:24:07.040797+00:00,1287411,082,288,1,,,0,1789173780,SCHEDULED
2026-09-12T00:24:07.040797+00:00,1287411,082,274,2,0,1789174078,,,SCHEDULED
2026-09-12T00:24:07.040797+00:00,1284389,011,2425,1,,,0,1789173960,SCHEDULED
2026-09-12T00:24:07.040797+00:00,1284389,011,2501,2,0,1789174035,,,SCHEDULED
2026-09-12T00:24:07.040797+00:00,1284389,011,5353,3,0,1789174060,,,SCHEDULED
2026-09-12T00:24:07.040797+00:00,1284389,011,3214,4,0,1789174124,,,SCHEDULED
2026-09-12T00:24:07.040797+00:00,1284389,011,2276,5,0,1789174165,,,SCHEDULED
2026-09-12T00:24:07.040797+00:00,1284389,011,8303,6,0,1789174212,,,SCHEDULED
2026-09-12T00:24:07.040797+00:00,1284389,011,8302,7,0,1789174258,,,SCHEDULED
2026-09-12T00:24:07.040797+00:00,1284389,011,1046,8,0,1789174364,,,SCHEDULED
2026-09-12T00:24:07.040797+00:00,1285995,051,668,1,,,,,NO_DATA
2026-09-12T00:24:07.040797+00:00,1285995,051,221,2,,,,,NO_DATA
2026-09-12T00:24:07.040797+00:00,1285995,051,222,3,,,,,NO_DATA
2026-09-12T00:24:07.040797+00:00,1285995,051,223,4,,,,,NO_DATA
2026-09-12T00:24:07.040797+00:00,1285995,051,225,5,,,,,NO_DATA
2026-09-12T00:24:07.040797+00:00,1285995,051,226,6,,,,,NO_DATA
2026-09-12T00:24:07.040797+00:00,1285995,051,108,7,,,,,NO_DATA
2026-09-12T00:24:07.040797+00:00,1285995,051,123,8,,,,,NO_DATA
2026-09-12T00:24:07.040797+00:00,1285995,051,125,9,,,,,NO_DATA
2026-09-12T00:24:07.040797+00:00,1285995,051,126,10,,,,,NO_DATA
2026-09-12T00:24:07.040797+00:00,1285995,051,127,11,,,,,NO_DATA
2026-09-12T00:24:07.040797+00:00,1285995,051,128,12,,,,,NO_DATA
2026-09-12T00:24:07.040797+00:00,1285994,051,668,1,,,0,1789173360,SCHEDULED
2026-09-12T00:24:07.040797+00:00,1285994,051,221,2,0,1789173487,,,SCHEDULED
2026-09-12T00:24:07.040797+00:00,1285994,051,222,3,0,1789173534,,,SCHEDULED
2026-09-12T00:24:07.040797+00:00,1285994,051,223,4,0,1789173592,,,SCHEDULED
2026-09-12T00:24:07.040797+00:00,1285994,051,225,5,0,1789173720,,,SCHEDULED
2026-09-12T00:24:07.040797+00:00,1285994,051,226,6,0,1789173771,,,SCHEDULED
2026-09-12T00:24:07.040797+00:00,1285994,051,108,7,0,1789173836,,,SCHEDULED
2026-09-12T00:24:07.040797+00:00,1285994,051,123,8,0,1789173901,,,SCHEDULED
2026-09-12T00:24:07.040797+00:00,1285994,051,125,9,0,1789173994,,,SCHEDULED
2026-09-12T00:24:07.040797+00:00,1285994,051,126,10,0,1789174050,,,SCHEDULED
2026-09-12T00:24:07.040797+00:00,1285994,051,127,11,0,1789174083,,,SCHEDULED
2026-09-12T00:24:07.040797+00:00,1285994,051,128,12,0,1789174176,,,SCHEDULED
2026-09-12T00:24:07.040797+00:00,1285994,051,227,13,0,1789174260,,,SCHEDULED
2026-09-12T00:24:07.040797+00:00,1285994,051,229,14,0,1789174334,,,SCHEDULED
2026-09-12T00:24:07.040797+00:00,1287412,082,274,2,0,1789172925,,,SCHEDULED
2026-09-12T00:24:07.040797+00:00,1287412,082,275,3,0,1789173287,,,SCHEDULED
2026-09-12T00:24:07.040797+00:00,1287412,082,3893,4,0,1789173535,,,SCHEDULED
2026-09-12T00:24:07.040797+00:00,1287412,082,3894,5,0,1789173640,,,SCHEDULED
2026-09-12T00:24:07.040797+00:00,1287412,082,3895,6,0,1789173698,,,SCHEDULED
2026-09-12T00:24:07.040797+00:00,1287412,082,1662,7,0,1789173773,,,SCHEDULED
2026-09-12T00:24:07.040797+00:00,1287412,082,1663,8,0,1789173827,,,SCHEDULED
2026-09-12T00:24:07.040797+00:00,1287412,082,1664,9,0,1789173871,,,SCHEDULED
2026-09-12T00:24:07.040797+00:00,1287412,082,1665,10,0,1789173922,,,SCHEDULED
2026-09-12T00:24:07.040797+00:00,1287412,082,1666,11,0,1789173953,,,SCHEDULED
2026-09-12T00:24:07.040797+00:00,1287412,082,1668,12,0,1789174038,,,SCHEDULED
2026-09-12T00:24:07.040797+00:00,1287412,082,1669,13,0,1789174113,,,SCHEDULED
2026-09-12T00:24:07.040797+00:00,1287412,082,1670,14,0,1789174170,,,SCHEDULED
2026-09-12T00:24:07.040797+00:00,1287412,082,1671,15,0,1789174249,,,SCHEDULED
2026-09-12T00:24:07.040797+00:00,1287412,082,1672,16,0,1789174306,,,SCHEDULED
2026-09-12T00:24:07.040797+00:00,1287412,082,1673,17,0,1789174347,,,SCHEDULED
2026-09-12T00:24:07.040797+00:00,1287412,082,1674,18,0,1789174381,,,SCHEDULED
2026-09-12T00:24:07.040797+00:00,1287412,082,1675,19,0,1789174429,,,SCHEDULED
2026-09-12T00:24:07.040797+00:00,1285997,051,1842,32,0,1789172574,,,SCHEDULED
2026-09-12T00:24:07.040797+00:00,1285997,051,1843,33,0,1789172672,,,SCHEDULED
2026-09-12T00:24:07.040797+00:00,1285997,051,1844,34,0,1789172710,,,SCHEDULED
2026-09-12T00:24:07.040797+00:00,1285997,051,1845,35,0,1789172747,,,SCHEDULED
2026-09-12T00:24:07.040797+00:00,1285997,051,1846,36,0,1789172797,,,SCHEDULED
2026-09-12T00:24:07.040797+00:00,1285997,051,1847,37,0,1789172826,,,SCHEDULED
2026-09-12T00:24:07.040797+00:00,1285997,051,1848,38,0,1789172880,,,SCHEDULED
2026-09-12T00:24:07.040797+00:00,1285997,051,1849,39,0,1789172938,,,SCHEDULED
2026-09-12T00:24:07.040797+00:00,1285997,051,1850,40,0,1789172988,,,SCHEDULED
2026-09-12T00:24:07.040797+00:00,1285997,051,1851,41,0,1789173059,,,SCHEDULED
2026-09-12T00:24:07.040797+00:00,1285997,051,1852,42,0,1789173105,,,SCHEDULED
2026-09-12T00:24:07.040797+00:00,1285997,051,1853,43,0,1789173145,,,SCHEDULED
2026-09-12T00:24:07.040797+00:00,1285997,051,1854,44,0,1789173182,,,SCHEDULED
2026-09-12T00:24:07.040797+00:00,1285997,051,1855,45,0,1789173249,,,SCHEDULED
2026-09-12T00:24:07.040797+00:00,1285997,051,1856,46,0,1789173319,,,SCHEDULED
2026-09-12T00:24:07.040797+00:00,1285997,051,1857,47,0,1789173356,,,SCHEDULED
2026-09-12T00:24:07.040797+00:00,1285997,051,1858,48,0,1789173400,,,SCHEDULED
2026-09-12T00:24:07.040797+00:00,1285997,051,1859,49,0,1789173520,,,SCHEDULED
2026-09-12T00:24:07.040797+00:00,1285997,051,1860,50,0,1789173601,,,SCHEDULED
2026-09-12T00:24:07.040797+00:00,1285997,051,1861,51,0,1789173634,,,SCHEDULED
2026-09-12T00:24:07.040797+00:00,1285997,051,2020,52,0,1789173698,,,SCHEDULED
2026-09-12T00:24:07.040797+00:00,1285997,051,2021,53,0,1789173795,,,SCHEDULED
2026-09-12T00:24:07.040797+00:00,1285997,051,3130,54,0,1789173858,,,SCHEDULED
2026-09-12T00:24:07.040797+00:00,1285996,051,234,18,0,1789172651,,,SCHEDULED
2026-09-12T00:24:07.040797+00:00,1285996,051,235,19,0,1789172701,,,SCHEDULED
2026-09-12T00:24:07.040797+00:00,1285996,051,236,20,0,1789172760,,,SCHEDULED
2026-09-12T00:24:07.040797+00:00,1285996,051,1927,21,0,1789172880,,,SCHEDULED
2026-09-12T00:24:07.040797+00:00,1285996,051,1930,22,0,1789172977,,,SCHEDULED
2026-09-12T00:24:07.040797+00:00,1285996,051,1931,23,0,1789173024,,,SCHEDULED
2026-09-12T00:24:07.040797+00:00,1285996,051,1949,24,0,1789173075,,,SCHEDULED
2026-09-12T00:24:07.040797+00:00,1285996,051,1932,25,0,1789173105,,,SCHEDULED
2026-09-12T00:24:07.040797+00:00,1285996,051,1936,26,0,1789173173,,,SCHEDULED
2026-09-12T00:24:07.040797+00:00,1285996,051,1937,27,0,1789173211,,,SCHEDULED
2026-09-12T00:24:07.040797+00:00,1285996,051,1938,28,0,1789173249,,,SCHEDULED
2026-09-12T00:24:07.040797+00:00,1285996,051,1939,29,0,1789173313,,,SCHEDULED
2026-09-12T00:24:07.040797+00:00,1285996,051,1839,30,0,1789173360,,,SCHEDULED
2026-09-12T00:24:07.040797+00:00,1285996,051,1841,31,0,1789173422,,,SCHEDULED
2026-09-12T00:24:07.040797+00:00,1285996,051,1842,32,0,1789173468,,,SCHEDULED
2026-09-12T00:24:07.040797+00:00,1285996,051,1843,33,0,1789173513,,,SCHEDULED
2026-09-12T00:24:07.040797+00:00,1285996,051,1844,34,0,1789173551,,,SCHEDULED
2026-09-12T00:24:07.040797+00:00,1285996,051,1845,35,0,1789173588,,,SCHEDULED
2026-09-12T00:24:07.040797+00:00,1285996,051,1846,36,0,1789173638,,,SCHEDULED
2026-09-12T00:24:07.040797+00:00,1285996,051,1847,37,0,1789173667,,,SCHEDULED
2026-09-12T00:24:07.040797+00:00,1285996,051,1848,38,0,1789173721,,,SCHEDULED
2026-09-12T00:24:07.040797+00:00,1285996,051,1849,39,0,1789173779,,,SCHEDULED
2026-09-12T00:24:07.040797+00:00,1285996,051,1850,40,0,1789173829,,,SCHEDULED
2026-09-12T00:24:07.040797+00:00,1285996,051,1851,41,0,1789173900,,,SCHEDULED
2026-09-12T00:24:07.040797+00:00,1285996,051,1852,42,0,1789173946,,,SCHEDULED
2026-09-12T00:24:07.040797+00:00,1285996,051,1853,43,0,1789173986,,,SCHEDULED
2026-09-12T00:24:07.040797+00:00,1285996,051,1854,44,0,1789174023,,,SCHEDULED
2026-09-12T00:24:07.040797+00:00,1285996,051,1855,45,0,1789174090,,,SCHEDULED
2026-09-12T00:24:07.040797+00:00,1285996,051,1856,46,0,1789174160,,,SCHEDULED
2026-09-12T00:24:07.040797+00:00,1285996,051,1857,47,0,1789174197,,,SCHEDULED
2026-09-12T00:24:07.040797+00:00,1285996,051,1858,48,0,1789174241,,,SCHEDULED
2026-09-12T00:24:07.040797+00:00,1285996,051,1859,49,0,1789174361,,,SCHEDULED
2026-09-12T00:24:07.040797+00:00,1286964,075,3851,5,0,1789172655,,,SCHEDULED
2026-09-12T00:24:07.040797+00:00,1286964,075,1418,6,0,1789172733,,,SCHEDULED
2026-09-12T00:24:07.040797+00:00,1286964,075,1420,7,0,1789172848,,,SCHEDULED
2026-09-12T00:24:07.040797+00:00,1286722,068,2383,18,0,1789172636,,,SCHEDULED
2026-09-12T00:24:07.040797+00:00,1286722,068,2385,19,0,1789172694,,,SCHEDULED
2026-09-12T00:24:07.040797+00:00,1286722,068,2014,20,0,1789172822,,,SCHEDULED
2026-09-12T00:24:07.040797+00:00,1286722,068,2015,21,0,1789172912,,,SCHEDULED
2026-09-12T00:24:07.040797+00:00,1286722,068,2016,22,0,1789172964,,,SCHEDULED
2026-09-12T00:24:07.040797+00:00,1286722,068,2166,23,0,1789173015,,,SCHEDULED
2026-09-12T00:24:07.040797+00:00,1286722,068,1884,24,0,1789173096,,,SCHEDULED
2026-09-12T00:24:07.040797+00:00,1286722,068,1885,25,0,1789173171,,,SCHEDULED
2026-09-12T00:24:07.040797+00:00,1286722,068,1686,26,0,1789173293,,,SCHEDULED
2026-09-12T00:24:07.040797+00:00,1286722,068,2691,27,0,1789173427,,,SCHEDULED
2026-09-12T00:24:07.040797+00:00,1286722,068,2692,28,0,1789173474,,,SCHEDULED
2026-09-12T00:24:07.040797+00:00,1286722,068,2693,29,0,1789173525,,,SCHEDULED
2026-09-12T00:24:07.040797+00:00,1286722,068,2694,30,0,1789173583,,,SCHEDULED
2026-09-12T00:24:07.040797+00:00,1286722,068,2695,31,0,1789173628,,,SCHEDULED
2026-09-12T00:24:07.040797+00:00,1286722,068,2696,32,0,1789173672,,,SCHEDULED
2026-09-12T00:24:07.040797+00:00,1286722,068,2699,33,0,1789173694,,,SCHEDULED
2026-09-12T00:24:07.040797+00:00,1286722,068,2700,34,0,1789173761,,,SCHEDULED
2026-09-12T00:24:07.040797+00:00,1286722,068,2703,35,0,1789173811,,,SCHEDULED
2026-09-12T00:24:07.040797+00:00,1286722,068,2704,36,0,1789173876,,,SCHEDULED
2026-09-12T00:24:07.040797+00:00,1286722,068,2706,37,0,1789173982,,,SCHEDULED
2026-09-12T00:24:07.040797+00:00,1286722,068,2707,38,0,1789174036,,,SCHEDULED
2026-09-12T00:24:07.040797+00:00,1286722,068,2708,39,0,1789174092,,,SCHEDULED
2026-09-12T00:24:07.040797+00:00,1286722,068,2709,40,0,1789174146,,,SCHEDULED
2026-09-12T00:24:07.040797+00:00,1286722,068,2710,41,0,1789174169,,,SCHEDULED
2026-09-12T00:24:07.040797+00:00,1286722,068,2711,42,0,1789174206,,,SCHEDULED
2026-09-12T00:24:07.040797+00:00,1286722,068,2712,43,0,1789174262,,,SCHEDULED
2026-09-12T00:24:07.040797+00:00,1286722,068,2713,44,0,1789174292,,,SCHEDULED
2026-09-12T00:24:07.040797+00:00,1286722,068,2715,45,0,1789174339,,,SCHEDULED
2026-09-12T00:24:07.040797+00:00,1286722,068,2610,46,0,1789174416,,,SCHEDULED
2026-09-12T00:24:07.040797+00:00,1285998,051,1855,45,0,1789172545,,,SCHEDULED
2026-09-12T00:24:07.040797+00:00,1285998,051,1856,46,0,1789172580,,,SCHEDULED
2026-09-12T00:24:07.040797+00:00,1285998,051,1857,47,0,1789172650,,,SCHEDULED
2026-09-12T00:24:07.040797+00:00,1285998,051,1858,48,0,1789172694,,,SCHEDULED
2026-09-12T00:24:07.040797+00:00,1285998,051,1859,49,0,1789172814,,,SCHEDULED
2026-09-12T00:24:07.040797+00:00,1285998,051,1860,50,0,1789172895,,,SCHEDULED
2026-09-12T00:24:07.040797+00:00,1285998,051,1861,51,0,1789172928,,,SCHEDULED
2026-09-12T00:24:07.040797+00:00,1285998,051,2020,52,0,1789172992,,,SCHEDULED
2026-09-12T00:24:07.040797+00:00,1285998,051,2021,53,0,1789173089,,,SCHEDULED
2026-09-12T00:24:07.040797+00:00,1285998,051,3130,54,0,1789173152,,,SCHEDULED
2026-09-12T00:24:07.040797+00:00,1288229,137,1714,1,,,0,1789174308,SCHEDULED
2026-09-12T00:24:07.040797+00:00,1288229,137,1904,2,0,1789174402,,,SCHEDULED
2026-09-12T00:24:07.040797+00:00,1286723,068,885,1,,,0,1789173300,SCHEDULED
2026-09-12T00:24:07.040797+00:00,1286723,068,286,2,0,1789173507,,,SCHEDULED
2026-09-12T00:24:07.040797+00:00,1286723,068,4439,3,0,1789173563,,,SCHEDULED
2026-09-12T00:24:07.040797+00:00,1286723,068,4440,4,0,1789173648,,,SCHEDULED
2026-09-12T00:24:07.040797+00:00,1286723,068,4441,5,0,1789173691,,,SCHEDULED
2026-09-12T00:24:07.040797+00:00,1286723,068,4015,6,0,1789173762,,,SCHEDULED
2026-09-12T00:24:07.040797+00:00,1286723,068,4016,7,0,1789173804,,,SCHEDULED
2026-09-12T00:24:07.040797+00:00,1286723,068,4017,8,0,1789173852,,,SCHEDULED
2026-09-12T00:24:07.040797+00:00,1286723,068,3914,9,0,1789173921,,,SCHEDULED
2026-09-12T00:24:07.040797+00:00,1286723,068,3836,10,0,1789173952,,,SCHEDULED
2026-09-12T00:24:07.040797+00:00,1286723,068,2375,11,0,1789174085,,,SCHEDULED
2026-09-12T00:24:07.040797+00:00,1286723,068,2376,12,0,1789174136,,,SCHEDULED
2026-09-12T00:24:07.040797+00:00,1286723,068,2377,13,0,1789174181,,,SCHEDULED
2026-09-12T00:24:07.040797+00:00,1286723,068,2378,14,0,1789174255,,,SCHEDULED
2026-09-12T00:24:07.040797+00:00,1286723,068,2379,15,0,1789174286,,,SCHEDULED
2026-09-12T00:24:07.040797+00:00,1286723,068,2381,16,0,1789174360,,,SCHEDULED
2026-09-12T00:24:07.040797+00:00,1286849,072,323,1,,,0,1789174080,SCHEDULED
2026-09-12T00:24:07.040797+00:00,1286849,072,4210,2,0,1789174323,,,SCHEDULED
2026-09-12T00:24:07.040797+00:00,1286849,072,4211,3,0,1789174364,,,SCHEDULED
2026-09-12T00:24:07.040797+00:00,1284826,015,9807,1,,,0,1789173660,SCHEDULED
2026-09-12T00:24:07.040797+00:00,1284826,015,545,2,0,1789173731,,,SCHEDULED
2026-09-12T00:24:07.040797+00:00,1284826,015,547,3,0,1789173799,,,SCHEDULED
2026-09-12T00:24:07.040797+00:00,1284826,015,548,4,0,1789173826,,,SCHEDULED
2026-09-12T00:24:07.040797+00:00,1284826,015,549,5,0,1789173858,,,SCHEDULED
2026-09-12T00:24:07.040797+00:00,1284826,015,960,6,0,1789173891,,,SCHEDULED
2026-09-12T00:24:07.040797+00:00,1284826,015,961,7,0,1789173912,,,SCHEDULED
2026-09-12T00:24:07.040797+00:00,1284826,015,962,8,0,1789173941,,,SCHEDULED
2026-09-12T00:24:07.040797+00:00,1284826,015,963,9,0,1789173998,,,SCHEDULED
2026-09-12T00:24:07.040797+00:00,1284826,015,964,10,0,1789174036,,,SCHEDULED
2026-09-12T00:24:07.040797+00:00,1284826,015,965,11,0,1789174072,,,SCHEDULED
2026-09-12T00:24:07.040797+00:00,1284826,015,966,12,0,1789174149,,,SCHEDULED
2026-09-12T00:24:07.040797+00:00,1284826,015,967,13,0,1789174185,,,SCHEDULED
2026-09-12T00:24:07.040797+00:00,1284826,015,968,14,0,1789174218,,,SCHEDULED
2026-09-12T00:24:07.040797+00:00,1284826,015,969,15,0,1789174256,,,SCHEDULED
2026-09-12T00:24:07.040797+00:00,1284826,015,836,16,0,1789174292,,,SCHEDULED
2026-09-12T00:24:07.040797+00:00,1284826,015,838,17,0,1789174342,,,SCHEDULED
2026-09-12T00:24:07.040797+00:00,1288182,103,257,16,0,1789172642,,,SCHEDULED
2026-09-12T00:24:07.040797+00:00,1288182,103,258,17,0,1789172681,,,SCHEDULED
2026-09-12T00:24:07.040797+00:00,1288182,103,259,18,0,1789172701,,,SCHEDULED
2026-09-12T00:24:07.040797+00:00,1288182,103,260,19,0,1789172733,,,SCHEDULED
2026-09-12T00:24:07.040797+00:00,1288182,103,261,20,0,1789172764,,,SCHEDULED
2026-09-12T00:24:07.040797+00:00,1288182,103,262,21,0,1789172787,,,SCHEDULED
2026-09-12T00:24:07.040797+00:00,1288182,103,264,22,0,1789172836,,,SCHEDULED
2026-09-12T00:24:07.040797+00:00,1288182,103,263,23,0,1789172901,,,SCHEDULED
2026-09-12T00:24:07.040797+00:00,1288182,103,157,24,0,1789172946,,,SCHEDULED
2026-09-12T00:24:07.040797+00:00,1288182,103,158,25,0,1789172988,,,SCHEDULED
2026-09-12T00:24:07.040797+00:00,1288182,103,159,26,0,1789173021,,,SCHEDULED
2026-09-12T00:24:07.040797+00:00,1288182,103,160,27,0,1789173066,,,SCHEDULED
2026-09-12T00:24:07.040797+00:00,1288182,103,161,28,0,1789173123,,,SCHEDULED
2026-09-12T00:24:07.040797+00:00,1288182,103,877,29,0,1789173171,,,SCHEDULED
2026-09-12T00:24:07.040797+00:00,1288182,103,162,30,0,1789173231,,,SCHEDULED
2026-09-12T00:24:07.040797+00:00,1288182,103,163,31,0,1789173273,,,SCHEDULED
2026-09-12T00:24:07.040797+00:00,1288182,103,164,32,0,1789173304,,,SCHEDULED
2026-09-12T00:24:07.040797+00:00,1288182,103,165,33,0,1789173361,,,SCHEDULED
2026-09-12T00:24:07.040797+00:00,1288182,103,166,34,0,1789173439,,,SCHEDULED
2026-09-12T00:24:07.040797+00:00,1288182,103,167,35,0,1789173475,,,SCHEDULED
2026-09-12T00:24:07.040797+00:00,1288182,103,173,36,0,1789173523,,,SCHEDULED
2026-09-12T00:24:07.040797+00:00,1288182,103,168,37,0,1789173580,,,SCHEDULED
2026-09-12T00:24:07.040797+00:00,1288182,103,169,38,0,1789173641,,,SCHEDULED
2026-09-12T00:24:07.040797+00:00,1288182,103,170,39,0,1789173704,,,SCHEDULED
2026-09-12T00:24:07.040797+00:00,1288182,103,171,40,0,1789173875,,,SCHEDULED
2026-09-12T00:24:07.040797+00:00,1288184,103,169,38,0,1789172051,,,SCHEDULED
2026-09-12T00:24:07.040797+00:00,1288184,103,170,39,0,1789172121,,,SCHEDULED
2026-09-12T00:24:07.040797+00:00,1288184,103,171,40,0,1789172162,,,SCHEDULED
2026-09-12T00:24:07.040797+00:00,1287096,078,9920,1,,,0,1789173360,SCHEDULED
2026-09-12T00:24:07.040797+00:00,1287096,078,2760,2,0,1789173586,,,SCHEDULED
2026-09-12T00:24:07.040797+00:00,1287096,078,2761,3,0,1789173676,,,SCHEDULED
2026-09-12T00:24:07.040797+00:00,1287096,078,2762,4,0,1789173765,,,SCHEDULED
2026-09-12T00:24:07.040797+00:00,1287096,078,2763,5,0,1789173810,,,SCHEDULED
2026-09-12T00:24:07.040797+00:00,1287096,078,2764,6,0,1789173891,,,SCHEDULED
