poll_time,trip_id,route_id,stop_id,stop_sequence,arrival_delay,arrival_time,departure_delay,departure_time,schedule_relationship
2026-09-18T00:10:58.576141+00:00,1284394,011,4710,45,0,1789690274,,,SCHEDULED
2026-09-18T00:10:58.576141+00:00,1284394,011,8928,46,0,1789690339,,,SCHEDULED
2026-09-18T00:10:58.576141+00:00,1284394,011,8929,47,0,1789690442,,,SCHEDULED
2026-09-18T00:10:58.576141+00:00,1284394,011,8930,48,0,1789690491,,,SCHEDULED
2026-09-18T00:10:58.576141+00:00,1284394,011,543,49,0,1789690542,,,SCHEDULED
2026-09-18T00:10:58.576141+00:00,1284394,011,5348,50,0,1789690635,,,SCHEDULED
2026-09-18T00:10:58.576141+00:00,1284394,011,5201,51,0,1789690691,,,SCHEDULED
2026-09-18T00:10:58.576141+00:00,1284394,011,8900,52,0,1789690848,,,SCHEDULED
2026-09-18T00:10:58.576141+00:00,1284394,011,8901,53,0,1789690870,,,SCHEDULED
2026-09-18T00:10:58.576141+00:00,1284394,011,8902,54,0,1789690935,,,SCHEDULED
2026-09-18T00:10:58.576141+00:00,1284394,011,8903,55,0,1789691000,,,SCHEDULED
2026-09-18T00:10:58.576141+00:00,1284394,011,8904,56,0,1789691051,,,SCHEDULED
2026-09-18T00:10:58.576141+00:00,1284394,011,8905,57,0,1789691103,,,SCHEDULED
2026-09-18T00:10:58.576141+00:00,1284394,011,8906,58,0,1789691154,,,SCHEDULED
2026-09-18T00:10:58.576141+00:00,1284394,011,8907,59,0,1789691200,,,SCHEDULED
2026-09-18T00:10:58.576141+00:00,1284394,011,8908,60,0,1789691227,,,SCHEDULED
2026-09-18T00:10:58.576141+00:00,1286177,056,503,29,0,1789690294,,,SCHEDULED
2026-09-18T00:10:58.576141+00:00,1286177,056,504,30,0,1789690405,,,SCHEDULED
2026-09-18T00:10:58.576141+00:00,1286177,056,505,31,0,1789690441,,,SCHEDULED
2026-09-18T00:10:58.576141+00:00,1286177,056,4134,32,0,1789690477,,,SCHEDULED
2026-09-18T00:10:58.576141+00:00,1286177,056,4136,33,0,1789690547,,,SCHEDULED
2026-09-18T00:10:58.576141+00:00,1286177,056,4137,34,0,1789690629,,,SCHEDULED
2026-09-18T00:10:58.576141+00:00,1288235,138,1434,1,,,0,1789690800,SCHEDULED
2026-09-18T00:10:58.576141+00:00,1288235,138,1811,2,0,1789690852,,,SCHEDULED
2026-09-18T00:10:58.576141+00:00,1286178,056,2062,14,0,1789690391,,,SCHEDULED
2026-09-18T00:10:58.576141+00:00,1286178,056,2063,15,0,1789690454,,,SCHEDULED
2026-09-18T00:10:58.576141+00:00,1286178,056,2064,16,0,1789690510,,,SCHEDULED
2026-09-18T00:10:58.576141+00:00,1286178,056,2065,17,0,1789690557,,,SCHEDULED
2026-09-18T00:10:58.576141+00:00,1286178,056,2066,18,0,1789690597,,,SCHEDULED
2026-09-18T00:10:58.576141+00:00,1286178,056,2068,19,0,1789690657,,,SCHEDULED
2026-09-18T00:10:58.576141+00:00,1286178,056,5200,20,0,1789690757,,,SCHEDULED
2026-09-18T00:10:58.576141+00:00,1286178,056,287,21,0,1789690831,,,SCHEDULED
2026-09-18T00:10:58.576141+00:00,1286178,056,2070,22,0,1789690870,,,SCHEDULED
2026-09-18T00:10:58.576141+00:00,1286178,056,2071,23,0,1789690901,,,SCHEDULED
2026-09-18T00:10:58.576141+00:00,1286178,056,497,24,0,1789690963,,,SCHEDULED
2026-09-18T00:10:58.576141+00:00,1286178,056,498,25,0,1789691032,,,SCHEDULED
2026-09-18T00:10:58.576141+00:00,1286178,056,500,26,0,1789691107,,,SCHEDULED
2026-09-18T00:10:58.576141+00:00,1286178,056,501,27,0,1789691143,,,SCHEDULED
2026-09-18T00:10:58.576141+00:00,1286178,056,502,28,0,1789691182,,,SCHEDULED
2026-09-18T00:10:58.576141+00:00,1286178,056,503,29,0,1789691257,,,SCHEDULED
2026-09-18T00:10:58.576141+00:00,1286178,056,504,30,0,1789691368,,,SCHEDULED
2026-09-18T00:10:58.576141+00:00,1286178,056,505,31,0,1789691404,,,SCHEDULED
2026-09-18T00:10:58.576141+00:00,1286178,056,4134,32,0,1789691440,,,SCHEDULED
2026-09-18T00:10:58.576141+00:00,1286178,056,4136,33,0,1789691510,,,SCHEDULED
2026-09-18T00:10:58.576141+00:00,1286178,056,4137,34,0,1789691592,,,SCHEDULED
2026-09-18T00:10:58.576141+00:00,1284393,011,8905,57,0,1789690278,,,SCHEDULED
2026-09-18T00:10:58.576141+00:00,1284393,011,8906,58,0,1789690329,,,SCHEDULED
2026-09-18T00:10:58.576141+00:00,1284393,011,8907,59,0,1789690375,,,SCHEDULED
2026-09-18T00:10:58.576141+00:00,1284393,011,8908,60,0,1789690402,,,SCHEDULED
2026-09-18T00:10:58.576141+00:00,1286453,062,4140,1,,,0,1789690571,SCHEDULED
2026-09-18T00:10:58.576141+00:00,1286453,062,4141,2,0,1789690646,,,SCHEDULED
2026-09-18T00:10:58.576141+00:00,1286453,062,4142,3,0,1789690698,,,SCHEDULED
2026-09-18T00:10:58.576141+00:00,1286453,062,4143,4,0,1789690776,,,SCHEDULED
2026-09-18T00:10:58.576141+00:00,1286453,062,5251,5,0,1789690846,,,SCHEDULED
2026-09-18T00:10:58.576141+00:00,1286453,062,4144,6,0,1789690877,,,SCHEDULED
2026-09-18T00:10:58.576141+00:00,1286453,062,4145,7,0,1789690895,,,SCHEDULED
2026-09-18T00:10:58.576141+00:00,1286453,062,4146,8,0,1789690929,,,SCHEDULED
2026-09-18T00:10:58.576141+00:00,1286453,062,506,9,0,1789690997,,,SCHEDULED
2026-09-18T00:10:58.576141+00:00,1286453,062,507,10,0,1789691025,,,SCHEDULED
2026-09-18T00:10:58.576141+00:00,1286453,062,508,11,0,1789691098,,,SCHEDULED
2026-09-18T00:10:58.576141+00:00,1286453,062,509,12,0,1789691127,,,SCHEDULED
2026-09-18T00:10:58.576141+00:00,1286453,062,510,13,0,1789691158,,,SCHEDULED
2026-09-18T00:10:58.576141+00:00,1286453,062,511,14,0,1789691197,,,SCHEDULED
2026-09-18T00:10:58.576141+00:00,1286453,062,513,15,0,1789691231,,,SCHEDULED
2026-09-18T00:10:58.576141+00:00,1286453,062,514,16,0,1789691282,,,SCHEDULED
2026-09-18T00:10:58.576141+00:00,1286453,062,515,17,0,1789691331,,,SCHEDULED
2026-09-18T00:10:58.576141+00:00,1286453,062,516,18,0,1789691370,,,SCHEDULED
2026-09-18T00:10:58.576141+00:00,1286453,062,517,19,0,1789691396,,,SCHEDULED
2026-09-18T00:10:58.576141+00:00,1286453,062,518,20,0,1789691445,,,SCHEDULED
2026-09-18T00:10:58.576141+00:00,1286453,062,2331,21,0,1789691491,,,SCHEDULED
2026-09-18T00:10:58.576141+00:00,1286453,062,2332,22,0,1789691520,,,SCHEDULED
2026-09-18T00:10:58.576141+00:00,1286453,062,2333,23,0,1789691548,,,SCHEDULED
2026-09-18T00:10:58.576141+00:00,1286453,062,2334,24,0,1789691574,,,SCHEDULED
2026-09-18T00:10:58.576141+00:00,1286453,062,2335,25,0,1789691602,,,SCHEDULED
2026-09-18T00:10:58.576141+00:00,1286453,062,1352,26,0,1789691618,,,SCHEDULED
2026-09-18T00:10:58.576141+00:00,1286453,062,2337,27,0,1789691670,,,SCHEDULED
2026-09-18T00:10:58.576141+00:00,1286453,062,2338,28,0,1789691768,,,SCHEDULED
2026-09-18T00:10:58.576141+00:00,1286453,062,2339,29,0,1789691830,,,SCHEDULED
2026-09-18T00:10:58.576141+00:00,1286453,062,2341,30,0,1789691902,,,SCHEDULED
2026-09-18T00:10:58.576141+00:00,1286453,062,2342,31,0,1789691943,,,SCHEDULED
2026-09-18T00:10:58.576141+00:00,1286453,062,2229,32,0,1789692011,,,SCHEDULED
2026-09-18T00:10:58.576141+00:00,1286453,062,2230,33,0,1789692050,,,SCHEDULED
2026-09-18T00:10:58.576141+00:00,1288199,113,4708,5,0,1789690334,,,SCHEDULED
2026-09-18T00:10:58.576141+00:00,1288199,113,4712,6,0,1789690474,,,SCHEDULED
2026-09-18T00:10:58.576141+00:00,1288199,113,4702,7,0,1789690581,,,SCHEDULED
2026-09-18T00:10:58.576141+00:00,1288199,113,3237,8,0,1789690658,,,SCHEDULED
2026-09-18T00:10:58.576141+00:00,1288199,113,3238,9,0,1789690845,,,SCHEDULED
2026-09-18T00:10:58.576141+00:00,1288199,113,3239,10,0,1789690902,,,SCHEDULED
2026-09-18T00:10:58.576141+00:00,1288199,113,4703,11,0,1789690970,,,SCHEDULED
2026-09-18T00:10:58.576141+00:00,1288199,113,4704,12,0,1789691056,,,SCHEDULED
2026-09-18T00:10:58.576141+00:00,1288199,113,4705,13,0,1789691110,,,SCHEDULED
2026-09-18T00:10:58.576141+00:00,1288199,113,4706,14,0,1789691169,,,SCHEDULED
2026-09-18T00:10:58.576141+00:00,1288199,113,4707,15,0,1789691258,,,SCHEDULED
2026-09-18T00:10:58.576141+00:00,1288199,113,4751,16,0,1789691327,,,SCHEDULED
2026-09-18T00:10:58.576141+00:00,1288199,113,5271,17,0,1789691672,,,SCHEDULED
2026-09-18T00:10:58.576141+00:00,1284791,015,9800,1,,,0,1789690320,SCHEDULED
2026-09-18T00:10:58.576141+00:00,1284791,015,574,2,0,1789690621,,,SCHEDULED
2026-09-18T00:10:58.576141+00:00,1284791,015,575,3,0,1789690642,,,SCHEDULED
2026-09-18T00:10:58.576141+00:00,1284791,015,576,4,0,1789690657,,,SCHEDULED
2026-09-18T00:10:58.576141+00:00,1284791,015,577,5,0,1789690674,,,SCHEDULED
2026-09-18T00:10:58.576141+00:00,1284791,015,579,6,0,1789690699,,,SCHEDULED
2026-09-18T00:10:58.576141+00:00,1284791,015,580,7,0,1789690721,,,SCHEDULED
2026-09-18T00:10:58.576141+00:00,1284791,015,849,8,0,1789690740,,,SCHEDULED
2026-09-18T00:10:58.576141+00:00,1284791,015,850,9,0,1789690771,,,SCHEDULED
2026-09-18T00:10:58.576141+00:00,1284791,015,851,10,0,1789690869,,,SCHEDULED
2026-09-18T00:10:58.576141+00:00,1284791,015,852,11,0,1789690897,,,SCHEDULED
2026-09-18T00:10:58.576141+00:00,1284791,015,853,12,0,1789690932,,,SCHEDULED
2026-09-18T00:10:58.576141+00:00,1284791,015,859,13,0,1789690964,,,SCHEDULED
2026-09-18T00:10:58.576141+00:00,1284791,015,860,14,0,1789691027,,,SCHEDULED
2026-09-18T00:10:58.576141+00:00,1284791,015,861,15,0,1789691068,,,SCHEDULED
2026-09-18T00:10:58.576141+00:00,1284791,015,862,16,0,1789691096,,,SCHEDULED
2026-09-18T00:10:58.576141+00:00,1284791,015,863,17,0,1789691175,,,SCHEDULED
2026-09-18T00:10:58.576141+00:00,1284791,015,864,18,0,1789691210,,,SCHEDULED
2026-09-18T00:10:58.576141+00:00,1284791,015,865,19,0,1789691251,,,SCHEDULED
2026-09-18T00:10:58.576141+00:00,1284791,015,866,20,0,1789691321,,,SCHEDULED
2026-09-18T00:10:58.576141+00:00,1284791,015,867,21,0,1789691355,,,SCHEDULED
2026-09-18T00:10:58.576141+00:00,1284791,015,593,22,0,1789691381,,,SCHEDULED
2026-09-18T00:10:58.576141+00:00,1284791,015,594,23,0,1789691441,,,SCHEDULED
2026-09-18T00:10:58.576141+00:00,1284791,015,595,24,0,1789691463,,,SCHEDULED
2026-09-18T00:10:58.576141+00:00,1284791,015,596,25,0,1789691532,,,SCHEDULED
2026-09-18T00:10:58.576141+00:00,1284791,015,284,26,0,1789691586,,,SCHEDULED
2026-09-18T00:10:58.576141+00:00,1287545,084,1285,1,,,0,1789691637,SCHEDULED
2026-09-18T00:10:58.576141+00:00,1287545,084,1618,2,0,1789691810,,,SCHEDULED
2026-09-18T00:10:58.576141+00:00,1287545,084,1306,3,0,1789691898,,,SCHEDULED
2026-09-18T00:10:58.576141+00:00,1287545,084,1570,4,0,1789692002,,,SCHEDULED
2026-09-18T00:10:58.576141+00:00,1287545,084,1307,5,0,1789692051,,,SCHEDULED
2026-09-18T00:10:58.576141+00:00,1287941,088,284,2,0,1789690317,,,SCHEDULED
2026-09-18T00:10:58.576141+00:00,1287941,088,684,3,0,1789690358,,,SCHEDULED
2026-09-18T00:10:58.576141+00:00,1287941,088,685,4,0,1789690429,,,SCHEDULED
2026-09-18T00:10:58.576141+00:00,1287941,088,1400,5,0,1789690450,,,SCHEDULED
2026-09-18T00:10:58.576141+00:00,1287941,088,1401,6,0,1789690483,,,SCHEDULED
2026-09-18T00:10:58.576141+00:00,1287941,088,1402,7,0,1789690526,,,SCHEDULED
2026-09-18T00:10:58.576141+00:00,1287941,088,1403,8,0,1789690678,,,SCHEDULED
2026-09-18T00:10:58.576141+00:00,1287941,088,1404,9,0,1789690722,,,SCHEDULED
2026-09-18T00:10:58.576141+00:00,1287941,088,1405,10,0,1789690765,,,SCHEDULED
2026-09-18T00:10:58.576141+00:00,1287941,088,1406,11,0,1789690783,,,SCHEDULED
2026-09-18T00:10:58.576141+00:00,1287941,088,1407,12,0,1789690836,,,SCHEDULED
2026-09-18T00:10:58.576141+00:00,1287941,088,1408,13,0,1789690889,,,SCHEDULED
2026-09-18T00:10:58.576141+00:00,1287941,088,1409,14,0,1789690959,,,SCHEDULED
2026-09-18T00:10:58.576141+00:00,1287941,088,1410,15,0,1789691029,,,SCHEDULED
2026-09-18T00:10:58.576141+00:00,1287941,088,1411,16,0,1789691082,,,SCHEDULED
2026-09-18T00:10:58.576141+00:00,1287941,088,1412,17,0,1789691126,,,SCHEDULED
2026-09-18T00:10:58.576141+00:00,1287941,088,1413,18,0,1789691161,,,SCHEDULED
2026-09-18T00:10:58.576141+00:00,1287941,088,1414,19,0,1789691322,,,SCHEDULED
2026-09-18T00:10:58.576141+00:00,1287941,088,1415,20,0,1789691382,,,SCHEDULED
2026-09-18T00:10:58.576141+00:00,1287941,088,1416,21,0,1789691435,,,SCHEDULED
2026-09-18T00:10:58.576141+00:00,1287941,088,1417,22,0,1789691467,,,SCHEDULED
2026-09-18T00:10:58.576141+00:00,1287941,088,413,23,0,1789691932,,,SCHEDULED
2026-09-18T00:10:58.576141+00:00,1287941,088,414,24,0,1789691957,,,SCHEDULED
2026-09-18T00:10:58.576141+00:00,1287941,088,415,25,0,1789691982,,,SCHEDULED
2026-09-18T00:10:58.576141+00:00,1284277,010,11159,1,,,0,1789690800,SCHEDULED
2026-09-18T00:10:58.576141+00:00,1284277,010,1817,2,0,1789690821,,,SCHEDULED
2026-09-18T00:10:58.576141+00:00,1284277,010,11028,3,0,1789690920,,,SCHEDULED
2026-09-18T00:10:58.576141+00:00,1284277,010,11204,4,0,1789690955,,,SCHEDULED
2026-09-18T00:10:58.576141+00:00,1284277,010,11205,5,0,1789690998,,,SCHEDULED
2026-09-18T00:10:58.576141+00:00,1284277,010,11102,6,0,1789691029,,,SCHEDULED
2026-09-18T00:10:58.576141+00:00,1284277,010,11071,7,0,1789691045,,,SCHEDULED
2026-09-18T00:10:58.576141+00:00,1284277,010,11050,8,0,1789691100,,,SCHEDULED
2026-09-18T00:10:58.576141+00:00,1284277,010,11039,9,0,1789691220,,,SCHEDULED
2026-09-18T00:10:58.576141+00:00,1284277,010,11040,10,0,1789691246,,,SCHEDULED
2026-09-18T00:10:58.576141+00:00,1284277,010,11135,11,0,1789691334,,,SCHEDULED
2026-09-18T00:10:58.576141+00:00,1284277,010,11104,12,0,1789691380,,,SCHEDULED
2026-09-18T00:10:58.576141+00:00,1284277,010,11108,13,0,1789691437,,,SCHEDULED
2026-09-18T00:10:58.576141+00:00,1284277,010,11127,14,0,1789691522,,,SCHEDULED
2026-09-18T00:10:58.576141+00:00,1284277,010,11002,15,0,1789691678,,,SCHEDULED
2026-09-18T00:10:58.576141+00:00,1284277,010,11157,16,0,1789691759,,,SCHEDULED
2026-09-18T00:10:58.576141+00:00,1284277,010,11033,17,0,1789691880,,,SCHEDULED
2026-09-18T00:10:58.576141+00:00,1287666,086,241,1,,,0,1789691820,SCHEDULED
2026-09-18T00:10:58.576141+00:00,1287666,086,558,2,0,1789691936,,,SCHEDULED
2026-09-18T00:10:58.576141+00:00,1287820,087,241,1,,,0,1789690606,SCHEDULED
2026-09-18T00:10:58.576141+00:00,1287820,087,1255,2,0,1789690804,,,SCHEDULED
2026-09-18T00:10:58.576141+00:00,1287820,087,1263,3,0,1789690877,,,SCHEDULED
2026-09-18T00:10:58.576141+00:00,1287820,087,3179,4,0,1789690905,,,SCHEDULED
2026-09-18T00:10:58.576141+00:00,1287820,087,3180,5,0,1789690992,,,SCHEDULED
2026-09-18T00:10:58.576141+00:00,1287820,087,3181,6,0,1789691051,,,SCHEDULED
2026-09-18T00:10:58.576141+00:00,1287820,087,3182,7,0,1789691092,,,SCHEDULED
2026-09-18T00:10:58.576141+00:00,1287820,087,3183,8,0,1789691190,,,SCHEDULED
2026-09-18T00:10:58.576141+00:00,1287820,087,3184,9,0,1789691249,,,SCHEDULED
2026-09-18T00:10:58.576141+00:00,1287820,087,3185,10,0,1789691326,,,SCHEDULED
2026-09-18T00:10:58.576141+00:00,1287820,087,3187,11,0,1789691403,,,SCHEDULED
2026-09-18T00:10:58.576141+00:00,1287820,087,3188,12,0,1789691456,,,SCHEDULED
2026-09-18T00:10:58.576141+00:00,1287820,087,3189,13,0,1789691506,,,SCHEDULED
2026-09-18T00:10:58.576141+00:00,1287820,087,3190,14,0,1789691590,,,SCHEDULED
2026-09-18T00:10:58.576141+00:00,1287820,087,3191,15,0,1789691650,,,SCHEDULED
2026-09-18T00:10:58.576141+00:00,1287820,087,3192,16,0,1789691704,,,SCHEDULED
2026-09-18T00:10:58.576141+00:00,1287820,087,3193,17,0,1789691801,,,SCHEDULED
2026-09-18T00:10:58.576141+00:00,1287820,087,275,18,0,1789692046,,,SCHEDULED
2026-09-18T00:10:58.576141+00:00,1284673,013,8912,7,0,1789690704,,,SCHEDULED
2026-09-18T00:10:58.576141+00:00,1284673,013,8913,8,0,1789690740,,,SCHEDULED
2026-09-18T00:10:58.576141+00:00,1284673,013,3158,9,0,1789690920,,,SCHEDULED
2026-09-18T00:10:58.576141+00:00,1284673,013,3159,10,0,1789690988,,,SCHEDULED
2026-09-18T00:10:58.576141+00:00,1284673,013,3160,11,0,1789691027,,,SCHEDULED
2026-09-18T00:10:58.576141+00:00,1284673,013,3161,12,0,1789691076,,,SCHEDULED
2026-09-18T00:10:58.576141+00:00,1284673,013,3163,13,0,1789691176,,,SCHEDULED
2026-09-18T00:10:58.576141+00:00,1284673,013,3164,14,0,1789691220,,,SCHEDULED
2026-09-18T00:10:58.576141+00:00,1284673,013,4703,15,0,1789691256,,,SCHEDULED
2026-09-18T00:10:58.576141+00:00,1284673,013,4704,16,0,1789691341,,,SCHEDULED
2026-09-18T00:10:58.576141+00:00,1284673,013,4705,17,0,1789691394,,,SCHEDULED
2026-09-18T00:10:58.576141+00:00,1284673,013,4706,18,0,1789691454,,,SCHEDULED
2026-09-18T00:10:58.576141+00:00,1284673,013,4707,19,0,1789691538,,,SCHEDULED
2026-09-18T00:10:58.576141+00:00,1284673,013,4751,20,0,1789691581,,,SCHEDULED
2026-09-18T00:10:58.576141+00:00,1284673,013,5271,21,0,1789691795,,,SCHEDULED
2026-09-18T00:10:58.576141+00:00,1284673,013,9807,22,0,1789691880,,,SCHEDULED
2026-09-18T00:10:58.576141+00:00,1284673,013,1096,23,0,1789691975,,,SCHEDULED
2026-09-18T00:10:58.576141+00:00,1287700,086,3150,13,0,1789690313,,,SCHEDULED
2026-09-18T00:10:58.576141+00:00,1287700,086,3151,14,0,1789690365,,,SCHEDULED
2026-09-18T00:10:58.576141+00:00,1287700,086,3152,15,0,1789690409,,,SCHEDULED
2026-09-18T00:10:58.576141+00:00,1287700,086,3153,16,0,1789690446,,,SCHEDULED
2026-09-18T00:10:58.576141+00:00,1287700,086,3154,17,0,1789690486,,,SCHEDULED
2026-09-18T00:10:58.576141+00:00,1287700,086,3155,18,0,1789690527,,,SCHEDULED
2026-09-18T00:10:58.576141+00:00,1287700,086,3156,19,0,1789690567,,,SCHEDULED
2026-09-18T00:10:58.576141+00:00,1287700,086,3157,20,0,1789690615,,,SCHEDULED
2026-09-18T00:10:58.576141+00:00,1287700,086,3158,21,0,1789690668,,,SCHEDULED
2026-09-18T00:10:58.576141+00:00,1287700,086,3159,22,0,1789690738,,,SCHEDULED
2026-09-18T00:10:58.576141+00:00,1287700,086,3160,23,0,1789690779,,,SCHEDULED
2026-09-18T00:10:58.576141+00:00,1287700,086,3161,24,0,1789690829,,,SCHEDULED
2026-09-18T00:10:58.576141+00:00,1287700,086,3163,25,0,1789690933,,,SCHEDULED
2026-09-18T00:10:58.576141+00:00,1287700,086,3164,26,0,1789690979,,,SCHEDULED
2026-09-18T00:10:58.576141+00:00,1287700,086,699,27,0,1789691014,,,SCHEDULED
2026-09-18T00:10:58.576141+00:00,1287700,086,703,28,0,1789691176,,,SCHEDULED
2026-09-18T00:10:58.576141+00:00,1287700,086,700,29,0,1789691214,,,SCHEDULED
2026-09-18T00:10:58.576141+00:00,1287700,086,706,30,0,1789691254,,,SCHEDULED
2026-09-18T00:10:58.576141+00:00,1287700,086,707,31,0,1789691297,,,SCHEDULED
2026-09-18T00:10:58.576141+00:00,1287700,086,708,32,0,1789691328,,,SCHEDULED
2026-09-18T00:10:58.576141+00:00,1287700,086,834,33,0,1789691392,,,SCHEDULED
2026-09-18T00:10:58.576141+00:00,1287700,086,835,34,0,1789691480,,,SCHEDULED
2026-09-18T00:10:58.576141+00:00,1287700,086,836,35,0,1789691504,,,SCHEDULED
2026-09-18T00:10:58.576141+00:00,1287700,086,838,36,0,1789691550,,,SCHEDULED
2026-09-18T00:10:58.576141+00:00,1287700,086,839,37,0,1789691593,,,SCHEDULED
2026-09-18T00:10:58.576141+00:00,1287700,086,840,38,0,1789691652,,,SCHEDULED
2026-09-18T00:10:58.576141+00:00,1287700,086,581,39,0,1789691700,,,SCHEDULED
2026-09-18T00:10:58.576141+00:00,1287700,086,582,40,0,1789691738,,,SCHEDULED
2026-09-18T00:10:58.576141+00:00,1287700,086,583,41,0,1789691786,,,SCHEDULED
2026-09-18T00:10:58.576141+00:00,1287700,086,584,42,0,1789691823,,,SCHEDULED
2026-09-18T00:10:58.576141+00:00,1287700,086,585,43,0,1789691890,,,SCHEDULED
2026-09-18T00:10:58.576141+00:00,1287700,086,586,44,0,1789691965,,,SCHEDULED
2026-09-18T00:10:58.576141+00:00,1287821,087,276,19,0,1789690480,,,SCHEDULED
2026-09-18T00:10:58.576141+00:00,1287546,084,3064,19,0,1789690268,,,SCHEDULED
2026-09-18T00:10:58.576141+00:00,1287546,084,3065,20,0,1789690310,,,SCHEDULED
2026-09-18T00:10:58.576141+00:00,1287546,084,3066,21,0,1789690356,,,SCHEDULED
2026-09-18T00:10:58.576141+00:00,1287546,084,3067,22,0,1789690416,,,SCHEDULED
2026-09-18T00:10:58.576141+00:00,1287546,084,3068,23,0,1789690475,,,SCHEDULED
2026-09-18T00:10:58.576141+00:00,1287546,084,3069,24,0,1789690546,,,SCHEDULED
2026-09-18T00:10:58.576141+00:00,1287546,084,3049,25,0,1789690658,,,SCHEDULED
2026-09-18T00:10:58.576141+00:00,1287546,084,3070,26,0,1789690714,,,SCHEDULED
2026-09-18T00:10:58.576141+00:00,1287546,084,3071,27,0,1789690770,,,SCHEDULED
2026-09-18T00:10:58.576141+00:00,1287546,084,3072,28,0,1789690816,,,SCHEDULED
2026-09-18T00:10:58.576141+00:00,1287546,084,9801,29,0,1789690922,,,SCHEDULED
2026-09-18T00:10:58.576141+00:00,1287546,084,3073,30,0,1789690982,,,SCHEDULED
2026-09-18T00:10:58.576141+00:00,1287546,084,3074,31,0,1789691102,,,SCHEDULED
2026-09-18T00:10:58.576141+00:00,1287546,084,3075,32,0,1789691155,,,SCHEDULED
2026-09-18T00:10:58.576141+00:00,1287546,084,3076,33,0,1789691287,,,SCHEDULED
2026-09-18T00:10:58.576141+00:00,1287546,084,3077,34,0,1789691343,,,SCHEDULED
2026-09-18T00:10:58.576141+00:00,1287546,084,3078,35,0,1789691505,,,SCHEDULED
2026-09-18T00:10:58.576141+00:00,1287546,084,3079,36,0,1789691580,,,SCHEDULED
2026-09-18T00:10:58.576141+00:00,1287546,084,3080,37,0,1789691659,,,SCHEDULED
2026-09-18T00:10:58.576141+00:00,1287546,084,1074,38,0,1789691757,,,SCHEDULED
2026-09-18T00:10:58.576141+00:00,1287546,084,1075,39,0,1789691825,,,SCHEDULED
2026-09-18T00:10:58.576141+00:00,1287546,084,1076,40,0,1789691866,,,SCHEDULED
2026-09-18T00:10:58.576141+00:00,1287546,084,1077,41,0,1789691922,,,SCHEDULED
2026-09-18T00:10:58.576141+00:00,1287546,084,1646,42,0,1789692002,,,SCHEDULED
2026-09-18T00:10:58.576141+00:00,1286179,056,906,1,,,0,1789691040,SCHEDULED
2026-09-18T00:10:58.576141+00:00,1286179,056,286,2,0,1789691257,,,SCHEDULED
2026-09-18T00:10:58.576141+00:00,1286179,056,4439,3,0,1789691318,,,SCHEDULED
2026-09-18T00:10:58.576141+00:00,1286179,056,4440,4,0,1789691409,,,SCHEDULED
2026-09-18T00:10:58.576141+00:00,1286179,056,4441,5,0,1789691454,,,SCHEDULED
2026-09-18T00:10:58.576141+00:00,1286179,056,4015,6,0,1789691530,,,SCHEDULED
2026-09-18T00:10:58.576141+00:00,1286179,056,4016,7,0,1789691578,,,SCHEDULED
2026-09-18T00:10:58.576141+00:00,1286179,056,4017,8,0,1789691627,,,SCHEDULED
2026-09-18T00:10:58.576141+00:00,1286179,056,3914,9,0,1789691700,,,SCHEDULED
2026-09-18T00:10:58.576141+00:00,1286179,056,3220,10,0,1789691756,,,SCHEDULED
2026-09-18T00:10:58.576141+00:00,1286179,056,3222,11,0,1789691877,,,SCHEDULED
2026-09-18T00:10:58.576141+00:00,1286179,056,3223,12,0,1789691931,,,SCHEDULED
2026-09-18T00:10:58.576141+00:00,1286212,056,3939,32,0,1789690341,,,SCHEDULED
2026-09-18T00:10:58.576141+00:00,1286212,056,5107,33,0,1789690381,,,SCHEDULED
2026-09-18T00:10:58.576141+00:00,1286212,056,4020,34,0,1789690421,,,SCHEDULED
2026-09-18T00:10:58.576141+00:00,1286212,056,4021,35,0,1789690467,,,SCHEDULED
2026-09-18T00:10:58.576141+00:00,1286212,056,4022,36,0,1789690518,,,SCHEDULED
2026-09-18T00:10:58.576141+00:00,1286212,056,242,37,0,1789690607,,,SCHEDULED
2026-09-18T00:10:58.576141+00:00,1286212,056,243,38,0,1789690656,,,SCHEDULED
2026-09-18T00:10:58.576141+00:00,1286212,056,244,39,0,1789690696,,,SCHEDULED
2026-09-18T00:10:58.576141+00:00,1286212,056,1038,40,0,1789690768,,,SCHEDULED
2026-09-18T00:10:58.576141+00:00,1286212,056,4019,41,0,1789690814,,,SCHEDULED
2026-09-18T00:10:58.576141+00:00,1286455,062,2237,40,0,1789690267,,,SCHEDULED
2026-09-18T00:10:58.576141+00:00,1286455,062,2238,41,0,1789690296,,,SCHEDULED
2026-09-18T00:10:58.576141+00:00,1286455,062,2239,42,0,1789690341,,,SCHEDULED
2026-09-18T00:10:58.576141+00:00,1286455,062,2240,43,0,1789690386,,,SCHEDULED
2026-09-18T00:10:58.576141+00:00,1286455,062,2241,44,0,1789690454,,,SCHEDULED
2026-09-18T00:10:58.576141+00:00,1286455,062,2242,45,0,1789690500,,,SCHEDULED
2026-09-18T00:10:58.576141+00:00,1286455,062,2243,46,0,1789690536,,,SCHEDULED
2026-09-18T00:10:58.576141+00:00,1286455,062,2244,47,0,1789690594,,,SCHEDULED
2026-09-18T00:10:58.576141+00:00,1286455,062,2245,48,0,1789690630,,,SCHEDULED
2026-09-18T00:10:58.576141+00:00,1286455,062,2246,49,0,1789690680,,,SCHEDULED
2026-09-18T00:10:58.576141+00:00,1286455,062,5365,50,0,1789690703,,,SCHEDULED
2026-09-18T00:10:58.576141+00:00,1286455,062,2248,51,0,1789690743,,,SCHEDULED
2026-09-18T00:10:58.576141+00:00,1286455,062,2250,52,0,1789690851,,,SCHEDULED
2026-09-18T00:10:58.576141+00:00,1286455,062,2251,53,0,1789690905,,,SCHEDULED
2026-09-18T00:10:58.576141+00:00,1286455,062,2252,54,0,1789690932,,,SCHEDULED
2026-09-18T00:10:58.576141+00:00,1286455,062,2254,55,0,1789691040,,,SCHEDULED
2026-09-18T00:10:58.576141+00:00,1286455,062,519,56,0,1789691072,,,SCHEDULED
2026-09-18T00:10:58.576141+00:00,1286455,062,521,57,0,1789691124,,,SCHEDULED
2026-09-18T00:10:58.576141+00:00,1286455,062,522,58,0,1789691196,,,SCHEDULED
2026-09-18T00:10:58.576141+00:00,1286455,062,525,59,0,1789691300,,,SCHEDULED
2026-09-18T00:10:58.576141+00:00,1286455,062,526,60,0,1789691428,,,SCHEDULED
2026-09-18T00:10:58.576141+00:00,1286455,062,527,61,0,1789691460,,,SCHEDULED
2026-09-18T00:10:58.576141+00:00,1286455,062,528,62,0,1789691492,,,SCHEDULED
2026-09-18T00:10:58.576141+00:00,1286455,062,5252,63,0,1789691620,,,SCHEDULED
2026-09-18T00:10:58.576141+00:00,1286455,062,531,64,0,1789691652,,,SCHEDULED
2026-09-18T00:10:58.576141+00:00,1286455,062,116,65,0,1789691704,,,SCHEDULED
2026-09-18T00:10:58.576141+00:00,1285763,033,5260,3,0,1789690281,,,SCHEDULED
2026-09-18T00:10:58.576141+00:00,1285763,033,5257,4,0,1789690314,,,SCHEDULED
2026-09-18T00:10:58.576141+00:00,1285763,033,5261,5,0,1789690352,,,SCHEDULED
2026-09-18T00:10:58.576141+00:00,1286213,056,4140,1,,,0,1789690694,SCHEDULED
2026-09-18T00:10:58.576141+00:00,1286213,056,4141,2,0,1789690765,,,SCHEDULED
2026-09-18T00:10:58.576141+00:00,1286213,056,4142,3,0,1789690812,,,SCHEDULED
2026-09-18T00:10:58.576141+00:00,1286213,056,4143,4,0,1789690899,,,SCHEDULED
2026-09-18T00:10:58.576141+00:00,1286213,056,5251,5,0,1789690978,,,SCHEDULED
2026-09-18T00:10:58.576141+00:00,1286213,056,4144,6,0,1789691015,,,SCHEDULED
2026-09-18T00:10:58.576141+00:00,1286213,056,4145,7,0,1789691037,,,SCHEDULED
2026-09-18T00:10:58.576141+00:00,1286213,056,4146,8,0,1789691074,,,SCHEDULED
2026-09-18T00:10:58.576141+00:00,1286213,056,478,9,0,1789691124,,,SCHEDULED
2026-09-18T00:10:58.576141+00:00,1286213,056,172,10,0,1789691185,,,SCHEDULED
2026-09-18T00:10:58.576141+00:00,1286213,056,480,11,0,1789691282,,,SCHEDULED
2026-09-18T00:10:58.576141+00:00,1286213,056,1733,12,0,1789691321,,,SCHEDULED
2026-09-18T00:10:58.576141+00:00,1286213,056,481,13,0,1789691381,,,SCHEDULED
2026-09-18T00:10:58.576141+00:00,1286213,056,482,14,0,1789691420,,,SCHEDULED
2026-09-18T00:10:58.576141+00:00,1286213,056,483,15,0,1789691457,,,SCHEDULED
2026-09-18T00:10:58.576141+00:00,1286213,056,484,16,0,1789691487,,,SCHEDULED
2026-09-18T00:10:58.576141+00:00,1286213,056,485,17,0,1789691541,,,SCHEDULED
2026-09-18T00:10:58.576141+00:00,1286213,056,486,18,0,1789691610,,,SCHEDULED
2026-09-18T00:10:58.576141+00:00,1286213,056,487,19,0,1789691670,,,SCHEDULED
2026-09-18T00:10:58.576141+00:00,1286213,056,488,20,0,1789691699,,,SCHEDULED
2026-09-18T00:10:58.576141+00:00,1286213,056,5200,21,0,1789691774,,,SCHEDULED
2026-09-18T00:10:58.576141+00:00,1286213,056,489,22,0,1789691858,,,SCHEDULED
2026-09-18T00:10:58.576141+00:00,1286213,056,490,23,0,1789691900,,,SCHEDULED
2026-09-18T00:10:58.576141+00:00,1286213,056,491,24,0,1789691978,,,SCHEDULED
2026-09-18T00:10:58.576141+00:00,1286213,056,492,25,0,1789692017,,,SCHEDULED
2026-09-18T00:10:58.576141+00:00,1286213,056,493,26,0,1789692054,,,SCHEDULED
2026-09-18T00:10:58.576141+00:00,1284674,013,1100,26,0,1789690374,,,SCHEDULED
2026-09-18T00:10:58.576141+00:00,1284674,013,1101,27,0,1789690471,,,SCHEDULED
2026-09-18T00:10:58.576141+00:00,1284674,013,1102,28,0,1789690554,,,SCHEDULED
2026-09-18T00:10:58.576141+00:00,1284674,013,1103,29,0,1789690646,,,SCHEDULED
2026-09-18T00:10:58.576141+00:00,1284674,013,1104,30,0,1789690734,,,SCHEDULED
2026-09-18T00:10:58.576141+00:00,1284674,013,1105,31,0,1789690831,,,SCHEDULED
2026-09-18T00:10:58.576141+00:00,1284674,013,1106,32,0,1789690925,,,SCHEDULED
2026-09-18T00:10:58.576141+00:00,1284674,013,1674,33,0,1789690966,,,SCHEDULED
2026-09-18T00:10:58.576141+00:00,1284674,013,1675,34,0,1789691013,,,SCHEDULED
2026-09-18T00:10:58.576141+00:00,1284674,013,1677,35,0,1789691071,,,SCHEDULED
2026-09-18T00:10:58.576141+00:00,1284674,013,1127,36,0,1789691107,,,SCHEDULED
2026-09-18T00:10:58.576141+00:00,1284674,013,1128,37,0,1789691152,,,SCHEDULED
2026-09-18T00:10:58.576141+00:00,1284674,013,1129,38,0,1789691229,,,SCHEDULED
2026-09-18T00:10:58.576141+00:00,1284674,013,1130,39,0,1789691288,,,SCHEDULED
2026-09-18T00:10:58.576141+00:00,1284674,013,1131,40,0,1789691355,,,SCHEDULED
2026-09-18T00:10:58.576141+00:00,1284674,013,3089,41,0,1789691421,,,SCHEDULED
2026-09-18T00:10:58.576141+00:00,1284674,013,1464,42,0,1789691499,,,SCHEDULED
2026-09-18T00:10:58.576141+00:00,1287789,087,291,1,,,0,1789691280,SCHEDULED
2026-09-18T00:10:58.576141+00:00,1287789,087,274,2,0,1789691567,,,SCHEDULED
2026-09-18T00:10:58.576141+00:00,1287789,087,275,3,0,1789691940,,,SCHEDULED
2026-09-18T00:10:58.576141+00:00,1287701,086,528,7,0,1789690266,,,SCHEDULED
2026-09-18T00:10:58.576141+00:00,1287701,086,5252,8,0,1789690336,,,SCHEDULED
2026-09-18T00:10:58.576141+00:00,1287701,086,531,9,0,1789690354,,,SCHEDULED
2026-09-18T00:10:58.576141+00:00,1287701,086,3146,10,0,1789690951,,,SCHEDULED
2026-09-18T00:10:58.576141+00:00,1287701,086,3148,11,0,1789691021,,,SCHEDULED
2026-09-18T00:10:58.576141+00:00,1287701,086,3149,12,0,1789691096,,,SCHEDULED
2026-09-18T00:10:58.576141+00:00,1287701,086,3150,13,0,1789691155,,,SCHEDULED
2026-09-18T00:10:58.576141+00:00,1287701,086,3151,14,0,1789691207,,,SCHEDULED
2026-09-18T00:10:58.576141+00:00,1287701,086,3152,15,0,1789691251,,,SCHEDULED
2026-09-18T00:10:58.576141+00:00,1287701,086,3153,16,0,1789691288,,,SCHEDULED
2026-09-18T00:10:58.576141+00:00,1287701,086,3154,17,0,1789691328,,,SCHEDULED
2026-09-18T00:10:58.576141+00:00,1287701,086,3155,18,0,1789691369,,,SCHEDULED
2026-09-18T00:10:58.576141+00:00,1287701,086,3156,19,0,1789691409,,,SCHEDULED
2026-09-18T00:10:58.576141+00:00,1287701,086,3157,20,0,1789691457,,,SCHEDULED
2026-09-18T00:10:58.576141+00:00,1287701,086,3158,21,0,1789691510,,,SCHEDULED
2026-09-18T00:10:58.576141+00:00,1287701,086,3159,22,0,1789691580,,,SCHEDULED
2026-09-18T00:10:58.576141+00:00,1287701,086,3160,23,0,1789691621,,,SCHEDULED
2026-09-18T00:10:58.576141+00:00,1287701,086,3161,24,0,1789691671,,,SCHEDULED
2026-09-18T00:10:58.576141+00:00,1287701,086,3163,25,0,1789691775,,,SCHEDULED
2026-09-18T00:10:58.576141+00:00,1287701,086,3164,26,0,1789691821,,,SCHEDULED
2026-09-18T00:10:58.576141+00:00,1287701,086,699,27,0,1789691856,,,SCHEDULED
2026-09-18T00:10:58.576141+00:00,1287701,086,703,28,0,1789692018,,,SCHEDULED
2026-09-18T00:10:58.576141+00:00,1287547,084,1648,43,0,1789690289,,,SCHEDULED
2026-09-18T00:10:58.576141+00:00,1287547,084,1107,44,0,1789690352,,,SCHEDULED
2026-09-18T00:10:58.576141+00:00,1287547,084,1108,45,0,1789690409,,,SCHEDULED
2026-09-18T00:10:58.576141+00:00,1287547,084,3081,46,0,1789690465,,,SCHEDULED
2026-09-18T00:10:58.576141+00:00,1287547,084,3082,47,0,1789690500,,,SCHEDULED
2026-09-18T00:10:58.576141+00:00,1287547,084,3083,48,0,1789690540,,,SCHEDULED
2026-09-18T00:10:58.576141+00:00,1287547,084,3084,49,0,1789690591,,,SCHEDULED
2026-09-18T00:10:58.576141+00:00,1287547,084,3085,50,0,1789690647,,,SCHEDULED
2026-09-18T00:10:58.576141+00:00,1287547,084,3086,51,0,1789690722,,,SCHEDULED
2026-09-18T00:10:58.576141+00:00,1287547,084,3087,52,0,1789690829,,,SCHEDULED
2026-09-18T00:10:58.576141+00:00,1287547,084,3000,53,0,1789691121,,,SCHEDULED
2026-09-18T00:10:58.576141+00:00,1287547,084,3001,54,0,1789691176,,,SCHEDULED
2026-09-18T00:10:58.576141+00:00,1287547,084,3002,55,0,1789691234,,,SCHEDULED
2026-09-18T00:10:58.576141+00:00,1287547,084,3003,56,0,1789691277,,,SCHEDULED
2026-09-18T00:10:58.576141+00:00,1287547,084,3004,57,0,1789691329,,,SCHEDULED
2026-09-18T00:10:58.576141+00:00,1287547,084,3005,58,0,1789691387,,,SCHEDULED
2026-09-18T00:10:58.576141+00:00,1287547,084,3006,59,0,1789691439,,,SCHEDULED
2026-09-18T00:10:58.576141+00:00,1287547,084,3007,60,0,1789691462,,,SCHEDULED
2026-09-18T00:10:58.576141+00:00,1287547,084,2749,61,0,1789691481,,,SCHEDULED
2026-09-18T00:10:58.576141+00:00,1287547,084,2750,62,0,1789691553,,,SCHEDULED
2026-09-18T00:10:58.576141+00:00,1287547,084,2751,63,0,1789691637,,,SCHEDULED
2026-09-18T00:10:58.576141+00:00,1287547,084,2752,64,0,1789691702,,,SCHEDULED
2026-09-18T00:10:58.576141+00:00,1287702,086,418,1,,,0,1789691160,SCHEDULED
2026-09-18T00:10:58.576141+00:00,1287702,086,4763,2,0,1789691203,,,SCHEDULED
2026-09-18T00:10:58.576141+00:00,1287702,086,113,3,0,1789691232,,,SCHEDULED
2026-09-18T00:10:58.576141+00:00,1287702,086,525,4,0,1789691269,,,SCHEDULED
2026-09-18T00:10:58.576141+00:00,1287702,086,526,5,0,1789691321,,,SCHEDULED
2026-09-18T00:10:58.576141+00:00,1287702,086,527,6,0,1789691339,,,SCHEDULED
2026-09-18T00:10:58.576141+00:00,1287702,086,528,7,0,1789691356,,,SCHEDULED
2026-09-18T00:10:58.576141+00:00,1287702,086,5252,8,0,1789691426,,,SCHEDULED
2026-09-18T00:10:58.576141+00:00,1287702,086,531,9,0,1789691444,,,SCHEDULED
2026-09-18T00:10:58.576141+00:00,1286859,072,3869,28,0,1789690197,,,SCHEDULED
2026-09-18T00:10:58.576141+00:00,1286859,072,3870,29,0,1789690198,,,SCHEDULED
2026-09-18T00:10:58.576141+00:00,1286859,072,3871,30,0,1789690287,,,SCHEDULED
2026-09-18T00:10:58.576141+00:00,1286859,072,3872,31,0,1789690341,,,SCHEDULED
2026-09-18T00:10:58.576141+00:00,1288190,106,221,2,0,1789690376,,,SCHEDULED
2026-09-18T00:10:58.576141+00:00,1288190,106,222,3,0,1789690394,,,SCHEDULED
2026-09-18T00:10:58.576141+00:00,1288190,106,223,4,0,1789690417,,,SCHEDULED
2026-09-18T00:10:58.576141+00:00,1288190,106,225,5,0,1789690469,,,SCHEDULED
2026-09-18T00:10:58.576141+00:00,1288190,106,226,6,0,1789690589,,,SCHEDULED
2026-09-18T00:10:58.576141+00:00,1288190,106,108,7,0,1789690646,,,SCHEDULED
2026-09-18T00:10:58.576141+00:00,1288190,106,109,8,0,1789690696,,,SCHEDULED
2026-09-18T00:10:58.576141+00:00,1288190,106,110,9,0,1789690716,,,SCHEDULED
2026-09-18T00:10:58.576141+00:00,1288190,106,111,10,0,1789690741,,,SCHEDULED
2026-09-18T00:10:58.576141+00:00,1288190,106,112,11,0,1789690795,,,SCHEDULED
2026-09-18T00:10:58.576141+00:00,1288190,106,973,12,0,1789690939,,,SCHEDULED
2026-09-18T00:10:58.576141+00:00,1288190,106,974,13,0,1789690968,,,SCHEDULED
2026-09-18T00:10:58.576141+00:00,1288190,106,975,14,0,1789691021,,,SCHEDULED
2026-09-18T00:10:58.576141+00:00,1288190,106,976,15,0,1789691129,,,SCHEDULED
2026-09-18T00:10:58.576141+00:00,1288190,106,977,16,0,1789691158,,,SCHEDULED
2026-09-18T00:10:58.576141+00:00,1288190,106,978,17,0,1789691177,,,SCHEDULED
2026-09-18T00:10:58.576141+00:00,1288190,106,979,18,0,1789691198,,,SCHEDULED
2026-09-18T00:10:58.576141+00:00,1288190,106,980,19,0,1789691221,,,SCHEDULED
2026-09-18T00:10:58.576141+00:00,1288190,106,981,20,0,1789691249,,,SCHEDULED
2026-09-18T00:10:58.576141+00:00,1288190,106,983,21,0,1789691297,,,SCHEDULED
2026-09-18T00:10:58.576141+00:00,1288190,106,984,22,0,1789691320,,,SCHEDULED
2026-09-18T00:10:58.576141+00:00,1288190,106,985,23,0,1789691337,,,SCHEDULED
2026-09-18T00:10:58.576141+00:00,1288190,106,986,24,0,1789691369,,,SCHEDULED
2026-09-18T00:10:58.576141+00:00,1288190,106,987,25,0,1789691433,,,SCHEDULED
2026-09-18T00:10:58.576141+00:00,1288190,106,988,26,0,1789691450,,,SCHEDULED
2026-09-18T00:10:58.576141+00:00,1288190,106,989,27,0,1789691470,,,SCHEDULED
2026-09-18T00:10:58.576141+00:00,1288190,106,990,28,0,1789691503,,,SCHEDULED
2026-09-18T00:10:58.576141+00:00,1288190,106,992,29,0,1789691546,,,SCHEDULED
2026-09-18T00:10:58.576141+00:00,1288190,106,993,30,0,1789691573,,,SCHEDULED
2026-09-18T00:10:58.576141+00:00,1288190,106,994,31,0,1789691606,,,SCHEDULED
2026-09-18T00:10:58.576141+00:00,1288190,106,995,32,0,1789691653,,,SCHEDULED
2026-09-18T00:10:58.576141+00:00,1288190,106,997,33,0,1789691682,,,SCHEDULED
2026-09-18T00:10:58.576141+00:00,1288190,106,998,34,0,1789691729,,,SCHEDULED
2026-09-18T00:10:58.576141+00:00,1288190,106,999,35,0,1789691766,,,SCHEDULED
2026-09-18T00:10:58.576141+00:00,1288190,106,1000,36,0,1789691799,,,SCHEDULED
2026-09-18T00:10:58.576141+00:00,1288190,106,1001,37,0,1789691828,,,SCHEDULED
2026-09-18T00:10:58.576141+00:00,1288190,106,1002,38,0,1789691868,,,SCHEDULED
2026-09-18T00:10:58.576141+00:00,1288190,106,1003,39,0,1789691897,,,SCHEDULED
2026-09-18T00:10:58.576141+00:00,1288190,106,2357,40,0,1789691945,,,SCHEDULED
2026-09-18T00:10:58.576141+00:00,1288190,106,1005,41,0,1789691970,,,SCHEDULED
2026-09-18T00:10:58.576141+00:00,1288190,106,1006,42,0,1789691994,,,SCHEDULED
2026-09-18T00:10:58.576141+00:00,1288190,106,1007,43,0,1789692018,,,SCHEDULED
2026-09-18T00:10:58.576141+00:00,1288190,106,450,44,0,1789692047,,,SCHEDULED
2026-09-18T00:10:58.576141+00:00,1284392,011,2276,5,0,1789690296,,,SCHEDULED
2026-09-18T00:10:58.576141+00:00,1284392,011,8303,6,0,1789690343,,,SCHEDULED
2026-09-18T00:10:58.576141+00:00,1284392,011,8302,7,0,1789690389,,,SCHEDULED
2026-09-18T00:10:58.576141+00:00,1284392,011,1046,8,0,1789690495,,,SCHEDULED
2026-09-18T00:10:58.576141+00:00,1284392,011,1047,9,0,1789690571,,,SCHEDULED
2026-09-18T00:10:58.576141+00:00,1284392,011,1049,10,0,1789690616,,,SCHEDULED
2026-09-18T00:10:58.576141+00:00,1284392,011,1050,11,0,1789690651,,,SCHEDULED
2026-09-18T00:10:58.576141+00:00,1284392,011,1051,12,0,1789690685,,,SCHEDULED
2026-09-18T00:10:58.576141+00:00,1284392,011,215,13,0,1789690859,,,SCHEDULED
2026-09-18T00:10:58.576141+00:00,1284392,011,216,14,0,1789690888,,,SCHEDULED
2026-09-18T00:10:58.576141+00:00,1284392,011,217,15,0,1789690911,,,SCHEDULED
2026-09-18T00:10:58.576141+00:00,1284392,011,218,16,0,1789690936,,,SCHEDULED
2026-09-18T00:10:58.576141+00:00,1284392,011,219,17,0,1789690956,,,SCHEDULED
2026-09-18T00:10:58.576141+00:00,1284392,011,1926,18,0,1789690991,,,SCHEDULED
2026-09-18T00:10:58.576141+00:00,1284392,011,1940,19,0,1789691021,,,SCHEDULED
2026-09-18T00:10:58.576141+00:00,1284392,011,1770,20,0,1789691071,,,SCHEDULED
2026-09-18T00:10:58.576141+00:00,1284392,011,1771,21,0,1789691102,,,SCHEDULED
2026-09-18T00:10:58.576141+00:00,1284392,011,1772,22,0,1789691148,,,SCHEDULED
2026-09-18T00:10:58.576141+00:00,1284392,011,1773,23,0,1789691209,,,SCHEDULED
2026-09-18T00:10:58.576141+00:00,1284392,011,1774,24,0,1789691274,,,SCHEDULED
2026-09-18T00:10:58.576141+00:00,1284392,011,1775,25,0,1789691316,,,SCHEDULED
2026-09-18T00:10:58.576141+00:00,1284392,011,1776,26,0,1789691343,,,SCHEDULED
2026-09-18T00:10:58.576141+00:00,1284392,011,325,27,0,1789691469,,,SCHEDULED
2026-09-18T00:10:58.576141+00:00,1284392,011,327,29,0,1789691531,,,SCHEDULED
2026-09-18T00:10:58.576141+00:00,1284392,011,328,30,0,1789691561,,,SCHEDULED
2026-09-18T00:10:58.576141+00:00,1284392,011,329,31,0,1789691610,,,SCHEDULED
2026-09-18T00:10:58.576141+00:00,1284392,011,330,32,0,1789691659,,,SCHEDULED
2026-09-18T00:10:58.576141+00:00,1284392,011,331,33,0,1789691689,,,SCHEDULED
2026-09-18T00:10:58.576141+00:00,1284392,011,668,34,0,1789691750,,,SCHEDULED
2026-09-18T00:10:58.576141+00:00,1288195,109,447,16,0,1789690834,,,SCHEDULED
2026-09-18T00:10:58.576141+00:00,1288195,109,3468,17,0,1789690877,,,SCHEDULED
2026-09-18T00:10:58.576141+00:00,1288195,109,3469,18,0,1789690891,,,SCHEDULED
2026-09-18T00:10:58.576141+00:00,1288195,109,3470,19,0,1789690908,,,SCHEDULED
2026-09-18T00:10:58.576141+00:00,1288195,109,3471,20,0,1789690959,,,SCHEDULED
2026-09-18T00:10:58.576141+00:00,1288195,109,3472,21,0,1789691055,,,SCHEDULED
2026-09-18T00:10:58.576141+00:00,1288195,109,3473,22,0,1789691139,,,SCHEDULED
2026-09-18T00:10:58.576141+00:00,1288195,109,3474,23,0,1789691183,,,SCHEDULED
2026-09-18T00:10:58.576141+00:00,1288195,109,3475,24,0,1789691238,,,SCHEDULED
2026-09-18T00:10:58.576141+00:00,1288195,109,3476,25,0,1789691302,,,SCHEDULED
2026-09-18T00:10:58.576141+00:00,1288195,109,3465,26,0,1789691363,,,SCHEDULED
2026-09-18T00:10:58.576141+00:00,1288195,109,3477,27,0,1789691408,,,SCHEDULED
2026-09-18T00:10:58.576141+00:00,1288195,109,3478,28,0,1789691508,,,SCHEDULED
2026-09-18T00:10:58.576141+00:00,1288195,109,3479,29,0,1789691546,,,SCHEDULED
2026-09-18T00:10:58.576141+00:00,1288195,109,3480,30,0,1789691616,,,SCHEDULED
2026-09-18T00:10:58.576141+00:00,1288195,109,3464,31,0,1789691674,,,SCHEDULED
2026-09-18T00:10:58.576141+00:00,1288195,109,3481,32,0,1789691748,,,SCHEDULED
2026-09-18T00:10:58.576141+00:00,1288195,109,3482,33,0,1789691812,,,SCHEDULED
2026-09-18T00:10:58.576141+00:00,1288195,109,3483,34,0,1789691907,,,SCHEDULED
2026-09-18T00:10:58.576141+00:00,1288196,109,5305,1,,,0,1789690680,SCHEDULED
2026-09-18T00:10:58.576141+00:00,1288196,109,221,2,0,1789690769,,,SCHEDULED
2026-09-18T00:10:58.576141+00:00,1288196,109,222,3,0,1789690811,,,SCHEDULED
2026-09-18T00:10:58.576141+00:00,1288196,109,223,4,0,1789690864,,,SCHEDULED
2026-09-18T00:10:58.576141+00:00,1288196,109,225,5,0,1789690980,,,SCHEDULED
2026-09-18T00:10:58.576141+00:00,1288196,109,226,6,0,1789691040,,,SCHEDULED
2026-09-18T00:10:58.576141+00:00,1288196,109,108,7,0,1789691096,,,SCHEDULED
2026-09-18T00:10:58.576141+00:00,1288196,109,109,8,0,1789691144,,,SCHEDULED
2026-09-18T00:10:58.576141+00:00,1288196,109,111,9,0,1789691188,,,SCHEDULED
2026-09-18T00:10:58.576141+00:00,1288196,109,1782,10,0,1789691313,,,SCHEDULED
2026-09-18T00:10:58.576141+00:00,1288196,109,1784,11,0,1789691390,,,SCHEDULED
2026-09-18T00:10:58.576141+00:00,1288196,109,1785,12,0,1789691450,,,SCHEDULED
2026-09-18T00:10:58.576141+00:00,1288196,109,1790,13,0,1789691640,,,SCHEDULED
2026-09-18T00:10:58.576141+00:00,1288196,109,1792,14,0,1789691658,,,SCHEDULED
2026-09-18T00:10:58.576141+00:00,1288196,109,1793,15,0,1789691676,,,SCHEDULED
2026-09-18T00:10:58.576141+00:00,1284391,011,2425,1,,,0,1789690560,SCHEDULED
2026-09-18T00:10:58.576141+00:00,1284391,011,2501,2,0,1789690635,,,SCHEDULED
2026-09-18T00:10:58.576141+00:00,1284391,011,5353,3,0,1789690660,,,SCHEDULED
2026-09-18T00:10:58.576141+00:00,1284391,011,3214,4,0,1789690724,,,SCHEDULED
2026-09-18T00:10:58.576141+00:00,1284391,011,2276,5,0,1789690765,,,SCHEDULED
2026-09-18T00:10:58.576141+00:00,1284391,011,8303,6,0,1789690812,,,SCHEDULED
2026-09-18T00:10:58.576141+00:00,1284391,011,8302,7,0,1789690858,,,SCHEDULED
2026-09-18T00:10:58.576141+00:00,1284391,011,1046,8,0,1789690964,,,SCHEDULED
2026-09-18T00:10:58.576141+00:00,1284391,011,1047,9,0,1789691040,,,SCHEDULED
2026-09-18T00:10:58.576141+00:00,1284391,011,1049,10,0,1789691085,,,SCHEDULED
2026-09-18T00:10:58.576141+00:00,1284391,011,1050,11,0,1789691120,,,SCHEDULED
2026-09-18T00:10:58.576141+00:00,1284391,011,1051,12,0,1789691154,,,SCHEDULED
2026-09-18T00:10:58.576141+00:00,1284391,011,215,13,0,1789691328,,,SCHEDULED
2026-09-18T00:10:58.576141+00:00,1284391,011,216,14,0,1789691357,,,SCHEDULED
2026-09-18T00:10:58.576141+00:00,1284391,011,217,15,0,1789691380,,,SCHEDULED
2026-09-18T00:10:58.576141+00:00,1284391,011,218,16,0,1789691405,,,SCHEDULED
2026-09-18T00:10:58.576141+00:00,1284391,011,219,17,0,1789691425,,,SCHEDULED
2026-09-18T00:10:58.576141+00:00,1284391,011,1926,18,0,1789691460,,,SCHEDULED
2026-09-18T00:10:58.576141+00:00,1284391,011,1940,19,0,1789691490,,,SCHEDULED
2026-09-18T00:10:58.576141+00:00,1284391,011,1770,20,0,1789691540,,,SCHEDULED
2026-09-18T00:10:58.576141+00:00,1284391,011,1771,21,0,1789691571,,,SCHEDULED
2026-09-18T00:10:58.576141+00:00,1284391,011,1772,22,0,1789691617,,,SCHEDULED
2026-09-18T00:10:58.576141+00:00,1284391,011,1773,23,0,1789691678,,,SCHEDULED
2026-09-18T00:10:58.576141+00:00,1284391,011,1774,24,0,1789691743,,,SCHEDULED
2026-09-18T00:10:58.576141+00:00,1284391,011,1775,25,0,1789691785,,,SCHEDULED
2026-09-18T00:10:58.576141+00:00,1284391,011,1776,26,0,1789691812,,,SCHEDULED
2026-09-18T00:10:58.576141+00:00,1284391,011,325,27,0,1789691938,,,SCHEDULED
2026-09-18T00:10:58.576141+00:00,1284391,011,327,29,0,1789692000,,,SCHEDULED
2026-09-18T00:10:58.576141+00:00,1288488,177,664,1,,,0,1789690520,SCHEDULED
2026-09-18T00:10:58.576141+00:00,1288488,177,8006,2,0,1789690571,,,SCHEDULED
2026-09-18T00:10:58.576141+00:00,1288488,177,8007,3,0,1789690611,,,SCHEDULED
2026-09-18T00:10:58.576141+00:00,1288488,177,844,4,0,1789690670,,,SCHEDULED
2026-09-18T00:10:58.576141+00:00,1288488,177,4199,5,0,1789690710,,,SCHEDULED
2026-09-18T00:10:58.576141+00:00,1288488,177,4200,6,0,1789690744,,,SCHEDULED
2026-09-18T00:10:58.576141+00:00,1285010,021,1070,1,,,0,1789690560,SCHEDULED
2026-09-18T00:10:58.576141+00:00,1285010,021,3327,2,0,1789690602,,,SCHEDULED
2026-09-18T00:10:58.576141+00:00,1285010,021,3328,3,0,1789690670,,,SCHEDULED
2026-09-18T00:10:58.576141+00:00,1285010,021,3329,4,0,1789690722,,,SCHEDULED
2026-09-18T00:10:58.576141+00:00,1285010,021,3330,5,0,1789690774,,,SCHEDULED
2026-09-18T00:10:58.576141+00:00,1285010,021,3331,6,0,1789690853,,,SCHEDULED
2026-09-18T00:10:58.576141+00:00,1285010,021,3706,7,0,1789690915,,,SCHEDULED
2026-09-18T00:10:58.576141+00:00,1285010,021,3707,8,0,1789690985,,,SCHEDULED
2026-09-18T00:10:58.576141+00:00,1285010,021,3708,9,0,1789691095,,,SCHEDULED
2026-09-18T00:10:58.576141+00:00,1285010,021,3709,10,0,1789691160,,,SCHEDULED
2026-09-18T00:10:58.576141+00:00,1285010,021,3710,11,0,1789691210,,,SCHEDULED
2026-09-18T00:10:58.576141+00:00,1285010,021,3711,12,0,1789691273,,,SCHEDULED
2026-09-18T00:10:58.576141+00:00,1285010,021,3712,13,0,1789691349,,,SCHEDULED
2026-09-18T00:10:58.576141+00:00,1285010,021,3713,14,0,1789691460,,,SCHEDULED
2026-09-18T00:10:58.576141+00:00,1285010,021,1184,15,0,1789691640,,,SCHEDULED
2026-09-18T00:10:58.576141+00:00,1285010,021,3301,16,0,1789691670,,,SCHEDULED
2026-09-18T00:10:58.576141+00:00,1285010,021,1200,17,0,1789691760,,,SCHEDULED
2026-09-18T00:10:58.576141+00:00,1285010,021,1201,18,0,1789691810,,,SCHEDULED
2026-09-18T00:10:58.576141+00:00,1285010,021,1202,19,0,1789691851,,,SCHEDULED
2026-09-18T00:10:58.576141+00:00,1285010,021,1203,20,0,1789691891,,,SCHEDULED
2026-09-18T00:10:58.576141+00:00,1285010,021,1204,21,0,1789691944,,,SCHEDULED
2026-09-18T00:10:58.576141+00:00,1285010,021,1205,22,0,1789691998,,,SCHEDULED
2026-09-18T00:10:58.576141+00:00,1288487,177,664,1,,,0,1789691340,SCHEDULED
2026-09-18T00:10:58.576141+00:00,1288487,177,8006,2,0,1789691391,,,SCHEDULED
2026-09-18T00:10:58.576141+00:00,1288487,177,8007,3,0,1789691431,,,SCHEDULED
2026-09-18T00:10:58.576141+00:00,1288487,177,844,4,0,1789691490,,,SCHEDULED
2026-09-18T00:10:58.576141+00:00,1288487,177,4199,5,0,1789691530,,,SCHEDULED
2026-09-18T00:10:58.576141+00:00,1288487,177,4200,6,0,1789691564,,,SCHEDULED
2026-09-18T00:10:58.576141+00:00,1285012,021,2728,33,0,1789690267,,,SCHEDULED
2026-09-18T00:10:58.576141+00:00,1285012,021,2729,34,0,1789690326,,,SCHEDULED
2026-09-18T00:10:58.576141+00:00,1285012,021,2730,35,0,1789690369,,,SCHEDULED
2026-09-18T00:10:58.576141+00:00,1285012,021,2731,36,0,1789690445,,,SCHEDULED
2026-09-18T00:10:58.576141+00:00,1285012,021,2732,37,0,1789690472,,,SCHEDULED
2026-09-18T00:10:58.576141+00:00,1285012,021,2733,38,0,1789690550,,,SCHEDULED
2026-09-18T00:10:58.576141+00:00,1285012,021,2734,39,0,1789690601,,,SCHEDULED
2026-09-18T00:10:58.576141+00:00,1285012,021,2735,40,0,1789690672,,,SCHEDULED
2026-09-18T00:10:58.576141+00:00,1285012,021,2736,41,0,1789690745,,,SCHEDULED
2026-09-18T00:10:58.576141+00:00,1285012,021,2737,42,0,1789690780,,,SCHEDULED
2026-09-18T00:10:58.576141+00:00,1285012,021,2738,43,0,1789690807,,,SCHEDULED
2026-09-18T00:10:58.576141+00:00,1286582,067,887,1,,,0,1789690980,SCHEDULED
2026-09-18T00:10:58.576141+00:00,1286582,067,286,2,0,1789691206,,,SCHEDULED
2026-09-18T00:10:58.576141+00:00,1286582,067,4439,3,0,1789691274,,,SCHEDULED
2026-09-18T00:10:58.576141+00:00,1286582,067,4440,4,0,1789691377,,,SCHEDULED
2026-09-18T00:10:58.576141+00:00,1286582,067,4441,5,0,1789691429,,,SCHEDULED
2026-09-18T00:10:58.576141+00:00,1286582,067,4015,6,0,1789691514,,,SCHEDULED
2026-09-18T00:10:58.576141+00:00,1286582,067,4016,7,0,1789691566,,,SCHEDULED
2026-09-18T00:10:58.576141+00:00,1286582,067,4017,8,0,1789691624,,,SCHEDULED
2026-09-18T00:10:58.576141+00:00,1286582,067,3914,9,0,1789691706,,,SCHEDULED
2026-09-18T00:10:58.576141+00:00,1286582,067,3220,10,0,1789691765,,,SCHEDULED
2026-09-18T00:10:58.576141+00:00,1286582,067,3222,11,0,1789691892,,,SCHEDULED
2026-09-18T00:10:58.576141+00:00,1286582,067,3223,12,0,1789691946,,,SCHEDULED
2026-09-18T00:10:58.576141+00:00,1286582,067,3224,13,0,1789691988,,,SCHEDULED
2026-09-18T00:10:58.576141+00:00,1287671,086,560,4,0,1789690269,,,SCHEDULED
2026-09-18T00:10:58.576141+00:00,1287671,086,561,5,0,1789690293,,,SCHEDULED
2026-09-18T00:10:58.576141+00:00,1287671,086,562,6,0,1789690349,,,SCHEDULED
2026-09-18T00:10:58.576141+00:00,1287671,086,849,7,0,1789690424,,,SCHEDULED
2026-09-18T00:10:58.576141+00:00,1287671,086,850,8,0,1789690456,,,SCHEDULED
2026-09-18T00:10:58.576141+00:00,1287671,086,851,9,0,1789690550,,,SCHEDULED
2026-09-18T00:10:58.576141+00:00,1287671,086,852,10,0,1789690578,,,SCHEDULED
2026-09-18T00:10:58.576141+00:00,1287671,086,853,11,0,1789690606,,,SCHEDULED
2026-09-18T00:10:58.576141+00:00,1287671,086,854,12,0,1789690643,,,SCHEDULED
2026-09-18T00:10:58.576141+00:00,1287671,086,855,13,0,1789690671,,,SCHEDULED
2026-09-18T00:10:58.576141+00:00,1287671,086,856,14,0,1789690727,,,SCHEDULED
2026-09-18T00:10:58.576141+00:00,1287671,086,813,15,0,1789690800,,,SCHEDULED
2026-09-18T00:10:58.576141+00:00,1287671,086,814,16,0,1789690849,,,SCHEDULED
2026-09-18T00:10:58.576141+00:00,1287671,086,815,17,0,1789690888,,,SCHEDULED
2026-09-18T00:10:58.576141+00:00,1287671,086,701,18,0,1789690930,,,SCHEDULED
2026-09-18T00:10:58.576141+00:00,1287671,086,702,19,0,1789690969,,,SCHEDULED
2026-09-18T00:10:58.576141+00:00,1287671,086,3240,20,0,1789691195,,,SCHEDULED
2026-09-18T00:10:58.576141+00:00,1287671,086,3241,21,0,1789691225,,,SCHEDULED
2026-09-18T00:10:58.576141+00:00,1287671,086,3242,22,0,1789691249,,,SCHEDULED
2026-09-18T00:10:58.576141+00:00,1287671,086,3243,23,0,1789691338,,,SCHEDULED
2026-09-18T00:10:58.576141+00:00,1287671,086,3244,24,0,1789691367,,,SCHEDULED
2026-09-18T00:10:58.576141+00:00,1287671,086,3246,25,0,1789691470,,,SCHEDULED
2026-09-18T00:10:58.576141+00:00,1287671,086,3247,26,0,1789691520,,,SCHEDULED
2026-09-18T00:10:58.576141+00:00,1287671,086,3248,27,0,1789691567,,,SCHEDULED
2026-09-18T00:10:58.576141+00:00,1287671,086,3249,28,0,1789691611,,,SCHEDULED
2026-09-18T00:10:58.576141+00:00,1287671,086,3250,29,0,1789691646,,,SCHEDULED
2026-09-18T00:10:58.576141+00:00,1287671,086,3251,30,0,1789691672,,,SCHEDULED
2026-09-18T00:10:58.576141+00:00,1287671,086,3252,31,0,1789691720,,,SCHEDULED
2026-09-18T00:10:58.576141+00:00,1287671,086,3253,32,0,1789691763,,,SCHEDULED
2026-09-18T00:10:58.576141+00:00,1287671,086,3254,33,0,1789691807,,,SCHEDULED
2026-09-18T00:10:58.576141+00:00,1287671,086,3255,34,0,1789691853,,,SCHEDULED
2026-09-18T00:10:58.576141+00:00,1287671,086,3256,35,0,1789691909,,,SCHEDULED
2026-09-18T00:10:58.576141+00:00,1287671,086,3257,36,0,1789691962,,,SCHEDULED
2026-09-18T00:10:58.576141+00:00,1285011,021,1200,17,0,1789690257,,,SCHEDULED
2026-09-18T00:10:58.576141+00:00,1285011,021,1201,18,0,1789690307,,,SCHEDULED
2026-09-18T00:10:58.576141+00:00,1285011,021,1202,19,0,1789690348,,,SCHEDULED
2026-09-18T00:10:58.576141+00:00,1285011,021,1203,20,0,1789690388,,,SCHEDULED
2026-09-18T00:10:58.576141+00:00,1285011,021,1204,21,0,1789690441,,,SCHEDULED
2026-09-18T00:10:58.576141+00:00,1285011,021,1205,22,0,1789690495,,,SCHEDULED
2026-09-18T00:10:58.576141+00:00,1285011,021,1206,23,0,1789690552,,,SCHEDULED
2026-09-18T00:10:58.576141+00:00,1285011,021,1207,24,0,1789690703,,,SCHEDULED
2026-09-18T00:10:58.576141+00:00,1285011,021,2719,25,0,1789690873,,,SCHEDULED
2026-09-18T00:10:58.576141+00:00,1285011,021,2934,26,0,1789690924,,,SCHEDULED
2026-09-18T00:10:58.576141+00:00,1285011,021,2935,27,0,1789690967,,,SCHEDULED
2026-09-18T00:10:58.576141+00:00,1285011,021,2722,28,0,1789691362,,,SCHEDULED
2026-09-18T00:10:58.576141+00:00,1285011,021,2723,29,0,1789691433,,,SCHEDULED
2026-09-18T00:10:58.576141+00:00,1285011,021,2724,30,0,1789691517,,,SCHEDULED
2026-09-18T00:10:58.576141+00:00,1285011,021,2726,31,0,1789691606,,,SCHEDULED
2026-09-18T00:10:58.576141+00:00,1285011,021,2727,32,0,1789691635,,,SCHEDULED
2026-09-18T00:10:58.576141+00:00,1285011,021,2728,33,0,1789691679,,,SCHEDULED
2026-09-18T00:10:58.576141+00:00,1285011,021,2729,34,0,1789691738,,,SCHEDULED
2026-09-18T00:10:58.576141+00:00,1285011,021,2730,35,0,1789691781,,,SCHEDULED
2026-09-18T00:10:58.576141+00:00,1285011,021,2731,36,0,1789691857,,,SCHEDULED
2026-09-18T00:10:58.576141+00:00,1285011,021,2732,37,0,1789691884,,,SCHEDULED
2026-09-18T00:10:58.576141+00:00,1285011,021,2733,38,0,1789691962,,,SCHEDULED
2026-09-18T00:10:58.576141+00:00,1285011,021,2734,39,0,1789692013,,,SCHEDULED
2026-09-18T00:10:58.576141+00:00,1284046,001,3097,31,0,1789690040,,,SCHEDULED
2026-09-18T00:10:58.576141+00:00,1284046,001,3098,32,0,1789690170,,,SCHEDULED
2026-09-18T00:10:58.576141+00:00,1286346,061,4140,1,,,0,1789691400,SCHEDULED
2026-09-18T00:10:58.576141+00:00,1286346,061,4361,2,0,1789691466,,,SCHEDULED
2026-09-18T00:10:58.576141+00:00,1286346,061,4362,3,0,1789691501,,,SCHEDULED
2026-09-18T00:10:58.576141+00:00,1286346,061,4360,4,0,1789691534,,,SCHEDULED
2026-09-18T00:10:58.576141+00:00,1286346,061,4363,5,0,1789691570,,,SCHEDULED
2026-09-18T00:10:58.576141+00:00,1286346,061,4364,6,0,1789691627,,,SCHEDULED
2026-09-18T00:10:58.576141+00:00,1286346,061,4365,7,0,1789691658,,,SCHEDULED
2026-09-18T00:10:58.576141+00:00,1286346,061,4811,8,0,1789691784,,,SCHEDULED
2026-09-18T00:10:58.576141+00:00,1286346,061,4810,9,0,1789691844,,,SCHEDULED
2026-09-18T00:10:58.576141+00:00,1286346,061,4266,10,0,1789691895,,,SCHEDULED
2026-09-18T00:10:58.576141+00:00,1286346,061,4267,11,0,1789691946,,,SCHEDULED
2026-09-18T00:10:58.576141+00:00,1286346,061,4268,12,0,1789691983,,,SCHEDULED
2026-09-18T00:10:58.576141+00:00,1286742,068,2665,34,0,1789690256,,,SCHEDULED
2026-09-18T00:10:58.576141+00:00,1286742,068,2666,35,0,1789690296,,,SCHEDULED
2026-09-18T00:10:58.576141+00:00,1286742,068,2667,36,0,1789690348,,,SCHEDULED
2026-09-18T00:10:58.576141+00:00,1286742,068,2670,37,0,1789690436,,,SCHEDULED
2026-09-18T00:10:58.576141+00:00,1286742,068,2671,38,0,1789690467,,,SCHEDULED
2026-09-18T00:10:58.576141+00:00,1286742,068,2672,39,0,1789690501,,,SCHEDULED
2026-09-18T00:10:58.576141+00:00,1286742,068,2675,40,0,1789690553,,,SCHEDULED
2026-09-18T00:10:58.576141+00:00,1286742,068,2676,41,0,1789690593,,,SCHEDULED
2026-09-18T00:10:58.576141+00:00,1286742,068,2679,42,0,1789690616,,,SCHEDULED
2026-09-18T00:10:58.576141+00:00,1286742,068,2680,43,0,1789690659,,,SCHEDULED
2026-09-18T00:10:58.576141+00:00,1286742,068,2681,44,0,1789690685,,,SCHEDULED
2026-09-18T00:10:58.576141+00:00,1286742,068,2678,45,0,1789690742,,,SCHEDULED
2026-09-18T00:10:58.576141+00:00,1286742,068,2682,46,0,1789690768,,,SCHEDULED
2026-09-18T00:10:58.576141+00:00,1286742,068,1857,47,0,1789690946,,,SCHEDULED
2026-09-18T00:10:58.576141+00:00,1286742,068,1858,48,0,1789690983,,,SCHEDULED
2026-09-18T00:10:58.576141+00:00,1286742,068,1859,49,0,1789691087,,,SCHEDULED
2026-09-18T00:10:58.576141+00:00,1286742,068,1860,50,0,1789691156,,,SCHEDULED
2026-09-18T00:10:58.576141+00:00,1286742,068,1861,51,0,1789691179,,,SCHEDULED
2026-09-18T00:10:58.576141+00:00,1286742,068,1862,52,0,1789691230,,,SCHEDULED
2026-09-18T00:10:58.576141+00:00,1286742,068,1863,53,0,1789691296,,,SCHEDULED
2026-09-18T00:10:58.576141+00:00,1286742,068,2399,54,0,1789691459,,,SCHEDULED
2026-09-18T00:10:58.576141+00:00,1286742,068,2400,55,0,1789691499,,,SCHEDULED
2026-09-18T00:10:58.576141+00:00,1286742,068,2401,56,0,1789691517,,,SCHEDULED
2026-09-18T00:10:58.576141+00:00,1286742,068,2402,57,0,1789691576,,,SCHEDULED
2026-09-18T00:10:58.576141+00:00,1286742,068,2403,58,0,1789691687,,,SCHEDULED
2026-09-18T00:10:58.576141+00:00,1286742,068,2404,59,0,1789691733,,,SCHEDULED
2026-09-18T00:10:58.576141+00:00,1286742,068,2405,60,0,1789691789,,,SCHEDULED
2026-09-18T00:10:58.576141+00:00,1286742,068,2406,61,0,1789691841,,,SCHEDULED
2026-09-18T00:10:58.576141+00:00,1286742,068,2407,62,0,1789691890,,,SCHEDULED
2026-09-18T00:10:58.576141+00:00,1286742,068,2408,63,0,1789691956,,,SCHEDULED
2026-09-18T00:10:58.576141+00:00,1286742,068,2409,64,0,1789691991,,,SCHEDULED
2026-09-18T00:10:58.576141+00:00,1286742,068,2410,65,0,1789692040,,,SCHEDULED
2026-09-18T00:10:58.576141+00:00,1287952,088,624,24,0,1789690260,,,SCHEDULED
2026-09-18T00:10:58.576141+00:00,1287952,088,625,25,0,1789690319,,,SCHEDULED
2026-09-18T00:10:58.576141+00:00,1287952,088,626,26,0,1789690392,,,SCHEDULED
2026-09-18T00:10:58.576141+00:00,1287952,088,5271,27,0,1789690478,,,SCHEDULED
2026-09-18T00:10:58.576141+00:00,1286347,061,187,13,0,1789690298,,,SCHEDULED
2026-09-18T00:10:58.576141+00:00,1286347,061,189,14,0,1789690356,,,SCHEDULED
2026-09-18T00:10:58.576141+00:00,1286347,061,1034,15,0,1789690455,,,SCHEDULED
2026-09-18T00:10:58.576141+00:00,1286347,061,1035,16,0,1789690500,,,SCHEDULED
2026-09-18T00:10:58.576141+00:00,1286347,061,6101,17,0,1789690570,,,SCHEDULED
2026-09-18T00:10:58.576141+00:00,1286347,061,2282,18,0,1789690756,,,SCHEDULED
2026-09-18T00:10:58.576141+00:00,1286347,061,2283,19,0,1789690782,,,SCHEDULED
2026-09-18T00:10:58.576141+00:00,1286347,061,2284,20,0,1789690816,,,SCHEDULED
2026-09-18T00:10:58.576141+00:00,1286347,061,2285,21,0,1789690852,,,SCHEDULED
2026-09-18T00:10:58.576141+00:00,1286347,061,2286,22,0,1789690898,,,SCHEDULED
2026-09-18T00:10:58.576141+00:00,1286347,061,2287,23,0,1789690943,,,SCHEDULED
2026-09-18T00:10:58.576141+00:00,1286347,061,2288,24,0,1789690980,,,SCHEDULED
2026-09-18T00:10:58.576141+00:00,1286347,061,2289,25,0,1789691038,,,SCHEDULED
2026-09-18T00:10:58.576141+00:00,1286347,061,2290,26,0,1789691100,,,SCHEDULED
2026-09-18T00:10:58.576141+00:00,1286347,061,2291,27,0,1789691150,,,SCHEDULED
2026-09-18T00:10:58.576141+00:00,1286347,061,2292,28,0,1789691279,,,SCHEDULED
2026-09-18T00:10:58.576141+00:00,1286347,061,2293,29,0,1789691354,,,SCHEDULED
2026-09-18T00:10:58.576141+00:00,1286347,061,2294,30,0,1789691392,,,SCHEDULED
2026-09-18T00:10:58.576141+00:00,1286347,061,2295,31,0,1789691454,,,SCHEDULED
2026-09-18T00:10:58.576141+00:00,1286347,061,2296,32,0,1789691516,,,SCHEDULED
2026-09-18T00:10:58.576141+00:00,1286347,061,2297,33,0,1789691570,,,SCHEDULED
2026-09-18T00:10:58.576141+00:00,1286347,061,2298,34,0,1789691700,,,SCHEDULED
2026-09-18T00:10:58.576141+00:00,1286347,061,2299,35,0,1789691738,,,SCHEDULED
2026-09-18T00:10:58.576141+00:00,1286347,061,2300,36,0,1789691763,,,SCHEDULED
2026-09-18T00:10:58.576141+00:00,1286347,061,2301,37,0,1789691809,,,SCHEDULED
2026-09-18T00:10:58.576141+00:00,1286347,061,2302,38,0,1789691855,,,SCHEDULED
2026-09-18T00:10:58.576141+00:00,1286347,061,2303,39,0,1789691873,,,SCHEDULED
2026-09-18T00:10:58.576141+00:00,1286347,061,2304,40,0,1789691899,,,SCHEDULED
2026-09-18T00:10:58.576141+00:00,1286347,061,2305,41,0,1789691940,,,SCHEDULED
2026-09-18T00:10:58.576141+00:00,1286347,061,2306,42,0,1789691960,,,SCHEDULED
2026-09-18T00:10:58.576141+00:00,1286347,061,2307,43,0,1789691988,,,SCHEDULED
2026-09-18T00:10:58.576141+00:00,1286743,068,2408,63,0,1789690320,,,SCHEDULED
2026-09-18T00:10:58.576141+00:00,1286743,068,2409,64,0,1789690355,,,SCHEDULED
2026-09-18T00:10:58.576141+00:00,1286743,068,2410,65,0,1789690404,,,SCHEDULED
2026-09-18T00:10:58.576141+00:00,1286743,068,3939,66,0,1789690589,,,SCHEDULED
2026-09-18T00:10:58.576141+00:00,1286743,068,5107,67,0,1789690638,,,SCHEDULED
2026-09-18T00:10:58.576141+00:00,1286743,068,4020,68,0,1789690691,,,SCHEDULED
2026-09-18T00:10:58.576141+00:00,1286743,068,4021,69,0,1789690747,,,SCHEDULED
2026-09-18T00:10:58.576141+00:00,1286743,068,4022,70,0,1789690809,,,SCHEDULED
2026-09-18T00:10:58.576141+00:00,1286743,068,242,71,0,1789690911,,,SCHEDULED
2026-09-18T00:10:58.576141+00:00,1286743,068,243,72,0,1789690967,,,SCHEDULED
2026-09-18T00:10:58.576141+00:00,1286743,068,244,73,0,1789691016,,,SCHEDULED
2026-09-18T00:10:58.576141+00:00,1286743,068,1038,74,0,1789691092,,,SCHEDULED
2026-09-18T00:10:58.576141+00:00,1286743,068,4019,75,0,1789691159,,,SCHEDULED
2026-09-18T00:10:58.576141+00:00,1284048,001,1187,3,0,1789690275,,,SCHEDULED
2026-09-18T00:10:58.576141+00:00,1284048,001,1188,4,0,1789690339,,,SCHEDULED
2026-09-18T00:10:58.576141+00:00,1284048,001,1189,5,0,1789690394,,,SCHEDULED
2026-09-18T00:10:58.576141+00:00,1284048,001,1190,6,0,1789690510,,,SCHEDULED
2026-09-18T00:10:58.576141+00:00,1284048,001,1191,7,0,1789690556,,,SCHEDULED
2026-09-18T00:10:58.576141+00:00,1284048,001,1192,8,0,1789690600,,,SCHEDULED
2026-09-18T00:10:58.576141+00:00,1284048,001,1193,9,0,1789690646,,,SCHEDULED
2026-09-18T00:10:58.576141+00:00,1284048,001,1195,10,0,1789690730,,,SCHEDULED
2026-09-18T00:10:58.576141+00:00,1284048,001,1196,11,0,1789690817,,,SCHEDULED
2026-09-18T00:10:58.576141+00:00,1284048,001,1197,12,0,1789690864,,,SCHEDULED
2026-09-18T00:10:58.576141+00:00,1284048,001,1198,13,0,1789690893,,,SCHEDULED
2026-09-18T00:10:58.576141+00:00,1284048,001,3348,14,0,1789690980,,,SCHEDULED
2026-09-18T00:10:58.576141+00:00,1284048,001,3349,15,0,1789691086,,,SCHEDULED
2026-09-18T00:10:58.576141+00:00,1284048,001,3350,16,0,1789691147,,,SCHEDULED
2026-09-18T00:10:58.576141+00:00,1284048,001,3351,17,0,1789691203,,,SCHEDULED
2026-09-18T00:10:58.576141+00:00,1284048,001,3352,18,0,1789691267,,,SCHEDULED
2026-09-18T00:10:58.576141+00:00,1284048,001,3353,19,0,1789691320,,,SCHEDULED
2026-09-18T00:10:58.576141+00:00,1284048,001,3354,20,0,1789691368,,,SCHEDULED
2026-09-18T00:10:58.576141+00:00,1284048,001,3355,21,0,1789691432,,,SCHEDULED
2026-09-18T00:10:58.576141+00:00,1284048,001,3356,22,0,1789691493,,,SCHEDULED
2026-09-18T00:10:58.576141+00:00,1284048,001,3357,23,0,1789691525,,,SCHEDULED
2026-09-18T00:10:58.576141+00:00,1284048,001,563,24,0,1789691640,,,SCHEDULED
2026-09-18T00:10:58.576141+00:00,1284048,001,565,25,0,1789691710,,,SCHEDULED
2026-09-18T00:10:58.576141+00:00,1284048,001,566,26,0,1789691776,,,SCHEDULED
2026-09-18T00:10:58.576141+00:00,1284048,001,567,27,0,1789691811,,,SCHEDULED
2026-09-18T00:10:58.576141+00:00,1284048,001,568,28,0,1789691900,,,SCHEDULED
2026-09-18T00:10:58.576141+00:00,1284048,001,570,29,0,1789691961,,,SCHEDULED
2026-09-18T00:10:58.576141+00:00,1286741,068,2648,7,0,1789690230,,,SCHEDULED
2026-09-18T00:10:58.576141+00:00,1286741,068,5344,8,0,1789690270,,,SCHEDULED
2026-09-18T00:10:58.576141+00:00,1286741,068,2649,9,0,1789690294,,,SCHEDULED
2026-09-18T00:10:58.576141+00:00,1286741,068,2650,10,0,1789690322,,,SCHEDULED
2026-09-18T00:10:58.576141+00:00,1286741,068,2651,11,0,1789690350,,,SCHEDULED
2026-09-18T00:10:58.576141+00:00,1286741,068,2653,12,0,1789690403,,,SCHEDULED
2026-09-18T00:10:58.576141+00:00,1286741,068,2654,13,0,1789690499,,,SCHEDULED
2026-09-18T00:10:58.576141+00:00,1286741,068,9811,14,0,1789690583,,,SCHEDULED
2026-09-18T00:10:58.576141+00:00,1286741,068,880,15,0,1789690669,,,SCHEDULED
2026-09-18T00:10:58.576141+00:00,1286741,068,881,16,0,1789690703,,,SCHEDULED
2026-09-18T00:10:58.576141+00:00,1286741,068,1795,17,0,1789690781,,,SCHEDULED
2026-09-18T00:10:58.576141+00:00,1286741,068,1796,18,0,1789690824,,,SCHEDULED
2026-09-18T00:10:58.576141+00:00,1286741,068,1797,19,0,1789690884,,,SCHEDULED
2026-09-18T00:10:58.576141+00:00,1286741,068,1798,20,0,1789690936,,,SCHEDULED
2026-09-18T00:10:58.576141+00:00,1286741,068,1930,21,0,1789690988,,,SCHEDULED
2026-09-18T00:10:58.576141+00:00,1286741,068,1931,22,0,1789691035,,,SCHEDULED
2026-09-18T00:10:58.576141+00:00,1286741,068,1949,23,0,1789691087,,,SCHEDULED
2026-09-18T00:10:58.576141+00:00,1286741,068,1932,24,0,1789691117,,,SCHEDULED
2026-09-18T00:10:58.576141+00:00,1286741,068,1933,25,0,1789691182,,,SCHEDULED
2026-09-18T00:10:58.576141+00:00,1286741,068,1934,26,0,1789691246,,,SCHEDULED
2026-09-18T00:10:58.576141+00:00,1286741,068,1935,27,0,1789691289,,,SCHEDULED
2026-09-18T00:10:58.576141+00:00,1286741,068,2657,28,0,1789691363,,,SCHEDULED
2026-09-18T00:10:58.576141+00:00,1286741,068,2658,29,0,1789691395,,,SCHEDULED
2026-09-18T00:10:58.576141+00:00,1286741,068,2659,30,0,1789691417,,,SCHEDULED
2026-09-18T00:10:58.576141+00:00,1286741,068,2660,31,0,1789691465,,,SCHEDULED
2026-09-18T00:10:58.576141+00:00,1286741,068,2662,32,0,1789691546,,,SCHEDULED
2026-09-18T00:10:58.576141+00:00,1286741,068,2664,33,0,1789691608,,,SCHEDULED
2026-09-18T00:10:58.576141+00:00,1286741,068,2665,34,0,1789691663,,,SCHEDULED
2026-09-18T00:10:58.576141+00:00,1286741,068,2666,35,0,1789691703,,,SCHEDULED
2026-09-18T00:10:58.576141+00:00,1286741,068,2667,36,0,1789691755,,,SCHEDULED
2026-09-18T00:10:58.576141+00:00,1286741,068,2670,37,0,1789691843,,,SCHEDULED
2026-09-18T00:10:58.576141+00:00,1286741,068,2671,38,0,1789691874,,,SCHEDULED
2026-09-18T00:10:58.576141+00:00,1284047,001,3351,17,0,1789690233,,,SCHEDULED
2026-09-18T00:10:58.576141+00:00,1284047,001,3352,18,0,1789690291,,,SCHEDULED
2026-09-18T00:10:58.576141+00:00,1284047,001,3353,19,0,1789690344,,,SCHEDULED
2026-09-18T00:10:58.576141+00:00,1284047,001,3354,20,0,1789690392,,,SCHEDULED
2026-09-18T00:10:58.576141+00:00,1284047,001,3355,21,0,1789690456,,,SCHEDULED
2026-09-18T00:10:58.576141+00:00,1284047,001,3356,22,0,1789690517,,,SCHEDULED
2026-09-18T00:10:58.576141+00:00,1284047,001,3357,23,0,1789690549,,,SCHEDULED
2026-09-18T00:10:58.576141+00:00,1284047,001,563,24,0,1789690664,,,SCHEDULED
2026-09-18T00:10:58.576141+00:00,1284047,001,565,25,0,1789690734,,,SCHEDULED
2026-09-18T00:10:58.576141+00:00,1284047,001,566,26,0,1789690800,,,SCHEDULED
2026-09-18T00:10:58.576141+00:00,1284047,001,567,27,0,1789690835,,,SCHEDULED
2026-09-18T00:10:58.576141+00:00,1284047,001,568,28,0,1789690924,,,SCHEDULED
2026-09-18T00:10:58.576141+00:00,1284047,001,570,29,0,1789690985,,,SCHEDULED
2026-09-18T00:10:58.576141+00:00,1284047,001,573,30,0,1789691056,,,SCHEDULED
2026-09-18T00:10:58.576141+00:00,1284047,001,3097,31,0,1789691098,,,SCHEDULED
2026-09-18T00:10:58.576141+00:00,1284047,001,3098,32,0,1789691151,,,SCHEDULED
2026-09-18T00:10:58.576141+00:00,1287951,088,418,1,,,0,1789690817,SCHEDULED
2026-09-18T00:10:58.576141+00:00,1287951,088,4763,2,0,1789690853,,,SCHEDULED
2026-09-18T00:10:58.576141+00:00,1287951,088,113,3,0,1789690877,,,SCHEDULED
2026-09-18T00:10:58.576141+00:00,1287951,088,525,4,0,1789690916,,,SCHEDULED
2026-09-18T00:10:58.576141+00:00,1287951,088,526,5,0,1789690960,,,SCHEDULED
2026-09-18T00:10:58.576141+00:00,1287951,088,527,6,0,1789690975,,,SCHEDULED
2026-09-18T00:10:58.576141+00:00,1287951,088,528,7,0,1789690990,,,SCHEDULED
2026-09-18T00:10:58.576141+00:00,1287951,088,5252,8,0,1789691049,,,SCHEDULED
2026-09-18T00:10:58.576141+00:00,1287951,088,531,9,0,1789691064,,,SCHEDULED
2026-09-18T00:10:58.576141+00:00,1287951,088,610,10,0,1789691473,,,SCHEDULED
2026-09-18T00:10:58.576141+00:00,1287951,088,611,11,0,1789691495,,,SCHEDULED
2026-09-18T00:10:58.576141+00:00,1287951,088,612,12,0,1789691523,,,SCHEDULED
2026-09-18T00:10:58.576141+00:00,1287951,088,613,13,0,1789691552,,,SCHEDULED
2026-09-18T00:10:58.576141+00:00,1287951,088,614,14,0,1789691597,,,SCHEDULED
2026-09-18T00:10:58.576141+00:00,1287951,088,615,15,0,1789691758,,,SCHEDULED
2026-09-18T00:10:58.576141+00:00,1287951,088,616,16,0,1789691790,,,SCHEDULED
2026-09-18T00:10:58.576141+00:00,1287951,088,617,17,0,1789691829,,,SCHEDULED
2026-09-18T00:10:58.576141+00:00,1287951,088,618,18,0,1789691872,,,SCHEDULED
2026-09-18T00:10:58.576141+00:00,1287951,088,619,19,0,1789691925,,,SCHEDULED
2026-09-18T00:10:58.576141+00:00,1287951,088,620,20,0,1789691959,,,SCHEDULED
2026-09-18T00:10:58.576141+00:00,1287951,088,621,21,0,1789692009,,,SCHEDULED
2026-09-18T00:10:58.576141+00:00,1288401,176,658,1,,,0,1789691940,SCHEDULED
2026-09-18T00:10:58.576141+00:00,1285777,038,307,1,,,0,1789691340,SCHEDULED
2026-09-18T00:10:58.576141+00:00,1285777,038,1600,2,0,1789691502,,,SCHEDULED
2026-09-18T00:10:58.576141+00:00,1285777,038,3650,3,0,1789691618,,,SCHEDULED
2026-09-18T00:10:58.576141+00:00,1285777,038,3651,4,0,1789691697,,,SCHEDULED
2026-09-18T00:10:58.576141+00:00,1285777,038,3652,5,0,1789691751,,,SCHEDULED
2026-09-18T00:10:58.576141+00:00,1285777,038,3653,6,0,1789691792,,,SCHEDULED
2026-09-18T00:10:58.576141+00:00,1285777,038,3654,7,0,1789691834,,,SCHEDULED
2026-09-18T00:10:58.576141+00:00,1285777,038,3655,8,0,1789691888,,,SCHEDULED
2026-09-18T00:10:58.576141+00:00,1285777,038,3656,9,0,1789691946,,,SCHEDULED
2026-09-18T00:10:58.576141+00:00,1285931,051,327,46,0,1789690300,,,SCHEDULED
2026-09-18T00:10:58.576141+00:00,1285931,051,328,47,0,1789690329,,,SCHEDULED
2026-09-18T00:10:58.576141+00:00,1285931,051,329,48,0,1789690380,,,SCHEDULED
2026-09-18T00:10:58.576141+00:00,1285931,051,330,49,0,1789690527,,,SCHEDULED
2026-09-18T00:10:58.576141+00:00,1285931,051,331,50,0,1789690618,,,SCHEDULED
2026-09-18T00:10:58.576141+00:00,1285930,051,321,41,0,1789690261,,,SCHEDULED
2026-09-18T00:10:58.576141+00:00,1285930,051,322,42,0,1789690328,,,SCHEDULED
2026-09-18T00:10:58.576141+00:00,1285930,051,324,43,0,1789690462,,,SCHEDULED
2026-09-18T00:10:58.576141+00:00,1285930,051,325,44,0,1789690495,,,SCHEDULED
2026-09-18T00:10:58.576141+00:00,1285930,051,327,46,0,1789690562,,,SCHEDULED
2026-09-18T00:10:58.576141+00:00,1285930,051,328,47,0,1789690591,,,SCHEDULED
2026-09-18T00:10:58.576141+00:00,1285930,051,329,48,0,1789690642,,,SCHEDULED
2026-09-18T00:10:58.576141+00:00,1285930,051,330,49,0,1789690789,,,SCHEDULED
2026-09-18T00:10:58.576141+00:00,1285930,051,331,50,0,1789690880,,,SCHEDULED
2026-09-18T00:10:58.576141+00:00,1284049,001,1184,1,,,0,1789691100,SCHEDULED
2026-09-18T00:10:58.576141+00:00,1284049,001,3301,2,0,1789691126,,,SCHEDULED
2026-09-18T00:10:58.576141+00:00,1284049,001,1187,3,0,1789691175,,,SCHEDULED
2026-09-18T00:10:58.576141+00:00,1284049,001,1188,4,0,1789691239,,,SCHEDULED
2026-09-18T00:10:58.576141+00:00,1284049,001,1189,5,0,1789691294,,,SCHEDULED
2026-09-18T00:10:58.576141+00:00,1284049,001,1190,6,0,1789691410,,,SCHEDULED
2026-09-18T00:10:58.576141+00:00,1284049,001,1191,7,0,1789691456,,,SCHEDULED
2026-09-18T00:10:58.576141+00:00,1284049,001,1192,8,0,1789691500,,,SCHEDULED
2026-09-18T00:10:58.576141+00:00,1284049,001,1193,9,0,1789691546,,,SCHEDULED
2026-09-18T00:10:58.576141+00:00,1284049,001,1195,10,0,1789691630,,,SCHEDULED
2026-09-18T00:10:58.576141+00:00,1284049,001,1196,11,0,1789691717,,,SCHEDULED
2026-09-18T00:10:58.576141+00:00,1284049,001,1197,12,0,1789691764,,,SCHEDULED
2026-09-18T00:10:58.576141+00:00,1284049,001,1198,13,0,1789691793,,,SCHEDULED
2026-09-18T00:10:58.576141+00:00,1284049,001,3348,14,0,1789691880,,,SCHEDULED
2026-09-18T00:10:58.576141+00:00,1284049,001,3349,15,0,1789691986,,,SCHEDULED
2026-09-18T00:10:58.576141+00:00,1286348,061,2309,45,0,1789690260,,,SCHEDULED
2026-09-18T00:10:58.576141+00:00,1286348,061,1999,46,0,1789690304,,,SCHEDULED
2026-09-18T00:10:58.576141+00:00,1286348,061,1998,47,0,1789690398,,,SCHEDULED
2026-09-18T00:10:58.576141+00:00,1286348,061,2001,48,0,1789690430,,,SCHEDULED
2026-09-18T00:10:58.576141+00:00,1286348,061,2002,49,0,1789690487,,,SCHEDULED
2026-09-18T00:10:58.576141+00:00,1286348,061,2003,50,0,1789690563,,,SCHEDULED
2026-09-18T00:10:58.576141+00:00,1286348,061,2004,51,0,1789690620,,,SCHEDULED
2026-09-18T00:10:58.576141+00:00,1286348,061,2005,52,0,1789690661,,,SCHEDULED
2026-09-18T00:10:58.576141+00:00,1286348,061,2006,53,0,1789690714,,,SCHEDULED
2026-09-18T00:10:58.576141+00:00,1286348,061,2007,54,0,1789690755,,,SCHEDULED
2026-09-18T00:10:58.576141+00:00,1286348,061,2008,55,0,1789690784,,,SCHEDULED
2026-09-18T00:10:58.576141+00:00,1286348,061,2010,56,0,1789690860,,,SCHEDULED
2026-09-18T00:10:58.576141+00:00,1286348,061,2011,57,0,1789690916,,,SCHEDULED
2026-09-18T00:10:58.576141+00:00,1286348,061,2012,58,0,1789690965,,,SCHEDULED
2026-09-18T00:10:58.576141+00:00,1286348,061,2013,59,0,1789691011,,,SCHEDULED
2026-09-18T00:10:58.576141+00:00,1286348,061,2014,60,0,1789691077,,,SCHEDULED
2026-09-18T00:10:58.576141+00:00,1286348,061,2015,61,0,1789691170,,,SCHEDULED
2026-09-18T00:10:58.576141+00:00,1286348,061,2016,62,0,1789691223,,,SCHEDULED
2026-09-18T00:10:58.576141+00:00,1286348,061,2020,63,0,1789691275,,,SCHEDULED
2026-09-18T00:10:58.576141+00:00,1286348,061,2021,64,0,1789691348,,,SCHEDULED
2026-09-18T00:10:58.576141+00:00,1286348,061,3130,65,0,1789691421,,,SCHEDULED
2026-09-18T00:10:58.576141+00:00,1285779,038,521,30,0,1789690306,,,SCHEDULED
2026-09-18T00:10:58.576141+00:00,1285779,038,522,31,0,1789690379,,,SCHEDULED
2026-09-18T00:10:58.576141+00:00,1285779,038,525,32,0,1789690485,,,SCHEDULED
2026-09-18T00:10:58.576141+00:00,1285779,038,526,33,0,1789690615,,,SCHEDULED
2026-09-18T00:10:58.576141+00:00,1285779,038,527,34,0,1789690648,,,SCHEDULED
2026-09-18T00:10:58.576141+00:00,1285779,038,528,35,0,1789690681,,,SCHEDULED
2026-09-18T00:10:58.576141+00:00,1285779,038,5252,36,0,1789690798,,,SCHEDULED
2026-09-18T00:10:58.576141+00:00,1285779,038,281,37,0,1789690904,,,SCHEDULED
2026-09-18T00:10:58.576141+00:00,1285899,051,3131,1,,,0,1789691400,SCHEDULED
2026-09-18T00:10:58.576141+00:00,1285899,051,1884,2,0,1789691480,,,SCHEDULED
2026-09-18T00:10:58.576141+00:00,1285899,051,1885,3,0,1789691568,,,SCHEDULED
2026-09-18T00:10:58.576141+00:00,1285899,051,1887,4,0,1789691658,,,SCHEDULED
2026-09-18T00:10:58.576141+00:00,1285899,051,1888,5,0,1789691694,,,SCHEDULED
2026-09-18T00:10:58.576141+00:00,1285899,051,1889,6,0,1789691768,,,SCHEDULED
2026-09-18T00:10:58.576141+00:00,1285899,051,1890,7,0,1789691820,,,SCHEDULED
2026-09-18T00:10:58.576141+00:00,1285899,051,1891,8,0,1789691872,,,SCHEDULED
2026-09-18T00:10:58.576141+00:00,1285899,051,1892,9,0,1789691940,,,SCHEDULED
2026-09-18T00:10:58.576141+00:00,1285899,051,1893,10,0,1789691973,,,SCHEDULED
2026-09-18T00:10:58.576141+00:00,1285778,038,3650,3,0,1789690295,,,SCHEDULED
2026-09-18T00:10:58.576141+00:00,1285778,038,3651,4,0,1789690374,,,SCHEDULED
2026-09-18T00:10:58.576141+00:00,1285778,038,3652,5,0,1789690428,,,SCHEDULED
2026-09-18T00:10:58.576141+00:00,1285778,038,3653,6,0,1789690469,,,SCHEDULED
2026-09-18T00:10:58.576141+00:00,1285778,038,3654,7,0,1789690511,,,SCHEDULED
2026-09-18T00:10:58.576141+00:00,1285778,038,3655,8,0,1789690565,,,SCHEDULED
2026-09-18T00:10:58.576141+00:00,1285778,038,3656,9,0,1789690623,,,SCHEDULED
2026-09-18T00:10:58.576141+00:00,1285778,038,3657,10,0,1789690681,,,SCHEDULED
2026-09-18T00:10:58.576141+00:00,1285778,038,1807,11,0,1789690756,,,SCHEDULED
2026-09-18T00:10:58.576141+00:00,1285778,038,1808,12,0,1789690819,,,SCHEDULED
2026-09-18T00:10:58.576141+00:00,1285778,038,1809,13,0,1789690860,,,SCHEDULED
2026-09-18T00:10:58.576141+00:00,1285778,038,1810,14,0,1789690922,,,SCHEDULED
2026-09-18T00:10:58.576141+00:00,1285778,038,1811,15,0,1789690977,,,SCHEDULED
2026-09-18T00:10:58.576141+00:00,1285778,038,938,16,0,1789691093,,,SCHEDULED
2026-09-18T00:10:58.576141+00:00,1285778,038,940,17,0,1789691149,,,SCHEDULED
2026-09-18T00:10:58.576141+00:00,1285778,038,941,18,0,1789691179,,,SCHEDULED
2026-09-18T00:10:58.576141+00:00,1285778,038,2633,19,0,1789691243,,,SCHEDULED
2026-09-18T00:10:58.576141+00:00,1285778,038,9812,20,0,1789691277,,,SCHEDULED
2026-09-18T00:10:58.576141+00:00,1285778,038,2629,21,0,1789691315,,,SCHEDULED
2026-09-18T00:10:58.576141+00:00,1285778,038,2634,22,0,1789691346,,,SCHEDULED
2026-09-18T00:10:58.576141+00:00,1285778,038,2635,23,0,1789691397,,,SCHEDULED
2026-09-18T00:10:58.576141+00:00,1285778,038,1707,24,0,1789691517,,,SCHEDULED
2026-09-18T00:10:58.576141+00:00,1285778,038,1708,25,0,1789691557,,,SCHEDULED
2026-09-18T00:10:58.576141+00:00,1285778,038,1709,26,0,1789691606,,,SCHEDULED
2026-09-18T00:10:58.576141+00:00,1285778,038,1710,27,0,1789691667,,,SCHEDULED
2026-09-18T00:10:58.576141+00:00,1285778,038,1711,28,0,1789691720,,,SCHEDULED
2026-09-18T00:10:58.576141+00:00,1285778,038,519,29,0,1789691749,,,SCHEDULED
2026-09-18T00:10:58.576141+00:00,1285778,038,521,30,0,1789691802,,,SCHEDULED
2026-09-18T00:10:58.576141+00:00,1285778,038,522,31,0,1789691875,,,SCHEDULED
2026-09-18T00:10:58.576141+00:00,1285778,038,525,32,0,1789691981,,,SCHEDULED
2026-09-18T00:10:58.576141+00:00,1285419,026,3052,1,,,0,1789691640,SCHEDULED
2026-09-18T00:10:58.576141+00:00,1285419,026,3054,2,0,1789691709,,,SCHEDULED
2026-09-18T00:10:58.576141+00:00,1285419,026,3055,3,0,1789691765,,,SCHEDULED
2026-09-18T00:10:58.576141+00:00,1285419,026,3056,4,0,1789691814,,,SCHEDULED
2026-09-18T00:10:58.576141+00:00,1285419,026,3057,5,0,1789691846,,,SCHEDULED
2026-09-18T00:10:58.576141+00:00,1285419,026,3058,6,0,1789691897,,,SCHEDULED
2026-09-18T00:10:58.576141+00:00,1285419,026,3059,7,0,1789691941,,,SCHEDULED
2026-09-18T00:10:58.576141+00:00,1285419,026,3060,8,0,1789692000,,,SCHEDULED
2026-09-18T00:10:58.576141+00:00,1288409,176,659,3,0,1789690331,,,SCHEDULED
2026-09-18T00:10:58.576141+00:00,1288409,176,663,4,0,1789690931,,,SCHEDULED
2026-09-18T00:10:58.576141+00:00,1288409,176,8005,5,0,1789691076,,,SCHEDULED
2026-09-18T00:10:58.576141+00:00,1288409,176,837,6,0,1789691157,,,SCHEDULED
2026-09-18T00:10:58.576141+00:00,1285807,038,282,1,,,0,1789691995,SCHEDULED
2026-09-18T00:10:58.576141+00:00,1285928,051,1894,11,0,1789690295,,,SCHEDULED
2026-09-18T00:10:58.576141+00:00,1285928,051,1895,12,0,1789690352,,,SCHEDULED
2026-09-18T00:10:58.576141+00:00,1285928,051,1896,13,0,1789690387,,,SCHEDULED
2026-09-18T00:10:58.576141+00:00,1285928,051,1898,14,0,1789690461,,,SCHEDULED
2026-09-18T00:10:58.576141+00:00,1285928,051,1899,15,0,1789690511,,,SCHEDULED
2026-09-18T00:10:58.576141+00:00,1285928,051,1901,16,0,1789690560,,,SCHEDULED
2026-09-18T00:10:58.576141+00:00,1285928,051,1902,17,0,1789690602,,,SCHEDULED
2026-09-18T00:10:58.576141+00:00,1285928,051,1904,18,0,1789690684,,,SCHEDULED
2026-09-18T00:10:58.576141+00:00,1285928,051,1905,19,0,1789690733,,,SCHEDULED
2026-09-18T00:10:58.576141+00:00,1285928,051,1906,20,0,1789690788,,,SCHEDULED
2026-09-18T00:10:58.576141+00:00,1285928,051,1907,21,0,1789690842,,,SCHEDULED
2026-09-18T00:10:58.576141+00:00,1285928,051,1908,22,0,1789690882,,,SCHEDULED
2026-09-18T00:10:58.576141+00:00,1285928,051,1911,23,0,1789690986,,,SCHEDULED
2026-09-18T00:10:58.576141+00:00,1285928,051,1913,24,0,1789691095,,,SCHEDULED
2026-09-18T00:10:58.576141+00:00,1285928,051,1914,25,0,1789691159,,,SCHEDULED
2026-09-18T00:10:58.576141+00:00,1285928,051,1915,26,0,1789691224,,,SCHEDULED
2026-09-18T00:10:58.576141+00:00,1285928,051,1916,27,0,1789691277,,,SCHEDULED
2026-09-18T00:10:58.576141+00:00,1285928,051,1917,28,0,1789691327,,,SCHEDULED
2026-09-18T00:10:58.576141+00:00,1285928,051,1918,29,0,1789691389,,,SCHEDULED
2026-09-18T00:10:58.576141+00:00,1285928,051,1919,30,0,1789691435,,,SCHEDULED
2026-09-18T00:10:58.576141+00:00,1285928,051,1920,31,0,1789691458,,,SCHEDULED
2026-09-18T00:10:58.576141+00:00,1285928,051,1921,32,0,1789691488,,,SCHEDULED
2026-09-18T00:10:58.576141+00:00,1285928,051,1922,33,0,1789691527,,,SCHEDULED
2026-09-18T00:10:58.576141+00:00,1285928,051,1923,34,0,1789691554,,,SCHEDULED
2026-09-18T00:10:58.576141+00:00,1285928,051,1924,35,0,1789691604,,,SCHEDULED
2026-09-18T00:10:58.576141+00:00,1285928,051,1925,36,0,1789691654,,,SCHEDULED
2026-09-18T00:10:58.576141+00:00,1285928,051,1926,37,0,1789691704,,,SCHEDULED
2026-09-18T00:10:58.576141+00:00,1285928,051,1940,38,0,1789691737,,,SCHEDULED
2026-09-18T00:10:58.576141+00:00,1285928,051,320,39,0,1789691791,,,SCHEDULED
2026-09-18T00:10:58.576141+00:00,1285928,051,1209,40,0,1789691825,,,SCHEDULED
2026-09-18T00:10:58.576141+00:00,1285928,051,321,41,0,1789691863,,,SCHEDULED
2026-09-18T00:10:58.576141+00:00,1285928,051,322,42,0,1789691930,,,SCHEDULED
2026-09-18T00:10:58.576141+00:00,1285929,051,1915,26,0,1789690177,,,SCHEDULED
2026-09-18T00:10:58.576141+00:00,1285929,051,1916,27,0,1789690201,,,SCHEDULED
2026-09-18T00:10:58.576141+00:00,1285929,051,1917,28,0,1789690229,,,SCHEDULED
2026-09-18T00:10:58.576141+00:00,1285929,051,1918,29,0,1789690311,,,SCHEDULED
2026-09-18T00:10:58.576141+00:00,1285929,051,1919,30,0,1789690357,,,SCHEDULED
2026-09-18T00:10:58.576141+00:00,1285929,051,1920,31,0,1789690380,,,SCHEDULED
2026-09-18T00:10:58.576141+00:00,1285929,051,1921,32,0,1789690410,,,SCHEDULED
2026-09-18T00:10:58.576141+00:00,1285929,051,1922,33,0,1789690449,,,SCHEDULED
2026-09-18T00:10:58.576141+00:00,1285929,051,1923,34,0,1789690476,,,SCHEDULED
2026-09-18T00:10:58.576141+00:00,1285929,051,1924,35,0,1789690526,,,SCHEDULED
2026-09-18T00:10:58.576141+00:00,1285929,051,1925,36,0,1789690576,,,SCHEDULED
2026-09-18T00:10:58.576141+00:00,1285929,051,1926,37,0,1789690626,,,SCHEDULED
2026-09-18T00:10:58.576141+00:00,1285929,051,1940,38,0,1789690659,,,SCHEDULED
2026-09-18T00:10:58.576141+00:00,1285929,051,320,39,0,1789690713,,,SCHEDULED
2026-09-18T00:10:58.576141+00:00,1285929,051,1209,40,0,1789690747,,,SCHEDULED
2026-09-18T00:10:58.576141+00:00,1285929,051,321,41,0,1789690785,,,SCHEDULED
2026-09-18T00:10:58.576141+00:00,1285929,051,322,42,0,1789690852,,,SCHEDULED
2026-09-18T00:10:58.576141+00:00,1285929,051,324,43,0,1789690986,,,SCHEDULED
2026-09-18T00:10:58.576141+00:00,1285929,051,325,44,0,1789691019,,,SCHEDULED
2026-09-18T00:10:58.576141+00:00,1285929,051,327,46,0,1789691086,,,SCHEDULED
2026-09-18T00:10:58.576141+00:00,1285929,051,328,47,0,1789691115,,,SCHEDULED
2026-09-18T00:10:58.576141+00:00,1285929,051,329,48,0,1789691166,,,SCHEDULED
2026-09-18T00:10:58.576141+00:00,1285929,051,330,49,0,1789691313,,,SCHEDULED
2026-09-18T00:10:58.576141+00:00,1285929,051,331,50,0,1789691404,,,SCHEDULED
2026-09-18T00:10:58.576141+00:00,1285808,038,1722,12,0,1789690290,,,SCHEDULED
2026-09-18T00:10:58.576141+00:00,1285808,038,1723,13,0,1789690320,,,SCHEDULED
2026-09-18T00:10:58.576141+00:00,1285808,038,2651,14,0,1789690398,,,SCHEDULED
2026-09-18T00:10:58.576141+00:00,1285808,038,2653,15,0,1789690500,,,SCHEDULED
2026-09-18T00:10:58.576141+00:00,1285808,038,2654,16,0,1789690564,,,SCHEDULED
2026-09-18T00:10:58.576141+00:00,1285808,038,9811,17,0,1789690620,,,SCHEDULED
2026-09-18T00:10:58.576141+00:00,1285808,038,880,18,0,1789690687,,,SCHEDULED
2026-09-18T00:10:58.576141+00:00,1285808,038,881,19,0,1789690714,,,SCHEDULED
2026-09-18T00:10:58.576141+00:00,1285808,038,883,20,0,1789690788,,,SCHEDULED
2026-09-18T00:10:58.576141+00:00,1285808,038,884,21,0,1789690831,,,SCHEDULED
2026-09-18T00:10:58.576141+00:00,1285808,038,3717,22,0,1789690926,,,SCHEDULED
2026-09-18T00:10:58.576141+00:00,1285808,038,3718,23,0,1789690959,,,SCHEDULED
2026-09-18T00:10:58.576141+00:00,1285808,038,3719,24,0,1789690980,,,SCHEDULED
2026-09-18T00:10:58.576141+00:00,1285808,038,3720,25,0,1789691055,,,SCHEDULED
2026-09-18T00:10:58.576141+00:00,1285808,038,3721,26,0,1789691084,,,SCHEDULED
2026-09-18T00:10:58.576141+00:00,1285808,038,3722,27,0,1789691148,,,SCHEDULED
2026-09-18T00:10:58.576141+00:00,1285808,038,3723,28,0,1789691184,,,SCHEDULED
2026-09-18T00:10:58.576141+00:00,1285808,038,3724,29,0,1789691249,,,SCHEDULED
2026-09-18T00:10:58.576141+00:00,1285808,038,3725,30,0,1789691281,,,SCHEDULED
2026-09-18T00:10:58.576141+00:00,1285808,038,901,31,0,1789691328,,,SCHEDULED
2026-09-18T00:10:58.576141+00:00,1285808,038,902,32,0,1789691374,,,SCHEDULED
2026-09-18T00:10:58.576141+00:00,1285808,038,903,33,0,1789691432,,,SCHEDULED
2026-09-18T00:10:58.576141+00:00,1285808,038,905,34,0,1789691547,,,SCHEDULED
2026-09-18T00:10:58.576141+00:00,1285808,038,3143,35,0,1789691593,,,SCHEDULED
2026-09-18T00:10:58.576141+00:00,1285808,038,3144,36,0,1789691629,,,SCHEDULED
2026-09-18T00:10:58.576141+00:00,1288081,093,9800,1,,,0,1789690845,SCHEDULED
2026-09-18T00:10:58.576141+00:00,1288081,093,3099,2,0,1789690950,,,SCHEDULED
2026-09-18T00:10:58.576141+00:00,1288081,093,3100,3,0,1789690999,,,SCHEDULED
2026-09-18T00:10:58.576141+00:00,1288081,093,3101,4,0,1789691038,,,SCHEDULED
2026-09-18T00:10:58.576141+00:00,1288081,093,3102,5,0,1789691071,,,SCHEDULED
2026-09-18T00:10:58.576141+00:00,1288081,093,3103,6,0,1789691166,,,SCHEDULED
2026-09-18T00:10:58.576141+00:00,1288081,093,3503,7,0,1789691209,,,SCHEDULED
2026-09-18T00:10:58.576141+00:00,1288081,093,3504,8,0,1789691363,,,SCHEDULED
2026-09-18T00:10:58.576141+00:00,1288081,093,3505,9,0,1789691442,,,SCHEDULED
2026-09-18T00:10:58.576141+00:00,1288081,093,3520,10,0,1789691505,,,SCHEDULED
2026-09-18T00:10:58.576141+00:00,1288081,093,3521,11,0,1789691528,,,SCHEDULED
2026-09-18T00:10:58.576141+00:00,1288081,093,3522,12,0,1789691555,,,SCHEDULED
2026-09-18T00:10:58.576141+00:00,1288081,093,3523,13,0,1789691577,,,SCHEDULED
2026-09-18T00:10:58.576141+00:00,1288081,093,3524,14,0,1789691606,,,SCHEDULED
2026-09-18T00:10:58.576141+00:00,1288081,093,3526,15,0,1789691674,,,SCHEDULED
2026-09-18T00:10:58.576141+00:00,1288081,093,3527,16,0,1789691717,,,SCHEDULED
2026-09-18T00:10:58.576141+00:00,1288081,093,3530,17,0,1789691836,,,SCHEDULED
2026-09-18T00:10:58.576141+00:00,1288081,093,3531,18,0,1789691876,,,SCHEDULED
2026-09-18T00:10:58.576141+00:00,1288081,093,3532,19,0,1789691900,,,SCHEDULED
2026-09-18T00:10:58.576141+00:00,1288081,093,3533,20,0,1789691946,,,SCHEDULED
2026-09-18T00:10:58.576141+00:00,1288081,093,5346,21,0,1789691985,,,SCHEDULED
2026-09-18T00:10:58.576141+00:00,1288081,093,3534,22,0,1789692003,,,SCHEDULED
2026-09-18T00:10:58.576141+00:00,1288081,093,3535,23,0,1789692035,,,SCHEDULED
2026-09-18T00:10:58.576141+00:00,1288082,093,9933,26,0,1789690380,,,SCHEDULED
2026-09-18T00:10:58.576141+00:00,1288082,093,669,27,0,1789690477,,,SCHEDULED
2026-09-18T00:10:58.576141+00:00,1288082,093,4742,28,0,1789690536,,,SCHEDULED
2026-09-18T00:10:58.576141+00:00,1288082,093,4745,29,0,1789690612,,,SCHEDULED
2026-09-18T00:10:58.576141+00:00,1288082,093,4618,30,0,1789690714,,,SCHEDULED
2026-09-18T00:10:58.576141+00:00,1288082,093,4619,31,0,1789690790,,,SCHEDULED
2026-09-18T00:10:58.576141+00:00,1288082,093,3381,32,0,1789690905,,,SCHEDULED
2026-09-18T00:10:58.576141+00:00,1288082,093,3382,33,0,1789690944,,,SCHEDULED
2026-09-18T00:10:58.576141+00:00,1288082,093,3383,34,0,1789691023,,,SCHEDULED
2026-09-18T00:10:58.576141+00:00,1288082,093,3389,35,0,1789691101,,,SCHEDULED
2026-09-18T00:10:58.576141+00:00,1287790,087,3893,4,0,1789690441,,,SCHEDULED
2026-09-18T00:10:58.576141+00:00,1287790,087,3894,5,0,1789690550,,,SCHEDULED
2026-09-18T00:10:58.576141+00:00,1287790,087,3895,6,0,1789690610,,,SCHEDULED
2026-09-18T00:10:58.576141+00:00,1287790,087,3896,7,0,1789690683,,,SCHEDULED
2026-09-18T00:10:58.576141+00:00,1287790,087,3897,8,0,1789690740,,,SCHEDULED
2026-09-18T00:10:58.576141+00:00,1287790,087,3898,9,0,1789690827,,,SCHEDULED
2026-09-18T00:10:58.576141+00:00,1287790,087,3899,10,0,1789690880,,,SCHEDULED
2026-09-18T00:10:58.576141+00:00,1287790,087,3900,11,0,1789690965,,,SCHEDULED
2026-09-18T00:10:58.576141+00:00,1287790,087,3901,12,0,1789691047,,,SCHEDULED
2026-09-18T00:10:58.576141+00:00,1287790,087,3902,13,0,1789691099,,,SCHEDULED
2026-09-18T00:10:58.576141+00:00,1287790,087,3903,14,0,1789691246,,,SCHEDULED
2026-09-18T00:10:58.576141+00:00,1287790,087,3904,15,0,1789691302,,,SCHEDULED
2026-09-18T00:10:58.576141+00:00,1287790,087,3905,16,0,1789691397,,,SCHEDULED
2026-09-18T00:10:58.576141+00:00,1287790,087,1254,17,0,1789691488,,,SCHEDULED
2026-09-18T00:10:58.576141+00:00,1287790,087,1262,18,0,1789691588,,,SCHEDULED
2026-09-18T00:10:58.576141+00:00,1286580,067,2634,53,0,1789689689,,,SCHEDULED
2026-09-18T00:10:58.576141+00:00,1286580,067,2635,54,0,1789690243,,,SCHEDULED
2026-09-18T00:10:58.576141+00:00,1286580,067,2636,55,0,1789690257,,,SCHEDULED
2026-09-18T00:10:58.576141+00:00,1286580,067,2637,56,0,1789690272,,,SCHEDULED
2026-09-18T00:10:58.576141+00:00,1286580,067,2638,57,0,1789690307,,,SCHEDULED
2026-09-18T00:10:58.576141+00:00,1286580,067,2639,58,0,1789690364,,,SCHEDULED
2026-09-18T00:10:58.576141+00:00,1286580,067,1086,59,0,1789690950,,,SCHEDULED
2026-09-18T00:10:58.576141+00:00,1286580,067,1088,60,0,1789691006,,,SCHEDULED
2026-09-18T00:10:58.576141+00:00,1286580,067,1087,61,0,1789691042,,,SCHEDULED
2026-09-18T00:10:58.576141+00:00,1286580,067,2642,62,0,1789691074,,,SCHEDULED
2026-09-18T00:10:58.576141+00:00,1287791,087,1262,18,0,1789690329,,,SCHEDULED
2026-09-18T00:10:58.576141+00:00,1286581,067,3223,12,0,1789690308,,,SCHEDULED
2026-09-18T00:10:58.576141+00:00,1286581,067,3224,13,0,1789690350,,,SCHEDULED
2026-09-18T00:10:58.576141+00:00,1286581,067,3225,14,0,1789690422,,,SCHEDULED
2026-09-18T00:10:58.576141+00:00,1286581,067,2062,15,0,1789690536,,,SCHEDULED
2026-09-18T00:10:58.576141+00:00,1286581,067,2063,16,0,1789690574,,,SCHEDULED
2026-09-18T00:10:58.576141+00:00,1286581,067,6508,17,0,1789690607,,,SCHEDULED
2026-09-18T00:10:58.576141+00:00,1286581,067,2174,18,0,1789690739,,,SCHEDULED
2026-09-18T00:10:58.576141+00:00,1286581,067,2160,19,0,1789690797,,,SCHEDULED
2026-09-18T00:10:58.576141+00:00,1286581,067,2597,20,0,1789690842,,,SCHEDULED
2026-09-18T00:10:58.576141+00:00,1286581,067,2598,21,0,1789690873,,,SCHEDULED
2026-09-18T00:10:58.576141+00:00,1286581,067,2599,22,0,1789690911,,,SCHEDULED
2026-09-18T00:10:58.576141+00:00,1286581,067,2600,23,0,1789690975,,,SCHEDULED
2026-09-18T00:10:58.576141+00:00,1286581,067,2601,24,0,1789691038,,,SCHEDULED
2026-09-18T00:10:58.576141+00:00,1286581,067,2602,25,0,1789691092,,,SCHEDULED
2026-09-18T00:10:58.576141+00:00,1286581,067,2603,26,0,1789691149,,,SCHEDULED
2026-09-18T00:10:58.576141+00:00,1286581,067,2604,27,0,1789691191,,,SCHEDULED
2026-09-18T00:10:58.576141+00:00,1286581,067,2605,28,0,1789691245,,,SCHEDULED
2026-09-18T00:10:58.576141+00:00,1286581,067,2606,29,0,1789691391,,,SCHEDULED
2026-09-18T00:10:58.576141+00:00,1286581,067,2607,30,0,1789691442,,,SCHEDULED
2026-09-18T00:10:58.576141+00:00,1286581,067,2608,31,0,1789691499,,,SCHEDULED
2026-09-18T00:10:58.576141+00:00,1286581,067,2609,32,0,1789691574,,,SCHEDULED
2026-09-18T00:10:58.576141+00:00,1286581,067,2613,33,0,1789691606,,,SCHEDULED
2026-09-18T00:10:58.576141+00:00,1286581,067,2614,34,0,1789691657,,,SCHEDULED
2026-09-18T00:10:58.576141+00:00,1286581,067,2615,35,0,1789691709,,,SCHEDULED
2026-09-18T00:10:58.576141+00:00,1286581,067,601,36,0,1789691748,,,SCHEDULED
2026-09-18T00:10:58.576141+00:00,1286581,067,2617,37,0,1789691806,,,SCHEDULED
2026-09-18T00:10:58.576141+00:00,1286581,067,2620,38,0,1789691922,,,SCHEDULED
2026-09-18T00:10:58.576141+00:00,1286581,067,2621,39,0,1789691952,,,SCHEDULED
2026-09-18T00:10:58.576141+00:00,1286581,067,2622,40,0,1789691982,,,SCHEDULED
2026-09-18T00:10:58.576141+00:00,1286581,067,2623,41,0,1789692035,,,SCHEDULED
2026-09-18T00:10:58.576141+00:00,1287670,086,3259,37,0,1789690260,,,SCHEDULED
2026-09-18T00:10:58.576141+00:00,1287670,086,413,38,0,1789690822,,,SCHEDULED
2026-09-18T00:10:58.576141+00:00,1287670,086,414,39,0,1789690848,,,SCHEDULED
2026-09-18T00:10:58.576141+00:00,1287670,086,415,40,0,1789690883,,,SCHEDULED
2026-09-18T00:10:58.576141+00:00,1287670,086,416,41,0,1789690909,,,SCHEDULED
2026-09-18T00:10:58.576141+00:00,1286991,075,4061,1,,,0,1789691220,SCHEDULED
2026-09-18T00:10:58.576141+00:00,1286991,075,1426,2,0,1789691294,,,SCHEDULED
2026-09-18T00:10:58.576141+00:00,1286991,075,1429,3,0,1789691361,,,SCHEDULED
2026-09-18T00:10:58.576141+00:00,1286991,075,1430,4,0,1789691398,,,SCHEDULED
2026-09-18T00:10:58.576141+00:00,1286991,075,3845,5,0,1789691483,,,SCHEDULED
2026-09-18T00:10:58.576141+00:00,1286991,075,3846,6,0,1789691535,,,SCHEDULED
2026-09-18T00:10:58.576141+00:00,1286991,075,3847,7,0,1789691577,,,SCHEDULED
2026-09-18T00:10:58.576141+00:00,1286991,075,1431,8,0,1789691610,,,SCHEDULED
2026-09-18T00:10:58.576141+00:00,1286991,075,1419,9,0,1789691681,,,SCHEDULED
2026-09-18T00:10:58.576141+00:00,1286991,075,9922,10,0,1789691758,,,SCHEDULED
2026-09-18T00:10:58.576141+00:00,1286991,075,1399,11,0,1789691826,,,SCHEDULED
2026-09-18T00:10:58.576141+00:00,1286991,075,1397,12,0,1789691878,,,SCHEDULED
2026-09-18T00:10:58.576141+00:00,1286991,075,9928,13,0,1789691959,,,SCHEDULED
2026-09-18T00:10:58.576141+00:00,1285142,023,1384,50,0,1789690339,,,SCHEDULED
2026-09-18T00:10:58.576141+00:00,1285142,023,1385,51,0,1789690367,,,SCHEDULED
2026-09-18T00:10:58.576141+00:00,1285142,023,1386,52,0,1789690440,,,SCHEDULED
2026-09-18T00:10:58.576141+00:00,1285142,023,1387,53,0,1789690497,,,SCHEDULED
2026-09-18T00:10:58.576141+00:00,1285142,023,1388,54,0,1789690564,,,SCHEDULED
2026-09-18T00:10:58.576141+00:00,1285142,023,1389,55,0,1789690635,,,SCHEDULED
2026-09-18T00:10:58.576141+00:00,1285142,023,1390,56,0,1789690699,,,SCHEDULED
2026-09-18T00:10:58.576141+00:00,1285142,023,1391,57,0,1789690739,,,SCHEDULED
2026-09-18T00:10:58.576141+00:00,1285142,023,1392,58,0,1789690796,,,SCHEDULED
2026-09-18T00:10:58.576141+00:00,1285142,023,1393,59,0,1789690833,,,SCHEDULED
2026-09-18T00:10:58.576141+00:00,1285142,023,1394,60,0,1789690867,,,SCHEDULED
2026-09-18T00:10:58.576141+00:00,1285142,023,1395,61,0,1789690924,,,SCHEDULED
2026-09-18T00:10:58.576141+00:00,1285142,023,1163,62,0,1789691009,,,SCHEDULED
2026-09-18T00:10:58.576141+00:00,1285142,023,1164,63,0,1789691100,,,SCHEDULED
2026-09-18T00:10:58.576141+00:00,1285142,023,1165,64,0,1789691285,,,SCHEDULED
2026-09-18T00:10:58.576141+00:00,1285142,023,1166,65,0,1789691397,,,SCHEDULED
2026-09-18T00:10:58.576141+00:00,1285142,023,1167,66,0,1789691432,,,SCHEDULED
2026-09-18T00:10:58.576141+00:00,1285142,023,1168,67,0,1789691470,,,SCHEDULED
2026-09-18T00:10:58.576141+00:00,1285142,023,284,68,0,1789691585,,,SCHEDULED
2026-09-18T00:10:58.576141+00:00,1285141,023,1187,3,0,1789690268,,,SCHEDULED
2026-09-18T00:10:58.576141+00:00,1285141,023,1188,4,0,1789690332,,,SCHEDULED
2026-09-18T00:10:58.576141+00:00,1285141,023,1189,5,0,1789690387,,,SCHEDULED
2026-09-18T00:10:58.576141+00:00,1285141,023,1190,6,0,1789690502,,,SCHEDULED
2026-09-18T00:10:58.576141+00:00,1285141,023,1337,7,0,1789690613,,,SCHEDULED
2026-09-18T00:10:58.576141+00:00,1285141,023,1338,8,0,1789690643,,,SCHEDULED
2026-09-18T00:10:58.576141+00:00,1285141,023,1339,9,0,1789690705,,,SCHEDULED
2026-09-18T00:10:58.576141+00:00,1285141,023,1340,10,0,1789690730,,,SCHEDULED
2026-09-18T00:10:58.576141+00:00,1285141,023,1341,11,0,1789690779,,,SCHEDULED
2026-09-18T00:10:58.576141+00:00,1285141,023,1342,12,0,1789690810,,,SCHEDULED
2026-09-18T00:10:58.576141+00:00,1285141,023,1343,13,0,1789690849,,,SCHEDULED
2026-09-18T00:10:58.576141+00:00,1285141,023,1344,14,0,1789690886,,,SCHEDULED
2026-09-18T00:10:58.576141+00:00,1285141,023,1346,15,0,1789690926,,,SCHEDULED
2026-09-18T00:10:58.576141+00:00,1285141,023,5362,16,0,1789690989,,,SCHEDULED
2026-09-18T00:10:58.576141+00:00,1285141,023,5361,17,0,1789691051,,,SCHEDULED
2026-09-18T00:10:58.576141+00:00,1285141,023,1348,18,0,1789691093,,,SCHEDULED
2026-09-18T00:10:58.576141+00:00,1285141,023,1349,19,0,1789691117,,,SCHEDULED
2026-09-18T00:10:58.576141+00:00,1285141,023,1350,20,0,1789691180,,,SCHEDULED
2026-09-18T00:10:58.576141+00:00,1285141,023,1351,21,0,1789691259,,,SCHEDULED
2026-09-18T00:10:58.576141+00:00,1285141,023,1353,22,0,1789691325,,,SCHEDULED
2026-09-18T00:10:58.576141+00:00,1285141,023,1354,23,0,1789691387,,,SCHEDULED
2026-09-18T00:10:58.576141+00:00,1285141,023,1355,24,0,1789691441,,,SCHEDULED
2026-09-18T00:10:58.576141+00:00,1285141,023,1356,25,0,1789691477,,,SCHEDULED
2026-09-18T00:10:58.576141+00:00,1285141,023,1357,26,0,1789691559,,,SCHEDULED
2026-09-18T00:10:58.576141+00:00,1285141,023,1358,27,0,1789691586,,,SCHEDULED
2026-09-18T00:10:58.576141+00:00,1285141,023,1359,28,0,1789691617,,,SCHEDULED
2026-09-18T00:10:58.576141+00:00,1285141,023,1360,29,0,1789691675,,,SCHEDULED
2026-09-18T00:10:58.576141+00:00,1285141,023,1361,30,0,1789691716,,,SCHEDULED
2026-09-18T00:10:58.576141+00:00,1285141,023,1363,31,0,1789691753,,,SCHEDULED
2026-09-18T00:10:58.576141+00:00,1285141,023,1139,32,0,1789691797,,,SCHEDULED
2026-09-18T00:10:58.576141+00:00,1285141,023,1365,33,0,1789691833,,,SCHEDULED
2026-09-18T00:10:58.576141+00:00,1285141,023,1366,34,0,1789691860,,,SCHEDULED
2026-09-18T00:10:58.576141+00:00,1285141,023,1367,35,0,1789691899,,,SCHEDULED
2026-09-18T00:10:58.576141+00:00,1285141,023,1368,36,0,1789691925,,,SCHEDULED
2026-09-18T00:10:58.576141+00:00,1285141,023,1369,37,0,1789691977,,,SCHEDULED
2026-09-18T00:10:58.576141+00:00,1285141,023,1370,38,0,1789692002,,,SCHEDULED
2026-09-18T00:10:58.576141+00:00,1286992,075,9922,10,0,1789690261,,,SCHEDULED
2026-09-18T00:10:58.576141+00:00,1286992,075,1399,11,0,1789690329,,,SCHEDULED
2026-09-18T00:10:58.576141+00:00,1286992,075,1397,12,0,1789690381,,,SCHEDULED
2026-09-18T00:10:58.576141+00:00,1286992,075,9928,13,0,1789690462,,,SCHEDULED
2026-09-18T00:10:58.576141+00:00,1286992,075,3802,14,0,1789690522,,,SCHEDULED
2026-09-18T00:10:58.576141+00:00,1286992,075,3852,15,0,1789690553,,,SCHEDULED
2026-09-18T00:10:58.576141+00:00,1285144,023,1165,64,0,1789690322,,,SCHEDULED
2026-09-18T00:10:58.576141+00:00,1285144,023,1166,65,0,1789690434,,,SCHEDULED
2026-09-18T00:10:58.576141+00:00,1285144,023,1167,66,0,1789690469,,,SCHEDULED
2026-09-18T00:10:58.576141+00:00,1285144,023,1168,67,0,1789690507,,,SCHEDULED
2026-09-18T00:10:58.576141+00:00,1285144,023,284,68,0,1789690622,,,SCHEDULED
2026-09-18T00:10:58.576141+00:00,1284693,013,1071,1,,,0,1789691551,SCHEDULED
2026-09-18T00:10:58.576141+00:00,1284693,013,1073,2,0,1789691647,,,SCHEDULED
2026-09-18T00:10:58.576141+00:00,1284693,013,1074,3,0,1789691682,,,SCHEDULED
2026-09-18T00:10:58.576141+00:00,1284693,013,1075,4,0,1789691733,,,SCHEDULED
2026-09-18T00:10:58.576141+00:00,1284693,013,1076,5,0,1789691762,,,SCHEDULED
2026-09-18T00:10:58.576141+00:00,1284693,013,1077,6,0,1789691800,,,SCHEDULED
2026-09-18T00:10:58.576141+00:00,1284693,013,1646,7,0,1789691851,,,SCHEDULED
2026-09-18T00:10:58.576141+00:00,1284693,013,1648,8,0,1789691934,,,SCHEDULED
2026-09-18T00:10:58.576141+00:00,1284693,013,1157,9,0,1789691999,,,SCHEDULED
2026-09-18T00:10:58.576141+00:00,1284693,013,1158,10,0,1789692044,,,SCHEDULED
2026-09-18T00:10:58.576141+00:00,1285143,023,1356,25,0,1789690285,,,SCHEDULED
2026-09-18T00:10:58.576141+00:00,1285143,023,1357,26,0,1789690375,,,SCHEDULED
2026-09-18T00:10:58.576141+00:00,1285143,023,1358,27,0,1789690404,,,SCHEDULED
2026-09-18T00:10:58.576141+00:00,1285143,023,1359,28,0,1789690438,,,SCHEDULED
2026-09-18T00:10:58.576141+00:00,1285143,023,1360,29,0,1789690501,,,SCHEDULED
2026-09-18T00:10:58.576141+00:00,1285143,023,1361,30,0,1789690546,,,SCHEDULED
2026-09-18T00:10:58.576141+00:00,1285143,023,1363,31,0,1789690586,,,SCHEDULED
2026-09-18T00:10:58.576141+00:00,1285143,023,1139,32,0,1789690640,,,SCHEDULED
2026-09-18T00:10:58.576141+00:00,1285143,023,1365,33,0,1789690684,,,SCHEDULED
2026-09-18T00:10:58.576141+00:00,1285143,023,1366,34,0,1789690717,,,SCHEDULED
2026-09-18T00:10:58.576141+00:00,1285143,023,1367,35,0,1789690764,,,SCHEDULED
2026-09-18T00:10:58.576141+00:00,1285143,023,1368,36,0,1789690797,,,SCHEDULED
2026-09-18T00:10:58.576141+00:00,1285143,023,1369,37,0,1789690860,,,SCHEDULED
2026-09-18T00:10:58.576141+00:00,1285143,023,1370,38,0,1789690891,,,SCHEDULED
2026-09-18T00:10:58.576141+00:00,1285143,023,1372,39,0,1789690966,,,SCHEDULED
2026-09-18T00:10:58.576141+00:00,1285143,023,1373,40,0,1789691011,,,SCHEDULED
2026-09-18T00:10:58.576141+00:00,1285143,023,1374,41,0,1789691065,,,SCHEDULED
2026-09-18T00:10:58.576141+00:00,1285143,023,1375,42,0,1789691105,,,SCHEDULED
2026-09-18T00:10:58.576141+00:00,1285143,023,1376,43,0,1789691133,,,SCHEDULED
2026-09-18T00:10:58.576141+00:00,1285143,023,1377,44,0,1789691175,,,SCHEDULED
2026-09-18T00:10:58.576141+00:00,1285143,023,1378,45,0,1789691208,,,SCHEDULED
2026-09-18T00:10:58.576141+00:00,1285143,023,1380,46,0,1789691246,,,SCHEDULED
2026-09-18T00:10:58.576141+00:00,1285143,023,1381,47,0,1789691287,,,SCHEDULED
2026-09-18T00:10:58.576141+00:00,1285143,023,1382,48,0,1789691373,,,SCHEDULED
2026-09-18T00:10:58.576141+00:00,1285143,023,1383,49,0,1789691414,,,SCHEDULED
2026-09-18T00:10:58.576141+00:00,1285143,023,1384,50,0,1789691505,,,SCHEDULED
2026-09-18T00:10:58.576141+00:00,1285143,023,1385,51,0,1789691533,,,SCHEDULED
2026-09-18T00:10:58.576141+00:00,1285143,023,1386,52,0,1789691606,,,SCHEDULED
2026-09-18T00:10:58.576141+00:00,1285143,023,1387,53,0,1789691663,,,SCHEDULED
2026-09-18T00:10:58.576141+00:00,1285143,023,1388,54,0,1789691730,,,SCHEDULED
2026-09-18T00:10:58.576141+00:00,1285143,023,1389,55,0,1789691801,,,SCHEDULED
2026-09-18T00:10:58.576141+00:00,1285143,023,1390,56,0,1789691865,,,SCHEDULED
2026-09-18T00:10:58.576141+00:00,1285143,023,1391,57,0,1789691905,,,SCHEDULED
2026-09-18T00:10:58.576141+00:00,1285143,023,1392,58,0,1789691962,,,SCHEDULED
2026-09-18T00:10:58.576141+00:00,1285143,023,1393,59,0,1789691999,,,SCHEDULED
2026-09-18T00:10:58.576141+00:00,1286599,067,2173,48,0,1789690308,,,SCHEDULED
2026-09-18T00:10:58.576141+00:00,1286599,067,494,49,0,1789690429,,,SCHEDULED
2026-09-18T00:10:58.576141+00:00,1286599,067,3831,50,0,1789690585,,,SCHEDULED
2026-09-18T00:10:58.576141+00:00,1286599,067,3833,51,0,1789690696,,,SCHEDULED
2026-09-18T00:10:58.576141+00:00,1286599,067,3834,52,0,1789690780,,,SCHEDULED
2026-09-18T00:10:58.576141+00:00,1286599,067,3939,53,0,1789690945,,,SCHEDULED
2026-09-18T00:10:58.576141+00:00,1286599,067,5107,54,0,1789690985,,,SCHEDULED
2026-09-18T00:10:58.576141+00:00,1286599,067,4020,55,0,1789691028,,,SCHEDULED
2026-09-18T00:10:58.576141+00:00,1286599,067,4021,56,0,1789691074,,,SCHEDULED
2026-09-18T00:10:58.576141+00:00,1286599,067,4022,57,0,1789691126,,,SCHEDULED
2026-09-18T00:10:58.576141+00:00,1286599,067,242,58,0,1789691210,,,SCHEDULED
2026-09-18T00:10:58.576141+00:00,1286599,067,243,59,0,1789691256,,,SCHEDULED
2026-09-18T00:10:58.576141+00:00,1286599,067,244,60,0,1789691296,,,SCHEDULED
2026-09-18T00:10:58.576141+00:00,1286599,067,1038,61,0,1789691366,,,SCHEDULED
2026-09-18T00:10:58.576141+00:00,1286599,067,4019,62,0,1789691412,,,SCHEDULED
2026-09-18T00:10:58.576141+00:00,1285421,026,1532,38,0,1789690050,,,SCHEDULED
2026-09-18T00:10:58.576141+00:00,1285421,026,1533,39,0,1789690175,,,SCHEDULED
2026-09-18T00:10:58.576141+00:00,1285421,026,1534,40,0,1789690229,,,SCHEDULED
2026-09-18T00:10:58.576141+00:00,1285421,026,1535,41,0,1789690271,,,SCHEDULED
2026-09-18T00:10:58.576141+00:00,1285421,026,1536,42,0,1789690353,,,SCHEDULED
2026-09-18T00:10:58.576141+00:00,1285421,026,1537,43,0,1789690408,,,SCHEDULED
2026-09-18T00:10:58.576141+00:00,1285421,026,1538,44,0,1789690467,,,SCHEDULED
2026-09-18T00:10:58.576141+00:00,1285421,026,1539,45,0,1789690522,,,SCHEDULED
2026-09-18T00:10:58.576141+00:00,1285421,026,1540,46,0,1789690573,,,SCHEDULED
2026-09-18T00:10:58.576141+00:00,1285421,026,1542,47,0,1789690691,,,SCHEDULED
2026-09-18T00:10:58.576141+00:00,1285421,026,1541,48,0,1789690844,,,SCHEDULED
2026-09-18T00:10:58.576141+00:00,1285421,026,2980,49,0,1789690877,,,SCHEDULED
2026-09-18T00:10:58.576141+00:00,1285421,026,8958,50,0,1789690940,,,SCHEDULED
2026-09-18T00:10:58.576141+00:00,1284695,013,284,23,0,1789690320,,,SCHEDULED
2026-09-18T00:10:58.576141+00:00,1284695,013,1635,24,0,1789690408,,,SCHEDULED
2026-09-18T00:10:58.576141+00:00,1284695,013,4750,25,0,1789690612,,,SCHEDULED
2026-09-18T00:10:58.576141+00:00,1284695,013,3980,26,0,1789690694,,,SCHEDULED
2026-09-18T00:10:58.576141+00:00,1284695,013,3979,27,0,1789690772,,,SCHEDULED
2026-09-18T00:10:58.576141+00:00,1284695,013,3981,28,0,1789690832,,,SCHEDULED
2026-09-18T00:10:58.576141+00:00,1284695,013,3982,29,0,1789690892,,,SCHEDULED
2026-09-18T00:10:58.576141+00:00,1284695,013,103,30,0,1789690939,,,SCHEDULED
2026-09-18T00:10:58.576141+00:00,1284695,013,3240,31,0,1789691012,,,SCHEDULED
2026-09-18T00:10:58.576141+00:00,1284695,013,3241,32,0,1789691035,,,SCHEDULED
2026-09-18T00:10:58.576141+00:00,1284695,013,3242,33,0,1789691058,,,SCHEDULED
2026-09-18T00:10:58.576141+00:00,1284695,013,3243,34,0,1789691130,,,SCHEDULED
2026-09-18T00:10:58.576141+00:00,1284695,013,3244,35,0,1789691153,,,SCHEDULED
2026-09-18T00:10:58.576141+00:00,1284695,013,3246,36,0,1789691271,,,SCHEDULED
2026-09-18T00:10:58.576141+00:00,1284695,013,8927,37,0,1789691322,,,SCHEDULED
2026-09-18T00:10:58.576141+00:00,1284695,013,4710,38,0,1789691492,,,SCHEDULED
2026-09-18T00:10:58.576141+00:00,1284695,013,8928,39,0,1789691561,,,SCHEDULED
2026-09-18T00:10:58.576141+00:00,1284695,013,8929,40,0,1789691672,,,SCHEDULED
2026-09-18T00:10:58.576141+00:00,1284695,013,8930,41,0,1789691719,,,SCHEDULED
2026-09-18T00:10:58.576141+00:00,1284695,013,543,42,0,1789691768,,,SCHEDULED
2026-09-18T00:10:58.576141+00:00,1284695,013,1731,43,0,1789691864,,,SCHEDULED
2026-09-18T00:10:58.576141+00:00,1284695,013,1680,44,0,1789691948,,,SCHEDULED
2026-09-18T00:10:58.576141+00:00,1284695,013,1364,45,0,1789692042,,,SCHEDULED
2026-09-18T00:10:58.576141+00:00,1284694,013,1635,24,0,1789690256,,,SCHEDULED
2026-09-18T00:10:58.576141+00:00,1284694,013,4750,25,0,1789690460,,,SCHEDULED
2026-09-18T00:10:58.576141+00:00,1284694,013,3980,26,0,1789690542,,,SCHEDULED
2026-09-18T00:10:58.576141+00:00,1284694,013,3979,27,0,1789690620,,,SCHEDULED
2026-09-18T00:10:58.576141+00:00,1284694,013,3981,28,0,1789690680,,,SCHEDULED
2026-09-18T00:10:58.576141+00:00,1284694,013,3982,29,0,1789690740,,,SCHEDULED
2026-09-18T00:10:58.576141+00:00,1284694,013,103,30,0,1789690787,,,SCHEDULED
2026-09-18T00:10:58.576141+00:00,1284694,013,3240,31,0,1789690860,,,SCHEDULED
2026-09-18T00:10:58.576141+00:00,1284694,013,3241,32,0,1789690883,,,SCHEDULED
2026-09-18T00:10:58.576141+00:00,1284694,013,3242,33,0,1789690906,,,SCHEDULED
2026-09-18T00:10:58.576141+00:00,1284694,013,3243,34,0,1789690978,,,SCHEDULED
2026-09-18T00:10:58.576141+00:00,1284694,013,3244,35,0,1789691001,,,SCHEDULED
2026-09-18T00:10:58.576141+00:00,1284694,013,3246,36,0,1789691119,,,SCHEDULED
2026-09-18T00:10:58.576141+00:00,1284694,013,8927,37,0,1789691170,,,SCHEDULED
2026-09-18T00:10:58.576141+00:00,1284694,013,4710,38,0,1789691340,,,SCHEDULED
2026-09-18T00:10:58.576141+00:00,1284694,013,8928,39,0,1789691409,,,SCHEDULED
2026-09-18T00:10:58.576141+00:00,1284694,013,8929,40,0,1789691520,,,SCHEDULED
2026-09-18T00:10:58.576141+00:00,1284694,013,8930,41,0,1789691567,,,SCHEDULED
2026-09-18T00:10:58.576141+00:00,1284694,013,543,42,0,1789691616,,,SCHEDULED
2026-09-18T00:10:58.576141+00:00,1284694,013,1731,43,0,1789691712,,,SCHEDULED
2026-09-18T00:10:58.576141+00:00,1284694,013,1680,44,0,1789691796,,,SCHEDULED
2026-09-18T00:10:58.576141+00:00,1284694,013,1364,45,0,1789691890,,,SCHEDULED
2026-09-18T00:10:58.576141+00:00,1285420,026,3061,9,0,1789690260,,,SCHEDULED
2026-09-18T00:10:58.576141+00:00,1285420,026,3062,10,0,1789690319,,,SCHEDULED
2026-09-18T00:10:58.576141+00:00,1285420,026,3063,11,0,1789690387,,,SCHEDULED
2026-09-18T00:10:58.576141+00:00,1285420,026,3064,12,0,1789690443,,,SCHEDULED
2026-09-18T00:10:58.576141+00:00,1285420,026,3065,13,0,1789690478,,,SCHEDULED
2026-09-18T00:10:58.576141+00:00,1285420,026,3066,14,0,1789690517,,,SCHEDULED
2026-09-18T00:10:58.576141+00:00,1285420,026,629,15,0,1789690620,,,SCHEDULED
2026-09-18T00:10:58.576141+00:00,1285420,026,651,16,0,1789690721,,,SCHEDULED
2026-09-18T00:10:58.576141+00:00,1285420,026,544,17,0,1789690810,,,SCHEDULED
2026-09-18T00:10:58.576141+00:00,1285420,026,3049,18,0,1789691135,,,SCHEDULED
2026-09-18T00:10:58.576141+00:00,1285420,026,3070,19,0,1789691206,,,SCHEDULED
2026-09-18T00:10:58.576141+00:00,1285420,026,3071,20,0,1789691278,,,SCHEDULED
2026-09-18T00:10:58.576141+00:00,1285420,026,3072,21,0,1789691336,,,SCHEDULED
2026-09-18T00:10:58.576141+00:00,1285420,026,9801,22,0,1789691470,,,SCHEDULED
2026-09-18T00:10:58.576141+00:00,1285420,026,3073,23,0,1789691517,,,SCHEDULED
2026-09-18T00:10:58.576141+00:00,1285420,026,1518,24,0,1789691614,,,SCHEDULED
2026-09-18T00:10:58.576141+00:00,1285420,026,1519,25,0,1789691765,,,SCHEDULED
2026-09-18T00:10:58.576141+00:00,1285420,026,1520,26,0,1789691877,,,SCHEDULED
2026-09-18T00:10:58.576141+00:00,1285420,026,1521,27,0,1789691928,,,SCHEDULED
2026-09-18T00:10:58.576141+00:00,1285420,026,1522,28,0,1789691954,,,SCHEDULED
2026-09-18T00:10:58.576141+00:00,1285420,026,1523,29,0,1789692010,,,SCHEDULED
2026-09-18T00:10:58.576141+00:00,1286872,072,323,1,,,0,1789690680,SCHEDULED
2026-09-18T00:10:58.576141+00:00,1286872,072,4210,2,0,1789690923,,,SCHEDULED
2026-09-18T00:10:58.576141+00:00,1286872,072,4211,3,0,1789690964,,,SCHEDULED
2026-09-18T00:10:58.576141+00:00,1286872,072,4213,4,0,1789690987,,,SCHEDULED
2026-09-18T00:10:58.576141+00:00,1286872,072,4214,5,0,1789691030,,,SCHEDULED
2026-09-18T00:10:58.576141+00:00,1286872,072,4217,6,0,1789691069,,,SCHEDULED
2026-09-18T00:10:58.576141+00:00,1286872,072,5249,7,0,1789691104,,,SCHEDULED
2026-09-18T00:10:58.576141+00:00,1286872,072,4215,8,0,1789691161,,,SCHEDULED
2026-09-18T00:10:58.576141+00:00,1286872,072,4216,9,0,1789691186,,,SCHEDULED
2026-09-18T00:10:58.576141+00:00,1286872,072,2816,10,0,1789691220,,,SCHEDULED
2026-09-18T00:10:58.576141+00:00,1286872,072,2817,11,0,1789691250,,,SCHEDULED
2026-09-18T00:10:58.576141+00:00,1286872,072,2818,12,0,1789691280,,,SCHEDULED
2026-09-18T00:10:58.576141+00:00,1286872,072,2819,13,0,1789691305,,,SCHEDULED
2026-09-18T00:10:58.576141+00:00,1286872,072,2820,14,0,1789691343,,,SCHEDULED
2026-09-18T00:10:58.576141+00:00,1286872,072,2821,15,0,1789691378,,,SCHEDULED
2026-09-18T00:10:58.576141+00:00,1286872,072,2822,16,0,1789691415,,,SCHEDULED
2026-09-18T00:10:58.576141+00:00,1286872,072,2824,17,0,1789691476,,,SCHEDULED
2026-09-18T00:10:58.576141+00:00,1286872,072,2825,18,0,1789691526,,,SCHEDULED
2026-09-18T00:10:58.576141+00:00,1286872,072,2826,19,0,1789691561,,,SCHEDULED
2026-09-18T00:10:58.576141+00:00,1286872,072,3861,20,0,1789691619,,,SCHEDULED
2026-09-18T00:10:58.576141+00:00,1286872,072,3862,21,0,1789691649,,,SCHEDULED
2026-09-18T00:10:58.576141+00:00,1286872,072,3864,22,0,1789691729,,,SCHEDULED
2026-09-18T00:10:58.576141+00:00,1286872,072,3865,23,0,1789691760,,,SCHEDULED
2026-09-18T00:10:58.576141+00:00,1286872,072,496,24,0,1789691875,,,SCHEDULED
2026-09-18T00:10:58.576141+00:00,1286872,072,3866,25,0,1789691944,,,SCHEDULED
2026-09-18T00:10:58.576141+00:00,1286872,072,3867,26,0,1789691985,,,SCHEDULED
2026-09-18T00:10:58.576141+00:00,1287961,088,626,26,0,1789690271,,,SCHEDULED
2026-09-18T00:10:58.576141+00:00,1287961,088,5271,27,0,1789690357,,,SCHEDULED
2026-09-18T00:10:58.576141+00:00,1286597,067,1099,1,,,0,1789690320,SCHEDULED
2026-09-18T00:10:58.576141+00:00,1286597,067,2645,2,0,1789690425,,,SCHEDULED
2026-09-18T00:10:58.576141+00:00,1286597,067,2643,3,0,1789690442,,,SCHEDULED
2026-09-18T00:10:58.576141+00:00,1286597,067,2644,4,0,1789690495,,,SCHEDULED
2026-09-18T00:10:58.576141+00:00,1286597,067,2646,5,0,1789690577,,,SCHEDULED
2026-09-18T00:10:58.576141+00:00,1286597,067,2647,6,0,1789690603,,,SCHEDULED
2026-09-18T00:10:58.576141+00:00,1286597,067,2648,7,0,1789691247,,,SCHEDULED
2026-09-18T00:10:58.576141+00:00,1286597,067,5344,8,0,1789691274,,,SCHEDULED
2026-09-18T00:10:58.576141+00:00,1286597,067,2649,9,0,1789691297,,,SCHEDULED
2026-09-18T00:10:58.576141+00:00,1286597,067,2650,10,0,1789691323,,,SCHEDULED
2026-09-18T00:10:58.576141+00:00,1286597,067,2651,11,0,1789691350,,,SCHEDULED
2026-09-18T00:10:58.576141+00:00,1286597,067,2653,12,0,1789691400,,,SCHEDULED
2026-09-18T00:10:58.576141+00:00,1286597,067,2654,13,0,1789691528,,,SCHEDULED
2026-09-18T00:10:58.576141+00:00,1286597,067,9811,14,0,1789691640,,,SCHEDULED
2026-09-18T00:10:58.576141+00:00,1286597,067,880,15,0,1789691717,,,SCHEDULED
2026-09-18T00:10:58.576141+00:00,1286597,067,2656,16,0,1789691790,,,SCHEDULED
2026-09-18T00:10:58.576141+00:00,1286597,067,2655,17,0,1789691825,,,SCHEDULED
2026-09-18T00:10:58.576141+00:00,1286597,067,1915,18,0,1789691880,,,SCHEDULED
2026-09-18T00:10:58.576141+00:00,1286597,067,2569,19,0,1789691955,,,SCHEDULED
2026-09-18T00:10:58.576141+00:00,1287203,081,3130,24,0,1789690491,,,SCHEDULED
2026-09-18T00:10:58.576141+00:00,1287203,081,3131,25,0,1789690620,,,SCHEDULED
2026-09-18T00:10:58.576141+00:00,1287203,081,3132,26,0,1789690677,,,SCHEDULED
2026-09-18T00:10:58.576141+00:00,1287203,081,3134,27,0,1789690865,,,SCHEDULED
2026-09-18T00:10:58.576141+00:00,1287203,081,3135,28,0,1789690951,,,SCHEDULED
2026-09-18T00:10:58.576141+00:00,1287203,081,3136,29,0,1789691014,,,SCHEDULED
2026-09-18T00:10:58.576141+00:00,1287203,081,3137,30,0,1789691100,,,SCHEDULED
2026-09-18T00:10:58.576141+00:00,1287203,081,3138,31,0,1789691205,,,SCHEDULED
2026-09-18T00:10:58.576141+00:00,1287203,081,3139,32,0,1789691260,,,SCHEDULED
2026-09-18T00:10:58.576141+00:00,1287203,081,3140,33,0,1789691313,,,SCHEDULED
2026-09-18T00:10:58.576141+00:00,1287203,081,3141,34,0,1789691343,,,SCHEDULED
2026-09-18T00:10:58.576141+00:00,1287203,081,3142,35,0,1789691368,,,SCHEDULED
2026-09-18T00:10:58.576141+00:00,1287203,081,3143,36,0,1789691414,,,SCHEDULED
2026-09-18T00:10:58.576141+00:00,1287203,081,3144,37,0,1789691439,,,SCHEDULED
2026-09-18T00:10:58.576141+00:00,1286598,067,2571,21,0,1789690262,,,SCHEDULED
2026-09-18T00:10:58.576141+00:00,1286598,067,2572,22,0,1789690346,,,SCHEDULED
2026-09-18T00:10:58.576141+00:00,1286598,067,2573,23,0,1789690386,,,SCHEDULED
2026-09-18T00:10:58.576141+00:00,1286598,067,2574,24,0,1789690422,,,SCHEDULED
2026-09-18T00:10:58.576141+00:00,1286598,067,2575,25,0,1789690453,,,SCHEDULED
2026-09-18T00:10:58.576141+00:00,1286598,067,2576,26,0,1789690480,,,SCHEDULED
2026-09-18T00:10:58.576141+00:00,1286598,067,2577,27,0,1789690506,,,SCHEDULED
2026-09-18T00:10:58.576141+00:00,1286598,067,2578,28,0,1789690560,,,SCHEDULED
2026-09-18T00:10:58.576141+00:00,1286598,067,2580,29,0,1789690749,,,SCHEDULED
2026-09-18T00:10:58.576141+00:00,1286598,067,2581,30,0,1789690804,,,SCHEDULED
2026-09-18T00:10:58.576141+00:00,1286598,067,2582,31,0,1789690856,,,SCHEDULED
2026-09-18T00:10:58.576141+00:00,1286598,067,2583,32,0,1789690895,,,SCHEDULED
2026-09-18T00:10:58.576141+00:00,1286598,067,2584,33,0,1789690938,,,SCHEDULED
2026-09-18T00:10:58.576141+00:00,1286598,067,2585,34,0,1789691013,,,SCHEDULED
2026-09-18T00:10:58.576141+00:00,1286598,067,2586,35,0,1789691069,,,SCHEDULED
2026-09-18T00:10:58.576141+00:00,1286598,067,2587,36,0,1789691160,,,SCHEDULED
2026-09-18T00:10:58.576141+00:00,1286598,067,2588,37,0,1789691199,,,SCHEDULED
2026-09-18T00:10:58.576141+00:00,1286598,067,2589,38,0,1789691306,,,SCHEDULED
2026-09-18T00:10:58.576141+00:00,1286598,067,2590,39,0,1789691346,,,SCHEDULED
2026-09-18T00:10:58.576141+00:00,1286598,067,2591,40,0,1789691394,,,SCHEDULED
2026-09-18T00:10:58.576141+00:00,1286598,067,2592,41,0,1789691444,,,SCHEDULED
2026-09-18T00:10:58.576141+00:00,1286598,067,2593,42,0,1789691504,,,SCHEDULED
2026-09-18T00:10:58.576141+00:00,1286598,067,2594,43,0,1789691557,,,SCHEDULED
2026-09-18T00:10:58.576141+00:00,1286598,067,2595,44,0,1789691597,,,SCHEDULED
2026-09-18T00:10:58.576141+00:00,1286598,067,2596,45,0,1789691625,,,SCHEDULED
2026-09-18T00:10:58.576141+00:00,1286598,067,2031,46,0,1789691681,,,SCHEDULED
2026-09-18T00:10:58.576141+00:00,1286598,067,2032,47,0,1789691724,,,SCHEDULED
2026-09-18T00:10:58.576141+00:00,1286598,067,2173,48,0,1789691783,,,SCHEDULED
2026-09-18T00:10:58.576141+00:00,1286598,067,494,49,0,1789691904,,,SCHEDULED
2026-09-18T00:10:58.576141+00:00,1286477,062,2277,22,0,1789690275,,,SCHEDULED
2026-09-18T00:10:58.576141+00:00,1286477,062,2278,23,0,1789690306,,,SCHEDULED
2026-09-18T00:10:58.576141+00:00,1286477,062,2279,24,0,1789690372,,,SCHEDULED
2026-09-18T00:10:58.576141+00:00,1286477,062,2280,25,0,1789690434,,,SCHEDULED
2026-09-18T00:10:58.576141+00:00,1286477,062,2281,26,0,1789690470,,,SCHEDULED
2026-09-18T00:10:58.576141+00:00,1286477,062,2346,27,0,1789690541,,,SCHEDULED
2026-09-18T00:10:58.576141+00:00,1286477,062,2347,28,0,1789690581,,,SCHEDULED
2026-09-18T00:10:58.576141+00:00,1286477,062,2348,29,0,1789690621,,,SCHEDULED
2026-09-18T00:10:58.576141+00:00,1286477,062,2350,30,0,1789690659,,,SCHEDULED
2026-09-18T00:10:58.576141+00:00,1286477,062,2351,31,0,1789690702,,,SCHEDULED
2026-09-18T00:10:58.576141+00:00,1286477,062,5313,32,0,1789690755,,,SCHEDULED
2026-09-18T00:10:58.576141+00:00,1286477,062,2352,33,0,1789690786,,,SCHEDULED
2026-09-18T00:10:58.576141+00:00,1286477,062,2353,34,0,1789690839,,,SCHEDULED
2026-09-18T00:10:58.576141+00:00,1286477,062,2354,35,0,1789690869,,,SCHEDULED
2026-09-18T00:10:58.576141+00:00,1286477,062,2355,36,0,1789690900,,,SCHEDULED
2026-09-18T00:10:58.576141+00:00,1286477,062,2356,37,0,1789690917,,,SCHEDULED
2026-09-18T00:10:58.576141+00:00,1286477,062,465,38,0,1789690955,,,SCHEDULED
2026-09-18T00:10:58.576141+00:00,1286477,062,466,39,0,1789690986,,,SCHEDULED
2026-09-18T00:10:58.576141+00:00,1286477,062,467,40,0,1789691036,,,SCHEDULED
2026-09-18T00:10:58.576141+00:00,1286477,062,468,41,0,1789691056,,,SCHEDULED
2026-09-18T00:10:58.576141+00:00,1286477,062,469,42,0,1789691092,,,SCHEDULED
2026-09-18T00:10:58.576141+00:00,1286477,062,470,43,0,1789691140,,,SCHEDULED
2026-09-18T00:10:58.576141+00:00,1286477,062,471,44,0,1789691165,,,SCHEDULED
2026-09-18T00:10:58.576141+00:00,1286477,062,472,45,0,1789691201,,,SCHEDULED
2026-09-18T00:10:58.576141+00:00,1286477,062,473,46,0,1789691248,,,SCHEDULED
2026-09-18T00:10:58.576141+00:00,1286477,062,474,47,0,1789691280,,,SCHEDULED
2026-09-18T00:10:58.576141+00:00,1286477,062,475,48,0,1789691309,,,SCHEDULED
2026-09-18T00:10:58.576141+00:00,1286477,062,476,49,0,1789691372,,,SCHEDULED
2026-09-18T00:10:58.576141+00:00,1286477,062,477,50,0,1789691393,,,SCHEDULED
2026-09-18T00:10:58.576141+00:00,1286477,062,4134,51,0,1789691448,,,SCHEDULED
2026-09-18T00:10:58.576141+00:00,1286477,062,4136,52,0,1789691528,,,SCHEDULED
2026-09-18T00:10:58.576141+00:00,1286477,062,4137,53,0,1789691612,,,SCHEDULED
2026-09-18T00:10:58.576141+00:00,1285547,030,275,1,,,0,1789690255,SCHEDULED
2026-09-18T00:10:58.576141+00:00,1285547,030,1689,2,0,1789690403,,,SCHEDULED
2026-09-18T00:10:58.576141+00:00,1285547,030,1691,3,0,1789690453,,,SCHEDULED
2026-09-18T00:10:58.576141+00:00,1285547,030,1692,4,0,1789690470,,,SCHEDULED
2026-09-18T00:10:58.576141+00:00,1285547,030,1693,5,0,1789690495,,,SCHEDULED
2026-09-18T00:10:58.576141+00:00,1285547,030,1694,6,0,1789690518,,,SCHEDULED
2026-09-18T00:10:58.576141+00:00,1285547,030,1695,7,0,1789690535,,,SCHEDULED
2026-09-18T00:10:58.576141+00:00,1285547,030,1697,8,0,1789690585,,,SCHEDULED
2026-09-18T00:10:58.576141+00:00,1285547,030,1699,9,0,1789690641,,,SCHEDULED
2026-09-18T00:10:58.576141+00:00,1285547,030,1700,10,0,1789690675,,,SCHEDULED
2026-09-18T00:10:58.576141+00:00,1285547,030,1701,11,0,1789690705,,,SCHEDULED
2026-09-18T00:10:58.576141+00:00,1285547,030,1702,12,0,1789690752,,,SCHEDULED
2026-09-18T00:10:58.576141+00:00,1285547,030,1703,13,0,1789690798,,,SCHEDULED
2026-09-18T00:10:58.576141+00:00,1285547,030,1704,14,0,1789690875,,,SCHEDULED
2026-09-18T00:10:58.576141+00:00,1285547,030,1705,15,0,1789690957,,,SCHEDULED
2026-09-18T00:10:58.576141+00:00,1285547,030,1707,16,0,1789691035,,,SCHEDULED
2026-09-18T00:10:58.576141+00:00,1285547,030,1708,17,0,1789691075,,,SCHEDULED
2026-09-18T00:10:58.576141+00:00,1285547,030,1709,18,0,1789691124,,,SCHEDULED
2026-09-18T00:10:58.576141+00:00,1285547,030,1710,19,0,1789691185,,,SCHEDULED
2026-09-18T00:10:58.576141+00:00,1285547,030,1711,20,0,1789691238,,,SCHEDULED
2026-09-18T00:10:58.576141+00:00,1285547,030,519,21,0,1789691267,,,SCHEDULED
2026-09-18T00:10:58.576141+00:00,1285547,030,521,22,0,1789691320,,,SCHEDULED
2026-09-18T00:10:58.576141+00:00,1285547,030,522,23,0,1789691393,,,SCHEDULED
2026-09-18T00:10:58.576141+00:00,1285547,030,525,24,0,1789691499,,,SCHEDULED
2026-09-18T00:10:58.576141+00:00,1285547,030,526,25,0,1789691629,,,SCHEDULED
2026-09-18T00:10:58.576141+00:00,1285547,030,527,26,0,1789691662,,,SCHEDULED
2026-09-18T00:10:58.576141+00:00,1285547,030,528,27,0,1789691695,,,SCHEDULED
2026-09-18T00:10:58.576141+00:00,1285547,030,5252,28,0,1789691812,,,SCHEDULED
2026-09-18T00:10:58.576141+00:00,1285547,030,281,29,0,1789691918,,,SCHEDULED
2026-09-18T00:10:58.576141+00:00,1285706,033,536,1,,,0,1789690440,SCHEDULED
2026-09-18T00:10:58.576141+00:00,1285706,033,537,2,0,1789690597,,,SCHEDULED
2026-09-18T00:10:58.576141+00:00,1288253,138,883,4,0,1789690599,,,SCHEDULED
2026-09-18T00:10:58.576141+00:00,1288253,138,3718,5,0,1789690669,,,SCHEDULED
2026-09-18T00:10:58.576141+00:00,1286471,062,415,3,0,1789690286,,,SCHEDULED
2026-09-18T00:10:58.576141+00:00,1286471,062,416,4,0,1789690326,,,SCHEDULED
2026-09-18T00:10:58.576141+00:00,1286471,062,418,5,0,1789690406,,,SCHEDULED
2026-09-18T00:10:58.576141+00:00,1286471,062,4763,6,0,1789690496,,,SCHEDULED
2026-09-18T00:10:58.576141+00:00,1286471,062,1716,7,0,1789690561,,,SCHEDULED
2026-09-18T00:10:58.576141+00:00,1286471,062,2256,8,0,1789690686,,,SCHEDULED
2026-09-18T00:10:58.576141+00:00,1286471,062,2257,9,0,1789690721,,,SCHEDULED
2026-09-18T00:10:58.576141+00:00,1286471,062,2258,10,0,1789690766,,,SCHEDULED
2026-09-18T00:10:58.576141+00:00,1286471,062,2260,11,0,1789690888,,,SCHEDULED
2026-09-18T00:10:58.576141+00:00,1286471,062,2261,12,0,1789690919,,,SCHEDULED
2026-09-18T00:10:58.576141+00:00,1286471,062,2262,13,0,1789690981,,,SCHEDULED
2026-09-18T00:10:58.576141+00:00,1286471,062,2264,14,0,1789691103,,,SCHEDULED
2026-09-18T00:10:58.576141+00:00,1286471,062,380,15,0,1789691246,,,SCHEDULED
2026-09-18T00:10:58.576141+00:00,1286471,062,411,16,0,1789691313,,,SCHEDULED
2026-09-18T00:10:58.576141+00:00,1286471,062,2271,17,0,1789691543,,,SCHEDULED
2026-09-18T00:10:58.576141+00:00,1286471,062,2272,18,0,1789691606,,,SCHEDULED
2026-09-18T00:10:58.576141+00:00,1286471,062,2273,19,0,1789691645,,,SCHEDULED
2026-09-18T00:10:58.576141+00:00,1286471,062,2275,20,0,1789691708,,,SCHEDULED
2026-09-18T00:10:58.576141+00:00,1286471,062,2276,21,0,1789691775,,,SCHEDULED
2026-09-18T00:10:58.576141+00:00,1286471,062,2277,22,0,1789691849,,,SCHEDULED
2026-09-18T00:10:58.576141+00:00,1286471,062,2278,23,0,1789691877,,,SCHEDULED
2026-09-18T00:10:58.576141+00:00,1286471,062,2279,24,0,1789691936,,,SCHEDULED
2026-09-18T00:10:58.576141+00:00,1284292,010,11081,2,0,1789690256,,,SCHEDULED
2026-09-18T00:10:58.576141+00:00,1284292,010,11082,3,0,1789690314,,,SCHEDULED
2026-09-18T00:10:58.576141+00:00,1284292,010,11083,4,0,1789690354,,,SCHEDULED
2026-09-18T00:10:58.576141+00:00,1284292,010,11084,5,0,1789690423,,,SCHEDULED
2026-09-18T00:10:58.576141+00:00,1284292,010,11085,6,0,1789690446,,,SCHEDULED
2026-09-18T00:10:58.576141+00:00,1284292,010,11086,7,0,1789690498,,,SCHEDULED
2026-09-18T00:10:58.576141+00:00,1284292,010,11087,8,0,1789690542,,,SCHEDULED
2026-09-18T00:10:58.576141+00:00,1284292,010,11088,9,0,1789690611,,,SCHEDULED
2026-09-18T00:10:58.576141+00:00,1284292,010,11114,10,0,1789690723,,,SCHEDULED
2026-09-18T00:10:58.576141+00:00,1284292,010,11221,11,0,1789690796,,,SCHEDULED
2026-09-18T00:10:58.576141+00:00,1284292,010,11116,12,0,1789690916,,,SCHEDULED
2026-09-18T00:10:58.576141+00:00,1284292,010,11117,13,0,1789691022,,,SCHEDULED
2026-09-18T00:10:58.576141+00:00,1284292,010,11122,14,0,1789691110,,,SCHEDULED
2026-09-18T00:10:58.576141+00:00,1284292,010,11123,15,0,1789691152,,,SCHEDULED
2026-09-18T00:10:58.576141+00:00,1284292,010,11199,16,0,1789691215,,,SCHEDULED
2026-09-18T00:10:58.576141+00:00,1284292,010,11091,17,0,1789691309,,,SCHEDULED
2026-09-18T00:10:58.576141+00:00,1284292,010,11125,18,0,1789691401,,,SCHEDULED
2026-09-18T00:10:58.576141+00:00,1284292,010,11157,19,0,1789691467,,,SCHEDULED
2026-09-18T00:10:58.576141+00:00,1284292,010,11033,20,0,1789691563,,,SCHEDULED
2026-09-18T00:10:58.576141+00:00,1284292,010,11133,21,0,1789691745,,,SCHEDULED
2026-09-18T00:10:58.576141+00:00,1284292,010,11134,22,0,1789691786,,,SCHEDULED
2026-09-18T00:10:58.576141+00:00,1284292,010,11136,23,0,1789691820,,,SCHEDULED
2026-09-18T00:10:58.576141+00:00,1284292,010,11137,24,0,1789691868,,,SCHEDULED
2026-09-18T00:10:58.576141+00:00,1284292,010,11138,25,0,1789691909,,,SCHEDULED
2026-09-18T00:10:58.576141+00:00,1284292,010,11139,26,0,1789691934,,,SCHEDULED
2026-09-18T00:10:58.576141+00:00,1284292,010,11140,27,0,1789691983,,,SCHEDULED
2026-09-18T00:10:58.576141+00:00,1287178,081,5203,17,0,1789690343,,,SCHEDULED
2026-09-18T00:10:58.576141+00:00,1287178,081,2368,18,0,1789690445,,,SCHEDULED
2026-09-18T00:10:58.576141+00:00,1287178,081,2370,19,0,1789690572,,,SCHEDULED
2026-09-18T00:10:58.576141+00:00,1287178,081,2371,20,0,1789690639,,,SCHEDULED
2026-09-18T00:10:58.576141+00:00,1287178,081,2372,21,0,1789690684,,,SCHEDULED
2026-09-18T00:10:58.576141+00:00,1287178,081,2373,22,0,1789690729,,,SCHEDULED
2026-09-18T00:10:58.576141+00:00,1287178,081,2374,23,0,1789690789,,,SCHEDULED
2026-09-18T00:10:58.576141+00:00,1287178,081,5223,24,0,1789690914,,,SCHEDULED
2026-09-18T00:10:58.576141+00:00,1287178,081,2165,25,0,1789691006,,,SCHEDULED
2026-09-18T00:10:58.576141+00:00,1287178,081,2166,26,0,1789691105,,,SCHEDULED
2026-09-18T00:10:58.576141+00:00,1288387,175,950,2,0,1789690498,,,SCHEDULED
2026-09-18T00:10:58.576141+00:00,1288387,175,952,3,0,1789690632,,,SCHEDULED
2026-09-18T00:10:58.576141+00:00,1288387,175,954,4,0,1789690704,,,SCHEDULED
2026-09-18T00:10:58.576141+00:00,1288387,175,956,5,0,1789690755,,,SCHEDULED
2026-09-18T00:10:58.576141+00:00,1288387,175,1760,6,0,1789691125,,,SCHEDULED
2026-09-18T00:10:58.576141+00:00,1288387,175,1015,7,0,1789691189,,,SCHEDULED
2026-09-18T00:10:58.576141+00:00,1288387,175,659,8,0,1789691309,,,SCHEDULED
2026-09-18T00:10:58.576141+00:00,1288387,175,1781,9,0,1789691367,,,SCHEDULED
2026-09-18T00:10:58.576141+00:00,1288387,175,1794,10,0,1789691424,,,SCHEDULED
2026-09-18T00:10:58.576141+00:00,1288387,175,1800,11,0,1789691532,,,SCHEDULED
2026-09-18T00:10:58.576141+00:00,1288387,175,1645,12,0,1789691549,,,SCHEDULED
2026-09-18T00:10:58.576141+00:00,1288387,175,948,13,0,1789691609,,,SCHEDULED
2026-09-18T00:10:58.576141+00:00,1287177,081,2180,1,,,0,1789690320,SCHEDULED
2026-09-18T00:10:58.576141+00:00,1287177,081,2181,2,0,1789690361,,,SCHEDULED
2026-09-18T00:10:58.576141+00:00,1287177,081,2183,3,0,1789690421,,,SCHEDULED
2026-09-18T00:10:58.576141+00:00,1287177,081,2184,4,0,1789690471,,,SCHEDULED
2026-09-18T00:10:58.576141+00:00,1287177,081,2185,5,0,1789690575,,,SCHEDULED
2026-09-18T00:10:58.576141+00:00,1287177,081,2186,6,0,1789690664,,,SCHEDULED
2026-09-18T00:10:58.576141+00:00,1287177,081,2358,7,0,1789690800,,,SCHEDULED
2026-09-18T00:10:58.576141+00:00,1287177,081,2359,8,0,1789690872,,,SCHEDULED
2026-09-18T00:10:58.576141+00:00,1287177,081,2360,9,0,1789690937,,,SCHEDULED
2026-09-18T00:10:58.576141+00:00,1287177,081,2361,10,0,1789691010,,,SCHEDULED
2026-09-18T00:10:58.576141+00:00,1287177,081,2362,11,0,1789691071,,,SCHEDULED
2026-09-18T00:10:58.576141+00:00,1287177,081,2363,12,0,1789691152,,,SCHEDULED
2026-09-18T00:10:58.576141+00:00,1287177,081,2364,13,0,1789691255,,,SCHEDULED
2026-09-18T00:10:58.576141+00:00,1287177,081,2365,14,0,1789691301,,,SCHEDULED
2026-09-18T00:10:58.576141+00:00,1287177,081,2366,15,0,1789691336,,,SCHEDULED
2026-09-18T00:10:58.576141+00:00,1287177,081,2367,16,0,1789691405,,,SCHEDULED
2026-09-18T00:10:58.576141+00:00,1287177,081,5203,17,0,1789691520,,,SCHEDULED
2026-09-18T00:10:58.576141+00:00,1287177,081,2368,18,0,1789691649,,,SCHEDULED
2026-09-18T00:10:58.576141+00:00,1287177,081,2370,19,0,1789691842,,,SCHEDULED
2026-09-18T00:10:58.576141+00:00,1287177,081,2371,20,0,1789691927,,,SCHEDULED
2026-09-18T00:10:58.576141+00:00,1287177,081,2372,21,0,1789691983,,,SCHEDULED
2026-09-18T00:10:58.576141+00:00,1287699,086,3161,24,0,1789690260,,,SCHEDULED
2026-09-18T00:10:58.576141+00:00,1287699,086,3163,25,0,1789690364,,,SCHEDULED
2026-09-18T00:10:58.576141+00:00,1287699,086,3164,26,0,1789690410,,,SCHEDULED
2026-09-18T00:10:58.576141+00:00,1287699,086,699,27,0,1789690445,,,SCHEDULED
2026-09-18T00:10:58.576141+00:00,1287699,086,703,28,0,1789690607,,,SCHEDULED
2026-09-18T00:10:58.576141+00:00,1287699,086,700,29,0,1789690645,,,SCHEDULED
2026-09-18T00:10:58.576141+00:00,1287699,086,706,30,0,1789690685,,,SCHEDULED
2026-09-18T00:10:58.576141+00:00,1287699,086,707,31,0,1789690728,,,SCHEDULED
2026-09-18T00:10:58.576141+00:00,1287699,086,708,32,0,1789690759,,,SCHEDULED
2026-09-18T00:10:58.576141+00:00,1287699,086,834,33,0,1789690823,,,SCHEDULED
2026-09-18T00:10:58.576141+00:00,1287699,086,835,34,0,1789690911,,,SCHEDULED
2026-09-18T00:10:58.576141+00:00,1287699,086,836,35,0,1789690935,,,SCHEDULED
2026-09-18T00:10:58.576141+00:00,1287699,086,838,36,0,1789690981,,,SCHEDULED
2026-09-18T00:10:58.576141+00:00,1287699,086,839,37,0,1789691024,,,SCHEDULED
2026-09-18T00:10:58.576141+00:00,1287699,086,840,38,0,1789691083,,,SCHEDULED
2026-09-18T00:10:58.576141+00:00,1287699,086,581,39,0,1789691131,,,SCHEDULED
2026-09-18T00:10:58.576141+00:00,1287699,086,582,40,0,1789691169,,,SCHEDULED
2026-09-18T00:10:58.576141+00:00,1287699,086,583,41,0,1789691217,,,SCHEDULED
2026-09-18T00:10:58.576141+00:00,1287699,086,584,42,0,1789691254,,,SCHEDULED
2026-09-18T00:10:58.576141+00:00,1287699,086,585,43,0,1789691321,,,SCHEDULED
2026-09-18T00:10:58.576141+00:00,1287699,086,586,44,0,1789691396,,,SCHEDULED
2026-09-18T00:10:58.576141+00:00,1288269,142,525,1,,,0,1789691520,SCHEDULED
2026-09-18T00:10:58.576141+00:00,1288269,142,526,2,0,1789691550,,,SCHEDULED
2026-09-18T00:10:58.576141+00:00,1288269,142,527,3,0,1789691558,,,SCHEDULED
2026-09-18T00:10:58.576141+00:00,1288269,142,528,4,0,1789691566,,,SCHEDULED
2026-09-18T00:10:58.576141+00:00,1288269,142,5252,5,0,1789691597,,,SCHEDULED
2026-09-18T00:10:58.576141+00:00,1288269,142,531,6,0,1789691605,,,SCHEDULED
2026-09-18T00:10:58.576141+00:00,1285557,030,275,1,,,0,1789691160,SCHEDULED
2026-09-18T00:10:58.576141+00:00,1285557,030,1689,2,0,1789691287,,,SCHEDULED
2026-09-18T00:10:58.576141+00:00,1285557,030,1691,3,0,1789691330,,,SCHEDULED
2026-09-18T00:10:58.576141+00:00,1285557,030,1692,4,0,1789691344,,,SCHEDULED
2026-09-18T00:10:58.576141+00:00,1285557,030,1693,5,0,1789691366,,,SCHEDULED
2026-09-18T00:10:58.576141+00:00,1285557,030,1694,6,0,1789691385,,,SCHEDULED
2026-09-18T00:10:58.576141+00:00,1285557,030,1695,7,0,1789691400,,,SCHEDULED
2026-09-18T00:10:58.576141+00:00,1285557,030,1697,8,0,1789691443,,,SCHEDULED
2026-09-18T00:10:58.576141+00:00,1285557,030,1699,9,0,1789691491,,,SCHEDULED
2026-09-18T00:10:58.576141+00:00,1285557,030,1700,10,0,1789691520,,,SCHEDULED
2026-09-18T00:10:58.576141+00:00,1285557,030,1701,11,0,1789691545,,,SCHEDULED
2026-09-18T00:10:58.576141+00:00,1285557,030,1702,12,0,1789691584,,,SCHEDULED
2026-09-18T00:10:58.576141+00:00,1285557,030,1703,13,0,1789691622,,,SCHEDULED
2026-09-18T00:10:58.576141+00:00,1285557,030,1704,14,0,1789691687,,,SCHEDULED
2026-09-18T00:10:58.576141+00:00,1285557,030,1705,15,0,1789691755,,,SCHEDULED
2026-09-18T00:10:58.576141+00:00,1285557,030,1707,16,0,1789691820,,,SCHEDULED
2026-09-18T00:10:58.576141+00:00,1285557,030,1708,17,0,1789691857,,,SCHEDULED
2026-09-18T00:10:58.576141+00:00,1285557,030,1709,18,0,1789691901,,,SCHEDULED
2026-09-18T00:10:58.576141+00:00,1285557,030,1710,19,0,1789691957,,,SCHEDULED
2026-09-18T00:10:58.576141+00:00,1284105,001,1801,1,,,0,1789691640,SCHEDULED
2026-09-18T00:10:58.576141+00:00,1284105,001,3073,2,0,1789691684,,,SCHEDULED
2026-09-18T00:10:58.576141+00:00,1284105,001,630,3,0,1789691815,,,SCHEDULED
2026-09-18T00:10:58.576141+00:00,1284105,001,631,4,0,1789691864,,,SCHEDULED
2026-09-18T00:10:58.576141+00:00,1284105,001,632,5,0,1789691893,,,SCHEDULED
2026-09-18T00:10:58.576141+00:00,1284105,001,634,6,0,1789691964,,,SCHEDULED
2026-09-18T00:10:58.576141+00:00,1287219,081,1612,1,,,0,1789690680,SCHEDULED
2026-09-18T00:10:58.576141+00:00,1287219,081,1613,2,0,1789690779,,,SCHEDULED
2026-09-18T00:10:58.576141+00:00,1287219,081,2311,3,0,1789690828,,,SCHEDULED
2026-09-18T00:10:58.576141+00:00,1287219,081,2312,4,0,1789691021,,,SCHEDULED
2026-09-18T00:10:58.576141+00:00,1287219,081,2313,5,0,1789691079,,,SCHEDULED
2026-09-18T00:10:58.576141+00:00,1287219,081,2314,6,0,1789691162,,,SCHEDULED
2026-09-18T00:10:58.576141+00:00,1287219,081,2315,7,0,1789691255,,,SCHEDULED
2026-09-18T00:10:58.576141+00:00,1287219,081,5203,8,0,1789691400,,,SCHEDULED
2026-09-18T00:10:58.576141+00:00,1287219,081,2317,9,0,1789691511,,,SCHEDULED
2026-09-18T00:10:58.576141+00:00,1287219,081,2318,10,0,1789691595,,,SCHEDULED
2026-09-18T00:10:58.576141+00:00,1287219,081,2319,11,0,1789691658,,,SCHEDULED
2026-09-18T00:10:58.576141+00:00,1287219,081,2320,12,0,1789691693,,,SCHEDULED
2026-09-18T00:10:58.576141+00:00,1287219,081,2321,13,0,1789691773,,,SCHEDULED
2026-09-18T00:10:58.576141+00:00,1287219,081,2322,14,0,1789691840,,,SCHEDULED
2026-09-18T00:10:58.576141+00:00,1287219,081,2323,15,0,1789691892,,,SCHEDULED
2026-09-18T00:10:58.576141+00:00,1287219,081,2324,16,0,1789691951,,,SCHEDULED
2026-09-18T00:10:58.576141+00:00,1287219,081,2325,17,0,1789692000,,,SCHEDULED
2026-09-18T00:10:58.576141+00:00,1284107,001,630,3,0,1789690274,,,SCHEDULED
2026-09-18T00:10:58.576141+00:00,1284107,001,631,4,0,1789690327,,,SCHEDULED
2026-09-18T00:10:58.576141+00:00,1284107,001,632,5,0,1789690359,,,SCHEDULED
2026-09-18T00:10:58.576141+00:00,1284107,001,634,6,0,1789690437,,,SCHEDULED
2026-09-18T00:10:58.576141+00:00,1284107,001,635,7,0,1789690516,,,SCHEDULED
2026-09-18T00:10:58.576141+00:00,1284107,001,636,8,0,1789690604,,,SCHEDULED
2026-09-18T00:10:58.576141+00:00,1284107,001,637,9,0,1789690643,,,SCHEDULED
2026-09-18T00:10:58.576141+00:00,1284107,001,638,10,0,1789690692,,,SCHEDULED
2026-09-18T00:10:58.576141+00:00,1284107,001,639,11,0,1789690741,,,SCHEDULED
2026-09-18T00:10:58.576141+00:00,1284107,001,640,12,0,1789690798,,,SCHEDULED
2026-09-18T00:10:58.576141+00:00,1284107,001,641,13,0,1789690845,,,SCHEDULED
2026-09-18T00:10:58.576141+00:00,1284107,001,642,14,0,1789690940,,,SCHEDULED
2026-09-18T00:10:58.576141+00:00,1284107,001,643,15,0,1789690989,,,SCHEDULED
2026-09-18T00:10:58.576141+00:00,1284107,001,644,16,0,1789691036,,,SCHEDULED
2026-09-18T00:10:58.576141+00:00,1284107,001,645,17,0,1789691088,,,SCHEDULED
2026-09-18T00:10:58.576141+00:00,1284107,001,646,18,0,1789691123,,,SCHEDULED
2026-09-18T00:10:58.576141+00:00,1284107,001,647,19,0,1789691192,,,SCHEDULED
2026-09-18T00:10:58.576141+00:00,1284107,001,648,20,0,1789691264,,,SCHEDULED
2026-09-18T00:10:58.576141+00:00,1284107,001,649,21,0,1789691319,,,SCHEDULED
2026-09-18T00:10:58.576141+00:00,1284107,001,5351,22,0,1789691340,,,SCHEDULED
2026-09-18T00:10:58.576141+00:00,1284107,001,1308,23,0,1789691401,,,SCHEDULED
2026-09-18T00:10:58.576141+00:00,1284107,001,1309,24,0,1789691472,,,SCHEDULED
2026-09-18T00:10:58.576141+00:00,1284107,001,1310,25,0,1789691569,,,SCHEDULED
2026-09-18T00:10:58.576141+00:00,1284107,001,1311,26,0,1789691644,,,SCHEDULED
2026-09-18T00:10:58.576141+00:00,1284107,001,5363,27,0,1789691753,,,SCHEDULED
2026-09-18T00:10:58.576141+00:00,1284107,001,1313,28,0,1789691798,,,SCHEDULED
2026-09-18T00:10:58.576141+00:00,1284107,001,1314,29,0,1789691851,,,SCHEDULED
2026-09-18T00:10:58.576141+00:00,1284107,001,1315,30,0,1789691978,,,SCHEDULED
2026-09-18T00:10:58.576141+00:00,1284107,001,1316,31,0,1789692019,,,SCHEDULED
2026-09-18T00:10:58.576141+00:00,1285558,030,1707,16,0,1789690318,,,SCHEDULED
2026-09-18T00:10:58.576141+00:00,1285558,030,1708,17,0,1789690355,,,SCHEDULED
2026-09-18T00:10:58.576141+00:00,1285558,030,1709,18,0,1789690399,,,SCHEDULED
2026-09-18T00:10:58.576141+00:00,1285558,030,1710,19,0,1789690455,,,SCHEDULED
2026-09-18T00:10:58.576141+00:00,1285558,030,1711,20,0,1789690503,,,SCHEDULED
2026-09-18T00:10:58.576141+00:00,1285558,030,519,21,0,1789690529,,,SCHEDULED
2026-09-18T00:10:58.576141+00:00,1285558,030,521,22,0,1789690577,,,SCHEDULED
2026-09-18T00:10:58.576141+00:00,1285558,030,522,23,0,1789690643,,,SCHEDULED
2026-09-18T00:10:58.576141+00:00,1285558,030,525,24,0,1789690740,,,SCHEDULED
2026-09-18T00:10:58.576141+00:00,1285558,030,526,25,0,1789690858,,,SCHEDULED
2026-09-18T00:10:58.576141+00:00,1285558,030,527,26,0,1789690888,,,SCHEDULED
2026-09-18T00:10:58.576141+00:00,1285558,030,528,27,0,1789690918,,,SCHEDULED
2026-09-18T00:10:58.576141+00:00,1285558,030,5252,28,0,1789691035,,,SCHEDULED
2026-09-18T00:10:58.576141+00:00,1285558,030,281,29,0,1789691141,,,SCHEDULED
2026-09-18T00:10:58.576141+00:00,1284106,001,1801,1,,,0,1789690740,SCHEDULED
2026-09-18T00:10:58.576141+00:00,1284106,001,3073,2,0,1789690784,,,SCHEDULED
2026-09-18T00:10:58.576141+00:00,1284106,001,630,3,0,1789690915,,,SCHEDULED
2026-09-18T00:10:58.576141+00:00,1284106,001,631,4,0,1789690964,,,SCHEDULED
2026-09-18T00:10:58.576141+00:00,1284106,001,632,5,0,1789690993,,,SCHEDULED
2026-09-18T00:10:58.576141+00:00,1284106,001,634,6,0,1789691064,,,SCHEDULED
2026-09-18T00:10:58.576141+00:00,1284106,001,635,7,0,1789691135,,,SCHEDULED
2026-09-18T00:10:58.576141+00:00,1284106,001,636,8,0,1789691215,,,SCHEDULED
2026-09-18T00:10:58.576141+00:00,1284106,001,637,9,0,1789691251,,,SCHEDULED
2026-09-18T00:10:58.576141+00:00,1284106,001,638,10,0,1789691295,,,SCHEDULED
2026-09-18T00:10:58.576141+00:00,1284106,001,639,11,0,1789691340,,,SCHEDULED
2026-09-18T00:10:58.576141+00:00,1284106,001,640,12,0,1789691392,,,SCHEDULED
2026-09-18T00:10:58.576141+00:00,1284106,001,641,13,0,1789691434,,,SCHEDULED
2026-09-18T00:10:58.576141+00:00,1284106,001,642,14,0,1789691521,,,SCHEDULED
2026-09-18T00:10:58.576141+00:00,1284106,001,643,15,0,1789691566,,,SCHEDULED
2026-09-18T00:10:58.576141+00:00,1284106,001,644,16,0,1789691608,,,SCHEDULED
2026-09-18T00:10:58.576141+00:00,1284106,001,645,17,0,1789691655,,,SCHEDULED
2026-09-18T00:10:58.576141+00:00,1284106,001,646,18,0,1789691687,,,SCHEDULED
2026-09-18T00:10:58.576141+00:00,1284106,001,647,19,0,1789691750,,,SCHEDULED
2026-09-18T00:10:58.576141+00:00,1284106,001,648,20,0,1789691816,,,SCHEDULED
2026-09-18T00:10:58.576141+00:00,1284106,001,649,21,0,1789691866,,,SCHEDULED
2026-09-18T00:10:58.576141+00:00,1284106,001,5351,22,0,1789691884,,,SCHEDULED
2026-09-18T00:10:58.576141+00:00,1284106,001,1308,23,0,1789691940,,,SCHEDULED
2026-09-18T00:10:58.576141+00:00,1284108,001,1308,23,0,1789690256,,,SCHEDULED
2026-09-18T00:10:58.576141+00:00,1284108,001,1309,24,0,1789690327,,,SCHEDULED
2026-09-18T00:10:58.576141+00:00,1284108,001,1310,25,0,1789690424,,,SCHEDULED
2026-09-18T00:10:58.576141+00:00,1284108,001,1311,26,0,1789690499,,,SCHEDULED
2026-09-18T00:10:58.576141+00:00,1284108,001,5363,27,0,1789690608,,,SCHEDULED
2026-09-18T00:10:58.576141+00:00,1284108,001,1313,28,0,1789690653,,,SCHEDULED
2026-09-18T00:10:58.576141+00:00,1284108,001,1314,29,0,1789690706,,,SCHEDULED
2026-09-18T00:10:58.576141+00:00,1284108,001,1315,30,0,1789690833,,,SCHEDULED
2026-09-18T00:10:58.576141+00:00,1284108,001,1316,31,0,1789690874,,,SCHEDULED
2026-09-18T00:10:58.576141+00:00,1284108,001,1317,32,0,1789690919,,,SCHEDULED
2026-09-18T00:10:58.576141+00:00,1284108,001,1318,33,0,1789690964,,,SCHEDULED
2026-09-18T00:10:58.576141+00:00,1284108,001,2807,34,0,1789691054,,,SCHEDULED
2026-09-18T00:10:58.576141+00:00,1287220,081,2326,18,0,1789690219,,,SCHEDULED
2026-09-18T00:10:58.576141+00:00,1287220,081,2328,19,0,1789690340,,,SCHEDULED
2026-09-18T00:10:58.576141+00:00,1287220,081,2329,20,0,1789690394,,,SCHEDULED
2026-09-18T00:10:58.576141+00:00,1287220,081,2330,21,0,1789690453,,,SCHEDULED
2026-09-18T00:10:58.576141+00:00,1287220,081,4811,22,0,1789690513,,,SCHEDULED
2026-09-18T00:10:58.576141+00:00,1287220,081,4810,23,0,1789690559,,,SCHEDULED
2026-09-18T00:10:58.576141+00:00,1286896,072,377,1,,,0,1789690320,SCHEDULED
2026-09-18T00:10:58.576141+00:00,1286896,072,2873,2,0,1789690444,,,SCHEDULED
2026-09-18T00:10:58.576141+00:00,1286896,072,2874,3,0,1789690483,,,SCHEDULED
2026-09-18T00:10:58.576141+00:00,1286896,072,2884,4,0,1789690559,,,SCHEDULED
2026-09-18T00:10:58.576141+00:00,1286896,072,2885,5,0,1789690615,,,SCHEDULED
2026-09-18T00:10:58.576141+00:00,1286896,072,2886,6,0,1789690656,,,SCHEDULED
2026-09-18T00:10:58.576141+00:00,1286896,072,2887,7,0,1789690725,,,SCHEDULED
2026-09-18T00:10:58.576141+00:00,1286896,072,2888,8,0,1789690786,,,SCHEDULED
2026-09-18T00:10:58.576141+00:00,1286896,072,2889,9,0,1789690860,,,SCHEDULED
2026-09-18T00:10:58.576141+00:00,1286896,072,2891,10,0,1789690927,,,SCHEDULED
2026-09-18T00:10:58.576141+00:00,1286896,072,2892,11,0,1789690965,,,SCHEDULED
2026-09-18T00:10:58.576141+00:00,1286896,072,3860,12,0,1789691010,,,SCHEDULED
2026-09-18T00:10:58.576141+00:00,1286896,072,3787,13,0,1789691104,,,SCHEDULED
2026-09-18T00:10:58.576141+00:00,1286896,072,3788,14,0,1789691154,,,SCHEDULED
2026-09-18T00:10:58.576141+00:00,1286896,072,3789,15,0,1789691195,,,SCHEDULED
2026-09-18T00:10:58.576141+00:00,1286896,072,3790,16,0,1789691257,,,SCHEDULED
2026-09-18T00:10:58.576141+00:00,1286896,072,3791,17,0,1789691295,,,SCHEDULED
2026-09-18T00:10:58.576141+00:00,1286896,072,3785,18,0,1789691333,,,SCHEDULED
2026-09-18T00:10:58.576141+00:00,1286896,072,3792,19,0,1789691368,,,SCHEDULED
2026-09-18T00:10:58.576141+00:00,1286896,072,3793,20,0,1789691418,,,SCHEDULED
2026-09-18T00:10:58.576141+00:00,1286896,072,3794,21,0,1789691460,,,SCHEDULED
2026-09-18T00:10:58.576141+00:00,1286896,072,3795,22,0,1789691496,,,SCHEDULED
2026-09-18T00:10:58.576141+00:00,1286896,072,3796,23,0,1789691538,,,SCHEDULED
2026-09-18T00:10:58.576141+00:00,1286896,072,5250,24,0,1789691584,,,SCHEDULED
2026-09-18T00:10:58.576141+00:00,1286896,072,3798,25,0,1789691617,,,SCHEDULED
2026-09-18T00:10:58.576141+00:00,1286896,072,3799,26,0,1789691669,,,SCHEDULED
2026-09-18T00:10:58.576141+00:00,1286896,072,3800,27,0,1789691732,,,SCHEDULED
2026-09-18T00:10:58.576141+00:00,1286896,072,3801,28,0,1789691760,,,SCHEDULED
2026-09-18T00:10:58.576141+00:00,1286896,072,3802,29,0,1789691796,,,SCHEDULED
2026-09-18T00:10:58.576141+00:00,1286896,072,3852,30,0,1789691841,,,SCHEDULED
2026-09-18T00:10:58.576141+00:00,1285328,025,1280,20,0,1789690256,,,SCHEDULED
2026-09-18T00:10:58.576141+00:00,1285328,025,1281,21,0,1789690301,,,SCHEDULED
2026-09-18T00:10:58.576141+00:00,1285328,025,1282,22,0,1789690331,,,SCHEDULED
2026-09-18T00:10:58.576141+00:00,1285328,025,1481,23,0,1789690418,,,SCHEDULED
2026-09-18T00:10:58.576141+00:00,1285328,025,1482,24,0,1789690452,,,SCHEDULED
2026-09-18T00:10:58.576141+00:00,1285328,025,1483,25,0,1789690503,,,SCHEDULED
2026-09-18T00:10:58.576141+00:00,1285328,025,1484,26,0,1789690554,,,SCHEDULED
2026-09-18T00:10:58.576141+00:00,1285328,025,1485,27,0,1789690621,,,SCHEDULED
2026-09-18T00:10:58.576141+00:00,1285328,025,1486,28,0,1789690660,,,SCHEDULED
2026-09-18T00:10:58.576141+00:00,1285328,025,3614,29,0,1789690742,,,SCHEDULED
2026-09-18T00:10:58.576141+00:00,1285328,025,3615,30,0,1789690808,,,SCHEDULED
2026-09-18T00:10:58.576141+00:00,1285328,025,3616,31,0,1789690890,,,SCHEDULED
2026-09-18T00:10:58.576141+00:00,1285328,025,3617,32,0,1789690950,,,SCHEDULED
2026-09-18T00:10:58.576141+00:00,1285328,025,3618,33,0,1789691011,,,SCHEDULED
2026-09-18T00:10:58.576141+00:00,1285328,025,3619,34,0,1789691047,,,SCHEDULED
2026-09-18T00:10:58.576141+00:00,1285328,025,3620,35,0,1789691141,,,SCHEDULED
2026-09-18T00:10:58.576141+00:00,1285328,025,3621,36,0,1789691191,,,SCHEDULED
2026-09-18T00:10:58.576141+00:00,1285328,025,3622,37,0,1789691235,,,SCHEDULED
2026-09-18T00:10:58.576141+00:00,1285328,025,3623,38,0,1789691261,,,SCHEDULED
2026-09-18T00:10:58.576141+00:00,1285328,025,3624,39,0,1789691317,,,SCHEDULED
2026-09-18T00:10:58.576141+00:00,1285328,025,3625,40,0,1789691364,,,SCHEDULED
2026-09-18T00:10:58.576141+00:00,1285328,025,3626,41,0,1789691405,,,SCHEDULED
2026-09-18T00:10:58.576141+00:00,1285328,025,3627,42,0,1789691441,,,SCHEDULED
2026-09-18T00:10:58.576141+00:00,1285328,025,3628,43,0,1789691459,,,SCHEDULED
2026-09-18T00:10:58.576141+00:00,1285328,025,4603,44,0,1789691554,,,SCHEDULED
2026-09-18T00:10:58.576141+00:00,1285328,025,4604,45,0,1789691620,,,SCHEDULED
2026-09-18T00:10:58.576141+00:00,1285328,025,3371,46,0,1789691772,,,SCHEDULED
2026-09-18T00:10:58.576141+00:00,1285328,025,3372,47,0,1789691805,,,SCHEDULED
2026-09-18T00:10:58.576141+00:00,1285328,025,3373,48,0,1789691855,,,SCHEDULED
2026-09-18T00:10:58.576141+00:00,1285328,025,3374,49,0,1789691929,,,SCHEDULED
2026-09-18T00:10:58.576141+00:00,1285328,025,3375,50,0,1789691979,,,SCHEDULED
2026-09-18T00:10:58.576141+00:00,1285328,025,3376,51,0,1789692041,,,SCHEDULED
2026-09-18T00:10:58.576141+00:00,1288439,177,658,1,,,0,1789691940,SCHEDULED
2026-09-18T00:10:58.576141+00:00,1285327,025,241,1,,,0,1789690500,SCHEDULED
2026-09-18T00:10:58.576141+00:00,1285327,025,1255,2,0,1789690729,,,SCHEDULED
2026-09-18T00:10:58.576141+00:00,1285327,025,1263,3,0,1789690814,,,SCHEDULED
2026-09-18T00:10:58.576141+00:00,1285327,025,1264,4,0,1789690862,,,SCHEDULED
2026-09-18T00:10:58.576141+00:00,1285327,025,1265,5,0,1789690934,,,SCHEDULED
2026-09-18T00:10:58.576141+00:00,1285327,025,1266,6,0,1789691011,,,SCHEDULED
2026-09-18T00:10:58.576141+00:00,1285327,025,1267,7,0,1789691100,,,SCHEDULED
2026-09-18T00:10:58.576141+00:00,1285327,025,1268,8,0,1789691171,,,SCHEDULED
2026-09-18T00:10:58.576141+00:00,1285327,025,1269,9,0,1789691228,,,SCHEDULED
2026-09-18T00:10:58.576141+00:00,1285327,025,1270,10,0,1789691348,,,SCHEDULED
2026-09-18T00:10:58.576141+00:00,1285327,025,1271,11,0,1789691460,,,SCHEDULED
2026-09-18T00:10:58.576141+00:00,1285327,025,1272,12,0,1789691504,,,SCHEDULED
2026-09-18T00:10:58.576141+00:00,1285327,025,1273,13,0,1789691569,,,SCHEDULED
2026-09-18T00:10:58.576141+00:00,1285327,025,1274,14,0,1789691631,,,SCHEDULED
2026-09-18T00:10:58.576141+00:00,1285327,025,1275,15,0,1789691702,,,SCHEDULED
2026-09-18T00:10:58.576141+00:00,1285327,025,1276,16,0,1789691752,,,SCHEDULED
2026-09-18T00:10:58.576141+00:00,1285327,025,1277,17,0,1789691823,,,SCHEDULED
2026-09-18T00:10:58.576141+00:00,1285327,025,1278,18,0,1789691879,,,SCHEDULED
2026-09-18T00:10:58.576141+00:00,1285327,025,1279,19,0,1789691941,,,SCHEDULED
2026-09-18T00:10:58.576141+00:00,1285329,025,3375,50,0,1789690257,,,SCHEDULED
2026-09-18T00:10:58.576141+00:00,1285329,025,3376,51,0,1789690319,,,SCHEDULED
2026-09-18T00:10:58.576141+00:00,1285329,025,3377,52,0,1789690354,,,SCHEDULED
2026-09-18T00:10:58.576141+00:00,1285329,025,3378,53,0,1789690374,,,SCHEDULED
2026-09-18T00:10:58.576141+00:00,1285329,025,3379,54,0,1789690428,,,SCHEDULED
2026-09-18T00:10:58.576141+00:00,1285329,025,3380,55,0,1789690455,,,SCHEDULED
2026-09-18T00:10:58.576141+00:00,1285329,025,3381,56,0,1789690493,,,SCHEDULED
2026-09-18T00:10:58.576141+00:00,1285329,025,3382,57,0,1789690529,,,SCHEDULED
2026-09-18T00:10:58.576141+00:00,1285329,025,3383,58,0,1789690600,,,SCHEDULED
2026-09-18T00:10:58.576141+00:00,1285329,025,3389,59,0,1789690671,,,SCHEDULED
2026-09-18T00:10:58.576141+00:00,1286492,062,413,1,,,0,1789692000,SCHEDULED
2026-09-18T00:10:58.576141+00:00,1288394,175,1661,1,,,0,1789691789,SCHEDULED
2026-09-18T00:10:58.576141+00:00,1288394,175,1667,2,0,1789691969,,,SCHEDULED
2026-09-18T00:10:58.576141+00:00,1287184,081,2180,1,,,0,1789691220,SCHEDULED
2026-09-18T00:10:58.576141+00:00,1287184,081,2181,2,0,1789691256,,,SCHEDULED
2026-09-18T00:10:58.576141+00:00,1287184,081,2183,3,0,1789691309,,,SCHEDULED
2026-09-18T00:10:58.576141+00:00,1287184,081,2184,4,0,1789691352,,,SCHEDULED
2026-09-18T00:10:58.576141+00:00,1287184,081,2185,5,0,1789691443,,,SCHEDULED
2026-09-18T00:10:58.576141+00:00,1287184,081,2186,6,0,1789691521,,,SCHEDULED
2026-09-18T00:10:58.576141+00:00,1287184,081,2358,7,0,1789691640,,,SCHEDULED
2026-09-18T00:10:58.576141+00:00,1287184,081,2359,8,0,1789691700,,,SCHEDULED
2026-09-18T00:10:58.576141+00:00,1287184,081,2360,9,0,1789691754,,,SCHEDULED
2026-09-18T00:10:58.576141+00:00,1287184,081,2361,10,0,1789691815,,,SCHEDULED
2026-09-18T00:10:58.576141+00:00,1287184,081,2362,11,0,1789691866,,,SCHEDULED
2026-09-18T00:10:58.576141+00:00,1287184,081,2363,12,0,1789691933,,,SCHEDULED
2026-09-18T00:10:58.576141+00:00,1285054,021,3385,42,0,1789690259,,,SCHEDULED
2026-09-18T00:10:58.576141+00:00,1285054,021,3386,43,0,1789690308,,,SCHEDULED
2026-09-18T00:10:58.576141+00:00,1285054,021,3387,44,0,1789690384,,,SCHEDULED
2026-09-18T00:10:58.576141+00:00,1285054,021,3388,45,0,1789690446,,,SCHEDULED
2026-09-18T00:10:58.576141+00:00,1285054,021,3389,46,0,1789690525,,,SCHEDULED
2026-09-18T00:10:58.576141+00:00,1285296,025,1240,44,0,1789690276,,,SCHEDULED
2026-09-18T00:10:58.576141+00:00,1285296,025,1241,45,0,1789690340,,,SCHEDULED
2026-09-18T00:10:58.576141+00:00,1285296,025,1242,46,0,1789690400,,,SCHEDULED
2026-09-18T00:10:58.576141+00:00,1285296,025,1243,47,0,1789690483,,,SCHEDULED
2026-09-18T00:10:58.576141+00:00,1285296,025,1244,48,0,1789690540,,,SCHEDULED
2026-09-18T00:10:58.576141+00:00,1285296,025,1245,49,0,1789690606,,,SCHEDULED
2026-09-18T00:10:58.576141+00:00,1285296,025,1246,50,0,1789690656,,,SCHEDULED
2026-09-18T00:10:58.576141+00:00,1285296,025,1247,51,0,1789690740,,,SCHEDULED
2026-09-18T00:10:58.576141+00:00,1285296,025,1248,52,0,1789690826,,,SCHEDULED
2026-09-18T00:10:58.576141+00:00,1285296,025,1249,53,0,1789690945,,,SCHEDULED
2026-09-18T00:10:58.576141+00:00,1285296,025,1250,54,0,1789691008,,,SCHEDULED
2026-09-18T00:10:58.576141+00:00,1285296,025,1251,55,0,1789691100,,,SCHEDULED
2026-09-18T00:10:58.576141+00:00,1285296,025,1252,56,0,1789691151,,,SCHEDULED
2026-09-18T00:10:58.576141+00:00,1285296,025,1253,57,0,1789691245,,,SCHEDULED
2026-09-18T00:10:58.576141+00:00,1285296,025,1254,58,0,1789691322,,,SCHEDULED
2026-09-18T00:10:58.576141+00:00,1285296,025,1262,59,0,1789691406,,,SCHEDULED
2026-09-18T00:10:58.576141+00:00,1285295,025,3332,2,0,1789690346,,,SCHEDULED
2026-09-18T00:10:58.576141+00:00,1285295,025,3333,3,0,1789690447,,,SCHEDULED
2026-09-18T00:10:58.576141+00:00,1285295,025,3334,4,0,1789690514,,,SCHEDULED
2026-09-18T00:10:58.576141+00:00,1285295,025,3335,5,0,1789690562,,,SCHEDULED
2026-09-18T00:10:58.576141+00:00,1285295,025,3336,6,0,1789690620,,,SCHEDULED
2026-09-18T00:10:58.576141+00:00,1285295,025,3337,7,0,1789690668,,,SCHEDULED
2026-09-18T00:10:58.576141+00:00,1285295,025,3338,8,0,1789690709,,,SCHEDULED
2026-09-18T00:10:58.576141+00:00,1285295,025,3339,9,0,1789690733,,,SCHEDULED
2026-09-18T00:10:58.576141+00:00,1285295,025,753,10,0,1789690760,,,SCHEDULED
2026-09-18T00:10:58.576141+00:00,1285295,025,3340,11,0,1789690781,,,SCHEDULED
2026-09-18T00:10:58.576141+00:00,1285295,025,3341,12,0,1789690817,,,SCHEDULED
2026-09-18T00:10:58.576141+00:00,1285295,025,3342,13,0,1789690864,,,SCHEDULED
2026-09-18T00:10:58.576141+00:00,1285295,025,3343,14,0,1789690889,,,SCHEDULED
2026-09-18T00:10:58.576141+00:00,1285295,025,4660,15,0,1789690957,,,SCHEDULED
2026-09-18T00:10:58.576141+00:00,1285295,025,5265,16,0,1789691014,,,SCHEDULED
2026-09-18T00:10:58.576141+00:00,1285295,025,4661,17,0,1789691086,,,SCHEDULED
2026-09-18T00:10:58.576141+00:00,1285295,025,4662,18,0,1789691162,,,SCHEDULED
2026-09-18T00:10:58.576141+00:00,1285295,025,3589,19,0,1789691251,,,SCHEDULED
2026-09-18T00:10:58.576141+00:00,1285295,025,3590,20,0,1789691273,,,SCHEDULED
2026-09-18T00:10:58.576141+00:00,1285295,025,3591,21,0,1789691344,,,SCHEDULED
2026-09-18T00:10:58.576141+00:00,1285295,025,3592,22,0,1789691396,,,SCHEDULED
2026-09-18T00:10:58.576141+00:00,1285295,025,3593,23,0,1789691456,,,SCHEDULED
2026-09-18T00:10:58.576141+00:00,1285295,025,3594,24,0,1789691509,,,SCHEDULED
2026-09-18T00:10:58.576141+00:00,1285295,025,3595,25,0,1789691558,,,SCHEDULED
2026-09-18T00:10:58.576141+00:00,1285295,025,3596,26,0,1789691629,,,SCHEDULED
2026-09-18T00:10:58.576141+00:00,1285295,025,3597,27,0,1789691693,,,SCHEDULED
2026-09-18T00:10:58.576141+00:00,1285295,025,3598,28,0,1789691752,,,SCHEDULED
2026-09-18T00:10:58.576141+00:00,1285295,025,3599,29,0,1789691790,,,SCHEDULED
2026-09-18T00:10:58.576141+00:00,1285295,025,3600,30,0,1789691847,,,SCHEDULED
2026-09-18T00:10:58.576141+00:00,1285295,025,3601,31,0,1789691877,,,SCHEDULED
2026-09-18T00:10:58.576141+00:00,1285295,025,3602,32,0,1789691944,,,SCHEDULED
2026-09-18T00:10:58.576141+00:00,1285295,025,3603,33,0,1789691991,,,SCHEDULED
2026-09-18T00:10:58.576141+00:00,1285295,025,1356,34,0,1789692031,,,SCHEDULED
2026-09-18T00:10:58.576141+00:00,1285056,021,319,1,,,0,1789690945,SCHEDULED
2026-09-18T00:10:58.576141+00:00,1285056,021,2770,2,0,1789691147,,,SCHEDULED
2026-09-18T00:10:58.576141+00:00,1285056,021,2771,3,0,1789691233,,,SCHEDULED
2026-09-18T00:10:58.576141+00:00,1285056,021,2772,4,0,1789691313,,,SCHEDULED
2026-09-18T00:10:58.576141+00:00,1285056,021,2773,5,0,1789691365,,,SCHEDULED
2026-09-18T00:10:58.576141+00:00,1285056,021,2774,6,0,1789691459,,,SCHEDULED
2026-09-18T00:10:58.576141+00:00,1285056,021,2775,7,0,1789691493,,,SCHEDULED
2026-09-18T00:10:58.576141+00:00,1285056,021,2776,8,0,1789691547,,,SCHEDULED
2026-09-18T00:10:58.576141+00:00,1285056,021,2777,9,0,1789691619,,,SCHEDULED
2026-09-18T00:10:58.576141+00:00,1285056,021,2778,10,0,1789691670,,,SCHEDULED
2026-09-18T00:10:58.576141+00:00,1285056,021,2779,11,0,1789691702,,,SCHEDULED
2026-09-18T00:10:58.576141+00:00,1285056,021,2780,12,0,1789691745,,,SCHEDULED
2026-09-18T00:10:58.576141+00:00,1285056,021,2781,13,0,1789691785,,,SCHEDULED
2026-09-18T00:10:58.576141+00:00,1285056,021,2782,14,0,1789691845,,,SCHEDULED
2026-09-18T00:10:58.576141+00:00,1285056,021,2783,15,0,1789691905,,,SCHEDULED
2026-09-18T00:10:58.576141+00:00,1285056,021,2784,16,0,1789691954,,,SCHEDULED
2026-09-18T00:10:58.576141+00:00,1285056,021,3027,17,0,1789692000,,,SCHEDULED
2026-09-18T00:10:58.576141+00:00,1288288,142,413,3,0,1789690991,,,SCHEDULED
2026-09-18T00:10:58.576141+00:00,1288288,142,414,4,0,1789691002,,,SCHEDULED
2026-09-18T00:10:58.576141+00:00,1288288,142,415,5,0,1789691015,,,SCHEDULED
2026-09-18T00:10:58.576141+00:00,1288288,142,416,6,0,1789691058,,,SCHEDULED
2026-09-18T00:10:58.576141+00:00,1288288,142,418,7,0,1789691144,,,SCHEDULED
2026-09-18T00:10:58.576141+00:00,1288288,142,4763,8,0,1789691295,,,SCHEDULED
2026-09-18T00:10:58.576141+00:00,1288288,142,113,9,0,1789691365,,,SCHEDULED
2026-09-18T00:10:58.576141+00:00,1285452,026,1557,16,0,1789690302,,,SCHEDULED
2026-09-18T00:10:58.576141+00:00,1285452,026,1558,17,0,1789690366,,,SCHEDULED
2026-09-18T00:10:58.576141+00:00,1285452,026,1559,18,0,1789690456,,,SCHEDULED
2026-09-18T00:10:58.576141+00:00,1285452,026,1560,19,0,1789690501,,,SCHEDULED
2026-09-18T00:10:58.576141+00:00,1285452,026,1561,20,0,1789690547,,,SCHEDULED
2026-09-18T00:10:58.576141+00:00,1285452,026,1562,21,0,1789690636,,,SCHEDULED
2026-09-18T00:10:58.576141+00:00,1285452,026,1564,22,0,1789690684,,,SCHEDULED
2026-09-18T00:10:58.576141+00:00,1285452,026,1565,23,0,1789690726,,,SCHEDULED
2026-09-18T00:10:58.576141+00:00,1285452,026,1566,24,0,1789690774,,,SCHEDULED
2026-09-18T00:10:58.576141+00:00,1285452,026,1596,25,0,1789690825,,,SCHEDULED
2026-09-18T00:10:58.576141+00:00,1285452,026,1597,26,0,1789690925,,,SCHEDULED
2026-09-18T00:10:58.576141+00:00,1285452,026,1598,27,0,1789691021,,,SCHEDULED
2026-09-18T00:10:58.576141+00:00,1285452,026,3097,28,0,1789691115,,,SCHEDULED
2026-09-18T00:10:58.576141+00:00,1285452,026,3098,29,0,1789691187,,,SCHEDULED
2026-09-18T00:10:58.576141+00:00,1285452,026,9800,30,0,1789691236,,,SCHEDULED
2026-09-18T00:10:58.576141+00:00,1285452,026,3099,31,0,1789691364,,,SCHEDULED
2026-09-18T00:10:58.576141+00:00,1285452,026,3100,32,0,1789691424,,,SCHEDULED
2026-09-18T00:10:58.576141+00:00,1285452,026,3101,33,0,1789691472,,,SCHEDULED
2026-09-18T00:10:58.576141+00:00,1285452,026,3102,34,0,1789691512,,,SCHEDULED
2026-09-18T00:10:58.576141+00:00,1285452,026,5366,35,0,1789691660,,,SCHEDULED
2026-09-18T00:10:58.576141+00:00,1285452,026,1283,36,0,1789691716,,,SCHEDULED
2026-09-18T00:10:58.576141+00:00,1285452,026,650,37,0,1789691868,,,SCHEDULED
2026-09-18T00:10:58.576141+00:00,1285452,026,3107,38,0,1789691933,,,SCHEDULED
2026-09-18T00:10:58.576141+00:00,1285452,026,3108,39,0,1789691977,,,SCHEDULED
2026-09-18T00:10:58.576141+00:00,1285452,026,3109,40,0,1789692026,,,SCHEDULED
2026-09-18T00:10:58.576141+00:00,1285177,023,9807,1,,,0,1789691040,SCHEDULED
2026-09-18T00:10:58.576141+00:00,1285177,023,1096,2,0,1789691149,,,SCHEDULED
2026-09-18T00:10:58.576141+00:00,1285177,023,1098,3,0,1789691342,,,SCHEDULED
2026-09-18T00:10:58.576141+00:00,1285177,023,1099,4,0,1789691520,,,SCHEDULED
2026-09-18T00:10:58.576141+00:00,1285177,023,1090,5,0,1789691748,,,SCHEDULED
2026-09-18T00:10:58.576141+00:00,1285177,023,1091,6,0,1789691872,,,SCHEDULED
2026-09-18T00:10:58.576141+00:00,1285177,023,1092,7,0,1789691941,,,SCHEDULED
2026-09-18T00:10:58.576141+00:00,1285177,023,1093,8,0,1789691993,,,SCHEDULED
2026-09-18T00:10:58.576141+00:00,1284363,011,5345,1,,,0,1789690589,SCHEDULED
2026-09-18T00:10:58.576141+00:00,1284363,011,8909,2,0,1789690829,,,SCHEDULED
2026-09-18T00:10:58.576141+00:00,1284363,011,8911,3,0,1789690906,,,SCHEDULED
2026-09-18T00:10:58.576141+00:00,1284363,011,8910,4,0,1789691012,,,SCHEDULED
2026-09-18T00:10:58.576141+00:00,1284363,011,8912,5,0,1789691134,,,SCHEDULED
2026-09-18T00:10:58.576141+00:00,1284363,011,8913,6,0,1789691189,,,SCHEDULED
2026-09-18T00:10:58.576141+00:00,1284363,011,8914,7,0,1789691441,,,SCHEDULED
2026-09-18T00:10:58.576141+00:00,1284363,011,8915,8,0,1789691497,,,SCHEDULED
2026-09-18T00:10:58.576141+00:00,1284363,011,5329,9,0,1789691559,,,SCHEDULED
2026-09-18T00:10:58.576141+00:00,1284363,011,8917,10,0,1789691604,,,SCHEDULED
2026-09-18T00:10:58.576141+00:00,1284363,011,8918,11,0,1789691642,,,SCHEDULED
2026-09-18T00:10:58.576141+00:00,1284363,011,8919,12,0,1789691729,,,SCHEDULED
2026-09-18T00:10:58.576141+00:00,1284363,011,8920,13,0,1789691775,,,SCHEDULED
2026-09-18T00:10:58.576141+00:00,1288441,177,832,2,0,1789690354,,,SCHEDULED
2026-09-18T00:10:58.576141+00:00,1288441,177,3845,3,0,1789690381,,,SCHEDULED
2026-09-18T00:10:58.576141+00:00,1288441,177,795,4,0,1789690469,,,SCHEDULED
2026-09-18T00:10:58.576141+00:00,1284362,011,5345,1,,,0,1789691414,SCHEDULED
2026-09-18T00:10:58.576141+00:00,1284362,011,8909,2,0,1789691594,,,SCHEDULED
2026-09-18T00:10:58.576141+00:00,1284362,011,8911,3,0,1789691658,,,SCHEDULED
2026-09-18T00:10:58.576141+00:00,1284362,011,8910,4,0,1789691746,,,SCHEDULED
2026-09-18T00:10:58.576141+00:00,1284362,011,8912,5,0,1789691848,,,SCHEDULED
2026-09-18T00:10:58.576141+00:00,1284362,011,8913,6,0,1789691894,,,SCHEDULED
2026-09-18T00:10:58.576141+00:00,1285451,026,316,1,,,0,1789690620,SCHEDULED
2026-09-18T00:10:58.576141+00:00,1285451,026,8959,2,0,1789690772,,,SCHEDULED
2026-09-18T00:10:58.576141+00:00,1285451,026,2989,3,0,1789690868,,,SCHEDULED
2026-09-18T00:10:58.576141+00:00,1285451,026,1545,4,0,1789691088,,,SCHEDULED
2026-09-18T00:10:58.576141+00:00,1285451,026,1546,5,0,1789691160,,,SCHEDULED
2026-09-18T00:10:58.576141+00:00,1285451,026,1547,6,0,1789691256,,,SCHEDULED
2026-09-18T00:10:58.576141+00:00,1285451,026,1548,7,0,1789691310,,,SCHEDULED
2026-09-18T00:10:58.576141+00:00,1285451,026,1549,8,0,1789691386,,,SCHEDULED
2026-09-18T00:10:58.576141+00:00,1285451,026,1550,9,0,1789691448,,,SCHEDULED
2026-09-18T00:10:58.576141+00:00,1285451,026,1551,10,0,1789691520,,,SCHEDULED
2026-09-18T00:10:58.576141+00:00,1285451,026,1552,11,0,1789691590,,,SCHEDULED
2026-09-18T00:10:58.576141+00:00,1285451,026,1553,12,0,1789691654,,,SCHEDULED
2026-09-18T00:10:58.576141+00:00,1285451,026,1554,13,0,1789691733,,,SCHEDULED
2026-09-18T00:10:58.576141+00:00,1285451,026,1555,14,0,1789691781,,,SCHEDULED
2026-09-18T00:10:58.576141+00:00,1285451,026,1556,15,0,1789691851,,,SCHEDULED
2026-09-18T00:10:58.576141+00:00,1285451,026,1557,16,0,1789691966,,,SCHEDULED
2026-09-18T00:10:58.576141+00:00,1285055,021,2795,19,0,1789690264,,,SCHEDULED
2026-09-18T00:10:58.576141+00:00,1285055,021,2796,20,0,1789690310,,,SCHEDULED
2026-09-18T00:10:58.576141+00:00,1285055,021,2797,21,0,1789690392,,,SCHEDULED
2026-09-18T00:10:58.576141+00:00,1285055,021,2798,22,0,1789690538,,,SCHEDULED
2026-09-18T00:10:58.576141+00:00,1285055,021,2799,23,0,1789690584,,,SCHEDULED
2026-09-18T00:10:58.576141+00:00,1285055,021,2800,24,0,1789690675,,,SCHEDULED
2026-09-18T00:10:58.576141+00:00,1285055,021,2801,25,0,1789690733,,,SCHEDULED
2026-09-18T00:10:58.576141+00:00,1285055,021,2802,26,0,1789690782,,,SCHEDULED
2026-09-18T00:10:58.576141+00:00,1285055,021,2803,27,0,1789690828,,,SCHEDULED
2026-09-18T00:10:58.576141+00:00,1285055,021,2804,28,0,1789690864,,,SCHEDULED
2026-09-18T00:10:58.576141+00:00,1285055,021,2805,29,0,1789690904,,,SCHEDULED
2026-09-18T00:10:58.576141+00:00,1285055,021,2806,30,0,1789690947,,,SCHEDULED
2026-09-18T00:10:58.576141+00:00,1285055,021,2807,31,0,1789690986,,,SCHEDULED
2026-09-18T00:10:58.576141+00:00,1285055,021,1184,32,0,1789691118,,,SCHEDULED
2026-09-18T00:10:58.576141+00:00,1285055,021,3301,33,0,1789691138,,,SCHEDULED
2026-09-18T00:10:58.576141+00:00,1285055,021,2807,34,0,1789691174,,,SCHEDULED
2026-09-18T00:10:58.576141+00:00,1285055,021,2808,35,0,1789691253,,,SCHEDULED
2026-09-18T00:10:58.576141+00:00,1285055,021,2809,36,0,1789691362,,,SCHEDULED
2026-09-18T00:10:58.576141+00:00,1285055,021,2810,37,0,1789691434,,,SCHEDULED
2026-09-18T00:10:58.576141+00:00,1285055,021,2811,38,0,1789691525,,,SCHEDULED
2026-09-18T00:10:58.576141+00:00,1285055,021,2812,39,0,1789691598,,,SCHEDULED
2026-09-18T00:10:58.576141+00:00,1285055,021,2813,40,0,1789691653,,,SCHEDULED
2026-09-18T00:10:58.576141+00:00,1285055,021,2814,41,0,1789691755,,,SCHEDULED
2026-09-18T00:10:58.576141+00:00,1285055,021,3385,42,0,1789691853,,,SCHEDULED
2026-09-18T00:10:58.576141+00:00,1285055,021,3386,43,0,1789691902,,,SCHEDULED
2026-09-18T00:10:58.576141+00:00,1285055,021,3387,44,0,1789691978,,,SCHEDULED
2026-09-18T00:10:58.576141+00:00,1285179,023,453,43,0,1789690260,,,SCHEDULED
2026-09-18T00:10:58.576141+00:00,1285179,023,1492,44,0,1789690293,,,SCHEDULED
2026-09-18T00:10:58.576141+00:00,1285179,023,1493,45,0,1789690417,,,SCHEDULED
2026-09-18T00:10:58.576141+00:00,1285179,023,1494,46,0,1789690458,,,SCHEDULED
2026-09-18T00:10:58.576141+00:00,1285179,023,1495,47,0,1789690526,,,SCHEDULED
2026-09-18T00:10:58.576141+00:00,1285179,023,5364,48,0,1789690551,,,SCHEDULED
2026-09-18T00:10:58.576141+00:00,1285179,023,1497,49,0,1789690616,,,SCHEDULED
2026-09-18T00:10:58.576141+00:00,1285179,023,1499,50,0,1789690711,,,SCHEDULED
2026-09-18T00:10:58.576141+00:00,1285179,023,1500,51,0,1789690755,,,SCHEDULED
2026-09-18T00:10:58.576141+00:00,1285179,023,1501,52,0,1789690796,,,SCHEDULED
2026-09-18T00:10:58.576141+00:00,1285179,023,1502,53,0,1789690839,,,SCHEDULED
2026-09-18T00:10:58.576141+00:00,1285179,023,1503,54,0,1789690882,,,SCHEDULED
2026-09-18T00:10:58.576141+00:00,1285179,023,1504,55,0,1789690910,,,SCHEDULED
2026-09-18T00:10:58.576141+00:00,1285179,023,1505,56,0,1789690954,,,SCHEDULED
2026-09-18T00:10:58.576141+00:00,1285179,023,1314,57,0,1789691006,,,SCHEDULED
2026-09-18T00:10:58.576141+00:00,1285179,023,1315,58,0,1789691141,,,SCHEDULED
2026-09-18T00:10:58.576141+00:00,1285179,023,1316,59,0,1789691184,,,SCHEDULED
2026-09-18T00:10:58.576141+00:00,1285179,023,1317,60,0,1789691232,,,SCHEDULED
2026-09-18T00:10:58.576141+00:00,1285179,023,1318,61,0,1789691279,,,SCHEDULED
2026-09-18T00:10:58.576141+00:00,1285179,023,2807,62,0,1789691375,,,SCHEDULED
2026-09-18T00:10:58.576141+00:00,1284364,011,132,32,0,1789690256,,,SCHEDULED
2026-09-18T00:10:58.576141+00:00,1284364,011,133,33,0,1789690296,,,SCHEDULED
2026-09-18T00:10:58.576141+00:00,1284364,011,981,34,0,1789690406,,,SCHEDULED
2026-09-18T00:10:58.576141+00:00,1284364,011,983,35,0,1789690469,,,SCHEDULED
2026-09-18T00:10:58.576141+00:00,1284364,011,984,36,0,1789690500,,,SCHEDULED
2026-09-18T00:10:58.576141+00:00,1284364,011,985,37,0,1789690523,,,SCHEDULED
2026-09-18T00:10:58.576141+00:00,1284364,011,986,38,0,1789690560,,,SCHEDULED
2026-09-18T00:10:58.576141+00:00,1284364,011,987,39,0,1789690691,,,SCHEDULED
2026-09-18T00:10:58.576141+00:00,1284364,011,8315,40,0,1789690843,,,SCHEDULED
2026-09-18T00:10:58.576141+00:00,1284364,011,2234,41,0,1789690958,,,SCHEDULED
2026-09-18T00:10:58.576141+00:00,1284364,011,2502,42,0,1789691047,,,SCHEDULED
2026-09-18T00:10:58.576141+00:00,1284364,011,2503,43,0,1789691097,,,SCHEDULED
2026-09-18T00:10:58.576141+00:00,1285178,023,1093,8,0,1789690292,,,SCHEDULED
2026-09-18T00:10:58.576141+00:00,1285178,023,1094,9,0,1789690344,,,SCHEDULED
2026-09-18T00:10:58.576141+00:00,1285178,023,1455,10,0,1789690434,,,SCHEDULED
2026-09-18T00:10:58.576141+00:00,1285178,023,1456,11,0,1789690517,,,SCHEDULED
2026-09-18T00:10:58.576141+00:00,1285178,023,1457,12,0,1789690593,,,SCHEDULED
2026-09-18T00:10:58.576141+00:00,1285178,023,1458,13,0,1789690659,,,SCHEDULED
2026-09-18T00:10:58.576141+00:00,1285178,023,1460,14,0,1789690744,,,SCHEDULED
2026-09-18T00:10:58.576141+00:00,1285178,023,1461,15,0,1789690799,,,SCHEDULED
2026-09-18T00:10:58.576141+00:00,1285178,023,1462,16,0,1789690836,,,SCHEDULED
2026-09-18T00:10:58.576141+00:00,1285178,023,1463,17,0,1789690914,,,SCHEDULED
2026-09-18T00:10:58.576141+00:00,1285178,023,1464,18,0,1789690959,,,SCHEDULED
2026-09-18T00:10:58.576141+00:00,1285178,023,1465,19,0,1789690996,,,SCHEDULED
2026-09-18T00:10:58.576141+00:00,1285178,023,1466,20,0,1789691024,,,SCHEDULED
2026-09-18T00:10:58.576141+00:00,1285178,023,1467,21,0,1789691061,,,SCHEDULED
2026-09-18T00:10:58.576141+00:00,1285178,023,1468,22,0,1789691094,,,SCHEDULED
2026-09-18T00:10:58.576141+00:00,1285178,023,1469,23,0,1789691139,,,SCHEDULED
2026-09-18T00:10:58.576141+00:00,1285178,023,1470,24,0,1789691176,,,SCHEDULED
2026-09-18T00:10:58.576141+00:00,1285178,023,1471,25,0,1789691225,,,SCHEDULED
2026-09-18T00:10:58.576141+00:00,1285178,023,1473,26,0,1789691300,,,SCHEDULED
2026-09-18T00:10:58.576141+00:00,1285178,023,1474,27,0,1789691317,,,SCHEDULED
2026-09-18T00:10:58.576141+00:00,1285178,023,1475,28,0,1789691352,,,SCHEDULED
2026-09-18T00:10:58.576141+00:00,1285178,023,1476,29,0,1789691391,,,SCHEDULED
2026-09-18T00:10:58.576141+00:00,1285178,023,1477,30,0,1789691445,,,SCHEDULED
2026-09-18T00:10:58.576141+00:00,1285178,023,1478,31,0,1789691476,,,SCHEDULED
2026-09-18T00:10:58.576141+00:00,1285178,023,1181,32,0,1789691520,,,SCHEDULED
2026-09-18T00:10:58.576141+00:00,1285178,023,1182,33,0,1789691572,,,SCHEDULED
2026-09-18T00:10:58.576141+00:00,1285178,023,1481,34,0,1789691619,,,SCHEDULED
2026-09-18T00:10:58.576141+00:00,1285178,023,1482,35,0,1789691647,,,SCHEDULED
2026-09-18T00:10:58.576141+00:00,1285178,023,1483,36,0,1789691691,,,SCHEDULED
2026-09-18T00:10:58.576141+00:00,1285178,023,1484,37,0,1789691735,,,SCHEDULED
2026-09-18T00:10:58.576141+00:00,1285178,023,1485,38,0,1789691791,,,SCHEDULED
2026-09-18T00:10:58.576141+00:00,1285178,023,1486,39,0,1789691825,,,SCHEDULED
2026-09-18T00:10:58.576141+00:00,1285178,023,1488,40,0,1789691926,,,SCHEDULED
2026-09-18T00:10:58.576141+00:00,1285178,023,1489,41,0,1789691972,,,SCHEDULED
2026-09-18T00:10:58.576141+00:00,1285178,023,1490,42,0,1789692019,,,SCHEDULED
2026-09-18T00:10:58.576141+00:00,1285453,026,3099,31,0,1789690265,,,SCHEDULED
2026-09-18T00:10:58.576141+00:00,1285453,026,3100,32,0,1789690325,,,SCHEDULED
2026-09-18T00:10:58.576141+00:00,1285453,026,3101,33,0,1789690373,,,SCHEDULED
2026-09-18T00:10:58.576141+00:00,1285453,026,3102,34,0,1789690413,,,SCHEDULED
2026-09-18T00:10:58.576141+00:00,1285453,026,5366,35,0,1789690561,,,SCHEDULED
2026-09-18T00:10:58.576141+00:00,1285453,026,1283,36,0,1789690617,,,SCHEDULED
2026-09-18T00:10:58.576141+00:00,1285453,026,650,37,0,1789690769,,,SCHEDULED
2026-09-18T00:10:58.576141+00:00,1285453,026,3107,38,0,1789690834,,,SCHEDULED
2026-09-18T00:10:58.576141+00:00,1285453,026,3108,39,0,1789690878,,,SCHEDULED
2026-09-18T00:10:58.576141+00:00,1285453,026,3109,40,0,1789690927,,,SCHEDULED
2026-09-18T00:10:58.576141+00:00,1285453,026,3110,41,0,1789690977,,,SCHEDULED
2026-09-18T00:10:58.576141+00:00,1285453,026,3112,42,0,1789691086,,,SCHEDULED
2026-09-18T00:10:58.576141+00:00,1285453,026,3113,43,0,1789691123,,,SCHEDULED
2026-09-18T00:10:58.576141+00:00,1285453,026,3115,44,0,1789691217,,,SCHEDULED
2026-09-18T00:10:58.576141+00:00,1285453,026,3116,45,0,1789691254,,,SCHEDULED
2026-09-18T00:10:58.576141+00:00,1285453,026,3117,46,0,1789691284,,,SCHEDULED
2026-09-18T00:10:58.576141+00:00,1285453,026,3118,47,0,1789691333,,,SCHEDULED
2026-09-18T00:10:58.576141+00:00,1285453,026,3119,48,0,1789691357,,,SCHEDULED
2026-09-18T00:10:58.576141+00:00,1285453,026,3121,49,0,1789691417,,,SCHEDULED
2026-09-18T00:10:58.576141+00:00,1285453,026,3122,50,0,1789691466,,,SCHEDULED
2026-09-18T00:10:58.576141+00:00,1285453,026,3123,51,0,1789691534,,,SCHEDULED
2026-09-18T00:10:58.576141+00:00,1285453,026,3124,52,0,1789691596,,,SCHEDULED
2026-09-18T00:10:58.576141+00:00,1287235,081,290,1,,,0,1789690500,SCHEDULED
2026-09-18T00:10:58.576141+00:00,1287235,081,1600,2,0,1789690575,,,SCHEDULED
2026-09-18T00:10:58.576141+00:00,1287235,081,1602,3,0,1789690652,,,SCHEDULED
2026-09-18T00:10:58.576141+00:00,1287235,081,1603,4,0,1789690691,,,SCHEDULED
2026-09-18T00:10:58.576141+00:00,1287235,081,1604,5,0,1789690749,,,SCHEDULED
2026-09-18T00:10:58.576141+00:00,1287235,081,1605,6,0,1789690817,,,SCHEDULED
2026-09-18T00:10:58.576141+00:00,1287235,081,1606,7,0,1789690894,,,SCHEDULED
2026-09-18T00:10:58.576141+00:00,1287235,081,1607,8,0,1789691040,,,SCHEDULED
2026-09-18T00:10:58.576141+00:00,1287235,081,1608,9,0,1789691104,,,SCHEDULED
2026-09-18T00:10:58.576141+00:00,1287235,081,1609,10,0,1789691148,,,SCHEDULED
2026-09-18T00:10:58.576141+00:00,1287235,081,1610,11,0,1789691215,,,SCHEDULED
2026-09-18T00:10:58.576141+00:00,1287235,081,1611,12,0,1789691388,,,SCHEDULED
2026-09-18T00:10:58.576141+00:00,1287235,081,1612,13,0,1789691460,,,SCHEDULED
2026-09-18T00:10:58.576141+00:00,1287235,081,1613,14,0,1789691559,,,SCHEDULED
2026-09-18T00:10:58.576141+00:00,1287235,081,2311,15,0,1789691608,,,SCHEDULED
2026-09-18T00:10:58.576141+00:00,1287235,081,2312,16,0,1789691801,,,SCHEDULED
2026-09-18T00:10:58.576141+00:00,1287235,081,2313,17,0,1789691859,,,SCHEDULED
2026-09-18T00:10:58.576141+00:00,1287235,081,2314,18,0,1789691942,,,SCHEDULED
2026-09-18T00:10:58.576141+00:00,1287236,081,1611,12,0,1789690261,,,SCHEDULED
2026-09-18T00:10:58.576141+00:00,1287236,081,1612,13,0,1789690333,,,SCHEDULED
2026-09-18T00:10:58.576141+00:00,1287236,081,1613,14,0,1789690432,,,SCHEDULED
2026-09-18T00:10:58.576141+00:00,1287236,081,2311,15,0,1789690481,,,SCHEDULED
2026-09-18T00:10:58.576141+00:00,1287236,081,2312,16,0,1789690674,,,SCHEDULED
2026-09-18T00:10:58.576141+00:00,1287236,081,2313,17,0,1789690732,,,SCHEDULED
2026-09-18T00:10:58.576141+00:00,1287236,081,2314,18,0,1789690815,,,SCHEDULED
2026-09-18T00:10:58.576141+00:00,1287236,081,2315,19,0,1789690908,,,SCHEDULED
2026-09-18T00:10:58.576141+00:00,1287236,081,5203,20,0,1789691053,,,SCHEDULED
2026-09-18T00:10:58.576141+00:00,1287236,081,2317,21,0,1789691174,,,SCHEDULED
2026-09-18T00:10:58.576141+00:00,1287236,081,2318,22,0,1789691266,,,SCHEDULED
2026-09-18T00:10:58.576141+00:00,1287236,081,2319,23,0,1789691334,,,SCHEDULED
2026-09-18T00:10:58.576141+00:00,1287236,081,2320,24,0,1789691373,,,SCHEDULED
2026-09-18T00:10:58.576141+00:00,1287236,081,2321,25,0,1789691460,,,SCHEDULED
2026-09-18T00:10:58.576141+00:00,1287236,081,2322,26,0,1789691533,,,SCHEDULED
2026-09-18T00:10:58.576141+00:00,1287236,081,2323,27,0,1789691590,,,SCHEDULED
2026-09-18T00:10:58.576141+00:00,1287236,081,2324,28,0,1789691654,,,SCHEDULED
2026-09-18T00:10:58.576141+00:00,1287236,081,2325,29,0,1789691708,,,SCHEDULED
2026-09-18T00:10:58.576141+00:00,1287236,081,2326,30,0,1789691773,,,SCHEDULED
2026-09-18T00:10:58.576141+00:00,1287236,081,2328,31,0,1789691865,,,SCHEDULED
2026-09-18T00:10:58.576141+00:00,1287236,081,2329,32,0,1789691919,,,SCHEDULED
2026-09-18T00:10:58.576141+00:00,1287236,081,2330,33,0,1789691978,,,SCHEDULED
2026-09-18T00:10:58.576141+00:00,1287236,081,4811,34,0,1789692038,,,SCHEDULED
2026-09-18T00:10:58.576141+00:00,1287516,084,2962,13,0,1789690296,,,SCHEDULED
2026-09-18T00:10:58.576141+00:00,1287516,084,2963,14,0,1789690413,,,SCHEDULED
2026-09-18T00:10:58.576141+00:00,1287516,084,2964,15,0,1789690517,,,SCHEDULED
2026-09-18T00:10:58.576141+00:00,1287516,084,2965,16,0,1789690595,,,SCHEDULED
2026-09-18T00:10:58.576141+00:00,1287516,084,2966,17,0,1789690673,,,SCHEDULED
2026-09-18T00:10:58.576141+00:00,1287516,084,1155,18,0,1789690770,,,SCHEDULED
2026-09-18T00:10:58.576141+00:00,1287516,084,1156,19,0,1789690825,,,SCHEDULED
2026-09-18T00:10:58.576141+00:00,1287516,084,1674,20,0,1789690890,,,SCHEDULED
2026-09-18T00:10:58.576141+00:00,1287516,084,1675,21,0,1789690935,,,SCHEDULED
2026-09-18T00:10:58.576141+00:00,1287516,084,1677,22,0,1789690991,,,SCHEDULED
2026-09-18T00:10:58.576141+00:00,1287516,084,1127,23,0,1789691031,,,SCHEDULED
2026-09-18T00:10:58.576141+00:00,1287516,084,1128,24,0,1789691080,,,SCHEDULED
2026-09-18T00:10:58.576141+00:00,1287516,084,1129,25,0,1789691165,,,SCHEDULED
2026-09-18T00:10:58.576141+00:00,1287516,084,1130,26,0,1789691230,,,SCHEDULED
2026-09-18T00:10:58.576141+00:00,1287516,084,1131,27,0,1789691303,,,SCHEDULED
2026-09-18T00:10:58.576141+00:00,1287516,084,3089,28,0,1789691376,,,SCHEDULED
2026-09-18T00:10:58.576141+00:00,1287516,084,3090,29,0,1789691458,,,SCHEDULED
2026-09-18T00:10:58.576141+00:00,1287516,084,3091,30,0,1789691588,,,SCHEDULED
2026-09-18T00:10:58.576141+00:00,1287516,084,3092,31,0,1789691685,,,SCHEDULED
2026-09-18T00:10:58.576141+00:00,1287516,084,3093,32,0,1789691791,,,SCHEDULED
2026-09-18T00:10:58.576141+00:00,1287516,084,3094,33,0,1789691843,,,SCHEDULED
2026-09-18T00:10:58.576141+00:00,1287516,084,3095,34,0,1789691929,,,SCHEDULED
2026-09-18T00:10:58.576141+00:00,1287516,084,3096,35,0,1789692055,,,SCHEDULED
2026-09-18T00:10:58.576141+00:00,1287517,084,3097,36,0,1789690243,,,SCHEDULED
2026-09-18T00:10:58.576141+00:00,1287517,084,3098,37,0,1789690309,,,SCHEDULED
2026-09-18T00:10:58.576141+00:00,1287517,084,9800,38,0,1789690374,,,SCHEDULED
2026-09-18T00:10:58.576141+00:00,1287517,084,3099,39,0,1789690469,,,SCHEDULED
2026-09-18T00:10:58.576141+00:00,1287517,084,3100,40,0,1789690513,,,SCHEDULED
2026-09-18T00:10:58.576141+00:00,1287517,084,3101,41,0,1789690549,,,SCHEDULED
2026-09-18T00:10:58.576141+00:00,1287517,084,3102,42,0,1789690578,,,SCHEDULED
2026-09-18T00:10:58.576141+00:00,1287517,084,3103,43,0,1789690665,,,SCHEDULED
2026-09-18T00:10:58.576141+00:00,1287517,084,3104,44,0,1789690703,,,SCHEDULED
2026-09-18T00:10:58.576141+00:00,1287517,084,3106,45,0,1789690763,,,SCHEDULED
2026-09-18T00:10:58.576141+00:00,1287517,084,3107,46,0,1789690795,,,SCHEDULED
2026-09-18T00:10:58.576141+00:00,1287517,084,3108,47,0,1789690837,,,SCHEDULED
2026-09-18T00:10:58.576141+00:00,1287517,084,3109,48,0,1789690884,,,SCHEDULED
2026-09-18T00:10:58.576141+00:00,1287517,084,3110,49,0,1789690932,,,SCHEDULED
2026-09-18T00:10:58.576141+00:00,1287517,084,3769,50,0,1789690974,,,SCHEDULED
2026-09-18T00:10:58.576141+00:00,1287517,084,3770,51,0,1789691022,,,SCHEDULED
2026-09-18T00:10:58.576141+00:00,1287517,084,3771,52,0,1789691055,,,SCHEDULED
2026-09-18T00:10:58.576141+00:00,1287517,084,3772,53,0,1789691099,,,SCHEDULED
2026-09-18T00:10:58.576141+00:00,1287517,084,3773,54,0,1789691150,,,SCHEDULED
2026-09-18T00:10:58.576141+00:00,1287517,084,3774,55,0,1789691196,,,SCHEDULED
2026-09-18T00:10:58.576141+00:00,1287517,084,3775,56,0,1789691226,,,SCHEDULED
2026-09-18T00:10:58.576141+00:00,1287517,084,3776,57,0,1789691265,,,SCHEDULED
2026-09-18T00:10:58.576141+00:00,1287517,084,3777,58,0,1789691387,,,SCHEDULED
2026-09-18T00:10:58.576141+00:00,1287517,084,3778,59,0,1789691448,,,SCHEDULED
2026-09-18T00:10:58.576141+00:00,1287517,084,3780,60,0,1789691530,,,SCHEDULED
2026-09-18T00:10:58.576141+00:00,1287517,084,1688,61,0,1789691571,,,SCHEDULED
2026-09-18T00:10:58.576141+00:00,1287517,084,1687,62,0,1789691663,,,SCHEDULED
2026-09-18T00:10:58.576141+00:00,1287517,084,265,63,0,1789691765,,,SCHEDULED
2026-09-18T00:10:58.576141+00:00,1287517,084,4731,64,0,1789691888,,,SCHEDULED
2026-09-18T00:10:58.576141+00:00,1287517,084,1303,65,0,1789691926,,,SCHEDULED
2026-09-18T00:10:58.576141+00:00,1287515,084,9817,1,,,0,1789691160,SCHEDULED
2026-09-18T00:10:58.576141+00:00,1287515,084,2755,2,0,1789691275,,,SCHEDULED
2026-09-18T00:10:58.576141+00:00,1287515,084,2756,3,0,1789691347,,,SCHEDULED
2026-09-18T00:10:58.576141+00:00,1287515,084,2757,4,0,1789691420,,,SCHEDULED
2026-09-18T00:10:58.576141+00:00,1287515,084,2954,5,0,1789691530,,,SCHEDULED
2026-09-18T00:10:58.576141+00:00,1287515,084,2955,6,0,1789691589,,,SCHEDULED
2026-09-18T00:10:58.576141+00:00,1287515,084,2956,7,0,1789691632,,,SCHEDULED
2026-09-18T00:10:58.576141+00:00,1287515,084,2957,8,0,1789691664,,,SCHEDULED
2026-09-18T00:10:58.576141+00:00,1287515,084,2958,9,0,1789691707,,,SCHEDULED
2026-09-18T00:10:58.576141+00:00,1287515,084,2959,10,0,1789691747,,,SCHEDULED
2026-09-18T00:10:58.576141+00:00,1287515,084,2960,11,0,1789691785,,,SCHEDULED
2026-09-18T00:10:58.576141+00:00,1287515,084,2961,12,0,1789691820,,,SCHEDULED
2026-09-18T00:10:58.576141+00:00,1287518,084,4731,64,0,1789690273,,,SCHEDULED
2026-09-18T00:10:58.576141+00:00,1287518,084,1303,65,0,1789690311,,,SCHEDULED
2026-09-18T00:10:58.576141+00:00,1287518,084,1291,66,0,1789690403,,,SCHEDULED
2026-09-18T00:10:58.576141+00:00,1287518,084,3696,67,0,1789690505,,,SCHEDULED
2026-09-18T00:10:58.576141+00:00,1287071,078,336,1,,,0,1789690743,SCHEDULED
2026-09-18T00:10:58.576141+00:00,1287071,078,2739,2,0,1789690811,,,SCHEDULED
2026-09-18T00:10:58.576141+00:00,1287071,078,2740,3,0,1789690864,,,SCHEDULED
2026-09-18T00:10:58.576141+00:00,1287071,078,2741,4,0,1789690935,,,SCHEDULED
2026-09-18T00:10:58.576141+00:00,1287071,078,2742,5,0,1789690992,,,SCHEDULED
2026-09-18T00:10:58.576141+00:00,1287071,078,2743,6,0,1789691116,,,SCHEDULED
2026-09-18T00:10:58.576141+00:00,1287071,078,2744,7,0,1789691230,,,SCHEDULED
2026-09-18T00:10:58.576141+00:00,1287071,078,2745,8,0,1789691319,,,SCHEDULED
2026-09-18T00:10:58.576141+00:00,1288440,177,658,1,,,0,1789691040,SCHEDULED
2026-09-18T00:10:58.576141+00:00,1288440,177,832,2,0,1789691174,,,SCHEDULED
2026-09-18T00:10:58.576141+00:00,1288440,177,3845,3,0,1789691201,,,SCHEDULED
2026-09-18T00:10:58.576141+00:00,1288440,177,795,4,0,1789691289,,,SCHEDULED
2026-09-18T00:10:58.576141+00:00,1285294,025,1057,1,,,0,1789691820,SCHEDULED
2026-09-18T00:10:58.576141+00:00,1285294,025,3332,2,0,1789691913,,,SCHEDULED
2026-09-18T00:10:58.576141+00:00,1288213,124,3283,35,0,1789690288,,,SCHEDULED
2026-09-18T00:10:58.576141+00:00,1288213,124,3285,36,0,1789690391,,,SCHEDULED
2026-09-18T00:10:58.576141+00:00,1288213,124,3286,37,0,1789690442,,,SCHEDULED
2026-09-18T00:10:58.576141+00:00,1288213,124,3287,38,0,1789690540,,,SCHEDULED
2026-09-18T00:10:58.576141+00:00,1288058,093,3069,31,0,1789690257,,,SCHEDULED
2026-09-18T00:10:58.576141+00:00,1288058,093,3049,32,0,1789690344,,,SCHEDULED
2026-09-18T00:10:58.576141+00:00,1288058,093,3070,33,0,1789690388,,,SCHEDULED
2026-09-18T00:10:58.576141+00:00,1288058,093,3071,34,0,1789690432,,,SCHEDULED
2026-09-18T00:10:58.576141+00:00,1288058,093,3072,35,0,1789690468,,,SCHEDULED
2026-09-18T00:10:58.576141+00:00,1285582,030,1721,11,0,1789690397,,,SCHEDULED
2026-09-18T00:10:58.576141+00:00,1285582,030,1722,12,0,1789690469,,,SCHEDULED
2026-09-18T00:10:58.576141+00:00,1285582,030,1723,13,0,1789690497,,,SCHEDULED
2026-09-18T00:10:58.576141+00:00,1285582,030,1725,14,0,1789690602,,,SCHEDULED
2026-09-18T00:10:58.576141+00:00,1285582,030,1726,15,0,1789690673,,,SCHEDULED
2026-09-18T00:10:58.576141+00:00,1285582,030,1727,16,0,1789690745,,,SCHEDULED
2026-09-18T00:10:58.576141+00:00,1285582,030,1728,17,0,1789690823,,,SCHEDULED
2026-09-18T00:10:58.576141+00:00,1285582,030,1729,18,0,1789690917,,,SCHEDULED
2026-09-18T00:10:58.576141+00:00,1285582,030,1730,19,0,1789690951,,,SCHEDULED
2026-09-18T00:10:58.576141+00:00,1285582,030,1732,20,0,1789690996,,,SCHEDULED
2026-09-18T00:10:58.576141+00:00,1285582,030,1734,21,0,1789691063,,,SCHEDULED
2026-09-18T00:10:58.576141+00:00,1285582,030,1735,22,0,1789691085,,,SCHEDULED
2026-09-18T00:10:58.576141+00:00,1285582,030,1736,23,0,1789691114,,,SCHEDULED
2026-09-18T00:10:58.576141+00:00,1285582,030,1737,24,0,1789691142,,,SCHEDULED
2026-09-18T00:10:58.576141+00:00,1285582,030,1739,25,0,1789691218,,,SCHEDULED
2026-09-18T00:10:58.576141+00:00,1288212,124,3026,13,0,1789690283,,,SCHEDULED
2026-09-18T00:10:58.576141+00:00,1288212,124,3027,14,0,1789690355,,,SCHEDULED
2026-09-18T00:10:58.576141+00:00,1288212,124,3028,15,0,1789690427,,,SCHEDULED
2026-09-18T00:10:58.576141+00:00,1288212,124,2798,16,0,1789690785,,,SCHEDULED
2026-09-18T00:10:58.576141+00:00,1288212,124,2799,17,0,1789690814,,,SCHEDULED
2026-09-18T00:10:58.576141+00:00,1288212,124,2800,18,0,1789690887,,,SCHEDULED
2026-09-18T00:10:58.576141+00:00,1288212,124,3273,19,0,1789690925,,,SCHEDULED
2026-09-18T00:10:58.576141+00:00,1288212,124,3040,20,0,1789691022,,,SCHEDULED
2026-09-18T00:10:58.576141+00:00,1288212,124,4775,21,0,1789691088,,,SCHEDULED
2026-09-18T00:10:58.576141+00:00,1288212,124,3042,22,0,1789691124,,,SCHEDULED
2026-09-18T00:10:58.576141+00:00,1288212,124,3043,23,0,1789691154,,,SCHEDULED
2026-09-18T00:10:58.576141+00:00,1288212,124,627,24,0,1789691199,,,SCHEDULED
2026-09-18T00:10:58.576141+00:00,1288212,124,1322,25,0,1789691236,,,SCHEDULED
2026-09-18T00:10:58.576141+00:00,1288212,124,1323,26,0,1789691280,,,SCHEDULED
2026-09-18T00:10:58.576141+00:00,1288212,124,1324,27,0,1789691331,,,SCHEDULED
2026-09-18T00:10:58.576141+00:00,1288212,124,1325,28,0,1789691390,,,SCHEDULED
2026-09-18T00:10:58.576141+00:00,1288212,124,1326,29,0,1789691441,,,SCHEDULED
2026-09-18T00:10:58.576141+00:00,1288212,124,1327,30,0,1789691483,,,SCHEDULED
2026-09-18T00:10:58.576141+00:00,1288212,124,3456,31,0,1789691569,,,SCHEDULED
2026-09-18T00:10:58.576141+00:00,1288212,124,5359,32,0,1789691620,,,SCHEDULED
2026-09-18T00:10:58.576141+00:00,1288212,124,3457,33,0,1789691671,,,SCHEDULED
2026-09-18T00:10:58.576141+00:00,1288212,124,3282,34,0,1789691755,,,SCHEDULED
2026-09-18T00:10:58.576141+00:00,1288212,124,3283,35,0,1789691806,,,SCHEDULED
2026-09-18T00:10:58.576141+00:00,1288212,124,3285,36,0,1789691909,,,SCHEDULED
2026-09-18T00:10:58.576141+00:00,1288212,124,3286,37,0,1789691960,,,SCHEDULED
2026-09-18T00:10:58.576141+00:00,1285581,030,282,1,,,0,1789691100,SCHEDULED
2026-09-18T00:10:58.576141+00:00,1285581,030,414,2,0,1789691351,,,SCHEDULED
2026-09-18T00:10:58.576141+00:00,1285581,030,415,3,0,1789691400,,,SCHEDULED
2026-09-18T00:10:58.576141+00:00,1285581,030,416,4,0,1789691433,,,SCHEDULED
2026-09-18T00:10:58.576141+00:00,1285581,030,418,5,0,1789691499,,,SCHEDULED
2026-09-18T00:10:58.576141+00:00,1285581,030,4763,6,0,1789691574,,,SCHEDULED
2026-09-18T00:10:58.576141+00:00,1285581,030,1716,7,0,1789691628,,,SCHEDULED
2026-09-18T00:10:58.576141+00:00,1285581,030,1717,8,0,1789691669,,,SCHEDULED
2026-09-18T00:10:58.576141+00:00,1285581,030,1718,9,0,1789691736,,,SCHEDULED
2026-09-18T00:10:58.576141+00:00,1285581,030,1720,10,0,1789691835,,,SCHEDULED
2026-09-18T00:10:58.576141+00:00,1285581,030,1721,11,0,1789691968,,,SCHEDULED
2026-09-18T00:10:58.576141+00:00,1288056,093,1069,1,,,0,1789691400,SCHEDULED
2026-09-18T00:10:58.576141+00:00,1288056,093,3332,2,0,1789691474,,,SCHEDULED
2026-09-18T00:10:58.576141+00:00,1288056,093,3333,3,0,1789691545,,,SCHEDULED
2026-09-18T00:10:58.576141+00:00,1288056,093,3334,4,0,1789691604,,,SCHEDULED
2026-09-18T00:10:58.576141+00:00,1288056,093,3335,5,0,1789691658,,,SCHEDULED
2026-09-18T00:10:58.576141+00:00,1288056,093,4655,6,0,1789691685,,,SCHEDULED
2026-09-18T00:10:58.576141+00:00,1288056,093,875,7,0,1789691747,,,SCHEDULED
2026-09-18T00:10:58.576141+00:00,1288056,093,5369,8,0,1789691828,,,SCHEDULED
2026-09-18T00:10:58.576141+00:00,1288056,093,4720,9,0,1789691934,,,SCHEDULED
2026-09-18T00:10:58.576141+00:00,1288056,093,4721,10,0,1789691988,,,SCHEDULED
2026-09-18T00:10:58.576141+00:00,1288211,124,9921,1,,,0,1789690380,SCHEDULED
2026-09-18T00:10:58.576141+00:00,1288211,124,4064,2,0,1789690629,,,SCHEDULED
2026-09-18T00:10:58.576141+00:00,1288211,124,4065,3,0,1789690698,,,SCHEDULED
2026-09-18T00:10:58.576141+00:00,1288211,124,837,4,0,1789690730,,,SCHEDULED
2026-09-18T00:10:58.576141+00:00,1288211,124,3811,5,0,1789690800,,,SCHEDULED
2026-09-18T00:10:58.576141+00:00,1288211,124,3812,6,0,1789690841,,,SCHEDULED
2026-09-18T00:10:58.576141+00:00,1288211,124,3813,7,0,1789690865,,,SCHEDULED
2026-09-18T00:10:58.576141+00:00,1288211,124,4068,8,0,1789690918,,,SCHEDULED
2026-09-18T00:10:58.576141+00:00,1288211,124,953,9,0,1789690989,,,SCHEDULED
2026-09-18T00:10:58.576141+00:00,1288211,124,951,10,0,1789691106,,,SCHEDULED
2026-09-18T00:10:58.576141+00:00,1288211,124,5289,11,0,1789691216,,,SCHEDULED
2026-09-18T00:10:58.576141+00:00,1288211,124,5285,12,0,1789691280,,,SCHEDULED
2026-09-18T00:10:58.576141+00:00,1288211,124,3026,13,0,1789691558,,,SCHEDULED
2026-09-18T00:10:58.576141+00:00,1288211,124,3027,14,0,1789691630,,,SCHEDULED
2026-09-18T00:10:58.576141+00:00,1288211,124,3028,15,0,1789691702,,,SCHEDULED
2026-09-18T00:10:58.576141+00:00,1288057,093,4743,11,0,1789690260,,,SCHEDULED
2026-09-18T00:10:58.576141+00:00,1288057,093,1576,12,0,1789690354,,,SCHEDULED
2026-09-18T00:10:58.576141+00:00,1288057,093,3555,13,0,1789690589,,,SCHEDULED
2026-09-18T00:10:58.576141+00:00,1288057,093,3556,14,0,1789690630,,,SCHEDULED
2026-09-18T00:10:58.576141+00:00,1288057,093,3557,15,0,1789690680,,,SCHEDULED
2026-09-18T00:10:58.576141+00:00,1288057,093,3540,16,0,1789690740,,,SCHEDULED
2026-09-18T00:10:58.576141+00:00,1288057,093,3541,17,0,1789690777,,,SCHEDULED
2026-09-18T00:10:58.576141+00:00,1288057,093,3542,18,0,1789690801,,,SCHEDULED
2026-09-18T00:10:58.576141+00:00,1288057,093,3543,19,0,1789690836,,,SCHEDULED
2026-09-18T00:10:58.576141+00:00,1288057,093,3544,20,0,1789690872,,,SCHEDULED
2026-09-18T00:10:58.576141+00:00,1288057,093,3545,21,0,1789690914,,,SCHEDULED
2026-09-18T00:10:58.576141+00:00,1288057,093,3547,22,0,1789691004,,,SCHEDULED
2026-09-18T00:10:58.576141+00:00,1288057,093,3548,23,0,1789691055,,,SCHEDULED
2026-09-18T00:10:58.576141+00:00,1288057,093,3549,24,0,1789691093,,,SCHEDULED
2026-09-18T00:10:58.576141+00:00,1288057,093,3550,25,0,1789691140,,,SCHEDULED
2026-09-18T00:10:58.576141+00:00,1288057,093,3551,26,0,1789691188,,,SCHEDULED
2026-09-18T00:10:58.576141+00:00,1288057,093,3552,27,0,1789691235,,,SCHEDULED
2026-09-18T00:10:58.576141+00:00,1288057,093,3508,28,0,1789691280,,,SCHEDULED
2026-09-18T00:10:58.576141+00:00,1288057,093,3509,29,0,1789691329,,,SCHEDULED
2026-09-18T00:10:58.576141+00:00,1288057,093,3510,30,0,1789691386,,,SCHEDULED
2026-09-18T00:10:58.576141+00:00,1288057,093,3069,31,0,1789691532,,,SCHEDULED
2026-09-18T00:10:58.576141+00:00,1288057,093,3049,32,0,1789691619,,,SCHEDULED
2026-09-18T00:10:58.576141+00:00,1288057,093,3070,33,0,1789691663,,,SCHEDULED
2026-09-18T00:10:58.576141+00:00,1288057,093,3071,34,0,1789691707,,,SCHEDULED
2026-09-18T00:10:58.576141+00:00,1288057,093,3072,35,0,1789691743,,,SCHEDULED
2026-09-18T00:10:58.576141+00:00,1288217,129,327,2,0,1789690266,,,SCHEDULED
2026-09-18T00:10:58.576141+00:00,1288217,129,328,3,0,1789690313,,,SCHEDULED
2026-09-18T00:10:58.576141+00:00,1288217,129,329,4,0,1789690393,,,SCHEDULED
2026-09-18T00:10:58.576141+00:00,1288217,129,330,5,0,1789690426,,,SCHEDULED
2026-09-18T00:10:58.576141+00:00,1288217,129,331,6,0,1789690447,,,SCHEDULED
2026-09-18T00:10:58.576141+00:00,1288217,129,668,7,0,1789690489,,,SCHEDULED
2026-09-18T00:10:58.576141+00:00,1288217,129,1759,8,0,1789690740,,,SCHEDULED
2026-09-18T00:10:58.576141+00:00,1288217,129,536,9,0,1789690850,,,SCHEDULED
2026-09-18T00:10:58.576141+00:00,1288217,129,1099,10,0,1789691773,,,SCHEDULED
2026-09-18T00:10:58.576141+00:00,1288217,129,1100,11,0,1789691916,,,SCHEDULED
2026-09-18T00:10:58.576141+00:00,1288217,129,1101,12,0,1789692013,,,SCHEDULED
2026-09-18T00:10:58.576141+00:00,1288216,129,1108,19,0,1789690239,,,SCHEDULED
2026-09-18T00:10:58.576141+00:00,1288216,129,1109,20,0,1789690308,,,SCHEDULED
2026-09-18T00:10:58.576141+00:00,1288216,129,1110,21,0,1789690362,,,SCHEDULED
2026-09-18T00:10:58.576141+00:00,1288216,129,1111,22,0,1789690428,,,SCHEDULED
2026-09-18T00:10:58.576141+00:00,1288216,129,1112,23,0,1789690491,,,SCHEDULED
2026-09-18T00:10:58.576141+00:00,1288216,129,1113,24,0,1789690545,,,SCHEDULED
2026-09-18T00:10:58.576141+00:00,1288216,129,1114,25,0,1789690617,,,SCHEDULED
2026-09-18T00:10:58.576141+00:00,1288216,129,1115,26,0,1789690656,,,SCHEDULED
2026-09-18T00:10:58.576141+00:00,1288216,129,1116,27,0,1789690731,,,SCHEDULED
2026-09-18T00:10:58.576141+00:00,1288216,129,1175,28,0,1789690788,,,SCHEDULED
2026-09-18T00:10:58.576141+00:00,1288216,129,1176,29,0,1789690819,,,SCHEDULED
2026-09-18T00:10:58.576141+00:00,1288216,129,1177,30,0,1789690891,,,SCHEDULED
2026-09-18T00:10:58.576141+00:00,1288216,129,1178,31,0,1789690915,,,SCHEDULED
2026-09-18T00:10:58.576141+00:00,1288216,129,1180,32,0,1789690968,,,SCHEDULED
2026-09-18T00:10:58.576141+00:00,1288216,129,1183,33,0,1789691014,,,SCHEDULED
2026-09-18T00:10:58.576141+00:00,1288216,129,1181,34,0,1789691046,,,SCHEDULED
2026-09-18T00:10:58.576141+00:00,1288216,129,1182,35,0,1789691092,,,SCHEDULED
2026-09-18T00:10:58.576141+00:00,1288216,129,1284,36,0,1789691148,,,SCHEDULED
2026-09-18T00:10:58.576141+00:00,1288216,129,1286,37,0,1789691258,,,SCHEDULED
2026-09-18T00:10:58.576141+00:00,1288216,129,1287,38,0,1789691290,,,SCHEDULED
2026-09-18T00:10:58.576141+00:00,1288216,129,1288,39,0,1789691336,,,SCHEDULED
2026-09-18T00:10:58.576141+00:00,1288216,129,1289,40,0,1789691395,,,SCHEDULED
2026-09-18T00:10:58.576141+00:00,1288216,129,1290,41,0,1789691443,,,SCHEDULED
2026-09-18T00:10:58.576141+00:00,1288216,129,1292,42,0,1789691508,,,SCHEDULED
2026-09-18T00:10:58.576141+00:00,1288216,129,1293,43,0,1789691551,,,SCHEDULED
2026-09-18T00:10:58.576141+00:00,1288216,129,1294,44,0,1789691602,,,SCHEDULED
2026-09-18T00:10:58.576141+00:00,1288216,129,1295,45,0,1789691643,,,SCHEDULED
2026-09-18T00:10:58.576141+00:00,1288216,129,1296,46,0,1789691702,,,SCHEDULED
2026-09-18T00:10:58.576141+00:00,1288216,129,1298,47,0,1789691753,,,SCHEDULED
2026-09-18T00:10:58.576141+00:00,1288216,129,1299,48,0,1789691814,,,SCHEDULED
2026-09-18T00:10:58.576141+00:00,1288216,129,1300,49,0,1789691855,,,SCHEDULED
2026-09-18T00:10:58.576141+00:00,1288216,129,1301,50,0,1789691888,,,SCHEDULED
2026-09-18T00:10:58.576141+00:00,1288216,129,1302,51,0,1789691944,,,SCHEDULED
2026-09-18T00:10:58.576141+00:00,1286318,061,1860,2,0,1789690305,,,SCHEDULED
2026-09-18T00:10:58.576141+00:00,1286318,061,1861,3,0,1789690336,,,SCHEDULED
2026-09-18T00:10:58.576141+00:00,1286318,061,1862,4,0,1789690405,,,SCHEDULED
2026-09-18T00:10:58.576141+00:00,1286318,061,1863,5,0,1789690492,,,SCHEDULED
2026-09-18T00:10:58.576141+00:00,1286318,061,1864,6,0,1789690617,,,SCHEDULED
2026-09-18T00:10:58.576141+00:00,1286318,061,1865,7,0,1789690658,,,SCHEDULED
2026-09-18T00:10:58.576141+00:00,1286318,061,1866,8,0,1789690689,,,SCHEDULED
2026-09-18T00:10:58.576141+00:00,1286318,061,1867,9,0,1789690739,,,SCHEDULED
2026-09-18T00:10:58.576141+00:00,1286318,061,1868,10,0,1789690786,,,SCHEDULED
2026-09-18T00:10:58.576141+00:00,1286318,061,1870,11,0,1789690833,,,SCHEDULED
2026-09-18T00:10:58.576141+00:00,1286318,061,1871,12,0,1789690866,,,SCHEDULED
2026-09-18T00:10:58.576141+00:00,1286318,061,1872,13,0,1789690880,,,SCHEDULED
2026-09-18T00:10:58.576141+00:00,1286318,061,1873,14,0,1789690922,,,SCHEDULED
2026-09-18T00:10:58.576141+00:00,1286318,061,1874,15,0,1789690978,,,SCHEDULED
2026-09-18T00:10:58.576141+00:00,1286318,061,1875,16,0,1789691020,,,SCHEDULED
2026-09-18T00:10:58.576141+00:00,1286318,061,1876,17,0,1789691055,,,SCHEDULED
2026-09-18T00:10:58.576141+00:00,1286318,061,1877,18,0,1789691097,,,SCHEDULED
2026-09-18T00:10:58.576141+00:00,1286318,061,1878,19,0,1789691165,,,SCHEDULED
2026-09-18T00:10:58.576141+00:00,1286318,061,1879,20,0,1789691200,,,SCHEDULED
2026-09-18T00:10:58.576141+00:00,1286318,061,2201,21,0,1789691266,,,SCHEDULED
2026-09-18T00:10:58.576141+00:00,1286318,061,2202,22,0,1789691301,,,SCHEDULED
2026-09-18T00:10:58.576141+00:00,1286318,061,2203,23,0,1789691334,,,SCHEDULED
2026-09-18T00:10:58.576141+00:00,1286318,061,2204,24,0,1789691369,,,SCHEDULED
2026-09-18T00:10:58.576141+00:00,1286318,061,2205,25,0,1789691408,,,SCHEDULED
2026-09-18T00:10:58.576141+00:00,1286318,061,2206,26,0,1789691437,,,SCHEDULED
2026-09-18T00:10:58.576141+00:00,1286318,061,2200,27,0,1789691470,,,SCHEDULED
2026-09-18T00:10:58.576141+00:00,1286318,061,2207,28,0,1789691522,,,SCHEDULED
2026-09-18T00:10:58.576141+00:00,1286318,061,2208,29,0,1789691544,,,SCHEDULED
2026-09-18T00:10:58.576141+00:00,1286318,061,2209,30,0,1789691580,,,SCHEDULED
2026-09-18T00:10:58.576141+00:00,1286318,061,2210,31,0,1789691609,,,SCHEDULED
2026-09-18T00:10:58.576141+00:00,1286318,061,2211,32,0,1789691648,,,SCHEDULED
2026-09-18T00:10:58.576141+00:00,1286318,061,2212,33,0,1789691671,,,SCHEDULED
2026-09-18T00:10:58.576141+00:00,1286318,061,2213,34,0,1789691700,,,SCHEDULED
2026-09-18T00:10:58.576141+00:00,1286318,061,2214,35,0,1789691746,,,SCHEDULED
2026-09-18T00:10:58.576141+00:00,1285746,033,628,1,,,0,1789691640,SCHEDULED
2026-09-18T00:10:58.576141+00:00,1285746,033,5259,2,0,1789691801,,,SCHEDULED
2026-09-18T00:10:58.576141+00:00,1285746,033,5260,3,0,1789691856,,,SCHEDULED
2026-09-18T00:10:58.576141+00:00,1285746,033,5257,4,0,1789691882,,,SCHEDULED
2026-09-18T00:10:58.576141+00:00,1285900,051,3131,1,,,0,1789690500,SCHEDULED
2026-09-18T00:10:58.576141+00:00,1285900,051,1884,2,0,1789690580,,,SCHEDULED
2026-09-18T00:10:58.576141+00:00,1285900,051,1885,3,0,1789690668,,,SCHEDULED
2026-09-18T00:10:58.576141+00:00,1285900,051,1887,4,0,1789690758,,,SCHEDULED
2026-09-18T00:10:58.576141+00:00,1285900,051,1888,5,0,1789690794,,,SCHEDULED
2026-09-18T00:10:58.576141+00:00,1285900,051,1889,6,0,1789690868,,,SCHEDULED
2026-09-18T00:10:58.576141+00:00,1285900,051,1890,7,0,1789690920,,,SCHEDULED
2026-09-18T00:10:58.576141+00:00,1285900,051,1891,8,0,1789690972,,,SCHEDULED
2026-09-18T00:10:58.576141+00:00,1285900,051,1892,9,0,1789691040,,,SCHEDULED
2026-09-18T00:10:58.576141+00:00,1285900,051,1893,10,0,1789691073,,,SCHEDULED
2026-09-18T00:10:58.576141+00:00,1285900,051,1894,11,0,1789691120,,,SCHEDULED
2026-09-18T00:10:58.576141+00:00,1285900,051,1895,12,0,1789691169,,,SCHEDULED
2026-09-18T00:10:58.576141+00:00,1285900,051,1896,13,0,1789691200,,,SCHEDULED
2026-09-18T00:10:58.576141+00:00,1285900,051,1898,14,0,1789691265,,,SCHEDULED
2026-09-18T00:10:58.576141+00:00,1285900,051,1899,15,0,1789691308,,,SCHEDULED
2026-09-18T00:10:58.576141+00:00,1285900,051,1901,16,0,1789691351,,,SCHEDULED
2026-09-18T00:10:58.576141+00:00,1285900,051,1902,17,0,1789691388,,,SCHEDULED
2026-09-18T00:10:58.576141+00:00,1285900,051,1904,18,0,1789691460,,,SCHEDULED
2026-09-18T00:10:58.576141+00:00,1285900,051,1905,19,0,1789691504,,,SCHEDULED
2026-09-18T00:10:58.576141+00:00,1285900,051,1906,20,0,1789691552,,,SCHEDULED
2026-09-18T00:10:58.576141+00:00,1285900,051,1907,21,0,1789691600,,,SCHEDULED
2026-09-18T00:10:58.576141+00:00,1285900,051,1908,22,0,1789691636,,,SCHEDULED
2026-09-18T00:10:58.576141+00:00,1285900,051,1911,23,0,1789691728,,,SCHEDULED
2026-09-18T00:10:58.576141+00:00,1285900,051,1913,24,0,1789691825,,,SCHEDULED
2026-09-18T00:10:58.576141+00:00,1285900,051,1914,25,0,1789691882,,,SCHEDULED
2026-09-18T00:10:58.576141+00:00,1285900,051,1915,26,0,1789691940,,,SCHEDULED
2026-09-18T00:10:58.576141+00:00,1285900,051,1916,27,0,1789691993,,,SCHEDULED
2026-09-18T00:10:58.576141+00:00,1287922,088,413,23,0,1789690647,,,SCHEDULED
2026-09-18T00:10:58.576141+00:00,1287922,088,414,24,0,1789690672,,,SCHEDULED
2026-09-18T00:10:58.576141+00:00,1287922,088,415,25,0,1789690697,,,SCHEDULED
2026-09-18T00:10:58.576141+00:00,1287922,088,416,26,0,1789690737,,,SCHEDULED
2026-09-18T00:10:58.576141+00:00,1286319,061,2215,36,0,1789690258,,,SCHEDULED
2026-09-18T00:10:58.576141+00:00,1286319,061,2216,37,0,1789690312,,,SCHEDULED
2026-09-18T00:10:58.576141+00:00,1286319,061,2217,38,0,1789690365,,,SCHEDULED
2026-09-18T00:10:58.576141+00:00,1286319,061,2218,39,0,1789690412,,,SCHEDULED
2026-09-18T00:10:58.576141+00:00,1286319,061,2220,40,0,1789690465,,,SCHEDULED
2026-09-18T00:10:58.576141+00:00,1286319,061,2221,41,0,1789690572,,,SCHEDULED
2026-09-18T00:10:58.576141+00:00,1286319,061,2222,42,0,1789690600,,,SCHEDULED
2026-09-18T00:10:58.576141+00:00,1286319,061,2223,43,0,1789690647,,,SCHEDULED
2026-09-18T00:10:58.576141+00:00,1286319,061,6107,44,0,1789690673,,,SCHEDULED
2026-09-18T00:10:58.576141+00:00,1286319,061,2224,45,0,1789690730,,,SCHEDULED
2026-09-18T00:10:58.576141+00:00,1286319,061,2225,46,0,1789690753,,,SCHEDULED
2026-09-18T00:10:58.576141+00:00,1286319,061,2226,47,0,1789690787,,,SCHEDULED
2026-09-18T00:10:58.576141+00:00,1286319,061,2227,48,0,1789690821,,,SCHEDULED
2026-09-18T00:10:58.576141+00:00,1286319,061,2228,49,0,1789690853,,,SCHEDULED
2026-09-18T00:10:58.576141+00:00,1286319,061,6100,50,0,1789690892,,,SCHEDULED
2026-09-18T00:10:58.576141+00:00,1286319,061,997,51,0,1789691048,,,SCHEDULED
2026-09-18T00:10:58.576141+00:00,1286319,061,998,52,0,1789691093,,,SCHEDULED
2026-09-18T00:10:58.576141+00:00,1286319,061,999,53,0,1789691123,,,SCHEDULED
2026-09-18T00:10:58.576141+00:00,1286319,061,249,54,0,1789691156,,,SCHEDULED
2026-09-18T00:10:58.576141+00:00,1286319,061,248,55,0,1789691203,,,SCHEDULED
2026-09-18T00:10:58.576141+00:00,1286319,061,250,56,0,1789691240,,,SCHEDULED
2026-09-18T00:10:58.576141+00:00,1286319,061,264,57,0,1789691352,,,SCHEDULED
2026-09-18T00:10:58.576141+00:00,1286319,061,263,58,0,1789691398,,,SCHEDULED
2026-09-18T00:10:58.576141+00:00,1286319,061,2180,59,0,1789691436,,,SCHEDULED
2026-09-18T00:10:58.576141+00:00,1286319,061,2181,60,0,1789691471,,,SCHEDULED
2026-09-18T00:10:58.576141+00:00,1286319,061,4395,61,0,1789691610,,,SCHEDULED
2026-09-18T00:10:58.576141+00:00,1286319,061,4396,62,0,1789691648,,,SCHEDULED
2026-09-18T00:10:58.576141+00:00,1286319,061,4397,63,0,1789691679,,,SCHEDULED
2026-09-18T00:10:58.576141+00:00,1286319,061,4398,64,0,1789691715,,,SCHEDULED
2026-09-18T00:10:58.576141+00:00,1286319,061,4391,65,0,1789691761,,,SCHEDULED
2026-09-18T00:10:58.576141+00:00,1286319,061,4399,66,0,1789691782,,,SCHEDULED
2026-09-18T00:10:58.576141+00:00,1286319,061,4392,67,0,1789691805,,,SCHEDULED
2026-09-18T00:10:58.576141+00:00,1284815,015,9807,1,,,0,1789690439,SCHEDULED
2026-09-18T00:10:58.576141+00:00,1284815,015,545,2,0,1789690510,,,SCHEDULED
2026-09-18T00:10:58.576141+00:00,1284815,015,547,3,0,1789690578,,,SCHEDULED
2026-09-18T00:10:58.576141+00:00,1284815,015,548,4,0,1789690605,,,SCHEDULED
2026-09-18T00:10:58.576141+00:00,1284815,015,549,5,0,1789690637,,,SCHEDULED
2026-09-18T00:10:58.576141+00:00,1284815,015,960,6,0,1789690670,,,SCHEDULED
2026-09-18T00:10:58.576141+00:00,1284815,015,961,7,0,1789690691,,,SCHEDULED
2026-09-18T00:10:58.576141+00:00,1284815,015,962,8,0,1789690720,,,SCHEDULED
2026-09-18T00:10:58.576141+00:00,1284815,015,963,9,0,1789690777,,,SCHEDULED
2026-09-18T00:10:58.576141+00:00,1284815,015,964,10,0,1789690815,,,SCHEDULED
2026-09-18T00:10:58.576141+00:00,1284815,015,965,11,0,1789690851,,,SCHEDULED
2026-09-18T00:10:58.576141+00:00,1284815,015,966,12,0,1789690928,,,SCHEDULED
2026-09-18T00:10:58.576141+00:00,1284815,015,967,13,0,1789690964,,,SCHEDULED
2026-09-18T00:10:58.576141+00:00,1284815,015,968,14,0,1789690997,,,SCHEDULED
2026-09-18T00:10:58.576141+00:00,1284815,015,969,15,0,1789691035,,,SCHEDULED
2026-09-18T00:10:58.576141+00:00,1284815,015,836,16,0,1789691071,,,SCHEDULED
2026-09-18T00:10:58.576141+00:00,1284815,015,838,17,0,1789691121,,,SCHEDULED
2026-09-18T00:10:58.576141+00:00,1284815,015,839,18,0,1789691172,,,SCHEDULED
2026-09-18T00:10:58.576141+00:00,1284815,015,840,19,0,1789691237,,,SCHEDULED
2026-09-18T00:10:58.576141+00:00,1284815,015,841,20,0,1789691279,,,SCHEDULED
2026-09-18T00:10:58.576141+00:00,1284815,015,842,21,0,1789691296,,,SCHEDULED
2026-09-18T00:10:58.576141+00:00,1284815,015,843,22,0,1789691314,,,SCHEDULED
2026-09-18T00:10:58.576141+00:00,1284815,015,845,23,0,1789691351,,,SCHEDULED
2026-09-18T00:10:58.576141+00:00,1284815,015,846,24,0,1789691361,,,SCHEDULED
2026-09-18T00:10:58.576141+00:00,1284815,015,847,25,0,1789691381,,,SCHEDULED
2026-09-18T00:10:58.576141+00:00,1284815,015,848,26,0,1789691397,,,SCHEDULED
2026-09-18T00:10:58.576141+00:00,1284815,015,3098,27,0,1789691676,,,SCHEDULED
2026-09-18T00:10:58.576141+00:00,1284935,019,4866,16,0,1789690288,,,SCHEDULED
2026-09-18T00:10:58.576141+00:00,1284935,019,4840,17,0,1789690325,,,SCHEDULED
2026-09-18T00:10:58.576141+00:00,1284935,019,682,18,0,1789690383,,,SCHEDULED
2026-09-18T00:10:58.576141+00:00,1284935,019,683,19,0,1789690481,,,SCHEDULED
2026-09-18T00:10:58.576141+00:00,1284935,019,716,20,0,1789690509,,,SCHEDULED
2026-09-18T00:10:58.576141+00:00,1284935,019,717,21,0,1789690528,,,SCHEDULED
2026-09-18T00:10:58.576141+00:00,1284935,019,731,22,0,1789690755,,,SCHEDULED
2026-09-18T00:10:58.576141+00:00,1284935,019,732,23,0,1789690787,,,SCHEDULED
2026-09-18T00:10:58.576141+00:00,1284935,019,733,24,0,1789690808,,,SCHEDULED
2026-09-18T00:10:58.576141+00:00,1284935,019,734,25,0,1789690822,,,SCHEDULED
2026-09-18T00:10:58.576141+00:00,1284935,019,735,26,0,1789690849,,,SCHEDULED
2026-09-18T00:10:58.576141+00:00,1284935,019,736,27,0,1789690892,,,SCHEDULED
2026-09-18T00:10:58.576141+00:00,1284935,019,737,28,0,1789690910,,,SCHEDULED
2026-09-18T00:10:58.576141+00:00,1284935,019,738,29,0,1789690926,,,SCHEDULED
2026-09-18T00:10:58.576141+00:00,1284935,019,739,30,0,1789690945,,,SCHEDULED
2026-09-18T00:10:58.576141+00:00,1284935,019,740,31,0,1789690961,,,SCHEDULED
2026-09-18T00:10:58.576141+00:00,1284935,019,741,32,0,1789690990,,,SCHEDULED
2026-09-18T00:10:58.576141+00:00,1284935,019,1333,33,0,1789691144,,,SCHEDULED
2026-09-18T00:10:58.576141+00:00,1284935,019,3115,34,0,1789691681,,,SCHEDULED
2026-09-18T00:10:58.576141+00:00,1284935,019,3116,35,0,1789691707,,,SCHEDULED
2026-09-18T00:10:58.576141+00:00,1284935,019,3117,36,0,1789691727,,,SCHEDULED
2026-09-18T00:10:58.576141+00:00,1284935,019,3118,37,0,1789691761,,,SCHEDULED
2026-09-18T00:10:58.576141+00:00,1284935,019,3119,38,0,1789691778,,,SCHEDULED
2026-09-18T00:10:58.576141+00:00,1284935,019,3121,39,0,1789691819,,,SCHEDULED
2026-09-18T00:10:58.576141+00:00,1284935,019,3122,40,0,1789691852,,,SCHEDULED
2026-09-18T00:10:58.576141+00:00,1284935,019,3123,41,0,1789691899,,,SCHEDULED
2026-09-18T00:10:58.576141+00:00,1284935,019,3124,42,0,1789691942,,,SCHEDULED
2026-09-18T00:10:58.576141+00:00,1284935,019,3125,43,0,1789691975,,,SCHEDULED
2026-09-18T00:10:58.576141+00:00,1284935,019,3696,44,0,1789692052,,,SCHEDULED
2026-09-18T00:10:58.576141+00:00,1284928,019,784,13,0,1789690273,,,SCHEDULED
2026-09-18T00:10:58.576141+00:00,1284928,019,785,14,0,1789690291,,,SCHEDULED
2026-09-18T00:10:58.576141+00:00,1284928,019,786,15,0,1789690339,,,SCHEDULED
2026-09-18T00:10:58.576141+00:00,1284928,019,787,16,0,1789690365,,,SCHEDULED
2026-09-18T00:10:58.576141+00:00,1284928,019,788,17,0,1789690393,,,SCHEDULED
2026-09-18T00:10:58.576141+00:00,1284928,019,789,18,0,1789690411,,,SCHEDULED
2026-09-18T00:10:58.576141+00:00,1284928,019,1212,19,0,1789690455,,,SCHEDULED
2026-09-18T00:10:58.576141+00:00,1284928,019,804,20,0,1789690771,,,SCHEDULED
2026-09-18T00:10:58.576141+00:00,1284928,019,805,21,0,1789690783,,,SCHEDULED
2026-09-18T00:10:58.576141+00:00,1284928,019,806,22,0,1789690813,,,SCHEDULED
2026-09-18T00:10:58.576141+00:00,1284928,019,661,23,0,1789690918,,,SCHEDULED
2026-09-18T00:10:58.576141+00:00,1284928,019,4863,24,0,1789690937,,,SCHEDULED
2026-09-18T00:10:58.576141+00:00,1284928,019,5368,25,0,1789690973,,,SCHEDULED
2026-09-18T00:10:58.576141+00:00,1284928,019,810,26,0,1789691026,,,SCHEDULED
2026-09-18T00:10:58.576141+00:00,1284928,019,811,27,0,1789691065,,,SCHEDULED
2026-09-18T00:10:58.576141+00:00,1284928,019,812,28,0,1789691141,,,SCHEDULED
2026-09-18T00:10:58.576141+00:00,1284928,019,813,29,0,1789691173,,,SCHEDULED
2026-09-18T00:10:58.576141+00:00,1284928,019,814,30,0,1789691218,,,SCHEDULED
2026-09-18T00:10:58.576141+00:00,1284928,019,815,31,0,1789691263,,,SCHEDULED
2026-09-18T00:10:58.576141+00:00,1284928,019,5347,32,0,1789691327,,,SCHEDULED
2026-09-18T00:10:58.576141+00:00,1284928,019,824,33,0,1789691430,,,SCHEDULED
2026-09-18T00:10:58.576141+00:00,1284928,019,825,34,0,1789691471,,,SCHEDULED
2026-09-18T00:10:58.576141+00:00,1284928,019,826,35,0,1789691523,,,SCHEDULED
2026-09-18T00:10:58.576141+00:00,1284928,019,827,36,0,1789691555,,,SCHEDULED
2026-09-18T00:10:58.576141+00:00,1284928,019,5242,37,0,1789691632,,,SCHEDULED
2026-09-18T00:10:58.576141+00:00,1284928,019,829,38,0,1789691658,,,SCHEDULED
2026-09-18T00:10:58.576141+00:00,1284928,019,5271,39,0,1789691777,,,SCHEDULED
2026-09-18T00:10:58.576141+00:00,1288172,102,668,1,,,0,1789691100,SCHEDULED
2026-09-18T00:10:58.576141+00:00,1288172,102,221,2,0,1789691163,,,SCHEDULED
2026-09-18T00:10:58.576141+00:00,1288172,102,222,3,0,1789691187,,,SCHEDULED
2026-09-18T00:10:58.576141+00:00,1288172,102,223,4,0,1789691216,,,SCHEDULED
2026-09-18T00:10:58.576141+00:00,1288172,102,225,5,0,1789691280,,,SCHEDULED
2026-09-18T00:10:58.576141+00:00,1288172,102,226,6,0,1789691331,,,SCHEDULED
2026-09-18T00:10:58.576141+00:00,1288172,102,108,7,0,1789691396,,,SCHEDULED
2026-09-18T00:10:58.576141+00:00,1288172,102,123,8,0,1789691461,,,SCHEDULED
2026-09-18T00:10:58.576141+00:00,1288172,102,125,9,0,1789691554,,,SCHEDULED
2026-09-18T00:10:58.576141+00:00,1288172,102,126,10,0,1789691610,,,SCHEDULED
2026-09-18T00:10:58.576141+00:00,1288172,102,127,11,0,1789691643,,,SCHEDULED
2026-09-18T00:10:58.576141+00:00,1288172,102,128,12,0,1789691736,,,SCHEDULED
2026-09-18T00:10:58.576141+00:00,1288172,102,130,13,0,1789691820,,,SCHEDULED
2026-09-18T00:10:58.576141+00:00,1288172,102,131,14,0,1789691835,,,SCHEDULED
2026-09-18T00:10:58.576141+00:00,1288172,102,132,15,0,1789691848,,,SCHEDULED
2026-09-18T00:10:58.576141+00:00,1288172,102,133,16,0,1789691868,,,SCHEDULED
2026-09-18T00:10:58.576141+00:00,1288172,102,134,17,0,1789691880,,,SCHEDULED
2026-09-18T00:10:58.576141+00:00,1288172,102,135,18,0,1789691896,,,SCHEDULED
2026-09-18T00:10:58.576141+00:00,1288172,102,136,19,0,1789691914,,,SCHEDULED
2026-09-18T00:10:58.576141+00:00,1288172,102,137,20,0,1789691924,,,SCHEDULED
2026-09-18T00:10:58.576141+00:00,1288172,102,138,21,0,1789691940,,,SCHEDULED
2026-09-18T00:10:58.576141+00:00,1288172,102,139,22,0,1789691957,,,SCHEDULED
2026-09-18T00:10:58.576141+00:00,1288172,102,141,23,0,1789692000,,,SCHEDULED
2026-09-18T00:10:58.576141+00:00,1285593,030,414,2,0,1789690435,,,SCHEDULED
2026-09-18T00:10:58.576141+00:00,1285593,030,415,3,0,1789690484,,,SCHEDULED
2026-09-18T00:10:58.576141+00:00,1285593,030,416,4,0,1789690520,,,SCHEDULED
2026-09-18T00:10:58.576141+00:00,1285593,030,418,5,0,1789690592,,,SCHEDULED
2026-09-18T00:10:58.576141+00:00,1285593,030,4763,6,0,1789690674,,,SCHEDULED
2026-09-18T00:10:58.576141+00:00,1285593,030,1716,7,0,1789690733,,,SCHEDULED
2026-09-18T00:10:58.576141+00:00,1285593,030,1717,8,0,1789690778,,,SCHEDULED
2026-09-18T00:10:58.576141+00:00,1285593,030,1718,9,0,1789690850,,,SCHEDULED
2026-09-18T00:10:58.576141+00:00,1285593,030,1720,10,0,1789690959,,,SCHEDULED
2026-09-18T00:10:58.576141+00:00,1285593,030,1721,11,0,1789691104,,,SCHEDULED
2026-09-18T00:10:58.576141+00:00,1285593,030,1722,12,0,1789691176,,,SCHEDULED
2026-09-18T00:10:58.576141+00:00,1285593,030,1723,13,0,1789691204,,,SCHEDULED
2026-09-18T00:10:58.576141+00:00,1285593,030,1725,14,0,1789691309,,,SCHEDULED
2026-09-18T00:10:58.576141+00:00,1285593,030,1726,15,0,1789691380,,,SCHEDULED
2026-09-18T00:10:58.576141+00:00,1285593,030,1727,16,0,1789691452,,,SCHEDULED
2026-09-18T00:10:58.576141+00:00,1285593,030,1728,17,0,1789691530,,,SCHEDULED
2026-09-18T00:10:58.576141+00:00,1285593,030,1729,18,0,1789691624,,,SCHEDULED
2026-09-18T00:10:58.576141+00:00,1285593,030,1730,19,0,1789691658,,,SCHEDULED
2026-09-18T00:10:58.576141+00:00,1285593,030,1732,20,0,1789691703,,,SCHEDULED
2026-09-18T00:10:58.576141+00:00,1285593,030,1734,21,0,1789691770,,,SCHEDULED
2026-09-18T00:10:58.576141+00:00,1285593,030,1735,22,0,1789691792,,,SCHEDULED
2026-09-18T00:10:58.576141+00:00,1285593,030,1736,23,0,1789691821,,,SCHEDULED
2026-09-18T00:10:58.576141+00:00,1285593,030,1737,24,0,1789691849,,,SCHEDULED
2026-09-18T00:10:58.576141+00:00,1285593,030,1739,25,0,1789691925,,,SCHEDULED
2026-09-18T00:10:58.576141+00:00,1287376,082,1447,2,0,1789690492,,,SCHEDULED
2026-09-18T00:10:58.576141+00:00,1287376,082,1448,3,0,1789690542,,,SCHEDULED
2026-09-18T00:10:58.576141+00:00,1287376,082,1449,4,0,1789690574,,,SCHEDULED
2026-09-18T00:10:58.576141+00:00,1287376,082,674,5,0,1789690692,,,SCHEDULED
2026-09-18T00:10:58.576141+00:00,1287376,082,675,6,0,1789690734,,,SCHEDULED
2026-09-18T00:10:58.576141+00:00,1287376,082,676,7,0,1789690815,,,SCHEDULED
2026-09-18T00:10:58.576141+00:00,1287376,082,677,8,0,1789690896,,,SCHEDULED
2026-09-18T00:10:58.576141+00:00,1287376,082,678,9,0,1789690960,,,SCHEDULED
2026-09-18T00:10:58.576141+00:00,1287376,082,679,10,0,1789691034,,,SCHEDULED
2026-09-18T00:10:58.576141+00:00,1287376,082,680,11,0,1789691098,,,SCHEDULED
2026-09-18T00:10:58.576141+00:00,1287376,082,681,12,0,1789691135,,,SCHEDULED
2026-09-18T00:10:58.576141+00:00,1287376,082,3076,13,0,1789691179,,,SCHEDULED
2026-09-18T00:10:58.576141+00:00,1287376,082,3077,14,0,1789691230,,,SCHEDULED
2026-09-18T00:10:58.576141+00:00,1287376,082,3078,15,0,1789691375,,,SCHEDULED
2026-09-18T00:10:58.576141+00:00,1287376,082,3079,16,0,1789691443,,,SCHEDULED
2026-09-18T00:10:58.576141+00:00,1287376,082,3080,17,0,1789691514,,,SCHEDULED
2026-09-18T00:10:58.576141+00:00,1287376,082,1074,18,0,1789691616,,,SCHEDULED
2026-09-18T00:10:58.576141+00:00,1287376,082,1075,19,0,1789691688,,,SCHEDULED
2026-09-18T00:10:58.576141+00:00,1287376,082,1076,20,0,1789691731,,,SCHEDULED
2026-09-18T00:10:58.576141+00:00,1287376,082,1077,21,0,1789691790,,,SCHEDULED
2026-09-18T00:10:58.576141+00:00,1287376,082,1646,22,0,1789691874,,,SCHEDULED
2026-09-18T00:10:58.576141+00:00,1287376,082,1648,23,0,1789691951,,,SCHEDULED
2026-09-18T00:10:58.576141+00:00,1287376,082,1649,24,0,1789692007,,,SCHEDULED
2026-09-18T00:10:58.576141+00:00,1287376,082,1650,25,0,1789692052,,,SCHEDULED
2026-09-18T00:10:58.576141+00:00,1287377,082,1654,29,0,1789690299,,,SCHEDULED
2026-09-18T00:10:58.576141+00:00,1287377,082,1655,30,0,1789690393,,,SCHEDULED
2026-09-18T00:10:58.576141+00:00,1287377,082,459,31,0,1789690439,,,SCHEDULED
2026-09-18T00:10:58.576141+00:00,1287377,082,1656,32,0,1789690463,,,SCHEDULED
2026-09-18T00:10:58.576141+00:00,1287377,082,1657,33,0,1789690512,,,SCHEDULED
2026-09-18T00:10:58.576141+00:00,1287377,082,1658,34,0,1789690551,,,SCHEDULED
2026-09-18T00:10:58.576141+00:00,1287377,082,1659,35,0,1789690603,,,SCHEDULED
2026-09-18T00:10:58.576141+00:00,1287377,082,1660,36,0,1789690649,,,SCHEDULED
2026-09-18T00:10:58.576141+00:00,1287377,082,3190,37,0,1789690684,,,SCHEDULED
2026-09-18T00:10:58.576141+00:00,1287377,082,3191,38,0,1789690747,,,SCHEDULED
2026-09-18T00:10:58.576141+00:00,1287377,082,3192,39,0,1789690803,,,SCHEDULED
2026-09-18T00:10:58.576141+00:00,1287377,082,3193,40,0,1789690904,,,SCHEDULED
2026-09-18T00:10:58.576141+00:00,1287377,082,275,41,0,1789691160,,,SCHEDULED
2026-09-18T00:10:58.576141+00:00,1287377,082,276,42,0,1789691445,,,SCHEDULED
2026-09-18T00:10:58.576141+00:00,1285592,030,282,1,,,0,1789691940,SCHEDULED
2026-09-18T00:10:58.576141+00:00,1287375,082,665,1,,,0,1789691880,SCHEDULED
2026-09-18T00:10:58.576141+00:00,1285594,030,1735,22,0,1789690272,,,SCHEDULED
2026-09-18T00:10:58.576141+00:00,1285594,030,1736,23,0,1789690301,,,SCHEDULED
2026-09-18T00:10:58.576141+00:00,1285594,030,1737,24,0,1789690329,,,SCHEDULED
2026-09-18T00:10:58.576141+00:00,1285594,030,1739,25,0,1789690405,,,SCHEDULED
2026-09-18T00:10:58.576141+00:00,1286720,068,2711,42,0,1789690277,,,SCHEDULED
2026-09-18T00:10:58.576141+00:00,1286720,068,2712,43,0,1789690333,,,SCHEDULED
2026-09-18T00:10:58.576141+00:00,1286720,068,2713,44,0,1789690363,,,SCHEDULED
2026-09-18T00:10:58.576141+00:00,1286720,068,2715,45,0,1789690410,,,SCHEDULED
2026-09-18T00:10:58.576141+00:00,1286720,068,2610,46,0,1789690487,,,SCHEDULED
2026-09-18T00:10:58.576141+00:00,1286720,068,2611,47,0,1789690542,,,SCHEDULED
2026-09-18T00:10:58.576141+00:00,1286720,068,2612,48,0,1789690606,,,SCHEDULED
2026-09-18T00:10:58.576141+00:00,1286720,068,1911,49,0,1789690693,,,SCHEDULED
2026-09-18T00:10:58.576141+00:00,1286720,068,1818,50,0,1789690789,,,SCHEDULED
2026-09-18T00:10:58.576141+00:00,1286720,068,1819,51,0,1789690852,,,SCHEDULED
2026-09-18T00:10:58.576141+00:00,1286720,068,1820,52,0,1789690916,,,SCHEDULED
2026-09-18T00:10:58.576141+00:00,1286720,068,1821,53,0,1789690960,,,SCHEDULED
2026-09-18T00:10:58.576141+00:00,1286720,068,940,54,0,1789691011,,,SCHEDULED
2026-09-18T00:10:58.576141+00:00,1286720,068,941,55,0,1789691043,,,SCHEDULED
2026-09-18T00:10:58.576141+00:00,1286720,068,2633,56,0,1789691111,,,SCHEDULED
2026-09-18T00:10:58.576141+00:00,1286720,068,9812,57,0,1789691147,,,SCHEDULED
2026-09-18T00:10:58.576141+00:00,1286720,068,2629,58,0,1789691205,,,SCHEDULED
2026-09-18T00:10:58.576141+00:00,1286720,068,2634,59,0,1789691251,,,SCHEDULED
2026-09-18T00:10:58.576141+00:00,1286720,068,2635,60,0,1789691327,,,SCHEDULED
2026-09-18T00:10:58.576141+00:00,1286720,068,2636,61,0,1789691340,,,SCHEDULED
2026-09-18T00:10:58.576141+00:00,1286720,068,2637,62,0,1789691354,,,SCHEDULED
2026-09-18T00:10:58.576141+00:00,1286720,068,2638,63,0,1789691386,,,SCHEDULED
2026-09-18T00:10:58.576141+00:00,1286720,068,2639,64,0,1789691440,,,SCHEDULED
2026-09-18T00:10:58.576141+00:00,1286720,068,1086,65,0,1789691987,,,SCHEDULED
2026-09-18T00:10:58.576141+00:00,1286720,068,1088,66,0,1789692039,,,SCHEDULED
2026-09-18T00:10:58.576141+00:00,1288228,137,1714,1,,,0,1789690500,SCHEDULED
2026-09-18T00:10:58.576141+00:00,1288228,137,1904,2,0,1789690614,,,SCHEDULED
2026-09-18T00:10:58.576141+00:00,1287413,082,3895,6,0,1789690270,,,SCHEDULED
2026-09-18T00:10:58.576141+00:00,1287413,082,1662,7,0,1789690345,,,SCHEDULED
2026-09-18T00:10:58.576141+00:00,1287413,082,1663,8,0,1789690399,,,SCHEDULED
2026-09-18T00:10:58.576141+00:00,1287413,082,1664,9,0,1789690443,,,SCHEDULED
2026-09-18T00:10:58.576141+00:00,1287413,082,1665,10,0,1789690494,,,SCHEDULED
2026-09-18T00:10:58.576141+00:00,1287413,082,1666,11,0,1789690525,,,SCHEDULED
2026-09-18T00:10:58.576141+00:00,1287413,082,1668,12,0,1789690610,,,SCHEDULED
2026-09-18T00:10:58.576141+00:00,1287413,082,1669,13,0,1789690685,,,SCHEDULED
2026-09-18T00:10:58.576141+00:00,1287413,082,1670,14,0,1789690742,,,SCHEDULED
2026-09-18T00:10:58.576141+00:00,1287413,082,1671,15,0,1789690821,,,SCHEDULED
2026-09-18T00:10:58.576141+00:00,1287413,082,1672,16,0,1789690878,,,SCHEDULED
2026-09-18T00:10:58.576141+00:00,1287413,082,1673,17,0,1789690919,,,SCHEDULED
2026-09-18T00:10:58.576141+00:00,1287413,082,1674,18,0,1789690953,,,SCHEDULED
2026-09-18T00:10:58.576141+00:00,1287413,082,1675,19,0,1789691001,,,SCHEDULED
2026-09-18T00:10:58.576141+00:00,1287413,082,1677,20,0,1789691059,,,SCHEDULED
2026-09-18T00:10:58.576141+00:00,1287413,082,1127,21,0,1789691105,,,SCHEDULED
2026-09-18T00:10:58.576141+00:00,1287413,082,1128,22,0,1789691162,,,SCHEDULED
2026-09-18T00:10:58.576141+00:00,1287413,082,1129,23,0,1789691260,,,SCHEDULED
2026-09-18T00:10:58.576141+00:00,1287413,082,1130,24,0,1789691336,,,SCHEDULED
2026-09-18T00:10:58.576141+00:00,1287413,082,1131,25,0,1789691420,,,SCHEDULED
2026-09-18T00:10:58.576141+00:00,1287413,082,3089,26,0,1789691505,,,SCHEDULED
2026-09-18T00:10:58.576141+00:00,1287413,082,3090,27,0,1789691599,,,SCHEDULED
2026-09-18T00:10:58.576141+00:00,1287413,082,3091,28,0,1789691696,,,SCHEDULED
2026-09-18T00:10:58.576141+00:00,1287413,082,3092,29,0,1789691769,,,SCHEDULED
2026-09-18T00:10:58.576141+00:00,1287413,082,3093,30,0,1789691848,,,SCHEDULED
2026-09-18T00:10:58.576141+00:00,1287413,082,3094,31,0,1789691887,,,SCHEDULED
2026-09-18T00:10:58.576141+00:00,1287413,082,1421,32,0,1789691954,,,SCHEDULED
2026-09-18T00:10:58.576141+00:00,1287413,082,1422,33,0,1789692012,,,SCHEDULED
2026-09-18T00:10:58.576141+00:00,1288227,137,85406,3,0,1789690188,,,SCHEDULED
2026-09-18T00:10:58.576141+00:00,1288227,137,85408,4,0,1789690299,,,SCHEDULED
2026-09-18T00:10:58.576141+00:00,1288227,137,85204,5,0,1789690323,,,SCHEDULED
2026-09-18T00:10:58.576141+00:00,1288227,137,85205,6,0,1789690398,,,SCHEDULED
2026-09-18T00:10:58.576141+00:00,1288227,137,85206,7,0,1789690586,,,SCHEDULED
2026-09-18T00:10:58.576141+00:00,1288227,137,85207,8,0,1789690610,,,SCHEDULED
2026-09-18T00:10:58.576141+00:00,1288227,137,85091,9,0,1789690707,,,SCHEDULED
2026-09-18T00:10:58.576141+00:00,1288227,137,85092,10,0,1789690826,,,SCHEDULED
2026-09-18T00:10:58.576141+00:00,1288227,137,85178,11,0,1789690923,,,SCHEDULED
2026-09-18T00:10:58.576141+00:00,1288227,137,85179,12,0,1789691014,,,SCHEDULED
2026-09-18T00:10:58.576141+00:00,1288227,137,85180,13,0,1789691058,,,SCHEDULED
2026-09-18T00:10:58.576141+00:00,1288227,137,85181,14,0,1789691166,,,SCHEDULED
2026-09-18T00:10:58.576141+00:00,1288227,137,1715,15,0,1789691212,,,SCHEDULED
2026-09-18T00:10:58.576141+00:00,1288227,137,85619,16,0,1789691333,,,SCHEDULED
2026-09-18T00:10:58.576141+00:00,1287414,082,563,43,0,1789690413,,,SCHEDULED
2026-09-18T00:10:58.576141+00:00,1287414,082,565,44,0,1789690481,,,SCHEDULED
2026-09-18T00:10:58.576141+00:00,1287414,082,1438,45,0,1789690643,,,SCHEDULED
2026-09-18T00:10:58.576141+00:00,1287414,082,1439,46,0,1789690669,,,SCHEDULED
2026-09-18T00:10:58.576141+00:00,1286721,068,2382,17,0,1789690264,,,SCHEDULED
2026-09-18T00:10:58.576141+00:00,1286721,068,2383,18,0,1789690344,,,SCHEDULED
2026-09-18T00:10:58.576141+00:00,1286721,068,2385,19,0,1789690402,,,SCHEDULED
2026-09-18T00:10:58.576141+00:00,1286721,068,2014,20,0,1789690530,,,SCHEDULED
2026-09-18T00:10:58.576141+00:00,1286721,068,2015,21,0,1789690620,,,SCHEDULED
2026-09-18T00:10:58.576141+00:00,1286721,068,2016,22,0,1789690672,,,SCHEDULED
2026-09-18T00:10:58.576141+00:00,1286721,068,2166,23,0,1789690723,,,SCHEDULED
2026-09-18T00:10:58.576141+00:00,1286721,068,1884,24,0,1789690804,,,SCHEDULED
2026-09-18T00:10:58.576141+00:00,1286721,068,1885,25,0,1789690879,,,SCHEDULED
2026-09-18T00:10:58.576141+00:00,1286721,068,1686,26,0,1789691001,,,SCHEDULED
2026-09-18T00:10:58.576141+00:00,1286721,068,2691,27,0,1789691135,,,SCHEDULED
2026-09-18T00:10:58.576141+00:00,1286721,068,2692,28,0,1789691182,,,SCHEDULED
2026-09-18T00:10:58.576141+00:00,1286721,068,2693,29,0,1789691233,,,SCHEDULED
2026-09-18T00:10:58.576141+00:00,1286721,068,2694,30,0,1789691291,,,SCHEDULED
2026-09-18T00:10:58.576141+00:00,1286721,068,2695,31,0,1789691336,,,SCHEDULED
2026-09-18T00:10:58.576141+00:00,1286721,068,2696,32,0,1789691380,,,SCHEDULED
2026-09-18T00:10:58.576141+00:00,1286721,068,2699,33,0,1789691402,,,SCHEDULED
2026-09-18T00:10:58.576141+00:00,1286721,068,2700,34,0,1789691469,,,SCHEDULED
2026-09-18T00:10:58.576141+00:00,1286721,068,2703,35,0,1789691519,,,SCHEDULED
2026-09-18T00:10:58.576141+00:00,1286721,068,2704,36,0,1789691584,,,SCHEDULED
2026-09-18T00:10:58.576141+00:00,1286721,068,2706,37,0,1789691690,,,SCHEDULED
2026-09-18T00:10:58.576141+00:00,1286721,068,2707,38,0,1789691744,,,SCHEDULED
2026-09-18T00:10:58.576141+00:00,1286721,068,2708,39,0,1789691800,,,SCHEDULED
2026-09-18T00:10:58.576141+00:00,1286721,068,2709,40,0,1789691854,,,SCHEDULED
2026-09-18T00:10:58.576141+00:00,1286721,068,2710,41,0,1789691877,,,SCHEDULED
2026-09-18T00:10:58.576141+00:00,1286721,068,2711,42,0,1789691914,,,SCHEDULED
2026-09-18T00:10:58.576141+00:00,1286721,068,2712,43,0,1789691970,,,SCHEDULED
2026-09-18T00:10:58.576141+00:00,1286721,068,2713,44,0,1789692000,,,SCHEDULED
2026-09-18T00:10:58.576141+00:00,1286721,068,2715,45,0,1789692047,,,SCHEDULED
2026-09-18T00:10:58.576141+00:00,1285995,051,668,1,,,0,1789690680,SCHEDULED
2026-09-18T00:10:58.576141+00:00,1285995,051,221,2,0,1789690807,,,SCHEDULED
2026-09-18T00:10:58.576141+00:00,1285995,051,222,3,0,1789690854,,,SCHEDULED
2026-09-18T00:10:58.576141+00:00,1285995,051,223,4,0,1789690912,,,SCHEDULED
2026-09-18T00:10:58.576141+00:00,1285995,051,225,5,0,1789691040,,,SCHEDULED
2026-09-18T00:10:58.576141+00:00,1285995,051,226,6,0,1789691091,,,SCHEDULED
2026-09-18T00:10:58.576141+00:00,1285995,051,108,7,0,1789691156,,,SCHEDULED
2026-09-18T00:10:58.576141+00:00,1285995,051,123,8,0,1789691221,,,SCHEDULED
2026-09-18T00:10:58.576141+00:00,1285995,051,125,9,0,1789691314,,,SCHEDULED
2026-09-18T00:10:58.576141+00:00,1285995,051,126,10,0,1789691370,,,SCHEDULED
2026-09-18T00:10:58.576141+00:00,1285995,051,127,11,0,1789691403,,,SCHEDULED
2026-09-18T00:10:58.576141+00:00,1285995,051,128,12,0,1789691496,,,SCHEDULED
2026-09-18T00:10:58.576141+00:00,1285995,051,227,13,0,1789691580,,,SCHEDULED
2026-09-18T00:10:58.576141+00:00,1285995,051,229,14,0,1789691654,,,SCHEDULED
2026-09-18T00:10:58.576141+00:00,1285995,051,231,15,0,1789691793,,,SCHEDULED
2026-09-18T00:10:58.576141+00:00,1285995,051,232,16,0,1789691852,,,SCHEDULED
2026-09-18T00:10:58.576141+00:00,1285995,051,233,17,0,1789691917,,,SCHEDULED
2026-09-18T00:10:58.576141+00:00,1288226,137,85619,16,0,1789690376,,,SCHEDULED
2026-09-18T00:10:58.576141+00:00,1287412,082,288,1,,,0,1789690380,SCHEDULED
2026-09-18T00:10:58.576141+00:00,1287412,082,274,2,0,1789690678,,,SCHEDULED
2026-09-18T00:10:58.576141+00:00,1287412,082,275,3,0,1789691040,,,SCHEDULED
2026-09-18T00:10:58.576141+00:00,1287412,082,3893,4,0,1789691288,,,SCHEDULED
2026-09-18T00:10:58.576141+00:00,1287412,082,3894,5,0,1789691393,,,SCHEDULED
2026-09-18T00:10:58.576141+00:00,1287412,082,3895,6,0,1789691451,,,SCHEDULED
2026-09-18T00:10:58.576141+00:00,1287412,082,1662,7,0,1789691526,,,SCHEDULED
2026-09-18T00:10:58.576141+00:00,1287412,082,1663,8,0,1789691580,,,SCHEDULED
2026-09-18T00:10:58.576141+00:00,1287412,082,1664,9,0,1789691624,,,SCHEDULED
2026-09-18T00:10:58.576141+00:00,1287412,082,1665,10,0,1789691675,,,SCHEDULED
2026-09-18T00:10:58.576141+00:00,1287412,082,1666,11,0,1789691706,,,SCHEDULED
2026-09-18T00:10:58.576141+00:00,1287412,082,1668,12,0,1789691791,,,SCHEDULED
2026-09-18T00:10:58.576141+00:00,1287412,082,1669,13,0,1789691866,,,SCHEDULED
2026-09-18T00:10:58.576141+00:00,1287412,082,1670,14,0,1789691923,,,SCHEDULED
2026-09-18T00:10:58.576141+00:00,1285994,051,668,1,,,0,1789691760,SCHEDULED
2026-09-18T00:10:58.576141+00:00,1285994,051,221,2,0,1789691887,,,SCHEDULED
2026-09-18T00:10:58.576141+00:00,1285994,051,222,3,0,1789691934,,,SCHEDULED
2026-09-18T00:10:58.576141+00:00,1285994,051,223,4,0,1789691992,,,SCHEDULED
2026-09-18T00:10:58.576141+00:00,1285997,051,229,14,0,1789690328,,,SCHEDULED
2026-09-18T00:10:58.576141+00:00,1285997,051,231,15,0,1789690467,,,SCHEDULED
2026-09-18T00:10:58.576141+00:00,1285997,051,232,16,0,1789690526,,,SCHEDULED
2026-09-18T00:10:58.576141+00:00,1285997,051,233,17,0,1789690591,,,SCHEDULED
2026-09-18T00:10:58.576141+00:00,1285997,051,234,18,0,1789690685,,,SCHEDULED
2026-09-18T00:10:58.576141+00:00,1285997,051,235,19,0,1789690735,,,SCHEDULED
2026-09-18T00:10:58.576141+00:00,1285997,051,236,20,0,1789690794,,,SCHEDULED
2026-09-18T00:10:58.576141+00:00,1285997,051,1927,21,0,1789690914,,,SCHEDULED
2026-09-18T00:10:58.576141+00:00,1285997,051,1930,22,0,1789691011,,,SCHEDULED
2026-09-18T00:10:58.576141+00:00,1285997,051,1931,23,0,1789691058,,,SCHEDULED
2026-09-18T00:10:58.576141+00:00,1285997,051,1949,24,0,1789691109,,,SCHEDULED
2026-09-18T00:10:58.576141+00:00,1285997,051,1932,25,0,1789691139,,,SCHEDULED
2026-09-18T00:10:58.576141+00:00,1285997,051,1936,26,0,1789691207,,,SCHEDULED
2026-09-18T00:10:58.576141+00:00,1285997,051,1937,27,0,1789691245,,,SCHEDULED
2026-09-18T00:10:58.576141+00:00,1285997,051,1938,28,0,1789691283,,,SCHEDULED
2026-09-18T00:10:58.576141+00:00,1285997,051,1939,29,0,1789691347,,,SCHEDULED
2026-09-18T00:10:58.576141+00:00,1285997,051,1839,30,0,1789691394,,,SCHEDULED
2026-09-18T00:10:58.576141+00:00,1285997,051,1841,31,0,1789691456,,,SCHEDULED
2026-09-18T00:10:58.576141+00:00,1285997,051,1842,32,0,1789691502,,,SCHEDULED
2026-09-18T00:10:58.576141+00:00,1285997,051,1843,33,0,1789691547,,,SCHEDULED
2026-09-18T00:10:58.576141+00:00,1285997,051,1844,34,0,1789691585,,,SCHEDULED
2026-09-18T00:10:58.576141+00:00,1285997,051,1845,35,0,1789691622,,,SCHEDULED
2026-09-18T00:10:58.576141+00:00,1285997,051,1846,36,0,1789691672,,,SCHEDULED
2026-09-18T00:10:58.576141+00:00,1285997,051,1847,37,0,1789691701,,,SCHEDULED
2026-09-18T00:10:58.576141+00:00,1285997,051,1848,38,0,1789691755,,,SCHEDULED
2026-09-18T00:10:58.576141+00:00,1285997,051,1849,39,0,1789691813,,,SCHEDULED
2026-09-18T00:10:58.576141+00:00,1285997,051,1850,40,0,1789691863,,,SCHEDULED
2026-09-18T00:10:58.576141+00:00,1285997,051,1851,41,0,1789691934,,,SCHEDULED
2026-09-18T00:10:58.576141+00:00,1285997,051,1852,42,0,1789691980,,,SCHEDULED
2026-09-18T00:10:58.576141+00:00,1285997,051,1853,43,0,1789692020,,,SCHEDULED
2026-09-18T00:10:58.576141+00:00,1284303,010,1817,38,0,1789690257,,,SCHEDULED
2026-09-18T00:10:58.576141+00:00,1285996,051,123,8,0,1789690261,,,SCHEDULED
2026-09-18T00:10:58.576141+00:00,1285996,051,125,9,0,1789690354,,,SCHEDULED
2026-09-18T00:10:58.576141+00:00,1285996,051,126,10,0,1789690410,,,SCHEDULED
2026-09-18T00:10:58.576141+00:00,1285996,051,127,11,0,1789690443,,,SCHEDULED
2026-09-18T00:10:58.576141+00:00,1285996,051,128,12,0,1789690536,,,SCHEDULED
2026-09-18T00:10:58.576141+00:00,1285996,051,227,13,0,1789690620,,,SCHEDULED
2026-09-18T00:10:58.576141+00:00,1285996,051,229,14,0,1789690694,,,SCHEDULED
2026-09-18T00:10:58.576141+00:00,1285996,051,231,15,0,1789690833,,,SCHEDULED
2026-09-18T00:10:58.576141+00:00,1285996,051,232,16,0,1789690892,,,SCHEDULED
2026-09-18T00:10:58.576141+00:00,1285996,051,233,17,0,1789690957,,,SCHEDULED
2026-09-18T00:10:58.576141+00:00,1285996,051,234,18,0,1789691051,,,SCHEDULED
2026-09-18T00:10:58.576141+00:00,1285996,051,235,19,0,1789691101,,,SCHEDULED
2026-09-18T00:10:58.576141+00:00,1285996,051,236,20,0,1789691160,,,SCHEDULED
2026-09-18T00:10:58.576141+00:00,1285996,051,1927,21,0,1789691280,,,SCHEDULED
2026-09-18T00:10:58.576141+00:00,1285996,051,1930,22,0,1789691377,,,SCHEDULED
2026-09-18T00:10:58.576141+00:00,1285996,051,1931,23,0,1789691424,,,SCHEDULED
2026-09-18T00:10:58.576141+00:00,1285996,051,1949,24,0,1789691475,,,SCHEDULED
2026-09-18T00:10:58.576141+00:00,1285996,051,1932,25,0,1789691505,,,SCHEDULED
2026-09-18T00:10:58.576141+00:00,1285996,051,1936,26,0,1789691573,,,SCHEDULED
2026-09-18T00:10:58.576141+00:00,1285996,051,1937,27,0,1789691611,,,SCHEDULED
2026-09-18T00:10:58.576141+00:00,1285996,051,1938,28,0,1789691649,,,SCHEDULED
2026-09-18T00:10:58.576141+00:00,1285996,051,1939,29,0,1789691713,,,SCHEDULED
2026-09-18T00:10:58.576141+00:00,1285996,051,1839,30,0,1789691760,,,SCHEDULED
2026-09-18T00:10:58.576141+00:00,1285996,051,1841,31,0,1789691822,,,SCHEDULED
2026-09-18T00:10:58.576141+00:00,1285996,051,1842,32,0,1789691868,,,SCHEDULED
2026-09-18T00:10:58.576141+00:00,1285996,051,1843,33,0,1789691913,,,SCHEDULED
2026-09-18T00:10:58.576141+00:00,1285996,051,1844,34,0,1789691951,,,SCHEDULED
2026-09-18T00:10:58.576141+00:00,1285996,051,1845,35,0,1789691988,,,SCHEDULED
2026-09-18T00:10:58.576141+00:00,1286722,068,4015,6,0,1789690280,,,SCHEDULED
2026-09-18T00:10:58.576141+00:00,1286722,068,4016,7,0,1789690332,,,SCHEDULED
2026-09-18T00:10:58.576141+00:00,1286722,068,4017,8,0,1789690390,,,SCHEDULED
2026-09-18T00:10:58.576141+00:00,1286722,068,3914,9,0,1789690472,,,SCHEDULED
2026-09-18T00:10:58.576141+00:00,1286722,068,3836,10,0,1789690510,,,SCHEDULED
2026-09-18T00:10:58.576141+00:00,1286722,068,2375,11,0,1789690671,,,SCHEDULED
2026-09-18T00:10:58.576141+00:00,1286722,068,2376,12,0,1789690733,,,SCHEDULED
2026-09-18T00:10:58.576141+00:00,1286722,068,2377,13,0,1789690788,,,SCHEDULED
2026-09-18T00:10:58.576141+00:00,1286722,068,2378,14,0,1789690877,,,SCHEDULED
2026-09-18T00:10:58.576141+00:00,1286722,068,2379,15,0,1789690915,,,SCHEDULED
2026-09-18T00:10:58.576141+00:00,1286722,068,2381,16,0,1789691004,,,SCHEDULED
2026-09-18T00:10:58.576141+00:00,1286722,068,2382,17,0,1789691101,,,SCHEDULED
2026-09-18T00:10:58.576141+00:00,1286722,068,2383,18,0,1789691181,,,SCHEDULED
2026-09-18T00:10:58.576141+00:00,1286722,068,2385,19,0,1789691239,,,SCHEDULED
2026-09-18T00:10:58.576141+00:00,1286722,068,2014,20,0,1789691367,,,SCHEDULED
2026-09-18T00:10:58.576141+00:00,1286722,068,2015,21,0,1789691457,,,SCHEDULED
2026-09-18T00:10:58.576141+00:00,1286722,068,2016,22,0,1789691509,,,SCHEDULED
2026-09-18T00:10:58.576141+00:00,1286722,068,2166,23,0,1789691560,,,SCHEDULED
2026-09-18T00:10:58.576141+00:00,1286722,068,1884,24,0,1789691641,,,SCHEDULED
2026-09-18T00:10:58.576141+00:00,1286722,068,1885,25,0,1789691716,,,SCHEDULED
2026-09-18T00:10:58.576141+00:00,1286722,068,1686,26,0,1789691838,,,SCHEDULED
2026-09-18T00:10:58.576141+00:00,1286722,068,2691,27,0,1789691972,,,SCHEDULED
2026-09-18T00:10:58.576141+00:00,1286722,068,2692,28,0,1789692019,,,SCHEDULED
2026-09-18T00:10:58.576141+00:00,1285999,051,1852,42,0,1789690300,,,SCHEDULED
2026-09-18T00:10:58.576141+00:00,1285999,051,1853,43,0,1789690340,,,SCHEDULED
2026-09-18T00:10:58.576141+00:00,1285999,051,1854,44,0,1789690377,,,SCHEDULED
2026-09-18T00:10:58.576141+00:00,1285999,051,1855,45,0,1789690444,,,SCHEDULED
2026-09-18T00:10:58.576141+00:00,1285999,051,1856,46,0,1789690514,,,SCHEDULED
2026-09-18T00:10:58.576141+00:00,1285999,051,1857,47,0,1789690551,,,SCHEDULED
2026-09-18T00:10:58.576141+00:00,1285999,051,1858,48,0,1789690595,,,SCHEDULED
2026-09-18T00:10:58.576141+00:00,1285999,051,1859,49,0,1789690715,,,SCHEDULED
2026-09-18T00:10:58.576141+00:00,1285999,051,1860,50,0,1789690796,,,SCHEDULED
2026-09-18T00:10:58.576141+00:00,1285999,051,1861,51,0,1789690829,,,SCHEDULED
2026-09-18T00:10:58.576141+00:00,1285999,051,2020,52,0,1789690893,,,SCHEDULED
2026-09-18T00:10:58.576141+00:00,1285999,051,2021,53,0,1789690990,,,SCHEDULED
2026-09-18T00:10:58.576141+00:00,1285999,051,3130,54,0,1789691053,,,SCHEDULED
2026-09-18T00:10:58.576141+00:00,1286964,075,318,1,,,0,1789690560,SCHEDULED
2026-09-18T00:10:58.576141+00:00,1286964,075,4210,2,0,1789690792,,,SCHEDULED
2026-09-18T00:10:58.576141+00:00,1286964,075,1432,3,0,1789690858,,,SCHEDULED
2026-09-18T00:10:58.576141+00:00,1286964,075,1398,4,0,1789690942,,,SCHEDULED
2026-09-18T00:10:58.576141+00:00,1286964,075,3851,5,0,1789690982,,,SCHEDULED
2026-09-18T00:10:58.576141+00:00,1286964,075,1418,6,0,1789691060,,,SCHEDULED
2026-09-18T00:10:58.576141+00:00,1286964,075,1420,7,0,1789691175,,,SCHEDULED
2026-09-18T00:10:58.576141+00:00,1285998,051,1939,29,0,1789690257,,,SCHEDULED
2026-09-18T00:10:58.576141+00:00,1285998,051,1839,30,0,1789690304,,,SCHEDULED
2026-09-18T00:10:58.576141+00:00,1285998,051,1841,31,0,1789690366,,,SCHEDULED
2026-09-18T00:10:58.576141+00:00,1285998,051,1842,32,0,1789690412,,,SCHEDULED
2026-09-18T00:10:58.576141+00:00,1285998,051,1843,33,0,1789690457,,,SCHEDULED
2026-09-18T00:10:58.576141+00:00,1285998,051,1844,34,0,1789690495,,,SCHEDULED
2026-09-18T00:10:58.576141+00:00,1285998,051,1845,35,0,1789690532,,,SCHEDULED
2026-09-18T00:10:58.576141+00:00,1285998,051,1846,36,0,1789690582,,,SCHEDULED
2026-09-18T00:10:58.576141+00:00,1285998,051,1847,37,0,1789690611,,,SCHEDULED
2026-09-18T00:10:58.576141+00:00,1285998,051,1848,38,0,1789690665,,,SCHEDULED
2026-09-18T00:10:58.576141+00:00,1285998,051,1849,39,0,1789690723,,,SCHEDULED
2026-09-18T00:10:58.576141+00:00,1285998,051,1850,40,0,1789690773,,,SCHEDULED
2026-09-18T00:10:58.576141+00:00,1285998,051,1851,41,0,1789690844,,,SCHEDULED
2026-09-18T00:10:58.576141+00:00,1285998,051,1852,42,0,1789690890,,,SCHEDULED
2026-09-18T00:10:58.576141+00:00,1285998,051,1853,43,0,1789690930,,,SCHEDULED
2026-09-18T00:10:58.576141+00:00,1285998,051,1854,44,0,1789690967,,,SCHEDULED
2026-09-18T00:10:58.576141+00:00,1285998,051,1855,45,0,1789691034,,,SCHEDULED
2026-09-18T00:10:58.576141+00:00,1285998,051,1856,46,0,1789691104,,,SCHEDULED
2026-09-18T00:10:58.576141+00:00,1285998,051,1857,47,0,1789691141,,,SCHEDULED
2026-09-18T00:10:58.576141+00:00,1285998,051,1858,48,0,1789691185,,,SCHEDULED
2026-09-18T00:10:58.576141+00:00,1285998,051,1859,49,0,1789691305,,,SCHEDULED
2026-09-18T00:10:58.576141+00:00,1285998,051,1860,50,0,1789691386,,,SCHEDULED
2026-09-18T00:10:58.576141+00:00,1285998,051,1861,51,0,1789691419,,,SCHEDULED
2026-09-18T00:10:58.576141+00:00,1285998,051,2020,52,0,1789691483,,,SCHEDULED
2026-09-18T00:10:58.576141+00:00,1285998,051,2021,53,0,1789691580,,,SCHEDULED
2026-09-18T00:10:58.576141+00:00,1285998,051,3130,54,0,1789691643,,,SCHEDULED
2026-09-18T00:10:58.576141+00:00,1286723,068,885,1,,,0,1789691700,SCHEDULED
2026-09-18T00:10:58.576141+00:00,1286723,068,286,2,0,1789691907,,,SCHEDULED
2026-09-18T00:10:58.576141+00:00,1286723,068,4439,3,0,1789691963,,,SCHEDULED
2026-09-18T00:10:58.576141+00:00,1288182,103,226,6,0,1789690257,,,SCHEDULED
2026-09-18T00:10:58.576141+00:00,1288182,103,455,7,0,1789690270,,,SCHEDULED
2026-09-18T00:10:58.576141+00:00,1288182,103,456,8,0,1789690289,,,SCHEDULED
2026-09-18T00:10:58.576141+00:00,1288182,103,458,9,0,1789690782,,,SCHEDULED
2026-09-18T00:10:58.576141+00:00,1288182,103,250,10,0,1789690962,,,SCHEDULED
2026-09-18T00:10:58.576141+00:00,1288182,103,251,11,0,1789691032,,,SCHEDULED
2026-09-18T00:10:58.576141+00:00,1288182,103,252,12,0,1789691058,,,SCHEDULED
2026-09-18T00:10:58.576141+00:00,1288182,103,253,13,0,1789691081,,,SCHEDULED
2026-09-18T00:10:58.576141+00:00,1288182,103,254,14,0,1789691117,,,SCHEDULED
2026-09-18T00:10:58.576141+00:00,1288182,103,255,15,0,1789691151,,,SCHEDULED
2026-09-18T00:10:58.576141+00:00,1288182,103,257,16,0,1789691198,,,SCHEDULED
2026-09-18T00:10:58.576141+00:00,1288182,103,258,17,0,1789691237,,,SCHEDULED
2026-09-18T00:10:58.576141+00:00,1288182,103,259,18,0,1789691257,,,SCHEDULED
2026-09-18T00:10:58.576141+00:00,1288182,103,260,19,0,1789691289,,,SCHEDULED
2026-09-18T00:10:58.576141+00:00,1288182,103,261,20,0,1789691320,,,SCHEDULED
2026-09-18T00:10:58.576141+00:00,1288182,103,262,21,0,1789691343,,,SCHEDULED
2026-09-18T00:10:58.576141+00:00,1288182,103,264,22,0,1789691392,,,SCHEDULED
2026-09-18T00:10:58.576141+00:00,1288182,103,263,23,0,1789691457,,,SCHEDULED
2026-09-18T00:10:58.576141+00:00,1288182,103,157,24,0,1789691502,,,SCHEDULED
2026-09-18T00:10:58.576141+00:00,1288182,103,158,25,0,1789691544,,,SCHEDULED
2026-09-18T00:10:58.576141+00:00,1288182,103,159,26,0,1789691577,,,SCHEDULED
2026-09-18T00:10:58.576141+00:00,1288182,103,160,27,0,1789691622,,,SCHEDULED
2026-09-18T00:10:58.576141+00:00,1288182,103,161,28,0,1789691679,,,SCHEDULED
2026-09-18T00:10:58.576141+00:00,1288182,103,877,29,0,1789691727,,,SCHEDULED
2026-09-18T00:10:58.576141+00:00,1288182,103,162,30,0,1789691787,,,SCHEDULED
2026-09-18T00:10:58.576141+00:00,1288182,103,163,31,0,1789691829,,,SCHEDULED
2026-09-18T00:10:58.576141+00:00,1288182,103,164,32,0,1789691860,,,SCHEDULED
2026-09-18T00:10:58.576141+00:00,1288182,103,165,33,0,1789691917,,,SCHEDULED
2026-09-18T00:10:58.576141+00:00,1288182,103,166,34,0,1789691995,,,SCHEDULED
2026-09-18T00:10:58.576141+00:00,1288182,103,167,35,0,1789692031,,,SCHEDULED
2026-09-18T00:10:58.576141+00:00,1288183,103,170,39,0,1789690098,,,SCHEDULED
2026-09-18T00:10:58.576141+00:00,1288183,103,171,40,0,1789690109,,,SCHEDULED
2026-09-18T00:10:58.576141+00:00,1287097,078,2761,3,0,1789690242,,,SCHEDULED
2026-09-18T00:10:58.576141+00:00,1287097,078,2762,4,0,1789690342,,,SCHEDULED
2026-09-18T00:10:58.576141+00:00,1287097,078,2763,5,0,1789690387,,,SCHEDULED
2026-09-18T00:10:58.576141+00:00,1287097,078,2764,6,0,1789690468,,,SCHEDULED
2026-09-18T00:10:58.576141+00:00,1288184,103,263,23,0,1789690326,,,SCHEDULED
2026-09-18T00:10:58.576141+00:00,1288184,103,157,24,0,1789690380,,,SCHEDULED
2026-09-18T00:10:58.576141+00:00,1288184,103,158,25,0,1789690417,,,SCHEDULED
2026-09-18T00:10:58.576141+00:00,1288184,103,159,26,0,1789690446,,,SCHEDULED
2026-09-18T00:10:58.576141+00:00,1288184,103,160,27,0,1789690493,,,SCHEDULED
2026-09-18T00:10:58.576141+00:00,1288184,103,161,28,0,1789690554,,,SCHEDULED
2026-09-18T00:10:58.576141+00:00,1288184,103,877,29,0,1789690592,,,SCHEDULED
2026-09-18T00:10:58.576141+00:00,1288184,103,162,30,0,1789690649,,,SCHEDULED
2026-09-18T00:10:58.576141+00:00,1288184,103,163,31,0,1789690696,,,SCHEDULED
2026-09-18T00:10:58.576141+00:00,1288184,103,164,32,0,1789690720,,,SCHEDULED
2026-09-18T00:10:58.576141+00:00,1288184,103,165,33,0,1789690776,,,SCHEDULED
2026-09-18T00:10:58.576141+00:00,1288184,103,166,34,0,1789690875,,,SCHEDULED
2026-09-18T00:10:58.576141+00:00,1288184,103,167,35,0,1789690913,,,SCHEDULED
2026-09-18T00:10:58.576141+00:00,1288184,103,173,36,0,1789690970,,,SCHEDULED
2026-09-18T00:10:58.576141+00:00,1288184,103,168,37,0,1789691031,,,SCHEDULED
2026-09-18T00:10:58.576141+00:00,1288184,103,169,38,0,1789691097,,,SCHEDULED
2026-09-18T00:10:58.576141+00:00,1288184,103,170,39,0,1789691163,,,SCHEDULED
2026-09-18T00:10:58.576141+00:00,1288184,103,171,40,0,1789691324,,,SCHEDULED
2026-09-18T00:10:58.576141+00:00,1287096,078,9920,1,,,0,1789691760,SCHEDULED
2026-09-18T00:10:58.576141+00:00,1287096,078,2760,2,0,1789691986,,,SCHEDULED
2026-09-18T00:34:31.663339+00:00,1288235,138,1435,3,0,1789693396,,,SCHEDULED
2026-09-18T00:34:31.663339+00:00,1286453,062,2331,21,0,1789691676,,,SCHEDULED
2026-09-18T00:34:31.663339+00:00,1286453,062,2332,22,0,1789691705,,,SCHEDULED
2026-09-18T00:34:31.663339+00:00,1286453,062,2333,23,0,1789691733,,,SCHEDULED
2026-09-18T00:34:31.663339+00:00,1286453,062,2334,24,0,1789691759,,,SCHEDULED
2026-09-18T00:34:31.663339+00:00,1286453,062,2335,25,0,1789691787,,,SCHEDULED
2026-09-18T00:34:31.663339+00:00,1286453,062,1352,26,0,1789691803,,,SCHEDULED
2026-09-18T00:34:31.663339+00:00,1286453,062,2337,27,0,1789691855,,,SCHEDULED
2026-09-18T00:34:31.663339+00:00,1286453,062,2338,28,0,1789691953,,,SCHEDULED
2026-09-18T00:34:31.663339+00:00,1286453,062,2339,29,0,1789692015,,,SCHEDULED
2026-09-18T00:34:31.663339+00:00,1286453,062,2341,30,0,1789692087,,,SCHEDULED
2026-09-18T00:34:31.663339+00:00,1286453,062,2342,31,0,1789692128,,,SCHEDULED
2026-09-18T00:34:31.663339+00:00,1286453,062,2229,32,0,1789692196,,,SCHEDULED
2026-09-18T00:34:31.663339+00:00,1286453,062,2230,33,0,1789692235,,,SCHEDULED
2026-09-18T00:34:31.663339+00:00,1286453,062,2231,34,0,1789692264,,,SCHEDULED
2026-09-18T00:34:31.663339+00:00,1286453,062,2232,35,0,1789692294,,,SCHEDULED
2026-09-18T00:34:31.663339+00:00,1286453,062,2233,36,0,1789692353,,,SCHEDULED
2026-09-18T00:34:31.663339+00:00,1286453,062,2234,37,0,1789692377,,,SCHEDULED
2026-09-18T00:34:31.663339+00:00,1286453,062,2235,38,0,1789692446,,,SCHEDULED
2026-09-18T00:34:31.663339+00:00,1286453,062,2236,39,0,1789692496,,,SCHEDULED
2026-09-18T00:34:31.663339+00:00,1286453,062,2237,40,0,1789692563,,,SCHEDULED
2026-09-18T00:34:31.663339+00:00,1286453,062,2238,41,0,1789692592,,,SCHEDULED
2026-09-18T00:34:31.663339+00:00,1286453,062,2239,42,0,1789692637,,,SCHEDULED
2026-09-18T00:34:31.663339+00:00,1286453,062,2240,43,0,1789692682,,,SCHEDULED
2026-09-18T00:34:31.663339+00:00,1286453,062,2241,44,0,1789692750,,,SCHEDULED
2026-09-18T00:34:31.663339+00:00,1286453,062,2242,45,0,1789692796,,,SCHEDULED
2026-09-18T00:34:31.663339+00:00,1286453,062,2243,46,0,1789692832,,,SCHEDULED
2026-09-18T00:34:31.663339+00:00,1286453,062,2244,47,0,1789692890,,,SCHEDULED
2026-09-18T00:34:31.663339+00:00,1286453,062,2245,48,0,1789692926,,,SCHEDULED
2026-09-18T00:34:31.663339+00:00,1286453,062,2246,49,0,1789692976,,,SCHEDULED
2026-09-18T00:34:31.663339+00:00,1286453,062,5365,50,0,1789692999,,,SCHEDULED
2026-09-18T00:34:31.663339+00:00,1286453,062,2248,51,0,1789693039,,,SCHEDULED
2026-09-18T00:34:31.663339+00:00,1286453,062,2250,52,0,1789693147,,,SCHEDULED
2026-09-18T00:34:31.663339+00:00,1286453,062,2251,53,0,1789693201,,,SCHEDULED
2026-09-18T00:34:31.663339+00:00,1286453,062,2252,54,0,1789693228,,,SCHEDULED
2026-09-18T00:34:31.663339+00:00,1286453,062,2254,55,0,1789693336,,,SCHEDULED
2026-09-18T00:34:31.663339+00:00,1286453,062,519,56,0,1789693368,,,SCHEDULED
2026-09-18T00:34:31.663339+00:00,1286453,062,521,57,0,1789693420,,,SCHEDULED
2026-09-18T00:34:31.663339+00:00,1287545,084,1285,1,,,0,1789691907,SCHEDULED
2026-09-18T00:34:31.663339+00:00,1287545,084,1618,2,0,1789692080,,,SCHEDULED
2026-09-18T00:34:31.663339+00:00,1287545,084,1306,3,0,1789692168,,,SCHEDULED
2026-09-18T00:34:31.663339+00:00,1287545,084,1570,4,0,1789692272,,,SCHEDULED
2026-09-18T00:34:31.663339+00:00,1287545,084,1307,5,0,1789692321,,,SCHEDULED
2026-09-18T00:34:31.663339+00:00,1287545,084,4003,6,0,1789692388,,,SCHEDULED
2026-09-18T00:34:31.663339+00:00,1287545,084,4004,7,0,1789692430,,,SCHEDULED
2026-09-18T00:34:31.663339+00:00,1287545,084,4005,8,0,1789692466,,,SCHEDULED
2026-09-18T00:34:31.663339+00:00,1287545,084,4006,9,0,1789692507,,,SCHEDULED
2026-09-18T00:34:31.663339+00:00,1287545,084,4007,10,0,1789692553,,,SCHEDULED
2026-09-18T00:34:31.663339+00:00,1287545,084,3950,11,0,1789692580,,,SCHEDULED
2026-09-18T00:34:31.663339+00:00,1287545,084,3951,12,0,1789692625,,,SCHEDULED
2026-09-18T00:34:31.663339+00:00,1287545,084,3953,13,0,1789692667,,,SCHEDULED
2026-09-18T00:34:31.663339+00:00,1287545,084,3954,14,0,1789692697,,,SCHEDULED
2026-09-18T00:34:31.663339+00:00,1287545,084,3955,15,0,1789692728,,,SCHEDULED
2026-09-18T00:34:31.663339+00:00,1287545,084,3956,16,0,1789692762,,,SCHEDULED
2026-09-18T00:34:31.663339+00:00,1287545,084,3957,17,0,1789692785,,,SCHEDULED
2026-09-18T00:34:31.663339+00:00,1287545,084,3063,18,0,1789692807,,,SCHEDULED
2026-09-18T00:34:31.663339+00:00,1287545,084,3064,19,0,1789692873,,,SCHEDULED
2026-09-18T00:34:31.663339+00:00,1287545,084,3065,20,0,1789692915,,,SCHEDULED
2026-09-18T00:34:31.663339+00:00,1287545,084,3066,21,0,1789692961,,,SCHEDULED
2026-09-18T00:34:31.663339+00:00,1287545,084,3067,22,0,1789693021,,,SCHEDULED
2026-09-18T00:34:31.663339+00:00,1287545,084,3068,23,0,1789693080,,,SCHEDULED
2026-09-18T00:34:31.663339+00:00,1287545,084,3069,24,0,1789693151,,,SCHEDULED
2026-09-18T00:34:31.663339+00:00,1287545,084,3049,25,0,1789693263,,,SCHEDULED
2026-09-18T00:34:31.663339+00:00,1287545,084,3070,26,0,1789693319,,,SCHEDULED
2026-09-18T00:34:31.663339+00:00,1287545,084,3071,27,0,1789693375,,,SCHEDULED
2026-09-18T00:34:31.663339+00:00,1287545,084,3072,28,0,1789693421,,,SCHEDULED
2026-09-18T00:34:31.663339+00:00,1286214,056,4140,1,,,0,1789692180,SCHEDULED
2026-09-18T00:34:31.663339+00:00,1286214,056,4141,2,0,1789692251,,,SCHEDULED
2026-09-18T00:34:31.663339+00:00,1286214,056,4142,3,0,1789692298,,,SCHEDULED
2026-09-18T00:34:31.663339+00:00,1286214,056,4143,4,0,1789692385,,,SCHEDULED
2026-09-18T00:34:31.663339+00:00,1286214,056,5251,5,0,1789692464,,,SCHEDULED
2026-09-18T00:34:31.663339+00:00,1286214,056,4144,6,0,1789692501,,,SCHEDULED
2026-09-18T00:34:31.663339+00:00,1286214,056,4145,7,0,1789692523,,,SCHEDULED
2026-09-18T00:34:31.663339+00:00,1286214,056,4146,8,0,1789692560,,,SCHEDULED
2026-09-18T00:34:31.663339+00:00,1286214,056,478,9,0,1789692610,,,SCHEDULED
2026-09-18T00:34:31.663339+00:00,1286214,056,172,10,0,1789692671,,,SCHEDULED
2026-09-18T00:34:31.663339+00:00,1286214,056,480,11,0,1789692768,,,SCHEDULED
2026-09-18T00:34:31.663339+00:00,1286214,056,1733,12,0,1789692807,,,SCHEDULED
2026-09-18T00:34:31.663339+00:00,1286214,056,481,13,0,1789692867,,,SCHEDULED
2026-09-18T00:34:31.663339+00:00,1286214,056,482,14,0,1789692906,,,SCHEDULED
2026-09-18T00:34:31.663339+00:00,1286214,056,483,15,0,1789692943,,,SCHEDULED
2026-09-18T00:34:31.663339+00:00,1286214,056,484,16,0,1789692973,,,SCHEDULED
2026-09-18T00:34:31.663339+00:00,1286214,056,485,17,0,1789693027,,,SCHEDULED
2026-09-18T00:34:31.663339+00:00,1286214,056,486,18,0,1789693096,,,SCHEDULED
2026-09-18T00:34:31.663339+00:00,1286214,056,487,19,0,1789693156,,,SCHEDULED
2026-09-18T00:34:31.663339+00:00,1286214,056,488,20,0,1789693185,,,SCHEDULED
2026-09-18T00:34:31.663339+00:00,1286214,056,5200,21,0,1789693260,,,SCHEDULED
2026-09-18T00:34:31.663339+00:00,1286214,056,489,22,0,1789693344,,,SCHEDULED
2026-09-18T00:34:31.663339+00:00,1286214,056,490,23,0,1789693386,,,SCHEDULED
2026-09-18T00:34:31.663339+00:00,1287941,088,1414,19,0,1789691720,,,SCHEDULED
2026-09-18T00:34:31.663339+00:00,1287941,088,1415,20,0,1789691780,,,SCHEDULED
2026-09-18T00:34:31.663339+00:00,1287941,088,1416,21,0,1789691833,,,SCHEDULED
2026-09-18T00:34:31.663339+00:00,1287941,088,1417,22,0,1789691865,,,SCHEDULED
2026-09-18T00:34:31.663339+00:00,1287941,088,413,23,0,1789692330,,,SCHEDULED
2026-09-18T00:34:31.663339+00:00,1287941,088,414,24,0,1789692355,,,SCHEDULED
2026-09-18T00:34:31.663339+00:00,1287941,088,415,25,0,1789692380,,,SCHEDULED
2026-09-18T00:34:31.663339+00:00,1287941,088,416,26,0,1789692420,,,SCHEDULED
2026-09-18T00:34:31.663339+00:00,1284277,010,11002,15,0,1789691528,,,SCHEDULED
2026-09-18T00:34:31.663339+00:00,1284277,010,11157,16,0,1789691612,,,SCHEDULED
2026-09-18T00:34:31.663339+00:00,1284277,010,11033,17,0,1789691680,,,SCHEDULED
2026-09-18T00:34:31.663339+00:00,1284277,010,11035,18,0,1789691860,,,SCHEDULED
2026-09-18T00:34:31.663339+00:00,1284277,010,11034,19,0,1789691895,,,SCHEDULED
2026-09-18T00:34:31.663339+00:00,1284277,010,11036,20,0,1789691963,,,SCHEDULED
2026-09-18T00:34:31.663339+00:00,1284277,010,11109,21,0,1789692102,,,SCHEDULED
2026-09-18T00:34:31.663339+00:00,1284277,010,11118,22,0,1789692160,,,SCHEDULED
2026-09-18T00:34:31.663339+00:00,1284277,010,11119,23,0,1789692271,,,SCHEDULED
2026-09-18T00:34:31.663339+00:00,1284277,010,11120,24,0,1789692371,,,SCHEDULED
2026-09-18T00:34:31.663339+00:00,1284277,010,11121,25,0,1789692417,,,SCHEDULED
2026-09-18T00:34:31.663339+00:00,1284277,010,11156,26,0,1789692516,,,SCHEDULED
2026-09-18T00:34:31.663339+00:00,1284277,010,11207,27,0,1789692570,,,SCHEDULED
2026-09-18T00:34:31.663339+00:00,1284277,010,11022,28,0,1789692694,,,SCHEDULED
2026-09-18T00:34:31.663339+00:00,1284277,010,11024,29,0,1789692800,,,SCHEDULED
2026-09-18T00:34:31.663339+00:00,1287666,086,241,1,,,0,1789691820,SCHEDULED
2026-09-18T00:34:31.663339+00:00,1287666,086,558,2,0,1789691936,,,SCHEDULED
2026-09-18T00:34:31.663339+00:00,1287666,086,559,3,0,1789692009,,,SCHEDULED
2026-09-18T00:34:31.663339+00:00,1287666,086,560,4,0,1789692069,,,SCHEDULED
2026-09-18T00:34:31.663339+00:00,1287666,086,561,5,0,1789692093,,,SCHEDULED
2026-09-18T00:34:31.663339+00:00,1287666,086,562,6,0,1789692149,,,SCHEDULED
2026-09-18T00:34:31.663339+00:00,1287666,086,849,7,0,1789692224,,,SCHEDULED
2026-09-18T00:34:31.663339+00:00,1287666,086,850,8,0,1789692256,,,SCHEDULED
2026-09-18T00:34:31.663339+00:00,1287666,086,851,9,0,1789692350,,,SCHEDULED
2026-09-18T00:34:31.663339+00:00,1287666,086,852,10,0,1789692378,,,SCHEDULED
2026-09-18T00:34:31.663339+00:00,1287666,086,853,11,0,1789692406,,,SCHEDULED
2026-09-18T00:34:31.663339+00:00,1287666,086,854,12,0,1789692443,,,SCHEDULED
2026-09-18T00:34:31.663339+00:00,1287666,086,855,13,0,1789692471,,,SCHEDULED
2026-09-18T00:34:31.663339+00:00,1287666,086,856,14,0,1789692527,,,SCHEDULED
2026-09-18T00:34:31.663339+00:00,1287666,086,813,15,0,1789692600,,,SCHEDULED
2026-09-18T00:34:31.663339+00:00,1287666,086,814,16,0,1789692649,,,SCHEDULED
2026-09-18T00:34:31.663339+00:00,1287666,086,815,17,0,1789692688,,,SCHEDULED
2026-09-18T00:34:31.663339+00:00,1287666,086,701,18,0,1789692730,,,SCHEDULED
2026-09-18T00:34:31.663339+00:00,1287666,086,702,19,0,1789692769,,,SCHEDULED
2026-09-18T00:34:31.663339+00:00,1287666,086,3240,20,0,1789692995,,,SCHEDULED
2026-09-18T00:34:31.663339+00:00,1287666,086,3241,21,0,1789693025,,,SCHEDULED
2026-09-18T00:34:31.663339+00:00,1287666,086,3242,22,0,1789693049,,,SCHEDULED
2026-09-18T00:34:31.663339+00:00,1287666,086,3243,23,0,1789693138,,,SCHEDULED
2026-09-18T00:34:31.663339+00:00,1287666,086,3244,24,0,1789693167,,,SCHEDULED
2026-09-18T00:34:31.663339+00:00,1287666,086,3246,25,0,1789693270,,,SCHEDULED
2026-09-18T00:34:31.663339+00:00,1287666,086,3247,26,0,1789693320,,,SCHEDULED
2026-09-18T00:34:31.663339+00:00,1287666,086,3248,27,0,1789693367,,,SCHEDULED
2026-09-18T00:34:31.663339+00:00,1287666,086,3249,28,0,1789693411,,,SCHEDULED
2026-09-18T00:34:31.663339+00:00,1287820,087,3185,10,0,1789691697,,,SCHEDULED
2026-09-18T00:34:31.663339+00:00,1287820,087,3187,11,0,1789691774,,,SCHEDULED
2026-09-18T00:34:31.663339+00:00,1287820,087,3188,12,0,1789691827,,,SCHEDULED
2026-09-18T00:34:31.663339+00:00,1287820,087,3189,13,0,1789691877,,,SCHEDULED
2026-09-18T00:34:31.663339+00:00,1287820,087,3190,14,0,1789691961,,,SCHEDULED
2026-09-18T00:34:31.663339+00:00,1287820,087,3191,15,0,1789692021,,,SCHEDULED
2026-09-18T00:34:31.663339+00:00,1287820,087,3192,16,0,1789692075,,,SCHEDULED
2026-09-18T00:34:31.663339+00:00,1287820,087,3193,17,0,1789692172,,,SCHEDULED
2026-09-18T00:34:31.663339+00:00,1287820,087,275,18,0,1789692417,,,SCHEDULED
2026-09-18T00:34:31.663339+00:00,1287820,087,276,19,0,1789692691,,,SCHEDULED
2026-09-18T00:34:31.663339+00:00,1284673,013,1334,1,,,0,1789692307,SCHEDULED
2026-09-18T00:34:31.663339+00:00,1284673,013,1335,2,0,1789692473,,,SCHEDULED
2026-09-18T00:34:31.663339+00:00,1284673,013,1347,3,0,1789692707,,,SCHEDULED
2026-09-18T00:34:31.663339+00:00,1284673,013,8909,4,0,1789692826,,,SCHEDULED
2026-09-18T00:34:31.663339+00:00,1284673,013,8911,5,0,1789692882,,,SCHEDULED
2026-09-18T00:34:31.663339+00:00,1284673,013,8910,6,0,1789692963,,,SCHEDULED
2026-09-18T00:34:31.663339+00:00,1284673,013,8912,7,0,1789693051,,,SCHEDULED
2026-09-18T00:34:31.663339+00:00,1284673,013,8913,8,0,1789693087,,,SCHEDULED
2026-09-18T00:34:31.663339+00:00,1284673,013,3158,9,0,1789693267,,,SCHEDULED
2026-09-18T00:34:31.663339+00:00,1284673,013,3159,10,0,1789693335,,,SCHEDULED
2026-09-18T00:34:31.663339+00:00,1284673,013,3160,11,0,1789693374,,,SCHEDULED
2026-09-18T00:34:31.663339+00:00,1284673,013,3161,12,0,1789693423,,,SCHEDULED
2026-09-18T00:34:31.663339+00:00,1287700,086,586,44,0,1789691684,,,SCHEDULED
2026-09-18T00:34:31.663339+00:00,1287788,087,291,1,,,0,1789693080,SCHEDULED
2026-09-18T00:34:31.663339+00:00,1287788,087,274,2,0,1789693367,,,SCHEDULED
2026-09-18T00:34:31.663339+00:00,1284672,013,1334,1,,,0,1789692900,SCHEDULED
2026-09-18T00:34:31.663339+00:00,1284672,013,1335,2,0,1789693053,,,SCHEDULED
2026-09-18T00:34:31.663339+00:00,1284672,013,1347,3,0,1789693269,,,SCHEDULED
2026-09-18T00:34:31.663339+00:00,1284672,013,8909,4,0,1789693379,,,SCHEDULED
2026-09-18T00:34:31.663339+00:00,1284672,013,8911,5,0,1789693431,,,SCHEDULED
2026-09-18T00:34:31.663339+00:00,1287546,084,3078,35,0,1789691678,,,SCHEDULED
2026-09-18T00:34:31.663339+00:00,1287546,084,3079,36,0,1789691753,,,SCHEDULED
2026-09-18T00:34:31.663339+00:00,1287546,084,3080,37,0,1789691832,,,SCHEDULED
2026-09-18T00:34:31.663339+00:00,1287546,084,1074,38,0,1789691930,,,SCHEDULED
2026-09-18T00:34:31.663339+00:00,1287546,084,1075,39,0,1789691998,,,SCHEDULED
2026-09-18T00:34:31.663339+00:00,1287546,084,1076,40,0,1789692039,,,SCHEDULED
2026-09-18T00:34:31.663339+00:00,1287546,084,1077,41,0,1789692095,,,SCHEDULED
2026-09-18T00:34:31.663339+00:00,1287546,084,1646,42,0,1789692175,,,SCHEDULED
2026-09-18T00:34:31.663339+00:00,1287546,084,1648,43,0,1789692243,,,SCHEDULED
2026-09-18T00:34:31.663339+00:00,1287546,084,1107,44,0,1789692306,,,SCHEDULED
2026-09-18T00:34:31.663339+00:00,1287546,084,1108,45,0,1789692363,,,SCHEDULED
2026-09-18T00:34:31.663339+00:00,1287546,084,3081,46,0,1789692419,,,SCHEDULED
2026-09-18T00:34:31.663339+00:00,1287546,084,3082,47,0,1789692454,,,SCHEDULED
2026-09-18T00:34:31.663339+00:00,1287546,084,3083,48,0,1789692494,,,SCHEDULED
2026-09-18T00:34:31.663339+00:00,1287546,084,3084,49,0,1789692545,,,SCHEDULED
2026-09-18T00:34:31.663339+00:00,1287546,084,3085,50,0,1789692601,,,SCHEDULED
2026-09-18T00:34:31.663339+00:00,1287546,084,3086,51,0,1789692676,,,SCHEDULED
2026-09-18T00:34:31.663339+00:00,1287546,084,3087,52,0,1789692783,,,SCHEDULED
2026-09-18T00:34:31.663339+00:00,1287546,084,3000,53,0,1789693075,,,SCHEDULED
2026-09-18T00:34:31.663339+00:00,1287546,084,3001,54,0,1789693130,,,SCHEDULED
2026-09-18T00:34:31.663339+00:00,1287546,084,3002,55,0,1789693188,,,SCHEDULED
2026-09-18T00:34:31.663339+00:00,1287546,084,3003,56,0,1789693231,,,SCHEDULED
2026-09-18T00:34:31.663339+00:00,1287546,084,3004,57,0,1789693283,,,SCHEDULED
2026-09-18T00:34:31.663339+00:00,1287546,084,3005,58,0,1789693341,,,SCHEDULED
2026-09-18T00:34:31.663339+00:00,1287546,084,3006,59,0,1789693393,,,SCHEDULED
2026-09-18T00:34:31.663339+00:00,1287546,084,3007,60,0,1789693416,,,SCHEDULED
2026-09-18T00:34:31.663339+00:00,1287546,084,2749,61,0,1789693435,,,SCHEDULED
2026-09-18T00:34:31.663339+00:00,1286179,056,3914,9,0,1789691671,,,SCHEDULED
2026-09-18T00:34:31.663339+00:00,1286179,056,3220,10,0,1789691700,,,SCHEDULED
2026-09-18T00:34:31.663339+00:00,1286179,056,3222,11,0,1789691821,,,SCHEDULED
2026-09-18T00:34:31.663339+00:00,1286179,056,3223,12,0,1789691875,,,SCHEDULED
2026-09-18T00:34:31.663339+00:00,1286179,056,3225,13,0,1789691981,,,SCHEDULED
2026-09-18T00:34:31.663339+00:00,1286179,056,2062,14,0,1789692118,,,SCHEDULED
2026-09-18T00:34:31.663339+00:00,1286179,056,2063,15,0,1789692181,,,SCHEDULED
2026-09-18T00:34:31.663339+00:00,1286179,056,2064,16,0,1789692237,,,SCHEDULED
2026-09-18T00:34:31.663339+00:00,1286179,056,2065,17,0,1789692284,,,SCHEDULED
2026-09-18T00:34:31.663339+00:00,1286179,056,2066,18,0,1789692324,,,SCHEDULED
2026-09-18T00:34:31.663339+00:00,1286179,056,2068,19,0,1789692384,,,SCHEDULED
2026-09-18T00:34:31.663339+00:00,1286179,056,5200,20,0,1789692484,,,SCHEDULED
2026-09-18T00:34:31.663339+00:00,1286179,056,287,21,0,1789692558,,,SCHEDULED
2026-09-18T00:34:31.663339+00:00,1286179,056,2070,22,0,1789692597,,,SCHEDULED
2026-09-18T00:34:31.663339+00:00,1286179,056,2071,23,0,1789692628,,,SCHEDULED
2026-09-18T00:34:31.663339+00:00,1286179,056,497,24,0,1789692690,,,SCHEDULED
2026-09-18T00:34:31.663339+00:00,1286179,056,498,25,0,1789692759,,,SCHEDULED
2026-09-18T00:34:31.663339+00:00,1286179,056,500,26,0,1789692834,,,SCHEDULED
2026-09-18T00:34:31.663339+00:00,1286179,056,501,27,0,1789692870,,,SCHEDULED
2026-09-18T00:34:31.663339+00:00,1286179,056,502,28,0,1789692909,,,SCHEDULED
2026-09-18T00:34:31.663339+00:00,1286179,056,503,29,0,1789692984,,,SCHEDULED
2026-09-18T00:34:31.663339+00:00,1286179,056,504,30,0,1789693095,,,SCHEDULED
2026-09-18T00:34:31.663339+00:00,1286179,056,505,31,0,1789693131,,,SCHEDULED
2026-09-18T00:34:31.663339+00:00,1286179,056,4134,32,0,1789693167,,,SCHEDULED
2026-09-18T00:34:31.663339+00:00,1286179,056,4136,33,0,1789693237,,,SCHEDULED
2026-09-18T00:34:31.663339+00:00,1286179,056,4137,34,0,1789693319,,,SCHEDULED
2026-09-18T00:34:31.663339+00:00,1286455,062,116,65,0,1789691704,,,SCHEDULED
2026-09-18T00:34:31.663339+00:00,1286213,056,482,14,0,1789691707,,,SCHEDULED
2026-09-18T00:34:31.663339+00:00,1286213,056,483,15,0,1789691744,,,SCHEDULED
2026-09-18T00:34:31.663339+00:00,1286213,056,484,16,0,1789691774,,,SCHEDULED
2026-09-18T00:34:31.663339+00:00,1286213,056,485,17,0,1789691828,,,SCHEDULED
2026-09-18T00:34:31.663339+00:00,1286213,056,486,18,0,1789691897,,,SCHEDULED
2026-09-18T00:34:31.663339+00:00,1286213,056,487,19,0,1789691957,,,SCHEDULED
2026-09-18T00:34:31.663339+00:00,1286213,056,488,20,0,1789691986,,,SCHEDULED
2026-09-18T00:34:31.663339+00:00,1286213,056,5200,21,0,1789692061,,,SCHEDULED
2026-09-18T00:34:31.663339+00:00,1286213,056,489,22,0,1789692145,,,SCHEDULED
2026-09-18T00:34:31.663339+00:00,1286213,056,490,23,0,1789692187,,,SCHEDULED
2026-09-18T00:34:31.663339+00:00,1286213,056,491,24,0,1789692265,,,SCHEDULED
2026-09-18T00:34:31.663339+00:00,1286213,056,492,25,0,1789692304,,,SCHEDULED
2026-09-18T00:34:31.663339+00:00,1286213,056,493,26,0,1789692341,,,SCHEDULED
2026-09-18T00:34:31.663339+00:00,1286213,056,494,27,0,1789692368,,,SCHEDULED
2026-09-18T00:34:31.663339+00:00,1286213,056,3831,28,0,1789692542,,,SCHEDULED
2026-09-18T00:34:31.663339+00:00,1286213,056,3832,29,0,1789692603,,,SCHEDULED
2026-09-18T00:34:31.663339+00:00,1286213,056,3833,30,0,1789692636,,,SCHEDULED
2026-09-18T00:34:31.663339+00:00,1286213,056,3834,31,0,1789692705,,,SCHEDULED
2026-09-18T00:34:31.663339+00:00,1286213,056,3939,32,0,1789692841,,,SCHEDULED
2026-09-18T00:34:31.663339+00:00,1286213,056,5107,33,0,1789692881,,,SCHEDULED
2026-09-18T00:34:31.663339+00:00,1286213,056,4020,34,0,1789692921,,,SCHEDULED
2026-09-18T00:34:31.663339+00:00,1286213,056,4021,35,0,1789692967,,,SCHEDULED
2026-09-18T00:34:31.663339+00:00,1286213,056,4022,36,0,1789693018,,,SCHEDULED
2026-09-18T00:34:31.663339+00:00,1286213,056,242,37,0,1789693107,,,SCHEDULED
2026-09-18T00:34:31.663339+00:00,1286213,056,243,38,0,1789693156,,,SCHEDULED
2026-09-18T00:34:31.663339+00:00,1286213,056,244,39,0,1789693196,,,SCHEDULED
2026-09-18T00:34:31.663339+00:00,1286213,056,1038,40,0,1789693268,,,SCHEDULED
2026-09-18T00:34:31.663339+00:00,1286213,056,4019,41,0,1789693314,,,SCHEDULED
2026-09-18T00:34:31.663339+00:00,1284795,015,9800,1,,,0,1789693080,SCHEDULED
2026-09-18T00:34:31.663339+00:00,1284795,015,574,2,0,1789693381,,,SCHEDULED
2026-09-18T00:34:31.663339+00:00,1284795,015,575,3,0,1789693402,,,SCHEDULED
2026-09-18T00:34:31.663339+00:00,1284795,015,576,4,0,1789693417,,,SCHEDULED
2026-09-18T00:34:31.663339+00:00,1284795,015,577,5,0,1789693434,,,SCHEDULED
2026-09-18T00:34:31.663339+00:00,1287544,084,1285,1,,,0,1789693143,SCHEDULED
2026-09-18T00:34:31.663339+00:00,1287544,084,1618,2,0,1789693316,,,SCHEDULED
2026-09-18T00:34:31.663339+00:00,1287544,084,1306,3,0,1789693404,,,SCHEDULED
2026-09-18T00:34:31.663339+00:00,1287703,086,418,1,,,0,1789692960,SCHEDULED
2026-09-18T00:34:31.663339+00:00,1287703,086,4763,2,0,1789693003,,,SCHEDULED
2026-09-18T00:34:31.663339+00:00,1287703,086,113,3,0,1789693032,,,SCHEDULED
2026-09-18T00:34:31.663339+00:00,1287703,086,525,4,0,1789693069,,,SCHEDULED
2026-09-18T00:34:31.663339+00:00,1287703,086,526,5,0,1789693121,,,SCHEDULED
2026-09-18T00:34:31.663339+00:00,1287703,086,527,6,0,1789693139,,,SCHEDULED
2026-09-18T00:34:31.663339+00:00,1287703,086,528,7,0,1789693156,,,SCHEDULED
2026-09-18T00:34:31.663339+00:00,1287703,086,5252,8,0,1789693226,,,SCHEDULED
2026-09-18T00:34:31.663339+00:00,1287703,086,531,9,0,1789693244,,,SCHEDULED
2026-09-18T00:34:31.663339+00:00,1287789,087,275,3,0,1789691797,,,SCHEDULED
2026-09-18T00:34:31.663339+00:00,1287789,087,3893,4,0,1789692053,,,SCHEDULED
2026-09-18T00:34:31.663339+00:00,1287789,087,3894,5,0,1789692162,,,SCHEDULED
2026-09-18T00:34:31.663339+00:00,1287789,087,3895,6,0,1789692222,,,SCHEDULED
2026-09-18T00:34:31.663339+00:00,1287789,087,3896,7,0,1789692295,,,SCHEDULED
2026-09-18T00:34:31.663339+00:00,1287789,087,3897,8,0,1789692352,,,SCHEDULED
2026-09-18T00:34:31.663339+00:00,1287789,087,3898,9,0,1789692439,,,SCHEDULED
2026-09-18T00:34:31.663339+00:00,1287789,087,3899,10,0,1789692492,,,SCHEDULED
2026-09-18T00:34:31.663339+00:00,1287789,087,3900,11,0,1789692577,,,SCHEDULED
2026-09-18T00:34:31.663339+00:00,1287789,087,3901,12,0,1789692659,,,SCHEDULED
2026-09-18T00:34:31.663339+00:00,1287789,087,3902,13,0,1789692711,,,SCHEDULED
2026-09-18T00:34:31.663339+00:00,1287789,087,3903,14,0,1789692858,,,SCHEDULED
2026-09-18T00:34:31.663339+00:00,1287789,087,3904,15,0,1789692914,,,SCHEDULED
2026-09-18T00:34:31.663339+00:00,1287789,087,3905,16,0,1789693009,,,SCHEDULED
2026-09-18T00:34:31.663339+00:00,1287789,087,1254,17,0,1789693100,,,SCHEDULED
2026-09-18T00:34:31.663339+00:00,1287789,087,1262,18,0,1789693200,,,SCHEDULED
2026-09-18T00:34:31.663339+00:00,1285009,021,1070,1,,,0,1789692360,SCHEDULED
2026-09-18T00:34:31.663339+00:00,1285009,021,3327,2,0,1789692402,,,SCHEDULED
2026-09-18T00:34:31.663339+00:00,1285009,021,3328,3,0,1789692470,,,SCHEDULED
2026-09-18T00:34:31.663339+00:00,1285009,021,3329,4,0,1789692522,,,SCHEDULED
2026-09-18T00:34:31.663339+00:00,1285009,021,3330,5,0,1789692574,,,SCHEDULED
2026-09-18T00:34:31.663339+00:00,1285009,021,3331,6,0,1789692653,,,SCHEDULED
2026-09-18T00:34:31.663339+00:00,1285009,021,3706,7,0,1789692715,,,SCHEDULED
2026-09-18T00:34:31.663339+00:00,1285009,021,3707,8,0,1789692785,,,SCHEDULED
2026-09-18T00:34:31.663339+00:00,1285009,021,3708,9,0,1789692895,,,SCHEDULED
2026-09-18T00:34:31.663339+00:00,1285009,021,3709,10,0,1789692960,,,SCHEDULED
2026-09-18T00:34:31.663339+00:00,1285009,021,3710,11,0,1789693010,,,SCHEDULED
2026-09-18T00:34:31.663339+00:00,1285009,021,3711,12,0,1789693073,,,SCHEDULED
2026-09-18T00:34:31.663339+00:00,1285009,021,3712,13,0,1789693149,,,SCHEDULED
2026-09-18T00:34:31.663339+00:00,1285009,021,3713,14,0,1789693260,,,SCHEDULED
2026-09-18T00:34:31.663339+00:00,1285009,021,1184,15,0,1789693440,,,SCHEDULED
2026-09-18T00:34:31.663339+00:00,1285768,033,628,1,,,0,1789692840,SCHEDULED
2026-09-18T00:34:31.663339+00:00,1285768,033,5259,2,0,1789693076,,,SCHEDULED
2026-09-18T00:34:31.663339+00:00,1285768,033,5260,3,0,1789693150,,,SCHEDULED
2026-09-18T00:34:31.663339+00:00,1285768,033,5257,4,0,1789693183,,,SCHEDULED
2026-09-18T00:34:31.663339+00:00,1285768,033,5261,5,0,1789693221,,,SCHEDULED
2026-09-18T00:34:31.663339+00:00,1287701,086,3149,12,0,1789691680,,,SCHEDULED
2026-09-18T00:34:31.663339+00:00,1287701,086,3150,13,0,1789691739,,,SCHEDULED
2026-09-18T00:34:31.663339+00:00,1287701,086,3151,14,0,1789691791,,,SCHEDULED
2026-09-18T00:34:31.663339+00:00,1287701,086,3152,15,0,1789691835,,,SCHEDULED
2026-09-18T00:34:31.663339+00:00,1287701,086,3153,16,0,1789691872,,,SCHEDULED
2026-09-18T00:34:31.663339+00:00,1287701,086,3154,17,0,1789691912,,,SCHEDULED
2026-09-18T00:34:31.663339+00:00,1287701,086,3155,18,0,1789691953,,,SCHEDULED
2026-09-18T00:34:31.663339+00:00,1287701,086,3156,19,0,1789691993,,,SCHEDULED
2026-09-18T00:34:31.663339+00:00,1287701,086,3157,20,0,1789692041,,,SCHEDULED
2026-09-18T00:34:31.663339+00:00,1287701,086,3158,21,0,1789692094,,,SCHEDULED
2026-09-18T00:34:31.663339+00:00,1287701,086,3159,22,0,1789692164,,,SCHEDULED
2026-09-18T00:34:31.663339+00:00,1287701,086,3160,23,0,1789692205,,,SCHEDULED
2026-09-18T00:34:31.663339+00:00,1287701,086,3161,24,0,1789692255,,,SCHEDULED
2026-09-18T00:34:31.663339+00:00,1287701,086,3163,25,0,1789692359,,,SCHEDULED
2026-09-18T00:34:31.663339+00:00,1287701,086,3164,26,0,1789692405,,,SCHEDULED
2026-09-18T00:34:31.663339+00:00,1287701,086,699,27,0,1789692440,,,SCHEDULED
2026-09-18T00:34:31.663339+00:00,1287701,086,703,28,0,1789692602,,,SCHEDULED
2026-09-18T00:34:31.663339+00:00,1287701,086,700,29,0,1789692640,,,SCHEDULED
2026-09-18T00:34:31.663339+00:00,1287701,086,706,30,0,1789692680,,,SCHEDULED
2026-09-18T00:34:31.663339+00:00,1287701,086,707,31,0,1789692723,,,SCHEDULED
2026-09-18T00:34:31.663339+00:00,1287701,086,708,32,0,1789692754,,,SCHEDULED
2026-09-18T00:34:31.663339+00:00,1287701,086,834,33,0,1789692818,,,SCHEDULED
2026-09-18T00:34:31.663339+00:00,1287701,086,835,34,0,1789692906,,,SCHEDULED
2026-09-18T00:34:31.663339+00:00,1287701,086,836,35,0,1789692930,,,SCHEDULED
2026-09-18T00:34:31.663339+00:00,1287701,086,838,36,0,1789692976,,,SCHEDULED
2026-09-18T00:34:31.663339+00:00,1287701,086,839,37,0,1789693019,,,SCHEDULED
2026-09-18T00:34:31.663339+00:00,1287701,086,840,38,0,1789693078,,,SCHEDULED
2026-09-18T00:34:31.663339+00:00,1287701,086,581,39,0,1789693126,,,SCHEDULED
2026-09-18T00:34:31.663339+00:00,1287701,086,582,40,0,1789693164,,,SCHEDULED
2026-09-18T00:34:31.663339+00:00,1287701,086,583,41,0,1789693212,,,SCHEDULED
2026-09-18T00:34:31.663339+00:00,1287701,086,584,42,0,1789693249,,,SCHEDULED
2026-09-18T00:34:31.663339+00:00,1287701,086,585,43,0,1789693316,,,SCHEDULED
2026-09-18T00:34:31.663339+00:00,1287701,086,586,44,0,1789693391,,,SCHEDULED
2026-09-18T00:34:31.663339+00:00,1287547,084,2751,63,0,1789691752,,,SCHEDULED
2026-09-18T00:34:31.663339+00:00,1287547,084,2752,64,0,1789691817,,,SCHEDULED
2026-09-18T00:34:31.663339+00:00,1287702,086,5252,8,0,1789691675,,,SCHEDULED
2026-09-18T00:34:31.663339+00:00,1287702,086,531,9,0,1789691693,,,SCHEDULED
2026-09-18T00:34:31.663339+00:00,1287702,086,3146,10,0,1789692290,,,SCHEDULED
2026-09-18T00:34:31.663339+00:00,1287702,086,3148,11,0,1789692360,,,SCHEDULED
2026-09-18T00:34:31.663339+00:00,1287702,086,3149,12,0,1789692435,,,SCHEDULED
2026-09-18T00:34:31.663339+00:00,1287702,086,3150,13,0,1789692494,,,SCHEDULED
2026-09-18T00:34:31.663339+00:00,1287702,086,3151,14,0,1789692546,,,SCHEDULED
2026-09-18T00:34:31.663339+00:00,1287702,086,3152,15,0,1789692590,,,SCHEDULED
2026-09-18T00:34:31.663339+00:00,1287702,086,3153,16,0,1789692627,,,SCHEDULED
2026-09-18T00:34:31.663339+00:00,1287702,086,3154,17,0,1789692667,,,SCHEDULED
2026-09-18T00:34:31.663339+00:00,1287702,086,3155,18,0,1789692708,,,SCHEDULED
2026-09-18T00:34:31.663339+00:00,1287702,086,3156,19,0,1789692748,,,SCHEDULED
2026-09-18T00:34:31.663339+00:00,1287702,086,3157,20,0,1789692796,,,SCHEDULED
2026-09-18T00:34:31.663339+00:00,1287702,086,3158,21,0,1789692849,,,SCHEDULED
2026-09-18T00:34:31.663339+00:00,1287702,086,3159,22,0,1789692919,,,SCHEDULED
2026-09-18T00:34:31.663339+00:00,1287702,086,3160,23,0,1789692960,,,SCHEDULED
2026-09-18T00:34:31.663339+00:00,1287702,086,3161,24,0,1789693010,,,SCHEDULED
2026-09-18T00:34:31.663339+00:00,1287702,086,3163,25,0,1789693114,,,SCHEDULED
2026-09-18T00:34:31.663339+00:00,1287702,086,3164,26,0,1789693160,,,SCHEDULED
2026-09-18T00:34:31.663339+00:00,1287702,086,699,27,0,1789693195,,,SCHEDULED
2026-09-18T00:34:31.663339+00:00,1287702,086,703,28,0,1789693357,,,SCHEDULED
2026-09-18T00:34:31.663339+00:00,1287702,086,700,29,0,1789693395,,,SCHEDULED
2026-09-18T00:34:31.663339+00:00,1287702,086,706,30,0,1789693435,,,SCHEDULED
2026-09-18T00:34:31.663339+00:00,1287819,087,241,1,,,0,1789692300,SCHEDULED
2026-09-18T00:34:31.663339+00:00,1287819,087,1255,2,0,1789692498,,,SCHEDULED
2026-09-18T00:34:31.663339+00:00,1287819,087,1263,3,0,1789692571,,,SCHEDULED
2026-09-18T00:34:31.663339+00:00,1287819,087,3179,4,0,1789692599,,,SCHEDULED
2026-09-18T00:34:31.663339+00:00,1287819,087,3180,5,0,1789692686,,,SCHEDULED
2026-09-18T00:34:31.663339+00:00,1287819,087,3181,6,0,1789692745,,,SCHEDULED
2026-09-18T00:34:31.663339+00:00,1287819,087,3182,7,0,1789692786,,,SCHEDULED
2026-09-18T00:34:31.663339+00:00,1287819,087,3183,8,0,1789692884,,,SCHEDULED
2026-09-18T00:34:31.663339+00:00,1287819,087,3184,9,0,1789692943,,,SCHEDULED
2026-09-18T00:34:31.663339+00:00,1287819,087,3185,10,0,1789693020,,,SCHEDULED
2026-09-18T00:34:31.663339+00:00,1287819,087,3187,11,0,1789693084,,,SCHEDULED
2026-09-18T00:34:31.663339+00:00,1287819,087,3188,12,0,1789693128,,,SCHEDULED
2026-09-18T00:34:31.663339+00:00,1287819,087,3189,13,0,1789693170,,,SCHEDULED
2026-09-18T00:34:31.663339+00:00,1287819,087,3190,14,0,1789693240,,,SCHEDULED
2026-09-18T00:34:31.663339+00:00,1287819,087,3191,15,0,1789693290,,,SCHEDULED
2026-09-18T00:34:31.663339+00:00,1287819,087,3192,16,0,1789693335,,,SCHEDULED
2026-09-18T00:34:31.663339+00:00,1287819,087,3193,17,0,1789693416,,,SCHEDULED
2026-09-18T00:34:31.663339+00:00,1288190,106,987,25,0,1789691725,,,SCHEDULED
2026-09-18T00:34:31.663339+00:00,1288190,106,988,26,0,1789691742,,,SCHEDULED
2026-09-18T00:34:31.663339+00:00,1288190,106,989,27,0,1789691762,,,SCHEDULED
2026-09-18T00:34:31.663339+00:00,1288190,106,990,28,0,1789691795,,,SCHEDULED
2026-09-18T00:34:31.663339+00:00,1288190,106,992,29,0,1789691838,,,SCHEDULED
2026-09-18T00:34:31.663339+00:00,1288190,106,993,30,0,1789691865,,,SCHEDULED
2026-09-18T00:34:31.663339+00:00,1288190,106,994,31,0,1789691898,,,SCHEDULED
2026-09-18T00:34:31.663339+00:00,1288190,106,995,32,0,1789691945,,,SCHEDULED
2026-09-18T00:34:31.663339+00:00,1288190,106,997,33,0,1789691974,,,SCHEDULED
2026-09-18T00:34:31.663339+00:00,1288190,106,998,34,0,1789692021,,,SCHEDULED
2026-09-18T00:34:31.663339+00:00,1288190,106,999,35,0,1789692058,,,SCHEDULED
2026-09-18T00:34:31.663339+00:00,1288190,106,1000,36,0,1789692091,,,SCHEDULED
2026-09-18T00:34:31.663339+00:00,1288190,106,1001,37,0,1789692120,,,SCHEDULED
2026-09-18T00:34:31.663339+00:00,1288190,106,1002,38,0,1789692160,,,SCHEDULED
2026-09-18T00:34:31.663339+00:00,1288190,106,1003,39,0,1789692189,,,SCHEDULED
2026-09-18T00:34:31.663339+00:00,1288190,106,2357,40,0,1789692237,,,SCHEDULED
2026-09-18T00:34:31.663339+00:00,1288190,106,1005,41,0,1789692262,,,SCHEDULED
2026-09-18T00:34:31.663339+00:00,1288190,106,1006,42,0,1789692286,,,SCHEDULED
2026-09-18T00:34:31.663339+00:00,1288190,106,1007,43,0,1789692310,,,SCHEDULED
2026-09-18T00:34:31.663339+00:00,1288190,106,450,44,0,1789692339,,,SCHEDULED
2026-09-18T00:34:31.663339+00:00,1288190,106,1008,45,0,1789692355,,,SCHEDULED
2026-09-18T00:34:31.663339+00:00,1288190,106,1009,46,0,1789692372,,,SCHEDULED
2026-09-18T00:34:31.663339+00:00,1288190,106,1010,47,0,1789692414,,,SCHEDULED
2026-09-18T00:34:31.663339+00:00,1288190,106,1011,48,0,1789692448,,,SCHEDULED
2026-09-18T00:34:31.663339+00:00,1288190,106,1012,49,0,1789692501,,,SCHEDULED
2026-09-18T00:34:31.663339+00:00,1288190,106,1013,50,0,1789692527,,,SCHEDULED
2026-09-18T00:34:31.663339+00:00,1288190,106,1014,51,0,1789692561,,,SCHEDULED
2026-09-18T00:34:31.663339+00:00,1288190,106,1016,52,0,1789692607,,,SCHEDULED
2026-09-18T00:34:31.663339+00:00,1288190,106,1017,53,0,1789692641,,,SCHEDULED
2026-09-18T00:34:31.663339+00:00,1288190,106,476,54,0,1789692668,,,SCHEDULED
2026-09-18T00:34:31.663339+00:00,1288190,106,477,55,0,1789692681,,,SCHEDULED
2026-09-18T00:34:31.663339+00:00,1288190,106,4134,56,0,1789692715,,,SCHEDULED
2026-09-18T00:34:31.663339+00:00,1288190,106,4136,57,0,1789692765,,,SCHEDULED
2026-09-18T00:34:31.663339+00:00,1288190,106,4137,58,0,1789692818,,,SCHEDULED
2026-09-18T00:34:31.663339+00:00,1284392,011,328,30,0,1789691686,,,SCHEDULED
2026-09-18T00:34:31.663339+00:00,1284392,011,329,31,0,1789691735,,,SCHEDULED
2026-09-18T00:34:31.663339+00:00,1284392,011,330,32,0,1789691784,,,SCHEDULED
2026-09-18T00:34:31.663339+00:00,1284392,011,331,33,0,1789691814,,,SCHEDULED
2026-09-18T00:34:31.663339+00:00,1284392,011,668,34,0,1789691875,,,SCHEDULED
2026-09-18T00:34:31.663339+00:00,1284392,011,605,35,0,1789692264,,,SCHEDULED
2026-09-18T00:34:31.663339+00:00,1284392,011,606,36,0,1789692340,,,SCHEDULED
2026-09-18T00:34:31.663339+00:00,1284392,011,608,37,0,1789692385,,,SCHEDULED
2026-09-18T00:34:31.663339+00:00,1284392,011,607,38,0,1789692449,,,SCHEDULED
2026-09-18T00:34:31.663339+00:00,1284392,011,8922,39,0,1789692879,,,SCHEDULED
2026-09-18T00:34:31.663339+00:00,1284392,011,8923,40,0,1789692925,,,SCHEDULED
2026-09-18T00:34:31.663339+00:00,1284392,011,8924,41,0,1789692958,,,SCHEDULED
2026-09-18T00:34:31.663339+00:00,1284392,011,8925,42,0,1789692993,,,SCHEDULED
2026-09-18T00:34:31.663339+00:00,1284392,011,8926,43,0,1789693039,,,SCHEDULED
2026-09-18T00:34:31.663339+00:00,1284392,011,8927,44,0,1789693088,,,SCHEDULED
2026-09-18T00:34:31.663339+00:00,1284392,011,4710,45,0,1789693274,,,SCHEDULED
2026-09-18T00:34:31.663339+00:00,1284392,011,8928,46,0,1789693339,,,SCHEDULED
2026-09-18T00:34:31.663339+00:00,1284392,011,8929,47,0,1789693442,,,SCHEDULED
2026-09-18T00:34:31.663339+00:00,1288195,109,3478,28,0,1789691674,,,SCHEDULED
2026-09-18T00:34:31.663339+00:00,1288195,109,3479,29,0,1789691712,,,SCHEDULED
2026-09-18T00:34:31.663339+00:00,1288195,109,3480,30,0,1789691782,,,SCHEDULED
2026-09-18T00:34:31.663339+00:00,1288195,109,3464,31,0,1789691840,,,SCHEDULED
2026-09-18T00:34:31.663339+00:00,1288195,109,3481,32,0,1789691914,,,SCHEDULED
2026-09-18T00:34:31.663339+00:00,1288195,109,3482,33,0,1789691978,,,SCHEDULED
2026-09-18T00:34:31.663339+00:00,1288195,109,3483,34,0,1789692073,,,SCHEDULED
2026-09-18T00:34:31.663339+00:00,1288196,109,1790,13,0,1789691717,,,SCHEDULED
2026-09-18T00:34:31.663339+00:00,1288196,109,1792,14,0,1789691735,,,SCHEDULED
2026-09-18T00:34:31.663339+00:00,1288196,109,1793,15,0,1789691753,,,SCHEDULED
2026-09-18T00:34:31.663339+00:00,1288196,109,447,16,0,1789693317,,,SCHEDULED
2026-09-18T00:34:31.663339+00:00,1288196,109,3468,17,0,1789693364,,,SCHEDULED
2026-09-18T00:34:31.663339+00:00,1288196,109,3469,18,0,1789693378,,,SCHEDULED
2026-09-18T00:34:31.663339+00:00,1288196,109,3470,19,0,1789693397,,,SCHEDULED
2026-09-18T00:34:31.663339+00:00,1288196,109,3471,20,0,1789693432,,,SCHEDULED
2026-09-18T00:34:31.663339+00:00,1284391,011,1773,23,0,1789691678,,,SCHEDULED
2026-09-18T00:34:31.663339+00:00,1284391,011,1774,24,0,1789691743,,,SCHEDULED
2026-09-18T00:34:31.663339+00:00,1284391,011,1775,25,0,1789691785,,,SCHEDULED
2026-09-18T00:34:31.663339+00:00,1284391,011,1776,26,0,1789691812,,,SCHEDULED
2026-09-18T00:34:31.663339+00:00,1284391,011,325,27,0,1789691938,,,SCHEDULED
2026-09-18T00:34:31.663339+00:00,1284391,011,327,29,0,1789692000,,,SCHEDULED
2026-09-18T00:34:31.663339+00:00,1284391,011,328,30,0,1789692030,,,SCHEDULED
2026-09-18T00:34:31.663339+00:00,1284391,011,329,31,0,1789692079,,,SCHEDULED
2026-09-18T00:34:31.663339+00:00,1284391,011,330,32,0,1789692128,,,SCHEDULED
2026-09-18T00:34:31.663339+00:00,1284391,011,331,33,0,1789692158,,,SCHEDULED
2026-09-18T00:34:31.663339+00:00,1284391,011,668,34,0,1789692219,,,SCHEDULED
2026-09-18T00:34:31.663339+00:00,1284391,011,605,35,0,1789692608,,,SCHEDULED
2026-09-18T00:34:31.663339+00:00,1284391,011,606,36,0,1789692684,,,SCHEDULED
2026-09-18T00:34:31.663339+00:00,1284391,011,608,37,0,1789692729,,,SCHEDULED
2026-09-18T00:34:31.663339+00:00,1284391,011,607,38,0,1789692793,,,SCHEDULED
2026-09-18T00:34:31.663339+00:00,1284391,011,8922,39,0,1789693223,,,SCHEDULED
2026-09-18T00:34:31.663339+00:00,1284391,011,8923,40,0,1789693269,,,SCHEDULED
2026-09-18T00:34:31.663339+00:00,1284391,011,8924,41,0,1789693302,,,SCHEDULED
2026-09-18T00:34:31.663339+00:00,1284391,011,8925,42,0,1789693337,,,SCHEDULED
2026-09-18T00:34:31.663339+00:00,1284391,011,8926,43,0,1789693383,,,SCHEDULED
2026-09-18T00:34:31.663339+00:00,1284391,011,8927,44,0,1789693432,,,SCHEDULED
2026-09-18T00:34:31.663339+00:00,1285010,021,3712,13,0,1789691674,,,SCHEDULED
2026-09-18T00:34:31.663339+00:00,1285010,021,3713,14,0,1789691785,,,SCHEDULED
2026-09-18T00:34:31.663339+00:00,1285010,021,1184,15,0,1789691965,,,SCHEDULED
2026-09-18T00:34:31.663339+00:00,1285010,021,3301,16,0,1789691995,,,SCHEDULED
2026-09-18T00:34:31.663339+00:00,1285010,021,1200,17,0,1789692085,,,SCHEDULED
2026-09-18T00:34:31.663339+00:00,1285010,021,1201,18,0,1789692135,,,SCHEDULED
2026-09-18T00:34:31.663339+00:00,1285010,021,1202,19,0,1789692176,,,SCHEDULED
2026-09-18T00:34:31.663339+00:00,1285010,021,1203,20,0,1789692216,,,SCHEDULED
2026-09-18T00:34:31.663339+00:00,1285010,021,1204,21,0,1789692269,,,SCHEDULED
2026-09-18T00:34:31.663339+00:00,1285010,021,1205,22,0,1789692323,,,SCHEDULED
2026-09-18T00:34:31.663339+00:00,1285010,021,1206,23,0,1789692380,,,SCHEDULED
2026-09-18T00:34:31.663339+00:00,1285010,021,1207,24,0,1789692531,,,SCHEDULED
2026-09-18T00:34:31.663339+00:00,1285010,021,2719,25,0,1789692701,,,SCHEDULED
2026-09-18T00:34:31.663339+00:00,1285010,021,2934,26,0,1789692752,,,SCHEDULED
2026-09-18T00:34:31.663339+00:00,1285010,021,2935,27,0,1789692795,,,SCHEDULED
2026-09-18T00:34:31.663339+00:00,1285010,021,2722,28,0,1789693190,,,SCHEDULED
2026-09-18T00:34:31.663339+00:00,1285010,021,2723,29,0,1789693261,,,SCHEDULED
2026-09-18T00:34:31.663339+00:00,1285010,021,2724,30,0,1789693345,,,SCHEDULED
2026-09-18T00:34:31.663339+00:00,1285010,021,2726,31,0,1789693434,,,SCHEDULED
2026-09-18T00:34:31.663339+00:00,1285010,021,2727,32,0,1789693463,,,SCHEDULED
2026-09-18T00:34:31.663339+00:00,1286464,062,4140,1,,,0,1789692060,SCHEDULED
2026-09-18T00:34:31.663339+00:00,1286464,062,4141,2,0,1789692135,,,SCHEDULED
2026-09-18T00:34:31.663339+00:00,1286464,062,4142,3,0,1789692187,,,SCHEDULED
2026-09-18T00:34:31.663339+00:00,1286464,062,4143,4,0,1789692265,,,SCHEDULED
2026-09-18T00:34:31.663339+00:00,1286464,062,5251,5,0,1789692335,,,SCHEDULED
2026-09-18T00:34:31.663339+00:00,1286464,062,4144,6,0,1789692366,,,SCHEDULED
2026-09-18T00:34:31.663339+00:00,1286464,062,4145,7,0,1789692384,,,SCHEDULED
2026-09-18T00:34:31.663339+00:00,1286464,062,4146,8,0,1789692418,,,SCHEDULED
2026-09-18T00:34:31.663339+00:00,1286464,062,506,9,0,1789692486,,,SCHEDULED
2026-09-18T00:34:31.663339+00:00,1286464,062,507,10,0,1789692514,,,SCHEDULED
2026-09-18T00:34:31.663339+00:00,1286464,062,508,11,0,1789692587,,,SCHEDULED
2026-09-18T00:34:31.663339+00:00,1286464,062,509,12,0,1789692616,,,SCHEDULED
2026-09-18T00:34:31.663339+00:00,1286464,062,510,13,0,1789692647,,,SCHEDULED
2026-09-18T00:34:31.663339+00:00,1286464,062,511,14,0,1789692686,,,SCHEDULED
2026-09-18T00:34:31.663339+00:00,1286464,062,513,15,0,1789692720,,,SCHEDULED
2026-09-18T00:34:31.663339+00:00,1286464,062,514,16,0,1789692771,,,SCHEDULED
2026-09-18T00:34:31.663339+00:00,1286464,062,515,17,0,1789692820,,,SCHEDULED
2026-09-18T00:34:31.663339+00:00,1286464,062,516,18,0,1789692859,,,SCHEDULED
2026-09-18T00:34:31.663339+00:00,1286464,062,517,19,0,1789692885,,,SCHEDULED
2026-09-18T00:34:31.663339+00:00,1286464,062,518,20,0,1789692934,,,SCHEDULED
2026-09-18T00:34:31.663339+00:00,1286464,062,2331,21,0,1789692980,,,SCHEDULED
2026-09-18T00:34:31.663339+00:00,1286464,062,2332,22,0,1789693009,,,SCHEDULED
2026-09-18T00:34:31.663339+00:00,1286464,062,2333,23,0,1789693037,,,SCHEDULED
2026-09-18T00:34:31.663339+00:00,1286464,062,2334,24,0,1789693063,,,SCHEDULED
2026-09-18T00:34:31.663339+00:00,1286464,062,2335,25,0,1789693091,,,SCHEDULED
2026-09-18T00:34:31.663339+00:00,1286464,062,1352,26,0,1789693107,,,SCHEDULED
2026-09-18T00:34:31.663339+00:00,1286464,062,2337,27,0,1789693159,,,SCHEDULED
2026-09-18T00:34:31.663339+00:00,1286464,062,2338,28,0,1789693257,,,SCHEDULED
2026-09-18T00:34:31.663339+00:00,1286464,062,2339,29,0,1789693319,,,SCHEDULED
2026-09-18T00:34:31.663339+00:00,1286464,062,2341,30,0,1789693391,,,SCHEDULED
2026-09-18T00:34:31.663339+00:00,1286464,062,2342,31,0,1789693432,,,SCHEDULED
2026-09-18T00:34:31.663339+00:00,1288487,177,8006,2,0,1789691711,,,SCHEDULED
2026-09-18T00:34:31.663339+00:00,1288487,177,8007,3,0,1789691751,,,SCHEDULED
2026-09-18T00:34:31.663339+00:00,1288487,177,844,4,0,1789691810,,,SCHEDULED
2026-09-18T00:34:31.663339+00:00,1288487,177,4199,5,0,1789691850,,,SCHEDULED
2026-09-18T00:34:31.663339+00:00,1288487,177,4200,6,0,1789691884,,,SCHEDULED
2026-09-18T00:34:31.663339+00:00,1288486,177,664,1,,,0,1789692240,SCHEDULED
2026-09-18T00:34:31.663339+00:00,1288486,177,8006,2,0,1789692291,,,SCHEDULED
2026-09-18T00:34:31.663339+00:00,1288486,177,8007,3,0,1789692331,,,SCHEDULED
2026-09-18T00:34:31.663339+00:00,1288486,177,844,4,0,1789692390,,,SCHEDULED
2026-09-18T00:34:31.663339+00:00,1288486,177,4199,5,0,1789692430,,,SCHEDULED
2026-09-18T00:34:31.663339+00:00,1288486,177,4200,6,0,1789692464,,,SCHEDULED
2026-09-18T00:34:31.663339+00:00,1285771,038,307,1,,,0,1789693260,SCHEDULED
2026-09-18T00:34:31.663339+00:00,1285771,038,1600,2,0,1789693401,,,SCHEDULED
2026-09-18T00:34:31.663339+00:00,1286582,067,3914,9,0,1789691653,,,SCHEDULED
2026-09-18T00:34:31.663339+00:00,1286582,067,3220,10,0,1789691725,,,SCHEDULED
2026-09-18T00:34:31.663339+00:00,1286582,067,3222,11,0,1789691852,,,SCHEDULED
2026-09-18T00:34:31.663339+00:00,1286582,067,3223,12,0,1789691906,,,SCHEDULED
2026-09-18T00:34:31.663339+00:00,1286582,067,3224,13,0,1789691948,,,SCHEDULED
2026-09-18T00:34:31.663339+00:00,1286582,067,3225,14,0,1789692020,,,SCHEDULED
2026-09-18T00:34:31.663339+00:00,1286582,067,2062,15,0,1789692134,,,SCHEDULED
2026-09-18T00:34:31.663339+00:00,1286582,067,2063,16,0,1789692172,,,SCHEDULED
2026-09-18T00:34:31.663339+00:00,1286582,067,6508,17,0,1789692205,,,SCHEDULED
2026-09-18T00:34:31.663339+00:00,1286582,067,2174,18,0,1789692337,,,SCHEDULED
2026-09-18T00:34:31.663339+00:00,1286582,067,2160,19,0,1789692395,,,SCHEDULED
2026-09-18T00:34:31.663339+00:00,1286582,067,2597,20,0,1789692440,,,SCHEDULED
2026-09-18T00:34:31.663339+00:00,1286582,067,2598,21,0,1789692471,,,SCHEDULED
2026-09-18T00:34:31.663339+00:00,1286582,067,2599,22,0,1789692509,,,SCHEDULED
2026-09-18T00:34:31.663339+00:00,1286582,067,2600,23,0,1789692573,,,SCHEDULED
2026-09-18T00:34:31.663339+00:00,1286582,067,2601,24,0,1789692636,,,SCHEDULED
2026-09-18T00:34:31.663339+00:00,1286582,067,2602,25,0,1789692690,,,SCHEDULED
2026-09-18T00:34:31.663339+00:00,1286582,067,2603,26,0,1789692747,,,SCHEDULED
2026-09-18T00:34:31.663339+00:00,1286582,067,2604,27,0,1789692789,,,SCHEDULED
2026-09-18T00:34:31.663339+00:00,1286582,067,2605,28,0,1789692843,,,SCHEDULED
2026-09-18T00:34:31.663339+00:00,1286582,067,2606,29,0,1789692989,,,SCHEDULED
2026-09-18T00:34:31.663339+00:00,1286582,067,2607,30,0,1789693040,,,SCHEDULED
2026-09-18T00:34:31.663339+00:00,1286582,067,2608,31,0,1789693097,,,SCHEDULED
2026-09-18T00:34:31.663339+00:00,1286582,067,2609,32,0,1789693172,,,SCHEDULED
2026-09-18T00:34:31.663339+00:00,1286582,067,2613,33,0,1789693204,,,SCHEDULED
2026-09-18T00:34:31.663339+00:00,1286582,067,2614,34,0,1789693255,,,SCHEDULED
2026-09-18T00:34:31.663339+00:00,1286582,067,2615,35,0,1789693307,,,SCHEDULED
2026-09-18T00:34:31.663339+00:00,1286582,067,601,36,0,1789693346,,,SCHEDULED
2026-09-18T00:34:31.663339+00:00,1287671,086,3251,30,0,1789691672,,,SCHEDULED
2026-09-18T00:34:31.663339+00:00,1287671,086,3252,31,0,1789691720,,,SCHEDULED
2026-09-18T00:34:31.663339+00:00,1287671,086,3253,32,0,1789691763,,,SCHEDULED
2026-09-18T00:34:31.663339+00:00,1287671,086,3254,33,0,1789691807,,,SCHEDULED
2026-09-18T00:34:31.663339+00:00,1287671,086,3255,34,0,1789691853,,,SCHEDULED
2026-09-18T00:34:31.663339+00:00,1287671,086,3256,35,0,1789691909,,,SCHEDULED
2026-09-18T00:34:31.663339+00:00,1287671,086,3257,36,0,1789691962,,,SCHEDULED
2026-09-18T00:34:31.663339+00:00,1287671,086,3259,37,0,1789692036,,,SCHEDULED
2026-09-18T00:34:31.663339+00:00,1287671,086,413,38,0,1789692598,,,SCHEDULED
2026-09-18T00:34:31.663339+00:00,1287671,086,414,39,0,1789692624,,,SCHEDULED
2026-09-18T00:34:31.663339+00:00,1287671,086,415,40,0,1789692659,,,SCHEDULED
2026-09-18T00:34:31.663339+00:00,1287671,086,416,41,0,1789692685,,,SCHEDULED
2026-09-18T00:34:31.663339+00:00,1288485,177,664,1,,,0,1789693140,SCHEDULED
2026-09-18T00:34:31.663339+00:00,1288485,177,8006,2,0,1789693191,,,SCHEDULED
2026-09-18T00:34:31.663339+00:00,1288485,177,8007,3,0,1789693231,,,SCHEDULED
2026-09-18T00:34:31.663339+00:00,1288485,177,844,4,0,1789693290,,,SCHEDULED
2026-09-18T00:34:31.663339+00:00,1288485,177,4199,5,0,1789693330,,,SCHEDULED
2026-09-18T00:34:31.663339+00:00,1288485,177,4200,6,0,1789693364,,,SCHEDULED
2026-09-18T00:34:31.663339+00:00,1286583,067,887,1,,,0,1789692780,SCHEDULED
2026-09-18T00:34:31.663339+00:00,1286583,067,286,2,0,1789693006,,,SCHEDULED
2026-09-18T00:34:31.663339+00:00,1286583,067,4439,3,0,1789693074,,,SCHEDULED
2026-09-18T00:34:31.663339+00:00,1286583,067,4440,4,0,1789693177,,,SCHEDULED
2026-09-18T00:34:31.663339+00:00,1286583,067,4441,5,0,1789693229,,,SCHEDULED
2026-09-18T00:34:31.663339+00:00,1286583,067,4015,6,0,1789693314,,,SCHEDULED
2026-09-18T00:34:31.663339+00:00,1286583,067,4016,7,0,1789693366,,,SCHEDULED
2026-09-18T00:34:31.663339+00:00,1286583,067,4017,8,0,1789693424,,,SCHEDULED
2026-09-18T00:34:31.663339+00:00,1285011,021,2734,39,0,1789691633,,,SCHEDULED
2026-09-18T00:34:31.663339+00:00,1285011,021,2735,40,0,1789691674,,,SCHEDULED
2026-09-18T00:34:31.663339+00:00,1285011,021,2736,41,0,1789691720,,,SCHEDULED
2026-09-18T00:34:31.663339+00:00,1285011,021,2737,42,0,1789691755,,,SCHEDULED
2026-09-18T00:34:31.663339+00:00,1285011,021,2738,43,0,1789691782,,,SCHEDULED
2026-09-18T00:34:31.663339+00:00,1286346,061,4811,8,0,1789691756,,,SCHEDULED
2026-09-18T00:34:31.663339+00:00,1286346,061,4810,9,0,1789691816,,,SCHEDULED
2026-09-18T00:34:31.663339+00:00,1286346,061,4266,10,0,1789691867,,,SCHEDULED
2026-09-18T00:34:31.663339+00:00,1286346,061,4267,11,0,1789691918,,,SCHEDULED
2026-09-18T00:34:31.663339+00:00,1286346,061,4268,12,0,1789691955,,,SCHEDULED
2026-09-18T00:34:31.663339+00:00,1286346,061,187,13,0,1789692070,,,SCHEDULED
2026-09-18T00:34:31.663339+00:00,1286346,061,189,14,0,1789692128,,,SCHEDULED
2026-09-18T00:34:31.663339+00:00,1286346,061,1034,15,0,1789692227,,,SCHEDULED
2026-09-18T00:34:31.663339+00:00,1286346,061,1035,16,0,1789692272,,,SCHEDULED
2026-09-18T00:34:31.663339+00:00,1286346,061,6101,17,0,1789692342,,,SCHEDULED
2026-09-18T00:34:31.663339+00:00,1286346,061,2282,18,0,1789692528,,,SCHEDULED
2026-09-18T00:34:31.663339+00:00,1286346,061,2283,19,0,1789692554,,,SCHEDULED
2026-09-18T00:34:31.663339+00:00,1286346,061,2284,20,0,1789692588,,,SCHEDULED
2026-09-18T00:34:31.663339+00:00,1286346,061,2285,21,0,1789692624,,,SCHEDULED
2026-09-18T00:34:31.663339+00:00,1286346,061,2286,22,0,1789692670,,,SCHEDULED
2026-09-18T00:34:31.663339+00:00,1286346,061,2287,23,0,1789692715,,,SCHEDULED
2026-09-18T00:34:31.663339+00:00,1286346,061,2288,24,0,1789692752,,,SCHEDULED
2026-09-18T00:34:31.663339+00:00,1286346,061,2289,25,0,1789692800,,,SCHEDULED
2026-09-18T00:34:31.663339+00:00,1286346,061,2290,26,0,1789692852,,,SCHEDULED
2026-09-18T00:34:31.663339+00:00,1286346,061,2291,27,0,1789692894,,,SCHEDULED
2026-09-18T00:34:31.663339+00:00,1286346,061,2292,28,0,1789693001,,,SCHEDULED
2026-09-18T00:34:31.663339+00:00,1286346,061,2293,29,0,1789693064,,,SCHEDULED
2026-09-18T00:34:31.663339+00:00,1286346,061,2294,30,0,1789693095,,,SCHEDULED
2026-09-18T00:34:31.663339+00:00,1286346,061,2295,31,0,1789693147,,,SCHEDULED
2026-09-18T00:34:31.663339+00:00,1286346,061,2296,32,0,1789693199,,,SCHEDULED
2026-09-18T00:34:31.663339+00:00,1286346,061,2297,33,0,1789693244,,,SCHEDULED
2026-09-18T00:34:31.663339+00:00,1286346,061,2298,34,0,1789693352,,,SCHEDULED
2026-09-18T00:34:31.663339+00:00,1286346,061,2299,35,0,1789693390,,,SCHEDULED
2026-09-18T00:34:31.663339+00:00,1286742,068,2400,55,0,1789691674,,,SCHEDULED
2026-09-18T00:34:31.663339+00:00,1286742,068,2401,56,0,1789691692,,,SCHEDULED
2026-09-18T00:34:31.663339+00:00,1286742,068,2402,57,0,1789691751,,,SCHEDULED
2026-09-18T00:34:31.663339+00:00,1286742,068,2403,58,0,1789691862,,,SCHEDULED
2026-09-18T00:34:31.663339+00:00,1286742,068,2404,59,0,1789691908,,,SCHEDULED
2026-09-18T00:34:31.663339+00:00,1286742,068,2405,60,0,1789691964,,,SCHEDULED
2026-09-18T00:34:31.663339+00:00,1286742,068,2406,61,0,1789692016,,,SCHEDULED
2026-09-18T00:34:31.663339+00:00,1286742,068,2407,62,0,1789692065,,,SCHEDULED
2026-09-18T00:34:31.663339+00:00,1286742,068,2408,63,0,1789692131,,,SCHEDULED
2026-09-18T00:34:31.663339+00:00,1286742,068,2409,64,0,1789692166,,,SCHEDULED
2026-09-18T00:34:31.663339+00:00,1286742,068,2410,65,0,1789692215,,,SCHEDULED
2026-09-18T00:34:31.663339+00:00,1286742,068,3939,66,0,1789692400,,,SCHEDULED
2026-09-18T00:34:31.663339+00:00,1286742,068,5107,67,0,1789692449,,,SCHEDULED
2026-09-18T00:34:31.663339+00:00,1286742,068,4020,68,0,1789692502,,,SCHEDULED
2026-09-18T00:34:31.663339+00:00,1286742,068,4021,69,0,1789692558,,,SCHEDULED
2026-09-18T00:34:31.663339+00:00,1286742,068,4022,70,0,1789692620,,,SCHEDULED
2026-09-18T00:34:31.663339+00:00,1286742,068,242,71,0,1789692722,,,SCHEDULED
2026-09-18T00:34:31.663339+00:00,1286742,068,243,72,0,1789692778,,,SCHEDULED
2026-09-18T00:34:31.663339+00:00,1286742,068,244,73,0,1789692827,,,SCHEDULED
2026-09-18T00:34:31.663339+00:00,1286742,068,1038,74,0,1789692903,,,SCHEDULED
2026-09-18T00:34:31.663339+00:00,1286742,068,4019,75,0,1789692970,,,SCHEDULED
2026-09-18T00:34:31.663339+00:00,1286347,061,2298,34,0,1789691700,,,SCHEDULED
2026-09-18T00:34:31.663339+00:00,1286347,061,2299,35,0,1789691738,,,SCHEDULED
2026-09-18T00:34:31.663339+00:00,1286347,061,2300,36,0,1789691763,,,SCHEDULED
2026-09-18T00:34:31.663339+00:00,1286347,061,2301,37,0,1789691809,,,SCHEDULED
2026-09-18T00:34:31.663339+00:00,1286347,061,2302,38,0,1789691855,,,SCHEDULED
2026-09-18T00:34:31.663339+00:00,1286347,061,2303,39,0,1789691873,,,SCHEDULED
2026-09-18T00:34:31.663339+00:00,1286347,061,2304,40,0,1789691899,,,SCHEDULED
2026-09-18T00:34:31.663339+00:00,1286347,061,2305,41,0,1789691940,,,SCHEDULED
2026-09-18T00:34:31.663339+00:00,1286347,061,2306,42,0,1789691960,,,SCHEDULED
2026-09-18T00:34:31.663339+00:00,1286347,061,2307,43,0,1789691988,,,SCHEDULED
2026-09-18T00:34:31.663339+00:00,1286347,061,2308,44,0,1789692019,,,SCHEDULED
2026-09-18T00:34:31.663339+00:00,1286347,061,2309,45,0,1789692060,,,SCHEDULED
2026-09-18T00:34:31.663339+00:00,1286347,061,1999,46,0,1789692104,,,SCHEDULED
2026-09-18T00:34:31.663339+00:00,1286347,061,1998,47,0,1789692198,,,SCHEDULED
2026-09-18T00:34:31.663339+00:00,1286347,061,2001,48,0,1789692230,,,SCHEDULED
2026-09-18T00:34:31.663339+00:00,1286347,061,2002,49,0,1789692287,,,SCHEDULED
2026-09-18T00:34:31.663339+00:00,1286347,061,2003,50,0,1789692363,,,SCHEDULED
2026-09-18T00:34:31.663339+00:00,1286347,061,2004,51,0,1789692420,,,SCHEDULED
2026-09-18T00:34:31.663339+00:00,1286347,061,2005,52,0,1789692461,,,SCHEDULED
2026-09-18T00:34:31.663339+00:00,1286347,061,2006,53,0,1789692514,,,SCHEDULED
2026-09-18T00:34:31.663339+00:00,1286347,061,2007,54,0,1789692555,,,SCHEDULED
2026-09-18T00:34:31.663339+00:00,1286347,061,2008,55,0,1789692584,,,SCHEDULED
2026-09-18T00:34:31.663339+00:00,1286347,061,2010,56,0,1789692660,,,SCHEDULED
2026-09-18T00:34:31.663339+00:00,1286347,061,2011,57,0,1789692716,,,SCHEDULED
2026-09-18T00:34:31.663339+00:00,1286347,061,2012,58,0,1789692765,,,SCHEDULED
2026-09-18T00:34:31.663339+00:00,1286347,061,2013,59,0,1789692811,,,SCHEDULED
2026-09-18T00:34:31.663339+00:00,1286347,061,2014,60,0,1789692877,,,SCHEDULED
2026-09-18T00:34:31.663339+00:00,1286347,061,2015,61,0,1789692970,,,SCHEDULED
2026-09-18T00:34:31.663339+00:00,1286347,061,2016,62,0,1789693023,,,SCHEDULED
2026-09-18T00:34:31.663339+00:00,1286347,061,2020,63,0,1789693075,,,SCHEDULED
2026-09-18T00:34:31.663339+00:00,1286347,061,2021,64,0,1789693148,,,SCHEDULED
2026-09-18T00:34:31.663339+00:00,1286347,061,3130,65,0,1789693221,,,SCHEDULED
2026-09-18T00:34:31.663339+00:00,1284048,001,565,25,0,1789691710,,,SCHEDULED
2026-09-18T00:34:31.663339+00:00,1284048,001,566,26,0,1789691776,,,SCHEDULED
2026-09-18T00:34:31.663339+00:00,1284048,001,567,27,0,1789691811,,,SCHEDULED
2026-09-18T00:34:31.663339+00:00,1284048,001,568,28,0,1789691900,,,SCHEDULED
2026-09-18T00:34:31.663339+00:00,1284048,001,570,29,0,1789691961,,,SCHEDULED
2026-09-18T00:34:31.663339+00:00,1284048,001,573,30,0,1789692032,,,SCHEDULED
2026-09-18T00:34:31.663339+00:00,1284048,001,3097,31,0,1789692074,,,SCHEDULED
2026-09-18T00:34:31.663339+00:00,1284048,001,3098,32,0,1789692127,,,SCHEDULED
2026-09-18T00:34:31.663339+00:00,1286740,068,1099,1,,,0,1789692049,SCHEDULED
2026-09-18T00:34:31.663339+00:00,1286740,068,2645,2,0,1789692160,,,SCHEDULED
2026-09-18T00:34:31.663339+00:00,1286740,068,2643,3,0,1789692178,,,SCHEDULED
2026-09-18T00:34:31.663339+00:00,1286740,068,2644,4,0,1789692234,,,SCHEDULED
2026-09-18T00:34:31.663339+00:00,1286740,068,2646,5,0,1789692320,,,SCHEDULED
2026-09-18T00:34:31.663339+00:00,1286740,068,2647,6,0,1789692348,,,SCHEDULED
2026-09-18T00:34:31.663339+00:00,1286740,068,2648,7,0,1789693028,,,SCHEDULED
2026-09-18T00:34:31.663339+00:00,1286740,068,5344,8,0,1789693056,,,SCHEDULED
2026-09-18T00:34:31.663339+00:00,1286740,068,2649,9,0,1789693080,,,SCHEDULED
2026-09-18T00:34:31.663339+00:00,1286740,068,2650,10,0,1789693108,,,SCHEDULED
2026-09-18T00:34:31.663339+00:00,1286740,068,2651,11,0,1789693136,,,SCHEDULED
2026-09-18T00:34:31.663339+00:00,1286740,068,2653,12,0,1789693189,,,SCHEDULED
2026-09-18T00:34:31.663339+00:00,1286740,068,2654,13,0,1789693285,,,SCHEDULED
2026-09-18T00:34:31.663339+00:00,1286740,068,9811,14,0,1789693369,,,SCHEDULED
2026-09-18T00:34:31.663339+00:00,1286740,068,880,15,0,1789693455,,,SCHEDULED
2026-09-18T00:34:31.663339+00:00,1287950,088,418,1,,,0,1789692540,SCHEDULED
2026-09-18T00:34:31.663339+00:00,1287950,088,4763,2,0,1789692576,,,SCHEDULED
2026-09-18T00:34:31.663339+00:00,1287950,088,113,3,0,1789692600,,,SCHEDULED
2026-09-18T00:34:31.663339+00:00,1287950,088,525,4,0,1789692639,,,SCHEDULED
2026-09-18T00:34:31.663339+00:00,1287950,088,526,5,0,1789692683,,,SCHEDULED
2026-09-18T00:34:31.663339+00:00,1287950,088,527,6,0,1789692698,,,SCHEDULED
2026-09-18T00:34:31.663339+00:00,1287950,088,528,7,0,1789692713,,,SCHEDULED
2026-09-18T00:34:31.663339+00:00,1287950,088,5252,8,0,1789692772,,,SCHEDULED
2026-09-18T00:34:31.663339+00:00,1287950,088,531,9,0,1789692787,,,SCHEDULED
2026-09-18T00:34:31.663339+00:00,1287950,088,610,10,0,1789693196,,,SCHEDULED
2026-09-18T00:34:31.663339+00:00,1287950,088,611,11,0,1789693218,,,SCHEDULED
2026-09-18T00:34:31.663339+00:00,1287950,088,612,12,0,1789693246,,,SCHEDULED
2026-09-18T00:34:31.663339+00:00,1287950,088,613,13,0,1789693275,,,SCHEDULED
2026-09-18T00:34:31.663339+00:00,1287950,088,614,14,0,1789693320,,,SCHEDULED
2026-09-18T00:34:31.663339+00:00,1286741,068,2664,33,0,1789691683,,,SCHEDULED
2026-09-18T00:34:31.663339+00:00,1286741,068,2665,34,0,1789691738,,,SCHEDULED
2026-09-18T00:34:31.663339+00:00,1286741,068,2666,35,0,1789691778,,,SCHEDULED
2026-09-18T00:34:31.663339+00:00,1286741,068,2667,36,0,1789691830,,,SCHEDULED
2026-09-18T00:34:31.663339+00:00,1286741,068,2670,37,0,1789691918,,,SCHEDULED
2026-09-18T00:34:31.663339+00:00,1286741,068,2671,38,0,1789691949,,,SCHEDULED
2026-09-18T00:34:31.663339+00:00,1286741,068,2672,39,0,1789691983,,,SCHEDULED
2026-09-18T00:34:31.663339+00:00,1286741,068,2675,40,0,1789692035,,,SCHEDULED
2026-09-18T00:34:31.663339+00:00,1286741,068,2676,41,0,1789692075,,,SCHEDULED
2026-09-18T00:34:31.663339+00:00,1286741,068,2679,42,0,1789692098,,,SCHEDULED
2026-09-18T00:34:31.663339+00:00,1286741,068,2680,43,0,1789692141,,,SCHEDULED
2026-09-18T00:34:31.663339+00:00,1286741,068,2681,44,0,1789692167,,,SCHEDULED
2026-09-18T00:34:31.663339+00:00,1286741,068,2678,45,0,1789692224,,,SCHEDULED
2026-09-18T00:34:31.663339+00:00,1286741,068,2682,46,0,1789692250,,,SCHEDULED
2026-09-18T00:34:31.663339+00:00,1286741,068,1857,47,0,1789692428,,,SCHEDULED
2026-09-18T00:34:31.663339+00:00,1286741,068,1858,48,0,1789692465,,,SCHEDULED
2026-09-18T00:34:31.663339+00:00,1286741,068,1859,49,0,1789692569,,,SCHEDULED
2026-09-18T00:34:31.663339+00:00,1286741,068,1860,50,0,1789692638,,,SCHEDULED
2026-09-18T00:34:31.663339+00:00,1286741,068,1861,51,0,1789692661,,,SCHEDULED
2026-09-18T00:34:31.663339+00:00,1286741,068,1862,52,0,1789692712,,,SCHEDULED
2026-09-18T00:34:31.663339+00:00,1286741,068,1863,53,0,1789692778,,,SCHEDULED
2026-09-18T00:34:31.663339+00:00,1286741,068,2399,54,0,1789692941,,,SCHEDULED
2026-09-18T00:34:31.663339+00:00,1286741,068,2400,55,0,1789692981,,,SCHEDULED
2026-09-18T00:34:31.663339+00:00,1286741,068,2401,56,0,1789692999,,,SCHEDULED
2026-09-18T00:34:31.663339+00:00,1286741,068,2402,57,0,1789693058,,,SCHEDULED
2026-09-18T00:34:31.663339+00:00,1286741,068,2403,58,0,1789693169,,,SCHEDULED
2026-09-18T00:34:31.663339+00:00,1286741,068,2404,59,0,1789693215,,,SCHEDULED
2026-09-18T00:34:31.663339+00:00,1286741,068,2405,60,0,1789693271,,,SCHEDULED
2026-09-18T00:34:31.663339+00:00,1286741,068,2406,61,0,1789693323,,,SCHEDULED
2026-09-18T00:34:31.663339+00:00,1286741,068,2407,62,0,1789693372,,,SCHEDULED
2026-09-18T00:34:31.663339+00:00,1286345,061,4140,1,,,0,1789693200,SCHEDULED
2026-09-18T00:34:31.663339+00:00,1286345,061,4361,2,0,1789693266,,,SCHEDULED
2026-09-18T00:34:31.663339+00:00,1286345,061,4362,3,0,1789693301,,,SCHEDULED
2026-09-18T00:34:31.663339+00:00,1286345,061,4360,4,0,1789693334,,,SCHEDULED
2026-09-18T00:34:31.663339+00:00,1286345,061,4363,5,0,1789693370,,,SCHEDULED
2026-09-18T00:34:31.663339+00:00,1286345,061,4364,6,0,1789693427,,,SCHEDULED
2026-09-18T00:34:31.663339+00:00,1284047,001,3098,32,0,1789691677,,,SCHEDULED
2026-09-18T00:34:31.663339+00:00,1287951,088,610,10,0,1789691965,,,SCHEDULED
2026-09-18T00:34:31.663339+00:00,1287951,088,611,11,0,1789691987,,,SCHEDULED
2026-09-18T00:34:31.663339+00:00,1287951,088,612,12,0,1789692015,,,SCHEDULED
2026-09-18T00:34:31.663339+00:00,1287951,088,613,13,0,1789692044,,,SCHEDULED
2026-09-18T00:34:31.663339+00:00,1287951,088,614,14,0,1789692089,,,SCHEDULED
2026-09-18T00:34:31.663339+00:00,1287951,088,615,15,0,1789692250,,,SCHEDULED
2026-09-18T00:34:31.663339+00:00,1287951,088,616,16,0,1789692282,,,SCHEDULED
2026-09-18T00:34:31.663339+00:00,1287951,088,617,17,0,1789692321,,,SCHEDULED
2026-09-18T00:34:31.663339+00:00,1287951,088,618,18,0,1789692364,,,SCHEDULED
2026-09-18T00:34:31.663339+00:00,1287951,088,619,19,0,1789692417,,,SCHEDULED
2026-09-18T00:34:31.663339+00:00,1287951,088,620,20,0,1789692451,,,SCHEDULED
2026-09-18T00:34:31.663339+00:00,1287951,088,621,21,0,1789692501,,,SCHEDULED
2026-09-18T00:34:31.663339+00:00,1287951,088,622,22,0,1789692554,,,SCHEDULED
2026-09-18T00:34:31.663339+00:00,1287951,088,623,23,0,1789692581,,,SCHEDULED
2026-09-18T00:34:31.663339+00:00,1287951,088,624,24,0,1789692629,,,SCHEDULED
2026-09-18T00:34:31.663339+00:00,1287951,088,625,25,0,1789692688,,,SCHEDULED
2026-09-18T00:34:31.663339+00:00,1287951,088,626,26,0,1789692761,,,SCHEDULED
2026-09-18T00:34:31.663339+00:00,1287951,088,5271,27,0,1789692847,,,SCHEDULED
2026-09-18T00:34:31.663339+00:00,1288401,176,658,1,,,0,1789692080,SCHEDULED
2026-09-18T00:34:31.663339+00:00,1288401,176,832,2,0,1789692205,,,SCHEDULED
2026-09-18T00:34:31.663339+00:00,1288401,176,3845,3,0,1789692231,,,SCHEDULED
2026-09-18T00:34:31.663339+00:00,1288401,176,795,4,0,1789692313,,,SCHEDULED
2026-09-18T00:34:31.663339+00:00,1288401,176,870,5,0,1789692407,,,SCHEDULED
2026-09-18T00:34:31.663339+00:00,1288401,176,659,6,0,1789693040,,,SCHEDULED
2026-09-18T00:34:31.663339+00:00,1288401,176,959,7,0,1789693137,,,SCHEDULED
2026-09-18T00:34:31.663339+00:00,1288401,176,970,8,0,1789693269,,,SCHEDULED
2026-09-18T00:34:31.663339+00:00,1288401,176,972,9,0,1789693422,,,SCHEDULED
2026-09-18T00:34:31.663339+00:00,1285898,051,3131,1,,,0,1789692300,SCHEDULED
2026-09-18T00:34:31.663339+00:00,1285898,051,1884,2,0,1789692380,,,SCHEDULED
2026-09-18T00:34:31.663339+00:00,1285898,051,1885,3,0,1789692468,,,SCHEDULED
2026-09-18T00:34:31.663339+00:00,1285898,051,1887,4,0,1789692558,,,SCHEDULED
2026-09-18T00:34:31.663339+00:00,1285898,051,1888,5,0,1789692594,,,SCHEDULED
2026-09-18T00:34:31.663339+00:00,1285898,051,1889,6,0,1789692668,,,SCHEDULED
2026-09-18T00:34:31.663339+00:00,1285898,051,1890,7,0,1789692720,,,SCHEDULED
2026-09-18T00:34:31.663339+00:00,1285898,051,1891,8,0,1789692772,,,SCHEDULED
2026-09-18T00:34:31.663339+00:00,1285898,051,1892,9,0,1789692840,,,SCHEDULED
2026-09-18T00:34:31.663339+00:00,1285898,051,1893,10,0,1789692873,,,SCHEDULED
2026-09-18T00:34:31.663339+00:00,1285898,051,1894,11,0,1789692920,,,SCHEDULED
2026-09-18T00:34:31.663339+00:00,1285898,051,1895,12,0,1789692969,,,SCHEDULED
2026-09-18T00:34:31.663339+00:00,1285898,051,1896,13,0,1789693000,,,SCHEDULED
2026-09-18T00:34:31.663339+00:00,1285898,051,1898,14,0,1789693065,,,SCHEDULED
2026-09-18T00:34:31.663339+00:00,1285898,051,1899,15,0,1789693108,,,SCHEDULED
2026-09-18T00:34:31.663339+00:00,1285898,051,1901,16,0,1789693151,,,SCHEDULED
2026-09-18T00:34:31.663339+00:00,1285898,051,1902,17,0,1789693188,,,SCHEDULED
2026-09-18T00:34:31.663339+00:00,1285898,051,1904,18,0,1789693260,,,SCHEDULED
2026-09-18T00:34:31.663339+00:00,1285898,051,1905,19,0,1789693304,,,SCHEDULED
2026-09-18T00:34:31.663339+00:00,1285898,051,1906,20,0,1789693352,,,SCHEDULED
2026-09-18T00:34:31.663339+00:00,1285898,051,1907,21,0,1789693400,,,SCHEDULED
2026-09-18T00:34:31.663339+00:00,1285898,051,1908,22,0,1789693436,,,SCHEDULED
2026-09-18T00:34:31.663339+00:00,1285777,038,3651,4,0,1789691697,,,SCHEDULED
2026-09-18T00:34:31.663339+00:00,1285777,038,3652,5,0,1789691751,,,SCHEDULED
2026-09-18T00:34:31.663339+00:00,1285777,038,3653,6,0,1789691792,,,SCHEDULED
2026-09-18T00:34:31.663339+00:00,1285777,038,3654,7,0,1789691834,,,SCHEDULED
2026-09-18T00:34:31.663339+00:00,1285777,038,3655,8,0,1789691888,,,SCHEDULED
2026-09-18T00:34:31.663339+00:00,1285777,038,3656,9,0,1789691946,,,SCHEDULED
2026-09-18T00:34:31.663339+00:00,1285777,038,3657,10,0,1789692004,,,SCHEDULED
2026-09-18T00:34:31.663339+00:00,1285777,038,1807,11,0,1789692079,,,SCHEDULED
2026-09-18T00:34:31.663339+00:00,1285777,038,1808,12,0,1789692142,,,SCHEDULED
2026-09-18T00:34:31.663339+00:00,1285777,038,1809,13,0,1789692183,,,SCHEDULED
2026-09-18T00:34:31.663339+00:00,1285777,038,1810,14,0,1789692245,,,SCHEDULED
2026-09-18T00:34:31.663339+00:00,1285777,038,1811,15,0,1789692300,,,SCHEDULED
2026-09-18T00:34:31.663339+00:00,1285777,038,938,16,0,1789692416,,,SCHEDULED
2026-09-18T00:34:31.663339+00:00,1285777,038,940,17,0,1789692472,,,SCHEDULED
2026-09-18T00:34:31.663339+00:00,1285777,038,941,18,0,1789692502,,,SCHEDULED
2026-09-18T00:34:31.663339+00:00,1285777,038,2633,19,0,1789692566,,,SCHEDULED
2026-09-18T00:34:31.663339+00:00,1285777,038,9812,20,0,1789692600,,,SCHEDULED
2026-09-18T00:34:31.663339+00:00,1285777,038,2629,21,0,1789692638,,,SCHEDULED
2026-09-18T00:34:31.663339+00:00,1285777,038,2634,22,0,1789692669,,,SCHEDULED
2026-09-18T00:34:31.663339+00:00,1285777,038,2635,23,0,1789692720,,,SCHEDULED
2026-09-18T00:34:31.663339+00:00,1285777,038,1707,24,0,1789692840,,,SCHEDULED
2026-09-18T00:34:31.663339+00:00,1285777,038,1708,25,0,1789692877,,,SCHEDULED
2026-09-18T00:34:31.663339+00:00,1285777,038,1709,26,0,1789692921,,,SCHEDULED
2026-09-18T00:34:31.663339+00:00,1285777,038,1710,27,0,1789692977,,,SCHEDULED
2026-09-18T00:34:31.663339+00:00,1285777,038,1711,28,0,1789693025,,,SCHEDULED
2026-09-18T00:34:31.663339+00:00,1285777,038,519,29,0,1789693051,,,SCHEDULED
2026-09-18T00:34:31.663339+00:00,1285777,038,521,30,0,1789693099,,,SCHEDULED
2026-09-18T00:34:31.663339+00:00,1285777,038,522,31,0,1789693165,,,SCHEDULED
2026-09-18T00:34:31.663339+00:00,1285777,038,525,32,0,1789693262,,,SCHEDULED
2026-09-18T00:34:31.663339+00:00,1285777,038,526,33,0,1789693380,,,SCHEDULED
2026-09-18T00:34:31.663339+00:00,1285777,038,527,34,0,1789693410,,,SCHEDULED
2026-09-18T00:34:31.663339+00:00,1285777,038,528,35,0,1789693440,,,SCHEDULED
2026-09-18T00:34:31.663339+00:00,1284049,001,1196,11,0,1789691670,,,SCHEDULED
2026-09-18T00:34:31.663339+00:00,1284049,001,1197,12,0,1789691717,,,SCHEDULED
2026-09-18T00:34:31.663339+00:00,1284049,001,1198,13,0,1789691746,,,SCHEDULED
2026-09-18T00:34:31.663339+00:00,1284049,001,3348,14,0,1789691833,,,SCHEDULED
2026-09-18T00:34:31.663339+00:00,1284049,001,3349,15,0,1789691939,,,SCHEDULED
2026-09-18T00:34:31.663339+00:00,1284049,001,3350,16,0,1789692000,,,SCHEDULED
2026-09-18T00:34:31.663339+00:00,1284049,001,3351,17,0,1789692056,,,SCHEDULED
2026-09-18T00:34:31.663339+00:00,1284049,001,3352,18,0,1789692120,,,SCHEDULED
2026-09-18T00:34:31.663339+00:00,1284049,001,3353,19,0,1789692173,,,SCHEDULED
2026-09-18T00:34:31.663339+00:00,1284049,001,3354,20,0,1789692221,,,SCHEDULED
2026-09-18T00:34:31.663339+00:00,1284049,001,3355,21,0,1789692285,,,SCHEDULED
2026-09-18T00:34:31.663339+00:00,1284049,001,3356,22,0,1789692346,,,SCHEDULED
2026-09-18T00:34:31.663339+00:00,1284049,001,3357,23,0,1789692378,,,SCHEDULED
2026-09-18T00:34:31.663339+00:00,1284049,001,563,24,0,1789692493,,,SCHEDULED
2026-09-18T00:34:31.663339+00:00,1284049,001,565,25,0,1789692563,,,SCHEDULED
2026-09-18T00:34:31.663339+00:00,1284049,001,566,26,0,1789692629,,,SCHEDULED
2026-09-18T00:34:31.663339+00:00,1284049,001,567,27,0,1789692664,,,SCHEDULED
2026-09-18T00:34:31.663339+00:00,1284049,001,568,28,0,1789692753,,,SCHEDULED
2026-09-18T00:34:31.663339+00:00,1284049,001,570,29,0,1789692814,,,SCHEDULED
2026-09-18T00:34:31.663339+00:00,1284049,001,573,30,0,1789692885,,,SCHEDULED
2026-09-18T00:34:31.663339+00:00,1284049,001,3097,31,0,1789692927,,,SCHEDULED
2026-09-18T00:34:31.663339+00:00,1284049,001,3098,32,0,1789692980,,,SCHEDULED
2026-09-18T00:34:31.663339+00:00,1285897,051,3131,1,,,0,1789693200,SCHEDULED
2026-09-18T00:34:31.663339+00:00,1285897,051,1884,2,0,1789693280,,,SCHEDULED
2026-09-18T00:34:31.663339+00:00,1285897,051,1885,3,0,1789693368,,,SCHEDULED
2026-09-18T00:34:31.663339+00:00,1285899,051,1888,5,0,1789691673,,,SCHEDULED
2026-09-18T00:34:31.663339+00:00,1285899,051,1889,6,0,1789691747,,,SCHEDULED
2026-09-18T00:34:31.663339+00:00,1285899,051,1890,7,0,1789691799,,,SCHEDULED
2026-09-18T00:34:31.663339+00:00,1285899,051,1891,8,0,1789691851,,,SCHEDULED
2026-09-18T00:34:31.663339+00:00,1285899,051,1892,9,0,1789691919,,,SCHEDULED
2026-09-18T00:34:31.663339+00:00,1285899,051,1893,10,0,1789691952,,,SCHEDULED
2026-09-18T00:34:31.663339+00:00,1285899,051,1894,11,0,1789691999,,,SCHEDULED
2026-09-18T00:34:31.663339+00:00,1285899,051,1895,12,0,1789692048,,,SCHEDULED
2026-09-18T00:34:31.663339+00:00,1285899,051,1896,13,0,1789692079,,,SCHEDULED
2026-09-18T00:34:31.663339+00:00,1285899,051,1898,14,0,1789692144,,,SCHEDULED
2026-09-18T00:34:31.663339+00:00,1285899,051,1899,15,0,1789692187,,,SCHEDULED
2026-09-18T00:34:31.663339+00:00,1285899,051,1901,16,0,1789692230,,,SCHEDULED
2026-09-18T00:34:31.663339+00:00,1285899,051,1902,17,0,1789692267,,,SCHEDULED
2026-09-18T00:34:31.663339+00:00,1285899,051,1904,18,0,1789692339,,,SCHEDULED
2026-09-18T00:34:31.663339+00:00,1285899,051,1905,19,0,1789692383,,,SCHEDULED
2026-09-18T00:34:31.663339+00:00,1285899,051,1906,20,0,1789692431,,,SCHEDULED
2026-09-18T00:34:31.663339+00:00,1285899,051,1907,21,0,1789692479,,,SCHEDULED
2026-09-18T00:34:31.663339+00:00,1285899,051,1908,22,0,1789692515,,,SCHEDULED
2026-09-18T00:34:31.663339+00:00,1285899,051,1911,23,0,1789692607,,,SCHEDULED
2026-09-18T00:34:31.663339+00:00,1285899,051,1913,24,0,1789692704,,,SCHEDULED
2026-09-18T00:34:31.663339+00:00,1285899,051,1914,25,0,1789692761,,,SCHEDULED
2026-09-18T00:34:31.663339+00:00,1285899,051,1915,26,0,1789692819,,,SCHEDULED
2026-09-18T00:34:31.663339+00:00,1285899,051,1916,27,0,1789692872,,,SCHEDULED
2026-09-18T00:34:31.663339+00:00,1285899,051,1917,28,0,1789692922,,,SCHEDULED
2026-09-18T00:34:31.663339+00:00,1285899,051,1918,29,0,1789692984,,,SCHEDULED
2026-09-18T00:34:31.663339+00:00,1285899,051,1919,30,0,1789693030,,,SCHEDULED
2026-09-18T00:34:31.663339+00:00,1285899,051,1920,31,0,1789693053,,,SCHEDULED
2026-09-18T00:34:31.663339+00:00,1285899,051,1921,32,0,1789693083,,,SCHEDULED
2026-09-18T00:34:31.663339+00:00,1285899,051,1922,33,0,1789693122,,,SCHEDULED
2026-09-18T00:34:31.663339+00:00,1285899,051,1923,34,0,1789693149,,,SCHEDULED
2026-09-18T00:34:31.663339+00:00,1285899,051,1924,35,0,1789693199,,,SCHEDULED
2026-09-18T00:34:31.663339+00:00,1285899,051,1925,36,0,1789693249,,,SCHEDULED
2026-09-18T00:34:31.663339+00:00,1285899,051,1926,37,0,1789693299,,,SCHEDULED
2026-09-18T00:34:31.663339+00:00,1285899,051,1940,38,0,1789693321,,,SCHEDULED
2026-09-18T00:34:31.663339+00:00,1285899,051,320,39,0,1789693357,,,SCHEDULED
2026-09-18T00:34:31.663339+00:00,1285899,051,1209,40,0,1789693379,,,SCHEDULED
2026-09-18T00:34:31.663339+00:00,1285899,051,321,41,0,1789693405,,,SCHEDULED
2026-09-18T00:34:31.663339+00:00,1285778,038,1711,28,0,1789691686,,,SCHEDULED
2026-09-18T00:34:31.663339+00:00,1285778,038,519,29,0,1789691715,,,SCHEDULED
2026-09-18T00:34:31.663339+00:00,1285778,038,521,30,0,1789691768,,,SCHEDULED
2026-09-18T00:34:31.663339+00:00,1285778,038,522,31,0,1789691841,,,SCHEDULED
2026-09-18T00:34:31.663339+00:00,1285778,038,525,32,0,1789691947,,,SCHEDULED
2026-09-18T00:34:31.663339+00:00,1285778,038,526,33,0,1789692077,,,SCHEDULED
2026-09-18T00:34:31.663339+00:00,1285778,038,527,34,0,1789692110,,,SCHEDULED
2026-09-18T00:34:31.663339+00:00,1285778,038,528,35,0,1789692143,,,SCHEDULED
2026-09-18T00:34:31.663339+00:00,1285778,038,5252,36,0,1789692260,,,SCHEDULED
2026-09-18T00:34:31.663339+00:00,1285778,038,281,37,0,1789692366,,,SCHEDULED
2026-09-18T00:34:31.663339+00:00,1285418,026,3052,1,,,0,1789693440,SCHEDULED
2026-09-18T00:34:31.663339+00:00,1285419,026,3054,2,0,1789691727,,,SCHEDULED
2026-09-18T00:34:31.663339+00:00,1285419,026,3055,3,0,1789691783,,,SCHEDULED
2026-09-18T00:34:31.663339+00:00,1285419,026,3056,4,0,1789691832,,,SCHEDULED
2026-09-18T00:34:31.663339+00:00,1285419,026,3057,5,0,1789691864,,,SCHEDULED
2026-09-18T00:34:31.663339+00:00,1285419,026,3058,6,0,1789691915,,,SCHEDULED
2026-09-18T00:34:31.663339+00:00,1285419,026,3059,7,0,1789691959,,,SCHEDULED
2026-09-18T00:34:31.663339+00:00,1285419,026,3060,8,0,1789692018,,,SCHEDULED
2026-09-18T00:34:31.663339+00:00,1285419,026,3061,9,0,1789692068,,,SCHEDULED
2026-09-18T00:34:31.663339+00:00,1285419,026,3062,10,0,1789692127,,,SCHEDULED
2026-09-18T00:34:31.663339+00:00,1285419,026,3063,11,0,1789692195,,,SCHEDULED
2026-09-18T00:34:31.663339+00:00,1285419,026,3064,12,0,1789692251,,,SCHEDULED
2026-09-18T00:34:31.663339+00:00,1285419,026,3065,13,0,1789692286,,,SCHEDULED
2026-09-18T00:34:31.663339+00:00,1285419,026,3066,14,0,1789692325,,,SCHEDULED
2026-09-18T00:34:31.663339+00:00,1285419,026,629,15,0,1789692428,,,SCHEDULED
2026-09-18T00:34:31.663339+00:00,1285419,026,651,16,0,1789692529,,,SCHEDULED
2026-09-18T00:34:31.663339+00:00,1285419,026,544,17,0,1789692618,,,SCHEDULED
2026-09-18T00:34:31.663339+00:00,1285419,026,3049,18,0,1789692913,,,SCHEDULED
2026-09-18T00:34:31.663339+00:00,1285419,026,3070,19,0,1789692978,,,SCHEDULED
2026-09-18T00:34:31.663339+00:00,1285419,026,3071,20,0,1789693043,,,SCHEDULED
2026-09-18T00:34:31.663339+00:00,1285419,026,3072,21,0,1789693096,,,SCHEDULED
2026-09-18T00:34:31.663339+00:00,1285419,026,9801,22,0,1789693218,,,SCHEDULED
2026-09-18T00:34:31.663339+00:00,1285419,026,3073,23,0,1789693255,,,SCHEDULED
2026-09-18T00:34:31.663339+00:00,1285419,026,1518,24,0,1789693333,,,SCHEDULED
2026-09-18T00:34:31.663339+00:00,1285419,026,1519,25,0,1789693454,,,SCHEDULED
2026-09-18T00:34:31.663339+00:00,1285807,038,282,1,,,,,NO_DATA
2026-09-18T00:34:31.663339+00:00,1285928,051,1924,35,0,1789691683,,,SCHEDULED
2026-09-18T00:34:31.663339+00:00,1285928,051,1925,36,0,1789691733,,,SCHEDULED
2026-09-18T00:34:31.663339+00:00,1285928,051,1926,37,0,1789691783,,,SCHEDULED
2026-09-18T00:34:31.663339+00:00,1285928,051,1940,38,0,1789691816,,,SCHEDULED
2026-09-18T00:34:31.663339+00:00,1285928,051,320,39,0,1789691870,,,SCHEDULED
2026-09-18T00:34:31.663339+00:00,1285928,051,1209,40,0,1789691904,,,SCHEDULED
2026-09-18T00:34:31.663339+00:00,1285928,051,321,41,0,1789691942,,,SCHEDULED
2026-09-18T00:34:31.663339+00:00,1285928,051,322,42,0,1789692009,,,SCHEDULED
2026-09-18T00:34:31.663339+00:00,1285928,051,324,43,0,1789692143,,,SCHEDULED
2026-09-18T00:34:31.663339+00:00,1285928,051,325,44,0,1789692176,,,SCHEDULED
2026-09-18T00:34:31.663339+00:00,1285928,051,327,46,0,1789692243,,,SCHEDULED
2026-09-18T00:34:31.663339+00:00,1285928,051,328,47,0,1789692272,,,SCHEDULED
2026-09-18T00:34:31.663339+00:00,1285928,051,329,48,0,1789692323,,,SCHEDULED
2026-09-18T00:34:31.663339+00:00,1285928,051,330,49,0,1789692470,,,SCHEDULED
2026-09-18T00:34:31.663339+00:00,1285928,051,331,50,0,1789692561,,,SCHEDULED
2026-09-18T00:34:31.663339+00:00,1285806,038,282,1,,,0,1789692840,SCHEDULED
2026-09-18T00:34:31.663339+00:00,1285806,038,414,2,0,1789693091,,,SCHEDULED
2026-09-18T00:34:31.663339+00:00,1285806,038,415,3,0,1789693140,,,SCHEDULED
2026-09-18T00:34:31.663339+00:00,1285806,038,416,4,0,1789693173,,,SCHEDULED
2026-09-18T00:34:31.663339+00:00,1285806,038,418,5,0,1789693239,,,SCHEDULED
2026-09-18T00:34:31.663339+00:00,1285806,038,4763,6,0,1789693314,,,SCHEDULED
2026-09-18T00:34:31.663339+00:00,1285806,038,1716,7,0,1789693368,,,SCHEDULED
2026-09-18T00:34:31.663339+00:00,1285806,038,1717,8,0,1789693409,,,SCHEDULED
2026-09-18T00:34:31.663339+00:00,1286180,056,906,1,,,0,1789693441,SCHEDULED
2026-09-18T00:34:31.663339+00:00,1288081,093,3504,8,0,1789691803,,,SCHEDULED
2026-09-18T00:34:31.663339+00:00,1288081,093,3505,9,0,1789691882,,,SCHEDULED
2026-09-18T00:34:31.663339+00:00,1288081,093,3520,10,0,1789691945,,,SCHEDULED
2026-09-18T00:34:31.663339+00:00,1288081,093,3521,11,0,1789691968,,,SCHEDULED
2026-09-18T00:34:31.663339+00:00,1288081,093,3522,12,0,1789691995,,,SCHEDULED
2026-09-18T00:34:31.663339+00:00,1288081,093,3523,13,0,1789692017,,,SCHEDULED
2026-09-18T00:34:31.663339+00:00,1288081,093,3524,14,0,1789692046,,,SCHEDULED
2026-09-18T00:34:31.663339+00:00,1288081,093,3526,15,0,1789692114,,,SCHEDULED
2026-09-18T00:34:31.663339+00:00,1288081,093,3527,16,0,1789692157,,,SCHEDULED
2026-09-18T00:34:31.663339+00:00,1288081,093,3530,17,0,1789692276,,,SCHEDULED
2026-09-18T00:34:31.663339+00:00,1288081,093,3531,18,0,1789692316,,,SCHEDULED
2026-09-18T00:34:31.663339+00:00,1288081,093,3532,19,0,1789692340,,,SCHEDULED
2026-09-18T00:34:31.663339+00:00,1288081,093,3533,20,0,1789692386,,,SCHEDULED
2026-09-18T00:34:31.663339+00:00,1288081,093,5346,21,0,1789692425,,,SCHEDULED
2026-09-18T00:34:31.663339+00:00,1288081,093,3534,22,0,1789692443,,,SCHEDULED
2026-09-18T00:34:31.663339+00:00,1288081,093,3535,23,0,1789692475,,,SCHEDULED
2026-09-18T00:34:31.663339+00:00,1288081,093,3536,24,0,1789692512,,,SCHEDULED
2026-09-18T00:34:31.663339+00:00,1288081,093,3537,25,0,1789692539,,,SCHEDULED
2026-09-18T00:34:31.663339+00:00,1288081,093,9933,26,0,1789692725,,,SCHEDULED
2026-09-18T00:34:31.663339+00:00,1288081,093,669,27,0,1789692822,,,SCHEDULED
2026-09-18T00:34:31.663339+00:00,1288081,093,4742,28,0,1789692881,,,SCHEDULED
2026-09-18T00:34:31.663339+00:00,1288081,093,4745,29,0,1789692957,,,SCHEDULED
2026-09-18T00:34:31.663339+00:00,1288081,093,4618,30,0,1789693059,,,SCHEDULED
2026-09-18T00:34:31.663339+00:00,1288081,093,4619,31,0,1789693135,,,SCHEDULED
2026-09-18T00:34:31.663339+00:00,1288081,093,3381,32,0,1789693250,,,SCHEDULED
2026-09-18T00:34:31.663339+00:00,1288081,093,3382,33,0,1789693289,,,SCHEDULED
2026-09-18T00:34:31.663339+00:00,1288081,093,3383,34,0,1789693368,,,SCHEDULED
2026-09-18T00:34:31.663339+00:00,1288081,093,3389,35,0,1789693446,,,SCHEDULED
2026-09-18T00:34:31.663339+00:00,1287790,087,3903,14,0,1789691672,,,SCHEDULED
2026-09-18T00:34:31.663339+00:00,1287790,087,3904,15,0,1789691728,,,SCHEDULED
2026-09-18T00:34:31.663339+00:00,1287790,087,3905,16,0,1789691823,,,SCHEDULED
2026-09-18T00:34:31.663339+00:00,1287790,087,1254,17,0,1789691914,,,SCHEDULED
2026-09-18T00:34:31.663339+00:00,1287790,087,1262,18,0,1789692014,,,SCHEDULED
2026-09-18T00:34:31.663339+00:00,1286580,067,1087,61,0,1789691690,,,SCHEDULED
2026-09-18T00:34:31.663339+00:00,1286580,067,2642,62,0,1789691722,,,SCHEDULED
2026-09-18T00:34:31.663339+00:00,1286581,067,2607,30,0,1789691675,,,SCHEDULED
2026-09-18T00:34:31.663339+00:00,1286581,067,2608,31,0,1789691732,,,SCHEDULED
2026-09-18T00:34:31.663339+00:00,1286581,067,2609,32,0,1789691807,,,SCHEDULED
2026-09-18T00:34:31.663339+00:00,1286581,067,2613,33,0,1789691839,,,SCHEDULED
2026-09-18T00:34:31.663339+00:00,1286581,067,2614,34,0,1789691890,,,SCHEDULED
2026-09-18T00:34:31.663339+00:00,1286581,067,2615,35,0,1789691942,,,SCHEDULED
2026-09-18T00:34:31.663339+00:00,1286581,067,601,36,0,1789691981,,,SCHEDULED
2026-09-18T00:34:31.663339+00:00,1286581,067,2617,37,0,1789692039,,,SCHEDULED
2026-09-18T00:34:31.663339+00:00,1286581,067,2620,38,0,1789692155,,,SCHEDULED
2026-09-18T00:34:31.663339+00:00,1286581,067,2621,39,0,1789692185,,,SCHEDULED
2026-09-18T00:34:31.663339+00:00,1286581,067,2622,40,0,1789692215,,,SCHEDULED
2026-09-18T00:34:31.663339+00:00,1286581,067,2623,41,0,1789692268,,,SCHEDULED
2026-09-18T00:34:31.663339+00:00,1286581,067,2624,42,0,1789692321,,,SCHEDULED
2026-09-18T00:34:31.663339+00:00,1286581,067,2625,43,0,1789692341,,,SCHEDULED
2026-09-18T00:34:31.663339+00:00,1286581,067,2626,44,0,1789692378,,,SCHEDULED
2026-09-18T00:34:31.663339+00:00,1286581,067,2627,45,0,1789692458,,,SCHEDULED
2026-09-18T00:34:31.663339+00:00,1286581,067,2628,46,0,1789692501,,,SCHEDULED
2026-09-18T00:34:31.663339+00:00,1286581,067,2630,47,0,1789692575,,,SCHEDULED
2026-09-18T00:34:31.663339+00:00,1286581,067,2631,48,0,1789692647,,,SCHEDULED
2026-09-18T00:34:31.663339+00:00,1286581,067,2632,49,0,1789692695,,,SCHEDULED
2026-09-18T00:34:31.663339+00:00,1286581,067,2633,50,0,1789692821,,,SCHEDULED
2026-09-18T00:34:31.663339+00:00,1286581,067,9812,51,0,1789692875,,,SCHEDULED
2026-09-18T00:34:31.663339+00:00,1286581,067,2629,52,0,1789692913,,,SCHEDULED
2026-09-18T00:34:31.663339+00:00,1286581,067,2634,53,0,1789692944,,,SCHEDULED
2026-09-18T00:34:31.663339+00:00,1286581,067,2635,54,0,1789692995,,,SCHEDULED
2026-09-18T00:34:31.663339+00:00,1286581,067,2636,55,0,1789693009,,,SCHEDULED
2026-09-18T00:34:31.663339+00:00,1286581,067,2637,56,0,1789693024,,,SCHEDULED
2026-09-18T00:34:31.663339+00:00,1286581,067,2638,57,0,1789693059,,,SCHEDULED
2026-09-18T00:34:31.663339+00:00,1286581,067,2639,58,0,1789693116,,,SCHEDULED
2026-09-18T00:34:31.663339+00:00,1286991,075,1419,9,0,1789691678,,,SCHEDULED
2026-09-18T00:34:31.663339+00:00,1286991,075,9922,10,0,1789691755,,,SCHEDULED
2026-09-18T00:34:31.663339+00:00,1286991,075,1399,11,0,1789691823,,,SCHEDULED
2026-09-18T00:34:31.663339+00:00,1286991,075,1397,12,0,1789691875,,,SCHEDULED
2026-09-18T00:34:31.663339+00:00,1286991,075,9928,13,0,1789691956,,,SCHEDULED
2026-09-18T00:34:31.663339+00:00,1286991,075,3802,14,0,1789692016,,,SCHEDULED
2026-09-18T00:34:31.663339+00:00,1286991,075,3852,15,0,1789692047,,,SCHEDULED
2026-09-18T00:34:31.663339+00:00,1285141,023,1363,31,0,1789691676,,,SCHEDULED
2026-09-18T00:34:31.663339+00:00,1285141,023,1139,32,0,1789691720,,,SCHEDULED
2026-09-18T00:34:31.663339+00:00,1285141,023,1365,33,0,1789691756,,,SCHEDULED
2026-09-18T00:34:31.663339+00:00,1285141,023,1366,34,0,1789691783,,,SCHEDULED
2026-09-18T00:34:31.663339+00:00,1285141,023,1367,35,0,1789691822,,,SCHEDULED
2026-09-18T00:34:31.663339+00:00,1285141,023,1368,36,0,1789691848,,,SCHEDULED
2026-09-18T00:34:31.663339+00:00,1285141,023,1369,37,0,1789691900,,,SCHEDULED
2026-09-18T00:34:31.663339+00:00,1285141,023,1370,38,0,1789691925,,,SCHEDULED
2026-09-18T00:34:31.663339+00:00,1285141,023,1372,39,0,1789691987,,,SCHEDULED
2026-09-18T00:34:31.663339+00:00,1285141,023,1373,40,0,1789692023,,,SCHEDULED
2026-09-18T00:34:31.663339+00:00,1285141,023,1374,41,0,1789692068,,,SCHEDULED
2026-09-18T00:34:31.663339+00:00,1285141,023,1375,42,0,1789692100,,,SCHEDULED
2026-09-18T00:34:31.663339+00:00,1285141,023,1376,43,0,1789692123,,,SCHEDULED
2026-09-18T00:34:31.663339+00:00,1285141,023,1377,44,0,1789692158,,,SCHEDULED
2026-09-18T00:34:31.663339+00:00,1285141,023,1378,45,0,1789692185,,,SCHEDULED
2026-09-18T00:34:31.663339+00:00,1285141,023,1380,46,0,1789692216,,,SCHEDULED
2026-09-18T00:34:31.663339+00:00,1285141,023,1381,47,0,1789692250,,,SCHEDULED
2026-09-18T00:34:31.663339+00:00,1285141,023,1382,48,0,1789692322,,,SCHEDULED
2026-09-18T00:34:31.663339+00:00,1285141,023,1383,49,0,1789692356,,,SCHEDULED
2026-09-18T00:34:31.663339+00:00,1285141,023,1384,50,0,1789692432,,,SCHEDULED
2026-09-18T00:34:31.663339+00:00,1285141,023,1385,51,0,1789692455,,,SCHEDULED
2026-09-18T00:34:31.663339+00:00,1285141,023,1386,52,0,1789692516,,,SCHEDULED
2026-09-18T00:34:31.663339+00:00,1285141,023,1387,53,0,1789692568,,,SCHEDULED
2026-09-18T00:34:31.663339+00:00,1285141,023,1388,54,0,1789692629,,,SCHEDULED
2026-09-18T00:34:31.663339+00:00,1285141,023,1389,55,0,1789692693,,,SCHEDULED
2026-09-18T00:34:31.663339+00:00,1285141,023,1390,56,0,1789692751,,,SCHEDULED
2026-09-18T00:34:31.663339+00:00,1285141,023,1391,57,0,1789692788,,,SCHEDULED
2026-09-18T00:34:31.663339+00:00,1285141,023,1392,58,0,1789692840,,,SCHEDULED
2026-09-18T00:34:31.663339+00:00,1285141,023,1393,59,0,1789692874,,,SCHEDULED
2026-09-18T00:34:31.663339+00:00,1285141,023,1394,60,0,1789692904,,,SCHEDULED
2026-09-18T00:34:31.663339+00:00,1285141,023,1395,61,0,1789692956,,,SCHEDULED
2026-09-18T00:34:31.663339+00:00,1285141,023,1163,62,0,1789693033,,,SCHEDULED
2026-09-18T00:34:31.663339+00:00,1285141,023,1164,63,0,1789693116,,,SCHEDULED
2026-09-18T00:34:31.663339+00:00,1285141,023,1165,64,0,1789693321,,,SCHEDULED
2026-09-18T00:34:31.663339+00:00,1285141,023,1166,65,0,1789693446,,,SCHEDULED
2026-09-18T00:34:31.663339+00:00,1286596,067,1099,1,,,0,1789692360,SCHEDULED
2026-09-18T00:34:31.663339+00:00,1286596,067,2645,2,0,1789692447,,,SCHEDULED
2026-09-18T00:34:31.663339+00:00,1286596,067,2643,3,0,1789692462,,,SCHEDULED
2026-09-18T00:34:31.663339+00:00,1286596,067,2644,4,0,1789692506,,,SCHEDULED
2026-09-18T00:34:31.663339+00:00,1286596,067,2646,5,0,1789692574,,,SCHEDULED
2026-09-18T00:34:31.663339+00:00,1286596,067,2647,6,0,1789692596,,,SCHEDULED
2026-09-18T00:34:31.663339+00:00,1286596,067,2648,7,0,1789693133,,,SCHEDULED
2026-09-18T00:34:31.663339+00:00,1286596,067,5344,8,0,1789693155,,,SCHEDULED
2026-09-18T00:34:31.663339+00:00,1286596,067,2649,9,0,1789693174,,,SCHEDULED
2026-09-18T00:34:31.663339+00:00,1286596,067,2650,10,0,1789693196,,,SCHEDULED
2026-09-18T00:34:31.663339+00:00,1286596,067,2651,11,0,1789693218,,,SCHEDULED
2026-09-18T00:34:31.663339+00:00,1286596,067,2653,12,0,1789693260,,,SCHEDULED
2026-09-18T00:34:31.663339+00:00,1286596,067,2654,13,0,1789693324,,,SCHEDULED
2026-09-18T00:34:31.663339+00:00,1286596,067,9811,14,0,1789693380,,,SCHEDULED
2026-09-18T00:34:31.663339+00:00,1286596,067,880,15,0,1789693438,,,SCHEDULED
2026-09-18T00:34:31.663339+00:00,1284693,013,1073,2,0,1789691756,,,SCHEDULED
2026-09-18T00:34:31.663339+00:00,1284693,013,1074,3,0,1789691791,,,SCHEDULED
2026-09-18T00:34:31.663339+00:00,1284693,013,1075,4,0,1789691842,,,SCHEDULED
2026-09-18T00:34:31.663339+00:00,1284693,013,1076,5,0,1789691871,,,SCHEDULED
2026-09-18T00:34:31.663339+00:00,1284693,013,1077,6,0,1789691909,,,SCHEDULED
2026-09-18T00:34:31.663339+00:00,1284693,013,1646,7,0,1789691960,,,SCHEDULED
2026-09-18T00:34:31.663339+00:00,1284693,013,1648,8,0,1789692043,,,SCHEDULED
2026-09-18T00:34:31.663339+00:00,1284693,013,1157,9,0,1789692108,,,SCHEDULED
2026-09-18T00:34:31.663339+00:00,1284693,013,1158,10,0,1789692153,,,SCHEDULED
2026-09-18T00:34:31.663339+00:00,1284693,013,1159,11,0,1789692260,,,SCHEDULED
2026-09-18T00:34:31.663339+00:00,1284693,013,1160,12,0,1789692323,,,SCHEDULED
2026-09-18T00:34:31.663339+00:00,1284693,013,1161,13,0,1789692410,,,SCHEDULED
2026-09-18T00:34:31.663339+00:00,1284693,013,1162,14,0,1789692477,,,SCHEDULED
2026-09-18T00:34:31.663339+00:00,1284693,013,1163,15,0,1789692606,,,SCHEDULED
2026-09-18T00:34:31.663339+00:00,1284693,013,1164,16,0,1789692680,,,SCHEDULED
2026-09-18T00:34:31.663339+00:00,1284693,013,1165,17,0,1789692901,,,SCHEDULED
2026-09-18T00:34:31.663339+00:00,1284693,013,1166,18,0,1789693041,,,SCHEDULED
2026-09-18T00:34:31.663339+00:00,1284693,013,1167,19,0,1789693087,,,SCHEDULED
2026-09-18T00:34:31.663339+00:00,1284693,013,1168,20,0,1789693134,,,SCHEDULED
2026-09-18T00:34:31.663339+00:00,1284693,013,284,21,0,1789693274,,,SCHEDULED
2026-09-18T00:34:31.663339+00:00,1284693,013,9807,22,0,1789693340,,,SCHEDULED
2026-09-18T00:34:31.663339+00:00,1284693,013,284,23,0,1789693428,,,SCHEDULED
2026-09-18T00:34:31.663339+00:00,1286990,075,4061,1,,,0,1789693020,SCHEDULED
2026-09-18T00:34:31.663339+00:00,1286990,075,1426,2,0,1789693094,,,SCHEDULED
2026-09-18T00:34:31.663339+00:00,1286990,075,1429,3,0,1789693161,,,SCHEDULED
2026-09-18T00:34:31.663339+00:00,1286990,075,1430,4,0,1789693198,,,SCHEDULED
2026-09-18T00:34:31.663339+00:00,1286990,075,3845,5,0,1789693283,,,SCHEDULED
2026-09-18T00:34:31.663339+00:00,1286990,075,3846,6,0,1789693335,,,SCHEDULED
2026-09-18T00:34:31.663339+00:00,1286990,075,3847,7,0,1789693377,,,SCHEDULED
2026-09-18T00:34:31.663339+00:00,1286990,075,1431,8,0,1789693410,,,SCHEDULED
2026-09-18T00:34:31.663339+00:00,1285143,023,1388,54,0,1789691715,,,SCHEDULED
2026-09-18T00:34:31.663339+00:00,1285143,023,1389,55,0,1789691786,,,SCHEDULED
2026-09-18T00:34:31.663339+00:00,1285143,023,1390,56,0,1789691850,,,SCHEDULED
2026-09-18T00:34:31.663339+00:00,1285143,023,1391,57,0,1789691890,,,SCHEDULED
2026-09-18T00:34:31.663339+00:00,1285143,023,1392,58,0,1789691947,,,SCHEDULED
2026-09-18T00:34:31.663339+00:00,1285143,023,1393,59,0,1789691984,,,SCHEDULED
2026-09-18T00:34:31.663339+00:00,1285143,023,1394,60,0,1789692018,,,SCHEDULED
2026-09-18T00:34:31.663339+00:00,1285143,023,1395,61,0,1789692075,,,SCHEDULED
2026-09-18T00:34:31.663339+00:00,1285143,023,1163,62,0,1789692160,,,SCHEDULED
2026-09-18T00:34:31.663339+00:00,1285143,023,1164,63,0,1789692251,,,SCHEDULED
2026-09-18T00:34:31.663339+00:00,1285143,023,1165,64,0,1789692436,,,SCHEDULED
2026-09-18T00:34:31.663339+00:00,1285143,023,1166,65,0,1789692548,,,SCHEDULED
2026-09-18T00:34:31.663339+00:00,1285143,023,1167,66,0,1789692583,,,SCHEDULED
2026-09-18T00:34:31.663339+00:00,1285143,023,1168,67,0,1789692621,,,SCHEDULED
2026-09-18T00:34:31.663339+00:00,1285143,023,284,68,0,1789692736,,,SCHEDULED
2026-09-18T00:34:31.663339+00:00,1284695,013,8929,40,0,1789691707,,,SCHEDULED
2026-09-18T00:34:31.663339+00:00,1284695,013,8930,41,0,1789691754,,,SCHEDULED
2026-09-18T00:34:31.663339+00:00,1284695,013,543,42,0,1789691803,,,SCHEDULED
2026-09-18T00:34:31.663339+00:00,1284695,013,1731,43,0,1789691899,,,SCHEDULED
2026-09-18T00:34:31.663339+00:00,1284695,013,1680,44,0,1789691983,,,SCHEDULED
2026-09-18T00:34:31.663339+00:00,1284695,013,1364,45,0,1789692077,,,SCHEDULED
2026-09-18T00:34:31.663339+00:00,1284694,013,1731,43,0,1789691712,,,SCHEDULED
2026-09-18T00:34:31.663339+00:00,1284694,013,1680,44,0,1789691796,,,SCHEDULED
2026-09-18T00:34:31.663339+00:00,1284694,013,1364,45,0,1789691890,,,SCHEDULED
2026-09-18T00:34:31.663339+00:00,1285420,026,1518,24,0,1789691676,,,SCHEDULED
2026-09-18T00:34:31.663339+00:00,1285420,026,1519,25,0,1789691827,,,SCHEDULED
2026-09-18T00:34:31.663339+00:00,1285420,026,1520,26,0,1789691939,,,SCHEDULED
2026-09-18T00:34:31.663339+00:00,1285420,026,1521,27,0,1789691990,,,SCHEDULED
2026-09-18T00:34:31.663339+00:00,1285420,026,1522,28,0,1789692016,,,SCHEDULED
2026-09-18T00:34:31.663339+00:00,1285420,026,1523,29,0,1789692072,,,SCHEDULED
2026-09-18T00:34:31.663339+00:00,1285420,026,1524,30,0,1789692132,,,SCHEDULED
2026-09-18T00:34:31.663339+00:00,1285420,026,1525,31,0,1789692170,,,SCHEDULED
2026-09-18T00:34:31.663339+00:00,1285420,026,1526,32,0,1789692211,,,SCHEDULED
2026-09-18T00:34:31.663339+00:00,1285420,026,1527,33,0,1789692252,,,SCHEDULED
2026-09-18T00:34:31.663339+00:00,1285420,026,1528,34,0,1789692332,,,SCHEDULED
2026-09-18T00:34:31.663339+00:00,1285420,026,1529,35,0,1789692393,,,SCHEDULED
2026-09-18T00:34:31.663339+00:00,1285420,026,1530,36,0,1789692473,,,SCHEDULED
2026-09-18T00:34:31.663339+00:00,1285420,026,1531,37,0,1789692550,,,SCHEDULED
2026-09-18T00:34:31.663339+00:00,1285420,026,1532,38,0,1789692626,,,SCHEDULED
2026-09-18T00:34:31.663339+00:00,1285420,026,1533,39,0,1789692695,,,SCHEDULED
2026-09-18T00:34:31.663339+00:00,1285420,026,1534,40,0,1789692779,,,SCHEDULED
2026-09-18T00:34:31.663339+00:00,1285420,026,1535,41,0,1789692852,,,SCHEDULED
2026-09-18T00:34:31.663339+00:00,1285420,026,1536,42,0,1789692934,,,SCHEDULED
2026-09-18T00:34:31.663339+00:00,1285420,026,1537,43,0,1789692989,,,SCHEDULED
2026-09-18T00:34:31.663339+00:00,1285420,026,1538,44,0,1789693048,,,SCHEDULED
2026-09-18T00:34:31.663339+00:00,1285420,026,1539,45,0,1789693103,,,SCHEDULED
2026-09-18T00:34:31.663339+00:00,1285420,026,1540,46,0,1789693154,,,SCHEDULED
2026-09-18T00:34:31.663339+00:00,1285420,026,1542,47,0,1789693272,,,SCHEDULED
2026-09-18T00:34:31.663339+00:00,1285420,026,1541,48,0,1789693425,,,SCHEDULED
2026-09-18T00:34:31.663339+00:00,1285420,026,2980,49,0,1789693458,,,SCHEDULED
2026-09-18T00:34:31.663339+00:00,1286872,072,3864,22,0,1789691729,,,SCHEDULED
2026-09-18T00:34:31.663339+00:00,1286872,072,3865,23,0,1789691760,,,SCHEDULED
2026-09-18T00:34:31.663339+00:00,1286872,072,496,24,0,1789691875,,,SCHEDULED
2026-09-18T00:34:31.663339+00:00,1286872,072,3866,25,0,1789691944,,,SCHEDULED
2026-09-18T00:34:31.663339+00:00,1286872,072,3867,26,0,1789691985,,,SCHEDULED
2026-09-18T00:34:31.663339+00:00,1286872,072,3868,27,0,1789692019,,,SCHEDULED
2026-09-18T00:34:31.663339+00:00,1286872,072,3869,28,0,1789692062,,,SCHEDULED
2026-09-18T00:34:31.663339+00:00,1286872,072,3870,29,0,1789692100,,,SCHEDULED
2026-09-18T00:34:31.663339+00:00,1286872,072,3871,30,0,1789692184,,,SCHEDULED
2026-09-18T00:34:31.663339+00:00,1286872,072,3872,31,0,1789692238,,,SCHEDULED
2026-09-18T00:34:31.663339+00:00,1286597,067,880,15,0,1789691717,,,SCHEDULED
2026-09-18T00:34:31.663339+00:00,1286597,067,2656,16,0,1789691790,,,SCHEDULED
2026-09-18T00:34:31.663339+00:00,1286597,067,2655,17,0,1789691825,,,SCHEDULED
2026-09-18T00:34:31.663339+00:00,1286597,067,1915,18,0,1789691880,,,SCHEDULED
2026-09-18T00:34:31.663339+00:00,1286597,067,2569,19,0,1789691955,,,SCHEDULED
2026-09-18T00:34:31.663339+00:00,1286597,067,2570,20,0,1789692026,,,SCHEDULED
2026-09-18T00:34:31.663339+00:00,1286597,067,2571,21,0,1789692062,,,SCHEDULED
2026-09-18T00:34:31.663339+00:00,1286597,067,2572,22,0,1789692146,,,SCHEDULED
2026-09-18T00:34:31.663339+00:00,1286597,067,2573,23,0,1789692186,,,SCHEDULED
2026-09-18T00:34:31.663339+00:00,1286597,067,2574,24,0,1789692222,,,SCHEDULED
2026-09-18T00:34:31.663339+00:00,1286597,067,2575,25,0,1789692253,,,SCHEDULED
2026-09-18T00:34:31.663339+00:00,1286597,067,2576,26,0,1789692280,,,SCHEDULED
2026-09-18T00:34:31.663339+00:00,1286597,067,2577,27,0,1789692306,,,SCHEDULED
2026-09-18T00:34:31.663339+00:00,1286597,067,2578,28,0,1789692360,,,SCHEDULED
2026-09-18T00:34:31.663339+00:00,1286597,067,2580,29,0,1789692549,,,SCHEDULED
2026-09-18T00:34:31.663339+00:00,1286597,067,2581,30,0,1789692604,,,SCHEDULED
2026-09-18T00:34:31.663339+00:00,1286597,067,2582,31,0,1789692656,,,SCHEDULED
2026-09-18T00:34:31.663339+00:00,1286597,067,2583,32,0,1789692695,,,SCHEDULED
2026-09-18T00:34:31.663339+00:00,1286597,067,2584,33,0,1789692738,,,SCHEDULED
2026-09-18T00:34:31.663339+00:00,1286597,067,2585,34,0,1789692813,,,SCHEDULED
2026-09-18T00:34:31.663339+00:00,1286597,067,2586,35,0,1789692869,,,SCHEDULED
2026-09-18T00:34:31.663339+00:00,1286597,067,2587,36,0,1789692960,,,SCHEDULED
2026-09-18T00:34:31.663339+00:00,1286597,067,2588,37,0,1789692999,,,SCHEDULED
2026-09-18T00:34:31.663339+00:00,1286597,067,2589,38,0,1789693106,,,SCHEDULED
2026-09-18T00:34:31.663339+00:00,1286597,067,2590,39,0,1789693146,,,SCHEDULED
2026-09-18T00:34:31.663339+00:00,1286597,067,2591,40,0,1789693194,,,SCHEDULED
2026-09-18T00:34:31.663339+00:00,1286597,067,2592,41,0,1789693244,,,SCHEDULED
2026-09-18T00:34:31.663339+00:00,1286597,067,2593,42,0,1789693304,,,SCHEDULED
2026-09-18T00:34:31.663339+00:00,1286597,067,2594,43,0,1789693357,,,SCHEDULED
2026-09-18T00:34:31.663339+00:00,1286597,067,2595,44,0,1789693397,,,SCHEDULED
2026-09-18T00:34:31.663339+00:00,1286597,067,2596,45,0,1789693425,,,SCHEDULED
2026-09-18T00:34:31.663339+00:00,1286598,067,2031,46,0,1789691681,,,SCHEDULED
2026-09-18T00:34:31.663339+00:00,1286598,067,2032,47,0,1789691724,,,SCHEDULED
2026-09-18T00:34:31.663339+00:00,1286598,067,2173,48,0,1789691783,,,SCHEDULED
2026-09-18T00:34:31.663339+00:00,1286598,067,494,49,0,1789691904,,,SCHEDULED
2026-09-18T00:34:31.663339+00:00,1286598,067,3831,50,0,1789692060,,,SCHEDULED
2026-09-18T00:34:31.663339+00:00,1286598,067,3833,51,0,1789692171,,,SCHEDULED
2026-09-18T00:34:31.663339+00:00,1286598,067,3834,52,0,1789692255,,,SCHEDULED
2026-09-18T00:34:31.663339+00:00,1286598,067,3939,53,0,1789692420,,,SCHEDULED
2026-09-18T00:34:31.663339+00:00,1286598,067,5107,54,0,1789692460,,,SCHEDULED
2026-09-18T00:34:31.663339+00:00,1286598,067,4020,55,0,1789692503,,,SCHEDULED
2026-09-18T00:34:31.663339+00:00,1286598,067,4021,56,0,1789692549,,,SCHEDULED
2026-09-18T00:34:31.663339+00:00,1286598,067,4022,57,0,1789692601,,,SCHEDULED
2026-09-18T00:34:31.663339+00:00,1286598,067,242,58,0,1789692685,,,SCHEDULED
2026-09-18T00:34:31.663339+00:00,1286598,067,243,59,0,1789692731,,,SCHEDULED
2026-09-18T00:34:31.663339+00:00,1286598,067,244,60,0,1789692771,,,SCHEDULED
2026-09-18T00:34:31.663339+00:00,1286598,067,1038,61,0,1789692841,,,SCHEDULED
2026-09-18T00:34:31.663339+00:00,1286598,067,4019,62,0,1789692887,,,SCHEDULED
2026-09-18T00:34:31.663339+00:00,1285547,030,275,1,,,,,NO_DATA
2026-09-18T00:34:31.663339+00:00,1285547,030,1689,2,,,,,NO_DATA
2026-09-18T00:34:31.663339+00:00,1285547,030,1691,3,,,,,NO_DATA
2026-09-18T00:34:31.663339+00:00,1285547,030,1692,4,,,,,NO_DATA
2026-09-18T00:34:31.663339+00:00,1285547,030,1693,5,,,,,NO_DATA
2026-09-18T00:34:31.663339+00:00,1285547,030,1694,6,,,,,NO_DATA
2026-09-18T00:34:31.663339+00:00,1285547,030,1695,7,,,,,NO_DATA
2026-09-18T00:34:31.663339+00:00,1285547,030,1697,8,,,,,NO_DATA
2026-09-18T00:34:31.663339+00:00,1285547,030,1699,9,,,,,NO_DATA
2026-09-18T00:34:31.663339+00:00,1285547,030,1700,10,,,,,NO_DATA
2026-09-18T00:34:31.663339+00:00,1285547,030,1701,11,,,,,NO_DATA
2026-09-18T00:34:31.663339+00:00,1285547,030,1702,12,,,,,NO_DATA
2026-09-18T00:34:31.663339+00:00,1285547,030,1703,13,,,,,NO_DATA
2026-09-18T00:34:31.663339+00:00,1285547,030,1704,14,,,,,NO_DATA
2026-09-18T00:34:31.663339+00:00,1285547,030,1705,15,,,,,NO_DATA
2026-09-18T00:34:31.663339+00:00,1285547,030,1707,16,,,,,NO_DATA
2026-09-18T00:34:31.663339+00:00,1285547,030,1708,17,,,,,NO_DATA
2026-09-18T00:34:31.663339+00:00,1285547,030,1709,18,,,,,NO_DATA
2026-09-18T00:34:31.663339+00:00,1285547,030,1710,19,,,,,NO_DATA
2026-09-18T00:34:31.663339+00:00,1285547,030,1711,20,,,,,NO_DATA
2026-09-18T00:34:31.663339+00:00,1285547,030,519,21,,,,,NO_DATA
2026-09-18T00:34:31.663339+00:00,1285547,030,521,22,,,,,NO_DATA
2026-09-18T00:34:31.663339+00:00,1285547,030,522,23,,,,,NO_DATA
2026-09-18T00:34:31.663339+00:00,1285547,030,525,24,,,,,NO_DATA
2026-09-18T00:34:31.663339+00:00,1285547,030,526,25,,,,,NO_DATA
2026-09-18T00:34:31.663339+00:00,1285547,030,527,26,,,,,NO_DATA
2026-09-18T00:34:31.663339+00:00,1285547,030,528,27,,,,,NO_DATA
2026-09-18T00:34:31.663339+00:00,1285547,030,5252,28,,,,,NO_DATA
2026-09-18T00:34:31.663339+00:00,1285547,030,281,29,,,,,NO_DATA
2026-09-18T00:34:31.663339+00:00,1286471,062,2273,19,0,1789691642,,,SCHEDULED
2026-09-18T00:34:31.663339+00:00,1286471,062,2275,20,0,1789691705,,,SCHEDULED
2026-09-18T00:34:31.663339+00:00,1286471,062,2276,21,0,1789691736,,,SCHEDULED
2026-09-18T00:34:31.663339+00:00,1286471,062,2277,22,0,1789691810,,,SCHEDULED
2026-09-18T00:34:31.663339+00:00,1286471,062,2278,23,0,1789691838,,,SCHEDULED
2026-09-18T00:34:31.663339+00:00,1286471,062,2279,24,0,1789691897,,,SCHEDULED
2026-09-18T00:34:31.663339+00:00,1286471,062,2280,25,0,1789691952,,,SCHEDULED
2026-09-18T00:34:31.663339+00:00,1286471,062,2281,26,0,1789691984,,,SCHEDULED
2026-09-18T00:34:31.663339+00:00,1286471,062,2346,27,0,1789692047,,,SCHEDULED
2026-09-18T00:34:31.663339+00:00,1286471,062,2347,28,0,1789692087,,,SCHEDULED
2026-09-18T00:34:31.663339+00:00,1286471,062,2348,29,0,1789692127,,,SCHEDULED
2026-09-18T00:34:31.663339+00:00,1286471,062,2350,30,0,1789692165,,,SCHEDULED
2026-09-18T00:34:31.663339+00:00,1286471,062,2351,31,0,1789692208,,,SCHEDULED
2026-09-18T00:34:31.663339+00:00,1286471,062,5313,32,0,1789692261,,,SCHEDULED
2026-09-18T00:34:31.663339+00:00,1286471,062,2352,33,0,1789692292,,,SCHEDULED
2026-09-18T00:34:31.663339+00:00,1286471,062,2353,34,0,1789692345,,,SCHEDULED
2026-09-18T00:34:31.663339+00:00,1286471,062,2354,35,0,1789692375,,,SCHEDULED
2026-09-18T00:34:31.663339+00:00,1286471,062,2355,36,0,1789692406,,,SCHEDULED
2026-09-18T00:34:31.663339+00:00,1286471,062,2356,37,0,1789692423,,,SCHEDULED
2026-09-18T00:34:31.663339+00:00,1286471,062,465,38,0,1789692461,,,SCHEDULED
2026-09-18T00:34:31.663339+00:00,1286471,062,466,39,0,1789692492,,,SCHEDULED
2026-09-18T00:34:31.663339+00:00,1286471,062,467,40,0,1789692542,,,SCHEDULED
2026-09-18T00:34:31.663339+00:00,1286471,062,468,41,0,1789692562,,,SCHEDULED
2026-09-18T00:34:31.663339+00:00,1286471,062,469,42,0,1789692598,,,SCHEDULED
2026-09-18T00:34:31.663339+00:00,1286471,062,470,43,0,1789692646,,,SCHEDULED
2026-09-18T00:34:31.663339+00:00,1286471,062,471,44,0,1789692671,,,SCHEDULED
2026-09-18T00:34:31.663339+00:00,1286471,062,472,45,0,1789692707,,,SCHEDULED
2026-09-18T00:34:31.663339+00:00,1286471,062,473,46,0,1789692754,,,SCHEDULED
2026-09-18T00:34:31.663339+00:00,1286471,062,474,47,0,1789692786,,,SCHEDULED
2026-09-18T00:34:31.663339+00:00,1286471,062,475,48,0,1789692815,,,SCHEDULED
2026-09-18T00:34:31.663339+00:00,1286471,062,476,49,0,1789692878,,,SCHEDULED
2026-09-18T00:34:31.663339+00:00,1286471,062,477,50,0,1789692899,,,SCHEDULED
2026-09-18T00:34:31.663339+00:00,1286471,062,4134,51,0,1789692954,,,SCHEDULED
2026-09-18T00:34:31.663339+00:00,1286471,062,4136,52,0,1789693034,,,SCHEDULED
2026-09-18T00:34:31.663339+00:00,1286471,062,4137,53,0,1789693118,,,SCHEDULED
2026-09-18T00:34:31.663339+00:00,1284051,001,1184,1,,,0,1789693140,SCHEDULED
2026-09-18T00:34:31.663339+00:00,1284051,001,3301,2,0,1789693160,,,SCHEDULED
2026-09-18T00:34:31.663339+00:00,1284051,001,1187,3,0,1789693197,,,SCHEDULED
2026-09-18T00:34:31.663339+00:00,1284051,001,1188,4,0,1789693247,,,SCHEDULED
2026-09-18T00:34:31.663339+00:00,1284051,001,1189,5,0,1789693289,,,SCHEDULED
2026-09-18T00:34:31.663339+00:00,1284051,001,1190,6,0,1789693378,,,SCHEDULED
2026-09-18T00:34:31.663339+00:00,1284051,001,1191,7,0,1789693414,,,SCHEDULED
2026-09-18T00:34:31.663339+00:00,1285140,023,1184,1,,,0,1789692060,SCHEDULED
2026-09-18T00:34:31.663339+00:00,1285140,023,3301,2,0,1789692086,,,SCHEDULED
2026-09-18T00:34:31.663339+00:00,1285140,023,1187,3,0,1789692135,,,SCHEDULED
2026-09-18T00:34:31.663339+00:00,1285140,023,1188,4,0,1789692199,,,SCHEDULED
2026-09-18T00:34:31.663339+00:00,1285140,023,1189,5,0,1789692254,,,SCHEDULED
2026-09-18T00:34:31.663339+00:00,1285140,023,1190,6,0,1789692369,,,SCHEDULED
2026-09-18T00:34:31.663339+00:00,1285140,023,1337,7,0,1789692480,,,SCHEDULED
2026-09-18T00:34:31.663339+00:00,1285140,023,1338,8,0,1789692510,,,SCHEDULED
2026-09-18T00:34:31.663339+00:00,1285140,023,1339,9,0,1789692572,,,SCHEDULED
2026-09-18T00:34:31.663339+00:00,1285140,023,1340,10,0,1789692597,,,SCHEDULED
2026-09-18T00:34:31.663339+00:00,1285140,023,1341,11,0,1789692646,,,SCHEDULED
2026-09-18T00:34:31.663339+00:00,1285140,023,1342,12,0,1789692677,,,SCHEDULED
2026-09-18T00:34:31.663339+00:00,1285140,023,1343,13,0,1789692716,,,SCHEDULED
2026-09-18T00:34:31.663339+00:00,1285140,023,1344,14,0,1789692753,,,SCHEDULED
2026-09-18T00:34:31.663339+00:00,1285140,023,1346,15,0,1789692793,,,SCHEDULED
2026-09-18T00:34:31.663339+00:00,1285140,023,5362,16,0,1789692856,,,SCHEDULED
2026-09-18T00:34:31.663339+00:00,1285140,023,5361,17,0,1789692918,,,SCHEDULED
2026-09-18T00:34:31.663339+00:00,1285140,023,1348,18,0,1789692960,,,SCHEDULED
2026-09-18T00:34:31.663339+00:00,1285140,023,1349,19,0,1789692984,,,SCHEDULED
2026-09-18T00:34:31.663339+00:00,1285140,023,1350,20,0,1789693047,,,SCHEDULED
2026-09-18T00:34:31.663339+00:00,1285140,023,1351,21,0,1789693126,,,SCHEDULED
2026-09-18T00:34:31.663339+00:00,1285140,023,1353,22,0,1789693192,,,SCHEDULED
2026-09-18T00:34:31.663339+00:00,1285140,023,1354,23,0,1789693254,,,SCHEDULED
2026-09-18T00:34:31.663339+00:00,1285140,023,1355,24,0,1789693308,,,SCHEDULED
2026-09-18T00:34:31.663339+00:00,1285140,023,1356,25,0,1789693344,,,SCHEDULED
2026-09-18T00:34:31.663339+00:00,1285140,023,1357,26,0,1789693426,,,SCHEDULED
2026-09-18T00:34:31.663339+00:00,1284292,010,11134,22,0,1789691683,,,SCHEDULED
2026-09-18T00:34:31.663339+00:00,1284292,010,11136,23,0,1789691717,,,SCHEDULED
2026-09-18T00:34:31.663339+00:00,1284292,010,11137,24,0,1789691765,,,SCHEDULED
2026-09-18T00:34:31.663339+00:00,1284292,010,11138,25,0,1789691806,,,SCHEDULED
2026-09-18T00:34:31.663339+00:00,1284292,010,11139,26,0,1789691831,,,SCHEDULED
2026-09-18T00:34:31.663339+00:00,1284292,010,11140,27,0,1789691880,,,SCHEDULED
2026-09-18T00:34:31.663339+00:00,1284292,010,11201,28,0,1789692109,,,SCHEDULED
2026-09-18T00:34:31.663339+00:00,1284292,010,11010,29,0,1789692175,,,SCHEDULED
2026-09-18T00:34:31.663339+00:00,1284292,010,11143,30,0,1789692411,,,SCHEDULED
2026-09-18T00:34:31.663339+00:00,1284292,010,11203,31,0,1789692496,,,SCHEDULED
2026-09-18T00:34:31.663339+00:00,1284292,010,11159,32,0,1789692900,,,SCHEDULED
2026-09-18T00:34:31.663339+00:00,1284292,010,11066,33,0,1789693277,,,SCHEDULED
2026-09-18T00:34:31.663339+00:00,1284292,010,11145,34,0,1789693307,,,SCHEDULED
2026-09-18T00:34:31.663339+00:00,1284292,010,3287,35,0,1789693380,,,SCHEDULED
2026-09-18T00:34:31.663339+00:00,1284292,010,11069,36,0,1789693417,,,SCHEDULED
2026-09-18T00:34:31.663339+00:00,1284050,001,1184,1,,,0,1789692240,SCHEDULED
2026-09-18T00:34:31.663339+00:00,1284050,001,3301,2,0,1789692260,,,SCHEDULED
2026-09-18T00:34:31.663339+00:00,1284050,001,1187,3,0,1789692297,,,SCHEDULED
2026-09-18T00:34:31.663339+00:00,1284050,001,1188,4,0,1789692347,,,SCHEDULED
2026-09-18T00:34:31.663339+00:00,1284050,001,1189,5,0,1789692389,,,SCHEDULED
2026-09-18T00:34:31.663339+00:00,1284050,001,1190,6,0,1789692478,,,SCHEDULED
2026-09-18T00:34:31.663339+00:00,1284050,001,1191,7,0,1789692514,,,SCHEDULED
2026-09-18T00:34:31.663339+00:00,1284050,001,1192,8,0,1789692547,,,SCHEDULED
2026-09-18T00:34:31.663339+00:00,1284050,001,1193,9,0,1789692583,,,SCHEDULED
2026-09-18T00:34:31.663339+00:00,1284050,001,1195,10,0,1789692648,,,SCHEDULED
2026-09-18T00:34:31.663339+00:00,1284050,001,1196,11,0,1789692715,,,SCHEDULED
2026-09-18T00:34:31.663339+00:00,1284050,001,1197,12,0,1789692750,,,SCHEDULED
2026-09-18T00:34:31.663339+00:00,1284050,001,1198,13,0,1789692773,,,SCHEDULED
2026-09-18T00:34:31.663339+00:00,1284050,001,3348,14,0,1789692840,,,SCHEDULED
2026-09-18T00:34:31.663339+00:00,1284050,001,3349,15,0,1789692936,,,SCHEDULED
2026-09-18T00:34:31.663339+00:00,1284050,001,3350,16,0,1789692992,,,SCHEDULED
2026-09-18T00:34:31.663339+00:00,1284050,001,3351,17,0,1789693043,,,SCHEDULED
2026-09-18T00:34:31.663339+00:00,1284050,001,3352,18,0,1789693101,,,SCHEDULED
2026-09-18T00:34:31.663339+00:00,1284050,001,3353,19,0,1789693149,,,SCHEDULED
2026-09-18T00:34:31.663339+00:00,1284050,001,3354,20,0,1789693193,,,SCHEDULED
2026-09-18T00:34:31.663339+00:00,1284050,001,3355,21,0,1789693251,,,SCHEDULED
2026-09-18T00:34:31.663339+00:00,1284050,001,3356,22,0,1789693306,,,SCHEDULED
2026-09-18T00:34:31.663339+00:00,1284050,001,3357,23,0,1789693335,,,SCHEDULED
2026-09-18T00:34:31.663339+00:00,1284050,001,563,24,0,1789693440,,,SCHEDULED
2026-09-18T00:34:31.663339+00:00,1287177,081,2370,19,0,1789691842,,,SCHEDULED
2026-09-18T00:34:31.663339+00:00,1287177,081,2371,20,0,1789691927,,,SCHEDULED
2026-09-18T00:34:31.663339+00:00,1287177,081,2372,21,0,1789691983,,,SCHEDULED
2026-09-18T00:34:31.663339+00:00,1287177,081,2373,22,0,1789692040,,,SCHEDULED
2026-09-18T00:34:31.663339+00:00,1287177,081,2374,23,0,1789692116,,,SCHEDULED
2026-09-18T00:34:31.663339+00:00,1287177,081,3130,24,0,1789692358,,,SCHEDULED
2026-09-18T00:34:31.663339+00:00,1287177,081,3131,25,0,1789692480,,,SCHEDULED
2026-09-18T00:34:31.663339+00:00,1287177,081,3132,26,0,1789692537,,,SCHEDULED
2026-09-18T00:34:31.663339+00:00,1287177,081,3134,27,0,1789692725,,,SCHEDULED
2026-09-18T00:34:31.663339+00:00,1287177,081,3135,28,0,1789692811,,,SCHEDULED
2026-09-18T00:34:31.663339+00:00,1287177,081,3136,29,0,1789692874,,,SCHEDULED
2026-09-18T00:34:31.663339+00:00,1287177,081,3137,30,0,1789692960,,,SCHEDULED
2026-09-18T00:34:31.663339+00:00,1287177,081,3138,31,0,1789693065,,,SCHEDULED
2026-09-18T00:34:31.663339+00:00,1287177,081,3139,32,0,1789693120,,,SCHEDULED
2026-09-18T00:34:31.663339+00:00,1287177,081,3140,33,0,1789693173,,,SCHEDULED
2026-09-18T00:34:31.663339+00:00,1287177,081,3141,34,0,1789693203,,,SCHEDULED
2026-09-18T00:34:31.663339+00:00,1287177,081,3142,35,0,1789693228,,,SCHEDULED
2026-09-18T00:34:31.663339+00:00,1287177,081,3143,36,0,1789693274,,,SCHEDULED
2026-09-18T00:34:31.663339+00:00,1287177,081,3144,37,0,1789693299,,,SCHEDULED
2026-09-18T00:34:31.663339+00:00,1284103,001,1801,1,,,0,1789693440,SCHEDULED
2026-09-18T00:34:31.663339+00:00,1288269,142,525,1,,,0,1789692553,SCHEDULED
2026-09-18T00:34:31.663339+00:00,1288269,142,526,2,0,1789692583,,,SCHEDULED
2026-09-18T00:34:31.663339+00:00,1288269,142,527,3,0,1789692591,,,SCHEDULED
2026-09-18T00:34:31.663339+00:00,1288269,142,528,4,0,1789692599,,,SCHEDULED
2026-09-18T00:34:31.663339+00:00,1288269,142,5252,5,0,1789692630,,,SCHEDULED
2026-09-18T00:34:31.663339+00:00,1288269,142,531,6,0,1789692638,,,SCHEDULED
2026-09-18T00:34:31.663339+00:00,1285557,030,1704,14,0,1789691726,,,SCHEDULED
2026-09-18T00:34:31.663339+00:00,1285557,030,1705,15,0,1789691794,,,SCHEDULED
2026-09-18T00:34:31.663339+00:00,1285557,030,1707,16,0,1789691859,,,SCHEDULED
2026-09-18T00:34:31.663339+00:00,1285557,030,1708,17,0,1789691896,,,SCHEDULED
2026-09-18T00:34:31.663339+00:00,1285557,030,1709,18,0,1789691940,,,SCHEDULED
2026-09-18T00:34:31.663339+00:00,1285557,030,1710,19,0,1789691996,,,SCHEDULED
2026-09-18T00:34:31.663339+00:00,1285557,030,1711,20,0,1789692044,,,SCHEDULED
2026-09-18T00:34:31.663339+00:00,1285557,030,519,21,0,1789692070,,,SCHEDULED
2026-09-18T00:34:31.663339+00:00,1285557,030,521,22,0,1789692118,,,SCHEDULED
2026-09-18T00:34:31.663339+00:00,1285557,030,522,23,0,1789692184,,,SCHEDULED
2026-09-18T00:34:31.663339+00:00,1285557,030,525,24,0,1789692281,,,SCHEDULED
2026-09-18T00:34:31.663339+00:00,1285557,030,526,25,0,1789692399,,,SCHEDULED
2026-09-18T00:34:31.663339+00:00,1285557,030,527,26,0,1789692429,,,SCHEDULED
2026-09-18T00:34:31.663339+00:00,1285557,030,528,27,0,1789692459,,,SCHEDULED
2026-09-18T00:34:31.663339+00:00,1285557,030,5252,28,0,1789692576,,,SCHEDULED
2026-09-18T00:34:31.663339+00:00,1285557,030,281,29,0,1789692682,,,SCHEDULED
2026-09-18T00:34:31.663339+00:00,1284105,001,3073,2,0,1789691711,,,SCHEDULED
2026-09-18T00:34:31.663339+00:00,1284105,001,630,3,0,1789691842,,,SCHEDULED
2026-09-18T00:34:31.663339+00:00,1284105,001,631,4,0,1789691891,,,SCHEDULED
2026-09-18T00:34:31.663339+00:00,1284105,001,632,5,0,1789691920,,,SCHEDULED
2026-09-18T00:34:31.663339+00:00,1284105,001,634,6,0,1789691991,,,SCHEDULED
2026-09-18T00:34:31.663339+00:00,1284105,001,635,7,0,1789692062,,,SCHEDULED
2026-09-18T00:34:31.663339+00:00,1284105,001,636,8,0,1789692142,,,SCHEDULED
2026-09-18T00:34:31.663339+00:00,1284105,001,637,9,0,1789692178,,,SCHEDULED
2026-09-18T00:34:31.663339+00:00,1284105,001,638,10,0,1789692222,,,SCHEDULED
2026-09-18T00:34:31.663339+00:00,1284105,001,639,11,0,1789692267,,,SCHEDULED
2026-09-18T00:34:31.663339+00:00,1284105,001,640,12,0,1789692319,,,SCHEDULED
2026-09-18T00:34:31.663339+00:00,1284105,001,641,13,0,1789692361,,,SCHEDULED
2026-09-18T00:34:31.663339+00:00,1284105,001,642,14,0,1789692448,,,SCHEDULED
2026-09-18T00:34:31.663339+00:00,1284105,001,643,15,0,1789692493,,,SCHEDULED
2026-09-18T00:34:31.663339+00:00,1284105,001,644,16,0,1789692535,,,SCHEDULED
2026-09-18T00:34:31.663339+00:00,1284105,001,645,17,0,1789692582,,,SCHEDULED
2026-09-18T00:34:31.663339+00:00,1284105,001,646,18,0,1789692614,,,SCHEDULED
2026-09-18T00:34:31.663339+00:00,1284105,001,647,19,0,1789692677,,,SCHEDULED
2026-09-18T00:34:31.663339+00:00,1284105,001,648,20,0,1789692743,,,SCHEDULED
2026-09-18T00:34:31.663339+00:00,1284105,001,649,21,0,1789692793,,,SCHEDULED
2026-09-18T00:34:31.663339+00:00,1284105,001,5351,22,0,1789692811,,,SCHEDULED
2026-09-18T00:34:31.663339+00:00,1284105,001,1308,23,0,1789692867,,,SCHEDULED
2026-09-18T00:34:31.663339+00:00,1284105,001,1309,24,0,1789692929,,,SCHEDULED
2026-09-18T00:34:31.663339+00:00,1284105,001,1310,25,0,1789693014,,,SCHEDULED
2026-09-18T00:34:31.663339+00:00,1284105,001,1311,26,0,1789693080,,,SCHEDULED
2026-09-18T00:34:31.663339+00:00,1284105,001,5363,27,0,1789693175,,,SCHEDULED
2026-09-18T00:34:31.663339+00:00,1284105,001,1313,28,0,1789693214,,,SCHEDULED
2026-09-18T00:34:31.663339+00:00,1284105,001,1314,29,0,1789693260,,,SCHEDULED
2026-09-18T00:34:31.663339+00:00,1284105,001,1315,30,0,1789693372,,,SCHEDULED
2026-09-18T00:34:31.663339+00:00,1284105,001,1316,31,0,1789693408,,,SCHEDULED
2026-09-18T00:34:31.663339+00:00,1284105,001,1317,32,0,1789693447,,,SCHEDULED
2026-09-18T00:34:31.663339+00:00,1287219,081,2319,11,0,1789691673,,,SCHEDULED
2026-09-18T00:34:31.663339+00:00,1287219,081,2320,12,0,1789691708,,,SCHEDULED
2026-09-18T00:34:31.663339+00:00,1287219,081,2321,13,0,1789691788,,,SCHEDULED
2026-09-18T00:34:31.663339+00:00,1287219,081,2322,14,0,1789691855,,,SCHEDULED
2026-09-18T00:34:31.663339+00:00,1287219,081,2323,15,0,1789691907,,,SCHEDULED
2026-09-18T00:34:31.663339+00:00,1287219,081,2324,16,0,1789691966,,,SCHEDULED
2026-09-18T00:34:31.663339+00:00,1287219,081,2325,17,0,1789692015,,,SCHEDULED
2026-09-18T00:34:31.663339+00:00,1287219,081,2326,18,0,1789692075,,,SCHEDULED
2026-09-18T00:34:31.663339+00:00,1287219,081,2328,19,0,1789692167,,,SCHEDULED
2026-09-18T00:34:31.663339+00:00,1287219,081,2329,20,0,1789692221,,,SCHEDULED
2026-09-18T00:34:31.663339+00:00,1287219,081,2330,21,0,1789692280,,,SCHEDULED
2026-09-18T00:34:31.663339+00:00,1287219,081,4811,22,0,1789692340,,,SCHEDULED
2026-09-18T00:34:31.663339+00:00,1287219,081,4810,23,0,1789692386,,,SCHEDULED
2026-09-18T00:34:31.663339+00:00,1285556,030,275,1,,,0,1789692960,SCHEDULED
2026-09-18T00:34:31.663339+00:00,1285556,030,1689,2,0,1789693087,,,SCHEDULED
2026-09-18T00:34:31.663339+00:00,1285556,030,1691,3,0,1789693130,,,SCHEDULED
2026-09-18T00:34:31.663339+00:00,1285556,030,1692,4,0,1789693144,,,SCHEDULED
2026-09-18T00:34:31.663339+00:00,1285556,030,1693,5,0,1789693166,,,SCHEDULED
2026-09-18T00:34:31.663339+00:00,1285556,030,1694,6,0,1789693185,,,SCHEDULED
2026-09-18T00:34:31.663339+00:00,1285556,030,1695,7,0,1789693200,,,SCHEDULED
2026-09-18T00:34:31.663339+00:00,1285556,030,1697,8,0,1789693243,,,SCHEDULED
2026-09-18T00:34:31.663339+00:00,1285556,030,1699,9,0,1789693291,,,SCHEDULED
2026-09-18T00:34:31.663339+00:00,1285556,030,1700,10,0,1789693320,,,SCHEDULED
2026-09-18T00:34:31.663339+00:00,1285556,030,1701,11,0,1789693345,,,SCHEDULED
2026-09-18T00:34:31.663339+00:00,1285556,030,1702,12,0,1789693384,,,SCHEDULED
2026-09-18T00:34:31.663339+00:00,1285556,030,1703,13,0,1789693422,,,SCHEDULED
2026-09-18T00:34:31.663339+00:00,1284104,001,1801,1,,,0,1789692540,SCHEDULED
2026-09-18T00:34:31.663339+00:00,1284104,001,3073,2,0,1789692584,,,SCHEDULED
2026-09-18T00:34:31.663339+00:00,1284104,001,630,3,0,1789692715,,,SCHEDULED
2026-09-18T00:34:31.663339+00:00,1284104,001,631,4,0,1789692764,,,SCHEDULED
2026-09-18T00:34:31.663339+00:00,1284104,001,632,5,0,1789692793,,,SCHEDULED
2026-09-18T00:34:31.663339+00:00,1284104,001,634,6,0,1789692864,,,SCHEDULED
2026-09-18T00:34:31.663339+00:00,1284104,001,635,7,0,1789692935,,,SCHEDULED
2026-09-18T00:34:31.663339+00:00,1284104,001,636,8,0,1789693015,,,SCHEDULED
2026-09-18T00:34:31.663339+00:00,1284104,001,637,9,0,1789693051,,,SCHEDULED
2026-09-18T00:34:31.663339+00:00,1284104,001,638,10,0,1789693095,,,SCHEDULED
2026-09-18T00:34:31.663339+00:00,1284104,001,639,11,0,1789693140,,,SCHEDULED
2026-09-18T00:34:31.663339+00:00,1284104,001,640,12,0,1789693192,,,SCHEDULED
2026-09-18T00:34:31.663339+00:00,1284104,001,641,13,0,1789693234,,,SCHEDULED
2026-09-18T00:34:31.663339+00:00,1284104,001,642,14,0,1789693321,,,SCHEDULED
2026-09-18T00:34:31.663339+00:00,1284104,001,643,15,0,1789693366,,,SCHEDULED
2026-09-18T00:34:31.663339+00:00,1284104,001,644,16,0,1789693408,,,SCHEDULED
2026-09-18T00:34:31.663339+00:00,1284107,001,1315,30,0,1789691668,,,SCHEDULED
2026-09-18T00:34:31.663339+00:00,1284107,001,1316,31,0,1789691694,,,SCHEDULED
2026-09-18T00:34:31.663339+00:00,1284107,001,1317,32,0,1789691739,,,SCHEDULED
2026-09-18T00:34:31.663339+00:00,1284107,001,1318,33,0,1789691784,,,SCHEDULED
2026-09-18T00:34:31.663339+00:00,1284107,001,2807,34,0,1789691874,,,SCHEDULED
2026-09-18T00:34:31.663339+00:00,1284106,001,639,11,0,1789691677,,,SCHEDULED
2026-09-18T00:34:31.663339+00:00,1284106,001,640,12,0,1789691729,,,SCHEDULED
2026-09-18T00:34:31.663339+00:00,1284106,001,641,13,0,1789691771,,,SCHEDULED
2026-09-18T00:34:31.663339+00:00,1284106,001,642,14,0,1789691858,,,SCHEDULED
2026-09-18T00:34:31.663339+00:00,1284106,001,643,15,0,1789691903,,,SCHEDULED
2026-09-18T00:34:31.663339+00:00,1284106,001,644,16,0,1789691945,,,SCHEDULED
2026-09-18T00:34:31.663339+00:00,1284106,001,645,17,0,1789691992,,,SCHEDULED
2026-09-18T00:34:31.663339+00:00,1284106,001,646,18,0,1789692024,,,SCHEDULED
2026-09-18T00:34:31.663339+00:00,1284106,001,647,19,0,1789692087,,,SCHEDULED
2026-09-18T00:34:31.663339+00:00,1284106,001,648,20,0,1789692153,,,SCHEDULED
2026-09-18T00:34:31.663339+00:00,1284106,001,649,21,0,1789692203,,,SCHEDULED
2026-09-18T00:34:31.663339+00:00,1284106,001,5351,22,0,1789692221,,,SCHEDULED
2026-09-18T00:34:31.663339+00:00,1284106,001,1308,23,0,1789692277,,,SCHEDULED
2026-09-18T00:34:31.663339+00:00,1284106,001,1309,24,0,1789692339,,,SCHEDULED
2026-09-18T00:34:31.663339+00:00,1284106,001,1310,25,0,1789692424,,,SCHEDULED
2026-09-18T00:34:31.663339+00:00,1284106,001,1311,26,0,1789692490,,,SCHEDULED
2026-09-18T00:34:31.663339+00:00,1284106,001,5363,27,0,1789692585,,,SCHEDULED
2026-09-18T00:34:31.663339+00:00,1284106,001,1313,28,0,1789692624,,,SCHEDULED
2026-09-18T00:34:31.663339+00:00,1284106,001,1314,29,0,1789692670,,,SCHEDULED
2026-09-18T00:34:31.663339+00:00,1284106,001,1315,30,0,1789692782,,,SCHEDULED
2026-09-18T00:34:31.663339+00:00,1284106,001,1316,31,0,1789692818,,,SCHEDULED
2026-09-18T00:34:31.663339+00:00,1284106,001,1317,32,0,1789692857,,,SCHEDULED
2026-09-18T00:34:31.663339+00:00,1284106,001,1318,33,0,1789692897,,,SCHEDULED
2026-09-18T00:34:31.663339+00:00,1284106,001,2807,34,0,1789692975,,,SCHEDULED
2026-09-18T00:34:31.663339+00:00,1287218,081,1612,1,,,0,1789692480,SCHEDULED
2026-09-18T00:34:31.663339+00:00,1287218,081,1613,2,0,1789692579,,,SCHEDULED
2026-09-18T00:34:31.663339+00:00,1287218,081,2311,3,0,1789692628,,,SCHEDULED
2026-09-18T00:34:31.663339+00:00,1287218,081,2312,4,0,1789692821,,,SCHEDULED
2026-09-18T00:34:31.663339+00:00,1287218,081,2313,5,0,1789692879,,,SCHEDULED
2026-09-18T00:34:31.663339+00:00,1287218,081,2314,6,0,1789692962,,,SCHEDULED
2026-09-18T00:34:31.663339+00:00,1287218,081,2315,7,0,1789693055,,,SCHEDULED
2026-09-18T00:34:31.663339+00:00,1287218,081,5203,8,0,1789693200,,,SCHEDULED
2026-09-18T00:34:31.663339+00:00,1287218,081,2317,9,0,1789693311,,,SCHEDULED
2026-09-18T00:34:31.663339+00:00,1287218,081,2318,10,0,1789693395,,,SCHEDULED
2026-09-18T00:34:31.663339+00:00,1286896,072,3789,15,0,1789691682,,,SCHEDULED
2026-09-18T00:34:31.663339+00:00,1286896,072,3790,16,0,1789691744,,,SCHEDULED
2026-09-18T00:34:31.663339+00:00,1286896,072,3791,17,0,1789691782,,,SCHEDULED
2026-09-18T00:34:31.663339+00:00,1286896,072,3785,18,0,1789691820,,,SCHEDULED
2026-09-18T00:34:31.663339+00:00,1286896,072,3792,19,0,1789691855,,,SCHEDULED
2026-09-18T00:34:31.663339+00:00,1286896,072,3793,20,0,1789691905,,,SCHEDULED
2026-09-18T00:34:31.663339+00:00,1286896,072,3794,21,0,1789691947,,,SCHEDULED
2026-09-18T00:34:31.663339+00:00,1286896,072,3795,22,0,1789691983,,,SCHEDULED
2026-09-18T00:34:31.663339+00:00,1286896,072,3796,23,0,1789692025,,,SCHEDULED
2026-09-18T00:34:31.663339+00:00,1286896,072,5250,24,0,1789692071,,,SCHEDULED
2026-09-18T00:34:31.663339+00:00,1286896,072,3798,25,0,1789692104,,,SCHEDULED
2026-09-18T00:34:31.663339+00:00,1286896,072,3799,26,0,1789692156,,,SCHEDULED
2026-09-18T00:34:31.663339+00:00,1286896,072,3800,27,0,1789692219,,,SCHEDULED
2026-09-18T00:34:31.663339+00:00,1286896,072,3801,28,0,1789692247,,,SCHEDULED
2026-09-18T00:34:31.663339+00:00,1286896,072,3802,29,0,1789692283,,,SCHEDULED
2026-09-18T00:34:31.663339+00:00,1286896,072,3852,30,0,1789692328,,,SCHEDULED
2026-09-18T00:34:31.663339+00:00,1286895,072,377,1,,,0,1789692120,SCHEDULED
2026-09-18T00:34:31.663339+00:00,1286895,072,2873,2,0,1789692244,,,SCHEDULED
2026-09-18T00:34:31.663339+00:00,1286895,072,2874,3,0,1789692283,,,SCHEDULED
2026-09-18T00:34:31.663339+00:00,1286895,072,2884,4,0,1789692359,,,SCHEDULED
2026-09-18T00:34:31.663339+00:00,1286895,072,2885,5,0,1789692415,,,SCHEDULED
2026-09-18T00:34:31.663339+00:00,1286895,072,2886,6,0,1789692456,,,SCHEDULED
2026-09-18T00:34:31.663339+00:00,1286895,072,2887,7,0,1789692525,,,SCHEDULED
2026-09-18T00:34:31.663339+00:00,1286895,072,2888,8,0,1789692586,,,SCHEDULED
2026-09-18T00:34:31.663339+00:00,1286895,072,2889,9,0,1789692660,,,SCHEDULED
2026-09-18T00:34:31.663339+00:00,1286895,072,2891,10,0,1789692727,,,SCHEDULED
2026-09-18T00:34:31.663339+00:00,1286895,072,2892,11,0,1789692765,,,SCHEDULED
2026-09-18T00:34:31.663339+00:00,1286895,072,3860,12,0,1789692810,,,SCHEDULED
2026-09-18T00:34:31.663339+00:00,1286895,072,3787,13,0,1789692904,,,SCHEDULED
2026-09-18T00:34:31.663339+00:00,1286895,072,3788,14,0,1789692954,,,SCHEDULED
2026-09-18T00:34:31.663339+00:00,1286895,072,3789,15,0,1789692995,,,SCHEDULED
2026-09-18T00:34:31.663339+00:00,1286895,072,3790,16,0,1789693057,,,SCHEDULED
2026-09-18T00:34:31.663339+00:00,1286895,072,3791,17,0,1789693095,,,SCHEDULED
2026-09-18T00:34:31.663339+00:00,1286895,072,3785,18,0,1789693133,,,SCHEDULED
2026-09-18T00:34:31.663339+00:00,1286895,072,3792,19,0,1789693168,,,SCHEDULED
2026-09-18T00:34:31.663339+00:00,1286895,072,3793,20,0,1789693218,,,SCHEDULED
2026-09-18T00:34:31.663339+00:00,1286895,072,3794,21,0,1789693260,,,SCHEDULED
2026-09-18T00:34:31.663339+00:00,1286895,072,3795,22,0,1789693296,,,SCHEDULED
2026-09-18T00:34:31.663339+00:00,1286895,072,3796,23,0,1789693338,,,SCHEDULED
2026-09-18T00:34:31.663339+00:00,1286895,072,5250,24,0,1789693384,,,SCHEDULED
2026-09-18T00:34:31.663339+00:00,1286895,072,3798,25,0,1789693417,,,SCHEDULED
2026-09-18T00:34:31.663339+00:00,1285326,025,241,1,,,0,1789692420,SCHEDULED
2026-09-18T00:34:31.663339+00:00,1285326,025,1255,2,0,1789692649,,,SCHEDULED
2026-09-18T00:34:31.663339+00:00,1285326,025,1263,3,0,1789692734,,,SCHEDULED
2026-09-18T00:34:31.663339+00:00,1285326,025,1264,4,0,1789692782,,,SCHEDULED
2026-09-18T00:34:31.663339+00:00,1285326,025,1265,5,0,1789692854,,,SCHEDULED
2026-09-18T00:34:31.663339+00:00,1285326,025,1266,6,0,1789692931,,,SCHEDULED
2026-09-18T00:34:31.663339+00:00,1285326,025,1267,7,0,1789693020,,,SCHEDULED
2026-09-18T00:34:31.663339+00:00,1285326,025,1268,8,0,1789693091,,,SCHEDULED
2026-09-18T00:34:31.663339+00:00,1285326,025,1269,9,0,1789693148,,,SCHEDULED
2026-09-18T00:34:31.663339+00:00,1285326,025,1270,10,0,1789693268,,,SCHEDULED
2026-09-18T00:34:31.663339+00:00,1285326,025,1271,11,0,1789693380,,,SCHEDULED
2026-09-18T00:34:31.663339+00:00,1285326,025,1272,12,0,1789693424,,,SCHEDULED
2026-09-18T00:34:31.663339+00:00,1285328,025,3625,40,0,1789691675,,,SCHEDULED
2026-09-18T00:34:31.663339+00:00,1285328,025,3626,41,0,1789691716,,,SCHEDULED
2026-09-18T00:34:31.663339+00:00,1285328,025,3627,42,0,1789691752,,,SCHEDULED
2026-09-18T00:34:31.663339+00:00,1285328,025,3628,43,0,1789691770,,,SCHEDULED
2026-09-18T00:34:31.663339+00:00,1285328,025,4603,44,0,1789691865,,,SCHEDULED
2026-09-18T00:34:31.663339+00:00,1285328,025,4604,45,0,1789691931,,,SCHEDULED
2026-09-18T00:34:31.663339+00:00,1285328,025,3371,46,0,1789692083,,,SCHEDULED
2026-09-18T00:34:31.663339+00:00,1285328,025,3372,47,0,1789692116,,,SCHEDULED
2026-09-18T00:34:31.663339+00:00,1285328,025,3373,48,0,1789692166,,,SCHEDULED
2026-09-18T00:34:31.663339+00:00,1285328,025,3374,49,0,1789692240,,,SCHEDULED
2026-09-18T00:34:31.663339+00:00,1285328,025,3375,50,0,1789692290,,,SCHEDULED
2026-09-18T00:34:31.663339+00:00,1285328,025,3376,51,0,1789692352,,,SCHEDULED
2026-09-18T00:34:31.663339+00:00,1285328,025,3377,52,0,1789692387,,,SCHEDULED
2026-09-18T00:34:31.663339+00:00,1285328,025,3378,53,0,1789692407,,,SCHEDULED
2026-09-18T00:34:31.663339+00:00,1285328,025,3379,54,0,1789692461,,,SCHEDULED
2026-09-18T00:34:31.663339+00:00,1285328,025,3380,55,0,1789692488,,,SCHEDULED
2026-09-18T00:34:31.663339+00:00,1285328,025,3381,56,0,1789692526,,,SCHEDULED
2026-09-18T00:34:31.663339+00:00,1285328,025,3382,57,0,1789692562,,,SCHEDULED
2026-09-18T00:34:31.663339+00:00,1285328,025,3383,58,0,1789692633,,,SCHEDULED
2026-09-18T00:34:31.663339+00:00,1285328,025,3389,59,0,1789692704,,,SCHEDULED
2026-09-18T00:34:31.663339+00:00,1288439,177,658,1,,,0,1789691940,SCHEDULED
2026-09-18T00:34:31.663339+00:00,1288439,177,832,2,0,1789692074,,,SCHEDULED
2026-09-18T00:34:31.663339+00:00,1288439,177,3845,3,0,1789692101,,,SCHEDULED
2026-09-18T00:34:31.663339+00:00,1288439,177,795,4,0,1789692189,,,SCHEDULED
2026-09-18T00:34:31.663339+00:00,1285965,051,668,1,,,0,1789692720,SCHEDULED
2026-09-18T00:34:31.663339+00:00,1285965,051,221,2,0,1789692826,,,SCHEDULED
2026-09-18T00:34:31.663339+00:00,1285965,051,222,3,0,1789692865,,,SCHEDULED
2026-09-18T00:34:31.663339+00:00,1285965,051,223,4,0,1789692913,,,SCHEDULED
2026-09-18T00:34:31.663339+00:00,1285965,051,225,5,0,1789693020,,,SCHEDULED
2026-09-18T00:34:31.663339+00:00,1285965,051,226,6,0,1789693059,,,SCHEDULED
2026-09-18T00:34:31.663339+00:00,1285965,051,108,7,0,1789693110,,,SCHEDULED
2026-09-18T00:34:31.663339+00:00,1285965,051,123,8,0,1789693161,,,SCHEDULED
2026-09-18T00:34:31.663339+00:00,1285965,051,125,9,0,1789693233,,,SCHEDULED
2026-09-18T00:34:31.663339+00:00,1285965,051,126,10,0,1789693277,,,SCHEDULED
2026-09-18T00:34:31.663339+00:00,1285965,051,127,11,0,1789693302,,,SCHEDULED
2026-09-18T00:34:31.663339+00:00,1285965,051,128,12,0,1789693374,,,SCHEDULED
2026-09-18T00:34:31.663339+00:00,1285965,051,227,13,0,1789693440,,,SCHEDULED
2026-09-18T00:34:31.663339+00:00,1285327,025,1272,12,0,1789691713,,,SCHEDULED
2026-09-18T00:34:31.663339+00:00,1285327,025,1273,13,0,1789691778,,,SCHEDULED
2026-09-18T00:34:31.663339+00:00,1285327,025,1274,14,0,1789691840,,,SCHEDULED
2026-09-18T00:34:31.663339+00:00,1285327,025,1275,15,0,1789691911,,,SCHEDULED
2026-09-18T00:34:31.663339+00:00,1285327,025,1276,16,0,1789691961,,,SCHEDULED
2026-09-18T00:34:31.663339+00:00,1285327,025,1277,17,0,1789692032,,,SCHEDULED
2026-09-18T00:34:31.663339+00:00,1285327,025,1278,18,0,1789692088,,,SCHEDULED
2026-09-18T00:34:31.663339+00:00,1285327,025,1279,19,0,1789692150,,,SCHEDULED
2026-09-18T00:34:31.663339+00:00,1285327,025,1280,20,0,1789692224,,,SCHEDULED
2026-09-18T00:34:31.663339+00:00,1285327,025,1281,21,0,1789692269,,,SCHEDULED
2026-09-18T00:34:31.663339+00:00,1285327,025,1282,22,0,1789692299,,,SCHEDULED
2026-09-18T00:34:31.663339+00:00,1285327,025,1481,23,0,1789692386,,,SCHEDULED
2026-09-18T00:34:31.663339+00:00,1285327,025,1482,24,0,1789692420,,,SCHEDULED
2026-09-18T00:34:31.663339+00:00,1285327,025,1483,25,0,1789692471,,,SCHEDULED
2026-09-18T00:34:31.663339+00:00,1285327,025,1484,26,0,1789692522,,,SCHEDULED
2026-09-18T00:34:31.663339+00:00,1285327,025,1485,27,0,1789692589,,,SCHEDULED
2026-09-18T00:34:31.663339+00:00,1285327,025,1486,28,0,1789692628,,,SCHEDULED
2026-09-18T00:34:31.663339+00:00,1285327,025,3614,29,0,1789692710,,,SCHEDULED
2026-09-18T00:34:31.663339+00:00,1285327,025,3615,30,0,1789692776,,,SCHEDULED
2026-09-18T00:34:31.663339+00:00,1285327,025,3616,31,0,1789692858,,,SCHEDULED
2026-09-18T00:34:31.663339+00:00,1285327,025,3617,32,0,1789692918,,,SCHEDULED
2026-09-18T00:34:31.663339+00:00,1285327,025,3618,33,0,1789692979,,,SCHEDULED
2026-09-18T00:34:31.663339+00:00,1285327,025,3619,34,0,1789693015,,,SCHEDULED
2026-09-18T00:34:31.663339+00:00,1285327,025,3620,35,0,1789693109,,,SCHEDULED
2026-09-18T00:34:31.663339+00:00,1285327,025,3621,36,0,1789693159,,,SCHEDULED
2026-09-18T00:34:31.663339+00:00,1285327,025,3622,37,0,1789693203,,,SCHEDULED
2026-09-18T00:34:31.663339+00:00,1285327,025,3623,38,0,1789693229,,,SCHEDULED
2026-09-18T00:34:31.663339+00:00,1285327,025,3624,39,0,1789693285,,,SCHEDULED
2026-09-18T00:34:31.663339+00:00,1285327,025,3625,40,0,1789693332,,,SCHEDULED
2026-09-18T00:34:31.663339+00:00,1285327,025,3626,41,0,1789693373,,,SCHEDULED
2026-09-18T00:34:31.663339+00:00,1285327,025,3627,42,0,1789693409,,,SCHEDULED
2026-09-18T00:34:31.663339+00:00,1285327,025,3628,43,0,1789693427,,,SCHEDULED
2026-09-18T00:34:31.663339+00:00,1288438,177,658,1,,,0,1789692840,SCHEDULED
2026-09-18T00:34:31.663339+00:00,1288438,177,832,2,0,1789692974,,,SCHEDULED
2026-09-18T00:34:31.663339+00:00,1288438,177,3845,3,0,1789693001,,,SCHEDULED
2026-09-18T00:34:31.663339+00:00,1288438,177,795,4,0,1789693089,,,SCHEDULED
2026-09-18T00:34:31.663339+00:00,1286492,062,413,1,,,0,1789692000,SCHEDULED
2026-09-18T00:34:31.663339+00:00,1286492,062,414,2,0,1789692055,,,SCHEDULED
2026-09-18T00:34:31.663339+00:00,1286492,062,415,3,0,1789692120,,,SCHEDULED
2026-09-18T00:34:31.663339+00:00,1286492,062,416,4,0,1789692160,,,SCHEDULED
2026-09-18T00:34:31.663339+00:00,1286492,062,418,5,0,1789692240,,,SCHEDULED
2026-09-18T00:34:31.663339+00:00,1286492,062,4763,6,0,1789692330,,,SCHEDULED
2026-09-18T00:34:31.663339+00:00,1286492,062,1716,7,0,1789692395,,,SCHEDULED
2026-09-18T00:34:31.663339+00:00,1286492,062,2256,8,0,1789692520,,,SCHEDULED
2026-09-18T00:34:31.663339+00:00,1286492,062,2257,9,0,1789692555,,,SCHEDULED
2026-09-18T00:34:31.663339+00:00,1286492,062,2258,10,0,1789692600,,,SCHEDULED
2026-09-18T00:34:31.663339+00:00,1286492,062,2260,11,0,1789692722,,,SCHEDULED
2026-09-18T00:34:31.663339+00:00,1286492,062,2261,12,0,1789692753,,,SCHEDULED
2026-09-18T00:34:31.663339+00:00,1286492,062,2262,13,0,1789692815,,,SCHEDULED
2026-09-18T00:34:31.663339+00:00,1286492,062,2264,14,0,1789692937,,,SCHEDULED
2026-09-18T00:34:31.663339+00:00,1286492,062,380,15,0,1789693080,,,SCHEDULED
2026-09-18T00:34:31.663339+00:00,1286492,062,411,16,0,1789693147,,,SCHEDULED
2026-09-18T00:34:31.663339+00:00,1286492,062,2271,17,0,1789693377,,,SCHEDULED
2026-09-18T00:34:31.663339+00:00,1286492,062,2272,18,0,1789693440,,,SCHEDULED
2026-09-18T00:34:31.663339+00:00,1288394,175,1661,1,,,0,1789691841,SCHEDULED
2026-09-18T00:34:31.663339+00:00,1288394,175,1667,2,0,1789692021,,,SCHEDULED
2026-09-18T00:34:31.663339+00:00,1288394,175,957,3,0,1789692809,,,SCHEDULED
2026-09-18T00:34:31.663339+00:00,1288394,175,955,4,0,1789692884,,,SCHEDULED
2026-09-18T00:34:31.663339+00:00,1288394,175,953,5,0,1789692953,,,SCHEDULED
2026-09-18T00:34:31.663339+00:00,1288394,175,951,6,0,1789693036,,,SCHEDULED
2026-09-18T00:34:31.663339+00:00,1287183,081,2180,1,,,0,1789692552,SCHEDULED
2026-09-18T00:34:31.663339+00:00,1287183,081,2181,2,0,1789692593,,,SCHEDULED
2026-09-18T00:34:31.663339+00:00,1287183,081,2183,3,0,1789692653,,,SCHEDULED
2026-09-18T00:34:31.663339+00:00,1287183,081,2184,4,0,1789692703,,,SCHEDULED
2026-09-18T00:34:31.663339+00:00,1287183,081,2185,5,0,1789692807,,,SCHEDULED
2026-09-18T00:34:31.663339+00:00,1287183,081,2186,6,0,1789692896,,,SCHEDULED
2026-09-18T00:34:31.663339+00:00,1287183,081,2358,7,0,1789693032,,,SCHEDULED
2026-09-18T00:34:31.663339+00:00,1287183,081,2359,8,0,1789693104,,,SCHEDULED
2026-09-18T00:34:31.663339+00:00,1287183,081,2360,9,0,1789693169,,,SCHEDULED
2026-09-18T00:34:31.663339+00:00,1287183,081,2361,10,0,1789693242,,,SCHEDULED
2026-09-18T00:34:31.663339+00:00,1287183,081,2362,11,0,1789693303,,,SCHEDULED
2026-09-18T00:34:31.663339+00:00,1287183,081,2363,12,0,1789693384,,,SCHEDULED
2026-09-18T00:34:31.663339+00:00,1287184,081,2359,8,0,1789691728,,,SCHEDULED
2026-09-18T00:34:31.663339+00:00,1287184,081,2360,9,0,1789691782,,,SCHEDULED
2026-09-18T00:34:31.663339+00:00,1287184,081,2361,10,0,1789691843,,,SCHEDULED
2026-09-18T00:34:31.663339+00:00,1287184,081,2362,11,0,1789691894,,,SCHEDULED
2026-09-18T00:34:31.663339+00:00,1287184,081,2363,12,0,1789691961,,,SCHEDULED
2026-09-18T00:34:31.663339+00:00,1287184,081,2364,13,0,1789692047,,,SCHEDULED
2026-09-18T00:34:31.663339+00:00,1287184,081,2365,14,0,1789692086,,,SCHEDULED
2026-09-18T00:34:31.663339+00:00,1287184,081,2366,15,0,1789692114,,,SCHEDULED
2026-09-18T00:34:31.663339+00:00,1287184,081,2367,16,0,1789692172,,,SCHEDULED
2026-09-18T00:34:31.663339+00:00,1287184,081,5203,17,0,1789692268,,,SCHEDULED
2026-09-18T00:34:31.663339+00:00,1287184,081,2368,18,0,1789692370,,,SCHEDULED
2026-09-18T00:34:31.663339+00:00,1287184,081,2370,19,0,1789692497,,,SCHEDULED
2026-09-18T00:34:31.663339+00:00,1287184,081,2371,20,0,1789692564,,,SCHEDULED
2026-09-18T00:34:31.663339+00:00,1287184,081,2372,21,0,1789692609,,,SCHEDULED
2026-09-18T00:34:31.663339+00:00,1287184,081,2373,22,0,1789692654,,,SCHEDULED
2026-09-18T00:34:31.663339+00:00,1287184,081,2374,23,0,1789692714,,,SCHEDULED
2026-09-18T00:34:31.663339+00:00,1287184,081,5223,24,0,1789692839,,,SCHEDULED
2026-09-18T00:34:31.663339+00:00,1287184,081,2165,25,0,1789692931,,,SCHEDULED
2026-09-18T00:34:31.663339+00:00,1287184,081,2166,26,0,1789693030,,,SCHEDULED
2026-09-18T00:34:31.663339+00:00,1285450,026,316,1,,,0,1789692420,SCHEDULED
2026-09-18T00:34:31.663339+00:00,1285450,026,8959,2,0,1789692572,,,SCHEDULED
2026-09-18T00:34:31.663339+00:00,1285450,026,2989,3,0,1789692668,,,SCHEDULED
2026-09-18T00:34:31.663339+00:00,1285450,026,1545,4,0,1789692888,,,SCHEDULED
2026-09-18T00:34:31.663339+00:00,1285450,026,1546,5,0,1789692960,,,SCHEDULED
2026-09-18T00:34:31.663339+00:00,1285450,026,1547,6,0,1789693040,,,SCHEDULED
2026-09-18T00:34:31.663339+00:00,1285450,026,1548,7,0,1789693085,,,SCHEDULED
2026-09-18T00:34:31.663339+00:00,1285450,026,1549,8,0,1789693148,,,SCHEDULED
2026-09-18T00:34:31.663339+00:00,1285450,026,1550,9,0,1789693200,,,SCHEDULED
2026-09-18T00:34:31.663339+00:00,1285450,026,1551,10,0,1789693260,,,SCHEDULED
2026-09-18T00:34:31.663339+00:00,1285450,026,1552,11,0,1789693323,,,SCHEDULED
2026-09-18T00:34:31.663339+00:00,1285450,026,1553,12,0,1789693380,,,SCHEDULED
2026-09-18T00:34:31.663339+00:00,1285295,025,3591,21,0,1789691676,,,SCHEDULED
2026-09-18T00:34:31.663339+00:00,1285295,025,3592,22,0,1789691728,,,SCHEDULED
2026-09-18T00:34:31.663339+00:00,1285295,025,3593,23,0,1789691788,,,SCHEDULED
2026-09-18T00:34:31.663339+00:00,1285295,025,3594,24,0,1789691841,,,SCHEDULED
2026-09-18T00:34:31.663339+00:00,1285295,025,3595,25,0,1789691890,,,SCHEDULED
2026-09-18T00:34:31.663339+00:00,1285295,025,3596,26,0,1789691961,,,SCHEDULED
2026-09-18T00:34:31.663339+00:00,1285295,025,3597,27,0,1789692025,,,SCHEDULED
2026-09-18T00:34:31.663339+00:00,1285295,025,3598,28,0,1789692084,,,SCHEDULED
2026-09-18T00:34:31.663339+00:00,1285295,025,3599,29,0,1789692122,,,SCHEDULED
2026-09-18T00:34:31.663339+00:00,1285295,025,3600,30,0,1789692179,,,SCHEDULED
2026-09-18T00:34:31.663339+00:00,1285295,025,3601,31,0,1789692209,,,SCHEDULED
2026-09-18T00:34:31.663339+00:00,1285295,025,3602,32,0,1789692276,,,SCHEDULED
2026-09-18T00:34:31.663339+00:00,1285295,025,3603,33,0,1789692323,,,SCHEDULED
2026-09-18T00:34:31.663339+00:00,1285295,025,1356,34,0,1789692363,,,SCHEDULED
2026-09-18T00:34:31.663339+00:00,1285295,025,1357,35,0,1789692458,,,SCHEDULED
2026-09-18T00:34:31.663339+00:00,1285295,025,1358,36,0,1789692485,,,SCHEDULED
2026-09-18T00:34:31.663339+00:00,1285295,025,1359,37,0,1789692518,,,SCHEDULED
2026-09-18T00:34:31.663339+00:00,1285295,025,1360,38,0,1789692578,,,SCHEDULED
2026-09-18T00:34:31.663339+00:00,1285295,025,1361,39,0,1789692620,,,SCHEDULED
2026-09-18T00:34:31.663339+00:00,1285295,025,1236,40,0,1789692712,,,SCHEDULED
2026-09-18T00:34:31.663339+00:00,1285295,025,1237,41,0,1789692745,,,SCHEDULED
2026-09-18T00:34:31.663339+00:00,1285295,025,1238,42,0,1789692778,,,SCHEDULED
2026-09-18T00:34:31.663339+00:00,1285295,025,1239,43,0,1789692866,,,SCHEDULED
2026-09-18T00:34:31.663339+00:00,1285295,025,1240,44,0,1789692923,,,SCHEDULED
2026-09-18T00:34:31.663339+00:00,1285295,025,1241,45,0,1789692981,,,SCHEDULED
2026-09-18T00:34:31.663339+00:00,1285295,025,1242,46,0,1789693035,,,SCHEDULED
2026-09-18T00:34:31.663339+00:00,1285295,025,1243,47,0,1789693111,,,SCHEDULED
2026-09-18T00:34:31.663339+00:00,1285295,025,1244,48,0,1789693163,,,SCHEDULED
2026-09-18T00:34:31.663339+00:00,1285295,025,1245,49,0,1789693223,,,SCHEDULED
2026-09-18T00:34:31.663339+00:00,1285295,025,1246,50,0,1789693269,,,SCHEDULED
2026-09-18T00:34:31.663339+00:00,1285295,025,1247,51,0,1789693345,,,SCHEDULED
2026-09-18T00:34:31.663339+00:00,1285295,025,1248,52,0,1789693402,,,SCHEDULED
2026-09-18T00:34:31.663339+00:00,1287234,081,290,1,,,0,1789692300,SCHEDULED
2026-09-18T00:34:31.663339+00:00,1287234,081,1600,2,0,1789692375,,,SCHEDULED
2026-09-18T00:34:31.663339+00:00,1287234,081,1602,3,0,1789692452,,,SCHEDULED
2026-09-18T00:34:31.663339+00:00,1287234,081,1603,4,0,1789692491,,,SCHEDULED
2026-09-18T00:34:31.663339+00:00,1287234,081,1604,5,0,1789692549,,,SCHEDULED
2026-09-18T00:34:31.663339+00:00,1287234,081,1605,6,0,1789692617,,,SCHEDULED
2026-09-18T00:34:31.663339+00:00,1287234,081,1606,7,0,1789692694,,,SCHEDULED
2026-09-18T00:34:31.663339+00:00,1287234,081,1607,8,0,1789692840,,,SCHEDULED
2026-09-18T00:34:31.663339+00:00,1287234,081,1608,9,0,1789692904,,,SCHEDULED
2026-09-18T00:34:31.663339+00:00,1287234,081,1609,10,0,1789692948,,,SCHEDULED
2026-09-18T00:34:31.663339+00:00,1287234,081,1610,11,0,1789693015,,,SCHEDULED
2026-09-18T00:34:31.663339+00:00,1287234,081,1611,12,0,1789693188,,,SCHEDULED
2026-09-18T00:34:31.663339+00:00,1287234,081,1612,13,0,1789693260,,,SCHEDULED
2026-09-18T00:34:31.663339+00:00,1287234,081,1613,14,0,1789693359,,,SCHEDULED
2026-09-18T00:34:31.663339+00:00,1287234,081,2311,15,0,1789693408,,,SCHEDULED
2026-09-18T00:34:31.663339+00:00,1285056,021,2776,8,0,1789691682,,,SCHEDULED
2026-09-18T00:34:31.663339+00:00,1285056,021,2777,9,0,1789691754,,,SCHEDULED
2026-09-18T00:34:31.663339+00:00,1285056,021,2778,10,0,1789691805,,,SCHEDULED
2026-09-18T00:34:31.663339+00:00,1285056,021,2779,11,0,1789691837,,,SCHEDULED
2026-09-18T00:34:31.663339+00:00,1285056,021,2780,12,0,1789691880,,,SCHEDULED
2026-09-18T00:34:31.663339+00:00,1285056,021,2781,13,0,1789691920,,,SCHEDULED
2026-09-18T00:34:31.663339+00:00,1285056,021,2782,14,0,1789691980,,,SCHEDULED
2026-09-18T00:34:31.663339+00:00,1285056,021,2783,15,0,1789692040,,,SCHEDULED
2026-09-18T00:34:31.663339+00:00,1285056,021,2784,16,0,1789692089,,,SCHEDULED
2026-09-18T00:34:31.663339+00:00,1285056,021,3027,17,0,1789692135,,,SCHEDULED
2026-09-18T00:34:31.663339+00:00,1285056,021,3028,18,0,1789692223,,,SCHEDULED
2026-09-18T00:34:31.663339+00:00,1285056,021,2795,19,0,1789692446,,,SCHEDULED
2026-09-18T00:34:31.663339+00:00,1285056,021,2796,20,0,1789692492,,,SCHEDULED
2026-09-18T00:34:31.663339+00:00,1285056,021,2797,21,0,1789692574,,,SCHEDULED
2026-09-18T00:34:31.663339+00:00,1285056,021,2798,22,0,1789692720,,,SCHEDULED
2026-09-18T00:34:31.663339+00:00,1285056,021,2799,23,0,1789692766,,,SCHEDULED
2026-09-18T00:34:31.663339+00:00,1285056,021,2800,24,0,1789692857,,,SCHEDULED
2026-09-18T00:34:31.663339+00:00,1285056,021,2801,25,0,1789692915,,,SCHEDULED
2026-09-18T00:34:31.663339+00:00,1285056,021,2802,26,0,1789692964,,,SCHEDULED
2026-09-18T00:34:31.663339+00:00,1285056,021,2803,27,0,1789693010,,,SCHEDULED
2026-09-18T00:34:31.663339+00:00,1285056,021,2804,28,0,1789693046,,,SCHEDULED
2026-09-18T00:34:31.663339+00:00,1285056,021,2805,29,0,1789693086,,,SCHEDULED
2026-09-18T00:34:31.663339+00:00,1285056,021,2806,30,0,1789693129,,,SCHEDULED
2026-09-18T00:34:31.663339+00:00,1285056,021,2807,31,0,1789693168,,,SCHEDULED
2026-09-18T00:34:31.663339+00:00,1285056,021,1184,32,0,1789693300,,,SCHEDULED
2026-09-18T00:34:31.663339+00:00,1285056,021,3301,33,0,1789693320,,,SCHEDULED
2026-09-18T00:34:31.663339+00:00,1285056,021,2807,34,0,1789693356,,,SCHEDULED
2026-09-18T00:34:31.663339+00:00,1285056,021,2808,35,0,1789693435,,,SCHEDULED
2026-09-18T00:34:31.663339+00:00,1288288,142,413,3,0,1789692049,,,SCHEDULED
2026-09-18T00:34:31.663339+00:00,1288288,142,414,4,0,1789692060,,,SCHEDULED
2026-09-18T00:34:31.663339+00:00,1288288,142,415,5,0,1789692073,,,SCHEDULED
2026-09-18T00:34:31.663339+00:00,1288288,142,416,6,0,1789692116,,,SCHEDULED
2026-09-18T00:34:31.663339+00:00,1288288,142,418,7,0,1789692202,,,SCHEDULED
2026-09-18T00:34:31.663339+00:00,1288288,142,4763,8,0,1789692353,,,SCHEDULED
2026-09-18T00:34:31.663339+00:00,1288288,142,113,9,0,1789692423,,,SCHEDULED
2026-09-18T00:34:31.663339+00:00,1285452,026,3099,31,0,1789691771,,,SCHEDULED
2026-09-18T00:34:31.663339+00:00,1285452,026,3100,32,0,1789691831,,,SCHEDULED
2026-09-18T00:34:31.663339+00:00,1285452,026,3101,33,0,1789691879,,,SCHEDULED
2026-09-18T00:34:31.663339+00:00,1285452,026,3102,34,0,1789691919,,,SCHEDULED
2026-09-18T00:34:31.663339+00:00,1285452,026,5366,35,0,1789692067,,,SCHEDULED
2026-09-18T00:34:31.663339+00:00,1285452,026,1283,36,0,1789692123,,,SCHEDULED
2026-09-18T00:34:31.663339+00:00,1285452,026,650,37,0,1789692275,,,SCHEDULED
2026-09-18T00:34:31.663339+00:00,1285452,026,3107,38,0,1789692340,,,SCHEDULED
2026-09-18T00:34:31.663339+00:00,1285452,026,3108,39,0,1789692384,,,SCHEDULED
2026-09-18T00:34:31.663339+00:00,1285452,026,3109,40,0,1789692433,,,SCHEDULED
2026-09-18T00:34:31.663339+00:00,1285452,026,3110,41,0,1789692483,,,SCHEDULED
2026-09-18T00:34:31.663339+00:00,1285452,026,3112,42,0,1789692592,,,SCHEDULED
2026-09-18T00:34:31.663339+00:00,1285452,026,3113,43,0,1789692629,,,SCHEDULED
2026-09-18T00:34:31.663339+00:00,1285452,026,3115,44,0,1789692723,,,SCHEDULED
2026-09-18T00:34:31.663339+00:00,1285452,026,3116,45,0,1789692760,,,SCHEDULED
2026-09-18T00:34:31.663339+00:00,1285452,026,3117,46,0,1789692790,,,SCHEDULED
2026-09-18T00:34:31.663339+00:00,1285452,026,3118,47,0,1789692839,,,SCHEDULED
2026-09-18T00:34:31.663339+00:00,1285452,026,3119,48,0,1789692863,,,SCHEDULED
2026-09-18T00:34:31.663339+00:00,1285452,026,3121,49,0,1789692923,,,SCHEDULED
2026-09-18T00:34:31.663339+00:00,1285452,026,3122,50,0,1789692972,,,SCHEDULED
2026-09-18T00:34:31.663339+00:00,1285452,026,3123,51,0,1789693040,,,SCHEDULED
2026-09-18T00:34:31.663339+00:00,1285452,026,3124,52,0,1789693102,,,SCHEDULED
2026-09-18T00:34:31.663339+00:00,1285177,023,1096,2,0,1789691725,,,SCHEDULED
2026-09-18T00:34:31.663339+00:00,1285177,023,1098,3,0,1789691918,,,SCHEDULED
2026-09-18T00:34:31.663339+00:00,1285177,023,1099,4,0,1789692096,,,SCHEDULED
2026-09-18T00:34:31.663339+00:00,1285177,023,1090,5,0,1789692324,,,SCHEDULED
2026-09-18T00:34:31.663339+00:00,1285177,023,1091,6,0,1789692448,,,SCHEDULED
2026-09-18T00:34:31.663339+00:00,1285177,023,1092,7,0,1789692517,,,SCHEDULED
2026-09-18T00:34:31.663339+00:00,1285177,023,1093,8,0,1789692569,,,SCHEDULED
2026-09-18T00:34:31.663339+00:00,1285177,023,1094,9,0,1789692621,,,SCHEDULED
2026-09-18T00:34:31.663339+00:00,1285177,023,1455,10,0,1789692711,,,SCHEDULED
2026-09-18T00:34:31.663339+00:00,1285177,023,1456,11,0,1789692794,,,SCHEDULED
2026-09-18T00:34:31.663339+00:00,1285177,023,1457,12,0,1789692870,,,SCHEDULED
2026-09-18T00:34:31.663339+00:00,1285177,023,1458,13,0,1789692936,,,SCHEDULED
2026-09-18T00:34:31.663339+00:00,1285177,023,1460,14,0,1789693021,,,SCHEDULED
2026-09-18T00:34:31.663339+00:00,1285177,023,1461,15,0,1789693076,,,SCHEDULED
2026-09-18T00:34:31.663339+00:00,1285177,023,1462,16,0,1789693113,,,SCHEDULED
2026-09-18T00:34:31.663339+00:00,1285177,023,1463,17,0,1789693191,,,SCHEDULED
2026-09-18T00:34:31.663339+00:00,1285177,023,1464,18,0,1789693236,,,SCHEDULED
2026-09-18T00:34:31.663339+00:00,1285177,023,1465,19,0,1789693273,,,SCHEDULED
2026-09-18T00:34:31.663339+00:00,1285177,023,1466,20,0,1789693301,,,SCHEDULED
2026-09-18T00:34:31.663339+00:00,1285177,023,1467,21,0,1789693338,,,SCHEDULED
2026-09-18T00:34:31.663339+00:00,1285177,023,1468,22,0,1789693371,,,SCHEDULED
2026-09-18T00:34:31.663339+00:00,1285177,023,1469,23,0,1789693416,,,SCHEDULED
2026-09-18T00:34:31.663339+00:00,1285177,023,1470,24,0,1789693453,,,SCHEDULED
2026-09-18T00:34:31.663339+00:00,1284363,011,8915,8,0,1789691675,,,SCHEDULED
2026-09-18T00:34:31.663339+00:00,1284363,011,5329,9,0,1789691737,,,SCHEDULED
2026-09-18T00:34:31.663339+00:00,1284363,011,8917,10,0,1789691782,,,SCHEDULED
2026-09-18T00:34:31.663339+00:00,1284363,011,8918,11,0,1789691820,,,SCHEDULED
2026-09-18T00:34:31.663339+00:00,1284363,011,8919,12,0,1789691907,,,SCHEDULED
2026-09-18T00:34:31.663339+00:00,1284363,011,8920,13,0,1789691953,,,SCHEDULED
2026-09-18T00:34:31.663339+00:00,1284363,011,532,14,0,1789692335,,,SCHEDULED
2026-09-18T00:34:31.663339+00:00,1284363,011,5247,15,0,1789692392,,,SCHEDULED
2026-09-18T00:34:31.663339+00:00,1284363,011,533,16,0,1789692441,,,SCHEDULED
2026-09-18T00:34:31.663339+00:00,1284363,011,534,17,0,1789692473,,,SCHEDULED
2026-09-18T00:34:31.663339+00:00,1284363,011,221,18,0,1789692785,,,SCHEDULED
2026-09-18T00:34:31.663339+00:00,1284363,011,222,19,0,1789692807,,,SCHEDULED
2026-09-18T00:34:31.663339+00:00,1284363,011,223,20,0,1789692834,,,SCHEDULED
2026-09-18T00:34:31.663339+00:00,1284363,011,225,21,0,1789692897,,,SCHEDULED
2026-09-18T00:34:31.663339+00:00,1284363,011,226,22,0,1789692927,,,SCHEDULED
2026-09-18T00:34:31.663339+00:00,1284363,011,455,23,0,1789692951,,,SCHEDULED
2026-09-18T00:34:31.663339+00:00,1284363,011,456,24,0,1789692993,,,SCHEDULED
2026-09-18T00:34:31.663339+00:00,1284363,011,3197,25,0,1789693060,,,SCHEDULED
2026-09-18T00:34:31.663339+00:00,1284363,011,3198,26,0,1789693123,,,SCHEDULED
2026-09-18T00:34:31.663339+00:00,1284363,011,3199,27,0,1789693161,,,SCHEDULED
2026-09-18T00:34:31.663339+00:00,1284363,011,1345,28,0,1789693256,,,SCHEDULED
2026-09-18T00:34:31.663339+00:00,1284363,011,128,29,0,1789693357,,,SCHEDULED
2026-09-18T00:34:31.663339+00:00,1284363,011,130,30,0,1789693407,,,SCHEDULED
2026-09-18T00:34:31.663339+00:00,1284363,011,131,31,0,1789693435,,,SCHEDULED
2026-09-18T00:34:31.663339+00:00,1284363,011,132,32,0,1789693463,,,SCHEDULED
2026-09-18T00:34:31.663339+00:00,1284362,011,8910,4,0,1789691737,,,SCHEDULED
2026-09-18T00:34:31.663339+00:00,1284362,011,8912,5,0,1789691839,,,SCHEDULED
2026-09-18T00:34:31.663339+00:00,1284362,011,8913,6,0,1789691885,,,SCHEDULED
2026-09-18T00:34:31.663339+00:00,1284362,011,8914,7,0,1789692109,,,SCHEDULED
2026-09-18T00:34:31.663339+00:00,1284362,011,8915,8,0,1789692158,,,SCHEDULED
2026-09-18T00:34:31.663339+00:00,1284362,011,5329,9,0,1789692214,,,SCHEDULED
2026-09-18T00:34:31.663339+00:00,1284362,011,8917,10,0,1789692254,,,SCHEDULED
2026-09-18T00:34:31.663339+00:00,1284362,011,8918,11,0,1789692288,,,SCHEDULED
2026-09-18T00:34:31.663339+00:00,1284362,011,8919,12,0,1789692365,,,SCHEDULED
2026-09-18T00:34:31.663339+00:00,1284362,011,8920,13,0,1789692397,,,SCHEDULED
2026-09-18T00:34:31.663339+00:00,1284362,011,532,14,0,1789692667,,,SCHEDULED
2026-09-18T00:34:31.663339+00:00,1284362,011,5247,15,0,1789692707,,,SCHEDULED
2026-09-18T00:34:31.663339+00:00,1284362,011,533,16,0,1789692742,,,SCHEDULED
2026-09-18T00:34:31.663339+00:00,1284362,011,534,17,0,1789692765,,,SCHEDULED
2026-09-18T00:34:31.663339+00:00,1284362,011,221,18,0,1789692985,,,SCHEDULED
2026-09-18T00:34:31.663339+00:00,1284362,011,222,19,0,1789693000,,,SCHEDULED
2026-09-18T00:34:31.663339+00:00,1284362,011,223,20,0,1789693019,,,SCHEDULED
2026-09-18T00:34:31.663339+00:00,1284362,011,225,21,0,1789693063,,,SCHEDULED
2026-09-18T00:34:31.663339+00:00,1284362,011,226,22,0,1789693085,,,SCHEDULED
2026-09-18T00:34:31.663339+00:00,1284362,011,455,23,0,1789693106,,,SCHEDULED
2026-09-18T00:34:31.663339+00:00,1284362,011,456,24,0,1789693143,,,SCHEDULED
2026-09-18T00:34:31.663339+00:00,1284362,011,3197,25,0,1789693201,,,SCHEDULED
2026-09-18T00:34:31.663339+00:00,1284362,011,3198,26,0,1789693256,,,SCHEDULED
2026-09-18T00:34:31.663339+00:00,1284362,011,3199,27,0,1789693290,,,SCHEDULED
2026-09-18T00:34:31.663339+00:00,1284362,011,1345,28,0,1789693373,,,SCHEDULED
2026-09-18T00:34:31.663339+00:00,1284362,011,128,29,0,1789693462,,,SCHEDULED
2026-09-18T00:34:31.663339+00:00,1285451,026,1545,4,0,1789691847,,,SCHEDULED
2026-09-18T00:34:31.663339+00:00,1285451,026,1546,5,0,1789691919,,,SCHEDULED
2026-09-18T00:34:31.663339+00:00,1285451,026,1547,6,0,1789692015,,,SCHEDULED
2026-09-18T00:34:31.663339+00:00,1285451,026,1548,7,0,1789692069,,,SCHEDULED
2026-09-18T00:34:31.663339+00:00,1285451,026,1549,8,0,1789692145,,,SCHEDULED
2026-09-18T00:34:31.663339+00:00,1285451,026,1550,9,0,1789692207,,,SCHEDULED
2026-09-18T00:34:31.663339+00:00,1285451,026,1551,10,0,1789692279,,,SCHEDULED
2026-09-18T00:34:31.663339+00:00,1285451,026,1552,11,0,1789692349,,,SCHEDULED
2026-09-18T00:34:31.663339+00:00,1285451,026,1553,12,0,1789692413,,,SCHEDULED
2026-09-18T00:34:31.663339+00:00,1285451,026,1554,13,0,1789692492,,,SCHEDULED
2026-09-18T00:34:31.663339+00:00,1285451,026,1555,14,0,1789692540,,,SCHEDULED
2026-09-18T00:34:31.663339+00:00,1285451,026,1556,15,0,1789692610,,,SCHEDULED
2026-09-18T00:34:31.663339+00:00,1285451,026,1557,16,0,1789692725,,,SCHEDULED
2026-09-18T00:34:31.663339+00:00,1285451,026,1558,17,0,1789692789,,,SCHEDULED
2026-09-18T00:34:31.663339+00:00,1285451,026,1559,18,0,1789692879,,,SCHEDULED
2026-09-18T00:34:31.663339+00:00,1285451,026,1560,19,0,1789692924,,,SCHEDULED
2026-09-18T00:34:31.663339+00:00,1285451,026,1561,20,0,1789692970,,,SCHEDULED
2026-09-18T00:34:31.663339+00:00,1285451,026,1562,21,0,1789693059,,,SCHEDULED
2026-09-18T00:34:31.663339+00:00,1285451,026,1564,22,0,1789693107,,,SCHEDULED
2026-09-18T00:34:31.663339+00:00,1285451,026,1565,23,0,1789693149,,,SCHEDULED
2026-09-18T00:34:31.663339+00:00,1285451,026,1566,24,0,1789693197,,,SCHEDULED
2026-09-18T00:34:31.663339+00:00,1285451,026,1596,25,0,1789693248,,,SCHEDULED
2026-09-18T00:34:31.663339+00:00,1285451,026,1597,26,0,1789693348,,,SCHEDULED
2026-09-18T00:34:31.663339+00:00,1285451,026,1598,27,0,1789693444,,,SCHEDULED
2026-09-18T00:34:31.663339+00:00,1285176,023,9807,1,,,0,1789692840,SCHEDULED
2026-09-18T00:34:31.663339+00:00,1285176,023,1096,2,0,1789692935,,,SCHEDULED
2026-09-18T00:34:31.663339+00:00,1285176,023,1098,3,0,1789693104,,,SCHEDULED
2026-09-18T00:34:31.663339+00:00,1285176,023,1099,4,0,1789693260,,,SCHEDULED
2026-09-18T00:34:31.663339+00:00,1285055,021,2813,40,0,1789691700,,,SCHEDULED
2026-09-18T00:34:31.663339+00:00,1285055,021,2814,41,0,1789691802,,,SCHEDULED
2026-09-18T00:34:31.663339+00:00,1285055,021,3385,42,0,1789691900,,,SCHEDULED
2026-09-18T00:34:31.663339+00:00,1285055,021,3386,43,0,1789691949,,,SCHEDULED
2026-09-18T00:34:31.663339+00:00,1285055,021,3387,44,0,1789692025,,,SCHEDULED
2026-09-18T00:34:31.663339+00:00,1285055,021,3388,45,0,1789692087,,,SCHEDULED
2026-09-18T00:34:31.663339+00:00,1285055,021,3389,46,0,1789692166,,,SCHEDULED
2026-09-18T00:34:31.663339+00:00,1285057,021,319,1,,,0,1789692480,SCHEDULED
2026-09-18T00:34:31.663339+00:00,1285057,021,2770,2,0,1789692655,,,SCHEDULED
2026-09-18T00:34:31.663339+00:00,1285057,021,2771,3,0,1789692730,,,SCHEDULED
2026-09-18T00:34:31.663339+00:00,1285057,021,2772,4,0,1789692799,,,SCHEDULED
2026-09-18T00:34:31.663339+00:00,1285057,021,2773,5,0,1789692844,,,SCHEDULED
2026-09-18T00:34:31.663339+00:00,1285057,021,2774,6,0,1789692925,,,SCHEDULED
2026-09-18T00:34:31.663339+00:00,1285057,021,2775,7,0,1789692955,,,SCHEDULED
2026-09-18T00:34:31.663339+00:00,1285057,021,2776,8,0,1789693002,,,SCHEDULED
2026-09-18T00:34:31.663339+00:00,1285057,021,2777,9,0,1789693064,,,SCHEDULED
2026-09-18T00:34:31.663339+00:00,1285057,021,2778,10,0,1789693108,,,SCHEDULED
2026-09-18T00:34:31.663339+00:00,1285057,021,2779,11,0,1789693136,,,SCHEDULED
2026-09-18T00:34:31.663339+00:00,1285057,021,2780,12,0,1789693173,,,SCHEDULED
2026-09-18T00:34:31.663339+00:00,1285057,021,2781,13,0,1789693208,,,SCHEDULED
2026-09-18T00:34:31.663339+00:00,1285057,021,2782,14,0,1789693260,,,SCHEDULED
2026-09-18T00:34:31.663339+00:00,1285057,021,2783,15,0,1789693312,,,SCHEDULED
2026-09-18T00:34:31.663339+00:00,1285057,021,2784,16,0,1789693354,,,SCHEDULED
2026-09-18T00:34:31.663339+00:00,1285057,021,3027,17,0,1789693394,,,SCHEDULED
2026-09-18T00:34:31.663339+00:00,1285178,023,1182,33,0,1789691697,,,SCHEDULED
2026-09-18T00:34:31.663339+00:00,1285178,023,1481,34,0,1789691744,,,SCHEDULED
2026-09-18T00:34:31.663339+00:00,1285178,023,1482,35,0,1789691772,,,SCHEDULED
2026-09-18T00:34:31.663339+00:00,1285178,023,1483,36,0,1789691816,,,SCHEDULED
2026-09-18T00:34:31.663339+00:00,1285178,023,1484,37,0,1789691860,,,SCHEDULED
2026-09-18T00:34:31.663339+00:00,1285178,023,1485,38,0,1789691916,,,SCHEDULED
2026-09-18T00:34:31.663339+00:00,1285178,023,1486,39,0,1789691950,,,SCHEDULED
2026-09-18T00:34:31.663339+00:00,1285178,023,1488,40,0,1789692051,,,SCHEDULED
2026-09-18T00:34:31.663339+00:00,1285178,023,1489,41,0,1789692097,,,SCHEDULED
2026-09-18T00:34:31.663339+00:00,1285178,023,1490,42,0,1789692144,,,SCHEDULED
2026-09-18T00:34:31.663339+00:00,1285178,023,453,43,0,1789692198,,,SCHEDULED
2026-09-18T00:34:31.663339+00:00,1285178,023,1492,44,0,1789692231,,,SCHEDULED
2026-09-18T00:34:31.663339+00:00,1285178,023,1493,45,0,1789692355,,,SCHEDULED
2026-09-18T00:34:31.663339+00:00,1285178,023,1494,46,0,1789692396,,,SCHEDULED
2026-09-18T00:34:31.663339+00:00,1285178,023,1495,47,0,1789692464,,,SCHEDULED
2026-09-18T00:34:31.663339+00:00,1285178,023,5364,48,0,1789692489,,,SCHEDULED
2026-09-18T00:34:31.663339+00:00,1285178,023,1497,49,0,1789692554,,,SCHEDULED
2026-09-18T00:34:31.663339+00:00,1285178,023,1499,50,0,1789692649,,,SCHEDULED
2026-09-18T00:34:31.663339+00:00,1285178,023,1500,51,0,1789692693,,,SCHEDULED
2026-09-18T00:34:31.663339+00:00,1285178,023,1501,52,0,1789692734,,,SCHEDULED
2026-09-18T00:34:31.663339+00:00,1285178,023,1502,53,0,1789692777,,,SCHEDULED
2026-09-18T00:34:31.663339+00:00,1285178,023,1503,54,0,1789692820,,,SCHEDULED
2026-09-18T00:34:31.663339+00:00,1285178,023,1504,55,0,1789692848,,,SCHEDULED
2026-09-18T00:34:31.663339+00:00,1285178,023,1505,56,0,1789692892,,,SCHEDULED
2026-09-18T00:34:31.663339+00:00,1285178,023,1314,57,0,1789692944,,,SCHEDULED
2026-09-18T00:34:31.663339+00:00,1285178,023,1315,58,0,1789693079,,,SCHEDULED
2026-09-18T00:34:31.663339+00:00,1285178,023,1316,59,0,1789693122,,,SCHEDULED
2026-09-18T00:34:31.663339+00:00,1285178,023,1317,60,0,1789693170,,,SCHEDULED
2026-09-18T00:34:31.663339+00:00,1285178,023,1318,61,0,1789693217,,,SCHEDULED
2026-09-18T00:34:31.663339+00:00,1285178,023,2807,62,0,1789693313,,,SCHEDULED
2026-09-18T00:34:31.663339+00:00,1285453,026,3121,49,0,1789691687,,,SCHEDULED
2026-09-18T00:34:31.663339+00:00,1285453,026,3122,50,0,1789691736,,,SCHEDULED
2026-09-18T00:34:31.663339+00:00,1285453,026,3123,51,0,1789691804,,,SCHEDULED
2026-09-18T00:34:31.663339+00:00,1285453,026,3124,52,0,1789691866,,,SCHEDULED
2026-09-18T00:34:31.663339+00:00,1287235,081,2312,16,0,1789691801,,,SCHEDULED
2026-09-18T00:34:31.663339+00:00,1287235,081,2313,17,0,1789691859,,,SCHEDULED
2026-09-18T00:34:31.663339+00:00,1287235,081,2314,18,0,1789691942,,,SCHEDULED
2026-09-18T00:34:31.663339+00:00,1287235,081,2315,19,0,1789692035,,,SCHEDULED
2026-09-18T00:34:31.663339+00:00,1287235,081,5203,20,0,1789692180,,,SCHEDULED
2026-09-18T00:34:31.663339+00:00,1287235,081,2317,21,0,1789692301,,,SCHEDULED
2026-09-18T00:34:31.663339+00:00,1287235,081,2318,22,0,1789692393,,,SCHEDULED
2026-09-18T00:34:31.663339+00:00,1287235,081,2319,23,0,1789692461,,,SCHEDULED
2026-09-18T00:34:31.663339+00:00,1287235,081,2320,24,0,1789692500,,,SCHEDULED
2026-09-18T00:34:31.663339+00:00,1287235,081,2321,25,0,1789692587,,,SCHEDULED
2026-09-18T00:34:31.663339+00:00,1287235,081,2322,26,0,1789692660,,,SCHEDULED
2026-09-18T00:34:31.663339+00:00,1287235,081,2323,27,0,1789692717,,,SCHEDULED
2026-09-18T00:34:31.663339+00:00,1287235,081,2324,28,0,1789692781,,,SCHEDULED
2026-09-18T00:34:31.663339+00:00,1287235,081,2325,29,0,1789692835,,,SCHEDULED
2026-09-18T00:34:31.663339+00:00,1287235,081,2326,30,0,1789692900,,,SCHEDULED
2026-09-18T00:34:31.663339+00:00,1287235,081,2328,31,0,1789692992,,,SCHEDULED
2026-09-18T00:34:31.663339+00:00,1287235,081,2329,32,0,1789693046,,,SCHEDULED
2026-09-18T00:34:31.663339+00:00,1287235,081,2330,33,0,1789693105,,,SCHEDULED
2026-09-18T00:34:31.663339+00:00,1287235,081,4811,34,0,1789693165,,,SCHEDULED
2026-09-18T00:34:31.663339+00:00,1287235,081,4810,35,0,1789693211,,,SCHEDULED
2026-09-18T00:34:31.663339+00:00,1287236,081,2318,22,0,1789691685,,,SCHEDULED
2026-09-18T00:34:31.663339+00:00,1287236,081,2319,23,0,1789691753,,,SCHEDULED
2026-09-18T00:34:31.663339+00:00,1287236,081,2320,24,0,1789691792,,,SCHEDULED
2026-09-18T00:34:31.663339+00:00,1287236,081,2321,25,0,1789691879,,,SCHEDULED
2026-09-18T00:34:31.663339+00:00,1287236,081,2322,26,0,1789691952,,,SCHEDULED
2026-09-18T00:34:31.663339+00:00,1287236,081,2323,27,0,1789692009,,,SCHEDULED
2026-09-18T00:34:31.663339+00:00,1287236,081,2324,28,0,1789692073,,,SCHEDULED
2026-09-18T00:34:31.663339+00:00,1287236,081,2325,29,0,1789692127,,,SCHEDULED
2026-09-18T00:34:31.663339+00:00,1287236,081,2326,30,0,1789692192,,,SCHEDULED
2026-09-18T00:34:31.663339+00:00,1287236,081,2328,31,0,1789692284,,,SCHEDULED
2026-09-18T00:34:31.663339+00:00,1287236,081,2329,32,0,1789692338,,,SCHEDULED
2026-09-18T00:34:31.663339+00:00,1287236,081,2330,33,0,1789692397,,,SCHEDULED
2026-09-18T00:34:31.663339+00:00,1287236,081,4811,34,0,1789692457,,,SCHEDULED
2026-09-18T00:34:31.663339+00:00,1287236,081,4810,35,0,1789692503,,,SCHEDULED
2026-09-18T00:34:31.663339+00:00,1287516,084,3091,30,0,1789691684,,,SCHEDULED
2026-09-18T00:34:31.663339+00:00,1287516,084,3092,31,0,1789691781,,,SCHEDULED
2026-09-18T00:34:31.663339+00:00,1287516,084,3093,32,0,1789691887,,,SCHEDULED
2026-09-18T00:34:31.663339+00:00,1287516,084,3094,33,0,1789691939,,,SCHEDULED
2026-09-18T00:34:31.663339+00:00,1287516,084,3095,34,0,1789692025,,,SCHEDULED
2026-09-18T00:34:31.663339+00:00,1287516,084,3096,35,0,1789692151,,,SCHEDULED
2026-09-18T00:34:31.663339+00:00,1287516,084,3097,36,0,1789692244,,,SCHEDULED
2026-09-18T00:34:31.663339+00:00,1287516,084,3098,37,0,1789692342,,,SCHEDULED
2026-09-18T00:34:31.663339+00:00,1287516,084,9800,38,0,1789692407,,,SCHEDULED
2026-09-18T00:34:31.663339+00:00,1287516,084,3099,39,0,1789692502,,,SCHEDULED
2026-09-18T00:34:31.663339+00:00,1287516,084,3100,40,0,1789692546,,,SCHEDULED
2026-09-18T00:34:31.663339+00:00,1287516,084,3101,41,0,1789692582,,,SCHEDULED
2026-09-18T00:34:31.663339+00:00,1287516,084,3102,42,0,1789692611,,,SCHEDULED
2026-09-18T00:34:31.663339+00:00,1287516,084,3103,43,0,1789692698,,,SCHEDULED
2026-09-18T00:34:31.663339+00:00,1287516,084,3104,44,0,1789692736,,,SCHEDULED
2026-09-18T00:34:31.663339+00:00,1287516,084,3106,45,0,1789692796,,,SCHEDULED
2026-09-18T00:34:31.663339+00:00,1287516,084,3107,46,0,1789692828,,,SCHEDULED
2026-09-18T00:34:31.663339+00:00,1287516,084,3108,47,0,1789692870,,,SCHEDULED
2026-09-18T00:34:31.663339+00:00,1287516,084,3109,48,0,1789692917,,,SCHEDULED
2026-09-18T00:34:31.663339+00:00,1287516,084,3110,49,0,1789692965,,,SCHEDULED
2026-09-18T00:34:31.663339+00:00,1287516,084,3769,50,0,1789693007,,,SCHEDULED
2026-09-18T00:34:31.663339+00:00,1287516,084,3770,51,0,1789693055,,,SCHEDULED
2026-09-18T00:34:31.663339+00:00,1287516,084,3771,52,0,1789693088,,,SCHEDULED
2026-09-18T00:34:31.663339+00:00,1287516,084,3772,53,0,1789693132,,,SCHEDULED
2026-09-18T00:34:31.663339+00:00,1287516,084,3773,54,0,1789693183,,,SCHEDULED
2026-09-18T00:34:31.663339+00:00,1287516,084,3774,55,0,1789693229,,,SCHEDULED
2026-09-18T00:34:31.663339+00:00,1287516,084,3775,56,0,1789693259,,,SCHEDULED
2026-09-18T00:34:31.663339+00:00,1287516,084,3776,57,0,1789693298,,,SCHEDULED
2026-09-18T00:34:31.663339+00:00,1287516,084,3777,58,0,1789693420,,,SCHEDULED
2026-09-18T00:34:31.663339+00:00,1287517,084,1688,61,0,1789691696,,,SCHEDULED
2026-09-18T00:34:31.663339+00:00,1287517,084,1687,62,0,1789691788,,,SCHEDULED
2026-09-18T00:34:31.663339+00:00,1287517,084,265,63,0,1789691890,,,SCHEDULED
2026-09-18T00:34:31.663339+00:00,1287517,084,4731,64,0,1789692013,,,SCHEDULED
2026-09-18T00:34:31.663339+00:00,1287517,084,1303,65,0,1789692051,,,SCHEDULED
2026-09-18T00:34:31.663339+00:00,1287517,084,1291,66,0,1789692143,,,SCHEDULED
2026-09-18T00:34:31.663339+00:00,1287517,084,3696,67,0,1789692245,,,SCHEDULED
2026-09-18T00:34:31.663339+00:00,1287514,084,9817,1,,,0,1789692960,SCHEDULED
2026-09-18T00:34:31.663339+00:00,1287514,084,2755,2,0,1789693075,,,SCHEDULED
2026-09-18T00:34:31.663339+00:00,1287514,084,2756,3,0,1789693147,,,SCHEDULED
2026-09-18T00:34:31.663339+00:00,1287514,084,2757,4,0,1789693220,,,SCHEDULED
2026-09-18T00:34:31.663339+00:00,1287514,084,2954,5,0,1789693330,,,SCHEDULED
2026-09-18T00:34:31.663339+00:00,1287514,084,2955,6,0,1789693389,,,SCHEDULED
2026-09-18T00:34:31.663339+00:00,1287514,084,2956,7,0,1789693432,,,SCHEDULED
2026-09-18T00:34:31.663339+00:00,1285734,033,536,1,,,0,1789692240,SCHEDULED
2026-09-18T00:34:31.663339+00:00,1285734,033,537,2,0,1789692397,,,SCHEDULED
2026-09-18T00:34:31.663339+00:00,1287515,084,2958,9,0,1789691707,,,SCHEDULED
2026-09-18T00:34:31.663339+00:00,1287515,084,2959,10,0,1789691747,,,SCHEDULED
2026-09-18T00:34:31.663339+00:00,1287515,084,2960,11,0,1789691785,,,SCHEDULED
2026-09-18T00:34:31.663339+00:00,1287515,084,2961,12,0,1789691820,,,SCHEDULED
2026-09-18T00:34:31.663339+00:00,1287515,084,2962,13,0,1789692036,,,SCHEDULED
2026-09-18T00:34:31.663339+00:00,1287515,084,2963,14,0,1789692130,,,SCHEDULED
2026-09-18T00:34:31.663339+00:00,1287515,084,2964,15,0,1789692215,,,SCHEDULED
2026-09-18T00:34:31.663339+00:00,1287515,084,2965,16,0,1789692278,,,SCHEDULED
2026-09-18T00:34:31.663339+00:00,1287515,084,2966,17,0,1789692341,,,SCHEDULED
2026-09-18T00:34:31.663339+00:00,1287515,084,1155,18,0,1789692420,,,SCHEDULED
2026-09-18T00:34:31.663339+00:00,1287515,084,1156,19,0,1789692465,,,SCHEDULED
2026-09-18T00:34:31.663339+00:00,1287515,084,1674,20,0,1789692518,,,SCHEDULED
2026-09-18T00:34:31.663339+00:00,1287515,084,1675,21,0,1789692555,,,SCHEDULED
2026-09-18T00:34:31.663339+00:00,1287515,084,1677,22,0,1789692600,,,SCHEDULED
2026-09-18T00:34:31.663339+00:00,1287515,084,1127,23,0,1789692640,,,SCHEDULED
2026-09-18T00:34:31.663339+00:00,1287515,084,1128,24,0,1789692689,,,SCHEDULED
2026-09-18T00:34:31.663339+00:00,1287515,084,1129,25,0,1789692774,,,SCHEDULED
2026-09-18T00:34:31.663339+00:00,1287515,084,1130,26,0,1789692839,,,SCHEDULED
2026-09-18T00:34:31.663339+00:00,1287515,084,1131,27,0,1789692912,,,SCHEDULED
2026-09-18T00:34:31.663339+00:00,1287515,084,3089,28,0,1789692985,,,SCHEDULED
2026-09-18T00:34:31.663339+00:00,1287515,084,3090,29,0,1789693067,,,SCHEDULED
2026-09-18T00:34:31.663339+00:00,1287515,084,3091,30,0,1789693197,,,SCHEDULED
2026-09-18T00:34:31.663339+00:00,1287515,084,3092,31,0,1789693294,,,SCHEDULED
2026-09-18T00:34:31.663339+00:00,1287515,084,3093,32,0,1789693400,,,SCHEDULED
2026-09-18T00:34:31.663339+00:00,1285736,033,536,1,,,0,1789693440,SCHEDULED
2026-09-18T00:34:31.663339+00:00,1287070,078,336,1,,,0,1789692240,SCHEDULED
2026-09-18T00:34:31.663339+00:00,1287070,078,2739,2,0,1789692308,,,SCHEDULED
2026-09-18T00:34:31.663339+00:00,1287070,078,2740,3,0,1789692361,,,SCHEDULED
2026-09-18T00:34:31.663339+00:00,1287070,078,2741,4,0,1789692432,,,SCHEDULED
2026-09-18T00:34:31.663339+00:00,1287070,078,2742,5,0,1789692489,,,SCHEDULED
2026-09-18T00:34:31.663339+00:00,1287070,078,2743,6,0,1789692613,,,SCHEDULED
2026-09-18T00:34:31.663339+00:00,1287070,078,2744,7,0,1789692727,,,SCHEDULED
2026-09-18T00:34:31.663339+00:00,1287070,078,2745,8,0,1789692816,,,SCHEDULED
2026-09-18T00:34:31.663339+00:00,1285294,025,1057,1,,,0,1789691820,SCHEDULED
2026-09-18T00:34:31.663339+00:00,1285294,025,3332,2,0,1789691913,,,SCHEDULED
2026-09-18T00:34:31.663339+00:00,1285294,025,3333,3,0,1789692014,,,SCHEDULED
2026-09-18T00:34:31.663339+00:00,1285294,025,3334,4,0,1789692081,,,SCHEDULED
2026-09-18T00:34:31.663339+00:00,1285294,025,3335,5,0,1789692129,,,SCHEDULED
2026-09-18T00:34:31.663339+00:00,1285294,025,3336,6,0,1789692187,,,SCHEDULED
2026-09-18T00:34:31.663339+00:00,1285294,025,3337,7,0,1789692235,,,SCHEDULED
2026-09-18T00:34:31.663339+00:00,1285294,025,3338,8,0,1789692276,,,SCHEDULED
2026-09-18T00:34:31.663339+00:00,1285294,025,3339,9,0,1789692300,,,SCHEDULED
2026-09-18T00:34:31.663339+00:00,1285294,025,753,10,0,1789692327,,,SCHEDULED
2026-09-18T00:34:31.663339+00:00,1285294,025,3340,11,0,1789692348,,,SCHEDULED
2026-09-18T00:34:31.663339+00:00,1285294,025,3341,12,0,1789692384,,,SCHEDULED
2026-09-18T00:34:31.663339+00:00,1285294,025,3342,13,0,1789692431,,,SCHEDULED
2026-09-18T00:34:31.663339+00:00,1285294,025,3343,14,0,1789692456,,,SCHEDULED
2026-09-18T00:34:31.663339+00:00,1285294,025,4660,15,0,1789692524,,,SCHEDULED
2026-09-18T00:34:31.663339+00:00,1285294,025,5265,16,0,1789692581,,,SCHEDULED
2026-09-18T00:34:31.663339+00:00,1285294,025,4661,17,0,1789692653,,,SCHEDULED
2026-09-18T00:34:31.663339+00:00,1285294,025,4662,18,0,1789692729,,,SCHEDULED
2026-09-18T00:34:31.663339+00:00,1285294,025,3589,19,0,1789692818,,,SCHEDULED
2026-09-18T00:34:31.663339+00:00,1285294,025,3590,20,0,1789692840,,,SCHEDULED
2026-09-18T00:34:31.663339+00:00,1285294,025,3591,21,0,1789692911,,,SCHEDULED
2026-09-18T00:34:31.663339+00:00,1285294,025,3592,22,0,1789692963,,,SCHEDULED
2026-09-18T00:34:31.663339+00:00,1285294,025,3593,23,0,1789693023,,,SCHEDULED
2026-09-18T00:34:31.663339+00:00,1285294,025,3594,24,0,1789693076,,,SCHEDULED
2026-09-18T00:34:31.663339+00:00,1285294,025,3595,25,0,1789693125,,,SCHEDULED
2026-09-18T00:34:31.663339+00:00,1285294,025,3596,26,0,1789693196,,,SCHEDULED
2026-09-18T00:34:31.663339+00:00,1285294,025,3597,27,0,1789693260,,,SCHEDULED
2026-09-18T00:34:31.663339+00:00,1285294,025,3598,28,0,1789693319,,,SCHEDULED
2026-09-18T00:34:31.663339+00:00,1285294,025,3599,29,0,1789693357,,,SCHEDULED
2026-09-18T00:34:31.663339+00:00,1285294,025,3600,30,0,1789693414,,,SCHEDULED
2026-09-18T00:34:31.663339+00:00,1288212,124,3282,34,0,1789691696,,,SCHEDULED
2026-09-18T00:34:31.663339+00:00,1288212,124,3283,35,0,1789691747,,,SCHEDULED
2026-09-18T00:34:31.663339+00:00,1288212,124,3285,36,0,1789691850,,,SCHEDULED
2026-09-18T00:34:31.663339+00:00,1288212,124,3286,37,0,1789691901,,,SCHEDULED
2026-09-18T00:34:31.663339+00:00,1288212,124,3287,38,0,1789691999,,,SCHEDULED
2026-09-18T00:34:31.663339+00:00,1285581,030,1718,9,0,1789691731,,,SCHEDULED
2026-09-18T00:34:31.663339+00:00,1285581,030,1720,10,0,1789691830,,,SCHEDULED
2026-09-18T00:34:31.663339+00:00,1285581,030,1721,11,0,1789691963,,,SCHEDULED
2026-09-18T00:34:31.663339+00:00,1285581,030,1722,12,0,1789692030,,,SCHEDULED
2026-09-18T00:34:31.663339+00:00,1285581,030,1723,13,0,1789692055,,,SCHEDULED
2026-09-18T00:34:31.663339+00:00,1285581,030,1725,14,0,1789692130,,,SCHEDULED
2026-09-18T00:34:31.663339+00:00,1285581,030,1726,15,0,1789692181,,,SCHEDULED
2026-09-18T00:34:31.663339+00:00,1285581,030,1727,16,0,1789692232,,,SCHEDULED
2026-09-18T00:34:31.663339+00:00,1285581,030,1728,17,0,1789692287,,,SCHEDULED
2026-09-18T00:34:31.663339+00:00,1285581,030,1729,18,0,1789692355,,,SCHEDULED
2026-09-18T00:34:31.663339+00:00,1285581,030,1730,19,0,1789692385,,,SCHEDULED
2026-09-18T00:34:31.663339+00:00,1285581,030,1732,20,0,1789692424,,,SCHEDULED
2026-09-18T00:34:31.663339+00:00,1285581,030,1734,21,0,1789692482,,,SCHEDULED
2026-09-18T00:34:31.663339+00:00,1285581,030,1735,22,0,1789692502,,,SCHEDULED
2026-09-18T00:34:31.663339+00:00,1285581,030,1736,23,0,1789692527,,,SCHEDULED
2026-09-18T00:34:31.663339+00:00,1285581,030,1737,24,0,1789692552,,,SCHEDULED
2026-09-18T00:34:31.663339+00:00,1285581,030,1739,25,0,1789692619,,,SCHEDULED
2026-09-18T00:34:31.663339+00:00,1288056,093,4655,6,0,1789691690,,,SCHEDULED
2026-09-18T00:34:31.663339+00:00,1288056,093,875,7,0,1789691752,,,SCHEDULED
2026-09-18T00:34:31.663339+00:00,1288056,093,5369,8,0,1789691833,,,SCHEDULED
2026-09-18T00:34:31.663339+00:00,1288056,093,4720,9,0,1789691939,,,SCHEDULED
2026-09-18T00:34:31.663339+00:00,1288056,093,4721,10,0,1789691993,,,SCHEDULED
2026-09-18T00:34:31.663339+00:00,1288056,093,4743,11,0,1789692065,,,SCHEDULED
2026-09-18T00:34:31.663339+00:00,1288056,093,1576,12,0,1789692159,,,SCHEDULED
2026-09-18T00:34:31.663339+00:00,1288056,093,3555,13,0,1789692394,,,SCHEDULED
2026-09-18T00:34:31.663339+00:00,1288056,093,3556,14,0,1789692435,,,SCHEDULED
2026-09-18T00:34:31.663339+00:00,1288056,093,3557,15,0,1789692485,,,SCHEDULED
2026-09-18T00:34:31.663339+00:00,1288056,093,3540,16,0,1789692545,,,SCHEDULED
2026-09-18T00:34:31.663339+00:00,1288056,093,3541,17,0,1789692582,,,SCHEDULED
2026-09-18T00:34:31.663339+00:00,1288056,093,3542,18,0,1789692606,,,SCHEDULED
2026-09-18T00:34:31.663339+00:00,1288056,093,3543,19,0,1789692641,,,SCHEDULED
2026-09-18T00:34:31.663339+00:00,1288056,093,3544,20,0,1789692677,,,SCHEDULED
2026-09-18T00:34:31.663339+00:00,1288056,093,3545,21,0,1789692719,,,SCHEDULED
2026-09-18T00:34:31.663339+00:00,1288056,093,3547,22,0,1789692809,,,SCHEDULED
2026-09-18T00:34:31.663339+00:00,1288056,093,3548,23,0,1789692860,,,SCHEDULED
2026-09-18T00:34:31.663339+00:00,1288056,093,3549,24,0,1789692898,,,SCHEDULED
2026-09-18T00:34:31.663339+00:00,1288056,093,3550,25,0,1789692945,,,SCHEDULED
2026-09-18T00:34:31.663339+00:00,1288056,093,3551,26,0,1789692993,,,SCHEDULED
2026-09-18T00:34:31.663339+00:00,1288056,093,3552,27,0,1789693040,,,SCHEDULED
2026-09-18T00:34:31.663339+00:00,1288056,093,3508,28,0,1789693085,,,SCHEDULED
2026-09-18T00:34:31.663339+00:00,1288056,093,3509,29,0,1789693134,,,SCHEDULED
2026-09-18T00:34:31.663339+00:00,1288056,093,3510,30,0,1789693191,,,SCHEDULED
2026-09-18T00:34:31.663339+00:00,1288056,093,3069,31,0,1789693337,,,SCHEDULED
2026-09-18T00:34:31.663339+00:00,1288056,093,3049,32,0,1789693424,,,SCHEDULED
2026-09-18T00:34:31.663339+00:00,1288211,124,5285,12,0,1789691711,,,SCHEDULED
2026-09-18T00:34:31.663339+00:00,1288211,124,3026,13,0,1789691989,,,SCHEDULED
2026-09-18T00:34:31.663339+00:00,1288211,124,3027,14,0,1789692061,,,SCHEDULED
2026-09-18T00:34:31.663339+00:00,1288211,124,3028,15,0,1789692133,,,SCHEDULED
2026-09-18T00:34:31.663339+00:00,1288211,124,2798,16,0,1789692491,,,SCHEDULED
2026-09-18T00:34:31.663339+00:00,1288211,124,2799,17,0,1789692520,,,SCHEDULED
2026-09-18T00:34:31.663339+00:00,1288211,124,2800,18,0,1789692593,,,SCHEDULED
2026-09-18T00:34:31.663339+00:00,1288211,124,3273,19,0,1789692631,,,SCHEDULED
2026-09-18T00:34:31.663339+00:00,1288211,124,3040,20,0,1789692728,,,SCHEDULED
2026-09-18T00:34:31.663339+00:00,1288211,124,4775,21,0,1789692794,,,SCHEDULED
2026-09-18T00:34:31.663339+00:00,1288211,124,3042,22,0,1789692830,,,SCHEDULED
2026-09-18T00:34:31.663339+00:00,1288211,124,3043,23,0,1789692860,,,SCHEDULED
2026-09-18T00:34:31.663339+00:00,1288211,124,627,24,0,1789692905,,,SCHEDULED
2026-09-18T00:34:31.663339+00:00,1288211,124,1322,25,0,1789692942,,,SCHEDULED
2026-09-18T00:34:31.663339+00:00,1288211,124,1323,26,0,1789692986,,,SCHEDULED
2026-09-18T00:34:31.663339+00:00,1288211,124,1324,27,0,1789693037,,,SCHEDULED
2026-09-18T00:34:31.663339+00:00,1288211,124,1325,28,0,1789693096,,,SCHEDULED
2026-09-18T00:34:31.663339+00:00,1288211,124,1326,29,0,1789693147,,,SCHEDULED
2026-09-18T00:34:31.663339+00:00,1288211,124,1327,30,0,1789693189,,,SCHEDULED
2026-09-18T00:34:31.663339+00:00,1288211,124,3456,31,0,1789693275,,,SCHEDULED
2026-09-18T00:34:31.663339+00:00,1288211,124,5359,32,0,1789693326,,,SCHEDULED
2026-09-18T00:34:31.663339+00:00,1288211,124,3457,33,0,1789693377,,,SCHEDULED
2026-09-18T00:34:31.663339+00:00,1288211,124,3282,34,0,1789693461,,,SCHEDULED
2026-09-18T00:34:31.663339+00:00,1288057,093,3071,34,0,1789691707,,,SCHEDULED
2026-09-18T00:34:31.663339+00:00,1288057,093,3072,35,0,1789691743,,,SCHEDULED
2026-09-18T00:34:31.663339+00:00,1288210,124,9921,1,,,0,1789692432,SCHEDULED
2026-09-18T00:34:31.663339+00:00,1288210,124,4064,2,0,1789692681,,,SCHEDULED
2026-09-18T00:34:31.663339+00:00,1288210,124,4065,3,0,1789692750,,,SCHEDULED
2026-09-18T00:34:31.663339+00:00,1288210,124,837,4,0,1789692782,,,SCHEDULED
2026-09-18T00:34:31.663339+00:00,1288210,124,3811,5,0,1789692852,,,SCHEDULED
2026-09-18T00:34:31.663339+00:00,1288210,124,3812,6,0,1789692893,,,SCHEDULED
2026-09-18T00:34:31.663339+00:00,1288210,124,3813,7,0,1789692917,,,SCHEDULED
2026-09-18T00:34:31.663339+00:00,1288210,124,4068,8,0,1789692970,,,SCHEDULED
2026-09-18T00:34:31.663339+00:00,1288210,124,953,9,0,1789693041,,,SCHEDULED
2026-09-18T00:34:31.663339+00:00,1288210,124,951,10,0,1789693158,,,SCHEDULED
2026-09-18T00:34:31.663339+00:00,1288210,124,5289,11,0,1789693268,,,SCHEDULED
2026-09-18T00:34:31.663339+00:00,1288210,124,5285,12,0,1789693332,,,SCHEDULED
2026-09-18T00:34:31.663339+00:00,1288217,129,1099,10,0,1789691678,,,SCHEDULED
2026-09-18T00:34:31.663339+00:00,1288217,129,1100,11,0,1789691821,,,SCHEDULED
2026-09-18T00:34:31.663339+00:00,1288217,129,1101,12,0,1789691918,,,SCHEDULED
2026-09-18T00:34:31.663339+00:00,1288217,129,1102,13,0,1789692001,,,SCHEDULED
2026-09-18T00:34:31.663339+00:00,1288217,129,1103,14,0,1789692093,,,SCHEDULED
2026-09-18T00:34:31.663339+00:00,1288217,129,1104,15,0,1789692181,,,SCHEDULED
2026-09-18T00:34:31.663339+00:00,1288217,129,1105,16,0,1789692278,,,SCHEDULED
2026-09-18T00:34:31.663339+00:00,1288217,129,1106,17,0,1789692362,,,SCHEDULED
2026-09-18T00:34:31.663339+00:00,1288217,129,1107,18,0,1789692410,,,SCHEDULED
2026-09-18T00:34:31.663339+00:00,1288217,129,1108,19,0,1789692464,,,SCHEDULED
2026-09-18T00:34:31.663339+00:00,1288217,129,1109,20,0,1789692518,,,SCHEDULED
2026-09-18T00:34:31.663339+00:00,1288217,129,1110,21,0,1789692565,,,SCHEDULED
2026-09-18T00:34:31.663339+00:00,1288217,129,1111,22,0,1789692623,,,SCHEDULED
2026-09-18T00:34:31.663339+00:00,1288217,129,1112,23,0,1789692678,,,SCHEDULED
2026-09-18T00:34:31.663339+00:00,1288217,129,1113,24,0,1789692725,,,SCHEDULED
2026-09-18T00:34:31.663339+00:00,1288217,129,1114,25,0,1789692788,,,SCHEDULED
2026-09-18T00:34:31.663339+00:00,1288217,129,1115,26,0,1789692822,,,SCHEDULED
2026-09-18T00:34:31.663339+00:00,1288217,129,1116,27,0,1789692888,,,SCHEDULED
2026-09-18T00:34:31.663339+00:00,1288217,129,1175,28,0,1789692938,,,SCHEDULED
2026-09-18T00:34:31.663339+00:00,1288217,129,1176,29,0,1789692964,,,SCHEDULED
2026-09-18T00:34:31.663339+00:00,1288217,129,1177,30,0,1789693024,,,SCHEDULED
2026-09-18T00:34:31.663339+00:00,1288217,129,1178,31,0,1789693043,,,SCHEDULED
2026-09-18T00:34:31.663339+00:00,1288217,129,1180,32,0,1789693088,,,SCHEDULED
2026-09-18T00:34:31.663339+00:00,1288217,129,1183,33,0,1789693126,,,SCHEDULED
2026-09-18T00:34:31.663339+00:00,1288217,129,1181,34,0,1789693153,,,SCHEDULED
2026-09-18T00:34:31.663339+00:00,1288217,129,1182,35,0,1789693192,,,SCHEDULED
2026-09-18T00:34:31.663339+00:00,1288217,129,1284,36,0,1789693238,,,SCHEDULED
2026-09-18T00:34:31.663339+00:00,1288217,129,1286,37,0,1789693348,,,SCHEDULED
2026-09-18T00:34:31.663339+00:00,1288217,129,1287,38,0,1789693380,,,SCHEDULED
2026-09-18T00:34:31.663339+00:00,1288217,129,1288,39,0,1789693426,,,SCHEDULED
2026-09-18T00:34:31.663339+00:00,1288216,129,1292,42,0,1789691680,,,SCHEDULED
2026-09-18T00:34:31.663339+00:00,1288216,129,1293,43,0,1789691723,,,SCHEDULED
2026-09-18T00:34:31.663339+00:00,1288216,129,1294,44,0,1789691774,,,SCHEDULED
2026-09-18T00:34:31.663339+00:00,1288216,129,1295,45,0,1789691815,,,SCHEDULED
2026-09-18T00:34:31.663339+00:00,1288216,129,1296,46,0,1789691874,,,SCHEDULED
2026-09-18T00:34:31.663339+00:00,1288216,129,1298,47,0,1789691925,,,SCHEDULED
2026-09-18T00:34:31.663339+00:00,1288216,129,1299,48,0,1789691986,,,SCHEDULED
2026-09-18T00:34:31.663339+00:00,1288216,129,1300,49,0,1789692027,,,SCHEDULED
2026-09-18T00:34:31.663339+00:00,1288216,129,1301,50,0,1789692060,,,SCHEDULED
2026-09-18T00:34:31.663339+00:00,1288216,129,1302,51,0,1789692116,,,SCHEDULED
2026-09-18T00:34:31.663339+00:00,1286317,061,3131,1,,,0,1789692240,SCHEDULED
2026-09-18T00:34:31.663339+00:00,1286317,061,1860,2,0,1789692299,,,SCHEDULED
2026-09-18T00:34:31.663339+00:00,1286317,061,1861,3,0,1789692330,,,SCHEDULED
2026-09-18T00:34:31.663339+00:00,1286317,061,1862,4,0,1789692399,,,SCHEDULED
2026-09-18T00:34:31.663339+00:00,1286317,061,1863,5,0,1789692486,,,SCHEDULED
2026-09-18T00:34:31.663339+00:00,1286317,061,1864,6,0,1789692611,,,SCHEDULED
2026-09-18T00:34:31.663339+00:00,1286317,061,1865,7,0,1789692652,,,SCHEDULED
2026-09-18T00:34:31.663339+00:00,1286317,061,1866,8,0,1789692683,,,SCHEDULED
2026-09-18T00:34:31.663339+00:00,1286317,061,1867,9,0,1789692733,,,SCHEDULED
2026-09-18T00:34:31.663339+00:00,1286317,061,1868,10,0,1789692780,,,SCHEDULED
2026-09-18T00:34:31.663339+00:00,1286317,061,1870,11,0,1789692827,,,SCHEDULED
2026-09-18T00:34:31.663339+00:00,1286317,061,1871,12,0,1789692860,,,SCHEDULED
2026-09-18T00:34:31.663339+00:00,1286317,061,1872,13,0,1789692874,,,SCHEDULED
2026-09-18T00:34:31.663339+00:00,1286317,061,1873,14,0,1789692916,,,SCHEDULED
2026-09-18T00:34:31.663339+00:00,1286317,061,1874,15,0,1789692972,,,SCHEDULED
2026-09-18T00:34:31.663339+00:00,1286317,061,1875,16,0,1789693014,,,SCHEDULED
2026-09-18T00:34:31.663339+00:00,1286317,061,1876,17,0,1789693049,,,SCHEDULED
2026-09-18T00:34:31.663339+00:00,1286317,061,1877,18,0,1789693091,,,SCHEDULED
2026-09-18T00:34:31.663339+00:00,1286317,061,1878,19,0,1789693159,,,SCHEDULED
2026-09-18T00:34:31.663339+00:00,1286317,061,1879,20,0,1789693194,,,SCHEDULED
2026-09-18T00:34:31.663339+00:00,1286317,061,2201,21,0,1789693260,,,SCHEDULED
2026-09-18T00:34:31.663339+00:00,1286317,061,2202,22,0,1789693295,,,SCHEDULED
2026-09-18T00:34:31.663339+00:00,1286317,061,2203,23,0,1789693328,,,SCHEDULED
2026-09-18T00:34:31.663339+00:00,1286317,061,2204,24,0,1789693363,,,SCHEDULED
2026-09-18T00:34:31.663339+00:00,1286317,061,2205,25,0,1789693402,,,SCHEDULED
2026-09-18T00:34:31.663339+00:00,1286317,061,2206,26,0,1789693431,,,SCHEDULED
2026-09-18T00:34:31.663339+00:00,1286318,061,2207,28,0,1789691691,,,SCHEDULED
2026-09-18T00:34:31.663339+00:00,1286318,061,2208,29,0,1789691713,,,SCHEDULED
2026-09-18T00:34:31.663339+00:00,1286318,061,2209,30,0,1789691749,,,SCHEDULED
2026-09-18T00:34:31.663339+00:00,1286318,061,2210,31,0,1789691778,,,SCHEDULED
2026-09-18T00:34:31.663339+00:00,1286318,061,2211,32,0,1789691817,,,SCHEDULED
2026-09-18T00:34:31.663339+00:00,1286318,061,2212,33,0,1789691840,,,SCHEDULED
2026-09-18T00:34:31.663339+00:00,1286318,061,2213,34,0,1789691869,,,SCHEDULED
2026-09-18T00:34:31.663339+00:00,1286318,061,2214,35,0,1789691915,,,SCHEDULED
2026-09-18T00:34:31.663339+00:00,1286318,061,2215,36,0,1789691980,,,SCHEDULED
2026-09-18T00:34:31.663339+00:00,1286318,061,2216,37,0,1789692034,,,SCHEDULED
2026-09-18T00:34:31.663339+00:00,1286318,061,2217,38,0,1789692087,,,SCHEDULED
2026-09-18T00:34:31.663339+00:00,1286318,061,2218,39,0,1789692134,,,SCHEDULED
2026-09-18T00:34:31.663339+00:00,1286318,061,2220,40,0,1789692187,,,SCHEDULED
2026-09-18T00:34:31.663339+00:00,1286318,061,2221,41,0,1789692294,,,SCHEDULED
2026-09-18T00:34:31.663339+00:00,1286318,061,2222,42,0,1789692322,,,SCHEDULED
2026-09-18T00:34:31.663339+00:00,1286318,061,2223,43,0,1789692369,,,SCHEDULED
2026-09-18T00:34:31.663339+00:00,1286318,061,6107,44,0,1789692395,,,SCHEDULED
2026-09-18T00:34:31.663339+00:00,1286318,061,2224,45,0,1789692452,,,SCHEDULED
2026-09-18T00:34:31.663339+00:00,1286318,061,2225,46,0,1789692475,,,SCHEDULED
2026-09-18T00:34:31.663339+00:00,1286318,061,2226,47,0,1789692509,,,SCHEDULED
2026-09-18T00:34:31.663339+00:00,1286318,061,2227,48,0,1789692543,,,SCHEDULED
2026-09-18T00:34:31.663339+00:00,1286318,061,2228,49,0,1789692575,,,SCHEDULED
2026-09-18T00:34:31.663339+00:00,1286318,061,6100,50,0,1789692614,,,SCHEDULED
2026-09-18T00:34:31.663339+00:00,1286318,061,997,51,0,1789692770,,,SCHEDULED
2026-09-18T00:34:31.663339+00:00,1286318,061,998,52,0,1789692815,,,SCHEDULED
2026-09-18T00:34:31.663339+00:00,1286318,061,999,53,0,1789692845,,,SCHEDULED
2026-09-18T00:34:31.663339+00:00,1286318,061,249,54,0,1789692878,,,SCHEDULED
2026-09-18T00:34:31.663339+00:00,1286318,061,248,55,0,1789692925,,,SCHEDULED
2026-09-18T00:34:31.663339+00:00,1286318,061,250,56,0,1789692962,,,SCHEDULED
2026-09-18T00:34:31.663339+00:00,1286318,061,264,57,0,1789693074,,,SCHEDULED
2026-09-18T00:34:31.663339+00:00,1286318,061,263,58,0,1789693120,,,SCHEDULED
2026-09-18T00:34:31.663339+00:00,1286318,061,2180,59,0,1789693158,,,SCHEDULED
2026-09-18T00:34:31.663339+00:00,1286318,061,2181,60,0,1789693193,,,SCHEDULED
2026-09-18T00:34:31.663339+00:00,1286318,061,4395,61,0,1789693332,,,SCHEDULED
2026-09-18T00:34:31.663339+00:00,1286318,061,4396,62,0,1789693370,,,SCHEDULED
2026-09-18T00:34:31.663339+00:00,1286318,061,4397,63,0,1789693401,,,SCHEDULED
2026-09-18T00:34:31.663339+00:00,1285746,033,5259,2,0,1789691825,,,SCHEDULED
2026-09-18T00:34:31.663339+00:00,1285746,033,5260,3,0,1789691880,,,SCHEDULED
2026-09-18T00:34:31.663339+00:00,1285746,033,5257,4,0,1789691906,,,SCHEDULED
2026-09-18T00:34:31.663339+00:00,1285746,033,5247,5,0,1789692084,,,SCHEDULED
2026-09-18T00:34:31.663339+00:00,1287921,088,9807,1,,,0,1789692060,SCHEDULED
2026-09-18T00:34:31.663339+00:00,1287921,088,284,2,0,1789692135,,,SCHEDULED
2026-09-18T00:34:31.663339+00:00,1287921,088,684,3,0,1789692176,,,SCHEDULED
2026-09-18T00:34:31.663339+00:00,1287921,088,685,4,0,1789692247,,,SCHEDULED
2026-09-18T00:34:31.663339+00:00,1287921,088,1400,5,0,1789692268,,,SCHEDULED
2026-09-18T00:34:31.663339+00:00,1287921,088,1401,6,0,1789692301,,,SCHEDULED
2026-09-18T00:34:31.663339+00:00,1287921,088,1402,7,0,1789692344,,,SCHEDULED
2026-09-18T00:34:31.663339+00:00,1287921,088,1403,8,0,1789692496,,,SCHEDULED
2026-09-18T00:34:31.663339+00:00,1287921,088,1404,9,0,1789692540,,,SCHEDULED
2026-09-18T00:34:31.663339+00:00,1287921,088,1405,10,0,1789692579,,,SCHEDULED
2026-09-18T00:34:31.663339+00:00,1287921,088,1406,11,0,1789692595,,,SCHEDULED
2026-09-18T00:34:31.663339+00:00,1287921,088,1407,12,0,1789692642,,,SCHEDULED
2026-09-18T00:34:31.663339+00:00,1287921,088,1408,13,0,1789692690,,,SCHEDULED
2026-09-18T00:34:31.663339+00:00,1287921,088,1409,14,0,1789692753,,,SCHEDULED
2026-09-18T00:34:31.663339+00:00,1287921,088,1410,15,0,1789692816,,,SCHEDULED
2026-09-18T00:34:31.663339+00:00,1287921,088,1411,16,0,1789692864,,,SCHEDULED
2026-09-18T00:34:31.663339+00:00,1287921,088,1412,17,0,1789692903,,,SCHEDULED
2026-09-18T00:34:31.663339+00:00,1287921,088,1413,18,0,1789692935,,,SCHEDULED
2026-09-18T00:34:31.663339+00:00,1287921,088,1414,19,0,1789693080,,,SCHEDULED
2026-09-18T00:34:31.663339+00:00,1287921,088,1415,20,0,1789693129,,,SCHEDULED
2026-09-18T00:34:31.663339+00:00,1287921,088,1416,21,0,1789693172,,,SCHEDULED
2026-09-18T00:34:31.663339+00:00,1287921,088,1417,22,0,1789693198,,,SCHEDULED
2026-09-18T00:34:31.663339+00:00,1285900,051,1899,15,0,1789691707,,,SCHEDULED
2026-09-18T00:34:31.663339+00:00,1285900,051,1901,16,0,1789691750,,,SCHEDULED
2026-09-18T00:34:31.663339+00:00,1285900,051,1902,17,0,1789691787,,,SCHEDULED
2026-09-18T00:34:31.663339+00:00,1285900,051,1904,18,0,1789691859,,,SCHEDULED
2026-09-18T00:34:31.663339+00:00,1285900,051,1905,19,0,1789691903,,,SCHEDULED
2026-09-18T00:34:31.663339+00:00,1285900,051,1906,20,0,1789691951,,,SCHEDULED
2026-09-18T00:34:31.663339+00:00,1285900,051,1907,21,0,1789691999,,,SCHEDULED
2026-09-18T00:34:31.663339+00:00,1285900,051,1908,22,0,1789692035,,,SCHEDULED
2026-09-18T00:34:31.663339+00:00,1285900,051,1911,23,0,1789692127,,,SCHEDULED
2026-09-18T00:34:31.663339+00:00,1285900,051,1913,24,0,1789692224,,,SCHEDULED
2026-09-18T00:34:31.663339+00:00,1285900,051,1914,25,0,1789692281,,,SCHEDULED
2026-09-18T00:34:31.663339+00:00,1285900,051,1915,26,0,1789692339,,,SCHEDULED
2026-09-18T00:34:31.663339+00:00,1285900,051,1916,27,0,1789692392,,,SCHEDULED
2026-09-18T00:34:31.663339+00:00,1285900,051,1917,28,0,1789692442,,,SCHEDULED
2026-09-18T00:34:31.663339+00:00,1285900,051,1918,29,0,1789692504,,,SCHEDULED
2026-09-18T00:34:31.663339+00:00,1285900,051,1919,30,0,1789692550,,,SCHEDULED
2026-09-18T00:34:31.663339+00:00,1285900,051,1920,31,0,1789692573,,,SCHEDULED
2026-09-18T00:34:31.663339+00:00,1285900,051,1921,32,0,1789692603,,,SCHEDULED
2026-09-18T00:34:31.663339+00:00,1285900,051,1922,33,0,1789692642,,,SCHEDULED
2026-09-18T00:34:31.663339+00:00,1285900,051,1923,34,0,1789692669,,,SCHEDULED
2026-09-18T00:34:31.663339+00:00,1285900,051,1924,35,0,1789692719,,,SCHEDULED
2026-09-18T00:34:31.663339+00:00,1285900,051,1925,36,0,1789692769,,,SCHEDULED
2026-09-18T00:34:31.663339+00:00,1285900,051,1926,37,0,1789692819,,,SCHEDULED
2026-09-18T00:34:31.663339+00:00,1285900,051,1940,38,0,1789692841,,,SCHEDULED
2026-09-18T00:34:31.663339+00:00,1285900,051,320,39,0,1789692877,,,SCHEDULED
2026-09-18T00:34:31.663339+00:00,1285900,051,1209,40,0,1789692899,,,SCHEDULED
2026-09-18T00:34:31.663339+00:00,1285900,051,321,41,0,1789692925,,,SCHEDULED
2026-09-18T00:34:31.663339+00:00,1285900,051,322,42,0,1789692969,,,SCHEDULED
2026-09-18T00:34:31.663339+00:00,1285900,051,324,43,0,1789693059,,,SCHEDULED
2026-09-18T00:34:31.663339+00:00,1285900,051,325,44,0,1789693081,,,SCHEDULED
2026-09-18T00:34:31.663339+00:00,1285900,051,327,46,0,1789693125,,,SCHEDULED
2026-09-18T00:34:31.663339+00:00,1285900,051,328,47,0,1789693145,,,SCHEDULED
2026-09-18T00:34:31.663339+00:00,1285900,051,329,48,0,1789693179,,,SCHEDULED
2026-09-18T00:34:31.663339+00:00,1285900,051,330,49,0,1789693263,,,SCHEDULED
2026-09-18T00:34:31.663339+00:00,1285900,051,331,50,0,1789693315,,,SCHEDULED
2026-09-18T00:34:31.663339+00:00,1284934,019,9807,1,,,0,1789692780,SCHEDULED
2026-09-18T00:34:31.663339+00:00,1284934,019,284,2,0,1789692866,,,SCHEDULED
2026-09-18T00:34:31.663339+00:00,1284934,019,684,3,0,1789692913,,,SCHEDULED
2026-09-18T00:34:31.663339+00:00,1284934,019,685,4,0,1789692994,,,SCHEDULED
2026-09-18T00:34:31.663339+00:00,1284934,019,686,5,0,1789693022,,,SCHEDULED
2026-09-18T00:34:31.663339+00:00,1284934,019,687,6,0,1789693108,,,SCHEDULED
2026-09-18T00:34:31.663339+00:00,1284934,019,688,7,0,1789693146,,,SCHEDULED
2026-09-18T00:34:31.663339+00:00,1284934,019,689,8,0,1789693180,,,SCHEDULED
2026-09-18T00:34:31.663339+00:00,1284934,019,690,9,0,1789693226,,,SCHEDULED
2026-09-18T00:34:31.663339+00:00,1284934,019,5245,10,0,1789693341,,,SCHEDULED
2026-09-18T00:34:31.663339+00:00,1284934,019,706,11,0,1789693410,,,SCHEDULED
2026-09-18T00:34:31.663339+00:00,1286319,061,4395,61,0,1789691765,,,SCHEDULED
2026-09-18T00:34:31.663339+00:00,1286319,061,4396,62,0,1789691803,,,SCHEDULED
2026-09-18T00:34:31.663339+00:00,1286319,061,4397,63,0,1789691834,,,SCHEDULED
2026-09-18T00:34:31.663339+00:00,1286319,061,4398,64,0,1789691870,,,SCHEDULED
2026-09-18T00:34:31.663339+00:00,1286319,061,4391,65,0,1789691916,,,SCHEDULED
2026-09-18T00:34:31.663339+00:00,1286319,061,4399,66,0,1789691937,,,SCHEDULED
2026-09-18T00:34:31.663339+00:00,1286319,061,4392,67,0,1789691960,,,SCHEDULED
2026-09-18T00:34:31.663339+00:00,1284815,015,839,18,0,1789691693,,,SCHEDULED
2026-09-18T00:34:31.663339+00:00,1284815,015,840,19,0,1789691758,,,SCHEDULED
2026-09-18T00:34:31.663339+00:00,1284815,015,841,20,0,1789691800,,,SCHEDULED
2026-09-18T00:34:31.663339+00:00,1284815,015,842,21,0,1789691817,,,SCHEDULED
2026-09-18T00:34:31.663339+00:00,1284815,015,843,22,0,1789691835,,,SCHEDULED
2026-09-18T00:34:31.663339+00:00,1284815,015,845,23,0,1789691872,,,SCHEDULED
2026-09-18T00:34:31.663339+00:00,1284815,015,846,24,0,1789691882,,,SCHEDULED
2026-09-18T00:34:31.663339+00:00,1284815,015,847,25,0,1789691902,,,SCHEDULED
2026-09-18T00:34:31.663339+00:00,1284815,015,848,26,0,1789691918,,,SCHEDULED
2026-09-18T00:34:31.663339+00:00,1284815,015,3098,27,0,1789692197,,,SCHEDULED
2026-09-18T00:34:31.663339+00:00,1284935,019,3115,34,0,1789691834,,,SCHEDULED
2026-09-18T00:34:31.663339+00:00,1284935,019,3116,35,0,1789691860,,,SCHEDULED
2026-09-18T00:34:31.663339+00:00,1284935,019,3117,36,0,1789691880,,,SCHEDULED
2026-09-18T00:34:31.663339+00:00,1284935,019,3118,37,0,1789691914,,,SCHEDULED
2026-09-18T00:34:31.663339+00:00,1284935,019,3119,38,0,1789691931,,,SCHEDULED
2026-09-18T00:34:31.663339+00:00,1284935,019,3121,39,0,1789691972,,,SCHEDULED
2026-09-18T00:34:31.663339+00:00,1284935,019,3122,40,0,1789692005,,,SCHEDULED
2026-09-18T00:34:31.663339+00:00,1284935,019,3123,41,0,1789692052,,,SCHEDULED
2026-09-18T00:34:31.663339+00:00,1284935,019,3124,42,0,1789692095,,,SCHEDULED
2026-09-18T00:34:31.663339+00:00,1284935,019,3125,43,0,1789692128,,,SCHEDULED
2026-09-18T00:34:31.663339+00:00,1284935,019,3696,44,0,1789692205,,,SCHEDULED
2026-09-18T00:34:31.663339+00:00,1284929,019,3052,1,,,0,1789692780,SCHEDULED
2026-09-18T00:34:31.663339+00:00,1284929,019,3054,2,0,1789692849,,,SCHEDULED
2026-09-18T00:34:31.663339+00:00,1284929,019,3055,3,0,1789692904,,,SCHEDULED
2026-09-18T00:34:31.663339+00:00,1284929,019,3056,4,0,1789692953,,,SCHEDULED
2026-09-18T00:34:31.663339+00:00,1284929,019,3057,5,0,1789692985,,,SCHEDULED
2026-09-18T00:34:31.663339+00:00,1284929,019,3058,6,0,1789693036,,,SCHEDULED
2026-09-18T00:34:31.663339+00:00,1284929,019,3059,7,0,1789693080,,,SCHEDULED
2026-09-18T00:34:31.663339+00:00,1284928,019,5242,37,0,1789691672,,,SCHEDULED
2026-09-18T00:34:31.663339+00:00,1284928,019,829,38,0,1789691698,,,SCHEDULED
2026-09-18T00:34:31.663339+00:00,1284928,019,5271,39,0,1789691817,,,SCHEDULED
2026-09-18T00:34:31.663339+00:00,1288172,102,126,10,0,1789691715,,,SCHEDULED
2026-09-18T00:34:31.663339+00:00,1288172,102,127,11,0,1789691748,,,SCHEDULED
2026-09-18T00:34:31.663339+00:00,1288172,102,128,12,0,1789691841,,,SCHEDULED
2026-09-18T00:34:31.663339+00:00,1288172,102,130,13,0,1789691925,,,SCHEDULED
2026-09-18T00:34:31.663339+00:00,1288172,102,131,14,0,1789691940,,,SCHEDULED
2026-09-18T00:34:31.663339+00:00,1288172,102,132,15,0,1789691953,,,SCHEDULED
2026-09-18T00:34:31.663339+00:00,1288172,102,133,16,0,1789691973,,,SCHEDULED
2026-09-18T00:34:31.663339+00:00,1288172,102,134,17,0,1789691985,,,SCHEDULED
2026-09-18T00:34:31.663339+00:00,1288172,102,135,18,0,1789692001,,,SCHEDULED
2026-09-18T00:34:31.663339+00:00,1288172,102,136,19,0,1789692019,,,SCHEDULED
2026-09-18T00:34:31.663339+00:00,1288172,102,137,20,0,1789692029,,,SCHEDULED
2026-09-18T00:34:31.663339+00:00,1288172,102,138,21,0,1789692045,,,SCHEDULED
2026-09-18T00:34:31.663339+00:00,1288172,102,139,22,0,1789692062,,,SCHEDULED
2026-09-18T00:34:31.663339+00:00,1288172,102,141,23,0,1789692105,,,SCHEDULED
2026-09-18T00:34:31.663339+00:00,1288172,102,142,24,0,1789692127,,,SCHEDULED
2026-09-18T00:34:31.663339+00:00,1288172,102,143,25,0,1789692144,,,SCHEDULED
2026-09-18T00:34:31.663339+00:00,1288172,102,144,26,0,1789692172,,,SCHEDULED
2026-09-18T00:34:31.663339+00:00,1288172,102,145,27,0,1789692199,,,SCHEDULED
2026-09-18T00:34:31.663339+00:00,1288172,102,146,28,0,1789692218,,,SCHEDULED
2026-09-18T00:34:31.663339+00:00,1288172,102,147,29,0,1789692253,,,SCHEDULED
2026-09-18T00:34:31.663339+00:00,1288172,102,148,30,0,1789692308,,,SCHEDULED
2026-09-18T00:34:31.663339+00:00,1288172,102,149,31,0,1789692335,,,SCHEDULED
2026-09-18T00:34:31.663339+00:00,1288172,102,150,32,0,1789692355,,,SCHEDULED
2026-09-18T00:34:31.663339+00:00,1288172,102,151,33,0,1789692390,,,SCHEDULED
2026-09-18T00:34:31.663339+00:00,1288172,102,156,34,0,1789692423,,,SCHEDULED
2026-09-18T00:34:31.663339+00:00,1288172,102,152,35,0,1789692436,,,SCHEDULED
2026-09-18T00:34:31.663339+00:00,1288172,102,153,36,0,1789692465,,,SCHEDULED
2026-09-18T00:34:31.663339+00:00,1288172,102,154,37,0,1789692517,,,SCHEDULED
2026-09-18T00:34:31.663339+00:00,1288172,102,155,38,0,1789692576,,,SCHEDULED
2026-09-18T00:34:31.663339+00:00,1288172,102,246,39,0,1789692660,,,SCHEDULED
2026-09-18T00:34:31.663339+00:00,1288172,102,247,40,0,1789692716,,,SCHEDULED
2026-09-18T00:34:31.663339+00:00,1288172,102,248,41,0,1789692788,,,SCHEDULED
2026-09-18T00:34:31.663339+00:00,1288172,102,250,42,0,1789692856,,,SCHEDULED
2026-09-18T00:34:31.663339+00:00,1288172,102,251,43,0,1789692945,,,SCHEDULED
2026-09-18T00:34:31.663339+00:00,1288172,102,252,44,0,1789692964,,,SCHEDULED
2026-09-18T00:34:31.663339+00:00,1288172,102,253,45,0,1789692982,,,SCHEDULED
2026-09-18T00:34:31.663339+00:00,1288172,102,254,46,0,1789693010,,,SCHEDULED
2026-09-18T00:34:31.663339+00:00,1288172,102,255,47,0,1789693036,,,SCHEDULED
2026-09-18T00:34:31.663339+00:00,1288172,102,257,48,0,1789693072,,,SCHEDULED
2026-09-18T00:34:31.663339+00:00,1288172,102,258,49,0,1789693102,,,SCHEDULED
2026-09-18T00:34:31.663339+00:00,1288172,102,259,50,0,1789693118,,,SCHEDULED
2026-09-18T00:34:31.663339+00:00,1288172,102,260,51,0,1789693141,,,SCHEDULED
2026-09-18T00:34:31.663339+00:00,1288172,102,261,52,0,1789693165,,,SCHEDULED
2026-09-18T00:34:31.663339+00:00,1288172,102,262,53,0,1789693183,,,SCHEDULED
2026-09-18T00:34:31.663339+00:00,1288172,102,264,54,0,1789693221,,,SCHEDULED
2026-09-18T00:34:31.663339+00:00,1288172,102,263,55,0,1789693271,,,SCHEDULED
2026-09-18T00:34:31.663339+00:00,1288172,102,157,56,0,1789693305,,,SCHEDULED
2026-09-18T00:34:31.663339+00:00,1288172,102,158,57,0,1789693336,,,SCHEDULED
2026-09-18T00:34:31.663339+00:00,1288172,102,159,58,0,1789693361,,,SCHEDULED
2026-09-18T00:34:31.663339+00:00,1288172,102,160,59,0,1789693396,,,SCHEDULED
2026-09-18T00:34:31.663339+00:00,1288172,102,4394,60,0,1789693430,,,SCHEDULED
2026-09-18T00:34:31.663339+00:00,1288172,102,4395,61,0,1789693469,,,SCHEDULED
2026-09-18T00:34:31.663339+00:00,1288055,093,1069,1,,,0,1789693440,SCHEDULED
2026-09-18T00:34:31.663339+00:00,1285593,030,1734,21,0,1789691632,,,SCHEDULED
2026-09-18T00:34:31.663339+00:00,1285593,030,1735,22,0,1789691654,,,SCHEDULED
2026-09-18T00:34:31.663339+00:00,1285593,030,1736,23,0,1789691658,,,SCHEDULED
2026-09-18T00:34:31.663339+00:00,1285593,030,1737,24,0,1789691670,,,SCHEDULED
2026-09-18T00:34:31.663339+00:00,1285593,030,1739,25,0,1789691746,,,SCHEDULED
2026-09-18T00:34:31.663339+00:00,1287376,082,1074,18,0,1789691743,,,SCHEDULED
2026-09-18T00:34:31.663339+00:00,1287376,082,1075,19,0,1789691815,,,SCHEDULED
2026-09-18T00:34:31.663339+00:00,1287376,082,1076,20,0,1789691858,,,SCHEDULED
2026-09-18T00:34:31.663339+00:00,1287376,082,1077,21,0,1789691917,,,SCHEDULED
2026-09-18T00:34:31.663339+00:00,1287376,082,1646,22,0,1789692001,,,SCHEDULED
2026-09-18T00:34:31.663339+00:00,1287376,082,1648,23,0,1789692078,,,SCHEDULED
2026-09-18T00:34:31.663339+00:00,1287376,082,1649,24,0,1789692134,,,SCHEDULED
2026-09-18T00:34:31.663339+00:00,1287376,082,1650,25,0,1789692179,,,SCHEDULED
2026-09-18T00:34:31.663339+00:00,1287376,082,1651,26,0,1789692211,,,SCHEDULED
2026-09-18T00:34:31.663339+00:00,1287376,082,1652,27,0,1789692260,,,SCHEDULED
2026-09-18T00:34:31.663339+00:00,1287376,082,1653,28,0,1789692337,,,SCHEDULED
2026-09-18T00:34:31.663339+00:00,1287376,082,1654,29,0,1789692400,,,SCHEDULED
2026-09-18T00:34:31.663339+00:00,1287376,082,1655,30,0,1789692494,,,SCHEDULED
2026-09-18T00:34:31.663339+00:00,1287376,082,459,31,0,1789692540,,,SCHEDULED
2026-09-18T00:34:31.663339+00:00,1287376,082,1656,32,0,1789692564,,,SCHEDULED
2026-09-18T00:34:31.663339+00:00,1287376,082,1657,33,0,1789692613,,,SCHEDULED
2026-09-18T00:34:31.663339+00:00,1287376,082,1658,34,0,1789692652,,,SCHEDULED
2026-09-18T00:34:31.663339+00:00,1287376,082,1659,35,0,1789692704,,,SCHEDULED
2026-09-18T00:34:31.663339+00:00,1287376,082,1660,36,0,1789692750,,,SCHEDULED
2026-09-18T00:34:31.663339+00:00,1287376,082,3190,37,0,1789692785,,,SCHEDULED
2026-09-18T00:34:31.663339+00:00,1287376,082,3191,38,0,1789692848,,,SCHEDULED
2026-09-18T00:34:31.663339+00:00,1287376,082,3192,39,0,1789692904,,,SCHEDULED
2026-09-18T00:34:31.663339+00:00,1287376,082,3193,40,0,1789693005,,,SCHEDULED
2026-09-18T00:34:31.663339+00:00,1287376,082,275,41,0,1789693261,,,SCHEDULED
2026-09-18T00:34:31.663339+00:00,1285592,030,414,2,0,1789691806,,,SCHEDULED
2026-09-18T00:34:31.663339+00:00,1285592,030,415,3,0,1789691855,,,SCHEDULED
2026-09-18T00:34:31.663339+00:00,1285592,030,416,4,0,1789691888,,,SCHEDULED
2026-09-18T00:34:31.663339+00:00,1285592,030,418,5,0,1789691954,,,SCHEDULED
2026-09-18T00:34:31.663339+00:00,1285592,030,4763,6,0,1789692029,,,SCHEDULED
2026-09-18T00:34:31.663339+00:00,1285592,030,1716,7,0,1789692083,,,SCHEDULED
2026-09-18T00:34:31.663339+00:00,1285592,030,1717,8,0,1789692124,,,SCHEDULED
2026-09-18T00:34:31.663339+00:00,1285592,030,1718,9,0,1789692191,,,SCHEDULED
2026-09-18T00:34:31.663339+00:00,1285592,030,1720,10,0,1789692290,,,SCHEDULED
2026-09-18T00:34:31.663339+00:00,1285592,030,1721,11,0,1789692423,,,SCHEDULED
2026-09-18T00:34:31.663339+00:00,1285592,030,1722,12,0,1789692490,,,SCHEDULED
2026-09-18T00:34:31.663339+00:00,1285592,030,1723,13,0,1789692515,,,SCHEDULED
2026-09-18T00:34:31.663339+00:00,1285592,030,1725,14,0,1789692590,,,SCHEDULED
2026-09-18T00:34:31.663339+00:00,1285592,030,1726,15,0,1789692641,,,SCHEDULED
2026-09-18T00:34:31.663339+00:00,1285592,030,1727,16,0,1789692692,,,SCHEDULED
2026-09-18T00:34:31.663339+00:00,1285592,030,1728,17,0,1789692747,,,SCHEDULED
2026-09-18T00:34:31.663339+00:00,1285592,030,1729,18,0,1789692815,,,SCHEDULED
2026-09-18T00:34:31.663339+00:00,1285592,030,1730,19,0,1789692845,,,SCHEDULED
2026-09-18T00:34:31.663339+00:00,1285592,030,1732,20,0,1789692884,,,SCHEDULED
2026-09-18T00:34:31.663339+00:00,1285592,030,1734,21,0,1789692942,,,SCHEDULED
2026-09-18T00:34:31.663339+00:00,1285592,030,1735,22,0,1789692962,,,SCHEDULED
2026-09-18T00:34:31.663339+00:00,1285592,030,1736,23,0,1789692987,,,SCHEDULED
2026-09-18T00:34:31.663339+00:00,1285592,030,1737,24,0,1789693012,,,SCHEDULED
2026-09-18T00:34:31.663339+00:00,1287375,082,665,1,,,0,1789691880,SCHEDULED
2026-09-18T00:34:31.663339+00:00,1287375,082,1447,2,0,1789692088,,,SCHEDULED
2026-09-18T00:34:31.663339+00:00,1287375,082,1448,3,0,1789692132,,,SCHEDULED
2026-09-18T00:34:31.663339+00:00,1287375,082,1449,4,0,1789692160,,,SCHEDULED
2026-09-18T00:34:31.663339+00:00,1287375,082,674,5,0,1789692263,,,SCHEDULED
2026-09-18T00:34:31.663339+00:00,1287375,082,675,6,0,1789692300,,,SCHEDULED
2026-09-18T00:34:31.663339+00:00,1287375,082,676,7,0,1789692381,,,SCHEDULED
2026-09-18T00:34:31.663339+00:00,1287375,082,677,8,0,1789692462,,,SCHEDULED
2026-09-18T00:34:31.663339+00:00,1287375,082,678,9,0,1789692526,,,SCHEDULED
2026-09-18T00:34:31.663339+00:00,1287375,082,679,10,0,1789692600,,,SCHEDULED
2026-09-18T00:34:31.663339+00:00,1287375,082,680,11,0,1789692664,,,SCHEDULED
2026-09-18T00:34:31.663339+00:00,1287375,082,681,12,0,1789692701,,,SCHEDULED
2026-09-18T00:34:31.663339+00:00,1287375,082,3076,13,0,1789692745,,,SCHEDULED
2026-09-18T00:34:31.663339+00:00,1287375,082,3077,14,0,1789692796,,,SCHEDULED
2026-09-18T00:34:31.663339+00:00,1287375,082,3078,15,0,1789692941,,,SCHEDULED
2026-09-18T00:34:31.663339+00:00,1287375,082,3079,16,0,1789693009,,,SCHEDULED
2026-09-18T00:34:31.663339+00:00,1287375,082,3080,17,0,1789693080,,,SCHEDULED
2026-09-18T00:34:31.663339+00:00,1287375,082,1074,18,0,1789693182,,,SCHEDULED
2026-09-18T00:34:31.663339+00:00,1287375,082,1075,19,0,1789693254,,,SCHEDULED
2026-09-18T00:34:31.663339+00:00,1287375,082,1076,20,0,1789693297,,,SCHEDULED
2026-09-18T00:34:31.663339+00:00,1287375,082,1077,21,0,1789693356,,,SCHEDULED
2026-09-18T00:34:31.663339+00:00,1287375,082,1646,22,0,1789693440,,,SCHEDULED
2026-09-18T00:34:31.663339+00:00,1286720,068,1086,65,0,1789691869,,,SCHEDULED
2026-09-18T00:34:31.663339+00:00,1286720,068,1088,66,0,1789691921,,,SCHEDULED
2026-09-18T00:34:31.663339+00:00,1286720,068,1087,67,0,1789691955,,,SCHEDULED
2026-09-18T00:34:31.663339+00:00,1286720,068,2642,68,0,1789691985,,,SCHEDULED
2026-09-18T00:34:31.663339+00:00,1288228,137,85406,3,0,1789692712,,,SCHEDULED
2026-09-18T00:34:31.663339+00:00,1288228,137,85408,4,0,1789692808,,,SCHEDULED
2026-09-18T00:34:31.663339+00:00,1288228,137,85204,5,0,1789692832,,,SCHEDULED
2026-09-18T00:34:31.663339+00:00,1288228,137,85205,6,0,1789692907,,,SCHEDULED
2026-09-18T00:34:31.663339+00:00,1288228,137,85206,7,0,1789693095,,,SCHEDULED
2026-09-18T00:34:31.663339+00:00,1288228,137,85207,8,0,1789693119,,,SCHEDULED
2026-09-18T00:34:31.663339+00:00,1288228,137,85091,9,0,1789693216,,,SCHEDULED
2026-09-18T00:34:31.663339+00:00,1288228,137,85092,10,0,1789693335,,,SCHEDULED
2026-09-18T00:34:31.663339+00:00,1288228,137,85178,11,0,1789693432,,,SCHEDULED
2026-09-18T00:34:31.663339+00:00,1287413,082,3091,28,0,1789691726,,,SCHEDULED
2026-09-18T00:34:31.663339+00:00,1287413,082,3092,29,0,1789691799,,,SCHEDULED
2026-09-18T00:34:31.663339+00:00,1287413,082,3093,30,0,1789691878,,,SCHEDULED
2026-09-18T00:34:31.663339+00:00,1287413,082,3094,31,0,1789691917,,,SCHEDULED
2026-09-18T00:34:31.663339+00:00,1287413,082,1421,32,0,1789691984,,,SCHEDULED
2026-09-18T00:34:31.663339+00:00,1287413,082,1422,33,0,1789692042,,,SCHEDULED
2026-09-18T00:34:31.663339+00:00,1287413,082,1423,34,0,1789692099,,,SCHEDULED
2026-09-18T00:34:31.663339+00:00,1287413,082,1424,35,0,1789692160,,,SCHEDULED
2026-09-18T00:34:31.663339+00:00,1287413,082,1425,36,0,1789692212,,,SCHEDULED
2026-09-18T00:34:31.663339+00:00,1287413,082,1427,37,0,1789692291,,,SCHEDULED
2026-09-18T00:34:31.663339+00:00,1287413,082,1428,38,0,1789692349,,,SCHEDULED
2026-09-18T00:34:31.663339+00:00,1287413,082,9939,39,0,1789692390,,,SCHEDULED
2026-09-18T00:34:31.663339+00:00,1287413,082,1444,40,0,1789692518,,,SCHEDULED
2026-09-18T00:34:31.663339+00:00,1287413,082,1445,41,0,1789692562,,,SCHEDULED
2026-09-18T00:34:31.663339+00:00,1287413,082,1446,42,0,1789692594,,,SCHEDULED
2026-09-18T00:34:31.663339+00:00,1287413,082,563,43,0,1789692862,,,SCHEDULED
2026-09-18T00:34:31.663339+00:00,1287413,082,565,44,0,1789692930,,,SCHEDULED
2026-09-18T00:34:31.663339+00:00,1287413,082,1438,45,0,1789693092,,,SCHEDULED
2026-09-18T00:34:31.663339+00:00,1287413,082,1439,46,0,1789693118,,,SCHEDULED
2026-09-18T00:34:31.663339+00:00,1286963,075,318,1,,,0,1789692360,SCHEDULED
2026-09-18T00:34:31.663339+00:00,1286963,075,4210,2,0,1789692592,,,SCHEDULED
2026-09-18T00:34:31.663339+00:00,1286963,075,1432,3,0,1789692658,,,SCHEDULED
2026-09-18T00:34:31.663339+00:00,1286963,075,1398,4,0,1789692742,,,SCHEDULED
2026-09-18T00:34:31.663339+00:00,1286963,075,3851,5,0,1789692782,,,SCHEDULED
2026-09-18T00:34:31.663339+00:00,1286963,075,1418,6,0,1789692860,,,SCHEDULED
2026-09-18T00:34:31.663339+00:00,1286963,075,1420,7,0,1789692975,,,SCHEDULED
2026-09-18T00:34:31.663339+00:00,1286721,068,2704,36,0,1789691688,,,SCHEDULED
2026-09-18T00:34:31.663339+00:00,1286721,068,2706,37,0,1789691794,,,SCHEDULED
2026-09-18T00:34:31.663339+00:00,1286721,068,2707,38,0,1789691848,,,SCHEDULED
2026-09-18T00:34:31.663339+00:00,1286721,068,2708,39,0,1789691904,,,SCHEDULED
2026-09-18T00:34:31.663339+00:00,1286721,068,2709,40,0,1789691958,,,SCHEDULED
2026-09-18T00:34:31.663339+00:00,1286721,068,2710,41,0,1789691981,,,SCHEDULED
2026-09-18T00:34:31.663339+00:00,1286721,068,2711,42,0,1789692018,,,SCHEDULED
2026-09-18T00:34:31.663339+00:00,1286721,068,2712,43,0,1789692074,,,SCHEDULED
2026-09-18T00:34:31.663339+00:00,1286721,068,2713,44,0,1789692104,,,SCHEDULED
2026-09-18T00:34:31.663339+00:00,1286721,068,2715,45,0,1789692151,,,SCHEDULED
2026-09-18T00:34:31.663339+00:00,1286721,068,2610,46,0,1789692228,,,SCHEDULED
2026-09-18T00:34:31.663339+00:00,1286721,068,2611,47,0,1789692283,,,SCHEDULED
2026-09-18T00:34:31.663339+00:00,1286721,068,2612,48,0,1789692347,,,SCHEDULED
2026-09-18T00:34:31.663339+00:00,1286721,068,1911,49,0,1789692434,,,SCHEDULED
2026-09-18T00:34:31.663339+00:00,1286721,068,1818,50,0,1789692530,,,SCHEDULED
2026-09-18T00:34:31.663339+00:00,1286721,068,1819,51,0,1789692593,,,SCHEDULED
2026-09-18T00:34:31.663339+00:00,1286721,068,1820,52,0,1789692657,,,SCHEDULED
2026-09-18T00:34:31.663339+00:00,1286721,068,1821,53,0,1789692701,,,SCHEDULED
2026-09-18T00:34:31.663339+00:00,1286721,068,940,54,0,1789692752,,,SCHEDULED
2026-09-18T00:34:31.663339+00:00,1286721,068,941,55,0,1789692784,,,SCHEDULED
2026-09-18T00:34:31.663339+00:00,1286721,068,2633,56,0,1789692852,,,SCHEDULED
2026-09-18T00:34:31.663339+00:00,1286721,068,9812,57,0,1789692888,,,SCHEDULED
2026-09-18T00:34:31.663339+00:00,1286721,068,2629,58,0,1789692946,,,SCHEDULED
2026-09-18T00:34:31.663339+00:00,1286721,068,2634,59,0,1789692992,,,SCHEDULED
2026-09-18T00:34:31.663339+00:00,1286721,068,2635,60,0,1789693068,,,SCHEDULED
2026-09-18T00:34:31.663339+00:00,1286721,068,2636,61,0,1789693081,,,SCHEDULED
2026-09-18T00:34:31.663339+00:00,1286721,068,2637,62,0,1789693095,,,SCHEDULED
2026-09-18T00:34:31.663339+00:00,1286721,068,2638,63,0,1789693127,,,SCHEDULED
2026-09-18T00:34:31.663339+00:00,1286721,068,2639,64,0,1789693181,,,SCHEDULED
2026-09-18T00:34:31.663339+00:00,1285995,051,126,10,0,1789691674,,,SCHEDULED
2026-09-18T00:34:31.663339+00:00,1285995,051,127,11,0,1789691707,,,SCHEDULED
2026-09-18T00:34:31.663339+00:00,1285995,051,128,12,0,1789691800,,,SCHEDULED
2026-09-18T00:34:31.663339+00:00,1285995,051,227,13,0,1789691884,,,SCHEDULED
2026-09-18T00:34:31.663339+00:00,1285995,051,229,14,0,1789691958,,,SCHEDULED
2026-09-18T00:34:31.663339+00:00,1285995,051,231,15,0,1789692097,,,SCHEDULED
2026-09-18T00:34:31.663339+00:00,1285995,051,232,16,0,1789692156,,,SCHEDULED
2026-09-18T00:34:31.663339+00:00,1285995,051,233,17,0,1789692221,,,SCHEDULED
2026-09-18T00:34:31.663339+00:00,1285995,051,234,18,0,1789692315,,,SCHEDULED
2026-09-18T00:34:31.663339+00:00,1285995,051,235,19,0,1789692365,,,SCHEDULED
2026-09-18T00:34:31.663339+00:00,1285995,051,236,20,0,1789692424,,,SCHEDULED
2026-09-18T00:34:31.663339+00:00,1285995,051,1927,21,0,1789692544,,,SCHEDULED
2026-09-18T00:34:31.663339+00:00,1285995,051,1930,22,0,1789692641,,,SCHEDULED
2026-09-18T00:34:31.663339+00:00,1285995,051,1931,23,0,1789692688,,,SCHEDULED
2026-09-18T00:34:31.663339+00:00,1285995,051,1949,24,0,1789692739,,,SCHEDULED
2026-09-18T00:34:31.663339+00:00,1285995,051,1932,25,0,1789692769,,,SCHEDULED
2026-09-18T00:34:31.663339+00:00,1285995,051,1936,26,0,1789692837,,,SCHEDULED
2026-09-18T00:34:31.663339+00:00,1285995,051,1937,27,0,1789692875,,,SCHEDULED
2026-09-18T00:34:31.663339+00:00,1285995,051,1938,28,0,1789692913,,,SCHEDULED
2026-09-18T00:34:31.663339+00:00,1285995,051,1939,29,0,1789692977,,,SCHEDULED
2026-09-18T00:34:31.663339+00:00,1285995,051,1839,30,0,1789693024,,,SCHEDULED
2026-09-18T00:34:31.663339+00:00,1285995,051,1841,31,0,1789693086,,,SCHEDULED
2026-09-18T00:34:31.663339+00:00,1285995,051,1842,32,0,1789693132,,,SCHEDULED
2026-09-18T00:34:31.663339+00:00,1285995,051,1843,33,0,1789693177,,,SCHEDULED
2026-09-18T00:34:31.663339+00:00,1285995,051,1844,34,0,1789693215,,,SCHEDULED
2026-09-18T00:34:31.663339+00:00,1285995,051,1845,35,0,1789693252,,,SCHEDULED
2026-09-18T00:34:31.663339+00:00,1285995,051,1846,36,0,1789693302,,,SCHEDULED
2026-09-18T00:34:31.663339+00:00,1285995,051,1847,37,0,1789693331,,,SCHEDULED
2026-09-18T00:34:31.663339+00:00,1285995,051,1848,38,0,1789693385,,,SCHEDULED
2026-09-18T00:34:31.663339+00:00,1285995,051,1849,39,0,1789693443,,,SCHEDULED
2026-09-18T00:34:31.663339+00:00,1288104,093,9800,1,,,0,1789692600,SCHEDULED
2026-09-18T00:34:31.663339+00:00,1288104,093,3099,2,0,1789692695,,,SCHEDULED
2026-09-18T00:34:31.663339+00:00,1288104,093,3100,3,0,1789692740,,,SCHEDULED
2026-09-18T00:34:31.663339+00:00,1288104,093,3101,4,0,1789692776,,,SCHEDULED
2026-09-18T00:34:31.663339+00:00,1288104,093,3102,5,0,1789692805,,,SCHEDULED
2026-09-18T00:34:31.663339+00:00,1288104,093,3103,6,0,1789692892,,,SCHEDULED
2026-09-18T00:34:31.663339+00:00,1288104,093,3503,7,0,1789692931,,,SCHEDULED
2026-09-18T00:34:31.663339+00:00,1288104,093,3504,8,0,1789693071,,,SCHEDULED
2026-09-18T00:34:31.663339+00:00,1288104,093,3505,9,0,1789693143,,,SCHEDULED
2026-09-18T00:34:31.663339+00:00,1288104,093,3520,10,0,1789693200,,,SCHEDULED
2026-09-18T00:34:31.663339+00:00,1288104,093,3521,11,0,1789693220,,,SCHEDULED
2026-09-18T00:34:31.663339+00:00,1288104,093,3522,12,0,1789693244,,,SCHEDULED
2026-09-18T00:34:31.663339+00:00,1288104,093,3523,13,0,1789693263,,,SCHEDULED
2026-09-18T00:34:31.663339+00:00,1288104,093,3524,14,0,1789693289,,,SCHEDULED
2026-09-18T00:34:31.663339+00:00,1288104,093,3526,15,0,1789693348,,,SCHEDULED
2026-09-18T00:34:31.663339+00:00,1288104,093,3527,16,0,1789693385,,,SCHEDULED
2026-09-18T00:34:31.663339+00:00,1287411,082,288,1,,,0,1789692180,SCHEDULED
2026-09-18T00:34:31.663339+00:00,1287411,082,274,2,0,1789692478,,,SCHEDULED
2026-09-18T00:34:31.663339+00:00,1287411,082,275,3,0,1789692840,,,SCHEDULED
2026-09-18T00:34:31.663339+00:00,1287411,082,3893,4,0,1789693063,,,SCHEDULED
2026-09-18T00:34:31.663339+00:00,1287411,082,3894,5,0,1789693158,,,SCHEDULED
2026-09-18T00:34:31.663339+00:00,1287411,082,3895,6,0,1789693210,,,SCHEDULED
2026-09-18T00:34:31.663339+00:00,1287411,082,1662,7,0,1789693277,,,SCHEDULED
2026-09-18T00:34:31.663339+00:00,1287411,082,1663,8,0,1789693326,,,SCHEDULED
2026-09-18T00:34:31.663339+00:00,1287411,082,1664,9,0,1789693366,,,SCHEDULED
2026-09-18T00:34:31.663339+00:00,1287411,082,1665,10,0,1789693412,,,SCHEDULED
2026-09-18T00:34:31.663339+00:00,1287411,082,1666,11,0,1789693439,,,SCHEDULED
2026-09-18T00:34:31.663339+00:00,1284389,011,2425,1,,,0,1789692360,SCHEDULED
2026-09-18T00:34:31.663339+00:00,1284389,011,2501,2,0,1789692435,,,SCHEDULED
2026-09-18T00:34:31.663339+00:00,1284389,011,5353,3,0,1789692460,,,SCHEDULED
2026-09-18T00:34:31.663339+00:00,1284389,011,3214,4,0,1789692524,,,SCHEDULED
2026-09-18T00:34:31.663339+00:00,1284389,011,2276,5,0,1789692565,,,SCHEDULED
2026-09-18T00:34:31.663339+00:00,1284389,011,8303,6,0,1789692612,,,SCHEDULED
2026-09-18T00:34:31.663339+00:00,1284389,011,8302,7,0,1789692658,,,SCHEDULED
2026-09-18T00:34:31.663339+00:00,1284389,011,1046,8,0,1789692764,,,SCHEDULED
2026-09-18T00:34:31.663339+00:00,1284389,011,1047,9,0,1789692840,,,SCHEDULED
2026-09-18T00:34:31.663339+00:00,1284389,011,1049,10,0,1789692885,,,SCHEDULED
2026-09-18T00:34:31.663339+00:00,1284389,011,1050,11,0,1789692920,,,SCHEDULED
2026-09-18T00:34:31.663339+00:00,1284389,011,1051,12,0,1789692954,,,SCHEDULED
2026-09-18T00:34:31.663339+00:00,1284389,011,215,13,0,1789693128,,,SCHEDULED
2026-09-18T00:34:31.663339+00:00,1284389,011,216,14,0,1789693157,,,SCHEDULED
2026-09-18T00:34:31.663339+00:00,1284389,011,217,15,0,1789693180,,,SCHEDULED
2026-09-18T00:34:31.663339+00:00,1284389,011,218,16,0,1789693205,,,SCHEDULED
2026-09-18T00:34:31.663339+00:00,1284389,011,219,17,0,1789693225,,,SCHEDULED
2026-09-18T00:34:31.663339+00:00,1284389,011,1926,18,0,1789693260,,,SCHEDULED
2026-09-18T00:34:31.663339+00:00,1284389,011,1940,19,0,1789693290,,,SCHEDULED
2026-09-18T00:34:31.663339+00:00,1284389,011,1770,20,0,1789693340,,,SCHEDULED
2026-09-18T00:34:31.663339+00:00,1284389,011,1771,21,0,1789693371,,,SCHEDULED
2026-09-18T00:34:31.663339+00:00,1284389,011,1772,22,0,1789693417,,,SCHEDULED
2026-09-18T00:34:31.663339+00:00,1287412,082,1665,10,0,1789691675,,,SCHEDULED
2026-09-18T00:34:31.663339+00:00,1287412,082,1666,11,0,1789691706,,,SCHEDULED
2026-09-18T00:34:31.663339+00:00,1287412,082,1668,12,0,1789691791,,,SCHEDULED
2026-09-18T00:34:31.663339+00:00,1287412,082,1669,13,0,1789691866,,,SCHEDULED
2026-09-18T00:34:31.663339+00:00,1287412,082,1670,14,0,1789691923,,,SCHEDULED
2026-09-18T00:34:31.663339+00:00,1287412,082,1671,15,0,1789692002,,,SCHEDULED
2026-09-18T00:34:31.663339+00:00,1287412,082,1672,16,0,1789692059,,,SCHEDULED
2026-09-18T00:34:31.663339+00:00,1287412,082,1673,17,0,1789692100,,,SCHEDULED
2026-09-18T00:34:31.663339+00:00,1287412,082,1674,18,0,1789692134,,,SCHEDULED
2026-09-18T00:34:31.663339+00:00,1287412,082,1675,19,0,1789692182,,,SCHEDULED
2026-09-18T00:34:31.663339+00:00,1287412,082,1677,20,0,1789692240,,,SCHEDULED
2026-09-18T00:34:31.663339+00:00,1287412,082,1127,21,0,1789692286,,,SCHEDULED
2026-09-18T00:34:31.663339+00:00,1287412,082,1128,22,0,1789692343,,,SCHEDULED
2026-09-18T00:34:31.663339+00:00,1287412,082,1129,23,0,1789692441,,,SCHEDULED
2026-09-18T00:34:31.663339+00:00,1287412,082,1130,24,0,1789692517,,,SCHEDULED
2026-09-18T00:34:31.663339+00:00,1287412,082,1131,25,0,1789692601,,,SCHEDULED
2026-09-18T00:34:31.663339+00:00,1287412,082,3089,26,0,1789692686,,,SCHEDULED
2026-09-18T00:34:31.663339+00:00,1287412,082,3090,27,0,1789692780,,,SCHEDULED
2026-09-18T00:34:31.663339+00:00,1287412,082,3091,28,0,1789692877,,,SCHEDULED
2026-09-18T00:34:31.663339+00:00,1287412,082,3092,29,0,1789692950,,,SCHEDULED
2026-09-18T00:34:31.663339+00:00,1287412,082,3093,30,0,1789693029,,,SCHEDULED
2026-09-18T00:34:31.663339+00:00,1287412,082,3094,31,0,1789693068,,,SCHEDULED
2026-09-18T00:34:31.663339+00:00,1287412,082,1421,32,0,1789693135,,,SCHEDULED
2026-09-18T00:34:31.663339+00:00,1287412,082,1422,33,0,1789693193,,,SCHEDULED
2026-09-18T00:34:31.663339+00:00,1287412,082,1423,34,0,1789693250,,,SCHEDULED
2026-09-18T00:34:31.663339+00:00,1287412,082,1424,35,0,1789693311,,,SCHEDULED
2026-09-18T00:34:31.663339+00:00,1287412,082,1425,36,0,1789693363,,,SCHEDULED
2026-09-18T00:34:31.663339+00:00,1285994,051,668,1,,,0,1789691780,SCHEDULED
2026-09-18T00:34:31.663339+00:00,1285994,051,221,2,0,1789691907,,,SCHEDULED
2026-09-18T00:34:31.663339+00:00,1285994,051,222,3,0,1789691954,,,SCHEDULED
2026-09-18T00:34:31.663339+00:00,1285994,051,223,4,0,1789692012,,,SCHEDULED
2026-09-18T00:34:31.663339+00:00,1285994,051,225,5,0,1789692140,,,SCHEDULED
2026-09-18T00:34:31.663339+00:00,1285994,051,226,6,0,1789692191,,,SCHEDULED
2026-09-18T00:34:31.663339+00:00,1285994,051,108,7,0,1789692256,,,SCHEDULED
2026-09-18T00:34:31.663339+00:00,1285994,051,123,8,0,1789692321,,,SCHEDULED
2026-09-18T00:34:31.663339+00:00,1285994,051,125,9,0,1789692414,,,SCHEDULED
2026-09-18T00:34:31.663339+00:00,1285994,051,126,10,0,1789692470,,,SCHEDULED
2026-09-18T00:34:31.663339+00:00,1285994,051,127,11,0,1789692503,,,SCHEDULED
2026-09-18T00:34:31.663339+00:00,1285994,051,128,12,0,1789692596,,,SCHEDULED
2026-09-18T00:34:31.663339+00:00,1285994,051,227,13,0,1789692680,,,SCHEDULED
2026-09-18T00:34:31.663339+00:00,1285994,051,229,14,0,1789692754,,,SCHEDULED
2026-09-18T00:34:31.663339+00:00,1285994,051,231,15,0,1789692893,,,SCHEDULED
2026-09-18T00:34:31.663339+00:00,1285994,051,232,16,0,1789692952,,,SCHEDULED
2026-09-18T00:34:31.663339+00:00,1285994,051,233,17,0,1789693017,,,SCHEDULED
2026-09-18T00:34:31.663339+00:00,1285994,051,234,18,0,1789693111,,,SCHEDULED
2026-09-18T00:34:31.663339+00:00,1285994,051,235,19,0,1789693161,,,SCHEDULED
2026-09-18T00:34:31.663339+00:00,1285994,051,236,20,0,1789693220,,,SCHEDULED
2026-09-18T00:34:31.663339+00:00,1285994,051,1927,21,0,1789693340,,,SCHEDULED
2026-09-18T00:34:31.663339+00:00,1285994,051,1930,22,0,1789693437,,,SCHEDULED
2026-09-18T00:34:31.663339+00:00,1285997,051,1851,41,0,1789691680,,,SCHEDULED
2026-09-18T00:34:31.663339+00:00,1285997,051,1852,42,0,1789691726,,,SCHEDULED
2026-09-18T00:34:31.663339+00:00,1285997,051,1853,43,0,1789691766,,,SCHEDULED
2026-09-18T00:34:31.663339+00:00,1285997,051,1854,44,0,1789691803,,,SCHEDULED
2026-09-18T00:34:31.663339+00:00,1285997,051,1855,45,0,1789691870,,,SCHEDULED
2026-09-18T00:34:31.663339+00:00,1285997,051,1856,46,0,1789691940,,,SCHEDULED
2026-09-18T00:34:31.663339+00:00,1285997,051,1857,47,0,1789691977,,,SCHEDULED
2026-09-18T00:34:31.663339+00:00,1285997,051,1858,48,0,1789692021,,,SCHEDULED
2026-09-18T00:34:31.663339+00:00,1285997,051,1859,49,0,1789692141,,,SCHEDULED
2026-09-18T00:34:31.663339+00:00,1285997,051,1860,50,0,1789692222,,,SCHEDULED
2026-09-18T00:34:31.663339+00:00,1285997,051,1861,51,0,1789692255,,,SCHEDULED
2026-09-18T00:34:31.663339+00:00,1285997,051,2020,52,0,1789692319,,,SCHEDULED
2026-09-18T00:34:31.663339+00:00,1285997,051,2021,53,0,1789692416,,,SCHEDULED
2026-09-18T00:34:31.663339+00:00,1285997,051,3130,54,0,1789692479,,,SCHEDULED
2026-09-18T00:34:31.663339+00:00,1285996,051,1939,29,0,1789691713,,,SCHEDULED
2026-09-18T00:34:31.663339+00:00,1285996,051,1839,30,0,1789691760,,,SCHEDULED
2026-09-18T00:34:31.663339+00:00,1285996,051,1841,31,0,1789691822,,,SCHEDULED
2026-09-18T00:34:31.663339+00:00,1285996,051,1842,32,0,1789691868,,,SCHEDULED
2026-09-18T00:34:31.663339+00:00,1285996,051,1843,33,0,1789691913,,,SCHEDULED
2026-09-18T00:34:31.663339+00:00,1285996,051,1844,34,0,1789691951,,,SCHEDULED
2026-09-18T00:34:31.663339+00:00,1285996,051,1845,35,0,1789691988,,,SCHEDULED
2026-09-18T00:34:31.663339+00:00,1285996,051,1846,36,0,1789692038,,,SCHEDULED
2026-09-18T00:34:31.663339+00:00,1285996,051,1847,37,0,1789692067,,,SCHEDULED
2026-09-18T00:34:31.663339+00:00,1285996,051,1848,38,0,1789692121,,,SCHEDULED
2026-09-18T00:34:31.663339+00:00,1285996,051,1849,39,0,1789692179,,,SCHEDULED
2026-09-18T00:34:31.663339+00:00,1285996,051,1850,40,0,1789692229,,,SCHEDULED
2026-09-18T00:34:31.663339+00:00,1285996,051,1851,41,0,1789692300,,,SCHEDULED
2026-09-18T00:34:31.663339+00:00,1285996,051,1852,42,0,1789692346,,,SCHEDULED
2026-09-18T00:34:31.663339+00:00,1285996,051,1853,43,0,1789692386,,,SCHEDULED
2026-09-18T00:34:31.663339+00:00,1285996,051,1854,44,0,1789692423,,,SCHEDULED
2026-09-18T00:34:31.663339+00:00,1285996,051,1855,45,0,1789692490,,,SCHEDULED
2026-09-18T00:34:31.663339+00:00,1285996,051,1856,46,0,1789692560,,,SCHEDULED
2026-09-18T00:34:31.663339+00:00,1285996,051,1857,47,0,1789692597,,,SCHEDULED
2026-09-18T00:34:31.663339+00:00,1285996,051,1858,48,0,1789692641,,,SCHEDULED
2026-09-18T00:34:31.663339+00:00,1285996,051,1859,49,0,1789692761,,,SCHEDULED
2026-09-18T00:34:31.663339+00:00,1285996,051,1860,50,0,1789692842,,,SCHEDULED
2026-09-18T00:34:31.663339+00:00,1285996,051,1861,51,0,1789692875,,,SCHEDULED
2026-09-18T00:34:31.663339+00:00,1285996,051,2020,52,0,1789692939,,,SCHEDULED
2026-09-18T00:34:31.663339+00:00,1285996,051,2021,53,0,1789693036,,,SCHEDULED
2026-09-18T00:34:31.663339+00:00,1285996,051,3130,54,0,1789693099,,,SCHEDULED
2026-09-18T00:34:31.663339+00:00,1286722,068,1686,26,0,1789691792,,,SCHEDULED
2026-09-18T00:34:31.663339+00:00,1286722,068,2691,27,0,1789691926,,,SCHEDULED
2026-09-18T00:34:31.663339+00:00,1286722,068,2692,28,0,1789691973,,,SCHEDULED
2026-09-18T00:34:31.663339+00:00,1286722,068,2693,29,0,1789692024,,,SCHEDULED
2026-09-18T00:34:31.663339+00:00,1286722,068,2694,30,0,1789692082,,,SCHEDULED
2026-09-18T00:34:31.663339+00:00,1286722,068,2695,31,0,1789692127,,,SCHEDULED
2026-09-18T00:34:31.663339+00:00,1286722,068,2696,32,0,1789692171,,,SCHEDULED
2026-09-18T00:34:31.663339+00:00,1286722,068,2699,33,0,1789692193,,,SCHEDULED
2026-09-18T00:34:31.663339+00:00,1286722,068,2700,34,0,1789692260,,,SCHEDULED
2026-09-18T00:34:31.663339+00:00,1286722,068,2703,35,0,1789692310,,,SCHEDULED
2026-09-18T00:34:31.663339+00:00,1286722,068,2704,36,0,1789692375,,,SCHEDULED
2026-09-18T00:34:31.663339+00:00,1286722,068,2706,37,0,1789692481,,,SCHEDULED
2026-09-18T00:34:31.663339+00:00,1286722,068,2707,38,0,1789692535,,,SCHEDULED
2026-09-18T00:34:31.663339+00:00,1286722,068,2708,39,0,1789692591,,,SCHEDULED
2026-09-18T00:34:31.663339+00:00,1286722,068,2709,40,0,1789692645,,,SCHEDULED
2026-09-18T00:34:31.663339+00:00,1286722,068,2710,41,0,1789692668,,,SCHEDULED
2026-09-18T00:34:31.663339+00:00,1286722,068,2711,42,0,1789692705,,,SCHEDULED
2026-09-18T00:34:31.663339+00:00,1286722,068,2712,43,0,1789692761,,,SCHEDULED
2026-09-18T00:34:31.663339+00:00,1286722,068,2713,44,0,1789692791,,,SCHEDULED
2026-09-18T00:34:31.663339+00:00,1286722,068,2715,45,0,1789692838,,,SCHEDULED
2026-09-18T00:34:31.663339+00:00,1286722,068,2610,46,0,1789692915,,,SCHEDULED
2026-09-18T00:34:31.663339+00:00,1286722,068,2611,47,0,1789692970,,,SCHEDULED
2026-09-18T00:34:31.663339+00:00,1286722,068,2612,48,0,1789693034,,,SCHEDULED
2026-09-18T00:34:31.663339+00:00,1286722,068,1911,49,0,1789693121,,,SCHEDULED
2026-09-18T00:34:31.663339+00:00,1286722,068,1818,50,0,1789693217,,,SCHEDULED
2026-09-18T00:34:31.663339+00:00,1286722,068,1819,51,0,1789693280,,,SCHEDULED
2026-09-18T00:34:31.663339+00:00,1286722,068,1820,52,0,1789693344,,,SCHEDULED
2026-09-18T00:34:31.663339+00:00,1286722,068,1821,53,0,1789693388,,,SCHEDULED
2026-09-18T00:34:31.663339+00:00,1286722,068,940,54,0,1789693439,,,SCHEDULED
2026-09-18T00:34:31.663339+00:00,1286722,068,941,55,0,1789693471,,,SCHEDULED
2026-09-18T00:34:31.663339+00:00,1288229,137,1714,1,,,0,1789693117,SCHEDULED
2026-09-18T00:34:31.663339+00:00,1288229,137,1904,2,0,1789693211,,,SCHEDULED
2026-09-18T00:34:31.663339+00:00,1286723,068,885,1,,,0,1789691700,SCHEDULED
2026-09-18T00:34:31.663339+00:00,1286723,068,286,2,0,1789691907,,,SCHEDULED
2026-09-18T00:34:31.663339+00:00,1286723,068,4439,3,0,1789691963,,,SCHEDULED
2026-09-18T00:34:31.663339+00:00,1286723,068,4440,4,0,1789692048,,,SCHEDULED
2026-09-18T00:34:31.663339+00:00,1286723,068,4441,5,0,1789692091,,,SCHEDULED
2026-09-18T00:34:31.663339+00:00,1286723,068,4015,6,0,1789692162,,,SCHEDULED
2026-09-18T00:34:31.663339+00:00,1286723,068,4016,7,0,1789692204,,,SCHEDULED
2026-09-18T00:34:31.663339+00:00,1286723,068,4017,8,0,1789692252,,,SCHEDULED
2026-09-18T00:34:31.663339+00:00,1286723,068,3914,9,0,1789692321,,,SCHEDULED
2026-09-18T00:34:31.663339+00:00,1286723,068,3836,10,0,1789692352,,,SCHEDULED
2026-09-18T00:34:31.663339+00:00,1286723,068,2375,11,0,1789692485,,,SCHEDULED
2026-09-18T00:34:31.663339+00:00,1286723,068,2376,12,0,1789692536,,,SCHEDULED
2026-09-18T00:34:31.663339+00:00,1286723,068,2377,13,0,1789692581,,,SCHEDULED
2026-09-18T00:34:31.663339+00:00,1286723,068,2378,14,0,1789692655,,,SCHEDULED
2026-09-18T00:34:31.663339+00:00,1286723,068,2379,15,0,1789692686,,,SCHEDULED
2026-09-18T00:34:31.663339+00:00,1286723,068,2381,16,0,1789692760,,,SCHEDULED
2026-09-18T00:34:31.663339+00:00,1286723,068,2382,17,0,1789692840,,,SCHEDULED
2026-09-18T00:34:31.663339+00:00,1286723,068,2383,18,0,1789692920,,,SCHEDULED
2026-09-18T00:34:31.663339+00:00,1286723,068,2385,19,0,1789692978,,,SCHEDULED
2026-09-18T00:34:31.663339+00:00,1286723,068,2014,20,0,1789693106,,,SCHEDULED
2026-09-18T00:34:31.663339+00:00,1286723,068,2015,21,0,1789693196,,,SCHEDULED
2026-09-18T00:34:31.663339+00:00,1286723,068,2016,22,0,1789693248,,,SCHEDULED
2026-09-18T00:34:31.663339+00:00,1286723,068,2166,23,0,1789693299,,,SCHEDULED
2026-09-18T00:34:31.663339+00:00,1286723,068,1884,24,0,1789693380,,,SCHEDULED
2026-09-18T00:34:31.663339+00:00,1286849,072,323,1,,,0,1789692547,SCHEDULED
2026-09-18T00:34:31.663339+00:00,1286849,072,4210,2,0,1789692790,,,SCHEDULED
2026-09-18T00:34:31.663339+00:00,1286849,072,4211,3,0,1789692831,,,SCHEDULED
2026-09-18T00:34:31.663339+00:00,1286849,072,4213,4,0,1789692854,,,SCHEDULED
2026-09-18T00:34:31.663339+00:00,1286849,072,4214,5,0,1789692897,,,SCHEDULED
2026-09-18T00:34:31.663339+00:00,1286849,072,4217,6,0,1789692936,,,SCHEDULED
2026-09-18T00:34:31.663339+00:00,1286849,072,5249,7,0,1789692971,,,SCHEDULED
2026-09-18T00:34:31.663339+00:00,1286849,072,4215,8,0,1789693028,,,SCHEDULED
2026-09-18T00:34:31.663339+00:00,1286849,072,4216,9,0,1789693053,,,SCHEDULED
2026-09-18T00:34:31.663339+00:00,1286849,072,2816,10,0,1789693087,,,SCHEDULED
2026-09-18T00:34:31.663339+00:00,1286849,072,2817,11,0,1789693117,,,SCHEDULED
2026-09-18T00:34:31.663339+00:00,1286849,072,2818,12,0,1789693147,,,SCHEDULED
2026-09-18T00:34:31.663339+00:00,1286849,072,2819,13,0,1789693172,,,SCHEDULED
2026-09-18T00:34:31.663339+00:00,1286849,072,2820,14,0,1789693210,,,SCHEDULED
2026-09-18T00:34:31.663339+00:00,1286849,072,2821,15,0,1789693245,,,SCHEDULED
2026-09-18T00:34:31.663339+00:00,1286849,072,2822,16,0,1789693282,,,SCHEDULED
2026-09-18T00:34:31.663339+00:00,1286849,072,2824,17,0,1789693343,,,SCHEDULED
2026-09-18T00:34:31.663339+00:00,1286849,072,2825,18,0,1789693393,,,SCHEDULED
2026-09-18T00:34:31.663339+00:00,1286849,072,2826,19,0,1789693428,,,SCHEDULED
2026-09-18T00:34:31.663339+00:00,1284826,015,9807,1,,,0,1789692060,SCHEDULED
2026-09-18T00:34:31.663339+00:00,1284826,015,545,2,0,1789692131,,,SCHEDULED
2026-09-18T00:34:31.663339+00:00,1284826,015,547,3,0,1789692199,,,SCHEDULED
2026-09-18T00:34:31.663339+00:00,1284826,015,548,4,0,1789692226,,,SCHEDULED
2026-09-18T00:34:31.663339+00:00,1284826,015,549,5,0,1789692258,,,SCHEDULED
2026-09-18T00:34:31.663339+00:00,1284826,015,960,6,0,1789692291,,,SCHEDULED
2026-09-18T00:34:31.663339+00:00,1284826,015,961,7,0,1789692312,,,SCHEDULED
2026-09-18T00:34:31.663339+00:00,1284826,015,962,8,0,1789692341,,,SCHEDULED
2026-09-18T00:34:31.663339+00:00,1284826,015,963,9,0,1789692398,,,SCHEDULED
2026-09-18T00:34:31.663339+00:00,1284826,015,964,10,0,1789692436,,,SCHEDULED
2026-09-18T00:34:31.663339+00:00,1284826,015,965,11,0,1789692472,,,SCHEDULED
2026-09-18T00:34:31.663339+00:00,1284826,015,966,12,0,1789692549,,,SCHEDULED
2026-09-18T00:34:31.663339+00:00,1284826,015,967,13,0,1789692585,,,SCHEDULED
2026-09-18T00:34:31.663339+00:00,1284826,015,968,14,0,1789692618,,,SCHEDULED
2026-09-18T00:34:31.663339+00:00,1284826,015,969,15,0,1789692656,,,SCHEDULED
2026-09-18T00:34:31.663339+00:00,1284826,015,836,16,0,1789692692,,,SCHEDULED
2026-09-18T00:34:31.663339+00:00,1284826,015,838,17,0,1789692742,,,SCHEDULED
2026-09-18T00:34:31.663339+00:00,1284826,015,839,18,0,1789692793,,,SCHEDULED
2026-09-18T00:34:31.663339+00:00,1284826,015,840,19,0,1789692858,,,SCHEDULED
2026-09-18T00:34:31.663339+00:00,1284826,015,841,20,0,1789692900,,,SCHEDULED
2026-09-18T00:34:31.663339+00:00,1284826,015,842,21,0,1789692917,,,SCHEDULED
2026-09-18T00:34:31.663339+00:00,1284826,015,843,22,0,1789692935,,,SCHEDULED
2026-09-18T00:34:31.663339+00:00,1284826,015,845,23,0,1789692972,,,SCHEDULED
2026-09-18T00:34:31.663339+00:00,1284826,015,846,24,0,1789692982,,,SCHEDULED
2026-09-18T00:34:31.663339+00:00,1284826,015,847,25,0,1789693002,,,SCHEDULED
2026-09-18T00:34:31.663339+00:00,1284826,015,848,26,0,1789693018,,,SCHEDULED
2026-09-18T00:34:31.663339+00:00,1284826,015,3098,27,0,1789693297,,,SCHEDULED
2026-09-18T00:34:31.663339+00:00,1288182,103,165,33,0,1789691520,,,SCHEDULED
2026-09-18T00:34:31.663339+00:00,1288182,103,166,34,0,1789691584,,,SCHEDULED
2026-09-18T00:34:31.663339+00:00,1288182,103,167,35,0,1789691620,,,SCHEDULED
2026-09-18T00:34:31.663339+00:00,1288182,103,173,36,0,1789691651,,,SCHEDULED
2026-09-18T00:34:31.663339+00:00,1288182,103,168,37,0,1789691683,,,SCHEDULED
2026-09-18T00:34:31.663339+00:00,1288182,103,169,38,0,1789691726,,,SCHEDULED
2026-09-18T00:34:31.663339+00:00,1288182,103,170,39,0,1789691789,,,SCHEDULED
2026-09-18T00:34:31.663339+00:00,1288182,103,171,40,0,1789691960,,,SCHEDULED
2026-09-18T00:34:31.663339+00:00,1287096,078,9920,1,,,0,1789691760,SCHEDULED
2026-09-18T00:34:31.663339+00:00,1287096,078,2760,2,0,1789691986,,,SCHEDULED
2026-09-18T00:34:31.663339+00:00,1287096,078,2761,3,0,1789692076,,,SCHEDULED
2026-09-18T00:34:31.663339+00:00,1287096,078,2762,4,0,1789692165,,,SCHEDULED
2026-09-18T00:34:31.663339+00:00,1287096,078,2763,5,0,1789692210,,,SCHEDULED
2026-09-18T00:34:31.663339+00:00,1287096,078,2764,6,0,1789692291,,,SCHEDULED
