poll_time,trip_id,route_id,stop_id,stop_sequence,arrival_delay,arrival_time,departure_delay,departure_time,schedule_relationship
2026-09-22T00:19:43.270707+00:00,1284394,011,5348,50,0,1790036373,,,SCHEDULED
2026-09-22T00:19:43.270707+00:00,1284394,011,5201,51,0,1790036453,,,SCHEDULED
2026-09-22T00:19:43.270707+00:00,1284394,011,8900,52,0,1790036585,,,SCHEDULED
2026-09-22T00:19:43.270707+00:00,1284394,011,8901,53,0,1790036655,,,SCHEDULED
2026-09-22T00:19:43.270707+00:00,1284394,011,8902,54,0,1790036721,,,SCHEDULED
2026-09-22T00:19:43.270707+00:00,1284394,011,8903,55,0,1790036811,,,SCHEDULED
2026-09-22T00:19:43.270707+00:00,1284394,011,8904,56,0,1790036884,,,SCHEDULED
2026-09-22T00:19:43.270707+00:00,1284394,011,8905,57,0,1790036944,,,SCHEDULED
2026-09-22T00:19:43.270707+00:00,1284394,011,8906,58,0,1790036989,,,SCHEDULED
2026-09-22T00:19:43.270707+00:00,1284394,011,8907,59,0,1790037027,,,SCHEDULED
2026-09-22T00:19:43.270707+00:00,1284394,011,8908,60,0,1790037053,,,SCHEDULED
2026-09-22T00:19:43.270707+00:00,1288235,138,1434,1,,,0,1790036439,SCHEDULED
2026-09-22T00:19:43.270707+00:00,1288235,138,1811,2,0,1790036620,,,SCHEDULED
2026-09-22T00:19:43.270707+00:00,1286178,056,287,21,0,1790036537,,,SCHEDULED
2026-09-22T00:19:43.270707+00:00,1286178,056,2070,22,0,1790036575,,,SCHEDULED
2026-09-22T00:19:43.270707+00:00,1286178,056,2071,23,0,1790036604,,,SCHEDULED
2026-09-22T00:19:43.270707+00:00,1286178,056,497,24,0,1790036707,,,SCHEDULED
2026-09-22T00:19:43.270707+00:00,1286178,056,498,25,0,1790036774,,,SCHEDULED
2026-09-22T00:19:43.270707+00:00,1286178,056,500,26,0,1790036850,,,SCHEDULED
2026-09-22T00:19:43.270707+00:00,1286178,056,501,27,0,1790036890,,,SCHEDULED
2026-09-22T00:19:43.270707+00:00,1286178,056,502,28,0,1790036970,,,SCHEDULED
2026-09-22T00:19:43.270707+00:00,1286178,056,503,29,0,1790037113,,,SCHEDULED
2026-09-22T00:19:43.270707+00:00,1286178,056,504,30,0,1790037218,,,SCHEDULED
2026-09-22T00:19:43.270707+00:00,1286178,056,505,31,0,1790037251,,,SCHEDULED
2026-09-22T00:19:43.270707+00:00,1286178,056,4134,32,0,1790037337,,,SCHEDULED
2026-09-22T00:19:43.270707+00:00,1286178,056,4136,33,0,1790037388,,,SCHEDULED
2026-09-22T00:19:43.270707+00:00,1286178,056,4137,34,0,1790037446,,,SCHEDULED
2026-09-22T00:19:43.270707+00:00,1286453,062,506,9,0,1790036367,,,SCHEDULED
2026-09-22T00:19:43.270707+00:00,1286453,062,507,10,0,1790036382,,,SCHEDULED
2026-09-22T00:19:43.270707+00:00,1286453,062,508,11,0,1790036444,,,SCHEDULED
2026-09-22T00:19:43.270707+00:00,1286453,062,509,12,0,1790036455,,,SCHEDULED
2026-09-22T00:19:43.270707+00:00,1286453,062,510,13,0,1790036496,,,SCHEDULED
2026-09-22T00:19:43.270707+00:00,1286453,062,511,14,0,1790036515,,,SCHEDULED
2026-09-22T00:19:43.270707+00:00,1286453,062,513,15,0,1790036621,,,SCHEDULED
2026-09-22T00:19:43.270707+00:00,1286453,062,514,16,0,1790036672,,,SCHEDULED
2026-09-22T00:19:43.270707+00:00,1286453,062,515,17,0,1790036703,,,SCHEDULED
2026-09-22T00:19:43.270707+00:00,1286453,062,516,18,0,1790036725,,,SCHEDULED
2026-09-22T00:19:43.270707+00:00,1286453,062,517,19,0,1790036737,,,SCHEDULED
2026-09-22T00:19:43.270707+00:00,1286453,062,518,20,0,1790036783,,,SCHEDULED
2026-09-22T00:19:43.270707+00:00,1286453,062,2331,21,0,1790036810,,,SCHEDULED
2026-09-22T00:19:43.270707+00:00,1286453,062,2332,22,0,1790036839,,,SCHEDULED
2026-09-22T00:19:43.270707+00:00,1286453,062,2333,23,0,1790036866,,,SCHEDULED
2026-09-22T00:19:43.270707+00:00,1286453,062,2334,24,0,1790036891,,,SCHEDULED
2026-09-22T00:19:43.270707+00:00,1286453,062,2335,25,0,1790036920,,,SCHEDULED
2026-09-22T00:19:43.270707+00:00,1286453,062,1352,26,0,1790036952,,,SCHEDULED
2026-09-22T00:19:43.270707+00:00,1286453,062,2337,27,0,1790036994,,,SCHEDULED
2026-09-22T00:19:43.270707+00:00,1286453,062,2338,28,0,1790037052,,,SCHEDULED
2026-09-22T00:19:43.270707+00:00,1286453,062,2339,29,0,1790037088,,,SCHEDULED
2026-09-22T00:19:43.270707+00:00,1286453,062,2341,30,0,1790037114,,,SCHEDULED
2026-09-22T00:19:43.270707+00:00,1286453,062,2342,31,0,1790037140,,,SCHEDULED
2026-09-22T00:19:43.270707+00:00,1286453,062,2229,32,0,1790037241,,,SCHEDULED
2026-09-22T00:19:43.270707+00:00,1286453,062,2230,33,0,1790037327,,,SCHEDULED
2026-09-22T00:19:43.270707+00:00,1286453,062,2231,34,0,1790037357,,,SCHEDULED
2026-09-22T00:19:43.270707+00:00,1286453,062,2232,35,0,1790037382,,,SCHEDULED
2026-09-22T00:19:43.270707+00:00,1286453,062,2233,36,0,1790037450,,,SCHEDULED
2026-09-22T00:19:43.270707+00:00,1286453,062,2234,37,0,1790037481,,,SCHEDULED
2026-09-22T00:19:43.270707+00:00,1286453,062,2235,38,0,1790037529,,,SCHEDULED
2026-09-22T00:19:43.270707+00:00,1286453,062,2236,39,0,1790037576,,,SCHEDULED
2026-09-22T00:19:43.270707+00:00,1286453,062,2237,40,0,1790037628,,,SCHEDULED
2026-09-22T00:19:43.270707+00:00,1286453,062,2238,41,0,1790037646,,,SCHEDULED
2026-09-22T00:19:43.270707+00:00,1286453,062,2239,42,0,1790037669,,,SCHEDULED
2026-09-22T00:19:43.270707+00:00,1286453,062,2240,43,0,1790037692,,,SCHEDULED
2026-09-22T00:19:43.270707+00:00,1286453,062,2241,44,0,1790037826,,,SCHEDULED
2026-09-22T00:19:43.270707+00:00,1286453,062,2242,45,0,1790037869,,,SCHEDULED
2026-09-22T00:19:43.270707+00:00,1286453,062,2243,46,0,1790037903,,,SCHEDULED
2026-09-22T00:19:43.270707+00:00,1286453,062,2244,47,0,1790037948,,,SCHEDULED
2026-09-22T00:19:43.270707+00:00,1286453,062,2245,48,0,1790037968,,,SCHEDULED
2026-09-22T00:19:43.270707+00:00,1286453,062,2246,49,0,1790038041,,,SCHEDULED
2026-09-22T00:19:43.270707+00:00,1286453,062,5365,50,0,1790038076,,,SCHEDULED
2026-09-22T00:19:43.270707+00:00,1288199,113,3239,10,0,1790036360,,,SCHEDULED
2026-09-22T00:19:43.270707+00:00,1288199,113,4703,11,0,1790036595,,,SCHEDULED
2026-09-22T00:19:43.270707+00:00,1288199,113,4704,12,0,1790036659,,,SCHEDULED
2026-09-22T00:19:43.270707+00:00,1288199,113,4705,13,0,1790036704,,,SCHEDULED
2026-09-22T00:19:43.270707+00:00,1288199,113,4706,14,0,1790036743,,,SCHEDULED
2026-09-22T00:19:43.270707+00:00,1288199,113,4707,15,0,1790036851,,,SCHEDULED
2026-09-22T00:19:43.270707+00:00,1288199,113,4751,16,0,1790036882,,,SCHEDULED
2026-09-22T00:19:43.270707+00:00,1288199,113,5271,17,0,1790037030,,,SCHEDULED
2026-09-22T00:19:43.270707+00:00,1284791,015,849,8,0,1790036385,,,SCHEDULED
2026-09-22T00:19:43.270707+00:00,1284791,015,850,9,0,1790036445,,,SCHEDULED
2026-09-22T00:19:43.270707+00:00,1284791,015,851,10,0,1790036507,,,SCHEDULED
2026-09-22T00:19:43.270707+00:00,1284791,015,852,11,0,1790036546,,,SCHEDULED
2026-09-22T00:19:43.270707+00:00,1284791,015,853,12,0,1790036563,,,SCHEDULED
2026-09-22T00:19:43.270707+00:00,1284791,015,859,13,0,1790036676,,,SCHEDULED
2026-09-22T00:19:43.270707+00:00,1284791,015,860,14,0,1790036700,,,SCHEDULED
2026-09-22T00:19:43.270707+00:00,1284791,015,861,15,0,1790036734,,,SCHEDULED
2026-09-22T00:19:43.270707+00:00,1284791,015,862,16,0,1790036749,,,SCHEDULED
2026-09-22T00:19:43.270707+00:00,1284791,015,863,17,0,1790036809,,,SCHEDULED
2026-09-22T00:19:43.270707+00:00,1284791,015,864,18,0,1790036842,,,SCHEDULED
2026-09-22T00:19:43.270707+00:00,1284791,015,865,19,0,1790036861,,,SCHEDULED
2026-09-22T00:19:43.270707+00:00,1284791,015,866,20,0,1790036915,,,SCHEDULED
2026-09-22T00:19:43.270707+00:00,1284791,015,867,21,0,1790036965,,,SCHEDULED
2026-09-22T00:19:43.270707+00:00,1284791,015,593,22,0,1790036991,,,SCHEDULED
2026-09-22T00:19:43.270707+00:00,1284791,015,594,23,0,1790037045,,,SCHEDULED
2026-09-22T00:19:43.270707+00:00,1284791,015,595,24,0,1790037095,,,SCHEDULED
2026-09-22T00:19:43.270707+00:00,1284791,015,596,25,0,1790037143,,,SCHEDULED
2026-09-22T00:19:43.270707+00:00,1284791,015,284,26,0,1790037195,,,SCHEDULED
2026-09-22T00:19:43.270707+00:00,1287941,088,9807,1,,,0,1790036435,SCHEDULED
2026-09-22T00:19:43.270707+00:00,1287941,088,284,2,0,1790036593,,,SCHEDULED
2026-09-22T00:19:43.270707+00:00,1287941,088,684,3,0,1790036794,,,SCHEDULED
2026-09-22T00:19:43.270707+00:00,1287941,088,685,4,0,1790036844,,,SCHEDULED
2026-09-22T00:19:43.270707+00:00,1287941,088,1400,5,0,1790036888,,,SCHEDULED
2026-09-22T00:19:43.270707+00:00,1287941,088,1401,6,0,1790036929,,,SCHEDULED
2026-09-22T00:19:43.270707+00:00,1287941,088,1402,7,0,1790036949,,,SCHEDULED
2026-09-22T00:19:43.270707+00:00,1287941,088,1403,8,0,1790037003,,,SCHEDULED
2026-09-22T00:19:43.270707+00:00,1287941,088,1404,9,0,1790037033,,,SCHEDULED
2026-09-22T00:19:43.270707+00:00,1287941,088,1405,10,0,1790037133,,,SCHEDULED
2026-09-22T00:19:43.270707+00:00,1287941,088,1406,11,0,1790037171,,,SCHEDULED
2026-09-22T00:19:43.270707+00:00,1287941,088,1407,12,0,1790037218,,,SCHEDULED
2026-09-22T00:19:43.270707+00:00,1287941,088,1408,13,0,1790037247,,,SCHEDULED
2026-09-22T00:19:43.270707+00:00,1287941,088,1409,14,0,1790037295,,,SCHEDULED
2026-09-22T00:19:43.270707+00:00,1287941,088,1410,15,0,1790037394,,,SCHEDULED
2026-09-22T00:19:43.270707+00:00,1287941,088,1411,16,0,1790037465,,,SCHEDULED
2026-09-22T00:19:43.270707+00:00,1287941,088,1412,17,0,1790037560,,,SCHEDULED
2026-09-22T00:19:43.270707+00:00,1287941,088,1413,18,0,1790037589,,,SCHEDULED
2026-09-22T00:19:43.270707+00:00,1287941,088,1414,19,0,1790037755,,,SCHEDULED
2026-09-22T00:19:43.270707+00:00,1287941,088,1415,20,0,1790037785,,,SCHEDULED
2026-09-22T00:19:43.270707+00:00,1287941,088,1416,21,0,1790037838,,,SCHEDULED
2026-09-22T00:19:43.270707+00:00,1287941,088,1417,22,0,1790037885,,,SCHEDULED
2026-09-22T00:19:43.270707+00:00,1287820,087,1263,3,0,1790036463,,,SCHEDULED
2026-09-22T00:19:43.270707+00:00,1287820,087,3179,4,0,1790036492,,,SCHEDULED
2026-09-22T00:19:43.270707+00:00,1287820,087,3180,5,0,1790036539,,,SCHEDULED
2026-09-22T00:19:43.270707+00:00,1287820,087,3181,6,0,1790036629,,,SCHEDULED
2026-09-22T00:19:43.270707+00:00,1287820,087,3182,7,0,1790036654,,,SCHEDULED
2026-09-22T00:19:43.270707+00:00,1287820,087,3183,8,0,1790036730,,,SCHEDULED
2026-09-22T00:19:43.270707+00:00,1287820,087,3184,9,0,1790036789,,,SCHEDULED
2026-09-22T00:19:43.270707+00:00,1287820,087,3185,10,0,1790036921,,,SCHEDULED
2026-09-22T00:19:43.270707+00:00,1287820,087,3187,11,0,1790037018,,,SCHEDULED
2026-09-22T00:19:43.270707+00:00,1287820,087,3188,12,0,1790037075,,,SCHEDULED
2026-09-22T00:19:43.270707+00:00,1287820,087,3189,13,0,1790037190,,,SCHEDULED
2026-09-22T00:19:43.270707+00:00,1287820,087,3190,14,0,1790037285,,,SCHEDULED
2026-09-22T00:19:43.270707+00:00,1287820,087,3191,15,0,1790037352,,,SCHEDULED
2026-09-22T00:19:43.270707+00:00,1287820,087,3192,16,0,1790037438,,,SCHEDULED
2026-09-22T00:19:43.270707+00:00,1287820,087,3193,17,0,1790037570,,,SCHEDULED
2026-09-22T00:19:43.270707+00:00,1287820,087,275,18,0,1790037814,,,SCHEDULED
2026-09-22T00:19:43.270707+00:00,1287820,087,276,19,0,1790038065,,,SCHEDULED
2026-09-22T00:19:43.270707+00:00,1284673,013,1335,2,0,1790036532,,,SCHEDULED
2026-09-22T00:19:43.270707+00:00,1284673,013,1347,3,0,1790037110,,,SCHEDULED
2026-09-22T00:19:43.270707+00:00,1284673,013,8909,4,0,1790037193,,,SCHEDULED
2026-09-22T00:19:43.270707+00:00,1284673,013,8911,5,0,1790037226,,,SCHEDULED
2026-09-22T00:19:43.270707+00:00,1284673,013,8910,6,0,1790037338,,,SCHEDULED
2026-09-22T00:19:43.270707+00:00,1284673,013,8912,7,0,1790037460,,,SCHEDULED
2026-09-22T00:19:43.270707+00:00,1284673,013,8913,8,0,1790037501,,,SCHEDULED
2026-09-22T00:19:43.270707+00:00,1284673,013,3158,9,0,1790037807,,,SCHEDULED
2026-09-22T00:19:43.270707+00:00,1284673,013,3159,10,0,1790037912,,,SCHEDULED
2026-09-22T00:19:43.270707+00:00,1284673,013,3160,11,0,1790037930,,,SCHEDULED
2026-09-22T00:19:43.270707+00:00,1284673,013,3161,12,0,1790037953,,,SCHEDULED
2026-09-22T00:19:43.270707+00:00,1284673,013,3163,13,0,1790038001,,,SCHEDULED
2026-09-22T00:19:43.270707+00:00,1284673,013,3164,14,0,1790038029,,,SCHEDULED
2026-09-22T00:19:43.270707+00:00,1284673,013,4703,15,0,1790038153,,,SCHEDULED
2026-09-22T00:19:43.270707+00:00,1286214,056,4140,1,,,0,1790037867,SCHEDULED
2026-09-22T00:19:43.270707+00:00,1286214,056,4141,2,0,1790037896,,,SCHEDULED
2026-09-22T00:19:43.270707+00:00,1286214,056,4142,3,0,1790037941,,,SCHEDULED
2026-09-22T00:19:43.270707+00:00,1286214,056,4143,4,0,1790038050,,,SCHEDULED
2026-09-22T00:19:43.270707+00:00,1286214,056,5251,5,0,1790038094,,,SCHEDULED
2026-09-22T00:19:43.270707+00:00,1286214,056,4144,6,0,1790038112,,,SCHEDULED
2026-09-22T00:19:43.270707+00:00,1286214,056,4145,7,0,1790038128,,,SCHEDULED
2026-09-22T00:19:43.270707+00:00,1284277,010,11159,1,,,0,1790036624,SCHEDULED
2026-09-22T00:19:43.270707+00:00,1284277,010,1817,2,0,1790036632,,,SCHEDULED
2026-09-22T00:19:43.270707+00:00,1284277,010,11028,3,0,1790036738,,,SCHEDULED
2026-09-22T00:19:43.270707+00:00,1284277,010,11204,4,0,1790036773,,,SCHEDULED
2026-09-22T00:19:43.270707+00:00,1284277,010,11205,5,0,1790036816,,,SCHEDULED
2026-09-22T00:19:43.270707+00:00,1284277,010,11102,6,0,1790036847,,,SCHEDULED
2026-09-22T00:19:43.270707+00:00,1284277,010,11071,7,0,1790036863,,,SCHEDULED
2026-09-22T00:19:43.270707+00:00,1284277,010,11050,8,0,1790036882,,,SCHEDULED
2026-09-22T00:19:43.270707+00:00,1284277,010,11039,9,0,1790036922,,,SCHEDULED
2026-09-22T00:19:43.270707+00:00,1284277,010,11040,10,0,1790036945,,,SCHEDULED
2026-09-22T00:19:43.270707+00:00,1284277,010,11135,11,0,1790036990,,,SCHEDULED
2026-09-22T00:19:43.270707+00:00,1284277,010,11104,12,0,1790037011,,,SCHEDULED
2026-09-22T00:19:43.270707+00:00,1284277,010,11108,13,0,1790037048,,,SCHEDULED
2026-09-22T00:19:43.270707+00:00,1284277,010,11127,14,0,1790037091,,,SCHEDULED
2026-09-22T00:19:43.270707+00:00,1284277,010,11002,15,0,1790037218,,,SCHEDULED
2026-09-22T00:19:43.270707+00:00,1284277,010,11157,16,0,1790037304,,,SCHEDULED
2026-09-22T00:19:43.270707+00:00,1284277,010,11033,17,0,1790037386,,,SCHEDULED
2026-09-22T00:19:43.270707+00:00,1284277,010,11035,18,0,1790037668,,,SCHEDULED
2026-09-22T00:19:43.270707+00:00,1284277,010,11034,19,0,1790037697,,,SCHEDULED
2026-09-22T00:19:43.270707+00:00,1284277,010,11036,20,0,1790037805,,,SCHEDULED
2026-09-22T00:19:43.270707+00:00,1284277,010,11109,21,0,1790037928,,,SCHEDULED
2026-09-22T00:19:43.270707+00:00,1284277,010,11118,22,0,1790037968,,,SCHEDULED
2026-09-22T00:19:43.270707+00:00,1284277,010,11119,23,0,1790038054,,,SCHEDULED
2026-09-22T00:19:43.270707+00:00,1287545,084,1285,1,,,0,1790037262,SCHEDULED
2026-09-22T00:19:43.270707+00:00,1287545,084,1618,2,0,1790037343,,,SCHEDULED
2026-09-22T00:19:43.270707+00:00,1287545,084,1306,3,0,1790037395,,,SCHEDULED
2026-09-22T00:19:43.270707+00:00,1287545,084,1570,4,0,1790037504,,,SCHEDULED
2026-09-22T00:19:43.270707+00:00,1287545,084,1307,5,0,1790037543,,,SCHEDULED
2026-09-22T00:19:43.270707+00:00,1287545,084,4003,6,0,1790037581,,,SCHEDULED
2026-09-22T00:19:43.270707+00:00,1287545,084,4004,7,0,1790037617,,,SCHEDULED
2026-09-22T00:19:43.270707+00:00,1287545,084,4005,8,0,1790037666,,,SCHEDULED
2026-09-22T00:19:43.270707+00:00,1287545,084,4006,9,0,1790037677,,,SCHEDULED
2026-09-22T00:19:43.270707+00:00,1287545,084,4007,10,0,1790037689,,,SCHEDULED
2026-09-22T00:19:43.270707+00:00,1287545,084,3950,11,0,1790037875,,,SCHEDULED
2026-09-22T00:19:43.270707+00:00,1287545,084,3951,12,0,1790037918,,,SCHEDULED
2026-09-22T00:19:43.270707+00:00,1287545,084,3953,13,0,1790037967,,,SCHEDULED
2026-09-22T00:19:43.270707+00:00,1287545,084,3954,14,0,1790037986,,,SCHEDULED
2026-09-22T00:19:43.270707+00:00,1287545,084,3955,15,0,1790038017,,,SCHEDULED
2026-09-22T00:19:43.270707+00:00,1287545,084,3956,16,0,1790038047,,,SCHEDULED
2026-09-22T00:19:43.270707+00:00,1287545,084,3957,17,0,1790038067,,,SCHEDULED
2026-09-22T00:19:43.270707+00:00,1287545,084,3063,18,0,1790038124,,,SCHEDULED
2026-09-22T00:19:43.270707+00:00,1287545,084,3064,19,0,1790038137,,,SCHEDULED
2026-09-22T00:19:43.270707+00:00,1287545,084,3065,20,0,1790038145,,,SCHEDULED
2026-09-22T00:19:43.270707+00:00,1287666,086,241,1,,,0,1790037493,SCHEDULED
2026-09-22T00:19:43.270707+00:00,1287666,086,558,2,0,1790037562,,,SCHEDULED
2026-09-22T00:19:43.270707+00:00,1287666,086,559,3,0,1790037617,,,SCHEDULED
2026-09-22T00:19:43.270707+00:00,1287666,086,560,4,0,1790037664,,,SCHEDULED
2026-09-22T00:19:43.270707+00:00,1287666,086,561,5,0,1790037693,,,SCHEDULED
2026-09-22T00:19:43.270707+00:00,1287666,086,562,6,0,1790037777,,,SCHEDULED
2026-09-22T00:19:43.270707+00:00,1287666,086,849,7,0,1790037899,,,SCHEDULED
2026-09-22T00:19:43.270707+00:00,1287666,086,850,8,0,1790037937,,,SCHEDULED
2026-09-22T00:19:43.270707+00:00,1287666,086,851,9,0,1790038008,,,SCHEDULED
2026-09-22T00:19:43.270707+00:00,1287666,086,852,10,0,1790038069,,,SCHEDULED
2026-09-22T00:19:43.270707+00:00,1287666,086,853,11,0,1790038091,,,SCHEDULED
2026-09-22T00:19:43.270707+00:00,1287666,086,854,12,0,1790038135,,,SCHEDULED
2026-09-22T00:19:43.270707+00:00,1287546,084,9801,29,0,1790036400,,,SCHEDULED
2026-09-22T00:19:43.270707+00:00,1287546,084,3073,30,0,1790036460,,,SCHEDULED
2026-09-22T00:19:43.270707+00:00,1287546,084,3074,31,0,1790036580,,,SCHEDULED
2026-09-22T00:19:43.270707+00:00,1287546,084,3075,32,0,1790036633,,,SCHEDULED
2026-09-22T00:19:43.270707+00:00,1287546,084,3076,33,0,1790036765,,,SCHEDULED
2026-09-22T00:19:43.270707+00:00,1287546,084,3077,34,0,1790036821,,,SCHEDULED
2026-09-22T00:19:43.270707+00:00,1287546,084,3078,35,0,1790036983,,,SCHEDULED
2026-09-22T00:19:43.270707+00:00,1287546,084,3079,36,0,1790037058,,,SCHEDULED
2026-09-22T00:19:43.270707+00:00,1287546,084,3080,37,0,1790037137,,,SCHEDULED
2026-09-22T00:19:43.270707+00:00,1287546,084,1074,38,0,1790037235,,,SCHEDULED
2026-09-22T00:19:43.270707+00:00,1287546,084,1075,39,0,1790037303,,,SCHEDULED
2026-09-22T00:19:43.270707+00:00,1287546,084,1076,40,0,1790037344,,,SCHEDULED
2026-09-22T00:19:43.270707+00:00,1287546,084,1077,41,0,1790037400,,,SCHEDULED
2026-09-22T00:19:43.270707+00:00,1287546,084,1646,42,0,1790037480,,,SCHEDULED
2026-09-22T00:19:43.270707+00:00,1287546,084,1648,43,0,1790037548,,,SCHEDULED
2026-09-22T00:19:43.270707+00:00,1287546,084,1107,44,0,1790037611,,,SCHEDULED
2026-09-22T00:19:43.270707+00:00,1287546,084,1108,45,0,1790037668,,,SCHEDULED
2026-09-22T00:19:43.270707+00:00,1287546,084,3081,46,0,1790037724,,,SCHEDULED
2026-09-22T00:19:43.270707+00:00,1287546,084,3082,47,0,1790037759,,,SCHEDULED
2026-09-22T00:19:43.270707+00:00,1287546,084,3083,48,0,1790037799,,,SCHEDULED
2026-09-22T00:19:43.270707+00:00,1287546,084,3084,49,0,1790037850,,,SCHEDULED
2026-09-22T00:19:43.270707+00:00,1287546,084,3085,50,0,1790037906,,,SCHEDULED
2026-09-22T00:19:43.270707+00:00,1287546,084,3086,51,0,1790037981,,,SCHEDULED
2026-09-22T00:19:43.270707+00:00,1287546,084,3087,52,0,1790038088,,,SCHEDULED
2026-09-22T00:19:43.270707+00:00,1287700,086,708,32,0,1790036373,,,SCHEDULED
2026-09-22T00:19:43.270707+00:00,1287700,086,834,33,0,1790036449,,,SCHEDULED
2026-09-22T00:19:43.270707+00:00,1287700,086,835,34,0,1790036504,,,SCHEDULED
2026-09-22T00:19:43.270707+00:00,1287700,086,836,35,0,1790036556,,,SCHEDULED
2026-09-22T00:19:43.270707+00:00,1287700,086,838,36,0,1790036604,,,SCHEDULED
2026-09-22T00:19:43.270707+00:00,1287700,086,839,37,0,1790036640,,,SCHEDULED
2026-09-22T00:19:43.270707+00:00,1287700,086,840,38,0,1790036687,,,SCHEDULED
2026-09-22T00:19:43.270707+00:00,1287700,086,581,39,0,1790036718,,,SCHEDULED
2026-09-22T00:19:43.270707+00:00,1287700,086,582,40,0,1790036774,,,SCHEDULED
2026-09-22T00:19:43.270707+00:00,1287700,086,583,41,0,1790036816,,,SCHEDULED
2026-09-22T00:19:43.270707+00:00,1287700,086,584,42,0,1790036849,,,SCHEDULED
2026-09-22T00:19:43.270707+00:00,1287700,086,585,43,0,1790036948,,,SCHEDULED
2026-09-22T00:19:43.270707+00:00,1287700,086,586,44,0,1790036988,,,SCHEDULED
2026-09-22T00:19:43.270707+00:00,1286212,056,1038,40,0,1790036287,,,SCHEDULED
2026-09-22T00:19:43.270707+00:00,1286212,056,4019,41,0,1790036349,,,SCHEDULED
2026-09-22T00:19:43.270707+00:00,1286179,056,906,1,,,0,1790036905,SCHEDULED
2026-09-22T00:19:43.270707+00:00,1286179,056,286,2,0,1790037037,,,SCHEDULED
2026-09-22T00:19:43.270707+00:00,1286179,056,4439,3,0,1790037074,,,SCHEDULED
2026-09-22T00:19:43.270707+00:00,1286179,056,4440,4,0,1790037093,,,SCHEDULED
2026-09-22T00:19:43.270707+00:00,1286179,056,4441,5,0,1790037109,,,SCHEDULED
2026-09-22T00:19:43.270707+00:00,1286179,056,4015,6,0,1790037149,,,SCHEDULED
2026-09-22T00:19:43.270707+00:00,1286179,056,4016,7,0,1790037188,,,SCHEDULED
2026-09-22T00:19:43.270707+00:00,1286179,056,4017,8,0,1790037244,,,SCHEDULED
2026-09-22T00:19:43.270707+00:00,1286179,056,3914,9,0,1790037402,,,SCHEDULED
2026-09-22T00:19:43.270707+00:00,1286179,056,3220,10,0,1790037510,,,SCHEDULED
2026-09-22T00:19:43.270707+00:00,1286179,056,3222,11,0,1790037640,,,SCHEDULED
2026-09-22T00:19:43.270707+00:00,1286179,056,3223,12,0,1790037691,,,SCHEDULED
2026-09-22T00:19:43.270707+00:00,1286179,056,3225,13,0,1790037719,,,SCHEDULED
2026-09-22T00:19:43.270707+00:00,1286179,056,2062,14,0,1790037808,,,SCHEDULED
2026-09-22T00:19:43.270707+00:00,1286179,056,2063,15,0,1790037829,,,SCHEDULED
2026-09-22T00:19:43.270707+00:00,1286179,056,2064,16,0,1790037909,,,SCHEDULED
2026-09-22T00:19:43.270707+00:00,1286179,056,2065,17,0,1790037956,,,SCHEDULED
2026-09-22T00:19:43.270707+00:00,1286179,056,2066,18,0,1790037976,,,SCHEDULED
2026-09-22T00:19:43.270707+00:00,1286179,056,2068,19,0,1790038013,,,SCHEDULED
2026-09-22T00:19:43.270707+00:00,1286179,056,5200,20,0,1790038087,,,SCHEDULED
2026-09-22T00:19:43.270707+00:00,1284674,013,1104,30,0,1790036394,,,SCHEDULED
2026-09-22T00:19:43.270707+00:00,1284674,013,1105,31,0,1790036463,,,SCHEDULED
2026-09-22T00:19:43.270707+00:00,1284674,013,1106,32,0,1790036529,,,SCHEDULED
2026-09-22T00:19:43.270707+00:00,1284674,013,1674,33,0,1790036558,,,SCHEDULED
2026-09-22T00:19:43.270707+00:00,1284674,013,1675,34,0,1790036605,,,SCHEDULED
2026-09-22T00:19:43.270707+00:00,1284674,013,1677,35,0,1790036663,,,SCHEDULED
2026-09-22T00:19:43.270707+00:00,1284674,013,1127,36,0,1790036699,,,SCHEDULED
2026-09-22T00:19:43.270707+00:00,1284674,013,1128,37,0,1790036744,,,SCHEDULED
2026-09-22T00:19:43.270707+00:00,1284674,013,1129,38,0,1790036821,,,SCHEDULED
2026-09-22T00:19:43.270707+00:00,1284674,013,1130,39,0,1790036880,,,SCHEDULED
2026-09-22T00:19:43.270707+00:00,1284674,013,1131,40,0,1790036947,,,SCHEDULED
2026-09-22T00:19:43.270707+00:00,1284674,013,3089,41,0,1790037013,,,SCHEDULED
2026-09-22T00:19:43.270707+00:00,1284674,013,1464,42,0,1790037091,,,SCHEDULED
2026-09-22T00:19:43.270707+00:00,1286213,056,172,10,0,1790036411,,,SCHEDULED
2026-09-22T00:19:43.270707+00:00,1286213,056,480,11,0,1790036508,,,SCHEDULED
2026-09-22T00:19:43.270707+00:00,1286213,056,1733,12,0,1790036547,,,SCHEDULED
2026-09-22T00:19:43.270707+00:00,1286213,056,481,13,0,1790036607,,,SCHEDULED
2026-09-22T00:19:43.270707+00:00,1286213,056,482,14,0,1790036646,,,SCHEDULED
2026-09-22T00:19:43.270707+00:00,1286213,056,483,15,0,1790036683,,,SCHEDULED
2026-09-22T00:19:43.270707+00:00,1286213,056,484,16,0,1790036713,,,SCHEDULED
2026-09-22T00:19:43.270707+00:00,1286213,056,485,17,0,1790036767,,,SCHEDULED
2026-09-22T00:19:43.270707+00:00,1286213,056,486,18,0,1790036836,,,SCHEDULED
2026-09-22T00:19:43.270707+00:00,1286213,056,487,19,0,1790036896,,,SCHEDULED
2026-09-22T00:19:43.270707+00:00,1286213,056,488,20,0,1790036925,,,SCHEDULED
2026-09-22T00:19:43.270707+00:00,1286213,056,5200,21,0,1790037000,,,SCHEDULED
2026-09-22T00:19:43.270707+00:00,1286213,056,489,22,0,1790037084,,,SCHEDULED
2026-09-22T00:19:43.270707+00:00,1286213,056,490,23,0,1790037126,,,SCHEDULED
2026-09-22T00:19:43.270707+00:00,1286213,056,491,24,0,1790037204,,,SCHEDULED
2026-09-22T00:19:43.270707+00:00,1286213,056,492,25,0,1790037243,,,SCHEDULED
2026-09-22T00:19:43.270707+00:00,1286213,056,493,26,0,1790037280,,,SCHEDULED
2026-09-22T00:19:43.270707+00:00,1286213,056,494,27,0,1790037307,,,SCHEDULED
2026-09-22T00:19:43.270707+00:00,1286213,056,3831,28,0,1790037481,,,SCHEDULED
2026-09-22T00:19:43.270707+00:00,1286213,056,3832,29,0,1790037542,,,SCHEDULED
2026-09-22T00:19:43.270707+00:00,1286213,056,3833,30,0,1790037575,,,SCHEDULED
2026-09-22T00:19:43.270707+00:00,1286213,056,3834,31,0,1790037644,,,SCHEDULED
2026-09-22T00:19:43.270707+00:00,1286213,056,3939,32,0,1790037780,,,SCHEDULED
2026-09-22T00:19:43.270707+00:00,1286213,056,5107,33,0,1790037820,,,SCHEDULED
2026-09-22T00:19:43.270707+00:00,1286213,056,4020,34,0,1790037860,,,SCHEDULED
2026-09-22T00:19:43.270707+00:00,1286213,056,4021,35,0,1790037906,,,SCHEDULED
2026-09-22T00:19:43.270707+00:00,1286213,056,4022,36,0,1790037957,,,SCHEDULED
2026-09-22T00:19:43.270707+00:00,1286213,056,242,37,0,1790038046,,,SCHEDULED
2026-09-22T00:19:43.270707+00:00,1286213,056,243,38,0,1790038095,,,SCHEDULED
2026-09-22T00:19:43.270707+00:00,1286213,056,244,39,0,1790038135,,,SCHEDULED
2026-09-22T00:19:43.270707+00:00,1286455,062,2252,54,0,1790036356,,,SCHEDULED
2026-09-22T00:19:43.270707+00:00,1286455,062,2254,55,0,1790036412,,,SCHEDULED
2026-09-22T00:19:43.270707+00:00,1286455,062,519,56,0,1790036470,,,SCHEDULED
2026-09-22T00:19:43.270707+00:00,1286455,062,521,57,0,1790036531,,,SCHEDULED
2026-09-22T00:19:43.270707+00:00,1286455,062,522,58,0,1790036599,,,SCHEDULED
2026-09-22T00:19:43.270707+00:00,1286455,062,525,59,0,1790036691,,,SCHEDULED
2026-09-22T00:19:43.270707+00:00,1286455,062,526,60,0,1790036891,,,SCHEDULED
2026-09-22T00:19:43.270707+00:00,1286455,062,527,61,0,1790036919,,,SCHEDULED
2026-09-22T00:19:43.270707+00:00,1286455,062,528,62,0,1790036951,,,SCHEDULED
2026-09-22T00:19:43.270707+00:00,1286455,062,5252,63,0,1790037032,,,SCHEDULED
2026-09-22T00:19:43.270707+00:00,1286455,062,531,64,0,1790037093,,,SCHEDULED
2026-09-22T00:19:43.270707+00:00,1286455,062,116,65,0,1790037135,,,SCHEDULED
2026-09-22T00:19:43.270707+00:00,1287701,086,3146,10,0,1790036969,,,SCHEDULED
2026-09-22T00:19:43.270707+00:00,1287701,086,3148,11,0,1790037027,,,SCHEDULED
2026-09-22T00:19:43.270707+00:00,1287701,086,3149,12,0,1790037081,,,SCHEDULED
2026-09-22T00:19:43.270707+00:00,1287701,086,3150,13,0,1790037140,,,SCHEDULED
2026-09-22T00:19:43.270707+00:00,1287701,086,3151,14,0,1790037175,,,SCHEDULED
2026-09-22T00:19:43.270707+00:00,1287701,086,3152,15,0,1790037216,,,SCHEDULED
2026-09-22T00:19:43.270707+00:00,1287701,086,3153,16,0,1790037250,,,SCHEDULED
2026-09-22T00:19:43.270707+00:00,1287701,086,3154,17,0,1790037291,,,SCHEDULED
2026-09-22T00:19:43.270707+00:00,1287701,086,3155,18,0,1790037350,,,SCHEDULED
2026-09-22T00:19:43.270707+00:00,1287701,086,3156,19,0,1790037420,,,SCHEDULED
2026-09-22T00:19:43.270707+00:00,1287701,086,3157,20,0,1790037428,,,SCHEDULED
2026-09-22T00:19:43.270707+00:00,1287701,086,3158,21,0,1790037500,,,SCHEDULED
2026-09-22T00:19:43.270707+00:00,1287701,086,3159,22,0,1790037553,,,SCHEDULED
2026-09-22T00:19:43.270707+00:00,1287701,086,3160,23,0,1790037574,,,SCHEDULED
2026-09-22T00:19:43.270707+00:00,1287701,086,3161,24,0,1790037601,,,SCHEDULED
2026-09-22T00:19:43.270707+00:00,1287701,086,3163,25,0,1790037670,,,SCHEDULED
2026-09-22T00:19:43.270707+00:00,1287701,086,3164,26,0,1790037706,,,SCHEDULED
2026-09-22T00:19:43.270707+00:00,1287701,086,699,27,0,1790037783,,,SCHEDULED
2026-09-22T00:19:43.270707+00:00,1287701,086,703,28,0,1790037943,,,SCHEDULED
2026-09-22T00:19:43.270707+00:00,1287701,086,700,29,0,1790037977,,,SCHEDULED
2026-09-22T00:19:43.270707+00:00,1287701,086,706,30,0,1790038050,,,SCHEDULED
2026-09-22T00:19:43.270707+00:00,1287701,086,707,31,0,1790038135,,,SCHEDULED
2026-09-22T00:19:43.270707+00:00,1285009,021,1070,1,,,0,1790038120,SCHEDULED
2026-09-22T00:19:43.270707+00:00,1285009,021,3327,2,0,1790038125,,,SCHEDULED
2026-09-22T00:19:43.270707+00:00,1287547,084,3000,53,0,1790036580,,,SCHEDULED
2026-09-22T00:19:43.270707+00:00,1287547,084,3001,54,0,1790036635,,,SCHEDULED
2026-09-22T00:19:43.270707+00:00,1287547,084,3002,55,0,1790036693,,,SCHEDULED
2026-09-22T00:19:43.270707+00:00,1287547,084,3003,56,0,1790036736,,,SCHEDULED
2026-09-22T00:19:43.270707+00:00,1287547,084,3004,57,0,1790036788,,,SCHEDULED
2026-09-22T00:19:43.270707+00:00,1287547,084,3005,58,0,1790036846,,,SCHEDULED
2026-09-22T00:19:43.270707+00:00,1287547,084,3006,59,0,1790036898,,,SCHEDULED
2026-09-22T00:19:43.270707+00:00,1287547,084,3007,60,0,1790036921,,,SCHEDULED
2026-09-22T00:19:43.270707+00:00,1287547,084,2749,61,0,1790036940,,,SCHEDULED
2026-09-22T00:19:43.270707+00:00,1287547,084,2750,62,0,1790037012,,,SCHEDULED
2026-09-22T00:19:43.270707+00:00,1287547,084,2751,63,0,1790037096,,,SCHEDULED
2026-09-22T00:19:43.270707+00:00,1287547,084,2752,64,0,1790037161,,,SCHEDULED
2026-09-22T00:19:43.270707+00:00,1287789,087,291,1,,,0,1790037013,SCHEDULED
2026-09-22T00:19:43.270707+00:00,1287789,087,274,2,0,1790037219,,,SCHEDULED
2026-09-22T00:19:43.270707+00:00,1287789,087,275,3,0,1790037385,,,SCHEDULED
2026-09-22T00:19:43.270707+00:00,1287789,087,3893,4,0,1790037687,,,SCHEDULED
2026-09-22T00:19:43.270707+00:00,1287789,087,3894,5,0,1790037962,,,SCHEDULED
2026-09-22T00:19:43.270707+00:00,1287789,087,3895,6,0,1790038053,,,SCHEDULED
2026-09-22T00:19:43.270707+00:00,1287789,087,3896,7,0,1790038144,,,SCHEDULED
2026-09-22T00:19:43.270707+00:00,1287702,086,418,1,,,0,1790036824,SCHEDULED
2026-09-22T00:19:43.270707+00:00,1287702,086,4763,2,0,1790036861,,,SCHEDULED
2026-09-22T00:19:43.270707+00:00,1287702,086,113,3,0,1790036900,,,SCHEDULED
2026-09-22T00:19:43.270707+00:00,1287702,086,525,4,0,1790036995,,,SCHEDULED
2026-09-22T00:19:43.270707+00:00,1287702,086,526,5,0,1790037098,,,SCHEDULED
2026-09-22T00:19:43.270707+00:00,1287702,086,527,6,0,1790037125,,,SCHEDULED
2026-09-22T00:19:43.270707+00:00,1287702,086,528,7,0,1790037196,,,SCHEDULED
2026-09-22T00:19:43.270707+00:00,1287702,086,5252,8,0,1790037335,,,SCHEDULED
2026-09-22T00:19:43.270707+00:00,1287702,086,531,9,0,1790037399,,,SCHEDULED
2026-09-22T00:19:43.270707+00:00,1287702,086,3146,10,0,1790038072,,,SCHEDULED
2026-09-22T00:19:43.270707+00:00,1287702,086,3148,11,0,1790038130,,,SCHEDULED
2026-09-22T00:19:43.270707+00:00,1287819,087,241,1,,,0,1790038062,SCHEDULED
2026-09-22T00:19:43.270707+00:00,1288190,106,112,11,0,1790036357,,,SCHEDULED
2026-09-22T00:19:43.270707+00:00,1288190,106,973,12,0,1790036515,,,SCHEDULED
2026-09-22T00:19:43.270707+00:00,1288190,106,974,13,0,1790036563,,,SCHEDULED
2026-09-22T00:19:43.270707+00:00,1288190,106,975,14,0,1790036602,,,SCHEDULED
2026-09-22T00:19:43.270707+00:00,1288190,106,976,15,0,1790036727,,,SCHEDULED
2026-09-22T00:19:43.270707+00:00,1288190,106,977,16,0,1790036807,,,SCHEDULED
2026-09-22T00:19:43.270707+00:00,1288190,106,978,17,0,1790036830,,,SCHEDULED
2026-09-22T00:19:43.270707+00:00,1288190,106,979,18,0,1790036862,,,SCHEDULED
2026-09-22T00:19:43.270707+00:00,1288190,106,980,19,0,1790036879,,,SCHEDULED
2026-09-22T00:19:43.270707+00:00,1288190,106,981,20,0,1790036898,,,SCHEDULED
2026-09-22T00:19:43.270707+00:00,1288190,106,983,21,0,1790036948,,,SCHEDULED
2026-09-22T00:19:43.270707+00:00,1288190,106,984,22,0,1790036965,,,SCHEDULED
2026-09-22T00:19:43.270707+00:00,1288190,106,985,23,0,1790036989,,,SCHEDULED
2026-09-22T00:19:43.270707+00:00,1288190,106,986,24,0,1790037022,,,SCHEDULED
2026-09-22T00:19:43.270707+00:00,1288190,106,987,25,0,1790037085,,,SCHEDULED
2026-09-22T00:19:43.270707+00:00,1288190,106,988,26,0,1790037107,,,SCHEDULED
2026-09-22T00:19:43.270707+00:00,1288190,106,989,27,0,1790037217,,,SCHEDULED
2026-09-22T00:19:43.270707+00:00,1288190,106,990,28,0,1790037281,,,SCHEDULED
2026-09-22T00:19:43.270707+00:00,1288190,106,992,29,0,1790037351,,,SCHEDULED
2026-09-22T00:19:43.270707+00:00,1288190,106,993,30,0,1790037378,,,SCHEDULED
2026-09-22T00:19:43.270707+00:00,1288190,106,994,31,0,1790037417,,,SCHEDULED
2026-09-22T00:19:43.270707+00:00,1288190,106,995,32,0,1790037473,,,SCHEDULED
2026-09-22T00:19:43.270707+00:00,1288190,106,997,33,0,1790037570,,,SCHEDULED
2026-09-22T00:19:43.270707+00:00,1288190,106,998,34,0,1790037626,,,SCHEDULED
2026-09-22T00:19:43.270707+00:00,1288190,106,999,35,0,1790037668,,,SCHEDULED
2026-09-22T00:19:43.270707+00:00,1288190,106,1000,36,0,1790037703,,,SCHEDULED
2026-09-22T00:19:43.270707+00:00,1288190,106,1001,37,0,1790037770,,,SCHEDULED
2026-09-22T00:19:43.270707+00:00,1288190,106,1002,38,0,1790037815,,,SCHEDULED
2026-09-22T00:19:43.270707+00:00,1288190,106,1003,39,0,1790037858,,,SCHEDULED
2026-09-22T00:19:43.270707+00:00,1288190,106,2357,40,0,1790037900,,,SCHEDULED
2026-09-22T00:19:43.270707+00:00,1288190,106,1005,41,0,1790037943,,,SCHEDULED
2026-09-22T00:19:43.270707+00:00,1288190,106,1006,42,0,1790037962,,,SCHEDULED
2026-09-22T00:19:43.270707+00:00,1288190,106,1007,43,0,1790037992,,,SCHEDULED
2026-09-22T00:19:43.270707+00:00,1288190,106,450,44,0,1790038017,,,SCHEDULED
2026-09-22T00:19:43.270707+00:00,1288190,106,1008,45,0,1790038036,,,SCHEDULED
2026-09-22T00:19:43.270707+00:00,1288190,106,1009,46,0,1790038064,,,SCHEDULED
2026-09-22T00:19:43.270707+00:00,1288190,106,1010,47,0,1790038098,,,SCHEDULED
2026-09-22T00:19:43.270707+00:00,1288190,106,1011,48,0,1790038146,,,SCHEDULED
2026-09-22T00:19:43.270707+00:00,1284392,011,605,35,0,1790036408,,,SCHEDULED
2026-09-22T00:19:43.270707+00:00,1284392,011,606,36,0,1790036484,,,SCHEDULED
2026-09-22T00:19:43.270707+00:00,1284392,011,608,37,0,1790036529,,,SCHEDULED
2026-09-22T00:19:43.270707+00:00,1284392,011,607,38,0,1790036593,,,SCHEDULED
2026-09-22T00:19:43.270707+00:00,1284392,011,8922,39,0,1790037023,,,SCHEDULED
2026-09-22T00:19:43.270707+00:00,1284392,011,8923,40,0,1790037069,,,SCHEDULED
2026-09-22T00:19:43.270707+00:00,1284392,011,8924,41,0,1790037102,,,SCHEDULED
2026-09-22T00:19:43.270707+00:00,1284392,011,8925,42,0,1790037137,,,SCHEDULED
2026-09-22T00:19:43.270707+00:00,1284392,011,8926,43,0,1790037183,,,SCHEDULED
2026-09-22T00:19:43.270707+00:00,1284392,011,8927,44,0,1790037232,,,SCHEDULED
2026-09-22T00:19:43.270707+00:00,1284392,011,4710,45,0,1790037418,,,SCHEDULED
2026-09-22T00:19:43.270707+00:00,1284392,011,8928,46,0,1790037483,,,SCHEDULED
2026-09-22T00:19:43.270707+00:00,1284392,011,8929,47,0,1790037586,,,SCHEDULED
2026-09-22T00:19:43.270707+00:00,1284392,011,8930,48,0,1790037635,,,SCHEDULED
2026-09-22T00:19:43.270707+00:00,1284392,011,543,49,0,1790037686,,,SCHEDULED
2026-09-22T00:19:43.270707+00:00,1284392,011,5348,50,0,1790037779,,,SCHEDULED
2026-09-22T00:19:43.270707+00:00,1284392,011,5201,51,0,1790037835,,,SCHEDULED
2026-09-22T00:19:43.270707+00:00,1284392,011,8900,52,0,1790037992,,,SCHEDULED
2026-09-22T00:19:43.270707+00:00,1284392,011,8901,53,0,1790038014,,,SCHEDULED
2026-09-22T00:19:43.270707+00:00,1284392,011,8902,54,0,1790038079,,,SCHEDULED
2026-09-22T00:19:43.270707+00:00,1288195,109,447,16,0,1790036950,,,SCHEDULED
2026-09-22T00:19:43.270707+00:00,1288195,109,3468,17,0,1790037034,,,SCHEDULED
2026-09-22T00:19:43.270707+00:00,1288195,109,3469,18,0,1790037053,,,SCHEDULED
2026-09-22T00:19:43.270707+00:00,1288195,109,3470,19,0,1790037078,,,SCHEDULED
2026-09-22T00:19:43.270707+00:00,1288195,109,3471,20,0,1790037126,,,SCHEDULED
2026-09-22T00:19:43.270707+00:00,1288195,109,3472,21,0,1790037181,,,SCHEDULED
2026-09-22T00:19:43.270707+00:00,1288195,109,3473,22,0,1790037253,,,SCHEDULED
2026-09-22T00:19:43.270707+00:00,1288195,109,3474,23,0,1790037292,,,SCHEDULED
2026-09-22T00:19:43.270707+00:00,1288195,109,3475,24,0,1790037360,,,SCHEDULED
2026-09-22T00:19:43.270707+00:00,1288195,109,3476,25,0,1790037485,,,SCHEDULED
2026-09-22T00:19:43.270707+00:00,1288195,109,3465,26,0,1790037538,,,SCHEDULED
2026-09-22T00:19:43.270707+00:00,1288195,109,3477,27,0,1790037597,,,SCHEDULED
2026-09-22T00:19:43.270707+00:00,1288195,109,3478,28,0,1790037796,,,SCHEDULED
2026-09-22T00:19:43.270707+00:00,1288195,109,3479,29,0,1790037847,,,SCHEDULED
2026-09-22T00:19:43.270707+00:00,1288195,109,3480,30,0,1790037891,,,SCHEDULED
2026-09-22T00:19:43.270707+00:00,1288195,109,3464,31,0,1790037967,,,SCHEDULED
2026-09-22T00:19:43.270707+00:00,1288195,109,3481,32,0,1790038022,,,SCHEDULED
2026-09-22T00:19:43.270707+00:00,1288195,109,3482,33,0,1790038106,,,SCHEDULED
2026-09-22T00:19:43.270707+00:00,1284391,011,2276,5,0,1790036365,,,SCHEDULED
2026-09-22T00:19:43.270707+00:00,1284391,011,8303,6,0,1790036412,,,SCHEDULED
2026-09-22T00:19:43.270707+00:00,1284391,011,8302,7,0,1790036458,,,SCHEDULED
2026-09-22T00:19:43.270707+00:00,1284391,011,1046,8,0,1790036564,,,SCHEDULED
2026-09-22T00:19:43.270707+00:00,1284391,011,1047,9,0,1790036640,,,SCHEDULED
2026-09-22T00:19:43.270707+00:00,1284391,011,1049,10,0,1790036685,,,SCHEDULED
2026-09-22T00:19:43.270707+00:00,1284391,011,1050,11,0,1790036720,,,SCHEDULED
2026-09-22T00:19:43.270707+00:00,1284391,011,1051,12,0,1790036754,,,SCHEDULED
2026-09-22T00:19:43.270707+00:00,1284391,011,215,13,0,1790036928,,,SCHEDULED
2026-09-22T00:19:43.270707+00:00,1284391,011,216,14,0,1790036957,,,SCHEDULED
2026-09-22T00:19:43.270707+00:00,1284391,011,217,15,0,1790036980,,,SCHEDULED
2026-09-22T00:19:43.270707+00:00,1284391,011,218,16,0,1790037005,,,SCHEDULED
2026-09-22T00:19:43.270707+00:00,1284391,011,219,17,0,1790037025,,,SCHEDULED
2026-09-22T00:19:43.270707+00:00,1284391,011,1926,18,0,1790037060,,,SCHEDULED
2026-09-22T00:19:43.270707+00:00,1284391,011,1940,19,0,1790037090,,,SCHEDULED
2026-09-22T00:19:43.270707+00:00,1284391,011,1770,20,0,1790037140,,,SCHEDULED
2026-09-22T00:19:43.270707+00:00,1284391,011,1771,21,0,1790037171,,,SCHEDULED
2026-09-22T00:19:43.270707+00:00,1284391,011,1772,22,0,1790037217,,,SCHEDULED
2026-09-22T00:19:43.270707+00:00,1284391,011,1773,23,0,1790037278,,,SCHEDULED
2026-09-22T00:19:43.270707+00:00,1284391,011,1774,24,0,1790037343,,,SCHEDULED
2026-09-22T00:19:43.270707+00:00,1284391,011,1775,25,0,1790037385,,,SCHEDULED
2026-09-22T00:19:43.270707+00:00,1284391,011,1776,26,0,1790037412,,,SCHEDULED
2026-09-22T00:19:43.270707+00:00,1284391,011,325,27,0,1790037538,,,SCHEDULED
2026-09-22T00:19:43.270707+00:00,1284391,011,327,29,0,1790037600,,,SCHEDULED
2026-09-22T00:19:43.270707+00:00,1284391,011,328,30,0,1790037630,,,SCHEDULED
2026-09-22T00:19:43.270707+00:00,1284391,011,329,31,0,1790037679,,,SCHEDULED
2026-09-22T00:19:43.270707+00:00,1284391,011,330,32,0,1790037728,,,SCHEDULED
2026-09-22T00:19:43.270707+00:00,1284391,011,331,33,0,1790037758,,,SCHEDULED
2026-09-22T00:19:43.270707+00:00,1284391,011,668,34,0,1790037819,,,SCHEDULED
2026-09-22T00:19:43.270707+00:00,1288196,109,5305,1,,,0,1790036493,SCHEDULED
2026-09-22T00:19:43.270707+00:00,1288196,109,221,2,0,1790036557,,,SCHEDULED
2026-09-22T00:19:43.270707+00:00,1288196,109,222,3,0,1790036579,,,SCHEDULED
2026-09-22T00:19:43.270707+00:00,1288196,109,223,4,0,1790036662,,,SCHEDULED
2026-09-22T00:19:43.270707+00:00,1288196,109,225,5,0,1790036832,,,SCHEDULED
2026-09-22T00:19:43.270707+00:00,1288196,109,226,6,0,1790036916,,,SCHEDULED
2026-09-22T00:19:43.270707+00:00,1288196,109,108,7,0,1790036978,,,SCHEDULED
2026-09-22T00:19:43.270707+00:00,1288196,109,109,8,0,1790037023,,,SCHEDULED
2026-09-22T00:19:43.270707+00:00,1288196,109,111,9,0,1790037078,,,SCHEDULED
2026-09-22T00:19:43.270707+00:00,1288196,109,1782,10,0,1790037197,,,SCHEDULED
2026-09-22T00:19:43.270707+00:00,1288196,109,1784,11,0,1790037281,,,SCHEDULED
2026-09-22T00:19:43.270707+00:00,1288196,109,1785,12,0,1790037329,,,SCHEDULED
2026-09-22T00:19:43.270707+00:00,1288196,109,1790,13,0,1790037456,,,SCHEDULED
2026-09-22T00:19:43.270707+00:00,1288196,109,1792,14,0,1790037590,,,SCHEDULED
2026-09-22T00:19:43.270707+00:00,1288196,109,1793,15,0,1790037622,,,SCHEDULED
2026-09-22T00:19:43.270707+00:00,1285010,021,3327,2,0,1790036356,,,SCHEDULED
2026-09-22T00:19:43.270707+00:00,1285010,021,3328,3,0,1790036445,,,SCHEDULED
2026-09-22T00:19:43.270707+00:00,1285010,021,3329,4,0,1790036485,,,SCHEDULED
2026-09-22T00:19:43.270707+00:00,1285010,021,3330,5,0,1790036523,,,SCHEDULED
2026-09-22T00:19:43.270707+00:00,1285010,021,3331,6,0,1790036583,,,SCHEDULED
2026-09-22T00:19:43.270707+00:00,1285010,021,3706,7,0,1790036694,,,SCHEDULED
2026-09-22T00:19:43.270707+00:00,1285010,021,3707,8,0,1790036727,,,SCHEDULED
2026-09-22T00:19:43.270707+00:00,1285010,021,3708,9,0,1790036930,,,SCHEDULED
2026-09-22T00:19:43.270707+00:00,1285010,021,3709,10,0,1790037122,,,SCHEDULED
2026-09-22T00:19:43.270707+00:00,1285010,021,3710,11,0,1790037160,,,SCHEDULED
2026-09-22T00:19:43.270707+00:00,1285010,021,3711,12,0,1790037209,,,SCHEDULED
2026-09-22T00:19:43.270707+00:00,1285010,021,3712,13,0,1790037223,,,SCHEDULED
2026-09-22T00:19:43.270707+00:00,1285010,021,3713,14,0,1790037265,,,SCHEDULED
2026-09-22T00:19:43.270707+00:00,1285010,021,1184,15,0,1790037333,,,SCHEDULED
2026-09-22T00:19:43.270707+00:00,1285010,021,3301,16,0,1790037496,,,SCHEDULED
2026-09-22T00:19:43.270707+00:00,1285010,021,1200,17,0,1790037702,,,SCHEDULED
2026-09-22T00:19:43.270707+00:00,1285010,021,1201,18,0,1790037708,,,SCHEDULED
2026-09-22T00:19:43.270707+00:00,1285010,021,1202,19,0,1790037751,,,SCHEDULED
2026-09-22T00:19:43.270707+00:00,1285010,021,1203,20,0,1790037792,,,SCHEDULED
2026-09-22T00:19:43.270707+00:00,1285010,021,1204,21,0,1790037850,,,SCHEDULED
2026-09-22T00:19:43.270707+00:00,1285010,021,1205,22,0,1790037923,,,SCHEDULED
2026-09-22T00:19:43.270707+00:00,1285010,021,1206,23,0,1790037971,,,SCHEDULED
2026-09-22T00:19:43.270707+00:00,1285010,021,1207,24,0,1790037997,,,SCHEDULED
2026-09-22T00:19:43.270707+00:00,1288488,177,8007,3,0,1790036355,,,SCHEDULED
2026-09-22T00:19:43.270707+00:00,1288488,177,844,4,0,1790036364,,,SCHEDULED
2026-09-22T00:19:43.270707+00:00,1288488,177,4199,5,0,1790036457,,,SCHEDULED
2026-09-22T00:19:43.270707+00:00,1288488,177,4200,6,0,1790036483,,,SCHEDULED
2026-09-22T00:19:43.270707+00:00,1286464,062,4140,1,,,0,1790037943,SCHEDULED
2026-09-22T00:19:43.270707+00:00,1286464,062,4141,2,0,1790037958,,,SCHEDULED
2026-09-22T00:19:43.270707+00:00,1286464,062,4142,3,0,1790038002,,,SCHEDULED
2026-09-22T00:19:43.270707+00:00,1286464,062,4143,4,0,1790038123,,,SCHEDULED
2026-09-22T00:19:43.270707+00:00,1288487,177,664,1,,,0,1790037175,SCHEDULED
2026-09-22T00:19:43.270707+00:00,1288487,177,8006,2,0,1790037182,,,SCHEDULED
2026-09-22T00:19:43.270707+00:00,1288487,177,8007,3,0,1790037188,,,SCHEDULED
2026-09-22T00:19:43.270707+00:00,1288487,177,844,4,0,1790037197,,,SCHEDULED
2026-09-22T00:19:43.270707+00:00,1288487,177,4199,5,0,1790037290,,,SCHEDULED
2026-09-22T00:19:43.270707+00:00,1288487,177,4200,6,0,1790037316,,,SCHEDULED
2026-09-22T00:19:43.270707+00:00,1288486,177,664,1,,,0,1790038075,SCHEDULED
2026-09-22T00:19:43.270707+00:00,1288486,177,8006,2,0,1790038082,,,SCHEDULED
2026-09-22T00:19:43.270707+00:00,1288486,177,8007,3,0,1790038088,,,SCHEDULED
2026-09-22T00:19:43.270707+00:00,1288486,177,844,4,0,1790038097,,,SCHEDULED
2026-09-22T00:19:43.270707+00:00,1286582,067,887,1,,,,,NO_DATA
2026-09-22T00:19:43.270707+00:00,1286582,067,286,2,0,1790036789,,,SCHEDULED
2026-09-22T00:19:43.270707+00:00,1286582,067,4439,3,0,1790036871,,,SCHEDULED
2026-09-22T00:19:43.270707+00:00,1286582,067,4440,4,0,1790036897,,,SCHEDULED
2026-09-22T00:19:43.270707+00:00,1286582,067,4441,5,0,1790036910,,,SCHEDULED
2026-09-22T00:19:43.270707+00:00,1286582,067,4015,6,0,1790036931,,,SCHEDULED
2026-09-22T00:19:43.270707+00:00,1286582,067,4016,7,0,1790036958,,,SCHEDULED
2026-09-22T00:19:43.270707+00:00,1286582,067,4017,8,0,1790037007,,,SCHEDULED
2026-09-22T00:19:43.270707+00:00,1286582,067,3914,9,0,1790037124,,,SCHEDULED
2026-09-22T00:19:43.270707+00:00,1286582,067,3220,10,0,1790037259,,,SCHEDULED
2026-09-22T00:19:43.270707+00:00,1286582,067,3222,11,0,1790037416,,,SCHEDULED
2026-09-22T00:19:43.270707+00:00,1286582,067,3223,12,0,1790037507,,,SCHEDULED
2026-09-22T00:19:43.270707+00:00,1286582,067,3224,13,0,1790037545,,,SCHEDULED
2026-09-22T00:19:43.270707+00:00,1286582,067,3225,14,0,1790037609,,,SCHEDULED
2026-09-22T00:19:43.270707+00:00,1286582,067,2062,15,0,1790037755,,,SCHEDULED
2026-09-22T00:19:43.270707+00:00,1286582,067,2063,16,0,1790037764,,,SCHEDULED
2026-09-22T00:19:43.270707+00:00,1286582,067,6508,17,0,1790037771,,,SCHEDULED
2026-09-22T00:19:43.270707+00:00,1286582,067,2174,18,0,1790037930,,,SCHEDULED
2026-09-22T00:19:43.270707+00:00,1286582,067,2160,19,0,1790037976,,,SCHEDULED
2026-09-22T00:19:43.270707+00:00,1286582,067,2597,20,0,1790038101,,,SCHEDULED
2026-09-22T00:19:43.270707+00:00,1285012,021,2731,36,0,1790036378,,,SCHEDULED
2026-09-22T00:19:43.270707+00:00,1285012,021,2732,37,0,1790036393,,,SCHEDULED
2026-09-22T00:19:43.270707+00:00,1285012,021,2733,38,0,1790036437,,,SCHEDULED
2026-09-22T00:19:43.270707+00:00,1285012,021,2734,39,0,1790036480,,,SCHEDULED
2026-09-22T00:19:43.270707+00:00,1285012,021,2735,40,0,1790036538,,,SCHEDULED
2026-09-22T00:19:43.270707+00:00,1285012,021,2736,41,0,1790036614,,,SCHEDULED
2026-09-22T00:19:43.270707+00:00,1285012,021,2737,42,0,1790036662,,,SCHEDULED
2026-09-22T00:19:43.270707+00:00,1285012,021,2738,43,0,1790036685,,,SCHEDULED
2026-09-22T00:19:43.270707+00:00,1287671,086,854,12,0,1790036384,,,SCHEDULED
2026-09-22T00:19:43.270707+00:00,1287671,086,855,13,0,1790036405,,,SCHEDULED
2026-09-22T00:19:43.270707+00:00,1287671,086,856,14,0,1790036441,,,SCHEDULED
2026-09-22T00:19:43.270707+00:00,1287671,086,813,15,0,1790036525,,,SCHEDULED
2026-09-22T00:19:43.270707+00:00,1287671,086,814,16,0,1790036603,,,SCHEDULED
2026-09-22T00:19:43.270707+00:00,1287671,086,815,17,0,1790036621,,,SCHEDULED
2026-09-22T00:19:43.270707+00:00,1287671,086,701,18,0,1790036692,,,SCHEDULED
2026-09-22T00:19:43.270707+00:00,1287671,086,702,19,0,1790036712,,,SCHEDULED
2026-09-22T00:19:43.270707+00:00,1287671,086,3240,20,0,1790036878,,,SCHEDULED
2026-09-22T00:19:43.270707+00:00,1287671,086,3241,21,0,1790036933,,,SCHEDULED
2026-09-22T00:19:43.270707+00:00,1287671,086,3242,22,0,1790036954,,,SCHEDULED
2026-09-22T00:19:43.270707+00:00,1287671,086,3243,23,0,1790037008,,,SCHEDULED
2026-09-22T00:19:43.270707+00:00,1287671,086,3244,24,0,1790037031,,,SCHEDULED
2026-09-22T00:19:43.270707+00:00,1287671,086,3246,25,0,1790037039,,,SCHEDULED
2026-09-22T00:19:43.270707+00:00,1287671,086,3247,26,0,1790037118,,,SCHEDULED
2026-09-22T00:19:43.270707+00:00,1287671,086,3248,27,0,1790037216,,,SCHEDULED
2026-09-22T00:19:43.270707+00:00,1287671,086,3249,28,0,1790037255,,,SCHEDULED
2026-09-22T00:19:43.270707+00:00,1287671,086,3250,29,0,1790037298,,,SCHEDULED
2026-09-22T00:19:43.270707+00:00,1287671,086,3251,30,0,1790037329,,,SCHEDULED
2026-09-22T00:19:43.270707+00:00,1287671,086,3252,31,0,1790037369,,,SCHEDULED
2026-09-22T00:19:43.270707+00:00,1287671,086,3253,32,0,1790037412,,,SCHEDULED
2026-09-22T00:19:43.270707+00:00,1287671,086,3254,33,0,1790037449,,,SCHEDULED
2026-09-22T00:19:43.270707+00:00,1287671,086,3255,34,0,1790037490,,,SCHEDULED
2026-09-22T00:19:43.270707+00:00,1287671,086,3256,35,0,1790037617,,,SCHEDULED
2026-09-22T00:19:43.270707+00:00,1287671,086,3257,36,0,1790037674,,,SCHEDULED
2026-09-22T00:19:43.270707+00:00,1287671,086,3259,37,0,1790037718,,,SCHEDULED
2026-09-22T00:19:43.270707+00:00,1285011,021,2722,28,0,1790036755,,,SCHEDULED
2026-09-22T00:19:43.270707+00:00,1285011,021,2723,29,0,1790036802,,,SCHEDULED
2026-09-22T00:19:43.270707+00:00,1285011,021,2724,30,0,1790036886,,,SCHEDULED
2026-09-22T00:19:43.270707+00:00,1285011,021,2726,31,0,1790036968,,,SCHEDULED
2026-09-22T00:19:43.270707+00:00,1285011,021,2727,32,0,1790036989,,,SCHEDULED
2026-09-22T00:19:43.270707+00:00,1285011,021,2728,33,0,1790037022,,,SCHEDULED
2026-09-22T00:19:43.270707+00:00,1285011,021,2729,34,0,1790037248,,,SCHEDULED
2026-09-22T00:19:43.270707+00:00,1285011,021,2730,35,0,1790037376,,,SCHEDULED
2026-09-22T00:19:43.270707+00:00,1285011,021,2731,36,0,1790037420,,,SCHEDULED
2026-09-22T00:19:43.270707+00:00,1285011,021,2732,37,0,1790037435,,,SCHEDULED
2026-09-22T00:19:43.270707+00:00,1285011,021,2733,38,0,1790037479,,,SCHEDULED
2026-09-22T00:19:43.270707+00:00,1285011,021,2734,39,0,1790037522,,,SCHEDULED
2026-09-22T00:19:43.270707+00:00,1285011,021,2735,40,0,1790037580,,,SCHEDULED
2026-09-22T00:19:43.270707+00:00,1285011,021,2736,41,0,1790037656,,,SCHEDULED
2026-09-22T00:19:43.270707+00:00,1285011,021,2737,42,0,1790037704,,,SCHEDULED
2026-09-22T00:19:43.270707+00:00,1285011,021,2738,43,0,1790037727,,,SCHEDULED
2026-09-22T00:19:43.270707+00:00,1286346,061,4140,1,,,0,1790037029,SCHEDULED
2026-09-22T00:19:43.270707+00:00,1286346,061,4361,2,0,1790037082,,,SCHEDULED
2026-09-22T00:19:43.270707+00:00,1286346,061,4362,3,0,1790037116,,,SCHEDULED
2026-09-22T00:19:43.270707+00:00,1286346,061,4360,4,0,1790037145,,,SCHEDULED
2026-09-22T00:19:43.270707+00:00,1286346,061,4363,5,0,1790037158,,,SCHEDULED
2026-09-22T00:19:43.270707+00:00,1286346,061,4364,6,0,1790037230,,,SCHEDULED
2026-09-22T00:19:43.270707+00:00,1286346,061,4365,7,0,1790037267,,,SCHEDULED
2026-09-22T00:19:43.270707+00:00,1286346,061,4811,8,0,1790037370,,,SCHEDULED
2026-09-22T00:19:43.270707+00:00,1286346,061,4810,9,0,1790037424,,,SCHEDULED
2026-09-22T00:19:43.270707+00:00,1286346,061,4266,10,0,1790037504,,,SCHEDULED
2026-09-22T00:19:43.270707+00:00,1286346,061,4267,11,0,1790037571,,,SCHEDULED
2026-09-22T00:19:43.270707+00:00,1286346,061,4268,12,0,1790037593,,,SCHEDULED
2026-09-22T00:19:43.270707+00:00,1286346,061,187,13,0,1790037692,,,SCHEDULED
2026-09-22T00:19:43.270707+00:00,1286346,061,189,14,0,1790037752,,,SCHEDULED
2026-09-22T00:19:43.270707+00:00,1286346,061,1034,15,0,1790037890,,,SCHEDULED
2026-09-22T00:19:43.270707+00:00,1286346,061,1035,16,0,1790037927,,,SCHEDULED
2026-09-22T00:19:43.270707+00:00,1286346,061,6101,17,0,1790037987,,,SCHEDULED
2026-09-22T00:19:43.270707+00:00,1286742,068,1933,25,0,1790036412,,,SCHEDULED
2026-09-22T00:19:43.270707+00:00,1286742,068,1934,26,0,1790036461,,,SCHEDULED
2026-09-22T00:19:43.270707+00:00,1286742,068,1935,27,0,1790036494,,,SCHEDULED
2026-09-22T00:19:43.270707+00:00,1286742,068,2657,28,0,1790036522,,,SCHEDULED
2026-09-22T00:19:43.270707+00:00,1286742,068,2658,29,0,1790036560,,,SCHEDULED
2026-09-22T00:19:43.270707+00:00,1286742,068,2659,30,0,1790036571,,,SCHEDULED
2026-09-22T00:19:43.270707+00:00,1286742,068,2660,31,0,1790036607,,,SCHEDULED
2026-09-22T00:19:43.270707+00:00,1286742,068,2662,32,0,1790036654,,,SCHEDULED
2026-09-22T00:19:43.270707+00:00,1286742,068,2664,33,0,1790036725,,,SCHEDULED
2026-09-22T00:19:43.270707+00:00,1286742,068,2665,34,0,1790036773,,,SCHEDULED
2026-09-22T00:19:43.270707+00:00,1286742,068,2666,35,0,1790036814,,,SCHEDULED
2026-09-22T00:19:43.270707+00:00,1286742,068,2667,36,0,1790036863,,,SCHEDULED
2026-09-22T00:19:43.270707+00:00,1286742,068,2670,37,0,1790036951,,,SCHEDULED
2026-09-22T00:19:43.270707+00:00,1286742,068,2671,38,0,1790037034,,,SCHEDULED
2026-09-22T00:19:43.270707+00:00,1286742,068,2672,39,0,1790037091,,,SCHEDULED
2026-09-22T00:19:43.270707+00:00,1286742,068,2675,40,0,1790037145,,,SCHEDULED
2026-09-22T00:19:43.270707+00:00,1286742,068,2676,41,0,1790037189,,,SCHEDULED
2026-09-22T00:19:43.270707+00:00,1286742,068,2679,42,0,1790037207,,,SCHEDULED
2026-09-22T00:19:43.270707+00:00,1286742,068,2680,43,0,1790037243,,,SCHEDULED
2026-09-22T00:19:43.270707+00:00,1286742,068,2681,44,0,1790037258,,,SCHEDULED
2026-09-22T00:19:43.270707+00:00,1286742,068,2678,45,0,1790037362,,,SCHEDULED
2026-09-22T00:19:43.270707+00:00,1286742,068,2682,46,0,1790037398,,,SCHEDULED
2026-09-22T00:19:43.270707+00:00,1286742,068,1857,47,0,1790037517,,,SCHEDULED
2026-09-22T00:19:43.270707+00:00,1286742,068,1858,48,0,1790037574,,,SCHEDULED
2026-09-22T00:19:43.270707+00:00,1286742,068,1859,49,0,1790037629,,,SCHEDULED
2026-09-22T00:19:43.270707+00:00,1286742,068,1860,50,0,1790037707,,,SCHEDULED
2026-09-22T00:19:43.270707+00:00,1286742,068,1861,51,0,1790037826,,,SCHEDULED
2026-09-22T00:19:43.270707+00:00,1286742,068,1862,52,0,1790037937,,,SCHEDULED
2026-09-22T00:19:43.270707+00:00,1286742,068,1863,53,0,1790037988,,,SCHEDULED
2026-09-22T00:19:43.270707+00:00,1286742,068,2399,54,0,1790038118,,,SCHEDULED
2026-09-22T00:19:43.270707+00:00,1287952,088,622,22,0,1790036358,,,SCHEDULED
2026-09-22T00:19:43.270707+00:00,1287952,088,623,23,0,1790036365,,,SCHEDULED
2026-09-22T00:19:43.270707+00:00,1287952,088,624,24,0,1790036377,,,SCHEDULED
2026-09-22T00:19:43.270707+00:00,1287952,088,625,25,0,1790036450,,,SCHEDULED
2026-09-22T00:19:43.270707+00:00,1287952,088,626,26,0,1790036515,,,SCHEDULED
2026-09-22T00:19:43.270707+00:00,1287952,088,5271,27,0,1790036620,,,SCHEDULED
2026-09-22T00:19:43.270707+00:00,1286743,068,2410,65,0,1790036396,,,SCHEDULED
2026-09-22T00:19:43.270707+00:00,1286743,068,3939,66,0,1790036631,,,SCHEDULED
2026-09-22T00:19:43.270707+00:00,1286743,068,5107,67,0,1790036731,,,SCHEDULED
2026-09-22T00:19:43.270707+00:00,1286743,068,4020,68,0,1790036770,,,SCHEDULED
2026-09-22T00:19:43.270707+00:00,1286743,068,4021,69,0,1790036806,,,SCHEDULED
2026-09-22T00:19:43.270707+00:00,1286743,068,4022,70,0,1790036849,,,SCHEDULED
2026-09-22T00:19:43.270707+00:00,1286743,068,242,71,0,1790036930,,,SCHEDULED
2026-09-22T00:19:43.270707+00:00,1286743,068,243,72,0,1790036954,,,SCHEDULED
2026-09-22T00:19:43.270707+00:00,1286743,068,244,73,0,1790036975,,,SCHEDULED
2026-09-22T00:19:43.270707+00:00,1286743,068,1038,74,0,1790037003,,,SCHEDULED
2026-09-22T00:19:43.270707+00:00,1286743,068,4019,75,0,1790037103,,,SCHEDULED
2026-09-22T00:19:43.270707+00:00,1286347,061,6101,17,0,1790036360,,,SCHEDULED
2026-09-22T00:19:43.270707+00:00,1286347,061,2282,18,0,1790036482,,,SCHEDULED
2026-09-22T00:19:43.270707+00:00,1286347,061,2283,19,0,1790036593,,,SCHEDULED
2026-09-22T00:19:43.270707+00:00,1286347,061,2284,20,0,1790036611,,,SCHEDULED
2026-09-22T00:19:43.270707+00:00,1286347,061,2285,21,0,1790036634,,,SCHEDULED
2026-09-22T00:19:43.270707+00:00,1286347,061,2286,22,0,1790036658,,,SCHEDULED
2026-09-22T00:19:43.270707+00:00,1286347,061,2287,23,0,1790036720,,,SCHEDULED
2026-09-22T00:19:43.270707+00:00,1286347,061,2288,24,0,1790036759,,,SCHEDULED
2026-09-22T00:19:43.270707+00:00,1286347,061,2289,25,0,1790036854,,,SCHEDULED
2026-09-22T00:19:43.270707+00:00,1286347,061,2290,26,0,1790036913,,,SCHEDULED
2026-09-22T00:19:43.270707+00:00,1286347,061,2291,27,0,1790036995,,,SCHEDULED
2026-09-22T00:19:43.270707+00:00,1286347,061,2292,28,0,1790037083,,,SCHEDULED
2026-09-22T00:19:43.270707+00:00,1286347,061,2293,29,0,1790037147,,,SCHEDULED
2026-09-22T00:19:43.270707+00:00,1286347,061,2294,30,0,1790037211,,,SCHEDULED
2026-09-22T00:19:43.270707+00:00,1286347,061,2295,31,0,1790037292,,,SCHEDULED
2026-09-22T00:19:43.270707+00:00,1286347,061,2296,32,0,1790037443,,,SCHEDULED
2026-09-22T00:19:43.270707+00:00,1286347,061,2297,33,0,1790037471,,,SCHEDULED
2026-09-22T00:19:43.270707+00:00,1286347,061,2298,34,0,1790037603,,,SCHEDULED
2026-09-22T00:19:43.270707+00:00,1286347,061,2299,35,0,1790037739,,,SCHEDULED
2026-09-22T00:19:43.270707+00:00,1286347,061,2300,36,0,1790037761,,,SCHEDULED
2026-09-22T00:19:43.270707+00:00,1286347,061,2301,37,0,1790037782,,,SCHEDULED
2026-09-22T00:19:43.270707+00:00,1286347,061,2302,38,0,1790037868,,,SCHEDULED
2026-09-22T00:19:43.270707+00:00,1286347,061,2303,39,0,1790037891,,,SCHEDULED
2026-09-22T00:19:43.270707+00:00,1286347,061,2304,40,0,1790037950,,,SCHEDULED
2026-09-22T00:19:43.270707+00:00,1286347,061,2305,41,0,1790037974,,,SCHEDULED
2026-09-22T00:19:43.270707+00:00,1286347,061,2306,42,0,1790038007,,,SCHEDULED
2026-09-22T00:19:43.270707+00:00,1286347,061,2307,43,0,1790038031,,,SCHEDULED
2026-09-22T00:19:43.270707+00:00,1286347,061,2308,44,0,1790038060,,,SCHEDULED
2026-09-22T00:19:43.270707+00:00,1286347,061,2309,45,0,1790038104,,,SCHEDULED
2026-09-22T00:19:43.270707+00:00,1286347,061,1999,46,0,1790038132,,,SCHEDULED
2026-09-22T00:19:43.270707+00:00,1284048,001,1196,11,0,1790036417,,,SCHEDULED
2026-09-22T00:19:43.270707+00:00,1284048,001,1197,12,0,1790036464,,,SCHEDULED
2026-09-22T00:19:43.270707+00:00,1284048,001,1198,13,0,1790036493,,,SCHEDULED
2026-09-22T00:19:43.270707+00:00,1284048,001,3348,14,0,1790036580,,,SCHEDULED
2026-09-22T00:19:43.270707+00:00,1284048,001,3349,15,0,1790036686,,,SCHEDULED
2026-09-22T00:19:43.270707+00:00,1284048,001,3350,16,0,1790036747,,,SCHEDULED
2026-09-22T00:19:43.270707+00:00,1284048,001,3351,17,0,1790036803,,,SCHEDULED
2026-09-22T00:19:43.270707+00:00,1284048,001,3352,18,0,1790036867,,,SCHEDULED
2026-09-22T00:19:43.270707+00:00,1284048,001,3353,19,0,1790036920,,,SCHEDULED
2026-09-22T00:19:43.270707+00:00,1284048,001,3354,20,0,1790036968,,,SCHEDULED
2026-09-22T00:19:43.270707+00:00,1284048,001,3355,21,0,1790037032,,,SCHEDULED
2026-09-22T00:19:43.270707+00:00,1284048,001,3356,22,0,1790037093,,,SCHEDULED
2026-09-22T00:19:43.270707+00:00,1284048,001,3357,23,0,1790037125,,,SCHEDULED
2026-09-22T00:19:43.270707+00:00,1284048,001,563,24,0,1790037240,,,SCHEDULED
2026-09-22T00:19:43.270707+00:00,1284048,001,565,25,0,1790037310,,,SCHEDULED
2026-09-22T00:19:43.270707+00:00,1284048,001,566,26,0,1790037376,,,SCHEDULED
2026-09-22T00:19:43.270707+00:00,1284048,001,567,27,0,1790037411,,,SCHEDULED
2026-09-22T00:19:43.270707+00:00,1284048,001,568,28,0,1790037500,,,SCHEDULED
2026-09-22T00:19:43.270707+00:00,1284048,001,570,29,0,1790037561,,,SCHEDULED
2026-09-22T00:19:43.270707+00:00,1284048,001,573,30,0,1790037632,,,SCHEDULED
2026-09-22T00:19:43.270707+00:00,1284048,001,3097,31,0,1790037674,,,SCHEDULED
2026-09-22T00:19:43.270707+00:00,1284048,001,3098,32,0,1790037727,,,SCHEDULED
2026-09-22T00:19:43.270707+00:00,1286740,068,1099,1,,,0,1790037353,SCHEDULED
2026-09-22T00:19:43.270707+00:00,1286740,068,2645,2,0,1790037354,,,SCHEDULED
2026-09-22T00:19:43.270707+00:00,1286740,068,2643,3,0,1790037392,,,SCHEDULED
2026-09-22T00:19:43.270707+00:00,1286740,068,2644,4,0,1790037448,,,SCHEDULED
2026-09-22T00:19:43.270707+00:00,1286740,068,2646,5,0,1790037449,,,SCHEDULED
2026-09-22T00:19:43.270707+00:00,1286740,068,2647,6,0,1790037450,,,SCHEDULED
2026-09-22T00:19:43.270707+00:00,1286740,068,2648,7,0,1790037778,,,SCHEDULED
2026-09-22T00:19:43.270707+00:00,1286740,068,5344,8,0,1790037854,,,SCHEDULED
2026-09-22T00:19:43.270707+00:00,1286740,068,2649,9,0,1790037882,,,SCHEDULED
2026-09-22T00:19:43.270707+00:00,1286740,068,2650,10,0,1790037921,,,SCHEDULED
2026-09-22T00:19:43.270707+00:00,1286740,068,2651,11,0,1790037984,,,SCHEDULED
2026-09-22T00:19:43.270707+00:00,1286740,068,2653,12,0,1790038140,,,SCHEDULED
2026-09-22T00:19:43.270707+00:00,1284047,001,565,25,0,1790036361,,,SCHEDULED
2026-09-22T00:19:43.270707+00:00,1284047,001,566,26,0,1790036441,,,SCHEDULED
2026-09-22T00:19:43.270707+00:00,1284047,001,567,27,0,1790036467,,,SCHEDULED
2026-09-22T00:19:43.270707+00:00,1284047,001,568,28,0,1790036538,,,SCHEDULED
2026-09-22T00:19:43.270707+00:00,1284047,001,570,29,0,1790036568,,,SCHEDULED
2026-09-22T00:19:43.270707+00:00,1284047,001,573,30,0,1790036600,,,SCHEDULED
2026-09-22T00:19:43.270707+00:00,1284047,001,3097,31,0,1790036657,,,SCHEDULED
2026-09-22T00:19:43.270707+00:00,1284047,001,3098,32,0,1790036797,,,SCHEDULED
2026-09-22T00:19:43.270707+00:00,1287951,088,4763,2,0,1790036375,,,SCHEDULED
2026-09-22T00:19:43.270707+00:00,1287951,088,113,3,0,1790036431,,,SCHEDULED
2026-09-22T00:19:43.270707+00:00,1287951,088,525,4,0,1790036541,,,SCHEDULED
2026-09-22T00:19:43.270707+00:00,1287951,088,526,5,0,1790036628,,,SCHEDULED
2026-09-22T00:19:43.270707+00:00,1287951,088,527,6,0,1790036716,,,SCHEDULED
2026-09-22T00:19:43.270707+00:00,1287951,088,528,7,0,1790036767,,,SCHEDULED
2026-09-22T00:19:43.270707+00:00,1287951,088,5252,8,0,1790036912,,,SCHEDULED
2026-09-22T00:19:43.270707+00:00,1287951,088,531,9,0,1790036985,,,SCHEDULED
2026-09-22T00:19:43.270707+00:00,1287951,088,610,10,0,1790037491,,,SCHEDULED
2026-09-22T00:19:43.270707+00:00,1287951,088,611,11,0,1790037537,,,SCHEDULED
2026-09-22T00:19:43.270707+00:00,1287951,088,612,12,0,1790037561,,,SCHEDULED
2026-09-22T00:19:43.270707+00:00,1287951,088,613,13,0,1790037586,,,SCHEDULED
2026-09-22T00:19:43.270707+00:00,1287951,088,614,14,0,1790037642,,,SCHEDULED
2026-09-22T00:19:43.270707+00:00,1287951,088,615,15,0,1790037767,,,SCHEDULED
2026-09-22T00:19:43.270707+00:00,1287951,088,616,16,0,1790037829,,,SCHEDULED
2026-09-22T00:19:43.270707+00:00,1287951,088,617,17,0,1790037882,,,SCHEDULED
2026-09-22T00:19:43.270707+00:00,1287951,088,618,18,0,1790037967,,,SCHEDULED
2026-09-22T00:19:43.270707+00:00,1287951,088,619,19,0,1790038052,,,SCHEDULED
2026-09-22T00:19:43.270707+00:00,1287951,088,620,20,0,1790038148,,,SCHEDULED
2026-09-22T00:19:43.270707+00:00,1288401,176,658,1,,,0,1790037740,SCHEDULED
2026-09-22T00:19:43.270707+00:00,1288401,176,832,2,0,1790037876,,,SCHEDULED
2026-09-22T00:19:43.270707+00:00,1288401,176,3845,3,0,1790037910,,,SCHEDULED
2026-09-22T00:19:43.270707+00:00,1288401,176,795,4,0,1790038000,,,SCHEDULED
2026-09-22T00:19:43.270707+00:00,1288401,176,870,5,0,1790038051,,,SCHEDULED
2026-09-22T00:19:43.270707+00:00,1286741,068,2654,13,0,1790036359,,,SCHEDULED
2026-09-22T00:19:43.270707+00:00,1286741,068,9811,14,0,1790036443,,,SCHEDULED
2026-09-22T00:19:43.270707+00:00,1286741,068,880,15,0,1790036529,,,SCHEDULED
2026-09-22T00:19:43.270707+00:00,1286741,068,881,16,0,1790036563,,,SCHEDULED
2026-09-22T00:19:43.270707+00:00,1286741,068,1795,17,0,1790036641,,,SCHEDULED
2026-09-22T00:19:43.270707+00:00,1286741,068,1796,18,0,1790036684,,,SCHEDULED
2026-09-22T00:19:43.270707+00:00,1286741,068,1797,19,0,1790036744,,,SCHEDULED
2026-09-22T00:19:43.270707+00:00,1286741,068,1798,20,0,1790036796,,,SCHEDULED
2026-09-22T00:19:43.270707+00:00,1286741,068,1930,21,0,1790036848,,,SCHEDULED
2026-09-22T00:19:43.270707+00:00,1286741,068,1931,22,0,1790036895,,,SCHEDULED
2026-09-22T00:19:43.270707+00:00,1286741,068,1949,23,0,1790036947,,,SCHEDULED
2026-09-22T00:19:43.270707+00:00,1286741,068,1932,24,0,1790036977,,,SCHEDULED
2026-09-22T00:19:43.270707+00:00,1286741,068,1933,25,0,1790037042,,,SCHEDULED
2026-09-22T00:19:43.270707+00:00,1286741,068,1934,26,0,1790037106,,,SCHEDULED
2026-09-22T00:19:43.270707+00:00,1286741,068,1935,27,0,1790037149,,,SCHEDULED
2026-09-22T00:19:43.270707+00:00,1286741,068,2657,28,0,1790037223,,,SCHEDULED
2026-09-22T00:19:43.270707+00:00,1286741,068,2658,29,0,1790037255,,,SCHEDULED
2026-09-22T00:19:43.270707+00:00,1286741,068,2659,30,0,1790037277,,,SCHEDULED
2026-09-22T00:19:43.270707+00:00,1286741,068,2660,31,0,1790037325,,,SCHEDULED
2026-09-22T00:19:43.270707+00:00,1286741,068,2662,32,0,1790037406,,,SCHEDULED
2026-09-22T00:19:43.270707+00:00,1286741,068,2664,33,0,1790037468,,,SCHEDULED
2026-09-22T00:19:43.270707+00:00,1286741,068,2665,34,0,1790037523,,,SCHEDULED
2026-09-22T00:19:43.270707+00:00,1286741,068,2666,35,0,1790037563,,,SCHEDULED
2026-09-22T00:19:43.270707+00:00,1286741,068,2667,36,0,1790037615,,,SCHEDULED
2026-09-22T00:19:43.270707+00:00,1286741,068,2670,37,0,1790037703,,,SCHEDULED
2026-09-22T00:19:43.270707+00:00,1286741,068,2671,38,0,1790037734,,,SCHEDULED
2026-09-22T00:19:43.270707+00:00,1286741,068,2672,39,0,1790037768,,,SCHEDULED
2026-09-22T00:19:43.270707+00:00,1286741,068,2675,40,0,1790037820,,,SCHEDULED
2026-09-22T00:19:43.270707+00:00,1286741,068,2676,41,0,1790037860,,,SCHEDULED
2026-09-22T00:19:43.270707+00:00,1286741,068,2679,42,0,1790037883,,,SCHEDULED
2026-09-22T00:19:43.270707+00:00,1286741,068,2680,43,0,1790037926,,,SCHEDULED
2026-09-22T00:19:43.270707+00:00,1286741,068,2681,44,0,1790037952,,,SCHEDULED
2026-09-22T00:19:43.270707+00:00,1286741,068,2678,45,0,1790038009,,,SCHEDULED
2026-09-22T00:19:43.270707+00:00,1286741,068,2682,46,0,1790038035,,,SCHEDULED
2026-09-22T00:19:43.270707+00:00,1285777,038,307,1,,,0,1790037210,SCHEDULED
2026-09-22T00:19:43.270707+00:00,1285777,038,1600,2,0,1790037432,,,SCHEDULED
2026-09-22T00:19:43.270707+00:00,1285777,038,3650,3,0,1790037540,,,SCHEDULED
2026-09-22T00:19:43.270707+00:00,1285777,038,3651,4,0,1790037579,,,SCHEDULED
2026-09-22T00:19:43.270707+00:00,1285777,038,3652,5,0,1790037613,,,SCHEDULED
2026-09-22T00:19:43.270707+00:00,1285777,038,3653,6,0,1790037637,,,SCHEDULED
2026-09-22T00:19:43.270707+00:00,1285777,038,3654,7,0,1790037669,,,SCHEDULED
2026-09-22T00:19:43.270707+00:00,1285777,038,3655,8,0,1790037689,,,SCHEDULED
2026-09-22T00:19:43.270707+00:00,1285777,038,3656,9,0,1790037716,,,SCHEDULED
2026-09-22T00:19:43.270707+00:00,1285777,038,3657,10,0,1790037761,,,SCHEDULED
2026-09-22T00:19:43.270707+00:00,1285777,038,1807,11,0,1790037836,,,SCHEDULED
2026-09-22T00:19:43.270707+00:00,1285777,038,1808,12,0,1790037872,,,SCHEDULED
2026-09-22T00:19:43.270707+00:00,1285777,038,1809,13,0,1790037892,,,SCHEDULED
2026-09-22T00:19:43.270707+00:00,1285777,038,1810,14,0,1790037964,,,SCHEDULED
2026-09-22T00:19:43.270707+00:00,1285777,038,1811,15,0,1790038043,,,SCHEDULED
2026-09-22T00:19:43.270707+00:00,1285898,051,3131,1,,,0,1790037969,SCHEDULED
2026-09-22T00:19:43.270707+00:00,1285898,051,1884,2,0,1790038100,,,SCHEDULED
2026-09-22T00:19:43.270707+00:00,1284049,001,1184,1,,,0,1790036872,SCHEDULED
2026-09-22T00:19:43.270707+00:00,1284049,001,3301,2,0,1790036879,,,SCHEDULED
2026-09-22T00:19:43.270707+00:00,1284049,001,1187,3,0,1790036968,,,SCHEDULED
2026-09-22T00:19:43.270707+00:00,1284049,001,1188,4,0,1790037042,,,SCHEDULED
2026-09-22T00:19:43.270707+00:00,1284049,001,1189,5,0,1790037091,,,SCHEDULED
2026-09-22T00:19:43.270707+00:00,1284049,001,1190,6,0,1790037197,,,SCHEDULED
2026-09-22T00:19:43.270707+00:00,1284049,001,1191,7,0,1790037222,,,SCHEDULED
2026-09-22T00:19:43.270707+00:00,1284049,001,1192,8,0,1790037280,,,SCHEDULED
2026-09-22T00:19:43.270707+00:00,1284049,001,1193,9,0,1790037333,,,SCHEDULED
2026-09-22T00:19:43.270707+00:00,1284049,001,1195,10,0,1790037409,,,SCHEDULED
2026-09-22T00:19:43.270707+00:00,1284049,001,1196,11,0,1790037432,,,SCHEDULED
2026-09-22T00:19:43.270707+00:00,1284049,001,1197,12,0,1790037500,,,SCHEDULED
2026-09-22T00:19:43.270707+00:00,1284049,001,1198,13,0,1790037520,,,SCHEDULED
2026-09-22T00:19:43.270707+00:00,1284049,001,3348,14,0,1790037694,,,SCHEDULED
2026-09-22T00:19:43.270707+00:00,1284049,001,3349,15,0,1790037766,,,SCHEDULED
2026-09-22T00:19:43.270707+00:00,1284049,001,3350,16,0,1790037776,,,SCHEDULED
2026-09-22T00:19:43.270707+00:00,1284049,001,3351,17,0,1790037846,,,SCHEDULED
2026-09-22T00:19:43.270707+00:00,1284049,001,3352,18,0,1790037916,,,SCHEDULED
2026-09-22T00:19:43.270707+00:00,1284049,001,3353,19,0,1790037986,,,SCHEDULED
2026-09-22T00:19:43.270707+00:00,1284049,001,3354,20,0,1790038039,,,SCHEDULED
2026-09-22T00:19:43.270707+00:00,1284049,001,3355,21,0,1790038107,,,SCHEDULED
2026-09-22T00:19:43.270707+00:00,1285930,051,327,46,0,1790036407,,,SCHEDULED
2026-09-22T00:19:43.270707+00:00,1285930,051,328,47,0,1790036464,,,SCHEDULED
2026-09-22T00:19:43.270707+00:00,1285930,051,329,48,0,1790036546,,,SCHEDULED
2026-09-22T00:19:43.270707+00:00,1285930,051,330,49,0,1790036647,,,SCHEDULED
2026-09-22T00:19:43.270707+00:00,1285930,051,331,50,0,1790036693,,,SCHEDULED
2026-09-22T00:19:43.270707+00:00,1285779,038,281,37,0,1790036355,,,SCHEDULED
2026-09-22T00:19:43.270707+00:00,1286348,061,2008,55,0,1790036261,,,SCHEDULED
2026-09-22T00:19:43.270707+00:00,1286348,061,2010,56,0,1790036321,,,SCHEDULED
2026-09-22T00:19:43.270707+00:00,1286348,061,2011,57,0,1790036357,,,SCHEDULED
2026-09-22T00:19:43.270707+00:00,1286348,061,2012,58,0,1790036395,,,SCHEDULED
2026-09-22T00:19:43.270707+00:00,1286348,061,2013,59,0,1790036435,,,SCHEDULED
2026-09-22T00:19:43.270707+00:00,1286348,061,2014,60,0,1790036483,,,SCHEDULED
2026-09-22T00:19:43.270707+00:00,1286348,061,2015,61,0,1790036566,,,SCHEDULED
2026-09-22T00:19:43.270707+00:00,1286348,061,2016,62,0,1790036594,,,SCHEDULED
2026-09-22T00:19:43.270707+00:00,1286348,061,2020,63,0,1790036658,,,SCHEDULED
2026-09-22T00:19:43.270707+00:00,1286348,061,2021,64,0,1790036726,,,SCHEDULED
2026-09-22T00:19:43.270707+00:00,1286348,061,3130,65,0,1790036799,,,SCHEDULED
2026-09-22T00:19:43.270707+00:00,1285778,038,938,16,0,1790036361,,,SCHEDULED
2026-09-22T00:19:43.270707+00:00,1285778,038,940,17,0,1790036397,,,SCHEDULED
2026-09-22T00:19:43.270707+00:00,1285778,038,941,18,0,1790036428,,,SCHEDULED
2026-09-22T00:19:43.270707+00:00,1285778,038,2633,19,0,1790036514,,,SCHEDULED
2026-09-22T00:19:43.270707+00:00,1285778,038,9812,20,0,1790036553,,,SCHEDULED
2026-09-22T00:19:43.270707+00:00,1285778,038,2629,21,0,1790036588,,,SCHEDULED
2026-09-22T00:19:43.270707+00:00,1285778,038,2634,22,0,1790036616,,,SCHEDULED
2026-09-22T00:19:43.270707+00:00,1285778,038,2635,23,0,1790036663,,,SCHEDULED
2026-09-22T00:19:43.270707+00:00,1285778,038,1707,24,0,1790036733,,,SCHEDULED
2026-09-22T00:19:43.270707+00:00,1285778,038,1708,25,0,1790036815,,,SCHEDULED
2026-09-22T00:19:43.270707+00:00,1285778,038,1709,26,0,1790036860,,,SCHEDULED
2026-09-22T00:19:43.270707+00:00,1285778,038,1710,27,0,1790036910,,,SCHEDULED
2026-09-22T00:19:43.270707+00:00,1285778,038,1711,28,0,1790036982,,,SCHEDULED
2026-09-22T00:19:43.270707+00:00,1285778,038,519,29,0,1790037012,,,SCHEDULED
2026-09-22T00:19:43.270707+00:00,1285778,038,521,30,0,1790037066,,,SCHEDULED
2026-09-22T00:19:43.270707+00:00,1285778,038,522,31,0,1790037225,,,SCHEDULED
2026-09-22T00:19:43.270707+00:00,1285778,038,525,32,0,1790037573,,,SCHEDULED
2026-09-22T00:19:43.270707+00:00,1285778,038,526,33,0,1790037650,,,SCHEDULED
2026-09-22T00:19:43.270707+00:00,1285778,038,527,34,0,1790037684,,,SCHEDULED
2026-09-22T00:19:43.270707+00:00,1285778,038,528,35,0,1790037731,,,SCHEDULED
2026-09-22T00:19:43.270707+00:00,1285778,038,5252,36,0,1790037816,,,SCHEDULED
2026-09-22T00:19:43.270707+00:00,1285778,038,281,37,0,1790037920,,,SCHEDULED
2026-09-22T00:19:43.270707+00:00,1285899,051,3131,1,,,0,1790037069,SCHEDULED
2026-09-22T00:19:43.270707+00:00,1285899,051,1884,2,0,1790037200,,,SCHEDULED
2026-09-22T00:19:43.270707+00:00,1285899,051,1885,3,0,1790037286,,,SCHEDULED
2026-09-22T00:19:43.270707+00:00,1285899,051,1887,4,0,1790037392,,,SCHEDULED
2026-09-22T00:19:43.270707+00:00,1285899,051,1888,5,0,1790037462,,,SCHEDULED
2026-09-22T00:19:43.270707+00:00,1285899,051,1889,6,0,1790037505,,,SCHEDULED
2026-09-22T00:19:43.270707+00:00,1285899,051,1890,7,0,1790037536,,,SCHEDULED
2026-09-22T00:19:43.270707+00:00,1285899,051,1891,8,0,1790037582,,,SCHEDULED
2026-09-22T00:19:43.270707+00:00,1285899,051,1892,9,0,1790037633,,,SCHEDULED
2026-09-22T00:19:43.270707+00:00,1285899,051,1893,10,0,1790037664,,,SCHEDULED
2026-09-22T00:19:43.270707+00:00,1285899,051,1894,11,0,1790037722,,,SCHEDULED
2026-09-22T00:19:43.270707+00:00,1285899,051,1895,12,0,1790037779,,,SCHEDULED
2026-09-22T00:19:43.270707+00:00,1285899,051,1896,13,0,1790037811,,,SCHEDULED
2026-09-22T00:19:43.270707+00:00,1285899,051,1898,14,0,1790037852,,,SCHEDULED
2026-09-22T00:19:43.270707+00:00,1285899,051,1899,15,0,1790037904,,,SCHEDULED
2026-09-22T00:19:43.270707+00:00,1285899,051,1901,16,0,1790037959,,,SCHEDULED
2026-09-22T00:19:43.270707+00:00,1285899,051,1902,17,0,1790037963,,,SCHEDULED
2026-09-22T00:19:43.270707+00:00,1285899,051,1904,18,0,1790038050,,,SCHEDULED
2026-09-22T00:19:43.270707+00:00,1285899,051,1905,19,0,1790038096,,,SCHEDULED
2026-09-22T00:19:43.270707+00:00,1285899,051,1906,20,0,1790038120,,,SCHEDULED
2026-09-22T00:19:43.270707+00:00,1285899,051,1907,21,0,1790038145,,,SCHEDULED
2026-09-22T00:19:43.270707+00:00,1285419,026,3052,1,,,0,1790037270,SCHEDULED
2026-09-22T00:19:43.270707+00:00,1285419,026,3054,2,0,1790037296,,,SCHEDULED
2026-09-22T00:19:43.270707+00:00,1285419,026,3055,3,0,1790037367,,,SCHEDULED
2026-09-22T00:19:43.270707+00:00,1285419,026,3056,4,0,1790037444,,,SCHEDULED
2026-09-22T00:19:43.270707+00:00,1285419,026,3057,5,0,1790037476,,,SCHEDULED
2026-09-22T00:19:43.270707+00:00,1285419,026,3058,6,0,1790037551,,,SCHEDULED
2026-09-22T00:19:43.270707+00:00,1285419,026,3059,7,0,1790037616,,,SCHEDULED
2026-09-22T00:19:43.270707+00:00,1285419,026,3060,8,0,1790037734,,,SCHEDULED
2026-09-22T00:19:43.270707+00:00,1285419,026,3061,9,0,1790037806,,,SCHEDULED
2026-09-22T00:19:43.270707+00:00,1285419,026,3062,10,0,1790037857,,,SCHEDULED
2026-09-22T00:19:43.270707+00:00,1285419,026,3063,11,0,1790037910,,,SCHEDULED
2026-09-22T00:19:43.270707+00:00,1285419,026,3064,12,0,1790038002,,,SCHEDULED
2026-09-22T00:19:43.270707+00:00,1285419,026,3065,13,0,1790038045,,,SCHEDULED
2026-09-22T00:19:43.270707+00:00,1285419,026,3066,14,0,1790038089,,,SCHEDULED
2026-09-22T00:19:43.270707+00:00,1288409,176,663,4,0,1790036357,,,SCHEDULED
2026-09-22T00:19:43.270707+00:00,1288409,176,8005,5,0,1790036509,,,SCHEDULED
2026-09-22T00:19:43.270707+00:00,1288409,176,837,6,0,1790036603,,,SCHEDULED
2026-09-22T00:19:43.270707+00:00,1285928,051,1905,19,0,1790036405,,,SCHEDULED
2026-09-22T00:19:43.270707+00:00,1285928,051,1906,20,0,1790036436,,,SCHEDULED
2026-09-22T00:19:43.270707+00:00,1285928,051,1907,21,0,1790036467,,,SCHEDULED
2026-09-22T00:19:43.270707+00:00,1285928,051,1908,22,0,1790036486,,,SCHEDULED
2026-09-22T00:19:43.270707+00:00,1285928,051,1911,23,0,1790036548,,,SCHEDULED
2026-09-22T00:19:43.270707+00:00,1285928,051,1913,24,0,1790036654,,,SCHEDULED
2026-09-22T00:19:43.270707+00:00,1285928,051,1914,25,0,1790036712,,,SCHEDULED
2026-09-22T00:19:43.270707+00:00,1285928,051,1915,26,0,1790036762,,,SCHEDULED
2026-09-22T00:19:43.270707+00:00,1285928,051,1916,27,0,1790036902,,,SCHEDULED
2026-09-22T00:19:43.270707+00:00,1285928,051,1917,28,0,1790036943,,,SCHEDULED
2026-09-22T00:19:43.270707+00:00,1285928,051,1918,29,0,1790037000,,,SCHEDULED
2026-09-22T00:19:43.270707+00:00,1285928,051,1919,30,0,1790037052,,,SCHEDULED
2026-09-22T00:19:43.270707+00:00,1285928,051,1920,31,0,1790037095,,,SCHEDULED
2026-09-22T00:19:43.270707+00:00,1285928,051,1921,32,0,1790037129,,,SCHEDULED
2026-09-22T00:19:43.270707+00:00,1285928,051,1922,33,0,1790037194,,,SCHEDULED
2026-09-22T00:19:43.270707+00:00,1285928,051,1923,34,0,1790037229,,,SCHEDULED
2026-09-22T00:19:43.270707+00:00,1285928,051,1924,35,0,1790037300,,,SCHEDULED
2026-09-22T00:19:43.270707+00:00,1285928,051,1925,36,0,1790037336,,,SCHEDULED
2026-09-22T00:19:43.270707+00:00,1285928,051,1926,37,0,1790037393,,,SCHEDULED
2026-09-22T00:19:43.270707+00:00,1285928,051,1940,38,0,1790037429,,,SCHEDULED
2026-09-22T00:19:43.270707+00:00,1285928,051,320,39,0,1790037476,,,SCHEDULED
2026-09-22T00:19:43.270707+00:00,1285928,051,1209,40,0,1790037516,,,SCHEDULED
2026-09-22T00:19:43.270707+00:00,1285928,051,321,41,0,1790037577,,,SCHEDULED
2026-09-22T00:19:43.270707+00:00,1285928,051,322,42,0,1790037624,,,SCHEDULED
2026-09-22T00:19:43.270707+00:00,1285928,051,324,43,0,1790037627,,,SCHEDULED
2026-09-22T00:19:43.270707+00:00,1285928,051,325,44,0,1790037669,,,SCHEDULED
2026-09-22T00:19:43.270707+00:00,1285928,051,327,46,0,1790037822,,,SCHEDULED
2026-09-22T00:19:43.270707+00:00,1285928,051,328,47,0,1790037879,,,SCHEDULED
2026-09-22T00:19:43.270707+00:00,1285928,051,329,48,0,1790037961,,,SCHEDULED
2026-09-22T00:19:43.270707+00:00,1285928,051,330,49,0,1790038062,,,SCHEDULED
2026-09-22T00:19:43.270707+00:00,1285928,051,331,50,0,1790038108,,,SCHEDULED
2026-09-22T00:19:43.270707+00:00,1285807,038,414,2,0,1790036490,,,SCHEDULED
2026-09-22T00:19:43.270707+00:00,1285807,038,415,3,0,1790036572,,,SCHEDULED
2026-09-22T00:19:43.270707+00:00,1285807,038,416,4,0,1790036618,,,SCHEDULED
2026-09-22T00:19:43.270707+00:00,1285807,038,418,5,0,1790036731,,,SCHEDULED
2026-09-22T00:19:43.270707+00:00,1285807,038,4763,6,0,1790036831,,,SCHEDULED
2026-09-22T00:19:43.270707+00:00,1285807,038,1716,7,0,1790036894,,,SCHEDULED
2026-09-22T00:19:43.270707+00:00,1285807,038,1717,8,0,1790036939,,,SCHEDULED
2026-09-22T00:19:43.270707+00:00,1285807,038,1718,9,0,1790036973,,,SCHEDULED
2026-09-22T00:19:43.270707+00:00,1285807,038,1720,10,0,1790037069,,,SCHEDULED
2026-09-22T00:19:43.270707+00:00,1285807,038,1721,11,0,1790037125,,,SCHEDULED
2026-09-22T00:19:43.270707+00:00,1285807,038,1722,12,0,1790037200,,,SCHEDULED
2026-09-22T00:19:43.270707+00:00,1285807,038,1723,13,0,1790037227,,,SCHEDULED
2026-09-22T00:19:43.270707+00:00,1285807,038,2651,14,0,1790037310,,,SCHEDULED
2026-09-22T00:19:43.270707+00:00,1285807,038,2653,15,0,1790037424,,,SCHEDULED
2026-09-22T00:19:43.270707+00:00,1285807,038,2654,16,0,1790037487,,,SCHEDULED
2026-09-22T00:19:43.270707+00:00,1285807,038,9811,17,0,1790037552,,,SCHEDULED
2026-09-22T00:19:43.270707+00:00,1285807,038,880,18,0,1790037655,,,SCHEDULED
2026-09-22T00:19:43.270707+00:00,1285807,038,881,19,0,1790037688,,,SCHEDULED
2026-09-22T00:19:43.270707+00:00,1285807,038,883,20,0,1790037765,,,SCHEDULED
2026-09-22T00:19:43.270707+00:00,1285808,038,880,18,0,1790036441,,,SCHEDULED
2026-09-22T00:19:43.270707+00:00,1285808,038,881,19,0,1790036474,,,SCHEDULED
2026-09-22T00:19:43.270707+00:00,1285808,038,883,20,0,1790036551,,,SCHEDULED
2026-09-22T00:19:43.270707+00:00,1285808,038,884,21,0,1790036653,,,SCHEDULED
2026-09-22T00:19:43.270707+00:00,1285808,038,3717,22,0,1790036726,,,SCHEDULED
2026-09-22T00:19:43.270707+00:00,1285808,038,3718,23,0,1790036753,,,SCHEDULED
2026-09-22T00:19:43.270707+00:00,1285808,038,3719,24,0,1790036783,,,SCHEDULED
2026-09-22T00:19:43.270707+00:00,1285808,038,3720,25,0,1790036854,,,SCHEDULED
2026-09-22T00:19:43.270707+00:00,1285808,038,3721,26,0,1790036882,,,SCHEDULED
2026-09-22T00:19:43.270707+00:00,1285808,038,3722,27,0,1790037014,,,SCHEDULED
2026-09-22T00:19:43.270707+00:00,1285808,038,3723,28,0,1790037035,,,SCHEDULED
2026-09-22T00:19:43.270707+00:00,1285808,038,3724,29,0,1790037084,,,SCHEDULED
2026-09-22T00:19:43.270707+00:00,1285808,038,3725,30,0,1790037109,,,SCHEDULED
2026-09-22T00:19:43.270707+00:00,1285808,038,901,31,0,1790037161,,,SCHEDULED
2026-09-22T00:19:43.270707+00:00,1285808,038,902,32,0,1790037217,,,SCHEDULED
2026-09-22T00:19:43.270707+00:00,1285808,038,903,33,0,1790037276,,,SCHEDULED
2026-09-22T00:19:43.270707+00:00,1285808,038,905,34,0,1790037450,,,SCHEDULED
2026-09-22T00:19:43.270707+00:00,1285808,038,3143,35,0,1790037521,,,SCHEDULED
2026-09-22T00:19:43.270707+00:00,1285808,038,3144,36,0,1790037579,,,SCHEDULED
2026-09-22T00:19:43.270707+00:00,1285929,051,1940,38,0,1790036334,,,SCHEDULED
2026-09-22T00:19:43.270707+00:00,1285929,051,320,39,0,1790036338,,,SCHEDULED
2026-09-22T00:19:43.270707+00:00,1285929,051,1209,40,0,1790036372,,,SCHEDULED
2026-09-22T00:19:43.270707+00:00,1285929,051,321,41,0,1790036433,,,SCHEDULED
2026-09-22T00:19:43.270707+00:00,1285929,051,322,42,0,1790036480,,,SCHEDULED
2026-09-22T00:19:43.270707+00:00,1285929,051,324,43,0,1790036483,,,SCHEDULED
2026-09-22T00:19:43.270707+00:00,1285929,051,325,44,0,1790036525,,,SCHEDULED
2026-09-22T00:19:43.270707+00:00,1285929,051,327,46,0,1790036678,,,SCHEDULED
2026-09-22T00:19:43.270707+00:00,1285929,051,328,47,0,1790036735,,,SCHEDULED
2026-09-22T00:19:43.270707+00:00,1285929,051,329,48,0,1790036817,,,SCHEDULED
2026-09-22T00:19:43.270707+00:00,1285929,051,330,49,0,1790036918,,,SCHEDULED
2026-09-22T00:19:43.270707+00:00,1285929,051,331,50,0,1790036964,,,SCHEDULED
2026-09-22T00:19:43.270707+00:00,1288081,093,9800,1,,,0,1790036449,SCHEDULED
2026-09-22T00:19:43.270707+00:00,1288081,093,3099,2,0,1790036549,,,SCHEDULED
2026-09-22T00:19:43.270707+00:00,1288081,093,3100,3,0,1790036647,,,SCHEDULED
2026-09-22T00:19:43.270707+00:00,1288081,093,3101,4,0,1790036658,,,SCHEDULED
2026-09-22T00:19:43.270707+00:00,1288081,093,3102,5,0,1790036696,,,SCHEDULED
2026-09-22T00:19:43.270707+00:00,1288081,093,3103,6,0,1790036816,,,SCHEDULED
2026-09-22T00:19:43.270707+00:00,1288081,093,3503,7,0,1790036859,,,SCHEDULED
2026-09-22T00:19:43.270707+00:00,1288081,093,3504,8,0,1790036971,,,SCHEDULED
2026-09-22T00:19:43.270707+00:00,1288081,093,3505,9,0,1790037044,,,SCHEDULED
2026-09-22T00:19:43.270707+00:00,1288081,093,3520,10,0,1790037273,,,SCHEDULED
2026-09-22T00:19:43.270707+00:00,1288081,093,3521,11,0,1790037319,,,SCHEDULED
2026-09-22T00:19:43.270707+00:00,1288081,093,3522,12,0,1790037336,,,SCHEDULED
2026-09-22T00:19:43.270707+00:00,1288081,093,3523,13,0,1790037363,,,SCHEDULED
2026-09-22T00:19:43.270707+00:00,1288081,093,3524,14,0,1790037402,,,SCHEDULED
2026-09-22T00:19:43.270707+00:00,1288081,093,3526,15,0,1790037462,,,SCHEDULED
2026-09-22T00:19:43.270707+00:00,1288081,093,3527,16,0,1790037502,,,SCHEDULED
2026-09-22T00:19:43.270707+00:00,1288081,093,3530,17,0,1790037598,,,SCHEDULED
2026-09-22T00:19:43.270707+00:00,1288081,093,3531,18,0,1790037616,,,SCHEDULED
2026-09-22T00:19:43.270707+00:00,1288081,093,3532,19,0,1790037679,,,SCHEDULED
2026-09-22T00:19:43.270707+00:00,1288081,093,3533,20,0,1790037722,,,SCHEDULED
2026-09-22T00:19:43.270707+00:00,1288081,093,5346,21,0,1790037765,,,SCHEDULED
2026-09-22T00:19:43.270707+00:00,1288081,093,3534,22,0,1790037854,,,SCHEDULED
2026-09-22T00:19:43.270707+00:00,1288081,093,3535,23,0,1790037897,,,SCHEDULED
2026-09-22T00:19:43.270707+00:00,1288081,093,3536,24,0,1790037934,,,SCHEDULED
2026-09-22T00:19:43.270707+00:00,1288081,093,3537,25,0,1790037955,,,SCHEDULED
2026-09-22T00:19:43.270707+00:00,1288081,093,9933,26,0,1790038125,,,SCHEDULED
2026-09-22T00:19:43.270707+00:00,1288082,093,4618,30,0,1790036362,,,SCHEDULED
2026-09-22T00:19:43.270707+00:00,1288082,093,4619,31,0,1790036512,,,SCHEDULED
2026-09-22T00:19:43.270707+00:00,1288082,093,3381,32,0,1790036625,,,SCHEDULED
2026-09-22T00:19:43.270707+00:00,1288082,093,3382,33,0,1790036655,,,SCHEDULED
2026-09-22T00:19:43.270707+00:00,1288082,093,3383,34,0,1790036689,,,SCHEDULED
2026-09-22T00:19:43.270707+00:00,1288082,093,3389,35,0,1790036730,,,SCHEDULED
2026-09-22T00:19:43.270707+00:00,1286580,067,2634,53,0,1790036359,,,SCHEDULED
2026-09-22T00:19:43.270707+00:00,1286580,067,2635,54,0,1790036372,,,SCHEDULED
2026-09-22T00:19:43.270707+00:00,1286580,067,2636,55,0,1790036375,,,SCHEDULED
2026-09-22T00:19:43.270707+00:00,1286580,067,2637,56,0,1790036406,,,SCHEDULED
2026-09-22T00:19:43.270707+00:00,1286580,067,2638,57,0,1790036479,,,SCHEDULED
2026-09-22T00:19:43.270707+00:00,1286580,067,2639,58,0,1790036568,,,SCHEDULED
2026-09-22T00:19:43.270707+00:00,1286580,067,1086,59,0,1790037241,,,SCHEDULED
2026-09-22T00:19:43.270707+00:00,1286580,067,1088,60,0,1790037290,,,SCHEDULED
2026-09-22T00:19:43.270707+00:00,1286580,067,1087,61,0,1790037342,,,SCHEDULED
2026-09-22T00:19:43.270707+00:00,1286580,067,2642,62,0,1790037391,,,SCHEDULED
2026-09-22T00:19:43.270707+00:00,1287790,087,3898,9,0,1790036479,,,SCHEDULED
2026-09-22T00:19:43.270707+00:00,1287790,087,3899,10,0,1790036536,,,SCHEDULED
2026-09-22T00:19:43.270707+00:00,1287790,087,3900,11,0,1790036663,,,SCHEDULED
2026-09-22T00:19:43.270707+00:00,1287790,087,3901,12,0,1790036773,,,SCHEDULED
2026-09-22T00:19:43.270707+00:00,1287790,087,3902,13,0,1790036817,,,SCHEDULED
2026-09-22T00:19:43.270707+00:00,1287790,087,3903,14,0,1790036867,,,SCHEDULED
2026-09-22T00:19:43.270707+00:00,1287790,087,3904,15,0,1790036950,,,SCHEDULED
2026-09-22T00:19:43.270707+00:00,1287790,087,3905,16,0,1790037020,,,SCHEDULED
2026-09-22T00:19:43.270707+00:00,1287790,087,1254,17,0,1790037423,,,SCHEDULED
2026-09-22T00:19:43.270707+00:00,1287790,087,1262,18,0,1790037601,,,SCHEDULED
2026-09-22T00:19:43.270707+00:00,1287670,086,413,38,0,1790036304,,,SCHEDULED
2026-09-22T00:19:43.270707+00:00,1287670,086,414,39,0,1790036415,,,SCHEDULED
2026-09-22T00:19:43.270707+00:00,1287670,086,415,40,0,1790036482,,,SCHEDULED
2026-09-22T00:19:43.270707+00:00,1287670,086,416,41,0,1790036534,,,SCHEDULED
2026-09-22T00:19:43.270707+00:00,1286581,067,2160,19,0,1790036358,,,SCHEDULED
2026-09-22T00:19:43.270707+00:00,1286581,067,2597,20,0,1790036483,,,SCHEDULED
2026-09-22T00:19:43.270707+00:00,1286581,067,2598,21,0,1790036551,,,SCHEDULED
2026-09-22T00:19:43.270707+00:00,1286581,067,2599,22,0,1790036578,,,SCHEDULED
2026-09-22T00:19:43.270707+00:00,1286581,067,2600,23,0,1790036618,,,SCHEDULED
2026-09-22T00:19:43.270707+00:00,1286581,067,2601,24,0,1790036674,,,SCHEDULED
2026-09-22T00:19:43.270707+00:00,1286581,067,2602,25,0,1790036726,,,SCHEDULED
2026-09-22T00:19:43.270707+00:00,1286581,067,2603,26,0,1790036879,,,SCHEDULED
2026-09-22T00:19:43.270707+00:00,1286581,067,2604,27,0,1790036919,,,SCHEDULED
2026-09-22T00:19:43.270707+00:00,1286581,067,2605,28,0,1790036990,,,SCHEDULED
2026-09-22T00:19:43.270707+00:00,1286581,067,2606,29,0,1790037040,,,SCHEDULED
2026-09-22T00:19:43.270707+00:00,1286581,067,2607,30,0,1790037106,,,SCHEDULED
2026-09-22T00:19:43.270707+00:00,1286581,067,2608,31,0,1790037120,,,SCHEDULED
2026-09-22T00:19:43.270707+00:00,1286581,067,2609,32,0,1790037139,,,SCHEDULED
2026-09-22T00:19:43.270707+00:00,1286581,067,2613,33,0,1790037200,,,SCHEDULED
2026-09-22T00:19:43.270707+00:00,1286581,067,2614,34,0,1790037261,,,SCHEDULED
2026-09-22T00:19:43.270707+00:00,1286581,067,2615,35,0,1790037310,,,SCHEDULED
2026-09-22T00:19:43.270707+00:00,1286581,067,601,36,0,1790037347,,,SCHEDULED
2026-09-22T00:19:43.270707+00:00,1286581,067,2617,37,0,1790037405,,,SCHEDULED
2026-09-22T00:19:43.270707+00:00,1286581,067,2620,38,0,1790037510,,,SCHEDULED
2026-09-22T00:19:43.270707+00:00,1286581,067,2621,39,0,1790037563,,,SCHEDULED
2026-09-22T00:19:43.270707+00:00,1286581,067,2622,40,0,1790037579,,,SCHEDULED
2026-09-22T00:19:43.270707+00:00,1286581,067,2623,41,0,1790037619,,,SCHEDULED
2026-09-22T00:19:43.270707+00:00,1286581,067,2624,42,0,1790037653,,,SCHEDULED
2026-09-22T00:19:43.270707+00:00,1286581,067,2625,43,0,1790037677,,,SCHEDULED
2026-09-22T00:19:43.270707+00:00,1286581,067,2626,44,0,1790037700,,,SCHEDULED
2026-09-22T00:19:43.270707+00:00,1286581,067,2627,45,0,1790037737,,,SCHEDULED
2026-09-22T00:19:43.270707+00:00,1286581,067,2628,46,0,1790037757,,,SCHEDULED
2026-09-22T00:19:43.270707+00:00,1286581,067,2630,47,0,1790037870,,,SCHEDULED
2026-09-22T00:19:43.270707+00:00,1286581,067,2631,48,0,1790037972,,,SCHEDULED
2026-09-22T00:19:43.270707+00:00,1286581,067,2632,49,0,1790037988,,,SCHEDULED
2026-09-22T00:19:43.270707+00:00,1286581,067,2633,50,0,1790038114,,,SCHEDULED
2026-09-22T00:19:43.270707+00:00,1285142,023,1392,58,0,1790036364,,,SCHEDULED
2026-09-22T00:19:43.270707+00:00,1285142,023,1393,59,0,1790036402,,,SCHEDULED
2026-09-22T00:19:43.270707+00:00,1285142,023,1394,60,0,1790036425,,,SCHEDULED
2026-09-22T00:19:43.270707+00:00,1285142,023,1395,61,0,1790036467,,,SCHEDULED
2026-09-22T00:19:43.270707+00:00,1285142,023,1163,62,0,1790036585,,,SCHEDULED
2026-09-22T00:19:43.270707+00:00,1285142,023,1164,63,0,1790036680,,,SCHEDULED
2026-09-22T00:19:43.270707+00:00,1285142,023,1165,64,0,1790037016,,,SCHEDULED
2026-09-22T00:19:43.270707+00:00,1285142,023,1166,65,0,1790037102,,,SCHEDULED
2026-09-22T00:19:43.270707+00:00,1285142,023,1167,66,0,1790037248,,,SCHEDULED
2026-09-22T00:19:43.270707+00:00,1285142,023,1168,67,0,1790037277,,,SCHEDULED
2026-09-22T00:19:43.270707+00:00,1285142,023,284,68,0,1790037396,,,SCHEDULED
2026-09-22T00:19:43.270707+00:00,1286991,075,4061,1,,,0,1790037008,SCHEDULED
2026-09-22T00:19:43.270707+00:00,1286991,075,1426,2,0,1790037031,,,SCHEDULED
2026-09-22T00:19:43.270707+00:00,1286991,075,1429,3,0,1790037093,,,SCHEDULED
2026-09-22T00:19:43.270707+00:00,1286991,075,1430,4,0,1790037124,,,SCHEDULED
2026-09-22T00:19:43.270707+00:00,1286991,075,3845,5,0,1790037180,,,SCHEDULED
2026-09-22T00:19:43.270707+00:00,1286991,075,3846,6,0,1790037250,,,SCHEDULED
2026-09-22T00:19:43.270707+00:00,1286991,075,3847,7,0,1790037325,,,SCHEDULED
2026-09-22T00:19:43.270707+00:00,1286991,075,1431,8,0,1790037345,,,SCHEDULED
2026-09-22T00:19:43.270707+00:00,1286991,075,1419,9,0,1790037434,,,SCHEDULED
2026-09-22T00:19:43.270707+00:00,1286991,075,9922,10,0,1790037516,,,SCHEDULED
2026-09-22T00:19:43.270707+00:00,1286991,075,1399,11,0,1790037609,,,SCHEDULED
2026-09-22T00:19:43.270707+00:00,1286991,075,1397,12,0,1790037681,,,SCHEDULED
2026-09-22T00:19:43.270707+00:00,1286991,075,9928,13,0,1790037755,,,SCHEDULED
2026-09-22T00:19:43.270707+00:00,1286991,075,3802,14,0,1790037812,,,SCHEDULED
2026-09-22T00:19:43.270707+00:00,1286991,075,3852,15,0,1790037897,,,SCHEDULED
2026-09-22T00:19:43.270707+00:00,1286596,067,1099,1,,,0,1790038090,SCHEDULED
2026-09-22T00:19:43.270707+00:00,1285141,023,1337,7,0,1790036386,,,SCHEDULED
2026-09-22T00:19:43.270707+00:00,1285141,023,1338,8,0,1790036438,,,SCHEDULED
2026-09-22T00:19:43.270707+00:00,1285141,023,1339,9,0,1790036482,,,SCHEDULED
2026-09-22T00:19:43.270707+00:00,1285141,023,1340,10,0,1790036499,,,SCHEDULED
2026-09-22T00:19:43.270707+00:00,1285141,023,1341,11,0,1790036594,,,SCHEDULED
2026-09-22T00:19:43.270707+00:00,1285141,023,1342,12,0,1790036636,,,SCHEDULED
2026-09-22T00:19:43.270707+00:00,1285141,023,1343,13,0,1790036644,,,SCHEDULED
2026-09-22T00:19:43.270707+00:00,1285141,023,1344,14,0,1790036714,,,SCHEDULED
2026-09-22T00:19:43.270707+00:00,1285141,023,1346,15,0,1790036773,,,SCHEDULED
2026-09-22T00:19:43.270707+00:00,1285141,023,5362,16,0,1790036825,,,SCHEDULED
2026-09-22T00:19:43.270707+00:00,1285141,023,5361,17,0,1790036864,,,SCHEDULED
2026-09-22T00:19:43.270707+00:00,1285141,023,1348,18,0,1790036898,,,SCHEDULED
2026-09-22T00:19:43.270707+00:00,1285141,023,1349,19,0,1790036918,,,SCHEDULED
2026-09-22T00:19:43.270707+00:00,1285141,023,1350,20,0,1790036956,,,SCHEDULED
2026-09-22T00:19:43.270707+00:00,1285141,023,1351,21,0,1790037002,,,SCHEDULED
2026-09-22T00:19:43.270707+00:00,1285141,023,1353,22,0,1790037089,,,SCHEDULED
2026-09-22T00:19:43.270707+00:00,1285141,023,1354,23,0,1790037233,,,SCHEDULED
2026-09-22T00:19:43.270707+00:00,1285141,023,1355,24,0,1790037267,,,SCHEDULED
2026-09-22T00:19:43.270707+00:00,1285141,023,1356,25,0,1790037355,,,SCHEDULED
2026-09-22T00:19:43.270707+00:00,1285141,023,1357,26,0,1790037427,,,SCHEDULED
2026-09-22T00:19:43.270707+00:00,1285141,023,1358,27,0,1790037455,,,SCHEDULED
2026-09-22T00:19:43.270707+00:00,1285141,023,1359,28,0,1790037484,,,SCHEDULED
2026-09-22T00:19:43.270707+00:00,1285141,023,1360,29,0,1790037533,,,SCHEDULED
2026-09-22T00:19:43.270707+00:00,1285141,023,1361,30,0,1790037564,,,SCHEDULED
2026-09-22T00:19:43.270707+00:00,1285141,023,1363,31,0,1790037606,,,SCHEDULED
2026-09-22T00:19:43.270707+00:00,1285141,023,1139,32,0,1790037722,,,SCHEDULED
2026-09-22T00:19:43.270707+00:00,1285141,023,1365,33,0,1790037760,,,SCHEDULED
2026-09-22T00:19:43.270707+00:00,1285141,023,1366,34,0,1790037793,,,SCHEDULED
2026-09-22T00:19:43.270707+00:00,1285141,023,1367,35,0,1790037823,,,SCHEDULED
2026-09-22T00:19:43.270707+00:00,1285141,023,1368,36,0,1790037877,,,SCHEDULED
2026-09-22T00:19:43.270707+00:00,1285141,023,1369,37,0,1790037930,,,SCHEDULED
2026-09-22T00:19:43.270707+00:00,1285141,023,1370,38,0,1790037970,,,SCHEDULED
2026-09-22T00:19:43.270707+00:00,1285141,023,1372,39,0,1790038005,,,SCHEDULED
2026-09-22T00:19:43.270707+00:00,1285141,023,1373,40,0,1790038012,,,SCHEDULED
2026-09-22T00:19:43.270707+00:00,1285141,023,1374,41,0,1790038021,,,SCHEDULED
2026-09-22T00:19:43.270707+00:00,1285141,023,1375,42,0,1790038053,,,SCHEDULED
2026-09-22T00:19:43.270707+00:00,1285141,023,1376,43,0,1790038076,,,SCHEDULED
2026-09-22T00:19:43.270707+00:00,1285141,023,1377,44,0,1790038111,,,SCHEDULED
2026-09-22T00:19:43.270707+00:00,1285141,023,1378,45,0,1790038138,,,SCHEDULED
2026-09-22T00:19:43.270707+00:00,1285141,023,1380,46,0,1790038150,,,SCHEDULED
2026-09-22T00:19:43.270707+00:00,1284693,013,1071,1,,,0,1790037546,SCHEDULED
2026-09-22T00:19:43.270707+00:00,1284693,013,1073,2,0,1790037642,,,SCHEDULED
2026-09-22T00:19:43.270707+00:00,1284693,013,1074,3,0,1790037677,,,SCHEDULED
2026-09-22T00:19:43.270707+00:00,1284693,013,1075,4,0,1790037728,,,SCHEDULED
2026-09-22T00:19:43.270707+00:00,1284693,013,1076,5,0,1790037757,,,SCHEDULED
2026-09-22T00:19:43.270707+00:00,1284693,013,1077,6,0,1790037795,,,SCHEDULED
2026-09-22T00:19:43.270707+00:00,1284693,013,1646,7,0,1790037846,,,SCHEDULED
2026-09-22T00:19:43.270707+00:00,1284693,013,1648,8,0,1790037929,,,SCHEDULED
2026-09-22T00:19:43.270707+00:00,1284693,013,1157,9,0,1790037994,,,SCHEDULED
2026-09-22T00:19:43.270707+00:00,1284693,013,1158,10,0,1790038039,,,SCHEDULED
2026-09-22T00:19:43.270707+00:00,1284693,013,1159,11,0,1790038146,,,SCHEDULED
2026-09-22T00:19:43.270707+00:00,1285143,023,1368,36,0,1790036371,,,SCHEDULED
2026-09-22T00:19:43.270707+00:00,1285143,023,1369,37,0,1790036434,,,SCHEDULED
2026-09-22T00:19:43.270707+00:00,1285143,023,1370,38,0,1790036465,,,SCHEDULED
2026-09-22T00:19:43.270707+00:00,1285143,023,1372,39,0,1790036540,,,SCHEDULED
2026-09-22T00:19:43.270707+00:00,1285143,023,1373,40,0,1790036585,,,SCHEDULED
2026-09-22T00:19:43.270707+00:00,1285143,023,1374,41,0,1790036639,,,SCHEDULED
2026-09-22T00:19:43.270707+00:00,1285143,023,1375,42,0,1790036679,,,SCHEDULED
2026-09-22T00:19:43.270707+00:00,1285143,023,1376,43,0,1790036707,,,SCHEDULED
2026-09-22T00:19:43.270707+00:00,1285143,023,1377,44,0,1790036749,,,SCHEDULED
2026-09-22T00:19:43.270707+00:00,1285143,023,1378,45,0,1790036782,,,SCHEDULED
2026-09-22T00:19:43.270707+00:00,1285143,023,1380,46,0,1790036820,,,SCHEDULED
2026-09-22T00:19:43.270707+00:00,1285143,023,1381,47,0,1790036861,,,SCHEDULED
2026-09-22T00:19:43.270707+00:00,1285143,023,1382,48,0,1790036947,,,SCHEDULED
2026-09-22T00:19:43.270707+00:00,1285143,023,1383,49,0,1790036988,,,SCHEDULED
2026-09-22T00:19:43.270707+00:00,1285143,023,1384,50,0,1790037079,,,SCHEDULED
2026-09-22T00:19:43.270707+00:00,1285143,023,1385,51,0,1790037107,,,SCHEDULED
2026-09-22T00:19:43.270707+00:00,1285143,023,1386,52,0,1790037180,,,SCHEDULED
2026-09-22T00:19:43.270707+00:00,1285143,023,1387,53,0,1790037237,,,SCHEDULED
2026-09-22T00:19:43.270707+00:00,1285143,023,1388,54,0,1790037304,,,SCHEDULED
2026-09-22T00:19:43.270707+00:00,1285143,023,1389,55,0,1790037375,,,SCHEDULED
2026-09-22T00:19:43.270707+00:00,1285143,023,1390,56,0,1790037439,,,SCHEDULED
2026-09-22T00:19:43.270707+00:00,1285143,023,1391,57,0,1790037479,,,SCHEDULED
2026-09-22T00:19:43.270707+00:00,1285143,023,1392,58,0,1790037536,,,SCHEDULED
2026-09-22T00:19:43.270707+00:00,1285143,023,1393,59,0,1790037573,,,SCHEDULED
2026-09-22T00:19:43.270707+00:00,1285143,023,1394,60,0,1790037607,,,SCHEDULED
2026-09-22T00:19:43.270707+00:00,1285143,023,1395,61,0,1790037664,,,SCHEDULED
2026-09-22T00:19:43.270707+00:00,1285143,023,1163,62,0,1790037749,,,SCHEDULED
2026-09-22T00:19:43.270707+00:00,1285143,023,1164,63,0,1790037840,,,SCHEDULED
2026-09-22T00:19:43.270707+00:00,1285143,023,1165,64,0,1790038025,,,SCHEDULED
2026-09-22T00:19:43.270707+00:00,1285143,023,1166,65,0,1790038137,,,SCHEDULED
2026-09-22T00:19:43.270707+00:00,1286599,067,4022,57,0,1790036379,,,SCHEDULED
2026-09-22T00:19:43.270707+00:00,1286599,067,242,58,0,1790036445,,,SCHEDULED
2026-09-22T00:19:43.270707+00:00,1286599,067,243,59,0,1790036468,,,SCHEDULED
2026-09-22T00:19:43.270707+00:00,1286599,067,244,60,0,1790036485,,,SCHEDULED
2026-09-22T00:19:43.270707+00:00,1286599,067,1038,61,0,1790036509,,,SCHEDULED
2026-09-22T00:19:43.270707+00:00,1286599,067,4019,62,0,1790036607,,,SCHEDULED
2026-09-22T00:19:43.270707+00:00,1285421,026,1540,46,0,1790036304,,,SCHEDULED
2026-09-22T00:19:43.270707+00:00,1285421,026,1542,47,0,1790036504,,,SCHEDULED
2026-09-22T00:19:43.270707+00:00,1285421,026,1541,48,0,1790036658,,,SCHEDULED
2026-09-22T00:19:43.270707+00:00,1285421,026,2980,49,0,1790036665,,,SCHEDULED
2026-09-22T00:19:43.270707+00:00,1285421,026,8958,50,0,1790036852,,,SCHEDULED
2026-09-22T00:19:43.270707+00:00,1284694,013,9807,22,0,1790036395,,,SCHEDULED
2026-09-22T00:19:43.270707+00:00,1284694,013,284,23,0,1790036483,,,SCHEDULED
2026-09-22T00:19:43.270707+00:00,1284694,013,1635,24,0,1790036571,,,SCHEDULED
2026-09-22T00:19:43.270707+00:00,1284694,013,4750,25,0,1790036775,,,SCHEDULED
2026-09-22T00:19:43.270707+00:00,1284694,013,3980,26,0,1790036857,,,SCHEDULED
2026-09-22T00:19:43.270707+00:00,1284694,013,3979,27,0,1790036935,,,SCHEDULED
2026-09-22T00:19:43.270707+00:00,1284694,013,3981,28,0,1790036995,,,SCHEDULED
2026-09-22T00:19:43.270707+00:00,1284694,013,3982,29,0,1790037055,,,SCHEDULED
2026-09-22T00:19:43.270707+00:00,1284694,013,103,30,0,1790037102,,,SCHEDULED
2026-09-22T00:19:43.270707+00:00,1284694,013,3240,31,0,1790037175,,,SCHEDULED
2026-09-22T00:19:43.270707+00:00,1284694,013,3241,32,0,1790037198,,,SCHEDULED
2026-09-22T00:19:43.270707+00:00,1284694,013,3242,33,0,1790037221,,,SCHEDULED
2026-09-22T00:19:43.270707+00:00,1284694,013,3243,34,0,1790037293,,,SCHEDULED
2026-09-22T00:19:43.270707+00:00,1284694,013,3244,35,0,1790037316,,,SCHEDULED
2026-09-22T00:19:43.270707+00:00,1284694,013,3246,36,0,1790037434,,,SCHEDULED
2026-09-22T00:19:43.270707+00:00,1284694,013,8927,37,0,1790037485,,,SCHEDULED
2026-09-22T00:19:43.270707+00:00,1284694,013,4710,38,0,1790037655,,,SCHEDULED
2026-09-22T00:19:43.270707+00:00,1284694,013,8928,39,0,1790037724,,,SCHEDULED
2026-09-22T00:19:43.270707+00:00,1284694,013,8929,40,0,1790037835,,,SCHEDULED
2026-09-22T00:19:43.270707+00:00,1284694,013,8930,41,0,1790037882,,,SCHEDULED
2026-09-22T00:19:43.270707+00:00,1284694,013,543,42,0,1790037931,,,SCHEDULED
2026-09-22T00:19:43.270707+00:00,1284694,013,1731,43,0,1790038027,,,SCHEDULED
2026-09-22T00:19:43.270707+00:00,1284694,013,1680,44,0,1790038111,,,SCHEDULED
2026-09-22T00:19:43.270707+00:00,1285420,026,544,17,0,1790036433,,,SCHEDULED
2026-09-22T00:19:43.270707+00:00,1285420,026,3049,18,0,1790036621,,,SCHEDULED
2026-09-22T00:19:43.270707+00:00,1285420,026,3070,19,0,1790036658,,,SCHEDULED
2026-09-22T00:19:43.270707+00:00,1285420,026,3071,20,0,1790036695,,,SCHEDULED
2026-09-22T00:19:43.270707+00:00,1285420,026,3072,21,0,1790036791,,,SCHEDULED
2026-09-22T00:19:43.270707+00:00,1285420,026,9801,22,0,1790036972,,,SCHEDULED
2026-09-22T00:19:43.270707+00:00,1285420,026,3073,23,0,1790037050,,,SCHEDULED
2026-09-22T00:19:43.270707+00:00,1285420,026,1518,24,0,1790037220,,,SCHEDULED
2026-09-22T00:19:43.270707+00:00,1285420,026,1519,25,0,1790037262,,,SCHEDULED
2026-09-22T00:19:43.270707+00:00,1285420,026,1520,26,0,1790037292,,,SCHEDULED
2026-09-22T00:19:43.270707+00:00,1285420,026,1521,27,0,1790037306,,,SCHEDULED
2026-09-22T00:19:43.270707+00:00,1285420,026,1522,28,0,1790037350,,,SCHEDULED
2026-09-22T00:19:43.270707+00:00,1285420,026,1523,29,0,1790037370,,,SCHEDULED
2026-09-22T00:19:43.270707+00:00,1285420,026,1524,30,0,1790037479,,,SCHEDULED
2026-09-22T00:19:43.270707+00:00,1285420,026,1525,31,0,1790037559,,,SCHEDULED
2026-09-22T00:19:43.270707+00:00,1285420,026,1526,32,0,1790037586,,,SCHEDULED
2026-09-22T00:19:43.270707+00:00,1285420,026,1527,33,0,1790037660,,,SCHEDULED
2026-09-22T00:19:43.270707+00:00,1285420,026,1528,34,0,1790037733,,,SCHEDULED
2026-09-22T00:19:43.270707+00:00,1285420,026,1529,35,0,1790037790,,,SCHEDULED
2026-09-22T00:19:43.270707+00:00,1285420,026,1530,36,0,1790037854,,,SCHEDULED
2026-09-22T00:19:43.270707+00:00,1285420,026,1531,37,0,1790037930,,,SCHEDULED
2026-09-22T00:19:43.270707+00:00,1285420,026,1532,38,0,1790037979,,,SCHEDULED
2026-09-22T00:19:43.270707+00:00,1285420,026,1533,39,0,1790038029,,,SCHEDULED
2026-09-22T00:19:43.270707+00:00,1285420,026,1534,40,0,1790038084,,,SCHEDULED
2026-09-22T00:19:43.270707+00:00,1286597,067,2645,2,0,1790036355,,,SCHEDULED
2026-09-22T00:19:43.270707+00:00,1286597,067,2643,3,0,1790036391,,,SCHEDULED
2026-09-22T00:19:43.270707+00:00,1286597,067,2644,4,0,1790036469,,,SCHEDULED
2026-09-22T00:19:43.270707+00:00,1286597,067,2646,5,0,1790036543,,,SCHEDULED
2026-09-22T00:19:43.270707+00:00,1286597,067,2647,6,0,1790036564,,,SCHEDULED
2026-09-22T00:19:43.270707+00:00,1286597,067,2648,7,0,1790037180,,,SCHEDULED
2026-09-22T00:19:43.270707+00:00,1286597,067,5344,8,0,1790037181,,,SCHEDULED
2026-09-22T00:19:43.270707+00:00,1286597,067,2649,9,0,1790037182,,,SCHEDULED
2026-09-22T00:19:43.270707+00:00,1286597,067,2650,10,0,1790037184,,,SCHEDULED
2026-09-22T00:19:43.270707+00:00,1286597,067,2651,11,0,1790037516,,,SCHEDULED
2026-09-22T00:19:43.270707+00:00,1286597,067,2653,12,0,1790037692,,,SCHEDULED
2026-09-22T00:19:43.270707+00:00,1286597,067,2654,13,0,1790037758,,,SCHEDULED
2026-09-22T00:19:43.270707+00:00,1286597,067,9811,14,0,1790037848,,,SCHEDULED
2026-09-22T00:19:43.270707+00:00,1286597,067,880,15,0,1790038021,,,SCHEDULED
2026-09-22T00:19:43.270707+00:00,1286597,067,2656,16,0,1790038089,,,SCHEDULED
2026-09-22T00:19:43.270707+00:00,1286597,067,2655,17,0,1790038106,,,SCHEDULED
2026-09-22T00:19:43.270707+00:00,1286872,072,323,1,,,0,1790036447,SCHEDULED
2026-09-22T00:19:43.270707+00:00,1286872,072,4210,2,0,1790036616,,,SCHEDULED
2026-09-22T00:19:43.270707+00:00,1286872,072,4211,3,0,1790036676,,,SCHEDULED
2026-09-22T00:19:43.270707+00:00,1286872,072,4213,4,0,1790036708,,,SCHEDULED
2026-09-22T00:19:43.270707+00:00,1286872,072,4214,5,0,1790036757,,,SCHEDULED
2026-09-22T00:19:43.270707+00:00,1286872,072,4217,6,0,1790036805,,,SCHEDULED
2026-09-22T00:19:43.270707+00:00,1286872,072,5249,7,0,1790036846,,,SCHEDULED
2026-09-22T00:19:43.270707+00:00,1286872,072,4215,8,0,1790036898,,,SCHEDULED
2026-09-22T00:19:43.270707+00:00,1286872,072,4216,9,0,1790036925,,,SCHEDULED
2026-09-22T00:19:43.270707+00:00,1286872,072,2816,10,0,1790036946,,,SCHEDULED
2026-09-22T00:19:43.270707+00:00,1286872,072,2817,11,0,1790036981,,,SCHEDULED
2026-09-22T00:19:43.270707+00:00,1286872,072,2818,12,0,1790037010,,,SCHEDULED
2026-09-22T00:19:43.270707+00:00,1286872,072,2819,13,0,1790037046,,,SCHEDULED
2026-09-22T00:19:43.270707+00:00,1286872,072,2820,14,0,1790037074,,,SCHEDULED
2026-09-22T00:19:43.270707+00:00,1286872,072,2821,15,0,1790037105,,,SCHEDULED
2026-09-22T00:19:43.270707+00:00,1286872,072,2822,16,0,1790037138,,,SCHEDULED
2026-09-22T00:19:43.270707+00:00,1286872,072,2824,17,0,1790037192,,,SCHEDULED
2026-09-22T00:19:43.270707+00:00,1286872,072,2825,18,0,1790037239,,,SCHEDULED
2026-09-22T00:19:43.270707+00:00,1286872,072,2826,19,0,1790037293,,,SCHEDULED
2026-09-22T00:19:43.270707+00:00,1286872,072,3861,20,0,1790037351,,,SCHEDULED
2026-09-22T00:19:43.270707+00:00,1286872,072,3862,21,0,1790037367,,,SCHEDULED
2026-09-22T00:19:43.270707+00:00,1286872,072,3864,22,0,1790037411,,,SCHEDULED
2026-09-22T00:19:43.270707+00:00,1286872,072,3865,23,0,1790037440,,,SCHEDULED
2026-09-22T00:19:43.270707+00:00,1286872,072,496,24,0,1790037519,,,SCHEDULED
2026-09-22T00:19:43.270707+00:00,1286872,072,3866,25,0,1790037556,,,SCHEDULED
2026-09-22T00:19:43.270707+00:00,1286872,072,3867,26,0,1790037594,,,SCHEDULED
2026-09-22T00:19:43.270707+00:00,1286872,072,3868,27,0,1790037611,,,SCHEDULED
2026-09-22T00:19:43.270707+00:00,1286872,072,3869,28,0,1790037640,,,SCHEDULED
2026-09-22T00:19:43.270707+00:00,1286872,072,3870,29,0,1790037665,,,SCHEDULED
2026-09-22T00:19:43.270707+00:00,1286872,072,3871,30,0,1790037724,,,SCHEDULED
2026-09-22T00:19:43.270707+00:00,1286872,072,3872,31,0,1790037750,,,SCHEDULED
2026-09-22T00:19:43.270707+00:00,1286477,062,5313,32,0,1790036328,,,SCHEDULED
2026-09-22T00:19:43.270707+00:00,1286477,062,2352,33,0,1790036332,,,SCHEDULED
2026-09-22T00:19:43.270707+00:00,1286477,062,2353,34,0,1790036392,,,SCHEDULED
2026-09-22T00:19:43.270707+00:00,1286477,062,2354,35,0,1790036424,,,SCHEDULED
2026-09-22T00:19:43.270707+00:00,1286477,062,2355,36,0,1790036437,,,SCHEDULED
2026-09-22T00:19:43.270707+00:00,1286477,062,2356,37,0,1790036444,,,SCHEDULED
2026-09-22T00:19:43.270707+00:00,1286477,062,465,38,0,1790036506,,,SCHEDULED
2026-09-22T00:19:43.270707+00:00,1286477,062,466,39,0,1790036528,,,SCHEDULED
2026-09-22T00:19:43.270707+00:00,1286477,062,467,40,0,1790036530,,,SCHEDULED
2026-09-22T00:19:43.270707+00:00,1286477,062,468,41,0,1790036543,,,SCHEDULED
2026-09-22T00:19:43.270707+00:00,1286477,062,469,42,0,1790036565,,,SCHEDULED
2026-09-22T00:19:43.270707+00:00,1286477,062,470,43,0,1790036639,,,SCHEDULED
2026-09-22T00:19:43.270707+00:00,1286477,062,471,44,0,1790036672,,,SCHEDULED
2026-09-22T00:19:43.270707+00:00,1286477,062,472,45,0,1790036790,,,SCHEDULED
2026-09-22T00:19:43.270707+00:00,1286477,062,473,46,0,1790036842,,,SCHEDULED
2026-09-22T00:19:43.270707+00:00,1286477,062,474,47,0,1790036865,,,SCHEDULED
2026-09-22T00:19:43.270707+00:00,1286477,062,475,48,0,1790036891,,,SCHEDULED
2026-09-22T00:19:43.270707+00:00,1286477,062,476,49,0,1790036954,,,SCHEDULED
2026-09-22T00:19:43.270707+00:00,1286477,062,477,50,0,1790037014,,,SCHEDULED
2026-09-22T00:19:43.270707+00:00,1286477,062,4134,51,0,1790037032,,,SCHEDULED
2026-09-22T00:19:43.270707+00:00,1286477,062,4136,52,0,1790037118,,,SCHEDULED
2026-09-22T00:19:43.270707+00:00,1286477,062,4137,53,0,1790037132,,,SCHEDULED
2026-09-22T00:19:43.270707+00:00,1287203,081,3130,24,0,1790036652,,,SCHEDULED
2026-09-22T00:19:43.270707+00:00,1287203,081,3131,25,0,1790036812,,,SCHEDULED
2026-09-22T00:19:43.270707+00:00,1287203,081,3132,26,0,1790036882,,,SCHEDULED
2026-09-22T00:19:43.270707+00:00,1287203,081,3134,27,0,1790037017,,,SCHEDULED
2026-09-22T00:19:43.270707+00:00,1287203,081,3135,28,0,1790037088,,,SCHEDULED
2026-09-22T00:19:43.270707+00:00,1287203,081,3136,29,0,1790037137,,,SCHEDULED
2026-09-22T00:19:43.270707+00:00,1287203,081,3137,30,0,1790037145,,,SCHEDULED
2026-09-22T00:19:43.270707+00:00,1287203,081,3138,31,0,1790037154,,,SCHEDULED
2026-09-22T00:19:43.270707+00:00,1287203,081,3139,32,0,1790037159,,,SCHEDULED
2026-09-22T00:19:43.270707+00:00,1287203,081,3140,33,0,1790037204,,,SCHEDULED
2026-09-22T00:19:43.270707+00:00,1287203,081,3141,34,0,1790037234,,,SCHEDULED
2026-09-22T00:19:43.270707+00:00,1287203,081,3142,35,0,1790037259,,,SCHEDULED
2026-09-22T00:19:43.270707+00:00,1287203,081,3143,36,0,1790037305,,,SCHEDULED
2026-09-22T00:19:43.270707+00:00,1287203,081,3144,37,0,1790037330,,,SCHEDULED
2026-09-22T00:19:43.270707+00:00,1286598,067,2581,30,0,1790036340,,,SCHEDULED
2026-09-22T00:19:43.270707+00:00,1286598,067,2582,31,0,1790036409,,,SCHEDULED
2026-09-22T00:19:43.270707+00:00,1286598,067,2583,32,0,1790036435,,,SCHEDULED
2026-09-22T00:19:43.270707+00:00,1286598,067,2584,33,0,1790036480,,,SCHEDULED
2026-09-22T00:19:43.270707+00:00,1286598,067,2585,34,0,1790036559,,,SCHEDULED
2026-09-22T00:19:43.270707+00:00,1286598,067,2586,35,0,1790036601,,,SCHEDULED
2026-09-22T00:19:43.270707+00:00,1286598,067,2587,36,0,1790036748,,,SCHEDULED
2026-09-22T00:19:43.270707+00:00,1286598,067,2588,37,0,1790036847,,,SCHEDULED
2026-09-22T00:19:43.270707+00:00,1286598,067,2589,38,0,1790036924,,,SCHEDULED
2026-09-22T00:19:43.270707+00:00,1286598,067,2590,39,0,1790036988,,,SCHEDULED
2026-09-22T00:19:43.270707+00:00,1286598,067,2591,40,0,1790036994,,,SCHEDULED
2026-09-22T00:19:43.270707+00:00,1286598,067,2592,41,0,1790037000,,,SCHEDULED
2026-09-22T00:19:43.270707+00:00,1286598,067,2593,42,0,1790037007,,,SCHEDULED
2026-09-22T00:19:43.270707+00:00,1286598,067,2594,43,0,1790037060,,,SCHEDULED
2026-09-22T00:19:43.270707+00:00,1286598,067,2595,44,0,1790037082,,,SCHEDULED
2026-09-22T00:19:43.270707+00:00,1286598,067,2596,45,0,1790037104,,,SCHEDULED
2026-09-22T00:19:43.270707+00:00,1286598,067,2031,46,0,1790037212,,,SCHEDULED
2026-09-22T00:19:43.270707+00:00,1286598,067,2032,47,0,1790037293,,,SCHEDULED
2026-09-22T00:19:43.270707+00:00,1286598,067,2173,48,0,1790037358,,,SCHEDULED
2026-09-22T00:19:43.270707+00:00,1286598,067,494,49,0,1790037492,,,SCHEDULED
2026-09-22T00:19:43.270707+00:00,1286598,067,3831,50,0,1790037701,,,SCHEDULED
2026-09-22T00:19:43.270707+00:00,1286598,067,3833,51,0,1790037785,,,SCHEDULED
2026-09-22T00:19:43.270707+00:00,1286598,067,3834,52,0,1790037878,,,SCHEDULED
2026-09-22T00:19:43.270707+00:00,1286598,067,3939,53,0,1790037993,,,SCHEDULED
2026-09-22T00:19:43.270707+00:00,1286598,067,5107,54,0,1790038087,,,SCHEDULED
2026-09-22T00:19:43.270707+00:00,1285706,033,537,2,0,1790036422,,,SCHEDULED
2026-09-22T00:19:43.270707+00:00,1286471,062,2256,8,0,1790036383,,,SCHEDULED
2026-09-22T00:19:43.270707+00:00,1286471,062,2257,9,0,1790036483,,,SCHEDULED
2026-09-22T00:19:43.270707+00:00,1286471,062,2258,10,0,1790036531,,,SCHEDULED
2026-09-22T00:19:43.270707+00:00,1286471,062,2260,11,0,1790036614,,,SCHEDULED
2026-09-22T00:19:43.270707+00:00,1286471,062,2261,12,0,1790036651,,,SCHEDULED
2026-09-22T00:19:43.270707+00:00,1286471,062,2262,13,0,1790036697,,,SCHEDULED
2026-09-22T00:19:43.270707+00:00,1286471,062,2264,14,0,1790036767,,,SCHEDULED
2026-09-22T00:19:43.270707+00:00,1286471,062,380,15,0,1790036938,,,SCHEDULED
2026-09-22T00:19:43.270707+00:00,1286471,062,411,16,0,1790037026,,,SCHEDULED
2026-09-22T00:19:43.270707+00:00,1286471,062,2271,17,0,1790037208,,,SCHEDULED
2026-09-22T00:19:43.270707+00:00,1286471,062,2272,18,0,1790037245,,,SCHEDULED
2026-09-22T00:19:43.270707+00:00,1286471,062,2273,19,0,1790037260,,,SCHEDULED
2026-09-22T00:19:43.270707+00:00,1286471,062,2275,20,0,1790037305,,,SCHEDULED
2026-09-22T00:19:43.270707+00:00,1286471,062,2276,21,0,1790037350,,,SCHEDULED
2026-09-22T00:19:43.270707+00:00,1286471,062,2277,22,0,1790037479,,,SCHEDULED
2026-09-22T00:19:43.270707+00:00,1286471,062,2278,23,0,1790037510,,,SCHEDULED
2026-09-22T00:19:43.270707+00:00,1286471,062,2279,24,0,1790037555,,,SCHEDULED
2026-09-22T00:19:43.270707+00:00,1286471,062,2280,25,0,1790037559,,,SCHEDULED
2026-09-22T00:19:43.270707+00:00,1286471,062,2281,26,0,1790037623,,,SCHEDULED
2026-09-22T00:19:43.270707+00:00,1286471,062,2346,27,0,1790037700,,,SCHEDULED
2026-09-22T00:19:43.270707+00:00,1286471,062,2347,28,0,1790037818,,,SCHEDULED
2026-09-22T00:19:43.270707+00:00,1286471,062,2348,29,0,1790037839,,,SCHEDULED
2026-09-22T00:19:43.270707+00:00,1286471,062,2350,30,0,1790037863,,,SCHEDULED
2026-09-22T00:19:43.270707+00:00,1286471,062,2351,31,0,1790037879,,,SCHEDULED
2026-09-22T00:19:43.270707+00:00,1286471,062,5313,32,0,1790037934,,,SCHEDULED
2026-09-22T00:19:43.270707+00:00,1286471,062,2352,33,0,1790037952,,,SCHEDULED
2026-09-22T00:19:43.270707+00:00,1286471,062,2353,34,0,1790037999,,,SCHEDULED
2026-09-22T00:19:43.270707+00:00,1286471,062,2354,35,0,1790038031,,,SCHEDULED
2026-09-22T00:19:43.270707+00:00,1286471,062,2355,36,0,1790038044,,,SCHEDULED
2026-09-22T00:19:43.270707+00:00,1286471,062,2356,37,0,1790038051,,,SCHEDULED
2026-09-22T00:19:43.270707+00:00,1286471,062,465,38,0,1790038113,,,SCHEDULED
2026-09-22T00:19:43.270707+00:00,1285140,023,1184,1,,,0,1790037801,SCHEDULED
2026-09-22T00:19:43.270707+00:00,1285140,023,3301,2,0,1790037806,,,SCHEDULED
2026-09-22T00:19:43.270707+00:00,1285140,023,1187,3,0,1790037919,,,SCHEDULED
2026-09-22T00:19:43.270707+00:00,1285140,023,1188,4,0,1790037998,,,SCHEDULED
2026-09-22T00:19:43.270707+00:00,1285140,023,1189,5,0,1790038033,,,SCHEDULED
2026-09-22T00:19:43.270707+00:00,1285140,023,1190,6,0,1790038090,,,SCHEDULED
2026-09-22T00:19:43.270707+00:00,1284050,001,1184,1,,,0,1790038012,SCHEDULED
2026-09-22T00:19:43.270707+00:00,1284050,001,3301,2,0,1790038013,,,SCHEDULED
2026-09-22T00:19:43.270707+00:00,1284050,001,1187,3,0,1790038090,,,SCHEDULED
2026-09-22T00:19:43.270707+00:00,1284050,001,1188,4,0,1790038150,,,SCHEDULED
2026-09-22T00:19:43.270707+00:00,1284292,010,11116,12,0,1790036340,,,SCHEDULED
2026-09-22T00:19:43.270707+00:00,1284292,010,11117,13,0,1790036419,,,SCHEDULED
2026-09-22T00:19:43.270707+00:00,1284292,010,11122,14,0,1790036495,,,SCHEDULED
2026-09-22T00:19:43.270707+00:00,1284292,010,11123,15,0,1790036533,,,SCHEDULED
2026-09-22T00:19:43.270707+00:00,1284292,010,11199,16,0,1790036642,,,SCHEDULED
2026-09-22T00:19:43.270707+00:00,1284292,010,11091,17,0,1790036725,,,SCHEDULED
2026-09-22T00:19:43.270707+00:00,1284292,010,11125,18,0,1790036879,,,SCHEDULED
2026-09-22T00:19:43.270707+00:00,1284292,010,11157,19,0,1790036929,,,SCHEDULED
2026-09-22T00:19:43.270707+00:00,1284292,010,11033,20,0,1790036990,,,SCHEDULED
2026-09-22T00:19:43.270707+00:00,1284292,010,11133,21,0,1790037235,,,SCHEDULED
2026-09-22T00:19:43.270707+00:00,1284292,010,11134,22,0,1790037267,,,SCHEDULED
2026-09-22T00:19:43.270707+00:00,1284292,010,11136,23,0,1790037352,,,SCHEDULED
2026-09-22T00:19:43.270707+00:00,1284292,010,11137,24,0,1790037406,,,SCHEDULED
2026-09-22T00:19:43.270707+00:00,1284292,010,11138,25,0,1790037434,,,SCHEDULED
2026-09-22T00:19:43.270707+00:00,1284292,010,11139,26,0,1790037459,,,SCHEDULED
2026-09-22T00:19:43.270707+00:00,1284292,010,11140,27,0,1790037535,,,SCHEDULED
2026-09-22T00:19:43.270707+00:00,1284292,010,11201,28,0,1790037759,,,SCHEDULED
2026-09-22T00:19:43.270707+00:00,1284292,010,11010,29,0,1790037817,,,SCHEDULED
2026-09-22T00:19:43.270707+00:00,1284292,010,11143,30,0,1790037901,,,SCHEDULED
2026-09-22T00:19:43.270707+00:00,1284292,010,11203,31,0,1790037981,,,SCHEDULED
2026-09-22T00:19:43.270707+00:00,1287178,081,2368,18,0,1790036355,,,SCHEDULED
2026-09-22T00:19:43.270707+00:00,1287178,081,2370,19,0,1790036481,,,SCHEDULED
2026-09-22T00:19:43.270707+00:00,1287178,081,2371,20,0,1790036514,,,SCHEDULED
2026-09-22T00:19:43.270707+00:00,1287178,081,2372,21,0,1790036604,,,SCHEDULED
2026-09-22T00:19:43.270707+00:00,1287178,081,2373,22,0,1790036676,,,SCHEDULED
2026-09-22T00:19:43.270707+00:00,1287178,081,2374,23,0,1790036807,,,SCHEDULED
2026-09-22T00:19:43.270707+00:00,1287178,081,5223,24,0,1790036947,,,SCHEDULED
2026-09-22T00:19:43.270707+00:00,1287178,081,2165,25,0,1790037063,,,SCHEDULED
2026-09-22T00:19:43.270707+00:00,1287178,081,2166,26,0,1790037214,,,SCHEDULED
2026-09-22T00:19:43.270707+00:00,1288387,175,950,2,0,1790036423,,,SCHEDULED
2026-09-22T00:19:43.270707+00:00,1288387,175,952,3,0,1790036549,,,SCHEDULED
2026-09-22T00:19:43.270707+00:00,1288387,175,954,4,0,1790036615,,,SCHEDULED
2026-09-22T00:19:43.270707+00:00,1288387,175,956,5,0,1790036659,,,SCHEDULED
2026-09-22T00:19:43.270707+00:00,1288387,175,1760,6,0,1790036921,,,SCHEDULED
2026-09-22T00:19:43.270707+00:00,1288387,175,1015,7,0,1790037069,,,SCHEDULED
2026-09-22T00:19:43.270707+00:00,1288387,175,659,8,0,1790037215,,,SCHEDULED
2026-09-22T00:19:43.270707+00:00,1288387,175,1781,9,0,1790037258,,,SCHEDULED
2026-09-22T00:19:43.270707+00:00,1288387,175,1794,10,0,1790037314,,,SCHEDULED
2026-09-22T00:19:43.270707+00:00,1288387,175,1800,11,0,1790037407,,,SCHEDULED
2026-09-22T00:19:43.270707+00:00,1288387,175,1645,12,0,1790037432,,,SCHEDULED
2026-09-22T00:19:43.270707+00:00,1288387,175,948,13,0,1790037524,,,SCHEDULED
2026-09-22T00:19:43.270707+00:00,1287177,081,2181,2,0,1790036367,,,SCHEDULED
2026-09-22T00:19:43.270707+00:00,1287177,081,2183,3,0,1790036419,,,SCHEDULED
2026-09-22T00:19:43.270707+00:00,1287177,081,2184,4,0,1790036453,,,SCHEDULED
2026-09-22T00:19:43.270707+00:00,1287177,081,2185,5,0,1790036517,,,SCHEDULED
2026-09-22T00:19:43.270707+00:00,1287177,081,2186,6,0,1790036741,,,SCHEDULED
2026-09-22T00:19:43.270707+00:00,1287177,081,2358,7,0,1790036930,,,SCHEDULED
2026-09-22T00:19:43.270707+00:00,1287177,081,2359,8,0,1790036989,,,SCHEDULED
2026-09-22T00:19:43.270707+00:00,1287177,081,2360,9,0,1790037095,,,SCHEDULED
2026-09-22T00:19:43.270707+00:00,1287177,081,2361,10,0,1790037132,,,SCHEDULED
2026-09-22T00:19:43.270707+00:00,1287177,081,2362,11,0,1790037161,,,SCHEDULED
2026-09-22T00:19:43.270707+00:00,1287177,081,2363,12,0,1790037214,,,SCHEDULED
2026-09-22T00:19:43.270707+00:00,1287177,081,2364,13,0,1790037310,,,SCHEDULED
2026-09-22T00:19:43.270707+00:00,1287177,081,2365,14,0,1790037412,,,SCHEDULED
2026-09-22T00:19:43.270707+00:00,1287177,081,2366,15,0,1790037485,,,SCHEDULED
2026-09-22T00:19:43.270707+00:00,1287177,081,2367,16,0,1790037589,,,SCHEDULED
2026-09-22T00:19:43.270707+00:00,1287177,081,5203,17,0,1790037689,,,SCHEDULED
2026-09-22T00:19:43.270707+00:00,1287177,081,2368,18,0,1790037878,,,SCHEDULED
2026-09-22T00:19:43.270707+00:00,1287177,081,2370,19,0,1790038070,,,SCHEDULED
2026-09-22T00:19:43.270707+00:00,1287177,081,2371,20,0,1790038121,,,SCHEDULED
2026-09-22T00:19:43.270707+00:00,1287699,086,585,43,0,1790036386,,,SCHEDULED
2026-09-22T00:19:43.270707+00:00,1287699,086,586,44,0,1790036426,,,SCHEDULED
2026-09-22T00:19:43.270707+00:00,1288269,142,525,1,,,0,1790037120,SCHEDULED
2026-09-22T00:19:43.270707+00:00,1288269,142,526,2,0,1790037150,,,SCHEDULED
2026-09-22T00:19:43.270707+00:00,1288269,142,527,3,0,1790037158,,,SCHEDULED
2026-09-22T00:19:43.270707+00:00,1288269,142,528,4,0,1790037166,,,SCHEDULED
2026-09-22T00:19:43.270707+00:00,1288269,142,5252,5,0,1790037197,,,SCHEDULED
2026-09-22T00:19:43.270707+00:00,1288269,142,531,6,0,1790037205,,,SCHEDULED
2026-09-22T00:19:43.270707+00:00,1285557,030,275,1,,,0,1790036801,SCHEDULED
2026-09-22T00:19:43.270707+00:00,1285557,030,1689,2,0,1790036940,,,SCHEDULED
2026-09-22T00:19:43.270707+00:00,1285557,030,1691,3,0,1790036982,,,SCHEDULED
2026-09-22T00:19:43.270707+00:00,1285557,030,1692,4,0,1790037004,,,SCHEDULED
2026-09-22T00:19:43.270707+00:00,1285557,030,1693,5,0,1790037024,,,SCHEDULED
2026-09-22T00:19:43.270707+00:00,1285557,030,1694,6,0,1790037048,,,SCHEDULED
2026-09-22T00:19:43.270707+00:00,1285557,030,1695,7,0,1790037091,,,SCHEDULED
2026-09-22T00:19:43.270707+00:00,1285557,030,1697,8,0,1790037130,,,SCHEDULED
2026-09-22T00:19:43.270707+00:00,1285557,030,1699,9,0,1790037185,,,SCHEDULED
2026-09-22T00:19:43.270707+00:00,1285557,030,1700,10,0,1790037248,,,SCHEDULED
2026-09-22T00:19:43.270707+00:00,1285557,030,1701,11,0,1790037289,,,SCHEDULED
2026-09-22T00:19:43.270707+00:00,1285557,030,1702,12,0,1790037321,,,SCHEDULED
2026-09-22T00:19:43.270707+00:00,1285557,030,1703,13,0,1790037347,,,SCHEDULED
2026-09-22T00:19:43.270707+00:00,1285557,030,1704,14,0,1790037390,,,SCHEDULED
2026-09-22T00:19:43.270707+00:00,1285557,030,1705,15,0,1790037482,,,SCHEDULED
2026-09-22T00:19:43.270707+00:00,1285557,030,1707,16,0,1790037573,,,SCHEDULED
2026-09-22T00:19:43.270707+00:00,1285557,030,1708,17,0,1790037660,,,SCHEDULED
2026-09-22T00:19:43.270707+00:00,1285557,030,1709,18,0,1790037696,,,SCHEDULED
2026-09-22T00:19:43.270707+00:00,1285557,030,1710,19,0,1790037746,,,SCHEDULED
2026-09-22T00:19:43.270707+00:00,1285557,030,1711,20,0,1790037792,,,SCHEDULED
2026-09-22T00:19:43.270707+00:00,1285557,030,519,21,0,1790037826,,,SCHEDULED
2026-09-22T00:19:43.270707+00:00,1285557,030,521,22,0,1790037886,,,SCHEDULED
2026-09-22T00:19:43.270707+00:00,1285557,030,522,23,0,1790037967,,,SCHEDULED
2026-09-22T00:19:43.270707+00:00,1285557,030,525,24,0,1790038066,,,SCHEDULED
2026-09-22T00:19:43.270707+00:00,1285557,030,526,25,0,1790038153,,,SCHEDULED
2026-09-22T00:19:43.270707+00:00,1287219,081,1613,2,0,1790036393,,,SCHEDULED
2026-09-22T00:19:43.270707+00:00,1287219,081,2311,3,0,1790036462,,,SCHEDULED
2026-09-22T00:19:43.270707+00:00,1287219,081,2312,4,0,1790036660,,,SCHEDULED
2026-09-22T00:19:43.270707+00:00,1287219,081,2313,5,0,1790036732,,,SCHEDULED
2026-09-22T00:19:43.270707+00:00,1287219,081,2314,6,0,1790036830,,,SCHEDULED
2026-09-22T00:19:43.270707+00:00,1287219,081,2315,7,0,1790036910,,,SCHEDULED
2026-09-22T00:19:43.270707+00:00,1287219,081,5203,8,0,1790036985,,,SCHEDULED
2026-09-22T00:19:43.270707+00:00,1287219,081,2317,9,0,1790037057,,,SCHEDULED
2026-09-22T00:19:43.270707+00:00,1287219,081,2318,10,0,1790037096,,,SCHEDULED
2026-09-22T00:19:43.270707+00:00,1287219,081,2319,11,0,1790037207,,,SCHEDULED
2026-09-22T00:19:43.270707+00:00,1287219,081,2320,12,0,1790037260,,,SCHEDULED
2026-09-22T00:19:43.270707+00:00,1287219,081,2321,13,0,1790037312,,,SCHEDULED
2026-09-22T00:19:43.270707+00:00,1287219,081,2322,14,0,1790037343,,,SCHEDULED
2026-09-22T00:19:43.270707+00:00,1287219,081,2323,15,0,1790037367,,,SCHEDULED
2026-09-22T00:19:43.270707+00:00,1287219,081,2324,16,0,1790037406,,,SCHEDULED
2026-09-22T00:19:43.270707+00:00,1287219,081,2325,17,0,1790037487,,,SCHEDULED
2026-09-22T00:19:43.270707+00:00,1287219,081,2326,18,0,1790037544,,,SCHEDULED
2026-09-22T00:19:43.270707+00:00,1287219,081,2328,19,0,1790037644,,,SCHEDULED
2026-09-22T00:19:43.270707+00:00,1287219,081,2329,20,0,1790037740,,,SCHEDULED
2026-09-22T00:19:43.270707+00:00,1287219,081,2330,21,0,1790037802,,,SCHEDULED
2026-09-22T00:19:43.270707+00:00,1287219,081,4811,22,0,1790037833,,,SCHEDULED
2026-09-22T00:19:43.270707+00:00,1287219,081,4810,23,0,1790038021,,,SCHEDULED
2026-09-22T00:19:43.270707+00:00,1284105,001,1801,1,,,0,1790037322,SCHEDULED
2026-09-22T00:19:43.270707+00:00,1284105,001,3073,2,0,1790037373,,,SCHEDULED
2026-09-22T00:19:43.270707+00:00,1284105,001,630,3,0,1790037597,,,SCHEDULED
2026-09-22T00:19:43.270707+00:00,1284105,001,631,4,0,1790037638,,,SCHEDULED
2026-09-22T00:19:43.270707+00:00,1284105,001,632,5,0,1790037681,,,SCHEDULED
2026-09-22T00:19:43.270707+00:00,1284105,001,634,6,0,1790037760,,,SCHEDULED
2026-09-22T00:19:43.270707+00:00,1284105,001,635,7,0,1790037862,,,SCHEDULED
2026-09-22T00:19:43.270707+00:00,1284105,001,636,8,0,1790037949,,,SCHEDULED
2026-09-22T00:19:43.270707+00:00,1284105,001,637,9,0,1790037985,,,SCHEDULED
2026-09-22T00:19:43.270707+00:00,1284105,001,638,10,0,1790038019,,,SCHEDULED
2026-09-22T00:19:43.270707+00:00,1284105,001,639,11,0,1790038060,,,SCHEDULED
2026-09-22T00:19:43.270707+00:00,1284105,001,640,12,0,1790038134,,,SCHEDULED
2026-09-22T00:19:43.270707+00:00,1284107,001,640,12,0,1790036431,,,SCHEDULED
2026-09-22T00:19:43.270707+00:00,1284107,001,641,13,0,1790036463,,,SCHEDULED
2026-09-22T00:19:43.270707+00:00,1284107,001,642,14,0,1790036609,,,SCHEDULED
2026-09-22T00:19:43.270707+00:00,1284107,001,643,15,0,1790036665,,,SCHEDULED
2026-09-22T00:19:43.270707+00:00,1284107,001,644,16,0,1790036710,,,SCHEDULED
2026-09-22T00:19:43.270707+00:00,1284107,001,645,17,0,1790036793,,,SCHEDULED
2026-09-22T00:19:43.270707+00:00,1284107,001,646,18,0,1790036848,,,SCHEDULED
2026-09-22T00:19:43.270707+00:00,1284107,001,647,19,0,1790036896,,,SCHEDULED
2026-09-22T00:19:43.270707+00:00,1284107,001,648,20,0,1790036962,,,SCHEDULED
2026-09-22T00:19:43.270707+00:00,1284107,001,649,21,0,1790037015,,,SCHEDULED
2026-09-22T00:19:43.270707+00:00,1284107,001,5351,22,0,1790037016,,,SCHEDULED
2026-09-22T00:19:43.270707+00:00,1284107,001,1308,23,0,1790037086,,,SCHEDULED
2026-09-22T00:19:43.270707+00:00,1284107,001,1309,24,0,1790037142,,,SCHEDULED
2026-09-22T00:19:43.270707+00:00,1284107,001,1310,25,0,1790037264,,,SCHEDULED
2026-09-22T00:19:43.270707+00:00,1284107,001,1311,26,0,1790037308,,,SCHEDULED
2026-09-22T00:19:43.270707+00:00,1284107,001,5363,27,0,1790037342,,,SCHEDULED
2026-09-22T00:19:43.270707+00:00,1284107,001,1313,28,0,1790037362,,,SCHEDULED
2026-09-22T00:19:43.270707+00:00,1284107,001,1314,29,0,1790037474,,,SCHEDULED
2026-09-22T00:19:43.270707+00:00,1284107,001,1315,30,0,1790037580,,,SCHEDULED
2026-09-22T00:19:43.270707+00:00,1284107,001,1316,31,0,1790037621,,,SCHEDULED
2026-09-22T00:19:43.270707+00:00,1284107,001,1317,32,0,1790037663,,,SCHEDULED
2026-09-22T00:19:43.270707+00:00,1284107,001,1318,33,0,1790037692,,,SCHEDULED
2026-09-22T00:19:43.270707+00:00,1284107,001,2807,34,0,1790037884,,,SCHEDULED
2026-09-22T00:19:43.270707+00:00,1284106,001,3073,2,0,1790036299,,,SCHEDULED
2026-09-22T00:19:43.270707+00:00,1284106,001,630,3,0,1790036484,,,SCHEDULED
2026-09-22T00:19:43.270707+00:00,1284106,001,631,4,0,1790036525,,,SCHEDULED
2026-09-22T00:19:43.270707+00:00,1284106,001,632,5,0,1790036568,,,SCHEDULED
2026-09-22T00:19:43.270707+00:00,1284106,001,634,6,0,1790036647,,,SCHEDULED
2026-09-22T00:19:43.270707+00:00,1284106,001,635,7,0,1790036749,,,SCHEDULED
2026-09-22T00:19:43.270707+00:00,1284106,001,636,8,0,1790036836,,,SCHEDULED
2026-09-22T00:19:43.270707+00:00,1284106,001,637,9,0,1790036872,,,SCHEDULED
2026-09-22T00:19:43.270707+00:00,1284106,001,638,10,0,1790036906,,,SCHEDULED
2026-09-22T00:19:43.270707+00:00,1284106,001,639,11,0,1790036947,,,SCHEDULED
2026-09-22T00:19:43.270707+00:00,1284106,001,640,12,0,1790037021,,,SCHEDULED
2026-09-22T00:19:43.270707+00:00,1284106,001,641,13,0,1790037048,,,SCHEDULED
2026-09-22T00:19:43.270707+00:00,1284106,001,642,14,0,1790037186,,,SCHEDULED
2026-09-22T00:19:43.270707+00:00,1284106,001,643,15,0,1790037238,,,SCHEDULED
2026-09-22T00:19:43.270707+00:00,1284106,001,644,16,0,1790037278,,,SCHEDULED
2026-09-22T00:19:43.270707+00:00,1284106,001,645,17,0,1790037356,,,SCHEDULED
2026-09-22T00:19:43.270707+00:00,1284106,001,646,18,0,1790037408,,,SCHEDULED
2026-09-22T00:19:43.270707+00:00,1284106,001,647,19,0,1790037450,,,SCHEDULED
2026-09-22T00:19:43.270707+00:00,1284106,001,648,20,0,1790037510,,,SCHEDULED
2026-09-22T00:19:43.270707+00:00,1284106,001,649,21,0,1790037544,,,SCHEDULED
2026-09-22T00:19:43.270707+00:00,1284106,001,5351,22,0,1790037556,,,SCHEDULED
2026-09-22T00:19:43.270707+00:00,1284106,001,1308,23,0,1790037621,,,SCHEDULED
2026-09-22T00:19:43.270707+00:00,1284106,001,1309,24,0,1790037668,,,SCHEDULED
2026-09-22T00:19:43.270707+00:00,1284106,001,1310,25,0,1790037778,,,SCHEDULED
2026-09-22T00:19:43.270707+00:00,1284106,001,1311,26,0,1790037813,,,SCHEDULED
2026-09-22T00:19:43.270707+00:00,1284106,001,5363,27,0,1790037833,,,SCHEDULED
2026-09-22T00:19:43.270707+00:00,1284106,001,1313,28,0,1790037847,,,SCHEDULED
2026-09-22T00:19:43.270707+00:00,1284106,001,1314,29,0,1790037952,,,SCHEDULED
2026-09-22T00:19:43.270707+00:00,1284106,001,1315,30,0,1790038043,,,SCHEDULED
2026-09-22T00:19:43.270707+00:00,1284106,001,1316,31,0,1790038079,,,SCHEDULED
2026-09-22T00:19:43.270707+00:00,1284106,001,1317,32,0,1790038115,,,SCHEDULED
2026-09-22T00:19:43.270707+00:00,1285558,030,5252,28,0,1790036365,,,SCHEDULED
2026-09-22T00:19:43.270707+00:00,1285558,030,281,29,0,1790036498,,,SCHEDULED
2026-09-22T00:19:43.270707+00:00,1284108,001,1314,29,0,1790036361,,,SCHEDULED
2026-09-22T00:19:43.270707+00:00,1284108,001,1315,30,0,1790036467,,,SCHEDULED
2026-09-22T00:19:43.270707+00:00,1284108,001,1316,31,0,1790036508,,,SCHEDULED
2026-09-22T00:19:43.270707+00:00,1284108,001,1317,32,0,1790036550,,,SCHEDULED
2026-09-22T00:19:43.270707+00:00,1284108,001,1318,33,0,1790036579,,,SCHEDULED
2026-09-22T00:19:43.270707+00:00,1284108,001,2807,34,0,1790036771,,,SCHEDULED
2026-09-22T00:19:43.270707+00:00,1286896,072,2885,5,0,1790036418,,,SCHEDULED
2026-09-22T00:19:43.270707+00:00,1286896,072,2886,6,0,1790036478,,,SCHEDULED
2026-09-22T00:19:43.270707+00:00,1286896,072,2887,7,0,1790036504,,,SCHEDULED
2026-09-22T00:19:43.270707+00:00,1286896,072,2888,8,0,1790036550,,,SCHEDULED
2026-09-22T00:19:43.270707+00:00,1286896,072,2889,9,0,1790036633,,,SCHEDULED
2026-09-22T00:19:43.270707+00:00,1286896,072,2891,10,0,1790036685,,,SCHEDULED
2026-09-22T00:19:43.270707+00:00,1286896,072,2892,11,0,1790036765,,,SCHEDULED
2026-09-22T00:19:43.270707+00:00,1286896,072,3860,12,0,1790036786,,,SCHEDULED
2026-09-22T00:19:43.270707+00:00,1286896,072,3787,13,0,1790036934,,,SCHEDULED
2026-09-22T00:19:43.270707+00:00,1286896,072,3788,14,0,1790036984,,,SCHEDULED
2026-09-22T00:19:43.270707+00:00,1286896,072,3789,15,0,1790037045,,,SCHEDULED
2026-09-22T00:19:43.270707+00:00,1286896,072,3790,16,0,1790037096,,,SCHEDULED
2026-09-22T00:19:43.270707+00:00,1286896,072,3791,17,0,1790037137,,,SCHEDULED
2026-09-22T00:19:43.270707+00:00,1286896,072,3785,18,0,1790037160,,,SCHEDULED
2026-09-22T00:19:43.270707+00:00,1286896,072,3792,19,0,1790037182,,,SCHEDULED
2026-09-22T00:19:43.270707+00:00,1286896,072,3793,20,0,1790037244,,,SCHEDULED
2026-09-22T00:19:43.270707+00:00,1286896,072,3794,21,0,1790037289,,,SCHEDULED
2026-09-22T00:19:43.270707+00:00,1286896,072,3795,22,0,1790037327,,,SCHEDULED
2026-09-22T00:19:43.270707+00:00,1286896,072,3796,23,0,1790037367,,,SCHEDULED
2026-09-22T00:19:43.270707+00:00,1286896,072,5250,24,0,1790037409,,,SCHEDULED
2026-09-22T00:19:43.270707+00:00,1286896,072,3798,25,0,1790037454,,,SCHEDULED
2026-09-22T00:19:43.270707+00:00,1286896,072,3799,26,0,1790037505,,,SCHEDULED
2026-09-22T00:19:43.270707+00:00,1286896,072,3800,27,0,1790037566,,,SCHEDULED
2026-09-22T00:19:43.270707+00:00,1286896,072,3801,28,0,1790037599,,,SCHEDULED
2026-09-22T00:19:43.270707+00:00,1286896,072,3802,29,0,1790037645,,,SCHEDULED
2026-09-22T00:19:43.270707+00:00,1286896,072,3852,30,0,1790037742,,,SCHEDULED
2026-09-22T00:19:43.270707+00:00,1286895,072,377,1,,,0,1790037793,SCHEDULED
2026-09-22T00:19:43.270707+00:00,1286895,072,2873,2,0,1790038006,,,SCHEDULED
2026-09-22T00:19:43.270707+00:00,1286895,072,2874,3,0,1790038030,,,SCHEDULED
2026-09-22T00:19:43.270707+00:00,1286895,072,2884,4,0,1790038051,,,SCHEDULED
2026-09-22T00:19:43.270707+00:00,1285326,025,241,1,,,0,1790038090,SCHEDULED
2026-09-22T00:19:43.270707+00:00,1285328,025,3615,30,0,1790036411,,,SCHEDULED
2026-09-22T00:19:43.270707+00:00,1285328,025,3616,31,0,1790036470,,,SCHEDULED
2026-09-22T00:19:43.270707+00:00,1285328,025,3617,32,0,1790036538,,,SCHEDULED
2026-09-22T00:19:43.270707+00:00,1285328,025,3618,33,0,1790036584,,,SCHEDULED
2026-09-22T00:19:43.270707+00:00,1285328,025,3619,34,0,1790036600,,,SCHEDULED
2026-09-22T00:19:43.270707+00:00,1285328,025,3620,35,0,1790036694,,,SCHEDULED
2026-09-22T00:19:43.270707+00:00,1285328,025,3621,36,0,1790036745,,,SCHEDULED
2026-09-22T00:19:43.270707+00:00,1285328,025,3622,37,0,1790036802,,,SCHEDULED
2026-09-22T00:19:43.270707+00:00,1285328,025,3623,38,0,1790036825,,,SCHEDULED
2026-09-22T00:19:43.270707+00:00,1285328,025,3624,39,0,1790036837,,,SCHEDULED
2026-09-22T00:19:43.270707+00:00,1285328,025,3625,40,0,1790036907,,,SCHEDULED
2026-09-22T00:19:43.270707+00:00,1285328,025,3626,41,0,1790036937,,,SCHEDULED
2026-09-22T00:19:43.270707+00:00,1285328,025,3627,42,0,1790036966,,,SCHEDULED
2026-09-22T00:19:43.270707+00:00,1285328,025,3628,43,0,1790036981,,,SCHEDULED
2026-09-22T00:19:43.270707+00:00,1285328,025,4603,44,0,1790037063,,,SCHEDULED
2026-09-22T00:19:43.270707+00:00,1285328,025,4604,45,0,1790037127,,,SCHEDULED
2026-09-22T00:19:43.270707+00:00,1285328,025,3371,46,0,1790037264,,,SCHEDULED
2026-09-22T00:19:43.270707+00:00,1285328,025,3372,47,0,1790037299,,,SCHEDULED
2026-09-22T00:19:43.270707+00:00,1285328,025,3373,48,0,1790037321,,,SCHEDULED
2026-09-22T00:19:43.270707+00:00,1285328,025,3374,49,0,1790037423,,,SCHEDULED
2026-09-22T00:19:43.270707+00:00,1285328,025,3375,50,0,1790037468,,,SCHEDULED
2026-09-22T00:19:43.270707+00:00,1285328,025,3376,51,0,1790037592,,,SCHEDULED
2026-09-22T00:19:43.270707+00:00,1285328,025,3377,52,0,1790037610,,,SCHEDULED
2026-09-22T00:19:43.270707+00:00,1285328,025,3378,53,0,1790037621,,,SCHEDULED
2026-09-22T00:19:43.270707+00:00,1285328,025,3379,54,0,1790037663,,,SCHEDULED
2026-09-22T00:19:43.270707+00:00,1285328,025,3380,55,0,1790037699,,,SCHEDULED
2026-09-22T00:19:43.270707+00:00,1285328,025,3381,56,0,1790037755,,,SCHEDULED
2026-09-22T00:19:43.270707+00:00,1285328,025,3382,57,0,1790037779,,,SCHEDULED
2026-09-22T00:19:43.270707+00:00,1285328,025,3383,58,0,1790037817,,,SCHEDULED
2026-09-22T00:19:43.270707+00:00,1285328,025,3389,59,0,1790037868,,,SCHEDULED
2026-09-22T00:19:43.270707+00:00,1288439,177,658,1,,,0,1790037658,SCHEDULED
2026-09-22T00:19:43.270707+00:00,1288439,177,832,2,0,1790037850,,,SCHEDULED
2026-09-22T00:19:43.270707+00:00,1288439,177,3845,3,0,1790037887,,,SCHEDULED
2026-09-22T00:19:43.270707+00:00,1288439,177,795,4,0,1790037997,,,SCHEDULED
2026-09-22T00:19:43.270707+00:00,1285327,025,1263,3,0,1790036554,,,SCHEDULED
2026-09-22T00:19:43.270707+00:00,1285327,025,1264,4,0,1790036619,,,SCHEDULED
2026-09-22T00:19:43.270707+00:00,1285327,025,1265,5,0,1790036663,,,SCHEDULED
2026-09-22T00:19:43.270707+00:00,1285327,025,1266,6,0,1790036706,,,SCHEDULED
2026-09-22T00:19:43.270707+00:00,1285327,025,1267,7,0,1790036809,,,SCHEDULED
2026-09-22T00:19:43.270707+00:00,1285327,025,1268,8,0,1790036905,,,SCHEDULED
2026-09-22T00:19:43.270707+00:00,1285327,025,1269,9,0,1790036959,,,SCHEDULED
2026-09-22T00:19:43.270707+00:00,1285327,025,1270,10,0,1790036972,,,SCHEDULED
2026-09-22T00:19:43.270707+00:00,1285327,025,1271,11,0,1790037117,,,SCHEDULED
2026-09-22T00:19:43.270707+00:00,1285327,025,1272,12,0,1790037250,,,SCHEDULED
2026-09-22T00:19:43.270707+00:00,1285327,025,1273,13,0,1790037259,,,SCHEDULED
2026-09-22T00:19:43.270707+00:00,1285327,025,1274,14,0,1790037295,,,SCHEDULED
2026-09-22T00:19:43.270707+00:00,1285327,025,1275,15,0,1790037397,,,SCHEDULED
2026-09-22T00:19:43.270707+00:00,1285327,025,1276,16,0,1790037440,,,SCHEDULED
2026-09-22T00:19:43.270707+00:00,1285327,025,1277,17,0,1790037472,,,SCHEDULED
2026-09-22T00:19:43.270707+00:00,1285327,025,1278,18,0,1790037506,,,SCHEDULED
2026-09-22T00:19:43.270707+00:00,1285327,025,1279,19,0,1790037573,,,SCHEDULED
2026-09-22T00:19:43.270707+00:00,1285327,025,1280,20,0,1790037672,,,SCHEDULED
2026-09-22T00:19:43.270707+00:00,1285327,025,1281,21,0,1790037723,,,SCHEDULED
2026-09-22T00:19:43.270707+00:00,1285327,025,1282,22,0,1790037763,,,SCHEDULED
2026-09-22T00:19:43.270707+00:00,1285327,025,1481,23,0,1790037882,,,SCHEDULED
2026-09-22T00:19:43.270707+00:00,1285327,025,1482,24,0,1790037913,,,SCHEDULED
2026-09-22T00:19:43.270707+00:00,1285327,025,1483,25,0,1790037954,,,SCHEDULED
2026-09-22T00:19:43.270707+00:00,1285327,025,1484,26,0,1790038040,,,SCHEDULED
2026-09-22T00:19:43.270707+00:00,1285327,025,1485,27,0,1790038104,,,SCHEDULED
2026-09-22T00:19:43.270707+00:00,1285327,025,1486,28,0,1790038137,,,SCHEDULED
2026-09-22T00:19:43.270707+00:00,1286492,062,413,1,,,0,1790037810,SCHEDULED
2026-09-22T00:19:43.270707+00:00,1286492,062,414,2,0,1790037829,,,SCHEDULED
2026-09-22T00:19:43.270707+00:00,1286492,062,415,3,0,1790037877,,,SCHEDULED
2026-09-22T00:19:43.270707+00:00,1286492,062,416,4,0,1790037925,,,SCHEDULED
2026-09-22T00:19:43.270707+00:00,1286492,062,418,5,0,1790037961,,,SCHEDULED
2026-09-22T00:19:43.270707+00:00,1286492,062,4763,6,0,1790038066,,,SCHEDULED
2026-09-22T00:19:43.270707+00:00,1286492,062,1716,7,0,1790038119,,,SCHEDULED
2026-09-22T00:19:43.270707+00:00,1287183,081,2180,1,,,0,1790037923,SCHEDULED
2026-09-22T00:19:43.270707+00:00,1287183,081,2181,2,0,1790037940,,,SCHEDULED
2026-09-22T00:19:43.270707+00:00,1287183,081,2183,3,0,1790037992,,,SCHEDULED
2026-09-22T00:19:43.270707+00:00,1287183,081,2184,4,0,1790038026,,,SCHEDULED
2026-09-22T00:19:43.270707+00:00,1287183,081,2185,5,0,1790038090,,,SCHEDULED
2026-09-22T00:19:43.270707+00:00,1288394,175,1661,1,,,0,1790037682,SCHEDULED
2026-09-22T00:19:43.270707+00:00,1288394,175,1667,2,0,1790037827,,,SCHEDULED
2026-09-22T00:19:43.270707+00:00,1287184,081,2180,1,,,0,1790037023,SCHEDULED
2026-09-22T00:19:43.270707+00:00,1287184,081,2181,2,0,1790037035,,,SCHEDULED
2026-09-22T00:19:43.270707+00:00,1287184,081,2183,3,0,1790037080,,,SCHEDULED
2026-09-22T00:19:43.270707+00:00,1287184,081,2184,4,0,1790037107,,,SCHEDULED
2026-09-22T00:19:43.270707+00:00,1287184,081,2185,5,0,1790037158,,,SCHEDULED
2026-09-22T00:19:43.270707+00:00,1287184,081,2186,6,0,1790037371,,,SCHEDULED
2026-09-22T00:19:43.270707+00:00,1287184,081,2358,7,0,1790037543,,,SCHEDULED
2026-09-22T00:19:43.270707+00:00,1287184,081,2359,8,0,1790037590,,,SCHEDULED
2026-09-22T00:19:43.270707+00:00,1287184,081,2360,9,0,1790037685,,,SCHEDULED
2026-09-22T00:19:43.270707+00:00,1287184,081,2361,10,0,1790037710,,,SCHEDULED
2026-09-22T00:19:43.270707+00:00,1287184,081,2362,11,0,1790037729,,,SCHEDULED
2026-09-22T00:19:43.270707+00:00,1287184,081,2363,12,0,1790037768,,,SCHEDULED
2026-09-22T00:19:43.270707+00:00,1287184,081,2364,13,0,1790037847,,,SCHEDULED
2026-09-22T00:19:43.270707+00:00,1287184,081,2365,14,0,1790037942,,,SCHEDULED
2026-09-22T00:19:43.270707+00:00,1287184,081,2366,15,0,1790038008,,,SCHEDULED
2026-09-22T00:19:43.270707+00:00,1287184,081,2367,16,0,1790038101,,,SCHEDULED
2026-09-22T00:19:43.270707+00:00,1285054,021,2812,39,0,1790036419,,,SCHEDULED
2026-09-22T00:19:43.270707+00:00,1285054,021,2813,40,0,1790036514,,,SCHEDULED
2026-09-22T00:19:43.270707+00:00,1285054,021,2814,41,0,1790036561,,,SCHEDULED
2026-09-22T00:19:43.270707+00:00,1285054,021,3385,42,0,1790036623,,,SCHEDULED
2026-09-22T00:19:43.270707+00:00,1285054,021,3386,43,0,1790036705,,,SCHEDULED
2026-09-22T00:19:43.270707+00:00,1285054,021,3387,44,0,1790036757,,,SCHEDULED
2026-09-22T00:19:43.270707+00:00,1285054,021,3388,45,0,1790036802,,,SCHEDULED
2026-09-22T00:19:43.270707+00:00,1285054,021,3389,46,0,1790036902,,,SCHEDULED
2026-09-22T00:19:43.270707+00:00,1285296,025,1360,38,0,1790036392,,,SCHEDULED
2026-09-22T00:19:43.270707+00:00,1285296,025,1361,39,0,1790036434,,,SCHEDULED
2026-09-22T00:19:43.270707+00:00,1285296,025,1236,40,0,1790036528,,,SCHEDULED
2026-09-22T00:19:43.270707+00:00,1285296,025,1237,41,0,1790036553,,,SCHEDULED
2026-09-22T00:19:43.270707+00:00,1285296,025,1238,42,0,1790036581,,,SCHEDULED
2026-09-22T00:19:43.270707+00:00,1285296,025,1239,43,0,1790036656,,,SCHEDULED
2026-09-22T00:19:43.270707+00:00,1285296,025,1240,44,0,1790036730,,,SCHEDULED
2026-09-22T00:19:43.270707+00:00,1285296,025,1241,45,0,1790036773,,,SCHEDULED
2026-09-22T00:19:43.270707+00:00,1285296,025,1242,46,0,1790036824,,,SCHEDULED
2026-09-22T00:19:43.270707+00:00,1285296,025,1243,47,0,1790036878,,,SCHEDULED
2026-09-22T00:19:43.270707+00:00,1285296,025,1244,48,0,1790036934,,,SCHEDULED
2026-09-22T00:19:43.270707+00:00,1285296,025,1245,49,0,1790036965,,,SCHEDULED
2026-09-22T00:19:43.270707+00:00,1285296,025,1246,50,0,1790036998,,,SCHEDULED
2026-09-22T00:19:43.270707+00:00,1285296,025,1247,51,0,1790037108,,,SCHEDULED
2026-09-22T00:19:43.270707+00:00,1285296,025,1248,52,0,1790037202,,,SCHEDULED
2026-09-22T00:19:43.270707+00:00,1285296,025,1249,53,0,1790037262,,,SCHEDULED
2026-09-22T00:19:43.270707+00:00,1285296,025,1250,54,0,1790037307,,,SCHEDULED
2026-09-22T00:19:43.270707+00:00,1285296,025,1251,55,0,1790037369,,,SCHEDULED
2026-09-22T00:19:43.270707+00:00,1285296,025,1252,56,0,1790037426,,,SCHEDULED
2026-09-22T00:19:43.270707+00:00,1285296,025,1253,57,0,1790037482,,,SCHEDULED
2026-09-22T00:19:43.270707+00:00,1285296,025,1254,58,0,1790037553,,,SCHEDULED
2026-09-22T00:19:43.270707+00:00,1285296,025,1262,59,0,1790037843,,,SCHEDULED
2026-09-22T00:19:43.270707+00:00,1287234,081,290,1,,,0,1790038155,SCHEDULED
2026-09-22T00:19:43.270707+00:00,1285295,025,3343,14,0,1790036362,,,SCHEDULED
2026-09-22T00:19:43.270707+00:00,1285295,025,4660,15,0,1790036462,,,SCHEDULED
2026-09-22T00:19:43.270707+00:00,1285295,025,5265,16,0,1790036504,,,SCHEDULED
2026-09-22T00:19:43.270707+00:00,1285295,025,4661,17,0,1790036584,,,SCHEDULED
2026-09-22T00:19:43.270707+00:00,1285295,025,4662,18,0,1790036657,,,SCHEDULED
2026-09-22T00:19:43.270707+00:00,1285295,025,3589,19,0,1790036712,,,SCHEDULED
2026-09-22T00:19:43.270707+00:00,1285295,025,3590,20,0,1790036737,,,SCHEDULED
2026-09-22T00:19:43.270707+00:00,1285295,025,3591,21,0,1790036790,,,SCHEDULED
2026-09-22T00:19:43.270707+00:00,1285295,025,3592,22,0,1790036819,,,SCHEDULED
2026-09-22T00:19:43.270707+00:00,1285295,025,3593,23,0,1790036864,,,SCHEDULED
2026-09-22T00:19:43.270707+00:00,1285295,025,3594,24,0,1790036895,,,SCHEDULED
2026-09-22T00:19:43.270707+00:00,1285295,025,3595,25,0,1790036934,,,SCHEDULED
2026-09-22T00:19:43.270707+00:00,1285295,025,3596,26,0,1790036967,,,SCHEDULED
2026-09-22T00:19:43.270707+00:00,1285295,025,3597,27,0,1790037090,,,SCHEDULED
2026-09-22T00:19:43.270707+00:00,1285295,025,3598,28,0,1790037176,,,SCHEDULED
2026-09-22T00:19:43.270707+00:00,1285295,025,3599,29,0,1790037208,,,SCHEDULED
2026-09-22T00:19:43.270707+00:00,1285295,025,3600,30,0,1790037256,,,SCHEDULED
2026-09-22T00:19:43.270707+00:00,1285295,025,3601,31,0,1790037305,,,SCHEDULED
2026-09-22T00:19:43.270707+00:00,1285295,025,3602,32,0,1790037562,,,SCHEDULED
2026-09-22T00:19:43.270707+00:00,1285295,025,3603,33,0,1790037621,,,SCHEDULED
2026-09-22T00:19:43.270707+00:00,1285295,025,1356,34,0,1790037692,,,SCHEDULED
2026-09-22T00:19:43.270707+00:00,1285295,025,1357,35,0,1790037782,,,SCHEDULED
2026-09-22T00:19:43.270707+00:00,1285295,025,1358,36,0,1790037832,,,SCHEDULED
2026-09-22T00:19:43.270707+00:00,1285295,025,1359,37,0,1790037872,,,SCHEDULED
2026-09-22T00:19:43.270707+00:00,1285295,025,1360,38,0,1790037941,,,SCHEDULED
2026-09-22T00:19:43.270707+00:00,1285295,025,1361,39,0,1790037983,,,SCHEDULED
2026-09-22T00:19:43.270707+00:00,1285295,025,1236,40,0,1790038077,,,SCHEDULED
2026-09-22T00:19:43.270707+00:00,1285295,025,1237,41,0,1790038102,,,SCHEDULED
2026-09-22T00:19:43.270707+00:00,1285295,025,1238,42,0,1790038127,,,SCHEDULED
2026-09-22T00:19:43.270707+00:00,1285177,023,9807,1,,,0,1790036743,SCHEDULED
2026-09-22T00:19:43.270707+00:00,1285177,023,1096,2,0,1790036900,,,SCHEDULED
2026-09-22T00:19:43.270707+00:00,1285177,023,1098,3,0,1790037041,,,SCHEDULED
2026-09-22T00:19:43.270707+00:00,1285177,023,1099,4,0,1790037302,,,SCHEDULED
2026-09-22T00:19:43.270707+00:00,1285177,023,1090,5,0,1790037528,,,SCHEDULED
2026-09-22T00:19:43.270707+00:00,1285177,023,1091,6,0,1790037615,,,SCHEDULED
2026-09-22T00:19:43.270707+00:00,1285177,023,1092,7,0,1790037669,,,SCHEDULED
2026-09-22T00:19:43.270707+00:00,1285177,023,1093,8,0,1790037705,,,SCHEDULED
2026-09-22T00:19:43.270707+00:00,1285177,023,1094,9,0,1790037758,,,SCHEDULED
2026-09-22T00:19:43.270707+00:00,1285177,023,1455,10,0,1790037842,,,SCHEDULED
2026-09-22T00:19:43.270707+00:00,1285177,023,1456,11,0,1790037914,,,SCHEDULED
2026-09-22T00:19:43.270707+00:00,1285177,023,1457,12,0,1790037979,,,SCHEDULED
2026-09-22T00:19:43.270707+00:00,1285177,023,1458,13,0,1790038052,,,SCHEDULED
2026-09-22T00:19:43.270707+00:00,1285177,023,1460,14,0,1790038133,,,SCHEDULED
2026-09-22T00:19:43.270707+00:00,1288288,142,113,9,0,1790036390,,,SCHEDULED
2026-09-22T00:19:43.270707+00:00,1285452,026,1562,21,0,1790036359,,,SCHEDULED
2026-09-22T00:19:43.270707+00:00,1285452,026,1564,22,0,1790036413,,,SCHEDULED
2026-09-22T00:19:43.270707+00:00,1285452,026,1565,23,0,1790036435,,,SCHEDULED
2026-09-22T00:19:43.270707+00:00,1285452,026,1566,24,0,1790036652,,,SCHEDULED
2026-09-22T00:19:43.270707+00:00,1285452,026,1596,25,0,1790036704,,,SCHEDULED
2026-09-22T00:19:43.270707+00:00,1285452,026,1597,26,0,1790036754,,,SCHEDULED
2026-09-22T00:19:43.270707+00:00,1285452,026,1598,27,0,1790036843,,,SCHEDULED
2026-09-22T00:19:43.270707+00:00,1285452,026,3097,28,0,1790036930,,,SCHEDULED
2026-09-22T00:19:43.270707+00:00,1285452,026,3098,29,0,1790037058,,,SCHEDULED
2026-09-22T00:19:43.270707+00:00,1285452,026,9800,30,0,1790037133,,,SCHEDULED
2026-09-22T00:19:43.270707+00:00,1285452,026,3099,31,0,1790037271,,,SCHEDULED
2026-09-22T00:19:43.270707+00:00,1285452,026,3100,32,0,1790037326,,,SCHEDULED
2026-09-22T00:19:43.270707+00:00,1285452,026,3101,33,0,1790037343,,,SCHEDULED
2026-09-22T00:19:43.270707+00:00,1285452,026,3102,34,0,1790037357,,,SCHEDULED
2026-09-22T00:19:43.270707+00:00,1285452,026,5366,35,0,1790037859,,,SCHEDULED
2026-09-22T00:19:43.270707+00:00,1285452,026,1283,36,0,1790037893,,,SCHEDULED
2026-09-22T00:19:43.270707+00:00,1285452,026,650,37,0,1790038039,,,SCHEDULED
2026-09-22T00:19:43.270707+00:00,1285452,026,3107,38,0,1790038107,,,SCHEDULED
2026-09-22T00:19:43.270707+00:00,1285056,021,319,1,,,0,1790036995,SCHEDULED
2026-09-22T00:19:43.270707+00:00,1285056,021,2770,2,0,1790037346,,,SCHEDULED
2026-09-22T00:19:43.270707+00:00,1285056,021,2771,3,0,1790037429,,,SCHEDULED
2026-09-22T00:19:43.270707+00:00,1285056,021,2772,4,0,1790037502,,,SCHEDULED
2026-09-22T00:19:43.270707+00:00,1285056,021,2773,5,0,1790037535,,,SCHEDULED
2026-09-22T00:19:43.270707+00:00,1285056,021,2774,6,0,1790037587,,,SCHEDULED
2026-09-22T00:19:43.270707+00:00,1285056,021,2775,7,0,1790037614,,,SCHEDULED
2026-09-22T00:19:43.270707+00:00,1285056,021,2776,8,0,1790037661,,,SCHEDULED
2026-09-22T00:19:43.270707+00:00,1285056,021,2777,9,0,1790037724,,,SCHEDULED
2026-09-22T00:19:43.270707+00:00,1285056,021,2778,10,0,1790037848,,,SCHEDULED
2026-09-22T00:19:43.270707+00:00,1285056,021,2779,11,0,1790037882,,,SCHEDULED
2026-09-22T00:19:43.270707+00:00,1285056,021,2780,12,0,1790037925,,,SCHEDULED
2026-09-22T00:19:43.270707+00:00,1285056,021,2781,13,0,1790037933,,,SCHEDULED
2026-09-22T00:19:43.270707+00:00,1285056,021,2782,14,0,1790037945,,,SCHEDULED
2026-09-22T00:19:43.270707+00:00,1285056,021,2783,15,0,1790037957,,,SCHEDULED
2026-09-22T00:19:43.270707+00:00,1285056,021,2784,16,0,1790037999,,,SCHEDULED
2026-09-22T00:19:43.270707+00:00,1285056,021,3027,17,0,1790038096,,,SCHEDULED
2026-09-22T00:19:43.270707+00:00,1284363,011,8914,7,0,1790036368,,,SCHEDULED
2026-09-22T00:19:43.270707+00:00,1284363,011,8915,8,0,1790036445,,,SCHEDULED
2026-09-22T00:19:43.270707+00:00,1284363,011,5329,9,0,1790036503,,,SCHEDULED
2026-09-22T00:19:43.270707+00:00,1284363,011,8917,10,0,1790036534,,,SCHEDULED
2026-09-22T00:19:43.270707+00:00,1284363,011,8918,11,0,1790036569,,,SCHEDULED
2026-09-22T00:19:43.270707+00:00,1284363,011,8919,12,0,1790036648,,,SCHEDULED
2026-09-22T00:19:43.270707+00:00,1284363,011,8920,13,0,1790036730,,,SCHEDULED
2026-09-22T00:19:43.270707+00:00,1284363,011,532,14,0,1790037129,,,SCHEDULED
2026-09-22T00:19:43.270707+00:00,1284363,011,5247,15,0,1790037230,,,SCHEDULED
2026-09-22T00:19:43.270707+00:00,1284363,011,533,16,0,1790037292,,,SCHEDULED
2026-09-22T00:19:43.270707+00:00,1284363,011,534,17,0,1790037318,,,SCHEDULED
2026-09-22T00:19:43.270707+00:00,1284363,011,221,18,0,1790037478,,,SCHEDULED
2026-09-22T00:19:43.270707+00:00,1284363,011,222,19,0,1790037489,,,SCHEDULED
2026-09-22T00:19:43.270707+00:00,1284363,011,223,20,0,1790037607,,,SCHEDULED
2026-09-22T00:19:43.270707+00:00,1284363,011,225,21,0,1790037622,,,SCHEDULED
2026-09-22T00:19:43.270707+00:00,1284363,011,226,22,0,1790037701,,,SCHEDULED
2026-09-22T00:19:43.270707+00:00,1284363,011,455,23,0,1790037726,,,SCHEDULED
2026-09-22T00:19:43.270707+00:00,1284363,011,456,24,0,1790037773,,,SCHEDULED
2026-09-22T00:19:43.270707+00:00,1284363,011,3197,25,0,1790037848,,,SCHEDULED
2026-09-22T00:19:43.270707+00:00,1284363,011,3198,26,0,1790037907,,,SCHEDULED
2026-09-22T00:19:43.270707+00:00,1284363,011,3199,27,0,1790037931,,,SCHEDULED
2026-09-22T00:19:43.270707+00:00,1284363,011,1345,28,0,1790038013,,,SCHEDULED
2026-09-22T00:19:43.270707+00:00,1284363,011,128,29,0,1790038116,,,SCHEDULED
2026-09-22T00:19:43.270707+00:00,1285055,021,2802,26,0,1790036056,,,SCHEDULED
2026-09-22T00:19:43.270707+00:00,1285055,021,2803,27,0,1790036099,,,SCHEDULED
2026-09-22T00:19:43.270707+00:00,1285055,021,2804,28,0,1790036121,,,SCHEDULED
2026-09-22T00:19:43.270707+00:00,1285055,021,2805,29,0,1790036137,,,SCHEDULED
2026-09-22T00:19:43.270707+00:00,1285055,021,2806,30,0,1790036153,,,SCHEDULED
2026-09-22T00:19:43.270707+00:00,1285055,021,1184,32,0,1790036329,,,SCHEDULED
2026-09-22T00:19:43.270707+00:00,1285055,021,3301,33,0,1790036392,,,SCHEDULED
2026-09-22T00:19:43.270707+00:00,1285055,021,2807,34,0,1790036463,,,SCHEDULED
2026-09-22T00:19:43.270707+00:00,1285055,021,2808,35,0,1790036638,,,SCHEDULED
2026-09-22T00:19:43.270707+00:00,1285055,021,2809,36,0,1790036725,,,SCHEDULED
2026-09-22T00:19:43.270707+00:00,1285055,021,2810,37,0,1790036822,,,SCHEDULED
2026-09-22T00:19:43.270707+00:00,1285055,021,2811,38,0,1790036874,,,SCHEDULED
2026-09-22T00:19:43.270707+00:00,1285055,021,2812,39,0,1790036978,,,SCHEDULED
2026-09-22T00:19:43.270707+00:00,1285055,021,2813,40,0,1790037073,,,SCHEDULED
2026-09-22T00:19:43.270707+00:00,1285055,021,2814,41,0,1790037120,,,SCHEDULED
2026-09-22T00:19:43.270707+00:00,1285055,021,3385,42,0,1790037182,,,SCHEDULED
2026-09-22T00:19:43.270707+00:00,1285055,021,3386,43,0,1790037264,,,SCHEDULED
2026-09-22T00:19:43.270707+00:00,1285055,021,3387,44,0,1790037316,,,SCHEDULED
2026-09-22T00:19:43.270707+00:00,1285055,021,3388,45,0,1790037361,,,SCHEDULED
2026-09-22T00:19:43.270707+00:00,1285055,021,3389,46,0,1790037461,,,SCHEDULED
2026-09-22T00:19:43.270707+00:00,1285451,026,316,1,,,0,1790036362,SCHEDULED
2026-09-22T00:19:43.270707+00:00,1285451,026,8959,2,0,1790036513,,,SCHEDULED
2026-09-22T00:19:43.270707+00:00,1285451,026,2989,3,0,1790036699,,,SCHEDULED
2026-09-22T00:19:43.270707+00:00,1285451,026,1545,4,0,1790036936,,,SCHEDULED
2026-09-22T00:19:43.270707+00:00,1285451,026,1546,5,0,1790037024,,,SCHEDULED
2026-09-22T00:19:43.270707+00:00,1285451,026,1547,6,0,1790037117,,,SCHEDULED
2026-09-22T00:19:43.270707+00:00,1285451,026,1548,7,0,1790037118,,,SCHEDULED
2026-09-22T00:19:43.270707+00:00,1285451,026,1549,8,0,1790037237,,,SCHEDULED
2026-09-22T00:19:43.270707+00:00,1285451,026,1550,9,0,1790037442,,,SCHEDULED
2026-09-22T00:19:43.270707+00:00,1285451,026,1551,10,0,1790037519,,,SCHEDULED
2026-09-22T00:19:43.270707+00:00,1285451,026,1552,11,0,1790037562,,,SCHEDULED
2026-09-22T00:19:43.270707+00:00,1285451,026,1553,12,0,1790037652,,,SCHEDULED
2026-09-22T00:19:43.270707+00:00,1285451,026,1554,13,0,1790037717,,,SCHEDULED
2026-09-22T00:19:43.270707+00:00,1285451,026,1555,14,0,1790037809,,,SCHEDULED
2026-09-22T00:19:43.270707+00:00,1285451,026,1556,15,0,1790037915,,,SCHEDULED
2026-09-22T00:19:43.270707+00:00,1285451,026,1557,16,0,1790038003,,,SCHEDULED
2026-09-22T00:19:43.270707+00:00,1285451,026,1558,17,0,1790038044,,,SCHEDULED
2026-09-22T00:19:43.270707+00:00,1284362,011,5345,1,,,0,1790037624,SCHEDULED
2026-09-22T00:19:43.270707+00:00,1284362,011,8909,2,0,1790037661,,,SCHEDULED
2026-09-22T00:19:43.270707+00:00,1284362,011,8911,3,0,1790037714,,,SCHEDULED
2026-09-22T00:19:43.270707+00:00,1284362,011,8910,4,0,1790037841,,,SCHEDULED
2026-09-22T00:19:43.270707+00:00,1284362,011,8912,5,0,1790037974,,,SCHEDULED
2026-09-22T00:19:43.270707+00:00,1284362,011,8913,6,0,1790038024,,,SCHEDULED
2026-09-22T00:19:43.270707+00:00,1285179,023,5364,48,0,1790036363,,,SCHEDULED
2026-09-22T00:19:43.270707+00:00,1285179,023,1497,49,0,1790036413,,,SCHEDULED
2026-09-22T00:19:43.270707+00:00,1285179,023,1499,50,0,1790036511,,,SCHEDULED
2026-09-22T00:19:43.270707+00:00,1285179,023,1500,51,0,1790036554,,,SCHEDULED
2026-09-22T00:19:43.270707+00:00,1285179,023,1501,52,0,1790036577,,,SCHEDULED
2026-09-22T00:19:43.270707+00:00,1285179,023,1502,53,0,1790036656,,,SCHEDULED
2026-09-22T00:19:43.270707+00:00,1285179,023,1503,54,0,1790036701,,,SCHEDULED
2026-09-22T00:19:43.270707+00:00,1285179,023,1504,55,0,1790036727,,,SCHEDULED
2026-09-22T00:19:43.270707+00:00,1285179,023,1505,56,0,1790036752,,,SCHEDULED
2026-09-22T00:19:43.270707+00:00,1285179,023,1314,57,0,1790036832,,,SCHEDULED
2026-09-22T00:19:43.270707+00:00,1285179,023,1315,58,0,1790036914,,,SCHEDULED
2026-09-22T00:19:43.270707+00:00,1285179,023,1316,59,0,1790036945,,,SCHEDULED
2026-09-22T00:19:43.270707+00:00,1285179,023,1317,60,0,1790036964,,,SCHEDULED
2026-09-22T00:19:43.270707+00:00,1285179,023,1318,61,0,1790037003,,,SCHEDULED
2026-09-22T00:19:43.270707+00:00,1285179,023,2807,62,0,1790037051,,,SCHEDULED
2026-09-22T00:19:43.270707+00:00,1285178,023,1463,17,0,1790036333,,,SCHEDULED
2026-09-22T00:19:43.270707+00:00,1285178,023,1464,18,0,1790036449,,,SCHEDULED
2026-09-22T00:19:43.270707+00:00,1285178,023,1465,19,0,1790036509,,,SCHEDULED
2026-09-22T00:19:43.270707+00:00,1285178,023,1466,20,0,1790036555,,,SCHEDULED
2026-09-22T00:19:43.270707+00:00,1285178,023,1467,21,0,1790036576,,,SCHEDULED
2026-09-22T00:19:43.270707+00:00,1285178,023,1468,22,0,1790036609,,,SCHEDULED
2026-09-22T00:19:43.270707+00:00,1285178,023,1469,23,0,1790036649,,,SCHEDULED
2026-09-22T00:19:43.270707+00:00,1285178,023,1470,24,0,1790036722,,,SCHEDULED
2026-09-22T00:19:43.270707+00:00,1285178,023,1471,25,0,1790036766,,,SCHEDULED
2026-09-22T00:19:43.270707+00:00,1285178,023,1473,26,0,1790036814,,,SCHEDULED
2026-09-22T00:19:43.270707+00:00,1285178,023,1474,27,0,1790036838,,,SCHEDULED
2026-09-22T00:19:43.270707+00:00,1285178,023,1475,28,0,1790036882,,,SCHEDULED
2026-09-22T00:19:43.270707+00:00,1285178,023,1476,29,0,1790036929,,,SCHEDULED
2026-09-22T00:19:43.270707+00:00,1285178,023,1477,30,0,1790036981,,,SCHEDULED
2026-09-22T00:19:43.270707+00:00,1285178,023,1478,31,0,1790037040,,,SCHEDULED
2026-09-22T00:19:43.270707+00:00,1285178,023,1181,32,0,1790037057,,,SCHEDULED
2026-09-22T00:19:43.270707+00:00,1285178,023,1182,33,0,1790037076,,,SCHEDULED
2026-09-22T00:19:43.270707+00:00,1285178,023,1481,34,0,1790037144,,,SCHEDULED
2026-09-22T00:19:43.270707+00:00,1285178,023,1482,35,0,1790037182,,,SCHEDULED
2026-09-22T00:19:43.270707+00:00,1285178,023,1483,36,0,1790037226,,,SCHEDULED
2026-09-22T00:19:43.270707+00:00,1285178,023,1484,37,0,1790037278,,,SCHEDULED
2026-09-22T00:19:43.270707+00:00,1285178,023,1485,38,0,1790037343,,,SCHEDULED
2026-09-22T00:19:43.270707+00:00,1285178,023,1486,39,0,1790037382,,,SCHEDULED
2026-09-22T00:19:43.270707+00:00,1285178,023,1488,40,0,1790037474,,,SCHEDULED
2026-09-22T00:19:43.270707+00:00,1285178,023,1489,41,0,1790037524,,,SCHEDULED
2026-09-22T00:19:43.270707+00:00,1285178,023,1490,42,0,1790037568,,,SCHEDULED
2026-09-22T00:19:43.270707+00:00,1285178,023,453,43,0,1790037583,,,SCHEDULED
2026-09-22T00:19:43.270707+00:00,1285178,023,1492,44,0,1790037613,,,SCHEDULED
2026-09-22T00:19:43.270707+00:00,1285178,023,1493,45,0,1790037671,,,SCHEDULED
2026-09-22T00:19:43.270707+00:00,1285178,023,1494,46,0,1790037719,,,SCHEDULED
2026-09-22T00:19:43.270707+00:00,1285178,023,1495,47,0,1790037958,,,SCHEDULED
2026-09-22T00:19:43.270707+00:00,1285178,023,5364,48,0,1790037978,,,SCHEDULED
2026-09-22T00:19:43.270707+00:00,1285178,023,1497,49,0,1790038028,,,SCHEDULED
2026-09-22T00:19:43.270707+00:00,1285178,023,1499,50,0,1790038126,,,SCHEDULED
2026-09-22T00:19:43.270707+00:00,1285453,026,3115,44,0,1790036415,,,SCHEDULED
2026-09-22T00:19:43.270707+00:00,1285453,026,3116,45,0,1790036470,,,SCHEDULED
2026-09-22T00:19:43.270707+00:00,1285453,026,3117,46,0,1790036498,,,SCHEDULED
2026-09-22T00:19:43.270707+00:00,1285453,026,3118,47,0,1790036547,,,SCHEDULED
2026-09-22T00:19:43.270707+00:00,1285453,026,3119,48,0,1790036596,,,SCHEDULED
2026-09-22T00:19:43.270707+00:00,1285453,026,3121,49,0,1790036688,,,SCHEDULED
2026-09-22T00:19:43.270707+00:00,1285453,026,3122,50,0,1790036722,,,SCHEDULED
2026-09-22T00:19:43.270707+00:00,1285453,026,3123,51,0,1790036770,,,SCHEDULED
2026-09-22T00:19:43.270707+00:00,1285453,026,3124,52,0,1790036831,,,SCHEDULED
2026-09-22T00:19:43.270707+00:00,1284364,011,987,39,0,1790036477,,,SCHEDULED
2026-09-22T00:19:43.270707+00:00,1284364,011,8315,40,0,1790036629,,,SCHEDULED
2026-09-22T00:19:43.270707+00:00,1284364,011,2234,41,0,1790036744,,,SCHEDULED
2026-09-22T00:19:43.270707+00:00,1284364,011,2502,42,0,1790036833,,,SCHEDULED
2026-09-22T00:19:43.270707+00:00,1284364,011,2503,43,0,1790036883,,,SCHEDULED
2026-09-22T00:19:43.270707+00:00,1287235,081,1602,3,0,1790036492,,,SCHEDULED
2026-09-22T00:19:43.270707+00:00,1287235,081,1603,4,0,1790036511,,,SCHEDULED
2026-09-22T00:19:43.270707+00:00,1287235,081,1604,5,0,1790036563,,,SCHEDULED
2026-09-22T00:19:43.270707+00:00,1287235,081,1605,6,0,1790036616,,,SCHEDULED
2026-09-22T00:19:43.270707+00:00,1287235,081,1606,7,0,1790036656,,,SCHEDULED
2026-09-22T00:19:43.270707+00:00,1287235,081,1607,8,0,1790036799,,,SCHEDULED
2026-09-22T00:19:43.270707+00:00,1287235,081,1608,9,0,1790036922,,,SCHEDULED
2026-09-22T00:19:43.270707+00:00,1287235,081,1609,10,0,1790036940,,,SCHEDULED
2026-09-22T00:19:43.270707+00:00,1287235,081,1610,11,0,1790037030,,,SCHEDULED
2026-09-22T00:19:43.270707+00:00,1287235,081,1611,12,0,1790037108,,,SCHEDULED
2026-09-22T00:19:43.270707+00:00,1287235,081,1612,13,0,1790037342,,,SCHEDULED
2026-09-22T00:19:43.270707+00:00,1287235,081,1613,14,0,1790037442,,,SCHEDULED
2026-09-22T00:19:43.270707+00:00,1287235,081,2311,15,0,1790037511,,,SCHEDULED
2026-09-22T00:19:43.270707+00:00,1287235,081,2312,16,0,1790037709,,,SCHEDULED
2026-09-22T00:19:43.270707+00:00,1287235,081,2313,17,0,1790037781,,,SCHEDULED
2026-09-22T00:19:43.270707+00:00,1287235,081,2314,18,0,1790037879,,,SCHEDULED
2026-09-22T00:19:43.270707+00:00,1287235,081,2315,19,0,1790037959,,,SCHEDULED
2026-09-22T00:19:43.270707+00:00,1287235,081,5203,20,0,1790038034,,,SCHEDULED
2026-09-22T00:19:43.270707+00:00,1287235,081,2317,21,0,1790038116,,,SCHEDULED
2026-09-22T00:19:43.270707+00:00,1287236,081,2312,16,0,1790036374,,,SCHEDULED
2026-09-22T00:19:43.270707+00:00,1287236,081,2313,17,0,1790036446,,,SCHEDULED
2026-09-22T00:19:43.270707+00:00,1287236,081,2314,18,0,1790036544,,,SCHEDULED
2026-09-22T00:19:43.270707+00:00,1287236,081,2315,19,0,1790036624,,,SCHEDULED
2026-09-22T00:19:43.270707+00:00,1287236,081,5203,20,0,1790036699,,,SCHEDULED
2026-09-22T00:19:43.270707+00:00,1287236,081,2317,21,0,1790036781,,,SCHEDULED
2026-09-22T00:19:43.270707+00:00,1287236,081,2318,22,0,1790036828,,,SCHEDULED
2026-09-22T00:19:43.270707+00:00,1287236,081,2319,23,0,1790036944,,,SCHEDULED
2026-09-22T00:19:43.270707+00:00,1287236,081,2320,24,0,1790037001,,,SCHEDULED
2026-09-22T00:19:43.270707+00:00,1287236,081,2321,25,0,1790037060,,,SCHEDULED
2026-09-22T00:19:43.270707+00:00,1287236,081,2322,26,0,1790037097,,,SCHEDULED
2026-09-22T00:19:43.270707+00:00,1287236,081,2323,27,0,1790037126,,,SCHEDULED
2026-09-22T00:19:43.270707+00:00,1287236,081,2324,28,0,1790037170,,,SCHEDULED
2026-09-22T00:19:43.270707+00:00,1287236,081,2325,29,0,1790037256,,,SCHEDULED
2026-09-22T00:19:43.270707+00:00,1287236,081,2326,30,0,1790037318,,,SCHEDULED
2026-09-22T00:19:43.270707+00:00,1287236,081,2328,31,0,1790037418,,,SCHEDULED
2026-09-22T00:19:43.270707+00:00,1287236,081,2329,32,0,1790037514,,,SCHEDULED
2026-09-22T00:19:43.270707+00:00,1287236,081,2330,33,0,1790037576,,,SCHEDULED
2026-09-22T00:19:43.270707+00:00,1287236,081,4811,34,0,1790037607,,,SCHEDULED
2026-09-22T00:19:43.270707+00:00,1287236,081,4810,35,0,1790037795,,,SCHEDULED
2026-09-22T00:19:43.270707+00:00,1287516,084,2964,15,0,1790036358,,,SCHEDULED
2026-09-22T00:19:43.270707+00:00,1287516,084,2965,16,0,1790036412,,,SCHEDULED
2026-09-22T00:19:43.270707+00:00,1287516,084,2966,17,0,1790036478,,,SCHEDULED
2026-09-22T00:19:43.270707+00:00,1287516,084,1155,18,0,1790036661,,,SCHEDULED
2026-09-22T00:19:43.270707+00:00,1287516,084,1156,19,0,1790036705,,,SCHEDULED
2026-09-22T00:19:43.270707+00:00,1287516,084,1674,20,0,1790036757,,,SCHEDULED
2026-09-22T00:19:43.270707+00:00,1287516,084,1675,21,0,1790036817,,,SCHEDULED
2026-09-22T00:19:43.270707+00:00,1287516,084,1677,22,0,1790036879,,,SCHEDULED
2026-09-22T00:19:43.270707+00:00,1287516,084,1127,23,0,1790036906,,,SCHEDULED
2026-09-22T00:19:43.270707+00:00,1287516,084,1128,24,0,1790036940,,,SCHEDULED
2026-09-22T00:19:43.270707+00:00,1287516,084,1129,25,0,1790036970,,,SCHEDULED
2026-09-22T00:19:43.270707+00:00,1287516,084,1130,26,0,1790036994,,,SCHEDULED
2026-09-22T00:19:43.270707+00:00,1287516,084,1131,27,0,1790037028,,,SCHEDULED
2026-09-22T00:19:43.270707+00:00,1287516,084,3089,28,0,1790037166,,,SCHEDULED
2026-09-22T00:19:43.270707+00:00,1287516,084,3090,29,0,1790037244,,,SCHEDULED
2026-09-22T00:19:43.270707+00:00,1287516,084,3091,30,0,1790037383,,,SCHEDULED
2026-09-22T00:19:43.270707+00:00,1287516,084,3092,31,0,1790037409,,,SCHEDULED
2026-09-22T00:19:43.270707+00:00,1287516,084,3093,32,0,1790037470,,,SCHEDULED
2026-09-22T00:19:43.270707+00:00,1287516,084,3094,33,0,1790037500,,,SCHEDULED
2026-09-22T00:19:43.270707+00:00,1287516,084,3095,34,0,1790037576,,,SCHEDULED
2026-09-22T00:19:43.270707+00:00,1287516,084,3096,35,0,1790037799,,,SCHEDULED
2026-09-22T00:19:43.270707+00:00,1287516,084,3097,36,0,1790037941,,,SCHEDULED
2026-09-22T00:19:43.270707+00:00,1287516,084,3098,37,0,1790038074,,,SCHEDULED
2026-09-22T00:19:43.270707+00:00,1287517,084,3098,37,0,1790036388,,,SCHEDULED
2026-09-22T00:19:43.270707+00:00,1287517,084,9800,38,0,1790036476,,,SCHEDULED
2026-09-22T00:19:43.270707+00:00,1287517,084,3099,39,0,1790036662,,,SCHEDULED
2026-09-22T00:19:43.270707+00:00,1287517,084,3100,40,0,1790036727,,,SCHEDULED
2026-09-22T00:19:43.270707+00:00,1287517,084,3101,41,0,1790036795,,,SCHEDULED
2026-09-22T00:19:43.270707+00:00,1287517,084,3102,42,0,1790036850,,,SCHEDULED
2026-09-22T00:19:43.270707+00:00,1287517,084,3103,43,0,1790036880,,,SCHEDULED
2026-09-22T00:19:43.270707+00:00,1287517,084,3104,44,0,1790036984,,,SCHEDULED
2026-09-22T00:19:43.270707+00:00,1287517,084,3106,45,0,1790037032,,,SCHEDULED
2026-09-22T00:19:43.270707+00:00,1287517,084,3107,46,0,1790037075,,,SCHEDULED
2026-09-22T00:19:43.270707+00:00,1287517,084,3108,47,0,1790037124,,,SCHEDULED
2026-09-22T00:19:43.270707+00:00,1287517,084,3109,48,0,1790037159,,,SCHEDULED
2026-09-22T00:19:43.270707+00:00,1287517,084,3110,49,0,1790037185,,,SCHEDULED
2026-09-22T00:19:43.270707+00:00,1287517,084,3769,50,0,1790037224,,,SCHEDULED
2026-09-22T00:19:43.270707+00:00,1287517,084,3770,51,0,1790037268,,,SCHEDULED
2026-09-22T00:19:43.270707+00:00,1287517,084,3771,52,0,1790037291,,,SCHEDULED
2026-09-22T00:19:43.270707+00:00,1287517,084,3772,53,0,1790037332,,,SCHEDULED
2026-09-22T00:19:43.270707+00:00,1287517,084,3773,54,0,1790037368,,,SCHEDULED
2026-09-22T00:19:43.270707+00:00,1287517,084,3774,55,0,1790037414,,,SCHEDULED
2026-09-22T00:19:43.270707+00:00,1287517,084,3775,56,0,1790037446,,,SCHEDULED
2026-09-22T00:19:43.270707+00:00,1287517,084,3776,57,0,1790037499,,,SCHEDULED
2026-09-22T00:19:43.270707+00:00,1287517,084,3777,58,0,1790037575,,,SCHEDULED
2026-09-22T00:19:43.270707+00:00,1287517,084,3778,59,0,1790037630,,,SCHEDULED
2026-09-22T00:19:43.270707+00:00,1287517,084,3780,60,0,1790037704,,,SCHEDULED
2026-09-22T00:19:43.270707+00:00,1287517,084,1688,61,0,1790037760,,,SCHEDULED
2026-09-22T00:19:43.270707+00:00,1287517,084,1687,62,0,1790037853,,,SCHEDULED
2026-09-22T00:19:43.270707+00:00,1287517,084,265,63,0,1790037951,,,SCHEDULED
2026-09-22T00:19:43.270707+00:00,1287517,084,4731,64,0,1790038026,,,SCHEDULED
2026-09-22T00:19:43.270707+00:00,1287517,084,1303,65,0,1790038073,,,SCHEDULED
2026-09-22T00:19:43.270707+00:00,1287517,084,1291,66,0,1790038113,,,SCHEDULED
2026-09-22T00:19:43.270707+00:00,1287515,084,9817,1,,,0,1790036760,SCHEDULED
2026-09-22T00:19:43.270707+00:00,1287515,084,2755,2,0,1790036875,,,SCHEDULED
2026-09-22T00:19:43.270707+00:00,1287515,084,2756,3,0,1790036947,,,SCHEDULED
2026-09-22T00:19:43.270707+00:00,1287515,084,2757,4,0,1790037020,,,SCHEDULED
2026-09-22T00:19:43.270707+00:00,1287515,084,2954,5,0,1790037130,,,SCHEDULED
2026-09-22T00:19:43.270707+00:00,1287515,084,2955,6,0,1790037189,,,SCHEDULED
2026-09-22T00:19:43.270707+00:00,1287515,084,2956,7,0,1790037232,,,SCHEDULED
2026-09-22T00:19:43.270707+00:00,1287515,084,2957,8,0,1790037264,,,SCHEDULED
2026-09-22T00:19:43.270707+00:00,1287515,084,2958,9,0,1790037307,,,SCHEDULED
2026-09-22T00:19:43.270707+00:00,1287515,084,2959,10,0,1790037347,,,SCHEDULED
2026-09-22T00:19:43.270707+00:00,1287515,084,2960,11,0,1790037385,,,SCHEDULED
2026-09-22T00:19:43.270707+00:00,1287515,084,2961,12,0,1790037420,,,SCHEDULED
2026-09-22T00:19:43.270707+00:00,1287515,084,2962,13,0,1790037636,,,SCHEDULED
2026-09-22T00:19:43.270707+00:00,1287515,084,2963,14,0,1790037730,,,SCHEDULED
2026-09-22T00:19:43.270707+00:00,1287515,084,2964,15,0,1790037815,,,SCHEDULED
2026-09-22T00:19:43.270707+00:00,1287515,084,2965,16,0,1790037878,,,SCHEDULED
2026-09-22T00:19:43.270707+00:00,1287515,084,2966,17,0,1790037941,,,SCHEDULED
2026-09-22T00:19:43.270707+00:00,1287515,084,1155,18,0,1790038020,,,SCHEDULED
2026-09-22T00:19:43.270707+00:00,1287515,084,1156,19,0,1790038065,,,SCHEDULED
2026-09-22T00:19:43.270707+00:00,1287515,084,1674,20,0,1790038118,,,SCHEDULED
2026-09-22T00:19:43.270707+00:00,1285734,033,536,1,,,0,1790038103,SCHEDULED
2026-09-22T00:19:43.270707+00:00,1287071,078,336,1,,,0,1790036431,SCHEDULED
2026-09-22T00:19:43.270707+00:00,1287071,078,2739,2,0,1790036649,,,SCHEDULED
2026-09-22T00:19:43.270707+00:00,1287071,078,2740,3,0,1790036737,,,SCHEDULED
2026-09-22T00:19:43.270707+00:00,1287071,078,2741,4,0,1790036788,,,SCHEDULED
2026-09-22T00:19:43.270707+00:00,1287071,078,2742,5,0,1790036834,,,SCHEDULED
2026-09-22T00:19:43.270707+00:00,1287071,078,2743,6,0,1790036879,,,SCHEDULED
2026-09-22T00:19:43.270707+00:00,1287071,078,2744,7,0,1790036974,,,SCHEDULED
2026-09-22T00:19:43.270707+00:00,1287071,078,2745,8,0,1790037018,,,SCHEDULED
2026-09-22T00:19:43.270707+00:00,1288440,177,658,1,,,0,1790036758,SCHEDULED
2026-09-22T00:19:43.270707+00:00,1288440,177,832,2,0,1790036950,,,SCHEDULED
2026-09-22T00:19:43.270707+00:00,1288440,177,3845,3,0,1790036987,,,SCHEDULED
2026-09-22T00:19:43.270707+00:00,1288440,177,795,4,0,1790037097,,,SCHEDULED
2026-09-22T00:19:43.270707+00:00,1285294,025,1057,1,,,0,1790037491,SCHEDULED
2026-09-22T00:19:43.270707+00:00,1285294,025,3332,2,0,1790037589,,,SCHEDULED
2026-09-22T00:19:43.270707+00:00,1285294,025,3333,3,0,1790037645,,,SCHEDULED
2026-09-22T00:19:43.270707+00:00,1285294,025,3334,4,0,1790037691,,,SCHEDULED
2026-09-22T00:19:43.270707+00:00,1285294,025,3335,5,0,1790037729,,,SCHEDULED
2026-09-22T00:19:43.270707+00:00,1285294,025,3336,6,0,1790037847,,,SCHEDULED
2026-09-22T00:19:43.270707+00:00,1285294,025,3337,7,0,1790037896,,,SCHEDULED
2026-09-22T00:19:43.270707+00:00,1285294,025,3338,8,0,1790037925,,,SCHEDULED
2026-09-22T00:19:43.270707+00:00,1285294,025,3339,9,0,1790037939,,,SCHEDULED
2026-09-22T00:19:43.270707+00:00,1285294,025,753,10,0,1790037983,,,SCHEDULED
2026-09-22T00:19:43.270707+00:00,1285294,025,3340,11,0,1790037984,,,SCHEDULED
2026-09-22T00:19:43.270707+00:00,1285294,025,3341,12,0,1790038027,,,SCHEDULED
2026-09-22T00:19:43.270707+00:00,1285294,025,3342,13,0,1790038086,,,SCHEDULED
2026-09-22T00:19:43.270707+00:00,1285294,025,3343,14,0,1790038106,,,SCHEDULED
2026-09-22T00:19:43.270707+00:00,1285582,030,1730,19,0,1790036374,,,SCHEDULED
2026-09-22T00:19:43.270707+00:00,1285582,030,1732,20,0,1790036419,,,SCHEDULED
2026-09-22T00:19:43.270707+00:00,1285582,030,1734,21,0,1790036486,,,SCHEDULED
2026-09-22T00:19:43.270707+00:00,1285582,030,1735,22,0,1790036508,,,SCHEDULED
2026-09-22T00:19:43.270707+00:00,1285582,030,1736,23,0,1790036537,,,SCHEDULED
2026-09-22T00:19:43.270707+00:00,1285582,030,1737,24,0,1790036565,,,SCHEDULED
2026-09-22T00:19:43.270707+00:00,1285582,030,1739,25,0,1790036641,,,SCHEDULED
2026-09-22T00:19:43.270707+00:00,1288212,124,1322,25,0,1790036359,,,SCHEDULED
2026-09-22T00:19:43.270707+00:00,1288212,124,1323,26,0,1790036379,,,SCHEDULED
2026-09-22T00:19:43.270707+00:00,1288212,124,1324,27,0,1790036404,,,SCHEDULED
2026-09-22T00:19:43.270707+00:00,1288212,124,1325,28,0,1790036467,,,SCHEDULED
2026-09-22T00:19:43.270707+00:00,1288212,124,1326,29,0,1790036512,,,SCHEDULED
2026-09-22T00:19:43.270707+00:00,1288212,124,1327,30,0,1790036551,,,SCHEDULED
2026-09-22T00:19:43.270707+00:00,1288212,124,3456,31,0,1790036612,,,SCHEDULED
2026-09-22T00:19:43.270707+00:00,1288212,124,5359,32,0,1790036656,,,SCHEDULED
2026-09-22T00:19:43.270707+00:00,1288212,124,3457,33,0,1790036703,,,SCHEDULED
2026-09-22T00:19:43.270707+00:00,1288212,124,3282,34,0,1790036831,,,SCHEDULED
2026-09-22T00:19:43.270707+00:00,1288212,124,3283,35,0,1790036879,,,SCHEDULED
2026-09-22T00:19:43.270707+00:00,1288212,124,3285,36,0,1790036947,,,SCHEDULED
2026-09-22T00:19:43.270707+00:00,1288212,124,3286,37,0,1790036980,,,SCHEDULED
2026-09-22T00:19:43.270707+00:00,1288212,124,3287,38,0,1790037212,,,SCHEDULED
2026-09-22T00:19:43.270707+00:00,1285581,030,282,1,,,0,1790036721,SCHEDULED
2026-09-22T00:19:43.270707+00:00,1285581,030,414,2,0,1790036932,,,SCHEDULED
2026-09-22T00:19:43.270707+00:00,1285581,030,415,3,0,1790037015,,,SCHEDULED
2026-09-22T00:19:43.270707+00:00,1285581,030,416,4,0,1790037104,,,SCHEDULED
2026-09-22T00:19:43.270707+00:00,1285581,030,418,5,0,1790037173,,,SCHEDULED
2026-09-22T00:19:43.270707+00:00,1285581,030,4763,6,0,1790037268,,,SCHEDULED
2026-09-22T00:19:43.270707+00:00,1285581,030,1716,7,0,1790037327,,,SCHEDULED
2026-09-22T00:19:43.270707+00:00,1285581,030,1717,8,0,1790037379,,,SCHEDULED
2026-09-22T00:19:43.270707+00:00,1285581,030,1718,9,0,1790037420,,,SCHEDULED
2026-09-22T00:19:43.270707+00:00,1285581,030,1720,10,0,1790037499,,,SCHEDULED
2026-09-22T00:19:43.270707+00:00,1285581,030,1721,11,0,1790037566,,,SCHEDULED
2026-09-22T00:19:43.270707+00:00,1285581,030,1722,12,0,1790037614,,,SCHEDULED
2026-09-22T00:19:43.270707+00:00,1285581,030,1723,13,0,1790037641,,,SCHEDULED
2026-09-22T00:19:43.270707+00:00,1285581,030,1725,14,0,1790037759,,,SCHEDULED
2026-09-22T00:19:43.270707+00:00,1285581,030,1726,15,0,1790037806,,,SCHEDULED
2026-09-22T00:19:43.270707+00:00,1285581,030,1727,16,0,1790037858,,,SCHEDULED
2026-09-22T00:19:43.270707+00:00,1285581,030,1728,17,0,1790037893,,,SCHEDULED
2026-09-22T00:19:43.270707+00:00,1285581,030,1729,18,0,1790037941,,,SCHEDULED
2026-09-22T00:19:43.270707+00:00,1285581,030,1730,19,0,1790038003,,,SCHEDULED
2026-09-22T00:19:43.270707+00:00,1285581,030,1732,20,0,1790038031,,,SCHEDULED
2026-09-22T00:19:43.270707+00:00,1285581,030,1734,21,0,1790038068,,,SCHEDULED
2026-09-22T00:19:43.270707+00:00,1285581,030,1735,22,0,1790038088,,,SCHEDULED
2026-09-22T00:19:43.270707+00:00,1285581,030,1736,23,0,1790038116,,,SCHEDULED
2026-09-22T00:19:43.270707+00:00,1288056,093,1069,1,,,0,1790037123,SCHEDULED
2026-09-22T00:19:43.270707+00:00,1288056,093,3332,2,0,1790037152,,,SCHEDULED
2026-09-22T00:19:43.270707+00:00,1288056,093,3333,3,0,1790037189,,,SCHEDULED
2026-09-22T00:19:43.270707+00:00,1288056,093,3334,4,0,1790037225,,,SCHEDULED
2026-09-22T00:19:43.270707+00:00,1288056,093,3335,5,0,1790037259,,,SCHEDULED
2026-09-22T00:19:43.270707+00:00,1288056,093,4655,6,0,1790037303,,,SCHEDULED
2026-09-22T00:19:43.270707+00:00,1288056,093,875,7,0,1790037370,,,SCHEDULED
2026-09-22T00:19:43.270707+00:00,1288056,093,5369,8,0,1790037433,,,SCHEDULED
2026-09-22T00:19:43.270707+00:00,1288056,093,4720,9,0,1790037607,,,SCHEDULED
2026-09-22T00:19:43.270707+00:00,1288056,093,4721,10,0,1790037645,,,SCHEDULED
2026-09-22T00:19:43.270707+00:00,1288056,093,4743,11,0,1790037708,,,SCHEDULED
2026-09-22T00:19:43.270707+00:00,1288056,093,1576,12,0,1790037832,,,SCHEDULED
2026-09-22T00:19:43.270707+00:00,1288056,093,3555,13,0,1790038046,,,SCHEDULED
2026-09-22T00:19:43.270707+00:00,1288056,093,3556,14,0,1790038089,,,SCHEDULED
2026-09-22T00:19:43.270707+00:00,1288056,093,3557,15,0,1790038124,,,SCHEDULED
2026-09-22T00:19:43.270707+00:00,1288211,124,3811,5,0,1790036400,,,SCHEDULED
2026-09-22T00:19:43.270707+00:00,1288211,124,3812,6,0,1790036441,,,SCHEDULED
2026-09-22T00:19:43.270707+00:00,1288211,124,3813,7,0,1790036465,,,SCHEDULED
2026-09-22T00:19:43.270707+00:00,1288211,124,4068,8,0,1790036518,,,SCHEDULED
2026-09-22T00:19:43.270707+00:00,1288211,124,953,9,0,1790036589,,,SCHEDULED
2026-09-22T00:19:43.270707+00:00,1288211,124,951,10,0,1790036706,,,SCHEDULED
2026-09-22T00:19:43.270707+00:00,1288211,124,5289,11,0,1790036816,,,SCHEDULED
2026-09-22T00:19:43.270707+00:00,1288211,124,5285,12,0,1790036880,,,SCHEDULED
2026-09-22T00:19:43.270707+00:00,1288211,124,3026,13,0,1790037158,,,SCHEDULED
2026-09-22T00:19:43.270707+00:00,1288211,124,3027,14,0,1790037230,,,SCHEDULED
2026-09-22T00:19:43.270707+00:00,1288211,124,3028,15,0,1790037302,,,SCHEDULED
2026-09-22T00:19:43.270707+00:00,1288211,124,2798,16,0,1790037660,,,SCHEDULED
2026-09-22T00:19:43.270707+00:00,1288211,124,2799,17,0,1790037689,,,SCHEDULED
2026-09-22T00:19:43.270707+00:00,1288211,124,2800,18,0,1790037762,,,SCHEDULED
2026-09-22T00:19:43.270707+00:00,1288211,124,3273,19,0,1790037800,,,SCHEDULED
2026-09-22T00:19:43.270707+00:00,1288211,124,3040,20,0,1790037897,,,SCHEDULED
2026-09-22T00:19:43.270707+00:00,1288211,124,4775,21,0,1790037963,,,SCHEDULED
2026-09-22T00:19:43.270707+00:00,1288211,124,3042,22,0,1790037999,,,SCHEDULED
2026-09-22T00:19:43.270707+00:00,1288211,124,3043,23,0,1790038029,,,SCHEDULED
2026-09-22T00:19:43.270707+00:00,1288211,124,627,24,0,1790038074,,,SCHEDULED
2026-09-22T00:19:43.270707+00:00,1288211,124,1322,25,0,1790038111,,,SCHEDULED
2026-09-22T00:19:43.270707+00:00,1288210,124,9921,1,,,0,1790037780,SCHEDULED
2026-09-22T00:19:43.270707+00:00,1288210,124,4064,2,0,1790038029,,,SCHEDULED
2026-09-22T00:19:43.270707+00:00,1288210,124,4065,3,0,1790038098,,,SCHEDULED
2026-09-22T00:19:43.270707+00:00,1288210,124,837,4,0,1790038130,,,SCHEDULED
2026-09-22T00:19:43.270707+00:00,1288057,093,3556,14,0,1790036365,,,SCHEDULED
2026-09-22T00:19:43.270707+00:00,1288057,093,3557,15,0,1790036400,,,SCHEDULED
2026-09-22T00:19:43.270707+00:00,1288057,093,3540,16,0,1790036498,,,SCHEDULED
2026-09-22T00:19:43.270707+00:00,1288057,093,3541,17,0,1790036567,,,SCHEDULED
2026-09-22T00:19:43.270707+00:00,1288057,093,3542,18,0,1790036599,,,SCHEDULED
2026-09-22T00:19:43.270707+00:00,1288057,093,3543,19,0,1790036623,,,SCHEDULED
2026-09-22T00:19:43.270707+00:00,1288057,093,3544,20,0,1790036663,,,SCHEDULED
2026-09-22T00:19:43.270707+00:00,1288057,093,3545,21,0,1790036722,,,SCHEDULED
2026-09-22T00:19:43.270707+00:00,1288057,093,3547,22,0,1790036799,,,SCHEDULED
2026-09-22T00:19:43.270707+00:00,1288057,093,3548,23,0,1790036833,,,SCHEDULED
2026-09-22T00:19:43.270707+00:00,1288057,093,3549,24,0,1790036874,,,SCHEDULED
2026-09-22T00:19:43.270707+00:00,1288057,093,3550,25,0,1790036964,,,SCHEDULED
2026-09-22T00:19:43.270707+00:00,1288057,093,3551,26,0,1790037017,,,SCHEDULED
2026-09-22T00:19:43.270707+00:00,1288057,093,3552,27,0,1790037042,,,SCHEDULED
2026-09-22T00:19:43.270707+00:00,1288057,093,3508,28,0,1790037048,,,SCHEDULED
2026-09-22T00:19:43.270707+00:00,1288057,093,3509,29,0,1790037155,,,SCHEDULED
2026-09-22T00:19:43.270707+00:00,1288057,093,3510,30,0,1790037197,,,SCHEDULED
2026-09-22T00:19:43.270707+00:00,1288057,093,3069,31,0,1790037384,,,SCHEDULED
2026-09-22T00:19:43.270707+00:00,1288057,093,3049,32,0,1790037482,,,SCHEDULED
2026-09-22T00:19:43.270707+00:00,1288057,093,3070,33,0,1790037532,,,SCHEDULED
2026-09-22T00:19:43.270707+00:00,1288057,093,3071,34,0,1790037573,,,SCHEDULED
2026-09-22T00:19:43.270707+00:00,1288057,093,3072,35,0,1790037671,,,SCHEDULED
2026-09-22T00:19:43.270707+00:00,1288217,129,1099,10,0,1790037060,,,SCHEDULED
2026-09-22T00:19:43.270707+00:00,1288217,129,1100,11,0,1790037203,,,SCHEDULED
2026-09-22T00:19:43.270707+00:00,1288217,129,1101,12,0,1790037300,,,SCHEDULED
2026-09-22T00:19:43.270707+00:00,1288217,129,1102,13,0,1790037383,,,SCHEDULED
2026-09-22T00:19:43.270707+00:00,1288217,129,1103,14,0,1790037475,,,SCHEDULED
2026-09-22T00:19:43.270707+00:00,1288217,129,1104,15,0,1790037563,,,SCHEDULED
2026-09-22T00:19:43.270707+00:00,1288217,129,1105,16,0,1790037660,,,SCHEDULED
2026-09-22T00:19:43.270707+00:00,1288217,129,1106,17,0,1790037744,,,SCHEDULED
2026-09-22T00:19:43.270707+00:00,1288217,129,1107,18,0,1790037792,,,SCHEDULED
2026-09-22T00:19:43.270707+00:00,1288217,129,1108,19,0,1790037846,,,SCHEDULED
2026-09-22T00:19:43.270707+00:00,1288217,129,1109,20,0,1790037900,,,SCHEDULED
2026-09-22T00:19:43.270707+00:00,1288217,129,1110,21,0,1790037947,,,SCHEDULED
2026-09-22T00:19:43.270707+00:00,1288217,129,1111,22,0,1790038005,,,SCHEDULED
2026-09-22T00:19:43.270707+00:00,1288217,129,1112,23,0,1790038060,,,SCHEDULED
2026-09-22T00:19:43.270707+00:00,1288217,129,1113,24,0,1790038107,,,SCHEDULED
2026-09-22T00:19:43.270707+00:00,1288216,129,1175,28,0,1790036274,,,SCHEDULED
2026-09-22T00:19:43.270707+00:00,1288216,129,1176,29,0,1790036358,,,SCHEDULED
2026-09-22T00:19:43.270707+00:00,1288216,129,1177,30,0,1790036393,,,SCHEDULED
2026-09-22T00:19:43.270707+00:00,1288216,129,1178,31,0,1790036415,,,SCHEDULED
2026-09-22T00:19:43.270707+00:00,1288216,129,1180,32,0,1790036458,,,SCHEDULED
2026-09-22T00:19:43.270707+00:00,1288216,129,1183,33,0,1790036459,,,SCHEDULED
2026-09-22T00:19:43.270707+00:00,1288216,129,1181,34,0,1790036505,,,SCHEDULED
2026-09-22T00:19:43.270707+00:00,1288216,129,1182,35,0,1790036583,,,SCHEDULED
2026-09-22T00:19:43.270707+00:00,1288216,129,1284,36,0,1790036688,,,SCHEDULED
2026-09-22T00:19:43.270707+00:00,1288216,129,1286,37,0,1790036821,,,SCHEDULED
2026-09-22T00:19:43.270707+00:00,1288216,129,1287,38,0,1790036858,,,SCHEDULED
2026-09-22T00:19:43.270707+00:00,1288216,129,1288,39,0,1790036949,,,SCHEDULED
2026-09-22T00:19:43.270707+00:00,1288216,129,1289,40,0,1790037004,,,SCHEDULED
2026-09-22T00:19:43.270707+00:00,1288216,129,1290,41,0,1790037061,,,SCHEDULED
2026-09-22T00:19:43.270707+00:00,1288216,129,1292,42,0,1790037208,,,SCHEDULED
2026-09-22T00:19:43.270707+00:00,1288216,129,1293,43,0,1790037266,,,SCHEDULED
2026-09-22T00:19:43.270707+00:00,1288216,129,1294,44,0,1790037322,,,SCHEDULED
2026-09-22T00:19:43.270707+00:00,1288216,129,1295,45,0,1790037354,,,SCHEDULED
2026-09-22T00:19:43.270707+00:00,1288216,129,1296,46,0,1790037419,,,SCHEDULED
2026-09-22T00:19:43.270707+00:00,1288216,129,1298,47,0,1790037487,,,SCHEDULED
2026-09-22T00:19:43.270707+00:00,1288216,129,1299,48,0,1790037566,,,SCHEDULED
2026-09-22T00:19:43.270707+00:00,1288216,129,1300,49,0,1790037590,,,SCHEDULED
2026-09-22T00:19:43.270707+00:00,1288216,129,1301,50,0,1790037614,,,SCHEDULED
2026-09-22T00:19:43.270707+00:00,1288216,129,1302,51,0,1790037684,,,SCHEDULED
2026-09-22T00:19:43.270707+00:00,1286317,061,3131,1,,,0,1790037840,SCHEDULED
2026-09-22T00:19:43.270707+00:00,1286317,061,1860,2,0,1790037903,,,SCHEDULED
2026-09-22T00:19:43.270707+00:00,1286317,061,1861,3,0,1790038002,,,SCHEDULED
2026-09-22T00:19:43.270707+00:00,1286317,061,1862,4,0,1790038102,,,SCHEDULED
2026-09-22T00:19:43.270707+00:00,1286317,061,1863,5,0,1790038146,,,SCHEDULED
2026-09-22T00:19:43.270707+00:00,1286318,061,1864,6,0,1790036338,,,SCHEDULED
2026-09-22T00:19:43.270707+00:00,1286318,061,1865,7,0,1790036385,,,SCHEDULED
2026-09-22T00:19:43.270707+00:00,1286318,061,1866,8,0,1790036410,,,SCHEDULED
2026-09-22T00:19:43.270707+00:00,1286318,061,1867,9,0,1790036451,,,SCHEDULED
2026-09-22T00:19:43.270707+00:00,1286318,061,1868,10,0,1790036537,,,SCHEDULED
2026-09-22T00:19:43.270707+00:00,1286318,061,1870,11,0,1790036546,,,SCHEDULED
2026-09-22T00:19:43.270707+00:00,1286318,061,1871,12,0,1790036561,,,SCHEDULED
2026-09-22T00:19:43.270707+00:00,1286318,061,1872,13,0,1790036568,,,SCHEDULED
2026-09-22T00:19:43.270707+00:00,1286318,061,1873,14,0,1790036587,,,SCHEDULED
2026-09-22T00:19:43.270707+00:00,1286318,061,1874,15,0,1790036638,,,SCHEDULED
2026-09-22T00:19:43.270707+00:00,1286318,061,1875,16,0,1790036694,,,SCHEDULED
2026-09-22T00:19:43.270707+00:00,1286318,061,1876,17,0,1790036777,,,SCHEDULED
2026-09-22T00:19:43.270707+00:00,1286318,061,1877,18,0,1790036796,,,SCHEDULED
2026-09-22T00:19:43.270707+00:00,1286318,061,1878,19,0,1790036837,,,SCHEDULED
2026-09-22T00:19:43.270707+00:00,1286318,061,1879,20,0,1790036855,,,SCHEDULED
2026-09-22T00:19:43.270707+00:00,1286318,061,2201,21,0,1790036983,,,SCHEDULED
2026-09-22T00:19:43.270707+00:00,1286318,061,2202,22,0,1790037032,,,SCHEDULED
2026-09-22T00:19:43.270707+00:00,1286318,061,2203,23,0,1790037061,,,SCHEDULED
2026-09-22T00:19:43.270707+00:00,1286318,061,2204,24,0,1790037066,,,SCHEDULED
2026-09-22T00:19:43.270707+00:00,1286318,061,2205,25,0,1790037094,,,SCHEDULED
2026-09-22T00:19:43.270707+00:00,1286318,061,2206,26,0,1790037113,,,SCHEDULED
2026-09-22T00:19:43.270707+00:00,1286318,061,2200,27,0,1790037127,,,SCHEDULED
2026-09-22T00:19:43.270707+00:00,1286318,061,2207,28,0,1790037173,,,SCHEDULED
2026-09-22T00:19:43.270707+00:00,1286318,061,2208,29,0,1790037198,,,SCHEDULED
2026-09-22T00:19:43.270707+00:00,1286318,061,2209,30,0,1790037220,,,SCHEDULED
2026-09-22T00:19:43.270707+00:00,1286318,061,2210,31,0,1790037240,,,SCHEDULED
2026-09-22T00:19:43.270707+00:00,1286318,061,2211,32,0,1790037258,,,SCHEDULED
2026-09-22T00:19:43.270707+00:00,1286318,061,2212,33,0,1790037273,,,SCHEDULED
2026-09-22T00:19:43.270707+00:00,1286318,061,2213,34,0,1790037306,,,SCHEDULED
2026-09-22T00:19:43.270707+00:00,1286318,061,2214,35,0,1790037402,,,SCHEDULED
2026-09-22T00:19:43.270707+00:00,1286318,061,2215,36,0,1790037446,,,SCHEDULED
2026-09-22T00:19:43.270707+00:00,1286318,061,2216,37,0,1790037484,,,SCHEDULED
2026-09-22T00:19:43.270707+00:00,1286318,061,2217,38,0,1790037553,,,SCHEDULED
2026-09-22T00:19:43.270707+00:00,1286318,061,2218,39,0,1790037607,,,SCHEDULED
2026-09-22T00:19:43.270707+00:00,1286318,061,2220,40,0,1790037659,,,SCHEDULED
2026-09-22T00:19:43.270707+00:00,1286318,061,2221,41,0,1790037863,,,SCHEDULED
2026-09-22T00:19:43.270707+00:00,1286318,061,2222,42,0,1790037898,,,SCHEDULED
2026-09-22T00:19:43.270707+00:00,1286318,061,2223,43,0,1790037931,,,SCHEDULED
2026-09-22T00:19:43.270707+00:00,1286318,061,6107,44,0,1790037952,,,SCHEDULED
2026-09-22T00:19:43.270707+00:00,1286318,061,2224,45,0,1790038056,,,SCHEDULED
2026-09-22T00:19:43.270707+00:00,1286318,061,2225,46,0,1790038077,,,SCHEDULED
2026-09-22T00:19:43.270707+00:00,1286318,061,2226,47,0,1790038094,,,SCHEDULED
2026-09-22T00:19:43.270707+00:00,1287921,088,9807,1,,,0,1790037660,SCHEDULED
2026-09-22T00:19:43.270707+00:00,1287921,088,284,2,0,1790037818,,,SCHEDULED
2026-09-22T00:19:43.270707+00:00,1287921,088,684,3,0,1790038019,,,SCHEDULED
2026-09-22T00:19:43.270707+00:00,1287921,088,685,4,0,1790038069,,,SCHEDULED
2026-09-22T00:19:43.270707+00:00,1287921,088,1400,5,0,1790038113,,,SCHEDULED
2026-09-22T00:19:43.270707+00:00,1287921,088,1401,6,0,1790038154,,,SCHEDULED
2026-09-22T00:19:43.270707+00:00,1285746,033,628,1,,,0,1790037253,SCHEDULED
2026-09-22T00:19:43.270707+00:00,1285746,033,5259,2,0,1790037516,,,SCHEDULED
2026-09-22T00:19:43.270707+00:00,1285746,033,5260,3,0,1790037736,,,SCHEDULED
2026-09-22T00:19:43.270707+00:00,1285746,033,5257,4,0,1790037754,,,SCHEDULED
2026-09-22T00:19:43.270707+00:00,1285746,033,5247,5,0,1790037993,,,SCHEDULED
2026-09-22T00:19:43.270707+00:00,1285900,051,1884,2,0,1790036389,,,SCHEDULED
2026-09-22T00:19:43.270707+00:00,1285900,051,1885,3,0,1790036475,,,SCHEDULED
2026-09-22T00:19:43.270707+00:00,1285900,051,1887,4,0,1790036581,,,SCHEDULED
2026-09-22T00:19:43.270707+00:00,1285900,051,1888,5,0,1790036651,,,SCHEDULED
2026-09-22T00:19:43.270707+00:00,1285900,051,1889,6,0,1790036694,,,SCHEDULED
2026-09-22T00:19:43.270707+00:00,1285900,051,1890,7,0,1790036725,,,SCHEDULED
2026-09-22T00:19:43.270707+00:00,1285900,051,1891,8,0,1790036771,,,SCHEDULED
2026-09-22T00:19:43.270707+00:00,1285900,051,1892,9,0,1790036822,,,SCHEDULED
2026-09-22T00:19:43.270707+00:00,1285900,051,1893,10,0,1790036853,,,SCHEDULED
2026-09-22T00:19:43.270707+00:00,1285900,051,1894,11,0,1790036911,,,SCHEDULED
2026-09-22T00:19:43.270707+00:00,1285900,051,1895,12,0,1790036968,,,SCHEDULED
2026-09-22T00:19:43.270707+00:00,1285900,051,1896,13,0,1790037000,,,SCHEDULED
2026-09-22T00:19:43.270707+00:00,1285900,051,1898,14,0,1790037041,,,SCHEDULED
2026-09-22T00:19:43.270707+00:00,1285900,051,1899,15,0,1790037093,,,SCHEDULED
2026-09-22T00:19:43.270707+00:00,1285900,051,1901,16,0,1790037148,,,SCHEDULED
2026-09-22T00:19:43.270707+00:00,1285900,051,1902,17,0,1790037152,,,SCHEDULED
2026-09-22T00:19:43.270707+00:00,1285900,051,1904,18,0,1790037239,,,SCHEDULED
2026-09-22T00:19:43.270707+00:00,1285900,051,1905,19,0,1790037285,,,SCHEDULED
2026-09-22T00:19:43.270707+00:00,1285900,051,1906,20,0,1790037309,,,SCHEDULED
2026-09-22T00:19:43.270707+00:00,1285900,051,1907,21,0,1790037334,,,SCHEDULED
2026-09-22T00:19:43.270707+00:00,1285900,051,1908,22,0,1790037349,,,SCHEDULED
2026-09-22T00:19:43.270707+00:00,1285900,051,1911,23,0,1790037399,,,SCHEDULED
2026-09-22T00:19:43.270707+00:00,1285900,051,1913,24,0,1790037493,,,SCHEDULED
2026-09-22T00:19:43.270707+00:00,1285900,051,1914,25,0,1790037544,,,SCHEDULED
2026-09-22T00:19:43.270707+00:00,1285900,051,1915,26,0,1790037587,,,SCHEDULED
2026-09-22T00:19:43.270707+00:00,1285900,051,1916,27,0,1790037727,,,SCHEDULED
2026-09-22T00:19:43.270707+00:00,1285900,051,1917,28,0,1790037768,,,SCHEDULED
2026-09-22T00:19:43.270707+00:00,1285900,051,1918,29,0,1790037825,,,SCHEDULED
2026-09-22T00:19:43.270707+00:00,1285900,051,1919,30,0,1790037877,,,SCHEDULED
2026-09-22T00:19:43.270707+00:00,1285900,051,1920,31,0,1790037920,,,SCHEDULED
2026-09-22T00:19:43.270707+00:00,1285900,051,1921,32,0,1790037954,,,SCHEDULED
2026-09-22T00:19:43.270707+00:00,1285900,051,1922,33,0,1790038019,,,SCHEDULED
2026-09-22T00:19:43.270707+00:00,1285900,051,1923,34,0,1790038054,,,SCHEDULED
2026-09-22T00:19:43.270707+00:00,1285900,051,1924,35,0,1790038125,,,SCHEDULED
2026-09-22T00:19:43.270707+00:00,1286319,061,2224,45,0,1790036446,,,SCHEDULED
2026-09-22T00:19:43.270707+00:00,1286319,061,2225,46,0,1790036467,,,SCHEDULED
2026-09-22T00:19:43.270707+00:00,1286319,061,2226,47,0,1790036484,,,SCHEDULED
2026-09-22T00:19:43.270707+00:00,1286319,061,2227,48,0,1790036503,,,SCHEDULED
2026-09-22T00:19:43.270707+00:00,1286319,061,2228,49,0,1790036526,,,SCHEDULED
2026-09-22T00:19:43.270707+00:00,1286319,061,6100,50,0,1790036621,,,SCHEDULED
2026-09-22T00:19:43.270707+00:00,1286319,061,997,51,0,1790036784,,,SCHEDULED
2026-09-22T00:19:43.270707+00:00,1286319,061,998,52,0,1790036844,,,SCHEDULED
2026-09-22T00:19:43.270707+00:00,1286319,061,999,53,0,1790036872,,,SCHEDULED
2026-09-22T00:19:43.270707+00:00,1286319,061,249,54,0,1790036909,,,SCHEDULED
2026-09-22T00:19:43.270707+00:00,1286319,061,248,55,0,1790036961,,,SCHEDULED
2026-09-22T00:19:43.270707+00:00,1286319,061,250,56,0,1790037036,,,SCHEDULED
2026-09-22T00:19:43.270707+00:00,1286319,061,264,57,0,1790037159,,,SCHEDULED
2026-09-22T00:19:43.270707+00:00,1286319,061,263,58,0,1790037186,,,SCHEDULED
2026-09-22T00:19:43.270707+00:00,1286319,061,2180,59,0,1790037218,,,SCHEDULED
2026-09-22T00:19:43.270707+00:00,1286319,061,2181,60,0,1790037248,,,SCHEDULED
2026-09-22T00:19:43.270707+00:00,1286319,061,4395,61,0,1790037443,,,SCHEDULED
2026-09-22T00:19:43.270707+00:00,1286319,061,4396,62,0,1790037467,,,SCHEDULED
2026-09-22T00:19:43.270707+00:00,1286319,061,4397,63,0,1790037487,,,SCHEDULED
2026-09-22T00:19:43.270707+00:00,1286319,061,4398,64,0,1790037525,,,SCHEDULED
2026-09-22T00:19:43.270707+00:00,1286319,061,4391,65,0,1790037577,,,SCHEDULED
2026-09-22T00:19:43.270707+00:00,1286319,061,4399,66,0,1790037595,,,SCHEDULED
2026-09-22T00:19:43.270707+00:00,1286319,061,4392,67,0,1790037628,,,SCHEDULED
2026-09-22T00:19:43.270707+00:00,1284815,015,967,13,0,1790036385,,,SCHEDULED
2026-09-22T00:19:43.270707+00:00,1284815,015,968,14,0,1790036418,,,SCHEDULED
2026-09-22T00:19:43.270707+00:00,1284815,015,969,15,0,1790036456,,,SCHEDULED
2026-09-22T00:19:43.270707+00:00,1284815,015,836,16,0,1790036492,,,SCHEDULED
2026-09-22T00:19:43.270707+00:00,1284815,015,838,17,0,1790036542,,,SCHEDULED
2026-09-22T00:19:43.270707+00:00,1284815,015,839,18,0,1790036593,,,SCHEDULED
2026-09-22T00:19:43.270707+00:00,1284815,015,840,19,0,1790036658,,,SCHEDULED
2026-09-22T00:19:43.270707+00:00,1284815,015,841,20,0,1790036700,,,SCHEDULED
2026-09-22T00:19:43.270707+00:00,1284815,015,842,21,0,1790036717,,,SCHEDULED
2026-09-22T00:19:43.270707+00:00,1284815,015,843,22,0,1790036735,,,SCHEDULED
2026-09-22T00:19:43.270707+00:00,1284815,015,845,23,0,1790036772,,,SCHEDULED
2026-09-22T00:19:43.270707+00:00,1284815,015,846,24,0,1790036782,,,SCHEDULED
2026-09-22T00:19:43.270707+00:00,1284815,015,847,25,0,1790036802,,,SCHEDULED
2026-09-22T00:19:43.270707+00:00,1284815,015,848,26,0,1790036818,,,SCHEDULED
2026-09-22T00:19:43.270707+00:00,1284815,015,3098,27,0,1790037097,,,SCHEDULED
2026-09-22T00:19:43.270707+00:00,1284935,019,741,32,0,1790036369,,,SCHEDULED
2026-09-22T00:19:43.270707+00:00,1284935,019,1333,33,0,1790036523,,,SCHEDULED
2026-09-22T00:19:43.270707+00:00,1284935,019,3115,34,0,1790037060,,,SCHEDULED
2026-09-22T00:19:43.270707+00:00,1284935,019,3116,35,0,1790037086,,,SCHEDULED
2026-09-22T00:19:43.270707+00:00,1284935,019,3117,36,0,1790037106,,,SCHEDULED
2026-09-22T00:19:43.270707+00:00,1284935,019,3118,37,0,1790037140,,,SCHEDULED
2026-09-22T00:19:43.270707+00:00,1284935,019,3119,38,0,1790037157,,,SCHEDULED
2026-09-22T00:19:43.270707+00:00,1284935,019,3121,39,0,1790037198,,,SCHEDULED
2026-09-22T00:19:43.270707+00:00,1284935,019,3122,40,0,1790037231,,,SCHEDULED
2026-09-22T00:19:43.270707+00:00,1284935,019,3123,41,0,1790037278,,,SCHEDULED
2026-09-22T00:19:43.270707+00:00,1284935,019,3124,42,0,1790037321,,,SCHEDULED
2026-09-22T00:19:43.270707+00:00,1284935,019,3125,43,0,1790037354,,,SCHEDULED
2026-09-22T00:19:43.270707+00:00,1284935,019,3696,44,0,1790037431,,,SCHEDULED
2026-09-22T00:19:43.270707+00:00,1284928,019,804,20,0,1790036516,,,SCHEDULED
2026-09-22T00:19:43.270707+00:00,1284928,019,805,21,0,1790036535,,,SCHEDULED
2026-09-22T00:19:43.270707+00:00,1284928,019,806,22,0,1790036563,,,SCHEDULED
2026-09-22T00:19:43.270707+00:00,1284928,019,661,23,0,1790036702,,,SCHEDULED
2026-09-22T00:19:43.270707+00:00,1284928,019,4863,24,0,1790036736,,,SCHEDULED
2026-09-22T00:19:43.270707+00:00,1284928,019,5368,25,0,1790036757,,,SCHEDULED
2026-09-22T00:19:43.270707+00:00,1284928,019,810,26,0,1790036830,,,SCHEDULED
2026-09-22T00:19:43.270707+00:00,1284928,019,811,27,0,1790036893,,,SCHEDULED
2026-09-22T00:19:43.270707+00:00,1284928,019,812,28,0,1790037056,,,SCHEDULED
2026-09-22T00:19:43.270707+00:00,1284928,019,813,29,0,1790037108,,,SCHEDULED
2026-09-22T00:19:43.270707+00:00,1284928,019,814,30,0,1790037148,,,SCHEDULED
2026-09-22T00:19:43.270707+00:00,1284928,019,815,31,0,1790037167,,,SCHEDULED
2026-09-22T00:19:43.270707+00:00,1284928,019,5347,32,0,1790037236,,,SCHEDULED
2026-09-22T00:19:43.270707+00:00,1284928,019,824,33,0,1790037301,,,SCHEDULED
2026-09-22T00:19:43.270707+00:00,1284928,019,825,34,0,1790037317,,,SCHEDULED
2026-09-22T00:19:43.270707+00:00,1284928,019,826,35,0,1790037381,,,SCHEDULED
2026-09-22T00:19:43.270707+00:00,1284928,019,827,36,0,1790037415,,,SCHEDULED
2026-09-22T00:19:43.270707+00:00,1284928,019,5242,37,0,1790037465,,,SCHEDULED
2026-09-22T00:19:43.270707+00:00,1284928,019,829,38,0,1790037522,,,SCHEDULED
2026-09-22T00:19:43.270707+00:00,1284928,019,5271,39,0,1790037670,,,SCHEDULED
2026-09-22T00:19:43.270707+00:00,1288172,102,668,1,,,0,1790036710,SCHEDULED
2026-09-22T00:19:43.270707+00:00,1288172,102,221,2,0,1790036760,,,SCHEDULED
2026-09-22T00:19:43.270707+00:00,1288172,102,222,3,0,1790036787,,,SCHEDULED
2026-09-22T00:19:43.270707+00:00,1288172,102,223,4,0,1790036896,,,SCHEDULED
2026-09-22T00:19:43.270707+00:00,1288172,102,225,5,0,1790037017,,,SCHEDULED
2026-09-22T00:19:43.270707+00:00,1288172,102,226,6,0,1790037078,,,SCHEDULED
2026-09-22T00:19:43.270707+00:00,1288172,102,108,7,0,1790037147,,,SCHEDULED
2026-09-22T00:19:43.270707+00:00,1288172,102,123,8,0,1790037194,,,SCHEDULED
2026-09-22T00:19:43.270707+00:00,1288172,102,125,9,0,1790037263,,,SCHEDULED
2026-09-22T00:19:43.270707+00:00,1288172,102,126,10,0,1790037285,,,SCHEDULED
2026-09-22T00:19:43.270707+00:00,1288172,102,127,11,0,1790037299,,,SCHEDULED
2026-09-22T00:19:43.270707+00:00,1288172,102,128,12,0,1790037356,,,SCHEDULED
2026-09-22T00:19:43.270707+00:00,1288172,102,130,13,0,1790037385,,,SCHEDULED
2026-09-22T00:19:43.270707+00:00,1288172,102,131,14,0,1790037441,,,SCHEDULED
2026-09-22T00:19:43.270707+00:00,1288172,102,132,15,0,1790037457,,,SCHEDULED
2026-09-22T00:19:43.270707+00:00,1288172,102,133,16,0,1790037478,,,SCHEDULED
2026-09-22T00:19:43.270707+00:00,1288172,102,134,17,0,1790037508,,,SCHEDULED
2026-09-22T00:19:43.270707+00:00,1288172,102,135,18,0,1790037533,,,SCHEDULED
2026-09-22T00:19:43.270707+00:00,1288172,102,136,19,0,1790037555,,,SCHEDULED
2026-09-22T00:19:43.270707+00:00,1288172,102,137,20,0,1790037568,,,SCHEDULED
2026-09-22T00:19:43.270707+00:00,1288172,102,138,21,0,1790037598,,,SCHEDULED
2026-09-22T00:19:43.270707+00:00,1288172,102,139,22,0,1790037616,,,SCHEDULED
2026-09-22T00:19:43.270707+00:00,1288172,102,141,23,0,1790037652,,,SCHEDULED
2026-09-22T00:19:43.270707+00:00,1288172,102,142,24,0,1790037666,,,SCHEDULED
2026-09-22T00:19:43.270707+00:00,1288172,102,143,25,0,1790037683,,,SCHEDULED
2026-09-22T00:19:43.270707+00:00,1288172,102,144,26,0,1790037700,,,SCHEDULED
2026-09-22T00:19:43.270707+00:00,1288172,102,145,27,0,1790037737,,,SCHEDULED
2026-09-22T00:19:43.270707+00:00,1288172,102,146,28,0,1790037761,,,SCHEDULED
2026-09-22T00:19:43.270707+00:00,1288172,102,147,29,0,1790037783,,,SCHEDULED
2026-09-22T00:19:43.270707+00:00,1288172,102,148,30,0,1790037828,,,SCHEDULED
2026-09-22T00:19:43.270707+00:00,1288172,102,149,31,0,1790037875,,,SCHEDULED
2026-09-22T00:19:43.270707+00:00,1288172,102,150,32,0,1790037912,,,SCHEDULED
2026-09-22T00:19:43.270707+00:00,1288172,102,151,33,0,1790037940,,,SCHEDULED
2026-09-22T00:19:43.270707+00:00,1288172,102,156,34,0,1790037980,,,SCHEDULED
2026-09-22T00:19:43.270707+00:00,1288172,102,152,35,0,1790038002,,,SCHEDULED
2026-09-22T00:19:43.270707+00:00,1288172,102,153,36,0,1790038017,,,SCHEDULED
2026-09-22T00:19:43.270707+00:00,1288172,102,154,37,0,1790038051,,,SCHEDULED
2026-09-22T00:19:43.270707+00:00,1288172,102,155,38,0,1790038100,,,SCHEDULED
2026-09-22T00:19:43.270707+00:00,1287376,082,674,5,0,1790036442,,,SCHEDULED
2026-09-22T00:19:43.270707+00:00,1287376,082,675,6,0,1790036515,,,SCHEDULED
2026-09-22T00:19:43.270707+00:00,1287376,082,676,7,0,1790036526,,,SCHEDULED
2026-09-22T00:19:43.270707+00:00,1287376,082,677,8,0,1790036536,,,SCHEDULED
2026-09-22T00:19:43.270707+00:00,1287376,082,678,9,0,1790036572,,,SCHEDULED
2026-09-22T00:19:43.270707+00:00,1287376,082,679,10,0,1790036615,,,SCHEDULED
2026-09-22T00:19:43.270707+00:00,1287376,082,680,11,0,1790036646,,,SCHEDULED
2026-09-22T00:19:43.270707+00:00,1287376,082,681,12,0,1790036647,,,SCHEDULED
2026-09-22T00:19:43.270707+00:00,1287376,082,3076,13,0,1790036648,,,SCHEDULED
2026-09-22T00:19:43.270707+00:00,1287376,082,3077,14,0,1790036800,,,SCHEDULED
2026-09-22T00:19:43.270707+00:00,1287376,082,3078,15,0,1790036875,,,SCHEDULED
2026-09-22T00:19:43.270707+00:00,1287376,082,3079,16,0,1790036923,,,SCHEDULED
2026-09-22T00:19:43.270707+00:00,1287376,082,3080,17,0,1790036969,,,SCHEDULED
2026-09-22T00:19:43.270707+00:00,1287376,082,1074,18,0,1790037079,,,SCHEDULED
2026-09-22T00:19:43.270707+00:00,1287376,082,1075,19,0,1790037137,,,SCHEDULED
2026-09-22T00:19:43.270707+00:00,1287376,082,1076,20,0,1790037165,,,SCHEDULED
2026-09-22T00:19:43.270707+00:00,1287376,082,1077,21,0,1790037188,,,SCHEDULED
2026-09-22T00:19:43.270707+00:00,1287376,082,1646,22,0,1790037273,,,SCHEDULED
2026-09-22T00:19:43.270707+00:00,1287376,082,1648,23,0,1790037465,,,SCHEDULED
2026-09-22T00:19:43.270707+00:00,1287376,082,1649,24,0,1790037538,,,SCHEDULED
2026-09-22T00:19:43.270707+00:00,1287376,082,1650,25,0,1790037584,,,SCHEDULED
2026-09-22T00:19:43.270707+00:00,1287376,082,1651,26,0,1790037613,,,SCHEDULED
2026-09-22T00:19:43.270707+00:00,1287376,082,1652,27,0,1790037645,,,SCHEDULED
2026-09-22T00:19:43.270707+00:00,1287376,082,1653,28,0,1790037716,,,SCHEDULED
2026-09-22T00:19:43.270707+00:00,1287376,082,1654,29,0,1790037766,,,SCHEDULED
2026-09-22T00:19:43.270707+00:00,1287376,082,1655,30,0,1790037864,,,SCHEDULED
2026-09-22T00:19:43.270707+00:00,1287376,082,459,31,0,1790037884,,,SCHEDULED
2026-09-22T00:19:43.270707+00:00,1287376,082,1656,32,0,1790037945,,,SCHEDULED
2026-09-22T00:19:43.270707+00:00,1287376,082,1657,33,0,1790037989,,,SCHEDULED
2026-09-22T00:19:43.270707+00:00,1287376,082,1658,34,0,1790038005,,,SCHEDULED
2026-09-22T00:19:43.270707+00:00,1287376,082,1659,35,0,1790038042,,,SCHEDULED
2026-09-22T00:19:43.270707+00:00,1287376,082,1660,36,0,1790038090,,,SCHEDULED
2026-09-22T00:19:43.270707+00:00,1287376,082,3190,37,0,1790038151,,,SCHEDULED
2026-09-22T00:19:43.270707+00:00,1285593,030,4763,6,0,1790036453,,,SCHEDULED
2026-09-22T00:19:43.270707+00:00,1285593,030,1716,7,0,1790036517,,,SCHEDULED
2026-09-22T00:19:43.270707+00:00,1285593,030,1717,8,0,1790036573,,,SCHEDULED
2026-09-22T00:19:43.270707+00:00,1285593,030,1718,9,0,1790036619,,,SCHEDULED
2026-09-22T00:19:43.270707+00:00,1285593,030,1720,10,0,1790036708,,,SCHEDULED
2026-09-22T00:19:43.270707+00:00,1285593,030,1721,11,0,1790036787,,,SCHEDULED
2026-09-22T00:19:43.270707+00:00,1285593,030,1722,12,0,1790036840,,,SCHEDULED
2026-09-22T00:19:43.270707+00:00,1285593,030,1723,13,0,1790036870,,,SCHEDULED
2026-09-22T00:19:43.270707+00:00,1285593,030,1725,14,0,1790037018,,,SCHEDULED
2026-09-22T00:19:43.270707+00:00,1285593,030,1726,15,0,1790037085,,,SCHEDULED
2026-09-22T00:19:43.270707+00:00,1285593,030,1727,16,0,1790037158,,,SCHEDULED
2026-09-22T00:19:43.270707+00:00,1285593,030,1728,17,0,1790037216,,,SCHEDULED
2026-09-22T00:19:43.270707+00:00,1285593,030,1729,18,0,1790037290,,,SCHEDULED
2026-09-22T00:19:43.270707+00:00,1285593,030,1730,19,0,1790037356,,,SCHEDULED
2026-09-22T00:19:43.270707+00:00,1285593,030,1732,20,0,1790037390,,,SCHEDULED
2026-09-22T00:19:43.270707+00:00,1285593,030,1734,21,0,1790037436,,,SCHEDULED
2026-09-22T00:19:43.270707+00:00,1285593,030,1735,22,0,1790037458,,,SCHEDULED
2026-09-22T00:19:43.270707+00:00,1285593,030,1736,23,0,1790037490,,,SCHEDULED
2026-09-22T00:19:43.270707+00:00,1285593,030,1737,24,0,1790037545,,,SCHEDULED
2026-09-22T00:19:43.270707+00:00,1285593,030,1739,25,0,1790037614,,,SCHEDULED
2026-09-22T00:19:43.270707+00:00,1287377,082,3191,38,0,1790036388,,,SCHEDULED
2026-09-22T00:19:43.270707+00:00,1287377,082,3192,39,0,1790036458,,,SCHEDULED
2026-09-22T00:19:43.270707+00:00,1287377,082,3193,40,0,1790036548,,,SCHEDULED
2026-09-22T00:19:43.270707+00:00,1287377,082,275,41,0,1790036746,,,SCHEDULED
2026-09-22T00:19:43.270707+00:00,1287377,082,276,42,0,1790037121,,,SCHEDULED
2026-09-22T00:19:43.270707+00:00,1285592,030,282,1,,,0,1790037561,SCHEDULED
2026-09-22T00:19:43.270707+00:00,1285592,030,414,2,0,1790037772,,,SCHEDULED
2026-09-22T00:19:43.270707+00:00,1285592,030,415,3,0,1790037855,,,SCHEDULED
2026-09-22T00:19:43.270707+00:00,1285592,030,416,4,0,1790037944,,,SCHEDULED
2026-09-22T00:19:43.270707+00:00,1285592,030,418,5,0,1790038013,,,SCHEDULED
2026-09-22T00:19:43.270707+00:00,1285592,030,4763,6,0,1790038108,,,SCHEDULED
2026-09-22T00:19:43.270707+00:00,1287375,082,665,1,,,0,1790037705,SCHEDULED
2026-09-22T00:19:43.270707+00:00,1287375,082,1447,2,0,1790037959,,,SCHEDULED
2026-09-22T00:19:43.270707+00:00,1287375,082,1448,3,0,1790038005,,,SCHEDULED
2026-09-22T00:19:43.270707+00:00,1287375,082,1449,4,0,1790038034,,,SCHEDULED
2026-09-22T00:19:43.270707+00:00,1287375,082,674,5,0,1790038152,,,SCHEDULED
2026-09-22T00:19:43.270707+00:00,1288228,137,85406,3,0,1790037644,,,SCHEDULED
2026-09-22T00:19:43.270707+00:00,1288228,137,85408,4,0,1790037755,,,SCHEDULED
2026-09-22T00:19:43.270707+00:00,1288228,137,85204,5,0,1790037803,,,SCHEDULED
2026-09-22T00:19:43.270707+00:00,1288228,137,85205,6,0,1790037869,,,SCHEDULED
2026-09-22T00:19:43.270707+00:00,1287413,082,3090,27,0,1790036392,,,SCHEDULED
2026-09-22T00:19:43.270707+00:00,1287413,082,3091,28,0,1790036515,,,SCHEDULED
2026-09-22T00:19:43.270707+00:00,1287413,082,3092,29,0,1790036627,,,SCHEDULED
2026-09-22T00:19:43.270707+00:00,1287413,082,3093,30,0,1790036689,,,SCHEDULED
2026-09-22T00:19:43.270707+00:00,1287413,082,3094,31,0,1790036715,,,SCHEDULED
2026-09-22T00:19:43.270707+00:00,1287413,082,1421,32,0,1790036792,,,SCHEDULED
2026-09-22T00:19:43.270707+00:00,1287413,082,1422,33,0,1790036805,,,SCHEDULED
2026-09-22T00:19:43.270707+00:00,1287413,082,1423,34,0,1790036818,,,SCHEDULED
2026-09-22T00:19:43.270707+00:00,1287413,082,1424,35,0,1790036889,,,SCHEDULED
2026-09-22T00:19:43.270707+00:00,1287413,082,1425,36,0,1790036930,,,SCHEDULED
2026-09-22T00:19:43.270707+00:00,1287413,082,1427,37,0,1790036990,,,SCHEDULED
2026-09-22T00:19:43.270707+00:00,1287413,082,1428,38,0,1790037024,,,SCHEDULED
2026-09-22T00:19:43.270707+00:00,1287413,082,9939,39,0,1790037060,,,SCHEDULED
2026-09-22T00:19:43.270707+00:00,1287413,082,1444,40,0,1790037214,,,SCHEDULED
2026-09-22T00:19:43.270707+00:00,1287413,082,1445,41,0,1790037251,,,SCHEDULED
2026-09-22T00:19:43.270707+00:00,1287413,082,1446,42,0,1790037269,,,SCHEDULED
2026-09-22T00:19:43.270707+00:00,1287413,082,563,43,0,1790037526,,,SCHEDULED
2026-09-22T00:19:43.270707+00:00,1287413,082,565,44,0,1790037543,,,SCHEDULED
2026-09-22T00:19:43.270707+00:00,1287413,082,1438,45,0,1790037583,,,SCHEDULED
2026-09-22T00:19:43.270707+00:00,1287413,082,1439,46,0,1790037603,,,SCHEDULED
2026-09-22T00:19:43.270707+00:00,1286721,068,2712,43,0,1790036359,,,SCHEDULED
2026-09-22T00:19:43.270707+00:00,1286721,068,2713,44,0,1790036377,,,SCHEDULED
2026-09-22T00:19:43.270707+00:00,1286721,068,2715,45,0,1790036410,,,SCHEDULED
2026-09-22T00:19:43.270707+00:00,1286721,068,2610,46,0,1790036474,,,SCHEDULED
2026-09-22T00:19:43.270707+00:00,1286721,068,2611,47,0,1790036506,,,SCHEDULED
2026-09-22T00:19:43.270707+00:00,1286721,068,2612,48,0,1790036567,,,SCHEDULED
2026-09-22T00:19:43.270707+00:00,1286721,068,1911,49,0,1790036643,,,SCHEDULED
2026-09-22T00:19:43.270707+00:00,1286721,068,1818,50,0,1790036721,,,SCHEDULED
2026-09-22T00:19:43.270707+00:00,1286721,068,1819,51,0,1790036759,,,SCHEDULED
2026-09-22T00:19:43.270707+00:00,1286721,068,1820,52,0,1790036793,,,SCHEDULED
2026-09-22T00:19:43.270707+00:00,1286721,068,1821,53,0,1790036841,,,SCHEDULED
2026-09-22T00:19:43.270707+00:00,1286721,068,940,54,0,1790036904,,,SCHEDULED
2026-09-22T00:19:43.270707+00:00,1286721,068,941,55,0,1790036932,,,SCHEDULED
2026-09-22T00:19:43.270707+00:00,1286721,068,2633,56,0,1790037007,,,SCHEDULED
2026-09-22T00:19:43.270707+00:00,1286721,068,9812,57,0,1790037052,,,SCHEDULED
2026-09-22T00:19:43.270707+00:00,1286721,068,2629,58,0,1790037128,,,SCHEDULED
2026-09-22T00:19:43.270707+00:00,1286721,068,2634,59,0,1790037180,,,SCHEDULED
2026-09-22T00:19:43.270707+00:00,1286721,068,2635,60,0,1790037219,,,SCHEDULED
2026-09-22T00:19:43.270707+00:00,1286721,068,2636,61,0,1790037269,,,SCHEDULED
2026-09-22T00:19:43.270707+00:00,1286721,068,2637,62,0,1790037290,,,SCHEDULED
2026-09-22T00:19:43.270707+00:00,1286721,068,2638,63,0,1790037304,,,SCHEDULED
2026-09-22T00:19:43.270707+00:00,1286721,068,2639,64,0,1790037327,,,SCHEDULED
2026-09-22T00:19:43.270707+00:00,1286721,068,1086,65,0,1790037688,,,SCHEDULED
2026-09-22T00:19:43.270707+00:00,1286721,068,1088,66,0,1790037721,,,SCHEDULED
2026-09-22T00:19:43.270707+00:00,1286721,068,1087,67,0,1790037751,,,SCHEDULED
2026-09-22T00:19:43.270707+00:00,1286721,068,2642,68,0,1790037823,,,SCHEDULED
2026-09-22T00:19:43.270707+00:00,1286963,075,318,1,,,0,1790038097,SCHEDULED
2026-09-22T00:19:43.270707+00:00,1288227,137,85206,7,0,1790036108,,,SCHEDULED
2026-09-22T00:19:43.270707+00:00,1288227,137,85207,8,0,1790036116,,,SCHEDULED
2026-09-22T00:19:43.270707+00:00,1288227,137,85091,9,0,1790036175,,,SCHEDULED
2026-09-22T00:19:43.270707+00:00,1288227,137,85092,10,0,1790036223,,,SCHEDULED
2026-09-22T00:19:43.270707+00:00,1288227,137,85178,11,0,1790036382,,,SCHEDULED
2026-09-22T00:19:43.270707+00:00,1288227,137,85179,12,0,1790036446,,,SCHEDULED
2026-09-22T00:19:43.270707+00:00,1288227,137,85180,13,0,1790036460,,,SCHEDULED
2026-09-22T00:19:43.270707+00:00,1288227,137,85181,14,0,1790036558,,,SCHEDULED
2026-09-22T00:19:43.270707+00:00,1288227,137,1715,15,0,1790036614,,,SCHEDULED
2026-09-22T00:19:43.270707+00:00,1288227,137,85619,16,0,1790036733,,,SCHEDULED
2026-09-22T00:19:43.270707+00:00,1287411,082,288,1,,,0,1790037780,SCHEDULED
2026-09-22T00:19:43.270707+00:00,1287411,082,274,2,0,1790038078,,,SCHEDULED
2026-09-22T00:19:43.270707+00:00,1285995,051,221,2,0,1790036428,,,SCHEDULED
2026-09-22T00:19:43.270707+00:00,1285995,051,222,3,0,1790036467,,,SCHEDULED
2026-09-22T00:19:43.270707+00:00,1285995,051,223,4,0,1790036501,,,SCHEDULED
2026-09-22T00:19:43.270707+00:00,1285995,051,225,5,0,1790036681,,,SCHEDULED
2026-09-22T00:19:43.270707+00:00,1285995,051,226,6,0,1790036836,,,SCHEDULED
2026-09-22T00:19:43.270707+00:00,1285995,051,108,7,0,1790036877,,,SCHEDULED
2026-09-22T00:19:43.270707+00:00,1285995,051,123,8,0,1790036927,,,SCHEDULED
2026-09-22T00:19:43.270707+00:00,1285995,051,125,9,0,1790036971,,,SCHEDULED
2026-09-22T00:19:43.270707+00:00,1285995,051,126,10,0,1790037009,,,SCHEDULED
2026-09-22T00:19:43.270707+00:00,1285995,051,127,11,0,1790037039,,,SCHEDULED
2026-09-22T00:19:43.270707+00:00,1285995,051,128,12,0,1790037178,,,SCHEDULED
2026-09-22T00:19:43.270707+00:00,1285995,051,227,13,0,1790037245,,,SCHEDULED
2026-09-22T00:19:43.270707+00:00,1285995,051,229,14,0,1790037314,,,SCHEDULED
2026-09-22T00:19:43.270707+00:00,1285995,051,231,15,0,1790037419,,,SCHEDULED
2026-09-22T00:19:43.270707+00:00,1285995,051,232,16,0,1790037553,,,SCHEDULED
2026-09-22T00:19:43.270707+00:00,1285995,051,233,17,0,1790037653,,,SCHEDULED
2026-09-22T00:19:43.270707+00:00,1285995,051,234,18,0,1790037713,,,SCHEDULED
2026-09-22T00:19:43.270707+00:00,1285995,051,235,19,0,1790037755,,,SCHEDULED
2026-09-22T00:19:43.270707+00:00,1285995,051,236,20,0,1790037840,,,SCHEDULED
2026-09-22T00:19:43.270707+00:00,1285995,051,1927,21,0,1790037911,,,SCHEDULED
2026-09-22T00:19:43.270707+00:00,1285995,051,1930,22,0,1790038007,,,SCHEDULED
2026-09-22T00:19:43.270707+00:00,1285995,051,1931,23,0,1790038083,,,SCHEDULED
2026-09-22T00:19:43.270707+00:00,1285995,051,1949,24,0,1790038111,,,SCHEDULED
2026-09-22T00:19:43.270707+00:00,1285995,051,1932,25,0,1790038127,,,SCHEDULED
2026-09-22T00:19:43.270707+00:00,1285994,051,668,1,,,0,1790037479,SCHEDULED
2026-09-22T00:19:43.270707+00:00,1285994,051,221,2,0,1790037576,,,SCHEDULED
2026-09-22T00:19:43.270707+00:00,1285994,051,222,3,0,1790037615,,,SCHEDULED
2026-09-22T00:19:43.270707+00:00,1285994,051,223,4,0,1790037649,,,SCHEDULED
2026-09-22T00:19:43.270707+00:00,1285994,051,225,5,0,1790037829,,,SCHEDULED
2026-09-22T00:19:43.270707+00:00,1285994,051,226,6,0,1790037984,,,SCHEDULED
2026-09-22T00:19:43.270707+00:00,1285994,051,108,7,0,1790038025,,,SCHEDULED
2026-09-22T00:19:43.270707+00:00,1285994,051,123,8,0,1790038075,,,SCHEDULED
2026-09-22T00:19:43.270707+00:00,1285994,051,125,9,0,1790038119,,,SCHEDULED
2026-09-22T00:19:43.270707+00:00,1287412,082,275,3,0,1790036640,,,SCHEDULED
2026-09-22T00:19:43.270707+00:00,1287412,082,3893,4,0,1790036888,,,SCHEDULED
2026-09-22T00:19:43.270707+00:00,1287412,082,3894,5,0,1790036993,,,SCHEDULED
2026-09-22T00:19:43.270707+00:00,1287412,082,3895,6,0,1790037051,,,SCHEDULED
2026-09-22T00:19:43.270707+00:00,1287412,082,1662,7,0,1790037126,,,SCHEDULED
2026-09-22T00:19:43.270707+00:00,1287412,082,1663,8,0,1790037180,,,SCHEDULED
2026-09-22T00:19:43.270707+00:00,1287412,082,1664,9,0,1790037224,,,SCHEDULED
2026-09-22T00:19:43.270707+00:00,1287412,082,1665,10,0,1790037275,,,SCHEDULED
2026-09-22T00:19:43.270707+00:00,1287412,082,1666,11,0,1790037306,,,SCHEDULED
2026-09-22T00:19:43.270707+00:00,1287412,082,1668,12,0,1790037391,,,SCHEDULED
2026-09-22T00:19:43.270707+00:00,1287412,082,1669,13,0,1790037466,,,SCHEDULED
2026-09-22T00:19:43.270707+00:00,1287412,082,1670,14,0,1790037523,,,SCHEDULED
2026-09-22T00:19:43.270707+00:00,1287412,082,1671,15,0,1790037602,,,SCHEDULED
2026-09-22T00:19:43.270707+00:00,1287412,082,1672,16,0,1790037659,,,SCHEDULED
2026-09-22T00:19:43.270707+00:00,1287412,082,1673,17,0,1790037700,,,SCHEDULED
2026-09-22T00:19:43.270707+00:00,1287412,082,1674,18,0,1790037734,,,SCHEDULED
2026-09-22T00:19:43.270707+00:00,1287412,082,1675,19,0,1790037782,,,SCHEDULED
2026-09-22T00:19:43.270707+00:00,1287412,082,1677,20,0,1790037840,,,SCHEDULED
2026-09-22T00:19:43.270707+00:00,1287412,082,1127,21,0,1790037886,,,SCHEDULED
2026-09-22T00:19:43.270707+00:00,1287412,082,1128,22,0,1790037943,,,SCHEDULED
2026-09-22T00:19:43.270707+00:00,1287412,082,1129,23,0,1790038041,,,SCHEDULED
2026-09-22T00:19:43.270707+00:00,1287412,082,1130,24,0,1790038117,,,SCHEDULED
2026-09-22T00:19:43.270707+00:00,1285997,051,1949,24,0,1790036355,,,SCHEDULED
2026-09-22T00:19:43.270707+00:00,1285997,051,1932,25,0,1790036385,,,SCHEDULED
2026-09-22T00:19:43.270707+00:00,1285997,051,1936,26,0,1790036453,,,SCHEDULED
2026-09-22T00:19:43.270707+00:00,1285997,051,1937,27,0,1790036491,,,SCHEDULED
2026-09-22T00:19:43.270707+00:00,1285997,051,1938,28,0,1790036529,,,SCHEDULED
2026-09-22T00:19:43.270707+00:00,1285997,051,1939,29,0,1790036593,,,SCHEDULED
2026-09-22T00:19:43.270707+00:00,1285997,051,1839,30,0,1790036640,,,SCHEDULED
2026-09-22T00:19:43.270707+00:00,1285997,051,1841,31,0,1790036702,,,SCHEDULED
2026-09-22T00:19:43.270707+00:00,1285997,051,1842,32,0,1790036748,,,SCHEDULED
2026-09-22T00:19:43.270707+00:00,1285997,051,1843,33,0,1790036793,,,SCHEDULED
2026-09-22T00:19:43.270707+00:00,1285997,051,1844,34,0,1790036831,,,SCHEDULED
2026-09-22T00:19:43.270707+00:00,1285997,051,1845,35,0,1790036868,,,SCHEDULED
2026-09-22T00:19:43.270707+00:00,1285997,051,1846,36,0,1790036918,,,SCHEDULED
2026-09-22T00:19:43.270707+00:00,1285997,051,1847,37,0,1790036947,,,SCHEDULED
2026-09-22T00:19:43.270707+00:00,1285997,051,1848,38,0,1790037001,,,SCHEDULED
2026-09-22T00:19:43.270707+00:00,1285997,051,1849,39,0,1790037059,,,SCHEDULED
2026-09-22T00:19:43.270707+00:00,1285997,051,1850,40,0,1790037109,,,SCHEDULED
2026-09-22T00:19:43.270707+00:00,1285997,051,1851,41,0,1790037180,,,SCHEDULED
2026-09-22T00:19:43.270707+00:00,1285997,051,1852,42,0,1790037226,,,SCHEDULED
2026-09-22T00:19:43.270707+00:00,1285997,051,1853,43,0,1790037266,,,SCHEDULED
2026-09-22T00:19:43.270707+00:00,1285997,051,1854,44,0,1790037303,,,SCHEDULED
2026-09-22T00:19:43.270707+00:00,1285997,051,1855,45,0,1790037370,,,SCHEDULED
2026-09-22T00:19:43.270707+00:00,1285997,051,1856,46,0,1790037440,,,SCHEDULED
2026-09-22T00:19:43.270707+00:00,1285997,051,1857,47,0,1790037477,,,SCHEDULED
2026-09-22T00:19:43.270707+00:00,1285997,051,1858,48,0,1790037521,,,SCHEDULED
2026-09-22T00:19:43.270707+00:00,1285997,051,1859,49,0,1790037641,,,SCHEDULED
2026-09-22T00:19:43.270707+00:00,1285997,051,1860,50,0,1790037722,,,SCHEDULED
2026-09-22T00:19:43.270707+00:00,1285997,051,1861,51,0,1790037755,,,SCHEDULED
2026-09-22T00:19:43.270707+00:00,1285997,051,2020,52,0,1790037819,,,SCHEDULED
2026-09-22T00:19:43.270707+00:00,1285997,051,2021,53,0,1790037916,,,SCHEDULED
2026-09-22T00:19:43.270707+00:00,1285997,051,3130,54,0,1790037979,,,SCHEDULED
2026-09-22T00:19:43.270707+00:00,1285996,051,231,15,0,1790036373,,,SCHEDULED
2026-09-22T00:19:43.270707+00:00,1285996,051,232,16,0,1790036488,,,SCHEDULED
2026-09-22T00:19:43.270707+00:00,1285996,051,233,17,0,1790036588,,,SCHEDULED
2026-09-22T00:19:43.270707+00:00,1285996,051,234,18,0,1790036648,,,SCHEDULED
2026-09-22T00:19:43.270707+00:00,1285996,051,235,19,0,1790036690,,,SCHEDULED
2026-09-22T00:19:43.270707+00:00,1285996,051,236,20,0,1790036775,,,SCHEDULED
2026-09-22T00:19:43.270707+00:00,1285996,051,1927,21,0,1790036846,,,SCHEDULED
2026-09-22T00:19:43.270707+00:00,1285996,051,1930,22,0,1790036942,,,SCHEDULED
2026-09-22T00:19:43.270707+00:00,1285996,051,1931,23,0,1790037018,,,SCHEDULED
2026-09-22T00:19:43.270707+00:00,1285996,051,1949,24,0,1790037046,,,SCHEDULED
2026-09-22T00:19:43.270707+00:00,1285996,051,1932,25,0,1790037062,,,SCHEDULED
2026-09-22T00:19:43.270707+00:00,1285996,051,1936,26,0,1790037135,,,SCHEDULED
2026-09-22T00:19:43.270707+00:00,1285996,051,1937,27,0,1790037181,,,SCHEDULED
2026-09-22T00:19:43.270707+00:00,1285996,051,1938,28,0,1790037200,,,SCHEDULED
2026-09-22T00:19:43.270707+00:00,1285996,051,1939,29,0,1790037216,,,SCHEDULED
2026-09-22T00:19:43.270707+00:00,1285996,051,1839,30,0,1790037292,,,SCHEDULED
2026-09-22T00:19:43.270707+00:00,1285996,051,1841,31,0,1790037380,,,SCHEDULED
2026-09-22T00:19:43.270707+00:00,1285996,051,1842,32,0,1790037400,,,SCHEDULED
2026-09-22T00:19:43.270707+00:00,1285996,051,1843,33,0,1790037445,,,SCHEDULED
2026-09-22T00:19:43.270707+00:00,1285996,051,1844,34,0,1790037520,,,SCHEDULED
2026-09-22T00:19:43.270707+00:00,1285996,051,1845,35,0,1790037546,,,SCHEDULED
2026-09-22T00:19:43.270707+00:00,1285996,051,1846,36,0,1790037580,,,SCHEDULED
2026-09-22T00:19:43.270707+00:00,1285996,051,1847,37,0,1790037595,,,SCHEDULED
2026-09-22T00:19:43.270707+00:00,1285996,051,1848,38,0,1790037624,,,SCHEDULED
2026-09-22T00:19:43.270707+00:00,1285996,051,1849,39,0,1790037695,,,SCHEDULED
2026-09-22T00:19:43.270707+00:00,1285996,051,1850,40,0,1790037744,,,SCHEDULED
2026-09-22T00:19:43.270707+00:00,1285996,051,1851,41,0,1790037877,,,SCHEDULED
2026-09-22T00:19:43.270707+00:00,1285996,051,1852,42,0,1790037931,,,SCHEDULED
2026-09-22T00:19:43.270707+00:00,1285996,051,1853,43,0,1790037963,,,SCHEDULED
2026-09-22T00:19:43.270707+00:00,1285996,051,1854,44,0,1790037969,,,SCHEDULED
2026-09-22T00:19:43.270707+00:00,1285996,051,1855,45,0,1790037980,,,SCHEDULED
2026-09-22T00:19:43.270707+00:00,1286964,075,4210,2,0,1790036563,,,SCHEDULED
2026-09-22T00:19:43.270707+00:00,1286964,075,1432,3,0,1790036649,,,SCHEDULED
2026-09-22T00:19:43.270707+00:00,1286964,075,1398,4,0,1790036715,,,SCHEDULED
2026-09-22T00:19:43.270707+00:00,1286964,075,3851,5,0,1790036757,,,SCHEDULED
2026-09-22T00:19:43.270707+00:00,1286964,075,1418,6,0,1790036835,,,SCHEDULED
2026-09-22T00:19:43.270707+00:00,1286964,075,1420,7,0,1790036972,,,SCHEDULED
2026-09-22T00:19:43.270707+00:00,1285999,051,1861,51,0,1790036451,,,SCHEDULED
2026-09-22T00:19:43.270707+00:00,1285999,051,2020,52,0,1790036488,,,SCHEDULED
2026-09-22T00:19:43.270707+00:00,1285999,051,2021,53,0,1790036586,,,SCHEDULED
2026-09-22T00:19:43.270707+00:00,1285999,051,3130,54,0,1790036640,,,SCHEDULED
2026-09-22T00:19:43.270707+00:00,1286722,068,4441,5,0,1790036359,,,SCHEDULED
2026-09-22T00:19:43.270707+00:00,1286722,068,4015,6,0,1790036442,,,SCHEDULED
2026-09-22T00:19:43.270707+00:00,1286722,068,4016,7,0,1790036473,,,SCHEDULED
2026-09-22T00:19:43.270707+00:00,1286722,068,4017,8,0,1790036526,,,SCHEDULED
2026-09-22T00:19:43.270707+00:00,1286722,068,3914,9,0,1790036765,,,SCHEDULED
2026-09-22T00:19:43.270707+00:00,1286722,068,3836,10,0,1790036814,,,SCHEDULED
2026-09-22T00:19:43.270707+00:00,1286722,068,2375,11,0,1790037114,,,SCHEDULED
2026-09-22T00:19:43.270707+00:00,1286722,068,2376,12,0,1790037153,,,SCHEDULED
2026-09-22T00:19:43.270707+00:00,1286722,068,2377,13,0,1790037205,,,SCHEDULED
2026-09-22T00:19:43.270707+00:00,1286722,068,2378,14,0,1790037278,,,SCHEDULED
2026-09-22T00:19:43.270707+00:00,1286722,068,2379,15,0,1790037311,,,SCHEDULED
2026-09-22T00:19:43.270707+00:00,1286722,068,2381,16,0,1790037468,,,SCHEDULED
2026-09-22T00:19:43.270707+00:00,1286722,068,2382,17,0,1790037606,,,SCHEDULED
2026-09-22T00:19:43.270707+00:00,1286722,068,2383,18,0,1790037674,,,SCHEDULED
2026-09-22T00:19:43.270707+00:00,1286722,068,2385,19,0,1790037743,,,SCHEDULED
2026-09-22T00:19:43.270707+00:00,1286722,068,2014,20,0,1790037878,,,SCHEDULED
2026-09-22T00:19:43.270707+00:00,1286722,068,2015,21,0,1790037932,,,SCHEDULED
2026-09-22T00:19:43.270707+00:00,1286722,068,2016,22,0,1790037941,,,SCHEDULED
2026-09-22T00:19:43.270707+00:00,1286722,068,2166,23,0,1790037949,,,SCHEDULED
2026-09-22T00:19:43.270707+00:00,1286722,068,1884,24,0,1790038134,,,SCHEDULED
2026-09-22T00:19:43.270707+00:00,1285998,051,1850,40,0,1790036355,,,SCHEDULED
2026-09-22T00:19:43.270707+00:00,1285998,051,1851,41,0,1790036488,,,SCHEDULED
2026-09-22T00:19:43.270707+00:00,1285998,051,1852,42,0,1790036542,,,SCHEDULED
2026-09-22T00:19:43.270707+00:00,1285998,051,1853,43,0,1790036574,,,SCHEDULED
2026-09-22T00:19:43.270707+00:00,1285998,051,1854,44,0,1790036580,,,SCHEDULED
2026-09-22T00:19:43.270707+00:00,1285998,051,1855,45,0,1790036591,,,SCHEDULED
2026-09-22T00:19:43.270707+00:00,1285998,051,1856,46,0,1790036637,,,SCHEDULED
2026-09-22T00:19:43.270707+00:00,1285998,051,1857,47,0,1790036714,,,SCHEDULED
2026-09-22T00:19:43.270707+00:00,1285998,051,1858,48,0,1790036737,,,SCHEDULED
2026-09-22T00:19:43.270707+00:00,1285998,051,1859,49,0,1790036795,,,SCHEDULED
2026-09-22T00:19:43.270707+00:00,1285998,051,1860,50,0,1790036902,,,SCHEDULED
2026-09-22T00:19:43.270707+00:00,1285998,051,1861,51,0,1790037003,,,SCHEDULED
2026-09-22T00:19:43.270707+00:00,1285998,051,2020,52,0,1790037040,,,SCHEDULED
2026-09-22T00:19:43.270707+00:00,1285998,051,2021,53,0,1790037138,,,SCHEDULED
2026-09-22T00:19:43.270707+00:00,1285998,051,3130,54,0,1790037192,,,SCHEDULED
2026-09-22T00:19:43.270707+00:00,1288229,137,1714,1,,,0,1790038151,SCHEDULED
2026-09-22T00:19:43.270707+00:00,1286723,068,885,1,,,0,1790037300,SCHEDULED
2026-09-22T00:19:43.270707+00:00,1286723,068,286,2,0,1790037801,,,SCHEDULED
2026-09-22T00:19:43.270707+00:00,1286723,068,4439,3,0,1790037865,,,SCHEDULED
2026-09-22T00:19:43.270707+00:00,1286723,068,4440,4,0,1790037889,,,SCHEDULED
2026-09-22T00:19:43.270707+00:00,1286723,068,4441,5,0,1790037900,,,SCHEDULED
2026-09-22T00:19:43.270707+00:00,1286723,068,4015,6,0,1790037968,,,SCHEDULED
2026-09-22T00:19:43.270707+00:00,1286723,068,4016,7,0,1790037989,,,SCHEDULED
2026-09-22T00:19:43.270707+00:00,1286723,068,4017,8,0,1790038032,,,SCHEDULED
2026-09-22T00:19:43.270707+00:00,1284826,015,9807,1,,,0,1790037881,SCHEDULED
2026-09-22T00:19:43.270707+00:00,1284826,015,545,2,0,1790037955,,,SCHEDULED
2026-09-22T00:19:43.270707+00:00,1284826,015,547,3,0,1790038063,,,SCHEDULED
2026-09-22T00:19:43.270707+00:00,1284826,015,548,4,0,1790038109,,,SCHEDULED
2026-09-22T00:19:43.270707+00:00,1284826,015,549,5,0,1790038126,,,SCHEDULED
2026-09-22T00:19:43.270707+00:00,1288182,103,458,9,0,1790036367,,,SCHEDULED
2026-09-22T00:19:43.270707+00:00,1288182,103,250,10,0,1790036494,,,SCHEDULED
2026-09-22T00:19:43.270707+00:00,1288182,103,251,11,0,1790036544,,,SCHEDULED
2026-09-22T00:19:43.270707+00:00,1288182,103,252,12,0,1790036581,,,SCHEDULED
2026-09-22T00:19:43.270707+00:00,1288182,103,253,13,0,1790036603,,,SCHEDULED
2026-09-22T00:19:43.270707+00:00,1288182,103,254,14,0,1790036624,,,SCHEDULED
2026-09-22T00:19:43.270707+00:00,1288182,103,255,15,0,1790036647,,,SCHEDULED
2026-09-22T00:19:43.270707+00:00,1288182,103,257,16,0,1790036681,,,SCHEDULED
2026-09-22T00:19:43.270707+00:00,1288182,103,258,17,0,1790036702,,,SCHEDULED
2026-09-22T00:19:43.270707+00:00,1288182,103,259,18,0,1790036747,,,SCHEDULED
2026-09-22T00:19:43.270707+00:00,1288182,103,260,19,0,1790036772,,,SCHEDULED
2026-09-22T00:19:43.270707+00:00,1288182,103,261,20,0,1790036790,,,SCHEDULED
2026-09-22T00:19:43.270707+00:00,1288182,103,262,21,0,1790036821,,,SCHEDULED
2026-09-22T00:19:43.270707+00:00,1288182,103,264,22,0,1790036873,,,SCHEDULED
2026-09-22T00:19:43.270707+00:00,1288182,103,263,23,0,1790036903,,,SCHEDULED
2026-09-22T00:19:43.270707+00:00,1288182,103,157,24,0,1790036924,,,SCHEDULED
2026-09-22T00:19:43.270707+00:00,1288182,103,158,25,0,1790036957,,,SCHEDULED
2026-09-22T00:19:43.270707+00:00,1288182,103,159,26,0,1790036971,,,SCHEDULED
2026-09-22T00:19:43.270707+00:00,1288182,103,160,27,0,1790036989,,,SCHEDULED
2026-09-22T00:19:43.270707+00:00,1288182,103,161,28,0,1790037029,,,SCHEDULED
2026-09-22T00:19:43.270707+00:00,1288182,103,877,29,0,1790037048,,,SCHEDULED
2026-09-22T00:19:43.270707+00:00,1288182,103,162,30,0,1790037069,,,SCHEDULED
2026-09-22T00:19:43.270707+00:00,1288182,103,163,31,0,1790037090,,,SCHEDULED
2026-09-22T00:19:43.270707+00:00,1288182,103,164,32,0,1790037104,,,SCHEDULED
2026-09-22T00:19:43.270707+00:00,1288182,103,165,33,0,1790037131,,,SCHEDULED
2026-09-22T00:19:43.270707+00:00,1288182,103,166,34,0,1790037185,,,SCHEDULED
2026-09-22T00:19:43.270707+00:00,1288182,103,167,35,0,1790037211,,,SCHEDULED
2026-09-22T00:19:43.270707+00:00,1288182,103,173,36,0,1790037235,,,SCHEDULED
2026-09-22T00:19:43.270707+00:00,1288182,103,168,37,0,1790037274,,,SCHEDULED
2026-09-22T00:19:43.270707+00:00,1288182,103,169,38,0,1790037317,,,SCHEDULED
2026-09-22T00:19:43.270707+00:00,1288182,103,170,39,0,1790037351,,,SCHEDULED
2026-09-22T00:19:43.270707+00:00,1288182,103,171,40,0,1790037471,,,SCHEDULED
2026-09-22T00:19:43.270707+00:00,1288184,103,165,33,0,1790036410,,,SCHEDULED
2026-09-22T00:19:43.270707+00:00,1288184,103,166,34,0,1790036509,,,SCHEDULED
2026-09-22T00:19:43.270707+00:00,1288184,103,167,35,0,1790036547,,,SCHEDULED
2026-09-22T00:19:43.270707+00:00,1288184,103,173,36,0,1790036604,,,SCHEDULED
2026-09-22T00:19:43.270707+00:00,1288184,103,168,37,0,1790036665,,,SCHEDULED
2026-09-22T00:19:43.270707+00:00,1288184,103,169,38,0,1790036731,,,SCHEDULED
2026-09-22T00:19:43.270707+00:00,1288184,103,170,39,0,1790036797,,,SCHEDULED
2026-09-22T00:19:43.270707+00:00,1288184,103,171,40,0,1790036958,,,SCHEDULED
2026-09-22T00:19:43.270707+00:00,1287096,078,9920,1,,,0,1790037444,SCHEDULED
2026-09-22T00:19:43.270707+00:00,1287096,078,2760,2,0,1790037636,,,SCHEDULED
2026-09-22T00:19:43.270707+00:00,1287096,078,2761,3,0,1790037673,,,SCHEDULED
2026-09-22T00:19:43.270707+00:00,1287096,078,2762,4,0,1790037743,,,SCHEDULED
2026-09-22T00:19:43.270707+00:00,1287096,078,2763,5,0,1790037838,,,SCHEDULED
2026-09-22T00:19:43.270707+00:00,1287096,078,2764,6,0,1790037939,,,SCHEDULED
