poll_time,trip_id,route_id,stop_id,stop_sequence,arrival_delay,arrival_time,departure_delay,departure_time,schedule_relationship
2026-09-17T00:25:05.267043+00:00,1284394,011,5348,50,0,1789604717,,,SCHEDULED
2026-09-17T00:25:05.267043+00:00,1284394,011,5201,51,0,1789604798,,,SCHEDULED
2026-09-17T00:25:05.267043+00:00,1284394,011,8900,52,0,1789604911,,,SCHEDULED
2026-09-17T00:25:05.267043+00:00,1284394,011,8901,53,0,1789604980,,,SCHEDULED
2026-09-17T00:25:05.267043+00:00,1284394,011,8902,54,0,1789605050,,,SCHEDULED
2026-09-17T00:25:05.267043+00:00,1284394,011,8903,55,0,1789605145,,,SCHEDULED
2026-09-17T00:25:05.267043+00:00,1284394,011,8904,56,0,1789605225,,,SCHEDULED
2026-09-17T00:25:05.267043+00:00,1284394,011,8905,57,0,1789605288,,,SCHEDULED
2026-09-17T00:25:05.267043+00:00,1284394,011,8906,58,0,1789605329,,,SCHEDULED
2026-09-17T00:25:05.267043+00:00,1284394,011,8907,59,0,1789605360,,,SCHEDULED
2026-09-17T00:25:05.267043+00:00,1284394,011,8908,60,0,1789605387,,,SCHEDULED
2026-09-17T00:25:05.267043+00:00,1286178,056,498,25,0,1789604753,,,SCHEDULED
2026-09-17T00:25:05.267043+00:00,1286178,056,500,26,0,1789604821,,,SCHEDULED
2026-09-17T00:25:05.267043+00:00,1286178,056,501,27,0,1789604854,,,SCHEDULED
2026-09-17T00:25:05.267043+00:00,1286178,056,502,28,0,1789604880,,,SCHEDULED
2026-09-17T00:25:05.267043+00:00,1286178,056,503,29,0,1789605035,,,SCHEDULED
2026-09-17T00:25:05.267043+00:00,1286178,056,504,30,0,1789605138,,,SCHEDULED
2026-09-17T00:25:05.267043+00:00,1286178,056,505,31,0,1789605141,,,SCHEDULED
2026-09-17T00:25:05.267043+00:00,1286178,056,4134,32,0,1789605144,,,SCHEDULED
2026-09-17T00:25:05.267043+00:00,1286178,056,4136,33,0,1789605192,,,SCHEDULED
2026-09-17T00:25:05.267043+00:00,1286178,056,4137,34,0,1789605248,,,SCHEDULED
2026-09-17T00:25:05.267043+00:00,1286453,062,4141,2,0,1789604713,,,SCHEDULED
2026-09-17T00:25:05.267043+00:00,1286453,062,4142,3,0,1789604759,,,SCHEDULED
2026-09-17T00:25:05.267043+00:00,1286453,062,4143,4,0,1789604898,,,SCHEDULED
2026-09-17T00:25:05.267043+00:00,1286453,062,5251,5,0,1789604941,,,SCHEDULED
2026-09-17T00:25:05.267043+00:00,1286453,062,4144,6,0,1789604959,,,SCHEDULED
2026-09-17T00:25:05.267043+00:00,1286453,062,4145,7,0,1789604974,,,SCHEDULED
2026-09-17T00:25:05.267043+00:00,1286453,062,4146,8,0,1789604995,,,SCHEDULED
2026-09-17T00:25:05.267043+00:00,1286453,062,506,9,0,1789605049,,,SCHEDULED
2026-09-17T00:25:05.267043+00:00,1286453,062,507,10,0,1789605066,,,SCHEDULED
2026-09-17T00:25:05.267043+00:00,1286453,062,508,11,0,1789605129,,,SCHEDULED
2026-09-17T00:25:05.267043+00:00,1286453,062,509,12,0,1789605157,,,SCHEDULED
2026-09-17T00:25:05.267043+00:00,1286453,062,510,13,0,1789605185,,,SCHEDULED
2026-09-17T00:25:05.267043+00:00,1286453,062,511,14,0,1789605220,,,SCHEDULED
2026-09-17T00:25:05.267043+00:00,1286453,062,513,15,0,1789605302,,,SCHEDULED
2026-09-17T00:25:05.267043+00:00,1286453,062,514,16,0,1789605366,,,SCHEDULED
2026-09-17T00:25:05.267043+00:00,1286453,062,515,17,0,1789605398,,,SCHEDULED
2026-09-17T00:25:05.267043+00:00,1286453,062,516,18,0,1789605422,,,SCHEDULED
2026-09-17T00:25:05.267043+00:00,1286453,062,517,19,0,1789605434,,,SCHEDULED
2026-09-17T00:25:05.267043+00:00,1286453,062,518,20,0,1789605481,,,SCHEDULED
2026-09-17T00:25:05.267043+00:00,1286453,062,2331,21,0,1789605511,,,SCHEDULED
2026-09-17T00:25:05.267043+00:00,1286453,062,2332,22,0,1789605541,,,SCHEDULED
2026-09-17T00:25:05.267043+00:00,1286453,062,2333,23,0,1789605571,,,SCHEDULED
2026-09-17T00:25:05.267043+00:00,1286453,062,2334,24,0,1789605598,,,SCHEDULED
2026-09-17T00:25:05.267043+00:00,1286453,062,2335,25,0,1789605629,,,SCHEDULED
2026-09-17T00:25:05.267043+00:00,1286453,062,1352,26,0,1789605667,,,SCHEDULED
2026-09-17T00:25:05.267043+00:00,1286453,062,2337,27,0,1789605711,,,SCHEDULED
2026-09-17T00:25:05.267043+00:00,1286453,062,2338,28,0,1789605750,,,SCHEDULED
2026-09-17T00:25:05.267043+00:00,1286453,062,2339,29,0,1789605775,,,SCHEDULED
2026-09-17T00:25:05.267043+00:00,1286453,062,2341,30,0,1789605802,,,SCHEDULED
2026-09-17T00:25:05.267043+00:00,1286453,062,2342,31,0,1789605829,,,SCHEDULED
2026-09-17T00:25:05.267043+00:00,1286453,062,2229,32,0,1789605936,,,SCHEDULED
2026-09-17T00:25:05.267043+00:00,1286453,062,2230,33,0,1789606039,,,SCHEDULED
2026-09-17T00:25:05.267043+00:00,1286453,062,2231,34,0,1789606074,,,SCHEDULED
2026-09-17T00:25:05.267043+00:00,1286453,062,2232,35,0,1789606102,,,SCHEDULED
2026-09-17T00:25:05.267043+00:00,1286453,062,2233,36,0,1789606178,,,SCHEDULED
2026-09-17T00:25:05.267043+00:00,1286453,062,2234,37,0,1789606207,,,SCHEDULED
2026-09-17T00:25:05.267043+00:00,1286453,062,2235,38,0,1789606258,,,SCHEDULED
2026-09-17T00:25:05.267043+00:00,1286453,062,2236,39,0,1789606311,,,SCHEDULED
2026-09-17T00:25:05.267043+00:00,1286453,062,2237,40,0,1789606365,,,SCHEDULED
2026-09-17T00:25:05.267043+00:00,1286453,062,2238,41,0,1789606386,,,SCHEDULED
2026-09-17T00:25:05.267043+00:00,1286453,062,2239,42,0,1789606411,,,SCHEDULED
2026-09-17T00:25:05.267043+00:00,1286453,062,2240,43,0,1789606436,,,SCHEDULED
2026-09-17T00:25:05.267043+00:00,1288199,113,4705,13,0,1789604712,,,SCHEDULED
2026-09-17T00:25:05.267043+00:00,1288199,113,4706,14,0,1789604755,,,SCHEDULED
2026-09-17T00:25:05.267043+00:00,1288199,113,4707,15,0,1789604850,,,SCHEDULED
2026-09-17T00:25:05.267043+00:00,1288199,113,4751,16,0,1789604886,,,SCHEDULED
2026-09-17T00:25:05.267043+00:00,1288199,113,5271,17,0,1789605022,,,SCHEDULED
2026-09-17T00:25:05.267043+00:00,1284791,015,862,16,0,1789604696,,,SCHEDULED
2026-09-17T00:25:05.267043+00:00,1284791,015,863,17,0,1789604775,,,SCHEDULED
2026-09-17T00:25:05.267043+00:00,1284791,015,864,18,0,1789604810,,,SCHEDULED
2026-09-17T00:25:05.267043+00:00,1284791,015,865,19,0,1789604851,,,SCHEDULED
2026-09-17T00:25:05.267043+00:00,1284791,015,866,20,0,1789604921,,,SCHEDULED
2026-09-17T00:25:05.267043+00:00,1284791,015,867,21,0,1789604955,,,SCHEDULED
2026-09-17T00:25:05.267043+00:00,1284791,015,593,22,0,1789604981,,,SCHEDULED
2026-09-17T00:25:05.267043+00:00,1284791,015,594,23,0,1789605041,,,SCHEDULED
2026-09-17T00:25:05.267043+00:00,1284791,015,595,24,0,1789605063,,,SCHEDULED
2026-09-17T00:25:05.267043+00:00,1284791,015,596,25,0,1789605132,,,SCHEDULED
2026-09-17T00:25:05.267043+00:00,1284791,015,284,26,0,1789605186,,,SCHEDULED
2026-09-17T00:25:05.267043+00:00,1287941,088,684,3,0,1789604767,,,SCHEDULED
2026-09-17T00:25:05.267043+00:00,1287941,088,685,4,0,1789604817,,,SCHEDULED
2026-09-17T00:25:05.267043+00:00,1287941,088,1400,5,0,1789604872,,,SCHEDULED
2026-09-17T00:25:05.267043+00:00,1287941,088,1401,6,0,1789604909,,,SCHEDULED
2026-09-17T00:25:05.267043+00:00,1287941,088,1402,7,0,1789604930,,,SCHEDULED
2026-09-17T00:25:05.267043+00:00,1287941,088,1403,8,0,1789604978,,,SCHEDULED
2026-09-17T00:25:05.267043+00:00,1287941,088,1404,9,0,1789605004,,,SCHEDULED
2026-09-17T00:25:05.267043+00:00,1287941,088,1405,10,0,1789605093,,,SCHEDULED
2026-09-17T00:25:05.267043+00:00,1287941,088,1406,11,0,1789605129,,,SCHEDULED
2026-09-17T00:25:05.267043+00:00,1287941,088,1407,12,0,1789605179,,,SCHEDULED
2026-09-17T00:25:05.267043+00:00,1287941,088,1408,13,0,1789605207,,,SCHEDULED
2026-09-17T00:25:05.267043+00:00,1287941,088,1409,14,0,1789605264,,,SCHEDULED
2026-09-17T00:25:05.267043+00:00,1287941,088,1410,15,0,1789605357,,,SCHEDULED
2026-09-17T00:25:05.267043+00:00,1287941,088,1411,16,0,1789605426,,,SCHEDULED
2026-09-17T00:25:05.267043+00:00,1287941,088,1412,17,0,1789605523,,,SCHEDULED
2026-09-17T00:25:05.267043+00:00,1287941,088,1413,18,0,1789605557,,,SCHEDULED
2026-09-17T00:25:05.267043+00:00,1287941,088,1414,19,0,1789605711,,,SCHEDULED
2026-09-17T00:25:05.267043+00:00,1287941,088,1415,20,0,1789605740,,,SCHEDULED
2026-09-17T00:25:05.267043+00:00,1287941,088,1416,21,0,1789605798,,,SCHEDULED
2026-09-17T00:25:05.267043+00:00,1287941,088,1417,22,0,1789605842,,,SCHEDULED
2026-09-17T00:25:05.267043+00:00,1287941,088,413,23,0,1789606194,,,SCHEDULED
2026-09-17T00:25:05.267043+00:00,1287941,088,414,24,0,1789606251,,,SCHEDULED
2026-09-17T00:25:05.267043+00:00,1287941,088,415,25,0,1789606295,,,SCHEDULED
2026-09-17T00:25:05.267043+00:00,1287941,088,416,26,0,1789606361,,,SCHEDULED
2026-09-17T00:25:05.267043+00:00,1287820,087,3182,7,0,1789604692,,,SCHEDULED
2026-09-17T00:25:05.267043+00:00,1287820,087,3183,8,0,1789604777,,,SCHEDULED
2026-09-17T00:25:05.267043+00:00,1287820,087,3184,9,0,1789604839,,,SCHEDULED
2026-09-17T00:25:05.267043+00:00,1287820,087,3185,10,0,1789604961,,,SCHEDULED
2026-09-17T00:25:05.267043+00:00,1287820,087,3187,11,0,1789605073,,,SCHEDULED
2026-09-17T00:25:05.267043+00:00,1287820,087,3188,12,0,1789605130,,,SCHEDULED
2026-09-17T00:25:05.267043+00:00,1287820,087,3189,13,0,1789605297,,,SCHEDULED
2026-09-17T00:25:05.267043+00:00,1287820,087,3190,14,0,1789605385,,,SCHEDULED
2026-09-17T00:25:05.267043+00:00,1287820,087,3191,15,0,1789605448,,,SCHEDULED
2026-09-17T00:25:05.267043+00:00,1287820,087,3192,16,0,1789605526,,,SCHEDULED
2026-09-17T00:25:05.267043+00:00,1287820,087,3193,17,0,1789605648,,,SCHEDULED
2026-09-17T00:25:05.267043+00:00,1287820,087,275,18,0,1789605880,,,SCHEDULED
2026-09-17T00:25:05.267043+00:00,1287820,087,276,19,0,1789606137,,,SCHEDULED
2026-09-17T00:25:05.267043+00:00,1284673,013,1334,1,,,0,1789605007,SCHEDULED
2026-09-17T00:25:05.267043+00:00,1284673,013,1335,2,0,1789605173,,,SCHEDULED
2026-09-17T00:25:05.267043+00:00,1284673,013,1347,3,0,1789605407,,,SCHEDULED
2026-09-17T00:25:05.267043+00:00,1284673,013,8909,4,0,1789605526,,,SCHEDULED
2026-09-17T00:25:05.267043+00:00,1284673,013,8911,5,0,1789605582,,,SCHEDULED
2026-09-17T00:25:05.267043+00:00,1284673,013,8910,6,0,1789605663,,,SCHEDULED
2026-09-17T00:25:05.267043+00:00,1284673,013,8912,7,0,1789605751,,,SCHEDULED
2026-09-17T00:25:05.267043+00:00,1284673,013,8913,8,0,1789605787,,,SCHEDULED
2026-09-17T00:25:05.267043+00:00,1284673,013,3158,9,0,1789605967,,,SCHEDULED
2026-09-17T00:25:05.267043+00:00,1284673,013,3159,10,0,1789606035,,,SCHEDULED
2026-09-17T00:25:05.267043+00:00,1284673,013,3160,11,0,1789606074,,,SCHEDULED
2026-09-17T00:25:05.267043+00:00,1284673,013,3161,12,0,1789606123,,,SCHEDULED
2026-09-17T00:25:05.267043+00:00,1284673,013,3163,13,0,1789606223,,,SCHEDULED
2026-09-17T00:25:05.267043+00:00,1284673,013,3164,14,0,1789606267,,,SCHEDULED
2026-09-17T00:25:05.267043+00:00,1284673,013,4703,15,0,1789606303,,,SCHEDULED
2026-09-17T00:25:05.267043+00:00,1284673,013,4704,16,0,1789606388,,,SCHEDULED
2026-09-17T00:25:05.267043+00:00,1284673,013,4705,17,0,1789606441,,,SCHEDULED
2026-09-17T00:25:05.267043+00:00,1286214,056,4140,1,,,0,1789605862,SCHEDULED
2026-09-17T00:25:05.267043+00:00,1286214,056,4141,2,0,1789605894,,,SCHEDULED
2026-09-17T00:25:05.267043+00:00,1286214,056,4142,3,0,1789605941,,,SCHEDULED
2026-09-17T00:25:05.267043+00:00,1286214,056,4143,4,0,1789606046,,,SCHEDULED
2026-09-17T00:25:05.267043+00:00,1286214,056,5251,5,0,1789606094,,,SCHEDULED
2026-09-17T00:25:05.267043+00:00,1286214,056,4144,6,0,1789606112,,,SCHEDULED
2026-09-17T00:25:05.267043+00:00,1286214,056,4145,7,0,1789606131,,,SCHEDULED
2026-09-17T00:25:05.267043+00:00,1286214,056,4146,8,0,1789606154,,,SCHEDULED
2026-09-17T00:25:05.267043+00:00,1286214,056,478,9,0,1789606194,,,SCHEDULED
2026-09-17T00:25:05.267043+00:00,1286214,056,172,10,0,1789606330,,,SCHEDULED
2026-09-17T00:25:05.267043+00:00,1284277,010,11050,8,0,1789604748,,,SCHEDULED
2026-09-17T00:25:05.267043+00:00,1284277,010,11039,9,0,1789604945,,,SCHEDULED
2026-09-17T00:25:05.267043+00:00,1284277,010,11040,10,0,1789604966,,,SCHEDULED
2026-09-17T00:25:05.267043+00:00,1284277,010,11135,11,0,1789605013,,,SCHEDULED
2026-09-17T00:25:05.267043+00:00,1284277,010,11104,12,0,1789605033,,,SCHEDULED
2026-09-17T00:25:05.267043+00:00,1284277,010,11108,13,0,1789605084,,,SCHEDULED
2026-09-17T00:25:05.267043+00:00,1284277,010,11127,14,0,1789605127,,,SCHEDULED
2026-09-17T00:25:05.267043+00:00,1284277,010,11002,15,0,1789605256,,,SCHEDULED
2026-09-17T00:25:05.267043+00:00,1284277,010,11157,16,0,1789605356,,,SCHEDULED
2026-09-17T00:25:05.267043+00:00,1284277,010,11033,17,0,1789605434,,,SCHEDULED
2026-09-17T00:25:05.267043+00:00,1284277,010,11035,18,0,1789605665,,,SCHEDULED
2026-09-17T00:25:05.267043+00:00,1284277,010,11034,19,0,1789605709,,,SCHEDULED
2026-09-17T00:25:05.267043+00:00,1284277,010,11036,20,0,1789605812,,,SCHEDULED
2026-09-17T00:25:05.267043+00:00,1284277,010,11109,21,0,1789605967,,,SCHEDULED
2026-09-17T00:25:05.267043+00:00,1284277,010,11118,22,0,1789606007,,,SCHEDULED
2026-09-17T00:25:05.267043+00:00,1284277,010,11119,23,0,1789606085,,,SCHEDULED
2026-09-17T00:25:05.267043+00:00,1284277,010,11120,24,0,1789606139,,,SCHEDULED
2026-09-17T00:25:05.267043+00:00,1284277,010,11121,25,0,1789606162,,,SCHEDULED
2026-09-17T00:25:05.267043+00:00,1284277,010,11156,26,0,1789606255,,,SCHEDULED
2026-09-17T00:25:05.267043+00:00,1284277,010,11207,27,0,1789606286,,,SCHEDULED
2026-09-17T00:25:05.267043+00:00,1287545,084,1285,1,,,0,1789605136,SCHEDULED
2026-09-17T00:25:05.267043+00:00,1287545,084,1618,2,0,1789605214,,,SCHEDULED
2026-09-17T00:25:05.267043+00:00,1287545,084,1306,3,0,1789605257,,,SCHEDULED
2026-09-17T00:25:05.267043+00:00,1287545,084,1570,4,0,1789605364,,,SCHEDULED
2026-09-17T00:25:05.267043+00:00,1287545,084,1307,5,0,1789605400,,,SCHEDULED
2026-09-17T00:25:05.267043+00:00,1287545,084,4003,6,0,1789605574,,,SCHEDULED
2026-09-17T00:25:05.267043+00:00,1287545,084,4004,7,0,1789605611,,,SCHEDULED
2026-09-17T00:25:05.267043+00:00,1287545,084,4005,8,0,1789605658,,,SCHEDULED
2026-09-17T00:25:05.267043+00:00,1287545,084,4006,9,0,1789605806,,,SCHEDULED
2026-09-17T00:25:05.267043+00:00,1287545,084,4007,10,0,1789605885,,,SCHEDULED
2026-09-17T00:25:05.267043+00:00,1287545,084,3950,11,0,1789605930,,,SCHEDULED
2026-09-17T00:25:05.267043+00:00,1287545,084,3951,12,0,1789605976,,,SCHEDULED
2026-09-17T00:25:05.267043+00:00,1287545,084,3953,13,0,1789606021,,,SCHEDULED
2026-09-17T00:25:05.267043+00:00,1287545,084,3954,14,0,1789606040,,,SCHEDULED
2026-09-17T00:25:05.267043+00:00,1287545,084,3955,15,0,1789606073,,,SCHEDULED
2026-09-17T00:25:05.267043+00:00,1287545,084,3956,16,0,1789606098,,,SCHEDULED
2026-09-17T00:25:05.267043+00:00,1287545,084,3957,17,0,1789606123,,,SCHEDULED
2026-09-17T00:25:05.267043+00:00,1287545,084,3063,18,0,1789606187,,,SCHEDULED
2026-09-17T00:25:05.267043+00:00,1287545,084,3064,19,0,1789606243,,,SCHEDULED
2026-09-17T00:25:05.267043+00:00,1287545,084,3065,20,0,1789606272,,,SCHEDULED
2026-09-17T00:25:05.267043+00:00,1287545,084,3066,21,0,1789606308,,,SCHEDULED
2026-09-17T00:25:05.267043+00:00,1287545,084,3067,22,0,1789606359,,,SCHEDULED
2026-09-17T00:25:05.267043+00:00,1287545,084,3068,23,0,1789606410,,,SCHEDULED
2026-09-17T00:25:05.267043+00:00,1287545,084,3069,24,0,1789606439,,,SCHEDULED
2026-09-17T00:25:05.267043+00:00,1287666,086,241,1,,,0,1789605504,SCHEDULED
2026-09-17T00:25:05.267043+00:00,1287666,086,558,2,0,1789605613,,,SCHEDULED
2026-09-17T00:25:05.267043+00:00,1287666,086,559,3,0,1789605674,,,SCHEDULED
2026-09-17T00:25:05.267043+00:00,1287666,086,560,4,0,1789605761,,,SCHEDULED
2026-09-17T00:25:05.267043+00:00,1287666,086,561,5,0,1789605792,,,SCHEDULED
2026-09-17T00:25:05.267043+00:00,1287666,086,562,6,0,1789605862,,,SCHEDULED
2026-09-17T00:25:05.267043+00:00,1287666,086,849,7,0,1789605998,,,SCHEDULED
2026-09-17T00:25:05.267043+00:00,1287666,086,850,8,0,1789606032,,,SCHEDULED
2026-09-17T00:25:05.267043+00:00,1287666,086,851,9,0,1789606097,,,SCHEDULED
2026-09-17T00:25:05.267043+00:00,1287666,086,852,10,0,1789606133,,,SCHEDULED
2026-09-17T00:25:05.267043+00:00,1287666,086,853,11,0,1789606158,,,SCHEDULED
2026-09-17T00:25:05.267043+00:00,1287666,086,854,12,0,1789606192,,,SCHEDULED
2026-09-17T00:25:05.267043+00:00,1287666,086,855,13,0,1789606224,,,SCHEDULED
2026-09-17T00:25:05.267043+00:00,1287666,086,856,14,0,1789606265,,,SCHEDULED
2026-09-17T00:25:05.267043+00:00,1287666,086,813,15,0,1789606346,,,SCHEDULED
2026-09-17T00:25:05.267043+00:00,1287666,086,814,16,0,1789606394,,,SCHEDULED
2026-09-17T00:25:05.267043+00:00,1287666,086,815,17,0,1789606433,,,SCHEDULED
2026-09-17T00:25:05.267043+00:00,1287666,086,701,18,0,1789606480,,,SCHEDULED
2026-09-17T00:25:05.267043+00:00,1287546,084,3064,19,0,1789604702,,,SCHEDULED
2026-09-17T00:25:05.267043+00:00,1287546,084,3065,20,0,1789604731,,,SCHEDULED
2026-09-17T00:25:05.267043+00:00,1287546,084,3066,21,0,1789604767,,,SCHEDULED
2026-09-17T00:25:05.267043+00:00,1287546,084,3067,22,0,1789604818,,,SCHEDULED
2026-09-17T00:25:05.267043+00:00,1287546,084,3068,23,0,1789604869,,,SCHEDULED
2026-09-17T00:25:05.267043+00:00,1287546,084,3069,24,0,1789604898,,,SCHEDULED
2026-09-17T00:25:05.267043+00:00,1287546,084,3049,25,0,1789604989,,,SCHEDULED
2026-09-17T00:25:05.267043+00:00,1287546,084,3070,26,0,1789605044,,,SCHEDULED
2026-09-17T00:25:05.267043+00:00,1287546,084,3071,27,0,1789605100,,,SCHEDULED
2026-09-17T00:25:05.267043+00:00,1287546,084,3072,28,0,1789605101,,,SCHEDULED
2026-09-17T00:25:05.267043+00:00,1287546,084,9801,29,0,1789605102,,,SCHEDULED
2026-09-17T00:25:05.267043+00:00,1287546,084,3073,30,0,1789605103,,,SCHEDULED
2026-09-17T00:25:05.267043+00:00,1287546,084,3074,31,0,1789605231,,,SCHEDULED
2026-09-17T00:25:05.267043+00:00,1287546,084,3075,32,0,1789605271,,,SCHEDULED
2026-09-17T00:25:05.267043+00:00,1287546,084,3076,33,0,1789605363,,,SCHEDULED
2026-09-17T00:25:05.267043+00:00,1287546,084,3077,34,0,1789605396,,,SCHEDULED
2026-09-17T00:25:05.267043+00:00,1287546,084,3078,35,0,1789605396,,,SCHEDULED
2026-09-17T00:25:05.267043+00:00,1287546,084,3079,36,0,1789605397,,,SCHEDULED
2026-09-17T00:25:05.267043+00:00,1287546,084,3080,37,0,1789605505,,,SCHEDULED
2026-09-17T00:25:05.267043+00:00,1287546,084,1074,38,0,1789605641,,,SCHEDULED
2026-09-17T00:25:05.267043+00:00,1287546,084,1075,39,0,1789605702,,,SCHEDULED
2026-09-17T00:25:05.267043+00:00,1287546,084,1076,40,0,1789605723,,,SCHEDULED
2026-09-17T00:25:05.267043+00:00,1287546,084,1077,41,0,1789605764,,,SCHEDULED
2026-09-17T00:25:05.267043+00:00,1287546,084,1646,42,0,1789605827,,,SCHEDULED
2026-09-17T00:25:05.267043+00:00,1287546,084,1648,43,0,1789605909,,,SCHEDULED
2026-09-17T00:25:05.267043+00:00,1287546,084,1107,44,0,1789606002,,,SCHEDULED
2026-09-17T00:25:05.267043+00:00,1287546,084,1108,45,0,1789606045,,,SCHEDULED
2026-09-17T00:25:05.267043+00:00,1287546,084,3081,46,0,1789606109,,,SCHEDULED
2026-09-17T00:25:05.267043+00:00,1287546,084,3082,47,0,1789606148,,,SCHEDULED
2026-09-17T00:25:05.267043+00:00,1287546,084,3083,48,0,1789606174,,,SCHEDULED
2026-09-17T00:25:05.267043+00:00,1287546,084,3084,49,0,1789606221,,,SCHEDULED
2026-09-17T00:25:05.267043+00:00,1287546,084,3085,50,0,1789606268,,,SCHEDULED
2026-09-17T00:25:05.267043+00:00,1287546,084,3086,51,0,1789606307,,,SCHEDULED
2026-09-17T00:25:05.267043+00:00,1287546,084,3087,52,0,1789606390,,,SCHEDULED
2026-09-17T00:25:05.267043+00:00,1287700,086,581,39,0,1789604712,,,SCHEDULED
2026-09-17T00:25:05.267043+00:00,1287700,086,582,40,0,1789604750,,,SCHEDULED
2026-09-17T00:25:05.267043+00:00,1287700,086,583,41,0,1789604798,,,SCHEDULED
2026-09-17T00:25:05.267043+00:00,1287700,086,584,42,0,1789604835,,,SCHEDULED
2026-09-17T00:25:05.267043+00:00,1287700,086,585,43,0,1789604902,,,SCHEDULED
2026-09-17T00:25:05.267043+00:00,1287700,086,586,44,0,1789604977,,,SCHEDULED
2026-09-17T00:25:05.267043+00:00,1286179,056,286,2,0,1789605017,,,SCHEDULED
2026-09-17T00:25:05.267043+00:00,1286179,056,4439,3,0,1789605111,,,SCHEDULED
2026-09-17T00:25:05.267043+00:00,1286179,056,4440,4,0,1789605165,,,SCHEDULED
2026-09-17T00:25:05.267043+00:00,1286179,056,4441,5,0,1789605183,,,SCHEDULED
2026-09-17T00:25:05.267043+00:00,1286179,056,4015,6,0,1789605220,,,SCHEDULED
2026-09-17T00:25:05.267043+00:00,1286179,056,4016,7,0,1789605256,,,SCHEDULED
2026-09-17T00:25:05.267043+00:00,1286179,056,4017,8,0,1789605311,,,SCHEDULED
2026-09-17T00:25:05.267043+00:00,1286179,056,3914,9,0,1789605435,,,SCHEDULED
2026-09-17T00:25:05.267043+00:00,1286179,056,3220,10,0,1789605554,,,SCHEDULED
2026-09-17T00:25:05.267043+00:00,1286179,056,3222,11,0,1789605708,,,SCHEDULED
2026-09-17T00:25:05.267043+00:00,1286179,056,3223,12,0,1789605771,,,SCHEDULED
2026-09-17T00:25:05.267043+00:00,1286179,056,3225,13,0,1789605872,,,SCHEDULED
2026-09-17T00:25:05.267043+00:00,1286179,056,2062,14,0,1789605948,,,SCHEDULED
2026-09-17T00:25:05.267043+00:00,1286179,056,2063,15,0,1789605979,,,SCHEDULED
2026-09-17T00:25:05.267043+00:00,1286179,056,2064,16,0,1789606050,,,SCHEDULED
2026-09-17T00:25:05.267043+00:00,1286179,056,2065,17,0,1789606110,,,SCHEDULED
2026-09-17T00:25:05.267043+00:00,1286179,056,2066,18,0,1789606132,,,SCHEDULED
2026-09-17T00:25:05.267043+00:00,1286179,056,2068,19,0,1789606174,,,SCHEDULED
2026-09-17T00:25:05.267043+00:00,1286179,056,5200,20,0,1789606262,,,SCHEDULED
2026-09-17T00:25:05.267043+00:00,1286179,056,287,21,0,1789606396,,,SCHEDULED
2026-09-17T00:25:05.267043+00:00,1286179,056,2070,22,0,1789606429,,,SCHEDULED
2026-09-17T00:25:05.267043+00:00,1286179,056,2071,23,0,1789606452,,,SCHEDULED
2026-09-17T00:25:05.267043+00:00,1284674,013,1096,23,0,1789604728,,,SCHEDULED
2026-09-17T00:25:05.267043+00:00,1284674,013,1098,24,0,1789604873,,,SCHEDULED
2026-09-17T00:25:05.267043+00:00,1284674,013,1099,25,0,1789604996,,,SCHEDULED
2026-09-17T00:25:05.267043+00:00,1284674,013,1100,26,0,1789605206,,,SCHEDULED
2026-09-17T00:25:05.267043+00:00,1284674,013,1101,27,0,1789605294,,,SCHEDULED
2026-09-17T00:25:05.267043+00:00,1284674,013,1102,28,0,1789605376,,,SCHEDULED
2026-09-17T00:25:05.267043+00:00,1284674,013,1103,29,0,1789605442,,,SCHEDULED
2026-09-17T00:25:05.267043+00:00,1284674,013,1104,30,0,1789605495,,,SCHEDULED
2026-09-17T00:25:05.267043+00:00,1284674,013,1105,31,0,1789605568,,,SCHEDULED
2026-09-17T00:25:05.267043+00:00,1284674,013,1106,32,0,1789605599,,,SCHEDULED
2026-09-17T00:25:05.267043+00:00,1284674,013,1674,33,0,1789605617,,,SCHEDULED
2026-09-17T00:25:05.267043+00:00,1284674,013,1675,34,0,1789605752,,,SCHEDULED
2026-09-17T00:25:05.267043+00:00,1284674,013,1677,35,0,1789605805,,,SCHEDULED
2026-09-17T00:25:05.267043+00:00,1284674,013,1127,36,0,1789605845,,,SCHEDULED
2026-09-17T00:25:05.267043+00:00,1284674,013,1128,37,0,1789605890,,,SCHEDULED
2026-09-17T00:25:05.267043+00:00,1284674,013,1129,38,0,1789605967,,,SCHEDULED
2026-09-17T00:25:05.267043+00:00,1284674,013,1130,39,0,1789606026,,,SCHEDULED
2026-09-17T00:25:05.267043+00:00,1284674,013,1131,40,0,1789606093,,,SCHEDULED
2026-09-17T00:25:05.267043+00:00,1284674,013,3089,41,0,1789606159,,,SCHEDULED
2026-09-17T00:25:05.267043+00:00,1284674,013,1464,42,0,1789606237,,,SCHEDULED
2026-09-17T00:25:05.267043+00:00,1286213,056,172,10,0,1789604756,,,SCHEDULED
2026-09-17T00:25:05.267043+00:00,1286213,056,480,11,0,1789604923,,,SCHEDULED
2026-09-17T00:25:05.267043+00:00,1286213,056,1733,12,0,1789605015,,,SCHEDULED
2026-09-17T00:25:05.267043+00:00,1286213,056,481,13,0,1789605079,,,SCHEDULED
2026-09-17T00:25:05.267043+00:00,1286213,056,482,14,0,1789605124,,,SCHEDULED
2026-09-17T00:25:05.267043+00:00,1286213,056,483,15,0,1789605159,,,SCHEDULED
2026-09-17T00:25:05.267043+00:00,1286213,056,484,16,0,1789605200,,,SCHEDULED
2026-09-17T00:25:05.267043+00:00,1286213,056,485,17,0,1789605249,,,SCHEDULED
2026-09-17T00:25:05.267043+00:00,1286213,056,486,18,0,1789605305,,,SCHEDULED
2026-09-17T00:25:05.267043+00:00,1286213,056,487,19,0,1789605372,,,SCHEDULED
2026-09-17T00:25:05.267043+00:00,1286213,056,488,20,0,1789605402,,,SCHEDULED
2026-09-17T00:25:05.267043+00:00,1286213,056,5200,21,0,1789605489,,,SCHEDULED
2026-09-17T00:25:05.267043+00:00,1286213,056,489,22,0,1789605665,,,SCHEDULED
2026-09-17T00:25:05.267043+00:00,1286213,056,490,23,0,1789605735,,,SCHEDULED
2026-09-17T00:25:05.267043+00:00,1286213,056,491,24,0,1789605787,,,SCHEDULED
2026-09-17T00:25:05.267043+00:00,1286213,056,492,25,0,1789605823,,,SCHEDULED
2026-09-17T00:25:05.267043+00:00,1286213,056,493,26,0,1789605839,,,SCHEDULED
2026-09-17T00:25:05.267043+00:00,1286213,056,494,27,0,1789605866,,,SCHEDULED
2026-09-17T00:25:05.267043+00:00,1286213,056,3831,28,0,1789606039,,,SCHEDULED
2026-09-17T00:25:05.267043+00:00,1286213,056,3832,29,0,1789606129,,,SCHEDULED
2026-09-17T00:25:05.267043+00:00,1286213,056,3833,30,0,1789606164,,,SCHEDULED
2026-09-17T00:25:05.267043+00:00,1286213,056,3834,31,0,1789606237,,,SCHEDULED
2026-09-17T00:25:05.267043+00:00,1286213,056,3939,32,0,1789606363,,,SCHEDULED
2026-09-17T00:25:05.267043+00:00,1286213,056,5107,33,0,1789606460,,,SCHEDULED
2026-09-17T00:25:05.267043+00:00,1286455,062,521,57,0,1789604688,,,SCHEDULED
2026-09-17T00:25:05.267043+00:00,1286455,062,522,58,0,1789604736,,,SCHEDULED
2026-09-17T00:25:05.267043+00:00,1286455,062,525,59,0,1789604820,,,SCHEDULED
2026-09-17T00:25:05.267043+00:00,1286455,062,526,60,0,1789604863,,,SCHEDULED
2026-09-17T00:25:05.267043+00:00,1286455,062,527,61,0,1789604888,,,SCHEDULED
2026-09-17T00:25:05.267043+00:00,1286455,062,528,62,0,1789604928,,,SCHEDULED
2026-09-17T00:25:05.267043+00:00,1286455,062,5252,63,0,1789605007,,,SCHEDULED
2026-09-17T00:25:05.267043+00:00,1286455,062,531,64,0,1789605056,,,SCHEDULED
2026-09-17T00:25:05.267043+00:00,1286455,062,116,65,0,1789605094,,,SCHEDULED
2026-09-17T00:25:05.267043+00:00,1287701,086,3146,10,0,1789605168,,,SCHEDULED
2026-09-17T00:25:05.267043+00:00,1287701,086,3148,11,0,1789605228,,,SCHEDULED
2026-09-17T00:25:05.267043+00:00,1287701,086,3149,12,0,1789605285,,,SCHEDULED
2026-09-17T00:25:05.267043+00:00,1287701,086,3150,13,0,1789605339,,,SCHEDULED
2026-09-17T00:25:05.267043+00:00,1287701,086,3151,14,0,1789605375,,,SCHEDULED
2026-09-17T00:25:05.267043+00:00,1287701,086,3152,15,0,1789605437,,,SCHEDULED
2026-09-17T00:25:05.267043+00:00,1287701,086,3153,16,0,1789605449,,,SCHEDULED
2026-09-17T00:25:05.267043+00:00,1287701,086,3154,17,0,1789605488,,,SCHEDULED
2026-09-17T00:25:05.267043+00:00,1287701,086,3155,18,0,1789605547,,,SCHEDULED
2026-09-17T00:25:05.267043+00:00,1287701,086,3156,19,0,1789605587,,,SCHEDULED
2026-09-17T00:25:05.267043+00:00,1287701,086,3157,20,0,1789605620,,,SCHEDULED
2026-09-17T00:25:05.267043+00:00,1287701,086,3158,21,0,1789605692,,,SCHEDULED
2026-09-17T00:25:05.267043+00:00,1287701,086,3159,22,0,1789605734,,,SCHEDULED
2026-09-17T00:25:05.267043+00:00,1287701,086,3160,23,0,1789605756,,,SCHEDULED
2026-09-17T00:25:05.267043+00:00,1287701,086,3161,24,0,1789605783,,,SCHEDULED
2026-09-17T00:25:05.267043+00:00,1287701,086,3163,25,0,1789605785,,,SCHEDULED
2026-09-17T00:25:05.267043+00:00,1287701,086,3164,26,0,1789605821,,,SCHEDULED
2026-09-17T00:25:05.267043+00:00,1287701,086,699,27,0,1789605892,,,SCHEDULED
2026-09-17T00:25:05.267043+00:00,1287701,086,703,28,0,1789606083,,,SCHEDULED
2026-09-17T00:25:05.267043+00:00,1287701,086,700,29,0,1789606111,,,SCHEDULED
2026-09-17T00:25:05.267043+00:00,1287701,086,706,30,0,1789606185,,,SCHEDULED
2026-09-17T00:25:05.267043+00:00,1287701,086,707,31,0,1789606251,,,SCHEDULED
2026-09-17T00:25:05.267043+00:00,1287701,086,708,32,0,1789606273,,,SCHEDULED
2026-09-17T00:25:05.267043+00:00,1287701,086,834,33,0,1789606345,,,SCHEDULED
2026-09-17T00:25:05.267043+00:00,1287701,086,835,34,0,1789606399,,,SCHEDULED
2026-09-17T00:25:05.267043+00:00,1287701,086,836,35,0,1789606438,,,SCHEDULED
2026-09-17T00:25:05.267043+00:00,1285009,021,1070,1,,,0,1789606099,SCHEDULED
2026-09-17T00:25:05.267043+00:00,1285009,021,3327,2,0,1789606105,,,SCHEDULED
2026-09-17T00:25:05.267043+00:00,1285009,021,3328,3,0,1789606262,,,SCHEDULED
2026-09-17T00:25:05.267043+00:00,1285009,021,3329,4,0,1789606294,,,SCHEDULED
2026-09-17T00:25:05.267043+00:00,1285009,021,3330,5,0,1789606331,,,SCHEDULED
2026-09-17T00:25:05.267043+00:00,1285009,021,3331,6,0,1789606404,,,SCHEDULED
2026-09-17T00:25:05.267043+00:00,1285768,033,628,1,,,0,1789606440,SCHEDULED
2026-09-17T00:25:05.267043+00:00,1287547,084,3086,51,0,1789604716,,,SCHEDULED
2026-09-17T00:25:05.267043+00:00,1287547,084,3087,52,0,1789604799,,,SCHEDULED
2026-09-17T00:25:05.267043+00:00,1287547,084,3000,53,0,1789604959,,,SCHEDULED
2026-09-17T00:25:05.267043+00:00,1287547,084,3001,54,0,1789605115,,,SCHEDULED
2026-09-17T00:25:05.267043+00:00,1287547,084,3002,55,0,1789605139,,,SCHEDULED
2026-09-17T00:25:05.267043+00:00,1287547,084,3003,56,0,1789605166,,,SCHEDULED
2026-09-17T00:25:05.267043+00:00,1287547,084,3004,57,0,1789605202,,,SCHEDULED
2026-09-17T00:25:05.267043+00:00,1287547,084,3005,58,0,1789605235,,,SCHEDULED
2026-09-17T00:25:05.267043+00:00,1287547,084,3006,59,0,1789605269,,,SCHEDULED
2026-09-17T00:25:05.267043+00:00,1287547,084,3007,60,0,1789605279,,,SCHEDULED
2026-09-17T00:25:05.267043+00:00,1287547,084,2749,61,0,1789605307,,,SCHEDULED
2026-09-17T00:25:05.267043+00:00,1287547,084,2750,62,0,1789605564,,,SCHEDULED
2026-09-17T00:25:05.267043+00:00,1287547,084,2751,63,0,1789605634,,,SCHEDULED
2026-09-17T00:25:05.267043+00:00,1287547,084,2752,64,0,1789605662,,,SCHEDULED
2026-09-17T00:25:05.267043+00:00,1287789,087,291,1,,,0,1789604880,SCHEDULED
2026-09-17T00:25:05.267043+00:00,1287789,087,274,2,0,1789605167,,,SCHEDULED
2026-09-17T00:25:05.267043+00:00,1287789,087,275,3,0,1789605540,,,SCHEDULED
2026-09-17T00:25:05.267043+00:00,1287789,087,3893,4,0,1789605796,,,SCHEDULED
2026-09-17T00:25:05.267043+00:00,1287789,087,3894,5,0,1789605905,,,SCHEDULED
2026-09-17T00:25:05.267043+00:00,1287789,087,3895,6,0,1789605965,,,SCHEDULED
2026-09-17T00:25:05.267043+00:00,1287789,087,3896,7,0,1789606038,,,SCHEDULED
2026-09-17T00:25:05.267043+00:00,1287789,087,3897,8,0,1789606095,,,SCHEDULED
2026-09-17T00:25:05.267043+00:00,1287789,087,3898,9,0,1789606182,,,SCHEDULED
2026-09-17T00:25:05.267043+00:00,1287789,087,3899,10,0,1789606235,,,SCHEDULED
2026-09-17T00:25:05.267043+00:00,1287789,087,3900,11,0,1789606320,,,SCHEDULED
2026-09-17T00:25:05.267043+00:00,1287789,087,3901,12,0,1789606402,,,SCHEDULED
2026-09-17T00:25:05.267043+00:00,1287702,086,418,1,,,0,1789604895,SCHEDULED
2026-09-17T00:25:05.267043+00:00,1287702,086,4763,2,0,1789604941,,,SCHEDULED
2026-09-17T00:25:05.267043+00:00,1287702,086,113,3,0,1789604980,,,SCHEDULED
2026-09-17T00:25:05.267043+00:00,1287702,086,525,4,0,1789605068,,,SCHEDULED
2026-09-17T00:25:05.267043+00:00,1287702,086,526,5,0,1789605174,,,SCHEDULED
2026-09-17T00:25:05.267043+00:00,1287702,086,527,6,0,1789605195,,,SCHEDULED
2026-09-17T00:25:05.267043+00:00,1287702,086,528,7,0,1789605332,,,SCHEDULED
2026-09-17T00:25:05.267043+00:00,1287702,086,5252,8,0,1789605447,,,SCHEDULED
2026-09-17T00:25:05.267043+00:00,1287702,086,531,9,0,1789605519,,,SCHEDULED
2026-09-17T00:25:05.267043+00:00,1287702,086,3146,10,0,1789606074,,,SCHEDULED
2026-09-17T00:25:05.267043+00:00,1287702,086,3148,11,0,1789606134,,,SCHEDULED
2026-09-17T00:25:05.267043+00:00,1287702,086,3149,12,0,1789606191,,,SCHEDULED
2026-09-17T00:25:05.267043+00:00,1287702,086,3150,13,0,1789606245,,,SCHEDULED
2026-09-17T00:25:05.267043+00:00,1287702,086,3151,14,0,1789606281,,,SCHEDULED
2026-09-17T00:25:05.267043+00:00,1287702,086,3152,15,0,1789606343,,,SCHEDULED
2026-09-17T00:25:05.267043+00:00,1287702,086,3153,16,0,1789606355,,,SCHEDULED
2026-09-17T00:25:05.267043+00:00,1287702,086,3154,17,0,1789606394,,,SCHEDULED
2026-09-17T00:25:05.267043+00:00,1287702,086,3155,18,0,1789606453,,,SCHEDULED
2026-09-17T00:25:05.267043+00:00,1287819,087,241,1,,,0,1789605900,SCHEDULED
2026-09-17T00:25:05.267043+00:00,1287819,087,1255,2,0,1789606098,,,SCHEDULED
2026-09-17T00:25:05.267043+00:00,1287819,087,1263,3,0,1789606171,,,SCHEDULED
2026-09-17T00:25:05.267043+00:00,1287819,087,3179,4,0,1789606199,,,SCHEDULED
2026-09-17T00:25:05.267043+00:00,1287819,087,3180,5,0,1789606286,,,SCHEDULED
2026-09-17T00:25:05.267043+00:00,1287819,087,3181,6,0,1789606345,,,SCHEDULED
2026-09-17T00:25:05.267043+00:00,1287819,087,3182,7,0,1789606386,,,SCHEDULED
2026-09-17T00:25:05.267043+00:00,1288190,106,973,12,0,1789604779,,,SCHEDULED
2026-09-17T00:25:05.267043+00:00,1288190,106,974,13,0,1789604811,,,SCHEDULED
2026-09-17T00:25:05.267043+00:00,1288190,106,975,14,0,1789604859,,,SCHEDULED
2026-09-17T00:25:05.267043+00:00,1288190,106,976,15,0,1789604978,,,SCHEDULED
2026-09-17T00:25:05.267043+00:00,1288190,106,977,16,0,1789605049,,,SCHEDULED
2026-09-17T00:25:05.267043+00:00,1288190,106,978,17,0,1789605078,,,SCHEDULED
2026-09-17T00:25:05.267043+00:00,1288190,106,979,18,0,1789605111,,,SCHEDULED
2026-09-17T00:25:05.267043+00:00,1288190,106,980,19,0,1789605129,,,SCHEDULED
2026-09-17T00:25:05.267043+00:00,1288190,106,981,20,0,1789605145,,,SCHEDULED
2026-09-17T00:25:05.267043+00:00,1288190,106,983,21,0,1789605184,,,SCHEDULED
2026-09-17T00:25:05.267043+00:00,1288190,106,984,22,0,1789605203,,,SCHEDULED
2026-09-17T00:25:05.267043+00:00,1288190,106,985,23,0,1789605216,,,SCHEDULED
2026-09-17T00:25:05.267043+00:00,1288190,106,986,24,0,1789605249,,,SCHEDULED
2026-09-17T00:25:05.267043+00:00,1288190,106,987,25,0,1789605313,,,SCHEDULED
2026-09-17T00:25:05.267043+00:00,1288190,106,988,26,0,1789605339,,,SCHEDULED
2026-09-17T00:25:05.267043+00:00,1288190,106,989,27,0,1789605395,,,SCHEDULED
2026-09-17T00:25:05.267043+00:00,1288190,106,990,28,0,1789605464,,,SCHEDULED
2026-09-17T00:25:05.267043+00:00,1288190,106,992,29,0,1789605530,,,SCHEDULED
2026-09-17T00:25:05.267043+00:00,1288190,106,993,30,0,1789605556,,,SCHEDULED
2026-09-17T00:25:05.267043+00:00,1288190,106,994,31,0,1789605596,,,SCHEDULED
2026-09-17T00:25:05.267043+00:00,1288190,106,995,32,0,1789605655,,,SCHEDULED
2026-09-17T00:25:05.267043+00:00,1288190,106,997,33,0,1789605744,,,SCHEDULED
2026-09-17T00:25:05.267043+00:00,1288190,106,998,34,0,1789605813,,,SCHEDULED
2026-09-17T00:25:05.267043+00:00,1288190,106,999,35,0,1789605854,,,SCHEDULED
2026-09-17T00:25:05.267043+00:00,1288190,106,1000,36,0,1789605894,,,SCHEDULED
2026-09-17T00:25:05.267043+00:00,1288190,106,1001,37,0,1789605952,,,SCHEDULED
2026-09-17T00:25:05.267043+00:00,1288190,106,1002,38,0,1789605994,,,SCHEDULED
2026-09-17T00:25:05.267043+00:00,1288190,106,1003,39,0,1789606028,,,SCHEDULED
2026-09-17T00:25:05.267043+00:00,1288190,106,2357,40,0,1789606067,,,SCHEDULED
2026-09-17T00:25:05.267043+00:00,1288190,106,1005,41,0,1789606099,,,SCHEDULED
2026-09-17T00:25:05.267043+00:00,1288190,106,1006,42,0,1789606117,,,SCHEDULED
2026-09-17T00:25:05.267043+00:00,1288190,106,1007,43,0,1789606142,,,SCHEDULED
2026-09-17T00:25:05.267043+00:00,1288190,106,450,44,0,1789606172,,,SCHEDULED
2026-09-17T00:25:05.267043+00:00,1288190,106,1008,45,0,1789606186,,,SCHEDULED
2026-09-17T00:25:05.267043+00:00,1288190,106,1009,46,0,1789606215,,,SCHEDULED
2026-09-17T00:25:05.267043+00:00,1288190,106,1010,47,0,1789606249,,,SCHEDULED
2026-09-17T00:25:05.267043+00:00,1288190,106,1011,48,0,1789606286,,,SCHEDULED
2026-09-17T00:25:05.267043+00:00,1288190,106,1012,49,0,1789606332,,,SCHEDULED
2026-09-17T00:25:05.267043+00:00,1288190,106,1013,50,0,1789606346,,,SCHEDULED
2026-09-17T00:25:05.267043+00:00,1288190,106,1014,51,0,1789606363,,,SCHEDULED
2026-09-17T00:25:05.267043+00:00,1288190,106,1016,52,0,1789606461,,,SCHEDULED
2026-09-17T00:25:05.267043+00:00,1284392,011,8922,39,0,1789605023,,,SCHEDULED
2026-09-17T00:25:05.267043+00:00,1284392,011,8923,40,0,1789605069,,,SCHEDULED
2026-09-17T00:25:05.267043+00:00,1284392,011,8924,41,0,1789605102,,,SCHEDULED
2026-09-17T00:25:05.267043+00:00,1284392,011,8925,42,0,1789605137,,,SCHEDULED
2026-09-17T00:25:05.267043+00:00,1284392,011,8926,43,0,1789605183,,,SCHEDULED
2026-09-17T00:25:05.267043+00:00,1284392,011,8927,44,0,1789605232,,,SCHEDULED
2026-09-17T00:25:05.267043+00:00,1284392,011,4710,45,0,1789605418,,,SCHEDULED
2026-09-17T00:25:05.267043+00:00,1284392,011,8928,46,0,1789605483,,,SCHEDULED
2026-09-17T00:25:05.267043+00:00,1284392,011,8929,47,0,1789605586,,,SCHEDULED
2026-09-17T00:25:05.267043+00:00,1284392,011,8930,48,0,1789605635,,,SCHEDULED
2026-09-17T00:25:05.267043+00:00,1284392,011,543,49,0,1789605686,,,SCHEDULED
2026-09-17T00:25:05.267043+00:00,1284392,011,5348,50,0,1789605779,,,SCHEDULED
2026-09-17T00:25:05.267043+00:00,1284392,011,5201,51,0,1789605835,,,SCHEDULED
2026-09-17T00:25:05.267043+00:00,1284392,011,8900,52,0,1789605992,,,SCHEDULED
2026-09-17T00:25:05.267043+00:00,1284392,011,8901,53,0,1789606014,,,SCHEDULED
2026-09-17T00:25:05.267043+00:00,1284392,011,8902,54,0,1789606079,,,SCHEDULED
2026-09-17T00:25:05.267043+00:00,1284392,011,8903,55,0,1789606144,,,SCHEDULED
2026-09-17T00:25:05.267043+00:00,1284392,011,8904,56,0,1789606195,,,SCHEDULED
2026-09-17T00:25:05.267043+00:00,1284392,011,8905,57,0,1789606247,,,SCHEDULED
2026-09-17T00:25:05.267043+00:00,1284392,011,8906,58,0,1789606298,,,SCHEDULED
2026-09-17T00:25:05.267043+00:00,1284392,011,8907,59,0,1789606344,,,SCHEDULED
2026-09-17T00:25:05.267043+00:00,1284392,011,8908,60,0,1789606371,,,SCHEDULED
2026-09-17T00:25:05.267043+00:00,1288195,109,447,16,0,1789604759,,,SCHEDULED
2026-09-17T00:25:05.267043+00:00,1288195,109,3468,17,0,1789604840,,,SCHEDULED
2026-09-17T00:25:05.267043+00:00,1288195,109,3469,18,0,1789604860,,,SCHEDULED
2026-09-17T00:25:05.267043+00:00,1288195,109,3470,19,0,1789604883,,,SCHEDULED
2026-09-17T00:25:05.267043+00:00,1288195,109,3471,20,0,1789604918,,,SCHEDULED
2026-09-17T00:25:05.267043+00:00,1288195,109,3472,21,0,1789604983,,,SCHEDULED
2026-09-17T00:25:05.267043+00:00,1288195,109,3473,22,0,1789605051,,,SCHEDULED
2026-09-17T00:25:05.267043+00:00,1288195,109,3474,23,0,1789605082,,,SCHEDULED
2026-09-17T00:25:05.267043+00:00,1288195,109,3475,24,0,1789605125,,,SCHEDULED
2026-09-17T00:25:05.267043+00:00,1288195,109,3476,25,0,1789605300,,,SCHEDULED
2026-09-17T00:25:05.267043+00:00,1288195,109,3465,26,0,1789605341,,,SCHEDULED
2026-09-17T00:25:05.267043+00:00,1288195,109,3477,27,0,1789605378,,,SCHEDULED
2026-09-17T00:25:05.267043+00:00,1288195,109,3478,28,0,1789605510,,,SCHEDULED
2026-09-17T00:25:05.267043+00:00,1288195,109,3479,29,0,1789605549,,,SCHEDULED
2026-09-17T00:25:05.267043+00:00,1288195,109,3480,30,0,1789605594,,,SCHEDULED
2026-09-17T00:25:05.267043+00:00,1288195,109,3464,31,0,1789605659,,,SCHEDULED
2026-09-17T00:25:05.267043+00:00,1288195,109,3481,32,0,1789605726,,,SCHEDULED
2026-09-17T00:25:05.267043+00:00,1288195,109,3482,33,0,1789605765,,,SCHEDULED
2026-09-17T00:25:05.267043+00:00,1288195,109,3483,34,0,1789605831,,,SCHEDULED
2026-09-17T00:25:05.267043+00:00,1284391,011,2425,1,,,0,1789606155,SCHEDULED
2026-09-17T00:25:05.267043+00:00,1284391,011,2501,2,0,1789606230,,,SCHEDULED
2026-09-17T00:25:05.267043+00:00,1284391,011,5353,3,0,1789606255,,,SCHEDULED
2026-09-17T00:25:05.267043+00:00,1284391,011,3214,4,0,1789606319,,,SCHEDULED
2026-09-17T00:25:05.267043+00:00,1284391,011,2276,5,0,1789606360,,,SCHEDULED
2026-09-17T00:25:05.267043+00:00,1284391,011,8303,6,0,1789606407,,,SCHEDULED
2026-09-17T00:25:05.267043+00:00,1284391,011,8302,7,0,1789606453,,,SCHEDULED
2026-09-17T00:25:05.267043+00:00,1288196,109,225,5,0,1789604764,,,SCHEDULED
2026-09-17T00:25:05.267043+00:00,1288196,109,226,6,0,1789604813,,,SCHEDULED
2026-09-17T00:25:05.267043+00:00,1288196,109,108,7,0,1789604871,,,SCHEDULED
2026-09-17T00:25:05.267043+00:00,1288196,109,109,8,0,1789604919,,,SCHEDULED
2026-09-17T00:25:05.267043+00:00,1288196,109,111,9,0,1789604999,,,SCHEDULED
2026-09-17T00:25:05.267043+00:00,1288196,109,1782,10,0,1789605118,,,SCHEDULED
2026-09-17T00:25:05.267043+00:00,1288196,109,1784,11,0,1789605203,,,SCHEDULED
2026-09-17T00:25:05.267043+00:00,1288196,109,1785,12,0,1789605263,,,SCHEDULED
2026-09-17T00:25:05.267043+00:00,1288196,109,1790,13,0,1789605393,,,SCHEDULED
2026-09-17T00:25:05.267043+00:00,1288196,109,1792,14,0,1789605528,,,SCHEDULED
2026-09-17T00:25:05.267043+00:00,1288196,109,1793,15,0,1789605562,,,SCHEDULED
2026-09-17T00:25:05.267043+00:00,1285010,021,3708,9,0,1789604695,,,SCHEDULED
2026-09-17T00:25:05.267043+00:00,1285010,021,3709,10,0,1789604760,,,SCHEDULED
2026-09-17T00:25:05.267043+00:00,1285010,021,3710,11,0,1789604810,,,SCHEDULED
2026-09-17T00:25:05.267043+00:00,1285010,021,3711,12,0,1789604873,,,SCHEDULED
2026-09-17T00:25:05.267043+00:00,1285010,021,3712,13,0,1789604949,,,SCHEDULED
2026-09-17T00:25:05.267043+00:00,1285010,021,3713,14,0,1789605060,,,SCHEDULED
2026-09-17T00:25:05.267043+00:00,1285010,021,1184,15,0,1789605240,,,SCHEDULED
2026-09-17T00:25:05.267043+00:00,1285010,021,3301,16,0,1789605270,,,SCHEDULED
2026-09-17T00:25:05.267043+00:00,1285010,021,1200,17,0,1789605360,,,SCHEDULED
2026-09-17T00:25:05.267043+00:00,1285010,021,1201,18,0,1789605410,,,SCHEDULED
2026-09-17T00:25:05.267043+00:00,1285010,021,1202,19,0,1789605451,,,SCHEDULED
2026-09-17T00:25:05.267043+00:00,1285010,021,1203,20,0,1789605491,,,SCHEDULED
2026-09-17T00:25:05.267043+00:00,1285010,021,1204,21,0,1789605544,,,SCHEDULED
2026-09-17T00:25:05.267043+00:00,1285010,021,1205,22,0,1789605598,,,SCHEDULED
2026-09-17T00:25:05.267043+00:00,1285010,021,1206,23,0,1789605655,,,SCHEDULED
2026-09-17T00:25:05.267043+00:00,1285010,021,1207,24,0,1789605806,,,SCHEDULED
2026-09-17T00:25:05.267043+00:00,1285010,021,2719,25,0,1789605976,,,SCHEDULED
2026-09-17T00:25:05.267043+00:00,1285010,021,2934,26,0,1789606027,,,SCHEDULED
2026-09-17T00:25:05.267043+00:00,1285010,021,2935,27,0,1789606070,,,SCHEDULED
2026-09-17T00:25:05.267043+00:00,1286464,062,4140,1,,,0,1789605893,SCHEDULED
2026-09-17T00:25:05.267043+00:00,1286464,062,4141,2,0,1789605919,,,SCHEDULED
2026-09-17T00:25:05.267043+00:00,1286464,062,4142,3,0,1789605965,,,SCHEDULED
2026-09-17T00:25:05.267043+00:00,1286464,062,4143,4,0,1789606104,,,SCHEDULED
2026-09-17T00:25:05.267043+00:00,1286464,062,5251,5,0,1789606147,,,SCHEDULED
2026-09-17T00:25:05.267043+00:00,1286464,062,4144,6,0,1789606165,,,SCHEDULED
2026-09-17T00:25:05.267043+00:00,1286464,062,4145,7,0,1789606180,,,SCHEDULED
2026-09-17T00:25:05.267043+00:00,1286464,062,4146,8,0,1789606201,,,SCHEDULED
2026-09-17T00:25:05.267043+00:00,1286464,062,506,9,0,1789606255,,,SCHEDULED
2026-09-17T00:25:05.267043+00:00,1286464,062,507,10,0,1789606272,,,SCHEDULED
2026-09-17T00:25:05.267043+00:00,1286464,062,508,11,0,1789606335,,,SCHEDULED
2026-09-17T00:25:05.267043+00:00,1286464,062,509,12,0,1789606363,,,SCHEDULED
2026-09-17T00:25:05.267043+00:00,1286464,062,510,13,0,1789606391,,,SCHEDULED
2026-09-17T00:25:05.267043+00:00,1286464,062,511,14,0,1789606426,,,SCHEDULED
2026-09-17T00:25:05.267043+00:00,1288487,177,664,1,,,0,1789605273,SCHEDULED
2026-09-17T00:25:05.267043+00:00,1288487,177,8006,2,0,1789605308,,,SCHEDULED
2026-09-17T00:25:05.267043+00:00,1288487,177,8007,3,0,1789605359,,,SCHEDULED
2026-09-17T00:25:05.267043+00:00,1288487,177,844,4,0,1789605396,,,SCHEDULED
2026-09-17T00:25:05.267043+00:00,1288487,177,4199,5,0,1789605449,,,SCHEDULED
2026-09-17T00:25:05.267043+00:00,1288487,177,4200,6,0,1789605480,,,SCHEDULED
2026-09-17T00:25:05.267043+00:00,1288486,177,664,1,,,0,1789606063,SCHEDULED
2026-09-17T00:25:05.267043+00:00,1288486,177,8006,2,0,1789606098,,,SCHEDULED
2026-09-17T00:25:05.267043+00:00,1288486,177,8007,3,0,1789606149,,,SCHEDULED
2026-09-17T00:25:05.267043+00:00,1288486,177,844,4,0,1789606186,,,SCHEDULED
2026-09-17T00:25:05.267043+00:00,1288486,177,4199,5,0,1789606239,,,SCHEDULED
2026-09-17T00:25:05.267043+00:00,1288486,177,4200,6,0,1789606270,,,SCHEDULED
2026-09-17T00:25:05.267043+00:00,1286582,067,286,2,0,1789605138,,,SCHEDULED
2026-09-17T00:25:05.267043+00:00,1286582,067,4439,3,0,1789605237,,,SCHEDULED
2026-09-17T00:25:05.267043+00:00,1286582,067,4440,4,0,1789605281,,,SCHEDULED
2026-09-17T00:25:05.267043+00:00,1286582,067,4441,5,0,1789605288,,,SCHEDULED
2026-09-17T00:25:05.267043+00:00,1286582,067,4015,6,0,1789605300,,,SCHEDULED
2026-09-17T00:25:05.267043+00:00,1286582,067,4016,7,0,1789605330,,,SCHEDULED
2026-09-17T00:25:05.267043+00:00,1286582,067,4017,8,0,1789605381,,,SCHEDULED
2026-09-17T00:25:05.267043+00:00,1286582,067,3914,9,0,1789605507,,,SCHEDULED
2026-09-17T00:25:05.267043+00:00,1286582,067,3220,10,0,1789605652,,,SCHEDULED
2026-09-17T00:25:05.267043+00:00,1286582,067,3222,11,0,1789605812,,,SCHEDULED
2026-09-17T00:25:05.267043+00:00,1286582,067,3223,12,0,1789605923,,,SCHEDULED
2026-09-17T00:25:05.267043+00:00,1286582,067,3224,13,0,1789605967,,,SCHEDULED
2026-09-17T00:25:05.267043+00:00,1286582,067,3225,14,0,1789606039,,,SCHEDULED
2026-09-17T00:25:05.267043+00:00,1286582,067,2062,15,0,1789606122,,,SCHEDULED
2026-09-17T00:25:05.267043+00:00,1286582,067,2063,16,0,1789606146,,,SCHEDULED
2026-09-17T00:25:05.267043+00:00,1286582,067,6508,17,0,1789606205,,,SCHEDULED
2026-09-17T00:25:05.267043+00:00,1286582,067,2174,18,0,1789606291,,,SCHEDULED
2026-09-17T00:25:05.267043+00:00,1286582,067,2160,19,0,1789606344,,,SCHEDULED
2026-09-17T00:25:05.267043+00:00,1286582,067,2597,20,0,1789606465,,,SCHEDULED
2026-09-17T00:25:05.267043+00:00,1287671,086,701,18,0,1789604723,,,SCHEDULED
2026-09-17T00:25:05.267043+00:00,1287671,086,702,19,0,1789604750,,,SCHEDULED
2026-09-17T00:25:05.267043+00:00,1287671,086,3240,20,0,1789604872,,,SCHEDULED
2026-09-17T00:25:05.267043+00:00,1287671,086,3241,21,0,1789604919,,,SCHEDULED
2026-09-17T00:25:05.267043+00:00,1287671,086,3242,22,0,1789604932,,,SCHEDULED
2026-09-17T00:25:05.267043+00:00,1287671,086,3243,23,0,1789604985,,,SCHEDULED
2026-09-17T00:25:05.267043+00:00,1287671,086,3244,24,0,1789605005,,,SCHEDULED
2026-09-17T00:25:05.267043+00:00,1287671,086,3246,25,0,1789605118,,,SCHEDULED
2026-09-17T00:25:05.267043+00:00,1287671,086,3247,26,0,1789605148,,,SCHEDULED
2026-09-17T00:25:05.267043+00:00,1287671,086,3248,27,0,1789605250,,,SCHEDULED
2026-09-17T00:25:05.267043+00:00,1287671,086,3249,28,0,1789605288,,,SCHEDULED
2026-09-17T00:25:05.267043+00:00,1287671,086,3250,29,0,1789605328,,,SCHEDULED
2026-09-17T00:25:05.267043+00:00,1287671,086,3251,30,0,1789605356,,,SCHEDULED
2026-09-17T00:25:05.267043+00:00,1287671,086,3252,31,0,1789605396,,,SCHEDULED
2026-09-17T00:25:05.267043+00:00,1287671,086,3253,32,0,1789605441,,,SCHEDULED
2026-09-17T00:25:05.267043+00:00,1287671,086,3254,33,0,1789605481,,,SCHEDULED
2026-09-17T00:25:05.267043+00:00,1287671,086,3255,34,0,1789605524,,,SCHEDULED
2026-09-17T00:25:05.267043+00:00,1287671,086,3256,35,0,1789605611,,,SCHEDULED
2026-09-17T00:25:05.267043+00:00,1287671,086,3257,36,0,1789605656,,,SCHEDULED
2026-09-17T00:25:05.267043+00:00,1287671,086,3259,37,0,1789605723,,,SCHEDULED
2026-09-17T00:25:05.267043+00:00,1287671,086,413,38,0,1789606062,,,SCHEDULED
2026-09-17T00:25:05.267043+00:00,1287671,086,414,39,0,1789606137,,,SCHEDULED
2026-09-17T00:25:05.267043+00:00,1287671,086,415,40,0,1789606190,,,SCHEDULED
2026-09-17T00:25:05.267043+00:00,1287671,086,416,41,0,1789606251,,,SCHEDULED
2026-09-17T00:25:05.267043+00:00,1285011,021,2723,29,0,1789604691,,,SCHEDULED
2026-09-17T00:25:05.267043+00:00,1285011,021,2724,30,0,1789604781,,,SCHEDULED
2026-09-17T00:25:05.267043+00:00,1285011,021,2726,31,0,1789604863,,,SCHEDULED
2026-09-17T00:25:05.267043+00:00,1285011,021,2727,32,0,1789604882,,,SCHEDULED
2026-09-17T00:25:05.267043+00:00,1285011,021,2728,33,0,1789604911,,,SCHEDULED
2026-09-17T00:25:05.267043+00:00,1285011,021,2729,34,0,1789605140,,,SCHEDULED
2026-09-17T00:25:05.267043+00:00,1285011,021,2730,35,0,1789605170,,,SCHEDULED
2026-09-17T00:25:05.267043+00:00,1285011,021,2731,36,0,1789605208,,,SCHEDULED
2026-09-17T00:25:05.267043+00:00,1285011,021,2732,37,0,1789605220,,,SCHEDULED
2026-09-17T00:25:05.267043+00:00,1285011,021,2733,38,0,1789605264,,,SCHEDULED
2026-09-17T00:25:05.267043+00:00,1285011,021,2734,39,0,1789605296,,,SCHEDULED
2026-09-17T00:25:05.267043+00:00,1285011,021,2735,40,0,1789605347,,,SCHEDULED
2026-09-17T00:25:05.267043+00:00,1285011,021,2736,41,0,1789605416,,,SCHEDULED
2026-09-17T00:25:05.267043+00:00,1285011,021,2737,42,0,1789605462,,,SCHEDULED
2026-09-17T00:25:05.267043+00:00,1285011,021,2738,43,0,1789605480,,,SCHEDULED
2026-09-17T00:25:05.267043+00:00,1286346,061,4140,1,,,0,1789605041,SCHEDULED
2026-09-17T00:25:05.267043+00:00,1286346,061,4361,2,0,1789605069,,,SCHEDULED
2026-09-17T00:25:05.267043+00:00,1286346,061,4362,3,0,1789605105,,,SCHEDULED
2026-09-17T00:25:05.267043+00:00,1286346,061,4360,4,0,1789605133,,,SCHEDULED
2026-09-17T00:25:05.267043+00:00,1286346,061,4363,5,0,1789605169,,,SCHEDULED
2026-09-17T00:25:05.267043+00:00,1286346,061,4364,6,0,1789605220,,,SCHEDULED
2026-09-17T00:25:05.267043+00:00,1286346,061,4365,7,0,1789605255,,,SCHEDULED
2026-09-17T00:25:05.267043+00:00,1286346,061,4811,8,0,1789605378,,,SCHEDULED
2026-09-17T00:25:05.267043+00:00,1286346,061,4810,9,0,1789605439,,,SCHEDULED
2026-09-17T00:25:05.267043+00:00,1286346,061,4266,10,0,1789605490,,,SCHEDULED
2026-09-17T00:25:05.267043+00:00,1286346,061,4267,11,0,1789605559,,,SCHEDULED
2026-09-17T00:25:05.267043+00:00,1286346,061,4268,12,0,1789605583,,,SCHEDULED
2026-09-17T00:25:05.267043+00:00,1286346,061,187,13,0,1789605682,,,SCHEDULED
2026-09-17T00:25:05.267043+00:00,1286346,061,189,14,0,1789605754,,,SCHEDULED
2026-09-17T00:25:05.267043+00:00,1286346,061,1034,15,0,1789605872,,,SCHEDULED
2026-09-17T00:25:05.267043+00:00,1286346,061,1035,16,0,1789605908,,,SCHEDULED
2026-09-17T00:25:05.267043+00:00,1286346,061,6101,17,0,1789605970,,,SCHEDULED
2026-09-17T00:25:05.267043+00:00,1286346,061,2282,18,0,1789606127,,,SCHEDULED
2026-09-17T00:25:05.267043+00:00,1286346,061,2283,19,0,1789606207,,,SCHEDULED
2026-09-17T00:25:05.267043+00:00,1286346,061,2284,20,0,1789606226,,,SCHEDULED
2026-09-17T00:25:05.267043+00:00,1286346,061,2285,21,0,1789606252,,,SCHEDULED
2026-09-17T00:25:05.267043+00:00,1286346,061,2286,22,0,1789606278,,,SCHEDULED
2026-09-17T00:25:05.267043+00:00,1286346,061,2287,23,0,1789606329,,,SCHEDULED
2026-09-17T00:25:05.267043+00:00,1286346,061,2288,24,0,1789606361,,,SCHEDULED
2026-09-17T00:25:05.267043+00:00,1286346,061,2289,25,0,1789606450,,,SCHEDULED
2026-09-17T00:25:05.267043+00:00,1286742,068,2399,54,0,1789604763,,,SCHEDULED
2026-09-17T00:25:05.267043+00:00,1286742,068,2400,55,0,1789604803,,,SCHEDULED
2026-09-17T00:25:05.267043+00:00,1286742,068,2401,56,0,1789604821,,,SCHEDULED
2026-09-17T00:25:05.267043+00:00,1286742,068,2402,57,0,1789604880,,,SCHEDULED
2026-09-17T00:25:05.267043+00:00,1286742,068,2403,58,0,1789604991,,,SCHEDULED
2026-09-17T00:25:05.267043+00:00,1286742,068,2404,59,0,1789605037,,,SCHEDULED
2026-09-17T00:25:05.267043+00:00,1286742,068,2405,60,0,1789605093,,,SCHEDULED
2026-09-17T00:25:05.267043+00:00,1286742,068,2406,61,0,1789605145,,,SCHEDULED
2026-09-17T00:25:05.267043+00:00,1286742,068,2407,62,0,1789605194,,,SCHEDULED
2026-09-17T00:25:05.267043+00:00,1286742,068,2408,63,0,1789605260,,,SCHEDULED
2026-09-17T00:25:05.267043+00:00,1286742,068,2409,64,0,1789605295,,,SCHEDULED
2026-09-17T00:25:05.267043+00:00,1286742,068,2410,65,0,1789605344,,,SCHEDULED
2026-09-17T00:25:05.267043+00:00,1286742,068,3939,66,0,1789605529,,,SCHEDULED
2026-09-17T00:25:05.267043+00:00,1286742,068,5107,67,0,1789605578,,,SCHEDULED
2026-09-17T00:25:05.267043+00:00,1286742,068,4020,68,0,1789605631,,,SCHEDULED
2026-09-17T00:25:05.267043+00:00,1286742,068,4021,69,0,1789605687,,,SCHEDULED
2026-09-17T00:25:05.267043+00:00,1286742,068,4022,70,0,1789605749,,,SCHEDULED
2026-09-17T00:25:05.267043+00:00,1286742,068,242,71,0,1789605851,,,SCHEDULED
2026-09-17T00:25:05.267043+00:00,1286742,068,243,72,0,1789605907,,,SCHEDULED
2026-09-17T00:25:05.267043+00:00,1286742,068,244,73,0,1789605956,,,SCHEDULED
2026-09-17T00:25:05.267043+00:00,1286742,068,1038,74,0,1789606032,,,SCHEDULED
2026-09-17T00:25:05.267043+00:00,1286742,068,4019,75,0,1789606099,,,SCHEDULED
2026-09-17T00:25:05.267043+00:00,1286743,068,2401,56,0,1789604709,,,SCHEDULED
2026-09-17T00:25:05.267043+00:00,1286743,068,2402,57,0,1789605103,,,SCHEDULED
2026-09-17T00:25:05.267043+00:00,1286743,068,2403,58,0,1789605172,,,SCHEDULED
2026-09-17T00:25:05.267043+00:00,1286743,068,2404,59,0,1789605390,,,SCHEDULED
2026-09-17T00:25:05.267043+00:00,1286743,068,2405,60,0,1789605439,,,SCHEDULED
2026-09-17T00:25:05.267043+00:00,1286743,068,2406,61,0,1789605482,,,SCHEDULED
2026-09-17T00:25:05.267043+00:00,1286743,068,2407,62,0,1789605525,,,SCHEDULED
2026-09-17T00:25:05.267043+00:00,1286743,068,2408,63,0,1789605612,,,SCHEDULED
2026-09-17T00:25:05.267043+00:00,1286743,068,2409,64,0,1789605640,,,SCHEDULED
2026-09-17T00:25:05.267043+00:00,1286743,068,2410,65,0,1789605667,,,SCHEDULED
2026-09-17T00:25:05.267043+00:00,1286743,068,3939,66,0,1789605925,,,SCHEDULED
2026-09-17T00:25:05.267043+00:00,1286743,068,5107,67,0,1789606013,,,SCHEDULED
2026-09-17T00:25:05.267043+00:00,1286743,068,4020,68,0,1789606049,,,SCHEDULED
2026-09-17T00:25:05.267043+00:00,1286743,068,4021,69,0,1789606083,,,SCHEDULED
2026-09-17T00:25:05.267043+00:00,1286743,068,4022,70,0,1789606127,,,SCHEDULED
2026-09-17T00:25:05.267043+00:00,1286743,068,242,71,0,1789606203,,,SCHEDULED
2026-09-17T00:25:05.267043+00:00,1286743,068,243,72,0,1789606228,,,SCHEDULED
2026-09-17T00:25:05.267043+00:00,1286743,068,244,73,0,1789606249,,,SCHEDULED
2026-09-17T00:25:05.267043+00:00,1286743,068,1038,74,0,1789606281,,,SCHEDULED
2026-09-17T00:25:05.267043+00:00,1286743,068,4019,75,0,1789606366,,,SCHEDULED
2026-09-17T00:25:05.267043+00:00,1286347,061,187,13,0,1789604726,,,SCHEDULED
2026-09-17T00:25:05.267043+00:00,1286347,061,189,14,0,1789604798,,,SCHEDULED
2026-09-17T00:25:05.267043+00:00,1286347,061,1034,15,0,1789604916,,,SCHEDULED
2026-09-17T00:25:05.267043+00:00,1286347,061,1035,16,0,1789604952,,,SCHEDULED
2026-09-17T00:25:05.267043+00:00,1286347,061,6101,17,0,1789605014,,,SCHEDULED
2026-09-17T00:25:05.267043+00:00,1286347,061,2282,18,0,1789605171,,,SCHEDULED
2026-09-17T00:25:05.267043+00:00,1286347,061,2283,19,0,1789605251,,,SCHEDULED
2026-09-17T00:25:05.267043+00:00,1286347,061,2284,20,0,1789605270,,,SCHEDULED
2026-09-17T00:25:05.267043+00:00,1286347,061,2285,21,0,1789605296,,,SCHEDULED
2026-09-17T00:25:05.267043+00:00,1286347,061,2286,22,0,1789605322,,,SCHEDULED
2026-09-17T00:25:05.267043+00:00,1286347,061,2287,23,0,1789605373,,,SCHEDULED
2026-09-17T00:25:05.267043+00:00,1286347,061,2288,24,0,1789605405,,,SCHEDULED
2026-09-17T00:25:05.267043+00:00,1286347,061,2289,25,0,1789605504,,,SCHEDULED
2026-09-17T00:25:05.267043+00:00,1286347,061,2290,26,0,1789605565,,,SCHEDULED
2026-09-17T00:25:05.267043+00:00,1286347,061,2291,27,0,1789605665,,,SCHEDULED
2026-09-17T00:25:05.267043+00:00,1286347,061,2292,28,0,1789605761,,,SCHEDULED
2026-09-17T00:25:05.267043+00:00,1286347,061,2293,29,0,1789605823,,,SCHEDULED
2026-09-17T00:25:05.267043+00:00,1286347,061,2294,30,0,1789605862,,,SCHEDULED
2026-09-17T00:25:05.267043+00:00,1286347,061,2295,31,0,1789605947,,,SCHEDULED
2026-09-17T00:25:05.267043+00:00,1286347,061,2296,32,0,1789606039,,,SCHEDULED
2026-09-17T00:25:05.267043+00:00,1286347,061,2297,33,0,1789606070,,,SCHEDULED
2026-09-17T00:25:05.267043+00:00,1286347,061,2298,34,0,1789606227,,,SCHEDULED
2026-09-17T00:25:05.267043+00:00,1286347,061,2299,35,0,1789606318,,,SCHEDULED
2026-09-17T00:25:05.267043+00:00,1286347,061,2300,36,0,1789606343,,,SCHEDULED
2026-09-17T00:25:05.267043+00:00,1286347,061,2301,37,0,1789606362,,,SCHEDULED
2026-09-17T00:25:05.267043+00:00,1286347,061,2302,38,0,1789606420,,,SCHEDULED
2026-09-17T00:25:05.267043+00:00,1286347,061,2303,39,0,1789606446,,,SCHEDULED
2026-09-17T00:25:05.267043+00:00,1287950,088,418,1,,,0,1789606387,SCHEDULED
2026-09-17T00:25:05.267043+00:00,1287950,088,4763,2,0,1789606414,,,SCHEDULED
2026-09-17T00:25:05.267043+00:00,1287950,088,113,3,0,1789606477,,,SCHEDULED
2026-09-17T00:25:05.267043+00:00,1284048,001,3350,16,0,1789604747,,,SCHEDULED
2026-09-17T00:25:05.267043+00:00,1284048,001,3351,17,0,1789604803,,,SCHEDULED
2026-09-17T00:25:05.267043+00:00,1284048,001,3352,18,0,1789604867,,,SCHEDULED
2026-09-17T00:25:05.267043+00:00,1284048,001,3353,19,0,1789604920,,,SCHEDULED
2026-09-17T00:25:05.267043+00:00,1284048,001,3354,20,0,1789604968,,,SCHEDULED
2026-09-17T00:25:05.267043+00:00,1284048,001,3355,21,0,1789605032,,,SCHEDULED
2026-09-17T00:25:05.267043+00:00,1284048,001,3356,22,0,1789605093,,,SCHEDULED
2026-09-17T00:25:05.267043+00:00,1284048,001,3357,23,0,1789605125,,,SCHEDULED
2026-09-17T00:25:05.267043+00:00,1284048,001,563,24,0,1789605240,,,SCHEDULED
2026-09-17T00:25:05.267043+00:00,1284048,001,565,25,0,1789605310,,,SCHEDULED
2026-09-17T00:25:05.267043+00:00,1284048,001,566,26,0,1789605376,,,SCHEDULED
2026-09-17T00:25:05.267043+00:00,1284048,001,567,27,0,1789605411,,,SCHEDULED
2026-09-17T00:25:05.267043+00:00,1284048,001,568,28,0,1789605500,,,SCHEDULED
2026-09-17T00:25:05.267043+00:00,1284048,001,570,29,0,1789605561,,,SCHEDULED
2026-09-17T00:25:05.267043+00:00,1284048,001,573,30,0,1789605632,,,SCHEDULED
2026-09-17T00:25:05.267043+00:00,1284048,001,3097,31,0,1789605674,,,SCHEDULED
2026-09-17T00:25:05.267043+00:00,1284048,001,3098,32,0,1789605727,,,SCHEDULED
2026-09-17T00:25:05.267043+00:00,1286740,068,1099,1,,,0,1789605852,SCHEDULED
2026-09-17T00:25:05.267043+00:00,1286740,068,2645,2,0,1789605963,,,SCHEDULED
2026-09-17T00:25:05.267043+00:00,1286740,068,2643,3,0,1789605981,,,SCHEDULED
2026-09-17T00:25:05.267043+00:00,1286740,068,2644,4,0,1789606037,,,SCHEDULED
2026-09-17T00:25:05.267043+00:00,1286740,068,2646,5,0,1789606123,,,SCHEDULED
2026-09-17T00:25:05.267043+00:00,1286740,068,2647,6,0,1789606151,,,SCHEDULED
2026-09-17T00:25:05.267043+00:00,1284047,001,568,28,0,1789604739,,,SCHEDULED
2026-09-17T00:25:05.267043+00:00,1284047,001,570,29,0,1789604768,,,SCHEDULED
2026-09-17T00:25:05.267043+00:00,1284047,001,573,30,0,1789604800,,,SCHEDULED
2026-09-17T00:25:05.267043+00:00,1284047,001,3097,31,0,1789604851,,,SCHEDULED
2026-09-17T00:25:05.267043+00:00,1284047,001,3098,32,0,1789604971,,,SCHEDULED
2026-09-17T00:25:05.267043+00:00,1287951,088,526,5,0,1789604710,,,SCHEDULED
2026-09-17T00:25:05.267043+00:00,1287951,088,527,6,0,1789604773,,,SCHEDULED
2026-09-17T00:25:05.267043+00:00,1287951,088,528,7,0,1789604816,,,SCHEDULED
2026-09-17T00:25:05.267043+00:00,1287951,088,5252,8,0,1789604980,,,SCHEDULED
2026-09-17T00:25:05.267043+00:00,1287951,088,531,9,0,1789605035,,,SCHEDULED
2026-09-17T00:25:05.267043+00:00,1287951,088,610,10,0,1789605583,,,SCHEDULED
2026-09-17T00:25:05.267043+00:00,1287951,088,611,11,0,1789605686,,,SCHEDULED
2026-09-17T00:25:05.267043+00:00,1287951,088,612,12,0,1789605712,,,SCHEDULED
2026-09-17T00:25:05.267043+00:00,1287951,088,613,13,0,1789605739,,,SCHEDULED
2026-09-17T00:25:05.267043+00:00,1287951,088,614,14,0,1789605793,,,SCHEDULED
2026-09-17T00:25:05.267043+00:00,1287951,088,615,15,0,1789605912,,,SCHEDULED
2026-09-17T00:25:05.267043+00:00,1287951,088,616,16,0,1789605979,,,SCHEDULED
2026-09-17T00:25:05.267043+00:00,1287951,088,617,17,0,1789606024,,,SCHEDULED
2026-09-17T00:25:05.267043+00:00,1287951,088,618,18,0,1789606107,,,SCHEDULED
2026-09-17T00:25:05.267043+00:00,1287951,088,619,19,0,1789606194,,,SCHEDULED
2026-09-17T00:25:05.267043+00:00,1287951,088,620,20,0,1789606266,,,SCHEDULED
2026-09-17T00:25:05.267043+00:00,1287951,088,621,21,0,1789606299,,,SCHEDULED
2026-09-17T00:25:05.267043+00:00,1287951,088,622,22,0,1789606319,,,SCHEDULED
2026-09-17T00:25:05.267043+00:00,1287951,088,623,23,0,1789606329,,,SCHEDULED
2026-09-17T00:25:05.267043+00:00,1287951,088,624,24,0,1789606348,,,SCHEDULED
2026-09-17T00:25:05.267043+00:00,1287951,088,625,25,0,1789606411,,,SCHEDULED
2026-09-17T00:25:05.267043+00:00,1287951,088,626,26,0,1789606473,,,SCHEDULED
2026-09-17T00:25:05.267043+00:00,1288401,176,658,1,,,0,1789605569,SCHEDULED
2026-09-17T00:25:05.267043+00:00,1288401,176,832,2,0,1789605694,,,SCHEDULED
2026-09-17T00:25:05.267043+00:00,1288401,176,3845,3,0,1789605978,,,SCHEDULED
2026-09-17T00:25:05.267043+00:00,1288401,176,795,4,0,1789606074,,,SCHEDULED
2026-09-17T00:25:05.267043+00:00,1288401,176,870,5,0,1789606136,,,SCHEDULED
2026-09-17T00:25:05.267043+00:00,1286741,068,880,15,0,1789604746,,,SCHEDULED
2026-09-17T00:25:05.267043+00:00,1286741,068,881,16,0,1789604780,,,SCHEDULED
2026-09-17T00:25:05.267043+00:00,1286741,068,1795,17,0,1789604858,,,SCHEDULED
2026-09-17T00:25:05.267043+00:00,1286741,068,1796,18,0,1789604901,,,SCHEDULED
2026-09-17T00:25:05.267043+00:00,1286741,068,1797,19,0,1789604961,,,SCHEDULED
2026-09-17T00:25:05.267043+00:00,1286741,068,1798,20,0,1789605013,,,SCHEDULED
2026-09-17T00:25:05.267043+00:00,1286741,068,1930,21,0,1789605065,,,SCHEDULED
2026-09-17T00:25:05.267043+00:00,1286741,068,1931,22,0,1789605112,,,SCHEDULED
2026-09-17T00:25:05.267043+00:00,1286741,068,1949,23,0,1789605164,,,SCHEDULED
2026-09-17T00:25:05.267043+00:00,1286741,068,1932,24,0,1789605194,,,SCHEDULED
2026-09-17T00:25:05.267043+00:00,1286741,068,1933,25,0,1789605259,,,SCHEDULED
2026-09-17T00:25:05.267043+00:00,1286741,068,1934,26,0,1789605323,,,SCHEDULED
2026-09-17T00:25:05.267043+00:00,1286741,068,1935,27,0,1789605366,,,SCHEDULED
2026-09-17T00:25:05.267043+00:00,1286741,068,2657,28,0,1789605440,,,SCHEDULED
2026-09-17T00:25:05.267043+00:00,1286741,068,2658,29,0,1789605472,,,SCHEDULED
2026-09-17T00:25:05.267043+00:00,1286741,068,2659,30,0,1789605494,,,SCHEDULED
2026-09-17T00:25:05.267043+00:00,1286741,068,2660,31,0,1789605542,,,SCHEDULED
2026-09-17T00:25:05.267043+00:00,1286741,068,2662,32,0,1789605623,,,SCHEDULED
2026-09-17T00:25:05.267043+00:00,1286741,068,2664,33,0,1789605685,,,SCHEDULED
2026-09-17T00:25:05.267043+00:00,1286741,068,2665,34,0,1789605740,,,SCHEDULED
2026-09-17T00:25:05.267043+00:00,1286741,068,2666,35,0,1789605780,,,SCHEDULED
2026-09-17T00:25:05.267043+00:00,1286741,068,2667,36,0,1789605832,,,SCHEDULED
2026-09-17T00:25:05.267043+00:00,1286741,068,2670,37,0,1789605920,,,SCHEDULED
2026-09-17T00:25:05.267043+00:00,1286741,068,2671,38,0,1789605951,,,SCHEDULED
2026-09-17T00:25:05.267043+00:00,1286741,068,2672,39,0,1789605985,,,SCHEDULED
2026-09-17T00:25:05.267043+00:00,1286741,068,2675,40,0,1789606037,,,SCHEDULED
2026-09-17T00:25:05.267043+00:00,1286741,068,2676,41,0,1789606077,,,SCHEDULED
2026-09-17T00:25:05.267043+00:00,1286741,068,2679,42,0,1789606100,,,SCHEDULED
2026-09-17T00:25:05.267043+00:00,1286741,068,2680,43,0,1789606143,,,SCHEDULED
2026-09-17T00:25:05.267043+00:00,1286741,068,2681,44,0,1789606169,,,SCHEDULED
2026-09-17T00:25:05.267043+00:00,1286741,068,2678,45,0,1789606226,,,SCHEDULED
2026-09-17T00:25:05.267043+00:00,1286741,068,2682,46,0,1789606252,,,SCHEDULED
2026-09-17T00:25:05.267043+00:00,1286741,068,1857,47,0,1789606430,,,SCHEDULED
2026-09-17T00:25:05.267043+00:00,1286741,068,1858,48,0,1789606467,,,SCHEDULED
2026-09-17T00:25:05.267043+00:00,1285777,038,307,1,,,0,1789605176,SCHEDULED
2026-09-17T00:25:05.267043+00:00,1285777,038,1600,2,0,1789605298,,,SCHEDULED
2026-09-17T00:25:05.267043+00:00,1285777,038,3650,3,0,1789605413,,,SCHEDULED
2026-09-17T00:25:05.267043+00:00,1285777,038,3651,4,0,1789605448,,,SCHEDULED
2026-09-17T00:25:05.267043+00:00,1285777,038,3652,5,0,1789605471,,,SCHEDULED
2026-09-17T00:25:05.267043+00:00,1285777,038,3653,6,0,1789605499,,,SCHEDULED
2026-09-17T00:25:05.267043+00:00,1285777,038,3654,7,0,1789605528,,,SCHEDULED
2026-09-17T00:25:05.267043+00:00,1285777,038,3655,8,0,1789605549,,,SCHEDULED
2026-09-17T00:25:05.267043+00:00,1285777,038,3656,9,0,1789605573,,,SCHEDULED
2026-09-17T00:25:05.267043+00:00,1285777,038,3657,10,0,1789605611,,,SCHEDULED
2026-09-17T00:25:05.267043+00:00,1285777,038,1807,11,0,1789605680,,,SCHEDULED
2026-09-17T00:25:05.267043+00:00,1285777,038,1808,12,0,1789605824,,,SCHEDULED
2026-09-17T00:25:05.267043+00:00,1285777,038,1809,13,0,1789605845,,,SCHEDULED
2026-09-17T00:25:05.267043+00:00,1285777,038,1810,14,0,1789605858,,,SCHEDULED
2026-09-17T00:25:05.267043+00:00,1285777,038,1811,15,0,1789605870,,,SCHEDULED
2026-09-17T00:25:05.267043+00:00,1285777,038,938,16,0,1789606069,,,SCHEDULED
2026-09-17T00:25:05.267043+00:00,1285777,038,940,17,0,1789606100,,,SCHEDULED
2026-09-17T00:25:05.267043+00:00,1285777,038,941,18,0,1789606123,,,SCHEDULED
2026-09-17T00:25:05.267043+00:00,1285777,038,2633,19,0,1789606214,,,SCHEDULED
2026-09-17T00:25:05.267043+00:00,1285777,038,9812,20,0,1789606255,,,SCHEDULED
2026-09-17T00:25:05.267043+00:00,1285777,038,2629,21,0,1789606289,,,SCHEDULED
2026-09-17T00:25:05.267043+00:00,1285777,038,2634,22,0,1789606321,,,SCHEDULED
2026-09-17T00:25:05.267043+00:00,1285777,038,2635,23,0,1789606362,,,SCHEDULED
2026-09-17T00:25:05.267043+00:00,1285777,038,1707,24,0,1789606426,,,SCHEDULED
2026-09-17T00:25:05.267043+00:00,1285898,051,3131,1,,,0,1789605900,SCHEDULED
2026-09-17T00:25:05.267043+00:00,1285898,051,1884,2,0,1789605992,,,SCHEDULED
2026-09-17T00:25:05.267043+00:00,1285898,051,1885,3,0,1789606098,,,SCHEDULED
2026-09-17T00:25:05.267043+00:00,1285898,051,1887,4,0,1789606214,,,SCHEDULED
2026-09-17T00:25:05.267043+00:00,1285898,051,1888,5,0,1789606289,,,SCHEDULED
2026-09-17T00:25:05.267043+00:00,1285898,051,1889,6,0,1789606328,,,SCHEDULED
2026-09-17T00:25:05.267043+00:00,1285898,051,1890,7,0,1789606356,,,SCHEDULED
2026-09-17T00:25:05.267043+00:00,1285898,051,1891,8,0,1789606406,,,SCHEDULED
2026-09-17T00:25:05.267043+00:00,1284049,001,1184,1,,,0,1789604860,SCHEDULED
2026-09-17T00:25:05.267043+00:00,1284049,001,3301,2,0,1789604867,,,SCHEDULED
2026-09-17T00:25:05.267043+00:00,1284049,001,1187,3,0,1789604962,,,SCHEDULED
2026-09-17T00:25:05.267043+00:00,1284049,001,1188,4,0,1789605036,,,SCHEDULED
2026-09-17T00:25:05.267043+00:00,1284049,001,1189,5,0,1789605087,,,SCHEDULED
2026-09-17T00:25:05.267043+00:00,1284049,001,1190,6,0,1789605192,,,SCHEDULED
2026-09-17T00:25:05.267043+00:00,1284049,001,1191,7,0,1789605217,,,SCHEDULED
2026-09-17T00:25:05.267043+00:00,1284049,001,1192,8,0,1789605280,,,SCHEDULED
2026-09-17T00:25:05.267043+00:00,1284049,001,1193,9,0,1789605331,,,SCHEDULED
2026-09-17T00:25:05.267043+00:00,1284049,001,1195,10,0,1789605404,,,SCHEDULED
2026-09-17T00:25:05.267043+00:00,1284049,001,1196,11,0,1789605446,,,SCHEDULED
2026-09-17T00:25:05.267043+00:00,1284049,001,1197,12,0,1789605496,,,SCHEDULED
2026-09-17T00:25:05.267043+00:00,1284049,001,1198,13,0,1789605517,,,SCHEDULED
2026-09-17T00:25:05.267043+00:00,1284049,001,3348,14,0,1789605687,,,SCHEDULED
2026-09-17T00:25:05.267043+00:00,1284049,001,3349,15,0,1789605755,,,SCHEDULED
2026-09-17T00:25:05.267043+00:00,1284049,001,3350,16,0,1789605792,,,SCHEDULED
2026-09-17T00:25:05.267043+00:00,1284049,001,3351,17,0,1789605835,,,SCHEDULED
2026-09-17T00:25:05.267043+00:00,1284049,001,3352,18,0,1789605935,,,SCHEDULED
2026-09-17T00:25:05.267043+00:00,1284049,001,3353,19,0,1789606013,,,SCHEDULED
2026-09-17T00:25:05.267043+00:00,1284049,001,3354,20,0,1789606060,,,SCHEDULED
2026-09-17T00:25:05.267043+00:00,1284049,001,3355,21,0,1789606099,,,SCHEDULED
2026-09-17T00:25:05.267043+00:00,1284049,001,3356,22,0,1789606155,,,SCHEDULED
2026-09-17T00:25:05.267043+00:00,1284049,001,3357,23,0,1789606185,,,SCHEDULED
2026-09-17T00:25:05.267043+00:00,1284049,001,563,24,0,1789606295,,,SCHEDULED
2026-09-17T00:25:05.267043+00:00,1284049,001,565,25,0,1789606360,,,SCHEDULED
2026-09-17T00:25:05.267043+00:00,1284049,001,566,26,0,1789606442,,,SCHEDULED
2026-09-17T00:25:05.267043+00:00,1284049,001,567,27,0,1789606469,,,SCHEDULED
2026-09-17T00:25:05.267043+00:00,1286348,061,2015,61,0,1789604770,,,SCHEDULED
2026-09-17T00:25:05.267043+00:00,1286348,061,2016,62,0,1789604823,,,SCHEDULED
2026-09-17T00:25:05.267043+00:00,1286348,061,2020,63,0,1789604875,,,SCHEDULED
2026-09-17T00:25:05.267043+00:00,1286348,061,2021,64,0,1789604948,,,SCHEDULED
2026-09-17T00:25:05.267043+00:00,1286348,061,3130,65,0,1789605021,,,SCHEDULED
2026-09-17T00:25:05.267043+00:00,1285778,038,2629,21,0,1789604722,,,SCHEDULED
2026-09-17T00:25:05.267043+00:00,1285778,038,2634,22,0,1789604754,,,SCHEDULED
2026-09-17T00:25:05.267043+00:00,1285778,038,2635,23,0,1789604795,,,SCHEDULED
2026-09-17T00:25:05.267043+00:00,1285778,038,1707,24,0,1789604859,,,SCHEDULED
2026-09-17T00:25:05.267043+00:00,1285778,038,1708,25,0,1789604962,,,SCHEDULED
2026-09-17T00:25:05.267043+00:00,1285778,038,1709,26,0,1789605007,,,SCHEDULED
2026-09-17T00:25:05.267043+00:00,1285778,038,1710,27,0,1789605048,,,SCHEDULED
2026-09-17T00:25:05.267043+00:00,1285778,038,1711,28,0,1789605095,,,SCHEDULED
2026-09-17T00:25:05.267043+00:00,1285778,038,519,29,0,1789605123,,,SCHEDULED
2026-09-17T00:25:05.267043+00:00,1285778,038,521,30,0,1789605175,,,SCHEDULED
2026-09-17T00:25:05.267043+00:00,1285778,038,522,31,0,1789605321,,,SCHEDULED
2026-09-17T00:25:05.267043+00:00,1285778,038,525,32,0,1789605762,,,SCHEDULED
2026-09-17T00:25:05.267043+00:00,1285778,038,526,33,0,1789605842,,,SCHEDULED
2026-09-17T00:25:05.267043+00:00,1285778,038,527,34,0,1789605870,,,SCHEDULED
2026-09-17T00:25:05.267043+00:00,1285778,038,528,35,0,1789605923,,,SCHEDULED
2026-09-17T00:25:05.267043+00:00,1285778,038,5252,36,0,1789606017,,,SCHEDULED
2026-09-17T00:25:05.267043+00:00,1285778,038,281,37,0,1789606106,,,SCHEDULED
2026-09-17T00:25:05.267043+00:00,1285899,051,3131,1,,,0,1789605000,SCHEDULED
2026-09-17T00:25:05.267043+00:00,1285899,051,1884,2,0,1789605092,,,SCHEDULED
2026-09-17T00:25:05.267043+00:00,1285899,051,1885,3,0,1789605198,,,SCHEDULED
2026-09-17T00:25:05.267043+00:00,1285899,051,1887,4,0,1789605314,,,SCHEDULED
2026-09-17T00:25:05.267043+00:00,1285899,051,1888,5,0,1789605389,,,SCHEDULED
2026-09-17T00:25:05.267043+00:00,1285899,051,1889,6,0,1789605428,,,SCHEDULED
2026-09-17T00:25:05.267043+00:00,1285899,051,1890,7,0,1789605456,,,SCHEDULED
2026-09-17T00:25:05.267043+00:00,1285899,051,1891,8,0,1789605506,,,SCHEDULED
2026-09-17T00:25:05.267043+00:00,1285899,051,1892,9,0,1789605597,,,SCHEDULED
2026-09-17T00:25:05.267043+00:00,1285899,051,1893,10,0,1789605628,,,SCHEDULED
2026-09-17T00:25:05.267043+00:00,1285899,051,1894,11,0,1789605683,,,SCHEDULED
2026-09-17T00:25:05.267043+00:00,1285899,051,1895,12,0,1789605739,,,SCHEDULED
2026-09-17T00:25:05.267043+00:00,1285899,051,1896,13,0,1789605770,,,SCHEDULED
2026-09-17T00:25:05.267043+00:00,1285899,051,1898,14,0,1789605813,,,SCHEDULED
2026-09-17T00:25:05.267043+00:00,1285899,051,1899,15,0,1789605867,,,SCHEDULED
2026-09-17T00:25:05.267043+00:00,1285899,051,1901,16,0,1789605932,,,SCHEDULED
2026-09-17T00:25:05.267043+00:00,1285899,051,1902,17,0,1789605937,,,SCHEDULED
2026-09-17T00:25:05.267043+00:00,1285899,051,1904,18,0,1789606032,,,SCHEDULED
2026-09-17T00:25:05.267043+00:00,1285899,051,1905,19,0,1789606068,,,SCHEDULED
2026-09-17T00:25:05.267043+00:00,1285899,051,1906,20,0,1789606095,,,SCHEDULED
2026-09-17T00:25:05.267043+00:00,1285899,051,1907,21,0,1789606121,,,SCHEDULED
2026-09-17T00:25:05.267043+00:00,1285899,051,1908,22,0,1789606136,,,SCHEDULED
2026-09-17T00:25:05.267043+00:00,1285899,051,1911,23,0,1789606187,,,SCHEDULED
2026-09-17T00:25:05.267043+00:00,1285899,051,1913,24,0,1789606287,,,SCHEDULED
2026-09-17T00:25:05.267043+00:00,1285899,051,1914,25,0,1789606330,,,SCHEDULED
2026-09-17T00:25:05.267043+00:00,1285899,051,1915,26,0,1789606366,,,SCHEDULED
2026-09-17T00:25:05.267043+00:00,1285419,026,3052,1,,,0,1789605240,SCHEDULED
2026-09-17T00:25:05.267043+00:00,1285419,026,3054,2,0,1789605295,,,SCHEDULED
2026-09-17T00:25:05.267043+00:00,1285419,026,3055,3,0,1789605368,,,SCHEDULED
2026-09-17T00:25:05.267043+00:00,1285419,026,3056,4,0,1789605444,,,SCHEDULED
2026-09-17T00:25:05.267043+00:00,1285419,026,3057,5,0,1789605479,,,SCHEDULED
2026-09-17T00:25:05.267043+00:00,1285419,026,3058,6,0,1789605561,,,SCHEDULED
2026-09-17T00:25:05.267043+00:00,1285419,026,3059,7,0,1789605590,,,SCHEDULED
2026-09-17T00:25:05.267043+00:00,1285419,026,3060,8,0,1789605666,,,SCHEDULED
2026-09-17T00:25:05.267043+00:00,1285419,026,3061,9,0,1789605749,,,SCHEDULED
2026-09-17T00:25:05.267043+00:00,1285419,026,3062,10,0,1789605781,,,SCHEDULED
2026-09-17T00:25:05.267043+00:00,1285419,026,3063,11,0,1789605849,,,SCHEDULED
2026-09-17T00:25:05.267043+00:00,1285419,026,3064,12,0,1789605917,,,SCHEDULED
2026-09-17T00:25:05.267043+00:00,1285419,026,3065,13,0,1789605957,,,SCHEDULED
2026-09-17T00:25:05.267043+00:00,1285419,026,3066,14,0,1789606001,,,SCHEDULED
2026-09-17T00:25:05.267043+00:00,1285419,026,629,15,0,1789606080,,,SCHEDULED
2026-09-17T00:25:05.267043+00:00,1285419,026,651,16,0,1789606166,,,SCHEDULED
2026-09-17T00:25:05.267043+00:00,1285419,026,544,17,0,1789606205,,,SCHEDULED
2026-09-17T00:25:05.267043+00:00,1288409,176,663,4,0,1789604763,,,SCHEDULED
2026-09-17T00:25:05.267043+00:00,1288409,176,8005,5,0,1789604908,,,SCHEDULED
2026-09-17T00:25:05.267043+00:00,1288409,176,837,6,0,1789604989,,,SCHEDULED
2026-09-17T00:25:05.267043+00:00,1285928,051,1914,25,0,1789604611,,,SCHEDULED
2026-09-17T00:25:05.267043+00:00,1285928,051,1915,26,0,1789604626,,,SCHEDULED
2026-09-17T00:25:05.267043+00:00,1285928,051,1916,27,0,1789604701,,,SCHEDULED
2026-09-17T00:25:05.267043+00:00,1285928,051,1917,28,0,1789604766,,,SCHEDULED
2026-09-17T00:25:05.267043+00:00,1285928,051,1918,29,0,1789604815,,,SCHEDULED
2026-09-17T00:25:05.267043+00:00,1285928,051,1919,30,0,1789604858,,,SCHEDULED
2026-09-17T00:25:05.267043+00:00,1285928,051,1920,31,0,1789604909,,,SCHEDULED
2026-09-17T00:25:05.267043+00:00,1285928,051,1921,32,0,1789604945,,,SCHEDULED
2026-09-17T00:25:05.267043+00:00,1285928,051,1922,33,0,1789604995,,,SCHEDULED
2026-09-17T00:25:05.267043+00:00,1285928,051,1923,34,0,1789605016,,,SCHEDULED
2026-09-17T00:25:05.267043+00:00,1285928,051,1924,35,0,1789605075,,,SCHEDULED
2026-09-17T00:25:05.267043+00:00,1285928,051,1925,36,0,1789605106,,,SCHEDULED
2026-09-17T00:25:05.267043+00:00,1285928,051,1926,37,0,1789605170,,,SCHEDULED
2026-09-17T00:25:05.267043+00:00,1285928,051,1940,38,0,1789605221,,,SCHEDULED
2026-09-17T00:25:05.267043+00:00,1285928,051,320,39,0,1789605268,,,SCHEDULED
2026-09-17T00:25:05.267043+00:00,1285928,051,1209,40,0,1789605306,,,SCHEDULED
2026-09-17T00:25:05.267043+00:00,1285928,051,321,41,0,1789605367,,,SCHEDULED
2026-09-17T00:25:05.267043+00:00,1285928,051,322,42,0,1789605420,,,SCHEDULED
2026-09-17T00:25:05.267043+00:00,1285928,051,324,43,0,1789605527,,,SCHEDULED
2026-09-17T00:25:05.267043+00:00,1285928,051,325,44,0,1789605567,,,SCHEDULED
2026-09-17T00:25:05.267043+00:00,1285928,051,327,46,0,1789605884,,,SCHEDULED
2026-09-17T00:25:05.267043+00:00,1285928,051,328,47,0,1789605934,,,SCHEDULED
2026-09-17T00:25:05.267043+00:00,1285928,051,329,48,0,1789606016,,,SCHEDULED
2026-09-17T00:25:05.267043+00:00,1285928,051,330,49,0,1789606113,,,SCHEDULED
2026-09-17T00:25:05.267043+00:00,1285928,051,331,50,0,1789606335,,,SCHEDULED
2026-09-17T00:25:05.267043+00:00,1285807,038,282,1,,,0,1789604760,SCHEDULED
2026-09-17T00:25:05.267043+00:00,1285807,038,414,2,0,1789604999,,,SCHEDULED
2026-09-17T00:25:05.267043+00:00,1285807,038,415,3,0,1789605103,,,SCHEDULED
2026-09-17T00:25:05.267043+00:00,1285807,038,416,4,0,1789605121,,,SCHEDULED
2026-09-17T00:25:05.267043+00:00,1285807,038,418,5,0,1789605209,,,SCHEDULED
2026-09-17T00:25:05.267043+00:00,1285807,038,4763,6,0,1789605316,,,SCHEDULED
2026-09-17T00:25:05.267043+00:00,1285807,038,1716,7,0,1789605379,,,SCHEDULED
2026-09-17T00:25:05.267043+00:00,1285807,038,1717,8,0,1789605431,,,SCHEDULED
2026-09-17T00:25:05.267043+00:00,1285807,038,1718,9,0,1789605465,,,SCHEDULED
2026-09-17T00:25:05.267043+00:00,1285807,038,1720,10,0,1789605560,,,SCHEDULED
2026-09-17T00:25:05.267043+00:00,1285807,038,1721,11,0,1789605615,,,SCHEDULED
2026-09-17T00:25:05.267043+00:00,1285807,038,1722,12,0,1789605696,,,SCHEDULED
2026-09-17T00:25:05.267043+00:00,1285807,038,1723,13,0,1789605721,,,SCHEDULED
2026-09-17T00:25:05.267043+00:00,1285807,038,2651,14,0,1789605802,,,SCHEDULED
2026-09-17T00:25:05.267043+00:00,1285807,038,2653,15,0,1789605912,,,SCHEDULED
2026-09-17T00:25:05.267043+00:00,1285807,038,2654,16,0,1789605969,,,SCHEDULED
2026-09-17T00:25:05.267043+00:00,1285807,038,9811,17,0,1789606036,,,SCHEDULED
2026-09-17T00:25:05.267043+00:00,1285807,038,880,18,0,1789606135,,,SCHEDULED
2026-09-17T00:25:05.267043+00:00,1285807,038,881,19,0,1789606164,,,SCHEDULED
2026-09-17T00:25:05.267043+00:00,1285807,038,883,20,0,1789606232,,,SCHEDULED
2026-09-17T00:25:05.267043+00:00,1285807,038,884,21,0,1789606279,,,SCHEDULED
2026-09-17T00:25:05.267043+00:00,1285807,038,3717,22,0,1789606355,,,SCHEDULED
2026-09-17T00:25:05.267043+00:00,1285807,038,3718,23,0,1789606380,,,SCHEDULED
2026-09-17T00:25:05.267043+00:00,1285807,038,3719,24,0,1789606402,,,SCHEDULED
2026-09-17T00:25:05.267043+00:00,1285807,038,3720,25,0,1789606464,,,SCHEDULED
2026-09-17T00:25:05.267043+00:00,1285807,038,3721,26,0,1789606479,,,SCHEDULED
2026-09-17T00:25:05.267043+00:00,1285808,038,883,20,0,1789604698,,,SCHEDULED
2026-09-17T00:25:05.267043+00:00,1285808,038,884,21,0,1789604745,,,SCHEDULED
2026-09-17T00:25:05.267043+00:00,1285808,038,3717,22,0,1789604821,,,SCHEDULED
2026-09-17T00:25:05.267043+00:00,1285808,038,3718,23,0,1789604846,,,SCHEDULED
2026-09-17T00:25:05.267043+00:00,1285808,038,3719,24,0,1789604868,,,SCHEDULED
2026-09-17T00:25:05.267043+00:00,1285808,038,3720,25,0,1789604935,,,SCHEDULED
2026-09-17T00:25:05.267043+00:00,1285808,038,3721,26,0,1789604953,,,SCHEDULED
2026-09-17T00:25:05.267043+00:00,1285808,038,3722,27,0,1789605076,,,SCHEDULED
2026-09-17T00:25:05.267043+00:00,1285808,038,3723,28,0,1789605108,,,SCHEDULED
2026-09-17T00:25:05.267043+00:00,1285808,038,3724,29,0,1789605146,,,SCHEDULED
2026-09-17T00:25:05.267043+00:00,1285808,038,3725,30,0,1789605166,,,SCHEDULED
2026-09-17T00:25:05.267043+00:00,1285808,038,901,31,0,1789605206,,,SCHEDULED
2026-09-17T00:25:05.267043+00:00,1285808,038,902,32,0,1789605270,,,SCHEDULED
2026-09-17T00:25:05.267043+00:00,1285808,038,903,33,0,1789605422,,,SCHEDULED
2026-09-17T00:25:05.267043+00:00,1285808,038,905,34,0,1789605467,,,SCHEDULED
2026-09-17T00:25:05.267043+00:00,1285808,038,3143,35,0,1789605534,,,SCHEDULED
2026-09-17T00:25:05.267043+00:00,1285808,038,3144,36,0,1789605591,,,SCHEDULED
2026-09-17T00:25:05.267043+00:00,1285929,051,322,42,0,1789604707,,,SCHEDULED
2026-09-17T00:25:05.267043+00:00,1285929,051,324,43,0,1789604814,,,SCHEDULED
2026-09-17T00:25:05.267043+00:00,1285929,051,325,44,0,1789604854,,,SCHEDULED
2026-09-17T00:25:05.267043+00:00,1285929,051,327,46,0,1789605171,,,SCHEDULED
2026-09-17T00:25:05.267043+00:00,1285929,051,328,47,0,1789605221,,,SCHEDULED
2026-09-17T00:25:05.267043+00:00,1285929,051,329,48,0,1789605303,,,SCHEDULED
2026-09-17T00:25:05.267043+00:00,1285929,051,330,49,0,1789605400,,,SCHEDULED
2026-09-17T00:25:05.267043+00:00,1285929,051,331,50,0,1789605622,,,SCHEDULED
2026-09-17T00:25:05.267043+00:00,1288081,093,3100,3,0,1789604743,,,SCHEDULED
2026-09-17T00:25:05.267043+00:00,1288081,093,3101,4,0,1789604768,,,SCHEDULED
2026-09-17T00:25:05.267043+00:00,1288081,093,3102,5,0,1789604808,,,SCHEDULED
2026-09-17T00:25:05.267043+00:00,1288081,093,3103,6,0,1789604930,,,SCHEDULED
2026-09-17T00:25:05.267043+00:00,1288081,093,3503,7,0,1789604970,,,SCHEDULED
2026-09-17T00:25:05.267043+00:00,1288081,093,3504,8,0,1789605087,,,SCHEDULED
2026-09-17T00:25:05.267043+00:00,1288081,093,3505,9,0,1789605153,,,SCHEDULED
2026-09-17T00:25:05.267043+00:00,1288081,093,3520,10,0,1789605304,,,SCHEDULED
2026-09-17T00:25:05.267043+00:00,1288081,093,3521,11,0,1789605347,,,SCHEDULED
2026-09-17T00:25:05.267043+00:00,1288081,093,3522,12,0,1789605367,,,SCHEDULED
2026-09-17T00:25:05.267043+00:00,1288081,093,3523,13,0,1789605403,,,SCHEDULED
2026-09-17T00:25:05.267043+00:00,1288081,093,3524,14,0,1789605436,,,SCHEDULED
2026-09-17T00:25:05.267043+00:00,1288081,093,3526,15,0,1789605503,,,SCHEDULED
2026-09-17T00:25:05.267043+00:00,1288081,093,3527,16,0,1789605530,,,SCHEDULED
2026-09-17T00:25:05.267043+00:00,1288081,093,3530,17,0,1789605635,,,SCHEDULED
2026-09-17T00:25:05.267043+00:00,1288081,093,3531,18,0,1789605641,,,SCHEDULED
2026-09-17T00:25:05.267043+00:00,1288081,093,3532,19,0,1789605713,,,SCHEDULED
2026-09-17T00:25:05.267043+00:00,1288081,093,3533,20,0,1789605758,,,SCHEDULED
2026-09-17T00:25:05.267043+00:00,1288081,093,5346,21,0,1789605808,,,SCHEDULED
2026-09-17T00:25:05.267043+00:00,1288081,093,3534,22,0,1789605869,,,SCHEDULED
2026-09-17T00:25:05.267043+00:00,1288081,093,3535,23,0,1789605902,,,SCHEDULED
2026-09-17T00:25:05.267043+00:00,1288081,093,3536,24,0,1789605926,,,SCHEDULED
2026-09-17T00:25:05.267043+00:00,1288081,093,3537,25,0,1789605949,,,SCHEDULED
2026-09-17T00:25:05.267043+00:00,1288081,093,9933,26,0,1789606113,,,SCHEDULED
2026-09-17T00:25:05.267043+00:00,1288081,093,669,27,0,1789606217,,,SCHEDULED
2026-09-17T00:25:05.267043+00:00,1288081,093,4742,28,0,1789606255,,,SCHEDULED
2026-09-17T00:25:05.267043+00:00,1288081,093,4745,29,0,1789606351,,,SCHEDULED
2026-09-17T00:25:05.267043+00:00,1288081,093,4618,30,0,1789606488,,,SCHEDULED
2026-09-17T00:25:05.267043+00:00,1288082,093,3381,32,0,1789604790,,,SCHEDULED
2026-09-17T00:25:05.267043+00:00,1288082,093,3382,33,0,1789604821,,,SCHEDULED
2026-09-17T00:25:05.267043+00:00,1288082,093,3383,34,0,1789604861,,,SCHEDULED
2026-09-17T00:25:05.267043+00:00,1288082,093,3389,35,0,1789604910,,,SCHEDULED
2026-09-17T00:25:05.267043+00:00,1286580,067,2633,50,0,1789604697,,,SCHEDULED
2026-09-17T00:25:05.267043+00:00,1286580,067,9812,51,0,1789604769,,,SCHEDULED
2026-09-17T00:25:05.267043+00:00,1286580,067,2629,52,0,1789604875,,,SCHEDULED
2026-09-17T00:25:05.267043+00:00,1286580,067,2634,53,0,1789604904,,,SCHEDULED
2026-09-17T00:25:05.267043+00:00,1286580,067,2635,54,0,1789604939,,,SCHEDULED
2026-09-17T00:25:05.267043+00:00,1286580,067,2636,55,0,1789604991,,,SCHEDULED
2026-09-17T00:25:05.267043+00:00,1286580,067,2637,56,0,1789605039,,,SCHEDULED
2026-09-17T00:25:05.267043+00:00,1286580,067,2638,57,0,1789605116,,,SCHEDULED
2026-09-17T00:25:05.267043+00:00,1286580,067,2639,58,0,1789605207,,,SCHEDULED
2026-09-17T00:25:05.267043+00:00,1286580,067,1086,59,0,1789605769,,,SCHEDULED
2026-09-17T00:25:05.267043+00:00,1286580,067,1088,60,0,1789605812,,,SCHEDULED
2026-09-17T00:25:05.267043+00:00,1286580,067,1087,61,0,1789605855,,,SCHEDULED
2026-09-17T00:25:05.267043+00:00,1286580,067,2642,62,0,1789605912,,,SCHEDULED
2026-09-17T00:25:05.267043+00:00,1287790,087,3901,12,0,1789604759,,,SCHEDULED
2026-09-17T00:25:05.267043+00:00,1287790,087,3902,13,0,1789604804,,,SCHEDULED
2026-09-17T00:25:05.267043+00:00,1287790,087,3903,14,0,1789604907,,,SCHEDULED
2026-09-17T00:25:05.267043+00:00,1287790,087,3904,15,0,1789604998,,,SCHEDULED
2026-09-17T00:25:05.267043+00:00,1287790,087,3905,16,0,1789605071,,,SCHEDULED
2026-09-17T00:25:05.267043+00:00,1287790,087,1254,17,0,1789605406,,,SCHEDULED
2026-09-17T00:25:05.267043+00:00,1287790,087,1262,18,0,1789605639,,,SCHEDULED
2026-09-17T00:25:05.267043+00:00,1286581,067,2606,29,0,1789604733,,,SCHEDULED
2026-09-17T00:25:05.267043+00:00,1286581,067,2607,30,0,1789604799,,,SCHEDULED
2026-09-17T00:25:05.267043+00:00,1286581,067,2608,31,0,1789604817,,,SCHEDULED
2026-09-17T00:25:05.267043+00:00,1286581,067,2609,32,0,1789604842,,,SCHEDULED
2026-09-17T00:25:05.267043+00:00,1286581,067,2613,33,0,1789604852,,,SCHEDULED
2026-09-17T00:25:05.267043+00:00,1286581,067,2614,34,0,1789604897,,,SCHEDULED
2026-09-17T00:25:05.267043+00:00,1286581,067,2615,35,0,1789604938,,,SCHEDULED
2026-09-17T00:25:05.267043+00:00,1286581,067,601,36,0,1789604979,,,SCHEDULED
2026-09-17T00:25:05.267043+00:00,1286581,067,2617,37,0,1789605039,,,SCHEDULED
2026-09-17T00:25:05.267043+00:00,1286581,067,2620,38,0,1789605136,,,SCHEDULED
2026-09-17T00:25:05.267043+00:00,1286581,067,2621,39,0,1789605175,,,SCHEDULED
2026-09-17T00:25:05.267043+00:00,1286581,067,2622,40,0,1789605191,,,SCHEDULED
2026-09-17T00:25:05.267043+00:00,1286581,067,2623,41,0,1789605225,,,SCHEDULED
2026-09-17T00:25:05.267043+00:00,1286581,067,2624,42,0,1789605261,,,SCHEDULED
2026-09-17T00:25:05.267043+00:00,1286581,067,2625,43,0,1789605288,,,SCHEDULED
2026-09-17T00:25:05.267043+00:00,1286581,067,2626,44,0,1789605310,,,SCHEDULED
2026-09-17T00:25:05.267043+00:00,1286581,067,2627,45,0,1789605353,,,SCHEDULED
2026-09-17T00:25:05.267043+00:00,1286581,067,2628,46,0,1789605372,,,SCHEDULED
2026-09-17T00:25:05.267043+00:00,1286581,067,2630,47,0,1789605499,,,SCHEDULED
2026-09-17T00:25:05.267043+00:00,1286581,067,2631,48,0,1789605545,,,SCHEDULED
2026-09-17T00:25:05.267043+00:00,1286581,067,2632,49,0,1789605563,,,SCHEDULED
2026-09-17T00:25:05.267043+00:00,1286581,067,2633,50,0,1789605640,,,SCHEDULED
2026-09-17T00:25:05.267043+00:00,1286581,067,9812,51,0,1789605712,,,SCHEDULED
2026-09-17T00:25:05.267043+00:00,1286581,067,2629,52,0,1789605818,,,SCHEDULED
2026-09-17T00:25:05.267043+00:00,1286581,067,2634,53,0,1789605847,,,SCHEDULED
2026-09-17T00:25:05.267043+00:00,1286581,067,2635,54,0,1789605882,,,SCHEDULED
2026-09-17T00:25:05.267043+00:00,1286581,067,2636,55,0,1789605934,,,SCHEDULED
2026-09-17T00:25:05.267043+00:00,1286581,067,2637,56,0,1789605982,,,SCHEDULED
2026-09-17T00:25:05.267043+00:00,1286581,067,2638,57,0,1789606059,,,SCHEDULED
2026-09-17T00:25:05.267043+00:00,1286581,067,2639,58,0,1789606150,,,SCHEDULED
2026-09-17T00:25:05.267043+00:00,1285142,023,1164,63,0,1789604700,,,SCHEDULED
2026-09-17T00:25:05.267043+00:00,1285142,023,1165,64,0,1789604885,,,SCHEDULED
2026-09-17T00:25:05.267043+00:00,1285142,023,1166,65,0,1789604997,,,SCHEDULED
2026-09-17T00:25:05.267043+00:00,1285142,023,1167,66,0,1789605032,,,SCHEDULED
2026-09-17T00:25:05.267043+00:00,1285142,023,1168,67,0,1789605070,,,SCHEDULED
2026-09-17T00:25:05.267043+00:00,1285142,023,284,68,0,1789605185,,,SCHEDULED
2026-09-17T00:25:05.267043+00:00,1286991,075,4061,1,,,0,1789605116,SCHEDULED
2026-09-17T00:25:05.267043+00:00,1286991,075,1426,2,0,1789605138,,,SCHEDULED
2026-09-17T00:25:05.267043+00:00,1286991,075,1429,3,0,1789605200,,,SCHEDULED
2026-09-17T00:25:05.267043+00:00,1286991,075,1430,4,0,1789605231,,,SCHEDULED
2026-09-17T00:25:05.267043+00:00,1286991,075,3845,5,0,1789605238,,,SCHEDULED
2026-09-17T00:25:05.267043+00:00,1286991,075,3846,6,0,1789605297,,,SCHEDULED
2026-09-17T00:25:05.267043+00:00,1286991,075,3847,7,0,1789605324,,,SCHEDULED
2026-09-17T00:25:05.267043+00:00,1286991,075,1431,8,0,1789605345,,,SCHEDULED
2026-09-17T00:25:05.267043+00:00,1286991,075,1419,9,0,1789605410,,,SCHEDULED
2026-09-17T00:25:05.267043+00:00,1286991,075,9922,10,0,1789605496,,,SCHEDULED
2026-09-17T00:25:05.267043+00:00,1286991,075,1399,11,0,1789605591,,,SCHEDULED
2026-09-17T00:25:05.267043+00:00,1286991,075,1397,12,0,1789605667,,,SCHEDULED
2026-09-17T00:25:05.267043+00:00,1286991,075,9928,13,0,1789605734,,,SCHEDULED
2026-09-17T00:25:05.267043+00:00,1286991,075,3802,14,0,1789605792,,,SCHEDULED
2026-09-17T00:25:05.267043+00:00,1286991,075,3852,15,0,1789605987,,,SCHEDULED
2026-09-17T00:25:05.267043+00:00,1286596,067,1099,1,,,0,1789606092,SCHEDULED
2026-09-17T00:25:05.267043+00:00,1286596,067,2645,2,0,1789606194,,,SCHEDULED
2026-09-17T00:25:05.267043+00:00,1286596,067,2643,3,0,1789606236,,,SCHEDULED
2026-09-17T00:25:05.267043+00:00,1286596,067,2644,4,0,1789606304,,,SCHEDULED
2026-09-17T00:25:05.267043+00:00,1286596,067,2646,5,0,1789606360,,,SCHEDULED
2026-09-17T00:25:05.267043+00:00,1286596,067,2647,6,0,1789606376,,,SCHEDULED
2026-09-17T00:25:05.267043+00:00,1285141,023,1344,14,0,1789604699,,,SCHEDULED
2026-09-17T00:25:05.267043+00:00,1285141,023,1346,15,0,1789604765,,,SCHEDULED
2026-09-17T00:25:05.267043+00:00,1285141,023,5362,16,0,1789604813,,,SCHEDULED
2026-09-17T00:25:05.267043+00:00,1285141,023,5361,17,0,1789604855,,,SCHEDULED
2026-09-17T00:25:05.267043+00:00,1285141,023,1348,18,0,1789604889,,,SCHEDULED
2026-09-17T00:25:05.267043+00:00,1285141,023,1349,19,0,1789604909,,,SCHEDULED
2026-09-17T00:25:05.267043+00:00,1285141,023,1350,20,0,1789604943,,,SCHEDULED
2026-09-17T00:25:05.267043+00:00,1285141,023,1351,21,0,1789604983,,,SCHEDULED
2026-09-17T00:25:05.267043+00:00,1285141,023,1353,22,0,1789605039,,,SCHEDULED
2026-09-17T00:25:05.267043+00:00,1285141,023,1354,23,0,1789605164,,,SCHEDULED
2026-09-17T00:25:05.267043+00:00,1285141,023,1355,24,0,1789605200,,,SCHEDULED
2026-09-17T00:25:05.267043+00:00,1285141,023,1356,25,0,1789605267,,,SCHEDULED
2026-09-17T00:25:05.267043+00:00,1285141,023,1357,26,0,1789605343,,,SCHEDULED
2026-09-17T00:25:05.267043+00:00,1285141,023,1358,27,0,1789605364,,,SCHEDULED
2026-09-17T00:25:05.267043+00:00,1285141,023,1359,28,0,1789605385,,,SCHEDULED
2026-09-17T00:25:05.267043+00:00,1285141,023,1360,29,0,1789605419,,,SCHEDULED
2026-09-17T00:25:05.267043+00:00,1285141,023,1361,30,0,1789605451,,,SCHEDULED
2026-09-17T00:25:05.267043+00:00,1285141,023,1363,31,0,1789605495,,,SCHEDULED
2026-09-17T00:25:05.267043+00:00,1285141,023,1139,32,0,1789605650,,,SCHEDULED
2026-09-17T00:25:05.267043+00:00,1285141,023,1365,33,0,1789605687,,,SCHEDULED
2026-09-17T00:25:05.267043+00:00,1285141,023,1366,34,0,1789605714,,,SCHEDULED
2026-09-17T00:25:05.267043+00:00,1285141,023,1367,35,0,1789605747,,,SCHEDULED
2026-09-17T00:25:05.267043+00:00,1285141,023,1368,36,0,1789605804,,,SCHEDULED
2026-09-17T00:25:05.267043+00:00,1285141,023,1369,37,0,1789605868,,,SCHEDULED
2026-09-17T00:25:05.267043+00:00,1285141,023,1370,38,0,1789605901,,,SCHEDULED
2026-09-17T00:25:05.267043+00:00,1285141,023,1372,39,0,1789605905,,,SCHEDULED
2026-09-17T00:25:05.267043+00:00,1285141,023,1373,40,0,1789605908,,,SCHEDULED
2026-09-17T00:25:05.267043+00:00,1285141,023,1374,41,0,1789605911,,,SCHEDULED
2026-09-17T00:25:05.267043+00:00,1285141,023,1375,42,0,1789605945,,,SCHEDULED
2026-09-17T00:25:05.267043+00:00,1285141,023,1376,43,0,1789605969,,,SCHEDULED
2026-09-17T00:25:05.267043+00:00,1285141,023,1377,44,0,1789605982,,,SCHEDULED
2026-09-17T00:25:05.267043+00:00,1285141,023,1378,45,0,1789606014,,,SCHEDULED
2026-09-17T00:25:05.267043+00:00,1285141,023,1380,46,0,1789606107,,,SCHEDULED
2026-09-17T00:25:05.267043+00:00,1285141,023,1381,47,0,1789606171,,,SCHEDULED
2026-09-17T00:25:05.267043+00:00,1285141,023,1382,48,0,1789606211,,,SCHEDULED
2026-09-17T00:25:05.267043+00:00,1285141,023,1383,49,0,1789606222,,,SCHEDULED
2026-09-17T00:25:05.267043+00:00,1285141,023,1384,50,0,1789606261,,,SCHEDULED
2026-09-17T00:25:05.267043+00:00,1285141,023,1385,51,0,1789606280,,,SCHEDULED
2026-09-17T00:25:05.267043+00:00,1285141,023,1386,52,0,1789606376,,,SCHEDULED
2026-09-17T00:25:05.267043+00:00,1285141,023,1387,53,0,1789606423,,,SCHEDULED
2026-09-17T00:25:05.267043+00:00,1285141,023,1388,54,0,1789606473,,,SCHEDULED
2026-09-17T00:25:05.267043+00:00,1284693,013,1071,1,,,0,1789606245,SCHEDULED
2026-09-17T00:25:05.267043+00:00,1284693,013,1073,2,0,1789606302,,,SCHEDULED
2026-09-17T00:25:05.267043+00:00,1284693,013,1074,3,0,1789606407,,,SCHEDULED
2026-09-17T00:25:05.267043+00:00,1284693,013,1075,4,0,1789606448,,,SCHEDULED
2026-09-17T00:25:05.267043+00:00,1284693,013,1076,5,0,1789606467,,,SCHEDULED
2026-09-17T00:25:05.267043+00:00,1285143,023,1376,43,0,1789604707,,,SCHEDULED
2026-09-17T00:25:05.267043+00:00,1285143,023,1377,44,0,1789604749,,,SCHEDULED
2026-09-17T00:25:05.267043+00:00,1285143,023,1378,45,0,1789604782,,,SCHEDULED
2026-09-17T00:25:05.267043+00:00,1285143,023,1380,46,0,1789604820,,,SCHEDULED
2026-09-17T00:25:05.267043+00:00,1285143,023,1381,47,0,1789604861,,,SCHEDULED
2026-09-17T00:25:05.267043+00:00,1285143,023,1382,48,0,1789604947,,,SCHEDULED
2026-09-17T00:25:05.267043+00:00,1285143,023,1383,49,0,1789604988,,,SCHEDULED
2026-09-17T00:25:05.267043+00:00,1285143,023,1384,50,0,1789605079,,,SCHEDULED
2026-09-17T00:25:05.267043+00:00,1285143,023,1385,51,0,1789605107,,,SCHEDULED
2026-09-17T00:25:05.267043+00:00,1285143,023,1386,52,0,1789605180,,,SCHEDULED
2026-09-17T00:25:05.267043+00:00,1285143,023,1387,53,0,1789605237,,,SCHEDULED
2026-09-17T00:25:05.267043+00:00,1285143,023,1388,54,0,1789605304,,,SCHEDULED
2026-09-17T00:25:05.267043+00:00,1285143,023,1389,55,0,1789605375,,,SCHEDULED
2026-09-17T00:25:05.267043+00:00,1285143,023,1390,56,0,1789605439,,,SCHEDULED
2026-09-17T00:25:05.267043+00:00,1285143,023,1391,57,0,1789605479,,,SCHEDULED
2026-09-17T00:25:05.267043+00:00,1285143,023,1392,58,0,1789605536,,,SCHEDULED
2026-09-17T00:25:05.267043+00:00,1285143,023,1393,59,0,1789605573,,,SCHEDULED
2026-09-17T00:25:05.267043+00:00,1285143,023,1394,60,0,1789605607,,,SCHEDULED
2026-09-17T00:25:05.267043+00:00,1285143,023,1395,61,0,1789605664,,,SCHEDULED
2026-09-17T00:25:05.267043+00:00,1285143,023,1163,62,0,1789605749,,,SCHEDULED
2026-09-17T00:25:05.267043+00:00,1285143,023,1164,63,0,1789605840,,,SCHEDULED
2026-09-17T00:25:05.267043+00:00,1285143,023,1165,64,0,1789606025,,,SCHEDULED
2026-09-17T00:25:05.267043+00:00,1285143,023,1166,65,0,1789606137,,,SCHEDULED
2026-09-17T00:25:05.267043+00:00,1285143,023,1167,66,0,1789606172,,,SCHEDULED
2026-09-17T00:25:05.267043+00:00,1285143,023,1168,67,0,1789606210,,,SCHEDULED
2026-09-17T00:25:05.267043+00:00,1285143,023,284,68,0,1789606325,,,SCHEDULED
2026-09-17T00:25:05.267043+00:00,1286599,067,3833,51,0,1789604714,,,SCHEDULED
2026-09-17T00:25:05.267043+00:00,1286599,067,3834,52,0,1789604823,,,SCHEDULED
2026-09-17T00:25:05.267043+00:00,1286599,067,3939,53,0,1789604922,,,SCHEDULED
2026-09-17T00:25:05.267043+00:00,1286599,067,5107,54,0,1789605030,,,SCHEDULED
2026-09-17T00:25:05.267043+00:00,1286599,067,4020,55,0,1789605081,,,SCHEDULED
2026-09-17T00:25:05.267043+00:00,1286599,067,4021,56,0,1789605135,,,SCHEDULED
2026-09-17T00:25:05.267043+00:00,1286599,067,4022,57,0,1789605173,,,SCHEDULED
2026-09-17T00:25:05.267043+00:00,1286599,067,242,58,0,1789605240,,,SCHEDULED
2026-09-17T00:25:05.267043+00:00,1286599,067,243,59,0,1789605264,,,SCHEDULED
2026-09-17T00:25:05.267043+00:00,1286599,067,244,60,0,1789605282,,,SCHEDULED
2026-09-17T00:25:05.267043+00:00,1286599,067,1038,61,0,1789605306,,,SCHEDULED
2026-09-17T00:25:05.267043+00:00,1286599,067,4019,62,0,1789605381,,,SCHEDULED
2026-09-17T00:25:05.267043+00:00,1285421,026,1541,48,0,1789604714,,,SCHEDULED
2026-09-17T00:25:05.267043+00:00,1285421,026,2980,49,0,1789604775,,,SCHEDULED
2026-09-17T00:25:05.267043+00:00,1285421,026,8958,50,0,1789604905,,,SCHEDULED
2026-09-17T00:25:05.267043+00:00,1284694,013,3982,29,0,1789604743,,,SCHEDULED
2026-09-17T00:25:05.267043+00:00,1284694,013,103,30,0,1789604790,,,SCHEDULED
2026-09-17T00:25:05.267043+00:00,1284694,013,3240,31,0,1789604863,,,SCHEDULED
2026-09-17T00:25:05.267043+00:00,1284694,013,3241,32,0,1789604886,,,SCHEDULED
2026-09-17T00:25:05.267043+00:00,1284694,013,3242,33,0,1789604909,,,SCHEDULED
2026-09-17T00:25:05.267043+00:00,1284694,013,3243,34,0,1789604981,,,SCHEDULED
2026-09-17T00:25:05.267043+00:00,1284694,013,3244,35,0,1789605004,,,SCHEDULED
2026-09-17T00:25:05.267043+00:00,1284694,013,3246,36,0,1789605122,,,SCHEDULED
2026-09-17T00:25:05.267043+00:00,1284694,013,8927,37,0,1789605173,,,SCHEDULED
2026-09-17T00:25:05.267043+00:00,1284694,013,4710,38,0,1789605343,,,SCHEDULED
2026-09-17T00:25:05.267043+00:00,1284694,013,8928,39,0,1789605412,,,SCHEDULED
2026-09-17T00:25:05.267043+00:00,1284694,013,8929,40,0,1789605523,,,SCHEDULED
2026-09-17T00:25:05.267043+00:00,1284694,013,8930,41,0,1789605570,,,SCHEDULED
2026-09-17T00:25:05.267043+00:00,1284694,013,543,42,0,1789605619,,,SCHEDULED
2026-09-17T00:25:05.267043+00:00,1284694,013,1731,43,0,1789605715,,,SCHEDULED
2026-09-17T00:25:05.267043+00:00,1284694,013,1680,44,0,1789605799,,,SCHEDULED
2026-09-17T00:25:05.267043+00:00,1284694,013,1364,45,0,1789605893,,,SCHEDULED
2026-09-17T00:25:05.267043+00:00,1285420,026,3073,23,0,1789604751,,,SCHEDULED
2026-09-17T00:25:05.267043+00:00,1285420,026,1518,24,0,1789604940,,,SCHEDULED
2026-09-17T00:25:05.267043+00:00,1285420,026,1519,25,0,1789605100,,,SCHEDULED
2026-09-17T00:25:05.267043+00:00,1285420,026,1520,26,0,1789605220,,,SCHEDULED
2026-09-17T00:25:05.267043+00:00,1285420,026,1521,27,0,1789605224,,,SCHEDULED
2026-09-17T00:25:05.267043+00:00,1285420,026,1522,28,0,1789605251,,,SCHEDULED
2026-09-17T00:25:05.267043+00:00,1285420,026,1523,29,0,1789605284,,,SCHEDULED
2026-09-17T00:25:05.267043+00:00,1285420,026,1524,30,0,1789605348,,,SCHEDULED
2026-09-17T00:25:05.267043+00:00,1285420,026,1525,31,0,1789605447,,,SCHEDULED
2026-09-17T00:25:05.267043+00:00,1285420,026,1526,32,0,1789605476,,,SCHEDULED
2026-09-17T00:25:05.267043+00:00,1285420,026,1527,33,0,1789605559,,,SCHEDULED
2026-09-17T00:25:05.267043+00:00,1285420,026,1528,34,0,1789605642,,,SCHEDULED
2026-09-17T00:25:05.267043+00:00,1285420,026,1529,35,0,1789605694,,,SCHEDULED
2026-09-17T00:25:05.267043+00:00,1285420,026,1530,36,0,1789605760,,,SCHEDULED
2026-09-17T00:25:05.267043+00:00,1285420,026,1531,37,0,1789605843,,,SCHEDULED
2026-09-17T00:25:05.267043+00:00,1285420,026,1532,38,0,1789605899,,,SCHEDULED
2026-09-17T00:25:05.267043+00:00,1285420,026,1533,39,0,1789605961,,,SCHEDULED
2026-09-17T00:25:05.267043+00:00,1285420,026,1534,40,0,1789606020,,,SCHEDULED
2026-09-17T00:25:05.267043+00:00,1285420,026,1535,41,0,1789606125,,,SCHEDULED
2026-09-17T00:25:05.267043+00:00,1285420,026,1536,42,0,1789606202,,,SCHEDULED
2026-09-17T00:25:05.267043+00:00,1285420,026,1537,43,0,1789606318,,,SCHEDULED
2026-09-17T00:25:05.267043+00:00,1285420,026,1538,44,0,1789606351,,,SCHEDULED
2026-09-17T00:25:05.267043+00:00,1285420,026,1539,45,0,1789606405,,,SCHEDULED
2026-09-17T00:25:05.267043+00:00,1285420,026,1540,46,0,1789606429,,,SCHEDULED
2026-09-17T00:25:05.267043+00:00,1286597,067,2648,7,0,1789605148,,,SCHEDULED
2026-09-17T00:25:05.267043+00:00,1286597,067,5344,8,0,1789605220,,,SCHEDULED
2026-09-17T00:25:05.267043+00:00,1286597,067,2649,9,0,1789605280,,,SCHEDULED
2026-09-17T00:25:05.267043+00:00,1286597,067,2650,10,0,1789605321,,,SCHEDULED
2026-09-17T00:25:05.267043+00:00,1286597,067,2651,11,0,1789605377,,,SCHEDULED
2026-09-17T00:25:05.267043+00:00,1286597,067,2653,12,0,1789605585,,,SCHEDULED
2026-09-17T00:25:05.267043+00:00,1286597,067,2654,13,0,1789605644,,,SCHEDULED
2026-09-17T00:25:05.267043+00:00,1286597,067,9811,14,0,1789605750,,,SCHEDULED
2026-09-17T00:25:05.267043+00:00,1286597,067,880,15,0,1789605901,,,SCHEDULED
2026-09-17T00:25:05.267043+00:00,1286597,067,2656,16,0,1789605963,,,SCHEDULED
2026-09-17T00:25:05.267043+00:00,1286597,067,2655,17,0,1789605981,,,SCHEDULED
2026-09-17T00:25:05.267043+00:00,1286597,067,1915,18,0,1789606020,,,SCHEDULED
2026-09-17T00:25:05.267043+00:00,1286597,067,2569,19,0,1789606145,,,SCHEDULED
2026-09-17T00:25:05.267043+00:00,1286597,067,2570,20,0,1789606190,,,SCHEDULED
2026-09-17T00:25:05.267043+00:00,1286597,067,2571,21,0,1789606213,,,SCHEDULED
2026-09-17T00:25:05.267043+00:00,1286597,067,2572,22,0,1789606282,,,SCHEDULED
2026-09-17T00:25:05.267043+00:00,1286597,067,2573,23,0,1789606304,,,SCHEDULED
2026-09-17T00:25:05.267043+00:00,1286597,067,2574,24,0,1789606319,,,SCHEDULED
2026-09-17T00:25:05.267043+00:00,1286597,067,2575,25,0,1789606331,,,SCHEDULED
2026-09-17T00:25:05.267043+00:00,1286597,067,2576,26,0,1789606346,,,SCHEDULED
2026-09-17T00:25:05.267043+00:00,1286597,067,2577,27,0,1789606358,,,SCHEDULED
2026-09-17T00:25:05.267043+00:00,1286597,067,2578,28,0,1789606466,,,SCHEDULED
2026-09-17T00:25:05.267043+00:00,1286872,072,4217,6,0,1789604728,,,SCHEDULED
2026-09-17T00:25:05.267043+00:00,1286872,072,5249,7,0,1789604772,,,SCHEDULED
2026-09-17T00:25:05.267043+00:00,1286872,072,4215,8,0,1789604823,,,SCHEDULED
2026-09-17T00:25:05.267043+00:00,1286872,072,4216,9,0,1789604851,,,SCHEDULED
2026-09-17T00:25:05.267043+00:00,1286872,072,2816,10,0,1789604872,,,SCHEDULED
2026-09-17T00:25:05.267043+00:00,1286872,072,2817,11,0,1789604906,,,SCHEDULED
2026-09-17T00:25:05.267043+00:00,1286872,072,2818,12,0,1789604931,,,SCHEDULED
2026-09-17T00:25:05.267043+00:00,1286872,072,2819,13,0,1789604955,,,SCHEDULED
2026-09-17T00:25:05.267043+00:00,1286872,072,2820,14,0,1789604985,,,SCHEDULED
2026-09-17T00:25:05.267043+00:00,1286872,072,2821,15,0,1789605017,,,SCHEDULED
2026-09-17T00:25:05.267043+00:00,1286872,072,2822,16,0,1789605058,,,SCHEDULED
2026-09-17T00:25:05.267043+00:00,1286872,072,2824,17,0,1789605183,,,SCHEDULED
2026-09-17T00:25:05.267043+00:00,1286872,072,2825,18,0,1789605234,,,SCHEDULED
2026-09-17T00:25:05.267043+00:00,1286872,072,2826,19,0,1789605280,,,SCHEDULED
2026-09-17T00:25:05.267043+00:00,1286872,072,3861,20,0,1789605342,,,SCHEDULED
2026-09-17T00:25:05.267043+00:00,1286872,072,3862,21,0,1789605357,,,SCHEDULED
2026-09-17T00:25:05.267043+00:00,1286872,072,3864,22,0,1789605399,,,SCHEDULED
2026-09-17T00:25:05.267043+00:00,1286872,072,3865,23,0,1789605428,,,SCHEDULED
2026-09-17T00:25:05.267043+00:00,1286872,072,496,24,0,1789605516,,,SCHEDULED
2026-09-17T00:25:05.267043+00:00,1286872,072,3866,25,0,1789605553,,,SCHEDULED
2026-09-17T00:25:05.267043+00:00,1286872,072,3867,26,0,1789605586,,,SCHEDULED
2026-09-17T00:25:05.267043+00:00,1286872,072,3868,27,0,1789605602,,,SCHEDULED
2026-09-17T00:25:05.267043+00:00,1286872,072,3869,28,0,1789605634,,,SCHEDULED
2026-09-17T00:25:05.267043+00:00,1286872,072,3870,29,0,1789605659,,,SCHEDULED
2026-09-17T00:25:05.267043+00:00,1286872,072,3871,30,0,1789605720,,,SCHEDULED
2026-09-17T00:25:05.267043+00:00,1286872,072,3872,31,0,1789605745,,,SCHEDULED
2026-09-17T00:25:05.267043+00:00,1287961,088,624,24,0,1789604754,,,SCHEDULED
2026-09-17T00:25:05.267043+00:00,1287961,088,625,25,0,1789604808,,,SCHEDULED
2026-09-17T00:25:05.267043+00:00,1287961,088,626,26,0,1789604919,,,SCHEDULED
2026-09-17T00:25:05.267043+00:00,1287961,088,5271,27,0,1789605007,,,SCHEDULED
2026-09-17T00:25:05.267043+00:00,1286477,062,5313,32,0,1789604748,,,SCHEDULED
2026-09-17T00:25:05.267043+00:00,1286477,062,2352,33,0,1789604766,,,SCHEDULED
2026-09-17T00:25:05.267043+00:00,1286477,062,2353,34,0,1789604813,,,SCHEDULED
2026-09-17T00:25:05.267043+00:00,1286477,062,2354,35,0,1789604844,,,SCHEDULED
2026-09-17T00:25:05.267043+00:00,1286477,062,2355,36,0,1789604869,,,SCHEDULED
2026-09-17T00:25:05.267043+00:00,1286477,062,2356,37,0,1789604892,,,SCHEDULED
2026-09-17T00:25:05.267043+00:00,1286477,062,465,38,0,1789604924,,,SCHEDULED
2026-09-17T00:25:05.267043+00:00,1286477,062,466,39,0,1789604945,,,SCHEDULED
2026-09-17T00:25:05.267043+00:00,1286477,062,467,40,0,1789604977,,,SCHEDULED
2026-09-17T00:25:05.267043+00:00,1286477,062,468,41,0,1789604993,,,SCHEDULED
2026-09-17T00:25:05.267043+00:00,1286477,062,469,42,0,1789605009,,,SCHEDULED
2026-09-17T00:25:05.267043+00:00,1286477,062,470,43,0,1789605052,,,SCHEDULED
2026-09-17T00:25:05.267043+00:00,1286477,062,471,44,0,1789605086,,,SCHEDULED
2026-09-17T00:25:05.267043+00:00,1286477,062,472,45,0,1789605220,,,SCHEDULED
2026-09-17T00:25:05.267043+00:00,1286477,062,473,46,0,1789605268,,,SCHEDULED
2026-09-17T00:25:05.267043+00:00,1286477,062,474,47,0,1789605289,,,SCHEDULED
2026-09-17T00:25:05.267043+00:00,1286477,062,475,48,0,1789605311,,,SCHEDULED
2026-09-17T00:25:05.267043+00:00,1286477,062,476,49,0,1789605379,,,SCHEDULED
2026-09-17T00:25:05.267043+00:00,1286477,062,477,50,0,1789605415,,,SCHEDULED
2026-09-17T00:25:05.267043+00:00,1286477,062,4134,51,0,1789605472,,,SCHEDULED
2026-09-17T00:25:05.267043+00:00,1286477,062,4136,52,0,1789605523,,,SCHEDULED
2026-09-17T00:25:05.267043+00:00,1286477,062,4137,53,0,1789605569,,,SCHEDULED
2026-09-17T00:25:05.267043+00:00,1287203,081,2370,19,0,1789604893,,,SCHEDULED
2026-09-17T00:25:05.267043+00:00,1287203,081,2371,20,0,1789604976,,,SCHEDULED
2026-09-17T00:25:05.267043+00:00,1287203,081,2372,21,0,1789605083,,,SCHEDULED
2026-09-17T00:25:05.267043+00:00,1287203,081,2373,22,0,1789605165,,,SCHEDULED
2026-09-17T00:25:05.267043+00:00,1287203,081,2374,23,0,1789605329,,,SCHEDULED
2026-09-17T00:25:05.267043+00:00,1287203,081,3130,24,0,1789605386,,,SCHEDULED
2026-09-17T00:25:05.267043+00:00,1287203,081,3131,25,0,1789605540,,,SCHEDULED
2026-09-17T00:25:05.267043+00:00,1287203,081,3132,26,0,1789605608,,,SCHEDULED
2026-09-17T00:25:05.267043+00:00,1287203,081,3134,27,0,1789605745,,,SCHEDULED
2026-09-17T00:25:05.267043+00:00,1287203,081,3135,28,0,1789605819,,,SCHEDULED
2026-09-17T00:25:05.267043+00:00,1287203,081,3136,29,0,1789605853,,,SCHEDULED
2026-09-17T00:25:05.267043+00:00,1287203,081,3137,30,0,1789605947,,,SCHEDULED
2026-09-17T00:25:05.267043+00:00,1287203,081,3138,31,0,1789606042,,,SCHEDULED
2026-09-17T00:25:05.267043+00:00,1287203,081,3139,32,0,1789606075,,,SCHEDULED
2026-09-17T00:25:05.267043+00:00,1287203,081,3140,33,0,1789606125,,,SCHEDULED
2026-09-17T00:25:05.267043+00:00,1287203,081,3141,34,0,1789606155,,,SCHEDULED
2026-09-17T00:25:05.267043+00:00,1287203,081,3142,35,0,1789606180,,,SCHEDULED
2026-09-17T00:25:05.267043+00:00,1287203,081,3143,36,0,1789606226,,,SCHEDULED
2026-09-17T00:25:05.267043+00:00,1287203,081,3144,37,0,1789606227,,,SCHEDULED
2026-09-17T00:25:05.267043+00:00,1286598,067,2580,29,0,1789604720,,,SCHEDULED
2026-09-17T00:25:05.267043+00:00,1286598,067,2581,30,0,1789604772,,,SCHEDULED
2026-09-17T00:25:05.267043+00:00,1286598,067,2582,31,0,1789604828,,,SCHEDULED
2026-09-17T00:25:05.267043+00:00,1286598,067,2583,32,0,1789604856,,,SCHEDULED
2026-09-17T00:25:05.267043+00:00,1286598,067,2584,33,0,1789604906,,,SCHEDULED
2026-09-17T00:25:05.267043+00:00,1286598,067,2585,34,0,1789604983,,,SCHEDULED
2026-09-17T00:25:05.267043+00:00,1286598,067,2586,35,0,1789605023,,,SCHEDULED
2026-09-17T00:25:05.267043+00:00,1286598,067,2587,36,0,1789605195,,,SCHEDULED
2026-09-17T00:25:05.267043+00:00,1286598,067,2588,37,0,1789605270,,,SCHEDULED
2026-09-17T00:25:05.267043+00:00,1286598,067,2589,38,0,1789605355,,,SCHEDULED
2026-09-17T00:25:05.267043+00:00,1286598,067,2590,39,0,1789605404,,,SCHEDULED
2026-09-17T00:25:05.267043+00:00,1286598,067,2591,40,0,1789605452,,,SCHEDULED
2026-09-17T00:25:05.267043+00:00,1286598,067,2592,41,0,1789605641,,,SCHEDULED
2026-09-17T00:25:05.267043+00:00,1286598,067,2593,42,0,1789605673,,,SCHEDULED
2026-09-17T00:25:05.267043+00:00,1286598,067,2594,43,0,1789605734,,,SCHEDULED
2026-09-17T00:25:05.267043+00:00,1286598,067,2595,44,0,1789605760,,,SCHEDULED
2026-09-17T00:25:05.267043+00:00,1286598,067,2596,45,0,1789605776,,,SCHEDULED
2026-09-17T00:25:05.267043+00:00,1286598,067,2031,46,0,1789605899,,,SCHEDULED
2026-09-17T00:25:05.267043+00:00,1286598,067,2032,47,0,1789605993,,,SCHEDULED
2026-09-17T00:25:05.267043+00:00,1286598,067,2173,48,0,1789606068,,,SCHEDULED
2026-09-17T00:25:05.267043+00:00,1286598,067,494,49,0,1789606189,,,SCHEDULED
2026-09-17T00:25:05.267043+00:00,1286598,067,3831,50,0,1789606409,,,SCHEDULED
2026-09-17T00:25:05.267043+00:00,1286471,062,2261,12,0,1789604717,,,SCHEDULED
2026-09-17T00:25:05.267043+00:00,1286471,062,2262,13,0,1789604774,,,SCHEDULED
2026-09-17T00:25:05.267043+00:00,1286471,062,2264,14,0,1789604854,,,SCHEDULED
2026-09-17T00:25:05.267043+00:00,1286471,062,380,15,0,1789605029,,,SCHEDULED
2026-09-17T00:25:05.267043+00:00,1286471,062,411,16,0,1789605131,,,SCHEDULED
2026-09-17T00:25:05.267043+00:00,1286471,062,2271,17,0,1789605364,,,SCHEDULED
2026-09-17T00:25:05.267043+00:00,1286471,062,2272,18,0,1789605396,,,SCHEDULED
2026-09-17T00:25:05.267043+00:00,1286471,062,2273,19,0,1789605411,,,SCHEDULED
2026-09-17T00:25:05.267043+00:00,1286471,062,2275,20,0,1789605466,,,SCHEDULED
2026-09-17T00:25:05.267043+00:00,1286471,062,2276,21,0,1789605498,,,SCHEDULED
2026-09-17T00:25:05.267043+00:00,1286471,062,2277,22,0,1789605581,,,SCHEDULED
2026-09-17T00:25:05.267043+00:00,1286471,062,2278,23,0,1789605614,,,SCHEDULED
2026-09-17T00:25:05.267043+00:00,1286471,062,2279,24,0,1789605653,,,SCHEDULED
2026-09-17T00:25:05.267043+00:00,1286471,062,2280,25,0,1789605711,,,SCHEDULED
2026-09-17T00:25:05.267043+00:00,1286471,062,2281,26,0,1789605729,,,SCHEDULED
2026-09-17T00:25:05.267043+00:00,1286471,062,2346,27,0,1789605801,,,SCHEDULED
2026-09-17T00:25:05.267043+00:00,1286471,062,2347,28,0,1789605970,,,SCHEDULED
2026-09-17T00:25:05.267043+00:00,1286471,062,2348,29,0,1789605989,,,SCHEDULED
2026-09-17T00:25:05.267043+00:00,1286471,062,2350,30,0,1789606011,,,SCHEDULED
2026-09-17T00:25:05.267043+00:00,1286471,062,2351,31,0,1789606014,,,SCHEDULED
2026-09-17T00:25:05.267043+00:00,1286471,062,5313,32,0,1789606076,,,SCHEDULED
2026-09-17T00:25:05.267043+00:00,1286471,062,2352,33,0,1789606094,,,SCHEDULED
2026-09-17T00:25:05.267043+00:00,1286471,062,2353,34,0,1789606141,,,SCHEDULED
2026-09-17T00:25:05.267043+00:00,1286471,062,2354,35,0,1789606172,,,SCHEDULED
2026-09-17T00:25:05.267043+00:00,1286471,062,2355,36,0,1789606197,,,SCHEDULED
2026-09-17T00:25:05.267043+00:00,1286471,062,2356,37,0,1789606220,,,SCHEDULED
2026-09-17T00:25:05.267043+00:00,1286471,062,465,38,0,1789606252,,,SCHEDULED
2026-09-17T00:25:05.267043+00:00,1286471,062,466,39,0,1789606273,,,SCHEDULED
2026-09-17T00:25:05.267043+00:00,1286471,062,467,40,0,1789606305,,,SCHEDULED
2026-09-17T00:25:05.267043+00:00,1286471,062,468,41,0,1789606321,,,SCHEDULED
2026-09-17T00:25:05.267043+00:00,1286471,062,469,42,0,1789606337,,,SCHEDULED
2026-09-17T00:25:05.267043+00:00,1286471,062,470,43,0,1789606380,,,SCHEDULED
2026-09-17T00:25:05.267043+00:00,1286471,062,471,44,0,1789606414,,,SCHEDULED
2026-09-17T00:25:05.267043+00:00,1285140,023,1184,1,,,0,1789605660,SCHEDULED
2026-09-17T00:25:05.267043+00:00,1285140,023,3301,2,0,1789605686,,,SCHEDULED
2026-09-17T00:25:05.267043+00:00,1285140,023,1187,3,0,1789605735,,,SCHEDULED
2026-09-17T00:25:05.267043+00:00,1285140,023,1188,4,0,1789605799,,,SCHEDULED
2026-09-17T00:25:05.267043+00:00,1285140,023,1189,5,0,1789605854,,,SCHEDULED
2026-09-17T00:25:05.267043+00:00,1285140,023,1190,6,0,1789605969,,,SCHEDULED
2026-09-17T00:25:05.267043+00:00,1285140,023,1337,7,0,1789606080,,,SCHEDULED
2026-09-17T00:25:05.267043+00:00,1285140,023,1338,8,0,1789606110,,,SCHEDULED
2026-09-17T00:25:05.267043+00:00,1285140,023,1339,9,0,1789606172,,,SCHEDULED
2026-09-17T00:25:05.267043+00:00,1285140,023,1340,10,0,1789606197,,,SCHEDULED
2026-09-17T00:25:05.267043+00:00,1285140,023,1341,11,0,1789606246,,,SCHEDULED
2026-09-17T00:25:05.267043+00:00,1285140,023,1342,12,0,1789606277,,,SCHEDULED
2026-09-17T00:25:05.267043+00:00,1285140,023,1343,13,0,1789606316,,,SCHEDULED
2026-09-17T00:25:05.267043+00:00,1285140,023,1344,14,0,1789606353,,,SCHEDULED
2026-09-17T00:25:05.267043+00:00,1285140,023,1346,15,0,1789606393,,,SCHEDULED
2026-09-17T00:25:05.267043+00:00,1284050,001,1184,1,,,0,1789606000,SCHEDULED
2026-09-17T00:25:05.267043+00:00,1284050,001,3301,2,0,1789606001,,,SCHEDULED
2026-09-17T00:25:05.267043+00:00,1284050,001,1187,3,0,1789606084,,,SCHEDULED
2026-09-17T00:25:05.267043+00:00,1284050,001,1188,4,0,1789606144,,,SCHEDULED
2026-09-17T00:25:05.267043+00:00,1284050,001,1189,5,0,1789606182,,,SCHEDULED
2026-09-17T00:25:05.267043+00:00,1284050,001,1190,6,0,1789606260,,,SCHEDULED
2026-09-17T00:25:05.267043+00:00,1284050,001,1191,7,0,1789606275,,,SCHEDULED
2026-09-17T00:25:05.267043+00:00,1284050,001,1192,8,0,1789606327,,,SCHEDULED
2026-09-17T00:25:05.267043+00:00,1284050,001,1193,9,0,1789606368,,,SCHEDULED
2026-09-17T00:25:05.267043+00:00,1284050,001,1195,10,0,1789606422,,,SCHEDULED
2026-09-17T00:25:05.267043+00:00,1284050,001,1196,11,0,1789606444,,,SCHEDULED
2026-09-17T00:25:05.267043+00:00,1284050,001,1197,12,0,1789606482,,,SCHEDULED
2026-09-17T00:25:05.267043+00:00,1284292,010,11091,17,0,1789604719,,,SCHEDULED
2026-09-17T00:25:05.267043+00:00,1284292,010,11125,18,0,1789604892,,,SCHEDULED
2026-09-17T00:25:05.267043+00:00,1284292,010,11157,19,0,1789604944,,,SCHEDULED
2026-09-17T00:25:05.267043+00:00,1284292,010,11033,20,0,1789605005,,,SCHEDULED
2026-09-17T00:25:05.267043+00:00,1284292,010,11133,21,0,1789605238,,,SCHEDULED
2026-09-17T00:25:05.267043+00:00,1284292,010,11134,22,0,1789605260,,,SCHEDULED
2026-09-17T00:25:05.267043+00:00,1284292,010,11136,23,0,1789605345,,,SCHEDULED
2026-09-17T00:25:05.267043+00:00,1284292,010,11137,24,0,1789605388,,,SCHEDULED
2026-09-17T00:25:05.267043+00:00,1284292,010,11138,25,0,1789605409,,,SCHEDULED
2026-09-17T00:25:05.267043+00:00,1284292,010,11139,26,0,1789605436,,,SCHEDULED
2026-09-17T00:25:05.267043+00:00,1284292,010,11140,27,0,1789605515,,,SCHEDULED
2026-09-17T00:25:05.267043+00:00,1284292,010,11201,28,0,1789605740,,,SCHEDULED
2026-09-17T00:25:05.267043+00:00,1284292,010,11010,29,0,1789605807,,,SCHEDULED
2026-09-17T00:25:05.267043+00:00,1284292,010,11143,30,0,1789605859,,,SCHEDULED
2026-09-17T00:25:05.267043+00:00,1284292,010,11203,31,0,1789605915,,,SCHEDULED
2026-09-17T00:25:05.267043+00:00,1288387,175,1015,7,0,1789604700,,,SCHEDULED
2026-09-17T00:25:05.267043+00:00,1288387,175,659,8,0,1789604820,,,SCHEDULED
2026-09-17T00:25:05.267043+00:00,1288387,175,1781,9,0,1789604878,,,SCHEDULED
2026-09-17T00:25:05.267043+00:00,1288387,175,1794,10,0,1789604935,,,SCHEDULED
2026-09-17T00:25:05.267043+00:00,1288387,175,1800,11,0,1789605043,,,SCHEDULED
2026-09-17T00:25:05.267043+00:00,1288387,175,1645,12,0,1789605060,,,SCHEDULED
2026-09-17T00:25:05.267043+00:00,1288387,175,948,13,0,1789605120,,,SCHEDULED
2026-09-17T00:25:05.267043+00:00,1287177,081,2363,12,0,1789604618,,,SCHEDULED
2026-09-17T00:25:05.267043+00:00,1287177,081,2364,13,0,1789604766,,,SCHEDULED
2026-09-17T00:25:05.267043+00:00,1287177,081,2365,14,0,1789604861,,,SCHEDULED
2026-09-17T00:25:05.267043+00:00,1287177,081,2366,15,0,1789604947,,,SCHEDULED
2026-09-17T00:25:05.267043+00:00,1287177,081,2367,16,0,1789604975,,,SCHEDULED
2026-09-17T00:25:05.267043+00:00,1287177,081,5203,17,0,1789605040,,,SCHEDULED
2026-09-17T00:25:05.267043+00:00,1287177,081,2368,18,0,1789605112,,,SCHEDULED
2026-09-17T00:25:05.267043+00:00,1287177,081,2370,19,0,1789605305,,,SCHEDULED
2026-09-17T00:25:05.267043+00:00,1287177,081,2371,20,0,1789605383,,,SCHEDULED
2026-09-17T00:25:05.267043+00:00,1287177,081,2372,21,0,1789605486,,,SCHEDULED
2026-09-17T00:25:05.267043+00:00,1287177,081,2373,22,0,1789605565,,,SCHEDULED
2026-09-17T00:25:05.267043+00:00,1287177,081,2374,23,0,1789605723,,,SCHEDULED
2026-09-17T00:25:05.267043+00:00,1287177,081,3130,24,0,1789605765,,,SCHEDULED
2026-09-17T00:25:05.267043+00:00,1287177,081,3131,25,0,1789605912,,,SCHEDULED
2026-09-17T00:25:05.267043+00:00,1287177,081,3132,26,0,1789605980,,,SCHEDULED
2026-09-17T00:25:05.267043+00:00,1287177,081,3134,27,0,1789606117,,,SCHEDULED
2026-09-17T00:25:05.267043+00:00,1287177,081,3135,28,0,1789606191,,,SCHEDULED
2026-09-17T00:25:05.267043+00:00,1287699,086,840,38,0,1789604745,,,SCHEDULED
2026-09-17T00:25:05.267043+00:00,1287699,086,581,39,0,1789604793,,,SCHEDULED
2026-09-17T00:25:05.267043+00:00,1287699,086,582,40,0,1789604831,,,SCHEDULED
2026-09-17T00:25:05.267043+00:00,1287699,086,583,41,0,1789604879,,,SCHEDULED
2026-09-17T00:25:05.267043+00:00,1287699,086,584,42,0,1789604916,,,SCHEDULED
2026-09-17T00:25:05.267043+00:00,1287699,086,585,43,0,1789604983,,,SCHEDULED
2026-09-17T00:25:05.267043+00:00,1287699,086,586,44,0,1789605058,,,SCHEDULED
2026-09-17T00:25:05.267043+00:00,1288269,142,525,1,,,0,1789605142,SCHEDULED
2026-09-17T00:25:05.267043+00:00,1288269,142,526,2,0,1789605193,,,SCHEDULED
2026-09-17T00:25:05.267043+00:00,1288269,142,527,3,0,1789605210,,,SCHEDULED
2026-09-17T00:25:05.267043+00:00,1288269,142,528,4,0,1789605254,,,SCHEDULED
2026-09-17T00:25:05.267043+00:00,1288269,142,5252,5,0,1789605351,,,SCHEDULED
2026-09-17T00:25:05.267043+00:00,1288269,142,531,6,0,1789605395,,,SCHEDULED
2026-09-17T00:25:05.267043+00:00,1285557,030,275,1,,,0,1789604794,SCHEDULED
2026-09-17T00:25:05.267043+00:00,1285557,030,1689,2,0,1789604944,,,SCHEDULED
2026-09-17T00:25:05.267043+00:00,1285557,030,1691,3,0,1789604980,,,SCHEDULED
2026-09-17T00:25:05.267043+00:00,1285557,030,1692,4,0,1789605000,,,SCHEDULED
2026-09-17T00:25:05.267043+00:00,1285557,030,1693,5,0,1789605019,,,SCHEDULED
2026-09-17T00:25:05.267043+00:00,1285557,030,1694,6,0,1789605046,,,SCHEDULED
2026-09-17T00:25:05.267043+00:00,1285557,030,1695,7,0,1789605114,,,SCHEDULED
2026-09-17T00:25:05.267043+00:00,1285557,030,1697,8,0,1789605151,,,SCHEDULED
2026-09-17T00:25:05.267043+00:00,1285557,030,1699,9,0,1789605222,,,SCHEDULED
2026-09-17T00:25:05.267043+00:00,1285557,030,1700,10,0,1789605294,,,SCHEDULED
2026-09-17T00:25:05.267043+00:00,1285557,030,1701,11,0,1789605308,,,SCHEDULED
2026-09-17T00:25:05.267043+00:00,1285557,030,1702,12,0,1789605331,,,SCHEDULED
2026-09-17T00:25:05.267043+00:00,1285557,030,1703,13,0,1789605348,,,SCHEDULED
2026-09-17T00:25:05.267043+00:00,1285557,030,1704,14,0,1789605387,,,SCHEDULED
2026-09-17T00:25:05.267043+00:00,1285557,030,1705,15,0,1789605470,,,SCHEDULED
2026-09-17T00:25:05.267043+00:00,1285557,030,1707,16,0,1789605540,,,SCHEDULED
2026-09-17T00:25:05.267043+00:00,1285557,030,1708,17,0,1789605618,,,SCHEDULED
2026-09-17T00:25:05.267043+00:00,1285557,030,1709,18,0,1789605650,,,SCHEDULED
2026-09-17T00:25:05.267043+00:00,1285557,030,1710,19,0,1789605689,,,SCHEDULED
2026-09-17T00:25:05.267043+00:00,1285557,030,1711,20,0,1789605732,,,SCHEDULED
2026-09-17T00:25:05.267043+00:00,1285557,030,519,21,0,1789605771,,,SCHEDULED
2026-09-17T00:25:05.267043+00:00,1285557,030,521,22,0,1789605836,,,SCHEDULED
2026-09-17T00:25:05.267043+00:00,1285557,030,522,23,0,1789605921,,,SCHEDULED
2026-09-17T00:25:05.267043+00:00,1285557,030,525,24,0,1789605990,,,SCHEDULED
2026-09-17T00:25:05.267043+00:00,1285557,030,526,25,0,1789606074,,,SCHEDULED
2026-09-17T00:25:05.267043+00:00,1285557,030,527,26,0,1789606109,,,SCHEDULED
2026-09-17T00:25:05.267043+00:00,1285557,030,528,27,0,1789606136,,,SCHEDULED
2026-09-17T00:25:05.267043+00:00,1285557,030,5252,28,0,1789606233,,,SCHEDULED
2026-09-17T00:25:05.267043+00:00,1285557,030,281,29,0,1789606357,,,SCHEDULED
2026-09-17T00:25:05.267043+00:00,1287219,081,2312,4,0,1789604718,,,SCHEDULED
2026-09-17T00:25:05.267043+00:00,1287219,081,2313,5,0,1789604789,,,SCHEDULED
2026-09-17T00:25:05.267043+00:00,1287219,081,2314,6,0,1789604876,,,SCHEDULED
2026-09-17T00:25:05.267043+00:00,1287219,081,2315,7,0,1789604936,,,SCHEDULED
2026-09-17T00:25:05.267043+00:00,1287219,081,5203,8,0,1789605053,,,SCHEDULED
2026-09-17T00:25:05.267043+00:00,1287219,081,2317,9,0,1789605077,,,SCHEDULED
2026-09-17T00:25:05.267043+00:00,1287219,081,2318,10,0,1789605096,,,SCHEDULED
2026-09-17T00:25:05.267043+00:00,1287219,081,2319,11,0,1789605416,,,SCHEDULED
2026-09-17T00:25:05.267043+00:00,1287219,081,2320,12,0,1789605474,,,SCHEDULED
2026-09-17T00:25:05.267043+00:00,1287219,081,2321,13,0,1789605545,,,SCHEDULED
2026-09-17T00:25:05.267043+00:00,1287219,081,2322,14,0,1789605582,,,SCHEDULED
2026-09-17T00:25:05.267043+00:00,1287219,081,2323,15,0,1789605608,,,SCHEDULED
2026-09-17T00:25:05.267043+00:00,1287219,081,2324,16,0,1789605657,,,SCHEDULED
2026-09-17T00:25:05.267043+00:00,1287219,081,2325,17,0,1789605745,,,SCHEDULED
2026-09-17T00:25:05.267043+00:00,1287219,081,2326,18,0,1789605803,,,SCHEDULED
2026-09-17T00:25:05.267043+00:00,1287219,081,2328,19,0,1789605912,,,SCHEDULED
2026-09-17T00:25:05.267043+00:00,1287219,081,2329,20,0,1789605973,,,SCHEDULED
2026-09-17T00:25:05.267043+00:00,1287219,081,2330,21,0,1789606043,,,SCHEDULED
2026-09-17T00:25:05.267043+00:00,1287219,081,4811,22,0,1789606077,,,SCHEDULED
2026-09-17T00:25:05.267043+00:00,1287219,081,4810,23,0,1789606142,,,SCHEDULED
2026-09-17T00:25:05.267043+00:00,1284105,001,1801,1,,,0,1789605240,SCHEDULED
2026-09-17T00:25:05.267043+00:00,1284105,001,3073,2,0,1789605284,,,SCHEDULED
2026-09-17T00:25:05.267043+00:00,1284105,001,630,3,0,1789605415,,,SCHEDULED
2026-09-17T00:25:05.267043+00:00,1284105,001,631,4,0,1789605464,,,SCHEDULED
2026-09-17T00:25:05.267043+00:00,1284105,001,632,5,0,1789605493,,,SCHEDULED
2026-09-17T00:25:05.267043+00:00,1284105,001,634,6,0,1789605564,,,SCHEDULED
2026-09-17T00:25:05.267043+00:00,1284105,001,635,7,0,1789605635,,,SCHEDULED
2026-09-17T00:25:05.267043+00:00,1284105,001,636,8,0,1789605715,,,SCHEDULED
2026-09-17T00:25:05.267043+00:00,1284105,001,637,9,0,1789605751,,,SCHEDULED
2026-09-17T00:25:05.267043+00:00,1284105,001,638,10,0,1789605795,,,SCHEDULED
2026-09-17T00:25:05.267043+00:00,1284105,001,639,11,0,1789605840,,,SCHEDULED
2026-09-17T00:25:05.267043+00:00,1284105,001,640,12,0,1789605892,,,SCHEDULED
2026-09-17T00:25:05.267043+00:00,1284105,001,641,13,0,1789605934,,,SCHEDULED
2026-09-17T00:25:05.267043+00:00,1284105,001,642,14,0,1789606021,,,SCHEDULED
2026-09-17T00:25:05.267043+00:00,1284105,001,643,15,0,1789606066,,,SCHEDULED
2026-09-17T00:25:05.267043+00:00,1284105,001,644,16,0,1789606108,,,SCHEDULED
2026-09-17T00:25:05.267043+00:00,1284105,001,645,17,0,1789606155,,,SCHEDULED
2026-09-17T00:25:05.267043+00:00,1284105,001,646,18,0,1789606187,,,SCHEDULED
2026-09-17T00:25:05.267043+00:00,1284105,001,647,19,0,1789606250,,,SCHEDULED
2026-09-17T00:25:05.267043+00:00,1284105,001,648,20,0,1789606316,,,SCHEDULED
2026-09-17T00:25:05.267043+00:00,1284105,001,649,21,0,1789606366,,,SCHEDULED
2026-09-17T00:25:05.267043+00:00,1284105,001,5351,22,0,1789606384,,,SCHEDULED
2026-09-17T00:25:05.267043+00:00,1284105,001,1308,23,0,1789606440,,,SCHEDULED
2026-09-17T00:25:05.267043+00:00,1284104,001,1801,1,,,0,1789606140,SCHEDULED
2026-09-17T00:25:05.267043+00:00,1284104,001,3073,2,0,1789606185,,,SCHEDULED
2026-09-17T00:25:05.267043+00:00,1284104,001,630,3,0,1789606418,,,SCHEDULED
2026-09-17T00:25:05.267043+00:00,1284107,001,647,19,0,1789604689,,,SCHEDULED
2026-09-17T00:25:05.267043+00:00,1284107,001,648,20,0,1789604763,,,SCHEDULED
2026-09-17T00:25:05.267043+00:00,1284107,001,649,21,0,1789604805,,,SCHEDULED
2026-09-17T00:25:05.267043+00:00,1284107,001,5351,22,0,1789604821,,,SCHEDULED
2026-09-17T00:25:05.267043+00:00,1284107,001,1308,23,0,1789604901,,,SCHEDULED
2026-09-17T00:25:05.267043+00:00,1284107,001,1309,24,0,1789604960,,,SCHEDULED
2026-09-17T00:25:05.267043+00:00,1284107,001,1310,25,0,1789605031,,,SCHEDULED
2026-09-17T00:25:05.267043+00:00,1284107,001,1311,26,0,1789605086,,,SCHEDULED
2026-09-17T00:25:05.267043+00:00,1284107,001,5363,27,0,1789605157,,,SCHEDULED
2026-09-17T00:25:05.267043+00:00,1284107,001,1313,28,0,1789605186,,,SCHEDULED
2026-09-17T00:25:05.267043+00:00,1284107,001,1314,29,0,1789605280,,,SCHEDULED
2026-09-17T00:25:05.267043+00:00,1284107,001,1315,30,0,1789605389,,,SCHEDULED
2026-09-17T00:25:05.267043+00:00,1284107,001,1316,31,0,1789605428,,,SCHEDULED
2026-09-17T00:25:05.267043+00:00,1284107,001,1317,32,0,1789605459,,,SCHEDULED
2026-09-17T00:25:05.267043+00:00,1284107,001,1318,33,0,1789605505,,,SCHEDULED
2026-09-17T00:25:05.267043+00:00,1284107,001,2807,34,0,1789605664,,,SCHEDULED
2026-09-17T00:25:05.267043+00:00,1284106,001,3073,2,0,1789604733,,,SCHEDULED
2026-09-17T00:25:05.267043+00:00,1284106,001,630,3,0,1789604966,,,SCHEDULED
2026-09-17T00:25:05.267043+00:00,1284106,001,631,4,0,1789605040,,,SCHEDULED
2026-09-17T00:25:05.267043+00:00,1284106,001,632,5,0,1789605068,,,SCHEDULED
2026-09-17T00:25:05.267043+00:00,1284106,001,634,6,0,1789605142,,,SCHEDULED
2026-09-17T00:25:05.267043+00:00,1284106,001,635,7,0,1789605240,,,SCHEDULED
2026-09-17T00:25:05.267043+00:00,1284106,001,636,8,0,1789605324,,,SCHEDULED
2026-09-17T00:25:05.267043+00:00,1284106,001,637,9,0,1789605368,,,SCHEDULED
2026-09-17T00:25:05.267043+00:00,1284106,001,638,10,0,1789605409,,,SCHEDULED
2026-09-17T00:25:05.267043+00:00,1284106,001,639,11,0,1789605472,,,SCHEDULED
2026-09-17T00:25:05.267043+00:00,1284106,001,640,12,0,1789605548,,,SCHEDULED
2026-09-17T00:25:05.267043+00:00,1284106,001,641,13,0,1789605610,,,SCHEDULED
2026-09-17T00:25:05.267043+00:00,1284106,001,642,14,0,1789605757,,,SCHEDULED
2026-09-17T00:25:05.267043+00:00,1284106,001,643,15,0,1789605816,,,SCHEDULED
2026-09-17T00:25:05.267043+00:00,1284106,001,644,16,0,1789605858,,,SCHEDULED
2026-09-17T00:25:05.267043+00:00,1284106,001,645,17,0,1789605895,,,SCHEDULED
2026-09-17T00:25:05.267043+00:00,1284106,001,646,18,0,1789605945,,,SCHEDULED
2026-09-17T00:25:05.267043+00:00,1284106,001,647,19,0,1789605995,,,SCHEDULED
2026-09-17T00:25:05.267043+00:00,1284106,001,648,20,0,1789606063,,,SCHEDULED
2026-09-17T00:25:05.267043+00:00,1284106,001,649,21,0,1789606100,,,SCHEDULED
2026-09-17T00:25:05.267043+00:00,1284106,001,5351,22,0,1789606113,,,SCHEDULED
2026-09-17T00:25:05.267043+00:00,1284106,001,1308,23,0,1789606188,,,SCHEDULED
2026-09-17T00:25:05.267043+00:00,1284106,001,1309,24,0,1789606238,,,SCHEDULED
2026-09-17T00:25:05.267043+00:00,1284106,001,1310,25,0,1789606297,,,SCHEDULED
2026-09-17T00:25:05.267043+00:00,1284106,001,1311,26,0,1789606343,,,SCHEDULED
2026-09-17T00:25:05.267043+00:00,1284106,001,5363,27,0,1789606400,,,SCHEDULED
2026-09-17T00:25:05.267043+00:00,1284106,001,1313,28,0,1789606423,,,SCHEDULED
2026-09-17T00:25:05.267043+00:00,1287218,081,1612,1,,,0,1789606080,SCHEDULED
2026-09-17T00:25:05.267043+00:00,1287218,081,1613,2,0,1789606179,,,SCHEDULED
2026-09-17T00:25:05.267043+00:00,1287218,081,2311,3,0,1789606228,,,SCHEDULED
2026-09-17T00:25:05.267043+00:00,1287218,081,2312,4,0,1789606421,,,SCHEDULED
2026-09-17T00:25:05.267043+00:00,1284108,001,1316,31,0,1789604697,,,SCHEDULED
2026-09-17T00:25:05.267043+00:00,1284108,001,1317,32,0,1789604742,,,SCHEDULED
2026-09-17T00:25:05.267043+00:00,1284108,001,1318,33,0,1789604787,,,SCHEDULED
2026-09-17T00:25:05.267043+00:00,1284108,001,2807,34,0,1789604877,,,SCHEDULED
2026-09-17T00:25:05.267043+00:00,1286896,072,3787,13,0,1789604769,,,SCHEDULED
2026-09-17T00:25:05.267043+00:00,1286896,072,3788,14,0,1789604814,,,SCHEDULED
2026-09-17T00:25:05.267043+00:00,1286896,072,3789,15,0,1789604881,,,SCHEDULED
2026-09-17T00:25:05.267043+00:00,1286896,072,3790,16,0,1789604928,,,SCHEDULED
2026-09-17T00:25:05.267043+00:00,1286896,072,3791,17,0,1789604969,,,SCHEDULED
2026-09-17T00:25:05.267043+00:00,1286896,072,3785,18,0,1789604992,,,SCHEDULED
2026-09-17T00:25:05.267043+00:00,1286896,072,3792,19,0,1789605012,,,SCHEDULED
2026-09-17T00:25:05.267043+00:00,1286896,072,3793,20,0,1789605028,,,SCHEDULED
2026-09-17T00:25:05.267043+00:00,1286896,072,3794,21,0,1789605069,,,SCHEDULED
2026-09-17T00:25:05.267043+00:00,1286896,072,3795,22,0,1789605113,,,SCHEDULED
2026-09-17T00:25:05.267043+00:00,1286896,072,3796,23,0,1789605156,,,SCHEDULED
2026-09-17T00:25:05.267043+00:00,1286896,072,5250,24,0,1789605192,,,SCHEDULED
2026-09-17T00:25:05.267043+00:00,1286896,072,3798,25,0,1789605234,,,SCHEDULED
2026-09-17T00:25:05.267043+00:00,1286896,072,3799,26,0,1789605283,,,SCHEDULED
2026-09-17T00:25:05.267043+00:00,1286896,072,3800,27,0,1789605340,,,SCHEDULED
2026-09-17T00:25:05.267043+00:00,1286896,072,3801,28,0,1789605373,,,SCHEDULED
2026-09-17T00:25:05.267043+00:00,1286896,072,3802,29,0,1789605418,,,SCHEDULED
2026-09-17T00:25:05.267043+00:00,1286896,072,3852,30,0,1789605519,,,SCHEDULED
2026-09-17T00:25:05.267043+00:00,1286895,072,377,1,,,0,1789605808,SCHEDULED
2026-09-17T00:25:05.267043+00:00,1286895,072,2873,2,0,1789606008,,,SCHEDULED
2026-09-17T00:25:05.267043+00:00,1286895,072,2874,3,0,1789606029,,,SCHEDULED
2026-09-17T00:25:05.267043+00:00,1286895,072,2884,4,0,1789606089,,,SCHEDULED
2026-09-17T00:25:05.267043+00:00,1286895,072,2885,5,0,1789606151,,,SCHEDULED
2026-09-17T00:25:05.267043+00:00,1286895,072,2886,6,0,1789606209,,,SCHEDULED
2026-09-17T00:25:05.267043+00:00,1286895,072,2887,7,0,1789606307,,,SCHEDULED
2026-09-17T00:25:05.267043+00:00,1286895,072,2888,8,0,1789606348,,,SCHEDULED
2026-09-17T00:25:05.267043+00:00,1286895,072,2889,9,0,1789606436,,,SCHEDULED
2026-09-17T00:25:05.267043+00:00,1286895,072,2891,10,0,1789606484,,,SCHEDULED
2026-09-17T00:25:05.267043+00:00,1285328,025,3615,30,0,1789604705,,,SCHEDULED
2026-09-17T00:25:05.267043+00:00,1285328,025,3616,31,0,1789604768,,,SCHEDULED
2026-09-17T00:25:05.267043+00:00,1285328,025,3617,32,0,1789604831,,,SCHEDULED
2026-09-17T00:25:05.267043+00:00,1285328,025,3618,33,0,1789604873,,,SCHEDULED
2026-09-17T00:25:05.267043+00:00,1285328,025,3619,34,0,1789604889,,,SCHEDULED
2026-09-17T00:25:05.267043+00:00,1285328,025,3620,35,0,1789605026,,,SCHEDULED
2026-09-17T00:25:05.267043+00:00,1285328,025,3621,36,0,1789605072,,,SCHEDULED
2026-09-17T00:25:05.267043+00:00,1285328,025,3622,37,0,1789605096,,,SCHEDULED
2026-09-17T00:25:05.267043+00:00,1285328,025,3623,38,0,1789605115,,,SCHEDULED
2026-09-17T00:25:05.267043+00:00,1285328,025,3624,39,0,1789605150,,,SCHEDULED
2026-09-17T00:25:05.267043+00:00,1285328,025,3625,40,0,1789605198,,,SCHEDULED
2026-09-17T00:25:05.267043+00:00,1285328,025,3626,41,0,1789605229,,,SCHEDULED
2026-09-17T00:25:05.267043+00:00,1285328,025,3627,42,0,1789605240,,,SCHEDULED
2026-09-17T00:25:05.267043+00:00,1285328,025,3628,43,0,1789605255,,,SCHEDULED
2026-09-17T00:25:05.267043+00:00,1285328,025,4603,44,0,1789605332,,,SCHEDULED
2026-09-17T00:25:05.267043+00:00,1285328,025,4604,45,0,1789605365,,,SCHEDULED
2026-09-17T00:25:05.267043+00:00,1285328,025,3371,46,0,1789605547,,,SCHEDULED
2026-09-17T00:25:05.267043+00:00,1285328,025,3372,47,0,1789605583,,,SCHEDULED
2026-09-17T00:25:05.267043+00:00,1285328,025,3373,48,0,1789605605,,,SCHEDULED
2026-09-17T00:25:05.267043+00:00,1285328,025,3374,49,0,1789605709,,,SCHEDULED
2026-09-17T00:25:05.267043+00:00,1285328,025,3375,50,0,1789605754,,,SCHEDULED
2026-09-17T00:25:05.267043+00:00,1285328,025,3376,51,0,1789605866,,,SCHEDULED
2026-09-17T00:25:05.267043+00:00,1285328,025,3377,52,0,1789605885,,,SCHEDULED
2026-09-17T00:25:05.267043+00:00,1285328,025,3378,53,0,1789605896,,,SCHEDULED
2026-09-17T00:25:05.267043+00:00,1285328,025,3379,54,0,1789605936,,,SCHEDULED
2026-09-17T00:25:05.267043+00:00,1285328,025,3380,55,0,1789605977,,,SCHEDULED
2026-09-17T00:25:05.267043+00:00,1285328,025,3381,56,0,1789606036,,,SCHEDULED
2026-09-17T00:25:05.267043+00:00,1285328,025,3382,57,0,1789606061,,,SCHEDULED
2026-09-17T00:25:05.267043+00:00,1285328,025,3383,58,0,1789606093,,,SCHEDULED
2026-09-17T00:25:05.267043+00:00,1285328,025,3389,59,0,1789606142,,,SCHEDULED
2026-09-17T00:25:05.267043+00:00,1288439,177,658,1,,,0,1789605653,SCHEDULED
2026-09-17T00:25:05.267043+00:00,1288439,177,832,2,0,1789605853,,,SCHEDULED
2026-09-17T00:25:05.267043+00:00,1288439,177,3845,3,0,1789605897,,,SCHEDULED
2026-09-17T00:25:05.267043+00:00,1288439,177,795,4,0,1789606006,,,SCHEDULED
2026-09-17T00:25:05.267043+00:00,1285327,025,1267,7,0,1789604675,,,SCHEDULED
2026-09-17T00:25:05.267043+00:00,1285327,025,1268,8,0,1789604699,,,SCHEDULED
2026-09-17T00:25:05.267043+00:00,1285327,025,1269,9,0,1789604754,,,SCHEDULED
2026-09-17T00:25:05.267043+00:00,1285327,025,1270,10,0,1789604858,,,SCHEDULED
2026-09-17T00:25:05.267043+00:00,1285327,025,1271,11,0,1789605036,,,SCHEDULED
2026-09-17T00:25:05.267043+00:00,1285327,025,1272,12,0,1789605114,,,SCHEDULED
2026-09-17T00:25:05.267043+00:00,1285327,025,1273,13,0,1789605157,,,SCHEDULED
2026-09-17T00:25:05.267043+00:00,1285327,025,1274,14,0,1789605182,,,SCHEDULED
2026-09-17T00:25:05.267043+00:00,1285327,025,1275,15,0,1789605250,,,SCHEDULED
2026-09-17T00:25:05.267043+00:00,1285327,025,1276,16,0,1789605296,,,SCHEDULED
2026-09-17T00:25:05.267043+00:00,1285327,025,1277,17,0,1789605324,,,SCHEDULED
2026-09-17T00:25:05.267043+00:00,1285327,025,1278,18,0,1789605370,,,SCHEDULED
2026-09-17T00:25:05.267043+00:00,1285327,025,1279,19,0,1789605422,,,SCHEDULED
2026-09-17T00:25:05.267043+00:00,1285327,025,1280,20,0,1789605513,,,SCHEDULED
2026-09-17T00:25:05.267043+00:00,1285327,025,1281,21,0,1789605563,,,SCHEDULED
2026-09-17T00:25:05.267043+00:00,1285327,025,1282,22,0,1789605633,,,SCHEDULED
2026-09-17T00:25:05.267043+00:00,1285327,025,1481,23,0,1789605729,,,SCHEDULED
2026-09-17T00:25:05.267043+00:00,1285327,025,1482,24,0,1789605781,,,SCHEDULED
2026-09-17T00:25:05.267043+00:00,1285327,025,1483,25,0,1789605829,,,SCHEDULED
2026-09-17T00:25:05.267043+00:00,1285327,025,1484,26,0,1789605898,,,SCHEDULED
2026-09-17T00:25:05.267043+00:00,1285327,025,1485,27,0,1789605955,,,SCHEDULED
2026-09-17T00:25:05.267043+00:00,1285327,025,1486,28,0,1789605996,,,SCHEDULED
2026-09-17T00:25:05.267043+00:00,1285327,025,3614,29,0,1789606059,,,SCHEDULED
2026-09-17T00:25:05.267043+00:00,1285327,025,3615,30,0,1789606171,,,SCHEDULED
2026-09-17T00:25:05.267043+00:00,1285327,025,3616,31,0,1789606234,,,SCHEDULED
2026-09-17T00:25:05.267043+00:00,1285327,025,3617,32,0,1789606297,,,SCHEDULED
2026-09-17T00:25:05.267043+00:00,1285327,025,3618,33,0,1789606339,,,SCHEDULED
2026-09-17T00:25:05.267043+00:00,1285327,025,3619,34,0,1789606355,,,SCHEDULED
2026-09-17T00:25:05.267043+00:00,1285965,051,668,1,,,0,1789606448,SCHEDULED
2026-09-17T00:25:05.267043+00:00,1286492,062,413,1,,,0,1789605886,SCHEDULED
2026-09-17T00:25:05.267043+00:00,1286492,062,414,2,0,1789605902,,,SCHEDULED
2026-09-17T00:25:05.267043+00:00,1286492,062,415,3,0,1789605951,,,SCHEDULED
2026-09-17T00:25:05.267043+00:00,1286492,062,416,4,0,1789605999,,,SCHEDULED
2026-09-17T00:25:05.267043+00:00,1286492,062,418,5,0,1789606034,,,SCHEDULED
2026-09-17T00:25:05.267043+00:00,1286492,062,4763,6,0,1789606150,,,SCHEDULED
2026-09-17T00:25:05.267043+00:00,1286492,062,1716,7,0,1789606201,,,SCHEDULED
2026-09-17T00:25:05.267043+00:00,1286492,062,2256,8,0,1789606282,,,SCHEDULED
2026-09-17T00:25:05.267043+00:00,1286492,062,2257,9,0,1789606337,,,SCHEDULED
2026-09-17T00:25:05.267043+00:00,1286492,062,2258,10,0,1789606383,,,SCHEDULED
2026-09-17T00:25:05.267043+00:00,1286492,062,2260,11,0,1789606466,,,SCHEDULED
2026-09-17T00:25:05.267043+00:00,1287183,081,2180,1,,,0,1789606224,SCHEDULED
2026-09-17T00:25:05.267043+00:00,1287183,081,2181,2,0,1789606237,,,SCHEDULED
2026-09-17T00:25:05.267043+00:00,1287183,081,2183,3,0,1789606279,,,SCHEDULED
2026-09-17T00:25:05.267043+00:00,1287183,081,2184,4,0,1789606312,,,SCHEDULED
2026-09-17T00:25:05.267043+00:00,1287183,081,2185,5,0,1789606373,,,SCHEDULED
2026-09-17T00:25:05.267043+00:00,1288394,175,1661,1,,,0,1789605300,SCHEDULED
2026-09-17T00:25:05.267043+00:00,1288394,175,1667,2,0,1789605480,,,SCHEDULED
2026-09-17T00:25:05.267043+00:00,1288394,175,957,3,0,1789606268,,,SCHEDULED
2026-09-17T00:25:05.267043+00:00,1288394,175,955,4,0,1789606343,,,SCHEDULED
2026-09-17T00:25:05.267043+00:00,1288394,175,953,5,0,1789606412,,,SCHEDULED
2026-09-17T00:25:05.267043+00:00,1287184,081,2181,2,0,1789604696,,,SCHEDULED
2026-09-17T00:25:05.267043+00:00,1287184,081,2183,3,0,1789604731,,,SCHEDULED
2026-09-17T00:25:05.267043+00:00,1287184,081,2184,4,0,1789604757,,,SCHEDULED
2026-09-17T00:25:05.267043+00:00,1287184,081,2185,5,0,1789604805,,,SCHEDULED
2026-09-17T00:25:05.267043+00:00,1287184,081,2186,6,0,1789604941,,,SCHEDULED
2026-09-17T00:25:05.267043+00:00,1287184,081,2358,7,0,1789605117,,,SCHEDULED
2026-09-17T00:25:05.267043+00:00,1287184,081,2359,8,0,1789605165,,,SCHEDULED
2026-09-17T00:25:05.267043+00:00,1287184,081,2360,9,0,1789605237,,,SCHEDULED
2026-09-17T00:25:05.267043+00:00,1287184,081,2361,10,0,1789605266,,,SCHEDULED
2026-09-17T00:25:05.267043+00:00,1287184,081,2362,11,0,1789605288,,,SCHEDULED
2026-09-17T00:25:05.267043+00:00,1287184,081,2363,12,0,1789605339,,,SCHEDULED
2026-09-17T00:25:05.267043+00:00,1287184,081,2364,13,0,1789605404,,,SCHEDULED
2026-09-17T00:25:05.267043+00:00,1287184,081,2365,14,0,1789605492,,,SCHEDULED
2026-09-17T00:25:05.267043+00:00,1287184,081,2366,15,0,1789605571,,,SCHEDULED
2026-09-17T00:25:05.267043+00:00,1287184,081,2367,16,0,1789605588,,,SCHEDULED
2026-09-17T00:25:05.267043+00:00,1287184,081,5203,17,0,1789605632,,,SCHEDULED
2026-09-17T00:25:05.267043+00:00,1287184,081,2368,18,0,1789605679,,,SCHEDULED
2026-09-17T00:25:05.267043+00:00,1287184,081,2370,19,0,1789605806,,,SCHEDULED
2026-09-17T00:25:05.267043+00:00,1287184,081,2371,20,0,1789605866,,,SCHEDULED
2026-09-17T00:25:05.267043+00:00,1287184,081,2372,21,0,1789605958,,,SCHEDULED
2026-09-17T00:25:05.267043+00:00,1287184,081,2373,22,0,1789606025,,,SCHEDULED
2026-09-17T00:25:05.267043+00:00,1287184,081,2374,23,0,1789606167,,,SCHEDULED
2026-09-17T00:25:05.267043+00:00,1285450,026,316,1,,,0,1789606152,SCHEDULED
2026-09-17T00:25:05.267043+00:00,1285450,026,8959,2,0,1789606293,,,SCHEDULED
2026-09-17T00:25:05.267043+00:00,1285450,026,2989,3,0,1789606434,,,SCHEDULED
2026-09-17T00:25:05.267043+00:00,1285296,025,1356,34,0,1789604710,,,SCHEDULED
2026-09-17T00:25:05.267043+00:00,1285296,025,1357,35,0,1789604827,,,SCHEDULED
2026-09-17T00:25:05.267043+00:00,1285296,025,1358,36,0,1789604865,,,SCHEDULED
2026-09-17T00:25:05.267043+00:00,1285296,025,1359,37,0,1789604905,,,SCHEDULED
2026-09-17T00:25:05.267043+00:00,1285296,025,1360,38,0,1789604969,,,SCHEDULED
2026-09-17T00:25:05.267043+00:00,1285296,025,1361,39,0,1789605004,,,SCHEDULED
2026-09-17T00:25:05.267043+00:00,1285296,025,1236,40,0,1789605099,,,SCHEDULED
2026-09-17T00:25:05.267043+00:00,1285296,025,1237,41,0,1789605130,,,SCHEDULED
2026-09-17T00:25:05.267043+00:00,1285296,025,1238,42,0,1789605158,,,SCHEDULED
2026-09-17T00:25:05.267043+00:00,1285296,025,1239,43,0,1789605234,,,SCHEDULED
2026-09-17T00:25:05.267043+00:00,1285296,025,1240,44,0,1789605313,,,SCHEDULED
2026-09-17T00:25:05.267043+00:00,1285296,025,1241,45,0,1789605353,,,SCHEDULED
2026-09-17T00:25:05.267043+00:00,1285296,025,1242,46,0,1789605405,,,SCHEDULED
2026-09-17T00:25:05.267043+00:00,1285296,025,1243,47,0,1789605457,,,SCHEDULED
2026-09-17T00:25:05.267043+00:00,1285296,025,1244,48,0,1789605501,,,SCHEDULED
2026-09-17T00:25:05.267043+00:00,1285296,025,1245,49,0,1789605534,,,SCHEDULED
2026-09-17T00:25:05.267043+00:00,1285296,025,1246,50,0,1789605566,,,SCHEDULED
2026-09-17T00:25:05.267043+00:00,1285296,025,1247,51,0,1789605667,,,SCHEDULED
2026-09-17T00:25:05.267043+00:00,1285296,025,1248,52,0,1789605761,,,SCHEDULED
2026-09-17T00:25:05.267043+00:00,1285296,025,1249,53,0,1789605821,,,SCHEDULED
2026-09-17T00:25:05.267043+00:00,1285296,025,1250,54,0,1789605860,,,SCHEDULED
2026-09-17T00:25:05.267043+00:00,1285296,025,1251,55,0,1789605997,,,SCHEDULED
2026-09-17T00:25:05.267043+00:00,1285296,025,1252,56,0,1789606054,,,SCHEDULED
2026-09-17T00:25:05.267043+00:00,1285296,025,1253,57,0,1789606111,,,SCHEDULED
2026-09-17T00:25:05.267043+00:00,1285296,025,1254,58,0,1789606190,,,SCHEDULED
2026-09-17T00:25:05.267043+00:00,1285296,025,1262,59,0,1789606461,,,SCHEDULED
2026-09-17T00:25:05.267043+00:00,1287234,081,290,1,,,0,1789606235,SCHEDULED
2026-09-17T00:25:05.267043+00:00,1287234,081,1600,2,0,1789606305,,,SCHEDULED
2026-09-17T00:25:05.267043+00:00,1287234,081,1602,3,0,1789606453,,,SCHEDULED
2026-09-17T00:25:05.267043+00:00,1287234,081,1603,4,0,1789606472,,,SCHEDULED
2026-09-17T00:25:05.267043+00:00,1285295,025,3589,19,0,1789604715,,,SCHEDULED
2026-09-17T00:25:05.267043+00:00,1285295,025,3590,20,0,1789604742,,,SCHEDULED
2026-09-17T00:25:05.267043+00:00,1285295,025,3591,21,0,1789604798,,,SCHEDULED
2026-09-17T00:25:05.267043+00:00,1285295,025,3592,22,0,1789604825,,,SCHEDULED
2026-09-17T00:25:05.267043+00:00,1285295,025,3593,23,0,1789604873,,,SCHEDULED
2026-09-17T00:25:05.267043+00:00,1285295,025,3594,24,0,1789604906,,,SCHEDULED
2026-09-17T00:25:05.267043+00:00,1285295,025,3595,25,0,1789604944,,,SCHEDULED
2026-09-17T00:25:05.267043+00:00,1285295,025,3596,26,0,1789604980,,,SCHEDULED
2026-09-17T00:25:05.267043+00:00,1285295,025,3597,27,0,1789605117,,,SCHEDULED
2026-09-17T00:25:05.267043+00:00,1285295,025,3598,28,0,1789605201,,,SCHEDULED
2026-09-17T00:25:05.267043+00:00,1285295,025,3599,29,0,1789605238,,,SCHEDULED
2026-09-17T00:25:05.267043+00:00,1285295,025,3600,30,0,1789605286,,,SCHEDULED
2026-09-17T00:25:05.267043+00:00,1285295,025,3601,31,0,1789605307,,,SCHEDULED
2026-09-17T00:25:05.267043+00:00,1285295,025,3602,32,0,1789605441,,,SCHEDULED
2026-09-17T00:25:05.267043+00:00,1285295,025,3603,33,0,1789605494,,,SCHEDULED
2026-09-17T00:25:05.267043+00:00,1285295,025,1356,34,0,1789605553,,,SCHEDULED
2026-09-17T00:25:05.267043+00:00,1285295,025,1357,35,0,1789605670,,,SCHEDULED
2026-09-17T00:25:05.267043+00:00,1285295,025,1358,36,0,1789605708,,,SCHEDULED
2026-09-17T00:25:05.267043+00:00,1285295,025,1359,37,0,1789605748,,,SCHEDULED
2026-09-17T00:25:05.267043+00:00,1285295,025,1360,38,0,1789605812,,,SCHEDULED
2026-09-17T00:25:05.267043+00:00,1285295,025,1361,39,0,1789605847,,,SCHEDULED
2026-09-17T00:25:05.267043+00:00,1285295,025,1236,40,0,1789605942,,,SCHEDULED
2026-09-17T00:25:05.267043+00:00,1285295,025,1237,41,0,1789605973,,,SCHEDULED
2026-09-17T00:25:05.267043+00:00,1285295,025,1238,42,0,1789605998,,,SCHEDULED
2026-09-17T00:25:05.267043+00:00,1285295,025,1239,43,0,1789606065,,,SCHEDULED
2026-09-17T00:25:05.267043+00:00,1285295,025,1240,44,0,1789606138,,,SCHEDULED
2026-09-17T00:25:05.267043+00:00,1285295,025,1241,45,0,1789606172,,,SCHEDULED
2026-09-17T00:25:05.267043+00:00,1285295,025,1242,46,0,1789606218,,,SCHEDULED
2026-09-17T00:25:05.267043+00:00,1285295,025,1243,47,0,1789606263,,,SCHEDULED
2026-09-17T00:25:05.267043+00:00,1285295,025,1244,48,0,1789606302,,,SCHEDULED
2026-09-17T00:25:05.267043+00:00,1285295,025,1245,49,0,1789606329,,,SCHEDULED
2026-09-17T00:25:05.267043+00:00,1285295,025,1246,50,0,1789606357,,,SCHEDULED
2026-09-17T00:25:05.267043+00:00,1285295,025,1247,51,0,1789606450,,,SCHEDULED
2026-09-17T00:25:05.267043+00:00,1285177,023,1096,2,0,1789604804,,,SCHEDULED
2026-09-17T00:25:05.267043+00:00,1285177,023,1098,3,0,1789604949,,,SCHEDULED
2026-09-17T00:25:05.267043+00:00,1285177,023,1099,4,0,1789605163,,,SCHEDULED
2026-09-17T00:25:05.267043+00:00,1285177,023,1090,5,0,1789605511,,,SCHEDULED
2026-09-17T00:25:05.267043+00:00,1285177,023,1091,6,0,1789605606,,,SCHEDULED
2026-09-17T00:25:05.267043+00:00,1285177,023,1092,7,0,1789605658,,,SCHEDULED
2026-09-17T00:25:05.267043+00:00,1285177,023,1093,8,0,1789605693,,,SCHEDULED
2026-09-17T00:25:05.267043+00:00,1285177,023,1094,9,0,1789605753,,,SCHEDULED
2026-09-17T00:25:05.267043+00:00,1285177,023,1455,10,0,1789605823,,,SCHEDULED
2026-09-17T00:25:05.267043+00:00,1285177,023,1456,11,0,1789605896,,,SCHEDULED
2026-09-17T00:25:05.267043+00:00,1285177,023,1457,12,0,1789605968,,,SCHEDULED
2026-09-17T00:25:05.267043+00:00,1285177,023,1458,13,0,1789606037,,,SCHEDULED
2026-09-17T00:25:05.267043+00:00,1285177,023,1460,14,0,1789606120,,,SCHEDULED
2026-09-17T00:25:05.267043+00:00,1285177,023,1461,15,0,1789606157,,,SCHEDULED
2026-09-17T00:25:05.267043+00:00,1285177,023,1462,16,0,1789606174,,,SCHEDULED
2026-09-17T00:25:05.267043+00:00,1285177,023,1463,17,0,1789606228,,,SCHEDULED
2026-09-17T00:25:05.267043+00:00,1285177,023,1464,18,0,1789606316,,,SCHEDULED
2026-09-17T00:25:05.267043+00:00,1285177,023,1465,19,0,1789606392,,,SCHEDULED
2026-09-17T00:25:05.267043+00:00,1285177,023,1466,20,0,1789606419,,,SCHEDULED
2026-09-17T00:25:05.267043+00:00,1285177,023,1467,21,0,1789606441,,,SCHEDULED
2026-09-17T00:25:05.267043+00:00,1285177,023,1468,22,0,1789606478,,,SCHEDULED
2026-09-17T00:25:05.267043+00:00,1288288,142,4763,8,0,1789604743,,,SCHEDULED
2026-09-17T00:25:05.267043+00:00,1288288,142,113,9,0,1789604791,,,SCHEDULED
2026-09-17T00:25:05.267043+00:00,1285452,026,1558,17,0,1789604719,,,SCHEDULED
2026-09-17T00:25:05.267043+00:00,1285452,026,1559,18,0,1789604817,,,SCHEDULED
2026-09-17T00:25:05.267043+00:00,1285452,026,1560,19,0,1789604864,,,SCHEDULED
2026-09-17T00:25:05.267043+00:00,1285452,026,1561,20,0,1789604893,,,SCHEDULED
2026-09-17T00:25:05.267043+00:00,1285452,026,1562,21,0,1789605009,,,SCHEDULED
2026-09-17T00:25:05.267043+00:00,1285452,026,1564,22,0,1789605066,,,SCHEDULED
2026-09-17T00:25:05.267043+00:00,1285452,026,1565,23,0,1789605085,,,SCHEDULED
2026-09-17T00:25:05.267043+00:00,1285452,026,1566,24,0,1789605155,,,SCHEDULED
2026-09-17T00:25:05.267043+00:00,1285452,026,1596,25,0,1789605203,,,SCHEDULED
2026-09-17T00:25:05.267043+00:00,1285452,026,1597,26,0,1789605251,,,SCHEDULED
2026-09-17T00:25:05.267043+00:00,1285452,026,1598,27,0,1789605301,,,SCHEDULED
2026-09-17T00:25:05.267043+00:00,1285452,026,3097,28,0,1789605414,,,SCHEDULED
2026-09-17T00:25:05.267043+00:00,1285452,026,3098,29,0,1789605516,,,SCHEDULED
2026-09-17T00:25:05.267043+00:00,1285452,026,9800,30,0,1789605572,,,SCHEDULED
2026-09-17T00:25:05.267043+00:00,1285452,026,3099,31,0,1789605724,,,SCHEDULED
2026-09-17T00:25:05.267043+00:00,1285452,026,3100,32,0,1789605763,,,SCHEDULED
2026-09-17T00:25:05.267043+00:00,1285452,026,3101,33,0,1789605776,,,SCHEDULED
2026-09-17T00:25:05.267043+00:00,1285452,026,3102,34,0,1789605862,,,SCHEDULED
2026-09-17T00:25:05.267043+00:00,1285452,026,5366,35,0,1789606182,,,SCHEDULED
2026-09-17T00:25:05.267043+00:00,1285452,026,1283,36,0,1789606208,,,SCHEDULED
2026-09-17T00:25:05.267043+00:00,1285452,026,650,37,0,1789606440,,,SCHEDULED
2026-09-17T00:25:05.267043+00:00,1285452,026,3107,38,0,1789606466,,,SCHEDULED
2026-09-17T00:25:05.267043+00:00,1285056,021,2770,2,0,1789604743,,,SCHEDULED
2026-09-17T00:25:05.267043+00:00,1285056,021,2771,3,0,1789604821,,,SCHEDULED
2026-09-17T00:25:05.267043+00:00,1285056,021,2772,4,0,1789604903,,,SCHEDULED
2026-09-17T00:25:05.267043+00:00,1285056,021,2773,5,0,1789604932,,,SCHEDULED
2026-09-17T00:25:05.267043+00:00,1285056,021,2774,6,0,1789604981,,,SCHEDULED
2026-09-17T00:25:05.267043+00:00,1285056,021,2775,7,0,1789605006,,,SCHEDULED
2026-09-17T00:25:05.267043+00:00,1285056,021,2776,8,0,1789605041,,,SCHEDULED
2026-09-17T00:25:05.267043+00:00,1285056,021,2777,9,0,1789605107,,,SCHEDULED
2026-09-17T00:25:05.267043+00:00,1285056,021,2778,10,0,1789605111,,,SCHEDULED
2026-09-17T00:25:05.267043+00:00,1285056,021,2779,11,0,1789605140,,,SCHEDULED
2026-09-17T00:25:05.267043+00:00,1285056,021,2780,12,0,1789605163,,,SCHEDULED
2026-09-17T00:25:05.267043+00:00,1285056,021,2781,13,0,1789605180,,,SCHEDULED
2026-09-17T00:25:05.267043+00:00,1285056,021,2782,14,0,1789605240,,,SCHEDULED
2026-09-17T00:25:05.267043+00:00,1285056,021,2783,15,0,1789605354,,,SCHEDULED
2026-09-17T00:25:05.267043+00:00,1285056,021,2784,16,0,1789605396,,,SCHEDULED
2026-09-17T00:25:05.267043+00:00,1285056,021,3027,17,0,1789605517,,,SCHEDULED
2026-09-17T00:25:05.267043+00:00,1285056,021,3028,18,0,1789605580,,,SCHEDULED
2026-09-17T00:25:05.267043+00:00,1285056,021,2795,19,0,1789605684,,,SCHEDULED
2026-09-17T00:25:05.267043+00:00,1285056,021,2796,20,0,1789605732,,,SCHEDULED
2026-09-17T00:25:05.267043+00:00,1285056,021,2797,21,0,1789605819,,,SCHEDULED
2026-09-17T00:25:05.267043+00:00,1285056,021,2798,22,0,1789605952,,,SCHEDULED
2026-09-17T00:25:05.267043+00:00,1285056,021,2799,23,0,1789605978,,,SCHEDULED
2026-09-17T00:25:05.267043+00:00,1285056,021,2800,24,0,1789606023,,,SCHEDULED
2026-09-17T00:25:05.267043+00:00,1285056,021,2801,25,0,1789606073,,,SCHEDULED
2026-09-17T00:25:05.267043+00:00,1285056,021,2802,26,0,1789606132,,,SCHEDULED
2026-09-17T00:25:05.267043+00:00,1285056,021,2803,27,0,1789606173,,,SCHEDULED
2026-09-17T00:25:05.267043+00:00,1285056,021,2804,28,0,1789606199,,,SCHEDULED
2026-09-17T00:25:05.267043+00:00,1285056,021,2805,29,0,1789606239,,,SCHEDULED
2026-09-17T00:25:05.267043+00:00,1285056,021,2806,30,0,1789606258,,,SCHEDULED
2026-09-17T00:25:05.267043+00:00,1285056,021,2807,31,0,1789606388,,,SCHEDULED
2026-09-17T00:25:05.267043+00:00,1284363,011,533,16,0,1789604694,,,SCHEDULED
2026-09-17T00:25:05.267043+00:00,1284363,011,534,17,0,1789604726,,,SCHEDULED
2026-09-17T00:25:05.267043+00:00,1284363,011,221,18,0,1789605038,,,SCHEDULED
2026-09-17T00:25:05.267043+00:00,1284363,011,222,19,0,1789605060,,,SCHEDULED
2026-09-17T00:25:05.267043+00:00,1284363,011,223,20,0,1789605087,,,SCHEDULED
2026-09-17T00:25:05.267043+00:00,1284363,011,225,21,0,1789605150,,,SCHEDULED
2026-09-17T00:25:05.267043+00:00,1284363,011,226,22,0,1789605180,,,SCHEDULED
2026-09-17T00:25:05.267043+00:00,1284363,011,455,23,0,1789605204,,,SCHEDULED
2026-09-17T00:25:05.267043+00:00,1284363,011,456,24,0,1789605246,,,SCHEDULED
2026-09-17T00:25:05.267043+00:00,1284363,011,3197,25,0,1789605313,,,SCHEDULED
2026-09-17T00:25:05.267043+00:00,1284363,011,3198,26,0,1789605376,,,SCHEDULED
2026-09-17T00:25:05.267043+00:00,1284363,011,3199,27,0,1789605414,,,SCHEDULED
2026-09-17T00:25:05.267043+00:00,1284363,011,1345,28,0,1789605509,,,SCHEDULED
2026-09-17T00:25:05.267043+00:00,1284363,011,128,29,0,1789605610,,,SCHEDULED
2026-09-17T00:25:05.267043+00:00,1284363,011,130,30,0,1789605660,,,SCHEDULED
2026-09-17T00:25:05.267043+00:00,1284363,011,131,31,0,1789605688,,,SCHEDULED
2026-09-17T00:25:05.267043+00:00,1284363,011,132,32,0,1789605716,,,SCHEDULED
2026-09-17T00:25:05.267043+00:00,1284363,011,133,33,0,1789605756,,,SCHEDULED
2026-09-17T00:25:05.267043+00:00,1284363,011,981,34,0,1789605866,,,SCHEDULED
2026-09-17T00:25:05.267043+00:00,1284363,011,983,35,0,1789605929,,,SCHEDULED
2026-09-17T00:25:05.267043+00:00,1284363,011,984,36,0,1789605960,,,SCHEDULED
2026-09-17T00:25:05.267043+00:00,1284363,011,985,37,0,1789605983,,,SCHEDULED
2026-09-17T00:25:05.267043+00:00,1284363,011,986,38,0,1789606020,,,SCHEDULED
2026-09-17T00:25:05.267043+00:00,1284363,011,987,39,0,1789606151,,,SCHEDULED
2026-09-17T00:25:05.267043+00:00,1284363,011,8315,40,0,1789606303,,,SCHEDULED
2026-09-17T00:25:05.267043+00:00,1284363,011,2234,41,0,1789606418,,,SCHEDULED
2026-09-17T00:25:05.267043+00:00,1285055,021,2802,26,0,1789604738,,,SCHEDULED
2026-09-17T00:25:05.267043+00:00,1285055,021,2803,27,0,1789604779,,,SCHEDULED
2026-09-17T00:25:05.267043+00:00,1285055,021,2804,28,0,1789604805,,,SCHEDULED
2026-09-17T00:25:05.267043+00:00,1285055,021,2805,29,0,1789604845,,,SCHEDULED
2026-09-17T00:25:05.267043+00:00,1285055,021,2806,30,0,1789604864,,,SCHEDULED
2026-09-17T00:25:05.267043+00:00,1285055,021,2807,31,0,1789604994,,,SCHEDULED
2026-09-17T00:25:05.267043+00:00,1285055,021,1184,32,0,1789605074,,,SCHEDULED
2026-09-17T00:25:05.267043+00:00,1285055,021,3301,33,0,1789605164,,,SCHEDULED
2026-09-17T00:25:05.267043+00:00,1285055,021,2807,34,0,1789605182,,,SCHEDULED
2026-09-17T00:25:05.267043+00:00,1285055,021,2808,35,0,1789605302,,,SCHEDULED
2026-09-17T00:25:05.267043+00:00,1285055,021,2809,36,0,1789605395,,,SCHEDULED
2026-09-17T00:25:05.267043+00:00,1285055,021,2810,37,0,1789605504,,,SCHEDULED
2026-09-17T00:25:05.267043+00:00,1285055,021,2811,38,0,1789605554,,,SCHEDULED
2026-09-17T00:25:05.267043+00:00,1285055,021,2812,39,0,1789605630,,,SCHEDULED
2026-09-17T00:25:05.267043+00:00,1285055,021,2813,40,0,1789605698,,,SCHEDULED
2026-09-17T00:25:05.267043+00:00,1285055,021,2814,41,0,1789605747,,,SCHEDULED
2026-09-17T00:25:05.267043+00:00,1285055,021,3385,42,0,1789605825,,,SCHEDULED
2026-09-17T00:25:05.267043+00:00,1285055,021,3386,43,0,1789605895,,,SCHEDULED
2026-09-17T00:25:05.267043+00:00,1285055,021,3387,44,0,1789605948,,,SCHEDULED
2026-09-17T00:25:05.267043+00:00,1285055,021,3388,45,0,1789605991,,,SCHEDULED
2026-09-17T00:25:05.267043+00:00,1285055,021,3389,46,0,1789606111,,,SCHEDULED
2026-09-17T00:25:05.267043+00:00,1285176,023,9807,1,,,0,1789606440,SCHEDULED
2026-09-17T00:25:05.267043+00:00,1285451,026,1546,5,0,1789604760,,,SCHEDULED
2026-09-17T00:25:05.267043+00:00,1285451,026,1547,6,0,1789604856,,,SCHEDULED
2026-09-17T00:25:05.267043+00:00,1285451,026,1548,7,0,1789604910,,,SCHEDULED
2026-09-17T00:25:05.267043+00:00,1285451,026,1549,8,0,1789604986,,,SCHEDULED
2026-09-17T00:25:05.267043+00:00,1285451,026,1550,9,0,1789605048,,,SCHEDULED
2026-09-17T00:25:05.267043+00:00,1285451,026,1551,10,0,1789605120,,,SCHEDULED
2026-09-17T00:25:05.267043+00:00,1285451,026,1552,11,0,1789605190,,,SCHEDULED
2026-09-17T00:25:05.267043+00:00,1285451,026,1553,12,0,1789605254,,,SCHEDULED
2026-09-17T00:25:05.267043+00:00,1285451,026,1554,13,0,1789605333,,,SCHEDULED
2026-09-17T00:25:05.267043+00:00,1285451,026,1555,14,0,1789605381,,,SCHEDULED
2026-09-17T00:25:05.267043+00:00,1285451,026,1556,15,0,1789605451,,,SCHEDULED
2026-09-17T00:25:05.267043+00:00,1285451,026,1557,16,0,1789605566,,,SCHEDULED
2026-09-17T00:25:05.267043+00:00,1285451,026,1558,17,0,1789605630,,,SCHEDULED
2026-09-17T00:25:05.267043+00:00,1285451,026,1559,18,0,1789605720,,,SCHEDULED
2026-09-17T00:25:05.267043+00:00,1285451,026,1560,19,0,1789605765,,,SCHEDULED
2026-09-17T00:25:05.267043+00:00,1285451,026,1561,20,0,1789605811,,,SCHEDULED
2026-09-17T00:25:05.267043+00:00,1285451,026,1562,21,0,1789605900,,,SCHEDULED
2026-09-17T00:25:05.267043+00:00,1285451,026,1564,22,0,1789605948,,,SCHEDULED
2026-09-17T00:25:05.267043+00:00,1285451,026,1565,23,0,1789605990,,,SCHEDULED
2026-09-17T00:25:05.267043+00:00,1285451,026,1566,24,0,1789606038,,,SCHEDULED
2026-09-17T00:25:05.267043+00:00,1285451,026,1596,25,0,1789606089,,,SCHEDULED
2026-09-17T00:25:05.267043+00:00,1285451,026,1597,26,0,1789606189,,,SCHEDULED
2026-09-17T00:25:05.267043+00:00,1285451,026,1598,27,0,1789606285,,,SCHEDULED
2026-09-17T00:25:05.267043+00:00,1285451,026,3097,28,0,1789606379,,,SCHEDULED
2026-09-17T00:25:05.267043+00:00,1284362,011,5345,1,,,0,1789605487,SCHEDULED
2026-09-17T00:25:05.267043+00:00,1284362,011,8909,2,0,1789605508,,,SCHEDULED
2026-09-17T00:25:05.267043+00:00,1284362,011,8911,3,0,1789605575,,,SCHEDULED
2026-09-17T00:25:05.267043+00:00,1284362,011,8910,4,0,1789605697,,,SCHEDULED
2026-09-17T00:25:05.267043+00:00,1284362,011,8912,5,0,1789605817,,,SCHEDULED
2026-09-17T00:25:05.267043+00:00,1284362,011,8913,6,0,1789605859,,,SCHEDULED
2026-09-17T00:25:05.267043+00:00,1284362,011,8914,7,0,1789606081,,,SCHEDULED
2026-09-17T00:25:05.267043+00:00,1284362,011,8915,8,0,1789606157,,,SCHEDULED
2026-09-17T00:25:05.267043+00:00,1284362,011,5329,9,0,1789606232,,,SCHEDULED
2026-09-17T00:25:05.267043+00:00,1284362,011,8917,10,0,1789606256,,,SCHEDULED
2026-09-17T00:25:05.267043+00:00,1284362,011,8918,11,0,1789606286,,,SCHEDULED
2026-09-17T00:25:05.267043+00:00,1284362,011,8919,12,0,1789606371,,,SCHEDULED
2026-09-17T00:25:05.267043+00:00,1284362,011,8920,13,0,1789606437,,,SCHEDULED
2026-09-17T00:25:05.267043+00:00,1284365,011,983,35,0,1789604725,,,SCHEDULED
2026-09-17T00:25:05.267043+00:00,1284365,011,984,36,0,1789604756,,,SCHEDULED
2026-09-17T00:25:05.267043+00:00,1284365,011,985,37,0,1789604779,,,SCHEDULED
2026-09-17T00:25:05.267043+00:00,1284365,011,986,38,0,1789604816,,,SCHEDULED
2026-09-17T00:25:05.267043+00:00,1284365,011,987,39,0,1789604947,,,SCHEDULED
2026-09-17T00:25:05.267043+00:00,1284365,011,8315,40,0,1789605099,,,SCHEDULED
2026-09-17T00:25:05.267043+00:00,1284365,011,2234,41,0,1789605214,,,SCHEDULED
2026-09-17T00:25:05.267043+00:00,1284365,011,2502,42,0,1789605303,,,SCHEDULED
2026-09-17T00:25:05.267043+00:00,1284365,011,2503,43,0,1789605353,,,SCHEDULED
2026-09-17T00:25:05.267043+00:00,1285179,023,1316,59,0,1789604698,,,SCHEDULED
2026-09-17T00:25:05.267043+00:00,1285179,023,1317,60,0,1789604746,,,SCHEDULED
2026-09-17T00:25:05.267043+00:00,1285179,023,1318,61,0,1789604793,,,SCHEDULED
2026-09-17T00:25:05.267043+00:00,1285179,023,2807,62,0,1789604889,,,SCHEDULED
2026-09-17T00:25:05.267043+00:00,1285178,023,1471,25,0,1789604726,,,SCHEDULED
2026-09-17T00:25:05.267043+00:00,1285178,023,1473,26,0,1789604801,,,SCHEDULED
2026-09-17T00:25:05.267043+00:00,1285178,023,1474,27,0,1789604818,,,SCHEDULED
2026-09-17T00:25:05.267043+00:00,1285178,023,1475,28,0,1789604853,,,SCHEDULED
2026-09-17T00:25:05.267043+00:00,1285178,023,1476,29,0,1789604892,,,SCHEDULED
2026-09-17T00:25:05.267043+00:00,1285178,023,1477,30,0,1789604946,,,SCHEDULED
2026-09-17T00:25:05.267043+00:00,1285178,023,1478,31,0,1789604977,,,SCHEDULED
2026-09-17T00:25:05.267043+00:00,1285178,023,1181,32,0,1789605021,,,SCHEDULED
2026-09-17T00:25:05.267043+00:00,1285178,023,1182,33,0,1789605073,,,SCHEDULED
2026-09-17T00:25:05.267043+00:00,1285178,023,1481,34,0,1789605120,,,SCHEDULED
2026-09-17T00:25:05.267043+00:00,1285178,023,1482,35,0,1789605148,,,SCHEDULED
2026-09-17T00:25:05.267043+00:00,1285178,023,1483,36,0,1789605192,,,SCHEDULED
2026-09-17T00:25:05.267043+00:00,1285178,023,1484,37,0,1789605236,,,SCHEDULED
2026-09-17T00:25:05.267043+00:00,1285178,023,1485,38,0,1789605292,,,SCHEDULED
2026-09-17T00:25:05.267043+00:00,1285178,023,1486,39,0,1789605326,,,SCHEDULED
2026-09-17T00:25:05.267043+00:00,1285178,023,1488,40,0,1789605427,,,SCHEDULED
2026-09-17T00:25:05.267043+00:00,1285178,023,1489,41,0,1789605473,,,SCHEDULED
2026-09-17T00:25:05.267043+00:00,1285178,023,1490,42,0,1789605520,,,SCHEDULED
2026-09-17T00:25:05.267043+00:00,1285178,023,453,43,0,1789605574,,,SCHEDULED
2026-09-17T00:25:05.267043+00:00,1285178,023,1492,44,0,1789605607,,,SCHEDULED
2026-09-17T00:25:05.267043+00:00,1285178,023,1493,45,0,1789605731,,,SCHEDULED
2026-09-17T00:25:05.267043+00:00,1285178,023,1494,46,0,1789605772,,,SCHEDULED
2026-09-17T00:25:05.267043+00:00,1285178,023,1495,47,0,1789605840,,,SCHEDULED
2026-09-17T00:25:05.267043+00:00,1285178,023,5364,48,0,1789605865,,,SCHEDULED
2026-09-17T00:25:05.267043+00:00,1285178,023,1497,49,0,1789605930,,,SCHEDULED
2026-09-17T00:25:05.267043+00:00,1285178,023,1499,50,0,1789606025,,,SCHEDULED
2026-09-17T00:25:05.267043+00:00,1285178,023,1500,51,0,1789606069,,,SCHEDULED
2026-09-17T00:25:05.267043+00:00,1285178,023,1501,52,0,1789606110,,,SCHEDULED
2026-09-17T00:25:05.267043+00:00,1285178,023,1502,53,0,1789606153,,,SCHEDULED
2026-09-17T00:25:05.267043+00:00,1285178,023,1503,54,0,1789606196,,,SCHEDULED
2026-09-17T00:25:05.267043+00:00,1285178,023,1504,55,0,1789606224,,,SCHEDULED
2026-09-17T00:25:05.267043+00:00,1285178,023,1505,56,0,1789606268,,,SCHEDULED
2026-09-17T00:25:05.267043+00:00,1285178,023,1314,57,0,1789606320,,,SCHEDULED
2026-09-17T00:25:05.267043+00:00,1285057,021,319,1,,,0,1789606235,SCHEDULED
2026-09-17T00:25:05.267043+00:00,1285453,026,3121,49,0,1789604737,,,SCHEDULED
2026-09-17T00:25:05.267043+00:00,1285453,026,3122,50,0,1789604781,,,SCHEDULED
2026-09-17T00:25:05.267043+00:00,1285453,026,3123,51,0,1789604801,,,SCHEDULED
2026-09-17T00:25:05.267043+00:00,1285453,026,3124,52,0,1789604819,,,SCHEDULED
2026-09-17T00:25:05.267043+00:00,1284364,011,225,21,0,1789604716,,,SCHEDULED
2026-09-17T00:25:05.267043+00:00,1284364,011,226,22,0,1789604746,,,SCHEDULED
2026-09-17T00:25:05.267043+00:00,1284364,011,455,23,0,1789604770,,,SCHEDULED
2026-09-17T00:25:05.267043+00:00,1284364,011,456,24,0,1789604812,,,SCHEDULED
2026-09-17T00:25:05.267043+00:00,1284364,011,3197,25,0,1789604879,,,SCHEDULED
2026-09-17T00:25:05.267043+00:00,1284364,011,3198,26,0,1789604942,,,SCHEDULED
2026-09-17T00:25:05.267043+00:00,1284364,011,3199,27,0,1789604980,,,SCHEDULED
2026-09-17T00:25:05.267043+00:00,1284364,011,1345,28,0,1789605075,,,SCHEDULED
2026-09-17T00:25:05.267043+00:00,1284364,011,128,29,0,1789605176,,,SCHEDULED
2026-09-17T00:25:05.267043+00:00,1284364,011,130,30,0,1789605226,,,SCHEDULED
2026-09-17T00:25:05.267043+00:00,1284364,011,131,31,0,1789605254,,,SCHEDULED
2026-09-17T00:25:05.267043+00:00,1284364,011,132,32,0,1789605282,,,SCHEDULED
2026-09-17T00:25:05.267043+00:00,1284364,011,133,33,0,1789605322,,,SCHEDULED
2026-09-17T00:25:05.267043+00:00,1284364,011,981,34,0,1789605432,,,SCHEDULED
2026-09-17T00:25:05.267043+00:00,1284364,011,983,35,0,1789605495,,,SCHEDULED
2026-09-17T00:25:05.267043+00:00,1284364,011,984,36,0,1789605526,,,SCHEDULED
2026-09-17T00:25:05.267043+00:00,1284364,011,985,37,0,1789605549,,,SCHEDULED
2026-09-17T00:25:05.267043+00:00,1284364,011,986,38,0,1789605586,,,SCHEDULED
2026-09-17T00:25:05.267043+00:00,1284364,011,987,39,0,1789605717,,,SCHEDULED
2026-09-17T00:25:05.267043+00:00,1284364,011,8315,40,0,1789605869,,,SCHEDULED
2026-09-17T00:25:05.267043+00:00,1284364,011,2234,41,0,1789605984,,,SCHEDULED
2026-09-17T00:25:05.267043+00:00,1284364,011,2502,42,0,1789606073,,,SCHEDULED
2026-09-17T00:25:05.267043+00:00,1284364,011,2503,43,0,1789606123,,,SCHEDULED
2026-09-17T00:25:05.267043+00:00,1287235,081,1606,7,0,1789604699,,,SCHEDULED
2026-09-17T00:25:05.267043+00:00,1287235,081,1607,8,0,1789604821,,,SCHEDULED
2026-09-17T00:25:05.267043+00:00,1287235,081,1608,9,0,1789604906,,,SCHEDULED
2026-09-17T00:25:05.267043+00:00,1287235,081,1609,10,0,1789604958,,,SCHEDULED
2026-09-17T00:25:05.267043+00:00,1287235,081,1610,11,0,1789605047,,,SCHEDULED
2026-09-17T00:25:05.267043+00:00,1287235,081,1611,12,0,1789605122,,,SCHEDULED
2026-09-17T00:25:05.267043+00:00,1287235,081,1612,13,0,1789605548,,,SCHEDULED
2026-09-17T00:25:05.267043+00:00,1287235,081,1613,14,0,1789605654,,,SCHEDULED
2026-09-17T00:25:05.267043+00:00,1287235,081,2311,15,0,1789605716,,,SCHEDULED
2026-09-17T00:25:05.267043+00:00,1287235,081,2312,16,0,1789605914,,,SCHEDULED
2026-09-17T00:25:05.267043+00:00,1287235,081,2313,17,0,1789605985,,,SCHEDULED
2026-09-17T00:25:05.267043+00:00,1287235,081,2314,18,0,1789606072,,,SCHEDULED
2026-09-17T00:25:05.267043+00:00,1287235,081,2315,19,0,1789606132,,,SCHEDULED
2026-09-17T00:25:05.267043+00:00,1287235,081,5203,20,0,1789606249,,,SCHEDULED
2026-09-17T00:25:05.267043+00:00,1287235,081,2317,21,0,1789606284,,,SCHEDULED
2026-09-17T00:25:05.267043+00:00,1287235,081,2318,22,0,1789606310,,,SCHEDULED
2026-09-17T00:25:05.267043+00:00,1287236,081,5203,20,0,1789604706,,,SCHEDULED
2026-09-17T00:25:05.267043+00:00,1287236,081,2317,21,0,1789604741,,,SCHEDULED
2026-09-17T00:25:05.267043+00:00,1287236,081,2318,22,0,1789604767,,,SCHEDULED
2026-09-17T00:25:05.267043+00:00,1287236,081,2319,23,0,1789605092,,,SCHEDULED
2026-09-17T00:25:05.267043+00:00,1287236,081,2320,24,0,1789605154,,,SCHEDULED
2026-09-17T00:25:05.267043+00:00,1287236,081,2321,25,0,1789605232,,,SCHEDULED
2026-09-17T00:25:05.267043+00:00,1287236,081,2322,26,0,1789605275,,,SCHEDULED
2026-09-17T00:25:05.267043+00:00,1287236,081,2323,27,0,1789605306,,,SCHEDULED
2026-09-17T00:25:05.267043+00:00,1287236,081,2324,28,0,1789605360,,,SCHEDULED
2026-09-17T00:25:05.267043+00:00,1287236,081,2325,29,0,1789605453,,,SCHEDULED
2026-09-17T00:25:05.267043+00:00,1287236,081,2326,30,0,1789605516,,,SCHEDULED
2026-09-17T00:25:05.267043+00:00,1287236,081,2328,31,0,1789605625,,,SCHEDULED
2026-09-17T00:25:05.267043+00:00,1287236,081,2329,32,0,1789605686,,,SCHEDULED
2026-09-17T00:25:05.267043+00:00,1287236,081,2330,33,0,1789605756,,,SCHEDULED
2026-09-17T00:25:05.267043+00:00,1287236,081,4811,34,0,1789605790,,,SCHEDULED
2026-09-17T00:25:05.267043+00:00,1287236,081,4810,35,0,1789605855,,,SCHEDULED
2026-09-17T00:25:05.267043+00:00,1287516,084,1129,25,0,1789604694,,,SCHEDULED
2026-09-17T00:25:05.267043+00:00,1287516,084,1130,26,0,1789604759,,,SCHEDULED
2026-09-17T00:25:05.267043+00:00,1287516,084,1131,27,0,1789604832,,,SCHEDULED
2026-09-17T00:25:05.267043+00:00,1287516,084,3089,28,0,1789604905,,,SCHEDULED
2026-09-17T00:25:05.267043+00:00,1287516,084,3090,29,0,1789604987,,,SCHEDULED
2026-09-17T00:25:05.267043+00:00,1287516,084,3091,30,0,1789605117,,,SCHEDULED
2026-09-17T00:25:05.267043+00:00,1287516,084,3092,31,0,1789605214,,,SCHEDULED
2026-09-17T00:25:05.267043+00:00,1287516,084,3093,32,0,1789605320,,,SCHEDULED
2026-09-17T00:25:05.267043+00:00,1287516,084,3094,33,0,1789605372,,,SCHEDULED
2026-09-17T00:25:05.267043+00:00,1287516,084,3095,34,0,1789605458,,,SCHEDULED
2026-09-17T00:25:05.267043+00:00,1287516,084,3096,35,0,1789605584,,,SCHEDULED
2026-09-17T00:25:05.267043+00:00,1287516,084,3097,36,0,1789605677,,,SCHEDULED
2026-09-17T00:25:05.267043+00:00,1287516,084,3098,37,0,1789605775,,,SCHEDULED
2026-09-17T00:25:05.267043+00:00,1287516,084,9800,38,0,1789605840,,,SCHEDULED
2026-09-17T00:25:05.267043+00:00,1287516,084,3099,39,0,1789605935,,,SCHEDULED
2026-09-17T00:25:05.267043+00:00,1287516,084,3100,40,0,1789605979,,,SCHEDULED
2026-09-17T00:25:05.267043+00:00,1287516,084,3101,41,0,1789606015,,,SCHEDULED
2026-09-17T00:25:05.267043+00:00,1287516,084,3102,42,0,1789606044,,,SCHEDULED
2026-09-17T00:25:05.267043+00:00,1287516,084,3103,43,0,1789606131,,,SCHEDULED
2026-09-17T00:25:05.267043+00:00,1287516,084,3104,44,0,1789606169,,,SCHEDULED
2026-09-17T00:25:05.267043+00:00,1287516,084,3106,45,0,1789606229,,,SCHEDULED
2026-09-17T00:25:05.267043+00:00,1287516,084,3107,46,0,1789606261,,,SCHEDULED
2026-09-17T00:25:05.267043+00:00,1287516,084,3108,47,0,1789606303,,,SCHEDULED
2026-09-17T00:25:05.267043+00:00,1287516,084,3109,48,0,1789606350,,,SCHEDULED
2026-09-17T00:25:05.267043+00:00,1287516,084,3110,49,0,1789606398,,,SCHEDULED
2026-09-17T00:25:05.267043+00:00,1287516,084,3769,50,0,1789606440,,,SCHEDULED
2026-09-17T00:25:05.267043+00:00,1287517,084,3098,37,0,1789604792,,,SCHEDULED
2026-09-17T00:25:05.267043+00:00,1287517,084,9800,38,0,1789604862,,,SCHEDULED
2026-09-17T00:25:05.267043+00:00,1287517,084,3099,39,0,1789605062,,,SCHEDULED
2026-09-17T00:25:05.267043+00:00,1287517,084,3100,40,0,1789605118,,,SCHEDULED
2026-09-17T00:25:05.267043+00:00,1287517,084,3101,41,0,1789605140,,,SCHEDULED
2026-09-17T00:25:05.267043+00:00,1287517,084,3102,42,0,1789605158,,,SCHEDULED
2026-09-17T00:25:05.267043+00:00,1287517,084,3103,43,0,1789605301,,,SCHEDULED
2026-09-17T00:25:05.267043+00:00,1287517,084,3104,44,0,1789605348,,,SCHEDULED
2026-09-17T00:25:05.267043+00:00,1287517,084,3106,45,0,1789605387,,,SCHEDULED
2026-09-17T00:25:05.267043+00:00,1287517,084,3107,46,0,1789605424,,,SCHEDULED
2026-09-17T00:25:05.267043+00:00,1287517,084,3108,47,0,1789605482,,,SCHEDULED
2026-09-17T00:25:05.267043+00:00,1287517,084,3109,48,0,1789605521,,,SCHEDULED
2026-09-17T00:25:05.267043+00:00,1287517,084,3110,49,0,1789605542,,,SCHEDULED
2026-09-17T00:25:05.267043+00:00,1287517,084,3769,50,0,1789605586,,,SCHEDULED
2026-09-17T00:25:05.267043+00:00,1287517,084,3770,51,0,1789605629,,,SCHEDULED
2026-09-17T00:25:05.267043+00:00,1287517,084,3771,52,0,1789605651,,,SCHEDULED
2026-09-17T00:25:05.267043+00:00,1287517,084,3772,53,0,1789605696,,,SCHEDULED
2026-09-17T00:25:05.267043+00:00,1287517,084,3773,54,0,1789605730,,,SCHEDULED
2026-09-17T00:25:05.267043+00:00,1287517,084,3774,55,0,1789605776,,,SCHEDULED
2026-09-17T00:25:05.267043+00:00,1287517,084,3775,56,0,1789605811,,,SCHEDULED
2026-09-17T00:25:05.267043+00:00,1287517,084,3776,57,0,1789605862,,,SCHEDULED
2026-09-17T00:25:05.267043+00:00,1287517,084,3777,58,0,1789606007,,,SCHEDULED
2026-09-17T00:25:05.267043+00:00,1287517,084,3778,59,0,1789606066,,,SCHEDULED
2026-09-17T00:25:05.267043+00:00,1287517,084,3780,60,0,1789606143,,,SCHEDULED
2026-09-17T00:25:05.267043+00:00,1287517,084,1688,61,0,1789606196,,,SCHEDULED
2026-09-17T00:25:05.267043+00:00,1287517,084,1687,62,0,1789606310,,,SCHEDULED
2026-09-17T00:25:05.267043+00:00,1287517,084,265,63,0,1789606398,,,SCHEDULED
2026-09-17T00:25:05.267043+00:00,1287517,084,4731,64,0,1789606481,,,SCHEDULED
2026-09-17T00:25:05.267043+00:00,1287515,084,9817,1,,,0,1789604760,SCHEDULED
2026-09-17T00:25:05.267043+00:00,1287515,084,2755,2,0,1789604875,,,SCHEDULED
2026-09-17T00:25:05.267043+00:00,1287515,084,2756,3,0,1789604947,,,SCHEDULED
2026-09-17T00:25:05.267043+00:00,1287515,084,2757,4,0,1789605020,,,SCHEDULED
2026-09-17T00:25:05.267043+00:00,1287515,084,2954,5,0,1789605130,,,SCHEDULED
2026-09-17T00:25:05.267043+00:00,1287515,084,2955,6,0,1789605189,,,SCHEDULED
2026-09-17T00:25:05.267043+00:00,1287515,084,2956,7,0,1789605232,,,SCHEDULED
2026-09-17T00:25:05.267043+00:00,1287515,084,2957,8,0,1789605264,,,SCHEDULED
2026-09-17T00:25:05.267043+00:00,1287515,084,2958,9,0,1789605307,,,SCHEDULED
2026-09-17T00:25:05.267043+00:00,1287515,084,2959,10,0,1789605347,,,SCHEDULED
2026-09-17T00:25:05.267043+00:00,1287515,084,2960,11,0,1789605385,,,SCHEDULED
2026-09-17T00:25:05.267043+00:00,1287515,084,2961,12,0,1789605420,,,SCHEDULED
2026-09-17T00:25:05.267043+00:00,1287515,084,2962,13,0,1789605636,,,SCHEDULED
2026-09-17T00:25:05.267043+00:00,1287515,084,2963,14,0,1789605730,,,SCHEDULED
2026-09-17T00:25:05.267043+00:00,1287515,084,2964,15,0,1789605815,,,SCHEDULED
2026-09-17T00:25:05.267043+00:00,1287515,084,2965,16,0,1789605878,,,SCHEDULED
2026-09-17T00:25:05.267043+00:00,1287515,084,2966,17,0,1789605941,,,SCHEDULED
2026-09-17T00:25:05.267043+00:00,1287515,084,1155,18,0,1789606020,,,SCHEDULED
2026-09-17T00:25:05.267043+00:00,1287515,084,1156,19,0,1789606065,,,SCHEDULED
2026-09-17T00:25:05.267043+00:00,1287515,084,1674,20,0,1789606118,,,SCHEDULED
2026-09-17T00:25:05.267043+00:00,1287515,084,1675,21,0,1789606155,,,SCHEDULED
2026-09-17T00:25:05.267043+00:00,1287515,084,1677,22,0,1789606200,,,SCHEDULED
2026-09-17T00:25:05.267043+00:00,1287515,084,1127,23,0,1789606240,,,SCHEDULED
2026-09-17T00:25:05.267043+00:00,1287515,084,1128,24,0,1789606289,,,SCHEDULED
2026-09-17T00:25:05.267043+00:00,1287515,084,1129,25,0,1789606374,,,SCHEDULED
2026-09-17T00:25:05.267043+00:00,1287515,084,1130,26,0,1789606439,,,SCHEDULED
2026-09-17T00:25:05.267043+00:00,1285734,033,536,1,,,0,1789605840,SCHEDULED
2026-09-17T00:25:05.267043+00:00,1285734,033,537,2,0,1789605997,,,SCHEDULED
2026-09-17T00:25:05.267043+00:00,1287070,078,336,1,,,0,1789606134,SCHEDULED
2026-09-17T00:25:05.267043+00:00,1287070,078,2739,2,0,1789606313,,,SCHEDULED
2026-09-17T00:25:05.267043+00:00,1287070,078,2740,3,0,1789606377,,,SCHEDULED
2026-09-17T00:25:05.267043+00:00,1287070,078,2741,4,0,1789606432,,,SCHEDULED
2026-09-17T00:25:05.267043+00:00,1287070,078,2742,5,0,1789606476,,,SCHEDULED
2026-09-17T00:25:05.267043+00:00,1288440,177,658,1,,,0,1789604863,SCHEDULED
2026-09-17T00:25:05.267043+00:00,1288440,177,832,2,0,1789605063,,,SCHEDULED
2026-09-17T00:25:05.267043+00:00,1288440,177,3845,3,0,1789605107,,,SCHEDULED
2026-09-17T00:25:05.267043+00:00,1288440,177,795,4,0,1789605216,,,SCHEDULED
2026-09-17T00:25:05.267043+00:00,1285294,025,1057,1,,,0,1789605420,SCHEDULED
2026-09-17T00:25:05.267043+00:00,1285294,025,3332,2,0,1789605513,,,SCHEDULED
2026-09-17T00:25:05.267043+00:00,1285294,025,3333,3,0,1789605614,,,SCHEDULED
2026-09-17T00:25:05.267043+00:00,1285294,025,3334,4,0,1789605681,,,SCHEDULED
2026-09-17T00:25:05.267043+00:00,1285294,025,3335,5,0,1789605729,,,SCHEDULED
2026-09-17T00:25:05.267043+00:00,1285294,025,3336,6,0,1789605787,,,SCHEDULED
2026-09-17T00:25:05.267043+00:00,1285294,025,3337,7,0,1789605835,,,SCHEDULED
2026-09-17T00:25:05.267043+00:00,1285294,025,3338,8,0,1789605876,,,SCHEDULED
2026-09-17T00:25:05.267043+00:00,1285294,025,3339,9,0,1789605900,,,SCHEDULED
2026-09-17T00:25:05.267043+00:00,1285294,025,753,10,0,1789605927,,,SCHEDULED
2026-09-17T00:25:05.267043+00:00,1285294,025,3340,11,0,1789605948,,,SCHEDULED
2026-09-17T00:25:05.267043+00:00,1285294,025,3341,12,0,1789605984,,,SCHEDULED
2026-09-17T00:25:05.267043+00:00,1285294,025,3342,13,0,1789606031,,,SCHEDULED
2026-09-17T00:25:05.267043+00:00,1285294,025,3343,14,0,1789606056,,,SCHEDULED
2026-09-17T00:25:05.267043+00:00,1285294,025,4660,15,0,1789606124,,,SCHEDULED
2026-09-17T00:25:05.267043+00:00,1285294,025,5265,16,0,1789606181,,,SCHEDULED
2026-09-17T00:25:05.267043+00:00,1285294,025,4661,17,0,1789606253,,,SCHEDULED
2026-09-17T00:25:05.267043+00:00,1285294,025,4662,18,0,1789606329,,,SCHEDULED
2026-09-17T00:25:05.267043+00:00,1285294,025,3589,19,0,1789606418,,,SCHEDULED
2026-09-17T00:25:05.267043+00:00,1285294,025,3590,20,0,1789606440,,,SCHEDULED
2026-09-17T00:25:05.267043+00:00,1288212,124,2798,16,0,1789604743,,,SCHEDULED
2026-09-17T00:25:05.267043+00:00,1288212,124,2799,17,0,1789604758,,,SCHEDULED
2026-09-17T00:25:05.267043+00:00,1288212,124,2800,18,0,1789604795,,,SCHEDULED
2026-09-17T00:25:05.267043+00:00,1288212,124,3273,19,0,1789604830,,,SCHEDULED
2026-09-17T00:25:05.267043+00:00,1288212,124,3040,20,0,1789604976,,,SCHEDULED
2026-09-17T00:25:05.267043+00:00,1288212,124,4775,21,0,1789605021,,,SCHEDULED
2026-09-17T00:25:05.267043+00:00,1288212,124,3042,22,0,1789605046,,,SCHEDULED
2026-09-17T00:25:05.267043+00:00,1288212,124,3043,23,0,1789605062,,,SCHEDULED
2026-09-17T00:25:05.267043+00:00,1288212,124,627,24,0,1789605091,,,SCHEDULED
2026-09-17T00:25:05.267043+00:00,1288212,124,1322,25,0,1789605134,,,SCHEDULED
2026-09-17T00:25:05.267043+00:00,1288212,124,1323,26,0,1789605154,,,SCHEDULED
2026-09-17T00:25:05.267043+00:00,1288212,124,1324,27,0,1789605178,,,SCHEDULED
2026-09-17T00:25:05.267043+00:00,1288212,124,1325,28,0,1789605250,,,SCHEDULED
2026-09-17T00:25:05.267043+00:00,1288212,124,1326,29,0,1789605277,,,SCHEDULED
2026-09-17T00:25:05.267043+00:00,1288212,124,1327,30,0,1789605323,,,SCHEDULED
2026-09-17T00:25:05.267043+00:00,1288212,124,3456,31,0,1789605372,,,SCHEDULED
2026-09-17T00:25:05.267043+00:00,1288212,124,5359,32,0,1789605417,,,SCHEDULED
2026-09-17T00:25:05.267043+00:00,1288212,124,3457,33,0,1789605472,,,SCHEDULED
2026-09-17T00:25:05.267043+00:00,1288212,124,3282,34,0,1789605578,,,SCHEDULED
2026-09-17T00:25:05.267043+00:00,1288212,124,3283,35,0,1789605581,,,SCHEDULED
2026-09-17T00:25:05.267043+00:00,1288212,124,3285,36,0,1789605586,,,SCHEDULED
2026-09-17T00:25:05.267043+00:00,1288212,124,3286,37,0,1789605757,,,SCHEDULED
2026-09-17T00:25:05.267043+00:00,1288212,124,3287,38,0,1789606054,,,SCHEDULED
2026-09-17T00:25:05.267043+00:00,1285581,030,282,1,,,0,1789604737,SCHEDULED
2026-09-17T00:25:05.267043+00:00,1285581,030,414,2,0,1789604892,,,SCHEDULED
2026-09-17T00:25:05.267043+00:00,1285581,030,415,3,0,1789604975,,,SCHEDULED
2026-09-17T00:25:05.267043+00:00,1285581,030,416,4,0,1789605029,,,SCHEDULED
2026-09-17T00:25:05.267043+00:00,1285581,030,418,5,0,1789605100,,,SCHEDULED
2026-09-17T00:25:05.267043+00:00,1285581,030,4763,6,0,1789605203,,,SCHEDULED
2026-09-17T00:25:05.267043+00:00,1285581,030,1716,7,0,1789605250,,,SCHEDULED
2026-09-17T00:25:05.267043+00:00,1285581,030,1717,8,0,1789605304,,,SCHEDULED
2026-09-17T00:25:05.267043+00:00,1285581,030,1718,9,0,1789605333,,,SCHEDULED
2026-09-17T00:25:05.267043+00:00,1285581,030,1720,10,0,1789605410,,,SCHEDULED
2026-09-17T00:25:05.267043+00:00,1285581,030,1721,11,0,1789605478,,,SCHEDULED
2026-09-17T00:25:05.267043+00:00,1285581,030,1722,12,0,1789605516,,,SCHEDULED
2026-09-17T00:25:05.267043+00:00,1285581,030,1723,13,0,1789605541,,,SCHEDULED
2026-09-17T00:25:05.267043+00:00,1285581,030,1725,14,0,1789605687,,,SCHEDULED
2026-09-17T00:25:05.267043+00:00,1285581,030,1726,15,0,1789605737,,,SCHEDULED
2026-09-17T00:25:05.267043+00:00,1285581,030,1727,16,0,1789605738,,,SCHEDULED
2026-09-17T00:25:05.267043+00:00,1285581,030,1728,17,0,1789605781,,,SCHEDULED
2026-09-17T00:25:05.267043+00:00,1285581,030,1729,18,0,1789605820,,,SCHEDULED
2026-09-17T00:25:05.267043+00:00,1285581,030,1730,19,0,1789605896,,,SCHEDULED
2026-09-17T00:25:05.267043+00:00,1285581,030,1732,20,0,1789605924,,,SCHEDULED
2026-09-17T00:25:05.267043+00:00,1285581,030,1734,21,0,1789605961,,,SCHEDULED
2026-09-17T00:25:05.267043+00:00,1285581,030,1735,22,0,1789605978,,,SCHEDULED
2026-09-17T00:25:05.267043+00:00,1285581,030,1736,23,0,1789606012,,,SCHEDULED
2026-09-17T00:25:05.267043+00:00,1285581,030,1737,24,0,1789606045,,,SCHEDULED
2026-09-17T00:25:05.267043+00:00,1285581,030,1739,25,0,1789606101,,,SCHEDULED
2026-09-17T00:25:05.267043+00:00,1288056,093,1069,1,,,0,1789605152,SCHEDULED
2026-09-17T00:25:05.267043+00:00,1288056,093,3332,2,0,1789605191,,,SCHEDULED
2026-09-17T00:25:05.267043+00:00,1288056,093,3333,3,0,1789605238,,,SCHEDULED
2026-09-17T00:25:05.267043+00:00,1288056,093,3334,4,0,1789605282,,,SCHEDULED
2026-09-17T00:25:05.267043+00:00,1288056,093,3335,5,0,1789605310,,,SCHEDULED
2026-09-17T00:25:05.267043+00:00,1288056,093,4655,6,0,1789605367,,,SCHEDULED
2026-09-17T00:25:05.267043+00:00,1288056,093,875,7,0,1789605445,,,SCHEDULED
2026-09-17T00:25:05.267043+00:00,1288056,093,5369,8,0,1789605536,,,SCHEDULED
2026-09-17T00:25:05.267043+00:00,1288056,093,4720,9,0,1789605690,,,SCHEDULED
2026-09-17T00:25:05.267043+00:00,1288056,093,4721,10,0,1789605732,,,SCHEDULED
2026-09-17T00:25:05.267043+00:00,1288056,093,4743,11,0,1789605810,,,SCHEDULED
2026-09-17T00:25:05.267043+00:00,1288056,093,1576,12,0,1789605943,,,SCHEDULED
2026-09-17T00:25:05.267043+00:00,1288056,093,3555,13,0,1789606119,,,SCHEDULED
2026-09-17T00:25:05.267043+00:00,1288056,093,3556,14,0,1789606162,,,SCHEDULED
2026-09-17T00:25:05.267043+00:00,1288056,093,3557,15,0,1789606201,,,SCHEDULED
2026-09-17T00:25:05.267043+00:00,1288056,093,3540,16,0,1789606310,,,SCHEDULED
2026-09-17T00:25:05.267043+00:00,1288056,093,3541,17,0,1789606354,,,SCHEDULED
2026-09-17T00:25:05.267043+00:00,1288056,093,3542,18,0,1789606385,,,SCHEDULED
2026-09-17T00:25:05.267043+00:00,1288056,093,3543,19,0,1789606409,,,SCHEDULED
2026-09-17T00:25:05.267043+00:00,1288056,093,3544,20,0,1789606445,,,SCHEDULED
2026-09-17T00:25:05.267043+00:00,1288211,124,951,10,0,1789604706,,,SCHEDULED
2026-09-17T00:25:05.267043+00:00,1288211,124,5289,11,0,1789604816,,,SCHEDULED
2026-09-17T00:25:05.267043+00:00,1288211,124,5285,12,0,1789604880,,,SCHEDULED
2026-09-17T00:25:05.267043+00:00,1288211,124,3026,13,0,1789605158,,,SCHEDULED
2026-09-17T00:25:05.267043+00:00,1288211,124,3027,14,0,1789605230,,,SCHEDULED
2026-09-17T00:25:05.267043+00:00,1288211,124,3028,15,0,1789605302,,,SCHEDULED
2026-09-17T00:25:05.267043+00:00,1288211,124,2798,16,0,1789605660,,,SCHEDULED
2026-09-17T00:25:05.267043+00:00,1288211,124,2799,17,0,1789605689,,,SCHEDULED
2026-09-17T00:25:05.267043+00:00,1288211,124,2800,18,0,1789605762,,,SCHEDULED
2026-09-17T00:25:05.267043+00:00,1288211,124,3273,19,0,1789605800,,,SCHEDULED
2026-09-17T00:25:05.267043+00:00,1288211,124,3040,20,0,1789605897,,,SCHEDULED
2026-09-17T00:25:05.267043+00:00,1288211,124,4775,21,0,1789605963,,,SCHEDULED
2026-09-17T00:25:05.267043+00:00,1288211,124,3042,22,0,1789605999,,,SCHEDULED
2026-09-17T00:25:05.267043+00:00,1288211,124,3043,23,0,1789606029,,,SCHEDULED
2026-09-17T00:25:05.267043+00:00,1288211,124,627,24,0,1789606074,,,SCHEDULED
2026-09-17T00:25:05.267043+00:00,1288211,124,1322,25,0,1789606111,,,SCHEDULED
2026-09-17T00:25:05.267043+00:00,1288211,124,1323,26,0,1789606155,,,SCHEDULED
2026-09-17T00:25:05.267043+00:00,1288211,124,1324,27,0,1789606206,,,SCHEDULED
2026-09-17T00:25:05.267043+00:00,1288211,124,1325,28,0,1789606265,,,SCHEDULED
2026-09-17T00:25:05.267043+00:00,1288211,124,1326,29,0,1789606316,,,SCHEDULED
2026-09-17T00:25:05.267043+00:00,1288211,124,1327,30,0,1789606358,,,SCHEDULED
2026-09-17T00:25:05.267043+00:00,1288210,124,9921,1,,,0,1789605780,SCHEDULED
2026-09-17T00:25:05.267043+00:00,1288210,124,4064,2,0,1789606029,,,SCHEDULED
2026-09-17T00:25:05.267043+00:00,1288210,124,4065,3,0,1789606098,,,SCHEDULED
2026-09-17T00:25:05.267043+00:00,1288210,124,837,4,0,1789606130,,,SCHEDULED
2026-09-17T00:25:05.267043+00:00,1288210,124,3811,5,0,1789606200,,,SCHEDULED
2026-09-17T00:25:05.267043+00:00,1288210,124,3812,6,0,1789606241,,,SCHEDULED
2026-09-17T00:25:05.267043+00:00,1288210,124,3813,7,0,1789606265,,,SCHEDULED
2026-09-17T00:25:05.267043+00:00,1288210,124,4068,8,0,1789606318,,,SCHEDULED
2026-09-17T00:25:05.267043+00:00,1288210,124,953,9,0,1789606389,,,SCHEDULED
2026-09-17T00:25:05.267043+00:00,1288057,093,1576,12,0,1789604702,,,SCHEDULED
2026-09-17T00:25:05.267043+00:00,1288057,093,3555,13,0,1789604878,,,SCHEDULED
2026-09-17T00:25:05.267043+00:00,1288057,093,3556,14,0,1789604921,,,SCHEDULED
2026-09-17T00:25:05.267043+00:00,1288057,093,3557,15,0,1789604960,,,SCHEDULED
2026-09-17T00:25:05.267043+00:00,1288057,093,3540,16,0,1789605069,,,SCHEDULED
2026-09-17T00:25:05.267043+00:00,1288057,093,3541,17,0,1789605113,,,SCHEDULED
2026-09-17T00:25:05.267043+00:00,1288057,093,3542,18,0,1789605144,,,SCHEDULED
2026-09-17T00:25:05.267043+00:00,1288057,093,3543,19,0,1789605168,,,SCHEDULED
2026-09-17T00:25:05.267043+00:00,1288057,093,3544,20,0,1789605204,,,SCHEDULED
2026-09-17T00:25:05.267043+00:00,1288057,093,3545,21,0,1789605253,,,SCHEDULED
2026-09-17T00:25:05.267043+00:00,1288057,093,3547,22,0,1789605339,,,SCHEDULED
2026-09-17T00:25:05.267043+00:00,1288057,093,3548,23,0,1789605378,,,SCHEDULED
2026-09-17T00:25:05.267043+00:00,1288057,093,3549,24,0,1789605424,,,SCHEDULED
2026-09-17T00:25:05.267043+00:00,1288057,093,3550,25,0,1789605473,,,SCHEDULED
2026-09-17T00:25:05.267043+00:00,1288057,093,3551,26,0,1789605505,,,SCHEDULED
2026-09-17T00:25:05.267043+00:00,1288057,093,3552,27,0,1789605534,,,SCHEDULED
2026-09-17T00:25:05.267043+00:00,1288057,093,3508,28,0,1789605564,,,SCHEDULED
2026-09-17T00:25:05.267043+00:00,1288057,093,3509,29,0,1789605624,,,SCHEDULED
2026-09-17T00:25:05.267043+00:00,1288057,093,3510,30,0,1789605665,,,SCHEDULED
2026-09-17T00:25:05.267043+00:00,1288057,093,3069,31,0,1789605861,,,SCHEDULED
2026-09-17T00:25:05.267043+00:00,1288057,093,3049,32,0,1789605997,,,SCHEDULED
2026-09-17T00:25:05.267043+00:00,1288057,093,3070,33,0,1789606004,,,SCHEDULED
2026-09-17T00:25:05.267043+00:00,1288057,093,3071,34,0,1789606052,,,SCHEDULED
2026-09-17T00:25:05.267043+00:00,1288057,093,3072,35,0,1789606131,,,SCHEDULED
2026-09-17T00:25:05.267043+00:00,1288217,129,1099,10,0,1789605263,,,SCHEDULED
2026-09-17T00:25:05.267043+00:00,1288217,129,1100,11,0,1789605473,,,SCHEDULED
2026-09-17T00:25:05.267043+00:00,1288217,129,1101,12,0,1789605628,,,SCHEDULED
2026-09-17T00:25:05.267043+00:00,1288217,129,1102,13,0,1789605717,,,SCHEDULED
2026-09-17T00:25:05.267043+00:00,1288217,129,1103,14,0,1789605813,,,SCHEDULED
2026-09-17T00:25:05.267043+00:00,1288217,129,1104,15,0,1789605855,,,SCHEDULED
2026-09-17T00:25:05.267043+00:00,1288217,129,1105,16,0,1789605945,,,SCHEDULED
2026-09-17T00:25:05.267043+00:00,1288217,129,1106,17,0,1789606013,,,SCHEDULED
2026-09-17T00:25:05.267043+00:00,1288217,129,1107,18,0,1789606103,,,SCHEDULED
2026-09-17T00:25:05.267043+00:00,1288217,129,1108,19,0,1789606172,,,SCHEDULED
2026-09-17T00:25:05.267043+00:00,1288217,129,1109,20,0,1789606257,,,SCHEDULED
2026-09-17T00:25:05.267043+00:00,1288217,129,1110,21,0,1789606281,,,SCHEDULED
2026-09-17T00:25:05.267043+00:00,1288217,129,1111,22,0,1789606318,,,SCHEDULED
2026-09-17T00:25:05.267043+00:00,1288217,129,1112,23,0,1789606350,,,SCHEDULED
2026-09-17T00:25:05.267043+00:00,1288217,129,1113,24,0,1789606438,,,SCHEDULED
2026-09-17T00:25:05.267043+00:00,1288217,129,1114,25,0,1789606483,,,SCHEDULED
2026-09-17T00:25:05.267043+00:00,1288216,129,1115,26,0,1789604689,,,SCHEDULED
2026-09-17T00:25:05.267043+00:00,1288216,129,1116,27,0,1789604733,,,SCHEDULED
2026-09-17T00:25:05.267043+00:00,1288216,129,1175,28,0,1789604864,,,SCHEDULED
2026-09-17T00:25:05.267043+00:00,1288216,129,1176,29,0,1789604906,,,SCHEDULED
2026-09-17T00:25:05.267043+00:00,1288216,129,1177,30,0,1789604949,,,SCHEDULED
2026-09-17T00:25:05.267043+00:00,1288216,129,1178,31,0,1789604966,,,SCHEDULED
2026-09-17T00:25:05.267043+00:00,1288216,129,1180,32,0,1789604999,,,SCHEDULED
2026-09-17T00:25:05.267043+00:00,1288216,129,1183,33,0,1789605028,,,SCHEDULED
2026-09-17T00:25:05.267043+00:00,1288216,129,1181,34,0,1789605067,,,SCHEDULED
2026-09-17T00:25:05.267043+00:00,1288216,129,1182,35,0,1789605147,,,SCHEDULED
2026-09-17T00:25:05.267043+00:00,1288216,129,1284,36,0,1789605244,,,SCHEDULED
2026-09-17T00:25:05.267043+00:00,1288216,129,1286,37,0,1789605381,,,SCHEDULED
2026-09-17T00:25:05.267043+00:00,1288216,129,1287,38,0,1789605422,,,SCHEDULED
2026-09-17T00:25:05.267043+00:00,1288216,129,1288,39,0,1789605558,,,SCHEDULED
2026-09-17T00:25:05.267043+00:00,1288216,129,1289,40,0,1789605616,,,SCHEDULED
2026-09-17T00:25:05.267043+00:00,1288216,129,1290,41,0,1789605666,,,SCHEDULED
2026-09-17T00:25:05.267043+00:00,1288216,129,1292,42,0,1789605800,,,SCHEDULED
2026-09-17T00:25:05.267043+00:00,1288216,129,1293,43,0,1789605865,,,SCHEDULED
2026-09-17T00:25:05.267043+00:00,1288216,129,1294,44,0,1789605921,,,SCHEDULED
2026-09-17T00:25:05.267043+00:00,1288216,129,1295,45,0,1789605952,,,SCHEDULED
2026-09-17T00:25:05.267043+00:00,1288216,129,1296,46,0,1789606016,,,SCHEDULED
2026-09-17T00:25:05.267043+00:00,1288216,129,1298,47,0,1789606071,,,SCHEDULED
2026-09-17T00:25:05.267043+00:00,1288216,129,1299,48,0,1789606139,,,SCHEDULED
2026-09-17T00:25:05.267043+00:00,1288216,129,1300,49,0,1789606162,,,SCHEDULED
2026-09-17T00:25:05.267043+00:00,1288216,129,1301,50,0,1789606191,,,SCHEDULED
2026-09-17T00:25:05.267043+00:00,1288216,129,1302,51,0,1789606272,,,SCHEDULED
2026-09-17T00:25:05.267043+00:00,1286317,061,3131,1,,,0,1789605840,SCHEDULED
2026-09-17T00:25:05.267043+00:00,1286317,061,1860,2,0,1789605899,,,SCHEDULED
2026-09-17T00:25:05.267043+00:00,1286317,061,1861,3,0,1789605930,,,SCHEDULED
2026-09-17T00:25:05.267043+00:00,1286317,061,1862,4,0,1789605999,,,SCHEDULED
2026-09-17T00:25:05.267043+00:00,1286317,061,1863,5,0,1789606086,,,SCHEDULED
2026-09-17T00:25:05.267043+00:00,1286317,061,1864,6,0,1789606211,,,SCHEDULED
2026-09-17T00:25:05.267043+00:00,1286317,061,1865,7,0,1789606252,,,SCHEDULED
2026-09-17T00:25:05.267043+00:00,1286317,061,1866,8,0,1789606283,,,SCHEDULED
2026-09-17T00:25:05.267043+00:00,1286317,061,1867,9,0,1789606333,,,SCHEDULED
2026-09-17T00:25:05.267043+00:00,1286317,061,1868,10,0,1789606380,,,SCHEDULED
2026-09-17T00:25:05.267043+00:00,1286317,061,1870,11,0,1789606427,,,SCHEDULED
2026-09-17T00:25:05.267043+00:00,1286318,061,1866,8,0,1789604711,,,SCHEDULED
2026-09-17T00:25:05.267043+00:00,1286318,061,1867,9,0,1789604753,,,SCHEDULED
2026-09-17T00:25:05.267043+00:00,1286318,061,1868,10,0,1789604796,,,SCHEDULED
2026-09-17T00:25:05.267043+00:00,1286318,061,1870,11,0,1789604838,,,SCHEDULED
2026-09-17T00:25:05.267043+00:00,1286318,061,1871,12,0,1789604864,,,SCHEDULED
2026-09-17T00:25:05.267043+00:00,1286318,061,1872,13,0,1789604867,,,SCHEDULED
2026-09-17T00:25:05.267043+00:00,1286318,061,1873,14,0,1789604874,,,SCHEDULED
2026-09-17T00:25:05.267043+00:00,1286318,061,1874,15,0,1789604929,,,SCHEDULED
2026-09-17T00:25:05.267043+00:00,1286318,061,1875,16,0,1789604978,,,SCHEDULED
2026-09-17T00:25:05.267043+00:00,1286318,061,1876,17,0,1789605056,,,SCHEDULED
2026-09-17T00:25:05.267043+00:00,1286318,061,1877,18,0,1789605075,,,SCHEDULED
2026-09-17T00:25:05.267043+00:00,1286318,061,1878,19,0,1789605105,,,SCHEDULED
2026-09-17T00:25:05.267043+00:00,1286318,061,1879,20,0,1789605123,,,SCHEDULED
2026-09-17T00:25:05.267043+00:00,1286318,061,2201,21,0,1789605227,,,SCHEDULED
2026-09-17T00:25:05.267043+00:00,1286318,061,2202,22,0,1789605275,,,SCHEDULED
2026-09-17T00:25:05.267043+00:00,1286318,061,2203,23,0,1789605306,,,SCHEDULED
2026-09-17T00:25:05.267043+00:00,1286318,061,2204,24,0,1789605351,,,SCHEDULED
2026-09-17T00:25:05.267043+00:00,1286318,061,2205,25,0,1789605378,,,SCHEDULED
2026-09-17T00:25:05.267043+00:00,1286318,061,2206,26,0,1789605398,,,SCHEDULED
2026-09-17T00:25:05.267043+00:00,1286318,061,2200,27,0,1789605413,,,SCHEDULED
2026-09-17T00:25:05.267043+00:00,1286318,061,2207,28,0,1789605460,,,SCHEDULED
2026-09-17T00:25:05.267043+00:00,1286318,061,2208,29,0,1789605488,,,SCHEDULED
2026-09-17T00:25:05.267043+00:00,1286318,061,2209,30,0,1789605508,,,SCHEDULED
2026-09-17T00:25:05.267043+00:00,1286318,061,2210,31,0,1789605532,,,SCHEDULED
2026-09-17T00:25:05.267043+00:00,1286318,061,2211,32,0,1789605552,,,SCHEDULED
2026-09-17T00:25:05.267043+00:00,1286318,061,2212,33,0,1789605563,,,SCHEDULED
2026-09-17T00:25:05.267043+00:00,1286318,061,2213,34,0,1789605594,,,SCHEDULED
2026-09-17T00:25:05.267043+00:00,1286318,061,2214,35,0,1789605689,,,SCHEDULED
2026-09-17T00:25:05.267043+00:00,1286318,061,2215,36,0,1789605726,,,SCHEDULED
2026-09-17T00:25:05.267043+00:00,1286318,061,2216,37,0,1789605763,,,SCHEDULED
2026-09-17T00:25:05.267043+00:00,1286318,061,2217,38,0,1789605816,,,SCHEDULED
2026-09-17T00:25:05.267043+00:00,1286318,061,2218,39,0,1789605868,,,SCHEDULED
2026-09-17T00:25:05.267043+00:00,1286318,061,2220,40,0,1789605918,,,SCHEDULED
2026-09-17T00:25:05.267043+00:00,1286318,061,2221,41,0,1789606045,,,SCHEDULED
2026-09-17T00:25:05.267043+00:00,1286318,061,2222,42,0,1789606078,,,SCHEDULED
2026-09-17T00:25:05.267043+00:00,1286318,061,2223,43,0,1789606110,,,SCHEDULED
2026-09-17T00:25:05.267043+00:00,1286318,061,6107,44,0,1789606133,,,SCHEDULED
2026-09-17T00:25:05.267043+00:00,1286318,061,2224,45,0,1789606238,,,SCHEDULED
2026-09-17T00:25:05.267043+00:00,1286318,061,2225,46,0,1789606257,,,SCHEDULED
2026-09-17T00:25:05.267043+00:00,1286318,061,2226,47,0,1789606274,,,SCHEDULED
2026-09-17T00:25:05.267043+00:00,1286318,061,2227,48,0,1789606291,,,SCHEDULED
2026-09-17T00:25:05.267043+00:00,1286318,061,2228,49,0,1789606317,,,SCHEDULED
2026-09-17T00:25:05.267043+00:00,1286318,061,6100,50,0,1789606421,,,SCHEDULED
2026-09-17T00:25:05.267043+00:00,1287921,088,9807,1,,,0,1789605660,SCHEDULED
2026-09-17T00:25:05.267043+00:00,1287921,088,284,2,0,1789605735,,,SCHEDULED
2026-09-17T00:25:05.267043+00:00,1287921,088,684,3,0,1789605776,,,SCHEDULED
2026-09-17T00:25:05.267043+00:00,1287921,088,685,4,0,1789605847,,,SCHEDULED
2026-09-17T00:25:05.267043+00:00,1287921,088,1400,5,0,1789605868,,,SCHEDULED
2026-09-17T00:25:05.267043+00:00,1287921,088,1401,6,0,1789605901,,,SCHEDULED
2026-09-17T00:25:05.267043+00:00,1287921,088,1402,7,0,1789605944,,,SCHEDULED
2026-09-17T00:25:05.267043+00:00,1287921,088,1403,8,0,1789606096,,,SCHEDULED
2026-09-17T00:25:05.267043+00:00,1287921,088,1404,9,0,1789606140,,,SCHEDULED
2026-09-17T00:25:05.267043+00:00,1287921,088,1405,10,0,1789606179,,,SCHEDULED
2026-09-17T00:25:05.267043+00:00,1287921,088,1406,11,0,1789606195,,,SCHEDULED
2026-09-17T00:25:05.267043+00:00,1287921,088,1407,12,0,1789606242,,,SCHEDULED
2026-09-17T00:25:05.267043+00:00,1287921,088,1408,13,0,1789606290,,,SCHEDULED
2026-09-17T00:25:05.267043+00:00,1287921,088,1409,14,0,1789606353,,,SCHEDULED
2026-09-17T00:25:05.267043+00:00,1287921,088,1410,15,0,1789606416,,,SCHEDULED
2026-09-17T00:25:05.267043+00:00,1285746,033,628,1,,,0,1789605240,SCHEDULED
2026-09-17T00:25:05.267043+00:00,1285746,033,5259,2,0,1789605401,,,SCHEDULED
2026-09-17T00:25:05.267043+00:00,1285746,033,5260,3,0,1789605456,,,SCHEDULED
2026-09-17T00:25:05.267043+00:00,1285746,033,5257,4,0,1789605482,,,SCHEDULED
2026-09-17T00:25:05.267043+00:00,1285746,033,5247,5,0,1789605660,,,SCHEDULED
2026-09-17T00:25:05.267043+00:00,1285900,051,1894,11,0,1789604720,,,SCHEDULED
2026-09-17T00:25:05.267043+00:00,1285900,051,1895,12,0,1789604769,,,SCHEDULED
2026-09-17T00:25:05.267043+00:00,1285900,051,1896,13,0,1789604800,,,SCHEDULED
2026-09-17T00:25:05.267043+00:00,1285900,051,1898,14,0,1789604865,,,SCHEDULED
2026-09-17T00:25:05.267043+00:00,1285900,051,1899,15,0,1789604908,,,SCHEDULED
2026-09-17T00:25:05.267043+00:00,1285900,051,1901,16,0,1789604951,,,SCHEDULED
2026-09-17T00:25:05.267043+00:00,1285900,051,1902,17,0,1789604988,,,SCHEDULED
2026-09-17T00:25:05.267043+00:00,1285900,051,1904,18,0,1789605060,,,SCHEDULED
2026-09-17T00:25:05.267043+00:00,1285900,051,1905,19,0,1789605104,,,SCHEDULED
2026-09-17T00:25:05.267043+00:00,1285900,051,1906,20,0,1789605152,,,SCHEDULED
2026-09-17T00:25:05.267043+00:00,1285900,051,1907,21,0,1789605200,,,SCHEDULED
2026-09-17T00:25:05.267043+00:00,1285900,051,1908,22,0,1789605236,,,SCHEDULED
2026-09-17T00:25:05.267043+00:00,1285900,051,1911,23,0,1789605328,,,SCHEDULED
2026-09-17T00:25:05.267043+00:00,1285900,051,1913,24,0,1789605425,,,SCHEDULED
2026-09-17T00:25:05.267043+00:00,1285900,051,1914,25,0,1789605482,,,SCHEDULED
2026-09-17T00:25:05.267043+00:00,1285900,051,1915,26,0,1789605540,,,SCHEDULED
2026-09-17T00:25:05.267043+00:00,1285900,051,1916,27,0,1789605593,,,SCHEDULED
2026-09-17T00:25:05.267043+00:00,1285900,051,1917,28,0,1789605643,,,SCHEDULED
2026-09-17T00:25:05.267043+00:00,1285900,051,1918,29,0,1789605705,,,SCHEDULED
2026-09-17T00:25:05.267043+00:00,1285900,051,1919,30,0,1789605751,,,SCHEDULED
2026-09-17T00:25:05.267043+00:00,1285900,051,1920,31,0,1789605774,,,SCHEDULED
2026-09-17T00:25:05.267043+00:00,1285900,051,1921,32,0,1789605804,,,SCHEDULED
2026-09-17T00:25:05.267043+00:00,1285900,051,1922,33,0,1789605843,,,SCHEDULED
2026-09-17T00:25:05.267043+00:00,1285900,051,1923,34,0,1789605870,,,SCHEDULED
2026-09-17T00:25:05.267043+00:00,1285900,051,1924,35,0,1789605920,,,SCHEDULED
2026-09-17T00:25:05.267043+00:00,1285900,051,1925,36,0,1789605970,,,SCHEDULED
2026-09-17T00:25:05.267043+00:00,1285900,051,1926,37,0,1789606020,,,SCHEDULED
2026-09-17T00:25:05.267043+00:00,1285900,051,1940,38,0,1789606042,,,SCHEDULED
2026-09-17T00:25:05.267043+00:00,1285900,051,320,39,0,1789606078,,,SCHEDULED
2026-09-17T00:25:05.267043+00:00,1285900,051,1209,40,0,1789606100,,,SCHEDULED
2026-09-17T00:25:05.267043+00:00,1285900,051,321,41,0,1789606126,,,SCHEDULED
2026-09-17T00:25:05.267043+00:00,1285900,051,322,42,0,1789606170,,,SCHEDULED
2026-09-17T00:25:05.267043+00:00,1285900,051,324,43,0,1789606260,,,SCHEDULED
2026-09-17T00:25:05.267043+00:00,1285900,051,325,44,0,1789606282,,,SCHEDULED
2026-09-17T00:25:05.267043+00:00,1285900,051,327,46,0,1789606326,,,SCHEDULED
2026-09-17T00:25:05.267043+00:00,1285900,051,328,47,0,1789606346,,,SCHEDULED
2026-09-17T00:25:05.267043+00:00,1285900,051,329,48,0,1789606380,,,SCHEDULED
2026-09-17T00:25:05.267043+00:00,1286319,061,6100,50,0,1789604693,,,SCHEDULED
2026-09-17T00:25:05.267043+00:00,1286319,061,997,51,0,1789604854,,,SCHEDULED
2026-09-17T00:25:05.267043+00:00,1286319,061,998,52,0,1789604921,,,SCHEDULED
2026-09-17T00:25:05.267043+00:00,1286319,061,999,53,0,1789604948,,,SCHEDULED
2026-09-17T00:25:05.267043+00:00,1286319,061,249,54,0,1789604985,,,SCHEDULED
2026-09-17T00:25:05.267043+00:00,1286319,061,248,55,0,1789605036,,,SCHEDULED
2026-09-17T00:25:05.267043+00:00,1286319,061,250,56,0,1789605103,,,SCHEDULED
2026-09-17T00:25:05.267043+00:00,1286319,061,264,57,0,1789605245,,,SCHEDULED
2026-09-17T00:25:05.267043+00:00,1286319,061,263,58,0,1789605274,,,SCHEDULED
2026-09-17T00:25:05.267043+00:00,1286319,061,2180,59,0,1789605293,,,SCHEDULED
2026-09-17T00:25:05.267043+00:00,1286319,061,2181,60,0,1789605311,,,SCHEDULED
2026-09-17T00:25:05.267043+00:00,1286319,061,4395,61,0,1789605491,,,SCHEDULED
2026-09-17T00:25:05.267043+00:00,1286319,061,4396,62,0,1789605518,,,SCHEDULED
2026-09-17T00:25:05.267043+00:00,1286319,061,4397,63,0,1789605538,,,SCHEDULED
2026-09-17T00:25:05.267043+00:00,1286319,061,4398,64,0,1789605573,,,SCHEDULED
2026-09-17T00:25:05.267043+00:00,1286319,061,4391,65,0,1789605626,,,SCHEDULED
2026-09-17T00:25:05.267043+00:00,1286319,061,4399,66,0,1789605641,,,SCHEDULED
2026-09-17T00:25:05.267043+00:00,1286319,061,4392,67,0,1789605674,,,SCHEDULED
2026-09-17T00:25:05.267043+00:00,1284815,015,9807,1,,,0,1789605084,SCHEDULED
2026-09-17T00:25:05.267043+00:00,1284815,015,545,2,0,1789605177,,,SCHEDULED
2026-09-17T00:25:05.267043+00:00,1284815,015,547,3,0,1789605256,,,SCHEDULED
2026-09-17T00:25:05.267043+00:00,1284815,015,548,4,0,1789605287,,,SCHEDULED
2026-09-17T00:25:05.267043+00:00,1284815,015,549,5,0,1789605306,,,SCHEDULED
2026-09-17T00:25:05.267043+00:00,1284815,015,960,6,0,1789605352,,,SCHEDULED
2026-09-17T00:25:05.267043+00:00,1284815,015,961,7,0,1789605388,,,SCHEDULED
2026-09-17T00:25:05.267043+00:00,1284815,015,962,8,0,1789605418,,,SCHEDULED
2026-09-17T00:25:05.267043+00:00,1284815,015,963,9,0,1789605474,,,SCHEDULED
2026-09-17T00:25:05.267043+00:00,1284815,015,964,10,0,1789605494,,,SCHEDULED
2026-09-17T00:25:05.267043+00:00,1284815,015,965,11,0,1789605519,,,SCHEDULED
2026-09-17T00:25:05.267043+00:00,1284815,015,966,12,0,1789605583,,,SCHEDULED
2026-09-17T00:25:05.267043+00:00,1284815,015,967,13,0,1789605607,,,SCHEDULED
2026-09-17T00:25:05.267043+00:00,1284815,015,968,14,0,1789605627,,,SCHEDULED
2026-09-17T00:25:05.267043+00:00,1284815,015,969,15,0,1789605657,,,SCHEDULED
2026-09-17T00:25:05.267043+00:00,1284815,015,836,16,0,1789605692,,,SCHEDULED
2026-09-17T00:25:05.267043+00:00,1284815,015,838,17,0,1789605752,,,SCHEDULED
2026-09-17T00:25:05.267043+00:00,1284815,015,839,18,0,1789605808,,,SCHEDULED
2026-09-17T00:25:05.267043+00:00,1284815,015,840,19,0,1789605853,,,SCHEDULED
2026-09-17T00:25:05.267043+00:00,1284815,015,841,20,0,1789605912,,,SCHEDULED
2026-09-17T00:25:05.267043+00:00,1284815,015,842,21,0,1789606009,,,SCHEDULED
2026-09-17T00:25:05.267043+00:00,1284815,015,843,22,0,1789606045,,,SCHEDULED
2026-09-17T00:25:05.267043+00:00,1284815,015,845,23,0,1789606047,,,SCHEDULED
2026-09-17T00:25:05.267043+00:00,1284815,015,846,24,0,1789606060,,,SCHEDULED
2026-09-17T00:25:05.267043+00:00,1284815,015,847,25,0,1789606121,,,SCHEDULED
2026-09-17T00:25:05.267043+00:00,1284815,015,848,26,0,1789606166,,,SCHEDULED
2026-09-17T00:25:05.267043+00:00,1284815,015,3098,27,0,1789606260,,,SCHEDULED
2026-09-17T00:25:05.267043+00:00,1284935,019,731,22,0,1789604699,,,SCHEDULED
2026-09-17T00:25:05.267043+00:00,1284935,019,732,23,0,1789604737,,,SCHEDULED
2026-09-17T00:25:05.267043+00:00,1284935,019,733,24,0,1789604762,,,SCHEDULED
2026-09-17T00:25:05.267043+00:00,1284935,019,734,25,0,1789604778,,,SCHEDULED
2026-09-17T00:25:05.267043+00:00,1284935,019,735,26,0,1789604818,,,SCHEDULED
2026-09-17T00:25:05.267043+00:00,1284935,019,736,27,0,1789604870,,,SCHEDULED
2026-09-17T00:25:05.267043+00:00,1284935,019,737,28,0,1789604892,,,SCHEDULED
2026-09-17T00:25:05.267043+00:00,1284935,019,738,29,0,1789604905,,,SCHEDULED
2026-09-17T00:25:05.267043+00:00,1284935,019,739,30,0,1789604923,,,SCHEDULED
2026-09-17T00:25:05.267043+00:00,1284935,019,740,31,0,1789604936,,,SCHEDULED
2026-09-17T00:25:05.267043+00:00,1284935,019,741,32,0,1789604974,,,SCHEDULED
2026-09-17T00:25:05.267043+00:00,1284935,019,1333,33,0,1789605136,,,SCHEDULED
2026-09-17T00:25:05.267043+00:00,1284935,019,3115,34,0,1789605475,,,SCHEDULED
2026-09-17T00:25:05.267043+00:00,1284935,019,3116,35,0,1789605515,,,SCHEDULED
2026-09-17T00:25:05.267043+00:00,1284935,019,3117,36,0,1789605527,,,SCHEDULED
2026-09-17T00:25:05.267043+00:00,1284935,019,3118,37,0,1789605555,,,SCHEDULED
2026-09-17T00:25:05.267043+00:00,1284935,019,3119,38,0,1789605566,,,SCHEDULED
2026-09-17T00:25:05.267043+00:00,1284935,019,3121,39,0,1789605645,,,SCHEDULED
2026-09-17T00:25:05.267043+00:00,1284935,019,3122,40,0,1789605674,,,SCHEDULED
2026-09-17T00:25:05.267043+00:00,1284935,019,3123,41,0,1789605715,,,SCHEDULED
2026-09-17T00:25:05.267043+00:00,1284935,019,3124,42,0,1789605742,,,SCHEDULED
2026-09-17T00:25:05.267043+00:00,1284935,019,3125,43,0,1789605782,,,SCHEDULED
2026-09-17T00:25:05.267043+00:00,1284935,019,3696,44,0,1789605864,,,SCHEDULED
2026-09-17T00:25:05.267043+00:00,1284928,019,810,26,0,1789604694,,,SCHEDULED
2026-09-17T00:25:05.267043+00:00,1284928,019,811,27,0,1789604762,,,SCHEDULED
2026-09-17T00:25:05.267043+00:00,1284928,019,812,28,0,1789604930,,,SCHEDULED
2026-09-17T00:25:05.267043+00:00,1284928,019,813,29,0,1789604985,,,SCHEDULED
2026-09-17T00:25:05.267043+00:00,1284928,019,814,30,0,1789605026,,,SCHEDULED
2026-09-17T00:25:05.267043+00:00,1284928,019,815,31,0,1789605046,,,SCHEDULED
2026-09-17T00:25:05.267043+00:00,1284928,019,5347,32,0,1789605121,,,SCHEDULED
2026-09-17T00:25:05.267043+00:00,1284928,019,824,33,0,1789605174,,,SCHEDULED
2026-09-17T00:25:05.267043+00:00,1284928,019,825,34,0,1789605190,,,SCHEDULED
2026-09-17T00:25:05.267043+00:00,1284928,019,826,35,0,1789605244,,,SCHEDULED
2026-09-17T00:25:05.267043+00:00,1284928,019,827,36,0,1789605270,,,SCHEDULED
2026-09-17T00:25:05.267043+00:00,1284928,019,5242,37,0,1789605314,,,SCHEDULED
2026-09-17T00:25:05.267043+00:00,1284928,019,829,38,0,1789605361,,,SCHEDULED
2026-09-17T00:25:05.267043+00:00,1284928,019,5271,39,0,1789605522,,,SCHEDULED
2026-09-17T00:25:05.267043+00:00,1288172,102,668,1,,,0,1789604719,SCHEDULED
2026-09-17T00:25:05.267043+00:00,1288172,102,221,2,0,1789604734,,,SCHEDULED
2026-09-17T00:25:05.267043+00:00,1288172,102,222,3,0,1789604764,,,SCHEDULED
2026-09-17T00:25:05.267043+00:00,1288172,102,223,4,0,1789604883,,,SCHEDULED
2026-09-17T00:25:05.267043+00:00,1288172,102,225,5,0,1789605002,,,SCHEDULED
2026-09-17T00:25:05.267043+00:00,1288172,102,226,6,0,1789605067,,,SCHEDULED
2026-09-17T00:25:05.267043+00:00,1288172,102,108,7,0,1789605126,,,SCHEDULED
2026-09-17T00:25:05.267043+00:00,1288172,102,123,8,0,1789605174,,,SCHEDULED
2026-09-17T00:25:05.267043+00:00,1288172,102,125,9,0,1789605245,,,SCHEDULED
2026-09-17T00:25:05.267043+00:00,1288172,102,126,10,0,1789605267,,,SCHEDULED
2026-09-17T00:25:05.267043+00:00,1288172,102,127,11,0,1789605279,,,SCHEDULED
2026-09-17T00:25:05.267043+00:00,1288172,102,128,12,0,1789605338,,,SCHEDULED
2026-09-17T00:25:05.267043+00:00,1288172,102,130,13,0,1789605367,,,SCHEDULED
2026-09-17T00:25:05.267043+00:00,1288172,102,131,14,0,1789605397,,,SCHEDULED
2026-09-17T00:25:05.267043+00:00,1288172,102,132,15,0,1789605412,,,SCHEDULED
2026-09-17T00:25:05.267043+00:00,1288172,102,133,16,0,1789605433,,,SCHEDULED
2026-09-17T00:25:05.267043+00:00,1288172,102,134,17,0,1789605475,,,SCHEDULED
2026-09-17T00:25:05.267043+00:00,1288172,102,135,18,0,1789605507,,,SCHEDULED
2026-09-17T00:25:05.267043+00:00,1288172,102,136,19,0,1789605530,,,SCHEDULED
2026-09-17T00:25:05.267043+00:00,1288172,102,137,20,0,1789605544,,,SCHEDULED
2026-09-17T00:25:05.267043+00:00,1288172,102,138,21,0,1789605563,,,SCHEDULED
2026-09-17T00:25:05.267043+00:00,1288172,102,139,22,0,1789605582,,,SCHEDULED
2026-09-17T00:25:05.267043+00:00,1288172,102,141,23,0,1789605618,,,SCHEDULED
2026-09-17T00:25:05.267043+00:00,1288172,102,142,24,0,1789605631,,,SCHEDULED
2026-09-17T00:25:05.267043+00:00,1288172,102,143,25,0,1789605641,,,SCHEDULED
2026-09-17T00:25:05.267043+00:00,1288172,102,144,26,0,1789605657,,,SCHEDULED
2026-09-17T00:25:05.267043+00:00,1288172,102,145,27,0,1789605687,,,SCHEDULED
2026-09-17T00:25:05.267043+00:00,1288172,102,146,28,0,1789605720,,,SCHEDULED
2026-09-17T00:25:05.267043+00:00,1288172,102,147,29,0,1789605742,,,SCHEDULED
2026-09-17T00:25:05.267043+00:00,1288172,102,148,30,0,1789605782,,,SCHEDULED
2026-09-17T00:25:05.267043+00:00,1288172,102,149,31,0,1789605832,,,SCHEDULED
2026-09-17T00:25:05.267043+00:00,1288172,102,150,32,0,1789605870,,,SCHEDULED
2026-09-17T00:25:05.267043+00:00,1288172,102,151,33,0,1789605892,,,SCHEDULED
2026-09-17T00:25:05.267043+00:00,1288172,102,156,34,0,1789605928,,,SCHEDULED
2026-09-17T00:25:05.267043+00:00,1288172,102,152,35,0,1789605940,,,SCHEDULED
2026-09-17T00:25:05.267043+00:00,1288172,102,153,36,0,1789605954,,,SCHEDULED
2026-09-17T00:25:05.267043+00:00,1288172,102,154,37,0,1789605986,,,SCHEDULED
2026-09-17T00:25:05.267043+00:00,1288172,102,155,38,0,1789606039,,,SCHEDULED
2026-09-17T00:25:05.267043+00:00,1288172,102,246,39,0,1789606084,,,SCHEDULED
2026-09-17T00:25:05.267043+00:00,1288172,102,247,40,0,1789606115,,,SCHEDULED
2026-09-17T00:25:05.267043+00:00,1288172,102,248,41,0,1789606175,,,SCHEDULED
2026-09-17T00:25:05.267043+00:00,1288172,102,250,42,0,1789606225,,,SCHEDULED
2026-09-17T00:25:05.267043+00:00,1288172,102,251,43,0,1789606306,,,SCHEDULED
2026-09-17T00:25:05.267043+00:00,1287376,082,3078,15,0,1789604801,,,SCHEDULED
2026-09-17T00:25:05.267043+00:00,1287376,082,3079,16,0,1789604869,,,SCHEDULED
2026-09-17T00:25:05.267043+00:00,1287376,082,3080,17,0,1789604940,,,SCHEDULED
2026-09-17T00:25:05.267043+00:00,1287376,082,1074,18,0,1789605042,,,SCHEDULED
2026-09-17T00:25:05.267043+00:00,1287376,082,1075,19,0,1789605114,,,SCHEDULED
2026-09-17T00:25:05.267043+00:00,1287376,082,1076,20,0,1789605157,,,SCHEDULED
2026-09-17T00:25:05.267043+00:00,1287376,082,1077,21,0,1789605216,,,SCHEDULED
2026-09-17T00:25:05.267043+00:00,1287376,082,1646,22,0,1789605300,,,SCHEDULED
2026-09-17T00:25:05.267043+00:00,1287376,082,1648,23,0,1789605377,,,SCHEDULED
2026-09-17T00:25:05.267043+00:00,1287376,082,1649,24,0,1789605433,,,SCHEDULED
2026-09-17T00:25:05.267043+00:00,1287376,082,1650,25,0,1789605478,,,SCHEDULED
2026-09-17T00:25:05.267043+00:00,1287376,082,1651,26,0,1789605510,,,SCHEDULED
2026-09-17T00:25:05.267043+00:00,1287376,082,1652,27,0,1789605559,,,SCHEDULED
2026-09-17T00:25:05.267043+00:00,1287376,082,1653,28,0,1789605636,,,SCHEDULED
2026-09-17T00:25:05.267043+00:00,1287376,082,1654,29,0,1789605699,,,SCHEDULED
2026-09-17T00:25:05.267043+00:00,1287376,082,1655,30,0,1789605793,,,SCHEDULED
2026-09-17T00:25:05.267043+00:00,1287376,082,459,31,0,1789605839,,,SCHEDULED
2026-09-17T00:25:05.267043+00:00,1287376,082,1656,32,0,1789605863,,,SCHEDULED
2026-09-17T00:25:05.267043+00:00,1287376,082,1657,33,0,1789605912,,,SCHEDULED
2026-09-17T00:25:05.267043+00:00,1287376,082,1658,34,0,1789605951,,,SCHEDULED
2026-09-17T00:25:05.267043+00:00,1287376,082,1659,35,0,1789606003,,,SCHEDULED
2026-09-17T00:25:05.267043+00:00,1287376,082,1660,36,0,1789606049,,,SCHEDULED
2026-09-17T00:25:05.267043+00:00,1287376,082,3190,37,0,1789606084,,,SCHEDULED
2026-09-17T00:25:05.267043+00:00,1287376,082,3191,38,0,1789606147,,,SCHEDULED
2026-09-17T00:25:05.267043+00:00,1287376,082,3192,39,0,1789606203,,,SCHEDULED
2026-09-17T00:25:05.267043+00:00,1287376,082,3193,40,0,1789606304,,,SCHEDULED
2026-09-17T00:25:05.267043+00:00,1285593,030,1721,11,0,1789604759,,,SCHEDULED
2026-09-17T00:25:05.267043+00:00,1285593,030,1722,12,0,1789604802,,,SCHEDULED
2026-09-17T00:25:05.267043+00:00,1285593,030,1723,13,0,1789604830,,,SCHEDULED
2026-09-17T00:25:05.267043+00:00,1285593,030,1725,14,0,1789605006,,,SCHEDULED
2026-09-17T00:25:05.267043+00:00,1285593,030,1726,15,0,1789605077,,,SCHEDULED
2026-09-17T00:25:05.267043+00:00,1285593,030,1727,16,0,1789605098,,,SCHEDULED
2026-09-17T00:25:05.267043+00:00,1285593,030,1728,17,0,1789605164,,,SCHEDULED
2026-09-17T00:25:05.267043+00:00,1285593,030,1729,18,0,1789605229,,,SCHEDULED
2026-09-17T00:25:05.267043+00:00,1285593,030,1730,19,0,1789605309,,,SCHEDULED
2026-09-17T00:25:05.267043+00:00,1285593,030,1732,20,0,1789605343,,,SCHEDULED
2026-09-17T00:25:05.267043+00:00,1285593,030,1734,21,0,1789605389,,,SCHEDULED
2026-09-17T00:25:05.267043+00:00,1285593,030,1735,22,0,1789605408,,,SCHEDULED
2026-09-17T00:25:05.267043+00:00,1285593,030,1736,23,0,1789605446,,,SCHEDULED
2026-09-17T00:25:05.267043+00:00,1285593,030,1737,24,0,1789605482,,,SCHEDULED
2026-09-17T00:25:05.267043+00:00,1285593,030,1739,25,0,1789605547,,,SCHEDULED
2026-09-17T00:25:05.267043+00:00,1287377,082,275,41,0,1789604721,,,SCHEDULED
2026-09-17T00:25:05.267043+00:00,1287377,082,276,42,0,1789605017,,,SCHEDULED
2026-09-17T00:25:05.267043+00:00,1285592,030,282,1,,,0,1789605540,SCHEDULED
2026-09-17T00:25:05.267043+00:00,1285592,030,414,2,0,1789605791,,,SCHEDULED
2026-09-17T00:25:05.267043+00:00,1285592,030,415,3,0,1789605840,,,SCHEDULED
2026-09-17T00:25:05.267043+00:00,1285592,030,416,4,0,1789605873,,,SCHEDULED
2026-09-17T00:25:05.267043+00:00,1285592,030,418,5,0,1789605939,,,SCHEDULED
2026-09-17T00:25:05.267043+00:00,1285592,030,4763,6,0,1789606014,,,SCHEDULED
2026-09-17T00:25:05.267043+00:00,1285592,030,1716,7,0,1789606068,,,SCHEDULED
2026-09-17T00:25:05.267043+00:00,1285592,030,1717,8,0,1789606109,,,SCHEDULED
2026-09-17T00:25:05.267043+00:00,1285592,030,1718,9,0,1789606176,,,SCHEDULED
2026-09-17T00:25:05.267043+00:00,1285592,030,1720,10,0,1789606275,,,SCHEDULED
2026-09-17T00:25:05.267043+00:00,1285592,030,1721,11,0,1789606408,,,SCHEDULED
2026-09-17T00:25:05.267043+00:00,1287375,082,665,1,,,0,1789605480,SCHEDULED
2026-09-17T00:25:05.267043+00:00,1287375,082,1447,2,0,1789605688,,,SCHEDULED
2026-09-17T00:25:05.267043+00:00,1287375,082,1448,3,0,1789605732,,,SCHEDULED
2026-09-17T00:25:05.267043+00:00,1287375,082,1449,4,0,1789605760,,,SCHEDULED
2026-09-17T00:25:05.267043+00:00,1287375,082,674,5,0,1789605863,,,SCHEDULED
2026-09-17T00:25:05.267043+00:00,1287375,082,675,6,0,1789605900,,,SCHEDULED
2026-09-17T00:25:05.267043+00:00,1287375,082,676,7,0,1789605981,,,SCHEDULED
2026-09-17T00:25:05.267043+00:00,1287375,082,677,8,0,1789606062,,,SCHEDULED
2026-09-17T00:25:05.267043+00:00,1287375,082,678,9,0,1789606126,,,SCHEDULED
2026-09-17T00:25:05.267043+00:00,1287375,082,679,10,0,1789606200,,,SCHEDULED
2026-09-17T00:25:05.267043+00:00,1287375,082,680,11,0,1789606264,,,SCHEDULED
2026-09-17T00:25:05.267043+00:00,1287375,082,681,12,0,1789606301,,,SCHEDULED
2026-09-17T00:25:05.267043+00:00,1287375,082,3076,13,0,1789606345,,,SCHEDULED
2026-09-17T00:25:05.267043+00:00,1287375,082,3077,14,0,1789606396,,,SCHEDULED
2026-09-17T00:25:05.267043+00:00,1288228,137,85406,3,0,1789605840,,,SCHEDULED
2026-09-17T00:25:05.267043+00:00,1288228,137,85408,4,0,1789605936,,,SCHEDULED
2026-09-17T00:25:05.267043+00:00,1288228,137,85204,5,0,1789605960,,,SCHEDULED
2026-09-17T00:25:05.267043+00:00,1288228,137,85205,6,0,1789606035,,,SCHEDULED
2026-09-17T00:25:05.267043+00:00,1288228,137,85206,7,0,1789606223,,,SCHEDULED
2026-09-17T00:25:05.267043+00:00,1288228,137,85207,8,0,1789606247,,,SCHEDULED
2026-09-17T00:25:05.267043+00:00,1288228,137,85091,9,0,1789606344,,,SCHEDULED
2026-09-17T00:25:05.267043+00:00,1286720,068,9812,57,0,1789604692,,,SCHEDULED
2026-09-17T00:25:05.267043+00:00,1286720,068,2629,58,0,1789604750,,,SCHEDULED
2026-09-17T00:25:05.267043+00:00,1286720,068,2634,59,0,1789604796,,,SCHEDULED
2026-09-17T00:25:05.267043+00:00,1286720,068,2635,60,0,1789604872,,,SCHEDULED
2026-09-17T00:25:05.267043+00:00,1286720,068,2636,61,0,1789604885,,,SCHEDULED
2026-09-17T00:25:05.267043+00:00,1286720,068,2637,62,0,1789604899,,,SCHEDULED
2026-09-17T00:25:05.267043+00:00,1286720,068,2638,63,0,1789604931,,,SCHEDULED
2026-09-17T00:25:05.267043+00:00,1286720,068,2639,64,0,1789604985,,,SCHEDULED
2026-09-17T00:25:05.267043+00:00,1286720,068,1086,65,0,1789605532,,,SCHEDULED
2026-09-17T00:25:05.267043+00:00,1286720,068,1088,66,0,1789605584,,,SCHEDULED
2026-09-17T00:25:05.267043+00:00,1286720,068,1087,67,0,1789605618,,,SCHEDULED
2026-09-17T00:25:05.267043+00:00,1286720,068,2642,68,0,1789605648,,,SCHEDULED
2026-09-17T00:25:05.267043+00:00,1287413,082,3092,29,0,1789604750,,,SCHEDULED
2026-09-17T00:25:05.267043+00:00,1287413,082,3093,30,0,1789604829,,,SCHEDULED
2026-09-17T00:25:05.267043+00:00,1287413,082,3094,31,0,1789604868,,,SCHEDULED
2026-09-17T00:25:05.267043+00:00,1287413,082,1421,32,0,1789604935,,,SCHEDULED
2026-09-17T00:25:05.267043+00:00,1287413,082,1422,33,0,1789604993,,,SCHEDULED
2026-09-17T00:25:05.267043+00:00,1287413,082,1423,34,0,1789605050,,,SCHEDULED
2026-09-17T00:25:05.267043+00:00,1287413,082,1424,35,0,1789605111,,,SCHEDULED
2026-09-17T00:25:05.267043+00:00,1287413,082,1425,36,0,1789605163,,,SCHEDULED
2026-09-17T00:25:05.267043+00:00,1287413,082,1427,37,0,1789605242,,,SCHEDULED
2026-09-17T00:25:05.267043+00:00,1287413,082,1428,38,0,1789605300,,,SCHEDULED
2026-09-17T00:25:05.267043+00:00,1287413,082,9939,39,0,1789605341,,,SCHEDULED
2026-09-17T00:25:05.267043+00:00,1287413,082,1444,40,0,1789605469,,,SCHEDULED
2026-09-17T00:25:05.267043+00:00,1287413,082,1445,41,0,1789605513,,,SCHEDULED
2026-09-17T00:25:05.267043+00:00,1287413,082,1446,42,0,1789605545,,,SCHEDULED
2026-09-17T00:25:05.267043+00:00,1287413,082,563,43,0,1789605813,,,SCHEDULED
2026-09-17T00:25:05.267043+00:00,1287413,082,565,44,0,1789605881,,,SCHEDULED
2026-09-17T00:25:05.267043+00:00,1287413,082,1438,45,0,1789606043,,,SCHEDULED
2026-09-17T00:25:05.267043+00:00,1287413,082,1439,46,0,1789606069,,,SCHEDULED
2026-09-17T00:25:05.267043+00:00,1286721,068,1911,49,0,1789604578,,,SCHEDULED
2026-09-17T00:25:05.267043+00:00,1286721,068,1818,50,0,1789604610,,,SCHEDULED
2026-09-17T00:25:05.267043+00:00,1286721,068,1819,51,0,1789604651,,,SCHEDULED
2026-09-17T00:25:05.267043+00:00,1286721,068,1820,52,0,1789604690,,,SCHEDULED
2026-09-17T00:25:05.267043+00:00,1286721,068,1821,53,0,1789604746,,,SCHEDULED
2026-09-17T00:25:05.267043+00:00,1286721,068,940,54,0,1789604900,,,SCHEDULED
2026-09-17T00:25:05.267043+00:00,1286721,068,941,55,0,1789604926,,,SCHEDULED
2026-09-17T00:25:05.267043+00:00,1286721,068,2633,56,0,1789604983,,,SCHEDULED
2026-09-17T00:25:05.267043+00:00,1286721,068,9812,57,0,1789605031,,,SCHEDULED
2026-09-17T00:25:05.267043+00:00,1286721,068,2629,58,0,1789605106,,,SCHEDULED
2026-09-17T00:25:05.267043+00:00,1286721,068,2634,59,0,1789605164,,,SCHEDULED
2026-09-17T00:25:05.267043+00:00,1286721,068,2635,60,0,1789605209,,,SCHEDULED
2026-09-17T00:25:05.267043+00:00,1286721,068,2636,61,0,1789605235,,,SCHEDULED
2026-09-17T00:25:05.267043+00:00,1286721,068,2637,62,0,1789605252,,,SCHEDULED
2026-09-17T00:25:05.267043+00:00,1286721,068,2638,63,0,1789605258,,,SCHEDULED
2026-09-17T00:25:05.267043+00:00,1286721,068,2639,64,0,1789605268,,,SCHEDULED
2026-09-17T00:25:05.267043+00:00,1286721,068,1086,65,0,1789605600,,,SCHEDULED
2026-09-17T00:25:05.267043+00:00,1286721,068,1088,66,0,1789605633,,,SCHEDULED
2026-09-17T00:25:05.267043+00:00,1286721,068,1087,67,0,1789605661,,,SCHEDULED
2026-09-17T00:25:05.267043+00:00,1286721,068,2642,68,0,1789605734,,,SCHEDULED
2026-09-17T00:25:05.267043+00:00,1286963,075,318,1,,,0,1789605960,SCHEDULED
2026-09-17T00:25:05.267043+00:00,1286963,075,4210,2,0,1789606192,,,SCHEDULED
2026-09-17T00:25:05.267043+00:00,1286963,075,1432,3,0,1789606258,,,SCHEDULED
2026-09-17T00:25:05.267043+00:00,1286963,075,1398,4,0,1789606342,,,SCHEDULED
2026-09-17T00:25:05.267043+00:00,1286963,075,3851,5,0,1789606382,,,SCHEDULED
2026-09-17T00:25:05.267043+00:00,1288227,137,85178,11,0,1789604265,,,SCHEDULED
2026-09-17T00:25:05.267043+00:00,1288227,137,85179,12,0,1789604317,,,SCHEDULED
2026-09-17T00:25:05.267043+00:00,1288227,137,85180,13,0,1789604318,,,SCHEDULED
2026-09-17T00:25:05.267043+00:00,1288227,137,85181,14,0,1789604480,,,SCHEDULED
2026-09-17T00:25:05.267043+00:00,1288227,137,1715,15,0,1789604481,,,SCHEDULED
2026-09-17T00:25:05.267043+00:00,1288227,137,85619,16,0,1789604778,,,SCHEDULED
2026-09-17T00:25:05.267043+00:00,1287411,082,288,1,,,0,1789606114,SCHEDULED
2026-09-17T00:25:05.267043+00:00,1287411,082,274,2,0,1789606249,,,SCHEDULED
2026-09-17T00:25:05.267043+00:00,1287411,082,275,3,0,1789606407,,,SCHEDULED
2026-09-17T00:25:05.267043+00:00,1284389,011,2425,1,,,0,1789606306,SCHEDULED
2026-09-17T00:25:05.267043+00:00,1284389,011,2501,2,0,1789606324,,,SCHEDULED
2026-09-17T00:25:05.267043+00:00,1284389,011,5353,3,0,1789606345,,,SCHEDULED
2026-09-17T00:25:05.267043+00:00,1284389,011,3214,4,0,1789606451,,,SCHEDULED
2026-09-17T00:25:05.267043+00:00,1288104,093,9800,1,,,0,1789606337,SCHEDULED
2026-09-17T00:25:05.267043+00:00,1288104,093,3099,2,0,1789606424,,,SCHEDULED
2026-09-17T00:25:05.267043+00:00,1285995,051,223,4,0,1789604722,,,SCHEDULED
2026-09-17T00:25:05.267043+00:00,1285995,051,225,5,0,1789604891,,,SCHEDULED
2026-09-17T00:25:05.267043+00:00,1285995,051,226,6,0,1789605036,,,SCHEDULED
2026-09-17T00:25:05.267043+00:00,1285995,051,108,7,0,1789605097,,,SCHEDULED
2026-09-17T00:25:05.267043+00:00,1285995,051,123,8,0,1789605144,,,SCHEDULED
2026-09-17T00:25:05.267043+00:00,1285995,051,125,9,0,1789605193,,,SCHEDULED
2026-09-17T00:25:05.267043+00:00,1285995,051,126,10,0,1789605233,,,SCHEDULED
2026-09-17T00:25:05.267043+00:00,1285995,051,127,11,0,1789605268,,,SCHEDULED
2026-09-17T00:25:05.267043+00:00,1285995,051,128,12,0,1789605390,,,SCHEDULED
2026-09-17T00:25:05.267043+00:00,1285995,051,227,13,0,1789605462,,,SCHEDULED
2026-09-17T00:25:05.267043+00:00,1285995,051,229,14,0,1789605525,,,SCHEDULED
2026-09-17T00:25:05.267043+00:00,1285995,051,231,15,0,1789605635,,,SCHEDULED
2026-09-17T00:25:05.267043+00:00,1285995,051,232,16,0,1789605725,,,SCHEDULED
2026-09-17T00:25:05.267043+00:00,1285995,051,233,17,0,1789605820,,,SCHEDULED
2026-09-17T00:25:05.267043+00:00,1285995,051,234,18,0,1789605910,,,SCHEDULED
2026-09-17T00:25:05.267043+00:00,1285995,051,235,19,0,1789605954,,,SCHEDULED
2026-09-17T00:25:05.267043+00:00,1285995,051,236,20,0,1789606003,,,SCHEDULED
2026-09-17T00:25:05.267043+00:00,1285995,051,1927,21,0,1789606097,,,SCHEDULED
2026-09-17T00:25:05.267043+00:00,1285995,051,1930,22,0,1789606197,,,SCHEDULED
2026-09-17T00:25:05.267043+00:00,1285995,051,1931,23,0,1789606287,,,SCHEDULED
2026-09-17T00:25:05.267043+00:00,1285995,051,1949,24,0,1789606312,,,SCHEDULED
2026-09-17T00:25:05.267043+00:00,1285995,051,1932,25,0,1789606328,,,SCHEDULED
2026-09-17T00:25:05.267043+00:00,1285995,051,1936,26,0,1789606396,,,SCHEDULED
2026-09-17T00:25:05.267043+00:00,1285995,051,1937,27,0,1789606450,,,SCHEDULED
2026-09-17T00:25:05.267043+00:00,1285995,051,1938,28,0,1789606465,,,SCHEDULED
2026-09-17T00:25:05.267043+00:00,1285994,051,668,1,,,0,1789605488,SCHEDULED
2026-09-17T00:25:05.267043+00:00,1285994,051,221,2,0,1789605579,,,SCHEDULED
2026-09-17T00:25:05.267043+00:00,1285994,051,222,3,0,1789605619,,,SCHEDULED
2026-09-17T00:25:05.267043+00:00,1285994,051,223,4,0,1789605658,,,SCHEDULED
2026-09-17T00:25:05.267043+00:00,1285994,051,225,5,0,1789605827,,,SCHEDULED
2026-09-17T00:25:05.267043+00:00,1285994,051,226,6,0,1789605972,,,SCHEDULED
2026-09-17T00:25:05.267043+00:00,1285994,051,108,7,0,1789606033,,,SCHEDULED
2026-09-17T00:25:05.267043+00:00,1285994,051,123,8,0,1789606080,,,SCHEDULED
2026-09-17T00:25:05.267043+00:00,1285994,051,125,9,0,1789606129,,,SCHEDULED
2026-09-17T00:25:05.267043+00:00,1285994,051,126,10,0,1789606169,,,SCHEDULED
2026-09-17T00:25:05.267043+00:00,1285994,051,127,11,0,1789606204,,,SCHEDULED
2026-09-17T00:25:05.267043+00:00,1285994,051,128,12,0,1789606326,,,SCHEDULED
2026-09-17T00:25:05.267043+00:00,1285994,051,227,13,0,1789606398,,,SCHEDULED
2026-09-17T00:25:05.267043+00:00,1285994,051,229,14,0,1789606461,,,SCHEDULED
2026-09-17T00:25:05.267043+00:00,1287412,082,3893,4,0,1789604683,,,SCHEDULED
2026-09-17T00:25:05.267043+00:00,1287412,082,3894,5,0,1789604914,,,SCHEDULED
2026-09-17T00:25:05.267043+00:00,1287412,082,3895,6,0,1789604938,,,SCHEDULED
2026-09-17T00:25:05.267043+00:00,1287412,082,1662,7,0,1789604999,,,SCHEDULED
2026-09-17T00:25:05.267043+00:00,1287412,082,1663,8,0,1789605041,,,SCHEDULED
2026-09-17T00:25:05.267043+00:00,1287412,082,1664,9,0,1789605085,,,SCHEDULED
2026-09-17T00:25:05.267043+00:00,1287412,082,1665,10,0,1789605130,,,SCHEDULED
2026-09-17T00:25:05.267043+00:00,1287412,082,1666,11,0,1789605156,,,SCHEDULED
2026-09-17T00:25:05.267043+00:00,1287412,082,1668,12,0,1789605284,,,SCHEDULED
2026-09-17T00:25:05.267043+00:00,1287412,082,1669,13,0,1789605338,,,SCHEDULED
2026-09-17T00:25:05.267043+00:00,1287412,082,1670,14,0,1789605387,,,SCHEDULED
2026-09-17T00:25:05.267043+00:00,1287412,082,1671,15,0,1789605475,,,SCHEDULED
2026-09-17T00:25:05.267043+00:00,1287412,082,1672,16,0,1789605516,,,SCHEDULED
2026-09-17T00:25:05.267043+00:00,1287412,082,1673,17,0,1789605589,,,SCHEDULED
2026-09-17T00:25:05.267043+00:00,1287412,082,1674,18,0,1789605599,,,SCHEDULED
2026-09-17T00:25:05.267043+00:00,1287412,082,1675,19,0,1789605684,,,SCHEDULED
2026-09-17T00:25:05.267043+00:00,1287412,082,1677,20,0,1789605755,,,SCHEDULED
2026-09-17T00:25:05.267043+00:00,1287412,082,1127,21,0,1789605824,,,SCHEDULED
2026-09-17T00:25:05.267043+00:00,1287412,082,1128,22,0,1789605881,,,SCHEDULED
2026-09-17T00:25:05.267043+00:00,1287412,082,1129,23,0,1789605919,,,SCHEDULED
2026-09-17T00:25:05.267043+00:00,1287412,082,1130,24,0,1789605951,,,SCHEDULED
2026-09-17T00:25:05.267043+00:00,1287412,082,1131,25,0,1789605997,,,SCHEDULED
2026-09-17T00:25:05.267043+00:00,1287412,082,3089,26,0,1789606107,,,SCHEDULED
2026-09-17T00:25:05.267043+00:00,1287412,082,3090,27,0,1789606210,,,SCHEDULED
2026-09-17T00:25:05.267043+00:00,1285997,051,1842,32,0,1789604697,,,SCHEDULED
2026-09-17T00:25:05.267043+00:00,1285997,051,1843,33,0,1789604736,,,SCHEDULED
2026-09-17T00:25:05.267043+00:00,1285997,051,1844,34,0,1789604799,,,SCHEDULED
2026-09-17T00:25:05.267043+00:00,1285997,051,1845,35,0,1789604829,,,SCHEDULED
2026-09-17T00:25:05.267043+00:00,1285997,051,1846,36,0,1789604868,,,SCHEDULED
2026-09-17T00:25:05.267043+00:00,1285997,051,1847,37,0,1789604886,,,SCHEDULED
2026-09-17T00:25:05.267043+00:00,1285997,051,1848,38,0,1789604922,,,SCHEDULED
2026-09-17T00:25:05.267043+00:00,1285997,051,1849,39,0,1789604985,,,SCHEDULED
2026-09-17T00:25:05.267043+00:00,1285997,051,1850,40,0,1789605038,,,SCHEDULED
2026-09-17T00:25:05.267043+00:00,1285997,051,1851,41,0,1789605175,,,SCHEDULED
2026-09-17T00:25:05.267043+00:00,1285997,051,1852,42,0,1789605231,,,SCHEDULED
2026-09-17T00:25:05.267043+00:00,1285997,051,1853,43,0,1789605263,,,SCHEDULED
2026-09-17T00:25:05.267043+00:00,1285997,051,1854,44,0,1789605306,,,SCHEDULED
2026-09-17T00:25:05.267043+00:00,1285997,051,1855,45,0,1789605343,,,SCHEDULED
2026-09-17T00:25:05.267043+00:00,1285997,051,1856,46,0,1789605399,,,SCHEDULED
2026-09-17T00:25:05.267043+00:00,1285997,051,1857,47,0,1789605461,,,SCHEDULED
2026-09-17T00:25:05.267043+00:00,1285997,051,1858,48,0,1789605499,,,SCHEDULED
2026-09-17T00:25:05.267043+00:00,1285997,051,1859,49,0,1789605564,,,SCHEDULED
2026-09-17T00:25:05.267043+00:00,1285997,051,1860,50,0,1789605682,,,SCHEDULED
2026-09-17T00:25:05.267043+00:00,1285997,051,1861,51,0,1789605790,,,SCHEDULED
2026-09-17T00:25:05.267043+00:00,1285997,051,2020,52,0,1789605828,,,SCHEDULED
2026-09-17T00:25:05.267043+00:00,1285997,051,2021,53,0,1789605926,,,SCHEDULED
2026-09-17T00:25:05.267043+00:00,1285997,051,3130,54,0,1789605999,,,SCHEDULED
2026-09-17T00:25:05.267043+00:00,1285996,051,235,19,0,1789604699,,,SCHEDULED
2026-09-17T00:25:05.267043+00:00,1285996,051,236,20,0,1789604737,,,SCHEDULED
2026-09-17T00:25:05.267043+00:00,1285996,051,1927,21,0,1789604831,,,SCHEDULED
2026-09-17T00:25:05.267043+00:00,1285996,051,1930,22,0,1789604931,,,SCHEDULED
2026-09-17T00:25:05.267043+00:00,1285996,051,1931,23,0,1789605021,,,SCHEDULED
2026-09-17T00:25:05.267043+00:00,1285996,051,1949,24,0,1789605046,,,SCHEDULED
2026-09-17T00:25:05.267043+00:00,1285996,051,1932,25,0,1789605062,,,SCHEDULED
2026-09-17T00:25:05.267043+00:00,1285996,051,1936,26,0,1789605130,,,SCHEDULED
2026-09-17T00:25:05.267043+00:00,1285996,051,1937,27,0,1789605184,,,SCHEDULED
2026-09-17T00:25:05.267043+00:00,1285996,051,1938,28,0,1789605199,,,SCHEDULED
2026-09-17T00:25:05.267043+00:00,1285996,051,1939,29,0,1789605263,,,SCHEDULED
2026-09-17T00:25:05.267043+00:00,1285996,051,1839,30,0,1789605297,,,SCHEDULED
2026-09-17T00:25:05.267043+00:00,1285996,051,1841,31,0,1789605380,,,SCHEDULED
2026-09-17T00:25:05.267043+00:00,1285996,051,1842,32,0,1789605401,,,SCHEDULED
2026-09-17T00:25:05.267043+00:00,1285996,051,1843,33,0,1789605440,,,SCHEDULED
2026-09-17T00:25:05.267043+00:00,1285996,051,1844,34,0,1789605503,,,SCHEDULED
2026-09-17T00:25:05.267043+00:00,1285996,051,1845,35,0,1789605533,,,SCHEDULED
2026-09-17T00:25:05.267043+00:00,1285996,051,1846,36,0,1789605572,,,SCHEDULED
2026-09-17T00:25:05.267043+00:00,1285996,051,1847,37,0,1789605590,,,SCHEDULED
2026-09-17T00:25:05.267043+00:00,1285996,051,1848,38,0,1789605626,,,SCHEDULED
2026-09-17T00:25:05.267043+00:00,1285996,051,1849,39,0,1789605689,,,SCHEDULED
2026-09-17T00:25:05.267043+00:00,1285996,051,1850,40,0,1789605742,,,SCHEDULED
2026-09-17T00:25:05.267043+00:00,1285996,051,1851,41,0,1789605879,,,SCHEDULED
2026-09-17T00:25:05.267043+00:00,1285996,051,1852,42,0,1789605935,,,SCHEDULED
2026-09-17T00:25:05.267043+00:00,1285996,051,1853,43,0,1789605967,,,SCHEDULED
2026-09-17T00:25:05.267043+00:00,1285996,051,1854,44,0,1789606010,,,SCHEDULED
2026-09-17T00:25:05.267043+00:00,1285996,051,1855,45,0,1789606047,,,SCHEDULED
2026-09-17T00:25:05.267043+00:00,1285996,051,1856,46,0,1789606103,,,SCHEDULED
2026-09-17T00:25:05.267043+00:00,1285996,051,1857,47,0,1789606165,,,SCHEDULED
2026-09-17T00:25:05.267043+00:00,1285996,051,1858,48,0,1789606203,,,SCHEDULED
2026-09-17T00:25:05.267043+00:00,1285996,051,1859,49,0,1789606268,,,SCHEDULED
2026-09-17T00:25:05.267043+00:00,1286964,075,1432,3,0,1789604767,,,SCHEDULED
2026-09-17T00:25:05.267043+00:00,1286964,075,1398,4,0,1789604830,,,SCHEDULED
2026-09-17T00:25:05.267043+00:00,1286964,075,3851,5,0,1789604872,,,SCHEDULED
2026-09-17T00:25:05.267043+00:00,1286964,075,1418,6,0,1789604952,,,SCHEDULED
2026-09-17T00:25:05.267043+00:00,1286964,075,1420,7,0,1789605078,,,SCHEDULED
2026-09-17T00:25:05.267043+00:00,1286722,068,2014,20,0,1789604658,,,SCHEDULED
2026-09-17T00:25:05.267043+00:00,1286722,068,2015,21,0,1789604695,,,SCHEDULED
2026-09-17T00:25:05.267043+00:00,1286722,068,2016,22,0,1789604701,,,SCHEDULED
2026-09-17T00:25:05.267043+00:00,1286722,068,2166,23,0,1789604778,,,SCHEDULED
2026-09-17T00:25:05.267043+00:00,1286722,068,1884,24,0,1789604843,,,SCHEDULED
2026-09-17T00:25:05.267043+00:00,1286722,068,1885,25,0,1789604903,,,SCHEDULED
2026-09-17T00:25:05.267043+00:00,1286722,068,1686,26,0,1789605017,,,SCHEDULED
2026-09-17T00:25:05.267043+00:00,1286722,068,2691,27,0,1789605023,,,SCHEDULED
2026-09-17T00:25:05.267043+00:00,1286722,068,2692,28,0,1789605040,,,SCHEDULED
2026-09-17T00:25:05.267043+00:00,1286722,068,2693,29,0,1789605059,,,SCHEDULED
2026-09-17T00:25:05.267043+00:00,1286722,068,2694,30,0,1789605126,,,SCHEDULED
2026-09-17T00:25:05.267043+00:00,1286722,068,2695,31,0,1789605169,,,SCHEDULED
2026-09-17T00:25:05.267043+00:00,1286722,068,2696,32,0,1789605220,,,SCHEDULED
2026-09-17T00:25:05.267043+00:00,1286722,068,2699,33,0,1789605244,,,SCHEDULED
2026-09-17T00:25:05.267043+00:00,1286722,068,2700,34,0,1789605284,,,SCHEDULED
2026-09-17T00:25:05.267043+00:00,1286722,068,2703,35,0,1789605315,,,SCHEDULED
2026-09-17T00:25:05.267043+00:00,1286722,068,2704,36,0,1789605410,,,SCHEDULED
2026-09-17T00:25:05.267043+00:00,1286722,068,2706,37,0,1789605509,,,SCHEDULED
2026-09-17T00:25:05.267043+00:00,1286722,068,2707,38,0,1789605554,,,SCHEDULED
2026-09-17T00:25:05.267043+00:00,1286722,068,2708,39,0,1789605617,,,SCHEDULED
2026-09-17T00:25:05.267043+00:00,1286722,068,2709,40,0,1789605664,,,SCHEDULED
2026-09-17T00:25:05.267043+00:00,1286722,068,2710,41,0,1789605679,,,SCHEDULED
2026-09-17T00:25:05.267043+00:00,1286722,068,2711,42,0,1789605711,,,SCHEDULED
2026-09-17T00:25:05.267043+00:00,1286722,068,2712,43,0,1789605763,,,SCHEDULED
2026-09-17T00:25:05.267043+00:00,1286722,068,2713,44,0,1789605780,,,SCHEDULED
2026-09-17T00:25:05.267043+00:00,1286722,068,2715,45,0,1789605821,,,SCHEDULED
2026-09-17T00:25:05.267043+00:00,1286722,068,2610,46,0,1789605874,,,SCHEDULED
2026-09-17T00:25:05.267043+00:00,1286722,068,2611,47,0,1789605884,,,SCHEDULED
2026-09-17T00:25:05.267043+00:00,1286722,068,2612,48,0,1789605946,,,SCHEDULED
2026-09-17T00:25:05.267043+00:00,1285998,051,1856,46,0,1789604635,,,SCHEDULED
2026-09-17T00:25:05.267043+00:00,1285998,051,1857,47,0,1789604739,,,SCHEDULED
2026-09-17T00:25:05.267043+00:00,1285998,051,1858,48,0,1789604777,,,SCHEDULED
2026-09-17T00:25:05.267043+00:00,1285998,051,1859,49,0,1789604842,,,SCHEDULED
2026-09-17T00:25:05.267043+00:00,1285998,051,1860,50,0,1789604960,,,SCHEDULED
2026-09-17T00:25:05.267043+00:00,1285998,051,1861,51,0,1789605068,,,SCHEDULED
2026-09-17T00:25:05.267043+00:00,1285998,051,2020,52,0,1789605106,,,SCHEDULED
2026-09-17T00:25:05.267043+00:00,1285998,051,2021,53,0,1789605204,,,SCHEDULED
2026-09-17T00:25:05.267043+00:00,1285998,051,3130,54,0,1789605277,,,SCHEDULED
2026-09-17T00:25:05.267043+00:00,1288229,137,1714,1,,,0,1789605967,SCHEDULED
2026-09-17T00:25:05.267043+00:00,1288229,137,1904,2,0,1789606134,,,SCHEDULED
2026-09-17T00:25:05.267043+00:00,1286723,068,885,1,,,0,1789605427,SCHEDULED
2026-09-17T00:25:05.267043+00:00,1286723,068,286,2,0,1789606027,,,SCHEDULED
2026-09-17T00:25:05.267043+00:00,1286723,068,4439,3,0,1789606098,,,SCHEDULED
2026-09-17T00:25:05.267043+00:00,1286723,068,4440,4,0,1789606129,,,SCHEDULED
2026-09-17T00:25:05.267043+00:00,1286723,068,4441,5,0,1789606141,,,SCHEDULED
2026-09-17T00:25:05.267043+00:00,1286723,068,4015,6,0,1789606211,,,SCHEDULED
2026-09-17T00:25:05.267043+00:00,1286723,068,4016,7,0,1789606234,,,SCHEDULED
2026-09-17T00:25:05.267043+00:00,1286723,068,4017,8,0,1789606271,,,SCHEDULED
2026-09-17T00:25:05.267043+00:00,1286723,068,3914,9,0,1789606379,,,SCHEDULED
2026-09-17T00:25:05.267043+00:00,1286723,068,3836,10,0,1789606418,,,SCHEDULED
2026-09-17T00:25:05.267043+00:00,1286849,072,323,1,,,0,1789606223,SCHEDULED
2026-09-17T00:25:05.267043+00:00,1286849,072,4210,2,0,1789606395,,,SCHEDULED
2026-09-17T00:25:05.267043+00:00,1286849,072,4211,3,0,1789606460,,,SCHEDULED
2026-09-17T00:25:05.267043+00:00,1286849,072,4213,4,0,1789606488,,,SCHEDULED
2026-09-17T00:25:05.267043+00:00,1284826,015,9807,1,,,0,1789605660,SCHEDULED
2026-09-17T00:25:05.267043+00:00,1284826,015,545,2,0,1789605731,,,SCHEDULED
2026-09-17T00:25:05.267043+00:00,1284826,015,547,3,0,1789605799,,,SCHEDULED
2026-09-17T00:25:05.267043+00:00,1284826,015,548,4,0,1789605826,,,SCHEDULED
2026-09-17T00:25:05.267043+00:00,1284826,015,549,5,0,1789605858,,,SCHEDULED
2026-09-17T00:25:05.267043+00:00,1284826,015,960,6,0,1789605891,,,SCHEDULED
2026-09-17T00:25:05.267043+00:00,1284826,015,961,7,0,1789605912,,,SCHEDULED
2026-09-17T00:25:05.267043+00:00,1284826,015,962,8,0,1789605941,,,SCHEDULED
2026-09-17T00:25:05.267043+00:00,1284826,015,963,9,0,1789605998,,,SCHEDULED
2026-09-17T00:25:05.267043+00:00,1284826,015,964,10,0,1789606036,,,SCHEDULED
2026-09-17T00:25:05.267043+00:00,1284826,015,965,11,0,1789606072,,,SCHEDULED
2026-09-17T00:25:05.267043+00:00,1284826,015,966,12,0,1789606149,,,SCHEDULED
2026-09-17T00:25:05.267043+00:00,1284826,015,967,13,0,1789606185,,,SCHEDULED
2026-09-17T00:25:05.267043+00:00,1284826,015,968,14,0,1789606218,,,SCHEDULED
2026-09-17T00:25:05.267043+00:00,1284826,015,969,15,0,1789606256,,,SCHEDULED
2026-09-17T00:25:05.267043+00:00,1284826,015,836,16,0,1789606292,,,SCHEDULED
2026-09-17T00:25:05.267043+00:00,1284826,015,838,17,0,1789606342,,,SCHEDULED
2026-09-17T00:25:05.267043+00:00,1284826,015,839,18,0,1789606393,,,SCHEDULED
2026-09-17T00:25:05.267043+00:00,1288182,103,456,8,0,1789604719,,,SCHEDULED
2026-09-17T00:25:05.267043+00:00,1288182,103,458,9,0,1789605100,,,SCHEDULED
2026-09-17T00:25:05.267043+00:00,1288182,103,250,10,0,1789605239,,,SCHEDULED
2026-09-17T00:25:05.267043+00:00,1288182,103,251,11,0,1789605289,,,SCHEDULED
2026-09-17T00:25:05.267043+00:00,1288182,103,252,12,0,1789605326,,,SCHEDULED
2026-09-17T00:25:05.267043+00:00,1288182,103,253,13,0,1789605352,,,SCHEDULED
2026-09-17T00:25:05.267043+00:00,1288182,103,254,14,0,1789605374,,,SCHEDULED
2026-09-17T00:25:05.267043+00:00,1288182,103,255,15,0,1789605397,,,SCHEDULED
2026-09-17T00:25:05.267043+00:00,1288182,103,257,16,0,1789605432,,,SCHEDULED
2026-09-17T00:25:05.267043+00:00,1288182,103,258,17,0,1789605454,,,SCHEDULED
2026-09-17T00:25:05.267043+00:00,1288182,103,259,18,0,1789605500,,,SCHEDULED
2026-09-17T00:25:05.267043+00:00,1288182,103,260,19,0,1789605529,,,SCHEDULED
2026-09-17T00:25:05.267043+00:00,1288182,103,261,20,0,1789605548,,,SCHEDULED
2026-09-17T00:25:05.267043+00:00,1288182,103,262,21,0,1789605578,,,SCHEDULED
2026-09-17T00:25:05.267043+00:00,1288182,103,264,22,0,1789605627,,,SCHEDULED
2026-09-17T00:25:05.267043+00:00,1288182,103,263,23,0,1789605657,,,SCHEDULED
2026-09-17T00:25:05.267043+00:00,1288182,103,157,24,0,1789605679,,,SCHEDULED
2026-09-17T00:25:05.267043+00:00,1288182,103,158,25,0,1789605720,,,SCHEDULED
2026-09-17T00:25:05.267043+00:00,1288182,103,159,26,0,1789605734,,,SCHEDULED
2026-09-17T00:25:05.267043+00:00,1288182,103,160,27,0,1789605753,,,SCHEDULED
2026-09-17T00:25:05.267043+00:00,1288182,103,161,28,0,1789605794,,,SCHEDULED
2026-09-17T00:25:05.267043+00:00,1288182,103,877,29,0,1789605816,,,SCHEDULED
2026-09-17T00:25:05.267043+00:00,1288182,103,162,30,0,1789605839,,,SCHEDULED
2026-09-17T00:25:05.267043+00:00,1288182,103,163,31,0,1789605860,,,SCHEDULED
2026-09-17T00:25:05.267043+00:00,1288182,103,164,32,0,1789605873,,,SCHEDULED
2026-09-17T00:25:05.267043+00:00,1288182,103,165,33,0,1789605901,,,SCHEDULED
2026-09-17T00:25:05.267043+00:00,1288182,103,166,34,0,1789605957,,,SCHEDULED
2026-09-17T00:25:05.267043+00:00,1288182,103,167,35,0,1789605976,,,SCHEDULED
2026-09-17T00:25:05.267043+00:00,1288182,103,173,36,0,1789606000,,,SCHEDULED
2026-09-17T00:25:05.267043+00:00,1288182,103,168,37,0,1789606042,,,SCHEDULED
2026-09-17T00:25:05.267043+00:00,1288182,103,169,38,0,1789606083,,,SCHEDULED
2026-09-17T00:25:05.267043+00:00,1288182,103,170,39,0,1789606115,,,SCHEDULED
2026-09-17T00:25:05.267043+00:00,1288182,103,171,40,0,1789606231,,,SCHEDULED
2026-09-17T00:25:05.267043+00:00,1288184,103,169,38,0,1789604523,,,SCHEDULED
2026-09-17T00:25:05.267043+00:00,1288184,103,170,39,0,1789604545,,,SCHEDULED
2026-09-17T00:25:05.267043+00:00,1288184,103,171,40,0,1789604664,,,SCHEDULED
2026-09-17T00:25:05.267043+00:00,1287096,078,9920,1,,,0,1789605360,SCHEDULED
2026-09-17T00:25:05.267043+00:00,1287096,078,2760,2,0,1789605586,,,SCHEDULED
2026-09-17T00:25:05.267043+00:00,1287096,078,2761,3,0,1789605676,,,SCHEDULED
2026-09-17T00:25:05.267043+00:00,1287096,078,2762,4,0,1789605765,,,SCHEDULED
2026-09-17T00:25:05.267043+00:00,1287096,078,2763,5,0,1789605810,,,SCHEDULED
2026-09-17T00:25:05.267043+00:00,1287096,078,2764,6,0,1789605891,,,SCHEDULED
2026-09-17T00:45:21.376635+00:00,1288235,138,1435,3,0,1789607310,,,SCHEDULED
2026-09-17T00:45:21.376635+00:00,1286453,062,2342,31,0,1789605907,,,SCHEDULED
2026-09-17T00:45:21.376635+00:00,1286453,062,2229,32,0,1789606014,,,SCHEDULED
2026-09-17T00:45:21.376635+00:00,1286453,062,2230,33,0,1789606117,,,SCHEDULED
2026-09-17T00:45:21.376635+00:00,1286453,062,2231,34,0,1789606152,,,SCHEDULED
2026-09-17T00:45:21.376635+00:00,1286453,062,2232,35,0,1789606180,,,SCHEDULED
2026-09-17T00:45:21.376635+00:00,1286453,062,2233,36,0,1789606256,,,SCHEDULED
2026-09-17T00:45:21.376635+00:00,1286453,062,2234,37,0,1789606285,,,SCHEDULED
2026-09-17T00:45:21.376635+00:00,1286453,062,2235,38,0,1789606336,,,SCHEDULED
2026-09-17T00:45:21.376635+00:00,1286453,062,2236,39,0,1789606389,,,SCHEDULED
2026-09-17T00:45:21.376635+00:00,1286453,062,2237,40,0,1789606443,,,SCHEDULED
2026-09-17T00:45:21.376635+00:00,1286453,062,2238,41,0,1789606464,,,SCHEDULED
2026-09-17T00:45:21.376635+00:00,1286453,062,2239,42,0,1789606489,,,SCHEDULED
2026-09-17T00:45:21.376635+00:00,1286453,062,2240,43,0,1789606514,,,SCHEDULED
2026-09-17T00:45:21.376635+00:00,1286453,062,2241,44,0,1789606613,,,SCHEDULED
2026-09-17T00:45:21.376635+00:00,1286453,062,2242,45,0,1789606655,,,SCHEDULED
2026-09-17T00:45:21.376635+00:00,1286453,062,2243,46,0,1789606687,,,SCHEDULED
2026-09-17T00:45:21.376635+00:00,1286453,062,2244,47,0,1789606715,,,SCHEDULED
2026-09-17T00:45:21.376635+00:00,1286453,062,2245,48,0,1789606732,,,SCHEDULED
2026-09-17T00:45:21.376635+00:00,1286453,062,2246,49,0,1789606815,,,SCHEDULED
2026-09-17T00:45:21.376635+00:00,1286453,062,5365,50,0,1789606848,,,SCHEDULED
2026-09-17T00:45:21.376635+00:00,1286453,062,2248,51,0,1789606890,,,SCHEDULED
2026-09-17T00:45:21.376635+00:00,1286453,062,2250,52,0,1789606943,,,SCHEDULED
2026-09-17T00:45:21.376635+00:00,1286453,062,2251,53,0,1789606983,,,SCHEDULED
2026-09-17T00:45:21.376635+00:00,1286453,062,2252,54,0,1789607024,,,SCHEDULED
2026-09-17T00:45:21.376635+00:00,1286453,062,2254,55,0,1789607083,,,SCHEDULED
2026-09-17T00:45:21.376635+00:00,1286453,062,519,56,0,1789607153,,,SCHEDULED
2026-09-17T00:45:21.376635+00:00,1286453,062,521,57,0,1789607213,,,SCHEDULED
2026-09-17T00:45:21.376635+00:00,1286453,062,522,58,0,1789607276,,,SCHEDULED
2026-09-17T00:45:21.376635+00:00,1286453,062,525,59,0,1789607360,,,SCHEDULED
2026-09-17T00:45:21.376635+00:00,1286453,062,526,60,0,1789607496,,,SCHEDULED
2026-09-17T00:45:21.376635+00:00,1286453,062,527,61,0,1789607523,,,SCHEDULED
2026-09-17T00:45:21.376635+00:00,1286453,062,528,62,0,1789607546,,,SCHEDULED
2026-09-17T00:45:21.376635+00:00,1286453,062,5252,63,0,1789607634,,,SCHEDULED
2026-09-17T00:45:21.376635+00:00,1286453,062,531,64,0,1789607684,,,SCHEDULED
2026-09-17T00:45:21.376635+00:00,1287941,088,413,23,0,1789606180,,,SCHEDULED
2026-09-17T00:45:21.376635+00:00,1287941,088,414,24,0,1789606237,,,SCHEDULED
2026-09-17T00:45:21.376635+00:00,1287941,088,415,25,0,1789606281,,,SCHEDULED
2026-09-17T00:45:21.376635+00:00,1287941,088,416,26,0,1789606347,,,SCHEDULED
2026-09-17T00:45:21.376635+00:00,1287820,087,275,18,0,1789605906,,,SCHEDULED
2026-09-17T00:45:21.376635+00:00,1287820,087,276,19,0,1789606163,,,SCHEDULED
2026-09-17T00:45:21.376635+00:00,1284673,013,8912,7,0,1789605943,,,SCHEDULED
2026-09-17T00:45:21.376635+00:00,1284673,013,8913,8,0,1789605979,,,SCHEDULED
2026-09-17T00:45:21.376635+00:00,1284673,013,3158,9,0,1789606159,,,SCHEDULED
2026-09-17T00:45:21.376635+00:00,1284673,013,3159,10,0,1789606227,,,SCHEDULED
2026-09-17T00:45:21.376635+00:00,1284673,013,3160,11,0,1789606266,,,SCHEDULED
2026-09-17T00:45:21.376635+00:00,1284673,013,3161,12,0,1789606315,,,SCHEDULED
2026-09-17T00:45:21.376635+00:00,1284673,013,3163,13,0,1789606415,,,SCHEDULED
2026-09-17T00:45:21.376635+00:00,1284673,013,3164,14,0,1789606459,,,SCHEDULED
2026-09-17T00:45:21.376635+00:00,1284673,013,4703,15,0,1789606495,,,SCHEDULED
2026-09-17T00:45:21.376635+00:00,1284673,013,4704,16,0,1789606580,,,SCHEDULED
2026-09-17T00:45:21.376635+00:00,1284673,013,4705,17,0,1789606633,,,SCHEDULED
2026-09-17T00:45:21.376635+00:00,1284673,013,4706,18,0,1789606693,,,SCHEDULED
2026-09-17T00:45:21.376635+00:00,1284673,013,4707,19,0,1789606777,,,SCHEDULED
2026-09-17T00:45:21.376635+00:00,1284673,013,4751,20,0,1789606820,,,SCHEDULED
2026-09-17T00:45:21.376635+00:00,1284673,013,5271,21,0,1789607034,,,SCHEDULED
2026-09-17T00:45:21.376635+00:00,1284673,013,9807,22,0,1789607119,,,SCHEDULED
2026-09-17T00:45:21.376635+00:00,1284673,013,1096,23,0,1789607214,,,SCHEDULED
2026-09-17T00:45:21.376635+00:00,1284673,013,1098,24,0,1789607383,,,SCHEDULED
2026-09-17T00:45:21.376635+00:00,1284673,013,1099,25,0,1789607539,,,SCHEDULED
2026-09-17T00:45:21.376635+00:00,1284673,013,1100,26,0,1789607682,,,SCHEDULED
2026-09-17T00:45:21.376635+00:00,1286214,056,4141,2,0,1789605919,,,SCHEDULED
2026-09-17T00:45:21.376635+00:00,1286214,056,4142,3,0,1789605966,,,SCHEDULED
2026-09-17T00:45:21.376635+00:00,1286214,056,4143,4,0,1789606071,,,SCHEDULED
2026-09-17T00:45:21.376635+00:00,1286214,056,5251,5,0,1789606119,,,SCHEDULED
2026-09-17T00:45:21.376635+00:00,1286214,056,4144,6,0,1789606137,,,SCHEDULED
2026-09-17T00:45:21.376635+00:00,1286214,056,4145,7,0,1789606156,,,SCHEDULED
2026-09-17T00:45:21.376635+00:00,1286214,056,4146,8,0,1789606179,,,SCHEDULED
2026-09-17T00:45:21.376635+00:00,1286214,056,478,9,0,1789606219,,,SCHEDULED
2026-09-17T00:45:21.376635+00:00,1286214,056,172,10,0,1789606355,,,SCHEDULED
2026-09-17T00:45:21.376635+00:00,1286214,056,480,11,0,1789606522,,,SCHEDULED
2026-09-17T00:45:21.376635+00:00,1286214,056,1733,12,0,1789606614,,,SCHEDULED
2026-09-17T00:45:21.376635+00:00,1286214,056,481,13,0,1789606678,,,SCHEDULED
2026-09-17T00:45:21.376635+00:00,1286214,056,482,14,0,1789606723,,,SCHEDULED
2026-09-17T00:45:21.376635+00:00,1286214,056,483,15,0,1789606758,,,SCHEDULED
2026-09-17T00:45:21.376635+00:00,1286214,056,484,16,0,1789606799,,,SCHEDULED
2026-09-17T00:45:21.376635+00:00,1286214,056,485,17,0,1789606848,,,SCHEDULED
2026-09-17T00:45:21.376635+00:00,1286214,056,486,18,0,1789606904,,,SCHEDULED
2026-09-17T00:45:21.376635+00:00,1286214,056,487,19,0,1789606970,,,SCHEDULED
2026-09-17T00:45:21.376635+00:00,1286214,056,488,20,0,1789606971,,,SCHEDULED
2026-09-17T00:45:21.376635+00:00,1286214,056,5200,21,0,1789606972,,,SCHEDULED
2026-09-17T00:45:21.376635+00:00,1286214,056,489,22,0,1789607143,,,SCHEDULED
2026-09-17T00:45:21.376635+00:00,1286214,056,490,23,0,1789607201,,,SCHEDULED
2026-09-17T00:45:21.376635+00:00,1286214,056,491,24,0,1789607266,,,SCHEDULED
2026-09-17T00:45:21.376635+00:00,1286214,056,492,25,0,1789607284,,,SCHEDULED
2026-09-17T00:45:21.376635+00:00,1286214,056,493,26,0,1789607323,,,SCHEDULED
2026-09-17T00:45:21.376635+00:00,1286214,056,494,27,0,1789607332,,,SCHEDULED
2026-09-17T00:45:21.376635+00:00,1286214,056,3831,28,0,1789607537,,,SCHEDULED
2026-09-17T00:45:21.376635+00:00,1286214,056,3832,29,0,1789607597,,,SCHEDULED
2026-09-17T00:45:21.376635+00:00,1286214,056,3833,30,0,1789607631,,,SCHEDULED
2026-09-17T00:45:21.376635+00:00,1284277,010,11118,22,0,1789605862,,,SCHEDULED
2026-09-17T00:45:21.376635+00:00,1284277,010,11119,23,0,1789605915,,,SCHEDULED
2026-09-17T00:45:21.376635+00:00,1284277,010,11120,24,0,1789605969,,,SCHEDULED
2026-09-17T00:45:21.376635+00:00,1284277,010,11121,25,0,1789605992,,,SCHEDULED
2026-09-17T00:45:21.376635+00:00,1284277,010,11156,26,0,1789606085,,,SCHEDULED
2026-09-17T00:45:21.376635+00:00,1284277,010,11207,27,0,1789606116,,,SCHEDULED
2026-09-17T00:45:21.376635+00:00,1284277,010,11022,28,0,1789606175,,,SCHEDULED
2026-09-17T00:45:21.376635+00:00,1284277,010,11024,29,0,1789606229,,,SCHEDULED
2026-09-17T00:45:21.376635+00:00,1287545,084,3063,18,0,1789605912,,,SCHEDULED
2026-09-17T00:45:21.376635+00:00,1287545,084,3064,19,0,1789605968,,,SCHEDULED
2026-09-17T00:45:21.376635+00:00,1287545,084,3065,20,0,1789605997,,,SCHEDULED
2026-09-17T00:45:21.376635+00:00,1287545,084,3066,21,0,1789606033,,,SCHEDULED
2026-09-17T00:45:21.376635+00:00,1287545,084,3067,22,0,1789606084,,,SCHEDULED
2026-09-17T00:45:21.376635+00:00,1287545,084,3068,23,0,1789606135,,,SCHEDULED
2026-09-17T00:45:21.376635+00:00,1287545,084,3069,24,0,1789606164,,,SCHEDULED
2026-09-17T00:45:21.376635+00:00,1287545,084,3049,25,0,1789606255,,,SCHEDULED
2026-09-17T00:45:21.376635+00:00,1287545,084,3070,26,0,1789606310,,,SCHEDULED
2026-09-17T00:45:21.376635+00:00,1287545,084,3071,27,0,1789606366,,,SCHEDULED
2026-09-17T00:45:21.376635+00:00,1287545,084,3072,28,0,1789606367,,,SCHEDULED
2026-09-17T00:45:21.376635+00:00,1287545,084,9801,29,0,1789606368,,,SCHEDULED
2026-09-17T00:45:21.376635+00:00,1287545,084,3073,30,0,1789606369,,,SCHEDULED
2026-09-17T00:45:21.376635+00:00,1287545,084,3074,31,0,1789606497,,,SCHEDULED
2026-09-17T00:45:21.376635+00:00,1287545,084,3075,32,0,1789606537,,,SCHEDULED
2026-09-17T00:45:21.376635+00:00,1287545,084,3076,33,0,1789606629,,,SCHEDULED
2026-09-17T00:45:21.376635+00:00,1287545,084,3077,34,0,1789606663,,,SCHEDULED
2026-09-17T00:45:21.376635+00:00,1287545,084,3078,35,0,1789606741,,,SCHEDULED
2026-09-17T00:45:21.376635+00:00,1287545,084,3079,36,0,1789606892,,,SCHEDULED
2026-09-17T00:45:21.376635+00:00,1287545,084,3080,37,0,1789607000,,,SCHEDULED
2026-09-17T00:45:21.376635+00:00,1287545,084,1074,38,0,1789607059,,,SCHEDULED
2026-09-17T00:45:21.376635+00:00,1287545,084,1075,39,0,1789607128,,,SCHEDULED
2026-09-17T00:45:21.376635+00:00,1287545,084,1076,40,0,1789607152,,,SCHEDULED
2026-09-17T00:45:21.376635+00:00,1287545,084,1077,41,0,1789607187,,,SCHEDULED
2026-09-17T00:45:21.376635+00:00,1287545,084,1646,42,0,1789607248,,,SCHEDULED
2026-09-17T00:45:21.376635+00:00,1287545,084,1648,43,0,1789607474,,,SCHEDULED
2026-09-17T00:45:21.376635+00:00,1287545,084,1107,44,0,1789607483,,,SCHEDULED
2026-09-17T00:45:21.376635+00:00,1287545,084,1108,45,0,1789607513,,,SCHEDULED
2026-09-17T00:45:21.376635+00:00,1287545,084,3081,46,0,1789607579,,,SCHEDULED
2026-09-17T00:45:21.376635+00:00,1287545,084,3082,47,0,1789607619,,,SCHEDULED
2026-09-17T00:45:21.376635+00:00,1287545,084,3083,48,0,1789607635,,,SCHEDULED
2026-09-17T00:45:21.376635+00:00,1287666,086,851,9,0,1789605951,,,SCHEDULED
2026-09-17T00:45:21.376635+00:00,1287666,086,852,10,0,1789605987,,,SCHEDULED
2026-09-17T00:45:21.376635+00:00,1287666,086,853,11,0,1789606012,,,SCHEDULED
2026-09-17T00:45:21.376635+00:00,1287666,086,854,12,0,1789606046,,,SCHEDULED
2026-09-17T00:45:21.376635+00:00,1287666,086,855,13,0,1789606078,,,SCHEDULED
2026-09-17T00:45:21.376635+00:00,1287666,086,856,14,0,1789606119,,,SCHEDULED
2026-09-17T00:45:21.376635+00:00,1287666,086,813,15,0,1789606200,,,SCHEDULED
2026-09-17T00:45:21.376635+00:00,1287666,086,814,16,0,1789606248,,,SCHEDULED
2026-09-17T00:45:21.376635+00:00,1287666,086,815,17,0,1789606287,,,SCHEDULED
2026-09-17T00:45:21.376635+00:00,1287666,086,701,18,0,1789606334,,,SCHEDULED
2026-09-17T00:45:21.376635+00:00,1287666,086,702,19,0,1789606361,,,SCHEDULED
2026-09-17T00:45:21.376635+00:00,1287666,086,3240,20,0,1789606483,,,SCHEDULED
2026-09-17T00:45:21.376635+00:00,1287666,086,3241,21,0,1789606530,,,SCHEDULED
2026-09-17T00:45:21.376635+00:00,1287666,086,3242,22,0,1789606543,,,SCHEDULED
2026-09-17T00:45:21.376635+00:00,1287666,086,3243,23,0,1789606596,,,SCHEDULED
2026-09-17T00:45:21.376635+00:00,1287666,086,3244,24,0,1789606616,,,SCHEDULED
2026-09-17T00:45:21.376635+00:00,1287666,086,3246,25,0,1789606728,,,SCHEDULED
2026-09-17T00:45:21.376635+00:00,1287666,086,3247,26,0,1789606806,,,SCHEDULED
2026-09-17T00:45:21.376635+00:00,1287666,086,3248,27,0,1789606875,,,SCHEDULED
2026-09-17T00:45:21.376635+00:00,1287666,086,3249,28,0,1789606889,,,SCHEDULED
2026-09-17T00:45:21.376635+00:00,1287666,086,3250,29,0,1789606946,,,SCHEDULED
2026-09-17T00:45:21.376635+00:00,1287666,086,3251,30,0,1789606984,,,SCHEDULED
2026-09-17T00:45:21.376635+00:00,1287666,086,3252,31,0,1789607025,,,SCHEDULED
2026-09-17T00:45:21.376635+00:00,1287666,086,3253,32,0,1789607059,,,SCHEDULED
2026-09-17T00:45:21.376635+00:00,1287666,086,3254,33,0,1789607102,,,SCHEDULED
2026-09-17T00:45:21.376635+00:00,1287666,086,3255,34,0,1789607137,,,SCHEDULED
2026-09-17T00:45:21.376635+00:00,1287666,086,3256,35,0,1789607230,,,SCHEDULED
2026-09-17T00:45:21.376635+00:00,1287666,086,3257,36,0,1789607262,,,SCHEDULED
2026-09-17T00:45:21.376635+00:00,1287666,086,3259,37,0,1789607327,,,SCHEDULED
2026-09-17T00:45:21.376635+00:00,1287546,084,1074,38,0,1789605961,,,SCHEDULED
2026-09-17T00:45:21.376635+00:00,1287546,084,1075,39,0,1789606022,,,SCHEDULED
2026-09-17T00:45:21.376635+00:00,1287546,084,1076,40,0,1789606043,,,SCHEDULED
2026-09-17T00:45:21.376635+00:00,1287546,084,1077,41,0,1789606084,,,SCHEDULED
2026-09-17T00:45:21.376635+00:00,1287546,084,1646,42,0,1789606147,,,SCHEDULED
2026-09-17T00:45:21.376635+00:00,1287546,084,1648,43,0,1789606229,,,SCHEDULED
2026-09-17T00:45:21.376635+00:00,1287546,084,1107,44,0,1789606322,,,SCHEDULED
2026-09-17T00:45:21.376635+00:00,1287546,084,1108,45,0,1789606365,,,SCHEDULED
2026-09-17T00:45:21.376635+00:00,1287546,084,3081,46,0,1789606429,,,SCHEDULED
2026-09-17T00:45:21.376635+00:00,1287546,084,3082,47,0,1789606468,,,SCHEDULED
2026-09-17T00:45:21.376635+00:00,1287546,084,3083,48,0,1789606494,,,SCHEDULED
2026-09-17T00:45:21.376635+00:00,1287546,084,3084,49,0,1789606541,,,SCHEDULED
2026-09-17T00:45:21.376635+00:00,1287546,084,3085,50,0,1789606588,,,SCHEDULED
2026-09-17T00:45:21.376635+00:00,1287546,084,3086,51,0,1789606627,,,SCHEDULED
2026-09-17T00:45:21.376635+00:00,1287546,084,3087,52,0,1789606710,,,SCHEDULED
2026-09-17T00:45:21.376635+00:00,1287546,084,3000,53,0,1789606870,,,SCHEDULED
2026-09-17T00:45:21.376635+00:00,1287546,084,3001,54,0,1789607026,,,SCHEDULED
2026-09-17T00:45:21.376635+00:00,1287546,084,3002,55,0,1789607050,,,SCHEDULED
2026-09-17T00:45:21.376635+00:00,1287546,084,3003,56,0,1789607077,,,SCHEDULED
2026-09-17T00:45:21.376635+00:00,1287546,084,3004,57,0,1789607113,,,SCHEDULED
2026-09-17T00:45:21.376635+00:00,1287546,084,3005,58,0,1789607146,,,SCHEDULED
2026-09-17T00:45:21.376635+00:00,1287546,084,3006,59,0,1789607180,,,SCHEDULED
2026-09-17T00:45:21.376635+00:00,1287546,084,3007,60,0,1789607190,,,SCHEDULED
2026-09-17T00:45:21.376635+00:00,1287546,084,2749,61,0,1789607218,,,SCHEDULED
2026-09-17T00:45:21.376635+00:00,1287546,084,2750,62,0,1789607463,,,SCHEDULED
2026-09-17T00:45:21.376635+00:00,1287546,084,2751,63,0,1789607514,,,SCHEDULED
2026-09-17T00:45:21.376635+00:00,1287546,084,2752,64,0,1789607546,,,SCHEDULED
2026-09-17T00:45:21.376635+00:00,1286215,056,4140,1,,,0,1789607589,SCHEDULED
2026-09-17T00:45:21.376635+00:00,1287788,087,291,1,,,0,1789606742,SCHEDULED
2026-09-17T00:45:21.376635+00:00,1287788,087,274,2,0,1789606781,,,SCHEDULED
2026-09-17T00:45:21.376635+00:00,1287788,087,275,3,0,1789606883,,,SCHEDULED
2026-09-17T00:45:21.376635+00:00,1287788,087,3893,4,0,1789607259,,,SCHEDULED
2026-09-17T00:45:21.376635+00:00,1284672,013,1334,1,,,0,1789606949,SCHEDULED
2026-09-17T00:45:21.376635+00:00,1284672,013,1335,2,0,1789606966,,,SCHEDULED
2026-09-17T00:45:21.376635+00:00,1284672,013,1347,3,0,1789606991,,,SCHEDULED
2026-09-17T00:45:21.376635+00:00,1284672,013,8909,4,0,1789607052,,,SCHEDULED
2026-09-17T00:45:21.376635+00:00,1284672,013,8911,5,0,1789607116,,,SCHEDULED
2026-09-17T00:45:21.376635+00:00,1284672,013,8910,6,0,1789607202,,,SCHEDULED
2026-09-17T00:45:21.376635+00:00,1284672,013,8912,7,0,1789607300,,,SCHEDULED
2026-09-17T00:45:21.376635+00:00,1284672,013,8913,8,0,1789607323,,,SCHEDULED
2026-09-17T00:45:21.376635+00:00,1284672,013,3158,9,0,1789607611,,,SCHEDULED
2026-09-17T00:45:21.376635+00:00,1284672,013,3159,10,0,1789607666,,,SCHEDULED
2026-09-17T00:45:21.376635+00:00,1284672,013,3160,11,0,1789607686,,,SCHEDULED
2026-09-17T00:45:21.376635+00:00,1286179,056,2064,16,0,1789605895,,,SCHEDULED
2026-09-17T00:45:21.376635+00:00,1286179,056,2065,17,0,1789605935,,,SCHEDULED
2026-09-17T00:45:21.376635+00:00,1286179,056,2066,18,0,1789605957,,,SCHEDULED
2026-09-17T00:45:21.376635+00:00,1286179,056,2068,19,0,1789605999,,,SCHEDULED
2026-09-17T00:45:21.376635+00:00,1286179,056,5200,20,0,1789606087,,,SCHEDULED
2026-09-17T00:45:21.376635+00:00,1286179,056,287,21,0,1789606221,,,SCHEDULED
2026-09-17T00:45:21.376635+00:00,1286179,056,2070,22,0,1789606254,,,SCHEDULED
2026-09-17T00:45:21.376635+00:00,1286179,056,2071,23,0,1789606277,,,SCHEDULED
2026-09-17T00:45:21.376635+00:00,1286179,056,497,24,0,1789606390,,,SCHEDULED
2026-09-17T00:45:21.376635+00:00,1286179,056,498,25,0,1789606458,,,SCHEDULED
2026-09-17T00:45:21.376635+00:00,1286179,056,500,26,0,1789606526,,,SCHEDULED
2026-09-17T00:45:21.376635+00:00,1286179,056,501,27,0,1789606559,,,SCHEDULED
2026-09-17T00:45:21.376635+00:00,1286179,056,502,28,0,1789606585,,,SCHEDULED
2026-09-17T00:45:21.376635+00:00,1286179,056,503,29,0,1789606740,,,SCHEDULED
2026-09-17T00:45:21.376635+00:00,1286179,056,504,30,0,1789606843,,,SCHEDULED
2026-09-17T00:45:21.376635+00:00,1286179,056,505,31,0,1789606877,,,SCHEDULED
2026-09-17T00:45:21.376635+00:00,1286179,056,4134,32,0,1789607444,,,SCHEDULED
2026-09-17T00:45:21.376635+00:00,1286179,056,4136,33,0,1789607516,,,SCHEDULED
2026-09-17T00:45:21.376635+00:00,1286179,056,4137,34,0,1789607565,,,SCHEDULED
2026-09-17T00:45:21.376635+00:00,1287544,084,1285,1,,,0,1789607686,SCHEDULED
2026-09-17T00:45:21.376635+00:00,1284795,015,9800,1,,,0,1789607372,SCHEDULED
2026-09-17T00:45:21.376635+00:00,1284795,015,574,2,0,1789607528,,,SCHEDULED
2026-09-17T00:45:21.376635+00:00,1284795,015,575,3,0,1789607589,,,SCHEDULED
2026-09-17T00:45:21.376635+00:00,1284795,015,576,4,0,1789607618,,,SCHEDULED
2026-09-17T00:45:21.376635+00:00,1284795,015,577,5,0,1789607659,,,SCHEDULED
2026-09-17T00:45:21.376635+00:00,1286213,056,494,27,0,1789605894,,,SCHEDULED
2026-09-17T00:45:21.376635+00:00,1286213,056,3831,28,0,1789606067,,,SCHEDULED
2026-09-17T00:45:21.376635+00:00,1286213,056,3832,29,0,1789606157,,,SCHEDULED
2026-09-17T00:45:21.376635+00:00,1286213,056,3833,30,0,1789606192,,,SCHEDULED
2026-09-17T00:45:21.376635+00:00,1286213,056,3834,31,0,1789606265,,,SCHEDULED
2026-09-17T00:45:21.376635+00:00,1286213,056,3939,32,0,1789606391,,,SCHEDULED
2026-09-17T00:45:21.376635+00:00,1286213,056,5107,33,0,1789606488,,,SCHEDULED
2026-09-17T00:45:21.376635+00:00,1286213,056,4020,34,0,1789606529,,,SCHEDULED
2026-09-17T00:45:21.376635+00:00,1286213,056,4021,35,0,1789606572,,,SCHEDULED
2026-09-17T00:45:21.376635+00:00,1286213,056,4022,36,0,1789606630,,,SCHEDULED
2026-09-17T00:45:21.376635+00:00,1286213,056,242,37,0,1789606703,,,SCHEDULED
2026-09-17T00:45:21.376635+00:00,1286213,056,243,38,0,1789606729,,,SCHEDULED
2026-09-17T00:45:21.376635+00:00,1286213,056,244,39,0,1789606753,,,SCHEDULED
2026-09-17T00:45:21.376635+00:00,1286213,056,1038,40,0,1789606791,,,SCHEDULED
2026-09-17T00:45:21.376635+00:00,1286213,056,4019,41,0,1789606857,,,SCHEDULED
2026-09-17T00:45:21.376635+00:00,1287703,086,418,1,,,0,1789606695,SCHEDULED
2026-09-17T00:45:21.376635+00:00,1287703,086,4763,2,0,1789606741,,,SCHEDULED
2026-09-17T00:45:21.376635+00:00,1287703,086,113,3,0,1789606780,,,SCHEDULED
2026-09-17T00:45:21.376635+00:00,1287703,086,525,4,0,1789606868,,,SCHEDULED
2026-09-17T00:45:21.376635+00:00,1287703,086,526,5,0,1789606974,,,SCHEDULED
2026-09-17T00:45:21.376635+00:00,1287703,086,527,6,0,1789606995,,,SCHEDULED
2026-09-17T00:45:21.376635+00:00,1287703,086,528,7,0,1789607013,,,SCHEDULED
2026-09-17T00:45:21.376635+00:00,1287703,086,5252,8,0,1789607086,,,SCHEDULED
2026-09-17T00:45:21.376635+00:00,1287703,086,531,9,0,1789607146,,,SCHEDULED
2026-09-17T00:45:21.376635+00:00,1287703,086,3146,10,0,1789607508,,,SCHEDULED
2026-09-17T00:45:21.376635+00:00,1287703,086,3148,11,0,1789607576,,,SCHEDULED
2026-09-17T00:45:21.376635+00:00,1287703,086,3149,12,0,1789607659,,,SCHEDULED
2026-09-17T00:45:21.376635+00:00,1287701,086,3163,25,0,1789605893,,,SCHEDULED
2026-09-17T00:45:21.376635+00:00,1287701,086,3164,26,0,1789605929,,,SCHEDULED
2026-09-17T00:45:21.376635+00:00,1287701,086,699,27,0,1789606000,,,SCHEDULED
2026-09-17T00:45:21.376635+00:00,1287701,086,703,28,0,1789606191,,,SCHEDULED
2026-09-17T00:45:21.376635+00:00,1287701,086,700,29,0,1789606219,,,SCHEDULED
2026-09-17T00:45:21.376635+00:00,1287701,086,706,30,0,1789606293,,,SCHEDULED
2026-09-17T00:45:21.376635+00:00,1287701,086,707,31,0,1789606359,,,SCHEDULED
2026-09-17T00:45:21.376635+00:00,1287701,086,708,32,0,1789606381,,,SCHEDULED
2026-09-17T00:45:21.376635+00:00,1287701,086,834,33,0,1789606453,,,SCHEDULED
2026-09-17T00:45:21.376635+00:00,1287701,086,835,34,0,1789606507,,,SCHEDULED
2026-09-17T00:45:21.376635+00:00,1287701,086,836,35,0,1789606546,,,SCHEDULED
2026-09-17T00:45:21.376635+00:00,1287701,086,838,36,0,1789606599,,,SCHEDULED
2026-09-17T00:45:21.376635+00:00,1287701,086,839,37,0,1789606636,,,SCHEDULED
2026-09-17T00:45:21.376635+00:00,1287701,086,840,38,0,1789606685,,,SCHEDULED
2026-09-17T00:45:21.376635+00:00,1287701,086,581,39,0,1789606715,,,SCHEDULED
2026-09-17T00:45:21.376635+00:00,1287701,086,582,40,0,1789606773,,,SCHEDULED
2026-09-17T00:45:21.376635+00:00,1287701,086,583,41,0,1789606778,,,SCHEDULED
2026-09-17T00:45:21.376635+00:00,1287701,086,584,42,0,1789606858,,,SCHEDULED
2026-09-17T00:45:21.376635+00:00,1287701,086,585,43,0,1789606969,,,SCHEDULED
2026-09-17T00:45:21.376635+00:00,1287701,086,586,44,0,1789607007,,,SCHEDULED
2026-09-17T00:45:21.376635+00:00,1285009,021,1070,1,,,0,1789606099,SCHEDULED
2026-09-17T00:45:21.376635+00:00,1285009,021,3327,2,0,1789606105,,,SCHEDULED
2026-09-17T00:45:21.376635+00:00,1285009,021,3328,3,0,1789606262,,,SCHEDULED
2026-09-17T00:45:21.376635+00:00,1285009,021,3329,4,0,1789606294,,,SCHEDULED
2026-09-17T00:45:21.376635+00:00,1285009,021,3330,5,0,1789606331,,,SCHEDULED
2026-09-17T00:45:21.376635+00:00,1285009,021,3331,6,0,1789606404,,,SCHEDULED
2026-09-17T00:45:21.376635+00:00,1285009,021,3706,7,0,1789606523,,,SCHEDULED
2026-09-17T00:45:21.376635+00:00,1285009,021,3707,8,0,1789606555,,,SCHEDULED
2026-09-17T00:45:21.376635+00:00,1285009,021,3708,9,0,1789606672,,,SCHEDULED
2026-09-17T00:45:21.376635+00:00,1285009,021,3709,10,0,1789606798,,,SCHEDULED
2026-09-17T00:45:21.376635+00:00,1285009,021,3710,11,0,1789606833,,,SCHEDULED
2026-09-17T00:45:21.376635+00:00,1285009,021,3711,12,0,1789606872,,,SCHEDULED
2026-09-17T00:45:21.376635+00:00,1285009,021,3712,13,0,1789606882,,,SCHEDULED
2026-09-17T00:45:21.376635+00:00,1285009,021,3713,14,0,1789606897,,,SCHEDULED
2026-09-17T00:45:21.376635+00:00,1285009,021,1184,15,0,1789607168,,,SCHEDULED
2026-09-17T00:45:21.376635+00:00,1285009,021,3301,16,0,1789607279,,,SCHEDULED
2026-09-17T00:45:21.376635+00:00,1285009,021,1200,17,0,1789607488,,,SCHEDULED
2026-09-17T00:45:21.376635+00:00,1285009,021,1201,18,0,1789607558,,,SCHEDULED
2026-09-17T00:45:21.376635+00:00,1285009,021,1202,19,0,1789607615,,,SCHEDULED
2026-09-17T00:45:21.376635+00:00,1285009,021,1203,20,0,1789607659,,,SCHEDULED
2026-09-17T00:45:21.376635+00:00,1285768,033,628,1,,,0,1789606440,SCHEDULED
2026-09-17T00:45:21.376635+00:00,1285768,033,5259,2,0,1789606735,,,SCHEDULED
2026-09-17T00:45:21.376635+00:00,1285768,033,5260,3,0,1789606750,,,SCHEDULED
2026-09-17T00:45:21.376635+00:00,1285768,033,5257,4,0,1789606783,,,SCHEDULED
2026-09-17T00:45:21.376635+00:00,1285768,033,5261,5,0,1789607046,,,SCHEDULED
2026-09-17T00:45:21.376635+00:00,1287789,087,3894,5,0,1789605905,,,SCHEDULED
2026-09-17T00:45:21.376635+00:00,1287789,087,3895,6,0,1789605965,,,SCHEDULED
2026-09-17T00:45:21.376635+00:00,1287789,087,3896,7,0,1789606038,,,SCHEDULED
2026-09-17T00:45:21.376635+00:00,1287789,087,3897,8,0,1789606095,,,SCHEDULED
2026-09-17T00:45:21.376635+00:00,1287789,087,3898,9,0,1789606182,,,SCHEDULED
2026-09-17T00:45:21.376635+00:00,1287789,087,3899,10,0,1789606235,,,SCHEDULED
2026-09-17T00:45:21.376635+00:00,1287789,087,3900,11,0,1789606320,,,SCHEDULED
2026-09-17T00:45:21.376635+00:00,1287789,087,3901,12,0,1789606402,,,SCHEDULED
2026-09-17T00:45:21.376635+00:00,1287789,087,3902,13,0,1789606454,,,SCHEDULED
2026-09-17T00:45:21.376635+00:00,1287789,087,3903,14,0,1789606601,,,SCHEDULED
2026-09-17T00:45:21.376635+00:00,1287789,087,3904,15,0,1789606657,,,SCHEDULED
2026-09-17T00:45:21.376635+00:00,1287789,087,3905,16,0,1789606752,,,SCHEDULED
2026-09-17T00:45:21.376635+00:00,1287789,087,1254,17,0,1789606843,,,SCHEDULED
2026-09-17T00:45:21.376635+00:00,1287789,087,1262,18,0,1789606943,,,SCHEDULED
2026-09-17T00:45:21.376635+00:00,1287702,086,3146,10,0,1789606348,,,SCHEDULED
2026-09-17T00:45:21.376635+00:00,1287702,086,3148,11,0,1789606408,,,SCHEDULED
2026-09-17T00:45:21.376635+00:00,1287702,086,3149,12,0,1789606465,,,SCHEDULED
2026-09-17T00:45:21.376635+00:00,1287702,086,3150,13,0,1789606519,,,SCHEDULED
2026-09-17T00:45:21.376635+00:00,1287702,086,3151,14,0,1789606555,,,SCHEDULED
2026-09-17T00:45:21.376635+00:00,1287702,086,3152,15,0,1789606617,,,SCHEDULED
2026-09-17T00:45:21.376635+00:00,1287702,086,3153,16,0,1789606629,,,SCHEDULED
2026-09-17T00:45:21.376635+00:00,1287702,086,3154,17,0,1789606668,,,SCHEDULED
2026-09-17T00:45:21.376635+00:00,1287702,086,3155,18,0,1789606727,,,SCHEDULED
2026-09-17T00:45:21.376635+00:00,1287702,086,3156,19,0,1789606767,,,SCHEDULED
2026-09-17T00:45:21.376635+00:00,1287702,086,3157,20,0,1789606800,,,SCHEDULED
2026-09-17T00:45:21.376635+00:00,1287702,086,3158,21,0,1789606872,,,SCHEDULED
2026-09-17T00:45:21.376635+00:00,1287702,086,3159,22,0,1789606914,,,SCHEDULED
2026-09-17T00:45:21.376635+00:00,1287702,086,3160,23,0,1789606936,,,SCHEDULED
2026-09-17T00:45:21.376635+00:00,1287702,086,3161,24,0,1789606963,,,SCHEDULED
2026-09-17T00:45:21.376635+00:00,1287702,086,3163,25,0,1789606965,,,SCHEDULED
2026-09-17T00:45:21.376635+00:00,1287702,086,3164,26,0,1789607001,,,SCHEDULED
2026-09-17T00:45:21.376635+00:00,1287702,086,699,27,0,1789607072,,,SCHEDULED
2026-09-17T00:45:21.376635+00:00,1287702,086,703,28,0,1789607263,,,SCHEDULED
2026-09-17T00:45:21.376635+00:00,1287702,086,700,29,0,1789607291,,,SCHEDULED
2026-09-17T00:45:21.376635+00:00,1287702,086,706,30,0,1789607298,,,SCHEDULED
2026-09-17T00:45:21.376635+00:00,1287702,086,707,31,0,1789607306,,,SCHEDULED
2026-09-17T00:45:21.376635+00:00,1287702,086,708,32,0,1789607330,,,SCHEDULED
2026-09-17T00:45:21.376635+00:00,1287702,086,834,33,0,1789607425,,,SCHEDULED
2026-09-17T00:45:21.376635+00:00,1287702,086,835,34,0,1789607476,,,SCHEDULED
2026-09-17T00:45:21.376635+00:00,1287702,086,836,35,0,1789607543,,,SCHEDULED
2026-09-17T00:45:21.376635+00:00,1287702,086,838,36,0,1789607590,,,SCHEDULED
2026-09-17T00:45:21.376635+00:00,1287702,086,839,37,0,1789607625,,,SCHEDULED
2026-09-17T00:45:21.376635+00:00,1287702,086,840,38,0,1789607688,,,SCHEDULED
2026-09-17T00:45:21.376635+00:00,1287702,086,581,39,0,1789607691,,,SCHEDULED
2026-09-17T00:45:21.376635+00:00,1286739,068,1099,1,,,0,1789606958,SCHEDULED
2026-09-17T00:45:21.376635+00:00,1286739,068,2645,2,0,1789607083,,,SCHEDULED
2026-09-17T00:45:21.376635+00:00,1286739,068,2643,3,0,1789607116,,,SCHEDULED
2026-09-17T00:45:21.376635+00:00,1286739,068,2644,4,0,1789607209,,,SCHEDULED
2026-09-17T00:45:21.376635+00:00,1286739,068,2646,5,0,1789607296,,,SCHEDULED
2026-09-17T00:45:21.376635+00:00,1286739,068,2647,6,0,1789607315,,,SCHEDULED
2026-09-17T00:45:21.376635+00:00,1286739,068,2648,7,0,1789607624,,,SCHEDULED
2026-09-17T00:45:21.376635+00:00,1286739,068,5344,8,0,1789607667,,,SCHEDULED
2026-09-17T00:45:21.376635+00:00,1287819,087,241,1,,,0,1789605900,SCHEDULED
2026-09-17T00:45:21.376635+00:00,1287819,087,1255,2,0,1789606098,,,SCHEDULED
2026-09-17T00:45:21.376635+00:00,1287819,087,1263,3,0,1789606171,,,SCHEDULED
2026-09-17T00:45:21.376635+00:00,1287819,087,3179,4,0,1789606199,,,SCHEDULED
2026-09-17T00:45:21.376635+00:00,1287819,087,3180,5,0,1789606286,,,SCHEDULED
2026-09-17T00:45:21.376635+00:00,1287819,087,3181,6,0,1789606345,,,SCHEDULED
2026-09-17T00:45:21.376635+00:00,1287819,087,3182,7,0,1789606386,,,SCHEDULED
2026-09-17T00:45:21.376635+00:00,1287819,087,3183,8,0,1789606484,,,SCHEDULED
2026-09-17T00:45:21.376635+00:00,1287819,087,3184,9,0,1789606543,,,SCHEDULED
2026-09-17T00:45:21.376635+00:00,1287819,087,3185,10,0,1789606620,,,SCHEDULED
2026-09-17T00:45:21.376635+00:00,1287819,087,3187,11,0,1789606684,,,SCHEDULED
2026-09-17T00:45:21.376635+00:00,1287819,087,3188,12,0,1789606728,,,SCHEDULED
2026-09-17T00:45:21.376635+00:00,1287819,087,3189,13,0,1789606770,,,SCHEDULED
2026-09-17T00:45:21.376635+00:00,1287819,087,3190,14,0,1789606840,,,SCHEDULED
2026-09-17T00:45:21.376635+00:00,1287819,087,3191,15,0,1789606890,,,SCHEDULED
2026-09-17T00:45:21.376635+00:00,1287819,087,3192,16,0,1789606935,,,SCHEDULED
2026-09-17T00:45:21.376635+00:00,1287819,087,3193,17,0,1789607016,,,SCHEDULED
2026-09-17T00:45:21.376635+00:00,1287819,087,275,18,0,1789607220,,,SCHEDULED
2026-09-17T00:45:21.376635+00:00,1287819,087,276,19,0,1789607494,,,SCHEDULED
2026-09-17T00:45:21.376635+00:00,1288190,106,2357,40,0,1789605893,,,SCHEDULED
2026-09-17T00:45:21.376635+00:00,1288190,106,1005,41,0,1789605925,,,SCHEDULED
2026-09-17T00:45:21.376635+00:00,1288190,106,1006,42,0,1789605943,,,SCHEDULED
2026-09-17T00:45:21.376635+00:00,1288190,106,1007,43,0,1789605968,,,SCHEDULED
2026-09-17T00:45:21.376635+00:00,1288190,106,450,44,0,1789605998,,,SCHEDULED
2026-09-17T00:45:21.376635+00:00,1288190,106,1008,45,0,1789606012,,,SCHEDULED
2026-09-17T00:45:21.376635+00:00,1288190,106,1009,46,0,1789606041,,,SCHEDULED
2026-09-17T00:45:21.376635+00:00,1288190,106,1010,47,0,1789606075,,,SCHEDULED
2026-09-17T00:45:21.376635+00:00,1288190,106,1011,48,0,1789606112,,,SCHEDULED
2026-09-17T00:45:21.376635+00:00,1288190,106,1012,49,0,1789606158,,,SCHEDULED
2026-09-17T00:45:21.376635+00:00,1288190,106,1013,50,0,1789606172,,,SCHEDULED
2026-09-17T00:45:21.376635+00:00,1288190,106,1014,51,0,1789606189,,,SCHEDULED
2026-09-17T00:45:21.376635+00:00,1288190,106,1016,52,0,1789606287,,,SCHEDULED
2026-09-17T00:45:21.376635+00:00,1288190,106,1017,53,0,1789606336,,,SCHEDULED
2026-09-17T00:45:21.376635+00:00,1288190,106,476,54,0,1789606369,,,SCHEDULED
2026-09-17T00:45:21.376635+00:00,1288190,106,477,55,0,1789606407,,,SCHEDULED
2026-09-17T00:45:21.376635+00:00,1288190,106,4134,56,0,1789606448,,,SCHEDULED
2026-09-17T00:45:21.376635+00:00,1288190,106,4136,57,0,1789606496,,,SCHEDULED
2026-09-17T00:45:21.376635+00:00,1288190,106,4137,58,0,1789606542,,,SCHEDULED
2026-09-17T00:45:21.376635+00:00,1284392,011,8900,52,0,1789605992,,,SCHEDULED
2026-09-17T00:45:21.376635+00:00,1284392,011,8901,53,0,1789606014,,,SCHEDULED
2026-09-17T00:45:21.376635+00:00,1284392,011,8902,54,0,1789606079,,,SCHEDULED
2026-09-17T00:45:21.376635+00:00,1284392,011,8903,55,0,1789606144,,,SCHEDULED
2026-09-17T00:45:21.376635+00:00,1284392,011,8904,56,0,1789606195,,,SCHEDULED
2026-09-17T00:45:21.376635+00:00,1284392,011,8905,57,0,1789606247,,,SCHEDULED
2026-09-17T00:45:21.376635+00:00,1284392,011,8906,58,0,1789606298,,,SCHEDULED
2026-09-17T00:45:21.376635+00:00,1284392,011,8907,59,0,1789606344,,,SCHEDULED
2026-09-17T00:45:21.376635+00:00,1284392,011,8908,60,0,1789606371,,,SCHEDULED
2026-09-17T00:45:21.376635+00:00,1288195,109,3481,32,0,1789605897,,,SCHEDULED
2026-09-17T00:45:21.376635+00:00,1288195,109,3482,33,0,1789605936,,,SCHEDULED
2026-09-17T00:45:21.376635+00:00,1288195,109,3483,34,0,1789606002,,,SCHEDULED
2026-09-17T00:45:21.376635+00:00,1284391,011,2276,5,0,1789605916,,,SCHEDULED
2026-09-17T00:45:21.376635+00:00,1284391,011,8303,6,0,1789605963,,,SCHEDULED
2026-09-17T00:45:21.376635+00:00,1284391,011,8302,7,0,1789606009,,,SCHEDULED
2026-09-17T00:45:21.376635+00:00,1284391,011,1046,8,0,1789606115,,,SCHEDULED
2026-09-17T00:45:21.376635+00:00,1284391,011,1047,9,0,1789606191,,,SCHEDULED
2026-09-17T00:45:21.376635+00:00,1284391,011,1049,10,0,1789606236,,,SCHEDULED
2026-09-17T00:45:21.376635+00:00,1284391,011,1050,11,0,1789606271,,,SCHEDULED
2026-09-17T00:45:21.376635+00:00,1284391,011,1051,12,0,1789606305,,,SCHEDULED
2026-09-17T00:45:21.376635+00:00,1284391,011,215,13,0,1789606479,,,SCHEDULED
2026-09-17T00:45:21.376635+00:00,1284391,011,216,14,0,1789606508,,,SCHEDULED
2026-09-17T00:45:21.376635+00:00,1284391,011,217,15,0,1789606531,,,SCHEDULED
2026-09-17T00:45:21.376635+00:00,1284391,011,218,16,0,1789606556,,,SCHEDULED
2026-09-17T00:45:21.376635+00:00,1284391,011,219,17,0,1789606576,,,SCHEDULED
2026-09-17T00:45:21.376635+00:00,1284391,011,1926,18,0,1789606611,,,SCHEDULED
2026-09-17T00:45:21.376635+00:00,1284391,011,1940,19,0,1789606641,,,SCHEDULED
2026-09-17T00:45:21.376635+00:00,1284391,011,1770,20,0,1789606691,,,SCHEDULED
2026-09-17T00:45:21.376635+00:00,1284391,011,1771,21,0,1789606722,,,SCHEDULED
2026-09-17T00:45:21.376635+00:00,1284391,011,1772,22,0,1789606768,,,SCHEDULED
2026-09-17T00:45:21.376635+00:00,1284391,011,1773,23,0,1789606829,,,SCHEDULED
2026-09-17T00:45:21.376635+00:00,1284391,011,1774,24,0,1789606894,,,SCHEDULED
2026-09-17T00:45:21.376635+00:00,1284391,011,1775,25,0,1789606936,,,SCHEDULED
2026-09-17T00:45:21.376635+00:00,1284391,011,1776,26,0,1789606963,,,SCHEDULED
2026-09-17T00:45:21.376635+00:00,1284391,011,325,27,0,1789607089,,,SCHEDULED
2026-09-17T00:45:21.376635+00:00,1284391,011,327,29,0,1789607151,,,SCHEDULED
2026-09-17T00:45:21.376635+00:00,1284391,011,328,30,0,1789607181,,,SCHEDULED
2026-09-17T00:45:21.376635+00:00,1284391,011,329,31,0,1789607230,,,SCHEDULED
2026-09-17T00:45:21.376635+00:00,1284391,011,330,32,0,1789607279,,,SCHEDULED
2026-09-17T00:45:21.376635+00:00,1284391,011,331,33,0,1789607309,,,SCHEDULED
2026-09-17T00:45:21.376635+00:00,1284391,011,668,34,0,1789607370,,,SCHEDULED
2026-09-17T00:45:21.376635+00:00,1288196,109,447,16,0,1789607019,,,SCHEDULED
2026-09-17T00:45:21.376635+00:00,1288196,109,3468,17,0,1789607076,,,SCHEDULED
2026-09-17T00:45:21.376635+00:00,1288196,109,3469,18,0,1789607094,,,SCHEDULED
2026-09-17T00:45:21.376635+00:00,1288196,109,3470,19,0,1789607113,,,SCHEDULED
2026-09-17T00:45:21.376635+00:00,1288196,109,3471,20,0,1789607151,,,SCHEDULED
2026-09-17T00:45:21.376635+00:00,1288196,109,3472,21,0,1789607240,,,SCHEDULED
2026-09-17T00:45:21.376635+00:00,1288196,109,3473,22,0,1789607295,,,SCHEDULED
2026-09-17T00:45:21.376635+00:00,1288196,109,3474,23,0,1789607310,,,SCHEDULED
2026-09-17T00:45:21.376635+00:00,1288196,109,3475,24,0,1789607388,,,SCHEDULED
2026-09-17T00:45:21.376635+00:00,1288196,109,3476,25,0,1789607446,,,SCHEDULED
2026-09-17T00:45:21.376635+00:00,1288196,109,3465,26,0,1789607480,,,SCHEDULED
2026-09-17T00:45:21.376635+00:00,1288196,109,3477,27,0,1789607529,,,SCHEDULED
2026-09-17T00:45:21.376635+00:00,1288196,109,3478,28,0,1789607628,,,SCHEDULED
2026-09-17T00:45:21.376635+00:00,1288196,109,3479,29,0,1789607661,,,SCHEDULED
2026-09-17T00:45:21.376635+00:00,1285010,021,2719,25,0,1789605976,,,SCHEDULED
2026-09-17T00:45:21.376635+00:00,1285010,021,2934,26,0,1789606027,,,SCHEDULED
2026-09-17T00:45:21.376635+00:00,1285010,021,2935,27,0,1789606070,,,SCHEDULED
2026-09-17T00:45:21.376635+00:00,1285010,021,2722,28,0,1789606465,,,SCHEDULED
2026-09-17T00:45:21.376635+00:00,1285010,021,2723,29,0,1789606536,,,SCHEDULED
2026-09-17T00:45:21.376635+00:00,1285010,021,2724,30,0,1789606620,,,SCHEDULED
2026-09-17T00:45:21.376635+00:00,1285010,021,2726,31,0,1789606709,,,SCHEDULED
2026-09-17T00:45:21.376635+00:00,1285010,021,2727,32,0,1789606738,,,SCHEDULED
2026-09-17T00:45:21.376635+00:00,1285010,021,2728,33,0,1789606782,,,SCHEDULED
2026-09-17T00:45:21.376635+00:00,1285010,021,2729,34,0,1789606841,,,SCHEDULED
2026-09-17T00:45:21.376635+00:00,1285010,021,2730,35,0,1789606884,,,SCHEDULED
2026-09-17T00:45:21.376635+00:00,1285010,021,2731,36,0,1789606960,,,SCHEDULED
2026-09-17T00:45:21.376635+00:00,1285010,021,2732,37,0,1789606987,,,SCHEDULED
2026-09-17T00:45:21.376635+00:00,1285010,021,2733,38,0,1789607065,,,SCHEDULED
2026-09-17T00:45:21.376635+00:00,1285010,021,2734,39,0,1789607116,,,SCHEDULED
2026-09-17T00:45:21.376635+00:00,1285010,021,2735,40,0,1789607187,,,SCHEDULED
2026-09-17T00:45:21.376635+00:00,1285010,021,2736,41,0,1789607260,,,SCHEDULED
2026-09-17T00:45:21.376635+00:00,1285010,021,2737,42,0,1789607295,,,SCHEDULED
2026-09-17T00:45:21.376635+00:00,1285010,021,2738,43,0,1789607322,,,SCHEDULED
2026-09-17T00:45:21.376635+00:00,1287673,086,241,1,,,0,1789607337,SCHEDULED
2026-09-17T00:45:21.376635+00:00,1287673,086,558,2,0,1789607472,,,SCHEDULED
2026-09-17T00:45:21.376635+00:00,1287673,086,559,3,0,1789607539,,,SCHEDULED
2026-09-17T00:45:21.376635+00:00,1287673,086,560,4,0,1789607607,,,SCHEDULED
2026-09-17T00:45:21.376635+00:00,1287673,086,561,5,0,1789607624,,,SCHEDULED
2026-09-17T00:45:21.376635+00:00,1287673,086,562,6,0,1789607682,,,SCHEDULED
2026-09-17T00:45:21.376635+00:00,1286464,062,5251,5,0,1789605922,,,SCHEDULED
2026-09-17T00:45:21.376635+00:00,1286464,062,4144,6,0,1789605940,,,SCHEDULED
2026-09-17T00:45:21.376635+00:00,1286464,062,4145,7,0,1789605955,,,SCHEDULED
2026-09-17T00:45:21.376635+00:00,1286464,062,4146,8,0,1789605976,,,SCHEDULED
2026-09-17T00:45:21.376635+00:00,1286464,062,506,9,0,1789606030,,,SCHEDULED
2026-09-17T00:45:21.376635+00:00,1286464,062,507,10,0,1789606047,,,SCHEDULED
2026-09-17T00:45:21.376635+00:00,1286464,062,508,11,0,1789606110,,,SCHEDULED
2026-09-17T00:45:21.376635+00:00,1286464,062,509,12,0,1789606138,,,SCHEDULED
2026-09-17T00:45:21.376635+00:00,1286464,062,510,13,0,1789606166,,,SCHEDULED
2026-09-17T00:45:21.376635+00:00,1286464,062,511,14,0,1789606201,,,SCHEDULED
2026-09-17T00:45:21.376635+00:00,1286464,062,513,15,0,1789606283,,,SCHEDULED
2026-09-17T00:45:21.376635+00:00,1286464,062,514,16,0,1789606347,,,SCHEDULED
2026-09-17T00:45:21.376635+00:00,1286464,062,515,17,0,1789606379,,,SCHEDULED
2026-09-17T00:45:21.376635+00:00,1286464,062,516,18,0,1789606403,,,SCHEDULED
2026-09-17T00:45:21.376635+00:00,1286464,062,517,19,0,1789606415,,,SCHEDULED
2026-09-17T00:45:21.376635+00:00,1286464,062,518,20,0,1789606462,,,SCHEDULED
2026-09-17T00:45:21.376635+00:00,1286464,062,2331,21,0,1789606492,,,SCHEDULED
2026-09-17T00:45:21.376635+00:00,1286464,062,2332,22,0,1789606522,,,SCHEDULED
2026-09-17T00:45:21.376635+00:00,1286464,062,2333,23,0,1789606552,,,SCHEDULED
2026-09-17T00:45:21.376635+00:00,1286464,062,2334,24,0,1789606579,,,SCHEDULED
2026-09-17T00:45:21.376635+00:00,1286464,062,2335,25,0,1789606610,,,SCHEDULED
2026-09-17T00:45:21.376635+00:00,1286464,062,1352,26,0,1789606648,,,SCHEDULED
2026-09-17T00:45:21.376635+00:00,1286464,062,2337,27,0,1789606692,,,SCHEDULED
2026-09-17T00:45:21.376635+00:00,1286464,062,2338,28,0,1789606790,,,SCHEDULED
2026-09-17T00:45:21.376635+00:00,1286464,062,2339,29,0,1789606852,,,SCHEDULED
2026-09-17T00:45:21.376635+00:00,1286464,062,2341,30,0,1789606924,,,SCHEDULED
2026-09-17T00:45:21.376635+00:00,1286464,062,2342,31,0,1789606965,,,SCHEDULED
2026-09-17T00:45:21.376635+00:00,1286464,062,2229,32,0,1789607033,,,SCHEDULED
2026-09-17T00:45:21.376635+00:00,1286464,062,2230,33,0,1789607072,,,SCHEDULED
2026-09-17T00:45:21.376635+00:00,1286464,062,2231,34,0,1789607101,,,SCHEDULED
2026-09-17T00:45:21.376635+00:00,1286464,062,2232,35,0,1789607131,,,SCHEDULED
2026-09-17T00:45:21.376635+00:00,1286464,062,2233,36,0,1789607190,,,SCHEDULED
2026-09-17T00:45:21.376635+00:00,1286464,062,2234,37,0,1789607214,,,SCHEDULED
2026-09-17T00:45:21.376635+00:00,1286464,062,2235,38,0,1789607283,,,SCHEDULED
2026-09-17T00:45:21.376635+00:00,1286464,062,2236,39,0,1789607333,,,SCHEDULED
2026-09-17T00:45:21.376635+00:00,1286464,062,2237,40,0,1789607400,,,SCHEDULED
2026-09-17T00:45:21.376635+00:00,1286464,062,2238,41,0,1789607429,,,SCHEDULED
2026-09-17T00:45:21.376635+00:00,1286464,062,2239,42,0,1789607474,,,SCHEDULED
2026-09-17T00:45:21.376635+00:00,1286464,062,2240,43,0,1789607519,,,SCHEDULED
2026-09-17T00:45:21.376635+00:00,1288486,177,664,1,,,,,NO_DATA
2026-09-17T00:45:21.376635+00:00,1288486,177,8006,2,,,,,NO_DATA
2026-09-17T00:45:21.376635+00:00,1288486,177,8007,3,,,,,NO_DATA
2026-09-17T00:45:21.376635+00:00,1288486,177,844,4,,,,,NO_DATA
2026-09-17T00:45:21.376635+00:00,1288486,177,4199,5,,,,,NO_DATA
2026-09-17T00:45:21.376635+00:00,1288486,177,4200,6,,,,,NO_DATA
2026-09-17T00:45:21.376635+00:00,1286582,067,6508,17,0,1789605896,,,SCHEDULED
2026-09-17T00:45:21.376635+00:00,1286582,067,2174,18,0,1789605982,,,SCHEDULED
2026-09-17T00:45:21.376635+00:00,1286582,067,2160,19,0,1789606035,,,SCHEDULED
2026-09-17T00:45:21.376635+00:00,1286582,067,2597,20,0,1789606156,,,SCHEDULED
2026-09-17T00:45:21.376635+00:00,1286582,067,2598,21,0,1789606224,,,SCHEDULED
2026-09-17T00:45:21.376635+00:00,1286582,067,2599,22,0,1789606254,,,SCHEDULED
2026-09-17T00:45:21.376635+00:00,1286582,067,2600,23,0,1789606294,,,SCHEDULED
2026-09-17T00:45:21.376635+00:00,1286582,067,2601,24,0,1789606347,,,SCHEDULED
2026-09-17T00:45:21.376635+00:00,1286582,067,2602,25,0,1789606404,,,SCHEDULED
2026-09-17T00:45:21.376635+00:00,1286582,067,2603,26,0,1789606565,,,SCHEDULED
2026-09-17T00:45:21.376635+00:00,1286582,067,2604,27,0,1789606603,,,SCHEDULED
2026-09-17T00:45:21.376635+00:00,1286582,067,2605,28,0,1789606681,,,SCHEDULED
2026-09-17T00:45:21.376635+00:00,1286582,067,2606,29,0,1789606733,,,SCHEDULED
2026-09-17T00:45:21.376635+00:00,1286582,067,2607,30,0,1789606799,,,SCHEDULED
2026-09-17T00:45:21.376635+00:00,1286582,067,2608,31,0,1789606821,,,SCHEDULED
2026-09-17T00:45:21.376635+00:00,1286582,067,2609,32,0,1789606849,,,SCHEDULED
2026-09-17T00:45:21.376635+00:00,1286582,067,2613,33,0,1789606886,,,SCHEDULED
2026-09-17T00:45:21.376635+00:00,1286582,067,2614,34,0,1789606940,,,SCHEDULED
2026-09-17T00:45:21.376635+00:00,1286582,067,2615,35,0,1789606998,,,SCHEDULED
2026-09-17T00:45:21.376635+00:00,1286582,067,601,36,0,1789607027,,,SCHEDULED
2026-09-17T00:45:21.376635+00:00,1286582,067,2617,37,0,1789607071,,,SCHEDULED
2026-09-17T00:45:21.376635+00:00,1286582,067,2620,38,0,1789607158,,,SCHEDULED
2026-09-17T00:45:21.376635+00:00,1286582,067,2621,39,0,1789607182,,,SCHEDULED
2026-09-17T00:45:21.376635+00:00,1286582,067,2622,40,0,1789607202,,,SCHEDULED
2026-09-17T00:45:21.376635+00:00,1286582,067,2623,41,0,1789607248,,,SCHEDULED
2026-09-17T00:45:21.376635+00:00,1286582,067,2624,42,0,1789607279,,,SCHEDULED
2026-09-17T00:45:21.376635+00:00,1286582,067,2625,43,0,1789607299,,,SCHEDULED
2026-09-17T00:45:21.376635+00:00,1286582,067,2626,44,0,1789607330,,,SCHEDULED
2026-09-17T00:45:21.376635+00:00,1286582,067,2627,45,0,1789607389,,,SCHEDULED
2026-09-17T00:45:21.376635+00:00,1286582,067,2628,46,0,1789607407,,,SCHEDULED
2026-09-17T00:45:21.376635+00:00,1286582,067,2630,47,0,1789607485,,,SCHEDULED
2026-09-17T00:45:21.376635+00:00,1287671,086,413,38,0,1789606184,,,SCHEDULED
2026-09-17T00:45:21.376635+00:00,1287671,086,414,39,0,1789606259,,,SCHEDULED
2026-09-17T00:45:21.376635+00:00,1287671,086,415,40,0,1789606312,,,SCHEDULED
2026-09-17T00:45:21.376635+00:00,1287671,086,416,41,0,1789606373,,,SCHEDULED
2026-09-17T00:45:21.376635+00:00,1285771,038,307,1,,,0,1789607091,SCHEDULED
2026-09-17T00:45:21.376635+00:00,1285771,038,1600,2,0,1789607146,,,SCHEDULED
2026-09-17T00:45:21.376635+00:00,1285771,038,3650,3,0,1789607282,,,SCHEDULED
2026-09-17T00:45:21.376635+00:00,1285771,038,3651,4,0,1789607330,,,SCHEDULED
2026-09-17T00:45:21.376635+00:00,1285771,038,3652,5,0,1789607338,,,SCHEDULED
2026-09-17T00:45:21.376635+00:00,1285771,038,3653,6,0,1789607344,,,SCHEDULED
2026-09-17T00:45:21.376635+00:00,1285771,038,3654,7,0,1789607412,,,SCHEDULED
2026-09-17T00:45:21.376635+00:00,1285771,038,3655,8,0,1789607432,,,SCHEDULED
2026-09-17T00:45:21.376635+00:00,1285771,038,3656,9,0,1789607455,,,SCHEDULED
2026-09-17T00:45:21.376635+00:00,1285771,038,3657,10,0,1789607478,,,SCHEDULED
2026-09-17T00:45:21.376635+00:00,1285771,038,1807,11,0,1789607548,,,SCHEDULED
2026-09-17T00:45:21.376635+00:00,1285771,038,1808,12,0,1789607623,,,SCHEDULED
2026-09-17T00:45:21.376635+00:00,1285771,038,1809,13,0,1789607660,,,SCHEDULED
2026-09-17T00:45:21.376635+00:00,1286583,067,887,1,,,0,1789606380,SCHEDULED
2026-09-17T00:45:21.376635+00:00,1286583,067,286,2,0,1789606853,,,SCHEDULED
2026-09-17T00:45:21.376635+00:00,1286583,067,4439,3,0,1789606952,,,SCHEDULED
2026-09-17T00:45:21.376635+00:00,1286583,067,4440,4,0,1789606996,,,SCHEDULED
2026-09-17T00:45:21.376635+00:00,1286583,067,4441,5,0,1789607043,,,SCHEDULED
2026-09-17T00:45:21.376635+00:00,1286583,067,4015,6,0,1789607109,,,SCHEDULED
2026-09-17T00:45:21.376635+00:00,1286583,067,4016,7,0,1789607142,,,SCHEDULED
2026-09-17T00:45:21.376635+00:00,1286583,067,4017,8,0,1789607190,,,SCHEDULED
2026-09-17T00:45:21.376635+00:00,1286583,067,3914,9,0,1789607270,,,SCHEDULED
2026-09-17T00:45:21.376635+00:00,1286583,067,3220,10,0,1789607415,,,SCHEDULED
2026-09-17T00:45:21.376635+00:00,1286583,067,3222,11,0,1789607565,,,SCHEDULED
2026-09-17T00:45:21.376635+00:00,1286583,067,3223,12,0,1789607631,,,SCHEDULED
2026-09-17T00:45:21.376635+00:00,1286583,067,3224,13,0,1789607654,,,SCHEDULED
2026-09-17T00:45:21.376635+00:00,1288485,177,664,1,,,,,NO_DATA
2026-09-17T00:45:21.376635+00:00,1288485,177,8006,2,,,,,NO_DATA
2026-09-17T00:45:21.376635+00:00,1288485,177,8007,3,,,,,NO_DATA
2026-09-17T00:45:21.376635+00:00,1286346,061,187,13,0,1789605907,,,SCHEDULED
2026-09-17T00:45:21.376635+00:00,1286346,061,189,14,0,1789605979,,,SCHEDULED
2026-09-17T00:45:21.376635+00:00,1286346,061,1034,15,0,1789606097,,,SCHEDULED
2026-09-17T00:45:21.376635+00:00,1286346,061,1035,16,0,1789606133,,,SCHEDULED
2026-09-17T00:45:21.376635+00:00,1286346,061,6101,17,0,1789606195,,,SCHEDULED
2026-09-17T00:45:21.376635+00:00,1286346,061,2282,18,0,1789606352,,,SCHEDULED
2026-09-17T00:45:21.376635+00:00,1286346,061,2283,19,0,1789606432,,,SCHEDULED
2026-09-17T00:45:21.376635+00:00,1286346,061,2284,20,0,1789606451,,,SCHEDULED
2026-09-17T00:45:21.376635+00:00,1286346,061,2285,21,0,1789606477,,,SCHEDULED
2026-09-17T00:45:21.376635+00:00,1286346,061,2286,22,0,1789606503,,,SCHEDULED
2026-09-17T00:45:21.376635+00:00,1286346,061,2287,23,0,1789606554,,,SCHEDULED
2026-09-17T00:45:21.376635+00:00,1286346,061,2288,24,0,1789606586,,,SCHEDULED
2026-09-17T00:45:21.376635+00:00,1286346,061,2289,25,0,1789606675,,,SCHEDULED
2026-09-17T00:45:21.376635+00:00,1286346,061,2290,26,0,1789606726,,,SCHEDULED
2026-09-17T00:45:21.376635+00:00,1286346,061,2291,27,0,1789606818,,,SCHEDULED
2026-09-17T00:45:21.376635+00:00,1286346,061,2292,28,0,1789606892,,,SCHEDULED
2026-09-17T00:45:21.376635+00:00,1286346,061,2293,29,0,1789606942,,,SCHEDULED
2026-09-17T00:45:21.376635+00:00,1286346,061,2294,30,0,1789606974,,,SCHEDULED
2026-09-17T00:45:21.376635+00:00,1286346,061,2295,31,0,1789607049,,,SCHEDULED
2026-09-17T00:45:21.376635+00:00,1286346,061,2296,32,0,1789607091,,,SCHEDULED
2026-09-17T00:45:21.376635+00:00,1286346,061,2297,33,0,1789607117,,,SCHEDULED
2026-09-17T00:45:21.376635+00:00,1286346,061,2298,34,0,1789607202,,,SCHEDULED
2026-09-17T00:45:21.376635+00:00,1286346,061,2299,35,0,1789607235,,,SCHEDULED
2026-09-17T00:45:21.376635+00:00,1286346,061,2300,36,0,1789607251,,,SCHEDULED
2026-09-17T00:45:21.376635+00:00,1286346,061,2301,37,0,1789607284,,,SCHEDULED
2026-09-17T00:45:21.376635+00:00,1286346,061,2302,38,0,1789607313,,,SCHEDULED
2026-09-17T00:45:21.376635+00:00,1286346,061,2303,39,0,1789607322,,,SCHEDULED
2026-09-17T00:45:21.376635+00:00,1286346,061,2304,40,0,1789607371,,,SCHEDULED
2026-09-17T00:45:21.376635+00:00,1286346,061,2305,41,0,1789607390,,,SCHEDULED
2026-09-17T00:45:21.376635+00:00,1286346,061,2306,42,0,1789607405,,,SCHEDULED
2026-09-17T00:45:21.376635+00:00,1286346,061,2307,43,0,1789607427,,,SCHEDULED
2026-09-17T00:45:21.376635+00:00,1286346,061,2308,44,0,1789607460,,,SCHEDULED
2026-09-17T00:45:21.376635+00:00,1286346,061,2309,45,0,1789607499,,,SCHEDULED
2026-09-17T00:45:21.376635+00:00,1286346,061,1999,46,0,1789607519,,,SCHEDULED
2026-09-17T00:45:21.376635+00:00,1286346,061,1998,47,0,1789607589,,,SCHEDULED
2026-09-17T00:45:21.376635+00:00,1286346,061,2001,48,0,1789607614,,,SCHEDULED
2026-09-17T00:45:21.376635+00:00,1286346,061,2002,49,0,1789607636,,,SCHEDULED
2026-09-17T00:45:21.376635+00:00,1286346,061,2003,50,0,1789607667,,,SCHEDULED
2026-09-17T00:45:21.376635+00:00,1286742,068,243,72,0,1789605907,,,SCHEDULED
2026-09-17T00:45:21.376635+00:00,1286742,068,244,73,0,1789605956,,,SCHEDULED
2026-09-17T00:45:21.376635+00:00,1286742,068,1038,74,0,1789606032,,,SCHEDULED
2026-09-17T00:45:21.376635+00:00,1286742,068,4019,75,0,1789606099,,,SCHEDULED
2026-09-17T00:45:21.376635+00:00,1286347,061,2289,25,0,1789605919,,,SCHEDULED
2026-09-17T00:45:21.376635+00:00,1286347,061,2290,26,0,1789605980,,,SCHEDULED
2026-09-17T00:45:21.376635+00:00,1286347,061,2291,27,0,1789606080,,,SCHEDULED
2026-09-17T00:45:21.376635+00:00,1286347,061,2292,28,0,1789606176,,,SCHEDULED
2026-09-17T00:45:21.376635+00:00,1286347,061,2293,29,0,1789606238,,,SCHEDULED
2026-09-17T00:45:21.376635+00:00,1286347,061,2294,30,0,1789606277,,,SCHEDULED
2026-09-17T00:45:21.376635+00:00,1286347,061,2295,31,0,1789606362,,,SCHEDULED
2026-09-17T00:45:21.376635+00:00,1286347,061,2296,32,0,1789606454,,,SCHEDULED
2026-09-17T00:45:21.376635+00:00,1286347,061,2297,33,0,1789606485,,,SCHEDULED
2026-09-17T00:45:21.376635+00:00,1286347,061,2298,34,0,1789606642,,,SCHEDULED
2026-09-17T00:45:21.376635+00:00,1286347,061,2299,35,0,1789606733,,,SCHEDULED
2026-09-17T00:45:21.376635+00:00,1286347,061,2300,36,0,1789606758,,,SCHEDULED
2026-09-17T00:45:21.376635+00:00,1286347,061,2301,37,0,1789606777,,,SCHEDULED
2026-09-17T00:45:21.376635+00:00,1286347,061,2302,38,0,1789606835,,,SCHEDULED
2026-09-17T00:45:21.376635+00:00,1286347,061,2303,39,0,1789606861,,,SCHEDULED
2026-09-17T00:45:21.376635+00:00,1286347,061,2304,40,0,1789606933,,,SCHEDULED
2026-09-17T00:45:21.376635+00:00,1286347,061,2305,41,0,1789606957,,,SCHEDULED
2026-09-17T00:45:21.376635+00:00,1286347,061,2306,42,0,1789606987,,,SCHEDULED
2026-09-17T00:45:21.376635+00:00,1286347,061,2307,43,0,1789607005,,,SCHEDULED
2026-09-17T00:45:21.376635+00:00,1286347,061,2308,44,0,1789607032,,,SCHEDULED
2026-09-17T00:45:21.376635+00:00,1286347,061,2309,45,0,1789607083,,,SCHEDULED
2026-09-17T00:45:21.376635+00:00,1286347,061,1999,46,0,1789607114,,,SCHEDULED
2026-09-17T00:45:21.376635+00:00,1286347,061,1998,47,0,1789607195,,,SCHEDULED
2026-09-17T00:45:21.376635+00:00,1286347,061,2001,48,0,1789607210,,,SCHEDULED
2026-09-17T00:45:21.376635+00:00,1286347,061,2002,49,0,1789607235,,,SCHEDULED
2026-09-17T00:45:21.376635+00:00,1286347,061,2003,50,0,1789607312,,,SCHEDULED
2026-09-17T00:45:21.376635+00:00,1286347,061,2004,51,0,1789607395,,,SCHEDULED
2026-09-17T00:45:21.376635+00:00,1286347,061,2005,52,0,1789607436,,,SCHEDULED
2026-09-17T00:45:21.376635+00:00,1286347,061,2006,53,0,1789607479,,,SCHEDULED
2026-09-17T00:45:21.376635+00:00,1286347,061,2007,54,0,1789607542,,,SCHEDULED
2026-09-17T00:45:21.376635+00:00,1286347,061,2008,55,0,1789607552,,,SCHEDULED
2026-09-17T00:45:21.376635+00:00,1286347,061,2010,56,0,1789607634,,,SCHEDULED
2026-09-17T00:45:21.376635+00:00,1286347,061,2011,57,0,1789607680,,,SCHEDULED
2026-09-17T00:45:21.376635+00:00,1287950,088,418,1,,,0,1789606373,SCHEDULED
2026-09-17T00:45:21.376635+00:00,1287950,088,4763,2,0,1789606400,,,SCHEDULED
2026-09-17T00:45:21.376635+00:00,1287950,088,113,3,0,1789606463,,,SCHEDULED
2026-09-17T00:45:21.376635+00:00,1287950,088,525,4,0,1789606576,,,SCHEDULED
2026-09-17T00:45:21.376635+00:00,1287950,088,526,5,0,1789606659,,,SCHEDULED
2026-09-17T00:45:21.376635+00:00,1287950,088,527,6,0,1789606722,,,SCHEDULED
2026-09-17T00:45:21.376635+00:00,1287950,088,528,7,0,1789606765,,,SCHEDULED
2026-09-17T00:45:21.376635+00:00,1287950,088,5252,8,0,1789606929,,,SCHEDULED
2026-09-17T00:45:21.376635+00:00,1287950,088,531,9,0,1789606984,,,SCHEDULED
2026-09-17T00:45:21.376635+00:00,1287950,088,610,10,0,1789607417,,,SCHEDULED
2026-09-17T00:45:21.376635+00:00,1287950,088,611,11,0,1789607440,,,SCHEDULED
2026-09-17T00:45:21.376635+00:00,1287950,088,612,12,0,1789607474,,,SCHEDULED
2026-09-17T00:45:21.376635+00:00,1287950,088,613,13,0,1789607492,,,SCHEDULED
2026-09-17T00:45:21.376635+00:00,1287950,088,614,14,0,1789607547,,,SCHEDULED
2026-09-17T00:45:21.376635+00:00,1287950,088,615,15,0,1789607660,,,SCHEDULED
2026-09-17T00:45:21.376635+00:00,1286740,068,1099,1,,,0,1789605900,SCHEDULED
2026-09-17T00:45:21.376635+00:00,1286740,068,2645,2,0,1789606011,,,SCHEDULED
2026-09-17T00:45:21.376635+00:00,1286740,068,2643,3,0,1789606029,,,SCHEDULED
2026-09-17T00:45:21.376635+00:00,1286740,068,2644,4,0,1789606085,,,SCHEDULED
2026-09-17T00:45:21.376635+00:00,1286740,068,2646,5,0,1789606171,,,SCHEDULED
2026-09-17T00:45:21.376635+00:00,1286740,068,2647,6,0,1789606199,,,SCHEDULED
2026-09-17T00:45:21.376635+00:00,1286740,068,2648,7,0,1789606879,,,SCHEDULED
2026-09-17T00:45:21.376635+00:00,1286740,068,5344,8,0,1789606907,,,SCHEDULED
2026-09-17T00:45:21.376635+00:00,1286740,068,2649,9,0,1789606931,,,SCHEDULED
2026-09-17T00:45:21.376635+00:00,1286740,068,2650,10,0,1789606959,,,SCHEDULED
2026-09-17T00:45:21.376635+00:00,1286740,068,2651,11,0,1789606987,,,SCHEDULED
2026-09-17T00:45:21.376635+00:00,1286740,068,2653,12,0,1789607040,,,SCHEDULED
2026-09-17T00:45:21.376635+00:00,1286740,068,2654,13,0,1789607360,,,SCHEDULED
2026-09-17T00:45:21.376635+00:00,1286740,068,9811,14,0,1789607444,,,SCHEDULED
2026-09-17T00:45:21.376635+00:00,1286740,068,880,15,0,1789607530,,,SCHEDULED
2026-09-17T00:45:21.376635+00:00,1286740,068,881,16,0,1789607564,,,SCHEDULED
2026-09-17T00:45:21.376635+00:00,1286740,068,1795,17,0,1789607642,,,SCHEDULED
2026-09-17T00:45:21.376635+00:00,1286740,068,1796,18,0,1789607685,,,SCHEDULED
2026-09-17T00:45:21.376635+00:00,1287951,088,610,10,0,1789606068,,,SCHEDULED
2026-09-17T00:45:21.376635+00:00,1287951,088,611,11,0,1789606171,,,SCHEDULED
2026-09-17T00:45:21.376635+00:00,1287951,088,612,12,0,1789606197,,,SCHEDULED
2026-09-17T00:45:21.376635+00:00,1287951,088,613,13,0,1789606224,,,SCHEDULED
2026-09-17T00:45:21.376635+00:00,1287951,088,614,14,0,1789606278,,,SCHEDULED
2026-09-17T00:45:21.376635+00:00,1287951,088,615,15,0,1789606397,,,SCHEDULED
2026-09-17T00:45:21.376635+00:00,1287951,088,616,16,0,1789606464,,,SCHEDULED
2026-09-17T00:45:21.376635+00:00,1287951,088,617,17,0,1789606509,,,SCHEDULED
2026-09-17T00:45:21.376635+00:00,1287951,088,618,18,0,1789606592,,,SCHEDULED
2026-09-17T00:45:21.376635+00:00,1287951,088,619,19,0,1789606679,,,SCHEDULED
2026-09-17T00:45:21.376635+00:00,1287951,088,620,20,0,1789606751,,,SCHEDULED
2026-09-17T00:45:21.376635+00:00,1287951,088,621,21,0,1789606784,,,SCHEDULED
2026-09-17T00:45:21.376635+00:00,1287951,088,622,22,0,1789606804,,,SCHEDULED
2026-09-17T00:45:21.376635+00:00,1287951,088,623,23,0,1789606814,,,SCHEDULED
2026-09-17T00:45:21.376635+00:00,1287951,088,624,24,0,1789606833,,,SCHEDULED
2026-09-17T00:45:21.376635+00:00,1287951,088,625,25,0,1789606896,,,SCHEDULED
2026-09-17T00:45:21.376635+00:00,1287951,088,626,26,0,1789606958,,,SCHEDULED
2026-09-17T00:45:21.376635+00:00,1287951,088,5271,27,0,1789607043,,,SCHEDULED
2026-09-17T00:45:21.376635+00:00,1288401,176,658,1,,,0,1789605941,SCHEDULED
2026-09-17T00:45:21.376635+00:00,1288401,176,832,2,0,1789606066,,,SCHEDULED
2026-09-17T00:45:21.376635+00:00,1288401,176,3845,3,0,1789606350,,,SCHEDULED
2026-09-17T00:45:21.376635+00:00,1288401,176,795,4,0,1789606446,,,SCHEDULED
2026-09-17T00:45:21.376635+00:00,1288401,176,870,5,0,1789606508,,,SCHEDULED
2026-09-17T00:45:21.376635+00:00,1288401,176,659,6,0,1789606926,,,SCHEDULED
2026-09-17T00:45:21.376635+00:00,1288401,176,959,7,0,1789607047,,,SCHEDULED
2026-09-17T00:45:21.376635+00:00,1288401,176,970,8,0,1789607183,,,SCHEDULED
2026-09-17T00:45:21.376635+00:00,1288401,176,972,9,0,1789607265,,,SCHEDULED
2026-09-17T00:45:21.376635+00:00,1286345,061,4140,1,,,0,1789606866,SCHEDULED
2026-09-17T00:45:21.376635+00:00,1286345,061,4361,2,0,1789606914,,,SCHEDULED
2026-09-17T00:45:21.376635+00:00,1286345,061,4362,3,0,1789606948,,,SCHEDULED
2026-09-17T00:45:21.376635+00:00,1286345,061,4360,4,0,1789606977,,,SCHEDULED
2026-09-17T00:45:21.376635+00:00,1286345,061,4363,5,0,1789607012,,,SCHEDULED
2026-09-17T00:45:21.376635+00:00,1286345,061,4364,6,0,1789607065,,,SCHEDULED
2026-09-17T00:45:21.376635+00:00,1286345,061,4365,7,0,1789607099,,,SCHEDULED
2026-09-17T00:45:21.376635+00:00,1286345,061,4811,8,0,1789607264,,,SCHEDULED
2026-09-17T00:45:21.376635+00:00,1286345,061,4810,9,0,1789607323,,,SCHEDULED
2026-09-17T00:45:21.376635+00:00,1286345,061,4266,10,0,1789607384,,,SCHEDULED
2026-09-17T00:45:21.376635+00:00,1286345,061,4267,11,0,1789607466,,,SCHEDULED
2026-09-17T00:45:21.376635+00:00,1286345,061,4268,12,0,1789607493,,,SCHEDULED
2026-09-17T00:45:21.376635+00:00,1286345,061,187,13,0,1789607588,,,SCHEDULED
2026-09-17T00:45:21.376635+00:00,1286345,061,189,14,0,1789607643,,,SCHEDULED
2026-09-17T00:45:21.376635+00:00,1286741,068,1857,47,0,1789606050,,,SCHEDULED
2026-09-17T00:45:21.376635+00:00,1286741,068,1858,48,0,1789606087,,,SCHEDULED
2026-09-17T00:45:21.376635+00:00,1286741,068,1859,49,0,1789606191,,,SCHEDULED
2026-09-17T00:45:21.376635+00:00,1286741,068,1860,50,0,1789606260,,,SCHEDULED
2026-09-17T00:45:21.376635+00:00,1286741,068,1861,51,0,1789606283,,,SCHEDULED
2026-09-17T00:45:21.376635+00:00,1286741,068,1862,52,0,1789606334,,,SCHEDULED
2026-09-17T00:45:21.376635+00:00,1286741,068,1863,53,0,1789606400,,,SCHEDULED
2026-09-17T00:45:21.376635+00:00,1286741,068,2399,54,0,1789606563,,,SCHEDULED
2026-09-17T00:45:21.376635+00:00,1286741,068,2400,55,0,1789606603,,,SCHEDULED
2026-09-17T00:45:21.376635+00:00,1286741,068,2401,56,0,1789606621,,,SCHEDULED
2026-09-17T00:45:21.376635+00:00,1286741,068,2402,57,0,1789606680,,,SCHEDULED
2026-09-17T00:45:21.376635+00:00,1286741,068,2403,58,0,1789606791,,,SCHEDULED
2026-09-17T00:45:21.376635+00:00,1286741,068,2404,59,0,1789606837,,,SCHEDULED
2026-09-17T00:45:21.376635+00:00,1286741,068,2405,60,0,1789606893,,,SCHEDULED
2026-09-17T00:45:21.376635+00:00,1286741,068,2406,61,0,1789606945,,,SCHEDULED
2026-09-17T00:45:21.376635+00:00,1286741,068,2407,62,0,1789606994,,,SCHEDULED
2026-09-17T00:45:21.376635+00:00,1286741,068,2408,63,0,1789607060,,,SCHEDULED
2026-09-17T00:45:21.376635+00:00,1286741,068,2409,64,0,1789607095,,,SCHEDULED
2026-09-17T00:45:21.376635+00:00,1286741,068,2410,65,0,1789607144,,,SCHEDULED
2026-09-17T00:45:21.376635+00:00,1286741,068,3939,66,0,1789607329,,,SCHEDULED
2026-09-17T00:45:21.376635+00:00,1286741,068,5107,67,0,1789607378,,,SCHEDULED
2026-09-17T00:45:21.376635+00:00,1286741,068,4020,68,0,1789607431,,,SCHEDULED
2026-09-17T00:45:21.376635+00:00,1286741,068,4021,69,0,1789607487,,,SCHEDULED
2026-09-17T00:45:21.376635+00:00,1286741,068,4022,70,0,1789607549,,,SCHEDULED
2026-09-17T00:45:21.376635+00:00,1285777,038,1811,15,0,1789605902,,,SCHEDULED
2026-09-17T00:45:21.376635+00:00,1285777,038,938,16,0,1789606101,,,SCHEDULED
2026-09-17T00:45:21.376635+00:00,1285777,038,940,17,0,1789606132,,,SCHEDULED
2026-09-17T00:45:21.376635+00:00,1285777,038,941,18,0,1789606155,,,SCHEDULED
2026-09-17T00:45:21.376635+00:00,1285777,038,2633,19,0,1789606246,,,SCHEDULED
2026-09-17T00:45:21.376635+00:00,1285777,038,9812,20,0,1789606287,,,SCHEDULED
2026-09-17T00:45:21.376635+00:00,1285777,038,2629,21,0,1789606321,,,SCHEDULED
2026-09-17T00:45:21.376635+00:00,1285777,038,2634,22,0,1789606353,,,SCHEDULED
2026-09-17T00:45:21.376635+00:00,1285777,038,2635,23,0,1789606394,,,SCHEDULED
2026-09-17T00:45:21.376635+00:00,1285777,038,1707,24,0,1789606458,,,SCHEDULED
2026-09-17T00:45:21.376635+00:00,1285777,038,1708,25,0,1789606558,,,SCHEDULED
2026-09-17T00:45:21.376635+00:00,1285777,038,1709,26,0,1789606598,,,SCHEDULED
2026-09-17T00:45:21.376635+00:00,1285777,038,1710,27,0,1789606634,,,SCHEDULED
2026-09-17T00:45:21.376635+00:00,1285777,038,1711,28,0,1789606676,,,SCHEDULED
2026-09-17T00:45:21.376635+00:00,1285777,038,519,29,0,1789606701,,,SCHEDULED
2026-09-17T00:45:21.376635+00:00,1285777,038,521,30,0,1789606748,,,SCHEDULED
2026-09-17T00:45:21.376635+00:00,1285777,038,522,31,0,1789606887,,,SCHEDULED
2026-09-17T00:45:21.376635+00:00,1285777,038,525,32,0,1789607014,,,SCHEDULED
2026-09-17T00:45:21.376635+00:00,1285777,038,526,33,0,1789607097,,,SCHEDULED
2026-09-17T00:45:21.376635+00:00,1285777,038,527,34,0,1789607131,,,SCHEDULED
2026-09-17T00:45:21.376635+00:00,1285777,038,528,35,0,1789607165,,,SCHEDULED
2026-09-17T00:45:21.376635+00:00,1285777,038,5252,36,0,1789607255,,,SCHEDULED
2026-09-17T00:45:21.376635+00:00,1285777,038,281,37,0,1789607337,,,SCHEDULED
2026-09-17T00:45:21.376635+00:00,1285139,023,1184,1,,,0,1789607460,SCHEDULED
2026-09-17T00:45:21.376635+00:00,1285139,023,3301,2,0,1789607486,,,SCHEDULED
2026-09-17T00:45:21.376635+00:00,1285139,023,1187,3,0,1789607535,,,SCHEDULED
2026-09-17T00:45:21.376635+00:00,1285139,023,1188,4,0,1789607599,,,SCHEDULED
2026-09-17T00:45:21.376635+00:00,1288408,176,949,1,,,0,1789607441,SCHEDULED
2026-09-17T00:45:21.376635+00:00,1285898,051,1884,2,0,1789605898,,,SCHEDULED
2026-09-17T00:45:21.376635+00:00,1285898,051,1885,3,0,1789606004,,,SCHEDULED
2026-09-17T00:45:21.376635+00:00,1285898,051,1887,4,0,1789606120,,,SCHEDULED
2026-09-17T00:45:21.376635+00:00,1285898,051,1888,5,0,1789606195,,,SCHEDULED
2026-09-17T00:45:21.376635+00:00,1285898,051,1889,6,0,1789606234,,,SCHEDULED
2026-09-17T00:45:21.376635+00:00,1285898,051,1890,7,0,1789606262,,,SCHEDULED
2026-09-17T00:45:21.376635+00:00,1285898,051,1891,8,0,1789606312,,,SCHEDULED
2026-09-17T00:45:21.376635+00:00,1285898,051,1892,9,0,1789606403,,,SCHEDULED
2026-09-17T00:45:21.376635+00:00,1285898,051,1893,10,0,1789606434,,,SCHEDULED
2026-09-17T00:45:21.376635+00:00,1285898,051,1894,11,0,1789606489,,,SCHEDULED
2026-09-17T00:45:21.376635+00:00,1285898,051,1895,12,0,1789606545,,,SCHEDULED
2026-09-17T00:45:21.376635+00:00,1285898,051,1896,13,0,1789606576,,,SCHEDULED
2026-09-17T00:45:21.376635+00:00,1285898,051,1898,14,0,1789606619,,,SCHEDULED
2026-09-17T00:45:21.376635+00:00,1285898,051,1899,15,0,1789606673,,,SCHEDULED
2026-09-17T00:45:21.376635+00:00,1285898,051,1901,16,0,1789606738,,,SCHEDULED
2026-09-17T00:45:21.376635+00:00,1285898,051,1902,17,0,1789606743,,,SCHEDULED
2026-09-17T00:45:21.376635+00:00,1285898,051,1904,18,0,1789607112,,,SCHEDULED
2026-09-17T00:45:21.376635+00:00,1285898,051,1905,19,0,1789607169,,,SCHEDULED
2026-09-17T00:45:21.376635+00:00,1285898,051,1906,20,0,1789607191,,,SCHEDULED
2026-09-17T00:45:21.376635+00:00,1285898,051,1907,21,0,1789607209,,,SCHEDULED
2026-09-17T00:45:21.376635+00:00,1285898,051,1908,22,0,1789607228,,,SCHEDULED
2026-09-17T00:45:21.376635+00:00,1285898,051,1911,23,0,1789607295,,,SCHEDULED
2026-09-17T00:45:21.376635+00:00,1285898,051,1913,24,0,1789607402,,,SCHEDULED
2026-09-17T00:45:21.376635+00:00,1285898,051,1914,25,0,1789607435,,,SCHEDULED
2026-09-17T00:45:21.376635+00:00,1285898,051,1915,26,0,1789607474,,,SCHEDULED
2026-09-17T00:45:21.376635+00:00,1285898,051,1916,27,0,1789607563,,,SCHEDULED
2026-09-17T00:45:21.376635+00:00,1285898,051,1917,28,0,1789607620,,,SCHEDULED
2026-09-17T00:45:21.376635+00:00,1285898,051,1918,29,0,1789607669,,,SCHEDULED
2026-09-17T00:45:21.376635+00:00,1285897,051,3131,1,,,0,1789606930,SCHEDULED
2026-09-17T00:45:21.376635+00:00,1285897,051,1884,2,0,1789607129,,,SCHEDULED
2026-09-17T00:45:21.376635+00:00,1285897,051,1885,3,0,1789607210,,,SCHEDULED
2026-09-17T00:45:21.376635+00:00,1285897,051,1887,4,0,1789607286,,,SCHEDULED
2026-09-17T00:45:21.376635+00:00,1285897,051,1888,5,0,1789607323,,,SCHEDULED
2026-09-17T00:45:21.376635+00:00,1285897,051,1889,6,0,1789607385,,,SCHEDULED
2026-09-17T00:45:21.376635+00:00,1285897,051,1890,7,0,1789607466,,,SCHEDULED
2026-09-17T00:45:21.376635+00:00,1285897,051,1891,8,0,1789607522,,,SCHEDULED
2026-09-17T00:45:21.376635+00:00,1285897,051,1892,9,0,1789607580,,,SCHEDULED
2026-09-17T00:45:21.376635+00:00,1285897,051,1893,10,0,1789607658,,,SCHEDULED
2026-09-17T00:45:21.376635+00:00,1284049,001,3351,17,0,1789605908,,,SCHEDULED
2026-09-17T00:45:21.376635+00:00,1284049,001,3352,18,0,1789606008,,,SCHEDULED
2026-09-17T00:45:21.376635+00:00,1284049,001,3353,19,0,1789606086,,,SCHEDULED
2026-09-17T00:45:21.376635+00:00,1284049,001,3354,20,0,1789606133,,,SCHEDULED
2026-09-17T00:45:21.376635+00:00,1284049,001,3355,21,0,1789606172,,,SCHEDULED
2026-09-17T00:45:21.376635+00:00,1284049,001,3356,22,0,1789606228,,,SCHEDULED
2026-09-17T00:45:21.376635+00:00,1284049,001,3357,23,0,1789606258,,,SCHEDULED
2026-09-17T00:45:21.376635+00:00,1284049,001,563,24,0,1789606368,,,SCHEDULED
2026-09-17T00:45:21.376635+00:00,1284049,001,565,25,0,1789606433,,,SCHEDULED
2026-09-17T00:45:21.376635+00:00,1284049,001,566,26,0,1789606515,,,SCHEDULED
2026-09-17T00:45:21.376635+00:00,1284049,001,567,27,0,1789606542,,,SCHEDULED
2026-09-17T00:45:21.376635+00:00,1284049,001,568,28,0,1789606610,,,SCHEDULED
2026-09-17T00:45:21.376635+00:00,1284049,001,570,29,0,1789606639,,,SCHEDULED
2026-09-17T00:45:21.376635+00:00,1284049,001,573,30,0,1789606671,,,SCHEDULED
2026-09-17T00:45:21.376635+00:00,1284049,001,3097,31,0,1789606722,,,SCHEDULED
2026-09-17T00:45:21.376635+00:00,1284049,001,3098,32,0,1789606842,,,SCHEDULED
2026-09-17T00:45:21.376635+00:00,1285899,051,1896,13,0,1789605921,,,SCHEDULED
2026-09-17T00:45:21.376635+00:00,1285899,051,1898,14,0,1789605964,,,SCHEDULED
2026-09-17T00:45:21.376635+00:00,1285899,051,1899,15,0,1789606018,,,SCHEDULED
2026-09-17T00:45:21.376635+00:00,1285899,051,1901,16,0,1789606083,,,SCHEDULED
2026-09-17T00:45:21.376635+00:00,1285899,051,1902,17,0,1789606088,,,SCHEDULED
2026-09-17T00:45:21.376635+00:00,1285899,051,1904,18,0,1789606183,,,SCHEDULED
2026-09-17T00:45:21.376635+00:00,1285899,051,1905,19,0,1789606219,,,SCHEDULED
2026-09-17T00:45:21.376635+00:00,1285899,051,1906,20,0,1789606246,,,SCHEDULED
2026-09-17T00:45:21.376635+00:00,1285899,051,1907,21,0,1789606272,,,SCHEDULED
2026-09-17T00:45:21.376635+00:00,1285899,051,1908,22,0,1789606287,,,SCHEDULED
2026-09-17T00:45:21.376635+00:00,1285899,051,1911,23,0,1789606338,,,SCHEDULED
2026-09-17T00:45:21.376635+00:00,1285899,051,1913,24,0,1789606438,,,SCHEDULED
2026-09-17T00:45:21.376635+00:00,1285899,051,1914,25,0,1789606481,,,SCHEDULED
2026-09-17T00:45:21.376635+00:00,1285899,051,1915,26,0,1789606517,,,SCHEDULED
2026-09-17T00:45:21.376635+00:00,1285899,051,1916,27,0,1789606592,,,SCHEDULED
2026-09-17T00:45:21.376635+00:00,1285899,051,1917,28,0,1789606657,,,SCHEDULED
2026-09-17T00:45:21.376635+00:00,1285899,051,1918,29,0,1789606706,,,SCHEDULED
2026-09-17T00:45:21.376635+00:00,1285899,051,1919,30,0,1789606749,,,SCHEDULED
2026-09-17T00:45:21.376635+00:00,1285899,051,1920,31,0,1789606800,,,SCHEDULED
2026-09-17T00:45:21.376635+00:00,1285899,051,1921,32,0,1789606836,,,SCHEDULED
2026-09-17T00:45:21.376635+00:00,1285899,051,1922,33,0,1789606886,,,SCHEDULED
2026-09-17T00:45:21.376635+00:00,1285899,051,1923,34,0,1789606907,,,SCHEDULED
2026-09-17T00:45:21.376635+00:00,1285899,051,1924,35,0,1789607267,,,SCHEDULED
2026-09-17T00:45:21.376635+00:00,1285899,051,1925,36,0,1789607289,,,SCHEDULED
2026-09-17T00:45:21.376635+00:00,1285899,051,1926,37,0,1789607359,,,SCHEDULED
2026-09-17T00:45:21.376635+00:00,1285899,051,1940,38,0,1789607412,,,SCHEDULED
2026-09-17T00:45:21.376635+00:00,1285899,051,320,39,0,1789607441,,,SCHEDULED
2026-09-17T00:45:21.376635+00:00,1285899,051,1209,40,0,1789607482,,,SCHEDULED
2026-09-17T00:45:21.376635+00:00,1285899,051,321,41,0,1789607525,,,SCHEDULED
2026-09-17T00:45:21.376635+00:00,1285899,051,322,42,0,1789607556,,,SCHEDULED
2026-09-17T00:45:21.376635+00:00,1285899,051,324,43,0,1789607616,,,SCHEDULED
2026-09-17T00:45:21.376635+00:00,1285418,026,3052,1,,,0,1789607064,SCHEDULED
2026-09-17T00:45:21.376635+00:00,1285418,026,3054,2,0,1789607173,,,SCHEDULED
2026-09-17T00:45:21.376635+00:00,1285418,026,3055,3,0,1789607261,,,SCHEDULED
2026-09-17T00:45:21.376635+00:00,1285418,026,3056,4,0,1789607314,,,SCHEDULED
2026-09-17T00:45:21.376635+00:00,1285418,026,3057,5,0,1789607353,,,SCHEDULED
2026-09-17T00:45:21.376635+00:00,1285418,026,3058,6,0,1789607389,,,SCHEDULED
2026-09-17T00:45:21.376635+00:00,1285418,026,3059,7,0,1789607414,,,SCHEDULED
2026-09-17T00:45:21.376635+00:00,1285418,026,3060,8,0,1789607464,,,SCHEDULED
2026-09-17T00:45:21.376635+00:00,1285418,026,3061,9,0,1789607517,,,SCHEDULED
2026-09-17T00:45:21.376635+00:00,1285418,026,3062,10,0,1789607551,,,SCHEDULED
2026-09-17T00:45:21.376635+00:00,1285418,026,3063,11,0,1789607589,,,SCHEDULED
2026-09-17T00:45:21.376635+00:00,1285418,026,3064,12,0,1789607652,,,SCHEDULED
2026-09-17T00:45:21.376635+00:00,1285419,026,3060,8,0,1789605894,,,SCHEDULED
2026-09-17T00:45:21.376635+00:00,1285419,026,3061,9,0,1789605977,,,SCHEDULED
2026-09-17T00:45:21.376635+00:00,1285419,026,3062,10,0,1789606009,,,SCHEDULED
2026-09-17T00:45:21.376635+00:00,1285419,026,3063,11,0,1789606077,,,SCHEDULED
2026-09-17T00:45:21.376635+00:00,1285419,026,3064,12,0,1789606145,,,SCHEDULED
2026-09-17T00:45:21.376635+00:00,1285419,026,3065,13,0,1789606185,,,SCHEDULED
2026-09-17T00:45:21.376635+00:00,1285419,026,3066,14,0,1789606229,,,SCHEDULED
2026-09-17T00:45:21.376635+00:00,1285419,026,629,15,0,1789606308,,,SCHEDULED
2026-09-17T00:45:21.376635+00:00,1285419,026,651,16,0,1789606394,,,SCHEDULED
2026-09-17T00:45:21.376635+00:00,1285419,026,544,17,0,1789606433,,,SCHEDULED
2026-09-17T00:45:21.376635+00:00,1285419,026,3049,18,0,1789606640,,,SCHEDULED
2026-09-17T00:45:21.376635+00:00,1285419,026,3070,19,0,1789606676,,,SCHEDULED
2026-09-17T00:45:21.376635+00:00,1285419,026,3071,20,0,1789606719,,,SCHEDULED
2026-09-17T00:45:21.376635+00:00,1285419,026,3072,21,0,1789606755,,,SCHEDULED
2026-09-17T00:45:21.376635+00:00,1285419,026,9801,22,0,1789606873,,,SCHEDULED
2026-09-17T00:45:21.376635+00:00,1285419,026,3073,23,0,1789607008,,,SCHEDULED
2026-09-17T00:45:21.376635+00:00,1285419,026,1518,24,0,1789607225,,,SCHEDULED
2026-09-17T00:45:21.376635+00:00,1285419,026,1519,25,0,1789607316,,,SCHEDULED
2026-09-17T00:45:21.376635+00:00,1285419,026,1520,26,0,1789607419,,,SCHEDULED
2026-09-17T00:45:21.376635+00:00,1285419,026,1521,27,0,1789607473,,,SCHEDULED
2026-09-17T00:45:21.376635+00:00,1285419,026,1522,28,0,1789607504,,,SCHEDULED
2026-09-17T00:45:21.376635+00:00,1285419,026,1523,29,0,1789607536,,,SCHEDULED
2026-09-17T00:45:21.376635+00:00,1285419,026,1524,30,0,1789607588,,,SCHEDULED
2026-09-17T00:45:21.376635+00:00,1288409,176,663,4,,,,,NO_DATA
2026-09-17T00:45:21.376635+00:00,1288409,176,8005,5,,,,,NO_DATA
2026-09-17T00:45:21.376635+00:00,1288409,176,837,6,,,,,NO_DATA
2026-09-17T00:45:21.376635+00:00,1285928,051,330,49,0,1789605957,,,SCHEDULED
2026-09-17T00:45:21.376635+00:00,1285928,051,331,50,0,1789606179,,,SCHEDULED
2026-09-17T00:45:21.376635+00:00,1285807,038,1722,12,0,1789605968,,,SCHEDULED
2026-09-17T00:45:21.376635+00:00,1285807,038,1723,13,0,1789605993,,,SCHEDULED
2026-09-17T00:45:21.376635+00:00,1285807,038,2651,14,0,1789606074,,,SCHEDULED
2026-09-17T00:45:21.376635+00:00,1285807,038,2653,15,0,1789606184,,,SCHEDULED
2026-09-17T00:45:21.376635+00:00,1285807,038,2654,16,0,1789606241,,,SCHEDULED
2026-09-17T00:45:21.376635+00:00,1285807,038,9811,17,0,1789606308,,,SCHEDULED
2026-09-17T00:45:21.376635+00:00,1285807,038,880,18,0,1789606407,,,SCHEDULED
2026-09-17T00:45:21.376635+00:00,1285807,038,881,19,0,1789606436,,,SCHEDULED
2026-09-17T00:45:21.376635+00:00,1285807,038,883,20,0,1789606504,,,SCHEDULED
2026-09-17T00:45:21.376635+00:00,1285807,038,884,21,0,1789606551,,,SCHEDULED
2026-09-17T00:45:21.376635+00:00,1285807,038,3717,22,0,1789606627,,,SCHEDULED
2026-09-17T00:45:21.376635+00:00,1285807,038,3718,23,0,1789606652,,,SCHEDULED
2026-09-17T00:45:21.376635+00:00,1285807,038,3719,24,0,1789606674,,,SCHEDULED
2026-09-17T00:45:21.376635+00:00,1285807,038,3720,25,0,1789606736,,,SCHEDULED
2026-09-17T00:45:21.376635+00:00,1285807,038,3721,26,0,1789606751,,,SCHEDULED
2026-09-17T00:45:21.376635+00:00,1285807,038,3722,27,0,1789606870,,,SCHEDULED
2026-09-17T00:45:21.376635+00:00,1285807,038,3723,28,0,1789606900,,,SCHEDULED
2026-09-17T00:45:21.376635+00:00,1285807,038,3724,29,0,1789606933,,,SCHEDULED
2026-09-17T00:45:21.376635+00:00,1285807,038,3725,30,0,1789606951,,,SCHEDULED
2026-09-17T00:45:21.376635+00:00,1285807,038,901,31,0,1789606987,,,SCHEDULED
2026-09-17T00:45:21.376635+00:00,1285807,038,902,32,0,1789607048,,,SCHEDULED
2026-09-17T00:45:21.376635+00:00,1285807,038,903,33,0,1789607082,,,SCHEDULED
2026-09-17T00:45:21.376635+00:00,1285807,038,905,34,0,1789607150,,,SCHEDULED
2026-09-17T00:45:21.376635+00:00,1285807,038,3143,35,0,1789607178,,,SCHEDULED
2026-09-17T00:45:21.376635+00:00,1285807,038,3144,36,0,1789607228,,,SCHEDULED
2026-09-17T00:45:21.376635+00:00,1285806,038,282,1,,,0,1789606560,SCHEDULED
2026-09-17T00:45:21.376635+00:00,1285806,038,414,2,0,1789606799,,,SCHEDULED
2026-09-17T00:45:21.376635+00:00,1285806,038,415,3,0,1789606903,,,SCHEDULED
2026-09-17T00:45:21.376635+00:00,1285806,038,416,4,0,1789606918,,,SCHEDULED
2026-09-17T00:45:21.376635+00:00,1285806,038,418,5,0,1789606938,,,SCHEDULED
2026-09-17T00:45:21.376635+00:00,1285806,038,4763,6,0,1789606960,,,SCHEDULED
2026-09-17T00:45:21.376635+00:00,1285806,038,1716,7,0,1789607023,,,SCHEDULED
2026-09-17T00:45:21.376635+00:00,1285806,038,1717,8,0,1789607085,,,SCHEDULED
2026-09-17T00:45:21.376635+00:00,1285806,038,1718,9,0,1789607122,,,SCHEDULED
2026-09-17T00:45:21.376635+00:00,1285806,038,1720,10,0,1789607212,,,SCHEDULED
2026-09-17T00:45:21.376635+00:00,1285806,038,1721,11,0,1789607296,,,SCHEDULED
2026-09-17T00:45:21.376635+00:00,1285806,038,1722,12,0,1789607340,,,SCHEDULED
2026-09-17T00:45:21.376635+00:00,1285806,038,1723,13,0,1789607356,,,SCHEDULED
2026-09-17T00:45:21.376635+00:00,1285806,038,2651,14,0,1789607564,,,SCHEDULED
2026-09-17T00:45:21.376635+00:00,1285806,038,2653,15,0,1789607655,,,SCHEDULED
2026-09-17T00:45:21.376635+00:00,1286180,056,906,1,,,0,1789606864,SCHEDULED
2026-09-17T00:45:21.376635+00:00,1286180,056,286,2,0,1789607426,,,SCHEDULED
2026-09-17T00:45:21.376635+00:00,1286180,056,4439,3,0,1789607679,,,SCHEDULED
2026-09-17T00:45:21.376635+00:00,1288081,093,3537,25,0,1789605892,,,SCHEDULED
2026-09-17T00:45:21.376635+00:00,1288081,093,9933,26,0,1789606056,,,SCHEDULED
2026-09-17T00:45:21.376635+00:00,1288081,093,669,27,0,1789606160,,,SCHEDULED
2026-09-17T00:45:21.376635+00:00,1288081,093,4742,28,0,1789606198,,,SCHEDULED
2026-09-17T00:45:21.376635+00:00,1288081,093,4745,29,0,1789606294,,,SCHEDULED
2026-09-17T00:45:21.376635+00:00,1288081,093,4618,30,0,1789606431,,,SCHEDULED
2026-09-17T00:45:21.376635+00:00,1288081,093,4619,31,0,1789606481,,,SCHEDULED
2026-09-17T00:45:21.376635+00:00,1288081,093,3381,32,0,1789606587,,,SCHEDULED
2026-09-17T00:45:21.376635+00:00,1288081,093,3382,33,0,1789606618,,,SCHEDULED
2026-09-17T00:45:21.376635+00:00,1288081,093,3383,34,0,1789606658,,,SCHEDULED
2026-09-17T00:45:21.376635+00:00,1288081,093,3389,35,0,1789606707,,,SCHEDULED
2026-09-17T00:45:21.376635+00:00,1286580,067,2635,54,0,1789605923,,,SCHEDULED
2026-09-17T00:45:21.376635+00:00,1286580,067,2636,55,0,1789605975,,,SCHEDULED
2026-09-17T00:45:21.376635+00:00,1286580,067,2637,56,0,1789606023,,,SCHEDULED
2026-09-17T00:45:21.376635+00:00,1286580,067,2638,57,0,1789606100,,,SCHEDULED
2026-09-17T00:45:21.376635+00:00,1286580,067,2639,58,0,1789606191,,,SCHEDULED
2026-09-17T00:45:21.376635+00:00,1286580,067,1086,59,0,1789606753,,,SCHEDULED
2026-09-17T00:45:21.376635+00:00,1286580,067,1088,60,0,1789606796,,,SCHEDULED
2026-09-17T00:45:21.376635+00:00,1286580,067,1087,61,0,1789606839,,,SCHEDULED
2026-09-17T00:45:21.376635+00:00,1286580,067,2642,62,0,1789606896,,,SCHEDULED
2026-09-17T00:45:21.376635+00:00,1286581,067,2632,49,0,1789605773,,,SCHEDULED
2026-09-17T00:45:21.376635+00:00,1286581,067,2633,50,0,1789605872,,,SCHEDULED
2026-09-17T00:45:21.376635+00:00,1286581,067,9812,51,0,1789605950,,,SCHEDULED
2026-09-17T00:45:21.376635+00:00,1286581,067,2629,52,0,1789606056,,,SCHEDULED
2026-09-17T00:45:21.376635+00:00,1286581,067,2634,53,0,1789606085,,,SCHEDULED
2026-09-17T00:45:21.376635+00:00,1286581,067,2635,54,0,1789606120,,,SCHEDULED
2026-09-17T00:45:21.376635+00:00,1286581,067,2636,55,0,1789606172,,,SCHEDULED
2026-09-17T00:45:21.376635+00:00,1286581,067,2637,56,0,1789606220,,,SCHEDULED
2026-09-17T00:45:21.376635+00:00,1286581,067,2638,57,0,1789606297,,,SCHEDULED
2026-09-17T00:45:21.376635+00:00,1286581,067,2639,58,0,1789606388,,,SCHEDULED
2026-09-17T00:45:21.376635+00:00,1286581,067,1086,59,0,1789606753,,,SCHEDULED
2026-09-17T00:45:21.376635+00:00,1286581,067,1088,60,0,1789606808,,,SCHEDULED
2026-09-17T00:45:21.376635+00:00,1286581,067,1087,61,0,1789606839,,,SCHEDULED
2026-09-17T00:45:21.376635+00:00,1286581,067,2642,62,0,1789606887,,,SCHEDULED
2026-09-17T00:45:21.376635+00:00,1286991,075,1397,12,0,1789605911,,,SCHEDULED
2026-09-17T00:45:21.376635+00:00,1286991,075,9928,13,0,1789605978,,,SCHEDULED
2026-09-17T00:45:21.376635+00:00,1286991,075,3802,14,0,1789606036,,,SCHEDULED
2026-09-17T00:45:21.376635+00:00,1286991,075,3852,15,0,1789606231,,,SCHEDULED
2026-09-17T00:45:21.376635+00:00,1286596,067,1099,1,,,0,1789606954,SCHEDULED
2026-09-17T00:45:21.376635+00:00,1286596,067,2645,2,0,1789607056,,,SCHEDULED
2026-09-17T00:45:21.376635+00:00,1286596,067,2643,3,0,1789607098,,,SCHEDULED
2026-09-17T00:45:21.376635+00:00,1286596,067,2644,4,0,1789607166,,,SCHEDULED
2026-09-17T00:45:21.376635+00:00,1286596,067,2646,5,0,1789607222,,,SCHEDULED
2026-09-17T00:45:21.376635+00:00,1286596,067,2647,6,0,1789607238,,,SCHEDULED
2026-09-17T00:45:21.376635+00:00,1286596,067,2648,7,0,1789607612,,,SCHEDULED
2026-09-17T00:45:21.376635+00:00,1286596,067,5344,8,0,1789607679,,,SCHEDULED
2026-09-17T00:45:21.376635+00:00,1285141,023,1139,32,0,1789605983,,,SCHEDULED
2026-09-17T00:45:21.376635+00:00,1285141,023,1365,33,0,1789606020,,,SCHEDULED
2026-09-17T00:45:21.376635+00:00,1285141,023,1366,34,0,1789606047,,,SCHEDULED
2026-09-17T00:45:21.376635+00:00,1285141,023,1367,35,0,1789606080,,,SCHEDULED
2026-09-17T00:45:21.376635+00:00,1285141,023,1368,36,0,1789606137,,,SCHEDULED
2026-09-17T00:45:21.376635+00:00,1285141,023,1369,37,0,1789606201,,,SCHEDULED
2026-09-17T00:45:21.376635+00:00,1285141,023,1370,38,0,1789606234,,,SCHEDULED
2026-09-17T00:45:21.376635+00:00,1285141,023,1372,39,0,1789606238,,,SCHEDULED
2026-09-17T00:45:21.376635+00:00,1285141,023,1373,40,0,1789606241,,,SCHEDULED
2026-09-17T00:45:21.376635+00:00,1285141,023,1374,41,0,1789606244,,,SCHEDULED
2026-09-17T00:45:21.376635+00:00,1285141,023,1375,42,0,1789606278,,,SCHEDULED
2026-09-17T00:45:21.376635+00:00,1285141,023,1376,43,0,1789606302,,,SCHEDULED
2026-09-17T00:45:21.376635+00:00,1285141,023,1377,44,0,1789606315,,,SCHEDULED
2026-09-17T00:45:21.376635+00:00,1285141,023,1378,45,0,1789606347,,,SCHEDULED
2026-09-17T00:45:21.376635+00:00,1285141,023,1380,46,0,1789606440,,,SCHEDULED
2026-09-17T00:45:21.376635+00:00,1285141,023,1381,47,0,1789606504,,,SCHEDULED
2026-09-17T00:45:21.376635+00:00,1285141,023,1382,48,0,1789606544,,,SCHEDULED
2026-09-17T00:45:21.376635+00:00,1285141,023,1383,49,0,1789606555,,,SCHEDULED
2026-09-17T00:45:21.376635+00:00,1285141,023,1384,50,0,1789606594,,,SCHEDULED
2026-09-17T00:45:21.376635+00:00,1285141,023,1385,51,0,1789606613,,,SCHEDULED
2026-09-17T00:45:21.376635+00:00,1285141,023,1386,52,0,1789606709,,,SCHEDULED
2026-09-17T00:45:21.376635+00:00,1285141,023,1387,53,0,1789606756,,,SCHEDULED
2026-09-17T00:45:21.376635+00:00,1285141,023,1388,54,0,1789606806,,,SCHEDULED
2026-09-17T00:45:21.376635+00:00,1285141,023,1389,55,0,1789606903,,,SCHEDULED
2026-09-17T00:45:21.376635+00:00,1285141,023,1390,56,0,1789606972,,,SCHEDULED
2026-09-17T00:45:21.376635+00:00,1285141,023,1391,57,0,1789607013,,,SCHEDULED
2026-09-17T00:45:21.376635+00:00,1285141,023,1392,58,0,1789607046,,,SCHEDULED
2026-09-17T00:45:21.376635+00:00,1285141,023,1393,59,0,1789607087,,,SCHEDULED
2026-09-17T00:45:21.376635+00:00,1285141,023,1394,60,0,1789607106,,,SCHEDULED
2026-09-17T00:45:21.376635+00:00,1285141,023,1395,61,0,1789607145,,,SCHEDULED
2026-09-17T00:45:21.376635+00:00,1285141,023,1163,62,0,1789607245,,,SCHEDULED
2026-09-17T00:45:21.376635+00:00,1285141,023,1164,63,0,1789607327,,,SCHEDULED
2026-09-17T00:45:21.376635+00:00,1285141,023,1165,64,0,1789607580,,,SCHEDULED
2026-09-17T00:45:21.376635+00:00,1285141,023,1166,65,0,1789607662,,,SCHEDULED
2026-09-17T00:45:21.376635+00:00,1284693,013,1157,9,0,1789605898,,,SCHEDULED
2026-09-17T00:45:21.376635+00:00,1284693,013,1158,10,0,1789605955,,,SCHEDULED
2026-09-17T00:45:21.376635+00:00,1284693,013,1159,11,0,1789606031,,,SCHEDULED
2026-09-17T00:45:21.376635+00:00,1284693,013,1160,12,0,1789606121,,,SCHEDULED
2026-09-17T00:45:21.376635+00:00,1284693,013,1161,13,0,1789606212,,,SCHEDULED
2026-09-17T00:45:21.376635+00:00,1284693,013,1162,14,0,1789606291,,,SCHEDULED
2026-09-17T00:45:21.376635+00:00,1284693,013,1163,15,0,1789606385,,,SCHEDULED
2026-09-17T00:45:21.376635+00:00,1284693,013,1164,16,0,1789606467,,,SCHEDULED
2026-09-17T00:45:21.376635+00:00,1284693,013,1165,17,0,1789607155,,,SCHEDULED
2026-09-17T00:45:21.376635+00:00,1284693,013,1166,18,0,1789607238,,,SCHEDULED
2026-09-17T00:45:21.376635+00:00,1284693,013,1167,19,0,1789607272,,,SCHEDULED
2026-09-17T00:45:21.376635+00:00,1284693,013,1168,20,0,1789607298,,,SCHEDULED
2026-09-17T00:45:21.376635+00:00,1284693,013,284,21,0,1789607420,,,SCHEDULED
2026-09-17T00:45:21.376635+00:00,1284693,013,9807,22,0,1789607486,,,SCHEDULED
2026-09-17T00:45:21.376635+00:00,1284693,013,284,23,0,1789607574,,,SCHEDULED
2026-09-17T00:45:21.376635+00:00,1284693,013,1635,24,0,1789607662,,,SCHEDULED
2026-09-17T00:45:21.376635+00:00,1286990,075,4061,1,,,0,1789606620,SCHEDULED
2026-09-17T00:45:21.376635+00:00,1286990,075,1426,2,0,1789606694,,,SCHEDULED
2026-09-17T00:45:21.376635+00:00,1286990,075,1429,3,0,1789606761,,,SCHEDULED
2026-09-17T00:45:21.376635+00:00,1286990,075,1430,4,0,1789606798,,,SCHEDULED
2026-09-17T00:45:21.376635+00:00,1286990,075,3845,5,0,1789606883,,,SCHEDULED
2026-09-17T00:45:21.376635+00:00,1286990,075,3846,6,0,1789606935,,,SCHEDULED
2026-09-17T00:45:21.376635+00:00,1286990,075,3847,7,0,1789606977,,,SCHEDULED
2026-09-17T00:45:21.376635+00:00,1286990,075,1431,8,0,1789607010,,,SCHEDULED
2026-09-17T00:45:21.376635+00:00,1286990,075,1419,9,0,1789607081,,,SCHEDULED
2026-09-17T00:45:21.376635+00:00,1286990,075,9922,10,0,1789607158,,,SCHEDULED
2026-09-17T00:45:21.376635+00:00,1286990,075,1399,11,0,1789607226,,,SCHEDULED
2026-09-17T00:45:21.376635+00:00,1286990,075,1397,12,0,1789607278,,,SCHEDULED
2026-09-17T00:45:21.376635+00:00,1286990,075,9928,13,0,1789607359,,,SCHEDULED
2026-09-17T00:45:21.376635+00:00,1286990,075,3802,14,0,1789607419,,,SCHEDULED
2026-09-17T00:45:21.376635+00:00,1286990,075,3852,15,0,1789607450,,,SCHEDULED
2026-09-17T00:45:21.376635+00:00,1285143,023,1165,64,0,1789606025,,,SCHEDULED
2026-09-17T00:45:21.376635+00:00,1285143,023,1166,65,0,1789606137,,,SCHEDULED
2026-09-17T00:45:21.376635+00:00,1285143,023,1167,66,0,1789606172,,,SCHEDULED
2026-09-17T00:45:21.376635+00:00,1285143,023,1168,67,0,1789606210,,,SCHEDULED
2026-09-17T00:45:21.376635+00:00,1285143,023,284,68,0,1789606325,,,SCHEDULED
2026-09-17T00:45:21.376635+00:00,1285420,026,1534,40,0,1789605892,,,SCHEDULED
2026-09-17T00:45:21.376635+00:00,1285420,026,1535,41,0,1789605997,,,SCHEDULED
2026-09-17T00:45:21.376635+00:00,1285420,026,1536,42,0,1789606074,,,SCHEDULED
2026-09-17T00:45:21.376635+00:00,1285420,026,1537,43,0,1789606190,,,SCHEDULED
2026-09-17T00:45:21.376635+00:00,1285420,026,1538,44,0,1789606223,,,SCHEDULED
2026-09-17T00:45:21.376635+00:00,1285420,026,1539,45,0,1789606277,,,SCHEDULED
2026-09-17T00:45:21.376635+00:00,1285420,026,1540,46,0,1789606301,,,SCHEDULED
2026-09-17T00:45:21.376635+00:00,1285420,026,1542,47,0,1789606422,,,SCHEDULED
2026-09-17T00:45:21.376635+00:00,1285420,026,1541,48,0,1789606562,,,SCHEDULED
2026-09-17T00:45:21.376635+00:00,1285420,026,2980,49,0,1789606623,,,SCHEDULED
2026-09-17T00:45:21.376635+00:00,1285420,026,8958,50,0,1789606753,,,SCHEDULED
2026-09-17T00:45:21.376635+00:00,1286597,067,9811,14,0,1789605913,,,SCHEDULED
2026-09-17T00:45:21.376635+00:00,1286597,067,880,15,0,1789606064,,,SCHEDULED
2026-09-17T00:45:21.376635+00:00,1286597,067,2656,16,0,1789606126,,,SCHEDULED
2026-09-17T00:45:21.376635+00:00,1286597,067,2655,17,0,1789606144,,,SCHEDULED
2026-09-17T00:45:21.376635+00:00,1286597,067,1915,18,0,1789606183,,,SCHEDULED
2026-09-17T00:45:21.376635+00:00,1286597,067,2569,19,0,1789606308,,,SCHEDULED
2026-09-17T00:45:21.376635+00:00,1286597,067,2570,20,0,1789606353,,,SCHEDULED
2026-09-17T00:45:21.376635+00:00,1286597,067,2571,21,0,1789606376,,,SCHEDULED
2026-09-17T00:45:21.376635+00:00,1286597,067,2572,22,0,1789606445,,,SCHEDULED
2026-09-17T00:45:21.376635+00:00,1286597,067,2573,23,0,1789606467,,,SCHEDULED
2026-09-17T00:45:21.376635+00:00,1286597,067,2574,24,0,1789606482,,,SCHEDULED
2026-09-17T00:45:21.376635+00:00,1286597,067,2575,25,0,1789606494,,,SCHEDULED
2026-09-17T00:45:21.376635+00:00,1286597,067,2576,26,0,1789606509,,,SCHEDULED
2026-09-17T00:45:21.376635+00:00,1286597,067,2577,27,0,1789606521,,,SCHEDULED
2026-09-17T00:45:21.376635+00:00,1286597,067,2578,28,0,1789606629,,,SCHEDULED
2026-09-17T00:45:21.376635+00:00,1286597,067,2580,29,0,1789606696,,,SCHEDULED
2026-09-17T00:45:21.376635+00:00,1286597,067,2581,30,0,1789606748,,,SCHEDULED
2026-09-17T00:45:21.376635+00:00,1286597,067,2582,31,0,1789606804,,,SCHEDULED
2026-09-17T00:45:21.376635+00:00,1286597,067,2583,32,0,1789606832,,,SCHEDULED
2026-09-17T00:45:21.376635+00:00,1286597,067,2584,33,0,1789606882,,,SCHEDULED
2026-09-17T00:45:21.376635+00:00,1286597,067,2585,34,0,1789606959,,,SCHEDULED
2026-09-17T00:45:21.376635+00:00,1286597,067,2586,35,0,1789606999,,,SCHEDULED
2026-09-17T00:45:21.376635+00:00,1286597,067,2587,36,0,1789607171,,,SCHEDULED
2026-09-17T00:45:21.376635+00:00,1286597,067,2588,37,0,1789607246,,,SCHEDULED
2026-09-17T00:45:21.376635+00:00,1286597,067,2589,38,0,1789607331,,,SCHEDULED
2026-09-17T00:45:21.376635+00:00,1286597,067,2590,39,0,1789607380,,,SCHEDULED
2026-09-17T00:45:21.376635+00:00,1286597,067,2591,40,0,1789607428,,,SCHEDULED
2026-09-17T00:45:21.376635+00:00,1286597,067,2592,41,0,1789607456,,,SCHEDULED
2026-09-17T00:45:21.376635+00:00,1286597,067,2593,42,0,1789607495,,,SCHEDULED
2026-09-17T00:45:21.376635+00:00,1286597,067,2594,43,0,1789607540,,,SCHEDULED
2026-09-17T00:45:21.376635+00:00,1286597,067,2595,44,0,1789607567,,,SCHEDULED
2026-09-17T00:45:21.376635+00:00,1286597,067,2596,45,0,1789607593,,,SCHEDULED
2026-09-17T00:45:21.376635+00:00,1286597,067,2031,46,0,1789607662,,,SCHEDULED
2026-09-17T00:45:21.376635+00:00,1287203,081,3136,29,0,1789605893,,,SCHEDULED
2026-09-17T00:45:21.376635+00:00,1287203,081,3137,30,0,1789605987,,,SCHEDULED
2026-09-17T00:45:21.376635+00:00,1287203,081,3138,31,0,1789606082,,,SCHEDULED
2026-09-17T00:45:21.376635+00:00,1287203,081,3139,32,0,1789606115,,,SCHEDULED
2026-09-17T00:45:21.376635+00:00,1287203,081,3140,33,0,1789606165,,,SCHEDULED
2026-09-17T00:45:21.376635+00:00,1287203,081,3141,34,0,1789606195,,,SCHEDULED
2026-09-17T00:45:21.376635+00:00,1287203,081,3142,35,0,1789606220,,,SCHEDULED
2026-09-17T00:45:21.376635+00:00,1287203,081,3143,36,0,1789606266,,,SCHEDULED
2026-09-17T00:45:21.376635+00:00,1287203,081,3144,37,0,1789606267,,,SCHEDULED
2026-09-17T00:45:21.376635+00:00,1286598,067,2031,46,0,1789605937,,,SCHEDULED
2026-09-17T00:45:21.376635+00:00,1286598,067,2032,47,0,1789606031,,,SCHEDULED
2026-09-17T00:45:21.376635+00:00,1286598,067,2173,48,0,1789606106,,,SCHEDULED
2026-09-17T00:45:21.376635+00:00,1286598,067,494,49,0,1789606227,,,SCHEDULED
2026-09-17T00:45:21.376635+00:00,1286598,067,3831,50,0,1789606447,,,SCHEDULED
2026-09-17T00:45:21.376635+00:00,1286598,067,3833,51,0,1789606528,,,SCHEDULED
2026-09-17T00:45:21.376635+00:00,1286598,067,3834,52,0,1789606637,,,SCHEDULED
2026-09-17T00:45:21.376635+00:00,1286598,067,3939,53,0,1789606736,,,SCHEDULED
2026-09-17T00:45:21.376635+00:00,1286598,067,5107,54,0,1789606844,,,SCHEDULED
2026-09-17T00:45:21.376635+00:00,1286598,067,4020,55,0,1789606895,,,SCHEDULED
2026-09-17T00:45:21.376635+00:00,1286598,067,4021,56,0,1789606949,,,SCHEDULED
2026-09-17T00:45:21.376635+00:00,1286598,067,4022,57,0,1789606987,,,SCHEDULED
2026-09-17T00:45:21.376635+00:00,1286598,067,242,58,0,1789607054,,,SCHEDULED
2026-09-17T00:45:21.376635+00:00,1286598,067,243,59,0,1789607078,,,SCHEDULED
2026-09-17T00:45:21.376635+00:00,1286598,067,244,60,0,1789607096,,,SCHEDULED
2026-09-17T00:45:21.376635+00:00,1286598,067,1038,61,0,1789607120,,,SCHEDULED
2026-09-17T00:45:21.376635+00:00,1286598,067,4019,62,0,1789607195,,,SCHEDULED
2026-09-17T00:45:21.376635+00:00,1284291,010,11110,1,,,0,1789607280,SCHEDULED
2026-09-17T00:45:21.376635+00:00,1284291,010,11081,2,0,1789607304,,,SCHEDULED
2026-09-17T00:45:21.376635+00:00,1284291,010,11082,3,0,1789607332,,,SCHEDULED
2026-09-17T00:45:21.376635+00:00,1284291,010,11083,4,0,1789607366,,,SCHEDULED
2026-09-17T00:45:21.376635+00:00,1284291,010,11084,5,0,1789607415,,,SCHEDULED
2026-09-17T00:45:21.376635+00:00,1284291,010,11085,6,0,1789607450,,,SCHEDULED
2026-09-17T00:45:21.376635+00:00,1284291,010,11086,7,0,1789607514,,,SCHEDULED
2026-09-17T00:45:21.376635+00:00,1284291,010,11087,8,0,1789607548,,,SCHEDULED
2026-09-17T00:45:21.376635+00:00,1286471,062,2346,27,0,1789605919,,,SCHEDULED
2026-09-17T00:45:21.376635+00:00,1286471,062,2347,28,0,1789606088,,,SCHEDULED
2026-09-17T00:45:21.376635+00:00,1286471,062,2348,29,0,1789606107,,,SCHEDULED
2026-09-17T00:45:21.376635+00:00,1286471,062,2350,30,0,1789606129,,,SCHEDULED
2026-09-17T00:45:21.376635+00:00,1286471,062,2351,31,0,1789606132,,,SCHEDULED
2026-09-17T00:45:21.376635+00:00,1286471,062,5313,32,0,1789606194,,,SCHEDULED
2026-09-17T00:45:21.376635+00:00,1286471,062,2352,33,0,1789606212,,,SCHEDULED
2026-09-17T00:45:21.376635+00:00,1286471,062,2353,34,0,1789606259,,,SCHEDULED
2026-09-17T00:45:21.376635+00:00,1286471,062,2354,35,0,1789606290,,,SCHEDULED
2026-09-17T00:45:21.376635+00:00,1286471,062,2355,36,0,1789606315,,,SCHEDULED
2026-09-17T00:45:21.376635+00:00,1286471,062,2356,37,0,1789606338,,,SCHEDULED
2026-09-17T00:45:21.376635+00:00,1286471,062,465,38,0,1789606370,,,SCHEDULED
2026-09-17T00:45:21.376635+00:00,1286471,062,466,39,0,1789606391,,,SCHEDULED
2026-09-17T00:45:21.376635+00:00,1286471,062,467,40,0,1789606423,,,SCHEDULED
2026-09-17T00:45:21.376635+00:00,1286471,062,468,41,0,1789606439,,,SCHEDULED
2026-09-17T00:45:21.376635+00:00,1286471,062,469,42,0,1789606455,,,SCHEDULED
2026-09-17T00:45:21.376635+00:00,1286471,062,470,43,0,1789606498,,,SCHEDULED
2026-09-17T00:45:21.376635+00:00,1286471,062,471,44,0,1789606532,,,SCHEDULED
2026-09-17T00:45:21.376635+00:00,1286471,062,472,45,0,1789606666,,,SCHEDULED
2026-09-17T00:45:21.376635+00:00,1286471,062,473,46,0,1789606714,,,SCHEDULED
2026-09-17T00:45:21.376635+00:00,1286471,062,474,47,0,1789606735,,,SCHEDULED
2026-09-17T00:45:21.376635+00:00,1286471,062,475,48,0,1789606757,,,SCHEDULED
2026-09-17T00:45:21.376635+00:00,1286471,062,476,49,0,1789606825,,,SCHEDULED
2026-09-17T00:45:21.376635+00:00,1286471,062,477,50,0,1789606861,,,SCHEDULED
2026-09-17T00:45:21.376635+00:00,1286471,062,4134,51,0,1789606918,,,SCHEDULED
2026-09-17T00:45:21.376635+00:00,1286471,062,4136,52,0,1789606969,,,SCHEDULED
2026-09-17T00:45:21.376635+00:00,1286471,062,4137,53,0,1789607015,,,SCHEDULED
2026-09-17T00:45:21.376635+00:00,1285140,023,1190,6,0,1789605969,,,SCHEDULED
2026-09-17T00:45:21.376635+00:00,1285140,023,1337,7,0,1789606080,,,SCHEDULED
2026-09-17T00:45:21.376635+00:00,1285140,023,1338,8,0,1789606110,,,SCHEDULED
2026-09-17T00:45:21.376635+00:00,1285140,023,1339,9,0,1789606172,,,SCHEDULED
2026-09-17T00:45:21.376635+00:00,1285140,023,1340,10,0,1789606197,,,SCHEDULED
2026-09-17T00:45:21.376635+00:00,1285140,023,1341,11,0,1789606246,,,SCHEDULED
2026-09-17T00:45:21.376635+00:00,1285140,023,1342,12,0,1789606277,,,SCHEDULED
2026-09-17T00:45:21.376635+00:00,1285140,023,1343,13,0,1789606316,,,SCHEDULED
2026-09-17T00:45:21.376635+00:00,1285140,023,1344,14,0,1789606353,,,SCHEDULED
2026-09-17T00:45:21.376635+00:00,1285140,023,1346,15,0,1789606393,,,SCHEDULED
2026-09-17T00:45:21.376635+00:00,1285140,023,5362,16,0,1789606456,,,SCHEDULED
2026-09-17T00:45:21.376635+00:00,1285140,023,5361,17,0,1789606518,,,SCHEDULED
2026-09-17T00:45:21.376635+00:00,1285140,023,1348,18,0,1789606560,,,SCHEDULED
2026-09-17T00:45:21.376635+00:00,1285140,023,1349,19,0,1789606584,,,SCHEDULED
2026-09-17T00:45:21.376635+00:00,1285140,023,1350,20,0,1789606647,,,SCHEDULED
2026-09-17T00:45:21.376635+00:00,1285140,023,1351,21,0,1789606726,,,SCHEDULED
2026-09-17T00:45:21.376635+00:00,1285140,023,1353,22,0,1789606792,,,SCHEDULED
2026-09-17T00:45:21.376635+00:00,1285140,023,1354,23,0,1789606854,,,SCHEDULED
2026-09-17T00:45:21.376635+00:00,1285140,023,1355,24,0,1789606908,,,SCHEDULED
2026-09-17T00:45:21.376635+00:00,1285140,023,1356,25,0,1789606944,,,SCHEDULED
2026-09-17T00:45:21.376635+00:00,1285140,023,1357,26,0,1789607026,,,SCHEDULED
2026-09-17T00:45:21.376635+00:00,1285140,023,1358,27,0,1789607053,,,SCHEDULED
2026-09-17T00:45:21.376635+00:00,1285140,023,1359,28,0,1789607084,,,SCHEDULED
2026-09-17T00:45:21.376635+00:00,1285140,023,1360,29,0,1789607142,,,SCHEDULED
2026-09-17T00:45:21.376635+00:00,1285140,023,1361,30,0,1789607183,,,SCHEDULED
2026-09-17T00:45:21.376635+00:00,1285140,023,1363,31,0,1789607220,,,SCHEDULED
2026-09-17T00:45:21.376635+00:00,1285140,023,1139,32,0,1789607264,,,SCHEDULED
2026-09-17T00:45:21.376635+00:00,1285140,023,1365,33,0,1789607300,,,SCHEDULED
2026-09-17T00:45:21.376635+00:00,1285140,023,1366,34,0,1789607327,,,SCHEDULED
2026-09-17T00:45:21.376635+00:00,1285140,023,1367,35,0,1789607366,,,SCHEDULED
2026-09-17T00:45:21.376635+00:00,1285140,023,1368,36,0,1789607392,,,SCHEDULED
2026-09-17T00:45:21.376635+00:00,1285140,023,1369,37,0,1789607444,,,SCHEDULED
2026-09-17T00:45:21.376635+00:00,1285140,023,1370,38,0,1789607469,,,SCHEDULED
2026-09-17T00:45:21.376635+00:00,1285140,023,1372,39,0,1789607531,,,SCHEDULED
2026-09-17T00:45:21.376635+00:00,1285140,023,1373,40,0,1789607567,,,SCHEDULED
2026-09-17T00:45:21.376635+00:00,1285140,023,1374,41,0,1789607612,,,SCHEDULED
2026-09-17T00:45:21.376635+00:00,1284051,001,1184,1,,,0,1789606900,SCHEDULED
2026-09-17T00:45:21.376635+00:00,1284051,001,3301,2,0,1789606901,,,SCHEDULED
2026-09-17T00:45:21.376635+00:00,1284051,001,1187,3,0,1789606984,,,SCHEDULED
2026-09-17T00:45:21.376635+00:00,1284051,001,1188,4,0,1789606988,,,SCHEDULED
2026-09-17T00:45:21.376635+00:00,1284051,001,1189,5,0,1789607025,,,SCHEDULED
2026-09-17T00:45:21.376635+00:00,1284051,001,1190,6,0,1789607068,,,SCHEDULED
2026-09-17T00:45:21.376635+00:00,1284051,001,1191,7,0,1789607109,,,SCHEDULED
2026-09-17T00:45:21.376635+00:00,1284051,001,1192,8,0,1789607144,,,SCHEDULED
2026-09-17T00:45:21.376635+00:00,1284051,001,1193,9,0,1789607204,,,SCHEDULED
2026-09-17T00:45:21.376635+00:00,1284051,001,1195,10,0,1789607274,,,SCHEDULED
2026-09-17T00:45:21.376635+00:00,1284051,001,1196,11,0,1789607316,,,SCHEDULED
2026-09-17T00:45:21.376635+00:00,1284051,001,1197,12,0,1789607351,,,SCHEDULED
2026-09-17T00:45:21.376635+00:00,1284051,001,1198,13,0,1789607366,,,SCHEDULED
2026-09-17T00:45:21.376635+00:00,1284051,001,3348,14,0,1789607523,,,SCHEDULED
2026-09-17T00:45:21.376635+00:00,1284051,001,3349,15,0,1789607593,,,SCHEDULED
2026-09-17T00:45:21.376635+00:00,1284051,001,3350,16,0,1789607605,,,SCHEDULED
2026-09-17T00:45:21.376635+00:00,1284051,001,3351,17,0,1789607642,,,SCHEDULED
2026-09-17T00:45:21.376635+00:00,1284050,001,1184,1,,,0,1789606000,SCHEDULED
2026-09-17T00:45:21.376635+00:00,1284050,001,3301,2,0,1789606001,,,SCHEDULED
2026-09-17T00:45:21.376635+00:00,1284050,001,1187,3,0,1789606084,,,SCHEDULED
2026-09-17T00:45:21.376635+00:00,1284050,001,1188,4,0,1789606144,,,SCHEDULED
2026-09-17T00:45:21.376635+00:00,1284050,001,1189,5,0,1789606182,,,SCHEDULED
2026-09-17T00:45:21.376635+00:00,1284050,001,1190,6,0,1789606260,,,SCHEDULED
2026-09-17T00:45:21.376635+00:00,1284050,001,1191,7,0,1789606275,,,SCHEDULED
2026-09-17T00:45:21.376635+00:00,1284050,001,1192,8,0,1789606327,,,SCHEDULED
2026-09-17T00:45:21.376635+00:00,1284050,001,1193,9,0,1789606368,,,SCHEDULED
2026-09-17T00:45:21.376635+00:00,1284050,001,1195,10,0,1789606422,,,SCHEDULED
2026-09-17T00:45:21.376635+00:00,1284050,001,1196,11,0,1789606444,,,SCHEDULED
2026-09-17T00:45:21.376635+00:00,1284050,001,1197,12,0,1789606482,,,SCHEDULED
2026-09-17T00:45:21.376635+00:00,1284050,001,1198,13,0,1789606497,,,SCHEDULED
2026-09-17T00:45:21.376635+00:00,1284050,001,3348,14,0,1789606647,,,SCHEDULED
2026-09-17T00:45:21.376635+00:00,1284050,001,3349,15,0,1789606705,,,SCHEDULED
2026-09-17T00:45:21.376635+00:00,1284050,001,3350,16,0,1789606737,,,SCHEDULED
2026-09-17T00:45:21.376635+00:00,1284050,001,3351,17,0,1789606775,,,SCHEDULED
2026-09-17T00:45:21.376635+00:00,1284050,001,3352,18,0,1789606869,,,SCHEDULED
2026-09-17T00:45:21.376635+00:00,1284050,001,3353,19,0,1789606942,,,SCHEDULED
2026-09-17T00:45:21.376635+00:00,1284050,001,3354,20,0,1789606985,,,SCHEDULED
2026-09-17T00:45:21.376635+00:00,1284050,001,3355,21,0,1789606989,,,SCHEDULED
2026-09-17T00:45:21.376635+00:00,1284050,001,3356,22,0,1789607098,,,SCHEDULED
2026-09-17T00:45:21.376635+00:00,1284050,001,3357,23,0,1789607270,,,SCHEDULED
2026-09-17T00:45:21.376635+00:00,1284050,001,563,24,0,1789607390,,,SCHEDULED
2026-09-17T00:45:21.376635+00:00,1284050,001,565,25,0,1789607402,,,SCHEDULED
2026-09-17T00:45:21.376635+00:00,1284050,001,566,26,0,1789607475,,,SCHEDULED
2026-09-17T00:45:21.376635+00:00,1284050,001,567,27,0,1789607503,,,SCHEDULED
2026-09-17T00:45:21.376635+00:00,1284050,001,568,28,0,1789607570,,,SCHEDULED
2026-09-17T00:45:21.376635+00:00,1284050,001,570,29,0,1789607596,,,SCHEDULED
2026-09-17T00:45:21.376635+00:00,1284050,001,573,30,0,1789607635,,,SCHEDULED
2026-09-17T00:45:21.376635+00:00,1284292,010,11143,30,0,1789605886,,,SCHEDULED
2026-09-17T00:45:21.376635+00:00,1284292,010,11203,31,0,1789605932,,,SCHEDULED
2026-09-17T00:45:21.376635+00:00,1284292,010,11159,32,0,1789606198,,,SCHEDULED
2026-09-17T00:45:21.376635+00:00,1284292,010,11066,33,0,1789606568,,,SCHEDULED
2026-09-17T00:45:21.376635+00:00,1284292,010,11145,34,0,1789606594,,,SCHEDULED
2026-09-17T00:45:21.376635+00:00,1284292,010,3287,35,0,1789606634,,,SCHEDULED
2026-09-17T00:45:21.376635+00:00,1284292,010,11069,36,0,1789606702,,,SCHEDULED
2026-09-17T00:45:21.376635+00:00,1284292,010,11070,37,0,1789606762,,,SCHEDULED
2026-09-17T00:45:21.376635+00:00,1284292,010,11047,38,0,1789606922,,,SCHEDULED
2026-09-17T00:45:21.376635+00:00,1284292,010,11065,39,0,1789606945,,,SCHEDULED
2026-09-17T00:45:21.376635+00:00,1284292,010,11064,40,0,1789606990,,,SCHEDULED
2026-09-17T00:45:21.376635+00:00,1284292,010,11044,41,0,1789607042,,,SCHEDULED
2026-09-17T00:45:21.376635+00:00,1284292,010,11063,42,0,1789607124,,,SCHEDULED
2026-09-17T00:45:21.376635+00:00,1287178,081,2165,25,0,1789605959,,,SCHEDULED
2026-09-17T00:45:21.376635+00:00,1287178,081,2166,26,0,1789606091,,,SCHEDULED
2026-09-17T00:45:21.376635+00:00,1287177,081,3132,26,0,1789605959,,,SCHEDULED
2026-09-17T00:45:21.376635+00:00,1287177,081,3134,27,0,1789606096,,,SCHEDULED
2026-09-17T00:45:21.376635+00:00,1287177,081,3135,28,0,1789606170,,,SCHEDULED
2026-09-17T00:45:21.376635+00:00,1287177,081,3136,29,0,1789606204,,,SCHEDULED
2026-09-17T00:45:21.376635+00:00,1287177,081,3137,30,0,1789606298,,,SCHEDULED
2026-09-17T00:45:21.376635+00:00,1287177,081,3138,31,0,1789606393,,,SCHEDULED
2026-09-17T00:45:21.376635+00:00,1287177,081,3139,32,0,1789606426,,,SCHEDULED
2026-09-17T00:45:21.376635+00:00,1287177,081,3140,33,0,1789606476,,,SCHEDULED
2026-09-17T00:45:21.376635+00:00,1287177,081,3141,34,0,1789606718,,,SCHEDULED
2026-09-17T00:45:21.376635+00:00,1287177,081,3142,35,0,1789606732,,,SCHEDULED
2026-09-17T00:45:21.376635+00:00,1287177,081,3143,36,0,1789606761,,,SCHEDULED
2026-09-17T00:45:21.376635+00:00,1287177,081,3144,37,0,1789606776,,,SCHEDULED
2026-09-17T00:45:21.376635+00:00,1284103,001,1801,1,,,0,1789607040,SCHEDULED
2026-09-17T00:45:21.376635+00:00,1284103,001,3073,2,0,1789607084,,,SCHEDULED
2026-09-17T00:45:21.376635+00:00,1284103,001,630,3,0,1789607215,,,SCHEDULED
2026-09-17T00:45:21.376635+00:00,1284103,001,631,4,0,1789607264,,,SCHEDULED
2026-09-17T00:45:21.376635+00:00,1284103,001,632,5,0,1789607293,,,SCHEDULED
2026-09-17T00:45:21.376635+00:00,1284103,001,634,6,0,1789607364,,,SCHEDULED
2026-09-17T00:45:21.376635+00:00,1284103,001,635,7,0,1789607435,,,SCHEDULED
2026-09-17T00:45:21.376635+00:00,1284103,001,636,8,0,1789607515,,,SCHEDULED
2026-09-17T00:45:21.376635+00:00,1284103,001,637,9,0,1789607551,,,SCHEDULED
2026-09-17T00:45:21.376635+00:00,1284103,001,638,10,0,1789607595,,,SCHEDULED
2026-09-17T00:45:21.376635+00:00,1284103,001,639,11,0,1789607640,,,SCHEDULED
2026-09-17T00:45:21.376635+00:00,1285557,030,522,23,0,1789605896,,,SCHEDULED
2026-09-17T00:45:21.376635+00:00,1285557,030,525,24,0,1789605965,,,SCHEDULED
2026-09-17T00:45:21.376635+00:00,1285557,030,526,25,0,1789606049,,,SCHEDULED
2026-09-17T00:45:21.376635+00:00,1285557,030,527,26,0,1789606084,,,SCHEDULED
2026-09-17T00:45:21.376635+00:00,1285557,030,528,27,0,1789606111,,,SCHEDULED
2026-09-17T00:45:21.376635+00:00,1285557,030,5252,28,0,1789606208,,,SCHEDULED
2026-09-17T00:45:21.376635+00:00,1285557,030,281,29,0,1789606332,,,SCHEDULED
2026-09-17T00:45:21.376635+00:00,1287219,081,2330,21,0,1789605919,,,SCHEDULED
2026-09-17T00:45:21.376635+00:00,1287219,081,4811,22,0,1789605953,,,SCHEDULED
2026-09-17T00:45:21.376635+00:00,1287219,081,4810,23,0,1789606018,,,SCHEDULED
2026-09-17T00:45:21.376635+00:00,1284105,001,3073,2,0,1789605932,,,SCHEDULED
2026-09-17T00:45:21.376635+00:00,1284105,001,630,3,0,1789606165,,,SCHEDULED
2026-09-17T00:45:21.376635+00:00,1284105,001,631,4,0,1789606239,,,SCHEDULED
2026-09-17T00:45:21.376635+00:00,1284105,001,632,5,0,1789606267,,,SCHEDULED
2026-09-17T00:45:21.376635+00:00,1284105,001,634,6,0,1789606341,,,SCHEDULED
2026-09-17T00:45:21.376635+00:00,1284105,001,635,7,0,1789606439,,,SCHEDULED
2026-09-17T00:45:21.376635+00:00,1284105,001,636,8,0,1789606523,,,SCHEDULED
2026-09-17T00:45:21.376635+00:00,1284105,001,637,9,0,1789606567,,,SCHEDULED
2026-09-17T00:45:21.376635+00:00,1284105,001,638,10,0,1789606608,,,SCHEDULED
2026-09-17T00:45:21.376635+00:00,1284105,001,639,11,0,1789606671,,,SCHEDULED
2026-09-17T00:45:21.376635+00:00,1284105,001,640,12,0,1789606747,,,SCHEDULED
2026-09-17T00:45:21.376635+00:00,1284105,001,641,13,0,1789606809,,,SCHEDULED
2026-09-17T00:45:21.376635+00:00,1284105,001,642,14,0,1789606956,,,SCHEDULED
2026-09-17T00:45:21.376635+00:00,1284105,001,643,15,0,1789607015,,,SCHEDULED
2026-09-17T00:45:21.376635+00:00,1284105,001,644,16,0,1789607057,,,SCHEDULED
2026-09-17T00:45:21.376635+00:00,1284105,001,645,17,0,1789607094,,,SCHEDULED
2026-09-17T00:45:21.376635+00:00,1284105,001,646,18,0,1789607144,,,SCHEDULED
2026-09-17T00:45:21.376635+00:00,1284105,001,647,19,0,1789607194,,,SCHEDULED
2026-09-17T00:45:21.376635+00:00,1284105,001,648,20,0,1789607262,,,SCHEDULED
2026-09-17T00:45:21.376635+00:00,1284105,001,649,21,0,1789607299,,,SCHEDULED
2026-09-17T00:45:21.376635+00:00,1284105,001,5351,22,0,1789607312,,,SCHEDULED
2026-09-17T00:45:21.376635+00:00,1284105,001,1308,23,0,1789607387,,,SCHEDULED
2026-09-17T00:45:21.376635+00:00,1284105,001,1309,24,0,1789607437,,,SCHEDULED
2026-09-17T00:45:21.376635+00:00,1284105,001,1310,25,0,1789607496,,,SCHEDULED
2026-09-17T00:45:21.376635+00:00,1284105,001,1311,26,0,1789607542,,,SCHEDULED
2026-09-17T00:45:21.376635+00:00,1284105,001,5363,27,0,1789607599,,,SCHEDULED
2026-09-17T00:45:21.376635+00:00,1284105,001,1313,28,0,1789607622,,,SCHEDULED
2026-09-17T00:45:21.376635+00:00,1285556,030,275,1,,,0,1789606594,SCHEDULED
2026-09-17T00:45:21.376635+00:00,1285556,030,1689,2,0,1789606744,,,SCHEDULED
2026-09-17T00:45:21.376635+00:00,1285556,030,1691,3,0,1789606780,,,SCHEDULED
2026-09-17T00:45:21.376635+00:00,1285556,030,1692,4,0,1789606800,,,SCHEDULED
2026-09-17T00:45:21.376635+00:00,1285556,030,1693,5,0,1789606819,,,SCHEDULED
2026-09-17T00:45:21.376635+00:00,1285556,030,1694,6,0,1789606846,,,SCHEDULED
2026-09-17T00:45:21.376635+00:00,1285556,030,1695,7,0,1789606863,,,SCHEDULED
2026-09-17T00:45:21.376635+00:00,1285556,030,1697,8,0,1789606891,,,SCHEDULED
2026-09-17T00:45:21.376635+00:00,1285556,030,1699,9,0,1789606925,,,SCHEDULED
2026-09-17T00:45:21.376635+00:00,1285556,030,1700,10,0,1789606987,,,SCHEDULED
2026-09-17T00:45:21.376635+00:00,1285556,030,1701,11,0,1789607014,,,SCHEDULED
2026-09-17T00:45:21.376635+00:00,1285556,030,1702,12,0,1789607034,,,SCHEDULED
2026-09-17T00:45:21.376635+00:00,1285556,030,1703,13,0,1789607057,,,SCHEDULED
2026-09-17T00:45:21.376635+00:00,1285556,030,1704,14,0,1789607101,,,SCHEDULED
2026-09-17T00:45:21.376635+00:00,1285556,030,1705,15,0,1789607213,,,SCHEDULED
2026-09-17T00:45:21.376635+00:00,1285556,030,1707,16,0,1789607286,,,SCHEDULED
2026-09-17T00:45:21.376635+00:00,1285556,030,1708,17,0,1789607359,,,SCHEDULED
2026-09-17T00:45:21.376635+00:00,1285556,030,1709,18,0,1789607395,,,SCHEDULED
2026-09-17T00:45:21.376635+00:00,1285556,030,1710,19,0,1789607439,,,SCHEDULED
2026-09-17T00:45:21.376635+00:00,1285556,030,1711,20,0,1789607485,,,SCHEDULED
2026-09-17T00:45:21.376635+00:00,1285556,030,519,21,0,1789607487,,,SCHEDULED
2026-09-17T00:45:21.376635+00:00,1285556,030,521,22,0,1789607584,,,SCHEDULED
2026-09-17T00:45:21.376635+00:00,1285556,030,522,23,0,1789607658,,,SCHEDULED
2026-09-17T00:45:21.376635+00:00,1284104,001,1801,1,,,0,1789606140,SCHEDULED
2026-09-17T00:45:21.376635+00:00,1284104,001,3073,2,0,1789606185,,,SCHEDULED
2026-09-17T00:45:21.376635+00:00,1284104,001,630,3,0,1789606418,,,SCHEDULED
2026-09-17T00:45:21.376635+00:00,1284104,001,631,4,0,1789606492,,,SCHEDULED
2026-09-17T00:45:21.376635+00:00,1284104,001,632,5,0,1789606520,,,SCHEDULED
2026-09-17T00:45:21.376635+00:00,1284104,001,634,6,0,1789606594,,,SCHEDULED
2026-09-17T00:45:21.376635+00:00,1284104,001,635,7,0,1789606692,,,SCHEDULED
2026-09-17T00:45:21.376635+00:00,1284104,001,636,8,0,1789606776,,,SCHEDULED
2026-09-17T00:45:21.376635+00:00,1284104,001,637,9,0,1789606820,,,SCHEDULED
2026-09-17T00:45:21.376635+00:00,1284104,001,638,10,0,1789606861,,,SCHEDULED
2026-09-17T00:45:21.376635+00:00,1284104,001,639,11,0,1789606924,,,SCHEDULED
2026-09-17T00:45:21.376635+00:00,1284104,001,640,12,0,1789606965,,,SCHEDULED
2026-09-17T00:45:21.376635+00:00,1284104,001,641,13,0,1789606998,,,SCHEDULED
2026-09-17T00:45:21.376635+00:00,1284104,001,642,14,0,1789607128,,,SCHEDULED
2026-09-17T00:45:21.376635+00:00,1284104,001,643,15,0,1789607197,,,SCHEDULED
2026-09-17T00:45:21.376635+00:00,1284104,001,644,16,0,1789607243,,,SCHEDULED
2026-09-17T00:45:21.376635+00:00,1284104,001,645,17,0,1789607314,,,SCHEDULED
2026-09-17T00:45:21.376635+00:00,1284104,001,646,18,0,1789607357,,,SCHEDULED
2026-09-17T00:45:21.376635+00:00,1284104,001,647,19,0,1789607398,,,SCHEDULED
2026-09-17T00:45:21.376635+00:00,1284104,001,648,20,0,1789607445,,,SCHEDULED
2026-09-17T00:45:21.376635+00:00,1284104,001,649,21,0,1789607478,,,SCHEDULED
2026-09-17T00:45:21.376635+00:00,1284104,001,5351,22,0,1789607487,,,SCHEDULED
2026-09-17T00:45:21.376635+00:00,1284104,001,1308,23,0,1789607568,,,SCHEDULED
2026-09-17T00:45:21.376635+00:00,1284104,001,1309,24,0,1789607632,,,SCHEDULED
2026-09-17T00:45:21.376635+00:00,1284106,001,643,15,0,1789605931,,,SCHEDULED
2026-09-17T00:45:21.376635+00:00,1284106,001,644,16,0,1789605973,,,SCHEDULED
2026-09-17T00:45:21.376635+00:00,1284106,001,645,17,0,1789606010,,,SCHEDULED
2026-09-17T00:45:21.376635+00:00,1284106,001,646,18,0,1789606060,,,SCHEDULED
2026-09-17T00:45:21.376635+00:00,1284106,001,647,19,0,1789606110,,,SCHEDULED
2026-09-17T00:45:21.376635+00:00,1284106,001,648,20,0,1789606178,,,SCHEDULED
2026-09-17T00:45:21.376635+00:00,1284106,001,649,21,0,1789606215,,,SCHEDULED
2026-09-17T00:45:21.376635+00:00,1284106,001,5351,22,0,1789606228,,,SCHEDULED
2026-09-17T00:45:21.376635+00:00,1284106,001,1308,23,0,1789606303,,,SCHEDULED
2026-09-17T00:45:21.376635+00:00,1284106,001,1309,24,0,1789606353,,,SCHEDULED
2026-09-17T00:45:21.376635+00:00,1284106,001,1310,25,0,1789606412,,,SCHEDULED
2026-09-17T00:45:21.376635+00:00,1284106,001,1311,26,0,1789606458,,,SCHEDULED
2026-09-17T00:45:21.376635+00:00,1284106,001,5363,27,0,1789606515,,,SCHEDULED
2026-09-17T00:45:21.376635+00:00,1284106,001,1313,28,0,1789606538,,,SCHEDULED
2026-09-17T00:45:21.376635+00:00,1284106,001,1314,29,0,1789606625,,,SCHEDULED
2026-09-17T00:45:21.376635+00:00,1284106,001,1315,30,0,1789606719,,,SCHEDULED
2026-09-17T00:45:21.376635+00:00,1284106,001,1316,31,0,1789606753,,,SCHEDULED
2026-09-17T00:45:21.376635+00:00,1284106,001,1317,32,0,1789606778,,,SCHEDULED
2026-09-17T00:45:21.376635+00:00,1284106,001,1318,33,0,1789606819,,,SCHEDULED
2026-09-17T00:45:21.376635+00:00,1284106,001,2807,34,0,1789606966,,,SCHEDULED
2026-09-17T00:45:21.376635+00:00,1287218,081,1612,1,,,0,1789606433,SCHEDULED
2026-09-17T00:45:21.376635+00:00,1287218,081,1613,2,0,1789606539,,,SCHEDULED
2026-09-17T00:45:21.376635+00:00,1287218,081,2311,3,0,1789606601,,,SCHEDULED
2026-09-17T00:45:21.376635+00:00,1287218,081,2312,4,0,1789606799,,,SCHEDULED
2026-09-17T00:45:21.376635+00:00,1287218,081,2313,5,0,1789606870,,,SCHEDULED
2026-09-17T00:45:21.376635+00:00,1287218,081,2314,6,0,1789606957,,,SCHEDULED
2026-09-17T00:45:21.376635+00:00,1287218,081,2315,7,0,1789607017,,,SCHEDULED
2026-09-17T00:45:21.376635+00:00,1287218,081,5203,8,0,1789607070,,,SCHEDULED
2026-09-17T00:45:21.376635+00:00,1287218,081,2317,9,0,1789607111,,,SCHEDULED
2026-09-17T00:45:21.376635+00:00,1287218,081,2318,10,0,1789607179,,,SCHEDULED
2026-09-17T00:45:21.376635+00:00,1287218,081,2319,11,0,1789607273,,,SCHEDULED
2026-09-17T00:45:21.376635+00:00,1287218,081,2320,12,0,1789607316,,,SCHEDULED
2026-09-17T00:45:21.376635+00:00,1287218,081,2321,13,0,1789607373,,,SCHEDULED
2026-09-17T00:45:21.376635+00:00,1287218,081,2322,14,0,1789607409,,,SCHEDULED
2026-09-17T00:45:21.376635+00:00,1287218,081,2323,15,0,1789607434,,,SCHEDULED
2026-09-17T00:45:21.376635+00:00,1287218,081,2324,16,0,1789607471,,,SCHEDULED
2026-09-17T00:45:21.376635+00:00,1287218,081,2325,17,0,1789607585,,,SCHEDULED
2026-09-17T00:45:21.376635+00:00,1287218,081,2326,18,0,1789607623,,,SCHEDULED
2026-09-17T00:45:21.376635+00:00,1286482,062,413,1,,,0,1789607544,SCHEDULED
2026-09-17T00:45:21.376635+00:00,1286482,062,414,2,0,1789607554,,,SCHEDULED
2026-09-17T00:45:21.376635+00:00,1286482,062,415,3,0,1789607666,,,SCHEDULED
2026-09-17T00:45:21.376635+00:00,1287069,078,336,1,,,0,1789607640,SCHEDULED
2026-09-17T00:45:21.376635+00:00,1288437,177,658,1,,,0,1789607340,SCHEDULED
2026-09-17T00:45:21.376635+00:00,1288437,177,832,2,0,1789607474,,,SCHEDULED
2026-09-17T00:45:21.376635+00:00,1288437,177,3845,3,0,1789607501,,,SCHEDULED
2026-09-17T00:45:21.376635+00:00,1288437,177,795,4,0,1789607589,,,SCHEDULED
2026-09-17T00:45:21.376635+00:00,1286894,072,377,1,,,0,1789607594,SCHEDULED
2026-09-17T00:45:21.376635+00:00,1286895,072,2873,2,0,1789605996,,,SCHEDULED
2026-09-17T00:45:21.376635+00:00,1286895,072,2874,3,0,1789606017,,,SCHEDULED
2026-09-17T00:45:21.376635+00:00,1286895,072,2884,4,0,1789606077,,,SCHEDULED
2026-09-17T00:45:21.376635+00:00,1286895,072,2885,5,0,1789606139,,,SCHEDULED
2026-09-17T00:45:21.376635+00:00,1286895,072,2886,6,0,1789606197,,,SCHEDULED
2026-09-17T00:45:21.376635+00:00,1286895,072,2887,7,0,1789606295,,,SCHEDULED
2026-09-17T00:45:21.376635+00:00,1286895,072,2888,8,0,1789606336,,,SCHEDULED
2026-09-17T00:45:21.376635+00:00,1286895,072,2889,9,0,1789606424,,,SCHEDULED
2026-09-17T00:45:21.376635+00:00,1286895,072,2891,10,0,1789606472,,,SCHEDULED
2026-09-17T00:45:21.376635+00:00,1286895,072,2892,11,0,1789606489,,,SCHEDULED
2026-09-17T00:45:21.376635+00:00,1286895,072,3860,12,0,1789606509,,,SCHEDULED
2026-09-17T00:45:21.376635+00:00,1286895,072,3787,13,0,1789606624,,,SCHEDULED
2026-09-17T00:45:21.376635+00:00,1286895,072,3788,14,0,1789606669,,,SCHEDULED
2026-09-17T00:45:21.376635+00:00,1286895,072,3789,15,0,1789606736,,,SCHEDULED
2026-09-17T00:45:21.376635+00:00,1286895,072,3790,16,0,1789606783,,,SCHEDULED
2026-09-17T00:45:21.376635+00:00,1286895,072,3791,17,0,1789606824,,,SCHEDULED
2026-09-17T00:45:21.376635+00:00,1286895,072,3785,18,0,1789606847,,,SCHEDULED
2026-09-17T00:45:21.376635+00:00,1286895,072,3792,19,0,1789606867,,,SCHEDULED
2026-09-17T00:45:21.376635+00:00,1286895,072,3793,20,0,1789606917,,,SCHEDULED
2026-09-17T00:45:21.376635+00:00,1286895,072,3794,21,0,1789606919,,,SCHEDULED
2026-09-17T00:45:21.376635+00:00,1286895,072,3795,22,0,1789606920,,,SCHEDULED
2026-09-17T00:45:21.376635+00:00,1286895,072,3796,23,0,1789606922,,,SCHEDULED
2026-09-17T00:45:21.376635+00:00,1286895,072,5250,24,0,1789606955,,,SCHEDULED
2026-09-17T00:45:21.376635+00:00,1286895,072,3798,25,0,1789606990,,,SCHEDULED
2026-09-17T00:45:21.376635+00:00,1286895,072,3799,26,0,1789607036,,,SCHEDULED
2026-09-17T00:45:21.376635+00:00,1286895,072,3800,27,0,1789607088,,,SCHEDULED
2026-09-17T00:45:21.376635+00:00,1286895,072,3801,28,0,1789607123,,,SCHEDULED
2026-09-17T00:45:21.376635+00:00,1286895,072,3802,29,0,1789607163,,,SCHEDULED
2026-09-17T00:45:21.376635+00:00,1286895,072,3852,30,0,1789607241,,,SCHEDULED
2026-09-17T00:45:21.376635+00:00,1285326,025,241,1,,,0,1789606518,SCHEDULED
2026-09-17T00:45:21.376635+00:00,1285326,025,1255,2,0,1789606656,,,SCHEDULED
2026-09-17T00:45:21.376635+00:00,1285326,025,1263,3,0,1789606772,,,SCHEDULED
2026-09-17T00:45:21.376635+00:00,1285326,025,1264,4,0,1789606841,,,SCHEDULED
2026-09-17T00:45:21.376635+00:00,1285326,025,1265,5,0,1789606888,,,SCHEDULED
2026-09-17T00:45:21.376635+00:00,1285326,025,1266,6,0,1789606935,,,SCHEDULED
2026-09-17T00:45:21.376635+00:00,1285326,025,1267,7,0,1789607034,,,SCHEDULED
2026-09-17T00:45:21.376635+00:00,1285326,025,1268,8,0,1789607128,,,SCHEDULED
2026-09-17T00:45:21.376635+00:00,1285326,025,1269,9,0,1789607183,,,SCHEDULED
2026-09-17T00:45:21.376635+00:00,1285326,025,1270,10,0,1789607216,,,SCHEDULED
2026-09-17T00:45:21.376635+00:00,1285326,025,1271,11,0,1789607298,,,SCHEDULED
2026-09-17T00:45:21.376635+00:00,1285326,025,1272,12,0,1789607433,,,SCHEDULED
2026-09-17T00:45:21.376635+00:00,1285326,025,1273,13,0,1789607467,,,SCHEDULED
2026-09-17T00:45:21.376635+00:00,1285326,025,1274,14,0,1789607499,,,SCHEDULED
2026-09-17T00:45:21.376635+00:00,1285326,025,1275,15,0,1789607551,,,SCHEDULED
2026-09-17T00:45:21.376635+00:00,1285326,025,1276,16,0,1789607588,,,SCHEDULED
2026-09-17T00:45:21.376635+00:00,1285326,025,1277,17,0,1789607627,,,SCHEDULED
2026-09-17T00:45:21.376635+00:00,1285326,025,1278,18,0,1789607685,,,SCHEDULED
2026-09-17T00:45:21.376635+00:00,1285964,051,668,1,,,0,1789607220,SCHEDULED
2026-09-17T00:45:21.376635+00:00,1285964,051,221,2,0,1789607326,,,SCHEDULED
2026-09-17T00:45:21.376635+00:00,1285964,051,222,3,0,1789607365,,,SCHEDULED
2026-09-17T00:45:21.376635+00:00,1285964,051,223,4,0,1789607413,,,SCHEDULED
2026-09-17T00:45:21.376635+00:00,1285964,051,225,5,0,1789607520,,,SCHEDULED
2026-09-17T00:45:21.376635+00:00,1285964,051,226,6,0,1789607559,,,SCHEDULED
2026-09-17T00:45:21.376635+00:00,1285964,051,108,7,0,1789607610,,,SCHEDULED
2026-09-17T00:45:21.376635+00:00,1285328,025,3376,51,0,1789605938,,,SCHEDULED
2026-09-17T00:45:21.376635+00:00,1285328,025,3377,52,0,1789605957,,,SCHEDULED
2026-09-17T00:45:21.376635+00:00,1285328,025,3378,53,0,1789605968,,,SCHEDULED
2026-09-17T00:45:21.376635+00:00,1285328,025,3379,54,0,1789606008,,,SCHEDULED
2026-09-17T00:45:21.376635+00:00,1285328,025,3380,55,0,1789606049,,,SCHEDULED
2026-09-17T00:45:21.376635+00:00,1285328,025,3381,56,0,1789606108,,,SCHEDULED
2026-09-17T00:45:21.376635+00:00,1285328,025,3382,57,0,1789606133,,,SCHEDULED
2026-09-17T00:45:21.376635+00:00,1285328,025,3383,58,0,1789606165,,,SCHEDULED
2026-09-17T00:45:21.376635+00:00,1285328,025,3389,59,0,1789606214,,,SCHEDULED
2026-09-17T00:45:21.376635+00:00,1288439,177,658,1,,,,,NO_DATA
2026-09-17T00:45:21.376635+00:00,1288439,177,832,2,,,,,NO_DATA
2026-09-17T00:45:21.376635+00:00,1288439,177,3845,3,,,,,NO_DATA
2026-09-17T00:45:21.376635+00:00,1288439,177,795,4,,,,,NO_DATA
2026-09-17T00:45:21.376635+00:00,1288438,177,658,1,,,,,NO_DATA
2026-09-17T00:45:21.376635+00:00,1288438,177,832,2,,,,,NO_DATA
2026-09-17T00:45:21.376635+00:00,1288438,177,3845,3,,,,,NO_DATA
2026-09-17T00:45:21.376635+00:00,1288438,177,795,4,,,,,NO_DATA
2026-09-17T00:45:21.376635+00:00,1285327,025,1484,26,0,1789605864,,,SCHEDULED
2026-09-17T00:45:21.376635+00:00,1285327,025,1485,27,0,1789605946,,,SCHEDULED
2026-09-17T00:45:21.376635+00:00,1285327,025,1486,28,0,1789605987,,,SCHEDULED
2026-09-17T00:45:21.376635+00:00,1285327,025,3614,29,0,1789606050,,,SCHEDULED
2026-09-17T00:45:21.376635+00:00,1285327,025,3615,30,0,1789606162,,,SCHEDULED
2026-09-17T00:45:21.376635+00:00,1285327,025,3616,31,0,1789606225,,,SCHEDULED
2026-09-17T00:45:21.376635+00:00,1285327,025,3617,32,0,1789606288,,,SCHEDULED
2026-09-17T00:45:21.376635+00:00,1285327,025,3618,33,0,1789606330,,,SCHEDULED
2026-09-17T00:45:21.376635+00:00,1285327,025,3619,34,0,1789606346,,,SCHEDULED
2026-09-17T00:45:21.376635+00:00,1285327,025,3620,35,0,1789606483,,,SCHEDULED
2026-09-17T00:45:21.376635+00:00,1285327,025,3621,36,0,1789606529,,,SCHEDULED
2026-09-17T00:45:21.376635+00:00,1285327,025,3622,37,0,1789606553,,,SCHEDULED
2026-09-17T00:45:21.376635+00:00,1285327,025,3623,38,0,1789606572,,,SCHEDULED
2026-09-17T00:45:21.376635+00:00,1285327,025,3624,39,0,1789606607,,,SCHEDULED
2026-09-17T00:45:21.376635+00:00,1285327,025,3625,40,0,1789606655,,,SCHEDULED
2026-09-17T00:45:21.376635+00:00,1285327,025,3626,41,0,1789606686,,,SCHEDULED
2026-09-17T00:45:21.376635+00:00,1285327,025,3627,42,0,1789606722,,,SCHEDULED
2026-09-17T00:45:21.376635+00:00,1285327,025,3628,43,0,1789606740,,,SCHEDULED
2026-09-17T00:45:21.376635+00:00,1285327,025,4603,44,0,1789606771,,,SCHEDULED
2026-09-17T00:45:21.376635+00:00,1285327,025,4604,45,0,1789606804,,,SCHEDULED
2026-09-17T00:45:21.376635+00:00,1285327,025,3371,46,0,1789606968,,,SCHEDULED
2026-09-17T00:45:21.376635+00:00,1285327,025,3372,47,0,1789607029,,,SCHEDULED
2026-09-17T00:45:21.376635+00:00,1285327,025,3373,48,0,1789607051,,,SCHEDULED
2026-09-17T00:45:21.376635+00:00,1285327,025,3374,49,0,1789607115,,,SCHEDULED
2026-09-17T00:45:21.376635+00:00,1285327,025,3375,50,0,1789607138,,,SCHEDULED
2026-09-17T00:45:21.376635+00:00,1285327,025,3376,51,0,1789607238,,,SCHEDULED
2026-09-17T00:45:21.376635+00:00,1285327,025,3377,52,0,1789607273,,,SCHEDULED
2026-09-17T00:45:21.376635+00:00,1285327,025,3378,53,0,1789607284,,,SCHEDULED
2026-09-17T00:45:21.376635+00:00,1285327,025,3379,54,0,1789607319,,,SCHEDULED
2026-09-17T00:45:21.376635+00:00,1285327,025,3380,55,0,1789607339,,,SCHEDULED
2026-09-17T00:45:21.376635+00:00,1285327,025,3381,56,0,1789607380,,,SCHEDULED
2026-09-17T00:45:21.376635+00:00,1285327,025,3382,57,0,1789607403,,,SCHEDULED
2026-09-17T00:45:21.376635+00:00,1285965,051,668,1,,,0,1789606448,SCHEDULED
2026-09-17T00:45:21.376635+00:00,1285965,051,221,2,0,1789606518,,,SCHEDULED
2026-09-17T00:45:21.376635+00:00,1285965,051,222,3,0,1789606550,,,SCHEDULED
2026-09-17T00:45:21.376635+00:00,1285965,051,223,4,0,1789606579,,,SCHEDULED
2026-09-17T00:45:21.376635+00:00,1285965,051,225,5,0,1789606727,,,SCHEDULED
2026-09-17T00:45:21.376635+00:00,1285965,051,226,6,0,1789606860,,,SCHEDULED
2026-09-17T00:45:21.376635+00:00,1285965,051,108,7,0,1789606907,,,SCHEDULED
2026-09-17T00:45:21.376635+00:00,1285965,051,123,8,0,1789606940,,,SCHEDULED
2026-09-17T00:45:21.376635+00:00,1285965,051,125,9,0,1789607192,,,SCHEDULED
2026-09-17T00:45:21.376635+00:00,1285965,051,126,10,0,1789607244,,,SCHEDULED
2026-09-17T00:45:21.376635+00:00,1285965,051,127,11,0,1789607287,,,SCHEDULED
2026-09-17T00:45:21.376635+00:00,1285965,051,128,12,0,1789607385,,,SCHEDULED
2026-09-17T00:45:21.376635+00:00,1285965,051,227,13,0,1789607452,,,SCHEDULED
2026-09-17T00:45:21.376635+00:00,1285965,051,229,14,0,1789607504,,,SCHEDULED
2026-09-17T00:45:21.376635+00:00,1285965,051,231,15,0,1789607569,,,SCHEDULED
2026-09-17T00:45:21.376635+00:00,1285965,051,232,16,0,1789607630,,,SCHEDULED
2026-09-17T00:45:21.376635+00:00,1286492,062,413,1,,,,,NO_DATA
2026-09-17T00:45:21.376635+00:00,1286492,062,414,2,,,,,NO_DATA
2026-09-17T00:45:21.376635+00:00,1286492,062,415,3,,,,,NO_DATA
2026-09-17T00:45:21.376635+00:00,1286492,062,416,4,,,,,NO_DATA
2026-09-17T00:45:21.376635+00:00,1286492,062,418,5,,,,,NO_DATA
2026-09-17T00:45:21.376635+00:00,1286492,062,4763,6,,,,,NO_DATA
2026-09-17T00:45:21.376635+00:00,1286492,062,1716,7,,,,,NO_DATA
2026-09-17T00:45:21.376635+00:00,1286492,062,2256,8,,,,,NO_DATA
2026-09-17T00:45:21.376635+00:00,1286492,062,2257,9,,,,,NO_DATA
2026-09-17T00:45:21.376635+00:00,1286492,062,2258,10,,,,,NO_DATA
2026-09-17T00:45:21.376635+00:00,1286492,062,2260,11,,,,,NO_DATA
2026-09-17T00:45:21.376635+00:00,1287183,081,2184,4,0,1789605896,,,SCHEDULED
2026-09-17T00:45:21.376635+00:00,1287183,081,2185,5,0,1789605957,,,SCHEDULED
2026-09-17T00:45:21.376635+00:00,1287183,081,2186,6,0,1789606104,,,SCHEDULED
2026-09-17T00:45:21.376635+00:00,1287183,081,2358,7,0,1789606297,,,SCHEDULED
2026-09-17T00:45:21.376635+00:00,1287183,081,2359,8,0,1789606357,,,SCHEDULED
2026-09-17T00:45:21.376635+00:00,1287183,081,2360,9,0,1789606440,,,SCHEDULED
2026-09-17T00:45:21.376635+00:00,1287183,081,2361,10,0,1789606480,,,SCHEDULED
2026-09-17T00:45:21.376635+00:00,1287183,081,2362,11,0,1789606480,,,SCHEDULED
2026-09-17T00:45:21.376635+00:00,1287183,081,2363,12,0,1789606481,,,SCHEDULED
2026-09-17T00:45:21.376635+00:00,1287183,081,2364,13,0,1789606660,,,SCHEDULED
2026-09-17T00:45:21.376635+00:00,1287183,081,2365,14,0,1789606755,,,SCHEDULED
2026-09-17T00:45:21.376635+00:00,1287183,081,2366,15,0,1789606841,,,SCHEDULED
2026-09-17T00:45:21.376635+00:00,1287183,081,2367,16,0,1789606910,,,SCHEDULED
2026-09-17T00:45:21.376635+00:00,1287183,081,5203,17,0,1789607025,,,SCHEDULED
2026-09-17T00:45:21.376635+00:00,1287183,081,2368,18,0,1789607049,,,SCHEDULED
2026-09-17T00:45:21.376635+00:00,1287183,081,2370,19,0,1789607084,,,SCHEDULED
2026-09-17T00:45:21.376635+00:00,1287183,081,2371,20,0,1789607162,,,SCHEDULED
2026-09-17T00:45:21.376635+00:00,1287183,081,2372,21,0,1789607251,,,SCHEDULED
2026-09-17T00:45:21.376635+00:00,1287183,081,2373,22,0,1789607318,,,SCHEDULED
2026-09-17T00:45:21.376635+00:00,1287183,081,2374,23,0,1789607441,,,SCHEDULED
2026-09-17T00:45:21.376635+00:00,1288394,175,957,3,0,1789606268,,,SCHEDULED
2026-09-17T00:45:21.376635+00:00,1288394,175,955,4,0,1789606343,,,SCHEDULED
2026-09-17T00:45:21.376635+00:00,1288394,175,953,5,0,1789606412,,,SCHEDULED
2026-09-17T00:45:21.376635+00:00,1288394,175,951,6,0,1789606495,,,SCHEDULED
2026-09-17T00:45:21.376635+00:00,1287184,081,5203,17,0,1789605917,,,SCHEDULED
2026-09-17T00:45:21.376635+00:00,1287184,081,2368,18,0,1789605964,,,SCHEDULED
2026-09-17T00:45:21.376635+00:00,1287184,081,2370,19,0,1789606091,,,SCHEDULED
2026-09-17T00:45:21.376635+00:00,1287184,081,2371,20,0,1789606151,,,SCHEDULED
2026-09-17T00:45:21.376635+00:00,1287184,081,2372,21,0,1789606243,,,SCHEDULED
2026-09-17T00:45:21.376635+00:00,1287184,081,2373,22,0,1789606310,,,SCHEDULED
2026-09-17T00:45:21.376635+00:00,1287184,081,2374,23,0,1789606452,,,SCHEDULED
2026-09-17T00:45:21.376635+00:00,1287184,081,5223,24,0,1789606951,,,SCHEDULED
2026-09-17T00:45:21.376635+00:00,1287184,081,2165,25,0,1789607027,,,SCHEDULED
2026-09-17T00:45:21.376635+00:00,1287184,081,2166,26,0,1789607159,,,SCHEDULED
2026-09-17T00:45:21.376635+00:00,1285450,026,316,1,,,0,1789606152,SCHEDULED
2026-09-17T00:45:21.376635+00:00,1285450,026,8959,2,0,1789606293,,,SCHEDULED
2026-09-17T00:45:21.376635+00:00,1285450,026,2989,3,0,1789606434,,,SCHEDULED
2026-09-17T00:45:21.376635+00:00,1285450,026,1545,4,0,1789606644,,,SCHEDULED
2026-09-17T00:45:21.376635+00:00,1285450,026,1546,5,0,1789606690,,,SCHEDULED
2026-09-17T00:45:21.376635+00:00,1285450,026,1547,6,0,1789606747,,,SCHEDULED
2026-09-17T00:45:21.376635+00:00,1285450,026,1548,7,0,1789606779,,,SCHEDULED
2026-09-17T00:45:21.376635+00:00,1285450,026,1549,8,0,1789606884,,,SCHEDULED
2026-09-17T00:45:21.376635+00:00,1285450,026,1550,9,0,1789606917,,,SCHEDULED
2026-09-17T00:45:21.376635+00:00,1285450,026,1551,10,0,1789606981,,,SCHEDULED
2026-09-17T00:45:21.376635+00:00,1285450,026,1552,11,0,1789607030,,,SCHEDULED
2026-09-17T00:45:21.376635+00:00,1285450,026,1553,12,0,1789607111,,,SCHEDULED
2026-09-17T00:45:21.376635+00:00,1285450,026,1554,13,0,1789607166,,,SCHEDULED
2026-09-17T00:45:21.376635+00:00,1285450,026,1555,14,0,1789607281,,,SCHEDULED
2026-09-17T00:45:21.376635+00:00,1285450,026,1556,15,0,1789607343,,,SCHEDULED
2026-09-17T00:45:21.376635+00:00,1285450,026,1557,16,0,1789607412,,,SCHEDULED
2026-09-17T00:45:21.376635+00:00,1285450,026,1558,17,0,1789607435,,,SCHEDULED
2026-09-17T00:45:21.376635+00:00,1285450,026,1559,18,0,1789607504,,,SCHEDULED
2026-09-17T00:45:21.376635+00:00,1285450,026,1560,19,0,1789607564,,,SCHEDULED
2026-09-17T00:45:21.376635+00:00,1285450,026,1561,20,0,1789607588,,,SCHEDULED
2026-09-17T00:45:21.376635+00:00,1285450,026,1562,21,0,1789607674,,,SCHEDULED
2026-09-17T00:45:21.376635+00:00,1284361,011,5345,1,,,0,1789606800,SCHEDULED
2026-09-17T00:45:21.376635+00:00,1284361,011,8909,2,0,1789606980,,,SCHEDULED
2026-09-17T00:45:21.376635+00:00,1284361,011,8911,3,0,1789607044,,,SCHEDULED
2026-09-17T00:45:21.376635+00:00,1284361,011,8910,4,0,1789607132,,,SCHEDULED
2026-09-17T00:45:21.376635+00:00,1284361,011,8912,5,0,1789607234,,,SCHEDULED
2026-09-17T00:45:21.376635+00:00,1284361,011,8913,6,0,1789607280,,,SCHEDULED
2026-09-17T00:45:21.376635+00:00,1284361,011,8914,7,0,1789607476,,,SCHEDULED
2026-09-17T00:45:21.376635+00:00,1284361,011,8915,8,0,1789607519,,,SCHEDULED
2026-09-17T00:45:21.376635+00:00,1284361,011,5329,9,0,1789607568,,,SCHEDULED
2026-09-17T00:45:21.376635+00:00,1284361,011,8917,10,0,1789607603,,,SCHEDULED
2026-09-17T00:45:21.376635+00:00,1284361,011,8918,11,0,1789607632,,,SCHEDULED
2026-09-17T00:45:21.376635+00:00,1285296,025,1252,56,0,1789605947,,,SCHEDULED
2026-09-17T00:45:21.376635+00:00,1285296,025,1253,57,0,1789606004,,,SCHEDULED
2026-09-17T00:45:21.376635+00:00,1285296,025,1254,58,0,1789606083,,,SCHEDULED
2026-09-17T00:45:21.376635+00:00,1285296,025,1262,59,0,1789606354,,,SCHEDULED
2026-09-17T00:45:21.376635+00:00,1287234,081,290,1,,,0,1789606275,SCHEDULED
2026-09-17T00:45:21.376635+00:00,1287234,081,1600,2,0,1789606345,,,SCHEDULED
2026-09-17T00:45:21.376635+00:00,1287234,081,1602,3,0,1789606493,,,SCHEDULED
2026-09-17T00:45:21.376635+00:00,1287234,081,1603,4,0,1789606512,,,SCHEDULED
2026-09-17T00:45:21.376635+00:00,1287234,081,1604,5,0,1789606552,,,SCHEDULED
2026-09-17T00:45:21.376635+00:00,1287234,081,1605,6,0,1789606601,,,SCHEDULED
2026-09-17T00:45:21.376635+00:00,1287234,081,1606,7,0,1789606641,,,SCHEDULED
2026-09-17T00:45:21.376635+00:00,1287234,081,1607,8,0,1789606763,,,SCHEDULED
2026-09-17T00:45:21.376635+00:00,1287234,081,1608,9,0,1789606848,,,SCHEDULED
2026-09-17T00:45:21.376635+00:00,1287234,081,1609,10,0,1789606900,,,SCHEDULED
2026-09-17T00:45:21.376635+00:00,1287234,081,1610,11,0,1789606989,,,SCHEDULED
2026-09-17T00:45:21.376635+00:00,1287234,081,1611,12,0,1789607064,,,SCHEDULED
2026-09-17T00:45:21.376635+00:00,1287234,081,1612,13,0,1789607203,,,SCHEDULED
2026-09-17T00:45:21.376635+00:00,1287234,081,1613,14,0,1789607355,,,SCHEDULED
2026-09-17T00:45:21.376635+00:00,1287234,081,2311,15,0,1789607392,,,SCHEDULED
2026-09-17T00:45:21.376635+00:00,1287234,081,2312,16,0,1789607599,,,SCHEDULED
2026-09-17T00:45:21.376635+00:00,1287234,081,2313,17,0,1789607677,,,SCHEDULED
2026-09-17T00:45:21.376635+00:00,1285295,025,1236,40,0,1789605985,,,SCHEDULED
2026-09-17T00:45:21.376635+00:00,1285295,025,1237,41,0,1789606016,,,SCHEDULED
2026-09-17T00:45:21.376635+00:00,1285295,025,1238,42,0,1789606041,,,SCHEDULED
2026-09-17T00:45:21.376635+00:00,1285295,025,1239,43,0,1789606108,,,SCHEDULED
2026-09-17T00:45:21.376635+00:00,1285295,025,1240,44,0,1789606181,,,SCHEDULED
2026-09-17T00:45:21.376635+00:00,1285295,025,1241,45,0,1789606215,,,SCHEDULED
2026-09-17T00:45:21.376635+00:00,1285295,025,1242,46,0,1789606261,,,SCHEDULED
2026-09-17T00:45:21.376635+00:00,1285295,025,1243,47,0,1789606306,,,SCHEDULED
2026-09-17T00:45:21.376635+00:00,1285295,025,1244,48,0,1789606345,,,SCHEDULED
2026-09-17T00:45:21.376635+00:00,1285295,025,1245,49,0,1789606372,,,SCHEDULED
2026-09-17T00:45:21.376635+00:00,1285295,025,1246,50,0,1789606400,,,SCHEDULED
2026-09-17T00:45:21.376635+00:00,1285295,025,1247,51,0,1789606493,,,SCHEDULED
2026-09-17T00:45:21.376635+00:00,1285295,025,1248,52,0,1789606558,,,SCHEDULED
2026-09-17T00:45:21.376635+00:00,1285295,025,1249,53,0,1789606578,,,SCHEDULED
2026-09-17T00:45:21.376635+00:00,1285295,025,1250,54,0,1789606597,,,SCHEDULED
2026-09-17T00:45:21.376635+00:00,1285295,025,1251,55,0,1789606703,,,SCHEDULED
2026-09-17T00:45:21.376635+00:00,1285295,025,1252,56,0,1789606748,,,SCHEDULED
2026-09-17T00:45:21.376635+00:00,1285295,025,1253,57,0,1789606785,,,SCHEDULED
2026-09-17T00:45:21.376635+00:00,1285295,025,1254,58,0,1789606847,,,SCHEDULED
2026-09-17T00:45:21.376635+00:00,1285295,025,1262,59,0,1789606987,,,SCHEDULED
2026-09-17T00:45:21.376635+00:00,1285177,023,1457,12,0,1789605827,,,SCHEDULED
2026-09-17T00:45:21.376635+00:00,1285177,023,1458,13,0,1789605907,,,SCHEDULED
2026-09-17T00:45:21.376635+00:00,1285177,023,1460,14,0,1789605990,,,SCHEDULED
2026-09-17T00:45:21.376635+00:00,1285177,023,1461,15,0,1789606027,,,SCHEDULED
2026-09-17T00:45:21.376635+00:00,1285177,023,1462,16,0,1789606044,,,SCHEDULED
2026-09-17T00:45:21.376635+00:00,1285177,023,1463,17,0,1789606098,,,SCHEDULED
2026-09-17T00:45:21.376635+00:00,1285177,023,1464,18,0,1789606186,,,SCHEDULED
2026-09-17T00:45:21.376635+00:00,1285177,023,1465,19,0,1789606262,,,SCHEDULED
2026-09-17T00:45:21.376635+00:00,1285177,023,1466,20,0,1789606289,,,SCHEDULED
2026-09-17T00:45:21.376635+00:00,1285177,023,1467,21,0,1789606311,,,SCHEDULED
2026-09-17T00:45:21.376635+00:00,1285177,023,1468,22,0,1789606348,,,SCHEDULED
2026-09-17T00:45:21.376635+00:00,1285177,023,1469,23,0,1789606387,,,SCHEDULED
2026-09-17T00:45:21.376635+00:00,1285177,023,1470,24,0,1789606461,,,SCHEDULED
2026-09-17T00:45:21.376635+00:00,1285177,023,1471,25,0,1789606497,,,SCHEDULED
2026-09-17T00:45:21.376635+00:00,1285177,023,1473,26,0,1789606541,,,SCHEDULED
2026-09-17T00:45:21.376635+00:00,1285177,023,1474,27,0,1789606566,,,SCHEDULED
2026-09-17T00:45:21.376635+00:00,1285177,023,1475,28,0,1789606615,,,SCHEDULED
2026-09-17T00:45:21.376635+00:00,1285177,023,1476,29,0,1789606666,,,SCHEDULED
2026-09-17T00:45:21.376635+00:00,1285177,023,1477,30,0,1789606722,,,SCHEDULED
2026-09-17T00:45:21.376635+00:00,1285177,023,1478,31,0,1789606727,,,SCHEDULED
2026-09-17T00:45:21.376635+00:00,1285177,023,1181,32,0,1789606735,,,SCHEDULED
2026-09-17T00:45:21.376635+00:00,1285177,023,1182,33,0,1789606805,,,SCHEDULED
2026-09-17T00:45:21.376635+00:00,1285177,023,1481,34,0,1789606860,,,SCHEDULED
2026-09-17T00:45:21.376635+00:00,1285177,023,1482,35,0,1789606916,,,SCHEDULED
2026-09-17T00:45:21.376635+00:00,1285177,023,1483,36,0,1789606965,,,SCHEDULED
2026-09-17T00:45:21.376635+00:00,1285177,023,1484,37,0,1789607018,,,SCHEDULED
2026-09-17T00:45:21.376635+00:00,1285177,023,1485,38,0,1789607133,,,SCHEDULED
2026-09-17T00:45:21.376635+00:00,1285177,023,1486,39,0,1789607180,,,SCHEDULED
2026-09-17T00:45:21.376635+00:00,1285177,023,1488,40,0,1789607273,,,SCHEDULED
2026-09-17T00:45:21.376635+00:00,1285177,023,1489,41,0,1789607332,,,SCHEDULED
2026-09-17T00:45:21.376635+00:00,1285177,023,1490,42,0,1789607371,,,SCHEDULED
2026-09-17T00:45:21.376635+00:00,1285177,023,453,43,0,1789607408,,,SCHEDULED
2026-09-17T00:45:21.376635+00:00,1285177,023,1492,44,0,1789607444,,,SCHEDULED
2026-09-17T00:45:21.376635+00:00,1285177,023,1493,45,0,1789607512,,,SCHEDULED
2026-09-17T00:45:21.376635+00:00,1285177,023,1494,46,0,1789607542,,,SCHEDULED
2026-09-17T00:45:21.376635+00:00,1285177,023,1495,47,0,1789607648,,,SCHEDULED
2026-09-17T00:45:21.376635+00:00,1285452,026,3098,29,0,1789605937,,,SCHEDULED
2026-09-17T00:45:21.376635+00:00,1285452,026,9800,30,0,1789605993,,,SCHEDULED
2026-09-17T00:45:21.376635+00:00,1285452,026,3099,31,0,1789606145,,,SCHEDULED
2026-09-17T00:45:21.376635+00:00,1285452,026,3100,32,0,1789606184,,,SCHEDULED
2026-09-17T00:45:21.376635+00:00,1285452,026,3101,33,0,1789606197,,,SCHEDULED
2026-09-17T00:45:21.376635+00:00,1285452,026,3102,34,0,1789606283,,,SCHEDULED
2026-09-17T00:45:21.376635+00:00,1285452,026,5366,35,0,1789606603,,,SCHEDULED
2026-09-17T00:45:21.376635+00:00,1285452,026,1283,36,0,1789606629,,,SCHEDULED
2026-09-17T00:45:21.376635+00:00,1285452,026,650,37,0,1789606861,,,SCHEDULED
2026-09-17T00:45:21.376635+00:00,1285452,026,3107,38,0,1789606887,,,SCHEDULED
2026-09-17T00:45:21.376635+00:00,1285452,026,3108,39,0,1789606950,,,SCHEDULED
2026-09-17T00:45:21.376635+00:00,1285452,026,3109,40,0,1789607005,,,SCHEDULED
2026-09-17T00:45:21.376635+00:00,1285452,026,3110,41,0,1789607049,,,SCHEDULED
2026-09-17T00:45:21.376635+00:00,1285452,026,3112,42,0,1789607135,,,SCHEDULED
2026-09-17T00:45:21.376635+00:00,1285452,026,3113,43,0,1789607159,,,SCHEDULED
2026-09-17T00:45:21.376635+00:00,1285452,026,3115,44,0,1789607247,,,SCHEDULED
2026-09-17T00:45:21.376635+00:00,1285452,026,3116,45,0,1789607277,,,SCHEDULED
2026-09-17T00:45:21.376635+00:00,1285452,026,3117,46,0,1789607303,,,SCHEDULED
2026-09-17T00:45:21.376635+00:00,1285452,026,3118,47,0,1789607368,,,SCHEDULED
2026-09-17T00:45:21.376635+00:00,1285452,026,3119,48,0,1789607420,,,SCHEDULED
2026-09-17T00:45:21.376635+00:00,1285452,026,3121,49,0,1789607501,,,SCHEDULED
2026-09-17T00:45:21.376635+00:00,1285452,026,3122,50,0,1789607545,,,SCHEDULED
2026-09-17T00:45:21.376635+00:00,1285452,026,3123,51,0,1789607565,,,SCHEDULED
2026-09-17T00:45:21.376635+00:00,1285452,026,3124,52,0,1789607583,,,SCHEDULED
2026-09-17T00:45:21.376635+00:00,1285056,021,3027,17,0,1789605979,,,SCHEDULED
2026-09-17T00:45:21.376635+00:00,1285056,021,3028,18,0,1789606042,,,SCHEDULED
2026-09-17T00:45:21.376635+00:00,1285056,021,2795,19,0,1789606146,,,SCHEDULED
2026-09-17T00:45:21.376635+00:00,1285056,021,2796,20,0,1789606194,,,SCHEDULED
2026-09-17T00:45:21.376635+00:00,1285056,021,2797,21,0,1789606281,,,SCHEDULED
2026-09-17T00:45:21.376635+00:00,1285056,021,2798,22,0,1789606414,,,SCHEDULED
2026-09-17T00:45:21.376635+00:00,1285056,021,2799,23,0,1789606440,,,SCHEDULED
2026-09-17T00:45:21.376635+00:00,1285056,021,2800,24,0,1789606485,,,SCHEDULED
2026-09-17T00:45:21.376635+00:00,1285056,021,2801,25,0,1789606535,,,SCHEDULED
2026-09-17T00:45:21.376635+00:00,1285056,021,2802,26,0,1789606594,,,SCHEDULED
2026-09-17T00:45:21.376635+00:00,1285056,021,2803,27,0,1789606635,,,SCHEDULED
2026-09-17T00:45:21.376635+00:00,1285056,021,2804,28,0,1789606661,,,SCHEDULED
2026-09-17T00:45:21.376635+00:00,1285056,021,2805,29,0,1789606701,,,SCHEDULED
2026-09-17T00:45:21.376635+00:00,1285056,021,2806,30,0,1789606720,,,SCHEDULED
2026-09-17T00:45:21.376635+00:00,1285056,021,2807,31,0,1789606850,,,SCHEDULED
2026-09-17T00:45:21.376635+00:00,1285056,021,1184,32,0,1789606930,,,SCHEDULED
2026-09-17T00:45:21.376635+00:00,1285056,021,3301,33,0,1789607020,,,SCHEDULED
2026-09-17T00:45:21.376635+00:00,1285056,021,2807,34,0,1789607038,,,SCHEDULED
2026-09-17T00:45:21.376635+00:00,1285056,021,2808,35,0,1789607158,,,SCHEDULED
2026-09-17T00:45:21.376635+00:00,1285056,021,2809,36,0,1789607251,,,SCHEDULED
2026-09-17T00:45:21.376635+00:00,1285056,021,2810,37,0,1789607346,,,SCHEDULED
2026-09-17T00:45:21.376635+00:00,1285056,021,2811,38,0,1789607405,,,SCHEDULED
2026-09-17T00:45:21.376635+00:00,1285056,021,2812,39,0,1789607484,,,SCHEDULED
2026-09-17T00:45:21.376635+00:00,1285056,021,2813,40,0,1789607555,,,SCHEDULED
2026-09-17T00:45:21.376635+00:00,1285056,021,2814,41,0,1789607593,,,SCHEDULED
2026-09-17T00:45:21.376635+00:00,1284363,011,983,35,0,1789605929,,,SCHEDULED
2026-09-17T00:45:21.376635+00:00,1284363,011,984,36,0,1789605960,,,SCHEDULED
2026-09-17T00:45:21.376635+00:00,1284363,011,985,37,0,1789605983,,,SCHEDULED
2026-09-17T00:45:21.376635+00:00,1284363,011,986,38,0,1789606020,,,SCHEDULED
2026-09-17T00:45:21.376635+00:00,1284363,011,987,39,0,1789606151,,,SCHEDULED
2026-09-17T00:45:21.376635+00:00,1284363,011,8315,40,0,1789606303,,,SCHEDULED
2026-09-17T00:45:21.376635+00:00,1284363,011,2234,41,0,1789606418,,,SCHEDULED
2026-09-17T00:45:21.376635+00:00,1284363,011,2502,42,0,1789606507,,,SCHEDULED
2026-09-17T00:45:21.376635+00:00,1284363,011,2503,43,0,1789606557,,,SCHEDULED
2026-09-17T00:45:21.376635+00:00,1288287,142,1567,1,,,0,1789606910,SCHEDULED
2026-09-17T00:45:21.376635+00:00,1288287,142,1568,2,0,1789606964,,,SCHEDULED
2026-09-17T00:45:21.376635+00:00,1285055,021,2814,41,0,1789605927,,,SCHEDULED
2026-09-17T00:45:21.376635+00:00,1285055,021,3385,42,0,1789606005,,,SCHEDULED
2026-09-17T00:45:21.376635+00:00,1285055,021,3386,43,0,1789606075,,,SCHEDULED
2026-09-17T00:45:21.376635+00:00,1285055,021,3387,44,0,1789606128,,,SCHEDULED
2026-09-17T00:45:21.376635+00:00,1285055,021,3388,45,0,1789606171,,,SCHEDULED
2026-09-17T00:45:21.376635+00:00,1285055,021,3389,46,0,1789606291,,,SCHEDULED
2026-09-17T00:45:21.376635+00:00,1285176,023,9807,1,,,0,1789606440,SCHEDULED
2026-09-17T00:45:21.376635+00:00,1285176,023,1096,2,0,1789606535,,,SCHEDULED
2026-09-17T00:45:21.376635+00:00,1285176,023,1098,3,0,1789606704,,,SCHEDULED
2026-09-17T00:45:21.376635+00:00,1285176,023,1099,4,0,1789606860,,,SCHEDULED
2026-09-17T00:45:21.376635+00:00,1285176,023,1090,5,0,1789607055,,,SCHEDULED
2026-09-17T00:45:21.376635+00:00,1285176,023,1091,6,0,1789607162,,,SCHEDULED
2026-09-17T00:45:21.376635+00:00,1285176,023,1092,7,0,1789607221,,,SCHEDULED
2026-09-17T00:45:21.376635+00:00,1285176,023,1093,8,0,1789607265,,,SCHEDULED
2026-09-17T00:45:21.376635+00:00,1285176,023,1094,9,0,1789607310,,,SCHEDULED
2026-09-17T00:45:21.376635+00:00,1285176,023,1455,10,0,1789607387,,,SCHEDULED
2026-09-17T00:45:21.376635+00:00,1285176,023,1456,11,0,1789607458,,,SCHEDULED
2026-09-17T00:45:21.376635+00:00,1285176,023,1457,12,0,1789607523,,,SCHEDULED
2026-09-17T00:45:21.376635+00:00,1285176,023,1458,13,0,1789607580,,,SCHEDULED
2026-09-17T00:45:21.376635+00:00,1285451,026,1562,21,0,1789605900,,,SCHEDULED
2026-09-17T00:45:21.376635+00:00,1285451,026,1564,22,0,1789605948,,,SCHEDULED
2026-09-17T00:45:21.376635+00:00,1285451,026,1565,23,0,1789605990,,,SCHEDULED
2026-09-17T00:45:21.376635+00:00,1285451,026,1566,24,0,1789606038,,,SCHEDULED
2026-09-17T00:45:21.376635+00:00,1285451,026,1596,25,0,1789606089,,,SCHEDULED
2026-09-17T00:45:21.376635+00:00,1285451,026,1597,26,0,1789606189,,,SCHEDULED
2026-09-17T00:45:21.376635+00:00,1285451,026,1598,27,0,1789606285,,,SCHEDULED
2026-09-17T00:45:21.376635+00:00,1285451,026,3097,28,0,1789606379,,,SCHEDULED
2026-09-17T00:45:21.376635+00:00,1285451,026,3098,29,0,1789606451,,,SCHEDULED
2026-09-17T00:45:21.376635+00:00,1285451,026,9800,30,0,1789606500,,,SCHEDULED
2026-09-17T00:45:21.376635+00:00,1285451,026,3099,31,0,1789606628,,,SCHEDULED
2026-09-17T00:45:21.376635+00:00,1285451,026,3100,32,0,1789606688,,,SCHEDULED
2026-09-17T00:45:21.376635+00:00,1285451,026,3101,33,0,1789606736,,,SCHEDULED
2026-09-17T00:45:21.376635+00:00,1285451,026,3102,34,0,1789606776,,,SCHEDULED
2026-09-17T00:45:21.376635+00:00,1285451,026,5366,35,0,1789606924,,,SCHEDULED
2026-09-17T00:45:21.376635+00:00,1285451,026,1283,36,0,1789606980,,,SCHEDULED
2026-09-17T00:45:21.376635+00:00,1285451,026,650,37,0,1789607132,,,SCHEDULED
2026-09-17T00:45:21.376635+00:00,1285451,026,3107,38,0,1789607197,,,SCHEDULED
2026-09-17T00:45:21.376635+00:00,1285451,026,3108,39,0,1789607241,,,SCHEDULED
2026-09-17T00:45:21.376635+00:00,1285451,026,3109,40,0,1789607290,,,SCHEDULED
2026-09-17T00:45:21.376635+00:00,1285451,026,3110,41,0,1789607340,,,SCHEDULED
2026-09-17T00:45:21.376635+00:00,1285451,026,3112,42,0,1789607449,,,SCHEDULED
2026-09-17T00:45:21.376635+00:00,1285451,026,3113,43,0,1789607486,,,SCHEDULED
2026-09-17T00:45:21.376635+00:00,1285451,026,3115,44,0,1789607580,,,SCHEDULED
2026-09-17T00:45:21.376635+00:00,1285451,026,3116,45,0,1789607617,,,SCHEDULED
2026-09-17T00:45:21.376635+00:00,1284362,011,8912,5,0,1789605956,,,SCHEDULED
2026-09-17T00:45:21.376635+00:00,1284362,011,8913,6,0,1789605998,,,SCHEDULED
2026-09-17T00:45:21.376635+00:00,1284362,011,8914,7,0,1789606220,,,SCHEDULED
2026-09-17T00:45:21.376635+00:00,1284362,011,8915,8,0,1789606296,,,SCHEDULED
2026-09-17T00:45:21.376635+00:00,1284362,011,5329,9,0,1789606371,,,SCHEDULED
2026-09-17T00:45:21.376635+00:00,1284362,011,8917,10,0,1789606395,,,SCHEDULED
2026-09-17T00:45:21.376635+00:00,1284362,011,8918,11,0,1789606425,,,SCHEDULED
2026-09-17T00:45:21.376635+00:00,1284362,011,8919,12,0,1789606510,,,SCHEDULED
2026-09-17T00:45:21.376635+00:00,1284362,011,8920,13,0,1789606576,,,SCHEDULED
2026-09-17T00:45:21.376635+00:00,1284362,011,532,14,0,1789606775,,,SCHEDULED
2026-09-17T00:45:21.376635+00:00,1284362,011,5247,15,0,1789606892,,,SCHEDULED
2026-09-17T00:45:21.376635+00:00,1284362,011,533,16,0,1789606941,,,SCHEDULED
2026-09-17T00:45:21.376635+00:00,1284362,011,534,17,0,1789606956,,,SCHEDULED
2026-09-17T00:45:21.376635+00:00,1284362,011,221,18,0,1789606978,,,SCHEDULED
2026-09-17T00:45:21.376635+00:00,1284362,011,222,19,0,1789606979,,,SCHEDULED
2026-09-17T00:45:21.376635+00:00,1284362,011,223,20,0,1789607036,,,SCHEDULED
2026-09-17T00:45:21.376635+00:00,1284362,011,225,21,0,1789607167,,,SCHEDULED
2026-09-17T00:45:21.376635+00:00,1284362,011,226,22,0,1789607234,,,SCHEDULED
2026-09-17T00:45:21.376635+00:00,1284362,011,455,23,0,1789607257,,,SCHEDULED
2026-09-17T00:45:21.376635+00:00,1284362,011,456,24,0,1789607306,,,SCHEDULED
2026-09-17T00:45:21.376635+00:00,1284362,011,3197,25,0,1789607370,,,SCHEDULED
2026-09-17T00:45:21.376635+00:00,1284362,011,3198,26,0,1789607423,,,SCHEDULED
2026-09-17T00:45:21.376635+00:00,1284362,011,3199,27,0,1789607443,,,SCHEDULED
2026-09-17T00:45:21.376635+00:00,1285178,023,1497,49,0,1789605930,,,SCHEDULED
2026-09-17T00:45:21.376635+00:00,1285178,023,1499,50,0,1789606025,,,SCHEDULED
2026-09-17T00:45:21.376635+00:00,1285178,023,1500,51,0,1789606069,,,SCHEDULED
2026-09-17T00:45:21.376635+00:00,1285178,023,1501,52,0,1789606110,,,SCHEDULED
2026-09-17T00:45:21.376635+00:00,1285178,023,1502,53,0,1789606153,,,SCHEDULED
2026-09-17T00:45:21.376635+00:00,1285178,023,1503,54,0,1789606196,,,SCHEDULED
2026-09-17T00:45:21.376635+00:00,1285178,023,1504,55,0,1789606224,,,SCHEDULED
2026-09-17T00:45:21.376635+00:00,1285178,023,1505,56,0,1789606268,,,SCHEDULED
2026-09-17T00:45:21.376635+00:00,1285178,023,1314,57,0,1789606320,,,SCHEDULED
2026-09-17T00:45:21.376635+00:00,1285178,023,1315,58,0,1789606455,,,SCHEDULED
2026-09-17T00:45:21.376635+00:00,1285178,023,1316,59,0,1789606498,,,SCHEDULED
2026-09-17T00:45:21.376635+00:00,1285178,023,1317,60,0,1789606546,,,SCHEDULED
2026-09-17T00:45:21.376635+00:00,1285178,023,1318,61,0,1789606593,,,SCHEDULED
2026-09-17T00:45:21.376635+00:00,1285178,023,2807,62,0,1789606689,,,SCHEDULED
2026-09-17T00:45:21.376635+00:00,1285057,021,319,1,,,0,1789606235,SCHEDULED
2026-09-17T00:45:21.376635+00:00,1285057,021,2770,2,0,1789606604,,,SCHEDULED
2026-09-17T00:45:21.376635+00:00,1285057,021,2771,3,0,1789606671,,,SCHEDULED
2026-09-17T00:45:21.376635+00:00,1285057,021,2772,4,0,1789606742,,,SCHEDULED
2026-09-17T00:45:21.376635+00:00,1285057,021,2773,5,0,1789606764,,,SCHEDULED
2026-09-17T00:45:21.376635+00:00,1285057,021,2774,6,0,1789606800,,,SCHEDULED
2026-09-17T00:45:21.376635+00:00,1285057,021,2775,7,0,1789606821,,,SCHEDULED
2026-09-17T00:45:21.376635+00:00,1285057,021,2776,8,0,1789606849,,,SCHEDULED
2026-09-17T00:45:21.376635+00:00,1285057,021,2777,9,0,1789606880,,,SCHEDULED
2026-09-17T00:45:21.376635+00:00,1285057,021,2778,10,0,1789606902,,,SCHEDULED
2026-09-17T00:45:21.376635+00:00,1285057,021,2779,11,0,1789606927,,,SCHEDULED
2026-09-17T00:45:21.376635+00:00,1285057,021,2780,12,0,1789606944,,,SCHEDULED
2026-09-17T00:45:21.376635+00:00,1285057,021,2781,13,0,1789606968,,,SCHEDULED
2026-09-17T00:45:21.376635+00:00,1285057,021,2782,14,0,1789607004,,,SCHEDULED
2026-09-17T00:45:21.376635+00:00,1285057,021,2783,15,0,1789607067,,,SCHEDULED
2026-09-17T00:45:21.376635+00:00,1285057,021,2784,16,0,1789607109,,,SCHEDULED
2026-09-17T00:45:21.376635+00:00,1285057,021,3027,17,0,1789607184,,,SCHEDULED
2026-09-17T00:45:21.376635+00:00,1285057,021,3028,18,0,1789607233,,,SCHEDULED
2026-09-17T00:45:21.376635+00:00,1285057,021,2795,19,0,1789607319,,,SCHEDULED
2026-09-17T00:45:21.376635+00:00,1285057,021,2796,20,0,1789607362,,,SCHEDULED
2026-09-17T00:45:21.376635+00:00,1285057,021,2797,21,0,1789607445,,,SCHEDULED
2026-09-17T00:45:21.376635+00:00,1285057,021,2798,22,0,1789607521,,,SCHEDULED
2026-09-17T00:45:21.376635+00:00,1285057,021,2799,23,0,1789607549,,,SCHEDULED
2026-09-17T00:45:21.376635+00:00,1285057,021,2800,24,0,1789607582,,,SCHEDULED
2026-09-17T00:45:21.376635+00:00,1284364,011,2234,41,0,1789605904,,,SCHEDULED
2026-09-17T00:45:21.376635+00:00,1284364,011,2502,42,0,1789605993,,,SCHEDULED
2026-09-17T00:45:21.376635+00:00,1284364,011,2503,43,0,1789606043,,,SCHEDULED
2026-09-17T00:45:21.376635+00:00,1287235,081,2315,19,0,1789605946,,,SCHEDULED
2026-09-17T00:45:21.376635+00:00,1287235,081,5203,20,0,1789606063,,,SCHEDULED
2026-09-17T00:45:21.376635+00:00,1287235,081,2317,21,0,1789606098,,,SCHEDULED
2026-09-17T00:45:21.376635+00:00,1287235,081,2318,22,0,1789606124,,,SCHEDULED
2026-09-17T00:45:21.376635+00:00,1287235,081,2319,23,0,1789606449,,,SCHEDULED
2026-09-17T00:45:21.376635+00:00,1287235,081,2320,24,0,1789606511,,,SCHEDULED
2026-09-17T00:45:21.376635+00:00,1287235,081,2321,25,0,1789606589,,,SCHEDULED
2026-09-17T00:45:21.376635+00:00,1287235,081,2322,26,0,1789606632,,,SCHEDULED
2026-09-17T00:45:21.376635+00:00,1287235,081,2323,27,0,1789606663,,,SCHEDULED
2026-09-17T00:45:21.376635+00:00,1287235,081,2324,28,0,1789606717,,,SCHEDULED
2026-09-17T00:45:21.376635+00:00,1287235,081,2325,29,0,1789606810,,,SCHEDULED
2026-09-17T00:45:21.376635+00:00,1287235,081,2326,30,0,1789606873,,,SCHEDULED
2026-09-17T00:45:21.376635+00:00,1287235,081,2328,31,0,1789606982,,,SCHEDULED
2026-09-17T00:45:21.376635+00:00,1287235,081,2329,32,0,1789607043,,,SCHEDULED
2026-09-17T00:45:21.376635+00:00,1287235,081,2330,33,0,1789607113,,,SCHEDULED
2026-09-17T00:45:21.376635+00:00,1287235,081,4811,34,0,1789607147,,,SCHEDULED
2026-09-17T00:45:21.376635+00:00,1287235,081,4810,35,0,1789607184,,,SCHEDULED
2026-09-17T00:45:21.376635+00:00,1287516,084,3099,39,0,1789605935,,,SCHEDULED
2026-09-17T00:45:21.376635+00:00,1287516,084,3100,40,0,1789605979,,,SCHEDULED
2026-09-17T00:45:21.376635+00:00,1287516,084,3101,41,0,1789606015,,,SCHEDULED
2026-09-17T00:45:21.376635+00:00,1287516,084,3102,42,0,1789606044,,,SCHEDULED
2026-09-17T00:45:21.376635+00:00,1287516,084,3103,43,0,1789606131,,,SCHEDULED
2026-09-17T00:45:21.376635+00:00,1287516,084,3104,44,0,1789606169,,,SCHEDULED
2026-09-17T00:45:21.376635+00:00,1287516,084,3106,45,0,1789606229,,,SCHEDULED
2026-09-17T00:45:21.376635+00:00,1287516,084,3107,46,0,1789606261,,,SCHEDULED
2026-09-17T00:45:21.376635+00:00,1287516,084,3108,47,0,1789606303,,,SCHEDULED
2026-09-17T00:45:21.376635+00:00,1287516,084,3109,48,0,1789606350,,,SCHEDULED
2026-09-17T00:45:21.376635+00:00,1287516,084,3110,49,0,1789606398,,,SCHEDULED
2026-09-17T00:45:21.376635+00:00,1287516,084,3769,50,0,1789606440,,,SCHEDULED
2026-09-17T00:45:21.376635+00:00,1287516,084,3770,51,0,1789606488,,,SCHEDULED
2026-09-17T00:45:21.376635+00:00,1287516,084,3771,52,0,1789606521,,,SCHEDULED
2026-09-17T00:45:21.376635+00:00,1287516,084,3772,53,0,1789606565,,,SCHEDULED
2026-09-17T00:45:21.376635+00:00,1287516,084,3773,54,0,1789606616,,,SCHEDULED
2026-09-17T00:45:21.376635+00:00,1287516,084,3774,55,0,1789606662,,,SCHEDULED
2026-09-17T00:45:21.376635+00:00,1287516,084,3775,56,0,1789606692,,,SCHEDULED
2026-09-17T00:45:21.376635+00:00,1287516,084,3776,57,0,1789606731,,,SCHEDULED
2026-09-17T00:45:21.376635+00:00,1287516,084,3777,58,0,1789606853,,,SCHEDULED
2026-09-17T00:45:21.376635+00:00,1287516,084,3778,59,0,1789606914,,,SCHEDULED
2026-09-17T00:45:21.376635+00:00,1287516,084,3780,60,0,1789606996,,,SCHEDULED
2026-09-17T00:45:21.376635+00:00,1287516,084,1688,61,0,1789607037,,,SCHEDULED
2026-09-17T00:45:21.376635+00:00,1287516,084,1687,62,0,1789607129,,,SCHEDULED
2026-09-17T00:45:21.376635+00:00,1287516,084,265,63,0,1789607231,,,SCHEDULED
2026-09-17T00:45:21.376635+00:00,1287516,084,4731,64,0,1789607354,,,SCHEDULED
2026-09-17T00:45:21.376635+00:00,1287516,084,1303,65,0,1789607392,,,SCHEDULED
2026-09-17T00:45:21.376635+00:00,1287516,084,1291,66,0,1789607484,,,SCHEDULED
2026-09-17T00:45:21.376635+00:00,1287516,084,3696,67,0,1789607586,,,SCHEDULED
2026-09-17T00:45:21.376635+00:00,1287517,084,3775,56,0,1789605897,,,SCHEDULED
2026-09-17T00:45:21.376635+00:00,1287517,084,3776,57,0,1789605948,,,SCHEDULED
2026-09-17T00:45:21.376635+00:00,1287517,084,3777,58,0,1789606093,,,SCHEDULED
2026-09-17T00:45:21.376635+00:00,1287517,084,3778,59,0,1789606152,,,SCHEDULED
2026-09-17T00:45:21.376635+00:00,1287517,084,3780,60,0,1789606229,,,SCHEDULED
2026-09-17T00:45:21.376635+00:00,1287517,084,1688,61,0,1789606282,,,SCHEDULED
2026-09-17T00:45:21.376635+00:00,1287517,084,1687,62,0,1789606396,,,SCHEDULED
2026-09-17T00:45:21.376635+00:00,1287517,084,265,63,0,1789606484,,,SCHEDULED
2026-09-17T00:45:21.376635+00:00,1287517,084,4731,64,0,1789606567,,,SCHEDULED
2026-09-17T00:45:21.376635+00:00,1287517,084,1303,65,0,1789606596,,,SCHEDULED
2026-09-17T00:45:21.376635+00:00,1287517,084,1291,66,0,1789606661,,,SCHEDULED
2026-09-17T00:45:21.376635+00:00,1287517,084,3696,67,0,1789606723,,,SCHEDULED
2026-09-17T00:45:21.376635+00:00,1287514,084,9817,1,,,0,1789606674,SCHEDULED
2026-09-17T00:45:21.376635+00:00,1287514,084,2755,2,0,1789606771,,,SCHEDULED
2026-09-17T00:45:21.376635+00:00,1287514,084,2756,3,0,1789606866,,,SCHEDULED
2026-09-17T00:45:21.376635+00:00,1287514,084,2757,4,0,1789606970,,,SCHEDULED
2026-09-17T00:45:21.376635+00:00,1287514,084,2954,5,0,1789607029,,,SCHEDULED
2026-09-17T00:45:21.376635+00:00,1287514,084,2955,6,0,1789607075,,,SCHEDULED
2026-09-17T00:45:21.376635+00:00,1287514,084,2956,7,0,1789607084,,,SCHEDULED
2026-09-17T00:45:21.376635+00:00,1287514,084,2957,8,0,1789607131,,,SCHEDULED
2026-09-17T00:45:21.376635+00:00,1287514,084,2958,9,0,1789607172,,,SCHEDULED
2026-09-17T00:45:21.376635+00:00,1287514,084,2959,10,0,1789607208,,,SCHEDULED
2026-09-17T00:45:21.376635+00:00,1287514,084,2960,11,0,1789607238,,,SCHEDULED
2026-09-17T00:45:21.376635+00:00,1287514,084,2961,12,0,1789607281,,,SCHEDULED
2026-09-17T00:45:21.376635+00:00,1287514,084,2962,13,0,1789607500,,,SCHEDULED
2026-09-17T00:45:21.376635+00:00,1287514,084,2963,14,0,1789607571,,,SCHEDULED
2026-09-17T00:45:21.376635+00:00,1287514,084,2964,15,0,1789607616,,,SCHEDULED
2026-09-17T00:45:21.376635+00:00,1285734,033,537,2,0,1789605997,,,SCHEDULED
2026-09-17T00:45:21.376635+00:00,1287515,084,2966,17,0,1789605941,,,SCHEDULED
2026-09-17T00:45:21.376635+00:00,1287515,084,1155,18,0,1789606020,,,SCHEDULED
2026-09-17T00:45:21.376635+00:00,1287515,084,1156,19,0,1789606065,,,SCHEDULED
2026-09-17T00:45:21.376635+00:00,1287515,084,1674,20,0,1789606118,,,SCHEDULED
2026-09-17T00:45:21.376635+00:00,1287515,084,1675,21,0,1789606155,,,SCHEDULED
2026-09-17T00:45:21.376635+00:00,1287515,084,1677,22,0,1789606200,,,SCHEDULED
2026-09-17T00:45:21.376635+00:00,1287515,084,1127,23,0,1789606240,,,SCHEDULED
2026-09-17T00:45:21.376635+00:00,1287515,084,1128,24,0,1789606289,,,SCHEDULED
2026-09-17T00:45:21.376635+00:00,1287515,084,1129,25,0,1789606374,,,SCHEDULED
2026-09-17T00:45:21.376635+00:00,1287515,084,1130,26,0,1789606439,,,SCHEDULED
2026-09-17T00:45:21.376635+00:00,1287515,084,1131,27,0,1789606512,,,SCHEDULED
2026-09-17T00:45:21.376635+00:00,1287515,084,3089,28,0,1789606585,,,SCHEDULED
2026-09-17T00:45:21.376635+00:00,1287515,084,3090,29,0,1789606667,,,SCHEDULED
2026-09-17T00:45:21.376635+00:00,1287515,084,3091,30,0,1789606797,,,SCHEDULED
2026-09-17T00:45:21.376635+00:00,1287515,084,3092,31,0,1789606894,,,SCHEDULED
2026-09-17T00:45:21.376635+00:00,1287515,084,3093,32,0,1789607000,,,SCHEDULED
2026-09-17T00:45:21.376635+00:00,1287515,084,3094,33,0,1789607052,,,SCHEDULED
2026-09-17T00:45:21.376635+00:00,1287515,084,3095,34,0,1789607138,,,SCHEDULED
2026-09-17T00:45:21.376635+00:00,1287515,084,3096,35,0,1789607264,,,SCHEDULED
2026-09-17T00:45:21.376635+00:00,1287515,084,3097,36,0,1789607357,,,SCHEDULED
2026-09-17T00:45:21.376635+00:00,1287515,084,3098,37,0,1789607455,,,SCHEDULED
2026-09-17T00:45:21.376635+00:00,1287515,084,9800,38,0,1789607520,,,SCHEDULED
2026-09-17T00:45:21.376635+00:00,1287515,084,3099,39,0,1789607605,,,SCHEDULED
2026-09-17T00:45:21.376635+00:00,1287917,088,9807,1,,,0,1789607460,SCHEDULED
2026-09-17T00:45:21.376635+00:00,1287917,088,284,2,0,1789607535,,,SCHEDULED
2026-09-17T00:45:21.376635+00:00,1287917,088,684,3,0,1789607576,,,SCHEDULED
2026-09-17T00:45:21.376635+00:00,1285736,033,536,1,,,0,1789607240,SCHEDULED
2026-09-17T00:45:21.376635+00:00,1285736,033,537,2,0,1789607314,,,SCHEDULED
2026-09-17T00:45:21.376635+00:00,1287070,078,336,1,,,0,1789606276,SCHEDULED
2026-09-17T00:45:21.376635+00:00,1287070,078,2739,2,0,1789606455,,,SCHEDULED
2026-09-17T00:45:21.376635+00:00,1287070,078,2740,3,0,1789606519,,,SCHEDULED
2026-09-17T00:45:21.376635+00:00,1287070,078,2741,4,0,1789606574,,,SCHEDULED
2026-09-17T00:45:21.376635+00:00,1287070,078,2742,5,0,1789606618,,,SCHEDULED
2026-09-17T00:45:21.376635+00:00,1287070,078,2743,6,0,1789606660,,,SCHEDULED
2026-09-17T00:45:21.376635+00:00,1287070,078,2744,7,0,1789606748,,,SCHEDULED
2026-09-17T00:45:21.376635+00:00,1287070,078,2745,8,0,1789606784,,,SCHEDULED
2026-09-17T00:45:21.376635+00:00,1285294,025,3339,9,0,1789605900,,,SCHEDULED
2026-09-17T00:45:21.376635+00:00,1285294,025,753,10,0,1789605927,,,SCHEDULED
2026-09-17T00:45:21.376635+00:00,1285294,025,3340,11,0,1789605948,,,SCHEDULED
2026-09-17T00:45:21.376635+00:00,1285294,025,3341,12,0,1789605984,,,SCHEDULED
2026-09-17T00:45:21.376635+00:00,1285294,025,3342,13,0,1789606031,,,SCHEDULED
2026-09-17T00:45:21.376635+00:00,1285294,025,3343,14,0,1789606056,,,SCHEDULED
2026-09-17T00:45:21.376635+00:00,1285294,025,4660,15,0,1789606124,,,SCHEDULED
2026-09-17T00:45:21.376635+00:00,1285294,025,5265,16,0,1789606181,,,SCHEDULED
2026-09-17T00:45:21.376635+00:00,1285294,025,4661,17,0,1789606253,,,SCHEDULED
2026-09-17T00:45:21.376635+00:00,1285294,025,4662,18,0,1789606329,,,SCHEDULED
2026-09-17T00:45:21.376635+00:00,1285294,025,3589,19,0,1789606418,,,SCHEDULED
2026-09-17T00:45:21.376635+00:00,1285294,025,3590,20,0,1789606440,,,SCHEDULED
2026-09-17T00:45:21.376635+00:00,1285294,025,3591,21,0,1789606511,,,SCHEDULED
2026-09-17T00:45:21.376635+00:00,1285294,025,3592,22,0,1789606563,,,SCHEDULED
2026-09-17T00:45:21.376635+00:00,1285294,025,3593,23,0,1789606623,,,SCHEDULED
2026-09-17T00:45:21.376635+00:00,1285294,025,3594,24,0,1789606676,,,SCHEDULED
2026-09-17T00:45:21.376635+00:00,1285294,025,3595,25,0,1789606725,,,SCHEDULED
2026-09-17T00:45:21.376635+00:00,1285294,025,3596,26,0,1789606796,,,SCHEDULED
2026-09-17T00:45:21.376635+00:00,1285294,025,3597,27,0,1789606860,,,SCHEDULED
2026-09-17T00:45:21.376635+00:00,1285294,025,3598,28,0,1789606919,,,SCHEDULED
2026-09-17T00:45:21.376635+00:00,1285294,025,3599,29,0,1789606957,,,SCHEDULED
2026-09-17T00:45:21.376635+00:00,1285294,025,3600,30,0,1789607014,,,SCHEDULED
2026-09-17T00:45:21.376635+00:00,1285294,025,3601,31,0,1789607044,,,SCHEDULED
2026-09-17T00:45:21.376635+00:00,1285294,025,3602,32,0,1789607111,,,SCHEDULED
2026-09-17T00:45:21.376635+00:00,1285294,025,3603,33,0,1789607158,,,SCHEDULED
2026-09-17T00:45:21.376635+00:00,1285294,025,1356,34,0,1789607198,,,SCHEDULED
2026-09-17T00:45:21.376635+00:00,1285294,025,1357,35,0,1789607293,,,SCHEDULED
2026-09-17T00:45:21.376635+00:00,1285294,025,1358,36,0,1789607320,,,SCHEDULED
2026-09-17T00:45:21.376635+00:00,1285294,025,1359,37,0,1789607353,,,SCHEDULED
2026-09-17T00:45:21.376635+00:00,1285294,025,1360,38,0,1789607413,,,SCHEDULED
2026-09-17T00:45:21.376635+00:00,1285294,025,1361,39,0,1789607455,,,SCHEDULED
2026-09-17T00:45:21.376635+00:00,1285294,025,1236,40,0,1789607547,,,SCHEDULED
2026-09-17T00:45:21.376635+00:00,1285294,025,1237,41,0,1789607580,,,SCHEDULED
2026-09-17T00:45:21.376635+00:00,1285294,025,1238,42,0,1789607613,,,SCHEDULED
2026-09-17T00:45:21.376635+00:00,1285293,025,1057,1,,,0,1789607394,SCHEDULED
2026-09-17T00:45:21.376635+00:00,1285293,025,3332,2,0,1789607431,,,SCHEDULED
2026-09-17T00:45:21.376635+00:00,1285293,025,3333,3,0,1789607478,,,SCHEDULED
2026-09-17T00:45:21.376635+00:00,1285293,025,3334,4,0,1789607516,,,SCHEDULED
2026-09-17T00:45:21.376635+00:00,1285293,025,3335,5,0,1789607545,,,SCHEDULED
2026-09-17T00:45:21.376635+00:00,1285293,025,3336,6,0,1789607578,,,SCHEDULED
2026-09-17T00:45:21.376635+00:00,1285293,025,3337,7,0,1789607631,,,SCHEDULED
2026-09-17T00:45:21.376635+00:00,1285581,030,1732,20,0,1789605852,,,SCHEDULED
2026-09-17T00:45:21.376635+00:00,1285581,030,1734,21,0,1789605904,,,SCHEDULED
2026-09-17T00:45:21.376635+00:00,1285581,030,1735,22,0,1789605921,,,SCHEDULED
2026-09-17T00:45:21.376635+00:00,1285581,030,1736,23,0,1789605955,,,SCHEDULED
2026-09-17T00:45:21.376635+00:00,1285581,030,1737,24,0,1789605988,,,SCHEDULED
2026-09-17T00:45:21.376635+00:00,1285581,030,1739,25,0,1789606044,,,SCHEDULED
2026-09-17T00:45:21.376635+00:00,1288056,093,3555,13,0,1789606010,,,SCHEDULED
2026-09-17T00:45:21.376635+00:00,1288056,093,3556,14,0,1789606053,,,SCHEDULED
2026-09-17T00:45:21.376635+00:00,1288056,093,3557,15,0,1789606092,,,SCHEDULED
2026-09-17T00:45:21.376635+00:00,1288056,093,3540,16,0,1789606201,,,SCHEDULED
2026-09-17T00:45:21.376635+00:00,1288056,093,3541,17,0,1789606245,,,SCHEDULED
2026-09-17T00:45:21.376635+00:00,1288056,093,3542,18,0,1789606276,,,SCHEDULED
2026-09-17T00:45:21.376635+00:00,1288056,093,3543,19,0,1789606300,,,SCHEDULED
2026-09-17T00:45:21.376635+00:00,1288056,093,3544,20,0,1789606336,,,SCHEDULED
2026-09-17T00:45:21.376635+00:00,1288056,093,3545,21,0,1789606385,,,SCHEDULED
2026-09-17T00:45:21.376635+00:00,1288056,093,3547,22,0,1789606471,,,SCHEDULED
2026-09-17T00:45:21.376635+00:00,1288056,093,3548,23,0,1789606510,,,SCHEDULED
2026-09-17T00:45:21.376635+00:00,1288056,093,3549,24,0,1789606556,,,SCHEDULED
2026-09-17T00:45:21.376635+00:00,1288056,093,3550,25,0,1789606605,,,SCHEDULED
2026-09-17T00:45:21.376635+00:00,1288056,093,3551,26,0,1789606637,,,SCHEDULED
2026-09-17T00:45:21.376635+00:00,1288056,093,3552,27,0,1789606666,,,SCHEDULED
2026-09-17T00:45:21.376635+00:00,1288056,093,3508,28,0,1789606696,,,SCHEDULED
2026-09-17T00:45:21.376635+00:00,1288056,093,3509,29,0,1789606756,,,SCHEDULED
2026-09-17T00:45:21.376635+00:00,1288056,093,3510,30,0,1789606797,,,SCHEDULED
2026-09-17T00:45:21.376635+00:00,1288056,093,3069,31,0,1789606904,,,SCHEDULED
2026-09-17T00:45:21.376635+00:00,1288056,093,3049,32,0,1789606962,,,SCHEDULED
2026-09-17T00:45:21.376635+00:00,1288056,093,3070,33,0,1789606984,,,SCHEDULED
2026-09-17T00:45:21.376635+00:00,1288056,093,3071,34,0,1789607033,,,SCHEDULED
2026-09-17T00:45:21.376635+00:00,1288056,093,3072,35,0,1789607116,,,SCHEDULED
2026-09-17T00:45:21.376635+00:00,1288211,124,3040,20,0,1789605897,,,SCHEDULED
2026-09-17T00:45:21.376635+00:00,1288211,124,4775,21,0,1789605963,,,SCHEDULED
2026-09-17T00:45:21.376635+00:00,1288211,124,3042,22,0,1789605999,,,SCHEDULED
2026-09-17T00:45:21.376635+00:00,1288211,124,3043,23,0,1789606029,,,SCHEDULED
2026-09-17T00:45:21.376635+00:00,1288211,124,627,24,0,1789606074,,,SCHEDULED
2026-09-17T00:45:21.376635+00:00,1288211,124,1322,25,0,1789606111,,,SCHEDULED
2026-09-17T00:45:21.376635+00:00,1288211,124,1323,26,0,1789606155,,,SCHEDULED
2026-09-17T00:45:21.376635+00:00,1288211,124,1324,27,0,1789606206,,,SCHEDULED
2026-09-17T00:45:21.376635+00:00,1288211,124,1325,28,0,1789606265,,,SCHEDULED
2026-09-17T00:45:21.376635+00:00,1288211,124,1326,29,0,1789606316,,,SCHEDULED
2026-09-17T00:45:21.376635+00:00,1288211,124,1327,30,0,1789606358,,,SCHEDULED
2026-09-17T00:45:21.376635+00:00,1288211,124,3456,31,0,1789606444,,,SCHEDULED
2026-09-17T00:45:21.376635+00:00,1288211,124,5359,32,0,1789606495,,,SCHEDULED
2026-09-17T00:45:21.376635+00:00,1288211,124,3457,33,0,1789606546,,,SCHEDULED
2026-09-17T00:45:21.376635+00:00,1288211,124,3282,34,0,1789606630,,,SCHEDULED
2026-09-17T00:45:21.376635+00:00,1288211,124,3283,35,0,1789606681,,,SCHEDULED
2026-09-17T00:45:21.376635+00:00,1288211,124,3285,36,0,1789606784,,,SCHEDULED
2026-09-17T00:45:21.376635+00:00,1288211,124,3286,37,0,1789606835,,,SCHEDULED
2026-09-17T00:45:21.376635+00:00,1288211,124,3287,38,0,1789606933,,,SCHEDULED
2026-09-17T00:45:21.376635+00:00,1288210,124,4064,2,0,1789606139,,,SCHEDULED
2026-09-17T00:45:21.376635+00:00,1288210,124,4065,3,0,1789606208,,,SCHEDULED
2026-09-17T00:45:21.376635+00:00,1288210,124,837,4,0,1789606240,,,SCHEDULED
2026-09-17T00:45:21.376635+00:00,1288210,124,3811,5,0,1789606310,,,SCHEDULED
2026-09-17T00:45:21.376635+00:00,1288210,124,3812,6,0,1789606351,,,SCHEDULED
2026-09-17T00:45:21.376635+00:00,1288210,124,3813,7,0,1789606375,,,SCHEDULED
2026-09-17T00:45:21.376635+00:00,1288210,124,4068,8,0,1789606428,,,SCHEDULED
2026-09-17T00:45:21.376635+00:00,1288210,124,953,9,0,1789606499,,,SCHEDULED
2026-09-17T00:45:21.376635+00:00,1288210,124,951,10,0,1789606616,,,SCHEDULED
2026-09-17T00:45:21.376635+00:00,1288210,124,5289,11,0,1789606726,,,SCHEDULED
2026-09-17T00:45:21.376635+00:00,1288210,124,5285,12,0,1789606790,,,SCHEDULED
2026-09-17T00:45:21.376635+00:00,1288210,124,3026,13,0,1789607179,,,SCHEDULED
2026-09-17T00:45:21.376635+00:00,1288210,124,3027,14,0,1789607259,,,SCHEDULED
2026-09-17T00:45:21.376635+00:00,1288210,124,3028,15,0,1789607289,,,SCHEDULED
2026-09-17T00:45:21.376635+00:00,1288210,124,2798,16,0,1789607476,,,SCHEDULED
2026-09-17T00:45:21.376635+00:00,1288210,124,2799,17,0,1789607491,,,SCHEDULED
2026-09-17T00:45:21.376635+00:00,1288210,124,2800,18,0,1789607522,,,SCHEDULED
2026-09-17T00:45:21.376635+00:00,1288210,124,3273,19,0,1789607579,,,SCHEDULED
2026-09-17T00:45:21.376635+00:00,1288057,093,3071,34,0,1789605939,,,SCHEDULED
2026-09-17T00:45:21.376635+00:00,1288057,093,3072,35,0,1789606018,,,SCHEDULED
2026-09-17T00:45:21.376635+00:00,1288217,129,1107,18,0,1789605907,,,SCHEDULED
2026-09-17T00:45:21.376635+00:00,1288217,129,1108,19,0,1789605976,,,SCHEDULED
2026-09-17T00:45:21.376635+00:00,1288217,129,1109,20,0,1789606061,,,SCHEDULED
2026-09-17T00:45:21.376635+00:00,1288217,129,1110,21,0,1789606085,,,SCHEDULED
2026-09-17T00:45:21.376635+00:00,1288217,129,1111,22,0,1789606122,,,SCHEDULED
2026-09-17T00:45:21.376635+00:00,1288217,129,1112,23,0,1789606154,,,SCHEDULED
2026-09-17T00:45:21.376635+00:00,1288217,129,1113,24,0,1789606242,,,SCHEDULED
2026-09-17T00:45:21.376635+00:00,1288217,129,1114,25,0,1789606287,,,SCHEDULED
2026-09-17T00:45:21.376635+00:00,1288217,129,1115,26,0,1789606304,,,SCHEDULED
2026-09-17T00:45:21.376635+00:00,1288217,129,1116,27,0,1789606339,,,SCHEDULED
2026-09-17T00:45:21.376635+00:00,1288217,129,1175,28,0,1789606463,,,SCHEDULED
2026-09-17T00:45:21.376635+00:00,1288217,129,1176,29,0,1789606500,,,SCHEDULED
2026-09-17T00:45:21.376635+00:00,1288217,129,1177,30,0,1789606531,,,SCHEDULED
2026-09-17T00:45:21.376635+00:00,1288217,129,1178,31,0,1789606543,,,SCHEDULED
2026-09-17T00:45:21.376635+00:00,1288217,129,1180,32,0,1789606568,,,SCHEDULED
2026-09-17T00:45:21.376635+00:00,1288217,129,1183,33,0,1789606589,,,SCHEDULED
2026-09-17T00:45:21.376635+00:00,1288217,129,1181,34,0,1789606623,,,SCHEDULED
2026-09-17T00:45:21.376635+00:00,1288217,129,1182,35,0,1789606696,,,SCHEDULED
2026-09-17T00:45:21.376635+00:00,1288217,129,1284,36,0,1789606783,,,SCHEDULED
2026-09-17T00:45:21.376635+00:00,1288217,129,1286,37,0,1789606920,,,SCHEDULED
2026-09-17T00:45:21.376635+00:00,1288217,129,1287,38,0,1789606961,,,SCHEDULED
2026-09-17T00:45:21.376635+00:00,1288217,129,1288,39,0,1789606967,,,SCHEDULED
2026-09-17T00:45:21.376635+00:00,1288217,129,1289,40,0,1789606975,,,SCHEDULED
2026-09-17T00:45:21.376635+00:00,1288217,129,1290,41,0,1789607033,,,SCHEDULED
2026-09-17T00:45:21.376635+00:00,1288217,129,1292,42,0,1789607107,,,SCHEDULED
2026-09-17T00:45:21.376635+00:00,1288217,129,1293,43,0,1789607159,,,SCHEDULED
2026-09-17T00:45:21.376635+00:00,1288217,129,1294,44,0,1789607214,,,SCHEDULED
2026-09-17T00:45:21.376635+00:00,1288217,129,1295,45,0,1789607243,,,SCHEDULED
2026-09-17T00:45:21.376635+00:00,1288217,129,1296,46,0,1789607313,,,SCHEDULED
2026-09-17T00:45:21.376635+00:00,1288217,129,1298,47,0,1789607393,,,SCHEDULED
2026-09-17T00:45:21.376635+00:00,1288217,129,1299,48,0,1789607464,,,SCHEDULED
2026-09-17T00:45:21.376635+00:00,1288217,129,1300,49,0,1789607483,,,SCHEDULED
2026-09-17T00:45:21.376635+00:00,1288217,129,1301,50,0,1789607499,,,SCHEDULED
2026-09-17T00:45:21.376635+00:00,1288217,129,1302,51,0,1789607524,,,SCHEDULED
2026-09-17T00:45:21.376635+00:00,1288216,129,1296,46,0,1789605930,,,SCHEDULED
2026-09-17T00:45:21.376635+00:00,1288216,129,1298,47,0,1789605985,,,SCHEDULED
2026-09-17T00:45:21.376635+00:00,1288216,129,1299,48,0,1789606053,,,SCHEDULED
2026-09-17T00:45:21.376635+00:00,1288216,129,1300,49,0,1789606076,,,SCHEDULED
2026-09-17T00:45:21.376635+00:00,1288216,129,1301,50,0,1789606105,,,SCHEDULED
2026-09-17T00:45:21.376635+00:00,1288216,129,1302,51,0,1789606186,,,SCHEDULED
2026-09-17T00:45:21.376635+00:00,1286317,061,1860,2,0,1789605899,,,SCHEDULED
2026-09-17T00:45:21.376635+00:00,1286317,061,1861,3,0,1789605930,,,SCHEDULED
2026-09-17T00:45:21.376635+00:00,1286317,061,1862,4,0,1789605999,,,SCHEDULED
2026-09-17T00:45:21.376635+00:00,1286317,061,1863,5,0,1789606086,,,SCHEDULED
2026-09-17T00:45:21.376635+00:00,1286317,061,1864,6,0,1789606211,,,SCHEDULED
2026-09-17T00:45:21.376635+00:00,1286317,061,1865,7,0,1789606252,,,SCHEDULED
2026-09-17T00:45:21.376635+00:00,1286317,061,1866,8,0,1789606283,,,SCHEDULED
2026-09-17T00:45:21.376635+00:00,1286317,061,1867,9,0,1789606333,,,SCHEDULED
2026-09-17T00:45:21.376635+00:00,1286317,061,1868,10,0,1789606380,,,SCHEDULED
2026-09-17T00:45:21.376635+00:00,1286317,061,1870,11,0,1789606427,,,SCHEDULED
2026-09-17T00:45:21.376635+00:00,1286317,061,1871,12,0,1789606460,,,SCHEDULED
2026-09-17T00:45:21.376635+00:00,1286317,061,1872,13,0,1789606474,,,SCHEDULED
2026-09-17T00:45:21.376635+00:00,1286317,061,1873,14,0,1789606516,,,SCHEDULED
2026-09-17T00:45:21.376635+00:00,1286317,061,1874,15,0,1789606572,,,SCHEDULED
2026-09-17T00:45:21.376635+00:00,1286317,061,1875,16,0,1789606614,,,SCHEDULED
2026-09-17T00:45:21.376635+00:00,1286317,061,1876,17,0,1789606649,,,SCHEDULED
2026-09-17T00:45:21.376635+00:00,1286317,061,1877,18,0,1789606691,,,SCHEDULED
2026-09-17T00:45:21.376635+00:00,1286317,061,1878,19,0,1789606759,,,SCHEDULED
2026-09-17T00:45:21.376635+00:00,1286317,061,1879,20,0,1789606794,,,SCHEDULED
2026-09-17T00:45:21.376635+00:00,1286317,061,2201,21,0,1789606860,,,SCHEDULED
2026-09-17T00:45:21.376635+00:00,1286317,061,2202,22,0,1789606895,,,SCHEDULED
2026-09-17T00:45:21.376635+00:00,1286317,061,2203,23,0,1789606928,,,SCHEDULED
2026-09-17T00:45:21.376635+00:00,1286317,061,2204,24,0,1789606963,,,SCHEDULED
2026-09-17T00:45:21.376635+00:00,1286317,061,2205,25,0,1789607002,,,SCHEDULED
2026-09-17T00:45:21.376635+00:00,1286317,061,2206,26,0,1789607031,,,SCHEDULED
2026-09-17T00:45:21.376635+00:00,1286317,061,2200,27,0,1789607064,,,SCHEDULED
2026-09-17T00:45:21.376635+00:00,1286317,061,2207,28,0,1789607116,,,SCHEDULED
2026-09-17T00:45:21.376635+00:00,1286317,061,2208,29,0,1789607138,,,SCHEDULED
2026-09-17T00:45:21.376635+00:00,1286317,061,2209,30,0,1789607174,,,SCHEDULED
2026-09-17T00:45:21.376635+00:00,1286317,061,2210,31,0,1789607203,,,SCHEDULED
2026-09-17T00:45:21.376635+00:00,1286317,061,2211,32,0,1789607242,,,SCHEDULED
2026-09-17T00:45:21.376635+00:00,1286317,061,2212,33,0,1789607265,,,SCHEDULED
2026-09-17T00:45:21.376635+00:00,1286317,061,2213,34,0,1789607294,,,SCHEDULED
2026-09-17T00:45:21.376635+00:00,1286317,061,2214,35,0,1789607340,,,SCHEDULED
2026-09-17T00:45:21.376635+00:00,1286317,061,2215,36,0,1789607405,,,SCHEDULED
2026-09-17T00:45:21.376635+00:00,1286317,061,2216,37,0,1789607459,,,SCHEDULED
2026-09-17T00:45:21.376635+00:00,1286317,061,2217,38,0,1789607512,,,SCHEDULED
2026-09-17T00:45:21.376635+00:00,1286317,061,2218,39,0,1789607559,,,SCHEDULED
2026-09-17T00:45:21.376635+00:00,1286317,061,2220,40,0,1789607612,,,SCHEDULED
2026-09-17T00:45:21.376635+00:00,1286318,061,2221,41,0,1789605970,,,SCHEDULED
2026-09-17T00:45:21.376635+00:00,1286318,061,2222,42,0,1789606003,,,SCHEDULED
2026-09-17T00:45:21.376635+00:00,1286318,061,2223,43,0,1789606035,,,SCHEDULED
2026-09-17T00:45:21.376635+00:00,1286318,061,6107,44,0,1789606058,,,SCHEDULED
2026-09-17T00:45:21.376635+00:00,1286318,061,2224,45,0,1789606163,,,SCHEDULED
2026-09-17T00:45:21.376635+00:00,1286318,061,2225,46,0,1789606182,,,SCHEDULED
2026-09-17T00:45:21.376635+00:00,1286318,061,2226,47,0,1789606199,,,SCHEDULED
2026-09-17T00:45:21.376635+00:00,1286318,061,2227,48,0,1789606216,,,SCHEDULED
2026-09-17T00:45:21.376635+00:00,1286318,061,2228,49,0,1789606242,,,SCHEDULED
2026-09-17T00:45:21.376635+00:00,1286318,061,6100,50,0,1789606346,,,SCHEDULED
2026-09-17T00:45:21.376635+00:00,1286318,061,997,51,0,1789606507,,,SCHEDULED
2026-09-17T00:45:21.376635+00:00,1286318,061,998,52,0,1789606574,,,SCHEDULED
2026-09-17T00:45:21.376635+00:00,1286318,061,999,53,0,1789606601,,,SCHEDULED
2026-09-17T00:45:21.376635+00:00,1286318,061,249,54,0,1789606638,,,SCHEDULED
2026-09-17T00:45:21.376635+00:00,1286318,061,248,55,0,1789606689,,,SCHEDULED
2026-09-17T00:45:21.376635+00:00,1286318,061,250,56,0,1789606756,,,SCHEDULED
2026-09-17T00:45:21.376635+00:00,1286318,061,264,57,0,1789606898,,,SCHEDULED
2026-09-17T00:45:21.376635+00:00,1286318,061,263,58,0,1789606927,,,SCHEDULED
2026-09-17T00:45:21.376635+00:00,1286318,061,2180,59,0,1789607007,,,SCHEDULED
2026-09-17T00:45:21.376635+00:00,1286318,061,2181,60,0,1789607056,,,SCHEDULED
2026-09-17T00:45:21.376635+00:00,1286318,061,4395,61,0,1789607166,,,SCHEDULED
2026-09-17T00:45:21.376635+00:00,1286318,061,4396,62,0,1789607226,,,SCHEDULED
2026-09-17T00:45:21.376635+00:00,1286318,061,4397,63,0,1789607250,,,SCHEDULED
2026-09-17T00:45:21.376635+00:00,1286318,061,4398,64,0,1789607296,,,SCHEDULED
2026-09-17T00:45:21.376635+00:00,1286318,061,4391,65,0,1789607357,,,SCHEDULED
2026-09-17T00:45:21.376635+00:00,1286318,061,4399,66,0,1789607374,,,SCHEDULED
2026-09-17T00:45:21.376635+00:00,1286318,061,4392,67,0,1789607400,,,SCHEDULED
2026-09-17T00:45:21.376635+00:00,1287921,088,1401,6,0,1789605901,,,SCHEDULED
2026-09-17T00:45:21.376635+00:00,1287921,088,1402,7,0,1789605944,,,SCHEDULED
2026-09-17T00:45:21.376635+00:00,1287921,088,1403,8,0,1789606096,,,SCHEDULED
2026-09-17T00:45:21.376635+00:00,1287921,088,1404,9,0,1789606140,,,SCHEDULED
2026-09-17T00:45:21.376635+00:00,1287921,088,1405,10,0,1789606179,,,SCHEDULED
2026-09-17T00:45:21.376635+00:00,1287921,088,1406,11,0,1789606195,,,SCHEDULED
2026-09-17T00:45:21.376635+00:00,1287921,088,1407,12,0,1789606242,,,SCHEDULED
2026-09-17T00:45:21.376635+00:00,1287921,088,1408,13,0,1789606290,,,SCHEDULED
2026-09-17T00:45:21.376635+00:00,1287921,088,1409,14,0,1789606353,,,SCHEDULED
2026-09-17T00:45:21.376635+00:00,1287921,088,1410,15,0,1789606416,,,SCHEDULED
2026-09-17T00:45:21.376635+00:00,1287921,088,1411,16,0,1789606464,,,SCHEDULED
2026-09-17T00:45:21.376635+00:00,1287921,088,1412,17,0,1789606503,,,SCHEDULED
2026-09-17T00:45:21.376635+00:00,1287921,088,1413,18,0,1789606535,,,SCHEDULED
2026-09-17T00:45:21.376635+00:00,1287921,088,1414,19,0,1789606680,,,SCHEDULED
2026-09-17T00:45:21.376635+00:00,1287921,088,1415,20,0,1789606729,,,SCHEDULED
2026-09-17T00:45:21.376635+00:00,1287921,088,1416,21,0,1789606772,,,SCHEDULED
2026-09-17T00:45:21.376635+00:00,1287921,088,1417,22,0,1789606798,,,SCHEDULED
2026-09-17T00:45:21.376635+00:00,1287921,088,413,23,0,1789607179,,,SCHEDULED
2026-09-17T00:45:21.376635+00:00,1287921,088,414,24,0,1789607199,,,SCHEDULED
2026-09-17T00:45:21.376635+00:00,1287921,088,415,25,0,1789607220,,,SCHEDULED
2026-09-17T00:45:21.376635+00:00,1287921,088,416,26,0,1789607260,,,SCHEDULED
2026-09-17T00:45:21.376635+00:00,1285900,051,1924,35,0,1789605920,,,SCHEDULED
2026-09-17T00:45:21.376635+00:00,1285900,051,1925,36,0,1789605970,,,SCHEDULED
2026-09-17T00:45:21.376635+00:00,1285900,051,1926,37,0,1789606020,,,SCHEDULED
2026-09-17T00:45:21.376635+00:00,1285900,051,1940,38,0,1789606042,,,SCHEDULED
2026-09-17T00:45:21.376635+00:00,1285900,051,320,39,0,1789606078,,,SCHEDULED
2026-09-17T00:45:21.376635+00:00,1285900,051,1209,40,0,1789606100,,,SCHEDULED
2026-09-17T00:45:21.376635+00:00,1285900,051,321,41,0,1789606126,,,SCHEDULED
2026-09-17T00:45:21.376635+00:00,1285900,051,322,42,0,1789606170,,,SCHEDULED
2026-09-17T00:45:21.376635+00:00,1285900,051,324,43,0,1789606260,,,SCHEDULED
2026-09-17T00:45:21.376635+00:00,1285900,051,325,44,0,1789606282,,,SCHEDULED
2026-09-17T00:45:21.376635+00:00,1285900,051,327,46,0,1789606326,,,SCHEDULED
2026-09-17T00:45:21.376635+00:00,1285900,051,328,47,0,1789606346,,,SCHEDULED
2026-09-17T00:45:21.376635+00:00,1285900,051,329,48,0,1789606380,,,SCHEDULED
2026-09-17T00:45:21.376635+00:00,1285900,051,330,49,0,1789606464,,,SCHEDULED
2026-09-17T00:45:21.376635+00:00,1285900,051,331,50,0,1789606516,,,SCHEDULED
2026-09-17T00:45:21.376635+00:00,1284934,019,9807,1,,,0,1789606517,SCHEDULED
2026-09-17T00:45:21.376635+00:00,1284934,019,284,2,0,1789606603,,,SCHEDULED
2026-09-17T00:45:21.376635+00:00,1284934,019,684,3,0,1789606691,,,SCHEDULED
2026-09-17T00:45:21.376635+00:00,1284934,019,685,4,0,1789606757,,,SCHEDULED
2026-09-17T00:45:21.376635+00:00,1284934,019,686,5,0,1789606846,,,SCHEDULED
2026-09-17T00:45:21.376635+00:00,1284934,019,687,6,0,1789606892,,,SCHEDULED
2026-09-17T00:45:21.376635+00:00,1284934,019,688,7,0,1789606943,,,SCHEDULED
2026-09-17T00:45:21.376635+00:00,1284934,019,689,8,0,1789606966,,,SCHEDULED
2026-09-17T00:45:21.376635+00:00,1284934,019,690,9,0,1789607084,,,SCHEDULED
2026-09-17T00:45:21.376635+00:00,1284934,019,5245,10,0,1789607100,,,SCHEDULED
2026-09-17T00:45:21.376635+00:00,1284934,019,706,11,0,1789607170,,,SCHEDULED
2026-09-17T00:45:21.376635+00:00,1284934,019,707,12,0,1789607214,,,SCHEDULED
2026-09-17T00:45:21.376635+00:00,1284934,019,708,13,0,1789607256,,,SCHEDULED
2026-09-17T00:45:21.376635+00:00,1284934,019,709,14,0,1789607294,,,SCHEDULED
2026-09-17T00:45:21.376635+00:00,1284934,019,710,15,0,1789607386,,,SCHEDULED
2026-09-17T00:45:21.376635+00:00,1284934,019,4866,16,0,1789607463,,,SCHEDULED
2026-09-17T00:45:21.376635+00:00,1284934,019,4840,17,0,1789607498,,,SCHEDULED
2026-09-17T00:45:21.376635+00:00,1284934,019,682,18,0,1789607538,,,SCHEDULED
2026-09-17T00:45:21.376635+00:00,1284934,019,683,19,0,1789607650,,,SCHEDULED
2026-09-17T00:45:21.376635+00:00,1284815,015,548,4,0,1789605922,,,SCHEDULED
2026-09-17T00:45:21.376635+00:00,1284815,015,549,5,0,1789605941,,,SCHEDULED
2026-09-17T00:45:21.376635+00:00,1284815,015,960,6,0,1789605987,,,SCHEDULED
2026-09-17T00:45:21.376635+00:00,1284815,015,961,7,0,1789606023,,,SCHEDULED
2026-09-17T00:45:21.376635+00:00,1284815,015,962,8,0,1789606053,,,SCHEDULED
2026-09-17T00:45:21.376635+00:00,1284815,015,963,9,0,1789606109,,,SCHEDULED
2026-09-17T00:45:21.376635+00:00,1284815,015,964,10,0,1789606129,,,SCHEDULED
2026-09-17T00:45:21.376635+00:00,1284815,015,965,11,0,1789606154,,,SCHEDULED
2026-09-17T00:45:21.376635+00:00,1284815,015,966,12,0,1789606218,,,SCHEDULED
2026-09-17T00:45:21.376635+00:00,1284815,015,967,13,0,1789606242,,,SCHEDULED
2026-09-17T00:45:21.376635+00:00,1284815,015,968,14,0,1789606262,,,SCHEDULED
2026-09-17T00:45:21.376635+00:00,1284815,015,969,15,0,1789606292,,,SCHEDULED
2026-09-17T00:45:21.376635+00:00,1284815,015,836,16,0,1789606327,,,SCHEDULED
2026-09-17T00:45:21.376635+00:00,1284815,015,838,17,0,1789606387,,,SCHEDULED
2026-09-17T00:45:21.376635+00:00,1284815,015,839,18,0,1789606443,,,SCHEDULED
2026-09-17T00:45:21.376635+00:00,1284815,015,840,19,0,1789606488,,,SCHEDULED
2026-09-17T00:45:21.376635+00:00,1284815,015,841,20,0,1789606547,,,SCHEDULED
2026-09-17T00:45:21.376635+00:00,1284815,015,842,21,0,1789606644,,,SCHEDULED
2026-09-17T00:45:21.376635+00:00,1284815,015,843,22,0,1789606680,,,SCHEDULED
2026-09-17T00:45:21.376635+00:00,1284815,015,845,23,0,1789606682,,,SCHEDULED
2026-09-17T00:45:21.376635+00:00,1284815,015,846,24,0,1789606695,,,SCHEDULED
2026-09-17T00:45:21.376635+00:00,1284815,015,847,25,0,1789606756,,,SCHEDULED
2026-09-17T00:45:21.376635+00:00,1284815,015,848,26,0,1789606801,,,SCHEDULED
2026-09-17T00:45:21.376635+00:00,1284815,015,3098,27,0,1789606895,,,SCHEDULED
2026-09-17T00:45:21.376635+00:00,1284935,019,3696,44,0,1789605907,,,SCHEDULED
2026-09-17T00:45:21.376635+00:00,1284929,019,3052,1,,,0,1789607124,SCHEDULED
2026-09-17T00:45:21.376635+00:00,1284929,019,3054,2,0,1789607282,,,SCHEDULED
2026-09-17T00:45:21.376635+00:00,1284929,019,3055,3,0,1789607318,,,SCHEDULED
2026-09-17T00:45:21.376635+00:00,1284929,019,3056,4,0,1789607375,,,SCHEDULED
2026-09-17T00:45:21.376635+00:00,1284929,019,3057,5,0,1789607431,,,SCHEDULED
2026-09-17T00:45:21.376635+00:00,1284929,019,3058,6,0,1789607496,,,SCHEDULED
2026-09-17T00:45:21.376635+00:00,1284929,019,3059,7,0,1789607530,,,SCHEDULED
2026-09-17T00:45:21.376635+00:00,1288172,102,147,29,0,1789605896,,,SCHEDULED
2026-09-17T00:45:21.376635+00:00,1288172,102,148,30,0,1789605936,,,SCHEDULED
2026-09-17T00:45:21.376635+00:00,1288172,102,149,31,0,1789605986,,,SCHEDULED
2026-09-17T00:45:21.376635+00:00,1288172,102,150,32,0,1789606024,,,SCHEDULED
2026-09-17T00:45:21.376635+00:00,1288172,102,151,33,0,1789606046,,,SCHEDULED
2026-09-17T00:45:21.376635+00:00,1288172,102,156,34,0,1789606082,,,SCHEDULED
2026-09-17T00:45:21.376635+00:00,1288172,102,152,35,0,1789606094,,,SCHEDULED
2026-09-17T00:45:21.376635+00:00,1288172,102,153,36,0,1789606108,,,SCHEDULED
2026-09-17T00:45:21.376635+00:00,1288172,102,154,37,0,1789606140,,,SCHEDULED
2026-09-17T00:45:21.376635+00:00,1288172,102,155,38,0,1789606193,,,SCHEDULED
2026-09-17T00:45:21.376635+00:00,1288172,102,246,39,0,1789606238,,,SCHEDULED
2026-09-17T00:45:21.376635+00:00,1288172,102,247,40,0,1789606269,,,SCHEDULED
2026-09-17T00:45:21.376635+00:00,1288172,102,248,41,0,1789606329,,,SCHEDULED
2026-09-17T00:45:21.376635+00:00,1288172,102,250,42,0,1789606379,,,SCHEDULED
2026-09-17T00:45:21.376635+00:00,1288172,102,251,43,0,1789606460,,,SCHEDULED
2026-09-17T00:45:21.376635+00:00,1288172,102,252,44,0,1789606488,,,SCHEDULED
2026-09-17T00:45:21.376635+00:00,1288172,102,253,45,0,1789606516,,,SCHEDULED
2026-09-17T00:45:21.376635+00:00,1288172,102,254,46,0,1789606544,,,SCHEDULED
2026-09-17T00:45:21.376635+00:00,1288172,102,255,47,0,1789606571,,,SCHEDULED
2026-09-17T00:45:21.376635+00:00,1288172,102,257,48,0,1789606619,,,SCHEDULED
2026-09-17T00:45:21.376635+00:00,1288172,102,258,49,0,1789606640,,,SCHEDULED
2026-09-17T00:45:21.376635+00:00,1288172,102,259,50,0,1789606676,,,SCHEDULED
2026-09-17T00:45:21.376635+00:00,1288172,102,260,51,0,1789606708,,,SCHEDULED
2026-09-17T00:45:21.376635+00:00,1288172,102,261,52,0,1789606727,,,SCHEDULED
2026-09-17T00:45:21.376635+00:00,1288172,102,262,53,0,1789606741,,,SCHEDULED
2026-09-17T00:45:21.376635+00:00,1288172,102,264,54,0,1789606800,,,SCHEDULED
2026-09-17T00:45:21.376635+00:00,1288172,102,263,55,0,1789606829,,,SCHEDULED
2026-09-17T00:45:21.376635+00:00,1288172,102,157,56,0,1789606869,,,SCHEDULED
2026-09-17T00:45:21.376635+00:00,1288172,102,158,57,0,1789606907,,,SCHEDULED
2026-09-17T00:45:21.376635+00:00,1288172,102,159,58,0,1789606922,,,SCHEDULED
2026-09-17T00:45:21.376635+00:00,1288172,102,160,59,0,1789606940,,,SCHEDULED
2026-09-17T00:45:21.376635+00:00,1288172,102,4394,60,0,1789606967,,,SCHEDULED
2026-09-17T00:45:21.376635+00:00,1288172,102,4395,61,0,1789607001,,,SCHEDULED
2026-09-17T00:45:21.376635+00:00,1288172,102,4396,62,0,1789607033,,,SCHEDULED
2026-09-17T00:45:21.376635+00:00,1288172,102,4397,63,0,1789607057,,,SCHEDULED
2026-09-17T00:45:21.376635+00:00,1288172,102,4398,64,0,1789607117,,,SCHEDULED
2026-09-17T00:45:21.376635+00:00,1288172,102,5240,65,0,1789607165,,,SCHEDULED
2026-09-17T00:45:21.376635+00:00,1288172,102,4391,66,0,1789607191,,,SCHEDULED
2026-09-17T00:45:21.376635+00:00,1288172,102,4399,67,0,1789607207,,,SCHEDULED
2026-09-17T00:45:21.376635+00:00,1288172,102,4392,68,0,1789607236,,,SCHEDULED
2026-09-17T00:45:21.376635+00:00,1288055,093,1069,1,,,0,1789607241,SCHEDULED
2026-09-17T00:45:21.376635+00:00,1288055,093,3332,2,0,1789607263,,,SCHEDULED
2026-09-17T00:45:21.376635+00:00,1288055,093,3333,3,0,1789607313,,,SCHEDULED
2026-09-17T00:45:21.376635+00:00,1288055,093,3334,4,0,1789607358,,,SCHEDULED
2026-09-17T00:45:21.376635+00:00,1288055,093,3335,5,0,1789607382,,,SCHEDULED
2026-09-17T00:45:21.376635+00:00,1288055,093,4655,6,0,1789607432,,,SCHEDULED
2026-09-17T00:45:21.376635+00:00,1288055,093,875,7,0,1789607471,,,SCHEDULED
2026-09-17T00:45:21.376635+00:00,1288055,093,5369,8,0,1789607513,,,SCHEDULED
2026-09-17T00:45:21.376635+00:00,1288055,093,4720,9,0,1789607660,,,SCHEDULED
2026-09-17T00:45:21.376635+00:00,1287376,082,1657,33,0,1789605912,,,SCHEDULED
2026-09-17T00:45:21.376635+00:00,1287376,082,1658,34,0,1789605951,,,SCHEDULED
2026-09-17T00:45:21.376635+00:00,1287376,082,1659,35,0,1789606003,,,SCHEDULED
2026-09-17T00:45:21.376635+00:00,1287376,082,1660,36,0,1789606049,,,SCHEDULED
2026-09-17T00:45:21.376635+00:00,1287376,082,3190,37,0,1789606084,,,SCHEDULED
2026-09-17T00:45:21.376635+00:00,1287376,082,3191,38,0,1789606147,,,SCHEDULED
2026-09-17T00:45:21.376635+00:00,1287376,082,3192,39,0,1789606203,,,SCHEDULED
2026-09-17T00:45:21.376635+00:00,1287376,082,3193,40,0,1789606304,,,SCHEDULED
2026-09-17T00:45:21.376635+00:00,1287376,082,275,41,0,1789606560,,,SCHEDULED
2026-09-17T00:45:21.376635+00:00,1287376,082,276,42,0,1789606845,,,SCHEDULED
2026-09-17T00:45:21.376635+00:00,1285592,030,418,5,0,1789605939,,,SCHEDULED
2026-09-17T00:45:21.376635+00:00,1285592,030,4763,6,0,1789606014,,,SCHEDULED
2026-09-17T00:45:21.376635+00:00,1285592,030,1716,7,0,1789606068,,,SCHEDULED
2026-09-17T00:45:21.376635+00:00,1285592,030,1717,8,0,1789606109,,,SCHEDULED
2026-09-17T00:45:21.376635+00:00,1285592,030,1718,9,0,1789606176,,,SCHEDULED
2026-09-17T00:45:21.376635+00:00,1285592,030,1720,10,0,1789606275,,,SCHEDULED
2026-09-17T00:45:21.376635+00:00,1285592,030,1721,11,0,1789606408,,,SCHEDULED
2026-09-17T00:45:21.376635+00:00,1285592,030,1722,12,0,1789606475,,,SCHEDULED
2026-09-17T00:45:21.376635+00:00,1285592,030,1723,13,0,1789606500,,,SCHEDULED
2026-09-17T00:45:21.376635+00:00,1285592,030,1725,14,0,1789606575,,,SCHEDULED
2026-09-17T00:45:21.376635+00:00,1285592,030,1726,15,0,1789606626,,,SCHEDULED
2026-09-17T00:45:21.376635+00:00,1285592,030,1727,16,0,1789606677,,,SCHEDULED
2026-09-17T00:45:21.376635+00:00,1285592,030,1728,17,0,1789606732,,,SCHEDULED
2026-09-17T00:45:21.376635+00:00,1285592,030,1729,18,0,1789606800,,,SCHEDULED
2026-09-17T00:45:21.376635+00:00,1285592,030,1730,19,0,1789606830,,,SCHEDULED
2026-09-17T00:45:21.376635+00:00,1285592,030,1732,20,0,1789606869,,,SCHEDULED
2026-09-17T00:45:21.376635+00:00,1285592,030,1734,21,0,1789606927,,,SCHEDULED
2026-09-17T00:45:21.376635+00:00,1285592,030,1735,22,0,1789606947,,,SCHEDULED
2026-09-17T00:45:21.376635+00:00,1285592,030,1736,23,0,1789606972,,,SCHEDULED
2026-09-17T00:45:21.376635+00:00,1285592,030,1737,24,0,1789606997,,,SCHEDULED
2026-09-17T00:45:21.376635+00:00,1285592,030,1739,25,0,1789607064,,,SCHEDULED
2026-09-17T00:45:21.376635+00:00,1287410,082,288,1,,,0,1789607580,SCHEDULED
2026-09-17T00:45:21.376635+00:00,1287374,082,665,1,,,0,1789607280,SCHEDULED
2026-09-17T00:45:21.376635+00:00,1287374,082,1447,2,0,1789607488,,,SCHEDULED
2026-09-17T00:45:21.376635+00:00,1287374,082,1448,3,0,1789607532,,,SCHEDULED
2026-09-17T00:45:21.376635+00:00,1287374,082,1449,4,0,1789607560,,,SCHEDULED
2026-09-17T00:45:21.376635+00:00,1287375,082,675,6,0,1789605900,,,SCHEDULED
2026-09-17T00:45:21.376635+00:00,1287375,082,676,7,0,1789605981,,,SCHEDULED
2026-09-17T00:45:21.376635+00:00,1287375,082,677,8,0,1789606062,,,SCHEDULED
2026-09-17T00:45:21.376635+00:00,1287375,082,678,9,0,1789606126,,,SCHEDULED
2026-09-17T00:45:21.376635+00:00,1287375,082,679,10,0,1789606200,,,SCHEDULED
2026-09-17T00:45:21.376635+00:00,1287375,082,680,11,0,1789606264,,,SCHEDULED
2026-09-17T00:45:21.376635+00:00,1287375,082,681,12,0,1789606301,,,SCHEDULED
2026-09-17T00:45:21.376635+00:00,1287375,082,3076,13,0,1789606345,,,SCHEDULED
2026-09-17T00:45:21.376635+00:00,1287375,082,3077,14,0,1789606396,,,SCHEDULED
2026-09-17T00:45:21.376635+00:00,1287375,082,3078,15,0,1789606541,,,SCHEDULED
2026-09-17T00:45:21.376635+00:00,1287375,082,3079,16,0,1789606609,,,SCHEDULED
2026-09-17T00:45:21.376635+00:00,1287375,082,3080,17,0,1789606680,,,SCHEDULED
2026-09-17T00:45:21.376635+00:00,1287375,082,1074,18,0,1789606782,,,SCHEDULED
2026-09-17T00:45:21.376635+00:00,1287375,082,1075,19,0,1789606854,,,SCHEDULED
2026-09-17T00:45:21.376635+00:00,1287375,082,1076,20,0,1789606897,,,SCHEDULED
2026-09-17T00:45:21.376635+00:00,1287375,082,1077,21,0,1789606956,,,SCHEDULED
2026-09-17T00:45:21.376635+00:00,1287375,082,1646,22,0,1789607040,,,SCHEDULED
2026-09-17T00:45:21.376635+00:00,1287375,082,1648,23,0,1789607106,,,SCHEDULED
2026-09-17T00:45:21.376635+00:00,1287375,082,1649,24,0,1789607154,,,SCHEDULED
2026-09-17T00:45:21.376635+00:00,1287375,082,1650,25,0,1789607193,,,SCHEDULED
2026-09-17T00:45:21.376635+00:00,1287375,082,1651,26,0,1789607220,,,SCHEDULED
2026-09-17T00:45:21.376635+00:00,1287375,082,1652,27,0,1789607262,,,SCHEDULED
2026-09-17T00:45:21.376635+00:00,1287375,082,1653,28,0,1789607328,,,SCHEDULED
2026-09-17T00:45:21.376635+00:00,1287375,082,1654,29,0,1789607382,,,SCHEDULED
2026-09-17T00:45:21.376635+00:00,1287375,082,1655,30,0,1789607463,,,SCHEDULED
2026-09-17T00:45:21.376635+00:00,1287375,082,459,31,0,1789607502,,,SCHEDULED
2026-09-17T00:45:21.376635+00:00,1287375,082,1656,32,0,1789607523,,,SCHEDULED
2026-09-17T00:45:21.376635+00:00,1287375,082,1657,33,0,1789607565,,,SCHEDULED
2026-09-17T00:45:21.376635+00:00,1287375,082,1658,34,0,1789607598,,,SCHEDULED
2026-09-17T00:45:21.376635+00:00,1288228,137,85408,4,0,1789605936,,,SCHEDULED
2026-09-17T00:45:21.376635+00:00,1288228,137,85204,5,0,1789605960,,,SCHEDULED
2026-09-17T00:45:21.376635+00:00,1288228,137,85205,6,0,1789606035,,,SCHEDULED
2026-09-17T00:45:21.376635+00:00,1288228,137,85206,7,0,1789606223,,,SCHEDULED
2026-09-17T00:45:21.376635+00:00,1288228,137,85207,8,0,1789606247,,,SCHEDULED
2026-09-17T00:45:21.376635+00:00,1288228,137,85091,9,0,1789606344,,,SCHEDULED
2026-09-17T00:45:21.376635+00:00,1288228,137,85092,10,0,1789606463,,,SCHEDULED
2026-09-17T00:45:21.376635+00:00,1288228,137,85178,11,0,1789606560,,,SCHEDULED
2026-09-17T00:45:21.376635+00:00,1288228,137,85179,12,0,1789606651,,,SCHEDULED
2026-09-17T00:45:21.376635+00:00,1288228,137,85180,13,0,1789606695,,,SCHEDULED
2026-09-17T00:45:21.376635+00:00,1288228,137,85181,14,0,1789606803,,,SCHEDULED
2026-09-17T00:45:21.376635+00:00,1288228,137,1715,15,0,1789606849,,,SCHEDULED
2026-09-17T00:45:21.376635+00:00,1288228,137,85619,16,0,1789606970,,,SCHEDULED
2026-09-17T00:45:21.376635+00:00,1287413,082,1438,45,0,1789606043,,,SCHEDULED
2026-09-17T00:45:21.376635+00:00,1287413,082,1439,46,0,1789606069,,,SCHEDULED
2026-09-17T00:45:21.376635+00:00,1286721,068,1086,65,0,1789606003,,,SCHEDULED
2026-09-17T00:45:21.376635+00:00,1286721,068,1088,66,0,1789606036,,,SCHEDULED
2026-09-17T00:45:21.376635+00:00,1286721,068,1087,67,0,1789606064,,,SCHEDULED
2026-09-17T00:45:21.376635+00:00,1286721,068,2642,68,0,1789606137,,,SCHEDULED
2026-09-17T00:45:21.376635+00:00,1286963,075,318,1,,,0,1789605960,SCHEDULED
2026-09-17T00:45:21.376635+00:00,1286963,075,4210,2,0,1789606192,,,SCHEDULED
2026-09-17T00:45:21.376635+00:00,1286963,075,1432,3,0,1789606258,,,SCHEDULED
2026-09-17T00:45:21.376635+00:00,1286963,075,1398,4,0,1789606342,,,SCHEDULED
2026-09-17T00:45:21.376635+00:00,1286963,075,3851,5,0,1789606382,,,SCHEDULED
2026-09-17T00:45:21.376635+00:00,1286963,075,1418,6,0,1789606460,,,SCHEDULED
2026-09-17T00:45:21.376635+00:00,1286963,075,1420,7,0,1789606575,,,SCHEDULED
2026-09-17T00:45:21.376635+00:00,1287411,082,288,1,,,0,1789606114,SCHEDULED
2026-09-17T00:45:21.376635+00:00,1287411,082,274,2,0,1789606249,,,SCHEDULED
2026-09-17T00:45:21.376635+00:00,1287411,082,275,3,0,1789606407,,,SCHEDULED
2026-09-17T00:45:21.376635+00:00,1287411,082,3893,4,0,1789606647,,,SCHEDULED
2026-09-17T00:45:21.376635+00:00,1287411,082,3894,5,0,1789606758,,,SCHEDULED
2026-09-17T00:45:21.376635+00:00,1287411,082,3895,6,0,1789606819,,,SCHEDULED
2026-09-17T00:45:21.376635+00:00,1287411,082,1662,7,0,1789606885,,,SCHEDULED
2026-09-17T00:45:21.376635+00:00,1287411,082,1663,8,0,1789606935,,,SCHEDULED
2026-09-17T00:45:21.376635+00:00,1287411,082,1664,9,0,1789606966,,,SCHEDULED
2026-09-17T00:45:21.376635+00:00,1287411,082,1665,10,0,1789607010,,,SCHEDULED
2026-09-17T00:45:21.376635+00:00,1287411,082,1666,11,0,1789607020,,,SCHEDULED
2026-09-17T00:45:21.376635+00:00,1287411,082,1668,12,0,1789607119,,,SCHEDULED
2026-09-17T00:45:21.376635+00:00,1287411,082,1669,13,0,1789607160,,,SCHEDULED
2026-09-17T00:45:21.376635+00:00,1287411,082,1670,14,0,1789607221,,,SCHEDULED
2026-09-17T00:45:21.376635+00:00,1287411,082,1671,15,0,1789607295,,,SCHEDULED
2026-09-17T00:45:21.376635+00:00,1287411,082,1672,16,0,1789607340,,,SCHEDULED
2026-09-17T00:45:21.376635+00:00,1287411,082,1673,17,0,1789607362,,,SCHEDULED
2026-09-17T00:45:21.376635+00:00,1287411,082,1674,18,0,1789607363,,,SCHEDULED
2026-09-17T00:45:21.376635+00:00,1287411,082,1675,19,0,1789607513,,,SCHEDULED
2026-09-17T00:45:21.376635+00:00,1287411,082,1677,20,0,1789607598,,,SCHEDULED
2026-09-17T00:45:21.376635+00:00,1287411,082,1127,21,0,1789607641,,,SCHEDULED
2026-09-17T00:45:21.376635+00:00,1287411,082,1128,22,0,1789607685,,,SCHEDULED
2026-09-17T00:45:21.376635+00:00,1284389,011,2425,1,,,0,1789606269,SCHEDULED
2026-09-17T00:45:21.376635+00:00,1284389,011,2501,2,0,1789606287,,,SCHEDULED
2026-09-17T00:45:21.376635+00:00,1284389,011,5353,3,0,1789606308,,,SCHEDULED
2026-09-17T00:45:21.376635+00:00,1284389,011,3214,4,0,1789606414,,,SCHEDULED
2026-09-17T00:45:21.376635+00:00,1284389,011,2276,5,0,1789606471,,,SCHEDULED
2026-09-17T00:45:21.376635+00:00,1284389,011,8303,6,0,1789606513,,,SCHEDULED
2026-09-17T00:45:21.376635+00:00,1284389,011,8302,7,0,1789606557,,,SCHEDULED
2026-09-17T00:45:21.376635+00:00,1284389,011,1046,8,0,1789606739,,,SCHEDULED
2026-09-17T00:45:21.376635+00:00,1284389,011,1047,9,0,1789606808,,,SCHEDULED
2026-09-17T00:45:21.376635+00:00,1284389,011,1049,10,0,1789606847,,,SCHEDULED
2026-09-17T00:45:21.376635+00:00,1284389,011,1050,11,0,1789606859,,,SCHEDULED
2026-09-17T00:45:21.376635+00:00,1284389,011,1051,12,0,1789606884,,,SCHEDULED
2026-09-17T00:45:21.376635+00:00,1284389,011,215,13,0,1789607050,,,SCHEDULED
2026-09-17T00:45:21.376635+00:00,1284389,011,216,14,0,1789607066,,,SCHEDULED
2026-09-17T00:45:21.376635+00:00,1284389,011,217,15,0,1789607077,,,SCHEDULED
2026-09-17T00:45:21.376635+00:00,1284389,011,218,16,0,1789607102,,,SCHEDULED
2026-09-17T00:45:21.376635+00:00,1284389,011,219,17,0,1789607122,,,SCHEDULED
2026-09-17T00:45:21.376635+00:00,1284389,011,1926,18,0,1789607157,,,SCHEDULED
2026-09-17T00:45:21.376635+00:00,1284389,011,1940,19,0,1789607187,,,SCHEDULED
2026-09-17T00:45:21.376635+00:00,1284389,011,1770,20,0,1789607237,,,SCHEDULED
2026-09-17T00:45:21.376635+00:00,1284389,011,1771,21,0,1789607268,,,SCHEDULED
2026-09-17T00:45:21.376635+00:00,1284389,011,1772,22,0,1789607314,,,SCHEDULED
2026-09-17T00:45:21.376635+00:00,1284389,011,1773,23,0,1789607375,,,SCHEDULED
2026-09-17T00:45:21.376635+00:00,1284389,011,1774,24,0,1789607440,,,SCHEDULED
2026-09-17T00:45:21.376635+00:00,1284389,011,1775,25,0,1789607482,,,SCHEDULED
2026-09-17T00:45:21.376635+00:00,1284389,011,1776,26,0,1789607509,,,SCHEDULED
2026-09-17T00:45:21.376635+00:00,1284389,011,325,27,0,1789607635,,,SCHEDULED
2026-09-17T00:45:21.376635+00:00,1288104,093,9800,1,,,0,1789606337,SCHEDULED
2026-09-17T00:45:21.376635+00:00,1288104,093,3099,2,0,1789606424,,,SCHEDULED
2026-09-17T00:45:21.376635+00:00,1288104,093,3100,3,0,1789606493,,,SCHEDULED
2026-09-17T00:45:21.376635+00:00,1288104,093,3101,4,0,1789606515,,,SCHEDULED
2026-09-17T00:45:21.376635+00:00,1288104,093,3102,5,0,1789606551,,,SCHEDULED
2026-09-17T00:45:21.376635+00:00,1288104,093,3103,6,0,1789606665,,,SCHEDULED
2026-09-17T00:45:21.376635+00:00,1288104,093,3503,7,0,1789606701,,,SCHEDULED
2026-09-17T00:45:21.376635+00:00,1288104,093,3504,8,0,1789606804,,,SCHEDULED
2026-09-17T00:45:21.376635+00:00,1288104,093,3505,9,0,1789606863,,,SCHEDULED
2026-09-17T00:45:21.376635+00:00,1288104,093,3520,10,0,1789607067,,,SCHEDULED
2026-09-17T00:45:21.376635+00:00,1288104,093,3521,11,0,1789607131,,,SCHEDULED
2026-09-17T00:45:21.376635+00:00,1288104,093,3522,12,0,1789607155,,,SCHEDULED
2026-09-17T00:45:21.376635+00:00,1288104,093,3523,13,0,1789607172,,,SCHEDULED
2026-09-17T00:45:21.376635+00:00,1288104,093,3524,14,0,1789607230,,,SCHEDULED
2026-09-17T00:45:21.376635+00:00,1288104,093,3526,15,0,1789607301,,,SCHEDULED
2026-09-17T00:45:21.376635+00:00,1288104,093,3527,16,0,1789607329,,,SCHEDULED
2026-09-17T00:45:21.376635+00:00,1288104,093,3530,17,0,1789607415,,,SCHEDULED
2026-09-17T00:45:21.376635+00:00,1288104,093,3531,18,0,1789607469,,,SCHEDULED
2026-09-17T00:45:21.376635+00:00,1288104,093,3532,19,0,1789607510,,,SCHEDULED
2026-09-17T00:45:21.376635+00:00,1288104,093,3533,20,0,1789607550,,,SCHEDULED
2026-09-17T00:45:21.376635+00:00,1288104,093,5346,21,0,1789607592,,,SCHEDULED
2026-09-17T00:45:21.376635+00:00,1285995,051,1930,22,0,1789605927,,,SCHEDULED
2026-09-17T00:45:21.376635+00:00,1285995,051,1931,23,0,1789606017,,,SCHEDULED
2026-09-17T00:45:21.376635+00:00,1285995,051,1949,24,0,1789606042,,,SCHEDULED
2026-09-17T00:45:21.376635+00:00,1285995,051,1932,25,0,1789606058,,,SCHEDULED
2026-09-17T00:45:21.376635+00:00,1285995,051,1936,26,0,1789606126,,,SCHEDULED
2026-09-17T00:45:21.376635+00:00,1285995,051,1937,27,0,1789606180,,,SCHEDULED
2026-09-17T00:45:21.376635+00:00,1285995,051,1938,28,0,1789606195,,,SCHEDULED
2026-09-17T00:45:21.376635+00:00,1285995,051,1939,29,0,1789606259,,,SCHEDULED
2026-09-17T00:45:21.376635+00:00,1285995,051,1839,30,0,1789606293,,,SCHEDULED
2026-09-17T00:45:21.376635+00:00,1285995,051,1841,31,0,1789606376,,,SCHEDULED
2026-09-17T00:45:21.376635+00:00,1285995,051,1842,32,0,1789606397,,,SCHEDULED
2026-09-17T00:45:21.376635+00:00,1285995,051,1843,33,0,1789606436,,,SCHEDULED
2026-09-17T00:45:21.376635+00:00,1285995,051,1844,34,0,1789606499,,,SCHEDULED
2026-09-17T00:45:21.376635+00:00,1285995,051,1845,35,0,1789606529,,,SCHEDULED
2026-09-17T00:45:21.376635+00:00,1285995,051,1846,36,0,1789606568,,,SCHEDULED
2026-09-17T00:45:21.376635+00:00,1285995,051,1847,37,0,1789606586,,,SCHEDULED
2026-09-17T00:45:21.376635+00:00,1285995,051,1848,38,0,1789606622,,,SCHEDULED
2026-09-17T00:45:21.376635+00:00,1285995,051,1849,39,0,1789606685,,,SCHEDULED
2026-09-17T00:45:21.376635+00:00,1285995,051,1850,40,0,1789606738,,,SCHEDULED
2026-09-17T00:45:21.376635+00:00,1285995,051,1851,41,0,1789607030,,,SCHEDULED
2026-09-17T00:45:21.376635+00:00,1285995,051,1852,42,0,1789607086,,,SCHEDULED
2026-09-17T00:45:21.376635+00:00,1285995,051,1853,43,0,1789607119,,,SCHEDULED
2026-09-17T00:45:21.376635+00:00,1285995,051,1854,44,0,1789607159,,,SCHEDULED
2026-09-17T00:45:21.376635+00:00,1285995,051,1855,45,0,1789607226,,,SCHEDULED
2026-09-17T00:45:21.376635+00:00,1285995,051,1856,46,0,1789607296,,,SCHEDULED
2026-09-17T00:45:21.376635+00:00,1285995,051,1857,47,0,1789607325,,,SCHEDULED
2026-09-17T00:45:21.376635+00:00,1285995,051,1858,48,0,1789607363,,,SCHEDULED
2026-09-17T00:45:21.376635+00:00,1285995,051,1859,49,0,1789607436,,,SCHEDULED
2026-09-17T00:45:21.376635+00:00,1285995,051,1860,50,0,1789607528,,,SCHEDULED
2026-09-17T00:45:21.376635+00:00,1285995,051,1861,51,0,1789607607,,,SCHEDULED
2026-09-17T00:45:21.376635+00:00,1285995,051,2020,52,0,1789607653,,,SCHEDULED
2026-09-17T00:45:21.376635+00:00,1285994,051,226,6,0,1789605948,,,SCHEDULED
2026-09-17T00:45:21.376635+00:00,1285994,051,108,7,0,1789606009,,,SCHEDULED
2026-09-17T00:45:21.376635+00:00,1285994,051,123,8,0,1789606056,,,SCHEDULED
2026-09-17T00:45:21.376635+00:00,1285994,051,125,9,0,1789606105,,,SCHEDULED
2026-09-17T00:45:21.376635+00:00,1285994,051,126,10,0,1789606145,,,SCHEDULED
2026-09-17T00:45:21.376635+00:00,1285994,051,127,11,0,1789606180,,,SCHEDULED
2026-09-17T00:45:21.376635+00:00,1285994,051,128,12,0,1789606302,,,SCHEDULED
2026-09-17T00:45:21.376635+00:00,1285994,051,227,13,0,1789606374,,,SCHEDULED
2026-09-17T00:45:21.376635+00:00,1285994,051,229,14,0,1789606437,,,SCHEDULED
2026-09-17T00:45:21.376635+00:00,1285994,051,231,15,0,1789606547,,,SCHEDULED
2026-09-17T00:45:21.376635+00:00,1285994,051,232,16,0,1789606637,,,SCHEDULED
2026-09-17T00:45:21.376635+00:00,1285994,051,233,17,0,1789606732,,,SCHEDULED
2026-09-17T00:45:21.376635+00:00,1285994,051,234,18,0,1789606822,,,SCHEDULED
2026-09-17T00:45:21.376635+00:00,1285994,051,235,19,0,1789606866,,,SCHEDULED
2026-09-17T00:45:21.376635+00:00,1285994,051,236,20,0,1789607194,,,SCHEDULED
2026-09-17T00:45:21.376635+00:00,1285994,051,1927,21,0,1789607248,,,SCHEDULED
2026-09-17T00:45:21.376635+00:00,1285994,051,1930,22,0,1789607291,,,SCHEDULED
2026-09-17T00:45:21.376635+00:00,1285994,051,1931,23,0,1789607342,,,SCHEDULED
2026-09-17T00:45:21.376635+00:00,1285994,051,1949,24,0,1789607381,,,SCHEDULED
2026-09-17T00:45:21.376635+00:00,1285994,051,1932,25,0,1789607409,,,SCHEDULED
2026-09-17T00:45:21.376635+00:00,1285994,051,1936,26,0,1789607475,,,SCHEDULED
2026-09-17T00:45:21.376635+00:00,1285994,051,1937,27,0,1789607503,,,SCHEDULED
2026-09-17T00:45:21.376635+00:00,1285994,051,1938,28,0,1789607529,,,SCHEDULED
2026-09-17T00:45:21.376635+00:00,1285994,051,1939,29,0,1789607574,,,SCHEDULED
2026-09-17T00:45:21.376635+00:00,1285994,051,1839,30,0,1789607617,,,SCHEDULED
2026-09-17T00:45:21.376635+00:00,1287412,082,1670,14,0,1789605940,,,SCHEDULED
2026-09-17T00:45:21.376635+00:00,1287412,082,1671,15,0,1789606028,,,SCHEDULED
2026-09-17T00:45:21.376635+00:00,1287412,082,1672,16,0,1789606069,,,SCHEDULED
2026-09-17T00:45:21.376635+00:00,1287412,082,1673,17,0,1789606142,,,SCHEDULED
2026-09-17T00:45:21.376635+00:00,1287412,082,1674,18,0,1789606152,,,SCHEDULED
2026-09-17T00:45:21.376635+00:00,1287412,082,1675,19,0,1789606237,,,SCHEDULED
2026-09-17T00:45:21.376635+00:00,1287412,082,1677,20,0,1789606308,,,SCHEDULED
2026-09-17T00:45:21.376635+00:00,1287412,082,1127,21,0,1789606377,,,SCHEDULED
2026-09-17T00:45:21.376635+00:00,1287412,082,1128,22,0,1789606434,,,SCHEDULED
2026-09-17T00:45:21.376635+00:00,1287412,082,1129,23,0,1789606472,,,SCHEDULED
2026-09-17T00:45:21.376635+00:00,1287412,082,1130,24,0,1789606504,,,SCHEDULED
2026-09-17T00:45:21.376635+00:00,1287412,082,1131,25,0,1789606550,,,SCHEDULED
2026-09-17T00:45:21.376635+00:00,1287412,082,3089,26,0,1789606660,,,SCHEDULED
2026-09-17T00:45:21.376635+00:00,1287412,082,3090,27,0,1789606763,,,SCHEDULED
2026-09-17T00:45:21.376635+00:00,1287412,082,3091,28,0,1789606870,,,SCHEDULED
2026-09-17T00:45:21.376635+00:00,1287412,082,3092,29,0,1789606976,,,SCHEDULED
2026-09-17T00:45:21.376635+00:00,1287412,082,3093,30,0,1789607045,,,SCHEDULED
2026-09-17T00:45:21.376635+00:00,1287412,082,3094,31,0,1789607072,,,SCHEDULED
2026-09-17T00:45:21.376635+00:00,1287412,082,1421,32,0,1789607136,,,SCHEDULED
2026-09-17T00:45:21.376635+00:00,1287412,082,1422,33,0,1789607208,,,SCHEDULED
2026-09-17T00:45:21.376635+00:00,1287412,082,1423,34,0,1789607399,,,SCHEDULED
2026-09-17T00:45:21.376635+00:00,1287412,082,1424,35,0,1789607454,,,SCHEDULED
2026-09-17T00:45:21.376635+00:00,1287412,082,1425,36,0,1789607488,,,SCHEDULED
2026-09-17T00:45:21.376635+00:00,1287412,082,1427,37,0,1789607581,,,SCHEDULED
2026-09-17T00:45:21.376635+00:00,1285997,051,1860,50,0,1789606006,,,SCHEDULED
2026-09-17T00:45:21.376635+00:00,1285997,051,1861,51,0,1789606114,,,SCHEDULED
2026-09-17T00:45:21.376635+00:00,1285997,051,2020,52,0,1789606152,,,SCHEDULED
2026-09-17T00:45:21.376635+00:00,1285997,051,2021,53,0,1789606250,,,SCHEDULED
2026-09-17T00:45:21.376635+00:00,1285997,051,3130,54,0,1789606323,,,SCHEDULED
2026-09-17T00:45:21.376635+00:00,1286724,068,885,1,,,0,1789607241,SCHEDULED
2026-09-17T00:45:21.376635+00:00,1285996,051,1851,41,0,1789605721,,,SCHEDULED
2026-09-17T00:45:21.376635+00:00,1285996,051,1852,42,0,1789605763,,,SCHEDULED
2026-09-17T00:45:21.376635+00:00,1285996,051,1853,43,0,1789605764,,,SCHEDULED
2026-09-17T00:45:21.376635+00:00,1285996,051,1854,44,0,1789605773,,,SCHEDULED
2026-09-17T00:45:21.376635+00:00,1285996,051,1855,45,0,1789605803,,,SCHEDULED
2026-09-17T00:45:21.376635+00:00,1285996,051,1856,46,0,1789605855,,,SCHEDULED
2026-09-17T00:45:21.376635+00:00,1285996,051,1857,47,0,1789605915,,,SCHEDULED
2026-09-17T00:45:21.376635+00:00,1285996,051,1858,48,0,1789605953,,,SCHEDULED
2026-09-17T00:45:21.376635+00:00,1285996,051,1859,49,0,1789606018,,,SCHEDULED
2026-09-17T00:45:21.376635+00:00,1285996,051,1860,50,0,1789606136,,,SCHEDULED
2026-09-17T00:45:21.376635+00:00,1285996,051,1861,51,0,1789606244,,,SCHEDULED
2026-09-17T00:45:21.376635+00:00,1285996,051,2020,52,0,1789606282,,,SCHEDULED
2026-09-17T00:45:21.376635+00:00,1285996,051,2021,53,0,1789606380,,,SCHEDULED
2026-09-17T00:45:21.376635+00:00,1285996,051,3130,54,0,1789606453,,,SCHEDULED
2026-09-17T00:45:21.376635+00:00,1286722,068,2704,36,0,1789605918,,,SCHEDULED
2026-09-17T00:45:21.376635+00:00,1286722,068,2706,37,0,1789606017,,,SCHEDULED
2026-09-17T00:45:21.376635+00:00,1286722,068,2707,38,0,1789606062,,,SCHEDULED
2026-09-17T00:45:21.376635+00:00,1286722,068,2708,39,0,1789606125,,,SCHEDULED
2026-09-17T00:45:21.376635+00:00,1286722,068,2709,40,0,1789606172,,,SCHEDULED
2026-09-17T00:45:21.376635+00:00,1286722,068,2710,41,0,1789606187,,,SCHEDULED
2026-09-17T00:45:21.376635+00:00,1286722,068,2711,42,0,1789606219,,,SCHEDULED
2026-09-17T00:45:21.376635+00:00,1286722,068,2712,43,0,1789606271,,,SCHEDULED
2026-09-17T00:45:21.376635+00:00,1286722,068,2713,44,0,1789606288,,,SCHEDULED
2026-09-17T00:45:21.376635+00:00,1286722,068,2715,45,0,1789606329,,,SCHEDULED
2026-09-17T00:45:21.376635+00:00,1286722,068,2610,46,0,1789606382,,,SCHEDULED
2026-09-17T00:45:21.376635+00:00,1286722,068,2611,47,0,1789606392,,,SCHEDULED
2026-09-17T00:45:21.376635+00:00,1286722,068,2612,48,0,1789606454,,,SCHEDULED
2026-09-17T00:45:21.376635+00:00,1286722,068,1911,49,0,1789606532,,,SCHEDULED
2026-09-17T00:45:21.376635+00:00,1286722,068,1818,50,0,1789606597,,,SCHEDULED
2026-09-17T00:45:21.376635+00:00,1286722,068,1819,51,0,1789606639,,,SCHEDULED
2026-09-17T00:45:21.376635+00:00,1286722,068,1820,52,0,1789606675,,,SCHEDULED
2026-09-17T00:45:21.376635+00:00,1286722,068,1821,53,0,1789606731,,,SCHEDULED
2026-09-17T00:45:21.376635+00:00,1286722,068,940,54,0,1789607016,,,SCHEDULED
2026-09-17T00:45:21.376635+00:00,1286722,068,941,55,0,1789607041,,,SCHEDULED
2026-09-17T00:45:21.376635+00:00,1286722,068,2633,56,0,1789607100,,,SCHEDULED
2026-09-17T00:45:21.376635+00:00,1286722,068,9812,57,0,1789607155,,,SCHEDULED
2026-09-17T00:45:21.376635+00:00,1286722,068,2629,58,0,1789607241,,,SCHEDULED
2026-09-17T00:45:21.376635+00:00,1286722,068,2634,59,0,1789607281,,,SCHEDULED
2026-09-17T00:45:21.376635+00:00,1286722,068,2635,60,0,1789607319,,,SCHEDULED
2026-09-17T00:45:21.376635+00:00,1286722,068,2636,61,0,1789607357,,,SCHEDULED
2026-09-17T00:45:21.376635+00:00,1286722,068,2637,62,0,1789607370,,,SCHEDULED
2026-09-17T00:45:21.376635+00:00,1286722,068,2638,63,0,1789607430,,,SCHEDULED
2026-09-17T00:45:21.376635+00:00,1286722,068,2639,64,0,1789607499,,,SCHEDULED
2026-09-17T00:45:21.376635+00:00,1288229,137,1714,1,,,0,1789605967,SCHEDULED
2026-09-17T00:45:21.376635+00:00,1288229,137,1904,2,0,1789606134,,,SCHEDULED
2026-09-17T00:45:21.376635+00:00,1288229,137,85406,3,0,1789607286,,,SCHEDULED
2026-09-17T00:45:21.376635+00:00,1288229,137,85408,4,0,1789607383,,,SCHEDULED
2026-09-17T00:45:21.376635+00:00,1288229,137,85204,5,0,1789607435,,,SCHEDULED
2026-09-17T00:45:21.376635+00:00,1288229,137,85205,6,0,1789607509,,,SCHEDULED
2026-09-17T00:45:21.376635+00:00,1286723,068,286,2,0,1789606487,,,SCHEDULED
2026-09-17T00:45:21.376635+00:00,1286723,068,4439,3,0,1789606558,,,SCHEDULED
2026-09-17T00:45:21.376635+00:00,1286723,068,4440,4,0,1789606589,,,SCHEDULED
2026-09-17T00:45:21.376635+00:00,1286723,068,4441,5,0,1789606601,,,SCHEDULED
2026-09-17T00:45:21.376635+00:00,1286723,068,4015,6,0,1789606671,,,SCHEDULED
2026-09-17T00:45:21.376635+00:00,1286723,068,4016,7,0,1789606694,,,SCHEDULED
2026-09-17T00:45:21.376635+00:00,1286723,068,4017,8,0,1789606731,,,SCHEDULED
2026-09-17T00:45:21.376635+00:00,1286723,068,3914,9,0,1789606839,,,SCHEDULED
2026-09-17T00:45:21.376635+00:00,1286723,068,3836,10,0,1789606878,,,SCHEDULED
2026-09-17T00:45:21.376635+00:00,1286723,068,2375,11,0,1789607157,,,SCHEDULED
2026-09-17T00:45:21.376635+00:00,1286723,068,2376,12,0,1789607179,,,SCHEDULED
2026-09-17T00:45:21.376635+00:00,1286723,068,2377,13,0,1789607222,,,SCHEDULED
2026-09-17T00:45:21.376635+00:00,1286723,068,2378,14,0,1789607284,,,SCHEDULED
2026-09-17T00:45:21.376635+00:00,1286723,068,2379,15,0,1789607316,,,SCHEDULED
2026-09-17T00:45:21.376635+00:00,1286723,068,2381,16,0,1789607476,,,SCHEDULED
2026-09-17T00:45:21.376635+00:00,1286723,068,2382,17,0,1789607622,,,SCHEDULED
2026-09-17T00:45:21.376635+00:00,1284821,015,9807,1,,,0,1789607498,SCHEDULED
2026-09-17T00:45:21.376635+00:00,1284821,015,545,2,0,1789607648,,,SCHEDULED
2026-09-17T00:45:21.376635+00:00,1286849,072,323,1,,,0,1789606223,SCHEDULED
2026-09-17T00:45:21.376635+00:00,1286849,072,4210,2,0,1789606395,,,SCHEDULED
2026-09-17T00:45:21.376635+00:00,1286849,072,4211,3,0,1789606460,,,SCHEDULED
2026-09-17T00:45:21.376635+00:00,1286849,072,4213,4,0,1789606488,,,SCHEDULED
2026-09-17T00:45:21.376635+00:00,1286849,072,4214,5,0,1789606538,,,SCHEDULED
2026-09-17T00:45:21.376635+00:00,1286849,072,4217,6,0,1789606581,,,SCHEDULED
2026-09-17T00:45:21.376635+00:00,1286849,072,5249,7,0,1789606625,,,SCHEDULED
2026-09-17T00:45:21.376635+00:00,1286849,072,4215,8,0,1789606676,,,SCHEDULED
2026-09-17T00:45:21.376635+00:00,1286849,072,4216,9,0,1789606704,,,SCHEDULED
2026-09-17T00:45:21.376635+00:00,1286849,072,2816,10,0,1789606725,,,SCHEDULED
2026-09-17T00:45:21.376635+00:00,1286849,072,2817,11,0,1789606759,,,SCHEDULED
2026-09-17T00:45:21.376635+00:00,1286849,072,2818,12,0,1789606784,,,SCHEDULED
2026-09-17T00:45:21.376635+00:00,1286849,072,2819,13,0,1789606808,,,SCHEDULED
2026-09-17T00:45:21.376635+00:00,1286849,072,2820,14,0,1789606838,,,SCHEDULED
2026-09-17T00:45:21.376635+00:00,1286849,072,2821,15,0,1789606870,,,SCHEDULED
2026-09-17T00:45:21.376635+00:00,1286849,072,2822,16,0,1789606878,,,SCHEDULED
2026-09-17T00:45:21.376635+00:00,1286849,072,2824,17,0,1789606891,,,SCHEDULED
2026-09-17T00:45:21.376635+00:00,1286849,072,2825,18,0,1789606926,,,SCHEDULED
2026-09-17T00:45:21.376635+00:00,1286849,072,2826,19,0,1789606974,,,SCHEDULED
2026-09-17T00:45:21.376635+00:00,1286849,072,3861,20,0,1789607015,,,SCHEDULED
2026-09-17T00:45:21.376635+00:00,1286849,072,3862,21,0,1789607031,,,SCHEDULED
2026-09-17T00:45:21.376635+00:00,1286849,072,3864,22,0,1789607079,,,SCHEDULED
2026-09-17T00:45:21.376635+00:00,1286849,072,3865,23,0,1789607113,,,SCHEDULED
2026-09-17T00:45:21.376635+00:00,1286849,072,496,24,0,1789607244,,,SCHEDULED
2026-09-17T00:45:21.376635+00:00,1286849,072,3866,25,0,1789607283,,,SCHEDULED
2026-09-17T00:45:21.376635+00:00,1286849,072,3867,26,0,1789607309,,,SCHEDULED
2026-09-17T00:45:21.376635+00:00,1286849,072,3868,27,0,1789607327,,,SCHEDULED
2026-09-17T00:45:21.376635+00:00,1286849,072,3869,28,0,1789607349,,,SCHEDULED
2026-09-17T00:45:21.376635+00:00,1286849,072,3870,29,0,1789607393,,,SCHEDULED
2026-09-17T00:45:21.376635+00:00,1286849,072,3871,30,0,1789607488,,,SCHEDULED
2026-09-17T00:45:21.376635+00:00,1286849,072,3872,31,0,1789607519,,,SCHEDULED
2026-09-17T00:45:21.376635+00:00,1284826,015,961,7,0,1789605912,,,SCHEDULED
2026-09-17T00:45:21.376635+00:00,1284826,015,962,8,0,1789605941,,,SCHEDULED
2026-09-17T00:45:21.376635+00:00,1284826,015,963,9,0,1789605998,,,SCHEDULED
2026-09-17T00:45:21.376635+00:00,1284826,015,964,10,0,1789606036,,,SCHEDULED
2026-09-17T00:45:21.376635+00:00,1284826,015,965,11,0,1789606072,,,SCHEDULED
2026-09-17T00:45:21.376635+00:00,1284826,015,966,12,0,1789606149,,,SCHEDULED
2026-09-17T00:45:21.376635+00:00,1284826,015,967,13,0,1789606185,,,SCHEDULED
2026-09-17T00:45:21.376635+00:00,1284826,015,968,14,0,1789606218,,,SCHEDULED
2026-09-17T00:45:21.376635+00:00,1284826,015,969,15,0,1789606256,,,SCHEDULED
2026-09-17T00:45:21.376635+00:00,1284826,015,836,16,0,1789606292,,,SCHEDULED
2026-09-17T00:45:21.376635+00:00,1284826,015,838,17,0,1789606342,,,SCHEDULED
2026-09-17T00:45:21.376635+00:00,1284826,015,839,18,0,1789606393,,,SCHEDULED
2026-09-17T00:45:21.376635+00:00,1284826,015,840,19,0,1789606458,,,SCHEDULED
2026-09-17T00:45:21.376635+00:00,1284826,015,841,20,0,1789606500,,,SCHEDULED
2026-09-17T00:45:21.376635+00:00,1284826,015,842,21,0,1789606517,,,SCHEDULED
2026-09-17T00:45:21.376635+00:00,1284826,015,843,22,0,1789606535,,,SCHEDULED
2026-09-17T00:45:21.376635+00:00,1284826,015,845,23,0,1789606572,,,SCHEDULED
2026-09-17T00:45:21.376635+00:00,1284826,015,846,24,0,1789606582,,,SCHEDULED
2026-09-17T00:45:21.376635+00:00,1284826,015,847,25,0,1789606602,,,SCHEDULED
2026-09-17T00:45:21.376635+00:00,1284826,015,848,26,0,1789606618,,,SCHEDULED
2026-09-17T00:45:21.376635+00:00,1284826,015,3098,27,0,1789606897,,,SCHEDULED
2026-09-17T00:45:21.376635+00:00,1288182,103,261,20,0,1789605897,,,SCHEDULED
2026-09-17T00:45:21.376635+00:00,1288182,103,262,21,0,1789605927,,,SCHEDULED
2026-09-17T00:45:21.376635+00:00,1288182,103,264,22,0,1789605976,,,SCHEDULED
2026-09-17T00:45:21.376635+00:00,1288182,103,263,23,0,1789606006,,,SCHEDULED
2026-09-17T00:45:21.376635+00:00,1288182,103,157,24,0,1789606028,,,SCHEDULED
2026-09-17T00:45:21.376635+00:00,1288182,103,158,25,0,1789606069,,,SCHEDULED
2026-09-17T00:45:21.376635+00:00,1288182,103,159,26,0,1789606083,,,SCHEDULED
2026-09-17T00:45:21.376635+00:00,1288182,103,160,27,0,1789606102,,,SCHEDULED
2026-09-17T00:45:21.376635+00:00,1288182,103,161,28,0,1789606143,,,SCHEDULED
2026-09-17T00:45:21.376635+00:00,1288182,103,877,29,0,1789606165,,,SCHEDULED
2026-09-17T00:45:21.376635+00:00,1288182,103,162,30,0,1789606188,,,SCHEDULED
2026-09-17T00:45:21.376635+00:00,1288182,103,163,31,0,1789606209,,,SCHEDULED
2026-09-17T00:45:21.376635+00:00,1288182,103,164,32,0,1789606222,,,SCHEDULED
2026-09-17T00:45:21.376635+00:00,1288182,103,165,33,0,1789606250,,,SCHEDULED
2026-09-17T00:45:21.376635+00:00,1288182,103,166,34,0,1789606306,,,SCHEDULED
2026-09-17T00:45:21.376635+00:00,1288182,103,167,35,0,1789606325,,,SCHEDULED
2026-09-17T00:45:21.376635+00:00,1288182,103,173,36,0,1789606349,,,SCHEDULED
2026-09-17T00:45:21.376635+00:00,1288182,103,168,37,0,1789606391,,,SCHEDULED
2026-09-17T00:45:21.376635+00:00,1288182,103,169,38,0,1789606432,,,SCHEDULED
2026-09-17T00:45:21.376635+00:00,1288182,103,170,39,0,1789606464,,,SCHEDULED
2026-09-17T00:45:21.376635+00:00,1288182,103,171,40,0,1789606580,,,SCHEDULED
2026-09-17T00:45:21.376635+00:00,1287095,078,9920,1,,,0,1789607249,SCHEDULED
2026-09-17T00:45:21.376635+00:00,1287095,078,2760,2,0,1789607414,,,SCHEDULED
2026-09-17T00:45:21.376635+00:00,1287095,078,2761,3,0,1789607460,,,SCHEDULED
2026-09-17T00:45:21.376635+00:00,1287095,078,2762,4,0,1789607506,,,SCHEDULED
2026-09-17T00:45:21.376635+00:00,1287095,078,2763,5,0,1789607552,,,SCHEDULED
2026-09-17T00:45:21.376635+00:00,1285591,030,282,1,,,0,1789607340,SCHEDULED
2026-09-17T00:45:21.376635+00:00,1285591,030,414,2,0,1789607640,,,SCHEDULED
2026-09-17T00:45:21.376635+00:00,1285591,030,415,3,0,1789607663,,,SCHEDULED
