poll_time,trip_id,route_id,stop_id,stop_sequence,arrival_delay,arrival_time,departure_delay,departure_time,schedule_relationship
2026-09-25T00:09:44.345483+00:00,1284394,011,5348,50,0,1790295041,,,SCHEDULED
2026-09-25T00:09:44.345483+00:00,1284394,011,5201,51,0,1790295097,,,SCHEDULED
2026-09-25T00:09:44.345483+00:00,1284394,011,8900,52,0,1790295254,,,SCHEDULED
2026-09-25T00:09:44.345483+00:00,1284394,011,8901,53,0,1790295276,,,SCHEDULED
2026-09-25T00:09:44.345483+00:00,1284394,011,8902,54,0,1790295341,,,SCHEDULED
2026-09-25T00:09:44.345483+00:00,1284394,011,8903,55,0,1790295406,,,SCHEDULED
2026-09-25T00:09:44.345483+00:00,1284394,011,8904,56,0,1790295457,,,SCHEDULED
2026-09-25T00:09:44.345483+00:00,1284394,011,8905,57,0,1790295509,,,SCHEDULED
2026-09-25T00:09:44.345483+00:00,1284394,011,8906,58,0,1790295560,,,SCHEDULED
2026-09-25T00:09:44.345483+00:00,1284394,011,8907,59,0,1790295606,,,SCHEDULED
2026-09-25T00:09:44.345483+00:00,1284394,011,8908,60,0,1790295633,,,SCHEDULED
2026-09-25T00:09:44.345483+00:00,1286177,056,504,30,0,1790295037,,,SCHEDULED
2026-09-25T00:09:44.345483+00:00,1286177,056,505,31,0,1790295073,,,SCHEDULED
2026-09-25T00:09:44.345483+00:00,1286177,056,4134,32,0,1790295109,,,SCHEDULED
2026-09-25T00:09:44.345483+00:00,1286177,056,4136,33,0,1790295179,,,SCHEDULED
2026-09-25T00:09:44.345483+00:00,1286177,056,4137,34,0,1790295261,,,SCHEDULED
2026-09-25T00:09:44.345483+00:00,1288235,138,1434,1,,,0,1790295600,SCHEDULED
2026-09-25T00:09:44.345483+00:00,1288235,138,1811,2,0,1790295652,,,SCHEDULED
2026-09-25T00:09:44.345483+00:00,1286178,056,3222,11,0,1790294993,,,SCHEDULED
2026-09-25T00:09:44.345483+00:00,1286178,056,3223,12,0,1790295047,,,SCHEDULED
2026-09-25T00:09:44.345483+00:00,1286178,056,3225,13,0,1790295153,,,SCHEDULED
2026-09-25T00:09:44.345483+00:00,1286178,056,2062,14,0,1790295290,,,SCHEDULED
2026-09-25T00:09:44.345483+00:00,1286178,056,2063,15,0,1790295353,,,SCHEDULED
2026-09-25T00:09:44.345483+00:00,1286178,056,2064,16,0,1790295409,,,SCHEDULED
2026-09-25T00:09:44.345483+00:00,1286178,056,2065,17,0,1790295456,,,SCHEDULED
2026-09-25T00:09:44.345483+00:00,1286178,056,2066,18,0,1790295496,,,SCHEDULED
2026-09-25T00:09:44.345483+00:00,1286178,056,2068,19,0,1790295556,,,SCHEDULED
2026-09-25T00:09:44.345483+00:00,1286178,056,5200,20,0,1790295656,,,SCHEDULED
2026-09-25T00:09:44.345483+00:00,1286178,056,287,21,0,1790295730,,,SCHEDULED
2026-09-25T00:09:44.345483+00:00,1286178,056,2070,22,0,1790295769,,,SCHEDULED
2026-09-25T00:09:44.345483+00:00,1286178,056,2071,23,0,1790295800,,,SCHEDULED
2026-09-25T00:09:44.345483+00:00,1286178,056,497,24,0,1790295862,,,SCHEDULED
2026-09-25T00:09:44.345483+00:00,1286178,056,498,25,0,1790295931,,,SCHEDULED
2026-09-25T00:09:44.345483+00:00,1286178,056,500,26,0,1790296006,,,SCHEDULED
2026-09-25T00:09:44.345483+00:00,1286178,056,501,27,0,1790296042,,,SCHEDULED
2026-09-25T00:09:44.345483+00:00,1286178,056,502,28,0,1790296081,,,SCHEDULED
2026-09-25T00:09:44.345483+00:00,1286178,056,503,29,0,1790296156,,,SCHEDULED
2026-09-25T00:09:44.345483+00:00,1286178,056,504,30,0,1790296267,,,SCHEDULED
2026-09-25T00:09:44.345483+00:00,1286178,056,505,31,0,1790296303,,,SCHEDULED
2026-09-25T00:09:44.345483+00:00,1286178,056,4134,32,0,1790296339,,,SCHEDULED
2026-09-25T00:09:44.345483+00:00,1286178,056,4136,33,0,1790296409,,,SCHEDULED
2026-09-25T00:09:44.345483+00:00,1286178,056,4137,34,0,1790296491,,,SCHEDULED
2026-09-25T00:09:44.345483+00:00,1286453,062,4140,1,,,0,1790295548,SCHEDULED
2026-09-25T00:09:44.345483+00:00,1286453,062,4141,2,0,1790295623,,,SCHEDULED
2026-09-25T00:09:44.345483+00:00,1286453,062,4142,3,0,1790295675,,,SCHEDULED
2026-09-25T00:09:44.345483+00:00,1286453,062,4143,4,0,1790295753,,,SCHEDULED
2026-09-25T00:09:44.345483+00:00,1286453,062,5251,5,0,1790295823,,,SCHEDULED
2026-09-25T00:09:44.345483+00:00,1286453,062,4144,6,0,1790295854,,,SCHEDULED
2026-09-25T00:09:44.345483+00:00,1286453,062,4145,7,0,1790295872,,,SCHEDULED
2026-09-25T00:09:44.345483+00:00,1286453,062,4146,8,0,1790295906,,,SCHEDULED
2026-09-25T00:09:44.345483+00:00,1286453,062,506,9,0,1790295974,,,SCHEDULED
2026-09-25T00:09:44.345483+00:00,1286453,062,507,10,0,1790296002,,,SCHEDULED
2026-09-25T00:09:44.345483+00:00,1286453,062,508,11,0,1790296075,,,SCHEDULED
2026-09-25T00:09:44.345483+00:00,1286453,062,509,12,0,1790296104,,,SCHEDULED
2026-09-25T00:09:44.345483+00:00,1286453,062,510,13,0,1790296135,,,SCHEDULED
2026-09-25T00:09:44.345483+00:00,1286453,062,511,14,0,1790296174,,,SCHEDULED
2026-09-25T00:09:44.345483+00:00,1286453,062,513,15,0,1790296208,,,SCHEDULED
2026-09-25T00:09:44.345483+00:00,1286453,062,514,16,0,1790296259,,,SCHEDULED
2026-09-25T00:09:44.345483+00:00,1286453,062,515,17,0,1790296308,,,SCHEDULED
2026-09-25T00:09:44.345483+00:00,1286453,062,516,18,0,1790296347,,,SCHEDULED
2026-09-25T00:09:44.345483+00:00,1286453,062,517,19,0,1790296373,,,SCHEDULED
2026-09-25T00:09:44.345483+00:00,1286453,062,518,20,0,1790296422,,,SCHEDULED
2026-09-25T00:09:44.345483+00:00,1286453,062,2331,21,0,1790296468,,,SCHEDULED
2026-09-25T00:09:44.345483+00:00,1286453,062,2332,22,0,1790296497,,,SCHEDULED
2026-09-25T00:09:44.345483+00:00,1286453,062,2333,23,0,1790296525,,,SCHEDULED
2026-09-25T00:09:44.345483+00:00,1286453,062,2334,24,0,1790296551,,,SCHEDULED
2026-09-25T00:09:44.345483+00:00,1286453,062,2335,25,0,1790296579,,,SCHEDULED
2026-09-25T00:09:44.345483+00:00,1286453,062,1352,26,0,1790296595,,,SCHEDULED
2026-09-25T00:09:44.345483+00:00,1286453,062,2337,27,0,1790296647,,,SCHEDULED
2026-09-25T00:09:44.345483+00:00,1286453,062,2338,28,0,1790296745,,,SCHEDULED
2026-09-25T00:09:44.345483+00:00,1288199,113,4708,5,0,1790295047,,,SCHEDULED
2026-09-25T00:09:44.345483+00:00,1288199,113,4712,6,0,1790295187,,,SCHEDULED
2026-09-25T00:09:44.345483+00:00,1288199,113,4702,7,0,1790295294,,,SCHEDULED
2026-09-25T00:09:44.345483+00:00,1288199,113,3237,8,0,1790295371,,,SCHEDULED
2026-09-25T00:09:44.345483+00:00,1288199,113,3238,9,0,1790295558,,,SCHEDULED
2026-09-25T00:09:44.345483+00:00,1288199,113,3239,10,0,1790295615,,,SCHEDULED
2026-09-25T00:09:44.345483+00:00,1288199,113,4703,11,0,1790295683,,,SCHEDULED
2026-09-25T00:09:44.345483+00:00,1288199,113,4704,12,0,1790295769,,,SCHEDULED
2026-09-25T00:09:44.345483+00:00,1288199,113,4705,13,0,1790295823,,,SCHEDULED
2026-09-25T00:09:44.345483+00:00,1288199,113,4706,14,0,1790295882,,,SCHEDULED
2026-09-25T00:09:44.345483+00:00,1288199,113,4707,15,0,1790295971,,,SCHEDULED
2026-09-25T00:09:44.345483+00:00,1288199,113,4751,16,0,1790296040,,,SCHEDULED
2026-09-25T00:09:44.345483+00:00,1288199,113,5271,17,0,1790296385,,,SCHEDULED
2026-09-25T00:09:44.345483+00:00,1287545,084,1285,1,,,0,1790296068,SCHEDULED
2026-09-25T00:09:44.345483+00:00,1287545,084,1618,2,0,1790296076,,,SCHEDULED
2026-09-25T00:09:44.345483+00:00,1287545,084,1306,3,0,1790296164,,,SCHEDULED
2026-09-25T00:09:44.345483+00:00,1287545,084,1570,4,0,1790296268,,,SCHEDULED
2026-09-25T00:09:44.345483+00:00,1287545,084,1307,5,0,1790296317,,,SCHEDULED
2026-09-25T00:09:44.345483+00:00,1287545,084,4003,6,0,1790296384,,,SCHEDULED
2026-09-25T00:09:44.345483+00:00,1287545,084,4004,7,0,1790296426,,,SCHEDULED
2026-09-25T00:09:44.345483+00:00,1287545,084,4005,8,0,1790296462,,,SCHEDULED
2026-09-25T00:09:44.345483+00:00,1287545,084,4006,9,0,1790296503,,,SCHEDULED
2026-09-25T00:09:44.345483+00:00,1287545,084,4007,10,0,1790296549,,,SCHEDULED
2026-09-25T00:09:44.345483+00:00,1287545,084,3950,11,0,1790296576,,,SCHEDULED
2026-09-25T00:09:44.345483+00:00,1287545,084,3951,12,0,1790296621,,,SCHEDULED
2026-09-25T00:09:44.345483+00:00,1287545,084,3953,13,0,1790296663,,,SCHEDULED
2026-09-25T00:09:44.345483+00:00,1287545,084,3954,14,0,1790296693,,,SCHEDULED
2026-09-25T00:09:44.345483+00:00,1287545,084,3955,15,0,1790296724,,,SCHEDULED
2026-09-25T00:09:44.345483+00:00,1287545,084,3956,16,0,1790296758,,,SCHEDULED
2026-09-25T00:09:44.345483+00:00,1287941,088,284,2,0,1790295035,,,SCHEDULED
2026-09-25T00:09:44.345483+00:00,1287941,088,684,3,0,1790295076,,,SCHEDULED
2026-09-25T00:09:44.345483+00:00,1287941,088,685,4,0,1790295147,,,SCHEDULED
2026-09-25T00:09:44.345483+00:00,1287941,088,1400,5,0,1790295168,,,SCHEDULED
2026-09-25T00:09:44.345483+00:00,1287941,088,1401,6,0,1790295201,,,SCHEDULED
2026-09-25T00:09:44.345483+00:00,1287941,088,1402,7,0,1790295244,,,SCHEDULED
2026-09-25T00:09:44.345483+00:00,1287941,088,1403,8,0,1790295396,,,SCHEDULED
2026-09-25T00:09:44.345483+00:00,1287941,088,1404,9,0,1790295440,,,SCHEDULED
2026-09-25T00:09:44.345483+00:00,1287941,088,1405,10,0,1790295483,,,SCHEDULED
2026-09-25T00:09:44.345483+00:00,1287941,088,1406,11,0,1790295501,,,SCHEDULED
2026-09-25T00:09:44.345483+00:00,1287941,088,1407,12,0,1790295554,,,SCHEDULED
2026-09-25T00:09:44.345483+00:00,1287941,088,1408,13,0,1790295607,,,SCHEDULED
2026-09-25T00:09:44.345483+00:00,1287941,088,1409,14,0,1790295677,,,SCHEDULED
2026-09-25T00:09:44.345483+00:00,1287941,088,1410,15,0,1790295747,,,SCHEDULED
2026-09-25T00:09:44.345483+00:00,1287941,088,1411,16,0,1790295800,,,SCHEDULED
2026-09-25T00:09:44.345483+00:00,1287941,088,1412,17,0,1790295844,,,SCHEDULED
2026-09-25T00:09:44.345483+00:00,1287941,088,1413,18,0,1790295879,,,SCHEDULED
2026-09-25T00:09:44.345483+00:00,1287941,088,1414,19,0,1790296040,,,SCHEDULED
2026-09-25T00:09:44.345483+00:00,1287941,088,1415,20,0,1790296100,,,SCHEDULED
2026-09-25T00:09:44.345483+00:00,1287941,088,1416,21,0,1790296153,,,SCHEDULED
2026-09-25T00:09:44.345483+00:00,1287941,088,1417,22,0,1790296185,,,SCHEDULED
2026-09-25T00:09:44.345483+00:00,1284277,010,11159,1,,,0,1790295600,SCHEDULED
2026-09-25T00:09:44.345483+00:00,1284277,010,1817,2,0,1790295621,,,SCHEDULED
2026-09-25T00:09:44.345483+00:00,1284277,010,11028,3,0,1790295720,,,SCHEDULED
2026-09-25T00:09:44.345483+00:00,1284277,010,11204,4,0,1790295755,,,SCHEDULED
2026-09-25T00:09:44.345483+00:00,1284277,010,11205,5,0,1790295798,,,SCHEDULED
2026-09-25T00:09:44.345483+00:00,1284277,010,11102,6,0,1790295829,,,SCHEDULED
2026-09-25T00:09:44.345483+00:00,1284277,010,11071,7,0,1790295845,,,SCHEDULED
2026-09-25T00:09:44.345483+00:00,1284277,010,11050,8,0,1790295900,,,SCHEDULED
2026-09-25T00:09:44.345483+00:00,1284277,010,11039,9,0,1790296020,,,SCHEDULED
2026-09-25T00:09:44.345483+00:00,1284277,010,11040,10,0,1790296046,,,SCHEDULED
2026-09-25T00:09:44.345483+00:00,1284277,010,11135,11,0,1790296134,,,SCHEDULED
2026-09-25T00:09:44.345483+00:00,1284277,010,11104,12,0,1790296180,,,SCHEDULED
2026-09-25T00:09:44.345483+00:00,1284277,010,11108,13,0,1790296237,,,SCHEDULED
2026-09-25T00:09:44.345483+00:00,1284277,010,11127,14,0,1790296322,,,SCHEDULED
2026-09-25T00:09:44.345483+00:00,1284277,010,11002,15,0,1790296478,,,SCHEDULED
2026-09-25T00:09:44.345483+00:00,1284277,010,11157,16,0,1790296559,,,SCHEDULED
2026-09-25T00:09:44.345483+00:00,1284277,010,11033,17,0,1790296680,,,SCHEDULED
2026-09-25T00:09:44.345483+00:00,1287666,086,241,1,,,0,1790296620,SCHEDULED
2026-09-25T00:09:44.345483+00:00,1287666,086,558,2,0,1790296736,,,SCHEDULED
2026-09-25T00:09:44.345483+00:00,1287820,087,241,1,,,0,1790295299,SCHEDULED
2026-09-25T00:09:44.345483+00:00,1287820,087,1255,2,0,1790295497,,,SCHEDULED
2026-09-25T00:09:44.345483+00:00,1287820,087,1263,3,0,1790295570,,,SCHEDULED
2026-09-25T00:09:44.345483+00:00,1287820,087,3179,4,0,1790295598,,,SCHEDULED
2026-09-25T00:09:44.345483+00:00,1287820,087,3180,5,0,1790295685,,,SCHEDULED
2026-09-25T00:09:44.345483+00:00,1287820,087,3181,6,0,1790295744,,,SCHEDULED
2026-09-25T00:09:44.345483+00:00,1287820,087,3182,7,0,1790295785,,,SCHEDULED
2026-09-25T00:09:44.345483+00:00,1287820,087,3183,8,0,1790295883,,,SCHEDULED
2026-09-25T00:09:44.345483+00:00,1287820,087,3184,9,0,1790295942,,,SCHEDULED
2026-09-25T00:09:44.345483+00:00,1287820,087,3185,10,0,1790296019,,,SCHEDULED
2026-09-25T00:09:44.345483+00:00,1287820,087,3187,11,0,1790296096,,,SCHEDULED
2026-09-25T00:09:44.345483+00:00,1287820,087,3188,12,0,1790296149,,,SCHEDULED
2026-09-25T00:09:44.345483+00:00,1287820,087,3189,13,0,1790296199,,,SCHEDULED
2026-09-25T00:09:44.345483+00:00,1287820,087,3190,14,0,1790296283,,,SCHEDULED
2026-09-25T00:09:44.345483+00:00,1287820,087,3191,15,0,1790296343,,,SCHEDULED
2026-09-25T00:09:44.345483+00:00,1287820,087,3192,16,0,1790296397,,,SCHEDULED
2026-09-25T00:09:44.345483+00:00,1287820,087,3193,17,0,1790296494,,,SCHEDULED
2026-09-25T00:09:44.345483+00:00,1287820,087,275,18,0,1790296739,,,SCHEDULED
2026-09-25T00:09:44.345483+00:00,1284673,013,1347,3,0,1790295160,,,SCHEDULED
2026-09-25T00:09:44.345483+00:00,1284673,013,8909,4,0,1790295279,,,SCHEDULED
2026-09-25T00:09:44.345483+00:00,1284673,013,8911,5,0,1790295335,,,SCHEDULED
2026-09-25T00:09:44.345483+00:00,1284673,013,8910,6,0,1790295416,,,SCHEDULED
2026-09-25T00:09:44.345483+00:00,1284673,013,8912,7,0,1790295504,,,SCHEDULED
2026-09-25T00:09:44.345483+00:00,1284673,013,8913,8,0,1790295540,,,SCHEDULED
2026-09-25T00:09:44.345483+00:00,1284673,013,3158,9,0,1790295720,,,SCHEDULED
2026-09-25T00:09:44.345483+00:00,1284673,013,3159,10,0,1790295788,,,SCHEDULED
2026-09-25T00:09:44.345483+00:00,1284673,013,3160,11,0,1790295827,,,SCHEDULED
2026-09-25T00:09:44.345483+00:00,1284673,013,3161,12,0,1790295876,,,SCHEDULED
2026-09-25T00:09:44.345483+00:00,1284673,013,3163,13,0,1790295976,,,SCHEDULED
2026-09-25T00:09:44.345483+00:00,1284673,013,3164,14,0,1790296020,,,SCHEDULED
2026-09-25T00:09:44.345483+00:00,1284673,013,4703,15,0,1790296056,,,SCHEDULED
2026-09-25T00:09:44.345483+00:00,1284673,013,4704,16,0,1790296141,,,SCHEDULED
2026-09-25T00:09:44.345483+00:00,1284673,013,4705,17,0,1790296194,,,SCHEDULED
2026-09-25T00:09:44.345483+00:00,1284673,013,4706,18,0,1790296254,,,SCHEDULED
2026-09-25T00:09:44.345483+00:00,1284673,013,4707,19,0,1790296338,,,SCHEDULED
2026-09-25T00:09:44.345483+00:00,1284673,013,4751,20,0,1790296381,,,SCHEDULED
2026-09-25T00:09:44.345483+00:00,1284673,013,5271,21,0,1790296595,,,SCHEDULED
2026-09-25T00:09:44.345483+00:00,1284673,013,9807,22,0,1790296680,,,SCHEDULED
2026-09-25T00:09:44.345483+00:00,1287700,086,3146,10,0,1790295051,,,SCHEDULED
2026-09-25T00:09:44.345483+00:00,1287700,086,3148,11,0,1790295120,,,SCHEDULED
2026-09-25T00:09:44.345483+00:00,1287700,086,3149,12,0,1790295195,,,SCHEDULED
2026-09-25T00:09:44.345483+00:00,1287700,086,3150,13,0,1790295254,,,SCHEDULED
2026-09-25T00:09:44.345483+00:00,1287700,086,3151,14,0,1790295306,,,SCHEDULED
2026-09-25T00:09:44.345483+00:00,1287700,086,3152,15,0,1790295350,,,SCHEDULED
2026-09-25T00:09:44.345483+00:00,1287700,086,3153,16,0,1790295387,,,SCHEDULED
2026-09-25T00:09:44.345483+00:00,1287700,086,3154,17,0,1790295427,,,SCHEDULED
2026-09-25T00:09:44.345483+00:00,1287700,086,3155,18,0,1790295468,,,SCHEDULED
2026-09-25T00:09:44.345483+00:00,1287700,086,3156,19,0,1790295508,,,SCHEDULED
2026-09-25T00:09:44.345483+00:00,1287700,086,3157,20,0,1790295556,,,SCHEDULED
2026-09-25T00:09:44.345483+00:00,1287700,086,3158,21,0,1790295609,,,SCHEDULED
2026-09-25T00:09:44.345483+00:00,1287700,086,3159,22,0,1790295679,,,SCHEDULED
2026-09-25T00:09:44.345483+00:00,1287700,086,3160,23,0,1790295720,,,SCHEDULED
2026-09-25T00:09:44.345483+00:00,1287700,086,3161,24,0,1790295770,,,SCHEDULED
2026-09-25T00:09:44.345483+00:00,1287700,086,3163,25,0,1790295874,,,SCHEDULED
2026-09-25T00:09:44.345483+00:00,1287700,086,3164,26,0,1790295920,,,SCHEDULED
2026-09-25T00:09:44.345483+00:00,1287700,086,699,27,0,1790295955,,,SCHEDULED
2026-09-25T00:09:44.345483+00:00,1287700,086,703,28,0,1790296117,,,SCHEDULED
2026-09-25T00:09:44.345483+00:00,1287700,086,700,29,0,1790296155,,,SCHEDULED
2026-09-25T00:09:44.345483+00:00,1287700,086,706,30,0,1790296195,,,SCHEDULED
2026-09-25T00:09:44.345483+00:00,1287700,086,707,31,0,1790296238,,,SCHEDULED
2026-09-25T00:09:44.345483+00:00,1287700,086,708,32,0,1790296269,,,SCHEDULED
2026-09-25T00:09:44.345483+00:00,1287700,086,834,33,0,1790296333,,,SCHEDULED
2026-09-25T00:09:44.345483+00:00,1287700,086,835,34,0,1790296421,,,SCHEDULED
2026-09-25T00:09:44.345483+00:00,1287700,086,836,35,0,1790296445,,,SCHEDULED
2026-09-25T00:09:44.345483+00:00,1287700,086,838,36,0,1790296491,,,SCHEDULED
2026-09-25T00:09:44.345483+00:00,1287700,086,839,37,0,1790296534,,,SCHEDULED
2026-09-25T00:09:44.345483+00:00,1287700,086,840,38,0,1790296593,,,SCHEDULED
2026-09-25T00:09:44.345483+00:00,1287700,086,581,39,0,1790296641,,,SCHEDULED
2026-09-25T00:09:44.345483+00:00,1287700,086,582,40,0,1790296679,,,SCHEDULED
2026-09-25T00:09:44.345483+00:00,1287700,086,583,41,0,1790296727,,,SCHEDULED
2026-09-25T00:09:44.345483+00:00,1287700,086,584,42,0,1790296763,,,SCHEDULED
2026-09-25T00:09:44.345483+00:00,1287700,086,585,43,0,1790296764,,,SCHEDULED
2026-09-25T00:09:44.345483+00:00,1287700,086,586,44,0,1790296765,,,SCHEDULED
2026-09-25T00:09:44.345483+00:00,1287821,087,276,19,0,1790295240,,,SCHEDULED
2026-09-25T00:09:44.345483+00:00,1287546,084,4003,6,0,1790294987,,,SCHEDULED
2026-09-25T00:09:44.345483+00:00,1287546,084,4004,7,0,1790295029,,,SCHEDULED
2026-09-25T00:09:44.345483+00:00,1287546,084,4005,8,0,1790295065,,,SCHEDULED
2026-09-25T00:09:44.345483+00:00,1287546,084,4006,9,0,1790295106,,,SCHEDULED
2026-09-25T00:09:44.345483+00:00,1287546,084,4007,10,0,1790295152,,,SCHEDULED
2026-09-25T00:09:44.345483+00:00,1287546,084,3950,11,0,1790295179,,,SCHEDULED
2026-09-25T00:09:44.345483+00:00,1287546,084,3951,12,0,1790295224,,,SCHEDULED
2026-09-25T00:09:44.345483+00:00,1287546,084,3953,13,0,1790295266,,,SCHEDULED
2026-09-25T00:09:44.345483+00:00,1287546,084,3954,14,0,1790295296,,,SCHEDULED
2026-09-25T00:09:44.345483+00:00,1287546,084,3955,15,0,1790295327,,,SCHEDULED
2026-09-25T00:09:44.345483+00:00,1287546,084,3956,16,0,1790295361,,,SCHEDULED
2026-09-25T00:09:44.345483+00:00,1287546,084,3957,17,0,1790295384,,,SCHEDULED
2026-09-25T00:09:44.345483+00:00,1287546,084,3063,18,0,1790295406,,,SCHEDULED
2026-09-25T00:09:44.345483+00:00,1287546,084,3064,19,0,1790295472,,,SCHEDULED
2026-09-25T00:09:44.345483+00:00,1287546,084,3065,20,0,1790295514,,,SCHEDULED
2026-09-25T00:09:44.345483+00:00,1287546,084,3066,21,0,1790295560,,,SCHEDULED
2026-09-25T00:09:44.345483+00:00,1287546,084,3067,22,0,1790295620,,,SCHEDULED
2026-09-25T00:09:44.345483+00:00,1287546,084,3068,23,0,1790295679,,,SCHEDULED
2026-09-25T00:09:44.345483+00:00,1287546,084,3069,24,0,1790295750,,,SCHEDULED
2026-09-25T00:09:44.345483+00:00,1287546,084,3049,25,0,1790295862,,,SCHEDULED
2026-09-25T00:09:44.345483+00:00,1287546,084,3070,26,0,1790295918,,,SCHEDULED
2026-09-25T00:09:44.345483+00:00,1287546,084,3071,27,0,1790295974,,,SCHEDULED
2026-09-25T00:09:44.345483+00:00,1287546,084,3072,28,0,1790296020,,,SCHEDULED
2026-09-25T00:09:44.345483+00:00,1287546,084,9801,29,0,1790296126,,,SCHEDULED
2026-09-25T00:09:44.345483+00:00,1287546,084,3073,30,0,1790296186,,,SCHEDULED
2026-09-25T00:09:44.345483+00:00,1287546,084,3074,31,0,1790296306,,,SCHEDULED
2026-09-25T00:09:44.345483+00:00,1287546,084,3075,32,0,1790296359,,,SCHEDULED
2026-09-25T00:09:44.345483+00:00,1287546,084,3076,33,0,1790296491,,,SCHEDULED
2026-09-25T00:09:44.345483+00:00,1287546,084,3077,34,0,1790296547,,,SCHEDULED
2026-09-25T00:09:44.345483+00:00,1287546,084,3078,35,0,1790296709,,,SCHEDULED
2026-09-25T00:09:44.345483+00:00,1286179,056,906,1,,,0,1790295840,SCHEDULED
2026-09-25T00:09:44.345483+00:00,1286179,056,286,2,0,1790296057,,,SCHEDULED
2026-09-25T00:09:44.345483+00:00,1286179,056,4439,3,0,1790296118,,,SCHEDULED
2026-09-25T00:09:44.345483+00:00,1286179,056,4440,4,0,1790296209,,,SCHEDULED
2026-09-25T00:09:44.345483+00:00,1286179,056,4441,5,0,1790296254,,,SCHEDULED
2026-09-25T00:09:44.345483+00:00,1286179,056,4015,6,0,1790296330,,,SCHEDULED
2026-09-25T00:09:44.345483+00:00,1286179,056,4016,7,0,1790296378,,,SCHEDULED
2026-09-25T00:09:44.345483+00:00,1286179,056,4017,8,0,1790296427,,,SCHEDULED
2026-09-25T00:09:44.345483+00:00,1286179,056,3914,9,0,1790296500,,,SCHEDULED
2026-09-25T00:09:44.345483+00:00,1286179,056,3220,10,0,1790296556,,,SCHEDULED
2026-09-25T00:09:44.345483+00:00,1286179,056,3222,11,0,1790296677,,,SCHEDULED
2026-09-25T00:09:44.345483+00:00,1286179,056,3223,12,0,1790296731,,,SCHEDULED
2026-09-25T00:09:44.345483+00:00,1286212,056,3831,28,0,1790295141,,,SCHEDULED
2026-09-25T00:09:44.345483+00:00,1286212,056,3832,29,0,1790295202,,,SCHEDULED
2026-09-25T00:09:44.345483+00:00,1286212,056,3833,30,0,1790295235,,,SCHEDULED
2026-09-25T00:09:44.345483+00:00,1286212,056,3834,31,0,1790295304,,,SCHEDULED
2026-09-25T00:09:44.345483+00:00,1286212,056,3939,32,0,1790295440,,,SCHEDULED
2026-09-25T00:09:44.345483+00:00,1286212,056,5107,33,0,1790295480,,,SCHEDULED
2026-09-25T00:09:44.345483+00:00,1286212,056,4020,34,0,1790295520,,,SCHEDULED
2026-09-25T00:09:44.345483+00:00,1286212,056,4021,35,0,1790295566,,,SCHEDULED
2026-09-25T00:09:44.345483+00:00,1286212,056,4022,36,0,1790295617,,,SCHEDULED
2026-09-25T00:09:44.345483+00:00,1286212,056,242,37,0,1790295706,,,SCHEDULED
2026-09-25T00:09:44.345483+00:00,1286212,056,243,38,0,1790295755,,,SCHEDULED
2026-09-25T00:09:44.345483+00:00,1286212,056,244,39,0,1790295795,,,SCHEDULED
2026-09-25T00:09:44.345483+00:00,1286212,056,1038,40,0,1790295867,,,SCHEDULED
2026-09-25T00:09:44.345483+00:00,1286212,056,4019,41,0,1790295913,,,SCHEDULED
2026-09-25T00:09:44.345483+00:00,1286455,062,2236,39,0,1790294993,,,SCHEDULED
2026-09-25T00:09:44.345483+00:00,1286455,062,2237,40,0,1790295060,,,SCHEDULED
2026-09-25T00:09:44.345483+00:00,1286455,062,2238,41,0,1790295089,,,SCHEDULED
2026-09-25T00:09:44.345483+00:00,1286455,062,2239,42,0,1790295134,,,SCHEDULED
2026-09-25T00:09:44.345483+00:00,1286455,062,2240,43,0,1790295179,,,SCHEDULED
2026-09-25T00:09:44.345483+00:00,1286455,062,2241,44,0,1790295247,,,SCHEDULED
2026-09-25T00:09:44.345483+00:00,1286455,062,2242,45,0,1790295293,,,SCHEDULED
2026-09-25T00:09:44.345483+00:00,1286455,062,2243,46,0,1790295329,,,SCHEDULED
2026-09-25T00:09:44.345483+00:00,1286455,062,2244,47,0,1790295387,,,SCHEDULED
2026-09-25T00:09:44.345483+00:00,1286455,062,2245,48,0,1790295423,,,SCHEDULED
2026-09-25T00:09:44.345483+00:00,1286455,062,2246,49,0,1790295473,,,SCHEDULED
2026-09-25T00:09:44.345483+00:00,1286455,062,5365,50,0,1790295496,,,SCHEDULED
2026-09-25T00:09:44.345483+00:00,1286455,062,2248,51,0,1790295536,,,SCHEDULED
2026-09-25T00:09:44.345483+00:00,1286455,062,2250,52,0,1790295644,,,SCHEDULED
2026-09-25T00:09:44.345483+00:00,1286455,062,2251,53,0,1790295698,,,SCHEDULED
2026-09-25T00:09:44.345483+00:00,1286455,062,2252,54,0,1790295725,,,SCHEDULED
2026-09-25T00:09:44.345483+00:00,1286455,062,2254,55,0,1790295833,,,SCHEDULED
2026-09-25T00:09:44.345483+00:00,1286455,062,519,56,0,1790295865,,,SCHEDULED
2026-09-25T00:09:44.345483+00:00,1286455,062,521,57,0,1790295917,,,SCHEDULED
2026-09-25T00:09:44.345483+00:00,1286455,062,522,58,0,1790295989,,,SCHEDULED
2026-09-25T00:09:44.345483+00:00,1286455,062,525,59,0,1790296093,,,SCHEDULED
2026-09-25T00:09:44.345483+00:00,1286455,062,526,60,0,1790296221,,,SCHEDULED
2026-09-25T00:09:44.345483+00:00,1286455,062,527,61,0,1790296253,,,SCHEDULED
2026-09-25T00:09:44.345483+00:00,1286455,062,528,62,0,1790296285,,,SCHEDULED
2026-09-25T00:09:44.345483+00:00,1286455,062,5252,63,0,1790296413,,,SCHEDULED
2026-09-25T00:09:44.345483+00:00,1286455,062,531,64,0,1790296445,,,SCHEDULED
2026-09-25T00:09:44.345483+00:00,1286455,062,116,65,0,1790296497,,,SCHEDULED
2026-09-25T00:09:44.345483+00:00,1285763,033,5257,4,0,1790294983,,,SCHEDULED
2026-09-25T00:09:44.345483+00:00,1285763,033,5261,5,0,1790295021,,,SCHEDULED
2026-09-25T00:09:44.345483+00:00,1286213,056,4140,1,,,0,1790295326,SCHEDULED
2026-09-25T00:09:44.345483+00:00,1286213,056,4141,2,0,1790295397,,,SCHEDULED
2026-09-25T00:09:44.345483+00:00,1286213,056,4142,3,0,1790295444,,,SCHEDULED
2026-09-25T00:09:44.345483+00:00,1286213,056,4143,4,0,1790295531,,,SCHEDULED
2026-09-25T00:09:44.345483+00:00,1286213,056,5251,5,0,1790295610,,,SCHEDULED
2026-09-25T00:09:44.345483+00:00,1286213,056,4144,6,0,1790295647,,,SCHEDULED
2026-09-25T00:09:44.345483+00:00,1286213,056,4145,7,0,1790295669,,,SCHEDULED
2026-09-25T00:09:44.345483+00:00,1286213,056,4146,8,0,1790295706,,,SCHEDULED
2026-09-25T00:09:44.345483+00:00,1286213,056,478,9,0,1790295756,,,SCHEDULED
2026-09-25T00:09:44.345483+00:00,1286213,056,172,10,0,1790295817,,,SCHEDULED
2026-09-25T00:09:44.345483+00:00,1286213,056,480,11,0,1790295914,,,SCHEDULED
2026-09-25T00:09:44.345483+00:00,1286213,056,1733,12,0,1790295953,,,SCHEDULED
2026-09-25T00:09:44.345483+00:00,1286213,056,481,13,0,1790296013,,,SCHEDULED
2026-09-25T00:09:44.345483+00:00,1286213,056,482,14,0,1790296052,,,SCHEDULED
2026-09-25T00:09:44.345483+00:00,1286213,056,483,15,0,1790296089,,,SCHEDULED
2026-09-25T00:09:44.345483+00:00,1286213,056,484,16,0,1790296119,,,SCHEDULED
2026-09-25T00:09:44.345483+00:00,1286213,056,485,17,0,1790296173,,,SCHEDULED
2026-09-25T00:09:44.345483+00:00,1286213,056,486,18,0,1790296242,,,SCHEDULED
2026-09-25T00:09:44.345483+00:00,1286213,056,487,19,0,1790296302,,,SCHEDULED
2026-09-25T00:09:44.345483+00:00,1286213,056,488,20,0,1790296331,,,SCHEDULED
2026-09-25T00:09:44.345483+00:00,1286213,056,5200,21,0,1790296406,,,SCHEDULED
2026-09-25T00:09:44.345483+00:00,1286213,056,489,22,0,1790296490,,,SCHEDULED
2026-09-25T00:09:44.345483+00:00,1286213,056,490,23,0,1790296532,,,SCHEDULED
2026-09-25T00:09:44.345483+00:00,1286213,056,491,24,0,1790296610,,,SCHEDULED
2026-09-25T00:09:44.345483+00:00,1286213,056,492,25,0,1790296649,,,SCHEDULED
2026-09-25T00:09:44.345483+00:00,1286213,056,493,26,0,1790296686,,,SCHEDULED
2026-09-25T00:09:44.345483+00:00,1286213,056,494,27,0,1790296713,,,SCHEDULED
2026-09-25T00:09:44.345483+00:00,1284674,013,1096,23,0,1790295065,,,SCHEDULED
2026-09-25T00:09:44.345483+00:00,1284674,013,1098,24,0,1790295234,,,SCHEDULED
2026-09-25T00:09:44.345483+00:00,1284674,013,1099,25,0,1790295390,,,SCHEDULED
2026-09-25T00:09:44.345483+00:00,1284674,013,1100,26,0,1790295533,,,SCHEDULED
2026-09-25T00:09:44.345483+00:00,1284674,013,1101,27,0,1790295630,,,SCHEDULED
2026-09-25T00:09:44.345483+00:00,1284674,013,1102,28,0,1790295713,,,SCHEDULED
2026-09-25T00:09:44.345483+00:00,1284674,013,1103,29,0,1790295805,,,SCHEDULED
2026-09-25T00:09:44.345483+00:00,1284674,013,1104,30,0,1790295893,,,SCHEDULED
2026-09-25T00:09:44.345483+00:00,1284674,013,1105,31,0,1790295990,,,SCHEDULED
2026-09-25T00:09:44.345483+00:00,1284674,013,1106,32,0,1790296084,,,SCHEDULED
2026-09-25T00:09:44.345483+00:00,1284674,013,1674,33,0,1790296125,,,SCHEDULED
2026-09-25T00:09:44.345483+00:00,1284674,013,1675,34,0,1790296172,,,SCHEDULED
2026-09-25T00:09:44.345483+00:00,1284674,013,1677,35,0,1790296230,,,SCHEDULED
2026-09-25T00:09:44.345483+00:00,1284674,013,1127,36,0,1790296266,,,SCHEDULED
2026-09-25T00:09:44.345483+00:00,1284674,013,1128,37,0,1790296311,,,SCHEDULED
2026-09-25T00:09:44.345483+00:00,1284674,013,1129,38,0,1790296388,,,SCHEDULED
2026-09-25T00:09:44.345483+00:00,1284674,013,1130,39,0,1790296447,,,SCHEDULED
2026-09-25T00:09:44.345483+00:00,1284674,013,1131,40,0,1790296514,,,SCHEDULED
2026-09-25T00:09:44.345483+00:00,1284674,013,3089,41,0,1790296580,,,SCHEDULED
2026-09-25T00:09:44.345483+00:00,1284674,013,1464,42,0,1790296658,,,SCHEDULED
2026-09-25T00:09:44.345483+00:00,1286579,067,1087,61,0,1790294979,,,SCHEDULED
2026-09-25T00:09:44.345483+00:00,1286579,067,2642,62,0,1790295011,,,SCHEDULED
2026-09-25T00:09:44.345483+00:00,1287789,087,291,1,,,0,1790296080,SCHEDULED
2026-09-25T00:09:44.345483+00:00,1287789,087,274,2,0,1790296367,,,SCHEDULED
2026-09-25T00:09:44.345483+00:00,1287789,087,275,3,0,1790296740,,,SCHEDULED
2026-09-25T00:09:44.345483+00:00,1287701,086,525,4,0,1790294987,,,SCHEDULED
2026-09-25T00:09:44.345483+00:00,1287701,086,526,5,0,1790295039,,,SCHEDULED
2026-09-25T00:09:44.345483+00:00,1287701,086,527,6,0,1790295057,,,SCHEDULED
2026-09-25T00:09:44.345483+00:00,1287701,086,528,7,0,1790295074,,,SCHEDULED
2026-09-25T00:09:44.345483+00:00,1287701,086,5252,8,0,1790295144,,,SCHEDULED
2026-09-25T00:09:44.345483+00:00,1287701,086,531,9,0,1790295162,,,SCHEDULED
2026-09-25T00:09:44.345483+00:00,1287701,086,3146,10,0,1790295759,,,SCHEDULED
2026-09-25T00:09:44.345483+00:00,1287701,086,3148,11,0,1790295829,,,SCHEDULED
2026-09-25T00:09:44.345483+00:00,1287701,086,3149,12,0,1790295904,,,SCHEDULED
2026-09-25T00:09:44.345483+00:00,1287701,086,3150,13,0,1790295963,,,SCHEDULED
2026-09-25T00:09:44.345483+00:00,1287701,086,3151,14,0,1790296015,,,SCHEDULED
2026-09-25T00:09:44.345483+00:00,1287701,086,3152,15,0,1790296059,,,SCHEDULED
2026-09-25T00:09:44.345483+00:00,1287701,086,3153,16,0,1790296096,,,SCHEDULED
2026-09-25T00:09:44.345483+00:00,1287701,086,3154,17,0,1790296136,,,SCHEDULED
2026-09-25T00:09:44.345483+00:00,1287701,086,3155,18,0,1790296177,,,SCHEDULED
2026-09-25T00:09:44.345483+00:00,1287701,086,3156,19,0,1790296217,,,SCHEDULED
2026-09-25T00:09:44.345483+00:00,1287701,086,3157,20,0,1790296265,,,SCHEDULED
2026-09-25T00:09:44.345483+00:00,1287701,086,3158,21,0,1790296318,,,SCHEDULED
2026-09-25T00:09:44.345483+00:00,1287701,086,3159,22,0,1790296388,,,SCHEDULED
2026-09-25T00:09:44.345483+00:00,1287701,086,3160,23,0,1790296429,,,SCHEDULED
2026-09-25T00:09:44.345483+00:00,1287701,086,3161,24,0,1790296479,,,SCHEDULED
2026-09-25T00:09:44.345483+00:00,1287701,086,3163,25,0,1790296583,,,SCHEDULED
2026-09-25T00:09:44.345483+00:00,1287701,086,3164,26,0,1790296629,,,SCHEDULED
2026-09-25T00:09:44.345483+00:00,1287701,086,699,27,0,1790296664,,,SCHEDULED
2026-09-25T00:09:44.345483+00:00,1287547,084,3073,30,0,1790295025,,,SCHEDULED
2026-09-25T00:09:44.345483+00:00,1287547,084,3074,31,0,1790295145,,,SCHEDULED
2026-09-25T00:09:44.345483+00:00,1287547,084,3075,32,0,1790295198,,,SCHEDULED
2026-09-25T00:09:44.345483+00:00,1287547,084,3076,33,0,1790295330,,,SCHEDULED
2026-09-25T00:09:44.345483+00:00,1287547,084,3077,34,0,1790295386,,,SCHEDULED
2026-09-25T00:09:44.345483+00:00,1287547,084,3078,35,0,1790295548,,,SCHEDULED
2026-09-25T00:09:44.345483+00:00,1287547,084,3079,36,0,1790295623,,,SCHEDULED
2026-09-25T00:09:44.345483+00:00,1287547,084,3080,37,0,1790295702,,,SCHEDULED
2026-09-25T00:09:44.345483+00:00,1287547,084,1074,38,0,1790295800,,,SCHEDULED
2026-09-25T00:09:44.345483+00:00,1287547,084,1075,39,0,1790295868,,,SCHEDULED
2026-09-25T00:09:44.345483+00:00,1287547,084,1076,40,0,1790295909,,,SCHEDULED
2026-09-25T00:09:44.345483+00:00,1287547,084,1077,41,0,1790295965,,,SCHEDULED
2026-09-25T00:09:44.345483+00:00,1287547,084,1646,42,0,1790296045,,,SCHEDULED
2026-09-25T00:09:44.345483+00:00,1287547,084,1648,43,0,1790296113,,,SCHEDULED
2026-09-25T00:09:44.345483+00:00,1287547,084,1107,44,0,1790296176,,,SCHEDULED
2026-09-25T00:09:44.345483+00:00,1287547,084,1108,45,0,1790296233,,,SCHEDULED
2026-09-25T00:09:44.345483+00:00,1287547,084,3081,46,0,1790296289,,,SCHEDULED
2026-09-25T00:09:44.345483+00:00,1287547,084,3082,47,0,1790296324,,,SCHEDULED
2026-09-25T00:09:44.345483+00:00,1287547,084,3083,48,0,1790296364,,,SCHEDULED
2026-09-25T00:09:44.345483+00:00,1287547,084,3084,49,0,1790296415,,,SCHEDULED
2026-09-25T00:09:44.345483+00:00,1287547,084,3085,50,0,1790296471,,,SCHEDULED
2026-09-25T00:09:44.345483+00:00,1287547,084,3086,51,0,1790296546,,,SCHEDULED
2026-09-25T00:09:44.345483+00:00,1287547,084,3087,52,0,1790296653,,,SCHEDULED
2026-09-25T00:09:44.345483+00:00,1287702,086,418,1,,,0,1790295960,SCHEDULED
2026-09-25T00:09:44.345483+00:00,1287702,086,4763,2,0,1790296003,,,SCHEDULED
2026-09-25T00:09:44.345483+00:00,1287702,086,113,3,0,1790296032,,,SCHEDULED
2026-09-25T00:09:44.345483+00:00,1287702,086,525,4,0,1790296069,,,SCHEDULED
2026-09-25T00:09:44.345483+00:00,1287702,086,526,5,0,1790296121,,,SCHEDULED
2026-09-25T00:09:44.345483+00:00,1287702,086,527,6,0,1790296139,,,SCHEDULED
2026-09-25T00:09:44.345483+00:00,1287702,086,528,7,0,1790296156,,,SCHEDULED
2026-09-25T00:09:44.345483+00:00,1287702,086,5252,8,0,1790296226,,,SCHEDULED
2026-09-25T00:09:44.345483+00:00,1287702,086,531,9,0,1790296244,,,SCHEDULED
2026-09-25T00:09:44.345483+00:00,1286859,072,496,24,0,1790295085,,,SCHEDULED
2026-09-25T00:09:44.345483+00:00,1286859,072,3866,25,0,1790295154,,,SCHEDULED
2026-09-25T00:09:44.345483+00:00,1286859,072,3867,26,0,1790295195,,,SCHEDULED
2026-09-25T00:09:44.345483+00:00,1286859,072,3868,27,0,1790295229,,,SCHEDULED
2026-09-25T00:09:44.345483+00:00,1286859,072,3869,28,0,1790295272,,,SCHEDULED
2026-09-25T00:09:44.345483+00:00,1286859,072,3870,29,0,1790295310,,,SCHEDULED
2026-09-25T00:09:44.345483+00:00,1286859,072,3871,30,0,1790295394,,,SCHEDULED
2026-09-25T00:09:44.345483+00:00,1286859,072,3872,31,0,1790295448,,,SCHEDULED
2026-09-25T00:09:44.345483+00:00,1288190,106,225,5,0,1790295024,,,SCHEDULED
2026-09-25T00:09:44.345483+00:00,1288190,106,226,6,0,1790295144,,,SCHEDULED
2026-09-25T00:09:44.345483+00:00,1288190,106,108,7,0,1790295201,,,SCHEDULED
2026-09-25T00:09:44.345483+00:00,1288190,106,109,8,0,1790295251,,,SCHEDULED
2026-09-25T00:09:44.345483+00:00,1288190,106,110,9,0,1790295271,,,SCHEDULED
2026-09-25T00:09:44.345483+00:00,1288190,106,111,10,0,1790295296,,,SCHEDULED
2026-09-25T00:09:44.345483+00:00,1288190,106,112,11,0,1790295350,,,SCHEDULED
2026-09-25T00:09:44.345483+00:00,1288190,106,973,12,0,1790295494,,,SCHEDULED
2026-09-25T00:09:44.345483+00:00,1288190,106,974,13,0,1790295523,,,SCHEDULED
2026-09-25T00:09:44.345483+00:00,1288190,106,975,14,0,1790295576,,,SCHEDULED
2026-09-25T00:09:44.345483+00:00,1288190,106,976,15,0,1790295684,,,SCHEDULED
2026-09-25T00:09:44.345483+00:00,1288190,106,977,16,0,1790295713,,,SCHEDULED
2026-09-25T00:09:44.345483+00:00,1288190,106,978,17,0,1790295732,,,SCHEDULED
2026-09-25T00:09:44.345483+00:00,1288190,106,979,18,0,1790295753,,,SCHEDULED
2026-09-25T00:09:44.345483+00:00,1288190,106,980,19,0,1790295776,,,SCHEDULED
2026-09-25T00:09:44.345483+00:00,1288190,106,981,20,0,1790295804,,,SCHEDULED
2026-09-25T00:09:44.345483+00:00,1288190,106,983,21,0,1790295852,,,SCHEDULED
2026-09-25T00:09:44.345483+00:00,1288190,106,984,22,0,1790295875,,,SCHEDULED
2026-09-25T00:09:44.345483+00:00,1288190,106,985,23,0,1790295892,,,SCHEDULED
2026-09-25T00:09:44.345483+00:00,1288190,106,986,24,0,1790295924,,,SCHEDULED
2026-09-25T00:09:44.345483+00:00,1288190,106,987,25,0,1790295988,,,SCHEDULED
2026-09-25T00:09:44.345483+00:00,1288190,106,988,26,0,1790296005,,,SCHEDULED
2026-09-25T00:09:44.345483+00:00,1288190,106,989,27,0,1790296025,,,SCHEDULED
2026-09-25T00:09:44.345483+00:00,1288190,106,990,28,0,1790296058,,,SCHEDULED
2026-09-25T00:09:44.345483+00:00,1288190,106,992,29,0,1790296101,,,SCHEDULED
2026-09-25T00:09:44.345483+00:00,1288190,106,993,30,0,1790296128,,,SCHEDULED
2026-09-25T00:09:44.345483+00:00,1288190,106,994,31,0,1790296161,,,SCHEDULED
2026-09-25T00:09:44.345483+00:00,1288190,106,995,32,0,1790296208,,,SCHEDULED
2026-09-25T00:09:44.345483+00:00,1288190,106,997,33,0,1790296237,,,SCHEDULED
2026-09-25T00:09:44.345483+00:00,1288190,106,998,34,0,1790296284,,,SCHEDULED
2026-09-25T00:09:44.345483+00:00,1288190,106,999,35,0,1790296321,,,SCHEDULED
2026-09-25T00:09:44.345483+00:00,1288190,106,1000,36,0,1790296354,,,SCHEDULED
2026-09-25T00:09:44.345483+00:00,1288190,106,1001,37,0,1790296383,,,SCHEDULED
2026-09-25T00:09:44.345483+00:00,1288190,106,1002,38,0,1790296423,,,SCHEDULED
2026-09-25T00:09:44.345483+00:00,1288190,106,1003,39,0,1790296452,,,SCHEDULED
2026-09-25T00:09:44.345483+00:00,1288190,106,2357,40,0,1790296500,,,SCHEDULED
2026-09-25T00:09:44.345483+00:00,1288190,106,1005,41,0,1790296525,,,SCHEDULED
2026-09-25T00:09:44.345483+00:00,1288190,106,1006,42,0,1790296549,,,SCHEDULED
2026-09-25T00:09:44.345483+00:00,1288190,106,1007,43,0,1790296573,,,SCHEDULED
2026-09-25T00:09:44.345483+00:00,1288190,106,450,44,0,1790296602,,,SCHEDULED
2026-09-25T00:09:44.345483+00:00,1288190,106,1008,45,0,1790296618,,,SCHEDULED
2026-09-25T00:09:44.345483+00:00,1288190,106,1009,46,0,1790296635,,,SCHEDULED
2026-09-25T00:09:44.345483+00:00,1288190,106,1010,47,0,1790296677,,,SCHEDULED
2026-09-25T00:09:44.345483+00:00,1288190,106,1011,48,0,1790296711,,,SCHEDULED
2026-09-25T00:09:44.345483+00:00,1288190,106,1012,49,0,1790296764,,,SCHEDULED
2026-09-25T00:09:44.345483+00:00,1284392,011,325,27,0,1790295090,,,SCHEDULED
2026-09-25T00:09:44.345483+00:00,1284392,011,327,29,0,1790295152,,,SCHEDULED
2026-09-25T00:09:44.345483+00:00,1284392,011,328,30,0,1790295182,,,SCHEDULED
2026-09-25T00:09:44.345483+00:00,1284392,011,329,31,0,1790295231,,,SCHEDULED
2026-09-25T00:09:44.345483+00:00,1284392,011,330,32,0,1790295280,,,SCHEDULED
2026-09-25T00:09:44.345483+00:00,1284392,011,331,33,0,1790295310,,,SCHEDULED
2026-09-25T00:09:44.345483+00:00,1284392,011,668,34,0,1790295371,,,SCHEDULED
2026-09-25T00:09:44.345483+00:00,1284392,011,605,35,0,1790295760,,,SCHEDULED
2026-09-25T00:09:44.345483+00:00,1284392,011,606,36,0,1790295836,,,SCHEDULED
2026-09-25T00:09:44.345483+00:00,1284392,011,608,37,0,1790295881,,,SCHEDULED
2026-09-25T00:09:44.345483+00:00,1284392,011,607,38,0,1790295945,,,SCHEDULED
2026-09-25T00:09:44.345483+00:00,1284392,011,8922,39,0,1790296375,,,SCHEDULED
2026-09-25T00:09:44.345483+00:00,1284392,011,8923,40,0,1790296421,,,SCHEDULED
2026-09-25T00:09:44.345483+00:00,1284392,011,8924,41,0,1790296454,,,SCHEDULED
2026-09-25T00:09:44.345483+00:00,1284392,011,8925,42,0,1790296489,,,SCHEDULED
2026-09-25T00:09:44.345483+00:00,1284392,011,8926,43,0,1790296535,,,SCHEDULED
2026-09-25T00:09:44.345483+00:00,1284392,011,8927,44,0,1790296584,,,SCHEDULED
2026-09-25T00:09:44.345483+00:00,1284392,011,4710,45,0,1790296770,,,SCHEDULED
2026-09-25T00:09:44.345483+00:00,1288195,109,447,16,0,1790295346,,,SCHEDULED
2026-09-25T00:09:44.345483+00:00,1288195,109,3468,17,0,1790295389,,,SCHEDULED
2026-09-25T00:09:44.345483+00:00,1288195,109,3469,18,0,1790295403,,,SCHEDULED
2026-09-25T00:09:44.345483+00:00,1288195,109,3470,19,0,1790295420,,,SCHEDULED
2026-09-25T00:09:44.345483+00:00,1288195,109,3471,20,0,1790295471,,,SCHEDULED
2026-09-25T00:09:44.345483+00:00,1288195,109,3472,21,0,1790295567,,,SCHEDULED
2026-09-25T00:09:44.345483+00:00,1288195,109,3473,22,0,1790295651,,,SCHEDULED
2026-09-25T00:09:44.345483+00:00,1288195,109,3474,23,0,1790295695,,,SCHEDULED
2026-09-25T00:09:44.345483+00:00,1288195,109,3475,24,0,1790295750,,,SCHEDULED
2026-09-25T00:09:44.345483+00:00,1288195,109,3476,25,0,1790295814,,,SCHEDULED
2026-09-25T00:09:44.345483+00:00,1288195,109,3465,26,0,1790295875,,,SCHEDULED
2026-09-25T00:09:44.345483+00:00,1288195,109,3477,27,0,1790295920,,,SCHEDULED
2026-09-25T00:09:44.345483+00:00,1288195,109,3478,28,0,1790296020,,,SCHEDULED
2026-09-25T00:09:44.345483+00:00,1288195,109,3479,29,0,1790296058,,,SCHEDULED
2026-09-25T00:09:44.345483+00:00,1288195,109,3480,30,0,1790296128,,,SCHEDULED
2026-09-25T00:09:44.345483+00:00,1288195,109,3464,31,0,1790296186,,,SCHEDULED
2026-09-25T00:09:44.345483+00:00,1288195,109,3481,32,0,1790296260,,,SCHEDULED
2026-09-25T00:09:44.345483+00:00,1288195,109,3482,33,0,1790296324,,,SCHEDULED
2026-09-25T00:09:44.345483+00:00,1288195,109,3483,34,0,1790296419,,,SCHEDULED
2026-09-25T00:09:44.345483+00:00,1288196,109,5305,1,,,0,1790295480,SCHEDULED
2026-09-25T00:09:44.345483+00:00,1288196,109,221,2,0,1790295569,,,SCHEDULED
2026-09-25T00:09:44.345483+00:00,1288196,109,222,3,0,1790295611,,,SCHEDULED
2026-09-25T00:09:44.345483+00:00,1288196,109,223,4,0,1790295664,,,SCHEDULED
2026-09-25T00:09:44.345483+00:00,1288196,109,225,5,0,1790295780,,,SCHEDULED
2026-09-25T00:09:44.345483+00:00,1288196,109,226,6,0,1790295840,,,SCHEDULED
2026-09-25T00:09:44.345483+00:00,1288196,109,108,7,0,1790295896,,,SCHEDULED
2026-09-25T00:09:44.345483+00:00,1288196,109,109,8,0,1790295944,,,SCHEDULED
2026-09-25T00:09:44.345483+00:00,1288196,109,111,9,0,1790295988,,,SCHEDULED
2026-09-25T00:09:44.345483+00:00,1288196,109,1782,10,0,1790296113,,,SCHEDULED
2026-09-25T00:09:44.345483+00:00,1288196,109,1784,11,0,1790296190,,,SCHEDULED
2026-09-25T00:09:44.345483+00:00,1288196,109,1785,12,0,1790296250,,,SCHEDULED
2026-09-25T00:09:44.345483+00:00,1288196,109,1790,13,0,1790296440,,,SCHEDULED
2026-09-25T00:09:44.345483+00:00,1288196,109,1792,14,0,1790296458,,,SCHEDULED
2026-09-25T00:09:44.345483+00:00,1288196,109,1793,15,0,1790296476,,,SCHEDULED
2026-09-25T00:09:44.345483+00:00,1284391,011,2425,1,,,0,1790295360,SCHEDULED
2026-09-25T00:09:44.345483+00:00,1284391,011,2501,2,0,1790295435,,,SCHEDULED
2026-09-25T00:09:44.345483+00:00,1284391,011,5353,3,0,1790295460,,,SCHEDULED
2026-09-25T00:09:44.345483+00:00,1284391,011,3214,4,0,1790295524,,,SCHEDULED
2026-09-25T00:09:44.345483+00:00,1284391,011,2276,5,0,1790295565,,,SCHEDULED
2026-09-25T00:09:44.345483+00:00,1284391,011,8303,6,0,1790295612,,,SCHEDULED
2026-09-25T00:09:44.345483+00:00,1284391,011,8302,7,0,1790295658,,,SCHEDULED
2026-09-25T00:09:44.345483+00:00,1284391,011,1046,8,0,1790295764,,,SCHEDULED
2026-09-25T00:09:44.345483+00:00,1284391,011,1047,9,0,1790295840,,,SCHEDULED
2026-09-25T00:09:44.345483+00:00,1284391,011,1049,10,0,1790295885,,,SCHEDULED
2026-09-25T00:09:44.345483+00:00,1284391,011,1050,11,0,1790295920,,,SCHEDULED
2026-09-25T00:09:44.345483+00:00,1284391,011,1051,12,0,1790295954,,,SCHEDULED
2026-09-25T00:09:44.345483+00:00,1284391,011,215,13,0,1790296128,,,SCHEDULED
2026-09-25T00:09:44.345483+00:00,1284391,011,216,14,0,1790296157,,,SCHEDULED
2026-09-25T00:09:44.345483+00:00,1284391,011,217,15,0,1790296180,,,SCHEDULED
2026-09-25T00:09:44.345483+00:00,1284391,011,218,16,0,1790296205,,,SCHEDULED
2026-09-25T00:09:44.345483+00:00,1284391,011,219,17,0,1790296225,,,SCHEDULED
2026-09-25T00:09:44.345483+00:00,1284391,011,1926,18,0,1790296260,,,SCHEDULED
2026-09-25T00:09:44.345483+00:00,1284391,011,1940,19,0,1790296290,,,SCHEDULED
2026-09-25T00:09:44.345483+00:00,1284391,011,1770,20,0,1790296340,,,SCHEDULED
2026-09-25T00:09:44.345483+00:00,1284391,011,1771,21,0,1790296371,,,SCHEDULED
2026-09-25T00:09:44.345483+00:00,1284391,011,1772,22,0,1790296417,,,SCHEDULED
2026-09-25T00:09:44.345483+00:00,1284391,011,1773,23,0,1790296478,,,SCHEDULED
2026-09-25T00:09:44.345483+00:00,1284391,011,1774,24,0,1790296543,,,SCHEDULED
2026-09-25T00:09:44.345483+00:00,1284391,011,1775,25,0,1790296585,,,SCHEDULED
2026-09-25T00:09:44.345483+00:00,1284391,011,1776,26,0,1790296612,,,SCHEDULED
2026-09-25T00:09:44.345483+00:00,1284391,011,325,27,0,1790296738,,,SCHEDULED
2026-09-25T00:09:44.345483+00:00,1288488,177,664,1,,,0,1790295268,SCHEDULED
2026-09-25T00:09:44.345483+00:00,1288488,177,8006,2,0,1790295319,,,SCHEDULED
2026-09-25T00:09:44.345483+00:00,1288488,177,8007,3,0,1790295359,,,SCHEDULED
2026-09-25T00:09:44.345483+00:00,1288488,177,844,4,0,1790295418,,,SCHEDULED
2026-09-25T00:09:44.345483+00:00,1288488,177,4199,5,0,1790295458,,,SCHEDULED
2026-09-25T00:09:44.345483+00:00,1288488,177,4200,6,0,1790295492,,,SCHEDULED
2026-09-25T00:09:44.345483+00:00,1285010,021,1070,1,,,0,1790295360,SCHEDULED
2026-09-25T00:09:44.345483+00:00,1285010,021,3327,2,0,1790295402,,,SCHEDULED
2026-09-25T00:09:44.345483+00:00,1285010,021,3328,3,0,1790295470,,,SCHEDULED
2026-09-25T00:09:44.345483+00:00,1285010,021,3329,4,0,1790295522,,,SCHEDULED
2026-09-25T00:09:44.345483+00:00,1285010,021,3330,5,0,1790295574,,,SCHEDULED
2026-09-25T00:09:44.345483+00:00,1285010,021,3331,6,0,1790295653,,,SCHEDULED
2026-09-25T00:09:44.345483+00:00,1285010,021,3706,7,0,1790295715,,,SCHEDULED
2026-09-25T00:09:44.345483+00:00,1285010,021,3707,8,0,1790295785,,,SCHEDULED
2026-09-25T00:09:44.345483+00:00,1285010,021,3708,9,0,1790295895,,,SCHEDULED
2026-09-25T00:09:44.345483+00:00,1285010,021,3709,10,0,1790295960,,,SCHEDULED
2026-09-25T00:09:44.345483+00:00,1285010,021,3710,11,0,1790296010,,,SCHEDULED
2026-09-25T00:09:44.345483+00:00,1285010,021,3711,12,0,1790296073,,,SCHEDULED
2026-09-25T00:09:44.345483+00:00,1285010,021,3712,13,0,1790296149,,,SCHEDULED
2026-09-25T00:09:44.345483+00:00,1285010,021,3713,14,0,1790296260,,,SCHEDULED
2026-09-25T00:09:44.345483+00:00,1285010,021,1184,15,0,1790296440,,,SCHEDULED
2026-09-25T00:09:44.345483+00:00,1285010,021,3301,16,0,1790296470,,,SCHEDULED
2026-09-25T00:09:44.345483+00:00,1285010,021,1200,17,0,1790296560,,,SCHEDULED
2026-09-25T00:09:44.345483+00:00,1285010,021,1201,18,0,1790296610,,,SCHEDULED
2026-09-25T00:09:44.345483+00:00,1285010,021,1202,19,0,1790296651,,,SCHEDULED
2026-09-25T00:09:44.345483+00:00,1285010,021,1203,20,0,1790296691,,,SCHEDULED
2026-09-25T00:09:44.345483+00:00,1288487,177,664,1,,,0,1790296140,SCHEDULED
2026-09-25T00:09:44.345483+00:00,1288487,177,8006,2,0,1790296191,,,SCHEDULED
2026-09-25T00:09:44.345483+00:00,1288487,177,8007,3,0,1790296231,,,SCHEDULED
2026-09-25T00:09:44.345483+00:00,1288487,177,844,4,0,1790296290,,,SCHEDULED
2026-09-25T00:09:44.345483+00:00,1288487,177,4199,5,0,1790296330,,,SCHEDULED
2026-09-25T00:09:44.345483+00:00,1288487,177,4200,6,0,1790296364,,,SCHEDULED
2026-09-25T00:09:44.345483+00:00,1286582,067,4441,5,0,1790296229,,,SCHEDULED
2026-09-25T00:09:44.345483+00:00,1286582,067,4015,6,0,1790296314,,,SCHEDULED
2026-09-25T00:09:44.345483+00:00,1286582,067,4016,7,0,1790296366,,,SCHEDULED
2026-09-25T00:09:44.345483+00:00,1286582,067,4017,8,0,1790296424,,,SCHEDULED
2026-09-25T00:09:44.345483+00:00,1286582,067,3914,9,0,1790296506,,,SCHEDULED
2026-09-25T00:09:44.345483+00:00,1286582,067,3220,10,0,1790296565,,,SCHEDULED
2026-09-25T00:09:44.345483+00:00,1286582,067,3222,11,0,1790296692,,,SCHEDULED
2026-09-25T00:09:44.345483+00:00,1287671,086,558,2,0,1790294974,,,SCHEDULED
2026-09-25T00:09:44.345483+00:00,1287671,086,559,3,0,1790295047,,,SCHEDULED
2026-09-25T00:09:44.345483+00:00,1287671,086,560,4,0,1790295107,,,SCHEDULED
2026-09-25T00:09:44.345483+00:00,1287671,086,561,5,0,1790295131,,,SCHEDULED
2026-09-25T00:09:44.345483+00:00,1287671,086,562,6,0,1790295187,,,SCHEDULED
2026-09-25T00:09:44.345483+00:00,1287671,086,849,7,0,1790295262,,,SCHEDULED
2026-09-25T00:09:44.345483+00:00,1287671,086,850,8,0,1790295294,,,SCHEDULED
2026-09-25T00:09:44.345483+00:00,1287671,086,851,9,0,1790295388,,,SCHEDULED
2026-09-25T00:09:44.345483+00:00,1287671,086,852,10,0,1790295416,,,SCHEDULED
2026-09-25T00:09:44.345483+00:00,1287671,086,853,11,0,1790295444,,,SCHEDULED
2026-09-25T00:09:44.345483+00:00,1287671,086,854,12,0,1790295481,,,SCHEDULED
2026-09-25T00:09:44.345483+00:00,1287671,086,855,13,0,1790295509,,,SCHEDULED
2026-09-25T00:09:44.345483+00:00,1287671,086,856,14,0,1790295565,,,SCHEDULED
2026-09-25T00:09:44.345483+00:00,1287671,086,813,15,0,1790295638,,,SCHEDULED
2026-09-25T00:09:44.345483+00:00,1287671,086,814,16,0,1790295687,,,SCHEDULED
2026-09-25T00:09:44.345483+00:00,1287671,086,815,17,0,1790295726,,,SCHEDULED
2026-09-25T00:09:44.345483+00:00,1287671,086,701,18,0,1790295768,,,SCHEDULED
2026-09-25T00:09:44.345483+00:00,1287671,086,702,19,0,1790295807,,,SCHEDULED
2026-09-25T00:09:44.345483+00:00,1287671,086,3240,20,0,1790296033,,,SCHEDULED
2026-09-25T00:09:44.345483+00:00,1287671,086,3241,21,0,1790296063,,,SCHEDULED
2026-09-25T00:09:44.345483+00:00,1287671,086,3242,22,0,1790296087,,,SCHEDULED
2026-09-25T00:09:44.345483+00:00,1287671,086,3243,23,0,1790296176,,,SCHEDULED
2026-09-25T00:09:44.345483+00:00,1287671,086,3244,24,0,1790296205,,,SCHEDULED
2026-09-25T00:09:44.345483+00:00,1287671,086,3246,25,0,1790296308,,,SCHEDULED
2026-09-25T00:09:44.345483+00:00,1287671,086,3247,26,0,1790296358,,,SCHEDULED
2026-09-25T00:09:44.345483+00:00,1287671,086,3248,27,0,1790296405,,,SCHEDULED
2026-09-25T00:09:44.345483+00:00,1287671,086,3249,28,0,1790296449,,,SCHEDULED
2026-09-25T00:09:44.345483+00:00,1287671,086,3250,29,0,1790296484,,,SCHEDULED
2026-09-25T00:09:44.345483+00:00,1287671,086,3251,30,0,1790296510,,,SCHEDULED
2026-09-25T00:09:44.345483+00:00,1287671,086,3252,31,0,1790296558,,,SCHEDULED
2026-09-25T00:09:44.345483+00:00,1287671,086,3253,32,0,1790296601,,,SCHEDULED
2026-09-25T00:09:44.345483+00:00,1287671,086,3254,33,0,1790296645,,,SCHEDULED
2026-09-25T00:09:44.345483+00:00,1287671,086,3255,34,0,1790296691,,,SCHEDULED
2026-09-25T00:09:44.345483+00:00,1287671,086,3256,35,0,1790296747,,,SCHEDULED
2026-09-25T00:09:44.345483+00:00,1285011,021,1202,19,0,1790294983,,,SCHEDULED
2026-09-25T00:09:44.345483+00:00,1285011,021,1203,20,0,1790295023,,,SCHEDULED
2026-09-25T00:09:44.345483+00:00,1285011,021,1204,21,0,1790295076,,,SCHEDULED
2026-09-25T00:09:44.345483+00:00,1285011,021,1205,22,0,1790295130,,,SCHEDULED
2026-09-25T00:09:44.345483+00:00,1285011,021,1206,23,0,1790295187,,,SCHEDULED
2026-09-25T00:09:44.345483+00:00,1285011,021,1207,24,0,1790295338,,,SCHEDULED
2026-09-25T00:09:44.345483+00:00,1285011,021,2719,25,0,1790295508,,,SCHEDULED
2026-09-25T00:09:44.345483+00:00,1285011,021,2934,26,0,1790295559,,,SCHEDULED
2026-09-25T00:09:44.345483+00:00,1285011,021,2935,27,0,1790295602,,,SCHEDULED
2026-09-25T00:09:44.345483+00:00,1285011,021,2722,28,0,1790295997,,,SCHEDULED
2026-09-25T00:09:44.345483+00:00,1285011,021,2723,29,0,1790296068,,,SCHEDULED
2026-09-25T00:09:44.345483+00:00,1285011,021,2724,30,0,1790296152,,,SCHEDULED
2026-09-25T00:09:44.345483+00:00,1285011,021,2726,31,0,1790296241,,,SCHEDULED
2026-09-25T00:09:44.345483+00:00,1285011,021,2727,32,0,1790296270,,,SCHEDULED
2026-09-25T00:09:44.345483+00:00,1285011,021,2728,33,0,1790296314,,,SCHEDULED
2026-09-25T00:09:44.345483+00:00,1285011,021,2729,34,0,1790296373,,,SCHEDULED
2026-09-25T00:09:44.345483+00:00,1285011,021,2730,35,0,1790296416,,,SCHEDULED
2026-09-25T00:09:44.345483+00:00,1285011,021,2731,36,0,1790296492,,,SCHEDULED
2026-09-25T00:09:44.345483+00:00,1285011,021,2732,37,0,1790296519,,,SCHEDULED
2026-09-25T00:09:44.345483+00:00,1285011,021,2733,38,0,1790296597,,,SCHEDULED
2026-09-25T00:09:44.345483+00:00,1285011,021,2734,39,0,1790296648,,,SCHEDULED
2026-09-25T00:09:44.345483+00:00,1285011,021,2735,40,0,1790296719,,,SCHEDULED
2026-09-25T00:09:44.345483+00:00,1286346,061,4140,1,,,0,1790296200,SCHEDULED
2026-09-25T00:09:44.345483+00:00,1286346,061,4361,2,0,1790296266,,,SCHEDULED
2026-09-25T00:09:44.345483+00:00,1286346,061,4362,3,0,1790296301,,,SCHEDULED
2026-09-25T00:09:44.345483+00:00,1286346,061,4360,4,0,1790296334,,,SCHEDULED
2026-09-25T00:09:44.345483+00:00,1286346,061,4363,5,0,1790296370,,,SCHEDULED
2026-09-25T00:09:44.345483+00:00,1286346,061,4364,6,0,1790296427,,,SCHEDULED
2026-09-25T00:09:44.345483+00:00,1286346,061,4365,7,0,1790296458,,,SCHEDULED
2026-09-25T00:09:44.345483+00:00,1286346,061,4811,8,0,1790296584,,,SCHEDULED
2026-09-25T00:09:44.345483+00:00,1286346,061,4810,9,0,1790296644,,,SCHEDULED
2026-09-25T00:09:44.345483+00:00,1286346,061,4266,10,0,1790296695,,,SCHEDULED
2026-09-25T00:09:44.345483+00:00,1286742,068,2670,37,0,1790294993,,,SCHEDULED
2026-09-25T00:09:44.345483+00:00,1286742,068,2671,38,0,1790295024,,,SCHEDULED
2026-09-25T00:09:44.345483+00:00,1286742,068,2672,39,0,1790295058,,,SCHEDULED
2026-09-25T00:09:44.345483+00:00,1286742,068,2675,40,0,1790295110,,,SCHEDULED
2026-09-25T00:09:44.345483+00:00,1286742,068,2676,41,0,1790295150,,,SCHEDULED
2026-09-25T00:09:44.345483+00:00,1286742,068,2679,42,0,1790295173,,,SCHEDULED
2026-09-25T00:09:44.345483+00:00,1286742,068,2680,43,0,1790295216,,,SCHEDULED
2026-09-25T00:09:44.345483+00:00,1286742,068,2681,44,0,1790295242,,,SCHEDULED
2026-09-25T00:09:44.345483+00:00,1286742,068,2678,45,0,1790295299,,,SCHEDULED
2026-09-25T00:09:44.345483+00:00,1286742,068,2682,46,0,1790295325,,,SCHEDULED
2026-09-25T00:09:44.345483+00:00,1286742,068,1857,47,0,1790295503,,,SCHEDULED
2026-09-25T00:09:44.345483+00:00,1286742,068,1858,48,0,1790295540,,,SCHEDULED
2026-09-25T00:09:44.345483+00:00,1286742,068,1859,49,0,1790295644,,,SCHEDULED
2026-09-25T00:09:44.345483+00:00,1286742,068,1860,50,0,1790295713,,,SCHEDULED
2026-09-25T00:09:44.345483+00:00,1286742,068,1861,51,0,1790295736,,,SCHEDULED
2026-09-25T00:09:44.345483+00:00,1286742,068,1862,52,0,1790295787,,,SCHEDULED
2026-09-25T00:09:44.345483+00:00,1286742,068,1863,53,0,1790295853,,,SCHEDULED
2026-09-25T00:09:44.345483+00:00,1286742,068,2399,54,0,1790296016,,,SCHEDULED
2026-09-25T00:09:44.345483+00:00,1286742,068,2400,55,0,1790296056,,,SCHEDULED
2026-09-25T00:09:44.345483+00:00,1286742,068,2401,56,0,1790296074,,,SCHEDULED
2026-09-25T00:09:44.345483+00:00,1286742,068,2402,57,0,1790296133,,,SCHEDULED
2026-09-25T00:09:44.345483+00:00,1286742,068,2403,58,0,1790296244,,,SCHEDULED
2026-09-25T00:09:44.345483+00:00,1286742,068,2404,59,0,1790296290,,,SCHEDULED
2026-09-25T00:09:44.345483+00:00,1286742,068,2405,60,0,1790296346,,,SCHEDULED
2026-09-25T00:09:44.345483+00:00,1286742,068,2406,61,0,1790296398,,,SCHEDULED
2026-09-25T00:09:44.345483+00:00,1286742,068,2407,62,0,1790296447,,,SCHEDULED
2026-09-25T00:09:44.345483+00:00,1286742,068,2408,63,0,1790296513,,,SCHEDULED
2026-09-25T00:09:44.345483+00:00,1286742,068,2409,64,0,1790296548,,,SCHEDULED
2026-09-25T00:09:44.345483+00:00,1286742,068,2410,65,0,1790296597,,,SCHEDULED
2026-09-25T00:09:44.345483+00:00,1287952,088,614,14,0,1790294973,,,SCHEDULED
2026-09-25T00:09:44.345483+00:00,1287952,088,615,15,0,1790295134,,,SCHEDULED
2026-09-25T00:09:44.345483+00:00,1287952,088,616,16,0,1790295166,,,SCHEDULED
2026-09-25T00:09:44.345483+00:00,1287952,088,617,17,0,1790295205,,,SCHEDULED
2026-09-25T00:09:44.345483+00:00,1287952,088,618,18,0,1790295248,,,SCHEDULED
2026-09-25T00:09:44.345483+00:00,1287952,088,619,19,0,1790295301,,,SCHEDULED
2026-09-25T00:09:44.345483+00:00,1287952,088,620,20,0,1790295335,,,SCHEDULED
2026-09-25T00:09:44.345483+00:00,1287952,088,621,21,0,1790295385,,,SCHEDULED
2026-09-25T00:09:44.345483+00:00,1287952,088,622,22,0,1790295438,,,SCHEDULED
2026-09-25T00:09:44.345483+00:00,1287952,088,623,23,0,1790295465,,,SCHEDULED
2026-09-25T00:09:44.345483+00:00,1287952,088,624,24,0,1790295513,,,SCHEDULED
2026-09-25T00:09:44.345483+00:00,1287952,088,625,25,0,1790295572,,,SCHEDULED
2026-09-25T00:09:44.345483+00:00,1287952,088,626,26,0,1790295645,,,SCHEDULED
2026-09-25T00:09:44.345483+00:00,1287952,088,5271,27,0,1790295731,,,SCHEDULED
2026-09-25T00:09:44.345483+00:00,1284046,001,573,30,0,1790294889,,,SCHEDULED
2026-09-25T00:09:44.345483+00:00,1284046,001,3097,31,0,1790294902,,,SCHEDULED
2026-09-25T00:09:44.345483+00:00,1284046,001,3098,32,0,1790294998,,,SCHEDULED
2026-09-25T00:09:44.345483+00:00,1286347,061,4268,12,0,1790294992,,,SCHEDULED
2026-09-25T00:09:44.345483+00:00,1286347,061,187,13,0,1790295107,,,SCHEDULED
2026-09-25T00:09:44.345483+00:00,1286347,061,189,14,0,1790295165,,,SCHEDULED
2026-09-25T00:09:44.345483+00:00,1286347,061,1034,15,0,1790295264,,,SCHEDULED
2026-09-25T00:09:44.345483+00:00,1286347,061,1035,16,0,1790295309,,,SCHEDULED
2026-09-25T00:09:44.345483+00:00,1286347,061,6101,17,0,1790295379,,,SCHEDULED
2026-09-25T00:09:44.345483+00:00,1286347,061,2282,18,0,1790295565,,,SCHEDULED
2026-09-25T00:09:44.345483+00:00,1286347,061,2283,19,0,1790295591,,,SCHEDULED
2026-09-25T00:09:44.345483+00:00,1286347,061,2284,20,0,1790295625,,,SCHEDULED
2026-09-25T00:09:44.345483+00:00,1286347,061,2285,21,0,1790295661,,,SCHEDULED
2026-09-25T00:09:44.345483+00:00,1286347,061,2286,22,0,1790295707,,,SCHEDULED
2026-09-25T00:09:44.345483+00:00,1286347,061,2287,23,0,1790295752,,,SCHEDULED
2026-09-25T00:09:44.345483+00:00,1286347,061,2288,24,0,1790295789,,,SCHEDULED
2026-09-25T00:09:44.345483+00:00,1286347,061,2289,25,0,1790295847,,,SCHEDULED
2026-09-25T00:09:44.345483+00:00,1286347,061,2290,26,0,1790295909,,,SCHEDULED
2026-09-25T00:09:44.345483+00:00,1286347,061,2291,27,0,1790295959,,,SCHEDULED
2026-09-25T00:09:44.345483+00:00,1286347,061,2292,28,0,1790296088,,,SCHEDULED
2026-09-25T00:09:44.345483+00:00,1286347,061,2293,29,0,1790296163,,,SCHEDULED
2026-09-25T00:09:44.345483+00:00,1286347,061,2294,30,0,1790296201,,,SCHEDULED
2026-09-25T00:09:44.345483+00:00,1286347,061,2295,31,0,1790296263,,,SCHEDULED
2026-09-25T00:09:44.345483+00:00,1286347,061,2296,32,0,1790296325,,,SCHEDULED
2026-09-25T00:09:44.345483+00:00,1286347,061,2297,33,0,1790296379,,,SCHEDULED
2026-09-25T00:09:44.345483+00:00,1286347,061,2298,34,0,1790296509,,,SCHEDULED
2026-09-25T00:09:44.345483+00:00,1286347,061,2299,35,0,1790296547,,,SCHEDULED
2026-09-25T00:09:44.345483+00:00,1286347,061,2300,36,0,1790296572,,,SCHEDULED
2026-09-25T00:09:44.345483+00:00,1286347,061,2301,37,0,1790296618,,,SCHEDULED
2026-09-25T00:09:44.345483+00:00,1286347,061,2302,38,0,1790296664,,,SCHEDULED
2026-09-25T00:09:44.345483+00:00,1286347,061,2303,39,0,1790296682,,,SCHEDULED
2026-09-25T00:09:44.345483+00:00,1286347,061,2304,40,0,1790296708,,,SCHEDULED
2026-09-25T00:09:44.345483+00:00,1286347,061,2305,41,0,1790296749,,,SCHEDULED
2026-09-25T00:09:44.345483+00:00,1286743,068,2402,57,0,1790294975,,,SCHEDULED
2026-09-25T00:09:44.345483+00:00,1286743,068,2403,58,0,1790295086,,,SCHEDULED
2026-09-25T00:09:44.345483+00:00,1286743,068,2404,59,0,1790295132,,,SCHEDULED
2026-09-25T00:09:44.345483+00:00,1286743,068,2405,60,0,1790295188,,,SCHEDULED
2026-09-25T00:09:44.345483+00:00,1286743,068,2406,61,0,1790295240,,,SCHEDULED
2026-09-25T00:09:44.345483+00:00,1286743,068,2407,62,0,1790295289,,,SCHEDULED
2026-09-25T00:09:44.345483+00:00,1286743,068,2408,63,0,1790295355,,,SCHEDULED
2026-09-25T00:09:44.345483+00:00,1286743,068,2409,64,0,1790295390,,,SCHEDULED
2026-09-25T00:09:44.345483+00:00,1286743,068,2410,65,0,1790295439,,,SCHEDULED
2026-09-25T00:09:44.345483+00:00,1286743,068,3939,66,0,1790295624,,,SCHEDULED
2026-09-25T00:09:44.345483+00:00,1286743,068,5107,67,0,1790295673,,,SCHEDULED
2026-09-25T00:09:44.345483+00:00,1286743,068,4020,68,0,1790295726,,,SCHEDULED
2026-09-25T00:09:44.345483+00:00,1286743,068,4021,69,0,1790295782,,,SCHEDULED
2026-09-25T00:09:44.345483+00:00,1286743,068,4022,70,0,1790295844,,,SCHEDULED
2026-09-25T00:09:44.345483+00:00,1286743,068,242,71,0,1790295946,,,SCHEDULED
2026-09-25T00:09:44.345483+00:00,1286743,068,243,72,0,1790296002,,,SCHEDULED
2026-09-25T00:09:44.345483+00:00,1286743,068,244,73,0,1790296051,,,SCHEDULED
2026-09-25T00:09:44.345483+00:00,1286743,068,1038,74,0,1790296127,,,SCHEDULED
2026-09-25T00:09:44.345483+00:00,1286743,068,4019,75,0,1790296194,,,SCHEDULED
2026-09-25T00:09:44.345483+00:00,1284048,001,1184,1,,,0,1790295000,SCHEDULED
2026-09-25T00:09:44.345483+00:00,1284048,001,3301,2,0,1790295026,,,SCHEDULED
2026-09-25T00:09:44.345483+00:00,1284048,001,1187,3,0,1790295075,,,SCHEDULED
2026-09-25T00:09:44.345483+00:00,1284048,001,1188,4,0,1790295139,,,SCHEDULED
2026-09-25T00:09:44.345483+00:00,1284048,001,1189,5,0,1790295194,,,SCHEDULED
2026-09-25T00:09:44.345483+00:00,1284048,001,1190,6,0,1790295310,,,SCHEDULED
2026-09-25T00:09:44.345483+00:00,1284048,001,1191,7,0,1790295356,,,SCHEDULED
2026-09-25T00:09:44.345483+00:00,1284048,001,1192,8,0,1790295400,,,SCHEDULED
2026-09-25T00:09:44.345483+00:00,1284048,001,1193,9,0,1790295446,,,SCHEDULED
2026-09-25T00:09:44.345483+00:00,1284048,001,1195,10,0,1790295530,,,SCHEDULED
2026-09-25T00:09:44.345483+00:00,1284048,001,1196,11,0,1790295617,,,SCHEDULED
2026-09-25T00:09:44.345483+00:00,1284048,001,1197,12,0,1790295664,,,SCHEDULED
2026-09-25T00:09:44.345483+00:00,1284048,001,1198,13,0,1790295693,,,SCHEDULED
2026-09-25T00:09:44.345483+00:00,1284048,001,3348,14,0,1790295780,,,SCHEDULED
2026-09-25T00:09:44.345483+00:00,1284048,001,3349,15,0,1790295886,,,SCHEDULED
2026-09-25T00:09:44.345483+00:00,1284048,001,3350,16,0,1790295947,,,SCHEDULED
2026-09-25T00:09:44.345483+00:00,1284048,001,3351,17,0,1790296003,,,SCHEDULED
2026-09-25T00:09:44.345483+00:00,1284048,001,3352,18,0,1790296067,,,SCHEDULED
2026-09-25T00:09:44.345483+00:00,1284048,001,3353,19,0,1790296120,,,SCHEDULED
2026-09-25T00:09:44.345483+00:00,1284048,001,3354,20,0,1790296168,,,SCHEDULED
2026-09-25T00:09:44.345483+00:00,1284048,001,3355,21,0,1790296232,,,SCHEDULED
2026-09-25T00:09:44.345483+00:00,1284048,001,3356,22,0,1790296293,,,SCHEDULED
2026-09-25T00:09:44.345483+00:00,1284048,001,3357,23,0,1790296325,,,SCHEDULED
2026-09-25T00:09:44.345483+00:00,1284048,001,563,24,0,1790296440,,,SCHEDULED
2026-09-25T00:09:44.345483+00:00,1284048,001,565,25,0,1790296510,,,SCHEDULED
2026-09-25T00:09:44.345483+00:00,1284048,001,566,26,0,1790296576,,,SCHEDULED
2026-09-25T00:09:44.345483+00:00,1284048,001,567,27,0,1790296611,,,SCHEDULED
2026-09-25T00:09:44.345483+00:00,1284048,001,568,28,0,1790296700,,,SCHEDULED
2026-09-25T00:09:44.345483+00:00,1286740,068,1099,1,,,0,1790296001,SCHEDULED
2026-09-25T00:09:44.345483+00:00,1286740,068,2645,2,0,1790296112,,,SCHEDULED
2026-09-25T00:09:44.345483+00:00,1286740,068,2643,3,0,1790296130,,,SCHEDULED
2026-09-25T00:09:44.345483+00:00,1286740,068,2644,4,0,1790296186,,,SCHEDULED
2026-09-25T00:09:44.345483+00:00,1286740,068,2646,5,0,1790296272,,,SCHEDULED
2026-09-25T00:09:44.345483+00:00,1286740,068,2647,6,0,1790296300,,,SCHEDULED
2026-09-25T00:09:44.345483+00:00,1286741,068,2648,7,0,1790294973,,,SCHEDULED
2026-09-25T00:09:44.345483+00:00,1286741,068,5344,8,0,1790295001,,,SCHEDULED
2026-09-25T00:09:44.345483+00:00,1286741,068,2649,9,0,1790295025,,,SCHEDULED
2026-09-25T00:09:44.345483+00:00,1286741,068,2650,10,0,1790295053,,,SCHEDULED
2026-09-25T00:09:44.345483+00:00,1286741,068,2651,11,0,1790295081,,,SCHEDULED
2026-09-25T00:09:44.345483+00:00,1286741,068,2653,12,0,1790295134,,,SCHEDULED
2026-09-25T00:09:44.345483+00:00,1286741,068,2654,13,0,1790295230,,,SCHEDULED
2026-09-25T00:09:44.345483+00:00,1286741,068,9811,14,0,1790295314,,,SCHEDULED
2026-09-25T00:09:44.345483+00:00,1286741,068,880,15,0,1790295400,,,SCHEDULED
2026-09-25T00:09:44.345483+00:00,1286741,068,881,16,0,1790295434,,,SCHEDULED
2026-09-25T00:09:44.345483+00:00,1286741,068,1795,17,0,1790295512,,,SCHEDULED
2026-09-25T00:09:44.345483+00:00,1286741,068,1796,18,0,1790295555,,,SCHEDULED
2026-09-25T00:09:44.345483+00:00,1286741,068,1797,19,0,1790295615,,,SCHEDULED
2026-09-25T00:09:44.345483+00:00,1286741,068,1798,20,0,1790295667,,,SCHEDULED
2026-09-25T00:09:44.345483+00:00,1286741,068,1930,21,0,1790295719,,,SCHEDULED
2026-09-25T00:09:44.345483+00:00,1286741,068,1931,22,0,1790295766,,,SCHEDULED
2026-09-25T00:09:44.345483+00:00,1286741,068,1949,23,0,1790295818,,,SCHEDULED
2026-09-25T00:09:44.345483+00:00,1286741,068,1932,24,0,1790295848,,,SCHEDULED
2026-09-25T00:09:44.345483+00:00,1286741,068,1933,25,0,1790295913,,,SCHEDULED
2026-09-25T00:09:44.345483+00:00,1286741,068,1934,26,0,1790295977,,,SCHEDULED
2026-09-25T00:09:44.345483+00:00,1286741,068,1935,27,0,1790296020,,,SCHEDULED
2026-09-25T00:09:44.345483+00:00,1286741,068,2657,28,0,1790296094,,,SCHEDULED
2026-09-25T00:09:44.345483+00:00,1286741,068,2658,29,0,1790296126,,,SCHEDULED
2026-09-25T00:09:44.345483+00:00,1286741,068,2659,30,0,1790296148,,,SCHEDULED
2026-09-25T00:09:44.345483+00:00,1286741,068,2660,31,0,1790296196,,,SCHEDULED
2026-09-25T00:09:44.345483+00:00,1286741,068,2662,32,0,1790296277,,,SCHEDULED
2026-09-25T00:09:44.345483+00:00,1286741,068,2664,33,0,1790296339,,,SCHEDULED
2026-09-25T00:09:44.345483+00:00,1286741,068,2665,34,0,1790296394,,,SCHEDULED
2026-09-25T00:09:44.345483+00:00,1286741,068,2666,35,0,1790296434,,,SCHEDULED
2026-09-25T00:09:44.345483+00:00,1286741,068,2667,36,0,1790296486,,,SCHEDULED
2026-09-25T00:09:44.345483+00:00,1286741,068,2670,37,0,1790296574,,,SCHEDULED
2026-09-25T00:09:44.345483+00:00,1284047,001,3349,15,0,1790294960,,,SCHEDULED
2026-09-25T00:09:44.345483+00:00,1284047,001,3350,16,0,1790294999,,,SCHEDULED
2026-09-25T00:09:44.345483+00:00,1284047,001,3351,17,0,1790295055,,,SCHEDULED
2026-09-25T00:09:44.345483+00:00,1284047,001,3352,18,0,1790295119,,,SCHEDULED
2026-09-25T00:09:44.345483+00:00,1284047,001,3353,19,0,1790295172,,,SCHEDULED
2026-09-25T00:09:44.345483+00:00,1284047,001,3354,20,0,1790295220,,,SCHEDULED
2026-09-25T00:09:44.345483+00:00,1284047,001,3355,21,0,1790295284,,,SCHEDULED
2026-09-25T00:09:44.345483+00:00,1284047,001,3356,22,0,1790295345,,,SCHEDULED
2026-09-25T00:09:44.345483+00:00,1284047,001,3357,23,0,1790295377,,,SCHEDULED
2026-09-25T00:09:44.345483+00:00,1284047,001,563,24,0,1790295492,,,SCHEDULED
2026-09-25T00:09:44.345483+00:00,1284047,001,565,25,0,1790295562,,,SCHEDULED
2026-09-25T00:09:44.345483+00:00,1284047,001,566,26,0,1790295628,,,SCHEDULED
2026-09-25T00:09:44.345483+00:00,1284047,001,567,27,0,1790295663,,,SCHEDULED
2026-09-25T00:09:44.345483+00:00,1284047,001,568,28,0,1790295752,,,SCHEDULED
2026-09-25T00:09:44.345483+00:00,1284047,001,570,29,0,1790295813,,,SCHEDULED
2026-09-25T00:09:44.345483+00:00,1284047,001,573,30,0,1790295884,,,SCHEDULED
2026-09-25T00:09:44.345483+00:00,1284047,001,3097,31,0,1790295926,,,SCHEDULED
2026-09-25T00:09:44.345483+00:00,1284047,001,3098,32,0,1790295979,,,SCHEDULED
2026-09-25T00:09:44.345483+00:00,1287951,088,418,1,,,0,1790295540,SCHEDULED
2026-09-25T00:09:44.345483+00:00,1287951,088,4763,2,0,1790295576,,,SCHEDULED
2026-09-25T00:09:44.345483+00:00,1287951,088,113,3,0,1790295600,,,SCHEDULED
2026-09-25T00:09:44.345483+00:00,1287951,088,525,4,0,1790295639,,,SCHEDULED
2026-09-25T00:09:44.345483+00:00,1287951,088,526,5,0,1790295683,,,SCHEDULED
2026-09-25T00:09:44.345483+00:00,1287951,088,527,6,0,1790295698,,,SCHEDULED
2026-09-25T00:09:44.345483+00:00,1287951,088,528,7,0,1790295713,,,SCHEDULED
2026-09-25T00:09:44.345483+00:00,1287951,088,5252,8,0,1790295772,,,SCHEDULED
2026-09-25T00:09:44.345483+00:00,1287951,088,531,9,0,1790295787,,,SCHEDULED
2026-09-25T00:09:44.345483+00:00,1287951,088,610,10,0,1790296196,,,SCHEDULED
2026-09-25T00:09:44.345483+00:00,1287951,088,611,11,0,1790296218,,,SCHEDULED
2026-09-25T00:09:44.345483+00:00,1287951,088,612,12,0,1790296246,,,SCHEDULED
2026-09-25T00:09:44.345483+00:00,1287951,088,613,13,0,1790296275,,,SCHEDULED
2026-09-25T00:09:44.345483+00:00,1287951,088,614,14,0,1790296320,,,SCHEDULED
2026-09-25T00:09:44.345483+00:00,1287951,088,615,15,0,1790296481,,,SCHEDULED
2026-09-25T00:09:44.345483+00:00,1287951,088,616,16,0,1790296513,,,SCHEDULED
2026-09-25T00:09:44.345483+00:00,1287951,088,617,17,0,1790296552,,,SCHEDULED
2026-09-25T00:09:44.345483+00:00,1287951,088,618,18,0,1790296595,,,SCHEDULED
2026-09-25T00:09:44.345483+00:00,1287951,088,619,19,0,1790296648,,,SCHEDULED
2026-09-25T00:09:44.345483+00:00,1287951,088,620,20,0,1790296682,,,SCHEDULED
2026-09-25T00:09:44.345483+00:00,1287951,088,621,21,0,1790296732,,,SCHEDULED
2026-09-25T00:09:44.345483+00:00,1288401,176,658,1,,,0,1790296740,SCHEDULED
2026-09-25T00:09:44.345483+00:00,1285777,038,307,1,,,0,1790296140,SCHEDULED
2026-09-25T00:09:44.345483+00:00,1285777,038,1600,2,0,1790296302,,,SCHEDULED
2026-09-25T00:09:44.345483+00:00,1285777,038,3650,3,0,1790296418,,,SCHEDULED
2026-09-25T00:09:44.345483+00:00,1285777,038,3651,4,0,1790296497,,,SCHEDULED
2026-09-25T00:09:44.345483+00:00,1285777,038,3652,5,0,1790296551,,,SCHEDULED
2026-09-25T00:09:44.345483+00:00,1285777,038,3653,6,0,1790296592,,,SCHEDULED
2026-09-25T00:09:44.345483+00:00,1285777,038,3654,7,0,1790296634,,,SCHEDULED
2026-09-25T00:09:44.345483+00:00,1285777,038,3655,8,0,1790296688,,,SCHEDULED
2026-09-25T00:09:44.345483+00:00,1285930,051,321,41,0,1790294979,,,SCHEDULED
2026-09-25T00:09:44.345483+00:00,1285930,051,322,42,0,1790295046,,,SCHEDULED
2026-09-25T00:09:44.345483+00:00,1285930,051,324,43,0,1790295180,,,SCHEDULED
2026-09-25T00:09:44.345483+00:00,1285930,051,325,44,0,1790295213,,,SCHEDULED
2026-09-25T00:09:44.345483+00:00,1285930,051,327,46,0,1790295280,,,SCHEDULED
2026-09-25T00:09:44.345483+00:00,1285930,051,328,47,0,1790295309,,,SCHEDULED
2026-09-25T00:09:44.345483+00:00,1285930,051,329,48,0,1790295360,,,SCHEDULED
2026-09-25T00:09:44.345483+00:00,1285930,051,330,49,0,1790295507,,,SCHEDULED
2026-09-25T00:09:44.345483+00:00,1285930,051,331,50,0,1790295598,,,SCHEDULED
2026-09-25T00:09:44.345483+00:00,1284049,001,1184,1,,,0,1790295900,SCHEDULED
2026-09-25T00:09:44.345483+00:00,1284049,001,3301,2,0,1790295926,,,SCHEDULED
2026-09-25T00:09:44.345483+00:00,1284049,001,1187,3,0,1790295975,,,SCHEDULED
2026-09-25T00:09:44.345483+00:00,1284049,001,1188,4,0,1790296039,,,SCHEDULED
2026-09-25T00:09:44.345483+00:00,1284049,001,1189,5,0,1790296094,,,SCHEDULED
2026-09-25T00:09:44.345483+00:00,1284049,001,1190,6,0,1790296210,,,SCHEDULED
2026-09-25T00:09:44.345483+00:00,1284049,001,1191,7,0,1790296256,,,SCHEDULED
2026-09-25T00:09:44.345483+00:00,1284049,001,1192,8,0,1790296300,,,SCHEDULED
2026-09-25T00:09:44.345483+00:00,1284049,001,1193,9,0,1790296346,,,SCHEDULED
2026-09-25T00:09:44.345483+00:00,1284049,001,1195,10,0,1790296430,,,SCHEDULED
2026-09-25T00:09:44.345483+00:00,1284049,001,1196,11,0,1790296517,,,SCHEDULED
2026-09-25T00:09:44.345483+00:00,1284049,001,1197,12,0,1790296564,,,SCHEDULED
2026-09-25T00:09:44.345483+00:00,1284049,001,1198,13,0,1790296593,,,SCHEDULED
2026-09-25T00:09:44.345483+00:00,1284049,001,3348,14,0,1790296680,,,SCHEDULED
2026-09-25T00:09:44.345483+00:00,1286348,061,2307,43,0,1790294988,,,SCHEDULED
2026-09-25T00:09:44.345483+00:00,1286348,061,2308,44,0,1790295019,,,SCHEDULED
2026-09-25T00:09:44.345483+00:00,1286348,061,2309,45,0,1790295060,,,SCHEDULED
2026-09-25T00:09:44.345483+00:00,1286348,061,1999,46,0,1790295104,,,SCHEDULED
2026-09-25T00:09:44.345483+00:00,1286348,061,1998,47,0,1790295198,,,SCHEDULED
2026-09-25T00:09:44.345483+00:00,1286348,061,2001,48,0,1790295230,,,SCHEDULED
2026-09-25T00:09:44.345483+00:00,1286348,061,2002,49,0,1790295287,,,SCHEDULED
2026-09-25T00:09:44.345483+00:00,1286348,061,2003,50,0,1790295363,,,SCHEDULED
2026-09-25T00:09:44.345483+00:00,1286348,061,2004,51,0,1790295420,,,SCHEDULED
2026-09-25T00:09:44.345483+00:00,1286348,061,2005,52,0,1790295461,,,SCHEDULED
2026-09-25T00:09:44.345483+00:00,1286348,061,2006,53,0,1790295514,,,SCHEDULED
2026-09-25T00:09:44.345483+00:00,1286348,061,2007,54,0,1790295555,,,SCHEDULED
2026-09-25T00:09:44.345483+00:00,1286348,061,2008,55,0,1790295584,,,SCHEDULED
2026-09-25T00:09:44.345483+00:00,1286348,061,2010,56,0,1790295660,,,SCHEDULED
2026-09-25T00:09:44.345483+00:00,1286348,061,2011,57,0,1790295716,,,SCHEDULED
2026-09-25T00:09:44.345483+00:00,1286348,061,2012,58,0,1790295765,,,SCHEDULED
2026-09-25T00:09:44.345483+00:00,1286348,061,2013,59,0,1790295811,,,SCHEDULED
2026-09-25T00:09:44.345483+00:00,1286348,061,2014,60,0,1790295877,,,SCHEDULED
2026-09-25T00:09:44.345483+00:00,1286348,061,2015,61,0,1790295970,,,SCHEDULED
2026-09-25T00:09:44.345483+00:00,1286348,061,2016,62,0,1790296023,,,SCHEDULED
2026-09-25T00:09:44.345483+00:00,1286348,061,2020,63,0,1790296075,,,SCHEDULED
2026-09-25T00:09:44.345483+00:00,1286348,061,2021,64,0,1790296148,,,SCHEDULED
2026-09-25T00:09:44.345483+00:00,1286348,061,3130,65,0,1790296221,,,SCHEDULED
2026-09-25T00:09:44.345483+00:00,1285779,038,525,32,0,1790295026,,,SCHEDULED
2026-09-25T00:09:44.345483+00:00,1285779,038,526,33,0,1790295156,,,SCHEDULED
2026-09-25T00:09:44.345483+00:00,1285779,038,527,34,0,1790295189,,,SCHEDULED
2026-09-25T00:09:44.345483+00:00,1285779,038,528,35,0,1790295222,,,SCHEDULED
2026-09-25T00:09:44.345483+00:00,1285779,038,5252,36,0,1790295339,,,SCHEDULED
2026-09-25T00:09:44.345483+00:00,1285779,038,281,37,0,1790295445,,,SCHEDULED
2026-09-25T00:09:44.345483+00:00,1285899,051,3131,1,,,0,1790296200,SCHEDULED
2026-09-25T00:09:44.345483+00:00,1285899,051,1884,2,0,1790296280,,,SCHEDULED
2026-09-25T00:09:44.345483+00:00,1285899,051,1885,3,0,1790296368,,,SCHEDULED
2026-09-25T00:09:44.345483+00:00,1285899,051,1887,4,0,1790296458,,,SCHEDULED
2026-09-25T00:09:44.345483+00:00,1285899,051,1888,5,0,1790296494,,,SCHEDULED
2026-09-25T00:09:44.345483+00:00,1285899,051,1889,6,0,1790296568,,,SCHEDULED
2026-09-25T00:09:44.345483+00:00,1285899,051,1890,7,0,1790296620,,,SCHEDULED
2026-09-25T00:09:44.345483+00:00,1285899,051,1891,8,0,1790296672,,,SCHEDULED
2026-09-25T00:09:44.345483+00:00,1285899,051,1892,9,0,1790296740,,,SCHEDULED
2026-09-25T00:09:44.345483+00:00,1285778,038,3657,10,0,1790295004,,,SCHEDULED
2026-09-25T00:09:44.345483+00:00,1285778,038,1807,11,0,1790295079,,,SCHEDULED
2026-09-25T00:09:44.345483+00:00,1285778,038,1808,12,0,1790295142,,,SCHEDULED
2026-09-25T00:09:44.345483+00:00,1285778,038,1809,13,0,1790295183,,,SCHEDULED
2026-09-25T00:09:44.345483+00:00,1285778,038,1810,14,0,1790295245,,,SCHEDULED
2026-09-25T00:09:44.345483+00:00,1285778,038,1811,15,0,1790295300,,,SCHEDULED
2026-09-25T00:09:44.345483+00:00,1285778,038,938,16,0,1790295416,,,SCHEDULED
2026-09-25T00:09:44.345483+00:00,1285778,038,940,17,0,1790295472,,,SCHEDULED
2026-09-25T00:09:44.345483+00:00,1285778,038,941,18,0,1790295502,,,SCHEDULED
2026-09-25T00:09:44.345483+00:00,1285778,038,2633,19,0,1790295566,,,SCHEDULED
2026-09-25T00:09:44.345483+00:00,1285778,038,9812,20,0,1790295600,,,SCHEDULED
2026-09-25T00:09:44.345483+00:00,1285778,038,2629,21,0,1790295638,,,SCHEDULED
2026-09-25T00:09:44.345483+00:00,1285778,038,2634,22,0,1790295669,,,SCHEDULED
2026-09-25T00:09:44.345483+00:00,1285778,038,2635,23,0,1790295720,,,SCHEDULED
2026-09-25T00:09:44.345483+00:00,1285778,038,1707,24,0,1790295840,,,SCHEDULED
2026-09-25T00:09:44.345483+00:00,1285778,038,1708,25,0,1790295880,,,SCHEDULED
2026-09-25T00:09:44.345483+00:00,1285778,038,1709,26,0,1790295929,,,SCHEDULED
2026-09-25T00:09:44.345483+00:00,1285778,038,1710,27,0,1790295990,,,SCHEDULED
2026-09-25T00:09:44.345483+00:00,1285778,038,1711,28,0,1790296043,,,SCHEDULED
2026-09-25T00:09:44.345483+00:00,1285778,038,519,29,0,1790296072,,,SCHEDULED
2026-09-25T00:09:44.345483+00:00,1285778,038,521,30,0,1790296125,,,SCHEDULED
2026-09-25T00:09:44.345483+00:00,1285778,038,522,31,0,1790296198,,,SCHEDULED
2026-09-25T00:09:44.345483+00:00,1285778,038,525,32,0,1790296304,,,SCHEDULED
2026-09-25T00:09:44.345483+00:00,1285778,038,526,33,0,1790296434,,,SCHEDULED
2026-09-25T00:09:44.345483+00:00,1285778,038,527,34,0,1790296467,,,SCHEDULED
2026-09-25T00:09:44.345483+00:00,1285778,038,528,35,0,1790296500,,,SCHEDULED
2026-09-25T00:09:44.345483+00:00,1285778,038,5252,36,0,1790296617,,,SCHEDULED
2026-09-25T00:09:44.345483+00:00,1285778,038,281,37,0,1790296723,,,SCHEDULED
2026-09-25T00:09:44.345483+00:00,1285419,026,3052,1,,,0,1790296440,SCHEDULED
2026-09-25T00:09:44.345483+00:00,1285419,026,3054,2,0,1790296509,,,SCHEDULED
2026-09-25T00:09:44.345483+00:00,1285419,026,3055,3,0,1790296565,,,SCHEDULED
2026-09-25T00:09:44.345483+00:00,1285419,026,3056,4,0,1790296614,,,SCHEDULED
2026-09-25T00:09:44.345483+00:00,1285419,026,3057,5,0,1790296646,,,SCHEDULED
2026-09-25T00:09:44.345483+00:00,1285419,026,3058,6,0,1790296697,,,SCHEDULED
2026-09-25T00:09:44.345483+00:00,1288409,176,996,2,0,1790295012,,,SCHEDULED
2026-09-25T00:09:44.345483+00:00,1288409,176,659,3,0,1790295180,,,SCHEDULED
2026-09-25T00:09:44.345483+00:00,1288409,176,663,4,0,1790295780,,,SCHEDULED
2026-09-25T00:09:44.345483+00:00,1288409,176,8005,5,0,1790295925,,,SCHEDULED
2026-09-25T00:09:44.345483+00:00,1288409,176,837,6,0,1790296006,,,SCHEDULED
2026-09-25T00:09:44.345483+00:00,1285807,038,282,1,,,,,NO_DATA
2026-09-25T00:09:44.345483+00:00,1285928,051,3131,1,,,0,1790294989,SCHEDULED
2026-09-25T00:09:44.345483+00:00,1285928,051,1884,2,0,1790295069,,,SCHEDULED
2026-09-25T00:09:44.345483+00:00,1285928,051,1885,3,0,1790295157,,,SCHEDULED
2026-09-25T00:09:44.345483+00:00,1285928,051,1887,4,0,1790295247,,,SCHEDULED
2026-09-25T00:09:44.345483+00:00,1285928,051,1888,5,0,1790295283,,,SCHEDULED
2026-09-25T00:09:44.345483+00:00,1285928,051,1889,6,0,1790295357,,,SCHEDULED
2026-09-25T00:09:44.345483+00:00,1285928,051,1890,7,0,1790295409,,,SCHEDULED
2026-09-25T00:09:44.345483+00:00,1285928,051,1891,8,0,1790295461,,,SCHEDULED
2026-09-25T00:09:44.345483+00:00,1285928,051,1892,9,0,1790295529,,,SCHEDULED
2026-09-25T00:09:44.345483+00:00,1285928,051,1893,10,0,1790295567,,,SCHEDULED
2026-09-25T00:09:44.345483+00:00,1285928,051,1894,11,0,1790295620,,,SCHEDULED
2026-09-25T00:09:44.345483+00:00,1285928,051,1895,12,0,1790295677,,,SCHEDULED
2026-09-25T00:09:44.345483+00:00,1285928,051,1896,13,0,1790295712,,,SCHEDULED
2026-09-25T00:09:44.345483+00:00,1285928,051,1898,14,0,1790295786,,,SCHEDULED
2026-09-25T00:09:44.345483+00:00,1285928,051,1899,15,0,1790295836,,,SCHEDULED
2026-09-25T00:09:44.345483+00:00,1285928,051,1901,16,0,1790295885,,,SCHEDULED
2026-09-25T00:09:44.345483+00:00,1285928,051,1902,17,0,1790295927,,,SCHEDULED
2026-09-25T00:09:44.345483+00:00,1285928,051,1904,18,0,1790296009,,,SCHEDULED
2026-09-25T00:09:44.345483+00:00,1285928,051,1905,19,0,1790296058,,,SCHEDULED
2026-09-25T00:09:44.345483+00:00,1285928,051,1906,20,0,1790296113,,,SCHEDULED
2026-09-25T00:09:44.345483+00:00,1285928,051,1907,21,0,1790296167,,,SCHEDULED
2026-09-25T00:09:44.345483+00:00,1285928,051,1908,22,0,1790296207,,,SCHEDULED
2026-09-25T00:09:44.345483+00:00,1285928,051,1911,23,0,1790296311,,,SCHEDULED
2026-09-25T00:09:44.345483+00:00,1285928,051,1913,24,0,1790296420,,,SCHEDULED
2026-09-25T00:09:44.345483+00:00,1285928,051,1914,25,0,1790296484,,,SCHEDULED
2026-09-25T00:09:44.345483+00:00,1285928,051,1915,26,0,1790296549,,,SCHEDULED
2026-09-25T00:09:44.345483+00:00,1285928,051,1916,27,0,1790296602,,,SCHEDULED
2026-09-25T00:09:44.345483+00:00,1285928,051,1917,28,0,1790296652,,,SCHEDULED
2026-09-25T00:09:44.345483+00:00,1285928,051,1918,29,0,1790296714,,,SCHEDULED
2026-09-25T00:09:44.345483+00:00,1285928,051,1919,30,0,1790296760,,,SCHEDULED
2026-09-25T00:09:44.345483+00:00,1285809,038,3723,28,0,1790295005,,,SCHEDULED
2026-09-25T00:09:44.345483+00:00,1285809,038,3724,29,0,1790295070,,,SCHEDULED
2026-09-25T00:09:44.345483+00:00,1285809,038,3725,30,0,1790295102,,,SCHEDULED
2026-09-25T00:09:44.345483+00:00,1285809,038,901,31,0,1790295149,,,SCHEDULED
2026-09-25T00:09:44.345483+00:00,1285809,038,902,32,0,1790295195,,,SCHEDULED
2026-09-25T00:09:44.345483+00:00,1285809,038,903,33,0,1790295253,,,SCHEDULED
2026-09-25T00:09:44.345483+00:00,1285809,038,905,34,0,1790295368,,,SCHEDULED
2026-09-25T00:09:44.345483+00:00,1285809,038,3143,35,0,1790295414,,,SCHEDULED
2026-09-25T00:09:44.345483+00:00,1285809,038,3144,36,0,1790295450,,,SCHEDULED
2026-09-25T00:09:44.345483+00:00,1285929,051,1914,25,0,1790294852,,,SCHEDULED
2026-09-25T00:09:44.345483+00:00,1285929,051,1915,26,0,1790294978,,,SCHEDULED
2026-09-25T00:09:44.345483+00:00,1285929,051,1916,27,0,1790295031,,,SCHEDULED
2026-09-25T00:09:44.345483+00:00,1285929,051,1917,28,0,1790295081,,,SCHEDULED
2026-09-25T00:09:44.345483+00:00,1285929,051,1918,29,0,1790295143,,,SCHEDULED
2026-09-25T00:09:44.345483+00:00,1285929,051,1919,30,0,1790295189,,,SCHEDULED
2026-09-25T00:09:44.345483+00:00,1285929,051,1920,31,0,1790295212,,,SCHEDULED
2026-09-25T00:09:44.345483+00:00,1285929,051,1921,32,0,1790295242,,,SCHEDULED
2026-09-25T00:09:44.345483+00:00,1285929,051,1922,33,0,1790295281,,,SCHEDULED
2026-09-25T00:09:44.345483+00:00,1285929,051,1923,34,0,1790295308,,,SCHEDULED
2026-09-25T00:09:44.345483+00:00,1285929,051,1924,35,0,1790295358,,,SCHEDULED
2026-09-25T00:09:44.345483+00:00,1285929,051,1925,36,0,1790295408,,,SCHEDULED
2026-09-25T00:09:44.345483+00:00,1285929,051,1926,37,0,1790295458,,,SCHEDULED
2026-09-25T00:09:44.345483+00:00,1285929,051,1940,38,0,1790295491,,,SCHEDULED
2026-09-25T00:09:44.345483+00:00,1285929,051,320,39,0,1790295545,,,SCHEDULED
2026-09-25T00:09:44.345483+00:00,1285929,051,1209,40,0,1790295579,,,SCHEDULED
2026-09-25T00:09:44.345483+00:00,1285929,051,321,41,0,1790295617,,,SCHEDULED
2026-09-25T00:09:44.345483+00:00,1285929,051,322,42,0,1790295684,,,SCHEDULED
2026-09-25T00:09:44.345483+00:00,1285929,051,324,43,0,1790295818,,,SCHEDULED
2026-09-25T00:09:44.345483+00:00,1285929,051,325,44,0,1790295851,,,SCHEDULED
2026-09-25T00:09:44.345483+00:00,1285929,051,327,46,0,1790295918,,,SCHEDULED
2026-09-25T00:09:44.345483+00:00,1285929,051,328,47,0,1790295947,,,SCHEDULED
2026-09-25T00:09:44.345483+00:00,1285929,051,329,48,0,1790295998,,,SCHEDULED
2026-09-25T00:09:44.345483+00:00,1285929,051,330,49,0,1790296145,,,SCHEDULED
2026-09-25T00:09:44.345483+00:00,1285929,051,331,50,0,1790296236,,,SCHEDULED
2026-09-25T00:09:44.345483+00:00,1285808,038,1720,10,0,1790295034,,,SCHEDULED
2026-09-25T00:09:44.345483+00:00,1285808,038,1721,11,0,1790295191,,,SCHEDULED
2026-09-25T00:09:44.345483+00:00,1285808,038,1722,12,0,1790295269,,,SCHEDULED
2026-09-25T00:09:44.345483+00:00,1285808,038,1723,13,0,1790295299,,,SCHEDULED
2026-09-25T00:09:44.345483+00:00,1285808,038,2651,14,0,1790295377,,,SCHEDULED
2026-09-25T00:09:44.345483+00:00,1285808,038,2653,15,0,1790295479,,,SCHEDULED
2026-09-25T00:09:44.345483+00:00,1285808,038,2654,16,0,1790295543,,,SCHEDULED
2026-09-25T00:09:44.345483+00:00,1285808,038,9811,17,0,1790295599,,,SCHEDULED
2026-09-25T00:09:44.345483+00:00,1285808,038,880,18,0,1790295666,,,SCHEDULED
2026-09-25T00:09:44.345483+00:00,1285808,038,881,19,0,1790295693,,,SCHEDULED
2026-09-25T00:09:44.345483+00:00,1285808,038,883,20,0,1790295767,,,SCHEDULED
2026-09-25T00:09:44.345483+00:00,1285808,038,884,21,0,1790295810,,,SCHEDULED
2026-09-25T00:09:44.345483+00:00,1285808,038,3717,22,0,1790295905,,,SCHEDULED
2026-09-25T00:09:44.345483+00:00,1285808,038,3718,23,0,1790295938,,,SCHEDULED
2026-09-25T00:09:44.345483+00:00,1285808,038,3719,24,0,1790295959,,,SCHEDULED
2026-09-25T00:09:44.345483+00:00,1285808,038,3720,25,0,1790296034,,,SCHEDULED
2026-09-25T00:09:44.345483+00:00,1285808,038,3721,26,0,1790296063,,,SCHEDULED
2026-09-25T00:09:44.345483+00:00,1285808,038,3722,27,0,1790296127,,,SCHEDULED
2026-09-25T00:09:44.345483+00:00,1285808,038,3723,28,0,1790296163,,,SCHEDULED
2026-09-25T00:09:44.345483+00:00,1285808,038,3724,29,0,1790296228,,,SCHEDULED
2026-09-25T00:09:44.345483+00:00,1285808,038,3725,30,0,1790296260,,,SCHEDULED
2026-09-25T00:09:44.345483+00:00,1285808,038,901,31,0,1790296307,,,SCHEDULED
2026-09-25T00:09:44.345483+00:00,1285808,038,902,32,0,1790296353,,,SCHEDULED
2026-09-25T00:09:44.345483+00:00,1285808,038,903,33,0,1790296411,,,SCHEDULED
2026-09-25T00:09:44.345483+00:00,1285808,038,905,34,0,1790296526,,,SCHEDULED
2026-09-25T00:09:44.345483+00:00,1285808,038,3143,35,0,1790296572,,,SCHEDULED
2026-09-25T00:09:44.345483+00:00,1285808,038,3144,36,0,1790296608,,,SCHEDULED
2026-09-25T00:09:44.345483+00:00,1288081,093,9800,1,,,0,1790295555,SCHEDULED
2026-09-25T00:09:44.345483+00:00,1288081,093,3099,2,0,1790295660,,,SCHEDULED
2026-09-25T00:09:44.345483+00:00,1288081,093,3100,3,0,1790295709,,,SCHEDULED
2026-09-25T00:09:44.345483+00:00,1288081,093,3101,4,0,1790295748,,,SCHEDULED
2026-09-25T00:09:44.345483+00:00,1288081,093,3102,5,0,1790295781,,,SCHEDULED
2026-09-25T00:09:44.345483+00:00,1288081,093,3103,6,0,1790295876,,,SCHEDULED
2026-09-25T00:09:44.345483+00:00,1288081,093,3503,7,0,1790295919,,,SCHEDULED
2026-09-25T00:09:44.345483+00:00,1288081,093,3504,8,0,1790296073,,,SCHEDULED
2026-09-25T00:09:44.345483+00:00,1288081,093,3505,9,0,1790296152,,,SCHEDULED
2026-09-25T00:09:44.345483+00:00,1288081,093,3520,10,0,1790296215,,,SCHEDULED
2026-09-25T00:09:44.345483+00:00,1288081,093,3521,11,0,1790296238,,,SCHEDULED
2026-09-25T00:09:44.345483+00:00,1288081,093,3522,12,0,1790296265,,,SCHEDULED
2026-09-25T00:09:44.345483+00:00,1288081,093,3523,13,0,1790296287,,,SCHEDULED
2026-09-25T00:09:44.345483+00:00,1288081,093,3524,14,0,1790296316,,,SCHEDULED
2026-09-25T00:09:44.345483+00:00,1288081,093,3526,15,0,1790296384,,,SCHEDULED
2026-09-25T00:09:44.345483+00:00,1288081,093,3527,16,0,1790296427,,,SCHEDULED
2026-09-25T00:09:44.345483+00:00,1288081,093,3530,17,0,1790296546,,,SCHEDULED
2026-09-25T00:09:44.345483+00:00,1288081,093,3531,18,0,1790296586,,,SCHEDULED
2026-09-25T00:09:44.345483+00:00,1288081,093,3532,19,0,1790296610,,,SCHEDULED
2026-09-25T00:09:44.345483+00:00,1288081,093,3533,20,0,1790296656,,,SCHEDULED
2026-09-25T00:09:44.345483+00:00,1288081,093,5346,21,0,1790296695,,,SCHEDULED
2026-09-25T00:09:44.345483+00:00,1288081,093,3534,22,0,1790296713,,,SCHEDULED
2026-09-25T00:09:44.345483+00:00,1288081,093,3535,23,0,1790296745,,,SCHEDULED
2026-09-25T00:09:44.345483+00:00,1288082,093,3537,25,0,1790294994,,,SCHEDULED
2026-09-25T00:09:44.345483+00:00,1288082,093,9933,26,0,1790295180,,,SCHEDULED
2026-09-25T00:09:44.345483+00:00,1288082,093,669,27,0,1790295277,,,SCHEDULED
2026-09-25T00:09:44.345483+00:00,1288082,093,4742,28,0,1790295336,,,SCHEDULED
2026-09-25T00:09:44.345483+00:00,1288082,093,4745,29,0,1790295412,,,SCHEDULED
2026-09-25T00:09:44.345483+00:00,1288082,093,4618,30,0,1790295514,,,SCHEDULED
2026-09-25T00:09:44.345483+00:00,1288082,093,4619,31,0,1790295590,,,SCHEDULED
2026-09-25T00:09:44.345483+00:00,1288082,093,3381,32,0,1790295705,,,SCHEDULED
2026-09-25T00:09:44.345483+00:00,1288082,093,3382,33,0,1790295744,,,SCHEDULED
2026-09-25T00:09:44.345483+00:00,1288082,093,3383,34,0,1790295823,,,SCHEDULED
2026-09-25T00:09:44.345483+00:00,1288082,093,3389,35,0,1790295901,,,SCHEDULED
2026-09-25T00:09:44.345483+00:00,1287790,087,3893,4,0,1790295223,,,SCHEDULED
2026-09-25T00:09:44.345483+00:00,1287790,087,3894,5,0,1790295332,,,SCHEDULED
2026-09-25T00:09:44.345483+00:00,1287790,087,3895,6,0,1790295392,,,SCHEDULED
2026-09-25T00:09:44.345483+00:00,1287790,087,3896,7,0,1790295465,,,SCHEDULED
2026-09-25T00:09:44.345483+00:00,1287790,087,3897,8,0,1790295522,,,SCHEDULED
2026-09-25T00:09:44.345483+00:00,1287790,087,3898,9,0,1790295609,,,SCHEDULED
2026-09-25T00:09:44.345483+00:00,1287790,087,3899,10,0,1790295662,,,SCHEDULED
2026-09-25T00:09:44.345483+00:00,1287790,087,3900,11,0,1790295747,,,SCHEDULED
2026-09-25T00:09:44.345483+00:00,1287790,087,3901,12,0,1790295829,,,SCHEDULED
2026-09-25T00:09:44.345483+00:00,1287790,087,3902,13,0,1790295881,,,SCHEDULED
2026-09-25T00:09:44.345483+00:00,1287790,087,3903,14,0,1790296028,,,SCHEDULED
2026-09-25T00:09:44.345483+00:00,1287790,087,3904,15,0,1790296084,,,SCHEDULED
2026-09-25T00:09:44.345483+00:00,1287790,087,3905,16,0,1790296179,,,SCHEDULED
2026-09-25T00:09:44.345483+00:00,1287790,087,1254,17,0,1790296270,,,SCHEDULED
2026-09-25T00:09:44.345483+00:00,1287790,087,1262,18,0,1790296370,,,SCHEDULED
2026-09-25T00:09:44.345483+00:00,1286580,067,2620,38,0,1790294993,,,SCHEDULED
2026-09-25T00:09:44.345483+00:00,1286580,067,2621,39,0,1790295023,,,SCHEDULED
2026-09-25T00:09:44.345483+00:00,1286580,067,2622,40,0,1790295053,,,SCHEDULED
2026-09-25T00:09:44.345483+00:00,1286580,067,2623,41,0,1790295106,,,SCHEDULED
2026-09-25T00:09:44.345483+00:00,1286580,067,2624,42,0,1790295159,,,SCHEDULED
2026-09-25T00:09:44.345483+00:00,1286580,067,2625,43,0,1790295179,,,SCHEDULED
2026-09-25T00:09:44.345483+00:00,1286580,067,2626,44,0,1790295216,,,SCHEDULED
2026-09-25T00:09:44.345483+00:00,1286580,067,2627,45,0,1790295296,,,SCHEDULED
2026-09-25T00:09:44.345483+00:00,1286580,067,2628,46,0,1790295339,,,SCHEDULED
2026-09-25T00:09:44.345483+00:00,1286580,067,2630,47,0,1790295413,,,SCHEDULED
2026-09-25T00:09:44.345483+00:00,1286580,067,2631,48,0,1790295485,,,SCHEDULED
2026-09-25T00:09:44.345483+00:00,1286580,067,2632,49,0,1790295533,,,SCHEDULED
2026-09-25T00:09:44.345483+00:00,1286580,067,2633,50,0,1790295659,,,SCHEDULED
2026-09-25T00:09:44.345483+00:00,1286580,067,9812,51,0,1790295713,,,SCHEDULED
2026-09-25T00:09:44.345483+00:00,1286580,067,2629,52,0,1790295751,,,SCHEDULED
2026-09-25T00:09:44.345483+00:00,1286580,067,2634,53,0,1790295782,,,SCHEDULED
2026-09-25T00:09:44.345483+00:00,1286580,067,2635,54,0,1790295833,,,SCHEDULED
2026-09-25T00:09:44.345483+00:00,1286580,067,2636,55,0,1790295847,,,SCHEDULED
2026-09-25T00:09:44.345483+00:00,1286580,067,2637,56,0,1790295862,,,SCHEDULED
2026-09-25T00:09:44.345483+00:00,1286580,067,2638,57,0,1790295897,,,SCHEDULED
2026-09-25T00:09:44.345483+00:00,1286580,067,2639,58,0,1790295954,,,SCHEDULED
2026-09-25T00:09:44.345483+00:00,1286580,067,1086,59,0,1790296166,,,SCHEDULED
2026-09-25T00:09:44.345483+00:00,1286580,067,1088,60,0,1790296222,,,SCHEDULED
2026-09-25T00:09:44.345483+00:00,1286580,067,1087,61,0,1790296258,,,SCHEDULED
2026-09-25T00:09:44.345483+00:00,1286580,067,2642,62,0,1790296290,,,SCHEDULED
2026-09-25T00:09:44.345483+00:00,1287791,087,1262,18,0,1790295022,,,SCHEDULED
2026-09-25T00:09:44.345483+00:00,1286581,067,3224,13,0,1790294885,,,SCHEDULED
2026-09-25T00:09:44.345483+00:00,1286581,067,3225,14,0,1790294932,,,SCHEDULED
2026-09-25T00:09:44.345483+00:00,1286581,067,2062,15,0,1790295085,,,SCHEDULED
2026-09-25T00:09:44.345483+00:00,1286581,067,2063,16,0,1790295123,,,SCHEDULED
2026-09-25T00:09:44.345483+00:00,1286581,067,6508,17,0,1790295156,,,SCHEDULED
2026-09-25T00:09:44.345483+00:00,1286581,067,2174,18,0,1790295288,,,SCHEDULED
2026-09-25T00:09:44.345483+00:00,1286581,067,2160,19,0,1790295346,,,SCHEDULED
2026-09-25T00:09:44.345483+00:00,1286581,067,2597,20,0,1790295391,,,SCHEDULED
2026-09-25T00:09:44.345483+00:00,1286581,067,2598,21,0,1790295422,,,SCHEDULED
2026-09-25T00:09:44.345483+00:00,1286581,067,2599,22,0,1790295460,,,SCHEDULED
2026-09-25T00:09:44.345483+00:00,1286581,067,2600,23,0,1790295524,,,SCHEDULED
2026-09-25T00:09:44.345483+00:00,1286581,067,2601,24,0,1790295587,,,SCHEDULED
2026-09-25T00:09:44.345483+00:00,1286581,067,2602,25,0,1790295641,,,SCHEDULED
2026-09-25T00:09:44.345483+00:00,1286581,067,2603,26,0,1790295698,,,SCHEDULED
2026-09-25T00:09:44.345483+00:00,1286581,067,2604,27,0,1790295740,,,SCHEDULED
2026-09-25T00:09:44.345483+00:00,1286581,067,2605,28,0,1790295794,,,SCHEDULED
2026-09-25T00:09:44.345483+00:00,1286581,067,2606,29,0,1790295940,,,SCHEDULED
2026-09-25T00:09:44.345483+00:00,1286581,067,2607,30,0,1790295991,,,SCHEDULED
2026-09-25T00:09:44.345483+00:00,1286581,067,2608,31,0,1790296048,,,SCHEDULED
2026-09-25T00:09:44.345483+00:00,1286581,067,2609,32,0,1790296123,,,SCHEDULED
2026-09-25T00:09:44.345483+00:00,1286581,067,2613,33,0,1790296155,,,SCHEDULED
2026-09-25T00:09:44.345483+00:00,1286581,067,2614,34,0,1790296206,,,SCHEDULED
2026-09-25T00:09:44.345483+00:00,1286581,067,2615,35,0,1790296258,,,SCHEDULED
2026-09-25T00:09:44.345483+00:00,1286581,067,601,36,0,1790296297,,,SCHEDULED
2026-09-25T00:09:44.345483+00:00,1286581,067,2617,37,0,1790296355,,,SCHEDULED
2026-09-25T00:09:44.345483+00:00,1286581,067,2620,38,0,1790296471,,,SCHEDULED
2026-09-25T00:09:44.345483+00:00,1286581,067,2621,39,0,1790296501,,,SCHEDULED
2026-09-25T00:09:44.345483+00:00,1286581,067,2622,40,0,1790296531,,,SCHEDULED
2026-09-25T00:09:44.345483+00:00,1286581,067,2623,41,0,1790296584,,,SCHEDULED
2026-09-25T00:09:44.345483+00:00,1286581,067,2624,42,0,1790296637,,,SCHEDULED
2026-09-25T00:09:44.345483+00:00,1287670,086,3256,35,0,1790295011,,,SCHEDULED
2026-09-25T00:09:44.345483+00:00,1287670,086,3257,36,0,1790295064,,,SCHEDULED
2026-09-25T00:09:44.345483+00:00,1287670,086,3259,37,0,1790295138,,,SCHEDULED
2026-09-25T00:09:44.345483+00:00,1287670,086,413,38,0,1790295700,,,SCHEDULED
2026-09-25T00:09:44.345483+00:00,1287670,086,414,39,0,1790295726,,,SCHEDULED
2026-09-25T00:09:44.345483+00:00,1287670,086,415,40,0,1790295761,,,SCHEDULED
2026-09-25T00:09:44.345483+00:00,1287670,086,416,41,0,1790295787,,,SCHEDULED
2026-09-25T00:09:44.345483+00:00,1286991,075,4061,1,,,0,1790296229,SCHEDULED
2026-09-25T00:09:44.345483+00:00,1286991,075,1426,2,0,1790296303,,,SCHEDULED
2026-09-25T00:09:44.345483+00:00,1286991,075,1429,3,0,1790296370,,,SCHEDULED
2026-09-25T00:09:44.345483+00:00,1286991,075,1430,4,0,1790296407,,,SCHEDULED
2026-09-25T00:09:44.345483+00:00,1286991,075,3845,5,0,1790296492,,,SCHEDULED
2026-09-25T00:09:44.345483+00:00,1286991,075,3846,6,0,1790296544,,,SCHEDULED
2026-09-25T00:09:44.345483+00:00,1286991,075,3847,7,0,1790296586,,,SCHEDULED
2026-09-25T00:09:44.345483+00:00,1286991,075,1431,8,0,1790296619,,,SCHEDULED
2026-09-25T00:09:44.345483+00:00,1286991,075,1419,9,0,1790296690,,,SCHEDULED
2026-09-25T00:09:44.345483+00:00,1286991,075,9922,10,0,1790296767,,,SCHEDULED
2026-09-25T00:09:44.345483+00:00,1285142,023,1382,48,0,1790295007,,,SCHEDULED
2026-09-25T00:09:44.345483+00:00,1285142,023,1383,49,0,1790295048,,,SCHEDULED
2026-09-25T00:09:44.345483+00:00,1285142,023,1384,50,0,1790295139,,,SCHEDULED
2026-09-25T00:09:44.345483+00:00,1285142,023,1385,51,0,1790295167,,,SCHEDULED
2026-09-25T00:09:44.345483+00:00,1285142,023,1386,52,0,1790295240,,,SCHEDULED
2026-09-25T00:09:44.345483+00:00,1285142,023,1387,53,0,1790295297,,,SCHEDULED
2026-09-25T00:09:44.345483+00:00,1285142,023,1388,54,0,1790295364,,,SCHEDULED
2026-09-25T00:09:44.345483+00:00,1285142,023,1389,55,0,1790295435,,,SCHEDULED
2026-09-25T00:09:44.345483+00:00,1285142,023,1390,56,0,1790295499,,,SCHEDULED
2026-09-25T00:09:44.345483+00:00,1285142,023,1391,57,0,1790295539,,,SCHEDULED
2026-09-25T00:09:44.345483+00:00,1285142,023,1392,58,0,1790295596,,,SCHEDULED
2026-09-25T00:09:44.345483+00:00,1285142,023,1393,59,0,1790295633,,,SCHEDULED
2026-09-25T00:09:44.345483+00:00,1285142,023,1394,60,0,1790295667,,,SCHEDULED
2026-09-25T00:09:44.345483+00:00,1285142,023,1395,61,0,1790295724,,,SCHEDULED
2026-09-25T00:09:44.345483+00:00,1285142,023,1163,62,0,1790295809,,,SCHEDULED
2026-09-25T00:09:44.345483+00:00,1285142,023,1164,63,0,1790295900,,,SCHEDULED
2026-09-25T00:09:44.345483+00:00,1285142,023,1165,64,0,1790296085,,,SCHEDULED
2026-09-25T00:09:44.345483+00:00,1285142,023,1166,65,0,1790296197,,,SCHEDULED
2026-09-25T00:09:44.345483+00:00,1285142,023,1167,66,0,1790296232,,,SCHEDULED
2026-09-25T00:09:44.345483+00:00,1285142,023,1168,67,0,1790296270,,,SCHEDULED
2026-09-25T00:09:44.345483+00:00,1285142,023,284,68,0,1790296385,,,SCHEDULED
2026-09-25T00:09:44.345483+00:00,1285141,023,1184,1,,,0,1790294973,SCHEDULED
2026-09-25T00:09:44.345483+00:00,1285141,023,3301,2,0,1790294999,,,SCHEDULED
2026-09-25T00:09:44.345483+00:00,1285141,023,1187,3,0,1790295048,,,SCHEDULED
2026-09-25T00:09:44.345483+00:00,1285141,023,1188,4,0,1790295112,,,SCHEDULED
2026-09-25T00:09:44.345483+00:00,1285141,023,1189,5,0,1790295167,,,SCHEDULED
2026-09-25T00:09:44.345483+00:00,1285141,023,1190,6,0,1790295282,,,SCHEDULED
2026-09-25T00:09:44.345483+00:00,1285141,023,1337,7,0,1790295393,,,SCHEDULED
2026-09-25T00:09:44.345483+00:00,1285141,023,1338,8,0,1790295423,,,SCHEDULED
2026-09-25T00:09:44.345483+00:00,1285141,023,1339,9,0,1790295485,,,SCHEDULED
2026-09-25T00:09:44.345483+00:00,1285141,023,1340,10,0,1790295510,,,SCHEDULED
2026-09-25T00:09:44.345483+00:00,1285141,023,1341,11,0,1790295559,,,SCHEDULED
2026-09-25T00:09:44.345483+00:00,1285141,023,1342,12,0,1790295590,,,SCHEDULED
2026-09-25T00:09:44.345483+00:00,1285141,023,1343,13,0,1790295629,,,SCHEDULED
2026-09-25T00:09:44.345483+00:00,1285141,023,1344,14,0,1790295666,,,SCHEDULED
2026-09-25T00:09:44.345483+00:00,1285141,023,1346,15,0,1790295706,,,SCHEDULED
2026-09-25T00:09:44.345483+00:00,1285141,023,5362,16,0,1790295769,,,SCHEDULED
2026-09-25T00:09:44.345483+00:00,1285141,023,5361,17,0,1790295831,,,SCHEDULED
2026-09-25T00:09:44.345483+00:00,1285141,023,1348,18,0,1790295873,,,SCHEDULED
2026-09-25T00:09:44.345483+00:00,1285141,023,1349,19,0,1790295897,,,SCHEDULED
2026-09-25T00:09:44.345483+00:00,1285141,023,1350,20,0,1790295960,,,SCHEDULED
2026-09-25T00:09:44.345483+00:00,1285141,023,1351,21,0,1790296039,,,SCHEDULED
2026-09-25T00:09:44.345483+00:00,1285141,023,1353,22,0,1790296105,,,SCHEDULED
2026-09-25T00:09:44.345483+00:00,1285141,023,1354,23,0,1790296167,,,SCHEDULED
2026-09-25T00:09:44.345483+00:00,1285141,023,1355,24,0,1790296221,,,SCHEDULED
2026-09-25T00:09:44.345483+00:00,1285141,023,1356,25,0,1790296257,,,SCHEDULED
2026-09-25T00:09:44.345483+00:00,1285141,023,1357,26,0,1790296339,,,SCHEDULED
2026-09-25T00:09:44.345483+00:00,1285141,023,1358,27,0,1790296366,,,SCHEDULED
2026-09-25T00:09:44.345483+00:00,1285141,023,1359,28,0,1790296397,,,SCHEDULED
2026-09-25T00:09:44.345483+00:00,1285141,023,1360,29,0,1790296455,,,SCHEDULED
2026-09-25T00:09:44.345483+00:00,1285141,023,1361,30,0,1790296496,,,SCHEDULED
2026-09-25T00:09:44.345483+00:00,1285141,023,1363,31,0,1790296533,,,SCHEDULED
2026-09-25T00:09:44.345483+00:00,1285141,023,1139,32,0,1790296577,,,SCHEDULED
2026-09-25T00:09:44.345483+00:00,1285141,023,1365,33,0,1790296613,,,SCHEDULED
2026-09-25T00:09:44.345483+00:00,1285141,023,1366,34,0,1790296640,,,SCHEDULED
2026-09-25T00:09:44.345483+00:00,1285141,023,1367,35,0,1790296679,,,SCHEDULED
2026-09-25T00:09:44.345483+00:00,1285141,023,1368,36,0,1790296705,,,SCHEDULED
2026-09-25T00:09:44.345483+00:00,1285141,023,1369,37,0,1790296757,,,SCHEDULED
2026-09-25T00:09:44.345483+00:00,1286992,075,3802,14,0,1790295019,,,SCHEDULED
2026-09-25T00:09:44.345483+00:00,1286992,075,3852,15,0,1790295050,,,SCHEDULED
2026-09-25T00:09:44.345483+00:00,1285144,023,1165,64,0,1790294973,,,SCHEDULED
2026-09-25T00:09:44.345483+00:00,1285144,023,1166,65,0,1790295041,,,SCHEDULED
2026-09-25T00:09:44.345483+00:00,1285144,023,1167,66,0,1790295076,,,SCHEDULED
2026-09-25T00:09:44.345483+00:00,1285144,023,1168,67,0,1790295114,,,SCHEDULED
2026-09-25T00:09:44.345483+00:00,1285144,023,284,68,0,1790295229,,,SCHEDULED
2026-09-25T00:09:44.345483+00:00,1285143,023,1348,18,0,1790294986,,,SCHEDULED
2026-09-25T00:09:44.345483+00:00,1285143,023,1349,19,0,1790295012,,,SCHEDULED
2026-09-25T00:09:44.345483+00:00,1285143,023,1350,20,0,1790295080,,,SCHEDULED
2026-09-25T00:09:44.345483+00:00,1285143,023,1351,21,0,1790295167,,,SCHEDULED
2026-09-25T00:09:44.345483+00:00,1285143,023,1353,22,0,1790295239,,,SCHEDULED
2026-09-25T00:09:44.345483+00:00,1285143,023,1354,23,0,1790295307,,,SCHEDULED
2026-09-25T00:09:44.345483+00:00,1285143,023,1355,24,0,1790295365,,,SCHEDULED
2026-09-25T00:09:44.345483+00:00,1285143,023,1356,25,0,1790295405,,,SCHEDULED
2026-09-25T00:09:44.345483+00:00,1285143,023,1357,26,0,1790295495,,,SCHEDULED
2026-09-25T00:09:44.345483+00:00,1285143,023,1358,27,0,1790295524,,,SCHEDULED
2026-09-25T00:09:44.345483+00:00,1285143,023,1359,28,0,1790295558,,,SCHEDULED
2026-09-25T00:09:44.345483+00:00,1285143,023,1360,29,0,1790295621,,,SCHEDULED
2026-09-25T00:09:44.345483+00:00,1285143,023,1361,30,0,1790295666,,,SCHEDULED
2026-09-25T00:09:44.345483+00:00,1285143,023,1363,31,0,1790295706,,,SCHEDULED
2026-09-25T00:09:44.345483+00:00,1285143,023,1139,32,0,1790295760,,,SCHEDULED
2026-09-25T00:09:44.345483+00:00,1285143,023,1365,33,0,1790295804,,,SCHEDULED
2026-09-25T00:09:44.345483+00:00,1285143,023,1366,34,0,1790295837,,,SCHEDULED
2026-09-25T00:09:44.345483+00:00,1285143,023,1367,35,0,1790295884,,,SCHEDULED
2026-09-25T00:09:44.345483+00:00,1285143,023,1368,36,0,1790295917,,,SCHEDULED
2026-09-25T00:09:44.345483+00:00,1285143,023,1369,37,0,1790295980,,,SCHEDULED
2026-09-25T00:09:44.345483+00:00,1285143,023,1370,38,0,1790296011,,,SCHEDULED
2026-09-25T00:09:44.345483+00:00,1285143,023,1372,39,0,1790296086,,,SCHEDULED
2026-09-25T00:09:44.345483+00:00,1285143,023,1373,40,0,1790296131,,,SCHEDULED
2026-09-25T00:09:44.345483+00:00,1285143,023,1374,41,0,1790296185,,,SCHEDULED
2026-09-25T00:09:44.345483+00:00,1285143,023,1375,42,0,1790296225,,,SCHEDULED
2026-09-25T00:09:44.345483+00:00,1285143,023,1376,43,0,1790296253,,,SCHEDULED
2026-09-25T00:09:44.345483+00:00,1285143,023,1377,44,0,1790296295,,,SCHEDULED
2026-09-25T00:09:44.345483+00:00,1285143,023,1378,45,0,1790296328,,,SCHEDULED
2026-09-25T00:09:44.345483+00:00,1285143,023,1380,46,0,1790296366,,,SCHEDULED
2026-09-25T00:09:44.345483+00:00,1285143,023,1381,47,0,1790296407,,,SCHEDULED
2026-09-25T00:09:44.345483+00:00,1285143,023,1382,48,0,1790296493,,,SCHEDULED
2026-09-25T00:09:44.345483+00:00,1285143,023,1383,49,0,1790296534,,,SCHEDULED
2026-09-25T00:09:44.345483+00:00,1285143,023,1384,50,0,1790296625,,,SCHEDULED
2026-09-25T00:09:44.345483+00:00,1285143,023,1385,51,0,1790296653,,,SCHEDULED
2026-09-25T00:09:44.345483+00:00,1285143,023,1386,52,0,1790296726,,,SCHEDULED
2026-09-25T00:09:44.345483+00:00,1286599,067,2032,47,0,1790294982,,,SCHEDULED
2026-09-25T00:09:44.345483+00:00,1286599,067,2173,48,0,1790295041,,,SCHEDULED
2026-09-25T00:09:44.345483+00:00,1286599,067,494,49,0,1790295162,,,SCHEDULED
2026-09-25T00:09:44.345483+00:00,1286599,067,3831,50,0,1790295318,,,SCHEDULED
2026-09-25T00:09:44.345483+00:00,1286599,067,3833,51,0,1790295429,,,SCHEDULED
2026-09-25T00:09:44.345483+00:00,1286599,067,3834,52,0,1790295513,,,SCHEDULED
2026-09-25T00:09:44.345483+00:00,1286599,067,3939,53,0,1790295678,,,SCHEDULED
2026-09-25T00:09:44.345483+00:00,1286599,067,5107,54,0,1790295718,,,SCHEDULED
2026-09-25T00:09:44.345483+00:00,1286599,067,4020,55,0,1790295761,,,SCHEDULED
2026-09-25T00:09:44.345483+00:00,1286599,067,4021,56,0,1790295807,,,SCHEDULED
2026-09-25T00:09:44.345483+00:00,1286599,067,4022,57,0,1790295859,,,SCHEDULED
2026-09-25T00:09:44.345483+00:00,1286599,067,242,58,0,1790295943,,,SCHEDULED
2026-09-25T00:09:44.345483+00:00,1286599,067,243,59,0,1790295989,,,SCHEDULED
2026-09-25T00:09:44.345483+00:00,1286599,067,244,60,0,1790296029,,,SCHEDULED
2026-09-25T00:09:44.345483+00:00,1286599,067,1038,61,0,1790296099,,,SCHEDULED
2026-09-25T00:09:44.345483+00:00,1286599,067,4019,62,0,1790296145,,,SCHEDULED
2026-09-25T00:09:44.345483+00:00,1285421,026,1531,37,0,1790294987,,,SCHEDULED
2026-09-25T00:09:44.345483+00:00,1285421,026,1532,38,0,1790295063,,,SCHEDULED
2026-09-25T00:09:44.345483+00:00,1285421,026,1533,39,0,1790295132,,,SCHEDULED
2026-09-25T00:09:44.345483+00:00,1285421,026,1534,40,0,1790295216,,,SCHEDULED
2026-09-25T00:09:44.345483+00:00,1285421,026,1535,41,0,1790295289,,,SCHEDULED
2026-09-25T00:09:44.345483+00:00,1285421,026,1536,42,0,1790295371,,,SCHEDULED
2026-09-25T00:09:44.345483+00:00,1285421,026,1537,43,0,1790295426,,,SCHEDULED
2026-09-25T00:09:44.345483+00:00,1285421,026,1538,44,0,1790295485,,,SCHEDULED
2026-09-25T00:09:44.345483+00:00,1285421,026,1539,45,0,1790295540,,,SCHEDULED
2026-09-25T00:09:44.345483+00:00,1285421,026,1540,46,0,1790295591,,,SCHEDULED
2026-09-25T00:09:44.345483+00:00,1285421,026,1542,47,0,1790295709,,,SCHEDULED
2026-09-25T00:09:44.345483+00:00,1285421,026,1541,48,0,1790295862,,,SCHEDULED
2026-09-25T00:09:44.345483+00:00,1285421,026,2980,49,0,1790295895,,,SCHEDULED
2026-09-25T00:09:44.345483+00:00,1285421,026,8958,50,0,1790295958,,,SCHEDULED
2026-09-25T00:09:44.345483+00:00,1284695,013,284,21,0,1790295046,,,SCHEDULED
2026-09-25T00:09:44.345483+00:00,1284695,013,9807,22,0,1790295112,,,SCHEDULED
2026-09-25T00:09:44.345483+00:00,1284695,013,284,23,0,1790295200,,,SCHEDULED
2026-09-25T00:09:44.345483+00:00,1284695,013,1635,24,0,1790295288,,,SCHEDULED
2026-09-25T00:09:44.345483+00:00,1284695,013,4750,25,0,1790295492,,,SCHEDULED
2026-09-25T00:09:44.345483+00:00,1284695,013,3980,26,0,1790295574,,,SCHEDULED
2026-09-25T00:09:44.345483+00:00,1284695,013,3979,27,0,1790295652,,,SCHEDULED
2026-09-25T00:09:44.345483+00:00,1284695,013,3981,28,0,1790295712,,,SCHEDULED
2026-09-25T00:09:44.345483+00:00,1284695,013,3982,29,0,1790295772,,,SCHEDULED
2026-09-25T00:09:44.345483+00:00,1284695,013,103,30,0,1790295819,,,SCHEDULED
2026-09-25T00:09:44.345483+00:00,1284695,013,3240,31,0,1790295892,,,SCHEDULED
2026-09-25T00:09:44.345483+00:00,1284695,013,3241,32,0,1790295915,,,SCHEDULED
2026-09-25T00:09:44.345483+00:00,1284695,013,3242,33,0,1790295938,,,SCHEDULED
2026-09-25T00:09:44.345483+00:00,1284695,013,3243,34,0,1790296010,,,SCHEDULED
2026-09-25T00:09:44.345483+00:00,1284695,013,3244,35,0,1790296033,,,SCHEDULED
2026-09-25T00:09:44.345483+00:00,1284695,013,3246,36,0,1790296151,,,SCHEDULED
2026-09-25T00:09:44.345483+00:00,1284695,013,8927,37,0,1790296202,,,SCHEDULED
2026-09-25T00:09:44.345483+00:00,1284695,013,4710,38,0,1790296372,,,SCHEDULED
2026-09-25T00:09:44.345483+00:00,1284695,013,8928,39,0,1790296441,,,SCHEDULED
2026-09-25T00:09:44.345483+00:00,1284695,013,8929,40,0,1790296552,,,SCHEDULED
2026-09-25T00:09:44.345483+00:00,1284695,013,8930,41,0,1790296599,,,SCHEDULED
2026-09-25T00:09:44.345483+00:00,1284695,013,543,42,0,1790296648,,,SCHEDULED
2026-09-25T00:09:44.345483+00:00,1284695,013,1731,43,0,1790296744,,,SCHEDULED
2026-09-25T00:09:44.345483+00:00,1284694,013,1635,24,0,1790295056,,,SCHEDULED
2026-09-25T00:09:44.345483+00:00,1284694,013,4750,25,0,1790295260,,,SCHEDULED
2026-09-25T00:09:44.345483+00:00,1284694,013,3980,26,0,1790295342,,,SCHEDULED
2026-09-25T00:09:44.345483+00:00,1284694,013,3979,27,0,1790295420,,,SCHEDULED
2026-09-25T00:09:44.345483+00:00,1284694,013,3981,28,0,1790295480,,,SCHEDULED
2026-09-25T00:09:44.345483+00:00,1284694,013,3982,29,0,1790295540,,,SCHEDULED
2026-09-25T00:09:44.345483+00:00,1284694,013,103,30,0,1790295587,,,SCHEDULED
2026-09-25T00:09:44.345483+00:00,1284694,013,3240,31,0,1790295660,,,SCHEDULED
2026-09-25T00:09:44.345483+00:00,1284694,013,3241,32,0,1790295683,,,SCHEDULED
2026-09-25T00:09:44.345483+00:00,1284694,013,3242,33,0,1790295706,,,SCHEDULED
2026-09-25T00:09:44.345483+00:00,1284694,013,3243,34,0,1790295778,,,SCHEDULED
2026-09-25T00:09:44.345483+00:00,1284694,013,3244,35,0,1790295801,,,SCHEDULED
2026-09-25T00:09:44.345483+00:00,1284694,013,3246,36,0,1790295919,,,SCHEDULED
2026-09-25T00:09:44.345483+00:00,1284694,013,8927,37,0,1790295970,,,SCHEDULED
2026-09-25T00:09:44.345483+00:00,1284694,013,4710,38,0,1790296140,,,SCHEDULED
2026-09-25T00:09:44.345483+00:00,1284694,013,8928,39,0,1790296209,,,SCHEDULED
2026-09-25T00:09:44.345483+00:00,1284694,013,8929,40,0,1790296320,,,SCHEDULED
2026-09-25T00:09:44.345483+00:00,1284694,013,8930,41,0,1790296367,,,SCHEDULED
2026-09-25T00:09:44.345483+00:00,1284694,013,543,42,0,1790296416,,,SCHEDULED
2026-09-25T00:09:44.345483+00:00,1284694,013,1731,43,0,1790296512,,,SCHEDULED
2026-09-25T00:09:44.345483+00:00,1284694,013,1680,44,0,1790296596,,,SCHEDULED
2026-09-25T00:09:44.345483+00:00,1284694,013,1364,45,0,1790296690,,,SCHEDULED
2026-09-25T00:09:44.345483+00:00,1285420,026,3061,9,0,1790294975,,,SCHEDULED
2026-09-25T00:09:44.345483+00:00,1285420,026,3062,10,0,1790295034,,,SCHEDULED
2026-09-25T00:09:44.345483+00:00,1285420,026,3063,11,0,1790295102,,,SCHEDULED
2026-09-25T00:09:44.345483+00:00,1285420,026,3064,12,0,1790295158,,,SCHEDULED
2026-09-25T00:09:44.345483+00:00,1285420,026,3065,13,0,1790295193,,,SCHEDULED
2026-09-25T00:09:44.345483+00:00,1285420,026,3066,14,0,1790295232,,,SCHEDULED
2026-09-25T00:09:44.345483+00:00,1285420,026,629,15,0,1790295335,,,SCHEDULED
2026-09-25T00:09:44.345483+00:00,1285420,026,651,16,0,1790295436,,,SCHEDULED
2026-09-25T00:09:44.345483+00:00,1285420,026,544,17,0,1790295525,,,SCHEDULED
2026-09-25T00:09:44.345483+00:00,1285420,026,3049,18,0,1790295850,,,SCHEDULED
2026-09-25T00:09:44.345483+00:00,1285420,026,3070,19,0,1790295921,,,SCHEDULED
2026-09-25T00:09:44.345483+00:00,1285420,026,3071,20,0,1790295993,,,SCHEDULED
2026-09-25T00:09:44.345483+00:00,1285420,026,3072,21,0,1790296051,,,SCHEDULED
2026-09-25T00:09:44.345483+00:00,1285420,026,9801,22,0,1790296185,,,SCHEDULED
2026-09-25T00:09:44.345483+00:00,1285420,026,3073,23,0,1790296232,,,SCHEDULED
2026-09-25T00:09:44.345483+00:00,1285420,026,1518,24,0,1790296329,,,SCHEDULED
2026-09-25T00:09:44.345483+00:00,1285420,026,1519,25,0,1790296480,,,SCHEDULED
2026-09-25T00:09:44.345483+00:00,1285420,026,1520,26,0,1790296592,,,SCHEDULED
2026-09-25T00:09:44.345483+00:00,1285420,026,1521,27,0,1790296643,,,SCHEDULED
2026-09-25T00:09:44.345483+00:00,1285420,026,1522,28,0,1790296669,,,SCHEDULED
2026-09-25T00:09:44.345483+00:00,1285420,026,1523,29,0,1790296725,,,SCHEDULED
2026-09-25T00:09:44.345483+00:00,1286872,072,323,1,,,0,1790295480,SCHEDULED
2026-09-25T00:09:44.345483+00:00,1286872,072,4210,2,0,1790295723,,,SCHEDULED
2026-09-25T00:09:44.345483+00:00,1286872,072,4211,3,0,1790295764,,,SCHEDULED
2026-09-25T00:09:44.345483+00:00,1286872,072,4213,4,0,1790295787,,,SCHEDULED
2026-09-25T00:09:44.345483+00:00,1286872,072,4214,5,0,1790295830,,,SCHEDULED
2026-09-25T00:09:44.345483+00:00,1286872,072,4217,6,0,1790295869,,,SCHEDULED
2026-09-25T00:09:44.345483+00:00,1286872,072,5249,7,0,1790295904,,,SCHEDULED
2026-09-25T00:09:44.345483+00:00,1286872,072,4215,8,0,1790295961,,,SCHEDULED
2026-09-25T00:09:44.345483+00:00,1286872,072,4216,9,0,1790295986,,,SCHEDULED
2026-09-25T00:09:44.345483+00:00,1286872,072,2816,10,0,1790296020,,,SCHEDULED
2026-09-25T00:09:44.345483+00:00,1286872,072,2817,11,0,1790296050,,,SCHEDULED
2026-09-25T00:09:44.345483+00:00,1286872,072,2818,12,0,1790296080,,,SCHEDULED
2026-09-25T00:09:44.345483+00:00,1286872,072,2819,13,0,1790296105,,,SCHEDULED
2026-09-25T00:09:44.345483+00:00,1286872,072,2820,14,0,1790296143,,,SCHEDULED
2026-09-25T00:09:44.345483+00:00,1286872,072,2821,15,0,1790296178,,,SCHEDULED
2026-09-25T00:09:44.345483+00:00,1286872,072,2822,16,0,1790296215,,,SCHEDULED
2026-09-25T00:09:44.345483+00:00,1286872,072,2824,17,0,1790296276,,,SCHEDULED
2026-09-25T00:09:44.345483+00:00,1286872,072,2825,18,0,1790296326,,,SCHEDULED
2026-09-25T00:09:44.345483+00:00,1286872,072,2826,19,0,1790296361,,,SCHEDULED
2026-09-25T00:09:44.345483+00:00,1286872,072,3861,20,0,1790296419,,,SCHEDULED
2026-09-25T00:09:44.345483+00:00,1286872,072,3862,21,0,1790296449,,,SCHEDULED
2026-09-25T00:09:44.345483+00:00,1286872,072,3864,22,0,1790296529,,,SCHEDULED
2026-09-25T00:09:44.345483+00:00,1286872,072,3865,23,0,1790296560,,,SCHEDULED
2026-09-25T00:09:44.345483+00:00,1286872,072,496,24,0,1790296675,,,SCHEDULED
2026-09-25T00:09:44.345483+00:00,1286597,067,1099,1,,,0,1790295120,SCHEDULED
2026-09-25T00:09:44.345483+00:00,1286597,067,2645,2,0,1790295225,,,SCHEDULED
2026-09-25T00:09:44.345483+00:00,1286597,067,2643,3,0,1790295242,,,SCHEDULED
2026-09-25T00:09:44.345483+00:00,1286597,067,2644,4,0,1790295295,,,SCHEDULED
2026-09-25T00:09:44.345483+00:00,1286597,067,2646,5,0,1790295377,,,SCHEDULED
2026-09-25T00:09:44.345483+00:00,1286597,067,2647,6,0,1790295403,,,SCHEDULED
2026-09-25T00:09:44.345483+00:00,1286597,067,2648,7,0,1790296047,,,SCHEDULED
2026-09-25T00:09:44.345483+00:00,1286597,067,5344,8,0,1790296074,,,SCHEDULED
2026-09-25T00:09:44.345483+00:00,1286597,067,2649,9,0,1790296097,,,SCHEDULED
2026-09-25T00:09:44.345483+00:00,1286597,067,2650,10,0,1790296123,,,SCHEDULED
2026-09-25T00:09:44.345483+00:00,1286597,067,2651,11,0,1790296150,,,SCHEDULED
2026-09-25T00:09:44.345483+00:00,1286597,067,2653,12,0,1790296200,,,SCHEDULED
2026-09-25T00:09:44.345483+00:00,1286597,067,2654,13,0,1790296328,,,SCHEDULED
2026-09-25T00:09:44.345483+00:00,1286597,067,9811,14,0,1790296440,,,SCHEDULED
2026-09-25T00:09:44.345483+00:00,1286597,067,880,15,0,1790296517,,,SCHEDULED
2026-09-25T00:09:44.345483+00:00,1286597,067,2656,16,0,1790296590,,,SCHEDULED
2026-09-25T00:09:44.345483+00:00,1286597,067,2655,17,0,1790296625,,,SCHEDULED
2026-09-25T00:09:44.345483+00:00,1286597,067,1915,18,0,1790296680,,,SCHEDULED
2026-09-25T00:09:44.345483+00:00,1287203,081,2374,23,0,1790295034,,,SCHEDULED
2026-09-25T00:09:44.345483+00:00,1287203,081,3130,24,0,1790295291,,,SCHEDULED
2026-09-25T00:09:44.345483+00:00,1287203,081,3131,25,0,1790295420,,,SCHEDULED
2026-09-25T00:09:44.345483+00:00,1287203,081,3132,26,0,1790295477,,,SCHEDULED
2026-09-25T00:09:44.345483+00:00,1287203,081,3134,27,0,1790295665,,,SCHEDULED
2026-09-25T00:09:44.345483+00:00,1287203,081,3135,28,0,1790295751,,,SCHEDULED
2026-09-25T00:09:44.345483+00:00,1287203,081,3136,29,0,1790295814,,,SCHEDULED
2026-09-25T00:09:44.345483+00:00,1287203,081,3137,30,0,1790295900,,,SCHEDULED
2026-09-25T00:09:44.345483+00:00,1287203,081,3138,31,0,1790296005,,,SCHEDULED
2026-09-25T00:09:44.345483+00:00,1287203,081,3139,32,0,1790296060,,,SCHEDULED
2026-09-25T00:09:44.345483+00:00,1287203,081,3140,33,0,1790296113,,,SCHEDULED
2026-09-25T00:09:44.345483+00:00,1287203,081,3141,34,0,1790296143,,,SCHEDULED
2026-09-25T00:09:44.345483+00:00,1287203,081,3142,35,0,1790296168,,,SCHEDULED
2026-09-25T00:09:44.345483+00:00,1287203,081,3143,36,0,1790296214,,,SCHEDULED
2026-09-25T00:09:44.345483+00:00,1287203,081,3144,37,0,1790296239,,,SCHEDULED
2026-09-25T00:09:44.345483+00:00,1286598,067,2653,12,0,1790295020,,,SCHEDULED
2026-09-25T00:09:44.345483+00:00,1286598,067,2654,13,0,1790295148,,,SCHEDULED
2026-09-25T00:09:44.345483+00:00,1286598,067,9811,14,0,1790295260,,,SCHEDULED
2026-09-25T00:09:44.345483+00:00,1286598,067,880,15,0,1790295337,,,SCHEDULED
2026-09-25T00:09:44.345483+00:00,1286598,067,2656,16,0,1790295410,,,SCHEDULED
2026-09-25T00:09:44.345483+00:00,1286598,067,2655,17,0,1790295445,,,SCHEDULED
2026-09-25T00:09:44.345483+00:00,1286598,067,1915,18,0,1790295500,,,SCHEDULED
2026-09-25T00:09:44.345483+00:00,1286598,067,2569,19,0,1790295575,,,SCHEDULED
2026-09-25T00:09:44.345483+00:00,1286598,067,2570,20,0,1790295646,,,SCHEDULED
2026-09-25T00:09:44.345483+00:00,1286598,067,2571,21,0,1790295682,,,SCHEDULED
2026-09-25T00:09:44.345483+00:00,1286598,067,2572,22,0,1790295766,,,SCHEDULED
2026-09-25T00:09:44.345483+00:00,1286598,067,2573,23,0,1790295806,,,SCHEDULED
2026-09-25T00:09:44.345483+00:00,1286598,067,2574,24,0,1790295842,,,SCHEDULED
2026-09-25T00:09:44.345483+00:00,1286598,067,2575,25,0,1790295873,,,SCHEDULED
2026-09-25T00:09:44.345483+00:00,1286598,067,2576,26,0,1790295900,,,SCHEDULED
2026-09-25T00:09:44.345483+00:00,1286598,067,2577,27,0,1790295926,,,SCHEDULED
2026-09-25T00:09:44.345483+00:00,1286598,067,2578,28,0,1790295980,,,SCHEDULED
2026-09-25T00:09:44.345483+00:00,1286598,067,2580,29,0,1790296169,,,SCHEDULED
2026-09-25T00:09:44.345483+00:00,1286598,067,2581,30,0,1790296224,,,SCHEDULED
2026-09-25T00:09:44.345483+00:00,1286598,067,2582,31,0,1790296276,,,SCHEDULED
2026-09-25T00:09:44.345483+00:00,1286598,067,2583,32,0,1790296315,,,SCHEDULED
2026-09-25T00:09:44.345483+00:00,1286598,067,2584,33,0,1790296358,,,SCHEDULED
2026-09-25T00:09:44.345483+00:00,1286598,067,2585,34,0,1790296433,,,SCHEDULED
2026-09-25T00:09:44.345483+00:00,1286598,067,2586,35,0,1790296489,,,SCHEDULED
2026-09-25T00:09:44.345483+00:00,1286598,067,2587,36,0,1790296580,,,SCHEDULED
2026-09-25T00:09:44.345483+00:00,1286598,067,2588,37,0,1790296619,,,SCHEDULED
2026-09-25T00:09:44.345483+00:00,1286598,067,2589,38,0,1790296726,,,SCHEDULED
2026-09-25T00:09:44.345483+00:00,1286598,067,2590,39,0,1790296766,,,SCHEDULED
2026-09-25T00:09:44.345483+00:00,1286477,062,2275,20,0,1790295015,,,SCHEDULED
2026-09-25T00:09:44.345483+00:00,1286477,062,2276,21,0,1790295090,,,SCHEDULED
2026-09-25T00:09:44.345483+00:00,1286477,062,2277,22,0,1790295174,,,SCHEDULED
2026-09-25T00:09:44.345483+00:00,1286477,062,2278,23,0,1790295205,,,SCHEDULED
2026-09-25T00:09:44.345483+00:00,1286477,062,2279,24,0,1790295271,,,SCHEDULED
2026-09-25T00:09:44.345483+00:00,1286477,062,2280,25,0,1790295333,,,SCHEDULED
2026-09-25T00:09:44.345483+00:00,1286477,062,2281,26,0,1790295369,,,SCHEDULED
2026-09-25T00:09:44.345483+00:00,1286477,062,2346,27,0,1790295440,,,SCHEDULED
2026-09-25T00:09:44.345483+00:00,1286477,062,2347,28,0,1790295480,,,SCHEDULED
2026-09-25T00:09:44.345483+00:00,1286477,062,2348,29,0,1790295520,,,SCHEDULED
2026-09-25T00:09:44.345483+00:00,1286477,062,2350,30,0,1790295558,,,SCHEDULED
2026-09-25T00:09:44.345483+00:00,1286477,062,2351,31,0,1790295601,,,SCHEDULED
2026-09-25T00:09:44.345483+00:00,1286477,062,5313,32,0,1790295654,,,SCHEDULED
2026-09-25T00:09:44.345483+00:00,1286477,062,2352,33,0,1790295685,,,SCHEDULED
2026-09-25T00:09:44.345483+00:00,1286477,062,2353,34,0,1790295738,,,SCHEDULED
2026-09-25T00:09:44.345483+00:00,1286477,062,2354,35,0,1790295768,,,SCHEDULED
2026-09-25T00:09:44.345483+00:00,1286477,062,2355,36,0,1790295799,,,SCHEDULED
2026-09-25T00:09:44.345483+00:00,1286477,062,2356,37,0,1790295816,,,SCHEDULED
2026-09-25T00:09:44.345483+00:00,1286477,062,465,38,0,1790295854,,,SCHEDULED
2026-09-25T00:09:44.345483+00:00,1286477,062,466,39,0,1790295885,,,SCHEDULED
2026-09-25T00:09:44.345483+00:00,1286477,062,467,40,0,1790295935,,,SCHEDULED
2026-09-25T00:09:44.345483+00:00,1286477,062,468,41,0,1790295955,,,SCHEDULED
2026-09-25T00:09:44.345483+00:00,1286477,062,469,42,0,1790295991,,,SCHEDULED
2026-09-25T00:09:44.345483+00:00,1286477,062,470,43,0,1790296039,,,SCHEDULED
2026-09-25T00:09:44.345483+00:00,1286477,062,471,44,0,1790296064,,,SCHEDULED
2026-09-25T00:09:44.345483+00:00,1286477,062,472,45,0,1790296100,,,SCHEDULED
2026-09-25T00:09:44.345483+00:00,1286477,062,473,46,0,1790296147,,,SCHEDULED
2026-09-25T00:09:44.345483+00:00,1286477,062,474,47,0,1790296179,,,SCHEDULED
2026-09-25T00:09:44.345483+00:00,1286477,062,475,48,0,1790296208,,,SCHEDULED
2026-09-25T00:09:44.345483+00:00,1286477,062,476,49,0,1790296271,,,SCHEDULED
2026-09-25T00:09:44.345483+00:00,1286477,062,477,50,0,1790296292,,,SCHEDULED
2026-09-25T00:09:44.345483+00:00,1286477,062,4134,51,0,1790296347,,,SCHEDULED
2026-09-25T00:09:44.345483+00:00,1286477,062,4136,52,0,1790296427,,,SCHEDULED
2026-09-25T00:09:44.345483+00:00,1286477,062,4137,53,0,1790296511,,,SCHEDULED
2026-09-25T00:09:44.345483+00:00,1285547,030,275,1,,,,,NO_DATA
2026-09-25T00:09:44.345483+00:00,1285547,030,1689,2,,,,,NO_DATA
2026-09-25T00:09:44.345483+00:00,1285547,030,1691,3,,,,,NO_DATA
2026-09-25T00:09:44.345483+00:00,1285547,030,1692,4,,,,,NO_DATA
2026-09-25T00:09:44.345483+00:00,1285547,030,1693,5,,,,,NO_DATA
2026-09-25T00:09:44.345483+00:00,1285547,030,1694,6,,,,,NO_DATA
2026-09-25T00:09:44.345483+00:00,1285547,030,1695,7,,,,,NO_DATA
2026-09-25T00:09:44.345483+00:00,1285547,030,1697,8,,,,,NO_DATA
2026-09-25T00:09:44.345483+00:00,1285547,030,1699,9,,,,,NO_DATA
2026-09-25T00:09:44.345483+00:00,1285547,030,1700,10,,,,,NO_DATA
2026-09-25T00:09:44.345483+00:00,1285547,030,1701,11,,,,,NO_DATA
2026-09-25T00:09:44.345483+00:00,1285547,030,1702,12,,,,,NO_DATA
2026-09-25T00:09:44.345483+00:00,1285547,030,1703,13,,,,,NO_DATA
2026-09-25T00:09:44.345483+00:00,1285547,030,1704,14,,,,,NO_DATA
2026-09-25T00:09:44.345483+00:00,1285547,030,1705,15,,,,,NO_DATA
2026-09-25T00:09:44.345483+00:00,1285547,030,1707,16,,,,,NO_DATA
2026-09-25T00:09:44.345483+00:00,1285547,030,1708,17,,,,,NO_DATA
2026-09-25T00:09:44.345483+00:00,1285547,030,1709,18,,,,,NO_DATA
2026-09-25T00:09:44.345483+00:00,1285547,030,1710,19,,,,,NO_DATA
2026-09-25T00:09:44.345483+00:00,1285547,030,1711,20,,,,,NO_DATA
2026-09-25T00:09:44.345483+00:00,1285547,030,519,21,,,,,NO_DATA
2026-09-25T00:09:44.345483+00:00,1285547,030,521,22,,,,,NO_DATA
2026-09-25T00:09:44.345483+00:00,1285547,030,522,23,,,,,NO_DATA
2026-09-25T00:09:44.345483+00:00,1285547,030,525,24,,,,,NO_DATA
2026-09-25T00:09:44.345483+00:00,1285547,030,526,25,,,,,NO_DATA
2026-09-25T00:09:44.345483+00:00,1285547,030,527,26,,,,,NO_DATA
2026-09-25T00:09:44.345483+00:00,1285547,030,528,27,,,,,NO_DATA
2026-09-25T00:09:44.345483+00:00,1285547,030,5252,28,,,,,NO_DATA
2026-09-25T00:09:44.345483+00:00,1285547,030,281,29,,,,,NO_DATA
2026-09-25T00:09:44.345483+00:00,1285706,033,536,1,,,0,1790295240,SCHEDULED
2026-09-25T00:09:44.345483+00:00,1285706,033,537,2,0,1790295397,,,SCHEDULED
2026-09-25T00:09:44.345483+00:00,1286471,062,413,1,,,0,1790295040,SCHEDULED
2026-09-25T00:09:44.345483+00:00,1286471,062,414,2,0,1790295095,,,SCHEDULED
2026-09-25T00:09:44.345483+00:00,1286471,062,415,3,0,1790295160,,,SCHEDULED
2026-09-25T00:09:44.345483+00:00,1286471,062,416,4,0,1790295200,,,SCHEDULED
2026-09-25T00:09:44.345483+00:00,1286471,062,418,5,0,1790295280,,,SCHEDULED
2026-09-25T00:09:44.345483+00:00,1286471,062,4763,6,0,1790295370,,,SCHEDULED
2026-09-25T00:09:44.345483+00:00,1286471,062,1716,7,0,1790295435,,,SCHEDULED
2026-09-25T00:09:44.345483+00:00,1286471,062,2256,8,0,1790295560,,,SCHEDULED
2026-09-25T00:09:44.345483+00:00,1286471,062,2257,9,0,1790295595,,,SCHEDULED
2026-09-25T00:09:44.345483+00:00,1286471,062,2258,10,0,1790295640,,,SCHEDULED
2026-09-25T00:09:44.345483+00:00,1286471,062,2260,11,0,1790295762,,,SCHEDULED
2026-09-25T00:09:44.345483+00:00,1286471,062,2261,12,0,1790295793,,,SCHEDULED
2026-09-25T00:09:44.345483+00:00,1286471,062,2262,13,0,1790295855,,,SCHEDULED
2026-09-25T00:09:44.345483+00:00,1286471,062,2264,14,0,1790295977,,,SCHEDULED
2026-09-25T00:09:44.345483+00:00,1286471,062,380,15,0,1790296120,,,SCHEDULED
2026-09-25T00:09:44.345483+00:00,1286471,062,411,16,0,1790296187,,,SCHEDULED
2026-09-25T00:09:44.345483+00:00,1286471,062,2271,17,0,1790296417,,,SCHEDULED
2026-09-25T00:09:44.345483+00:00,1286471,062,2272,18,0,1790296480,,,SCHEDULED
2026-09-25T00:09:44.345483+00:00,1286471,062,2273,19,0,1790296519,,,SCHEDULED
2026-09-25T00:09:44.345483+00:00,1286471,062,2275,20,0,1790296582,,,SCHEDULED
2026-09-25T00:09:44.345483+00:00,1286471,062,2276,21,0,1790296649,,,SCHEDULED
2026-09-25T00:09:44.345483+00:00,1286471,062,2277,22,0,1790296723,,,SCHEDULED
2026-09-25T00:09:44.345483+00:00,1286471,062,2278,23,0,1790296751,,,SCHEDULED
2026-09-25T00:09:44.345483+00:00,1284292,010,11081,2,0,1790294997,,,SCHEDULED
2026-09-25T00:09:44.345483+00:00,1284292,010,11082,3,0,1790295055,,,SCHEDULED
2026-09-25T00:09:44.345483+00:00,1284292,010,11083,4,0,1790295095,,,SCHEDULED
2026-09-25T00:09:44.345483+00:00,1284292,010,11084,5,0,1790295164,,,SCHEDULED
2026-09-25T00:09:44.345483+00:00,1284292,010,11085,6,0,1790295187,,,SCHEDULED
2026-09-25T00:09:44.345483+00:00,1284292,010,11086,7,0,1790295239,,,SCHEDULED
2026-09-25T00:09:44.345483+00:00,1284292,010,11087,8,0,1790295283,,,SCHEDULED
2026-09-25T00:09:44.345483+00:00,1284292,010,11088,9,0,1790295352,,,SCHEDULED
2026-09-25T00:09:44.345483+00:00,1284292,010,11114,10,0,1790295464,,,SCHEDULED
2026-09-25T00:09:44.345483+00:00,1284292,010,11221,11,0,1790295537,,,SCHEDULED
2026-09-25T00:09:44.345483+00:00,1284292,010,11116,12,0,1790295657,,,SCHEDULED
2026-09-25T00:09:44.345483+00:00,1284292,010,11117,13,0,1790295763,,,SCHEDULED
2026-09-25T00:09:44.345483+00:00,1284292,010,11122,14,0,1790295851,,,SCHEDULED
2026-09-25T00:09:44.345483+00:00,1284292,010,11123,15,0,1790295893,,,SCHEDULED
2026-09-25T00:09:44.345483+00:00,1284292,010,11199,16,0,1790295956,,,SCHEDULED
2026-09-25T00:09:44.345483+00:00,1284292,010,11091,17,0,1790296050,,,SCHEDULED
2026-09-25T00:09:44.345483+00:00,1284292,010,11125,18,0,1790296142,,,SCHEDULED
2026-09-25T00:09:44.345483+00:00,1284292,010,11157,19,0,1790296208,,,SCHEDULED
2026-09-25T00:09:44.345483+00:00,1284292,010,11033,20,0,1790296304,,,SCHEDULED
2026-09-25T00:09:44.345483+00:00,1284292,010,11133,21,0,1790296486,,,SCHEDULED
2026-09-25T00:09:44.345483+00:00,1284292,010,11134,22,0,1790296527,,,SCHEDULED
2026-09-25T00:09:44.345483+00:00,1284292,010,11136,23,0,1790296561,,,SCHEDULED
2026-09-25T00:09:44.345483+00:00,1284292,010,11137,24,0,1790296609,,,SCHEDULED
2026-09-25T00:09:44.345483+00:00,1284292,010,11138,25,0,1790296650,,,SCHEDULED
2026-09-25T00:09:44.345483+00:00,1284292,010,11139,26,0,1790296675,,,SCHEDULED
2026-09-25T00:09:44.345483+00:00,1284292,010,11140,27,0,1790296724,,,SCHEDULED
2026-09-25T00:09:44.345483+00:00,1287178,081,5203,17,0,1790294924,,,SCHEDULED
2026-09-25T00:09:44.345483+00:00,1287178,081,2368,18,0,1790295069,,,SCHEDULED
2026-09-25T00:09:44.345483+00:00,1287178,081,2370,19,0,1790295196,,,SCHEDULED
2026-09-25T00:09:44.345483+00:00,1287178,081,2371,20,0,1790295263,,,SCHEDULED
2026-09-25T00:09:44.345483+00:00,1287178,081,2372,21,0,1790295308,,,SCHEDULED
2026-09-25T00:09:44.345483+00:00,1287178,081,2373,22,0,1790295353,,,SCHEDULED
2026-09-25T00:09:44.345483+00:00,1287178,081,2374,23,0,1790295413,,,SCHEDULED
2026-09-25T00:09:44.345483+00:00,1287178,081,5223,24,0,1790295538,,,SCHEDULED
2026-09-25T00:09:44.345483+00:00,1287178,081,2165,25,0,1790295630,,,SCHEDULED
2026-09-25T00:09:44.345483+00:00,1287178,081,2166,26,0,1790295729,,,SCHEDULED
2026-09-25T00:09:44.345483+00:00,1288387,175,950,2,0,1790295190,,,SCHEDULED
2026-09-25T00:09:44.345483+00:00,1288387,175,952,3,0,1790295324,,,SCHEDULED
2026-09-25T00:09:44.345483+00:00,1288387,175,954,4,0,1790295396,,,SCHEDULED
2026-09-25T00:09:44.345483+00:00,1288387,175,956,5,0,1790295447,,,SCHEDULED
2026-09-25T00:09:44.345483+00:00,1288387,175,1760,6,0,1790295817,,,SCHEDULED
2026-09-25T00:09:44.345483+00:00,1288387,175,1015,7,0,1790295881,,,SCHEDULED
2026-09-25T00:09:44.345483+00:00,1288387,175,659,8,0,1790296001,,,SCHEDULED
2026-09-25T00:09:44.345483+00:00,1288387,175,1781,9,0,1790296059,,,SCHEDULED
2026-09-25T00:09:44.345483+00:00,1288387,175,1794,10,0,1790296116,,,SCHEDULED
2026-09-25T00:09:44.345483+00:00,1288387,175,1800,11,0,1790296224,,,SCHEDULED
2026-09-25T00:09:44.345483+00:00,1288387,175,1645,12,0,1790296241,,,SCHEDULED
2026-09-25T00:09:44.345483+00:00,1288387,175,948,13,0,1790296301,,,SCHEDULED
2026-09-25T00:09:44.345483+00:00,1287177,081,2180,1,,,0,1790295122,SCHEDULED
2026-09-25T00:09:44.345483+00:00,1287177,081,2181,2,0,1790295163,,,SCHEDULED
2026-09-25T00:09:44.345483+00:00,1287177,081,2183,3,0,1790295223,,,SCHEDULED
2026-09-25T00:09:44.345483+00:00,1287177,081,2184,4,0,1790295273,,,SCHEDULED
2026-09-25T00:09:44.345483+00:00,1287177,081,2185,5,0,1790295377,,,SCHEDULED
2026-09-25T00:09:44.345483+00:00,1287177,081,2186,6,0,1790295466,,,SCHEDULED
2026-09-25T00:09:44.345483+00:00,1287177,081,2358,7,0,1790295602,,,SCHEDULED
2026-09-25T00:09:44.345483+00:00,1287177,081,2359,8,0,1790295674,,,SCHEDULED
2026-09-25T00:09:44.345483+00:00,1287177,081,2360,9,0,1790295739,,,SCHEDULED
2026-09-25T00:09:44.345483+00:00,1287177,081,2361,10,0,1790295812,,,SCHEDULED
2026-09-25T00:09:44.345483+00:00,1287177,081,2362,11,0,1790295873,,,SCHEDULED
2026-09-25T00:09:44.345483+00:00,1287177,081,2363,12,0,1790295954,,,SCHEDULED
2026-09-25T00:09:44.345483+00:00,1287177,081,2364,13,0,1790296057,,,SCHEDULED
2026-09-25T00:09:44.345483+00:00,1287177,081,2365,14,0,1790296103,,,SCHEDULED
2026-09-25T00:09:44.345483+00:00,1287177,081,2366,15,0,1790296138,,,SCHEDULED
2026-09-25T00:09:44.345483+00:00,1287177,081,2367,16,0,1790296207,,,SCHEDULED
2026-09-25T00:09:44.345483+00:00,1287177,081,5203,17,0,1790296322,,,SCHEDULED
2026-09-25T00:09:44.345483+00:00,1287177,081,2368,18,0,1790296451,,,SCHEDULED
2026-09-25T00:09:44.345483+00:00,1287177,081,2370,19,0,1790296644,,,SCHEDULED
2026-09-25T00:09:44.345483+00:00,1287177,081,2371,20,0,1790296729,,,SCHEDULED
2026-09-25T00:09:44.345483+00:00,1286000,051,3130,54,0,1790294994,,,SCHEDULED
2026-09-25T00:09:44.345483+00:00,1287699,086,699,27,0,1790294998,,,SCHEDULED
2026-09-25T00:09:44.345483+00:00,1287699,086,703,28,0,1790295160,,,SCHEDULED
2026-09-25T00:09:44.345483+00:00,1287699,086,700,29,0,1790295198,,,SCHEDULED
2026-09-25T00:09:44.345483+00:00,1287699,086,706,30,0,1790295238,,,SCHEDULED
2026-09-25T00:09:44.345483+00:00,1287699,086,707,31,0,1790295281,,,SCHEDULED
2026-09-25T00:09:44.345483+00:00,1287699,086,708,32,0,1790295312,,,SCHEDULED
2026-09-25T00:09:44.345483+00:00,1287699,086,834,33,0,1790295376,,,SCHEDULED
2026-09-25T00:09:44.345483+00:00,1287699,086,835,34,0,1790295464,,,SCHEDULED
2026-09-25T00:09:44.345483+00:00,1287699,086,836,35,0,1790295488,,,SCHEDULED
2026-09-25T00:09:44.345483+00:00,1287699,086,838,36,0,1790295534,,,SCHEDULED
2026-09-25T00:09:44.345483+00:00,1287699,086,839,37,0,1790295577,,,SCHEDULED
2026-09-25T00:09:44.345483+00:00,1287699,086,840,38,0,1790295636,,,SCHEDULED
2026-09-25T00:09:44.345483+00:00,1287699,086,581,39,0,1790295684,,,SCHEDULED
2026-09-25T00:09:44.345483+00:00,1287699,086,582,40,0,1790295722,,,SCHEDULED
2026-09-25T00:09:44.345483+00:00,1287699,086,583,41,0,1790295770,,,SCHEDULED
2026-09-25T00:09:44.345483+00:00,1287699,086,584,42,0,1790295807,,,SCHEDULED
2026-09-25T00:09:44.345483+00:00,1287699,086,585,43,0,1790295874,,,SCHEDULED
2026-09-25T00:09:44.345483+00:00,1287699,086,586,44,0,1790295949,,,SCHEDULED
2026-09-25T00:09:44.345483+00:00,1288269,142,525,1,,,0,1790296415,SCHEDULED
2026-09-25T00:09:44.345483+00:00,1288269,142,526,2,0,1790296445,,,SCHEDULED
2026-09-25T00:09:44.345483+00:00,1288269,142,527,3,0,1790296453,,,SCHEDULED
2026-09-25T00:09:44.345483+00:00,1288269,142,528,4,0,1790296461,,,SCHEDULED
2026-09-25T00:09:44.345483+00:00,1288269,142,5252,5,0,1790296492,,,SCHEDULED
2026-09-25T00:09:44.345483+00:00,1288269,142,531,6,0,1790296500,,,SCHEDULED
2026-09-25T00:09:44.345483+00:00,1285557,030,275,1,,,0,1790295960,SCHEDULED
2026-09-25T00:09:44.345483+00:00,1285557,030,1689,2,0,1790296087,,,SCHEDULED
2026-09-25T00:09:44.345483+00:00,1285557,030,1691,3,0,1790296130,,,SCHEDULED
2026-09-25T00:09:44.345483+00:00,1285557,030,1692,4,0,1790296144,,,SCHEDULED
2026-09-25T00:09:44.345483+00:00,1285557,030,1693,5,0,1790296166,,,SCHEDULED
2026-09-25T00:09:44.345483+00:00,1285557,030,1694,6,0,1790296185,,,SCHEDULED
2026-09-25T00:09:44.345483+00:00,1285557,030,1695,7,0,1790296200,,,SCHEDULED
2026-09-25T00:09:44.345483+00:00,1285557,030,1697,8,0,1790296243,,,SCHEDULED
2026-09-25T00:09:44.345483+00:00,1285557,030,1699,9,0,1790296291,,,SCHEDULED
2026-09-25T00:09:44.345483+00:00,1285557,030,1700,10,0,1790296320,,,SCHEDULED
2026-09-25T00:09:44.345483+00:00,1285557,030,1701,11,0,1790296345,,,SCHEDULED
2026-09-25T00:09:44.345483+00:00,1285557,030,1702,12,0,1790296384,,,SCHEDULED
2026-09-25T00:09:44.345483+00:00,1285557,030,1703,13,0,1790296422,,,SCHEDULED
2026-09-25T00:09:44.345483+00:00,1285557,030,1704,14,0,1790296487,,,SCHEDULED
2026-09-25T00:09:44.345483+00:00,1285557,030,1705,15,0,1790296555,,,SCHEDULED
2026-09-25T00:09:44.345483+00:00,1285557,030,1707,16,0,1790296620,,,SCHEDULED
2026-09-25T00:09:44.345483+00:00,1285557,030,1708,17,0,1790296657,,,SCHEDULED
2026-09-25T00:09:44.345483+00:00,1285557,030,1709,18,0,1790296701,,,SCHEDULED
2026-09-25T00:09:44.345483+00:00,1284105,001,1801,1,,,0,1790296440,SCHEDULED
2026-09-25T00:09:44.345483+00:00,1284105,001,3073,2,0,1790296484,,,SCHEDULED
2026-09-25T00:09:44.345483+00:00,1284105,001,630,3,0,1790296615,,,SCHEDULED
2026-09-25T00:09:44.345483+00:00,1284105,001,631,4,0,1790296664,,,SCHEDULED
2026-09-25T00:09:44.345483+00:00,1284105,001,632,5,0,1790296693,,,SCHEDULED
2026-09-25T00:09:44.345483+00:00,1287219,081,1612,1,,,0,1790295480,SCHEDULED
2026-09-25T00:09:44.345483+00:00,1287219,081,1613,2,0,1790295579,,,SCHEDULED
2026-09-25T00:09:44.345483+00:00,1287219,081,2311,3,0,1790295628,,,SCHEDULED
2026-09-25T00:09:44.345483+00:00,1287219,081,2312,4,0,1790295821,,,SCHEDULED
2026-09-25T00:09:44.345483+00:00,1287219,081,2313,5,0,1790295879,,,SCHEDULED
2026-09-25T00:09:44.345483+00:00,1287219,081,2314,6,0,1790295962,,,SCHEDULED
2026-09-25T00:09:44.345483+00:00,1287219,081,2315,7,0,1790296055,,,SCHEDULED
2026-09-25T00:09:44.345483+00:00,1287219,081,5203,8,0,1790296200,,,SCHEDULED
2026-09-25T00:09:44.345483+00:00,1287219,081,2317,9,0,1790296311,,,SCHEDULED
2026-09-25T00:09:44.345483+00:00,1287219,081,2318,10,0,1790296395,,,SCHEDULED
2026-09-25T00:09:44.345483+00:00,1287219,081,2319,11,0,1790296458,,,SCHEDULED
2026-09-25T00:09:44.345483+00:00,1287219,081,2320,12,0,1790296493,,,SCHEDULED
2026-09-25T00:09:44.345483+00:00,1287219,081,2321,13,0,1790296573,,,SCHEDULED
2026-09-25T00:09:44.345483+00:00,1287219,081,2322,14,0,1790296640,,,SCHEDULED
2026-09-25T00:09:44.345483+00:00,1287219,081,2323,15,0,1790296692,,,SCHEDULED
2026-09-25T00:09:44.345483+00:00,1284107,001,630,3,0,1790295006,,,SCHEDULED
2026-09-25T00:09:44.345483+00:00,1284107,001,631,4,0,1790295059,,,SCHEDULED
2026-09-25T00:09:44.345483+00:00,1284107,001,632,5,0,1790295091,,,SCHEDULED
2026-09-25T00:09:44.345483+00:00,1284107,001,634,6,0,1790295169,,,SCHEDULED
2026-09-25T00:09:44.345483+00:00,1284107,001,635,7,0,1790295248,,,SCHEDULED
2026-09-25T00:09:44.345483+00:00,1284107,001,636,8,0,1790295336,,,SCHEDULED
2026-09-25T00:09:44.345483+00:00,1284107,001,637,9,0,1790295375,,,SCHEDULED
2026-09-25T00:09:44.345483+00:00,1284107,001,638,10,0,1790295424,,,SCHEDULED
2026-09-25T00:09:44.345483+00:00,1284107,001,639,11,0,1790295473,,,SCHEDULED
2026-09-25T00:09:44.345483+00:00,1284107,001,640,12,0,1790295530,,,SCHEDULED
2026-09-25T00:09:44.345483+00:00,1284107,001,641,13,0,1790295577,,,SCHEDULED
2026-09-25T00:09:44.345483+00:00,1284107,001,642,14,0,1790295672,,,SCHEDULED
2026-09-25T00:09:44.345483+00:00,1284107,001,643,15,0,1790295721,,,SCHEDULED
2026-09-25T00:09:44.345483+00:00,1284107,001,644,16,0,1790295768,,,SCHEDULED
2026-09-25T00:09:44.345483+00:00,1284107,001,645,17,0,1790295820,,,SCHEDULED
2026-09-25T00:09:44.345483+00:00,1284107,001,646,18,0,1790295855,,,SCHEDULED
2026-09-25T00:09:44.345483+00:00,1284107,001,647,19,0,1790295924,,,SCHEDULED
2026-09-25T00:09:44.345483+00:00,1284107,001,648,20,0,1790295996,,,SCHEDULED
2026-09-25T00:09:44.345483+00:00,1284107,001,649,21,0,1790296051,,,SCHEDULED
2026-09-25T00:09:44.345483+00:00,1284107,001,5351,22,0,1790296072,,,SCHEDULED
2026-09-25T00:09:44.345483+00:00,1284107,001,1308,23,0,1790296133,,,SCHEDULED
2026-09-25T00:09:44.345483+00:00,1284107,001,1309,24,0,1790296204,,,SCHEDULED
2026-09-25T00:09:44.345483+00:00,1284107,001,1310,25,0,1790296301,,,SCHEDULED
2026-09-25T00:09:44.345483+00:00,1284107,001,1311,26,0,1790296376,,,SCHEDULED
2026-09-25T00:09:44.345483+00:00,1284107,001,5363,27,0,1790296485,,,SCHEDULED
2026-09-25T00:09:44.345483+00:00,1284107,001,1313,28,0,1790296530,,,SCHEDULED
2026-09-25T00:09:44.345483+00:00,1284107,001,1314,29,0,1790296583,,,SCHEDULED
2026-09-25T00:09:44.345483+00:00,1284107,001,1315,30,0,1790296710,,,SCHEDULED
2026-09-25T00:09:44.345483+00:00,1284107,001,1316,31,0,1790296751,,,SCHEDULED
2026-09-25T00:09:44.345483+00:00,1285558,030,1708,17,0,1790295000,,,SCHEDULED
2026-09-25T00:09:44.345483+00:00,1285558,030,1709,18,0,1790295044,,,SCHEDULED
2026-09-25T00:09:44.345483+00:00,1285558,030,1710,19,0,1790295100,,,SCHEDULED
2026-09-25T00:09:44.345483+00:00,1285558,030,1711,20,0,1790295148,,,SCHEDULED
2026-09-25T00:09:44.345483+00:00,1285558,030,519,21,0,1790295174,,,SCHEDULED
2026-09-25T00:09:44.345483+00:00,1285558,030,521,22,0,1790295222,,,SCHEDULED
2026-09-25T00:09:44.345483+00:00,1285558,030,522,23,0,1790295288,,,SCHEDULED
2026-09-25T00:09:44.345483+00:00,1285558,030,525,24,0,1790295385,,,SCHEDULED
2026-09-25T00:09:44.345483+00:00,1285558,030,526,25,0,1790295503,,,SCHEDULED
2026-09-25T00:09:44.345483+00:00,1285558,030,527,26,0,1790295533,,,SCHEDULED
2026-09-25T00:09:44.345483+00:00,1285558,030,528,27,0,1790295563,,,SCHEDULED
2026-09-25T00:09:44.345483+00:00,1285558,030,5252,28,0,1790295680,,,SCHEDULED
2026-09-25T00:09:44.345483+00:00,1285558,030,281,29,0,1790295786,,,SCHEDULED
2026-09-25T00:09:44.345483+00:00,1284106,001,1801,1,,,0,1790295540,SCHEDULED
2026-09-25T00:09:44.345483+00:00,1284106,001,3073,2,0,1790295584,,,SCHEDULED
2026-09-25T00:09:44.345483+00:00,1284106,001,630,3,0,1790295715,,,SCHEDULED
2026-09-25T00:09:44.345483+00:00,1284106,001,631,4,0,1790295764,,,SCHEDULED
2026-09-25T00:09:44.345483+00:00,1284106,001,632,5,0,1790295793,,,SCHEDULED
2026-09-25T00:09:44.345483+00:00,1284106,001,634,6,0,1790295864,,,SCHEDULED
2026-09-25T00:09:44.345483+00:00,1284106,001,635,7,0,1790295935,,,SCHEDULED
2026-09-25T00:09:44.345483+00:00,1284106,001,636,8,0,1790296015,,,SCHEDULED
2026-09-25T00:09:44.345483+00:00,1284106,001,637,9,0,1790296051,,,SCHEDULED
2026-09-25T00:09:44.345483+00:00,1284106,001,638,10,0,1790296095,,,SCHEDULED
2026-09-25T00:09:44.345483+00:00,1284106,001,639,11,0,1790296140,,,SCHEDULED
2026-09-25T00:09:44.345483+00:00,1284106,001,640,12,0,1790296192,,,SCHEDULED
2026-09-25T00:09:44.345483+00:00,1284106,001,641,13,0,1790296234,,,SCHEDULED
2026-09-25T00:09:44.345483+00:00,1284106,001,642,14,0,1790296321,,,SCHEDULED
2026-09-25T00:09:44.345483+00:00,1284106,001,643,15,0,1790296366,,,SCHEDULED
2026-09-25T00:09:44.345483+00:00,1284106,001,644,16,0,1790296408,,,SCHEDULED
2026-09-25T00:09:44.345483+00:00,1284106,001,645,17,0,1790296455,,,SCHEDULED
2026-09-25T00:09:44.345483+00:00,1284106,001,646,18,0,1790296487,,,SCHEDULED
2026-09-25T00:09:44.345483+00:00,1284106,001,647,19,0,1790296550,,,SCHEDULED
2026-09-25T00:09:44.345483+00:00,1284106,001,648,20,0,1790296616,,,SCHEDULED
2026-09-25T00:09:44.345483+00:00,1284106,001,649,21,0,1790296666,,,SCHEDULED
2026-09-25T00:09:44.345483+00:00,1284106,001,5351,22,0,1790296684,,,SCHEDULED
2026-09-25T00:09:44.345483+00:00,1284106,001,1308,23,0,1790296740,,,SCHEDULED
2026-09-25T00:09:44.345483+00:00,1284109,001,2807,34,0,1790294992,,,SCHEDULED
2026-09-25T00:09:44.345483+00:00,1284108,001,647,19,0,1790295040,,,SCHEDULED
2026-09-25T00:09:44.345483+00:00,1284108,001,648,20,0,1790295112,,,SCHEDULED
2026-09-25T00:09:44.345483+00:00,1284108,001,649,21,0,1790295167,,,SCHEDULED
2026-09-25T00:09:44.345483+00:00,1284108,001,5351,22,0,1790295188,,,SCHEDULED
2026-09-25T00:09:44.345483+00:00,1284108,001,1308,23,0,1790295249,,,SCHEDULED
2026-09-25T00:09:44.345483+00:00,1284108,001,1309,24,0,1790295320,,,SCHEDULED
2026-09-25T00:09:44.345483+00:00,1284108,001,1310,25,0,1790295417,,,SCHEDULED
2026-09-25T00:09:44.345483+00:00,1284108,001,1311,26,0,1790295492,,,SCHEDULED
2026-09-25T00:09:44.345483+00:00,1284108,001,5363,27,0,1790295601,,,SCHEDULED
2026-09-25T00:09:44.345483+00:00,1284108,001,1313,28,0,1790295646,,,SCHEDULED
2026-09-25T00:09:44.345483+00:00,1284108,001,1314,29,0,1790295699,,,SCHEDULED
2026-09-25T00:09:44.345483+00:00,1284108,001,1315,30,0,1790295826,,,SCHEDULED
2026-09-25T00:09:44.345483+00:00,1284108,001,1316,31,0,1790295867,,,SCHEDULED
2026-09-25T00:09:44.345483+00:00,1284108,001,1317,32,0,1790295912,,,SCHEDULED
2026-09-25T00:09:44.345483+00:00,1284108,001,1318,33,0,1790295957,,,SCHEDULED
2026-09-25T00:09:44.345483+00:00,1284108,001,2807,34,0,1790296047,,,SCHEDULED
2026-09-25T00:09:44.345483+00:00,1287220,081,2322,14,0,1790295017,,,SCHEDULED
2026-09-25T00:09:44.345483+00:00,1287220,081,2323,15,0,1790295069,,,SCHEDULED
2026-09-25T00:09:44.345483+00:00,1287220,081,2324,16,0,1790295128,,,SCHEDULED
2026-09-25T00:09:44.345483+00:00,1287220,081,2325,17,0,1790295177,,,SCHEDULED
2026-09-25T00:09:44.345483+00:00,1287220,081,2326,18,0,1790295237,,,SCHEDULED
2026-09-25T00:09:44.345483+00:00,1287220,081,2328,19,0,1790295329,,,SCHEDULED
2026-09-25T00:09:44.345483+00:00,1287220,081,2329,20,0,1790295383,,,SCHEDULED
2026-09-25T00:09:44.345483+00:00,1287220,081,2330,21,0,1790295442,,,SCHEDULED
2026-09-25T00:09:44.345483+00:00,1287220,081,4811,22,0,1790295502,,,SCHEDULED
2026-09-25T00:09:44.345483+00:00,1287220,081,4810,23,0,1790295548,,,SCHEDULED
2026-09-25T00:09:44.345483+00:00,1286896,072,377,1,,,0,1790295120,SCHEDULED
2026-09-25T00:09:44.345483+00:00,1286896,072,2873,2,0,1790295244,,,SCHEDULED
2026-09-25T00:09:44.345483+00:00,1286896,072,2874,3,0,1790295283,,,SCHEDULED
2026-09-25T00:09:44.345483+00:00,1286896,072,2884,4,0,1790295359,,,SCHEDULED
2026-09-25T00:09:44.345483+00:00,1286896,072,2885,5,0,1790295415,,,SCHEDULED
2026-09-25T00:09:44.345483+00:00,1286896,072,2886,6,0,1790295456,,,SCHEDULED
2026-09-25T00:09:44.345483+00:00,1286896,072,2887,7,0,1790295525,,,SCHEDULED
2026-09-25T00:09:44.345483+00:00,1286896,072,2888,8,0,1790295586,,,SCHEDULED
2026-09-25T00:09:44.345483+00:00,1286896,072,2889,9,0,1790295660,,,SCHEDULED
2026-09-25T00:09:44.345483+00:00,1286896,072,2891,10,0,1790295727,,,SCHEDULED
2026-09-25T00:09:44.345483+00:00,1286896,072,2892,11,0,1790295765,,,SCHEDULED
2026-09-25T00:09:44.345483+00:00,1286896,072,3860,12,0,1790295810,,,SCHEDULED
2026-09-25T00:09:44.345483+00:00,1286896,072,3787,13,0,1790295904,,,SCHEDULED
2026-09-25T00:09:44.345483+00:00,1286896,072,3788,14,0,1790295954,,,SCHEDULED
2026-09-25T00:09:44.345483+00:00,1286896,072,3789,15,0,1790295995,,,SCHEDULED
2026-09-25T00:09:44.345483+00:00,1286896,072,3790,16,0,1790296057,,,SCHEDULED
2026-09-25T00:09:44.345483+00:00,1286896,072,3791,17,0,1790296095,,,SCHEDULED
2026-09-25T00:09:44.345483+00:00,1286896,072,3785,18,0,1790296133,,,SCHEDULED
2026-09-25T00:09:44.345483+00:00,1286896,072,3792,19,0,1790296168,,,SCHEDULED
2026-09-25T00:09:44.345483+00:00,1286896,072,3793,20,0,1790296218,,,SCHEDULED
2026-09-25T00:09:44.345483+00:00,1286896,072,3794,21,0,1790296260,,,SCHEDULED
2026-09-25T00:09:44.345483+00:00,1286896,072,3795,22,0,1790296296,,,SCHEDULED
2026-09-25T00:09:44.345483+00:00,1286896,072,3796,23,0,1790296338,,,SCHEDULED
2026-09-25T00:09:44.345483+00:00,1286896,072,5250,24,0,1790296384,,,SCHEDULED
2026-09-25T00:09:44.345483+00:00,1286896,072,3798,25,0,1790296417,,,SCHEDULED
2026-09-25T00:09:44.345483+00:00,1286896,072,3799,26,0,1790296469,,,SCHEDULED
2026-09-25T00:09:44.345483+00:00,1286896,072,3800,27,0,1790296532,,,SCHEDULED
2026-09-25T00:09:44.345483+00:00,1286896,072,3801,28,0,1790296560,,,SCHEDULED
2026-09-25T00:09:44.345483+00:00,1286896,072,3802,29,0,1790296596,,,SCHEDULED
2026-09-25T00:09:44.345483+00:00,1286896,072,3852,30,0,1790296641,,,SCHEDULED
2026-09-25T00:09:44.345483+00:00,1286897,072,3802,29,0,1790294993,,,SCHEDULED
2026-09-25T00:09:44.345483+00:00,1286897,072,3852,30,0,1790295038,,,SCHEDULED
2026-09-25T00:09:44.345483+00:00,1285328,025,1275,15,0,1790294973,,,SCHEDULED
2026-09-25T00:09:44.345483+00:00,1285328,025,1276,16,0,1790295023,,,SCHEDULED
2026-09-25T00:09:44.345483+00:00,1285328,025,1277,17,0,1790295094,,,SCHEDULED
2026-09-25T00:09:44.345483+00:00,1285328,025,1278,18,0,1790295150,,,SCHEDULED
2026-09-25T00:09:44.345483+00:00,1285328,025,1279,19,0,1790295212,,,SCHEDULED
2026-09-25T00:09:44.345483+00:00,1285328,025,1280,20,0,1790295286,,,SCHEDULED
2026-09-25T00:09:44.345483+00:00,1285328,025,1281,21,0,1790295331,,,SCHEDULED
2026-09-25T00:09:44.345483+00:00,1285328,025,1282,22,0,1790295361,,,SCHEDULED
2026-09-25T00:09:44.345483+00:00,1285328,025,1481,23,0,1790295448,,,SCHEDULED
2026-09-25T00:09:44.345483+00:00,1285328,025,1482,24,0,1790295482,,,SCHEDULED
2026-09-25T00:09:44.345483+00:00,1285328,025,1483,25,0,1790295533,,,SCHEDULED
2026-09-25T00:09:44.345483+00:00,1285328,025,1484,26,0,1790295584,,,SCHEDULED
2026-09-25T00:09:44.345483+00:00,1285328,025,1485,27,0,1790295651,,,SCHEDULED
2026-09-25T00:09:44.345483+00:00,1285328,025,1486,28,0,1790295690,,,SCHEDULED
2026-09-25T00:09:44.345483+00:00,1285328,025,3614,29,0,1790295772,,,SCHEDULED
2026-09-25T00:09:44.345483+00:00,1285328,025,3615,30,0,1790295838,,,SCHEDULED
2026-09-25T00:09:44.345483+00:00,1285328,025,3616,31,0,1790295920,,,SCHEDULED
2026-09-25T00:09:44.345483+00:00,1285328,025,3617,32,0,1790295980,,,SCHEDULED
2026-09-25T00:09:44.345483+00:00,1285328,025,3618,33,0,1790296041,,,SCHEDULED
2026-09-25T00:09:44.345483+00:00,1285328,025,3619,34,0,1790296077,,,SCHEDULED
2026-09-25T00:09:44.345483+00:00,1285328,025,3620,35,0,1790296171,,,SCHEDULED
2026-09-25T00:09:44.345483+00:00,1285328,025,3621,36,0,1790296221,,,SCHEDULED
2026-09-25T00:09:44.345483+00:00,1285328,025,3622,37,0,1790296265,,,SCHEDULED
2026-09-25T00:09:44.345483+00:00,1285328,025,3623,38,0,1790296291,,,SCHEDULED
2026-09-25T00:09:44.345483+00:00,1285328,025,3624,39,0,1790296347,,,SCHEDULED
2026-09-25T00:09:44.345483+00:00,1285328,025,3625,40,0,1790296394,,,SCHEDULED
2026-09-25T00:09:44.345483+00:00,1285328,025,3626,41,0,1790296435,,,SCHEDULED
2026-09-25T00:09:44.345483+00:00,1285328,025,3627,42,0,1790296471,,,SCHEDULED
2026-09-25T00:09:44.345483+00:00,1285328,025,3628,43,0,1790296489,,,SCHEDULED
2026-09-25T00:09:44.345483+00:00,1285328,025,4603,44,0,1790296584,,,SCHEDULED
2026-09-25T00:09:44.345483+00:00,1285328,025,4604,45,0,1790296650,,,SCHEDULED
2026-09-25T00:09:44.345483+00:00,1288439,177,658,1,,,0,1790296740,SCHEDULED
2026-09-25T00:09:44.345483+00:00,1285327,025,241,1,,,0,1790295300,SCHEDULED
2026-09-25T00:09:44.345483+00:00,1285327,025,1255,2,0,1790295529,,,SCHEDULED
2026-09-25T00:09:44.345483+00:00,1285327,025,1263,3,0,1790295614,,,SCHEDULED
2026-09-25T00:09:44.345483+00:00,1285327,025,1264,4,0,1790295662,,,SCHEDULED
2026-09-25T00:09:44.345483+00:00,1285327,025,1265,5,0,1790295734,,,SCHEDULED
2026-09-25T00:09:44.345483+00:00,1285327,025,1266,6,0,1790295811,,,SCHEDULED
2026-09-25T00:09:44.345483+00:00,1285327,025,1267,7,0,1790295900,,,SCHEDULED
2026-09-25T00:09:44.345483+00:00,1285327,025,1268,8,0,1790295971,,,SCHEDULED
2026-09-25T00:09:44.345483+00:00,1285327,025,1269,9,0,1790296028,,,SCHEDULED
2026-09-25T00:09:44.345483+00:00,1285327,025,1270,10,0,1790296148,,,SCHEDULED
2026-09-25T00:09:44.345483+00:00,1285327,025,1271,11,0,1790296260,,,SCHEDULED
2026-09-25T00:09:44.345483+00:00,1285327,025,1272,12,0,1790296304,,,SCHEDULED
2026-09-25T00:09:44.345483+00:00,1285327,025,1273,13,0,1790296369,,,SCHEDULED
2026-09-25T00:09:44.345483+00:00,1285327,025,1274,14,0,1790296431,,,SCHEDULED
2026-09-25T00:09:44.345483+00:00,1285327,025,1275,15,0,1790296502,,,SCHEDULED
2026-09-25T00:09:44.345483+00:00,1285327,025,1276,16,0,1790296552,,,SCHEDULED
2026-09-25T00:09:44.345483+00:00,1285327,025,1277,17,0,1790296623,,,SCHEDULED
2026-09-25T00:09:44.345483+00:00,1285327,025,1278,18,0,1790296679,,,SCHEDULED
2026-09-25T00:09:44.345483+00:00,1285329,025,3374,49,0,1790294974,,,SCHEDULED
2026-09-25T00:09:44.345483+00:00,1285329,025,3375,50,0,1790295024,,,SCHEDULED
2026-09-25T00:09:44.345483+00:00,1285329,025,3376,51,0,1790295086,,,SCHEDULED
2026-09-25T00:09:44.345483+00:00,1285329,025,3377,52,0,1790295121,,,SCHEDULED
2026-09-25T00:09:44.345483+00:00,1285329,025,3378,53,0,1790295141,,,SCHEDULED
2026-09-25T00:09:44.345483+00:00,1285329,025,3379,54,0,1790295195,,,SCHEDULED
2026-09-25T00:09:44.345483+00:00,1285329,025,3380,55,0,1790295222,,,SCHEDULED
2026-09-25T00:09:44.345483+00:00,1285329,025,3381,56,0,1790295260,,,SCHEDULED
2026-09-25T00:09:44.345483+00:00,1285329,025,3382,57,0,1790295296,,,SCHEDULED
2026-09-25T00:09:44.345483+00:00,1285329,025,3383,58,0,1790295367,,,SCHEDULED
2026-09-25T00:09:44.345483+00:00,1285329,025,3389,59,0,1790295438,,,SCHEDULED
2026-09-25T00:09:44.345483+00:00,1288394,175,1661,1,,,0,1790296500,SCHEDULED
2026-09-25T00:09:44.345483+00:00,1288394,175,1667,2,0,1790296680,,,SCHEDULED
2026-09-25T00:09:44.345483+00:00,1287184,081,2180,1,,,0,1790296020,SCHEDULED
2026-09-25T00:09:44.345483+00:00,1287184,081,2181,2,0,1790296056,,,SCHEDULED
2026-09-25T00:09:44.345483+00:00,1287184,081,2183,3,0,1790296109,,,SCHEDULED
2026-09-25T00:09:44.345483+00:00,1287184,081,2184,4,0,1790296152,,,SCHEDULED
2026-09-25T00:09:44.345483+00:00,1287184,081,2185,5,0,1790296243,,,SCHEDULED
2026-09-25T00:09:44.345483+00:00,1287184,081,2186,6,0,1790296321,,,SCHEDULED
2026-09-25T00:09:44.345483+00:00,1287184,081,2358,7,0,1790296440,,,SCHEDULED
2026-09-25T00:09:44.345483+00:00,1287184,081,2359,8,0,1790296500,,,SCHEDULED
2026-09-25T00:09:44.345483+00:00,1287184,081,2360,9,0,1790296554,,,SCHEDULED
2026-09-25T00:09:44.345483+00:00,1287184,081,2361,10,0,1790296615,,,SCHEDULED
2026-09-25T00:09:44.345483+00:00,1287184,081,2362,11,0,1790296666,,,SCHEDULED
2026-09-25T00:09:44.345483+00:00,1287184,081,2363,12,0,1790296733,,,SCHEDULED
2026-09-25T00:09:44.345483+00:00,1285054,021,3388,45,0,1790295003,,,SCHEDULED
2026-09-25T00:09:44.345483+00:00,1285054,021,3389,46,0,1790295082,,,SCHEDULED
2026-09-25T00:09:44.345483+00:00,1285296,025,1239,43,0,1790295013,,,SCHEDULED
2026-09-25T00:09:44.345483+00:00,1285296,025,1240,44,0,1790295076,,,SCHEDULED
2026-09-25T00:09:44.345483+00:00,1285296,025,1241,45,0,1790295140,,,SCHEDULED
2026-09-25T00:09:44.345483+00:00,1285296,025,1242,46,0,1790295200,,,SCHEDULED
2026-09-25T00:09:44.345483+00:00,1285296,025,1243,47,0,1790295283,,,SCHEDULED
2026-09-25T00:09:44.345483+00:00,1285296,025,1244,48,0,1790295340,,,SCHEDULED
2026-09-25T00:09:44.345483+00:00,1285296,025,1245,49,0,1790295406,,,SCHEDULED
2026-09-25T00:09:44.345483+00:00,1285296,025,1246,50,0,1790295456,,,SCHEDULED
2026-09-25T00:09:44.345483+00:00,1285296,025,1247,51,0,1790295540,,,SCHEDULED
2026-09-25T00:09:44.345483+00:00,1285296,025,1248,52,0,1790295626,,,SCHEDULED
2026-09-25T00:09:44.345483+00:00,1285296,025,1249,53,0,1790295745,,,SCHEDULED
2026-09-25T00:09:44.345483+00:00,1285296,025,1250,54,0,1790295808,,,SCHEDULED
2026-09-25T00:09:44.345483+00:00,1285296,025,1251,55,0,1790295900,,,SCHEDULED
2026-09-25T00:09:44.345483+00:00,1285296,025,1252,56,0,1790295951,,,SCHEDULED
2026-09-25T00:09:44.345483+00:00,1285296,025,1253,57,0,1790296045,,,SCHEDULED
2026-09-25T00:09:44.345483+00:00,1285296,025,1254,58,0,1790296122,,,SCHEDULED
2026-09-25T00:09:44.345483+00:00,1285296,025,1262,59,0,1790296206,,,SCHEDULED
2026-09-25T00:09:44.345483+00:00,1285295,025,3333,3,0,1790295072,,,SCHEDULED
2026-09-25T00:09:44.345483+00:00,1285295,025,3334,4,0,1790295139,,,SCHEDULED
2026-09-25T00:09:44.345483+00:00,1285295,025,3335,5,0,1790295187,,,SCHEDULED
2026-09-25T00:09:44.345483+00:00,1285295,025,3336,6,0,1790295245,,,SCHEDULED
2026-09-25T00:09:44.345483+00:00,1285295,025,3337,7,0,1790295293,,,SCHEDULED
2026-09-25T00:09:44.345483+00:00,1285295,025,3338,8,0,1790295334,,,SCHEDULED
2026-09-25T00:09:44.345483+00:00,1285295,025,3339,9,0,1790295358,,,SCHEDULED
2026-09-25T00:09:44.345483+00:00,1285295,025,753,10,0,1790295385,,,SCHEDULED
2026-09-25T00:09:44.345483+00:00,1285295,025,3340,11,0,1790295406,,,SCHEDULED
2026-09-25T00:09:44.345483+00:00,1285295,025,3341,12,0,1790295442,,,SCHEDULED
2026-09-25T00:09:44.345483+00:00,1285295,025,3342,13,0,1790295489,,,SCHEDULED
2026-09-25T00:09:44.345483+00:00,1285295,025,3343,14,0,1790295514,,,SCHEDULED
2026-09-25T00:09:44.345483+00:00,1285295,025,4660,15,0,1790295582,,,SCHEDULED
2026-09-25T00:09:44.345483+00:00,1285295,025,5265,16,0,1790295639,,,SCHEDULED
2026-09-25T00:09:44.345483+00:00,1285295,025,4661,17,0,1790295711,,,SCHEDULED
2026-09-25T00:09:44.345483+00:00,1285295,025,4662,18,0,1790295787,,,SCHEDULED
2026-09-25T00:09:44.345483+00:00,1285295,025,3589,19,0,1790295876,,,SCHEDULED
2026-09-25T00:09:44.345483+00:00,1285295,025,3590,20,0,1790295898,,,SCHEDULED
2026-09-25T00:09:44.345483+00:00,1285295,025,3591,21,0,1790295969,,,SCHEDULED
2026-09-25T00:09:44.345483+00:00,1285295,025,3592,22,0,1790296021,,,SCHEDULED
2026-09-25T00:09:44.345483+00:00,1285295,025,3593,23,0,1790296081,,,SCHEDULED
2026-09-25T00:09:44.345483+00:00,1285295,025,3594,24,0,1790296134,,,SCHEDULED
2026-09-25T00:09:44.345483+00:00,1285295,025,3595,25,0,1790296183,,,SCHEDULED
2026-09-25T00:09:44.345483+00:00,1285295,025,3596,26,0,1790296254,,,SCHEDULED
2026-09-25T00:09:44.345483+00:00,1285295,025,3597,27,0,1790296318,,,SCHEDULED
2026-09-25T00:09:44.345483+00:00,1285295,025,3598,28,0,1790296377,,,SCHEDULED
2026-09-25T00:09:44.345483+00:00,1285295,025,3599,29,0,1790296415,,,SCHEDULED
2026-09-25T00:09:44.345483+00:00,1285295,025,3600,30,0,1790296472,,,SCHEDULED
2026-09-25T00:09:44.345483+00:00,1285295,025,3601,31,0,1790296502,,,SCHEDULED
2026-09-25T00:09:44.345483+00:00,1285295,025,3602,32,0,1790296569,,,SCHEDULED
2026-09-25T00:09:44.345483+00:00,1285295,025,3603,33,0,1790296616,,,SCHEDULED
2026-09-25T00:09:44.345483+00:00,1285295,025,1356,34,0,1790296656,,,SCHEDULED
2026-09-25T00:09:44.345483+00:00,1285295,025,1357,35,0,1790296751,,,SCHEDULED
2026-09-25T00:09:44.345483+00:00,1285056,021,319,1,,,0,1790295480,SCHEDULED
2026-09-25T00:09:44.345483+00:00,1285056,021,2770,2,0,1790295682,,,SCHEDULED
2026-09-25T00:09:44.345483+00:00,1285056,021,2771,3,0,1790295768,,,SCHEDULED
2026-09-25T00:09:44.345483+00:00,1285056,021,2772,4,0,1790295848,,,SCHEDULED
2026-09-25T00:09:44.345483+00:00,1285056,021,2773,5,0,1790295900,,,SCHEDULED
2026-09-25T00:09:44.345483+00:00,1285056,021,2774,6,0,1790295994,,,SCHEDULED
2026-09-25T00:09:44.345483+00:00,1285056,021,2775,7,0,1790296028,,,SCHEDULED
2026-09-25T00:09:44.345483+00:00,1285056,021,2776,8,0,1790296082,,,SCHEDULED
2026-09-25T00:09:44.345483+00:00,1285056,021,2777,9,0,1790296154,,,SCHEDULED
2026-09-25T00:09:44.345483+00:00,1285056,021,2778,10,0,1790296205,,,SCHEDULED
2026-09-25T00:09:44.345483+00:00,1285056,021,2779,11,0,1790296237,,,SCHEDULED
2026-09-25T00:09:44.345483+00:00,1285056,021,2780,12,0,1790296280,,,SCHEDULED
2026-09-25T00:09:44.345483+00:00,1285056,021,2781,13,0,1790296320,,,SCHEDULED
2026-09-25T00:09:44.345483+00:00,1285056,021,2782,14,0,1790296380,,,SCHEDULED
2026-09-25T00:09:44.345483+00:00,1285056,021,2783,15,0,1790296440,,,SCHEDULED
2026-09-25T00:09:44.345483+00:00,1285056,021,2784,16,0,1790296489,,,SCHEDULED
2026-09-25T00:09:44.345483+00:00,1285056,021,3027,17,0,1790296535,,,SCHEDULED
2026-09-25T00:09:44.345483+00:00,1285056,021,3028,18,0,1790296623,,,SCHEDULED
2026-09-25T00:09:44.345483+00:00,1288288,142,413,3,0,1790295911,,,SCHEDULED
2026-09-25T00:09:44.345483+00:00,1288288,142,414,4,0,1790295922,,,SCHEDULED
2026-09-25T00:09:44.345483+00:00,1288288,142,415,5,0,1790295935,,,SCHEDULED
2026-09-25T00:09:44.345483+00:00,1288288,142,416,6,0,1790295978,,,SCHEDULED
2026-09-25T00:09:44.345483+00:00,1288288,142,418,7,0,1790296064,,,SCHEDULED
2026-09-25T00:09:44.345483+00:00,1288288,142,4763,8,0,1790296215,,,SCHEDULED
2026-09-25T00:09:44.345483+00:00,1288288,142,113,9,0,1790296285,,,SCHEDULED
2026-09-25T00:09:44.345483+00:00,1285452,026,1555,14,0,1790295003,,,SCHEDULED
2026-09-25T00:09:44.345483+00:00,1285452,026,1556,15,0,1790295073,,,SCHEDULED
2026-09-25T00:09:44.345483+00:00,1285452,026,1557,16,0,1790295188,,,SCHEDULED
2026-09-25T00:09:44.345483+00:00,1285452,026,1558,17,0,1790295252,,,SCHEDULED
2026-09-25T00:09:44.345483+00:00,1285452,026,1559,18,0,1790295342,,,SCHEDULED
2026-09-25T00:09:44.345483+00:00,1285452,026,1560,19,0,1790295387,,,SCHEDULED
2026-09-25T00:09:44.345483+00:00,1285452,026,1561,20,0,1790295433,,,SCHEDULED
2026-09-25T00:09:44.345483+00:00,1285452,026,1562,21,0,1790295522,,,SCHEDULED
2026-09-25T00:09:44.345483+00:00,1285452,026,1564,22,0,1790295570,,,SCHEDULED
2026-09-25T00:09:44.345483+00:00,1285452,026,1565,23,0,1790295612,,,SCHEDULED
2026-09-25T00:09:44.345483+00:00,1285452,026,1566,24,0,1790295660,,,SCHEDULED
2026-09-25T00:09:44.345483+00:00,1285452,026,1596,25,0,1790295711,,,SCHEDULED
2026-09-25T00:09:44.345483+00:00,1285452,026,1597,26,0,1790295811,,,SCHEDULED
2026-09-25T00:09:44.345483+00:00,1285452,026,1598,27,0,1790295907,,,SCHEDULED
2026-09-25T00:09:44.345483+00:00,1285452,026,3097,28,0,1790296001,,,SCHEDULED
2026-09-25T00:09:44.345483+00:00,1285452,026,3098,29,0,1790296073,,,SCHEDULED
2026-09-25T00:09:44.345483+00:00,1285452,026,9800,30,0,1790296122,,,SCHEDULED
2026-09-25T00:09:44.345483+00:00,1285452,026,3099,31,0,1790296250,,,SCHEDULED
2026-09-25T00:09:44.345483+00:00,1285452,026,3100,32,0,1790296310,,,SCHEDULED
2026-09-25T00:09:44.345483+00:00,1285452,026,3101,33,0,1790296358,,,SCHEDULED
2026-09-25T00:09:44.345483+00:00,1285452,026,3102,34,0,1790296398,,,SCHEDULED
2026-09-25T00:09:44.345483+00:00,1285452,026,5366,35,0,1790296546,,,SCHEDULED
2026-09-25T00:09:44.345483+00:00,1285452,026,1283,36,0,1790296602,,,SCHEDULED
2026-09-25T00:09:44.345483+00:00,1285452,026,650,37,0,1790296754,,,SCHEDULED
2026-09-25T00:09:44.345483+00:00,1285177,023,9807,1,,,0,1790295840,SCHEDULED
2026-09-25T00:09:44.345483+00:00,1285177,023,1096,2,0,1790295949,,,SCHEDULED
2026-09-25T00:09:44.345483+00:00,1285177,023,1098,3,0,1790296142,,,SCHEDULED
2026-09-25T00:09:44.345483+00:00,1285177,023,1099,4,0,1790296320,,,SCHEDULED
2026-09-25T00:09:44.345483+00:00,1285177,023,1090,5,0,1790296548,,,SCHEDULED
2026-09-25T00:09:44.345483+00:00,1285177,023,1091,6,0,1790296672,,,SCHEDULED
2026-09-25T00:09:44.345483+00:00,1284363,011,8914,7,0,1790295220,,,SCHEDULED
2026-09-25T00:09:44.345483+00:00,1284363,011,8915,8,0,1790295276,,,SCHEDULED
2026-09-25T00:09:44.345483+00:00,1284363,011,5329,9,0,1790295338,,,SCHEDULED
2026-09-25T00:09:44.345483+00:00,1284363,011,8917,10,0,1790295383,,,SCHEDULED
2026-09-25T00:09:44.345483+00:00,1284363,011,8918,11,0,1790295421,,,SCHEDULED
2026-09-25T00:09:44.345483+00:00,1284363,011,8919,12,0,1790295508,,,SCHEDULED
2026-09-25T00:09:44.345483+00:00,1284363,011,8920,13,0,1790295554,,,SCHEDULED
2026-09-25T00:09:44.345483+00:00,1284363,011,532,14,0,1790295936,,,SCHEDULED
2026-09-25T00:09:44.345483+00:00,1284363,011,5247,15,0,1790295993,,,SCHEDULED
2026-09-25T00:09:44.345483+00:00,1284363,011,533,16,0,1790296042,,,SCHEDULED
2026-09-25T00:09:44.345483+00:00,1284363,011,534,17,0,1790296074,,,SCHEDULED
2026-09-25T00:09:44.345483+00:00,1284363,011,221,18,0,1790296386,,,SCHEDULED
2026-09-25T00:09:44.345483+00:00,1284363,011,222,19,0,1790296408,,,SCHEDULED
2026-09-25T00:09:44.345483+00:00,1284363,011,223,20,0,1790296435,,,SCHEDULED
2026-09-25T00:09:44.345483+00:00,1284363,011,225,21,0,1790296498,,,SCHEDULED
2026-09-25T00:09:44.345483+00:00,1284363,011,226,22,0,1790296528,,,SCHEDULED
2026-09-25T00:09:44.345483+00:00,1284363,011,455,23,0,1790296552,,,SCHEDULED
2026-09-25T00:09:44.345483+00:00,1284363,011,456,24,0,1790296594,,,SCHEDULED
2026-09-25T00:09:44.345483+00:00,1284363,011,3197,25,0,1790296661,,,SCHEDULED
2026-09-25T00:09:44.345483+00:00,1284363,011,3198,26,0,1790296724,,,SCHEDULED
2026-09-25T00:09:44.345483+00:00,1284363,011,3199,27,0,1790296762,,,SCHEDULED
2026-09-25T00:09:44.345483+00:00,1288441,177,832,2,0,1790295102,,,SCHEDULED
2026-09-25T00:09:44.345483+00:00,1288441,177,3845,3,0,1790295129,,,SCHEDULED
2026-09-25T00:09:44.345483+00:00,1288441,177,795,4,0,1790295217,,,SCHEDULED
2026-09-25T00:09:44.345483+00:00,1284362,011,5345,1,,,0,1790296080,SCHEDULED
2026-09-25T00:09:44.345483+00:00,1284362,011,8909,2,0,1790296260,,,SCHEDULED
2026-09-25T00:09:44.345483+00:00,1284362,011,8911,3,0,1790296324,,,SCHEDULED
2026-09-25T00:09:44.345483+00:00,1284362,011,8910,4,0,1790296412,,,SCHEDULED
2026-09-25T00:09:44.345483+00:00,1284362,011,8912,5,0,1790296514,,,SCHEDULED
2026-09-25T00:09:44.345483+00:00,1284362,011,8913,6,0,1790296560,,,SCHEDULED
2026-09-25T00:09:44.345483+00:00,1285451,026,316,1,,,0,1790295420,SCHEDULED
2026-09-25T00:09:44.345483+00:00,1285451,026,8959,2,0,1790295572,,,SCHEDULED
2026-09-25T00:09:44.345483+00:00,1285451,026,2989,3,0,1790295668,,,SCHEDULED
2026-09-25T00:09:44.345483+00:00,1285451,026,1545,4,0,1790295888,,,SCHEDULED
2026-09-25T00:09:44.345483+00:00,1285451,026,1546,5,0,1790295960,,,SCHEDULED
2026-09-25T00:09:44.345483+00:00,1285451,026,1547,6,0,1790296056,,,SCHEDULED
2026-09-25T00:09:44.345483+00:00,1285451,026,1548,7,0,1790296110,,,SCHEDULED
2026-09-25T00:09:44.345483+00:00,1285451,026,1549,8,0,1790296186,,,SCHEDULED
2026-09-25T00:09:44.345483+00:00,1285451,026,1550,9,0,1790296248,,,SCHEDULED
2026-09-25T00:09:44.345483+00:00,1285451,026,1551,10,0,1790296320,,,SCHEDULED
2026-09-25T00:09:44.345483+00:00,1285451,026,1552,11,0,1790296390,,,SCHEDULED
2026-09-25T00:09:44.345483+00:00,1285451,026,1553,12,0,1790296454,,,SCHEDULED
2026-09-25T00:09:44.345483+00:00,1285451,026,1554,13,0,1790296533,,,SCHEDULED
2026-09-25T00:09:44.345483+00:00,1285451,026,1555,14,0,1790296581,,,SCHEDULED
2026-09-25T00:09:44.345483+00:00,1285451,026,1556,15,0,1790296651,,,SCHEDULED
2026-09-25T00:09:44.345483+00:00,1285055,021,3027,17,0,1790294974,,,SCHEDULED
2026-09-25T00:09:44.345483+00:00,1285055,021,3028,18,0,1790295062,,,SCHEDULED
2026-09-25T00:09:44.345483+00:00,1285055,021,2795,19,0,1790295285,,,SCHEDULED
2026-09-25T00:09:44.345483+00:00,1285055,021,2796,20,0,1790295331,,,SCHEDULED
2026-09-25T00:09:44.345483+00:00,1285055,021,2797,21,0,1790295413,,,SCHEDULED
2026-09-25T00:09:44.345483+00:00,1285055,021,2798,22,0,1790295559,,,SCHEDULED
2026-09-25T00:09:44.345483+00:00,1285055,021,2799,23,0,1790295605,,,SCHEDULED
2026-09-25T00:09:44.345483+00:00,1285055,021,2800,24,0,1790295696,,,SCHEDULED
2026-09-25T00:09:44.345483+00:00,1285055,021,2801,25,0,1790295754,,,SCHEDULED
2026-09-25T00:09:44.345483+00:00,1285055,021,2802,26,0,1790295803,,,SCHEDULED
2026-09-25T00:09:44.345483+00:00,1285055,021,2803,27,0,1790295849,,,SCHEDULED
2026-09-25T00:09:44.345483+00:00,1285055,021,2804,28,0,1790295885,,,SCHEDULED
2026-09-25T00:09:44.345483+00:00,1285055,021,2805,29,0,1790295925,,,SCHEDULED
2026-09-25T00:09:44.345483+00:00,1285055,021,2806,30,0,1790295968,,,SCHEDULED
2026-09-25T00:09:44.345483+00:00,1285055,021,2807,31,0,1790296007,,,SCHEDULED
2026-09-25T00:09:44.345483+00:00,1285055,021,1184,32,0,1790296139,,,SCHEDULED
2026-09-25T00:09:44.345483+00:00,1285055,021,3301,33,0,1790296159,,,SCHEDULED
2026-09-25T00:09:44.345483+00:00,1285055,021,2807,34,0,1790296195,,,SCHEDULED
2026-09-25T00:09:44.345483+00:00,1285055,021,2808,35,0,1790296274,,,SCHEDULED
2026-09-25T00:09:44.345483+00:00,1285055,021,2809,36,0,1790296383,,,SCHEDULED
2026-09-25T00:09:44.345483+00:00,1285055,021,2810,37,0,1790296455,,,SCHEDULED
2026-09-25T00:09:44.345483+00:00,1285055,021,2811,38,0,1790296546,,,SCHEDULED
2026-09-25T00:09:44.345483+00:00,1285055,021,2812,39,0,1790296619,,,SCHEDULED
2026-09-25T00:09:44.345483+00:00,1285055,021,2813,40,0,1790296674,,,SCHEDULED
2026-09-25T00:09:44.345483+00:00,1285179,023,453,43,0,1790294945,,,SCHEDULED
2026-09-25T00:09:44.345483+00:00,1285179,023,1492,44,0,1790294978,,,SCHEDULED
2026-09-25T00:09:44.345483+00:00,1285179,023,1493,45,0,1790295077,,,SCHEDULED
2026-09-25T00:09:44.345483+00:00,1285179,023,1494,46,0,1790295118,,,SCHEDULED
2026-09-25T00:09:44.345483+00:00,1285179,023,1495,47,0,1790295186,,,SCHEDULED
2026-09-25T00:09:44.345483+00:00,1285179,023,5364,48,0,1790295211,,,SCHEDULED
2026-09-25T00:09:44.345483+00:00,1285179,023,1497,49,0,1790295276,,,SCHEDULED
2026-09-25T00:09:44.345483+00:00,1285179,023,1499,50,0,1790295371,,,SCHEDULED
2026-09-25T00:09:44.345483+00:00,1285179,023,1500,51,0,1790295415,,,SCHEDULED
2026-09-25T00:09:44.345483+00:00,1285179,023,1501,52,0,1790295456,,,SCHEDULED
2026-09-25T00:09:44.345483+00:00,1285179,023,1502,53,0,1790295499,,,SCHEDULED
2026-09-25T00:09:44.345483+00:00,1285179,023,1503,54,0,1790295542,,,SCHEDULED
2026-09-25T00:09:44.345483+00:00,1285179,023,1504,55,0,1790295570,,,SCHEDULED
2026-09-25T00:09:44.345483+00:00,1285179,023,1505,56,0,1790295614,,,SCHEDULED
2026-09-25T00:09:44.345483+00:00,1285179,023,1314,57,0,1790295666,,,SCHEDULED
2026-09-25T00:09:44.345483+00:00,1285179,023,1315,58,0,1790295801,,,SCHEDULED
2026-09-25T00:09:44.345483+00:00,1285179,023,1316,59,0,1790295844,,,SCHEDULED
2026-09-25T00:09:44.345483+00:00,1285179,023,1317,60,0,1790295892,,,SCHEDULED
2026-09-25T00:09:44.345483+00:00,1285179,023,1318,61,0,1790295939,,,SCHEDULED
2026-09-25T00:09:44.345483+00:00,1285179,023,2807,62,0,1790296035,,,SCHEDULED
2026-09-25T00:09:44.345483+00:00,1284365,011,225,21,0,1790295029,,,SCHEDULED
2026-09-25T00:09:44.345483+00:00,1284365,011,226,22,0,1790295059,,,SCHEDULED
2026-09-25T00:09:44.345483+00:00,1284365,011,455,23,0,1790295083,,,SCHEDULED
2026-09-25T00:09:44.345483+00:00,1284365,011,456,24,0,1790295125,,,SCHEDULED
2026-09-25T00:09:44.345483+00:00,1284365,011,3197,25,0,1790295192,,,SCHEDULED
2026-09-25T00:09:44.345483+00:00,1284365,011,3198,26,0,1790295255,,,SCHEDULED
2026-09-25T00:09:44.345483+00:00,1284365,011,3199,27,0,1790295293,,,SCHEDULED
2026-09-25T00:09:44.345483+00:00,1284365,011,1345,28,0,1790295388,,,SCHEDULED
2026-09-25T00:09:44.345483+00:00,1284365,011,128,29,0,1790295489,,,SCHEDULED
2026-09-25T00:09:44.345483+00:00,1284365,011,130,30,0,1790295539,,,SCHEDULED
2026-09-25T00:09:44.345483+00:00,1284365,011,131,31,0,1790295567,,,SCHEDULED
2026-09-25T00:09:44.345483+00:00,1284365,011,132,32,0,1790295595,,,SCHEDULED
2026-09-25T00:09:44.345483+00:00,1284365,011,133,33,0,1790295635,,,SCHEDULED
2026-09-25T00:09:44.345483+00:00,1284365,011,981,34,0,1790295745,,,SCHEDULED
2026-09-25T00:09:44.345483+00:00,1284365,011,983,35,0,1790295808,,,SCHEDULED
2026-09-25T00:09:44.345483+00:00,1284365,011,984,36,0,1790295839,,,SCHEDULED
2026-09-25T00:09:44.345483+00:00,1284365,011,985,37,0,1790295862,,,SCHEDULED
2026-09-25T00:09:44.345483+00:00,1284365,011,986,38,0,1790295899,,,SCHEDULED
2026-09-25T00:09:44.345483+00:00,1284365,011,987,39,0,1790296030,,,SCHEDULED
2026-09-25T00:09:44.345483+00:00,1284365,011,8315,40,0,1790296182,,,SCHEDULED
2026-09-25T00:09:44.345483+00:00,1284365,011,2234,41,0,1790296297,,,SCHEDULED
2026-09-25T00:09:44.345483+00:00,1284365,011,2502,42,0,1790296386,,,SCHEDULED
2026-09-25T00:09:44.345483+00:00,1284365,011,2503,43,0,1790296436,,,SCHEDULED
2026-09-25T00:09:44.345483+00:00,1287237,081,2325,29,0,1790294992,,,SCHEDULED
2026-09-25T00:09:44.345483+00:00,1287237,081,2326,30,0,1790295057,,,SCHEDULED
2026-09-25T00:09:44.345483+00:00,1287237,081,2328,31,0,1790295149,,,SCHEDULED
2026-09-25T00:09:44.345483+00:00,1287237,081,2329,32,0,1790295203,,,SCHEDULED
2026-09-25T00:09:44.345483+00:00,1287237,081,2330,33,0,1790295262,,,SCHEDULED
2026-09-25T00:09:44.345483+00:00,1287237,081,4811,34,0,1790295322,,,SCHEDULED
2026-09-25T00:09:44.345483+00:00,1287237,081,4810,35,0,1790295368,,,SCHEDULED
2026-09-25T00:09:44.345483+00:00,1284364,011,130,30,0,1790295000,,,SCHEDULED
2026-09-25T00:09:44.345483+00:00,1284364,011,131,31,0,1790295028,,,SCHEDULED
2026-09-25T00:09:44.345483+00:00,1284364,011,132,32,0,1790295056,,,SCHEDULED
2026-09-25T00:09:44.345483+00:00,1284364,011,133,33,0,1790295096,,,SCHEDULED
2026-09-25T00:09:44.345483+00:00,1284364,011,981,34,0,1790295206,,,SCHEDULED
2026-09-25T00:09:44.345483+00:00,1284364,011,983,35,0,1790295269,,,SCHEDULED
2026-09-25T00:09:44.345483+00:00,1284364,011,984,36,0,1790295300,,,SCHEDULED
2026-09-25T00:09:44.345483+00:00,1284364,011,985,37,0,1790295323,,,SCHEDULED
2026-09-25T00:09:44.345483+00:00,1284364,011,986,38,0,1790295360,,,SCHEDULED
2026-09-25T00:09:44.345483+00:00,1284364,011,987,39,0,1790295491,,,SCHEDULED
2026-09-25T00:09:44.345483+00:00,1284364,011,8315,40,0,1790295643,,,SCHEDULED
2026-09-25T00:09:44.345483+00:00,1284364,011,2234,41,0,1790295758,,,SCHEDULED
2026-09-25T00:09:44.345483+00:00,1284364,011,2502,42,0,1790295847,,,SCHEDULED
2026-09-25T00:09:44.345483+00:00,1284364,011,2503,43,0,1790295897,,,SCHEDULED
2026-09-25T00:09:44.345483+00:00,1285178,023,1092,7,0,1790294988,,,SCHEDULED
2026-09-25T00:09:44.345483+00:00,1285178,023,1093,8,0,1790295040,,,SCHEDULED
2026-09-25T00:09:44.345483+00:00,1285178,023,1094,9,0,1790295092,,,SCHEDULED
2026-09-25T00:09:44.345483+00:00,1285178,023,1455,10,0,1790295182,,,SCHEDULED
2026-09-25T00:09:44.345483+00:00,1285178,023,1456,11,0,1790295265,,,SCHEDULED
2026-09-25T00:09:44.345483+00:00,1285178,023,1457,12,0,1790295341,,,SCHEDULED
2026-09-25T00:09:44.345483+00:00,1285178,023,1458,13,0,1790295407,,,SCHEDULED
2026-09-25T00:09:44.345483+00:00,1285178,023,1460,14,0,1790295492,,,SCHEDULED
2026-09-25T00:09:44.345483+00:00,1285178,023,1461,15,0,1790295547,,,SCHEDULED
2026-09-25T00:09:44.345483+00:00,1285178,023,1462,16,0,1790295584,,,SCHEDULED
2026-09-25T00:09:44.345483+00:00,1285178,023,1463,17,0,1790295662,,,SCHEDULED
2026-09-25T00:09:44.345483+00:00,1285178,023,1464,18,0,1790295707,,,SCHEDULED
2026-09-25T00:09:44.345483+00:00,1285178,023,1465,19,0,1790295744,,,SCHEDULED
2026-09-25T00:09:44.345483+00:00,1285178,023,1466,20,0,1790295772,,,SCHEDULED
2026-09-25T00:09:44.345483+00:00,1285178,023,1467,21,0,1790295809,,,SCHEDULED
2026-09-25T00:09:44.345483+00:00,1285178,023,1468,22,0,1790295842,,,SCHEDULED
2026-09-25T00:09:44.345483+00:00,1285178,023,1469,23,0,1790295887,,,SCHEDULED
2026-09-25T00:09:44.345483+00:00,1285178,023,1470,24,0,1790295924,,,SCHEDULED
2026-09-25T00:09:44.345483+00:00,1285178,023,1471,25,0,1790295973,,,SCHEDULED
2026-09-25T00:09:44.345483+00:00,1285178,023,1473,26,0,1790296048,,,SCHEDULED
2026-09-25T00:09:44.345483+00:00,1285178,023,1474,27,0,1790296065,,,SCHEDULED
2026-09-25T00:09:44.345483+00:00,1285178,023,1475,28,0,1790296100,,,SCHEDULED
2026-09-25T00:09:44.345483+00:00,1285178,023,1476,29,0,1790296139,,,SCHEDULED
2026-09-25T00:09:44.345483+00:00,1285178,023,1477,30,0,1790296193,,,SCHEDULED
2026-09-25T00:09:44.345483+00:00,1285178,023,1478,31,0,1790296224,,,SCHEDULED
2026-09-25T00:09:44.345483+00:00,1285178,023,1181,32,0,1790296268,,,SCHEDULED
2026-09-25T00:09:44.345483+00:00,1285178,023,1182,33,0,1790296320,,,SCHEDULED
2026-09-25T00:09:44.345483+00:00,1285178,023,1481,34,0,1790296367,,,SCHEDULED
2026-09-25T00:09:44.345483+00:00,1285178,023,1482,35,0,1790296395,,,SCHEDULED
2026-09-25T00:09:44.345483+00:00,1285178,023,1483,36,0,1790296439,,,SCHEDULED
2026-09-25T00:09:44.345483+00:00,1285178,023,1484,37,0,1790296483,,,SCHEDULED
2026-09-25T00:09:44.345483+00:00,1285178,023,1485,38,0,1790296539,,,SCHEDULED
2026-09-25T00:09:44.345483+00:00,1285178,023,1486,39,0,1790296573,,,SCHEDULED
2026-09-25T00:09:44.345483+00:00,1285178,023,1488,40,0,1790296674,,,SCHEDULED
2026-09-25T00:09:44.345483+00:00,1285178,023,1489,41,0,1790296720,,,SCHEDULED
2026-09-25T00:09:44.345483+00:00,1285178,023,1490,42,0,1790296767,,,SCHEDULED
2026-09-25T00:09:44.345483+00:00,1285453,026,5366,35,0,1790295031,,,SCHEDULED
2026-09-25T00:09:44.345483+00:00,1285453,026,1283,36,0,1790295087,,,SCHEDULED
2026-09-25T00:09:44.345483+00:00,1285453,026,650,37,0,1790295239,,,SCHEDULED
2026-09-25T00:09:44.345483+00:00,1285453,026,3107,38,0,1790295304,,,SCHEDULED
2026-09-25T00:09:44.345483+00:00,1285453,026,3108,39,0,1790295348,,,SCHEDULED
2026-09-25T00:09:44.345483+00:00,1285453,026,3109,40,0,1790295397,,,SCHEDULED
2026-09-25T00:09:44.345483+00:00,1285453,026,3110,41,0,1790295447,,,SCHEDULED
2026-09-25T00:09:44.345483+00:00,1285453,026,3112,42,0,1790295556,,,SCHEDULED
2026-09-25T00:09:44.345483+00:00,1285453,026,3113,43,0,1790295593,,,SCHEDULED
2026-09-25T00:09:44.345483+00:00,1285453,026,3115,44,0,1790295687,,,SCHEDULED
2026-09-25T00:09:44.345483+00:00,1285453,026,3116,45,0,1790295724,,,SCHEDULED
2026-09-25T00:09:44.345483+00:00,1285453,026,3117,46,0,1790295754,,,SCHEDULED
2026-09-25T00:09:44.345483+00:00,1285453,026,3118,47,0,1790295803,,,SCHEDULED
2026-09-25T00:09:44.345483+00:00,1285453,026,3119,48,0,1790295827,,,SCHEDULED
2026-09-25T00:09:44.345483+00:00,1285453,026,3121,49,0,1790295887,,,SCHEDULED
2026-09-25T00:09:44.345483+00:00,1285453,026,3122,50,0,1790295936,,,SCHEDULED
2026-09-25T00:09:44.345483+00:00,1285453,026,3123,51,0,1790296004,,,SCHEDULED
2026-09-25T00:09:44.345483+00:00,1285453,026,3124,52,0,1790296066,,,SCHEDULED
2026-09-25T00:09:44.345483+00:00,1287235,081,290,1,,,0,1790295300,SCHEDULED
2026-09-25T00:09:44.345483+00:00,1287235,081,1600,2,0,1790295375,,,SCHEDULED
2026-09-25T00:09:44.345483+00:00,1287235,081,1602,3,0,1790295452,,,SCHEDULED
2026-09-25T00:09:44.345483+00:00,1287235,081,1603,4,0,1790295491,,,SCHEDULED
2026-09-25T00:09:44.345483+00:00,1287235,081,1604,5,0,1790295549,,,SCHEDULED
2026-09-25T00:09:44.345483+00:00,1287235,081,1605,6,0,1790295617,,,SCHEDULED
2026-09-25T00:09:44.345483+00:00,1287235,081,1606,7,0,1790295694,,,SCHEDULED
2026-09-25T00:09:44.345483+00:00,1287235,081,1607,8,0,1790295840,,,SCHEDULED
2026-09-25T00:09:44.345483+00:00,1287235,081,1608,9,0,1790295904,,,SCHEDULED
2026-09-25T00:09:44.345483+00:00,1287235,081,1609,10,0,1790295948,,,SCHEDULED
2026-09-25T00:09:44.345483+00:00,1287235,081,1610,11,0,1790296015,,,SCHEDULED
2026-09-25T00:09:44.345483+00:00,1287235,081,1611,12,0,1790296188,,,SCHEDULED
2026-09-25T00:09:44.345483+00:00,1287235,081,1612,13,0,1790296260,,,SCHEDULED
2026-09-25T00:09:44.345483+00:00,1287235,081,1613,14,0,1790296359,,,SCHEDULED
2026-09-25T00:09:44.345483+00:00,1287235,081,2311,15,0,1790296408,,,SCHEDULED
2026-09-25T00:09:44.345483+00:00,1287235,081,2312,16,0,1790296601,,,SCHEDULED
2026-09-25T00:09:44.345483+00:00,1287235,081,2313,17,0,1790296659,,,SCHEDULED
2026-09-25T00:09:44.345483+00:00,1287236,081,2312,16,0,1790295147,,,SCHEDULED
2026-09-25T00:09:44.345483+00:00,1287236,081,2313,17,0,1790295205,,,SCHEDULED
2026-09-25T00:09:44.345483+00:00,1287236,081,2314,18,0,1790295288,,,SCHEDULED
2026-09-25T00:09:44.345483+00:00,1287236,081,2315,19,0,1790295381,,,SCHEDULED
2026-09-25T00:09:44.345483+00:00,1287236,081,5203,20,0,1790295526,,,SCHEDULED
2026-09-25T00:09:44.345483+00:00,1287236,081,2317,21,0,1790295647,,,SCHEDULED
2026-09-25T00:09:44.345483+00:00,1287236,081,2318,22,0,1790295739,,,SCHEDULED
2026-09-25T00:09:44.345483+00:00,1287236,081,2319,23,0,1790295807,,,SCHEDULED
2026-09-25T00:09:44.345483+00:00,1287236,081,2320,24,0,1790295846,,,SCHEDULED
2026-09-25T00:09:44.345483+00:00,1287236,081,2321,25,0,1790295933,,,SCHEDULED
2026-09-25T00:09:44.345483+00:00,1287236,081,2322,26,0,1790296006,,,SCHEDULED
2026-09-25T00:09:44.345483+00:00,1287236,081,2323,27,0,1790296063,,,SCHEDULED
2026-09-25T00:09:44.345483+00:00,1287236,081,2324,28,0,1790296127,,,SCHEDULED
2026-09-25T00:09:44.345483+00:00,1287236,081,2325,29,0,1790296181,,,SCHEDULED
2026-09-25T00:09:44.345483+00:00,1287236,081,2326,30,0,1790296246,,,SCHEDULED
2026-09-25T00:09:44.345483+00:00,1287236,081,2328,31,0,1790296338,,,SCHEDULED
2026-09-25T00:09:44.345483+00:00,1287236,081,2329,32,0,1790296392,,,SCHEDULED
2026-09-25T00:09:44.345483+00:00,1287236,081,2330,33,0,1790296451,,,SCHEDULED
2026-09-25T00:09:44.345483+00:00,1287236,081,4811,34,0,1790296511,,,SCHEDULED
2026-09-25T00:09:44.345483+00:00,1287236,081,4810,35,0,1790296557,,,SCHEDULED
2026-09-25T00:09:44.345483+00:00,1287516,084,2757,4,0,1790294972,,,SCHEDULED
2026-09-25T00:09:44.345483+00:00,1287516,084,2954,5,0,1790295072,,,SCHEDULED
2026-09-25T00:09:44.345483+00:00,1287516,084,2955,6,0,1790295126,,,SCHEDULED
2026-09-25T00:09:44.345483+00:00,1287516,084,2956,7,0,1790295165,,,SCHEDULED
2026-09-25T00:09:44.345483+00:00,1287516,084,2957,8,0,1790295194,,,SCHEDULED
2026-09-25T00:09:44.345483+00:00,1287516,084,2958,9,0,1790295233,,,SCHEDULED
2026-09-25T00:09:44.345483+00:00,1287516,084,2959,10,0,1790295270,,,SCHEDULED
2026-09-25T00:09:44.345483+00:00,1287516,084,2960,11,0,1790295304,,,SCHEDULED
2026-09-25T00:09:44.345483+00:00,1287516,084,2961,12,0,1790295336,,,SCHEDULED
2026-09-25T00:09:44.345483+00:00,1287516,084,2962,13,0,1790295601,,,SCHEDULED
2026-09-25T00:09:44.345483+00:00,1287516,084,2963,14,0,1790295718,,,SCHEDULED
2026-09-25T00:09:44.345483+00:00,1287516,084,2964,15,0,1790295822,,,SCHEDULED
2026-09-25T00:09:44.345483+00:00,1287516,084,2965,16,0,1790295900,,,SCHEDULED
2026-09-25T00:09:44.345483+00:00,1287516,084,2966,17,0,1790295978,,,SCHEDULED
2026-09-25T00:09:44.345483+00:00,1287516,084,1155,18,0,1790296075,,,SCHEDULED
2026-09-25T00:09:44.345483+00:00,1287516,084,1156,19,0,1790296130,,,SCHEDULED
2026-09-25T00:09:44.345483+00:00,1287516,084,1674,20,0,1790296195,,,SCHEDULED
2026-09-25T00:09:44.345483+00:00,1287516,084,1675,21,0,1790296240,,,SCHEDULED
2026-09-25T00:09:44.345483+00:00,1287516,084,1677,22,0,1790296296,,,SCHEDULED
2026-09-25T00:09:44.345483+00:00,1287516,084,1127,23,0,1790296336,,,SCHEDULED
2026-09-25T00:09:44.345483+00:00,1287516,084,1128,24,0,1790296385,,,SCHEDULED
2026-09-25T00:09:44.345483+00:00,1287516,084,1129,25,0,1790296470,,,SCHEDULED
2026-09-25T00:09:44.345483+00:00,1287516,084,1130,26,0,1790296535,,,SCHEDULED
2026-09-25T00:09:44.345483+00:00,1287516,084,1131,27,0,1790296608,,,SCHEDULED
2026-09-25T00:09:44.345483+00:00,1287516,084,3089,28,0,1790296681,,,SCHEDULED
2026-09-25T00:09:44.345483+00:00,1287516,084,3090,29,0,1790296763,,,SCHEDULED
2026-09-25T00:09:44.345483+00:00,1287517,084,3096,35,0,1790294999,,,SCHEDULED
2026-09-25T00:09:44.345483+00:00,1287517,084,3097,36,0,1790295092,,,SCHEDULED
2026-09-25T00:09:44.345483+00:00,1287517,084,3098,37,0,1790295190,,,SCHEDULED
2026-09-25T00:09:44.345483+00:00,1287517,084,9800,38,0,1790295255,,,SCHEDULED
2026-09-25T00:09:44.345483+00:00,1287517,084,3099,39,0,1790295350,,,SCHEDULED
2026-09-25T00:09:44.345483+00:00,1287517,084,3100,40,0,1790295394,,,SCHEDULED
2026-09-25T00:09:44.345483+00:00,1287517,084,3101,41,0,1790295430,,,SCHEDULED
2026-09-25T00:09:44.345483+00:00,1287517,084,3102,42,0,1790295459,,,SCHEDULED
2026-09-25T00:09:44.345483+00:00,1287517,084,3103,43,0,1790295546,,,SCHEDULED
2026-09-25T00:09:44.345483+00:00,1287517,084,3104,44,0,1790295584,,,SCHEDULED
2026-09-25T00:09:44.345483+00:00,1287517,084,3106,45,0,1790295644,,,SCHEDULED
2026-09-25T00:09:44.345483+00:00,1287517,084,3107,46,0,1790295676,,,SCHEDULED
2026-09-25T00:09:44.345483+00:00,1287517,084,3108,47,0,1790295718,,,SCHEDULED
2026-09-25T00:09:44.345483+00:00,1287517,084,3109,48,0,1790295765,,,SCHEDULED
2026-09-25T00:09:44.345483+00:00,1287517,084,3110,49,0,1790295813,,,SCHEDULED
2026-09-25T00:09:44.345483+00:00,1287517,084,3769,50,0,1790295855,,,SCHEDULED
2026-09-25T00:09:44.345483+00:00,1287517,084,3770,51,0,1790295903,,,SCHEDULED
2026-09-25T00:09:44.345483+00:00,1287517,084,3771,52,0,1790295936,,,SCHEDULED
2026-09-25T00:09:44.345483+00:00,1287517,084,3772,53,0,1790295980,,,SCHEDULED
2026-09-25T00:09:44.345483+00:00,1287517,084,3773,54,0,1790296031,,,SCHEDULED
2026-09-25T00:09:44.345483+00:00,1287517,084,3774,55,0,1790296077,,,SCHEDULED
2026-09-25T00:09:44.345483+00:00,1287517,084,3775,56,0,1790296107,,,SCHEDULED
2026-09-25T00:09:44.345483+00:00,1287517,084,3776,57,0,1790296146,,,SCHEDULED
2026-09-25T00:09:44.345483+00:00,1287517,084,3777,58,0,1790296268,,,SCHEDULED
2026-09-25T00:09:44.345483+00:00,1287517,084,3778,59,0,1790296329,,,SCHEDULED
2026-09-25T00:09:44.345483+00:00,1287517,084,3780,60,0,1790296411,,,SCHEDULED
2026-09-25T00:09:44.345483+00:00,1287517,084,1688,61,0,1790296452,,,SCHEDULED
2026-09-25T00:09:44.345483+00:00,1287517,084,1687,62,0,1790296544,,,SCHEDULED
2026-09-25T00:09:44.345483+00:00,1287517,084,265,63,0,1790296646,,,SCHEDULED
2026-09-25T00:09:44.345483+00:00,1287515,084,9817,1,,,0,1790295960,SCHEDULED
2026-09-25T00:09:44.345483+00:00,1287515,084,2755,2,0,1790296075,,,SCHEDULED
2026-09-25T00:09:44.345483+00:00,1287515,084,2756,3,0,1790296147,,,SCHEDULED
2026-09-25T00:09:44.345483+00:00,1287515,084,2757,4,0,1790296220,,,SCHEDULED
2026-09-25T00:09:44.345483+00:00,1287515,084,2954,5,0,1790296330,,,SCHEDULED
2026-09-25T00:09:44.345483+00:00,1287515,084,2955,6,0,1790296389,,,SCHEDULED
2026-09-25T00:09:44.345483+00:00,1287515,084,2956,7,0,1790296432,,,SCHEDULED
2026-09-25T00:09:44.345483+00:00,1287515,084,2957,8,0,1790296464,,,SCHEDULED
2026-09-25T00:09:44.345483+00:00,1287515,084,2958,9,0,1790296507,,,SCHEDULED
2026-09-25T00:09:44.345483+00:00,1287515,084,2959,10,0,1790296547,,,SCHEDULED
2026-09-25T00:09:44.345483+00:00,1287515,084,2960,11,0,1790296585,,,SCHEDULED
2026-09-25T00:09:44.345483+00:00,1287515,084,2961,12,0,1790296620,,,SCHEDULED
2026-09-25T00:09:44.345483+00:00,1287518,084,265,63,0,1790295005,,,SCHEDULED
2026-09-25T00:09:44.345483+00:00,1287518,084,4731,64,0,1790295128,,,SCHEDULED
2026-09-25T00:09:44.345483+00:00,1287518,084,1303,65,0,1790295166,,,SCHEDULED
2026-09-25T00:09:44.345483+00:00,1287518,084,1291,66,0,1790295258,,,SCHEDULED
2026-09-25T00:09:44.345483+00:00,1287518,084,3696,67,0,1790295360,,,SCHEDULED
2026-09-25T00:09:44.345483+00:00,1287071,078,336,1,,,0,1790295240,SCHEDULED
2026-09-25T00:09:44.345483+00:00,1287071,078,2739,2,0,1790295308,,,SCHEDULED
2026-09-25T00:09:44.345483+00:00,1287071,078,2740,3,0,1790295361,,,SCHEDULED
2026-09-25T00:09:44.345483+00:00,1287071,078,2741,4,0,1790295432,,,SCHEDULED
2026-09-25T00:09:44.345483+00:00,1287071,078,2742,5,0,1790295489,,,SCHEDULED
2026-09-25T00:09:44.345483+00:00,1287071,078,2743,6,0,1790295613,,,SCHEDULED
2026-09-25T00:09:44.345483+00:00,1287071,078,2744,7,0,1790295727,,,SCHEDULED
2026-09-25T00:09:44.345483+00:00,1287071,078,2745,8,0,1790295816,,,SCHEDULED
2026-09-25T00:09:44.345483+00:00,1288440,177,658,1,,,0,1790295840,SCHEDULED
2026-09-25T00:09:44.345483+00:00,1288440,177,832,2,0,1790295974,,,SCHEDULED
2026-09-25T00:09:44.345483+00:00,1288440,177,3845,3,0,1790296001,,,SCHEDULED
2026-09-25T00:09:44.345483+00:00,1288440,177,795,4,0,1790296089,,,SCHEDULED
2026-09-25T00:09:44.345483+00:00,1285294,025,1057,1,,,0,1790296620,SCHEDULED
2026-09-25T00:09:44.345483+00:00,1285294,025,3332,2,0,1790296713,,,SCHEDULED
2026-09-25T00:09:44.345483+00:00,1288213,124,1327,30,0,1790294978,,,SCHEDULED
2026-09-25T00:09:44.345483+00:00,1288213,124,3456,31,0,1790295064,,,SCHEDULED
2026-09-25T00:09:44.345483+00:00,1288213,124,5359,32,0,1790295115,,,SCHEDULED
2026-09-25T00:09:44.345483+00:00,1288213,124,3457,33,0,1790295166,,,SCHEDULED
2026-09-25T00:09:44.345483+00:00,1288213,124,3282,34,0,1790295250,,,SCHEDULED
2026-09-25T00:09:44.345483+00:00,1288213,124,3283,35,0,1790295301,,,SCHEDULED
2026-09-25T00:09:44.345483+00:00,1288213,124,3285,36,0,1790295404,,,SCHEDULED
2026-09-25T00:09:44.345483+00:00,1288213,124,3286,37,0,1790295455,,,SCHEDULED
2026-09-25T00:09:44.345483+00:00,1288213,124,3287,38,0,1790295553,,,SCHEDULED
2026-09-25T00:09:44.345483+00:00,1288058,093,3049,32,0,1790295054,,,SCHEDULED
2026-09-25T00:09:44.345483+00:00,1288058,093,3070,33,0,1790295098,,,SCHEDULED
2026-09-25T00:09:44.345483+00:00,1288058,093,3071,34,0,1790295142,,,SCHEDULED
2026-09-25T00:09:44.345483+00:00,1288058,093,3072,35,0,1790295178,,,SCHEDULED
2026-09-25T00:09:44.345483+00:00,1285582,030,1721,11,0,1790295020,,,SCHEDULED
2026-09-25T00:09:44.345483+00:00,1285582,030,1722,12,0,1790295092,,,SCHEDULED
2026-09-25T00:09:44.345483+00:00,1285582,030,1723,13,0,1790295120,,,SCHEDULED
2026-09-25T00:09:44.345483+00:00,1285582,030,1725,14,0,1790295225,,,SCHEDULED
2026-09-25T00:09:44.345483+00:00,1285582,030,1726,15,0,1790295296,,,SCHEDULED
2026-09-25T00:09:44.345483+00:00,1285582,030,1727,16,0,1790295368,,,SCHEDULED
2026-09-25T00:09:44.345483+00:00,1285582,030,1728,17,0,1790295446,,,SCHEDULED
2026-09-25T00:09:44.345483+00:00,1285582,030,1729,18,0,1790295540,,,SCHEDULED
2026-09-25T00:09:44.345483+00:00,1285582,030,1730,19,0,1790295574,,,SCHEDULED
2026-09-25T00:09:44.345483+00:00,1285582,030,1732,20,0,1790295619,,,SCHEDULED
2026-09-25T00:09:44.345483+00:00,1285582,030,1734,21,0,1790295686,,,SCHEDULED
2026-09-25T00:09:44.345483+00:00,1285582,030,1735,22,0,1790295708,,,SCHEDULED
2026-09-25T00:09:44.345483+00:00,1285582,030,1736,23,0,1790295737,,,SCHEDULED
2026-09-25T00:09:44.345483+00:00,1285582,030,1737,24,0,1790295765,,,SCHEDULED
2026-09-25T00:09:44.345483+00:00,1285582,030,1739,25,0,1790295841,,,SCHEDULED
2026-09-25T00:09:44.345483+00:00,1288212,124,3026,13,0,1790295177,,,SCHEDULED
2026-09-25T00:09:44.345483+00:00,1288212,124,3027,14,0,1790295249,,,SCHEDULED
2026-09-25T00:09:44.345483+00:00,1288212,124,3028,15,0,1790295321,,,SCHEDULED
2026-09-25T00:09:44.345483+00:00,1288212,124,2798,16,0,1790295679,,,SCHEDULED
2026-09-25T00:09:44.345483+00:00,1288212,124,2799,17,0,1790295708,,,SCHEDULED
2026-09-25T00:09:44.345483+00:00,1288212,124,2800,18,0,1790295781,,,SCHEDULED
2026-09-25T00:09:44.345483+00:00,1288212,124,3273,19,0,1790295819,,,SCHEDULED
2026-09-25T00:09:44.345483+00:00,1288212,124,3040,20,0,1790295916,,,SCHEDULED
2026-09-25T00:09:44.345483+00:00,1288212,124,4775,21,0,1790295982,,,SCHEDULED
2026-09-25T00:09:44.345483+00:00,1288212,124,3042,22,0,1790296018,,,SCHEDULED
2026-09-25T00:09:44.345483+00:00,1288212,124,3043,23,0,1790296048,,,SCHEDULED
2026-09-25T00:09:44.345483+00:00,1288212,124,627,24,0,1790296093,,,SCHEDULED
2026-09-25T00:09:44.345483+00:00,1288212,124,1322,25,0,1790296130,,,SCHEDULED
2026-09-25T00:09:44.345483+00:00,1288212,124,1323,26,0,1790296174,,,SCHEDULED
2026-09-25T00:09:44.345483+00:00,1288212,124,1324,27,0,1790296225,,,SCHEDULED
2026-09-25T00:09:44.345483+00:00,1288212,124,1325,28,0,1790296284,,,SCHEDULED
2026-09-25T00:09:44.345483+00:00,1288212,124,1326,29,0,1790296335,,,SCHEDULED
2026-09-25T00:09:44.345483+00:00,1288212,124,1327,30,0,1790296377,,,SCHEDULED
2026-09-25T00:09:44.345483+00:00,1288212,124,3456,31,0,1790296463,,,SCHEDULED
2026-09-25T00:09:44.345483+00:00,1288212,124,5359,32,0,1790296514,,,SCHEDULED
2026-09-25T00:09:44.345483+00:00,1288212,124,3457,33,0,1790296565,,,SCHEDULED
2026-09-25T00:09:44.345483+00:00,1288212,124,3282,34,0,1790296649,,,SCHEDULED
2026-09-25T00:09:44.345483+00:00,1288212,124,3283,35,0,1790296700,,,SCHEDULED
2026-09-25T00:09:44.345483+00:00,1285581,030,282,1,,,0,1790295900,SCHEDULED
2026-09-25T00:09:44.345483+00:00,1285581,030,414,2,0,1790296151,,,SCHEDULED
2026-09-25T00:09:44.345483+00:00,1285581,030,415,3,0,1790296200,,,SCHEDULED
2026-09-25T00:09:44.345483+00:00,1285581,030,416,4,0,1790296233,,,SCHEDULED
2026-09-25T00:09:44.345483+00:00,1285581,030,418,5,0,1790296299,,,SCHEDULED
2026-09-25T00:09:44.345483+00:00,1285581,030,4763,6,0,1790296374,,,SCHEDULED
2026-09-25T00:09:44.345483+00:00,1285581,030,1716,7,0,1790296428,,,SCHEDULED
2026-09-25T00:09:44.345483+00:00,1285581,030,1717,8,0,1790296469,,,SCHEDULED
2026-09-25T00:09:44.345483+00:00,1285581,030,1718,9,0,1790296536,,,SCHEDULED
2026-09-25T00:09:44.345483+00:00,1285581,030,1720,10,0,1790296635,,,SCHEDULED
2026-09-25T00:09:44.345483+00:00,1288056,093,1069,1,,,0,1790296200,SCHEDULED
2026-09-25T00:09:44.345483+00:00,1288056,093,3332,2,0,1790296274,,,SCHEDULED
2026-09-25T00:09:44.345483+00:00,1288056,093,3333,3,0,1790296345,,,SCHEDULED
2026-09-25T00:09:44.345483+00:00,1288056,093,3334,4,0,1790296404,,,SCHEDULED
2026-09-25T00:09:44.345483+00:00,1288056,093,3335,5,0,1790296458,,,SCHEDULED
2026-09-25T00:09:44.345483+00:00,1288056,093,4655,6,0,1790296485,,,SCHEDULED
2026-09-25T00:09:44.345483+00:00,1288056,093,875,7,0,1790296547,,,SCHEDULED
2026-09-25T00:09:44.345483+00:00,1288056,093,5369,8,0,1790296628,,,SCHEDULED
2026-09-25T00:09:44.345483+00:00,1288056,093,4720,9,0,1790296734,,,SCHEDULED
2026-09-25T00:09:44.345483+00:00,1288211,124,9921,1,,,0,1790295180,SCHEDULED
2026-09-25T00:09:44.345483+00:00,1288211,124,4064,2,0,1790295429,,,SCHEDULED
2026-09-25T00:09:44.345483+00:00,1288211,124,4065,3,0,1790295498,,,SCHEDULED
2026-09-25T00:09:44.345483+00:00,1288211,124,837,4,0,1790295530,,,SCHEDULED
2026-09-25T00:09:44.345483+00:00,1288211,124,3811,5,0,1790295600,,,SCHEDULED
2026-09-25T00:09:44.345483+00:00,1288211,124,3812,6,0,1790295641,,,SCHEDULED
2026-09-25T00:09:44.345483+00:00,1288211,124,3813,7,0,1790295665,,,SCHEDULED
2026-09-25T00:09:44.345483+00:00,1288211,124,4068,8,0,1790295718,,,SCHEDULED
2026-09-25T00:09:44.345483+00:00,1288211,124,953,9,0,1790295789,,,SCHEDULED
2026-09-25T00:09:44.345483+00:00,1288211,124,951,10,0,1790295906,,,SCHEDULED
2026-09-25T00:09:44.345483+00:00,1288211,124,5289,11,0,1790296016,,,SCHEDULED
2026-09-25T00:09:44.345483+00:00,1288211,124,5285,12,0,1790296080,,,SCHEDULED
2026-09-25T00:09:44.345483+00:00,1288211,124,3026,13,0,1790296358,,,SCHEDULED
2026-09-25T00:09:44.345483+00:00,1288211,124,3027,14,0,1790296430,,,SCHEDULED
2026-09-25T00:09:44.345483+00:00,1288211,124,3028,15,0,1790296502,,,SCHEDULED
2026-09-25T00:09:44.345483+00:00,1288057,093,4720,9,0,1790295047,,,SCHEDULED
2026-09-25T00:09:44.345483+00:00,1288057,093,4721,10,0,1790295101,,,SCHEDULED
2026-09-25T00:09:44.345483+00:00,1288057,093,4743,11,0,1790295173,,,SCHEDULED
2026-09-25T00:09:44.345483+00:00,1288057,093,1576,12,0,1790295267,,,SCHEDULED
2026-09-25T00:09:44.345483+00:00,1288057,093,3555,13,0,1790295502,,,SCHEDULED
2026-09-25T00:09:44.345483+00:00,1288057,093,3556,14,0,1790295543,,,SCHEDULED
2026-09-25T00:09:44.345483+00:00,1288057,093,3557,15,0,1790295593,,,SCHEDULED
2026-09-25T00:09:44.345483+00:00,1288057,093,3540,16,0,1790295653,,,SCHEDULED
2026-09-25T00:09:44.345483+00:00,1288057,093,3541,17,0,1790295690,,,SCHEDULED
2026-09-25T00:09:44.345483+00:00,1288057,093,3542,18,0,1790295714,,,SCHEDULED
2026-09-25T00:09:44.345483+00:00,1288057,093,3543,19,0,1790295749,,,SCHEDULED
2026-09-25T00:09:44.345483+00:00,1288057,093,3544,20,0,1790295785,,,SCHEDULED
2026-09-25T00:09:44.345483+00:00,1288057,093,3545,21,0,1790295827,,,SCHEDULED
2026-09-25T00:09:44.345483+00:00,1288057,093,3547,22,0,1790295917,,,SCHEDULED
2026-09-25T00:09:44.345483+00:00,1288057,093,3548,23,0,1790295968,,,SCHEDULED
2026-09-25T00:09:44.345483+00:00,1288057,093,3549,24,0,1790296006,,,SCHEDULED
2026-09-25T00:09:44.345483+00:00,1288057,093,3550,25,0,1790296053,,,SCHEDULED
2026-09-25T00:09:44.345483+00:00,1288057,093,3551,26,0,1790296101,,,SCHEDULED
2026-09-25T00:09:44.345483+00:00,1288057,093,3552,27,0,1790296148,,,SCHEDULED
2026-09-25T00:09:44.345483+00:00,1288057,093,3508,28,0,1790296193,,,SCHEDULED
2026-09-25T00:09:44.345483+00:00,1288057,093,3509,29,0,1790296242,,,SCHEDULED
2026-09-25T00:09:44.345483+00:00,1288057,093,3510,30,0,1790296299,,,SCHEDULED
2026-09-25T00:09:44.345483+00:00,1288057,093,3069,31,0,1790296445,,,SCHEDULED
2026-09-25T00:09:44.345483+00:00,1288057,093,3049,32,0,1790296532,,,SCHEDULED
2026-09-25T00:09:44.345483+00:00,1288057,093,3070,33,0,1790296576,,,SCHEDULED
2026-09-25T00:09:44.345483+00:00,1288057,093,3071,34,0,1790296620,,,SCHEDULED
2026-09-25T00:09:44.345483+00:00,1288057,093,3072,35,0,1790296656,,,SCHEDULED
2026-09-25T00:09:44.345483+00:00,1288217,129,328,3,0,1790294993,,,SCHEDULED
2026-09-25T00:09:44.345483+00:00,1288217,129,329,4,0,1790295073,,,SCHEDULED
2026-09-25T00:09:44.345483+00:00,1288217,129,330,5,0,1790295106,,,SCHEDULED
2026-09-25T00:09:44.345483+00:00,1288217,129,331,6,0,1790295127,,,SCHEDULED
2026-09-25T00:09:44.345483+00:00,1288217,129,668,7,0,1790295169,,,SCHEDULED
2026-09-25T00:09:44.345483+00:00,1288217,129,1759,8,0,1790295420,,,SCHEDULED
2026-09-25T00:09:44.345483+00:00,1288217,129,536,9,0,1790295530,,,SCHEDULED
2026-09-25T00:09:44.345483+00:00,1288217,129,1099,10,0,1790296453,,,SCHEDULED
2026-09-25T00:09:44.345483+00:00,1288217,129,1100,11,0,1790296596,,,SCHEDULED
2026-09-25T00:09:44.345483+00:00,1288217,129,1101,12,0,1790296693,,,SCHEDULED
2026-09-25T00:09:44.345483+00:00,1288216,129,1107,18,0,1790294953,,,SCHEDULED
2026-09-25T00:09:44.345483+00:00,1288216,129,1108,19,0,1790294983,,,SCHEDULED
2026-09-25T00:09:44.345483+00:00,1288216,129,1109,20,0,1790295037,,,SCHEDULED
2026-09-25T00:09:44.345483+00:00,1288216,129,1110,21,0,1790295091,,,SCHEDULED
2026-09-25T00:09:44.345483+00:00,1288216,129,1111,22,0,1790295157,,,SCHEDULED
2026-09-25T00:09:44.345483+00:00,1288216,129,1112,23,0,1790295220,,,SCHEDULED
2026-09-25T00:09:44.345483+00:00,1288216,129,1113,24,0,1790295274,,,SCHEDULED
2026-09-25T00:09:44.345483+00:00,1288216,129,1114,25,0,1790295346,,,SCHEDULED
2026-09-25T00:09:44.345483+00:00,1288216,129,1115,26,0,1790295385,,,SCHEDULED
2026-09-25T00:09:44.345483+00:00,1288216,129,1116,27,0,1790295460,,,SCHEDULED
2026-09-25T00:09:44.345483+00:00,1288216,129,1175,28,0,1790295517,,,SCHEDULED
2026-09-25T00:09:44.345483+00:00,1288216,129,1176,29,0,1790295548,,,SCHEDULED
2026-09-25T00:09:44.345483+00:00,1288216,129,1177,30,0,1790295620,,,SCHEDULED
2026-09-25T00:09:44.345483+00:00,1288216,129,1178,31,0,1790295644,,,SCHEDULED
2026-09-25T00:09:44.345483+00:00,1288216,129,1180,32,0,1790295697,,,SCHEDULED
2026-09-25T00:09:44.345483+00:00,1288216,129,1183,33,0,1790295743,,,SCHEDULED
2026-09-25T00:09:44.345483+00:00,1288216,129,1181,34,0,1790295775,,,SCHEDULED
2026-09-25T00:09:44.345483+00:00,1288216,129,1182,35,0,1790295821,,,SCHEDULED
2026-09-25T00:09:44.345483+00:00,1288216,129,1284,36,0,1790295877,,,SCHEDULED
2026-09-25T00:09:44.345483+00:00,1288216,129,1286,37,0,1790295987,,,SCHEDULED
2026-09-25T00:09:44.345483+00:00,1288216,129,1287,38,0,1790296019,,,SCHEDULED
2026-09-25T00:09:44.345483+00:00,1288216,129,1288,39,0,1790296065,,,SCHEDULED
2026-09-25T00:09:44.345483+00:00,1288216,129,1289,40,0,1790296124,,,SCHEDULED
2026-09-25T00:09:44.345483+00:00,1288216,129,1290,41,0,1790296172,,,SCHEDULED
2026-09-25T00:09:44.345483+00:00,1288216,129,1292,42,0,1790296237,,,SCHEDULED
2026-09-25T00:09:44.345483+00:00,1288216,129,1293,43,0,1790296280,,,SCHEDULED
2026-09-25T00:09:44.345483+00:00,1288216,129,1294,44,0,1790296331,,,SCHEDULED
2026-09-25T00:09:44.345483+00:00,1288216,129,1295,45,0,1790296372,,,SCHEDULED
2026-09-25T00:09:44.345483+00:00,1288216,129,1296,46,0,1790296431,,,SCHEDULED
2026-09-25T00:09:44.345483+00:00,1288216,129,1298,47,0,1790296482,,,SCHEDULED
2026-09-25T00:09:44.345483+00:00,1288216,129,1299,48,0,1790296543,,,SCHEDULED
2026-09-25T00:09:44.345483+00:00,1288216,129,1300,49,0,1790296584,,,SCHEDULED
2026-09-25T00:09:44.345483+00:00,1288216,129,1301,50,0,1790296617,,,SCHEDULED
2026-09-25T00:09:44.345483+00:00,1286318,061,3131,1,,,0,1790295240,SCHEDULED
2026-09-25T00:09:44.345483+00:00,1286318,061,1860,2,0,1790295299,,,SCHEDULED
2026-09-25T00:09:44.345483+00:00,1286318,061,1861,3,0,1790295330,,,SCHEDULED
2026-09-25T00:09:44.345483+00:00,1286318,061,1862,4,0,1790295399,,,SCHEDULED
2026-09-25T00:09:44.345483+00:00,1286318,061,1863,5,0,1790295486,,,SCHEDULED
2026-09-25T00:09:44.345483+00:00,1286318,061,1864,6,0,1790295611,,,SCHEDULED
2026-09-25T00:09:44.345483+00:00,1286318,061,1865,7,0,1790295652,,,SCHEDULED
2026-09-25T00:09:44.345483+00:00,1286318,061,1866,8,0,1790295683,,,SCHEDULED
2026-09-25T00:09:44.345483+00:00,1286318,061,1867,9,0,1790295733,,,SCHEDULED
2026-09-25T00:09:44.345483+00:00,1286318,061,1868,10,0,1790295780,,,SCHEDULED
2026-09-25T00:09:44.345483+00:00,1286318,061,1870,11,0,1790295827,,,SCHEDULED
2026-09-25T00:09:44.345483+00:00,1286318,061,1871,12,0,1790295860,,,SCHEDULED
2026-09-25T00:09:44.345483+00:00,1286318,061,1872,13,0,1790295874,,,SCHEDULED
2026-09-25T00:09:44.345483+00:00,1286318,061,1873,14,0,1790295916,,,SCHEDULED
2026-09-25T00:09:44.345483+00:00,1286318,061,1874,15,0,1790295972,,,SCHEDULED
2026-09-25T00:09:44.345483+00:00,1286318,061,1875,16,0,1790296014,,,SCHEDULED
2026-09-25T00:09:44.345483+00:00,1286318,061,1876,17,0,1790296049,,,SCHEDULED
2026-09-25T00:09:44.345483+00:00,1286318,061,1877,18,0,1790296091,,,SCHEDULED
2026-09-25T00:09:44.345483+00:00,1286318,061,1878,19,0,1790296159,,,SCHEDULED
2026-09-25T00:09:44.345483+00:00,1286318,061,1879,20,0,1790296194,,,SCHEDULED
2026-09-25T00:09:44.345483+00:00,1286318,061,2201,21,0,1790296260,,,SCHEDULED
2026-09-25T00:09:44.345483+00:00,1286318,061,2202,22,0,1790296295,,,SCHEDULED
2026-09-25T00:09:44.345483+00:00,1286318,061,2203,23,0,1790296328,,,SCHEDULED
2026-09-25T00:09:44.345483+00:00,1286318,061,2204,24,0,1790296363,,,SCHEDULED
2026-09-25T00:09:44.345483+00:00,1286318,061,2205,25,0,1790296402,,,SCHEDULED
2026-09-25T00:09:44.345483+00:00,1286318,061,2206,26,0,1790296431,,,SCHEDULED
2026-09-25T00:09:44.345483+00:00,1286318,061,2200,27,0,1790296464,,,SCHEDULED
2026-09-25T00:09:44.345483+00:00,1286318,061,2207,28,0,1790296516,,,SCHEDULED
2026-09-25T00:09:44.345483+00:00,1286318,061,2208,29,0,1790296538,,,SCHEDULED
2026-09-25T00:09:44.345483+00:00,1286318,061,2209,30,0,1790296574,,,SCHEDULED
2026-09-25T00:09:44.345483+00:00,1286318,061,2210,31,0,1790296603,,,SCHEDULED
2026-09-25T00:09:44.345483+00:00,1286318,061,2211,32,0,1790296642,,,SCHEDULED
2026-09-25T00:09:44.345483+00:00,1286318,061,2212,33,0,1790296665,,,SCHEDULED
2026-09-25T00:09:44.345483+00:00,1286318,061,2213,34,0,1790296694,,,SCHEDULED
2026-09-25T00:09:44.345483+00:00,1286318,061,2214,35,0,1790296740,,,SCHEDULED
2026-09-25T00:09:44.345483+00:00,1285746,033,628,1,,,0,1790296440,SCHEDULED
2026-09-25T00:09:44.345483+00:00,1285746,033,5259,2,0,1790296601,,,SCHEDULED
2026-09-25T00:09:44.345483+00:00,1285746,033,5260,3,0,1790296656,,,SCHEDULED
2026-09-25T00:09:44.345483+00:00,1285746,033,5257,4,0,1790296682,,,SCHEDULED
2026-09-25T00:09:44.345483+00:00,1285900,051,3131,1,,,0,1790295300,SCHEDULED
2026-09-25T00:09:44.345483+00:00,1285900,051,1884,2,0,1790295380,,,SCHEDULED
2026-09-25T00:09:44.345483+00:00,1285900,051,1885,3,0,1790295468,,,SCHEDULED
2026-09-25T00:09:44.345483+00:00,1285900,051,1887,4,0,1790295558,,,SCHEDULED
2026-09-25T00:09:44.345483+00:00,1285900,051,1888,5,0,1790295594,,,SCHEDULED
2026-09-25T00:09:44.345483+00:00,1285900,051,1889,6,0,1790295668,,,SCHEDULED
2026-09-25T00:09:44.345483+00:00,1285900,051,1890,7,0,1790295720,,,SCHEDULED
2026-09-25T00:09:44.345483+00:00,1285900,051,1891,8,0,1790295772,,,SCHEDULED
2026-09-25T00:09:44.345483+00:00,1285900,051,1892,9,0,1790295840,,,SCHEDULED
2026-09-25T00:09:44.345483+00:00,1285900,051,1893,10,0,1790295873,,,SCHEDULED
2026-09-25T00:09:44.345483+00:00,1285900,051,1894,11,0,1790295920,,,SCHEDULED
2026-09-25T00:09:44.345483+00:00,1285900,051,1895,12,0,1790295969,,,SCHEDULED
2026-09-25T00:09:44.345483+00:00,1285900,051,1896,13,0,1790296000,,,SCHEDULED
2026-09-25T00:09:44.345483+00:00,1285900,051,1898,14,0,1790296065,,,SCHEDULED
2026-09-25T00:09:44.345483+00:00,1285900,051,1899,15,0,1790296108,,,SCHEDULED
2026-09-25T00:09:44.345483+00:00,1285900,051,1901,16,0,1790296151,,,SCHEDULED
2026-09-25T00:09:44.345483+00:00,1285900,051,1902,17,0,1790296188,,,SCHEDULED
2026-09-25T00:09:44.345483+00:00,1285900,051,1904,18,0,1790296260,,,SCHEDULED
2026-09-25T00:09:44.345483+00:00,1285900,051,1905,19,0,1790296304,,,SCHEDULED
2026-09-25T00:09:44.345483+00:00,1285900,051,1906,20,0,1790296352,,,SCHEDULED
2026-09-25T00:09:44.345483+00:00,1285900,051,1907,21,0,1790296400,,,SCHEDULED
2026-09-25T00:09:44.345483+00:00,1285900,051,1908,22,0,1790296436,,,SCHEDULED
2026-09-25T00:09:44.345483+00:00,1285900,051,1911,23,0,1790296528,,,SCHEDULED
2026-09-25T00:09:44.345483+00:00,1285900,051,1913,24,0,1790296625,,,SCHEDULED
2026-09-25T00:09:44.345483+00:00,1285900,051,1914,25,0,1790296682,,,SCHEDULED
2026-09-25T00:09:44.345483+00:00,1285900,051,1915,26,0,1790296740,,,SCHEDULED
2026-09-25T00:09:44.345483+00:00,1287922,088,413,23,0,1790295002,,,SCHEDULED
2026-09-25T00:09:44.345483+00:00,1287922,088,414,24,0,1790295027,,,SCHEDULED
2026-09-25T00:09:44.345483+00:00,1287922,088,415,25,0,1790295052,,,SCHEDULED
2026-09-25T00:09:44.345483+00:00,1287922,088,416,26,0,1790295092,,,SCHEDULED
2026-09-25T00:09:44.345483+00:00,1286319,061,2215,36,0,1790294882,,,SCHEDULED
2026-09-25T00:09:44.345483+00:00,1286319,061,2216,37,0,1790294913,,,SCHEDULED
2026-09-25T00:09:44.345483+00:00,1286319,061,2217,38,0,1790294974,,,SCHEDULED
2026-09-25T00:09:44.345483+00:00,1286319,061,2218,39,0,1790295021,,,SCHEDULED
2026-09-25T00:09:44.345483+00:00,1286319,061,2220,40,0,1790295074,,,SCHEDULED
2026-09-25T00:09:44.345483+00:00,1286319,061,2221,41,0,1790295181,,,SCHEDULED
2026-09-25T00:09:44.345483+00:00,1286319,061,2222,42,0,1790295209,,,SCHEDULED
2026-09-25T00:09:44.345483+00:00,1286319,061,2223,43,0,1790295256,,,SCHEDULED
2026-09-25T00:09:44.345483+00:00,1286319,061,6107,44,0,1790295282,,,SCHEDULED
2026-09-25T00:09:44.345483+00:00,1286319,061,2224,45,0,1790295339,,,SCHEDULED
2026-09-25T00:09:44.345483+00:00,1286319,061,2225,46,0,1790295362,,,SCHEDULED
2026-09-25T00:09:44.345483+00:00,1286319,061,2226,47,0,1790295396,,,SCHEDULED
2026-09-25T00:09:44.345483+00:00,1286319,061,2227,48,0,1790295430,,,SCHEDULED
2026-09-25T00:09:44.345483+00:00,1286319,061,2228,49,0,1790295462,,,SCHEDULED
2026-09-25T00:09:44.345483+00:00,1286319,061,6100,50,0,1790295501,,,SCHEDULED
2026-09-25T00:09:44.345483+00:00,1286319,061,997,51,0,1790295657,,,SCHEDULED
2026-09-25T00:09:44.345483+00:00,1286319,061,998,52,0,1790295702,,,SCHEDULED
2026-09-25T00:09:44.345483+00:00,1286319,061,999,53,0,1790295732,,,SCHEDULED
2026-09-25T00:09:44.345483+00:00,1286319,061,249,54,0,1790295765,,,SCHEDULED
2026-09-25T00:09:44.345483+00:00,1286319,061,248,55,0,1790295812,,,SCHEDULED
2026-09-25T00:09:44.345483+00:00,1286319,061,250,56,0,1790295849,,,SCHEDULED
2026-09-25T00:09:44.345483+00:00,1286319,061,264,57,0,1790295961,,,SCHEDULED
2026-09-25T00:09:44.345483+00:00,1286319,061,263,58,0,1790296007,,,SCHEDULED
2026-09-25T00:09:44.345483+00:00,1286319,061,2180,59,0,1790296045,,,SCHEDULED
2026-09-25T00:09:44.345483+00:00,1286319,061,2181,60,0,1790296080,,,SCHEDULED
2026-09-25T00:09:44.345483+00:00,1286319,061,4395,61,0,1790296219,,,SCHEDULED
2026-09-25T00:09:44.345483+00:00,1286319,061,4396,62,0,1790296257,,,SCHEDULED
2026-09-25T00:09:44.345483+00:00,1286319,061,4397,63,0,1790296288,,,SCHEDULED
2026-09-25T00:09:44.345483+00:00,1286319,061,4398,64,0,1790296324,,,SCHEDULED
2026-09-25T00:09:44.345483+00:00,1286319,061,4391,65,0,1790296370,,,SCHEDULED
2026-09-25T00:09:44.345483+00:00,1286319,061,4399,66,0,1790296391,,,SCHEDULED
2026-09-25T00:09:44.345483+00:00,1286319,061,4392,67,0,1790296414,,,SCHEDULED
2026-09-25T00:09:44.345483+00:00,1284935,019,707,12,0,1790294993,,,SCHEDULED
2026-09-25T00:09:44.345483+00:00,1284935,019,708,13,0,1790295031,,,SCHEDULED
2026-09-25T00:09:44.345483+00:00,1284935,019,709,14,0,1790295058,,,SCHEDULED
2026-09-25T00:09:44.345483+00:00,1284935,019,710,15,0,1790295147,,,SCHEDULED
2026-09-25T00:09:44.345483+00:00,1284935,019,4866,16,0,1790295198,,,SCHEDULED
2026-09-25T00:09:44.345483+00:00,1284935,019,4840,17,0,1790295235,,,SCHEDULED
2026-09-25T00:09:44.345483+00:00,1284935,019,682,18,0,1790295293,,,SCHEDULED
2026-09-25T00:09:44.345483+00:00,1284935,019,683,19,0,1790295391,,,SCHEDULED
2026-09-25T00:09:44.345483+00:00,1284935,019,716,20,0,1790295419,,,SCHEDULED
2026-09-25T00:09:44.345483+00:00,1284935,019,717,21,0,1790295438,,,SCHEDULED
2026-09-25T00:09:44.345483+00:00,1284935,019,731,22,0,1790295665,,,SCHEDULED
2026-09-25T00:09:44.345483+00:00,1284935,019,732,23,0,1790295697,,,SCHEDULED
2026-09-25T00:09:44.345483+00:00,1284935,019,733,24,0,1790295718,,,SCHEDULED
2026-09-25T00:09:44.345483+00:00,1284935,019,734,25,0,1790295732,,,SCHEDULED
2026-09-25T00:09:44.345483+00:00,1284935,019,735,26,0,1790295759,,,SCHEDULED
2026-09-25T00:09:44.345483+00:00,1284935,019,736,27,0,1790295802,,,SCHEDULED
2026-09-25T00:09:44.345483+00:00,1284935,019,737,28,0,1790295820,,,SCHEDULED
2026-09-25T00:09:44.345483+00:00,1284935,019,738,29,0,1790295836,,,SCHEDULED
2026-09-25T00:09:44.345483+00:00,1284935,019,739,30,0,1790295855,,,SCHEDULED
2026-09-25T00:09:44.345483+00:00,1284935,019,740,31,0,1790295871,,,SCHEDULED
2026-09-25T00:09:44.345483+00:00,1284935,019,741,32,0,1790295900,,,SCHEDULED
2026-09-25T00:09:44.345483+00:00,1284935,019,1333,33,0,1790296054,,,SCHEDULED
2026-09-25T00:09:44.345483+00:00,1284935,019,3115,34,0,1790296591,,,SCHEDULED
2026-09-25T00:09:44.345483+00:00,1284935,019,3116,35,0,1790296617,,,SCHEDULED
2026-09-25T00:09:44.345483+00:00,1284935,019,3117,36,0,1790296637,,,SCHEDULED
2026-09-25T00:09:44.345483+00:00,1284935,019,3118,37,0,1790296671,,,SCHEDULED
2026-09-25T00:09:44.345483+00:00,1284935,019,3119,38,0,1790296688,,,SCHEDULED
2026-09-25T00:09:44.345483+00:00,1284935,019,3121,39,0,1790296729,,,SCHEDULED
2026-09-25T00:09:44.345483+00:00,1284935,019,3122,40,0,1790296762,,,SCHEDULED
2026-09-25T00:09:44.345483+00:00,1284928,019,780,9,0,1790294945,,,SCHEDULED
2026-09-25T00:09:44.345483+00:00,1284928,019,781,10,0,1790294981,,,SCHEDULED
2026-09-25T00:09:44.345483+00:00,1284928,019,782,11,0,1790295001,,,SCHEDULED
2026-09-25T00:09:44.345483+00:00,1284928,019,783,12,0,1790295023,,,SCHEDULED
2026-09-25T00:09:44.345483+00:00,1284928,019,784,13,0,1790295041,,,SCHEDULED
2026-09-25T00:09:44.345483+00:00,1284928,019,785,14,0,1790295059,,,SCHEDULED
2026-09-25T00:09:44.345483+00:00,1284928,019,786,15,0,1790295107,,,SCHEDULED
2026-09-25T00:09:44.345483+00:00,1284928,019,787,16,0,1790295133,,,SCHEDULED
2026-09-25T00:09:44.345483+00:00,1284928,019,788,17,0,1790295161,,,SCHEDULED
2026-09-25T00:09:44.345483+00:00,1284928,019,789,18,0,1790295179,,,SCHEDULED
2026-09-25T00:09:44.345483+00:00,1284928,019,1212,19,0,1790295223,,,SCHEDULED
2026-09-25T00:09:44.345483+00:00,1284928,019,804,20,0,1790295539,,,SCHEDULED
2026-09-25T00:09:44.345483+00:00,1284928,019,805,21,0,1790295551,,,SCHEDULED
2026-09-25T00:09:44.345483+00:00,1284928,019,806,22,0,1790295581,,,SCHEDULED
2026-09-25T00:09:44.345483+00:00,1284928,019,661,23,0,1790295686,,,SCHEDULED
2026-09-25T00:09:44.345483+00:00,1284928,019,4863,24,0,1790295705,,,SCHEDULED
2026-09-25T00:09:44.345483+00:00,1284928,019,5368,25,0,1790295741,,,SCHEDULED
2026-09-25T00:09:44.345483+00:00,1284928,019,810,26,0,1790295794,,,SCHEDULED
2026-09-25T00:09:44.345483+00:00,1284928,019,811,27,0,1790295833,,,SCHEDULED
2026-09-25T00:09:44.345483+00:00,1284928,019,812,28,0,1790295909,,,SCHEDULED
2026-09-25T00:09:44.345483+00:00,1284928,019,813,29,0,1790295941,,,SCHEDULED
2026-09-25T00:09:44.345483+00:00,1284928,019,814,30,0,1790295986,,,SCHEDULED
2026-09-25T00:09:44.345483+00:00,1284928,019,815,31,0,1790296031,,,SCHEDULED
2026-09-25T00:09:44.345483+00:00,1284928,019,5347,32,0,1790296095,,,SCHEDULED
2026-09-25T00:09:44.345483+00:00,1284928,019,824,33,0,1790296198,,,SCHEDULED
2026-09-25T00:09:44.345483+00:00,1284928,019,825,34,0,1790296239,,,SCHEDULED
2026-09-25T00:09:44.345483+00:00,1284928,019,826,35,0,1790296291,,,SCHEDULED
2026-09-25T00:09:44.345483+00:00,1284928,019,827,36,0,1790296323,,,SCHEDULED
2026-09-25T00:09:44.345483+00:00,1284928,019,5242,37,0,1790296400,,,SCHEDULED
2026-09-25T00:09:44.345483+00:00,1284928,019,829,38,0,1790296426,,,SCHEDULED
2026-09-25T00:09:44.345483+00:00,1284928,019,5271,39,0,1790296545,,,SCHEDULED
2026-09-25T00:09:44.345483+00:00,1288172,102,668,1,,,0,1790295900,SCHEDULED
2026-09-25T00:09:44.345483+00:00,1288172,102,221,2,0,1790295963,,,SCHEDULED
2026-09-25T00:09:44.345483+00:00,1288172,102,222,3,0,1790295987,,,SCHEDULED
2026-09-25T00:09:44.345483+00:00,1288172,102,223,4,0,1790296016,,,SCHEDULED
2026-09-25T00:09:44.345483+00:00,1288172,102,225,5,0,1790296080,,,SCHEDULED
2026-09-25T00:09:44.345483+00:00,1288172,102,226,6,0,1790296131,,,SCHEDULED
2026-09-25T00:09:44.345483+00:00,1288172,102,108,7,0,1790296196,,,SCHEDULED
2026-09-25T00:09:44.345483+00:00,1288172,102,123,8,0,1790296261,,,SCHEDULED
2026-09-25T00:09:44.345483+00:00,1288172,102,125,9,0,1790296354,,,SCHEDULED
2026-09-25T00:09:44.345483+00:00,1288172,102,126,10,0,1790296410,,,SCHEDULED
2026-09-25T00:09:44.345483+00:00,1288172,102,127,11,0,1790296443,,,SCHEDULED
2026-09-25T00:09:44.345483+00:00,1288172,102,128,12,0,1790296536,,,SCHEDULED
2026-09-25T00:09:44.345483+00:00,1288172,102,130,13,0,1790296620,,,SCHEDULED
2026-09-25T00:09:44.345483+00:00,1288172,102,131,14,0,1790296635,,,SCHEDULED
2026-09-25T00:09:44.345483+00:00,1288172,102,132,15,0,1790296648,,,SCHEDULED
2026-09-25T00:09:44.345483+00:00,1288172,102,133,16,0,1790296668,,,SCHEDULED
2026-09-25T00:09:44.345483+00:00,1288172,102,134,17,0,1790296680,,,SCHEDULED
2026-09-25T00:09:44.345483+00:00,1288172,102,135,18,0,1790296696,,,SCHEDULED
2026-09-25T00:09:44.345483+00:00,1288172,102,136,19,0,1790296714,,,SCHEDULED
2026-09-25T00:09:44.345483+00:00,1288172,102,137,20,0,1790296724,,,SCHEDULED
2026-09-25T00:09:44.345483+00:00,1288172,102,138,21,0,1790296740,,,SCHEDULED
2026-09-25T00:09:44.345483+00:00,1285593,030,414,2,0,1790295220,,,SCHEDULED
2026-09-25T00:09:44.345483+00:00,1285593,030,415,3,0,1790295269,,,SCHEDULED
2026-09-25T00:09:44.345483+00:00,1285593,030,416,4,0,1790295305,,,SCHEDULED
2026-09-25T00:09:44.345483+00:00,1285593,030,418,5,0,1790295377,,,SCHEDULED
2026-09-25T00:09:44.345483+00:00,1285593,030,4763,6,0,1790295459,,,SCHEDULED
2026-09-25T00:09:44.345483+00:00,1285593,030,1716,7,0,1790295518,,,SCHEDULED
2026-09-25T00:09:44.345483+00:00,1285593,030,1717,8,0,1790295563,,,SCHEDULED
2026-09-25T00:09:44.345483+00:00,1285593,030,1718,9,0,1790295635,,,SCHEDULED
2026-09-25T00:09:44.345483+00:00,1285593,030,1720,10,0,1790295744,,,SCHEDULED
2026-09-25T00:09:44.345483+00:00,1285593,030,1721,11,0,1790295889,,,SCHEDULED
2026-09-25T00:09:44.345483+00:00,1285593,030,1722,12,0,1790295961,,,SCHEDULED
2026-09-25T00:09:44.345483+00:00,1285593,030,1723,13,0,1790295989,,,SCHEDULED
2026-09-25T00:09:44.345483+00:00,1285593,030,1725,14,0,1790296094,,,SCHEDULED
2026-09-25T00:09:44.345483+00:00,1285593,030,1726,15,0,1790296165,,,SCHEDULED
2026-09-25T00:09:44.345483+00:00,1285593,030,1727,16,0,1790296237,,,SCHEDULED
2026-09-25T00:09:44.345483+00:00,1285593,030,1728,17,0,1790296315,,,SCHEDULED
2026-09-25T00:09:44.345483+00:00,1285593,030,1729,18,0,1790296409,,,SCHEDULED
2026-09-25T00:09:44.345483+00:00,1285593,030,1730,19,0,1790296443,,,SCHEDULED
2026-09-25T00:09:44.345483+00:00,1285593,030,1732,20,0,1790296488,,,SCHEDULED
2026-09-25T00:09:44.345483+00:00,1285593,030,1734,21,0,1790296555,,,SCHEDULED
2026-09-25T00:09:44.345483+00:00,1285593,030,1735,22,0,1790296577,,,SCHEDULED
2026-09-25T00:09:44.345483+00:00,1285593,030,1736,23,0,1790296606,,,SCHEDULED
2026-09-25T00:09:44.345483+00:00,1285593,030,1737,24,0,1790296634,,,SCHEDULED
2026-09-25T00:09:44.345483+00:00,1285593,030,1739,25,0,1790296710,,,SCHEDULED
2026-09-25T00:09:44.345483+00:00,1287376,082,1447,2,0,1790295205,,,SCHEDULED
2026-09-25T00:09:44.345483+00:00,1287376,082,1448,3,0,1790295255,,,SCHEDULED
2026-09-25T00:09:44.345483+00:00,1287376,082,1449,4,0,1790295287,,,SCHEDULED
2026-09-25T00:09:44.345483+00:00,1287376,082,674,5,0,1790295405,,,SCHEDULED
2026-09-25T00:09:44.345483+00:00,1287376,082,675,6,0,1790295447,,,SCHEDULED
2026-09-25T00:09:44.345483+00:00,1287376,082,676,7,0,1790295528,,,SCHEDULED
2026-09-25T00:09:44.345483+00:00,1287376,082,677,8,0,1790295609,,,SCHEDULED
2026-09-25T00:09:44.345483+00:00,1287376,082,678,9,0,1790295673,,,SCHEDULED
2026-09-25T00:09:44.345483+00:00,1287376,082,679,10,0,1790295747,,,SCHEDULED
2026-09-25T00:09:44.345483+00:00,1287376,082,680,11,0,1790295811,,,SCHEDULED
2026-09-25T00:09:44.345483+00:00,1287376,082,681,12,0,1790295848,,,SCHEDULED
2026-09-25T00:09:44.345483+00:00,1287376,082,3076,13,0,1790295892,,,SCHEDULED
2026-09-25T00:09:44.345483+00:00,1287376,082,3077,14,0,1790295943,,,SCHEDULED
2026-09-25T00:09:44.345483+00:00,1287376,082,3078,15,0,1790296088,,,SCHEDULED
2026-09-25T00:09:44.345483+00:00,1287376,082,3079,16,0,1790296156,,,SCHEDULED
2026-09-25T00:09:44.345483+00:00,1287376,082,3080,17,0,1790296227,,,SCHEDULED
2026-09-25T00:09:44.345483+00:00,1287376,082,1074,18,0,1790296329,,,SCHEDULED
2026-09-25T00:09:44.345483+00:00,1287376,082,1075,19,0,1790296401,,,SCHEDULED
2026-09-25T00:09:44.345483+00:00,1287376,082,1076,20,0,1790296444,,,SCHEDULED
2026-09-25T00:09:44.345483+00:00,1287376,082,1077,21,0,1790296503,,,SCHEDULED
2026-09-25T00:09:44.345483+00:00,1287376,082,1646,22,0,1790296587,,,SCHEDULED
2026-09-25T00:09:44.345483+00:00,1287376,082,1648,23,0,1790296664,,,SCHEDULED
2026-09-25T00:09:44.345483+00:00,1287376,082,1649,24,0,1790296720,,,SCHEDULED
2026-09-25T00:09:44.345483+00:00,1287376,082,1650,25,0,1790296765,,,SCHEDULED
2026-09-25T00:09:44.345483+00:00,1287377,082,1653,28,0,1790294920,,,SCHEDULED
2026-09-25T00:09:44.345483+00:00,1287377,082,1654,29,0,1790294958,,,SCHEDULED
2026-09-25T00:09:44.345483+00:00,1287377,082,1655,30,0,1790295064,,,SCHEDULED
2026-09-25T00:09:44.345483+00:00,1287377,082,459,31,0,1790295110,,,SCHEDULED
2026-09-25T00:09:44.345483+00:00,1287377,082,1656,32,0,1790295134,,,SCHEDULED
2026-09-25T00:09:44.345483+00:00,1287377,082,1657,33,0,1790295183,,,SCHEDULED
2026-09-25T00:09:44.345483+00:00,1287377,082,1658,34,0,1790295222,,,SCHEDULED
2026-09-25T00:09:44.345483+00:00,1287377,082,1659,35,0,1790295274,,,SCHEDULED
2026-09-25T00:09:44.345483+00:00,1287377,082,1660,36,0,1790295320,,,SCHEDULED
2026-09-25T00:09:44.345483+00:00,1287377,082,3190,37,0,1790295355,,,SCHEDULED
2026-09-25T00:09:44.345483+00:00,1287377,082,3191,38,0,1790295418,,,SCHEDULED
2026-09-25T00:09:44.345483+00:00,1287377,082,3192,39,0,1790295474,,,SCHEDULED
2026-09-25T00:09:44.345483+00:00,1287377,082,3193,40,0,1790295575,,,SCHEDULED
2026-09-25T00:09:44.345483+00:00,1287377,082,275,41,0,1790295831,,,SCHEDULED
2026-09-25T00:09:44.345483+00:00,1287377,082,276,42,0,1790296116,,,SCHEDULED
2026-09-25T00:09:44.345483+00:00,1285592,030,282,1,,,0,1790296740,SCHEDULED
2026-09-25T00:09:44.345483+00:00,1287375,082,665,1,,,0,1790296680,SCHEDULED
2026-09-25T00:09:44.345483+00:00,1286720,068,940,54,0,1790295002,,,SCHEDULED
2026-09-25T00:09:44.345483+00:00,1286720,068,941,55,0,1790295034,,,SCHEDULED
2026-09-25T00:09:44.345483+00:00,1286720,068,2633,56,0,1790295102,,,SCHEDULED
2026-09-25T00:09:44.345483+00:00,1286720,068,9812,57,0,1790295138,,,SCHEDULED
2026-09-25T00:09:44.345483+00:00,1286720,068,2629,58,0,1790295196,,,SCHEDULED
2026-09-25T00:09:44.345483+00:00,1286720,068,2634,59,0,1790295242,,,SCHEDULED
2026-09-25T00:09:44.345483+00:00,1286720,068,2635,60,0,1790295318,,,SCHEDULED
2026-09-25T00:09:44.345483+00:00,1286720,068,2636,61,0,1790295331,,,SCHEDULED
2026-09-25T00:09:44.345483+00:00,1286720,068,2637,62,0,1790295345,,,SCHEDULED
2026-09-25T00:09:44.345483+00:00,1286720,068,2638,63,0,1790295377,,,SCHEDULED
2026-09-25T00:09:44.345483+00:00,1286720,068,2639,64,0,1790295417,,,SCHEDULED
2026-09-25T00:09:44.345483+00:00,1286720,068,1086,65,0,1790295821,,,SCHEDULED
2026-09-25T00:09:44.345483+00:00,1286720,068,1088,66,0,1790295873,,,SCHEDULED
2026-09-25T00:09:44.345483+00:00,1286720,068,1087,67,0,1790295907,,,SCHEDULED
2026-09-25T00:09:44.345483+00:00,1286720,068,2642,68,0,1790295937,,,SCHEDULED
2026-09-25T00:09:44.345483+00:00,1288228,137,1714,1,,,0,1790295300,SCHEDULED
2026-09-25T00:09:44.345483+00:00,1288228,137,1904,2,0,1790295414,,,SCHEDULED
2026-09-25T00:09:44.345483+00:00,1287413,082,1670,14,0,1790295002,,,SCHEDULED
2026-09-25T00:09:44.345483+00:00,1287413,082,1671,15,0,1790295081,,,SCHEDULED
2026-09-25T00:09:44.345483+00:00,1287413,082,1672,16,0,1790295138,,,SCHEDULED
2026-09-25T00:09:44.345483+00:00,1287413,082,1673,17,0,1790295179,,,SCHEDULED
2026-09-25T00:09:44.345483+00:00,1287413,082,1674,18,0,1790295213,,,SCHEDULED
2026-09-25T00:09:44.345483+00:00,1287413,082,1675,19,0,1790295261,,,SCHEDULED
2026-09-25T00:09:44.345483+00:00,1287413,082,1677,20,0,1790295319,,,SCHEDULED
2026-09-25T00:09:44.345483+00:00,1287413,082,1127,21,0,1790295365,,,SCHEDULED
2026-09-25T00:09:44.345483+00:00,1287413,082,1128,22,0,1790295422,,,SCHEDULED
2026-09-25T00:09:44.345483+00:00,1287413,082,1129,23,0,1790295520,,,SCHEDULED
2026-09-25T00:09:44.345483+00:00,1287413,082,1130,24,0,1790295596,,,SCHEDULED
2026-09-25T00:09:44.345483+00:00,1287413,082,1131,25,0,1790295680,,,SCHEDULED
2026-09-25T00:09:44.345483+00:00,1287413,082,3089,26,0,1790295765,,,SCHEDULED
2026-09-25T00:09:44.345483+00:00,1287413,082,3090,27,0,1790295859,,,SCHEDULED
2026-09-25T00:09:44.345483+00:00,1287413,082,3091,28,0,1790295956,,,SCHEDULED
2026-09-25T00:09:44.345483+00:00,1287413,082,3092,29,0,1790296029,,,SCHEDULED
2026-09-25T00:09:44.345483+00:00,1287413,082,3093,30,0,1790296108,,,SCHEDULED
2026-09-25T00:09:44.345483+00:00,1287413,082,3094,31,0,1790296147,,,SCHEDULED
2026-09-25T00:09:44.345483+00:00,1287413,082,1421,32,0,1790296214,,,SCHEDULED
2026-09-25T00:09:44.345483+00:00,1287413,082,1422,33,0,1790296272,,,SCHEDULED
2026-09-25T00:09:44.345483+00:00,1287413,082,1423,34,0,1790296329,,,SCHEDULED
2026-09-25T00:09:44.345483+00:00,1287413,082,1424,35,0,1790296390,,,SCHEDULED
2026-09-25T00:09:44.345483+00:00,1287413,082,1425,36,0,1790296442,,,SCHEDULED
2026-09-25T00:09:44.345483+00:00,1287413,082,1427,37,0,1790296521,,,SCHEDULED
2026-09-25T00:09:44.345483+00:00,1287413,082,1428,38,0,1790296579,,,SCHEDULED
2026-09-25T00:09:44.345483+00:00,1287413,082,9939,39,0,1790296620,,,SCHEDULED
2026-09-25T00:09:44.345483+00:00,1287413,082,1444,40,0,1790296748,,,SCHEDULED
2026-09-25T00:09:44.345483+00:00,1288227,137,85406,3,0,1790294943,,,SCHEDULED
2026-09-25T00:09:44.345483+00:00,1288227,137,85408,4,0,1790295059,,,SCHEDULED
2026-09-25T00:09:44.345483+00:00,1288227,137,85204,5,0,1790295083,,,SCHEDULED
2026-09-25T00:09:44.345483+00:00,1288227,137,85205,6,0,1790295158,,,SCHEDULED
2026-09-25T00:09:44.345483+00:00,1288227,137,85206,7,0,1790295346,,,SCHEDULED
2026-09-25T00:09:44.345483+00:00,1288227,137,85207,8,0,1790295370,,,SCHEDULED
2026-09-25T00:09:44.345483+00:00,1288227,137,85091,9,0,1790295467,,,SCHEDULED
2026-09-25T00:09:44.345483+00:00,1288227,137,85092,10,0,1790295586,,,SCHEDULED
2026-09-25T00:09:44.345483+00:00,1288227,137,85178,11,0,1790295683,,,SCHEDULED
2026-09-25T00:09:44.345483+00:00,1288227,137,85179,12,0,1790295774,,,SCHEDULED
2026-09-25T00:09:44.345483+00:00,1288227,137,85180,13,0,1790295818,,,SCHEDULED
2026-09-25T00:09:44.345483+00:00,1288227,137,85181,14,0,1790295926,,,SCHEDULED
2026-09-25T00:09:44.345483+00:00,1288227,137,1715,15,0,1790295972,,,SCHEDULED
2026-09-25T00:09:44.345483+00:00,1288227,137,85619,16,0,1790296093,,,SCHEDULED
2026-09-25T00:09:44.345483+00:00,1287414,082,563,43,0,1790295168,,,SCHEDULED
2026-09-25T00:09:44.345483+00:00,1287414,082,565,44,0,1790295236,,,SCHEDULED
2026-09-25T00:09:44.345483+00:00,1287414,082,1438,45,0,1790295398,,,SCHEDULED
2026-09-25T00:09:44.345483+00:00,1287414,082,1439,46,0,1790295424,,,SCHEDULED
2026-09-25T00:09:44.345483+00:00,1286600,067,2654,13,,,,,NO_DATA
2026-09-25T00:09:44.345483+00:00,1286600,067,9811,14,,,,,NO_DATA
2026-09-25T00:09:44.345483+00:00,1286600,067,880,15,,,,,NO_DATA
2026-09-25T00:09:44.345483+00:00,1286600,067,2656,16,,,,,NO_DATA
2026-09-25T00:09:44.345483+00:00,1286600,067,2655,17,,,,,NO_DATA
2026-09-25T00:09:44.345483+00:00,1286600,067,1915,18,,,,,NO_DATA
2026-09-25T00:09:44.345483+00:00,1286600,067,2569,19,,,,,NO_DATA
2026-09-25T00:09:44.345483+00:00,1286600,067,2570,20,,,,,NO_DATA
2026-09-25T00:09:44.345483+00:00,1286600,067,2571,21,,,,,NO_DATA
2026-09-25T00:09:44.345483+00:00,1286600,067,2572,22,,,,,NO_DATA
2026-09-25T00:09:44.345483+00:00,1286600,067,2573,23,,,,,NO_DATA
2026-09-25T00:09:44.345483+00:00,1286600,067,2574,24,,,,,NO_DATA
2026-09-25T00:09:44.345483+00:00,1286600,067,2575,25,,,,,NO_DATA
2026-09-25T00:09:44.345483+00:00,1286600,067,2576,26,,,,,NO_DATA
2026-09-25T00:09:44.345483+00:00,1286600,067,2577,27,,,,,NO_DATA
2026-09-25T00:09:44.345483+00:00,1286600,067,2578,28,,,,,NO_DATA
2026-09-25T00:09:44.345483+00:00,1286600,067,2580,29,,,,,NO_DATA
2026-09-25T00:09:44.345483+00:00,1286600,067,2581,30,,,,,NO_DATA
2026-09-25T00:09:44.345483+00:00,1286600,067,2582,31,,,,,NO_DATA
2026-09-25T00:09:44.345483+00:00,1286600,067,2583,32,,,,,NO_DATA
2026-09-25T00:09:44.345483+00:00,1286600,067,2584,33,,,,,NO_DATA
2026-09-25T00:09:44.345483+00:00,1286600,067,2585,34,,,,,NO_DATA
2026-09-25T00:09:44.345483+00:00,1286600,067,2586,35,,,,,NO_DATA
2026-09-25T00:09:44.345483+00:00,1286600,067,2587,36,,,,,NO_DATA
2026-09-25T00:09:44.345483+00:00,1286600,067,2588,37,,,,,NO_DATA
2026-09-25T00:09:44.345483+00:00,1286600,067,2589,38,,,,,NO_DATA
2026-09-25T00:09:44.345483+00:00,1286600,067,2590,39,,,,,NO_DATA
2026-09-25T00:09:44.345483+00:00,1286600,067,2591,40,,,,,NO_DATA
2026-09-25T00:09:44.345483+00:00,1286600,067,2592,41,,,,,NO_DATA
2026-09-25T00:09:44.345483+00:00,1286600,067,2593,42,,,,,NO_DATA
2026-09-25T00:09:44.345483+00:00,1286721,068,2378,14,0,1790295043,,,SCHEDULED
2026-09-25T00:09:44.345483+00:00,1286721,068,2379,15,0,1790295081,,,SCHEDULED
2026-09-25T00:09:44.345483+00:00,1286721,068,2381,16,0,1790295170,,,SCHEDULED
2026-09-25T00:09:44.345483+00:00,1286721,068,2382,17,0,1790295267,,,SCHEDULED
2026-09-25T00:09:44.345483+00:00,1286721,068,2383,18,0,1790295347,,,SCHEDULED
2026-09-25T00:09:44.345483+00:00,1286721,068,2385,19,0,1790295405,,,SCHEDULED
2026-09-25T00:09:44.345483+00:00,1286721,068,2014,20,0,1790295533,,,SCHEDULED
2026-09-25T00:09:44.345483+00:00,1286721,068,2015,21,0,1790295623,,,SCHEDULED
2026-09-25T00:09:44.345483+00:00,1286721,068,2016,22,0,1790295675,,,SCHEDULED
2026-09-25T00:09:44.345483+00:00,1286721,068,2166,23,0,1790295726,,,SCHEDULED
2026-09-25T00:09:44.345483+00:00,1286721,068,1884,24,0,1790295807,,,SCHEDULED
2026-09-25T00:09:44.345483+00:00,1286721,068,1885,25,0,1790295882,,,SCHEDULED
2026-09-25T00:09:44.345483+00:00,1286721,068,1686,26,0,1790296004,,,SCHEDULED
2026-09-25T00:09:44.345483+00:00,1286721,068,2691,27,0,1790296138,,,SCHEDULED
2026-09-25T00:09:44.345483+00:00,1286721,068,2692,28,0,1790296185,,,SCHEDULED
2026-09-25T00:09:44.345483+00:00,1286721,068,2693,29,0,1790296236,,,SCHEDULED
2026-09-25T00:09:44.345483+00:00,1286721,068,2694,30,0,1790296294,,,SCHEDULED
2026-09-25T00:09:44.345483+00:00,1286721,068,2695,31,0,1790296339,,,SCHEDULED
2026-09-25T00:09:44.345483+00:00,1286721,068,2696,32,0,1790296383,,,SCHEDULED
2026-09-25T00:09:44.345483+00:00,1286721,068,2699,33,0,1790296405,,,SCHEDULED
2026-09-25T00:09:44.345483+00:00,1286721,068,2700,34,0,1790296472,,,SCHEDULED
2026-09-25T00:09:44.345483+00:00,1286721,068,2703,35,0,1790296522,,,SCHEDULED
2026-09-25T00:09:44.345483+00:00,1286721,068,2704,36,0,1790296587,,,SCHEDULED
2026-09-25T00:09:44.345483+00:00,1286721,068,2706,37,0,1790296693,,,SCHEDULED
2026-09-25T00:09:44.345483+00:00,1286721,068,2707,38,0,1790296747,,,SCHEDULED
2026-09-25T00:09:44.345483+00:00,1285995,051,668,1,,,0,1790295480,SCHEDULED
2026-09-25T00:09:44.345483+00:00,1285995,051,221,2,0,1790295607,,,SCHEDULED
2026-09-25T00:09:44.345483+00:00,1285995,051,222,3,0,1790295654,,,SCHEDULED
2026-09-25T00:09:44.345483+00:00,1285995,051,223,4,0,1790295712,,,SCHEDULED
2026-09-25T00:09:44.345483+00:00,1285995,051,225,5,0,1790295840,,,SCHEDULED
2026-09-25T00:09:44.345483+00:00,1285995,051,226,6,0,1790295891,,,SCHEDULED
2026-09-25T00:09:44.345483+00:00,1285995,051,108,7,0,1790295956,,,SCHEDULED
2026-09-25T00:09:44.345483+00:00,1285995,051,123,8,0,1790296021,,,SCHEDULED
2026-09-25T00:09:44.345483+00:00,1285995,051,125,9,0,1790296114,,,SCHEDULED
2026-09-25T00:09:44.345483+00:00,1285995,051,126,10,0,1790296170,,,SCHEDULED
2026-09-25T00:09:44.345483+00:00,1285995,051,127,11,0,1790296203,,,SCHEDULED
2026-09-25T00:09:44.345483+00:00,1285995,051,128,12,0,1790296296,,,SCHEDULED
2026-09-25T00:09:44.345483+00:00,1285995,051,227,13,0,1790296380,,,SCHEDULED
2026-09-25T00:09:44.345483+00:00,1285995,051,229,14,0,1790296454,,,SCHEDULED
2026-09-25T00:09:44.345483+00:00,1285995,051,231,15,0,1790296593,,,SCHEDULED
2026-09-25T00:09:44.345483+00:00,1285995,051,232,16,0,1790296652,,,SCHEDULED
2026-09-25T00:09:44.345483+00:00,1285995,051,233,17,0,1790296717,,,SCHEDULED
2026-09-25T00:09:44.345483+00:00,1287412,082,288,1,,,0,1790295180,SCHEDULED
2026-09-25T00:09:44.345483+00:00,1287412,082,274,2,0,1790295478,,,SCHEDULED
2026-09-25T00:09:44.345483+00:00,1287412,082,275,3,0,1790295840,,,SCHEDULED
2026-09-25T00:09:44.345483+00:00,1287412,082,3893,4,0,1790296088,,,SCHEDULED
2026-09-25T00:09:44.345483+00:00,1287412,082,3894,5,0,1790296193,,,SCHEDULED
2026-09-25T00:09:44.345483+00:00,1287412,082,3895,6,0,1790296251,,,SCHEDULED
2026-09-25T00:09:44.345483+00:00,1287412,082,1662,7,0,1790296326,,,SCHEDULED
2026-09-25T00:09:44.345483+00:00,1287412,082,1663,8,0,1790296380,,,SCHEDULED
2026-09-25T00:09:44.345483+00:00,1287412,082,1664,9,0,1790296424,,,SCHEDULED
2026-09-25T00:09:44.345483+00:00,1287412,082,1665,10,0,1790296475,,,SCHEDULED
2026-09-25T00:09:44.345483+00:00,1287412,082,1666,11,0,1790296506,,,SCHEDULED
2026-09-25T00:09:44.345483+00:00,1287412,082,1668,12,0,1790296591,,,SCHEDULED
2026-09-25T00:09:44.345483+00:00,1287412,082,1669,13,0,1790296666,,,SCHEDULED
2026-09-25T00:09:44.345483+00:00,1287412,082,1670,14,0,1790296723,,,SCHEDULED
2026-09-25T00:09:44.345483+00:00,1285994,051,668,1,,,0,1790296560,SCHEDULED
2026-09-25T00:09:44.345483+00:00,1285994,051,221,2,0,1790296687,,,SCHEDULED
2026-09-25T00:09:44.345483+00:00,1285994,051,222,3,0,1790296734,,,SCHEDULED
2026-09-25T00:09:44.345483+00:00,1285997,051,231,15,0,1790295033,,,SCHEDULED
2026-09-25T00:09:44.345483+00:00,1285997,051,232,16,0,1790295092,,,SCHEDULED
2026-09-25T00:09:44.345483+00:00,1285997,051,233,17,0,1790295157,,,SCHEDULED
2026-09-25T00:09:44.345483+00:00,1285997,051,234,18,0,1790295251,,,SCHEDULED
2026-09-25T00:09:44.345483+00:00,1285997,051,235,19,0,1790295301,,,SCHEDULED
2026-09-25T00:09:44.345483+00:00,1285997,051,236,20,0,1790295360,,,SCHEDULED
2026-09-25T00:09:44.345483+00:00,1285997,051,1927,21,0,1790295480,,,SCHEDULED
2026-09-25T00:09:44.345483+00:00,1285997,051,1930,22,0,1790295577,,,SCHEDULED
2026-09-25T00:09:44.345483+00:00,1285997,051,1931,23,0,1790295624,,,SCHEDULED
2026-09-25T00:09:44.345483+00:00,1285997,051,1949,24,0,1790295675,,,SCHEDULED
2026-09-25T00:09:44.345483+00:00,1285997,051,1932,25,0,1790295705,,,SCHEDULED
2026-09-25T00:09:44.345483+00:00,1285997,051,1936,26,0,1790295773,,,SCHEDULED
2026-09-25T00:09:44.345483+00:00,1285997,051,1937,27,0,1790295811,,,SCHEDULED
2026-09-25T00:09:44.345483+00:00,1285997,051,1938,28,0,1790295849,,,SCHEDULED
2026-09-25T00:09:44.345483+00:00,1285997,051,1939,29,0,1790295913,,,SCHEDULED
2026-09-25T00:09:44.345483+00:00,1285997,051,1839,30,0,1790295960,,,SCHEDULED
2026-09-25T00:09:44.345483+00:00,1285997,051,1841,31,0,1790296022,,,SCHEDULED
2026-09-25T00:09:44.345483+00:00,1285997,051,1842,32,0,1790296068,,,SCHEDULED
2026-09-25T00:09:44.345483+00:00,1285997,051,1843,33,0,1790296113,,,SCHEDULED
2026-09-25T00:09:44.345483+00:00,1285997,051,1844,34,0,1790296151,,,SCHEDULED
2026-09-25T00:09:44.345483+00:00,1285997,051,1845,35,0,1790296188,,,SCHEDULED
2026-09-25T00:09:44.345483+00:00,1285997,051,1846,36,0,1790296238,,,SCHEDULED
2026-09-25T00:09:44.345483+00:00,1285997,051,1847,37,0,1790296267,,,SCHEDULED
2026-09-25T00:09:44.345483+00:00,1285997,051,1848,38,0,1790296321,,,SCHEDULED
2026-09-25T00:09:44.345483+00:00,1285997,051,1849,39,0,1790296379,,,SCHEDULED
2026-09-25T00:09:44.345483+00:00,1285997,051,1850,40,0,1790296429,,,SCHEDULED
2026-09-25T00:09:44.345483+00:00,1285997,051,1851,41,0,1790296500,,,SCHEDULED
2026-09-25T00:09:44.345483+00:00,1285997,051,1852,42,0,1790296546,,,SCHEDULED
2026-09-25T00:09:44.345483+00:00,1285997,051,1853,43,0,1790296586,,,SCHEDULED
2026-09-25T00:09:44.345483+00:00,1285997,051,1854,44,0,1790296623,,,SCHEDULED
2026-09-25T00:09:44.345483+00:00,1285997,051,1855,45,0,1790296690,,,SCHEDULED
2026-09-25T00:09:44.345483+00:00,1285997,051,1856,46,0,1790296760,,,SCHEDULED
2026-09-25T00:09:44.345483+00:00,1285996,051,225,5,0,1790295030,,,SCHEDULED
2026-09-25T00:09:44.345483+00:00,1285996,051,226,6,0,1790295081,,,SCHEDULED
2026-09-25T00:09:44.345483+00:00,1285996,051,108,7,0,1790295146,,,SCHEDULED
2026-09-25T00:09:44.345483+00:00,1285996,051,123,8,0,1790295211,,,SCHEDULED
2026-09-25T00:09:44.345483+00:00,1285996,051,125,9,0,1790295304,,,SCHEDULED
2026-09-25T00:09:44.345483+00:00,1285996,051,126,10,0,1790295360,,,SCHEDULED
2026-09-25T00:09:44.345483+00:00,1285996,051,127,11,0,1790295393,,,SCHEDULED
2026-09-25T00:09:44.345483+00:00,1285996,051,128,12,0,1790295486,,,SCHEDULED
2026-09-25T00:09:44.345483+00:00,1285996,051,227,13,0,1790295570,,,SCHEDULED
2026-09-25T00:09:44.345483+00:00,1285996,051,229,14,0,1790295644,,,SCHEDULED
2026-09-25T00:09:44.345483+00:00,1285996,051,231,15,0,1790295783,,,SCHEDULED
2026-09-25T00:09:44.345483+00:00,1285996,051,232,16,0,1790295842,,,SCHEDULED
2026-09-25T00:09:44.345483+00:00,1285996,051,233,17,0,1790295907,,,SCHEDULED
2026-09-25T00:09:44.345483+00:00,1285996,051,234,18,0,1790296001,,,SCHEDULED
2026-09-25T00:09:44.345483+00:00,1285996,051,235,19,0,1790296051,,,SCHEDULED
2026-09-25T00:09:44.345483+00:00,1285996,051,236,20,0,1790296110,,,SCHEDULED
2026-09-25T00:09:44.345483+00:00,1285996,051,1927,21,0,1790296230,,,SCHEDULED
2026-09-25T00:09:44.345483+00:00,1285996,051,1930,22,0,1790296327,,,SCHEDULED
2026-09-25T00:09:44.345483+00:00,1285996,051,1931,23,0,1790296374,,,SCHEDULED
2026-09-25T00:09:44.345483+00:00,1285996,051,1949,24,0,1790296425,,,SCHEDULED
2026-09-25T00:09:44.345483+00:00,1285996,051,1932,25,0,1790296455,,,SCHEDULED
2026-09-25T00:09:44.345483+00:00,1285996,051,1936,26,0,1790296523,,,SCHEDULED
2026-09-25T00:09:44.345483+00:00,1285996,051,1937,27,0,1790296561,,,SCHEDULED
2026-09-25T00:09:44.345483+00:00,1285996,051,1938,28,0,1790296599,,,SCHEDULED
2026-09-25T00:09:44.345483+00:00,1285996,051,1939,29,0,1790296663,,,SCHEDULED
2026-09-25T00:09:44.345483+00:00,1285996,051,1839,30,0,1790296710,,,SCHEDULED
2026-09-25T00:09:44.345483+00:00,1285996,051,1841,31,0,1790296772,,,SCHEDULED
2026-09-25T00:09:44.345483+00:00,1286722,068,3914,9,0,1790294824,,,SCHEDULED
2026-09-25T00:09:44.345483+00:00,1286722,068,3836,10,0,1790294900,,,SCHEDULED
2026-09-25T00:09:44.345483+00:00,1286722,068,2375,11,0,1790295067,,,SCHEDULED
2026-09-25T00:09:44.345483+00:00,1286722,068,2376,12,0,1790295129,,,SCHEDULED
2026-09-25T00:09:44.345483+00:00,1286722,068,2377,13,0,1790295184,,,SCHEDULED
2026-09-25T00:09:44.345483+00:00,1286722,068,2378,14,0,1790295273,,,SCHEDULED
2026-09-25T00:09:44.345483+00:00,1286722,068,2379,15,0,1790295311,,,SCHEDULED
2026-09-25T00:09:44.345483+00:00,1286722,068,2381,16,0,1790295400,,,SCHEDULED
2026-09-25T00:09:44.345483+00:00,1286722,068,2382,17,0,1790295497,,,SCHEDULED
2026-09-25T00:09:44.345483+00:00,1286722,068,2383,18,0,1790295577,,,SCHEDULED
2026-09-25T00:09:44.345483+00:00,1286722,068,2385,19,0,1790295635,,,SCHEDULED
2026-09-25T00:09:44.345483+00:00,1286722,068,2014,20,0,1790295763,,,SCHEDULED
2026-09-25T00:09:44.345483+00:00,1286722,068,2015,21,0,1790295853,,,SCHEDULED
2026-09-25T00:09:44.345483+00:00,1286722,068,2016,22,0,1790295905,,,SCHEDULED
2026-09-25T00:09:44.345483+00:00,1286722,068,2166,23,0,1790295956,,,SCHEDULED
2026-09-25T00:09:44.345483+00:00,1286722,068,1884,24,0,1790296037,,,SCHEDULED
2026-09-25T00:09:44.345483+00:00,1286722,068,1885,25,0,1790296112,,,SCHEDULED
2026-09-25T00:09:44.345483+00:00,1286722,068,1686,26,0,1790296234,,,SCHEDULED
2026-09-25T00:09:44.345483+00:00,1286722,068,2691,27,0,1790296368,,,SCHEDULED
2026-09-25T00:09:44.345483+00:00,1286722,068,2692,28,0,1790296415,,,SCHEDULED
2026-09-25T00:09:44.345483+00:00,1286722,068,2693,29,0,1790296466,,,SCHEDULED
2026-09-25T00:09:44.345483+00:00,1286722,068,2694,30,0,1790296524,,,SCHEDULED
2026-09-25T00:09:44.345483+00:00,1286722,068,2695,31,0,1790296569,,,SCHEDULED
2026-09-25T00:09:44.345483+00:00,1285999,051,1852,42,0,1790294957,,,SCHEDULED
2026-09-25T00:09:44.345483+00:00,1285999,051,1853,43,0,1790294972,,,SCHEDULED
2026-09-25T00:09:44.345483+00:00,1285999,051,1854,44,0,1790294976,,,SCHEDULED
2026-09-25T00:09:44.345483+00:00,1285999,051,1855,45,0,1790295043,,,SCHEDULED
2026-09-25T00:09:44.345483+00:00,1285999,051,1856,46,0,1790295113,,,SCHEDULED
2026-09-25T00:09:44.345483+00:00,1285999,051,1857,47,0,1790295150,,,SCHEDULED
2026-09-25T00:09:44.345483+00:00,1285999,051,1858,48,0,1790295194,,,SCHEDULED
2026-09-25T00:09:44.345483+00:00,1285999,051,1859,49,0,1790295314,,,SCHEDULED
2026-09-25T00:09:44.345483+00:00,1285999,051,1860,50,0,1790295395,,,SCHEDULED
2026-09-25T00:09:44.345483+00:00,1285999,051,1861,51,0,1790295428,,,SCHEDULED
2026-09-25T00:09:44.345483+00:00,1285999,051,2020,52,0,1790295492,,,SCHEDULED
2026-09-25T00:09:44.345483+00:00,1285999,051,2021,53,0,1790295589,,,SCHEDULED
2026-09-25T00:09:44.345483+00:00,1285999,051,3130,54,0,1790295652,,,SCHEDULED
2026-09-25T00:09:44.345483+00:00,1286964,075,318,1,,,0,1790295569,SCHEDULED
2026-09-25T00:09:44.345483+00:00,1286964,075,4210,2,0,1790295801,,,SCHEDULED
2026-09-25T00:09:44.345483+00:00,1286964,075,1432,3,0,1790295867,,,SCHEDULED
2026-09-25T00:09:44.345483+00:00,1286964,075,1398,4,0,1790295951,,,SCHEDULED
2026-09-25T00:09:44.345483+00:00,1286964,075,3851,5,0,1790295991,,,SCHEDULED
2026-09-25T00:09:44.345483+00:00,1286964,075,1418,6,0,1790296069,,,SCHEDULED
2026-09-25T00:09:44.345483+00:00,1286964,075,1420,7,0,1790296184,,,SCHEDULED
2026-09-25T00:09:44.345483+00:00,1285998,051,1936,26,0,1790294997,,,SCHEDULED
2026-09-25T00:09:44.345483+00:00,1285998,051,1937,27,0,1790295035,,,SCHEDULED
2026-09-25T00:09:44.345483+00:00,1285998,051,1938,28,0,1790295073,,,SCHEDULED
2026-09-25T00:09:44.345483+00:00,1285998,051,1939,29,0,1790295137,,,SCHEDULED
2026-09-25T00:09:44.345483+00:00,1285998,051,1839,30,0,1790295184,,,SCHEDULED
2026-09-25T00:09:44.345483+00:00,1285998,051,1841,31,0,1790295246,,,SCHEDULED
2026-09-25T00:09:44.345483+00:00,1285998,051,1842,32,0,1790295292,,,SCHEDULED
2026-09-25T00:09:44.345483+00:00,1285998,051,1843,33,0,1790295337,,,SCHEDULED
2026-09-25T00:09:44.345483+00:00,1285998,051,1844,34,0,1790295375,,,SCHEDULED
2026-09-25T00:09:44.345483+00:00,1285998,051,1845,35,0,1790295412,,,SCHEDULED
2026-09-25T00:09:44.345483+00:00,1285998,051,1846,36,0,1790295462,,,SCHEDULED
2026-09-25T00:09:44.345483+00:00,1285998,051,1847,37,0,1790295491,,,SCHEDULED
2026-09-25T00:09:44.345483+00:00,1285998,051,1848,38,0,1790295545,,,SCHEDULED
2026-09-25T00:09:44.345483+00:00,1285998,051,1849,39,0,1790295603,,,SCHEDULED
2026-09-25T00:09:44.345483+00:00,1285998,051,1850,40,0,1790295653,,,SCHEDULED
2026-09-25T00:09:44.345483+00:00,1285998,051,1851,41,0,1790295724,,,SCHEDULED
2026-09-25T00:09:44.345483+00:00,1285998,051,1852,42,0,1790295770,,,SCHEDULED
2026-09-25T00:09:44.345483+00:00,1285998,051,1853,43,0,1790295810,,,SCHEDULED
2026-09-25T00:09:44.345483+00:00,1285998,051,1854,44,0,1790295847,,,SCHEDULED
2026-09-25T00:09:44.345483+00:00,1285998,051,1855,45,0,1790295914,,,SCHEDULED
2026-09-25T00:09:44.345483+00:00,1285998,051,1856,46,0,1790295984,,,SCHEDULED
2026-09-25T00:09:44.345483+00:00,1285998,051,1857,47,0,1790296021,,,SCHEDULED
2026-09-25T00:09:44.345483+00:00,1285998,051,1858,48,0,1790296065,,,SCHEDULED
2026-09-25T00:09:44.345483+00:00,1285998,051,1859,49,0,1790296185,,,SCHEDULED
2026-09-25T00:09:44.345483+00:00,1285998,051,1860,50,0,1790296266,,,SCHEDULED
2026-09-25T00:09:44.345483+00:00,1285998,051,1861,51,0,1790296299,,,SCHEDULED
2026-09-25T00:09:44.345483+00:00,1285998,051,2020,52,0,1790296363,,,SCHEDULED
2026-09-25T00:09:44.345483+00:00,1285998,051,2021,53,0,1790296460,,,SCHEDULED
2026-09-25T00:09:44.345483+00:00,1285998,051,3130,54,0,1790296523,,,SCHEDULED
2026-09-25T00:09:44.345483+00:00,1286723,068,885,1,,,0,1790296500,SCHEDULED
2026-09-25T00:09:44.345483+00:00,1286723,068,286,2,0,1790296707,,,SCHEDULED
2026-09-25T00:09:44.345483+00:00,1288182,103,458,9,0,1790295360,,,SCHEDULED
2026-09-25T00:09:44.345483+00:00,1288182,103,250,10,0,1790295540,,,SCHEDULED
2026-09-25T00:09:44.345483+00:00,1288182,103,251,11,0,1790295610,,,SCHEDULED
2026-09-25T00:09:44.345483+00:00,1288182,103,252,12,0,1790295636,,,SCHEDULED
2026-09-25T00:09:44.345483+00:00,1288182,103,253,13,0,1790295659,,,SCHEDULED
2026-09-25T00:09:44.345483+00:00,1288182,103,254,14,0,1790295695,,,SCHEDULED
2026-09-25T00:09:44.345483+00:00,1288182,103,255,15,0,1790295729,,,SCHEDULED
2026-09-25T00:09:44.345483+00:00,1288182,103,257,16,0,1790295776,,,SCHEDULED
2026-09-25T00:09:44.345483+00:00,1288182,103,258,17,0,1790295815,,,SCHEDULED
2026-09-25T00:09:44.345483+00:00,1288182,103,259,18,0,1790295835,,,SCHEDULED
2026-09-25T00:09:44.345483+00:00,1288182,103,260,19,0,1790295867,,,SCHEDULED
2026-09-25T00:09:44.345483+00:00,1288182,103,261,20,0,1790295898,,,SCHEDULED
2026-09-25T00:09:44.345483+00:00,1288182,103,262,21,0,1790295921,,,SCHEDULED
2026-09-25T00:09:44.345483+00:00,1288182,103,264,22,0,1790295970,,,SCHEDULED
2026-09-25T00:09:44.345483+00:00,1288182,103,263,23,0,1790296035,,,SCHEDULED
2026-09-25T00:09:44.345483+00:00,1288182,103,157,24,0,1790296080,,,SCHEDULED
2026-09-25T00:09:44.345483+00:00,1288182,103,158,25,0,1790296122,,,SCHEDULED
2026-09-25T00:09:44.345483+00:00,1288182,103,159,26,0,1790296155,,,SCHEDULED
2026-09-25T00:09:44.345483+00:00,1288182,103,160,27,0,1790296200,,,SCHEDULED
2026-09-25T00:09:44.345483+00:00,1288182,103,161,28,0,1790296257,,,SCHEDULED
2026-09-25T00:09:44.345483+00:00,1288182,103,877,29,0,1790296305,,,SCHEDULED
2026-09-25T00:09:44.345483+00:00,1288182,103,162,30,0,1790296365,,,SCHEDULED
2026-09-25T00:09:44.345483+00:00,1288182,103,163,31,0,1790296407,,,SCHEDULED
2026-09-25T00:09:44.345483+00:00,1288182,103,164,32,0,1790296438,,,SCHEDULED
2026-09-25T00:09:44.345483+00:00,1288182,103,165,33,0,1790296495,,,SCHEDULED
2026-09-25T00:09:44.345483+00:00,1288182,103,166,34,0,1790296573,,,SCHEDULED
2026-09-25T00:09:44.345483+00:00,1288182,103,167,35,0,1790296609,,,SCHEDULED
2026-09-25T00:09:44.345483+00:00,1288182,103,173,36,0,1790296657,,,SCHEDULED
2026-09-25T00:09:44.345483+00:00,1288182,103,168,37,0,1790296714,,,SCHEDULED
2026-09-25T00:09:44.345483+00:00,1288183,103,169,38,0,1790294990,,,SCHEDULED
2026-09-25T00:09:44.345483+00:00,1288183,103,170,39,0,1790295016,,,SCHEDULED
2026-09-25T00:09:44.345483+00:00,1288183,103,171,40,0,1790295177,,,SCHEDULED
2026-09-25T00:09:44.345483+00:00,1288181,103,171,40,0,1790295043,,,SCHEDULED
2026-09-25T00:09:44.345483+00:00,1287097,078,2760,2,0,1790295195,,,SCHEDULED
2026-09-25T00:09:44.345483+00:00,1287097,078,2761,3,0,1790295285,,,SCHEDULED
2026-09-25T00:09:44.345483+00:00,1287097,078,2762,4,0,1790295374,,,SCHEDULED
2026-09-25T00:09:44.345483+00:00,1287097,078,2763,5,0,1790295419,,,SCHEDULED
2026-09-25T00:09:44.345483+00:00,1287097,078,2764,6,0,1790295500,,,SCHEDULED
2026-09-25T00:09:44.345483+00:00,1288184,103,251,11,0,1790295003,,,SCHEDULED
2026-09-25T00:09:44.345483+00:00,1288184,103,252,12,0,1790295021,,,SCHEDULED
2026-09-25T00:09:44.345483+00:00,1288184,103,253,13,0,1790295038,,,SCHEDULED
2026-09-25T00:09:44.345483+00:00,1288184,103,254,14,0,1790295067,,,SCHEDULED
2026-09-25T00:09:44.345483+00:00,1288184,103,255,15,0,1790295103,,,SCHEDULED
2026-09-25T00:09:44.345483+00:00,1288184,103,257,16,0,1790295156,,,SCHEDULED
2026-09-25T00:09:44.345483+00:00,1288184,103,258,17,0,1790295189,,,SCHEDULED
2026-09-25T00:09:44.345483+00:00,1288184,103,259,18,0,1790295207,,,SCHEDULED
2026-09-25T00:09:44.345483+00:00,1288184,103,260,19,0,1790295246,,,SCHEDULED
2026-09-25T00:09:44.345483+00:00,1288184,103,261,20,0,1790295284,,,SCHEDULED
2026-09-25T00:09:44.345483+00:00,1288184,103,262,21,0,1790295306,,,SCHEDULED
2026-09-25T00:09:44.345483+00:00,1288184,103,264,22,0,1790295362,,,SCHEDULED
2026-09-25T00:09:44.345483+00:00,1288184,103,263,23,0,1790295432,,,SCHEDULED
2026-09-25T00:09:44.345483+00:00,1288184,103,157,24,0,1790295486,,,SCHEDULED
2026-09-25T00:09:44.345483+00:00,1288184,103,158,25,0,1790295523,,,SCHEDULED
2026-09-25T00:09:44.345483+00:00,1288184,103,159,26,0,1790295552,,,SCHEDULED
2026-09-25T00:09:44.345483+00:00,1288184,103,160,27,0,1790295599,,,SCHEDULED
2026-09-25T00:09:44.345483+00:00,1288184,103,161,28,0,1790295660,,,SCHEDULED
2026-09-25T00:09:44.345483+00:00,1288184,103,877,29,0,1790295698,,,SCHEDULED
2026-09-25T00:09:44.345483+00:00,1288184,103,162,30,0,1790295755,,,SCHEDULED
2026-09-25T00:09:44.345483+00:00,1288184,103,163,31,0,1790295802,,,SCHEDULED
2026-09-25T00:09:44.345483+00:00,1288184,103,164,32,0,1790295826,,,SCHEDULED
2026-09-25T00:09:44.345483+00:00,1288184,103,165,33,0,1790295882,,,SCHEDULED
2026-09-25T00:09:44.345483+00:00,1288184,103,166,34,0,1790295981,,,SCHEDULED
2026-09-25T00:09:44.345483+00:00,1288184,103,167,35,0,1790296019,,,SCHEDULED
2026-09-25T00:09:44.345483+00:00,1288184,103,173,36,0,1790296076,,,SCHEDULED
2026-09-25T00:09:44.345483+00:00,1288184,103,168,37,0,1790296137,,,SCHEDULED
2026-09-25T00:09:44.345483+00:00,1288184,103,169,38,0,1790296203,,,SCHEDULED
2026-09-25T00:09:44.345483+00:00,1288184,103,170,39,0,1790296269,,,SCHEDULED
2026-09-25T00:09:44.345483+00:00,1288184,103,171,40,0,1790296430,,,SCHEDULED
2026-09-25T00:09:44.345483+00:00,1287096,078,9920,1,,,0,1790296560,SCHEDULED
